dataset,storage_split,original_split,original_index,label_id,label,path,sha256,width,height,group_id,fold,split
AQUA20,train,train,23,0,coral,/home/tahiti/MARINE_DATASETS/AQUA20_PREPARED/images/train/00_coral/train_000023_eb600d0cfb8a.jpg,eb600d0cfb8a182ab2c15a4884860de81a92294163d85aa936bbc528cdbcaff3,256,256,eb600d0cfb8a182ab2c15a4884860de81a92294163d85aa936bbc528cdbcaff3,4,train
AQUA20,train,train,29,0,coral,/home/tahiti/MARINE_DATASETS/AQUA20_PREPARED/images/train/00_coral/train_000029_73df2a327e2f.jpg,73df2a327e2fa4849bbade576a4f262cb5d909b6f7a857efba477fd27bdd6672,256,256,73df2a327e2fa4849bbade576a4f262cb5d909b6f7a857efba477fd27bdd6672,6,train
AQUA20,train,train,71,0,coral,/home/tahiti/MARINE_DATASETS/AQUA20_PREPARED/images/train/00_coral/train_000071_b7b7ef60dd0c.jpg,b7b7ef60dd0caa3535b885d138267836775895f97577bc0d8edcf8a5558c01e2,256,256,b7b7ef60dd0caa3535b885d138267836775895f97577bc0d8edcf8a5558c01e2,2,train
AQUA20,train,train,74,0,coral,/home/tahiti/MARINE_DATASETS/AQUA20_PREPARED/images/train/00_coral/train_000074_c5ef09bea0a4.jpg,c5ef09bea0a4af67c2b16d7f1b426f18e7a80913845ef0a65cd3068003190a2b,256,256,c5ef09bea0a4af67c2b16d7f1b426f18e7a80913845ef0a65cd3068003190a2b,5,train
AQUA20,train,train,102,0,coral,/home/tahiti/MARINE_DATASETS/AQUA20_PREPARED/images/train/00_coral/train_000102_54ea99f3af5c.jpg,54ea99f3af5c8c442813511fdf8cabb35255a86b00a30e6c5a9b7c65d42a40ea,256,256,54ea99f3af5c8c442813511fdf8cabb35255a86b00a30e6c5a9b7c65d42a40ea,6,train
AQUA20,train,train,112,0,coral,/home/tahiti/MARINE_DATASETS/AQUA20_PREPARED/images/train/00_coral/train_000112_96614ce39603.jpg,96614ce39603ddd2a9bd2aade06db08f0bf19341ad1b06c6e78f4ae188e15d1e,256,256,96614ce39603ddd2a9bd2aade06db08f0bf19341ad1b06c6e78f4ae188e15d1e,2,train
AQUA20,train,train,126,0,coral,/home/tahiti/MARINE_DATASETS/AQUA20_PREPARED/images/train/00_coral/train_000126_442b8979f260.jpg,442b8979f26084abfad436ce2ecc85a31db5434ab0eb66fca6423ef3a019b174,256,256,442b8979f26084abfad436ce2ecc85a31db5434ab0eb66fca6423ef3a019b174,6,train
AQUA20,train,train,169,0,coral,/home/tahiti/MARINE_DATASETS/AQUA20_PREPARED/images/train/00_coral/train_000169_726db9b74f79.jpg,726db9b74f79b6c6c7c5e8b19e442bca83241154d76735c7682757ac842fe345,256,256,726db9b74f79b6c6c7c5e8b19e442bca83241154d76735c7682757ac842fe345,3,train
AQUA20,train,train,173,0,coral,/home/tahiti/MARINE_DATASETS/AQUA20_PREPARED/images/train/00_coral/train_000173_51dde7b2fd7e.jpg,51dde7b2fd7e9041a5db3316f423d8e1f517dd4fa9366a38c1186ab5c0df7ba9,256,256,51dde7b2fd7e9041a5db3316f423d8e1f517dd4fa9366a38c1186ab5c0df7ba9,4,train
AQUA20,train,train,176,0,coral,/home/tahiti/MARINE_DATASETS/AQUA20_PREPARED/images/train/00_coral/train_000176_96d7434219aa.jpg,96d7434219aa7a70562184ab5acfd2479431114eb45aa4dce6bb4e75d08318f8,256,256,96d7434219aa7a70562184ab5acfd2479431114eb45aa4dce6bb4e75d08318f8,4,train
AQUA20,train,train,177,0,coral,/home/tahiti/MARINE_DATASETS/AQUA20_PREPARED/images/train/00_coral/train_000177_9afbbb4e0a77.jpg,9afbbb4e0a775367cc524c9fb6acc96febfe362ec90ae054694b5fbdbcc8ecec,256,256,9afbbb4e0a775367cc524c9fb6acc96febfe362ec90ae054694b5fbdbcc8ecec,6,train
AQUA20,train,train,187,0,coral,/home/tahiti/MARINE_DATASETS/AQUA20_PREPARED/images/train/00_coral/train_000187_bbec9e6e0800.jpg,bbec9e6e08007f2d0d8c211d9216db8c07878ac2108b484557726ac444fb60b0,256,256,bbec9e6e08007f2d0d8c211d9216db8c07878ac2108b484557726ac444fb60b0,5,train
AQUA20,train,train,189,0,coral,/home/tahiti/MARINE_DATASETS/AQUA20_PREPARED/images/train/00_coral/train_000189_9fa3612556d5.jpg,9fa3612556d539bc2ad9bed8754dba605b8237b202bb5b0d81781a27c2f24d36,256,256,9fa3612556d539bc2ad9bed8754dba605b8237b202bb5b0d81781a27c2f24d36,3,train
AQUA20,train,train,203,0,coral,/home/tahiti/MARINE_DATASETS/AQUA20_PREPARED/images/train/00_coral/train_000203_0f746993928a.jpg,0f746993928a0249f7acf81245198e9598b60542bfe441b77cc4d2d90d2f8cbc,256,256,0f746993928a0249f7acf81245198e9598b60542bfe441b77cc4d2d90d2f8cbc,3,train
AQUA20,train,train,215,0,coral,/home/tahiti/MARINE_DATASETS/AQUA20_PREPARED/images/train/00_coral/train_000215_60e537e61a12.jpg,60e537e61a128ffa01b05e285d8af183aaae5e36d992efd69cbf65356d65fcbb,256,256,60e537e61a128ffa01b05e285d8af183aaae5e36d992efd69cbf65356d65fcbb,3,train
AQUA20,train,train,223,0,coral,/home/tahiti/MARINE_DATASETS/AQUA20_PREPARED/images/train/00_coral/train_000223_20a086cd65a2.jpg,20a086cd65a250f56bcd58331ac0870aac824627494d4826dbd02f2e851bfa17,256,256,20a086cd65a250f56bcd58331ac0870aac824627494d4826dbd02f2e851bfa17,2,train
AQUA20,train,train,234,0,coral,/home/tahiti/MARINE_DATASETS/AQUA20_PREPARED/images/train/00_coral/train_000234_e784bddf171b.jpg,e784bddf171bec55c7617de3c4c453528540965d7684b3028f8c111767a3a38d,256,256,e784bddf171bec55c7617de3c4c453528540965d7684b3028f8c111767a3a38d,4,train
AQUA20,train,train,298,0,coral,/home/tahiti/MARINE_DATASETS/AQUA20_PREPARED/images/train/00_coral/train_000298_9139558a919f.jpg,9139558a919f3cf28aa08f56a1b6924b391c48c5286239a7d33849e5f95afc22,256,256,9139558a919f3cf28aa08f56a1b6924b391c48c5286239a7d33849e5f95afc22,2,train
AQUA20,train,train,308,0,coral,/home/tahiti/MARINE_DATASETS/AQUA20_PREPARED/images/train/00_coral/train_000308_f162d9c355d2.jpg,f162d9c355d29d3f45f5503d2fe7967c95d4308d633d7ca8b06323eb2d828989,256,256,f162d9c355d29d3f45f5503d2fe7967c95d4308d633d7ca8b06323eb2d828989,6,train
AQUA20,train,train,311,0,coral,/home/tahiti/MARINE_DATASETS/AQUA20_PREPARED/images/train/00_coral/train_000311_96bf8e86b2b5.jpg,96bf8e86b2b53258cca3977e907701224be67fa7550578d3380d9a2b5d502256,256,256,96bf8e86b2b53258cca3977e907701224be67fa7550578d3380d9a2b5d502256,2,train
AQUA20,train,train,319,0,coral,/home/tahiti/MARINE_DATASETS/AQUA20_PREPARED/images/train/00_coral/train_000319_d15651d39f80.jpg,d15651d39f80b72d309cf9c1f243642abe840cd84a6f387284fa2d4ab90e0304,256,256,d15651d39f80b72d309cf9c1f243642abe840cd84a6f387284fa2d4ab90e0304,6,train
AQUA20,train,train,356,0,coral,/home/tahiti/MARINE_DATASETS/AQUA20_PREPARED/images/train/00_coral/train_000356_9f678e7b460b.jpg,9f678e7b460bf65bb806a715bdce20598a7cfef2d4005326f4a42893fc3646c0,256,256,9f678e7b460bf65bb806a715bdce20598a7cfef2d4005326f4a42893fc3646c0,5,train
AQUA20,train,train,362,0,coral,/home/tahiti/MARINE_DATASETS/AQUA20_PREPARED/images/train/00_coral/train_000362_b5e08cf7d96d.jpg,b5e08cf7d96d2b5f2bb192e2bc249f16865c4ba449bc87b80559ebceeeadaaa5,256,256,b5e08cf7d96d2b5f2bb192e2bc249f16865c4ba449bc87b80559ebceeeadaaa5,2,train
AQUA20,train,train,367,0,coral,/home/tahiti/MARINE_DATASETS/AQUA20_PREPARED/images/train/00_coral/train_000367_1c3deb4316aa.jpg,1c3deb4316aa11b9b151371c75433cd2aada8a46c95bdf550def81b7170c4bce,256,256,1c3deb4316aa11b9b151371c75433cd2aada8a46c95bdf550def81b7170c4bce,2,train
AQUA20,train,train,368,0,coral,/home/tahiti/MARINE_DATASETS/AQUA20_PREPARED/images/train/00_coral/train_000368_afb974b3fd45.jpg,afb974b3fd45e8f76119f30a700ab06d2840474ad8ed3be4a4352ae5a47a8cd6,256,256,afb974b3fd45e8f76119f30a700ab06d2840474ad8ed3be4a4352ae5a47a8cd6,3,train
AQUA20,train,train,369,0,coral,/home/tahiti/MARINE_DATASETS/AQUA20_PREPARED/images/train/00_coral/train_000369_0cfa3c36e402.jpg,0cfa3c36e4028c67f0523754e67d3e6bd053223165848b1b9848da628ff286de,256,256,0cfa3c36e4028c67f0523754e67d3e6bd053223165848b1b9848da628ff286de,5,train
AQUA20,train,train,416,0,coral,/home/tahiti/MARINE_DATASETS/AQUA20_PREPARED/images/train/00_coral/train_000416_a18358de8a7d.jpg,a18358de8a7d6f0792bae6d0477c756a5247cf82f9c1579668b0792cf120823f,256,256,a18358de8a7d6f0792bae6d0477c756a5247cf82f9c1579668b0792cf120823f,2,train
AQUA20,train,train,448,0,coral,/home/tahiti/MARINE_DATASETS/AQUA20_PREPARED/images/train/00_coral/train_000448_e2cb674e2d87.jpg,e2cb674e2d87f184b59e2bf76d213beaac0ca6fb760316b9b012f51f18ee1c32,256,256,e2cb674e2d87f184b59e2bf76d213beaac0ca6fb760316b9b012f51f18ee1c32,3,train
AQUA20,train,train,461,0,coral,/home/tahiti/MARINE_DATASETS/AQUA20_PREPARED/images/train/00_coral/train_000461_60c9297b50cb.jpg,60c9297b50cb607bd7283ec6caae17fc206425517c2c9007ee804f3dcd549a2d,256,256,60c9297b50cb607bd7283ec6caae17fc206425517c2c9007ee804f3dcd549a2d,3,train
AQUA20,train,train,464,0,coral,/home/tahiti/MARINE_DATASETS/AQUA20_PREPARED/images/train/00_coral/train_000464_276a5490d898.jpg,276a5490d898af42332f971077facd3ad00b25f2c5652ff866af8dbf5cbd80db,256,256,276a5490d898af42332f971077facd3ad00b25f2c5652ff866af8dbf5cbd80db,5,train
AQUA20,train,train,470,0,coral,/home/tahiti/MARINE_DATASETS/AQUA20_PREPARED/images/train/00_coral/train_000470_6842b15bd4a9.jpg,6842b15bd4a9fba39dcce27231ed4bdb34d4fb37f269ceb7afc574c493e74b45,256,256,6842b15bd4a9fba39dcce27231ed4bdb34d4fb37f269ceb7afc574c493e74b45,4,train
AQUA20,train,train,491,0,coral,/home/tahiti/MARINE_DATASETS/AQUA20_PREPARED/images/train/00_coral/train_000491_a8a9d191d299.jpg,a8a9d191d2990fe6a4b8bb5b1a86324a524dc7be9ee695a59cc56a803eb7edb5,256,256,a8a9d191d2990fe6a4b8bb5b1a86324a524dc7be9ee695a59cc56a803eb7edb5,4,train
AQUA20,train,train,492,0,coral,/home/tahiti/MARINE_DATASETS/AQUA20_PREPARED/images/train/00_coral/train_000492_5ab81d331a34.jpg,5ab81d331a3465a4c52b755c42c34f4ff6be9a73bf2bc1bde675e9a9c5047c03,256,256,5ab81d331a3465a4c52b755c42c34f4ff6be9a73bf2bc1bde675e9a9c5047c03,2,train
AQUA20,train,train,495,0,coral,/home/tahiti/MARINE_DATASETS/AQUA20_PREPARED/images/train/00_coral/train_000495_08b29e72fcf5.jpg,08b29e72fcf57439a9cdb6ff253b5b8743cb2c21ef40823f0b0690eee42d9cdb,256,256,08b29e72fcf57439a9cdb6ff253b5b8743cb2c21ef40823f0b0690eee42d9cdb,2,train
AQUA20,train,train,506,0,coral,/home/tahiti/MARINE_DATASETS/AQUA20_PREPARED/images/train/00_coral/train_000506_f3cf40d703a2.jpg,f3cf40d703a2dfe90401c8cd0a7513d26bfe30107a691d6857ea12618d337ce9,256,256,f3cf40d703a2dfe90401c8cd0a7513d26bfe30107a691d6857ea12618d337ce9,6,train
AQUA20,train,train,520,0,coral,/home/tahiti/MARINE_DATASETS/AQUA20_PREPARED/images/train/00_coral/train_000520_d601494c3427.jpg,d601494c34272f6705fd5facf3f234a8914381079e634d67c276f1216061a7d7,256,256,d601494c34272f6705fd5facf3f234a8914381079e634d67c276f1216061a7d7,3,train
AQUA20,train,train,544,0,coral,/home/tahiti/MARINE_DATASETS/AQUA20_PREPARED/images/train/00_coral/train_000544_5af3ce5106f3.jpg,5af3ce5106f33d50e8c5e5fc2549356e0248bd71efa0bef523fb2a8fcc4cac9e,256,256,5af3ce5106f33d50e8c5e5fc2549356e0248bd71efa0bef523fb2a8fcc4cac9e,6,train
AQUA20,train,train,548,0,coral,/home/tahiti/MARINE_DATASETS/AQUA20_PREPARED/images/train/00_coral/train_000548_fda84a021ba2.jpg,fda84a021ba2863164edb807d744c6d854cdbad9d0320b98394caecf98f53488,256,256,fda84a021ba2863164edb807d744c6d854cdbad9d0320b98394caecf98f53488,3,train
AQUA20,train,train,561,0,coral,/home/tahiti/MARINE_DATASETS/AQUA20_PREPARED/images/train/00_coral/train_000561_c388169d4f9a.jpg,c388169d4f9af94345da4cce76805b1a61d6a35862108f8b70bceb8fc18dad25,256,256,c388169d4f9af94345da4cce76805b1a61d6a35862108f8b70bceb8fc18dad25,4,train
AQUA20,train,train,573,0,coral,/home/tahiti/MARINE_DATASETS/AQUA20_PREPARED/images/train/00_coral/train_000573_7bf6414b534f.jpg,7bf6414b534f2eb71087161cb26c91bfd7dca112ce4a4c698c193ee5c5576cc3,256,256,7bf6414b534f2eb71087161cb26c91bfd7dca112ce4a4c698c193ee5c5576cc3,6,train
AQUA20,train,train,578,0,coral,/home/tahiti/MARINE_DATASETS/AQUA20_PREPARED/images/train/00_coral/train_000578_a49cca8575de.jpg,a49cca8575de7ec0b686f4563ead9245375867d210f003bd45bc3abcb3d4eb40,256,256,a49cca8575de7ec0b686f4563ead9245375867d210f003bd45bc3abcb3d4eb40,4,train
AQUA20,train,train,595,0,coral,/home/tahiti/MARINE_DATASETS/AQUA20_PREPARED/images/train/00_coral/train_000595_7457561c3b00.jpg,7457561c3b000e06b8f89e2f6be0eb5267981ab5a9b3d30a0362ebd4dc338813,256,256,7457561c3b000e06b8f89e2f6be0eb5267981ab5a9b3d30a0362ebd4dc338813,3,train
AQUA20,train,train,620,0,coral,/home/tahiti/MARINE_DATASETS/AQUA20_PREPARED/images/train/00_coral/train_000620_dd6eefc645cb.jpg,dd6eefc645cbab067188c7131fbe964123556450360dee76574e60b2b6c12f4c,256,256,dd6eefc645cbab067188c7131fbe964123556450360dee76574e60b2b6c12f4c,4,train
AQUA20,train,train,631,0,coral,/home/tahiti/MARINE_DATASETS/AQUA20_PREPARED/images/train/00_coral/train_000631_770b210b775a.jpg,770b210b775a2315734da3a2332cd99bbc4c6698ca01a4026bfbd1048457ab95,256,256,770b210b775a2315734da3a2332cd99bbc4c6698ca01a4026bfbd1048457ab95,5,train
AQUA20,train,train,655,0,coral,/home/tahiti/MARINE_DATASETS/AQUA20_PREPARED/images/train/00_coral/train_000655_f94eeeca5a4f.jpg,f94eeeca5a4fe860b6817ce24cca106f58416423dcf9c1254b0eb441f83bc3cd,256,256,f94eeeca5a4fe860b6817ce24cca106f58416423dcf9c1254b0eb441f83bc3cd,2,train
AQUA20,train,train,664,0,coral,/home/tahiti/MARINE_DATASETS/AQUA20_PREPARED/images/train/00_coral/train_000664_d64d5cd4bb9a.jpg,d64d5cd4bb9a19afc98e4ea8bd3315a5d7f918a801f544f7ad2efbf76443a89c,256,256,d64d5cd4bb9a19afc98e4ea8bd3315a5d7f918a801f544f7ad2efbf76443a89c,3,train
AQUA20,train,train,670,0,coral,/home/tahiti/MARINE_DATASETS/AQUA20_PREPARED/images/train/00_coral/train_000670_b03f69c0f4fc.jpg,b03f69c0f4fcb87622c772b25d02911360bdc1eff38eca48b9bbc442098191ab,256,256,b03f69c0f4fcb87622c772b25d02911360bdc1eff38eca48b9bbc442098191ab,5,train
AQUA20,train,train,692,0,coral,/home/tahiti/MARINE_DATASETS/AQUA20_PREPARED/images/train/00_coral/train_000692_e232f4f90b9d.jpg,e232f4f90b9dcdecd64ad5010dc8247463407a4ca6529d730c939e7c803e4e0e,256,256,e232f4f90b9dcdecd64ad5010dc8247463407a4ca6529d730c939e7c803e4e0e,4,train
AQUA20,train,train,700,0,coral,/home/tahiti/MARINE_DATASETS/AQUA20_PREPARED/images/train/00_coral/train_000700_9d8136c64464.jpg,9d8136c644640c1ddb053307b11a18594a5f2a8ae8673359a79265cccf904b6d,256,256,9d8136c644640c1ddb053307b11a18594a5f2a8ae8673359a79265cccf904b6d,6,train
AQUA20,train,train,706,0,coral,/home/tahiti/MARINE_DATASETS/AQUA20_PREPARED/images/train/00_coral/train_000706_3e51040f33d1.jpg,3e51040f33d142721dab430816c9457de1a12f1045e6b1be9ad020ebae68624b,256,256,3e51040f33d142721dab430816c9457de1a12f1045e6b1be9ad020ebae68624b,4,train
AQUA20,train,train,710,0,coral,/home/tahiti/MARINE_DATASETS/AQUA20_PREPARED/images/train/00_coral/train_000710_288e5194e4b2.jpg,288e5194e4b2f9a57b36efa0b30cf69e939c8227e159e30e4faf489175e036e6,256,256,288e5194e4b2f9a57b36efa0b30cf69e939c8227e159e30e4faf489175e036e6,4,train
AQUA20,train,train,716,0,coral,/home/tahiti/MARINE_DATASETS/AQUA20_PREPARED/images/train/00_coral/train_000716_806461e50ba6.jpg,806461e50ba6ca5232f5278a08bffaa8d645cc30f79a319cc1b8b29fcb52e50c,256,256,806461e50ba6ca5232f5278a08bffaa8d645cc30f79a319cc1b8b29fcb52e50c,4,train
AQUA20,train,train,728,0,coral,/home/tahiti/MARINE_DATASETS/AQUA20_PREPARED/images/train/00_coral/train_000728_e3fee3397a21.jpg,e3fee3397a21e1eb0f11f179e8b3c1efdf262d6e3cb9a0100389e3973ef0c937,256,256,e3fee3397a21e1eb0f11f179e8b3c1efdf262d6e3cb9a0100389e3973ef0c937,2,train
AQUA20,train,train,824,0,coral,/home/tahiti/MARINE_DATASETS/AQUA20_PREPARED/images/train/00_coral/train_000824_9e28d7ee5d51.jpg,9e28d7ee5d51284195365bf4024b9d750d026af077c52bf84dace5c3cffaecda,256,256,9e28d7ee5d51284195365bf4024b9d750d026af077c52bf84dace5c3cffaecda,2,train
AQUA20,train,train,825,0,coral,/home/tahiti/MARINE_DATASETS/AQUA20_PREPARED/images/train/00_coral/train_000825_c23297296de0.jpg,c23297296de0f651963548fc4af79c25a7e04c78415b2f14af73e90437f5be1c,256,256,c23297296de0f651963548fc4af79c25a7e04c78415b2f14af73e90437f5be1c,2,train
AQUA20,train,train,833,0,coral,/home/tahiti/MARINE_DATASETS/AQUA20_PREPARED/images/train/00_coral/train_000833_7746bdc22863.jpg,7746bdc2286369a8f47e78134874edca2818270f89323daa20ff0c7072d1fb12,256,256,7746bdc2286369a8f47e78134874edca2818270f89323daa20ff0c7072d1fb12,3,train
AQUA20,train,train,840,0,coral,/home/tahiti/MARINE_DATASETS/AQUA20_PREPARED/images/train/00_coral/train_000840_13db5de5be1f.jpg,13db5de5be1fc7f40174ff8a3fca43d05ad164a71ccd8d39a47d3dbc9bb9d6be,256,256,13db5de5be1fc7f40174ff8a3fca43d05ad164a71ccd8d39a47d3dbc9bb9d6be,6,train
AQUA20,train,train,858,0,coral,/home/tahiti/MARINE_DATASETS/AQUA20_PREPARED/images/train/00_coral/train_000858_a53d0514f6a4.jpg,a53d0514f6a44f14dae6ab6c5295457c4fc40e8614e88cdbde59d97e2457baad,256,256,a53d0514f6a44f14dae6ab6c5295457c4fc40e8614e88cdbde59d97e2457baad,4,train
AQUA20,train,train,861,0,coral,/home/tahiti/MARINE_DATASETS/AQUA20_PREPARED/images/train/00_coral/train_000861_e51d8fdb3a33.jpg,e51d8fdb3a33339f1fc4e60407785fdcd7fba0a70e7cf3b11a2c142007044140,256,256,e51d8fdb3a33339f1fc4e60407785fdcd7fba0a70e7cf3b11a2c142007044140,2,train
AQUA20,train,train,864,0,coral,/home/tahiti/MARINE_DATASETS/AQUA20_PREPARED/images/train/00_coral/train_000864_a552ea3ee9a7.jpg,a552ea3ee9a7500b236b8761107d4c68c4cd839944b95e3582e61fe1e92c4743,256,256,a552ea3ee9a7500b236b8761107d4c68c4cd839944b95e3582e61fe1e92c4743,3,train
AQUA20,train,train,878,0,coral,/home/tahiti/MARINE_DATASETS/AQUA20_PREPARED/images/train/00_coral/train_000878_48d4a293c3da.jpg,48d4a293c3daea31a0162e4144b86f04f0823895decaaa8d351d7af85d91fbc5,256,256,48d4a293c3daea31a0162e4144b86f04f0823895decaaa8d351d7af85d91fbc5,5,train
AQUA20,train,train,927,0,coral,/home/tahiti/MARINE_DATASETS/AQUA20_PREPARED/images/train/00_coral/train_000927_b549cc9870b3.jpg,b549cc9870b395427e4b705a3a9ff926170d989dbdef605eb008ea4ee228fe5f,320,240,b549cc9870b395427e4b705a3a9ff926170d989dbdef605eb008ea4ee228fe5f,6,train
AQUA20,train,train,934,0,coral,/home/tahiti/MARINE_DATASETS/AQUA20_PREPARED/images/train/00_coral/train_000934_6e2aab72368a.jpg,6e2aab72368ab6b3cdeab7e6da11522221debf00dc152c6f66e4d060ae3b50da,320,240,6e2aab72368ab6b3cdeab7e6da11522221debf00dc152c6f66e4d060ae3b50da,3,train
AQUA20,train,train,956,0,coral,/home/tahiti/MARINE_DATASETS/AQUA20_PREPARED/images/train/00_coral/train_000956_03aacd9a3d15.jpg,03aacd9a3d1565daf5f8f268059061e36b90277e153b328adf2ac7d964436033,320,240,03aacd9a3d1565daf5f8f268059061e36b90277e153b328adf2ac7d964436033,6,train
AQUA20,train,train,973,0,coral,/home/tahiti/MARINE_DATASETS/AQUA20_PREPARED/images/train/00_coral/train_000973_c9bede3078dd.jpg,c9bede3078ddace1eec7f11629a70e98838632e7fe79ad2a3abf653a8d33d469,320,240,c9bede3078ddace1eec7f11629a70e98838632e7fe79ad2a3abf653a8d33d469,3,train
AQUA20,train,train,974,0,coral,/home/tahiti/MARINE_DATASETS/AQUA20_PREPARED/images/train/00_coral/train_000974_63475abb69c7.jpg,63475abb69c782867ed7e45ede3553e2ed508707eef6c7ade5b7c664c06e5249,256,256,63475abb69c782867ed7e45ede3553e2ed508707eef6c7ade5b7c664c06e5249,2,train
AQUA20,train,train,978,0,coral,/home/tahiti/MARINE_DATASETS/AQUA20_PREPARED/images/train/00_coral/train_000978_12aca206940f.jpg,12aca206940f8091eff3fce0f978b8f2e403a901997624b50c6a7dd56ddf9f2e,320,240,12aca206940f8091eff3fce0f978b8f2e403a901997624b50c6a7dd56ddf9f2e,5,train
AQUA20,train,train,990,0,coral,/home/tahiti/MARINE_DATASETS/AQUA20_PREPARED/images/train/00_coral/train_000990_34eb050e860a.jpg,34eb050e860a57dcb5eb5dd0358e139f850f70df05c3e5846a9e4345c63d40f1,320,240,34eb050e860a57dcb5eb5dd0358e139f850f70df05c3e5846a9e4345c63d40f1,6,train
AQUA20,train,train,1021,0,coral,/home/tahiti/MARINE_DATASETS/AQUA20_PREPARED/images/train/00_coral/train_001021_e25d0dc984b4.jpg,e25d0dc984b4c5a8d5487002fb8c4a32d2fa2ea5978f800300b8aed6917eca3c,320,240,e25d0dc984b4c5a8d5487002fb8c4a32d2fa2ea5978f800300b8aed6917eca3c,3,train
AQUA20,train,train,1026,0,coral,/home/tahiti/MARINE_DATASETS/AQUA20_PREPARED/images/train/00_coral/train_001026_697e71801a70.jpg,697e71801a706e91977d48cedc49386547ad8d665f7900abb1e7f882a22c25d2,320,240,697e71801a706e91977d48cedc49386547ad8d665f7900abb1e7f882a22c25d2,3,train
AQUA20,train,train,1029,0,coral,/home/tahiti/MARINE_DATASETS/AQUA20_PREPARED/images/train/00_coral/train_001029_db5c6d637381.jpg,db5c6d637381ef907971e430657e5fa0e1ef7ada98d07cff5bb5bd26ddeaa888,320,240,db5c6d637381ef907971e430657e5fa0e1ef7ada98d07cff5bb5bd26ddeaa888,6,train
AQUA20,train,train,1055,0,coral,/home/tahiti/MARINE_DATASETS/AQUA20_PREPARED/images/train/00_coral/train_001055_12aa442a317f.jpg,12aa442a317fb87c2112303f73a444d47f54bff6fbcce61d3a164580ecb20faf,320,240,12aa442a317fb87c2112303f73a444d47f54bff6fbcce61d3a164580ecb20faf,4,train
AQUA20,train,train,1098,0,coral,/home/tahiti/MARINE_DATASETS/AQUA20_PREPARED/images/train/00_coral/train_001098_bcd4700951ac.jpg,bcd4700951ac3a7ae6838b629ca23a4b5b61ee93af56a73e64e20a62fdf7047e,320,240,bcd4700951ac3a7ae6838b629ca23a4b5b61ee93af56a73e64e20a62fdf7047e,6,train
AQUA20,train,train,1125,0,coral,/home/tahiti/MARINE_DATASETS/AQUA20_PREPARED/images/train/00_coral/train_001125_29e69ec5fb81.jpg,29e69ec5fb818b065fc7beb2843ed08055f394662e5f1f029ed8585931703ed9,320,240,29e69ec5fb818b065fc7beb2843ed08055f394662e5f1f029ed8585931703ed9,6,train
AQUA20,train,train,1126,0,coral,/home/tahiti/MARINE_DATASETS/AQUA20_PREPARED/images/train/00_coral/train_001126_568acdcf38ed.jpg,568acdcf38ed47f26c4588086dd153e3956836742ece0c1a7bb96d1a106b5cc2,320,240,568acdcf38ed47f26c4588086dd153e3956836742ece0c1a7bb96d1a106b5cc2,6,train
AQUA20,train,train,1144,0,coral,/home/tahiti/MARINE_DATASETS/AQUA20_PREPARED/images/train/00_coral/train_001144_73984cada9d9.jpg,73984cada9d941b4e06ff8d9d47c50ae941e35ab2abebf0fa91be86311c32c18,320,240,73984cada9d941b4e06ff8d9d47c50ae941e35ab2abebf0fa91be86311c32c18,5,train
AQUA20,train,train,1157,0,coral,/home/tahiti/MARINE_DATASETS/AQUA20_PREPARED/images/train/00_coral/train_001157_a97fa7c79593.jpg,a97fa7c795930c9119f5c5de128f1aefbe34ebfb4f358d740285584759cbe19f,320,240,a97fa7c795930c9119f5c5de128f1aefbe34ebfb4f358d740285584759cbe19f,6,train
AQUA20,train,train,1164,0,coral,/home/tahiti/MARINE_DATASETS/AQUA20_PREPARED/images/train/00_coral/train_001164_7eda8cabeb70.jpg,7eda8cabeb70cb3f888be50c39084899fc971c909179d36c1902ffe8b56de24f,320,240,7eda8cabeb70cb3f888be50c39084899fc971c909179d36c1902ffe8b56de24f,5,train
AQUA20,train,train,1192,0,coral,/home/tahiti/MARINE_DATASETS/AQUA20_PREPARED/images/train/00_coral/train_001192_a82a01cd7fe7.jpg,a82a01cd7fe782e6c634525024f8733074c52ce099fe05da20b2e5f51d87b105,320,240,a82a01cd7fe782e6c634525024f8733074c52ce099fe05da20b2e5f51d87b105,3,train
AQUA20,train,train,1195,0,coral,/home/tahiti/MARINE_DATASETS/AQUA20_PREPARED/images/train/00_coral/train_001195_2d56dae6cea0.jpg,2d56dae6cea0c98bcbdc5fdb36c58658ff66dd6b4b7971782538a1ca76963f1f,320,240,2d56dae6cea0c98bcbdc5fdb36c58658ff66dd6b4b7971782538a1ca76963f1f,3,train
AQUA20,train,train,1228,0,coral,/home/tahiti/MARINE_DATASETS/AQUA20_PREPARED/images/train/00_coral/train_001228_84c09d8ca18e.jpg,84c09d8ca18ecdad82d3a4ef7655e1e68e6a4dd8667f5a22000110c89de7f704,320,240,84c09d8ca18ecdad82d3a4ef7655e1e68e6a4dd8667f5a22000110c89de7f704,2,train
AQUA20,train,train,1229,0,coral,/home/tahiti/MARINE_DATASETS/AQUA20_PREPARED/images/train/00_coral/train_001229_e13c0770ccf0.jpg,e13c0770ccf083b9e273f746300eb09828acf907a7b1c00e5b5c780c5635b080,256,256,e13c0770ccf083b9e273f746300eb09828acf907a7b1c00e5b5c780c5635b080,3,train
AQUA20,train,train,1260,0,coral,/home/tahiti/MARINE_DATASETS/AQUA20_PREPARED/images/train/00_coral/train_001260_6dee46c9ae5e.jpg,6dee46c9ae5ea0a996d9bf90d30a810a7cd3b740736b9420e8350e9d0b147163,320,240,6dee46c9ae5ea0a996d9bf90d30a810a7cd3b740736b9420e8350e9d0b147163,3,train
AQUA20,train,train,1265,0,coral,/home/tahiti/MARINE_DATASETS/AQUA20_PREPARED/images/train/00_coral/train_001265_a1b10fd23a59.jpg,a1b10fd23a59ac5669f4f2060302805f98bdd24c14e08b653e5774dfe366a265,320,240,a1b10fd23a59ac5669f4f2060302805f98bdd24c14e08b653e5774dfe366a265,5,train
AQUA20,train,train,1273,0,coral,/home/tahiti/MARINE_DATASETS/AQUA20_PREPARED/images/train/00_coral/train_001273_4ef500420c9a.jpg,4ef500420c9a766d260a8710146205fd8ce2700a03eaa13df6f703ca38e9f16f,320,240,4ef500420c9a766d260a8710146205fd8ce2700a03eaa13df6f703ca38e9f16f,3,train
AQUA20,train,train,1300,0,coral,/home/tahiti/MARINE_DATASETS/AQUA20_PREPARED/images/train/00_coral/train_001300_38f9b4f3ec87.jpg,38f9b4f3ec870c18bf578b0e39152f5bae4003fdb6774e4bfb17b3097d7c7149,320,240,38f9b4f3ec870c18bf578b0e39152f5bae4003fdb6774e4bfb17b3097d7c7149,2,train
AQUA20,train,train,1314,0,coral,/home/tahiti/MARINE_DATASETS/AQUA20_PREPARED/images/train/00_coral/train_001314_f06a40f107ea.jpg,f06a40f107ea5c23c77c08c8b96bdf1fcf5861b4427c0c0686b0f3688f9fa8f1,320,240,f06a40f107ea5c23c77c08c8b96bdf1fcf5861b4427c0c0686b0f3688f9fa8f1,5,train
AQUA20,train,train,1344,0,coral,/home/tahiti/MARINE_DATASETS/AQUA20_PREPARED/images/train/00_coral/train_001344_8604403049a7.jpg,8604403049a77dae78e0211d7cf320120853ed8db849738cea8b6e4c7b5be431,320,240,8604403049a77dae78e0211d7cf320120853ed8db849738cea8b6e4c7b5be431,4,train
AQUA20,train,train,1349,0,coral,/home/tahiti/MARINE_DATASETS/AQUA20_PREPARED/images/train/00_coral/train_001349_297966e27625.jpg,297966e2762534a97d488d01f5abe5fca6e29e9a43a40cd202bf6e9199dc27ff,320,240,297966e2762534a97d488d01f5abe5fca6e29e9a43a40cd202bf6e9199dc27ff,6,train
AQUA20,train,train,1364,0,coral,/home/tahiti/MARINE_DATASETS/AQUA20_PREPARED/images/train/00_coral/train_001364_ed96f68e1cae.jpg,ed96f68e1cae36f0299072bc290d81fb4a294c249a20170100379675ebb1e367,320,240,ed96f68e1cae36f0299072bc290d81fb4a294c249a20170100379675ebb1e367,6,train
AQUA20,train,train,1373,0,coral,/home/tahiti/MARINE_DATASETS/AQUA20_PREPARED/images/train/00_coral/train_001373_0a8b55989195.jpg,0a8b55989195ef42375cbcc6b669be8b2f9b7f21269c5828ff64ffebbe49d660,320,240,0a8b55989195ef42375cbcc6b669be8b2f9b7f21269c5828ff64ffebbe49d660,5,train
AQUA20,train,train,1380,0,coral,/home/tahiti/MARINE_DATASETS/AQUA20_PREPARED/images/train/00_coral/train_001380_aec8b89f7edf.jpg,aec8b89f7edfbdc605e41b7cf1661e4385de64c0bd73a595be6f6c5d99345010,320,240,aec8b89f7edfbdc605e41b7cf1661e4385de64c0bd73a595be6f6c5d99345010,3,train
AQUA20,train,train,1427,0,coral,/home/tahiti/MARINE_DATASETS/AQUA20_PREPARED/images/train/00_coral/train_001427_e208cdb9e773.jpg,e208cdb9e77336282521ec78beee39905f7600c951f2597eded19e4c12a99ba4,320,240,e208cdb9e77336282521ec78beee39905f7600c951f2597eded19e4c12a99ba4,6,train
AQUA20,train,train,1474,0,coral,/home/tahiti/MARINE_DATASETS/AQUA20_PREPARED/images/train/00_coral/train_001474_d45e592412db.jpg,d45e592412db0b01dd0025c465eab570359cc8433873d3b6edf5e010c9b00651,256,256,d45e592412db0b01dd0025c465eab570359cc8433873d3b6edf5e010c9b00651,3,train
AQUA20,train,train,1480,0,coral,/home/tahiti/MARINE_DATASETS/AQUA20_PREPARED/images/train/00_coral/train_001480_fa8c919facb8.jpg,fa8c919facb83547cee6000a0f1b9190319ca0f61a5bdfd4ae16f4ca3f204fc2,320,240,fa8c919facb83547cee6000a0f1b9190319ca0f61a5bdfd4ae16f4ca3f204fc2,5,train
AQUA20,train,train,1509,0,coral,/home/tahiti/MARINE_DATASETS/AQUA20_PREPARED/images/train/00_coral/train_001509_f6ccd4f45e30.jpg,f6ccd4f45e30ca1e0f6f0c9fb37389cb1aaa4f19e68950f12d9bedbe4e4df579,320,240,f6ccd4f45e30ca1e0f6f0c9fb37389cb1aaa4f19e68950f12d9bedbe4e4df579,3,train
AQUA20,train,train,1531,0,coral,/home/tahiti/MARINE_DATASETS/AQUA20_PREPARED/images/train/00_coral/train_001531_efbd293c3a6a.jpg,efbd293c3a6add6400d265eda050545050318d8998faddc6b7287317cf8c24ad,320,240,efbd293c3a6add6400d265eda050545050318d8998faddc6b7287317cf8c24ad,3,train
AQUA20,train,train,1532,0,coral,/home/tahiti/MARINE_DATASETS/AQUA20_PREPARED/images/train/00_coral/train_001532_1c620c42e957.jpg,1c620c42e957ec6513bd00cf32365529f88d40faced23f1a838baae758e90113,320,240,1c620c42e957ec6513bd00cf32365529f88d40faced23f1a838baae758e90113,4,train
AQUA20,train,train,1542,0,coral,/home/tahiti/MARINE_DATASETS/AQUA20_PREPARED/images/train/00_coral/train_001542_8763f278796a.jpg,8763f278796a88896ff13391286a9d98ae7b471d99832b807ec609eb426422c8,320,240,8763f278796a88896ff13391286a9d98ae7b471d99832b807ec609eb426422c8,2,train
AQUA20,train,train,1578,1,crab,/home/tahiti/MARINE_DATASETS/AQUA20_PREPARED/images/train/01_crab/train_001578_62ea54764d1d.jpg,62ea54764d1d8ecd6165284b314c42b37b38b152a730815f30bd9cf0ca0f2b1c,256,256,62ea54764d1d8ecd6165284b314c42b37b38b152a730815f30bd9cf0ca0f2b1c,2,train
AQUA20,train,train,1584,1,crab,/home/tahiti/MARINE_DATASETS/AQUA20_PREPARED/images/train/01_crab/train_001584_a651576e50ff.jpg,a651576e50ff1517528cfaadbef0ae7a68736c7b62a36940938df3b952709b6c,256,256,a651576e50ff1517528cfaadbef0ae7a68736c7b62a36940938df3b952709b6c,4,train
AQUA20,train,train,1595,1,crab,/home/tahiti/MARINE_DATASETS/AQUA20_PREPARED/images/train/01_crab/train_001595_2bcb73ac3e77.jpg,2bcb73ac3e77a73be3113ae58578e13abc8785f2ffda3ca17f4f3efa0d8c36b5,256,256,2bcb73ac3e77a73be3113ae58578e13abc8785f2ffda3ca17f4f3efa0d8c36b5,3,train
AQUA20,train,train,1610,2,diver,/home/tahiti/MARINE_DATASETS/AQUA20_PREPARED/images/train/02_diver/train_001610_3aef74dfcaff.jpg,3aef74dfcaffa6207a5f9d4430a5fd2dc721d65854f241f8fbee7d9bfacc435d,320,240,3aef74dfcaffa6207a5f9d4430a5fd2dc721d65854f241f8fbee7d9bfacc435d,2,train
AQUA20,train,train,1637,2,diver,/home/tahiti/MARINE_DATASETS/AQUA20_PREPARED/images/train/02_diver/train_001637_a1921bbd044e.jpg,a1921bbd044e9e86f325213521c0becc20dee17e5063501df72a73d01a075f40,320,240,a1921bbd044e9e86f325213521c0becc20dee17e5063501df72a73d01a075f40,2,train
AQUA20,train,train,1665,3,eel,/home/tahiti/MARINE_DATASETS/AQUA20_PREPARED/images/train/03_eel/train_001665_9f0ba1d105aa.jpg,9f0ba1d105aa1e5231790384cda5da6e444d28acb7e231aa6137c2b321edfacc,256,256,9f0ba1d105aa1e5231790384cda5da6e444d28acb7e231aa6137c2b321edfacc,3,train
AQUA20,train,train,1668,3,eel,/home/tahiti/MARINE_DATASETS/AQUA20_PREPARED/images/train/03_eel/train_001668_5067546d6316.jpg,5067546d63167b55c674878922106ae8d91d7eba5662e51ee4f59ec81ad7879c,256,256,5067546d63167b55c674878922106ae8d91d7eba5662e51ee4f59ec81ad7879c,2,train
AQUA20,train,train,1670,3,eel,/home/tahiti/MARINE_DATASETS/AQUA20_PREPARED/images/train/03_eel/train_001670_e0904e714b15.jpg,e0904e714b15af3ac1a08470b1bc12efc2469e3e7e6ba66ce8948f3b30c89822,256,256,e0904e714b15af3ac1a08470b1bc12efc2469e3e7e6ba66ce8948f3b30c89822,4,train
AQUA20,train,train,1684,3,eel,/home/tahiti/MARINE_DATASETS/AQUA20_PREPARED/images/train/03_eel/train_001684_bd6e952d4bfb.jpg,bd6e952d4bfbdf0572f37c8a44b89cc62de8ebabe6a48c5ac39eed24b15b3245,256,256,bd6e952d4bfbdf0572f37c8a44b89cc62de8ebabe6a48c5ac39eed24b15b3245,5,train
AQUA20,train,train,1716,3,eel,/home/tahiti/MARINE_DATASETS/AQUA20_PREPARED/images/train/03_eel/train_001716_97d64d83195c.jpg,97d64d83195cedb1fa2d4090ed0f61903af03f4396731a6d913b05fcae6e62fb,256,256,97d64d83195cedb1fa2d4090ed0f61903af03f4396731a6d913b05fcae6e62fb,6,train
AQUA20,train,train,1727,3,eel,/home/tahiti/MARINE_DATASETS/AQUA20_PREPARED/images/train/03_eel/train_001727_5fd2302104a0.jpg,5fd2302104a0184a1bfa94687550fea1021a567ac977695e12eb1654cd7e4eff,256,256,5fd2302104a0184a1bfa94687550fea1021a567ac977695e12eb1654cd7e4eff,5,train
AQUA20,train,train,1733,3,eel,/home/tahiti/MARINE_DATASETS/AQUA20_PREPARED/images/train/03_eel/train_001733_ea404542c9ca.jpg,ea404542c9ca7e5c3e679ba2791a0c9ea08169fb7866e8f7668b2a44ba1e9dff,256,256,ea404542c9ca7e5c3e679ba2791a0c9ea08169fb7866e8f7668b2a44ba1e9dff,3,train
AQUA20,train,train,1741,3,eel,/home/tahiti/MARINE_DATASETS/AQUA20_PREPARED/images/train/03_eel/train_001741_c31d082e5ed6.jpg,c31d082e5ed645b75ca625b1113e906b86800047abd259f87716cf39dc703ab8,256,256,c31d082e5ed645b75ca625b1113e906b86800047abd259f87716cf39dc703ab8,2,train
AQUA20,train,train,1782,3,eel,/home/tahiti/MARINE_DATASETS/AQUA20_PREPARED/images/train/03_eel/train_001782_8f8970de2c4b.jpg,8f8970de2c4bd474f255ee7684b7c28aab67ee5b364bb9d51bde478504604745,256,256,8f8970de2c4bd474f255ee7684b7c28aab67ee5b364bb9d51bde478504604745,6,train
AQUA20,train,train,1785,3,eel,/home/tahiti/MARINE_DATASETS/AQUA20_PREPARED/images/train/03_eel/train_001785_549eb60851f2.jpg,549eb60851f21cf44985d79014e52e9955e0a5c91a688e15622d6e7e1db5df03,256,256,549eb60851f21cf44985d79014e52e9955e0a5c91a688e15622d6e7e1db5df03,5,train
AQUA20,train,train,1791,3,eel,/home/tahiti/MARINE_DATASETS/AQUA20_PREPARED/images/train/03_eel/train_001791_2e4ac29fbaa6.jpg,2e4ac29fbaa6664d52180fd0fb924f8260c6f96ee9b15a9f7c53412d39dc9dd0,256,256,2e4ac29fbaa6664d52180fd0fb924f8260c6f96ee9b15a9f7c53412d39dc9dd0,6,train
AQUA20,train,train,1900,4,fish,/home/tahiti/MARINE_DATASETS/AQUA20_PREPARED/images/train/04_fish/train_001900_3fc7064cc666.jpg,3fc7064cc6667676a1a5830d1ce5b798506f37919ece0e27d508706a1c8883ef,320,240,3fc7064cc6667676a1a5830d1ce5b798506f37919ece0e27d508706a1c8883ef,2,train
AQUA20,train,train,1918,4,fish,/home/tahiti/MARINE_DATASETS/AQUA20_PREPARED/images/train/04_fish/train_001918_127311d99fd8.jpg,127311d99fd8adf039130ed0492eb885f07541d0edc8f0c5ab544854856c4119,320,240,127311d99fd8adf039130ed0492eb885f07541d0edc8f0c5ab544854856c4119,6,train
AQUA20,train,train,1932,4,fish,/home/tahiti/MARINE_DATASETS/AQUA20_PREPARED/images/train/04_fish/train_001932_f21edf287ed5.jpg,f21edf287ed56d38519e3e848e3bd8ddb70f53e70d032b56ead2ca966d10e4b4,320,240,f21edf287ed56d38519e3e848e3bd8ddb70f53e70d032b56ead2ca966d10e4b4,6,train
AQUA20,train,train,1943,4,fish,/home/tahiti/MARINE_DATASETS/AQUA20_PREPARED/images/train/04_fish/train_001943_c5a301540d12.jpg,c5a301540d126c0c08ad27f568e6346a73bc6785f6209b59e8f7ad324762ed61,320,240,c5a301540d126c0c08ad27f568e6346a73bc6785f6209b59e8f7ad324762ed61,5,train
AQUA20,train,train,1964,4,fish,/home/tahiti/MARINE_DATASETS/AQUA20_PREPARED/images/train/04_fish/train_001964_aff7198885d9.jpg,aff7198885d97a67ca5723b1a2d88eafedb6721f08f66547e0c30414c71a5473,320,240,aff7198885d97a67ca5723b1a2d88eafedb6721f08f66547e0c30414c71a5473,6,train
AQUA20,train,train,1965,4,fish,/home/tahiti/MARINE_DATASETS/AQUA20_PREPARED/images/train/04_fish/train_001965_3af0aeb8e4e8.jpg,3af0aeb8e4e8e1387b23e5822ad32f398d89a022006651d5968d27077164452a,320,240,3af0aeb8e4e8e1387b23e5822ad32f398d89a022006651d5968d27077164452a,2,train
AQUA20,train,train,1975,4,fish,/home/tahiti/MARINE_DATASETS/AQUA20_PREPARED/images/train/04_fish/train_001975_5a6a6cee3636.jpg,5a6a6cee3636727a093a5da39881dfb5bd12e2c813b3475e27caa7912f8bbc67,320,240,5a6a6cee3636727a093a5da39881dfb5bd12e2c813b3475e27caa7912f8bbc67,5,train
AQUA20,train,train,2007,4,fish,/home/tahiti/MARINE_DATASETS/AQUA20_PREPARED/images/train/04_fish/train_002007_01aa9961c205.jpg,01aa9961c205019209ed2b3d863da692029930f3113489b4e72f593ffb9a464e,256,256,01aa9961c205019209ed2b3d863da692029930f3113489b4e72f593ffb9a464e,5,train
AQUA20,train,train,2027,4,fish,/home/tahiti/MARINE_DATASETS/AQUA20_PREPARED/images/train/04_fish/train_002027_be2c05fd7aa4.jpg,be2c05fd7aa4897ae5f9a6ccbbf7580e8ec490d3cc9de08c5d35fb43fd116ee4,256,256,be2c05fd7aa4897ae5f9a6ccbbf7580e8ec490d3cc9de08c5d35fb43fd116ee4,6,train
AQUA20,train,train,2042,4,fish,/home/tahiti/MARINE_DATASETS/AQUA20_PREPARED/images/train/04_fish/train_002042_fc9ff1815240.jpg,fc9ff18152409cafa868ba7aa4f93fa53c69b47ff7813ad590f18bb296442ba4,256,256,fc9ff18152409cafa868ba7aa4f93fa53c69b47ff7813ad590f18bb296442ba4,2,train
AQUA20,train,train,2077,4,fish,/home/tahiti/MARINE_DATASETS/AQUA20_PREPARED/images/train/04_fish/train_002077_be71d90862ff.jpg,be71d90862ffb8bf5f053c4567e07656aa7c37abaafd42c17abdf52a7e1665a5,256,256,be71d90862ffb8bf5f053c4567e07656aa7c37abaafd42c17abdf52a7e1665a5,5,train
AQUA20,train,train,2079,4,fish,/home/tahiti/MARINE_DATASETS/AQUA20_PREPARED/images/train/04_fish/train_002079_d4111d4c9618.jpg,d4111d4c9618676da2b7a7c41427fc80bb8d197d2b2dfdc0a2e64b714b32e279,256,256,d4111d4c9618676da2b7a7c41427fc80bb8d197d2b2dfdc0a2e64b714b32e279,4,train
AQUA20,train,train,2157,4,fish,/home/tahiti/MARINE_DATASETS/AQUA20_PREPARED/images/train/04_fish/train_002157_fd773fd92c36.jpg,fd773fd92c36b820f8b0632bd6185c70bec48a42035463a696467817f81b2b11,256,256,fd773fd92c36b820f8b0632bd6185c70bec48a42035463a696467817f81b2b11,6,train
AQUA20,train,train,2169,4,fish,/home/tahiti/MARINE_DATASETS/AQUA20_PREPARED/images/train/04_fish/train_002169_3b06c86eb955.jpg,3b06c86eb9550d770dbe64c6607f7c06c58fd8ca056288e9a8f83354a51ecec9,256,256,3b06c86eb9550d770dbe64c6607f7c06c58fd8ca056288e9a8f83354a51ecec9,6,train
AQUA20,train,train,2170,4,fish,/home/tahiti/MARINE_DATASETS/AQUA20_PREPARED/images/train/04_fish/train_002170_caed5faf922a.jpg,caed5faf922a18e2f4fdf4736c13425237fdc9d31dc9c4e71c53c50f0a6a75ac,256,256,caed5faf922a18e2f4fdf4736c13425237fdc9d31dc9c4e71c53c50f0a6a75ac,3,train
AQUA20,train,train,2217,4,fish,/home/tahiti/MARINE_DATASETS/AQUA20_PREPARED/images/train/04_fish/train_002217_55b20c0a9efc.jpg,55b20c0a9efc3fc0ca3f8647ff471a547d07ec4f6acdceea65f259cbeffc8d0f,256,256,55b20c0a9efc3fc0ca3f8647ff471a547d07ec4f6acdceea65f259cbeffc8d0f,4,train
AQUA20,train,train,2240,4,fish,/home/tahiti/MARINE_DATASETS/AQUA20_PREPARED/images/train/04_fish/train_002240_4655a843afdd.jpg,4655a843afdda9e3052ccb2e24f8c9c6c3676ab794de7855bcfe4f65a0a44cf5,256,256,4655a843afdda9e3052ccb2e24f8c9c6c3676ab794de7855bcfe4f65a0a44cf5,3,train
AQUA20,train,train,2257,4,fish,/home/tahiti/MARINE_DATASETS/AQUA20_PREPARED/images/train/04_fish/train_002257_f55ced134967.jpg,f55ced134967b142cc54b8b02850ddff889402239a060c89eb7a0795376cf325,256,256,f55ced134967b142cc54b8b02850ddff889402239a060c89eb7a0795376cf325,2,train
AQUA20,train,train,2259,4,fish,/home/tahiti/MARINE_DATASETS/AQUA20_PREPARED/images/train/04_fish/train_002259_001b4b797692.jpg,001b4b7976928a27e4c0952e4d371256462b8d9bf1fb7d037f61bdcabbed33c1,256,256,001b4b7976928a27e4c0952e4d371256462b8d9bf1fb7d037f61bdcabbed33c1,4,train
AQUA20,train,train,2261,4,fish,/home/tahiti/MARINE_DATASETS/AQUA20_PREPARED/images/train/04_fish/train_002261_b32bd3f08184.jpg,b32bd3f08184fe4d9d0b1a4a945f5531b86e3f8acf8e326febb40bbaf15a816d,256,256,b32bd3f08184fe4d9d0b1a4a945f5531b86e3f8acf8e326febb40bbaf15a816d,6,train
AQUA20,train,train,2291,4,fish,/home/tahiti/MARINE_DATASETS/AQUA20_PREPARED/images/train/04_fish/train_002291_49be9842d905.jpg,49be9842d9058ef5f18deb9cfb9161b4c50712350a968b93d31a7e853504ed71,256,256,49be9842d9058ef5f18deb9cfb9161b4c50712350a968b93d31a7e853504ed71,4,train
AQUA20,train,train,2298,4,fish,/home/tahiti/MARINE_DATASETS/AQUA20_PREPARED/images/train/04_fish/train_002298_2c72e7f1b66f.jpg,2c72e7f1b66f4fb7d3acefc992779a14c5f77aa39adebf9f3c9acaeb9d301a20,256,256,2c72e7f1b66f4fb7d3acefc992779a14c5f77aa39adebf9f3c9acaeb9d301a20,3,train
AQUA20,train,train,2306,4,fish,/home/tahiti/MARINE_DATASETS/AQUA20_PREPARED/images/train/04_fish/train_002306_fda2f739e82a.jpg,fda2f739e82a2e92df7aca32806324df67244cfed25b9eee67449ff98f733543,256,256,fda2f739e82a2e92df7aca32806324df67244cfed25b9eee67449ff98f733543,6,train
AQUA20,train,train,2332,4,fish,/home/tahiti/MARINE_DATASETS/AQUA20_PREPARED/images/train/04_fish/train_002332_291db2a1813b.jpg,291db2a1813b1a4a457e22c49560c287aba344fb3ac0f22b70ac9ec71e878b38,256,256,291db2a1813b1a4a457e22c49560c287aba344fb3ac0f22b70ac9ec71e878b38,6,train
AQUA20,train,train,2348,4,fish,/home/tahiti/MARINE_DATASETS/AQUA20_PREPARED/images/train/04_fish/train_002348_a9ef7ff61514.jpg,a9ef7ff615147acd4fe7c16d020996949c99bacdfdb8044558c5db441954ca67,256,256,a9ef7ff615147acd4fe7c16d020996949c99bacdfdb8044558c5db441954ca67,4,train
AQUA20,train,train,2351,4,fish,/home/tahiti/MARINE_DATASETS/AQUA20_PREPARED/images/train/04_fish/train_002351_fdaf012841cc.jpg,fdaf012841cc414cc3247ee4dcd255847ab3d88fb2751f30bfcd7dda9de2ec49,256,256,fdaf012841cc414cc3247ee4dcd255847ab3d88fb2751f30bfcd7dda9de2ec49,5,train
AQUA20,train,train,2354,4,fish,/home/tahiti/MARINE_DATASETS/AQUA20_PREPARED/images/train/04_fish/train_002354_656697c16b3b.jpg,656697c16b3b0aa31c7a93c1004a7efcfc7ef1d72a5edb0f6cb0132a7c0a6588,256,256,656697c16b3b0aa31c7a93c1004a7efcfc7ef1d72a5edb0f6cb0132a7c0a6588,6,train
AQUA20,train,train,2363,4,fish,/home/tahiti/MARINE_DATASETS/AQUA20_PREPARED/images/train/04_fish/train_002363_af65eb784fdc.jpg,af65eb784fdc80168933e43b2fadb8fe9699bd6065e312e5e7473592359523db,256,256,af65eb784fdc80168933e43b2fadb8fe9699bd6065e312e5e7473592359523db,5,train
AQUA20,train,train,2370,4,fish,/home/tahiti/MARINE_DATASETS/AQUA20_PREPARED/images/train/04_fish/train_002370_f2d5d0bc3eb1.jpg,f2d5d0bc3eb1003ba7883b35261574ebc12817619297bb495a836f34b318b8f8,256,256,f2d5d0bc3eb1003ba7883b35261574ebc12817619297bb495a836f34b318b8f8,3,train
AQUA20,train,train,2379,4,fish,/home/tahiti/MARINE_DATASETS/AQUA20_PREPARED/images/train/04_fish/train_002379_b3c0cdabf851.jpg,b3c0cdabf851e49f39601481ffb252a2aa5cc846c0c0d4ef7539bcd8886c81f8,256,256,b3c0cdabf851e49f39601481ffb252a2aa5cc846c0c0d4ef7539bcd8886c81f8,5,train
AQUA20,train,train,2385,4,fish,/home/tahiti/MARINE_DATASETS/AQUA20_PREPARED/images/train/04_fish/train_002385_1b27e3d7a9ab.jpg,1b27e3d7a9ab32401e4af269c35b592dbe1b27b87cb6cdddd3991f406fa49a3b,256,256,1b27e3d7a9ab32401e4af269c35b592dbe1b27b87cb6cdddd3991f406fa49a3b,2,train
AQUA20,train,train,2403,4,fish,/home/tahiti/MARINE_DATASETS/AQUA20_PREPARED/images/train/04_fish/train_002403_50b32bedbfc6.jpg,50b32bedbfc6ece9f38de1f71aecacce18b63b312adb17396bf47790f9d62840,256,256,50b32bedbfc6ece9f38de1f71aecacce18b63b312adb17396bf47790f9d62840,5,train
AQUA20,train,train,2410,4,fish,/home/tahiti/MARINE_DATASETS/AQUA20_PREPARED/images/train/04_fish/train_002410_1b3aa1ef224d.jpg,1b3aa1ef224d9baac67a9903da055fc10dda9969b58c69e93b3bc301343d61fe,256,256,1b3aa1ef224d9baac67a9903da055fc10dda9969b58c69e93b3bc301343d61fe,3,train
AQUA20,train,train,2436,4,fish,/home/tahiti/MARINE_DATASETS/AQUA20_PREPARED/images/train/04_fish/train_002436_4d6518b47909.jpg,4d6518b4790915ed4bac1e6973e2a240dcee6d8b99e5487af81b7091f0cea145,256,256,4d6518b4790915ed4bac1e6973e2a240dcee6d8b99e5487af81b7091f0cea145,3,train
AQUA20,train,train,2448,4,fish,/home/tahiti/MARINE_DATASETS/AQUA20_PREPARED/images/train/04_fish/train_002448_e1f7aaa3b77c.jpg,e1f7aaa3b77c3e171edaaae9ac3c5a518c54457c98b7fba939e37ab32e1a99d6,256,256,e1f7aaa3b77c3e171edaaae9ac3c5a518c54457c98b7fba939e37ab32e1a99d6,4,train
AQUA20,train,train,2460,4,fish,/home/tahiti/MARINE_DATASETS/AQUA20_PREPARED/images/train/04_fish/train_002460_7e9920495105.jpg,7e9920495105091e457f8ace2d898c5613a738a612d3e2183981b87c7dcf3493,256,256,7e9920495105091e457f8ace2d898c5613a738a612d3e2183981b87c7dcf3493,5,train
AQUA20,train,train,2464,4,fish,/home/tahiti/MARINE_DATASETS/AQUA20_PREPARED/images/train/04_fish/train_002464_756f29ec7f58.jpg,756f29ec7f5849f2817a85512e73d93e79352ffc8fd42eb50c044757540474e6,256,256,756f29ec7f5849f2817a85512e73d93e79352ffc8fd42eb50c044757540474e6,5,train
AQUA20,train,train,2467,4,fish,/home/tahiti/MARINE_DATASETS/AQUA20_PREPARED/images/train/04_fish/train_002467_97cc682dc7b9.jpg,97cc682dc7b9e844290ffe156341c045ed368e5ec8730064c1de2eabf9d752a6,256,256,97cc682dc7b9e844290ffe156341c045ed368e5ec8730064c1de2eabf9d752a6,2,train
AQUA20,train,train,2490,4,fish,/home/tahiti/MARINE_DATASETS/AQUA20_PREPARED/images/train/04_fish/train_002490_f8c337413b82.jpg,f8c337413b8219c30730f744bf836e3e49bf7d1b480f5de435b7a7a564a9b89b,256,256,f8c337413b8219c30730f744bf836e3e49bf7d1b480f5de435b7a7a564a9b89b,6,train
AQUA20,train,train,2514,4,fish,/home/tahiti/MARINE_DATASETS/AQUA20_PREPARED/images/train/04_fish/train_002514_e08492821a95.jpg,e08492821a95542ca654d770cf45d3ae7ff2b8d703ea6c2c068587946ff3add2,256,256,e08492821a95542ca654d770cf45d3ae7ff2b8d703ea6c2c068587946ff3add2,2,train
AQUA20,train,train,2541,4,fish,/home/tahiti/MARINE_DATASETS/AQUA20_PREPARED/images/train/04_fish/train_002541_ba23b8c7761d.jpg,ba23b8c7761deaf10a5f221ef5c26af0858610f9e8a5cbccee1a7a5a9f65a3af,256,256,ba23b8c7761deaf10a5f221ef5c26af0858610f9e8a5cbccee1a7a5a9f65a3af,6,train
AQUA20,train,train,2553,4,fish,/home/tahiti/MARINE_DATASETS/AQUA20_PREPARED/images/train/04_fish/train_002553_ee61e3c71884.jpg,ee61e3c718848e652c2650ce5b57f1c5b0b878c80c081c6c180994724688869a,256,256,ee61e3c718848e652c2650ce5b57f1c5b0b878c80c081c6c180994724688869a,5,train
AQUA20,train,train,2558,4,fish,/home/tahiti/MARINE_DATASETS/AQUA20_PREPARED/images/train/04_fish/train_002558_573e5c34c510.jpg,573e5c34c510d8d24441a5d06d918a8a12698c2101d3d761b8ecf590e6c9401a,256,256,573e5c34c510d8d24441a5d06d918a8a12698c2101d3d761b8ecf590e6c9401a,4,train
AQUA20,train,train,2602,4,fish,/home/tahiti/MARINE_DATASETS/AQUA20_PREPARED/images/train/04_fish/train_002602_4f22a0304c94.jpg,4f22a0304c94d85599ab5bb2f3295dd152f35272194e51383af51acda547e5be,256,256,4f22a0304c94d85599ab5bb2f3295dd152f35272194e51383af51acda547e5be,2,train
AQUA20,train,train,2627,4,fish,/home/tahiti/MARINE_DATASETS/AQUA20_PREPARED/images/train/04_fish/train_002627_b26efe508880.jpg,b26efe5088806244b43b3d8acf7b8c40988891e0d8e9f396fdd1e7bf6ff76ace,256,256,b26efe5088806244b43b3d8acf7b8c40988891e0d8e9f396fdd1e7bf6ff76ace,4,train
AQUA20,train,train,2658,4,fish,/home/tahiti/MARINE_DATASETS/AQUA20_PREPARED/images/train/04_fish/train_002658_2031eb4979a7.jpg,2031eb4979a7580b89fff78a1743b18538def64beb1b7a7c7758c3980fc150e5,256,256,2031eb4979a7580b89fff78a1743b18538def64beb1b7a7c7758c3980fc150e5,6,train
AQUA20,train,train,2665,4,fish,/home/tahiti/MARINE_DATASETS/AQUA20_PREPARED/images/train/04_fish/train_002665_652d60ec0ce7.jpg,652d60ec0ce711f51639809c74fabc75531e72ab80be24557bd62f76aa22acd4,256,256,652d60ec0ce711f51639809c74fabc75531e72ab80be24557bd62f76aa22acd4,3,train
AQUA20,train,train,2714,4,fish,/home/tahiti/MARINE_DATASETS/AQUA20_PREPARED/images/train/04_fish/train_002714_9d408ea3ee8a.jpg,9d408ea3ee8a0b2383af7bbe253491436489a1eae0a79ab71476a15bffd43e17,256,256,9d408ea3ee8a0b2383af7bbe253491436489a1eae0a79ab71476a15bffd43e17,4,train
AQUA20,train,train,2716,4,fish,/home/tahiti/MARINE_DATASETS/AQUA20_PREPARED/images/train/04_fish/train_002716_3ef261da7393.jpg,3ef261da7393252c4058ca148767e8e51c9d3e1cb09fb19bb645d2b00e7dfb9a,256,256,3ef261da7393252c4058ca148767e8e51c9d3e1cb09fb19bb645d2b00e7dfb9a,4,train
AQUA20,train,train,2740,4,fish,/home/tahiti/MARINE_DATASETS/AQUA20_PREPARED/images/train/04_fish/train_002740_687eecec3888.jpg,687eecec3888b0fd32edff8afb7f887b757cbf2cdbd3097e198ce9c64beb9eb9,256,256,687eecec3888b0fd32edff8afb7f887b757cbf2cdbd3097e198ce9c64beb9eb9,3,train
AQUA20,train,train,2762,4,fish,/home/tahiti/MARINE_DATASETS/AQUA20_PREPARED/images/train/04_fish/train_002762_8b3dc813d2d3.jpg,8b3dc813d2d3f55861bce61265456ba883790f7746cb8aa646cb76e2c5fbe410,256,256,8b3dc813d2d3f55861bce61265456ba883790f7746cb8aa646cb76e2c5fbe410,6,train
AQUA20,train,train,2795,4,fish,/home/tahiti/MARINE_DATASETS/AQUA20_PREPARED/images/train/04_fish/train_002795_822607499f07.jpg,822607499f07ddeff15abaeb4f95bc8c60d1079327918ab26564ea24cf9768f5,256,256,822607499f07ddeff15abaeb4f95bc8c60d1079327918ab26564ea24cf9768f5,5,train
AQUA20,train,train,2796,4,fish,/home/tahiti/MARINE_DATASETS/AQUA20_PREPARED/images/train/04_fish/train_002796_aff640ab4fc2.jpg,aff640ab4fc2911a3464c01e35c4e2972d4a71d17081663018089b4889bde463,256,256,aff640ab4fc2911a3464c01e35c4e2972d4a71d17081663018089b4889bde463,5,train
AQUA20,train,train,2806,4,fish,/home/tahiti/MARINE_DATASETS/AQUA20_PREPARED/images/train/04_fish/train_002806_3fe5a8b62e22.jpg,3fe5a8b62e22d9c96570ed9147e089c4b1f7c75d7b57bda017d9b94053b6cc0c,256,256,3fe5a8b62e22d9c96570ed9147e089c4b1f7c75d7b57bda017d9b94053b6cc0c,6,train
AQUA20,train,train,2834,4,fish,/home/tahiti/MARINE_DATASETS/AQUA20_PREPARED/images/train/04_fish/train_002834_cb0e4f5539e9.jpg,cb0e4f5539e97d297210245237e8d1c267b6311b5d37c677bad0b0f4b3b5ef5c,256,256,cb0e4f5539e97d297210245237e8d1c267b6311b5d37c677bad0b0f4b3b5ef5c,2,train
AQUA20,train,train,2835,4,fish,/home/tahiti/MARINE_DATASETS/AQUA20_PREPARED/images/train/04_fish/train_002835_7fdb0541ac8b.jpg,7fdb0541ac8b968be4c40c74e92814ed7483d330bf4c6fb7ba855ab6936b60a4,256,256,7fdb0541ac8b968be4c40c74e92814ed7483d330bf4c6fb7ba855ab6936b60a4,4,train
AQUA20,train,train,2848,4,fish,/home/tahiti/MARINE_DATASETS/AQUA20_PREPARED/images/train/04_fish/train_002848_9c19b33f6a23.jpg,9c19b33f6a230420d2ec0a8e63daa8a664c5029755184f111343587bcbbb422a,256,256,9c19b33f6a230420d2ec0a8e63daa8a664c5029755184f111343587bcbbb422a,6,train
AQUA20,train,train,2904,4,fish,/home/tahiti/MARINE_DATASETS/AQUA20_PREPARED/images/train/04_fish/train_002904_5683edba116d.jpg,5683edba116d8982fbe161d716ca9dfca1d053c347ef98e38a20e502273be04e,256,256,5683edba116d8982fbe161d716ca9dfca1d053c347ef98e38a20e502273be04e,5,train
AQUA20,train,train,2944,4,fish,/home/tahiti/MARINE_DATASETS/AQUA20_PREPARED/images/train/04_fish/train_002944_fe139c7ede9b.jpg,fe139c7ede9bcc8a37a1408636de223fc31e4c62e4062d764a8e51bfb4682bc3,256,256,fe139c7ede9bcc8a37a1408636de223fc31e4c62e4062d764a8e51bfb4682bc3,2,train
AQUA20,train,train,2953,4,fish,/home/tahiti/MARINE_DATASETS/AQUA20_PREPARED/images/train/04_fish/train_002953_9decaa5180cc.jpg,9decaa5180cc02829c56e29f080365dfbc8fe77d6746412841b53e4e52a61121,256,256,9decaa5180cc02829c56e29f080365dfbc8fe77d6746412841b53e4e52a61121,6,train
AQUA20,train,train,2965,4,fish,/home/tahiti/MARINE_DATASETS/AQUA20_PREPARED/images/train/04_fish/train_002965_307fa7fce5be.jpg,307fa7fce5befeada47a5557c3217bf3c7a8560d4d6e78fe5f2a7ab92e18f0ae,256,256,307fa7fce5befeada47a5557c3217bf3c7a8560d4d6e78fe5f2a7ab92e18f0ae,6,train
AQUA20,train,train,2969,4,fish,/home/tahiti/MARINE_DATASETS/AQUA20_PREPARED/images/train/04_fish/train_002969_be49284b071c.jpg,be49284b071c277192393f638707bf2ff3e632e020a94ef6e769d61d21279dc9,256,256,be49284b071c277192393f638707bf2ff3e632e020a94ef6e769d61d21279dc9,6,train
AQUA20,train,train,2985,4,fish,/home/tahiti/MARINE_DATASETS/AQUA20_PREPARED/images/train/04_fish/train_002985_a5c032d1d6f4.jpg,a5c032d1d6f404538c1e36c82207303eebd5b32d20d80f8f3980ba1d84acad4a,256,256,a5c032d1d6f404538c1e36c82207303eebd5b32d20d80f8f3980ba1d84acad4a,5,train
AQUA20,train,train,3001,4,fish,/home/tahiti/MARINE_DATASETS/AQUA20_PREPARED/images/train/04_fish/train_003001_e311dfb10643.jpg,e311dfb10643408d0d37f75c9bd52472ebe5e9ef4f5537830023812541c3fe95,256,256,e311dfb10643408d0d37f75c9bd52472ebe5e9ef4f5537830023812541c3fe95,5,train
AQUA20,train,train,3007,4,fish,/home/tahiti/MARINE_DATASETS/AQUA20_PREPARED/images/train/04_fish/train_003007_6752eaa2d239.jpg,6752eaa2d239048c73287980d00b56a2de04b05766754e2268d12dcb563afbfc,256,256,6752eaa2d239048c73287980d00b56a2de04b05766754e2268d12dcb563afbfc,6,train
AQUA20,train,train,3026,4,fish,/home/tahiti/MARINE_DATASETS/AQUA20_PREPARED/images/train/04_fish/train_003026_aa9835edaf54.jpg,aa9835edaf54eae0d7cad146ed056bac49dac4a2e8dd27121167ff035e026034,256,256,aa9835edaf54eae0d7cad146ed056bac49dac4a2e8dd27121167ff035e026034,6,train
AQUA20,train,train,3081,4,fish,/home/tahiti/MARINE_DATASETS/AQUA20_PREPARED/images/train/04_fish/train_003081_58a12be08a6a.jpg,58a12be08a6aa053236f0dca429b67288aa6ce382c029b653e4e077fea73d319,256,256,58a12be08a6aa053236f0dca429b67288aa6ce382c029b653e4e077fea73d319,5,train
AQUA20,train,train,3086,4,fish,/home/tahiti/MARINE_DATASETS/AQUA20_PREPARED/images/train/04_fish/train_003086_646da1830703.jpg,646da1830703b1cfa24b87d254ee7bec670c4a7d2075c3652c2e31c9a110eb6d,256,256,646da1830703b1cfa24b87d254ee7bec670c4a7d2075c3652c2e31c9a110eb6d,4,train
AQUA20,train,train,3121,4,fish,/home/tahiti/MARINE_DATASETS/AQUA20_PREPARED/images/train/04_fish/train_003121_7790a0786d81.jpg,7790a0786d8102c90647c9c5ee4a9b18bb0f093c5e2d5d2e122fd0f35a7149fe,256,256,7790a0786d8102c90647c9c5ee4a9b18bb0f093c5e2d5d2e122fd0f35a7149fe,3,train
AQUA20,train,train,3136,4,fish,/home/tahiti/MARINE_DATASETS/AQUA20_PREPARED/images/train/04_fish/train_003136_06ca241effc5.jpg,06ca241effc5eae1830a7d7da691bff9f1a6ab9614ad03cf7d41eafb4830fd06,256,256,06ca241effc5eae1830a7d7da691bff9f1a6ab9614ad03cf7d41eafb4830fd06,5,train
AQUA20,train,train,3176,4,fish,/home/tahiti/MARINE_DATASETS/AQUA20_PREPARED/images/train/04_fish/train_003176_26a7562f97b6.jpg,26a7562f97b6d6d5520d274ed75a995c13c32dcffff6d35dbe22ef156a16629f,256,256,26a7562f97b6d6d5520d274ed75a995c13c32dcffff6d35dbe22ef156a16629f,6,train
AQUA20,train,train,3221,4,fish,/home/tahiti/MARINE_DATASETS/AQUA20_PREPARED/images/train/04_fish/train_003221_72a540371be4.jpg,72a540371be451a84bea7cc596621299238d7ccbc12358b637fa3537eddd6575,256,256,72a540371be451a84bea7cc596621299238d7ccbc12358b637fa3537eddd6575,5,train
AQUA20,train,train,3259,4,fish,/home/tahiti/MARINE_DATASETS/AQUA20_PREPARED/images/train/04_fish/train_003259_f3c129f8dbbe.jpg,f3c129f8dbbed060a10fc2eac919aea68110fe8be6a0c5d8c56c00718c86dde7,256,256,f3c129f8dbbed060a10fc2eac919aea68110fe8be6a0c5d8c56c00718c86dde7,2,train
AQUA20,train,train,3292,4,fish,/home/tahiti/MARINE_DATASETS/AQUA20_PREPARED/images/train/04_fish/train_003292_a80399e9382e.jpg,a80399e9382e96a4562d7ebd2b945a753ad70eebccb9bf78fd72904111c93b98,256,256,a80399e9382e96a4562d7ebd2b945a753ad70eebccb9bf78fd72904111c93b98,2,train
AQUA20,train,train,3327,4,fish,/home/tahiti/MARINE_DATASETS/AQUA20_PREPARED/images/train/04_fish/train_003327_9620a40f439b.jpg,9620a40f439b64febaca348bbef07697f899eb2bb392c3fe7c199c07ad722a67,256,256,9620a40f439b64febaca348bbef07697f899eb2bb392c3fe7c199c07ad722a67,2,train
AQUA20,train,train,3341,4,fish,/home/tahiti/MARINE_DATASETS/AQUA20_PREPARED/images/train/04_fish/train_003341_81ec6b965041.jpg,81ec6b965041e0293e74971a6db784326bf8213b189a3810153f9a133b1de5e9,256,256,81ec6b965041e0293e74971a6db784326bf8213b189a3810153f9a133b1de5e9,3,train
AQUA20,train,train,3352,4,fish,/home/tahiti/MARINE_DATASETS/AQUA20_PREPARED/images/train/04_fish/train_003352_6d66aae168aa.jpg,6d66aae168aaf9d5ac652c2c1539d3face5b202802d76d06cc3c98edeb89264f,256,256,6d66aae168aaf9d5ac652c2c1539d3face5b202802d76d06cc3c98edeb89264f,2,train
AQUA20,train,train,3357,4,fish,/home/tahiti/MARINE_DATASETS/AQUA20_PREPARED/images/train/04_fish/train_003357_6b065db9abf4.jpg,6b065db9abf48ca86656bb4de832a23c1fee9db3da74618350d0c2925e145bb8,256,256,6b065db9abf48ca86656bb4de832a23c1fee9db3da74618350d0c2925e145bb8,4,train
AQUA20,train,train,3409,4,fish,/home/tahiti/MARINE_DATASETS/AQUA20_PREPARED/images/train/04_fish/train_003409_a0c3dc0b5f36.jpg,a0c3dc0b5f369a61c889368e3c61c959cbb18825dbc19dcb951e3475b238a3cd,256,256,a0c3dc0b5f369a61c889368e3c61c959cbb18825dbc19dcb951e3475b238a3cd,2,train
AQUA20,train,train,3416,4,fish,/home/tahiti/MARINE_DATASETS/AQUA20_PREPARED/images/train/04_fish/train_003416_becefd264227.jpg,becefd2642276938f4ed1d547d660573bdc1fa47c1b71b88ccde54637a095a2f,256,256,becefd2642276938f4ed1d547d660573bdc1fa47c1b71b88ccde54637a095a2f,2,train
AQUA20,train,train,3425,4,fish,/home/tahiti/MARINE_DATASETS/AQUA20_PREPARED/images/train/04_fish/train_003425_b91413ae4841.jpg,b91413ae4841170b3b7a2a1e4f9d07853c9366f9e5ddc948ae1c1f868bf6f964,256,256,b91413ae4841170b3b7a2a1e4f9d07853c9366f9e5ddc948ae1c1f868bf6f964,3,train
AQUA20,train,train,3444,4,fish,/home/tahiti/MARINE_DATASETS/AQUA20_PREPARED/images/train/04_fish/train_003444_015b6a0b4c16.jpg,015b6a0b4c16b91f48d85d4642e7fa627b63bfc0858a372e25fab7d6cdc9587f,256,256,015b6a0b4c16b91f48d85d4642e7fa627b63bfc0858a372e25fab7d6cdc9587f,5,train
AQUA20,train,train,3450,4,fish,/home/tahiti/MARINE_DATASETS/AQUA20_PREPARED/images/train/04_fish/train_003450_31e5adc10fb0.jpg,31e5adc10fb047aa2e4dcdf4e3c5829a5ce2eb56bd7d95915f01238e64fd5029,256,256,31e5adc10fb047aa2e4dcdf4e3c5829a5ce2eb56bd7d95915f01238e64fd5029,5,train
AQUA20,train,train,3457,4,fish,/home/tahiti/MARINE_DATASETS/AQUA20_PREPARED/images/train/04_fish/train_003457_3822a19fb331.jpg,3822a19fb3315f1888b990edeb90e20c371ba4d17d33d46c32a776064888f958,256,256,3822a19fb3315f1888b990edeb90e20c371ba4d17d33d46c32a776064888f958,6,train
AQUA20,train,train,3466,4,fish,/home/tahiti/MARINE_DATASETS/AQUA20_PREPARED/images/train/04_fish/train_003466_9207b7617919.jpg,9207b7617919aab66e11dd0d2ae7c99b6ff7a106ca7d063a93faeb43a7f38a52,256,256,9207b7617919aab66e11dd0d2ae7c99b6ff7a106ca7d063a93faeb43a7f38a52,4,train
AQUA20,train,train,3481,4,fish,/home/tahiti/MARINE_DATASETS/AQUA20_PREPARED/images/train/04_fish/train_003481_cb342ca7b45a.jpg,cb342ca7b45ad5e86bfaef38c99fd5d9f333e6ffa523ffd80db4059936149733,256,256,cb342ca7b45ad5e86bfaef38c99fd5d9f333e6ffa523ffd80db4059936149733,6,train
AQUA20,train,train,3529,4,fish,/home/tahiti/MARINE_DATASETS/AQUA20_PREPARED/images/train/04_fish/train_003529_14c090a492dc.jpg,14c090a492dc9ec23a0ad1bd72f6efebe082a1bde4d1b186284c84ced92c5c2d,256,256,14c090a492dc9ec23a0ad1bd72f6efebe082a1bde4d1b186284c84ced92c5c2d,5,train
AQUA20,train,train,3564,4,fish,/home/tahiti/MARINE_DATASETS/AQUA20_PREPARED/images/train/04_fish/train_003564_b495615da9a8.jpg,b495615da9a823b0e7df5ebbc979304f101d956956ccd0f2bc38ca1d20a2fd49,256,256,b495615da9a823b0e7df5ebbc979304f101d956956ccd0f2bc38ca1d20a2fd49,2,train
AQUA20,train,train,3582,4,fish,/home/tahiti/MARINE_DATASETS/AQUA20_PREPARED/images/train/04_fish/train_003582_a02b9583443a.jpg,a02b9583443a0df7c769d75f82dcfc78ab23472df6869184c4d45de5b1b74aac,256,256,a02b9583443a0df7c769d75f82dcfc78ab23472df6869184c4d45de5b1b74aac,6,train
AQUA20,train,train,3588,4,fish,/home/tahiti/MARINE_DATASETS/AQUA20_PREPARED/images/train/04_fish/train_003588_3c2d507bed04.jpg,3c2d507bed04946a091cc27392227727d9dd82c6bed793284cdd2eb412a68244,256,256,3c2d507bed04946a091cc27392227727d9dd82c6bed793284cdd2eb412a68244,2,train
AQUA20,train,train,3595,4,fish,/home/tahiti/MARINE_DATASETS/AQUA20_PREPARED/images/train/04_fish/train_003595_845c535f7fac.jpg,845c535f7facb7c884a6a9e0e51bf0dcbd3bc25d77dd9b95e8611bfb24b3f932,256,256,845c535f7facb7c884a6a9e0e51bf0dcbd3bc25d77dd9b95e8611bfb24b3f932,4,train
AQUA20,train,train,3597,4,fish,/home/tahiti/MARINE_DATASETS/AQUA20_PREPARED/images/train/04_fish/train_003597_d994767ae4c5.jpg,d994767ae4c555f9f2f9ba5affe763bff12c826af5c85f406c0b763b0c5b59a7,256,256,d994767ae4c555f9f2f9ba5affe763bff12c826af5c85f406c0b763b0c5b59a7,5,train
AQUA20,train,train,3599,4,fish,/home/tahiti/MARINE_DATASETS/AQUA20_PREPARED/images/train/04_fish/train_003599_dc1030d996ce.jpg,dc1030d996ce0a193b8f1960331a20c7b2fe461f960534f16d0551c9cb8cb2c8,256,256,dc1030d996ce0a193b8f1960331a20c7b2fe461f960534f16d0551c9cb8cb2c8,5,train
AQUA20,train,train,3612,4,fish,/home/tahiti/MARINE_DATASETS/AQUA20_PREPARED/images/train/04_fish/train_003612_7f591ec889fc.jpg,7f591ec889fc3b566a6ad5d8f50542241869b4d53bbc50d7bd2612a27111580c,256,256,7f591ec889fc3b566a6ad5d8f50542241869b4d53bbc50d7bd2612a27111580c,2,train
AQUA20,train,train,3613,4,fish,/home/tahiti/MARINE_DATASETS/AQUA20_PREPARED/images/train/04_fish/train_003613_f2190458a941.jpg,f2190458a9417891f05f61c50acc3a76cd6d79b2e02cd88645d1fd204e8b5b47,256,256,f2190458a9417891f05f61c50acc3a76cd6d79b2e02cd88645d1fd204e8b5b47,3,train
AQUA20,train,train,3618,4,fish,/home/tahiti/MARINE_DATASETS/AQUA20_PREPARED/images/train/04_fish/train_003618_8dd4a82744ad.jpg,8dd4a82744ad8ffb44fb33eb9805336faa5fc814a6d19e8a23140610124f58d2,256,256,8dd4a82744ad8ffb44fb33eb9805336faa5fc814a6d19e8a23140610124f58d2,4,train
AQUA20,train,train,3639,4,fish,/home/tahiti/MARINE_DATASETS/AQUA20_PREPARED/images/train/04_fish/train_003639_766e7d053cea.jpg,766e7d053cea45e92e7674cac4e42fc465b99fbc2c04ab3f0bcdc1365fba451c,256,256,766e7d053cea45e92e7674cac4e42fc465b99fbc2c04ab3f0bcdc1365fba451c,2,train
AQUA20,train,train,3652,4,fish,/home/tahiti/MARINE_DATASETS/AQUA20_PREPARED/images/train/04_fish/train_003652_7144bc3657f7.jpg,7144bc3657f7ff5ba8758c70db169a705143b9f3016769f35bdc5aa504e349de,256,256,7144bc3657f7ff5ba8758c70db169a705143b9f3016769f35bdc5aa504e349de,2,train
AQUA20,train,train,3655,4,fish,/home/tahiti/MARINE_DATASETS/AQUA20_PREPARED/images/train/04_fish/train_003655_ba45f21c6be1.jpg,ba45f21c6be1d8560355a0f7a65e6e661edaf7dd460ba6b8f201fa04442fcdf8,256,256,ba45f21c6be1d8560355a0f7a65e6e661edaf7dd460ba6b8f201fa04442fcdf8,5,train
AQUA20,train,train,3658,4,fish,/home/tahiti/MARINE_DATASETS/AQUA20_PREPARED/images/train/04_fish/train_003658_20436f433e79.jpg,20436f433e79926600f98b7ee92ad01c1c4aebaa168108062946e25d50763fb5,256,256,20436f433e79926600f98b7ee92ad01c1c4aebaa168108062946e25d50763fb5,5,train
AQUA20,train,train,3666,4,fish,/home/tahiti/MARINE_DATASETS/AQUA20_PREPARED/images/train/04_fish/train_003666_307d064cdf46.jpg,307d064cdf4649dbbd2bd5a0df6b61df462fe47096c2decaee4e631071c61fc9,256,256,307d064cdf4649dbbd2bd5a0df6b61df462fe47096c2decaee4e631071c61fc9,3,train
AQUA20,train,train,3697,4,fish,/home/tahiti/MARINE_DATASETS/AQUA20_PREPARED/images/train/04_fish/train_003697_e2bcd6572cdf.jpg,e2bcd6572cdf45ae797197b1ad1924593d763914f29857af4ebda0092a009e99,256,256,e2bcd6572cdf45ae797197b1ad1924593d763914f29857af4ebda0092a009e99,5,train
AQUA20,train,train,3708,4,fish,/home/tahiti/MARINE_DATASETS/AQUA20_PREPARED/images/train/04_fish/train_003708_e51c1271096e.jpg,e51c1271096e53b1cf8275fdbf91a0503402af8862faf502f716406e7e73e0df,256,256,e51c1271096e53b1cf8275fdbf91a0503402af8862faf502f716406e7e73e0df,6,train
AQUA20,train,train,3710,4,fish,/home/tahiti/MARINE_DATASETS/AQUA20_PREPARED/images/train/04_fish/train_003710_cf525f4a0642.jpg,cf525f4a0642b872075c36fd060aee6146e55844927eb874feb53676cca556a9,256,256,cf525f4a0642b872075c36fd060aee6146e55844927eb874feb53676cca556a9,3,train
AQUA20,train,train,3732,4,fish,/home/tahiti/MARINE_DATASETS/AQUA20_PREPARED/images/train/04_fish/train_003732_474295cc00ee.jpg,474295cc00ee66445cc5804a2865d7330e5807999d2e4f1506bb1b8fc727b9df,256,256,474295cc00ee66445cc5804a2865d7330e5807999d2e4f1506bb1b8fc727b9df,6,train
AQUA20,train,train,3734,4,fish,/home/tahiti/MARINE_DATASETS/AQUA20_PREPARED/images/train/04_fish/train_003734_fee6bce4fe27.jpg,fee6bce4fe27724d3f9ffb9cf0c9516ad051afb089a503ac8a01484f8a8cbc8e,256,256,fee6bce4fe27724d3f9ffb9cf0c9516ad051afb089a503ac8a01484f8a8cbc8e,4,train
AQUA20,train,train,3749,4,fish,/home/tahiti/MARINE_DATASETS/AQUA20_PREPARED/images/train/04_fish/train_003749_22aaa0d3405d.jpg,22aaa0d3405da598247d0fb78adcfecb3e186f16ddecebd53366c3f15ebb11a8,256,256,22aaa0d3405da598247d0fb78adcfecb3e186f16ddecebd53366c3f15ebb11a8,6,train
AQUA20,train,train,3765,4,fish,/home/tahiti/MARINE_DATASETS/AQUA20_PREPARED/images/train/04_fish/train_003765_d9bd8a6f5b6f.jpg,d9bd8a6f5b6fa3d502b355590d84e32374122986c85886b107b7a9f3e8035dfd,256,256,d9bd8a6f5b6fa3d502b355590d84e32374122986c85886b107b7a9f3e8035dfd,2,train
AQUA20,train,train,3786,4,fish,/home/tahiti/MARINE_DATASETS/AQUA20_PREPARED/images/train/04_fish/train_003786_8d89b962492b.jpg,8d89b962492bc509c8095d491bf4a026c27e26be22d4981f7dcd0c956960c920,256,256,8d89b962492bc509c8095d491bf4a026c27e26be22d4981f7dcd0c956960c920,5,train
AQUA20,train,train,3792,4,fish,/home/tahiti/MARINE_DATASETS/AQUA20_PREPARED/images/train/04_fish/train_003792_82de2f69dfa5.jpg,82de2f69dfa51b756ad2c0ccd1f8a8bf2007d8a8484550a4ede9ef900e817481,256,256,82de2f69dfa51b756ad2c0ccd1f8a8bf2007d8a8484550a4ede9ef900e817481,2,train
AQUA20,train,train,3797,4,fish,/home/tahiti/MARINE_DATASETS/AQUA20_PREPARED/images/train/04_fish/train_003797_ccaa54f3f431.jpg,ccaa54f3f4314d248b91657fc583eac6da92e6f93252b247dd303923a7204316,256,256,ccaa54f3f4314d248b91657fc583eac6da92e6f93252b247dd303923a7204316,3,train
AQUA20,train,train,3842,4,fish,/home/tahiti/MARINE_DATASETS/AQUA20_PREPARED/images/train/04_fish/train_003842_ae47d5148de1.jpg,ae47d5148de1967490d31f17071559c49b176be5df2eaec45457e6a88c9e7196,320,240,ae47d5148de1967490d31f17071559c49b176be5df2eaec45457e6a88c9e7196,4,train
AQUA20,train,train,3844,4,fish,/home/tahiti/MARINE_DATASETS/AQUA20_PREPARED/images/train/04_fish/train_003844_0bc207800d9a.jpg,0bc207800d9aa68a4ee68a5b2270fab142d404c511404ada8b5f80ffc1feca4b,320,240,0bc207800d9aa68a4ee68a5b2270fab142d404c511404ada8b5f80ffc1feca4b,3,train
AQUA20,train,train,3874,4,fish,/home/tahiti/MARINE_DATASETS/AQUA20_PREPARED/images/train/04_fish/train_003874_d3305326fbe7.jpg,d3305326fbe79020818f204a5141e5024e8518d97cfab49c01f2a198c19cf4bd,320,240,d3305326fbe79020818f204a5141e5024e8518d97cfab49c01f2a198c19cf4bd,3,train
AQUA20,train,train,3889,4,fish,/home/tahiti/MARINE_DATASETS/AQUA20_PREPARED/images/train/04_fish/train_003889_df89108dc79f.jpg,df89108dc79f37e5f415817482cc86ddb343f3309589b657dd19b4411ff8255a,320,240,df89108dc79f37e5f415817482cc86ddb343f3309589b657dd19b4411ff8255a,2,train
AQUA20,train,train,3890,4,fish,/home/tahiti/MARINE_DATASETS/AQUA20_PREPARED/images/train/04_fish/train_003890_440504467a26.jpg,440504467a266a465c58cabeb2f6127d9481cc041086967a00ce992fe5ce505c,320,240,440504467a266a465c58cabeb2f6127d9481cc041086967a00ce992fe5ce505c,4,train
AQUA20,train,train,3898,4,fish,/home/tahiti/MARINE_DATASETS/AQUA20_PREPARED/images/train/04_fish/train_003898_85c948c70f26.jpg,85c948c70f26f265695e6fe31452453936967df8f5dfc5c328e8c28d9c9849ad,320,240,85c948c70f26f265695e6fe31452453936967df8f5dfc5c328e8c28d9c9849ad,5,train
AQUA20,train,train,3901,4,fish,/home/tahiti/MARINE_DATASETS/AQUA20_PREPARED/images/train/04_fish/train_003901_c6399b5e3f20.jpg,c6399b5e3f208034b21d0b2d893deb6bae481f45bc81fc86297acc5aad5781fa,320,240,c6399b5e3f208034b21d0b2d893deb6bae481f45bc81fc86297acc5aad5781fa,6,train
AQUA20,train,train,3902,4,fish,/home/tahiti/MARINE_DATASETS/AQUA20_PREPARED/images/train/04_fish/train_003902_a91483e9324b.jpg,a91483e9324b5e5ee91e8d30a5e913d499877485081e36a76d9d80c57bab4675,320,240,a91483e9324b5e5ee91e8d30a5e913d499877485081e36a76d9d80c57bab4675,6,train
AQUA20,train,train,3907,4,fish,/home/tahiti/MARINE_DATASETS/AQUA20_PREPARED/images/train/04_fish/train_003907_4c8a812bc395.jpg,4c8a812bc3953d766226201e4d58e81b52da031665a802441a08298969b583f5,320,240,4c8a812bc3953d766226201e4d58e81b52da031665a802441a08298969b583f5,5,train
AQUA20,train,train,3914,4,fish,/home/tahiti/MARINE_DATASETS/AQUA20_PREPARED/images/train/04_fish/train_003914_43e479bf1336.jpg,43e479bf1336c5299a30627181ad72735740e0f2b04f57c270d7427b6ccb03a4,320,240,43e479bf1336c5299a30627181ad72735740e0f2b04f57c270d7427b6ccb03a4,3,train
AQUA20,train,train,3918,4,fish,/home/tahiti/MARINE_DATASETS/AQUA20_PREPARED/images/train/04_fish/train_003918_1e3b64930234.jpg,1e3b649302342bb65bec1d2094a41e5bc476d863b4e23177cddcf78b8aee3492,320,240,1e3b649302342bb65bec1d2094a41e5bc476d863b4e23177cddcf78b8aee3492,4,train
AQUA20,train,train,3919,4,fish,/home/tahiti/MARINE_DATASETS/AQUA20_PREPARED/images/train/04_fish/train_003919_49d203a6fa28.jpg,49d203a6fa282fa4b75eb3a6426c2eaf11ecdd8dd80c897d436e0c7cd41bc8c3,320,240,49d203a6fa282fa4b75eb3a6426c2eaf11ecdd8dd80c897d436e0c7cd41bc8c3,6,train
AQUA20,train,train,3922,4,fish,/home/tahiti/MARINE_DATASETS/AQUA20_PREPARED/images/train/04_fish/train_003922_6045de1f5ff5.jpg,6045de1f5ff5c3232a91db9e2319174306e20ea77e36c7721d2a0da783c8991f,320,240,6045de1f5ff5c3232a91db9e2319174306e20ea77e36c7721d2a0da783c8991f,5,train
AQUA20,train,train,3926,4,fish,/home/tahiti/MARINE_DATASETS/AQUA20_PREPARED/images/train/04_fish/train_003926_62327267d11e.jpg,62327267d11ee0de4edb55c679765efc3ddf790479b51edc2a6553860d555c9a,320,240,62327267d11ee0de4edb55c679765efc3ddf790479b51edc2a6553860d555c9a,6,train
AQUA20,train,train,3929,4,fish,/home/tahiti/MARINE_DATASETS/AQUA20_PREPARED/images/train/04_fish/train_003929_5c0e8c183ae7.jpg,5c0e8c183ae70a947d02b0305e668ee5993920cafbac0a4ebe4939593bddadad,320,240,5c0e8c183ae70a947d02b0305e668ee5993920cafbac0a4ebe4939593bddadad,4,train
AQUA20,train,train,3930,4,fish,/home/tahiti/MARINE_DATASETS/AQUA20_PREPARED/images/train/04_fish/train_003930_496fe623f36e.jpg,496fe623f36e05e87a0b2f3cb80e861a45c89ec3c4590a2654507e823d957fbc,320,240,496fe623f36e05e87a0b2f3cb80e861a45c89ec3c4590a2654507e823d957fbc,6,train
AQUA20,train,train,3934,4,fish,/home/tahiti/MARINE_DATASETS/AQUA20_PREPARED/images/train/04_fish/train_003934_7942205a7a7a.jpg,7942205a7a7aeb0daf6f729785313a9cd28da356ce15610dbac60244267adf14,320,240,7942205a7a7aeb0daf6f729785313a9cd28da356ce15610dbac60244267adf14,2,train
AQUA20,train,train,3966,4,fish,/home/tahiti/MARINE_DATASETS/AQUA20_PREPARED/images/train/04_fish/train_003966_4a311bbcd1e7.jpg,4a311bbcd1e76dfb3bbf0f523a2bbed6b3c3e976c6d964d0826eea1ab186d323,320,240,4a311bbcd1e76dfb3bbf0f523a2bbed6b3c3e976c6d964d0826eea1ab186d323,2,train
AQUA20,train,train,3968,4,fish,/home/tahiti/MARINE_DATASETS/AQUA20_PREPARED/images/train/04_fish/train_003968_e10f6d6f8728.jpg,e10f6d6f8728040174ca8152de242fb050bc41cf7dd502319979e30aa15940a2,320,240,e10f6d6f8728040174ca8152de242fb050bc41cf7dd502319979e30aa15940a2,2,train
AQUA20,train,train,3972,4,fish,/home/tahiti/MARINE_DATASETS/AQUA20_PREPARED/images/train/04_fish/train_003972_1265508d30a0.jpg,1265508d30a0d0d2fb3fa1f63b51b3c4843457c54e97a335feb3fdfe484c0732,256,256,1265508d30a0d0d2fb3fa1f63b51b3c4843457c54e97a335feb3fdfe484c0732,5,train
AQUA20,train,train,3977,4,fish,/home/tahiti/MARINE_DATASETS/AQUA20_PREPARED/images/train/04_fish/train_003977_eaa4db1f1d9e.jpg,eaa4db1f1d9e8098a1d64ace5d4d295540f0ef0c58fce6ccf3bf44a56f20bcbc,320,240,eaa4db1f1d9e8098a1d64ace5d4d295540f0ef0c58fce6ccf3bf44a56f20bcbc,5,train
AQUA20,train,train,3981,4,fish,/home/tahiti/MARINE_DATASETS/AQUA20_PREPARED/images/train/04_fish/train_003981_21e46798350f.jpg,21e46798350fe973f2e8f0cebd4e522c5f214e45a29f80680ddd866eeb068064,320,240,21e46798350fe973f2e8f0cebd4e522c5f214e45a29f80680ddd866eeb068064,3,train
AQUA20,train,train,4001,4,fish,/home/tahiti/MARINE_DATASETS/AQUA20_PREPARED/images/train/04_fish/train_004001_eee76396b1c8.jpg,eee76396b1c88d630f24f4bb8c24e5ac1420c249ba34a2e60db25247894bfc7c,320,240,eee76396b1c88d630f24f4bb8c24e5ac1420c249ba34a2e60db25247894bfc7c,5,train
AQUA20,train,train,4012,4,fish,/home/tahiti/MARINE_DATASETS/AQUA20_PREPARED/images/train/04_fish/train_004012_2a51447df692.jpg,2a51447df692b2607ec05fc0cd46bc878c04aa02b46a5d27a57c600f78ac717f,320,240,2a51447df692b2607ec05fc0cd46bc878c04aa02b46a5d27a57c600f78ac717f,5,train
AQUA20,train,train,4013,4,fish,/home/tahiti/MARINE_DATASETS/AQUA20_PREPARED/images/train/04_fish/train_004013_c303ab2c31ec.jpg,c303ab2c31ecbcea9cb57b8b255065e79392b51e94070a8a0ac368f6e2d6b13f,320,240,c303ab2c31ecbcea9cb57b8b255065e79392b51e94070a8a0ac368f6e2d6b13f,6,train
AQUA20,train,train,4033,5,fishInGroups,/home/tahiti/MARINE_DATASETS/AQUA20_PREPARED/images/train/05_fishInGroups/train_004033_294e79f16e6c.jpg,294e79f16e6ca787ac6163b4b106ea9714073e052a6d44ba64885f779be8f7f1,320,240,294e79f16e6ca787ac6163b4b106ea9714073e052a6d44ba64885f779be8f7f1,4,train
AQUA20,train,train,4042,5,fishInGroups,/home/tahiti/MARINE_DATASETS/AQUA20_PREPARED/images/train/05_fishInGroups/train_004042_e1b5b58feb0f.jpg,e1b5b58feb0f5891d0ba5be9a1608766b122ce2f03304384a877d6627b4ccc4a,320,240,e1b5b58feb0f5891d0ba5be9a1608766b122ce2f03304384a877d6627b4ccc4a,5,train
AQUA20,train,train,4045,5,fishInGroups,/home/tahiti/MARINE_DATASETS/AQUA20_PREPARED/images/train/05_fishInGroups/train_004045_b20110e7235c.jpg,b20110e7235c9bb26b122b16cba142faed47cba9155fb5b5246cb248f570bb0d,320,240,b20110e7235c9bb26b122b16cba142faed47cba9155fb5b5246cb248f570bb0d,6,train
AQUA20,train,train,4047,5,fishInGroups,/home/tahiti/MARINE_DATASETS/AQUA20_PREPARED/images/train/05_fishInGroups/train_004047_78068e7926b7.jpg,78068e7926b71b111836edb1984461da00f2701791c1d14c04c540e9749cbdb7,320,240,78068e7926b71b111836edb1984461da00f2701791c1d14c04c540e9749cbdb7,4,train
AQUA20,train,train,4053,5,fishInGroups,/home/tahiti/MARINE_DATASETS/AQUA20_PREPARED/images/train/05_fishInGroups/train_004053_36463ce8d563.jpg,36463ce8d5638652eec76c2a97492143c779e61ef6638e9ae6276f9372b66d64,320,240,36463ce8d5638652eec76c2a97492143c779e61ef6638e9ae6276f9372b66d64,5,train
AQUA20,train,train,4055,5,fishInGroups,/home/tahiti/MARINE_DATASETS/AQUA20_PREPARED/images/train/05_fishInGroups/train_004055_d025181fe9ba.jpg,d025181fe9ba82bea085cf9581a511717103e28f381e20eae09a68e7d793943e,320,240,d025181fe9ba82bea085cf9581a511717103e28f381e20eae09a68e7d793943e,4,train
AQUA20,train,train,4068,5,fishInGroups,/home/tahiti/MARINE_DATASETS/AQUA20_PREPARED/images/train/05_fishInGroups/train_004068_ee4746f846e4.jpg,ee4746f846e454980aee4d83a08a23e24ce75eacca3cd09420fb1d87c31ae3d3,320,240,ee4746f846e454980aee4d83a08a23e24ce75eacca3cd09420fb1d87c31ae3d3,4,train
AQUA20,train,train,4079,5,fishInGroups,/home/tahiti/MARINE_DATASETS/AQUA20_PREPARED/images/train/05_fishInGroups/train_004079_0660a418c266.jpg,0660a418c26692fe9a06f1bae44f911c3ec8014c2b24a4f08947e26398350ef0,320,240,0660a418c26692fe9a06f1bae44f911c3ec8014c2b24a4f08947e26398350ef0,5,train
AQUA20,train,train,4094,5,fishInGroups,/home/tahiti/MARINE_DATASETS/AQUA20_PREPARED/images/train/05_fishInGroups/train_004094_2bcdb1e88e9d.jpg,2bcdb1e88e9df915ed192c0251574c302a9315f9445c8d30b9310898021cee43,256,256,2bcdb1e88e9df915ed192c0251574c302a9315f9445c8d30b9310898021cee43,4,train
AQUA20,train,train,4102,5,fishInGroups,/home/tahiti/MARINE_DATASETS/AQUA20_PREPARED/images/train/05_fishInGroups/train_004102_796b88d9ba9c.jpg,796b88d9ba9c6c48fe169975dddb4231dc134b7a3eec074250c266ab8d8d168b,320,240,796b88d9ba9c6c48fe169975dddb4231dc134b7a3eec074250c266ab8d8d168b,2,train
AQUA20,train,train,4154,5,fishInGroups,/home/tahiti/MARINE_DATASETS/AQUA20_PREPARED/images/train/05_fishInGroups/train_004154_12f23ac5c28c.jpg,12f23ac5c28c4f3b3fc385bc11d4f242feb4c98efa07256c867105f030c8223a,320,240,12f23ac5c28c4f3b3fc385bc11d4f242feb4c98efa07256c867105f030c8223a,3,train
AQUA20,train,train,4157,5,fishInGroups,/home/tahiti/MARINE_DATASETS/AQUA20_PREPARED/images/train/05_fishInGroups/train_004157_562c59196a22.jpg,562c59196a22b0734bea151900bc995c7a65ff3fadec073dcb38692a8a946b7a,320,240,562c59196a22b0734bea151900bc995c7a65ff3fadec073dcb38692a8a946b7a,2,train
AQUA20,train,train,4162,5,fishInGroups,/home/tahiti/MARINE_DATASETS/AQUA20_PREPARED/images/train/05_fishInGroups/train_004162_0c1e13dd29dc.jpg,0c1e13dd29dc263e5d72ae68cfcf678c7d870df7298d0ac1ff4488e467602f26,320,240,0c1e13dd29dc263e5d72ae68cfcf678c7d870df7298d0ac1ff4488e467602f26,6,train
AQUA20,train,train,4220,5,fishInGroups,/home/tahiti/MARINE_DATASETS/AQUA20_PREPARED/images/train/05_fishInGroups/train_004220_047fed114278.jpg,047fed11427846e748ac3a26d3c42dd7e45ab8177a02c6f3eaf87141d9dc2a6c,256,256,047fed11427846e748ac3a26d3c42dd7e45ab8177a02c6f3eaf87141d9dc2a6c,5,train
AQUA20,train,train,4247,5,fishInGroups,/home/tahiti/MARINE_DATASETS/AQUA20_PREPARED/images/train/05_fishInGroups/train_004247_c12b3ec8884c.jpg,c12b3ec8884cd2e66c049454f37b85fa6090893e41913ac4ed1645d16dd2f345,256,256,c12b3ec8884cd2e66c049454f37b85fa6090893e41913ac4ed1645d16dd2f345,5,train
AQUA20,train,train,4252,5,fishInGroups,/home/tahiti/MARINE_DATASETS/AQUA20_PREPARED/images/train/05_fishInGroups/train_004252_9b68a3d7ae1f.jpg,9b68a3d7ae1f7dc5ce3228cb43ab2a8663cd02269bb2da4d1e5284ded6283c0b,256,256,9b68a3d7ae1f7dc5ce3228cb43ab2a8663cd02269bb2da4d1e5284ded6283c0b,2,train
AQUA20,train,train,4266,5,fishInGroups,/home/tahiti/MARINE_DATASETS/AQUA20_PREPARED/images/train/05_fishInGroups/train_004266_99f3121acea5.jpg,99f3121acea5421a7969bee7fe70b4aa2061faa7d0dcdbfa68ed97a7795351d5,256,256,99f3121acea5421a7969bee7fe70b4aa2061faa7d0dcdbfa68ed97a7795351d5,3,train
AQUA20,train,train,4271,5,fishInGroups,/home/tahiti/MARINE_DATASETS/AQUA20_PREPARED/images/train/05_fishInGroups/train_004271_dc98e7920388.jpg,dc98e7920388ce4db4996d93e1bd9c5daa3694089994a482f3fee3f28458ce4e,256,256,dc98e7920388ce4db4996d93e1bd9c5daa3694089994a482f3fee3f28458ce4e,3,train
AQUA20,train,train,4272,5,fishInGroups,/home/tahiti/MARINE_DATASETS/AQUA20_PREPARED/images/train/05_fishInGroups/train_004272_9fc873f8328f.jpg,9fc873f8328fb96338f726f4c27cce57cc81c851254a33eaa816818038509730,256,256,9fc873f8328fb96338f726f4c27cce57cc81c851254a33eaa816818038509730,3,train
AQUA20,train,train,4274,5,fishInGroups,/home/tahiti/MARINE_DATASETS/AQUA20_PREPARED/images/train/05_fishInGroups/train_004274_b537422f203e.jpg,b537422f203e8a1a34b8e4e2c595c67e1dea4a98c7ea9243bd9e6260123e864e,256,256,b537422f203e8a1a34b8e4e2c595c67e1dea4a98c7ea9243bd9e6260123e864e,4,train
AQUA20,train,train,4292,6,flatworm,/home/tahiti/MARINE_DATASETS/AQUA20_PREPARED/images/train/06_flatworm/train_004292_684c96d7a10a.jpg,684c96d7a10ad23b939d59249e207ec618a9415fb2edabc08b71d78f5b472ea6,256,256,684c96d7a10ad23b939d59249e207ec618a9415fb2edabc08b71d78f5b472ea6,5,train
AQUA20,train,train,4314,6,flatworm,/home/tahiti/MARINE_DATASETS/AQUA20_PREPARED/images/train/06_flatworm/train_004314_54995b49d914.jpg,54995b49d914b8f557b31ec47d59bfa1cc39b812846c8ffcf3a6207fc6af17b3,256,256,54995b49d914b8f557b31ec47d59bfa1cc39b812846c8ffcf3a6207fc6af17b3,6,train
AQUA20,train,train,4316,6,flatworm,/home/tahiti/MARINE_DATASETS/AQUA20_PREPARED/images/train/06_flatworm/train_004316_caa7a1b9d321.jpg,caa7a1b9d32196a1b1cc7bd2843f4e07b8b0da59cae9f2f559c5117fe37c0181,256,256,caa7a1b9d32196a1b1cc7bd2843f4e07b8b0da59cae9f2f559c5117fe37c0181,6,train
AQUA20,train,train,4328,6,flatworm,/home/tahiti/MARINE_DATASETS/AQUA20_PREPARED/images/train/06_flatworm/train_004328_ce6d4876c089.jpg,ce6d4876c0890e59be9d6b47b5bd27a5185da8b13fed2e36849b0beac5d0a5fa,256,256,ce6d4876c0890e59be9d6b47b5bd27a5185da8b13fed2e36849b0beac5d0a5fa,6,train
AQUA20,train,train,4345,7,jellyfish,/home/tahiti/MARINE_DATASETS/AQUA20_PREPARED/images/train/07_jellyfish/train_004345_315d9b31bf9b.jpg,315d9b31bf9b2a36b6d060d3ebbdbf23c53e5e6cccd685f8aa83a78e406ba31c,256,256,315d9b31bf9b2a36b6d060d3ebbdbf23c53e5e6cccd685f8aa83a78e406ba31c,3,train
AQUA20,train,train,4359,7,jellyfish,/home/tahiti/MARINE_DATASETS/AQUA20_PREPARED/images/train/07_jellyfish/train_004359_9fa10b546d5f.jpg,9fa10b546d5fbe5cd8d28bacaae187b7260548d473be6f09bdca36ec3776332b,256,256,9fa10b546d5fbe5cd8d28bacaae187b7260548d473be6f09bdca36ec3776332b,5,train
AQUA20,train,train,4374,7,jellyfish,/home/tahiti/MARINE_DATASETS/AQUA20_PREPARED/images/train/07_jellyfish/train_004374_3c8a9846e3c2.jpg,3c8a9846e3c23f12cc7770a450dfb7e33ae0c228920f06bcf0f1d07fd4cae8c1,256,256,3c8a9846e3c23f12cc7770a450dfb7e33ae0c228920f06bcf0f1d07fd4cae8c1,6,train
AQUA20,train,train,4392,7,jellyfish,/home/tahiti/MARINE_DATASETS/AQUA20_PREPARED/images/train/07_jellyfish/train_004392_32ecec50be0b.jpg,32ecec50be0bc09c137137bf4850ba195240d4a234c18d7c95d5acce20f31f75,256,256,32ecec50be0bc09c137137bf4850ba195240d4a234c18d7c95d5acce20f31f75,4,train
AQUA20,train,train,4400,7,jellyfish,/home/tahiti/MARINE_DATASETS/AQUA20_PREPARED/images/train/07_jellyfish/train_004400_9a70a3a7e085.jpg,9a70a3a7e08563cbad8f5b361339c2c7569eb470223dc4c9f3372e35787af9fa,256,256,9a70a3a7e08563cbad8f5b361339c2c7569eb470223dc4c9f3372e35787af9fa,4,train
AQUA20,train,train,4416,7,jellyfish,/home/tahiti/MARINE_DATASETS/AQUA20_PREPARED/images/train/07_jellyfish/train_004416_9a5c3e7bdde2.jpg,9a5c3e7bdde2182b16bd49ffe673b3b82934464ea619981b3bbe2e72007baa4e,256,256,9a5c3e7bdde2182b16bd49ffe673b3b82934464ea619981b3bbe2e72007baa4e,6,train
AQUA20,train,train,4435,8,marine_dolphin,/home/tahiti/MARINE_DATASETS/AQUA20_PREPARED/images/train/08_marine_dolphin/train_004435_d2f959d17f28.jpg,d2f959d17f287ded6c9ddf68eace07f858219be9b401796b3a598ada6a6c93f5,256,256,d2f959d17f287ded6c9ddf68eace07f858219be9b401796b3a598ada6a6c93f5,6,train
AQUA20,train,train,4451,8,marine_dolphin,/home/tahiti/MARINE_DATASETS/AQUA20_PREPARED/images/train/08_marine_dolphin/train_004451_0fb5198c5cf5.jpg,0fb5198c5cf5ce50c17909dc788447a51ddbb6869f03b7cc4c846c332c03964d,256,256,0fb5198c5cf5ce50c17909dc788447a51ddbb6869f03b7cc4c846c332c03964d,4,train
AQUA20,train,train,4462,9,octopus,/home/tahiti/MARINE_DATASETS/AQUA20_PREPARED/images/train/09_octopus/train_004462_e13b818ab9f6.jpg,e13b818ab9f68fb3da7172160344de799693a9bedd0a9997410fd168d2ae19f7,5474,3650,e13b818ab9f68fb3da7172160344de799693a9bedd0a9997410fd168d2ae19f7,3,train
AQUA20,train,train,4470,9,octopus,/home/tahiti/MARINE_DATASETS/AQUA20_PREPARED/images/train/09_octopus/train_004470_30acc594749f.jpg,30acc594749fc6c8060cf435c9ac1fc28d0dc400fa39511b16ea60e877b217a1,256,256,30acc594749fc6c8060cf435c9ac1fc28d0dc400fa39511b16ea60e877b217a1,6,train
AQUA20,train,train,4475,10,rayfish,/home/tahiti/MARINE_DATASETS/AQUA20_PREPARED/images/train/10_rayfish/train_004475_b6f006d9a40a.jpg,b6f006d9a40aecb3afd9a760040019b129ee9366794f5f070600a6534be69fb7,256,256,b6f006d9a40aecb3afd9a760040019b129ee9366794f5f070600a6534be69fb7,2,train
AQUA20,train,train,4480,10,rayfish,/home/tahiti/MARINE_DATASETS/AQUA20_PREPARED/images/train/10_rayfish/train_004480_e662a1a3e632.jpg,e662a1a3e6327f724f738443f09e5f538b826b2c4a998d599f86434a61948445,256,256,e662a1a3e6327f724f738443f09e5f538b826b2c4a998d599f86434a61948445,4,train
AQUA20,train,train,4481,10,rayfish,/home/tahiti/MARINE_DATASETS/AQUA20_PREPARED/images/train/10_rayfish/train_004481_4262077f83fd.jpg,4262077f83fda2bfbf03ff07537ba4f481749580a1e029e2eeb8c66808315033,256,256,4262077f83fda2bfbf03ff07537ba4f481749580a1e029e2eeb8c66808315033,2,train
AQUA20,train,train,4495,10,rayfish,/home/tahiti/MARINE_DATASETS/AQUA20_PREPARED/images/train/10_rayfish/train_004495_acec6a763497.jpg,acec6a76349787bf3780b498f0cb8461c1e8618166e4b0b9008497fbc79fb6d5,256,256,acec6a76349787bf3780b498f0cb8461c1e8618166e4b0b9008497fbc79fb6d5,4,train
AQUA20,train,train,4519,10,rayfish,/home/tahiti/MARINE_DATASETS/AQUA20_PREPARED/images/train/10_rayfish/train_004519_498d319981e7.jpg,498d319981e700f74a5b1806d7995a0d4549ef569612cc135c61b616e3c2d3fe,256,256,498d319981e700f74a5b1806d7995a0d4549ef569612cc135c61b616e3c2d3fe,5,train
AQUA20,train,train,4535,10,rayfish,/home/tahiti/MARINE_DATASETS/AQUA20_PREPARED/images/train/10_rayfish/train_004535_4d27aff1b2ba.jpg,4d27aff1b2ba7df161a4f6fad904423797d0c1c1c28cad829fee1d95ee44226c,256,256,4d27aff1b2ba7df161a4f6fad904423797d0c1c1c28cad829fee1d95ee44226c,6,train
AQUA20,train,train,4560,10,rayfish,/home/tahiti/MARINE_DATASETS/AQUA20_PREPARED/images/train/10_rayfish/train_004560_5bfc4ed4a5d1.jpg,5bfc4ed4a5d1f7539813952192429db3cfa1e172668a97a88d767eb561f697df,256,256,5bfc4ed4a5d1f7539813952192429db3cfa1e172668a97a88d767eb561f697df,6,train
AQUA20,train,train,4568,10,rayfish,/home/tahiti/MARINE_DATASETS/AQUA20_PREPARED/images/train/10_rayfish/train_004568_d75e2f34b68a.jpg,d75e2f34b68ae40b7cfbbac02bda200700034e47f5e999dcb1d2ccb01cd8c76b,256,256,d75e2f34b68ae40b7cfbbac02bda200700034e47f5e999dcb1d2ccb01cd8c76b,3,train
AQUA20,train,train,4571,10,rayfish,/home/tahiti/MARINE_DATASETS/AQUA20_PREPARED/images/train/10_rayfish/train_004571_8ae23a961e8d.jpg,8ae23a961e8d3032c353ab1e2e646a851acb3c5c90283cf3c324047e2dec47ae,256,256,8ae23a961e8d3032c353ab1e2e646a851acb3c5c90283cf3c324047e2dec47ae,3,train
AQUA20,train,train,4575,10,rayfish,/home/tahiti/MARINE_DATASETS/AQUA20_PREPARED/images/train/10_rayfish/train_004575_6b607b35d02d.jpg,6b607b35d02d63c5167a684bdbcb62e8bd9c20a2341330bee56b22f212462b46,256,256,6b607b35d02d63c5167a684bdbcb62e8bd9c20a2341330bee56b22f212462b46,6,train
AQUA20,train,train,4577,10,rayfish,/home/tahiti/MARINE_DATASETS/AQUA20_PREPARED/images/train/10_rayfish/train_004577_c6600e7b8246.jpg,c6600e7b8246656e79c952e3003372ba116d3e985b3b4931d45933ac56214e34,256,256,c6600e7b8246656e79c952e3003372ba116d3e985b3b4931d45933ac56214e34,5,train
AQUA20,train,train,4588,10,rayfish,/home/tahiti/MARINE_DATASETS/AQUA20_PREPARED/images/train/10_rayfish/train_004588_8ad368dc395f.jpg,8ad368dc395f89ab49ae3950e1861b465bda928f717790dd54e1e0a744e44b92,256,256,8ad368dc395f89ab49ae3950e1861b465bda928f717790dd54e1e0a744e44b92,5,train
AQUA20,train,train,4593,10,rayfish,/home/tahiti/MARINE_DATASETS/AQUA20_PREPARED/images/train/10_rayfish/train_004593_ebfb34f2dafc.jpg,ebfb34f2dafc9dd906eb059c8899b845f942baa0e023bed4aeb9d8b38934129f,256,256,ebfb34f2dafc9dd906eb059c8899b845f942baa0e023bed4aeb9d8b38934129f,6,train
AQUA20,train,train,4599,10,rayfish,/home/tahiti/MARINE_DATASETS/AQUA20_PREPARED/images/train/10_rayfish/train_004599_d7f88051bc35.jpg,d7f88051bc3572f60cdb57f4cc95dfaa1ba990927c3ca3e5010e23119a57963a,256,256,d7f88051bc3572f60cdb57f4cc95dfaa1ba990927c3ca3e5010e23119a57963a,4,train
AQUA20,train,train,4602,10,rayfish,/home/tahiti/MARINE_DATASETS/AQUA20_PREPARED/images/train/10_rayfish/train_004602_ad01101e4f5b.jpg,ad01101e4f5bf4895dae99a7839060a2b995584fe8fc7388f974ace880daacde,256,256,ad01101e4f5bf4895dae99a7839060a2b995584fe8fc7388f974ace880daacde,6,train
AQUA20,train,train,4620,10,rayfish,/home/tahiti/MARINE_DATASETS/AQUA20_PREPARED/images/train/10_rayfish/train_004620_51d74db77221.jpg,51d74db77221a9907bf14b25959cbb8f804950cdb844e9a008f0db9261e3a0b8,256,256,51d74db77221a9907bf14b25959cbb8f804950cdb844e9a008f0db9261e3a0b8,2,train
AQUA20,train,train,4637,10,rayfish,/home/tahiti/MARINE_DATASETS/AQUA20_PREPARED/images/train/10_rayfish/train_004637_54ffe9c73446.jpg,54ffe9c73446316ae292a36e8ed57994bff411c0d6ec97ca84b96301748d102f,256,256,54ffe9c73446316ae292a36e8ed57994bff411c0d6ec97ca84b96301748d102f,4,train
AQUA20,train,train,4666,10,rayfish,/home/tahiti/MARINE_DATASETS/AQUA20_PREPARED/images/train/10_rayfish/train_004666_0e76a21c54b7.jpg,0e76a21c54b79de5f770af87669300649869827b4f083bf9f217e683ed5c702e,256,256,0e76a21c54b79de5f770af87669300649869827b4f083bf9f217e683ed5c702e,4,train
AQUA20,train,train,4705,10,rayfish,/home/tahiti/MARINE_DATASETS/AQUA20_PREPARED/images/train/10_rayfish/train_004705_3b3e405ac21d.jpg,3b3e405ac21dc0bc261fb13c588f0e4e89403dd49c3fd25407dd3c8dbec86020,256,256,3b3e405ac21dc0bc261fb13c588f0e4e89403dd49c3fd25407dd3c8dbec86020,5,train
AQUA20,train,train,4716,10,rayfish,/home/tahiti/MARINE_DATASETS/AQUA20_PREPARED/images/train/10_rayfish/train_004716_dee61c3e30f4.jpg,dee61c3e30f4228243ff278adfd667bc7786e530adce5819be92d8201961a0b0,256,256,dee61c3e30f4228243ff278adfd667bc7786e530adce5819be92d8201961a0b0,6,train
AQUA20,train,train,4717,10,rayfish,/home/tahiti/MARINE_DATASETS/AQUA20_PREPARED/images/train/10_rayfish/train_004717_a0ce628b6671.jpg,a0ce628b667130a7fde393400f56f4d38365728b3175a91aa9fb0bbc55582fd3,256,256,a0ce628b667130a7fde393400f56f4d38365728b3175a91aa9fb0bbc55582fd3,4,train
AQUA20,train,train,4831,10,rayfish,/home/tahiti/MARINE_DATASETS/AQUA20_PREPARED/images/train/10_rayfish/train_004831_5f6381dca04c.jpg,5f6381dca04c3134b37409126da8a59bacf60e2977a05f900541ba85a565debb,256,256,5f6381dca04c3134b37409126da8a59bacf60e2977a05f900541ba85a565debb,4,train
AQUA20,train,train,4851,10,rayfish,/home/tahiti/MARINE_DATASETS/AQUA20_PREPARED/images/train/10_rayfish/train_004851_18eb4f945287.jpg,18eb4f94528784a7d0c06933207dee84f1650f75df1a415d8d3c0197a43f2768,320,240,18eb4f94528784a7d0c06933207dee84f1650f75df1a415d8d3c0197a43f2768,5,train
AQUA20,train,train,4852,10,rayfish,/home/tahiti/MARINE_DATASETS/AQUA20_PREPARED/images/train/10_rayfish/train_004852_d736ad88b887.jpg,d736ad88b88737597ee4f5aa42da4031d0f8a4a066445d1a14499a847c209136,320,240,d736ad88b88737597ee4f5aa42da4031d0f8a4a066445d1a14499a847c209136,3,train
AQUA20,train,train,4873,11,seaAnemone,/home/tahiti/MARINE_DATASETS/AQUA20_PREPARED/images/train/11_seaAnemone/train_004873_7698123e25a6.jpg,7698123e25a68352d11d85f7e407933eab8f2ea433abd62a83e56c29b9e17b7a,320,240,7698123e25a68352d11d85f7e407933eab8f2ea433abd62a83e56c29b9e17b7a,2,train
AQUA20,train,train,4892,11,seaAnemone,/home/tahiti/MARINE_DATASETS/AQUA20_PREPARED/images/train/11_seaAnemone/train_004892_23daa1e35d62.jpg,23daa1e35d624af9a4999bff937aa08fa0f2de422f50650f75a4c93b9afc0941,320,240,23daa1e35d624af9a4999bff937aa08fa0f2de422f50650f75a4c93b9afc0941,2,train
AQUA20,train,train,4897,11,seaAnemone,/home/tahiti/MARINE_DATASETS/AQUA20_PREPARED/images/train/11_seaAnemone/train_004897_343ea17a54ef.jpg,343ea17a54efe1dcc7465f311ca860e69653814f0d983a4694002b040d82cef4,256,256,343ea17a54efe1dcc7465f311ca860e69653814f0d983a4694002b040d82cef4,3,train
AQUA20,train,train,4911,11,seaAnemone,/home/tahiti/MARINE_DATASETS/AQUA20_PREPARED/images/train/11_seaAnemone/train_004911_89aee6ff32e1.jpg,89aee6ff32e14953058832cc5faf3be91cc170c2955253b1521bc559d14319c7,256,256,89aee6ff32e14953058832cc5faf3be91cc170c2955253b1521bc559d14319c7,2,train
AQUA20,train,train,4921,11,seaAnemone,/home/tahiti/MARINE_DATASETS/AQUA20_PREPARED/images/train/11_seaAnemone/train_004921_4fb45bb84071.jpg,4fb45bb840710fe9eaa2786ea38f7c71269e1bd49bfaf1b6d814cf17bfcff14f,256,256,4fb45bb840710fe9eaa2786ea38f7c71269e1bd49bfaf1b6d814cf17bfcff14f,3,train
AQUA20,train,train,4929,11,seaAnemone,/home/tahiti/MARINE_DATASETS/AQUA20_PREPARED/images/train/11_seaAnemone/train_004929_bf30648ae490.jpg,bf30648ae490bcb78d50be57bf5560659403adbf48c9e2e83a5d5931e118a695,256,256,bf30648ae490bcb78d50be57bf5560659403adbf48c9e2e83a5d5931e118a695,2,train
AQUA20,train,train,4946,11,seaAnemone,/home/tahiti/MARINE_DATASETS/AQUA20_PREPARED/images/train/11_seaAnemone/train_004946_1b4690d16a8d.jpg,1b4690d16a8d47d73e23d952b4083eab554f273d4ffcc4cf13296a53a65b9030,256,256,1b4690d16a8d47d73e23d952b4083eab554f273d4ffcc4cf13296a53a65b9030,6,train
AQUA20,train,train,4965,11,seaAnemone,/home/tahiti/MARINE_DATASETS/AQUA20_PREPARED/images/train/11_seaAnemone/train_004965_0300da039af9.jpg,0300da039af9166bb36475614653990b3920654fa10548f9859e721e3be34e76,256,256,0300da039af9166bb36475614653990b3920654fa10548f9859e721e3be34e76,6,train
AQUA20,train,train,4984,11,seaAnemone,/home/tahiti/MARINE_DATASETS/AQUA20_PREPARED/images/train/11_seaAnemone/train_004984_4afc47754534.jpg,4afc47754534f9a6a4457374098c0424073de6013ba90de8aaf7cf618dbadbe3,256,256,4afc47754534f9a6a4457374098c0424073de6013ba90de8aaf7cf618dbadbe3,6,train
AQUA20,train,train,5005,11,seaAnemone,/home/tahiti/MARINE_DATASETS/AQUA20_PREPARED/images/train/11_seaAnemone/train_005005_ef927c635496.jpg,ef927c635496a621add65f76cfd5d560015d5c9263b1992b8fcfffdb9abe0eb5,256,256,ef927c635496a621add65f76cfd5d560015d5c9263b1992b8fcfffdb9abe0eb5,2,train
AQUA20,train,train,5016,11,seaAnemone,/home/tahiti/MARINE_DATASETS/AQUA20_PREPARED/images/train/11_seaAnemone/train_005016_69573ea7b825.jpg,69573ea7b825a8443fff2e3f308207446d81f9452e16b432ce4917f640d10d8e,256,256,69573ea7b825a8443fff2e3f308207446d81f9452e16b432ce4917f640d10d8e,4,train
AQUA20,train,train,5017,11,seaAnemone,/home/tahiti/MARINE_DATASETS/AQUA20_PREPARED/images/train/11_seaAnemone/train_005017_5f0592319051.jpg,5f05923190513256eaef0e03a015c781c94de945928abd16811770f35cc5c449,256,256,5f05923190513256eaef0e03a015c781c94de945928abd16811770f35cc5c449,5,train
AQUA20,train,train,5022,11,seaAnemone,/home/tahiti/MARINE_DATASETS/AQUA20_PREPARED/images/train/11_seaAnemone/train_005022_e4cc88ffbd35.jpg,e4cc88ffbd3504a7b86d91312bedb6242295cf7979648fc9d873f5ef5b3d036e,256,256,e4cc88ffbd3504a7b86d91312bedb6242295cf7979648fc9d873f5ef5b3d036e,2,train
AQUA20,train,train,5025,11,seaAnemone,/home/tahiti/MARINE_DATASETS/AQUA20_PREPARED/images/train/11_seaAnemone/train_005025_390e29e298d4.jpg,390e29e298d4a3936899e9516633b07b61985edaba7a5f22d39adfdd67a8725d,256,256,390e29e298d4a3936899e9516633b07b61985edaba7a5f22d39adfdd67a8725d,2,train
AQUA20,train,train,5030,11,seaAnemone,/home/tahiti/MARINE_DATASETS/AQUA20_PREPARED/images/train/11_seaAnemone/train_005030_90607034c3a7.jpg,90607034c3a7ae6c4876f7a1a6b76ac9d62592fd101de00337983120d437a956,256,256,90607034c3a7ae6c4876f7a1a6b76ac9d62592fd101de00337983120d437a956,6,train
AQUA20,train,train,5050,11,seaAnemone,/home/tahiti/MARINE_DATASETS/AQUA20_PREPARED/images/train/11_seaAnemone/train_005050_8eb7abec1075.jpg,8eb7abec107536fc276b9c3d76d37d40bf37f37089258ee477a86f13b295ed25,256,256,8eb7abec107536fc276b9c3d76d37d40bf37f37089258ee477a86f13b295ed25,3,train
AQUA20,train,train,5072,11,seaAnemone,/home/tahiti/MARINE_DATASETS/AQUA20_PREPARED/images/train/11_seaAnemone/train_005072_02d186299c14.jpg,02d186299c149f1b8bacb295a5df2dad118ae525b0f0e9d289e960b71a4e6bfb,256,256,02d186299c149f1b8bacb295a5df2dad118ae525b0f0e9d289e960b71a4e6bfb,6,train
AQUA20,train,train,5075,11,seaAnemone,/home/tahiti/MARINE_DATASETS/AQUA20_PREPARED/images/train/11_seaAnemone/train_005075_b66314a4ef85.jpg,b66314a4ef852596224bf7d623b50015c049575d30bbef1cbe432435baae50d6,256,256,b66314a4ef852596224bf7d623b50015c049575d30bbef1cbe432435baae50d6,3,train
AQUA20,train,train,5091,11,seaAnemone,/home/tahiti/MARINE_DATASETS/AQUA20_PREPARED/images/train/11_seaAnemone/train_005091_ab7408e76a4a.jpg,ab7408e76a4ace33ffda77a7e65f99367d2f5a56dbdac0564372772adc5a5b80,256,256,ab7408e76a4ace33ffda77a7e65f99367d2f5a56dbdac0564372772adc5a5b80,6,train
AQUA20,train,train,5114,11,seaAnemone,/home/tahiti/MARINE_DATASETS/AQUA20_PREPARED/images/train/11_seaAnemone/train_005114_1659580c4dd2.jpg,1659580c4dd254cca941dc900d636af353f2a85f30277206e71d81d83038a70a,256,256,1659580c4dd254cca941dc900d636af353f2a85f30277206e71d81d83038a70a,4,train
AQUA20,train,train,5146,11,seaAnemone,/home/tahiti/MARINE_DATASETS/AQUA20_PREPARED/images/train/11_seaAnemone/train_005146_d9b1ab6f7107.jpg,d9b1ab6f710738a1cbe79312c8574284618e174615f4c54b2dddc52f964c3196,256,256,d9b1ab6f710738a1cbe79312c8574284618e174615f4c54b2dddc52f964c3196,3,train
AQUA20,train,train,5178,11,seaAnemone,/home/tahiti/MARINE_DATASETS/AQUA20_PREPARED/images/train/11_seaAnemone/train_005178_35ed62c91153.jpg,35ed62c9115319105b592851c71cfcddfb78d8f6dfb8f1438d805cefd9c83928,256,256,35ed62c9115319105b592851c71cfcddfb78d8f6dfb8f1438d805cefd9c83928,4,train
AQUA20,train,train,5196,11,seaAnemone,/home/tahiti/MARINE_DATASETS/AQUA20_PREPARED/images/train/11_seaAnemone/train_005196_014c5cc3c5ce.jpg,014c5cc3c5ce5834666d5b72972b664ffbddaed548dbf1eca08e4d654d2f0e26,256,256,014c5cc3c5ce5834666d5b72972b664ffbddaed548dbf1eca08e4d654d2f0e26,2,train
AQUA20,train,train,5197,11,seaAnemone,/home/tahiti/MARINE_DATASETS/AQUA20_PREPARED/images/train/11_seaAnemone/train_005197_163a88e97428.jpg,163a88e9742893c0d33a8a97dd320876f65b503e0e0fa8418e28d442f221c86b,256,256,163a88e9742893c0d33a8a97dd320876f65b503e0e0fa8418e28d442f221c86b,4,train
AQUA20,train,train,5213,11,seaAnemone,/home/tahiti/MARINE_DATASETS/AQUA20_PREPARED/images/train/11_seaAnemone/train_005213_0fc48905313e.jpg,0fc48905313e5ad987c52a69bf57b356d557b5d472e4df95e98831ce8409e562,256,256,0fc48905313e5ad987c52a69bf57b356d557b5d472e4df95e98831ce8409e562,2,train
AQUA20,train,train,5225,11,seaAnemone,/home/tahiti/MARINE_DATASETS/AQUA20_PREPARED/images/train/11_seaAnemone/train_005225_a886988ab32b.jpg,a886988ab32bd53a3d3d4f88d0d42ef5dcc9f576364c489c9aadf488859ec3a9,256,256,a886988ab32bd53a3d3d4f88d0d42ef5dcc9f576364c489c9aadf488859ec3a9,2,train
AQUA20,train,train,5237,11,seaAnemone,/home/tahiti/MARINE_DATASETS/AQUA20_PREPARED/images/train/11_seaAnemone/train_005237_34bdc4ec583d.jpg,34bdc4ec583dac120df77accd8c8ee74ad9e02bcf2cf183372a67c1ceb7962f8,256,256,34bdc4ec583dac120df77accd8c8ee74ad9e02bcf2cf183372a67c1ceb7962f8,4,train
AQUA20,train,train,5290,11,seaAnemone,/home/tahiti/MARINE_DATASETS/AQUA20_PREPARED/images/train/11_seaAnemone/train_005290_466f597c3f35.jpg,466f597c3f35dd1f35f591538fff44c9dec33c508e20f496076d69b9676fbb32,256,256,466f597c3f35dd1f35f591538fff44c9dec33c508e20f496076d69b9676fbb32,5,train
AQUA20,train,train,5295,11,seaAnemone,/home/tahiti/MARINE_DATASETS/AQUA20_PREPARED/images/train/11_seaAnemone/train_005295_57692b5b38ef.jpg,57692b5b38efcde03880ff1f3823202ae10b77001ff80fbd656e08bfb80f3d7a,256,256,57692b5b38efcde03880ff1f3823202ae10b77001ff80fbd656e08bfb80f3d7a,6,train
AQUA20,train,train,5317,11,seaAnemone,/home/tahiti/MARINE_DATASETS/AQUA20_PREPARED/images/train/11_seaAnemone/train_005317_dac2d6d2b023.jpg,dac2d6d2b0236d7fa0af43f007adac57e901382e91c45579bf5fdbdd9db7d607,256,256,dac2d6d2b0236d7fa0af43f007adac57e901382e91c45579bf5fdbdd9db7d607,6,train
AQUA20,train,train,5319,11,seaAnemone,/home/tahiti/MARINE_DATASETS/AQUA20_PREPARED/images/train/11_seaAnemone/train_005319_e9c9d14a0b57.jpg,e9c9d14a0b574325f55e3c853c6446c910265456d879f283fb075619c212a32c,256,256,e9c9d14a0b574325f55e3c853c6446c910265456d879f283fb075619c212a32c,4,train
AQUA20,train,train,5349,11,seaAnemone,/home/tahiti/MARINE_DATASETS/AQUA20_PREPARED/images/train/11_seaAnemone/train_005349_4d8e93084d13.jpg,4d8e93084d13ed6e5528070fbbb0def469bcac3df84a44318e9e81663a57275f,256,256,4d8e93084d13ed6e5528070fbbb0def469bcac3df84a44318e9e81663a57275f,6,train
AQUA20,train,train,5391,11,seaAnemone,/home/tahiti/MARINE_DATASETS/AQUA20_PREPARED/images/train/11_seaAnemone/train_005391_379f5b15ecc2.jpg,379f5b15ecc27997d6671ad401e07118c245edc1cf3a6eec011a7e49e3ad6c27,256,256,379f5b15ecc27997d6671ad401e07118c245edc1cf3a6eec011a7e49e3ad6c27,3,train
AQUA20,train,train,5445,11,seaAnemone,/home/tahiti/MARINE_DATASETS/AQUA20_PREPARED/images/train/11_seaAnemone/train_005445_e121833c4d8f.jpg,e121833c4d8f0de4509746d8af497ca0354fab0cfc4df914686dfd42745b52fb,256,256,e121833c4d8f0de4509746d8af497ca0354fab0cfc4df914686dfd42745b52fb,3,train
AQUA20,train,train,5451,11,seaAnemone,/home/tahiti/MARINE_DATASETS/AQUA20_PREPARED/images/train/11_seaAnemone/train_005451_b408de3685e0.jpg,b408de3685e0c9a7d978431723a65251d38192073891da4d1bc30f07eac3eba9,256,256,b408de3685e0c9a7d978431723a65251d38192073891da4d1bc30f07eac3eba9,6,train
AQUA20,train,train,5454,11,seaAnemone,/home/tahiti/MARINE_DATASETS/AQUA20_PREPARED/images/train/11_seaAnemone/train_005454_0b360bf8ac9e.jpg,0b360bf8ac9e53d01eb919bea49b343f05afa706f71b64e274e5ab8eb9f04e74,256,256,0b360bf8ac9e53d01eb919bea49b343f05afa706f71b64e274e5ab8eb9f04e74,5,train
AQUA20,train,train,5466,11,seaAnemone,/home/tahiti/MARINE_DATASETS/AQUA20_PREPARED/images/train/11_seaAnemone/train_005466_f768dc6ca4bc.jpg,f768dc6ca4bcae3d01b1c5f66564c25b78e8ab8257da6659c0a0f9657061669e,256,256,f768dc6ca4bcae3d01b1c5f66564c25b78e8ab8257da6659c0a0f9657061669e,5,train
AQUA20,train,train,5473,11,seaAnemone,/home/tahiti/MARINE_DATASETS/AQUA20_PREPARED/images/train/11_seaAnemone/train_005473_fde8c977c695.jpg,fde8c977c6959985d3e4187e8c2b1b89243e5b166dddf8856357b943b8c34282,256,256,fde8c977c6959985d3e4187e8c2b1b89243e5b166dddf8856357b943b8c34282,4,train
AQUA20,train,train,5488,11,seaAnemone,/home/tahiti/MARINE_DATASETS/AQUA20_PREPARED/images/train/11_seaAnemone/train_005488_107a8476d7ef.jpg,107a8476d7effaa3b55ba7fae7beaf1333939d0fce42c260aea0b4a1961aa479,256,256,107a8476d7effaa3b55ba7fae7beaf1333939d0fce42c260aea0b4a1961aa479,6,train
AQUA20,train,train,5492,11,seaAnemone,/home/tahiti/MARINE_DATASETS/AQUA20_PREPARED/images/train/11_seaAnemone/train_005492_d3593c96e336.jpg,d3593c96e336d77301bd4621b7b4dc0c878d78f5748cf3666b975f583ca1838f,256,256,d3593c96e336d77301bd4621b7b4dc0c878d78f5748cf3666b975f583ca1838f,5,train
AQUA20,train,train,5511,11,seaAnemone,/home/tahiti/MARINE_DATASETS/AQUA20_PREPARED/images/train/11_seaAnemone/train_005511_b4c269d7b7ba.jpg,b4c269d7b7bae16a868933a9888385797f7373ac5db26690ff745d54e84ed914,256,256,b4c269d7b7bae16a868933a9888385797f7373ac5db26690ff745d54e84ed914,2,train
AQUA20,train,train,5532,11,seaAnemone,/home/tahiti/MARINE_DATASETS/AQUA20_PREPARED/images/train/11_seaAnemone/train_005532_863f75943529.jpg,863f7594352966ef136bb0ba3a7ff1c9d17eadc0148582599943ea9818f54c16,256,256,863f7594352966ef136bb0ba3a7ff1c9d17eadc0148582599943ea9818f54c16,5,train
AQUA20,train,train,5542,11,seaAnemone,/home/tahiti/MARINE_DATASETS/AQUA20_PREPARED/images/train/11_seaAnemone/train_005542_b4cb28119402.jpg,b4cb2811940266111464db32329cc982204ff50d9505d687473f491bcc5fea04,256,256,b4cb2811940266111464db32329cc982204ff50d9505d687473f491bcc5fea04,6,train
AQUA20,train,train,5548,11,seaAnemone,/home/tahiti/MARINE_DATASETS/AQUA20_PREPARED/images/train/11_seaAnemone/train_005548_9f448659dbf3.jpg,9f448659dbf361e7237433e99d3670834ee833f222d577f8ce7a35b1101181e2,256,256,9f448659dbf361e7237433e99d3670834ee833f222d577f8ce7a35b1101181e2,4,train
AQUA20,train,train,5576,11,seaAnemone,/home/tahiti/MARINE_DATASETS/AQUA20_PREPARED/images/train/11_seaAnemone/train_005576_1d956ba2e7a1.jpg,1d956ba2e7a175408451d9fc8918f74bcb78cbca8dc1dced04cf221846204e22,256,256,1d956ba2e7a175408451d9fc8918f74bcb78cbca8dc1dced04cf221846204e22,5,train
AQUA20,train,train,5594,11,seaAnemone,/home/tahiti/MARINE_DATASETS/AQUA20_PREPARED/images/train/11_seaAnemone/train_005594_c8f5047038e7.jpg,c8f5047038e71ec56e84a8d5643bb23c2c3b5e9eef9ef460b402ce76573d845a,256,256,c8f5047038e71ec56e84a8d5643bb23c2c3b5e9eef9ef460b402ce76573d845a,3,train
AQUA20,train,train,5620,11,seaAnemone,/home/tahiti/MARINE_DATASETS/AQUA20_PREPARED/images/train/11_seaAnemone/train_005620_3dc32124a1f6.jpg,3dc32124a1f6387cade6ea110948329d786069c44666dceb18d4f965243c5bf7,256,256,3dc32124a1f6387cade6ea110948329d786069c44666dceb18d4f965243c5bf7,2,train
AQUA20,train,train,5637,11,seaAnemone,/home/tahiti/MARINE_DATASETS/AQUA20_PREPARED/images/train/11_seaAnemone/train_005637_6e754a9d8ed9.jpg,6e754a9d8ed96142761c57e4fa25e4f5deb9a7f93d31be55f4270b1f47455632,256,256,6e754a9d8ed96142761c57e4fa25e4f5deb9a7f93d31be55f4270b1f47455632,5,train
AQUA20,train,train,5643,11,seaAnemone,/home/tahiti/MARINE_DATASETS/AQUA20_PREPARED/images/train/11_seaAnemone/train_005643_988a3ce470ba.jpg,988a3ce470baa4929401ec849511c67970f51e9ddede64d400c672e456e93061,256,256,988a3ce470baa4929401ec849511c67970f51e9ddede64d400c672e456e93061,2,train
AQUA20,train,train,5661,11,seaAnemone,/home/tahiti/MARINE_DATASETS/AQUA20_PREPARED/images/train/11_seaAnemone/train_005661_38f0c4720e63.jpg,38f0c4720e63a2c1d9d37867d6ff4df258258b80f75c1f95eadd0a9377dd682a,256,256,38f0c4720e63a2c1d9d37867d6ff4df258258b80f75c1f95eadd0a9377dd682a,5,train
AQUA20,train,train,5686,11,seaAnemone,/home/tahiti/MARINE_DATASETS/AQUA20_PREPARED/images/train/11_seaAnemone/train_005686_2f079dd99dd7.jpg,2f079dd99dd74e0c30193e6c23a00b027234810b33510a5820b096e19fc5f96b,256,256,2f079dd99dd74e0c30193e6c23a00b027234810b33510a5820b096e19fc5f96b,3,train
AQUA20,train,train,5694,11,seaAnemone,/home/tahiti/MARINE_DATASETS/AQUA20_PREPARED/images/train/11_seaAnemone/train_005694_6a4e6d903d21.jpg,6a4e6d903d21cdbd787abf9b3a9d222c6ad144f00c5e1d9c1b6db9ed46c252a0,256,256,6a4e6d903d21cdbd787abf9b3a9d222c6ad144f00c5e1d9c1b6db9ed46c252a0,5,train
AQUA20,train,train,5697,11,seaAnemone,/home/tahiti/MARINE_DATASETS/AQUA20_PREPARED/images/train/11_seaAnemone/train_005697_d74d6b1386a5.jpg,d74d6b1386a5a9c4e28c30e027db760d0291a21299f55c1c0608de1405d25ce8,256,256,d74d6b1386a5a9c4e28c30e027db760d0291a21299f55c1c0608de1405d25ce8,2,train
AQUA20,train,train,5707,11,seaAnemone,/home/tahiti/MARINE_DATASETS/AQUA20_PREPARED/images/train/11_seaAnemone/train_005707_aed24c5dfd9c.jpg,aed24c5dfd9c43c305cfe71790bf5dffbc124e03b4066eb510c7cfcb15108041,256,256,aed24c5dfd9c43c305cfe71790bf5dffbc124e03b4066eb510c7cfcb15108041,2,train
AQUA20,train,train,5709,11,seaAnemone,/home/tahiti/MARINE_DATASETS/AQUA20_PREPARED/images/train/11_seaAnemone/train_005709_57cb5158afad.jpg,57cb5158afad3766d0e55b43e7563d689a474d121f2ce6caf9ec9b041b71a03c,256,256,57cb5158afad3766d0e55b43e7563d689a474d121f2ce6caf9ec9b041b71a03c,4,train
AQUA20,train,train,5740,11,seaAnemone,/home/tahiti/MARINE_DATASETS/AQUA20_PREPARED/images/train/11_seaAnemone/train_005740_9c7e5fba7037.jpg,9c7e5fba7037cd5a088a32043070798acb632654e445347a1d5ac4a9ad1260e0,256,256,9c7e5fba7037cd5a088a32043070798acb632654e445347a1d5ac4a9ad1260e0,2,train
AQUA20,train,train,5769,12,seaCucumber,/home/tahiti/MARINE_DATASETS/AQUA20_PREPARED/images/train/12_seaCucumber/train_005769_7916a23ab0a4.jpg,7916a23ab0a47a020b3c0997262bc4823827ae06f2d26be13a2e4dfa6be60450,256,256,7916a23ab0a47a020b3c0997262bc4823827ae06f2d26be13a2e4dfa6be60450,5,train
AQUA20,train,train,5772,12,seaCucumber,/home/tahiti/MARINE_DATASETS/AQUA20_PREPARED/images/train/12_seaCucumber/train_005772_02a90d465cbd.jpg,02a90d465cbd6005b1a1a57ef1337bd31899c6885290c1daa6e1f29d924be342,256,256,02a90d465cbd6005b1a1a57ef1337bd31899c6885290c1daa6e1f29d924be342,3,train
AQUA20,train,train,5788,13,seaSlug,/home/tahiti/MARINE_DATASETS/AQUA20_PREPARED/images/train/13_seaSlug/train_005788_cb6d16867ff5.jpg,cb6d16867ff53d181455b5bce79813f271fbbace4be10357de22a6a198daa60a,256,256,cb6d16867ff53d181455b5bce79813f271fbbace4be10357de22a6a198daa60a,5,train
AQUA20,train,train,5789,13,seaSlug,/home/tahiti/MARINE_DATASETS/AQUA20_PREPARED/images/train/13_seaSlug/train_005789_7089a4fd3e9b.jpg,7089a4fd3e9b18938b15b2bddc15117832d1637677ce5092f28f3e117dfa039b,256,256,7089a4fd3e9b18938b15b2bddc15117832d1637677ce5092f28f3e117dfa039b,5,train
AQUA20,train,train,5791,13,seaSlug,/home/tahiti/MARINE_DATASETS/AQUA20_PREPARED/images/train/13_seaSlug/train_005791_ed3bdfdf070d.jpg,ed3bdfdf070ded77034a721e28295b39670efdb9172fee24e30d2260050e8942,256,256,ed3bdfdf070ded77034a721e28295b39670efdb9172fee24e30d2260050e8942,2,train
AQUA20,train,train,5802,13,seaSlug,/home/tahiti/MARINE_DATASETS/AQUA20_PREPARED/images/train/13_seaSlug/train_005802_f03d112864c2.jpg,f03d112864c2df025d4ab7cf2d52e5382d0a6d8899896cab38f87acf1f0ebf78,256,256,f03d112864c2df025d4ab7cf2d52e5382d0a6d8899896cab38f87acf1f0ebf78,4,train
AQUA20,train,train,5812,13,seaSlug,/home/tahiti/MARINE_DATASETS/AQUA20_PREPARED/images/train/13_seaSlug/train_005812_e50cd1a8af4a.jpg,e50cd1a8af4a3a9314913e3305cea64d03c357e72e0d78e5e285117f985f3de5,256,256,e50cd1a8af4a3a9314913e3305cea64d03c357e72e0d78e5e285117f985f3de5,4,train
AQUA20,train,train,5861,14,seaUrchin,/home/tahiti/MARINE_DATASETS/AQUA20_PREPARED/images/train/14_seaUrchin/train_005861_e378284cf95c.jpg,e378284cf95c4e3df0c83406df6ef99c7378c5c7463a87560d8a7e6ea121852b,256,256,e378284cf95c4e3df0c83406df6ef99c7378c5c7463a87560d8a7e6ea121852b,3,train
AQUA20,train,train,5871,14,seaUrchin,/home/tahiti/MARINE_DATASETS/AQUA20_PREPARED/images/train/14_seaUrchin/train_005871_9824dde888b6.jpg,9824dde888b6aafc78f1a65df01aa8ef13073f854e9ee1c3ef11975e5c8263c9,256,256,9824dde888b6aafc78f1a65df01aa8ef13073f854e9ee1c3ef11975e5c8263c9,5,train
AQUA20,train,train,5872,14,seaUrchin,/home/tahiti/MARINE_DATASETS/AQUA20_PREPARED/images/train/14_seaUrchin/train_005872_cd4c2aec4032.jpg,cd4c2aec403299b5fa7d70021f29932ef482cd5cb2d9205fd74e8a7e24f58920,256,256,cd4c2aec403299b5fa7d70021f29932ef482cd5cb2d9205fd74e8a7e24f58920,3,train
AQUA20,train,train,5901,14,seaUrchin,/home/tahiti/MARINE_DATASETS/AQUA20_PREPARED/images/train/14_seaUrchin/train_005901_ba5916bf74da.jpg,ba5916bf74da31b9c1050a854d962af35764efa5dd939f8b148111413a752a9f,256,256,ba5916bf74da31b9c1050a854d962af35764efa5dd939f8b148111413a752a9f,6,train
AQUA20,train,train,5928,14,seaUrchin,/home/tahiti/MARINE_DATASETS/AQUA20_PREPARED/images/train/14_seaUrchin/train_005928_68e4827e35f7.jpg,68e4827e35f7da514c64a0360ebf45ff779d6ed2627d878fdbe6fe3f473d61a4,256,256,68e4827e35f7da514c64a0360ebf45ff779d6ed2627d878fdbe6fe3f473d61a4,6,train
AQUA20,train,train,5961,14,seaUrchin,/home/tahiti/MARINE_DATASETS/AQUA20_PREPARED/images/train/14_seaUrchin/train_005961_a268753e72fa.jpg,a268753e72facefa88816450378218c2d64668b9239fca321e82f89f7702969b,256,256,a268753e72facefa88816450378218c2d64668b9239fca321e82f89f7702969b,5,train
AQUA20,train,train,5968,14,seaUrchin,/home/tahiti/MARINE_DATASETS/AQUA20_PREPARED/images/train/14_seaUrchin/train_005968_b77ca7f0b5ae.jpg,b77ca7f0b5aecd3a652253692fba791cdfdbae48e08240b05029e94e44d48050,256,256,b77ca7f0b5aecd3a652253692fba791cdfdbae48e08240b05029e94e44d48050,5,train
AQUA20,train,train,5969,14,seaUrchin,/home/tahiti/MARINE_DATASETS/AQUA20_PREPARED/images/train/14_seaUrchin/train_005969_9a7fc034b4ec.jpg,9a7fc034b4ec5c803703ea990e346990ddd7b37fbc1b78243e43169facb0da3d,256,256,9a7fc034b4ec5c803703ea990e346990ddd7b37fbc1b78243e43169facb0da3d,3,train
AQUA20,train,train,5970,14,seaUrchin,/home/tahiti/MARINE_DATASETS/AQUA20_PREPARED/images/train/14_seaUrchin/train_005970_3f05025ebb95.jpg,3f05025ebb95237c34438e4ff91d2850fa517b0051f0f5bda4bace9e783da1f7,256,256,3f05025ebb95237c34438e4ff91d2850fa517b0051f0f5bda4bace9e783da1f7,6,train
AQUA20,train,train,5971,14,seaUrchin,/home/tahiti/MARINE_DATASETS/AQUA20_PREPARED/images/train/14_seaUrchin/train_005971_47d30795dd50.jpg,47d30795dd506d3796ea81f4796c573dc64ea469b20dac27e2cf3ba05e8acf9f,256,256,47d30795dd506d3796ea81f4796c573dc64ea469b20dac27e2cf3ba05e8acf9f,3,train
AQUA20,train,train,5998,15,shark,/home/tahiti/MARINE_DATASETS/AQUA20_PREPARED/images/train/15_shark/train_005998_0a5e0ddf3f4c.jpg,0a5e0ddf3f4c7bceac8b0bee0387ed88c1d35bda479dd37c1470fd42ecb5f84b,256,256,0a5e0ddf3f4c7bceac8b0bee0387ed88c1d35bda479dd37c1470fd42ecb5f84b,3,train
AQUA20,train,train,6025,15,shark,/home/tahiti/MARINE_DATASETS/AQUA20_PREPARED/images/train/15_shark/train_006025_5c0093defdbb.jpg,5c0093defdbb05bffd5fe0c5bea53df9f410ff42cd887b282043856cd5538a38,256,256,5c0093defdbb05bffd5fe0c5bea53df9f410ff42cd887b282043856cd5538a38,3,train
AQUA20,train,train,6034,15,shark,/home/tahiti/MARINE_DATASETS/AQUA20_PREPARED/images/train/15_shark/train_006034_b74cff251ff8.jpg,b74cff251ff80c518b9b4b20546c64a7834b3e3b1c25eece3d12000d2e2229c1,256,256,b74cff251ff80c518b9b4b20546c64a7834b3e3b1c25eece3d12000d2e2229c1,4,train
AQUA20,train,train,6037,15,shark,/home/tahiti/MARINE_DATASETS/AQUA20_PREPARED/images/train/15_shark/train_006037_1dd29bd2a9fb.jpg,1dd29bd2a9fb06c426dafa4bc6001c344caacefe390d633d8cea54da1515e3b2,320,240,1dd29bd2a9fb06c426dafa4bc6001c344caacefe390d633d8cea54da1515e3b2,3,train
AQUA20,train,train,6040,15,shark,/home/tahiti/MARINE_DATASETS/AQUA20_PREPARED/images/train/15_shark/train_006040_27284bb251c5.jpg,27284bb251c5ab03aad662bba04719ee57151c289913cde1da62327b93861778,320,240,27284bb251c5ab03aad662bba04719ee57151c289913cde1da62327b93861778,6,train
AQUA20,train,train,6054,16,shrimp,/home/tahiti/MARINE_DATASETS/AQUA20_PREPARED/images/train/16_shrimp/train_006054_fd1734920ca9.jpg,fd1734920ca9c699c5c7b7030f027693c014c2f9ec9f481026720475143e6941,258,195,fd1734920ca9c699c5c7b7030f027693c014c2f9ec9f481026720475143e6941,4,train
AQUA20,train,train,6067,16,shrimp,/home/tahiti/MARINE_DATASETS/AQUA20_PREPARED/images/train/16_shrimp/train_006067_43c6b5d82f3e.jpg,43c6b5d82f3e402f7eedf2ab139839438123de9335a3c3e7964b4549aae0c854,256,256,43c6b5d82f3e402f7eedf2ab139839438123de9335a3c3e7964b4549aae0c854,3,train
AQUA20,train,train,6086,17,squid,/home/tahiti/MARINE_DATASETS/AQUA20_PREPARED/images/train/17_squid/train_006086_7325ef44b53e.jpg,7325ef44b53e035f080c9f9b74bb411a09a144a9ee18f92c1f883ba999191ef0,1899,1266,7325ef44b53e035f080c9f9b74bb411a09a144a9ee18f92c1f883ba999191ef0,4,train
AQUA20,train,train,6088,17,squid,/home/tahiti/MARINE_DATASETS/AQUA20_PREPARED/images/train/17_squid/train_006088_c5c5f41befed.jpg,c5c5f41befed8a7e4dc30dab6de88d745d3aee6a77143808d65aad18617597a3,1813,1209,c5c5f41befed8a7e4dc30dab6de88d745d3aee6a77143808d65aad18617597a3,4,train
AQUA20,train,train,6092,17,squid,/home/tahiti/MARINE_DATASETS/AQUA20_PREPARED/images/train/17_squid/train_006092_ebf89289706e.jpg,ebf89289706eca84aa942c3f1ae0e6e7ec3cc0d7c081fb662d185823fe627f18,3607,2403,ebf89289706eca84aa942c3f1ae0e6e7ec3cc0d7c081fb662d185823fe627f18,5,train
AQUA20,train,train,6095,18,starfish,/home/tahiti/MARINE_DATASETS/AQUA20_PREPARED/images/train/18_starfish/train_006095_eb3017f5d224.jpg,eb3017f5d224484e4c8556ad772d0f76f227c6507a2c39d6da93c305c6c4a24c,256,256,eb3017f5d224484e4c8556ad772d0f76f227c6507a2c39d6da93c305c6c4a24c,6,train
AQUA20,train,train,6107,18,starfish,/home/tahiti/MARINE_DATASETS/AQUA20_PREPARED/images/train/18_starfish/train_006107_9fde42e9fe1c.jpg,9fde42e9fe1c2c1eab1119b58ac7d695f93278a160493d2db0db617b790511ca,256,256,9fde42e9fe1c2c1eab1119b58ac7d695f93278a160493d2db0db617b790511ca,5,train
AQUA20,train,train,6113,18,starfish,/home/tahiti/MARINE_DATASETS/AQUA20_PREPARED/images/train/18_starfish/train_006113_c9a5b18277ed.jpg,c9a5b18277ed3d53f759aa883d2505a1125eb1e629336bedb37849f024514055,256,256,c9a5b18277ed3d53f759aa883d2505a1125eb1e629336bedb37849f024514055,6,train
AQUA20,train,train,6138,18,starfish,/home/tahiti/MARINE_DATASETS/AQUA20_PREPARED/images/train/18_starfish/train_006138_7edb4fd7e5a1.jpg,7edb4fd7e5a1bfa7a17b61557ee03009ee21cc1e39cc81cd5cc8c9645f4619c6,256,256,7edb4fd7e5a1bfa7a17b61557ee03009ee21cc1e39cc81cd5cc8c9645f4619c6,4,train
AQUA20,train,train,6154,18,starfish,/home/tahiti/MARINE_DATASETS/AQUA20_PREPARED/images/train/18_starfish/train_006154_65ea5db8e1c2.jpg,65ea5db8e1c205a6dd8de0311aea1740fc6276c823557bf9de80a511695f6997,256,256,65ea5db8e1c205a6dd8de0311aea1740fc6276c823557bf9de80a511695f6997,5,train
AQUA20,train,train,6156,18,starfish,/home/tahiti/MARINE_DATASETS/AQUA20_PREPARED/images/train/18_starfish/train_006156_3bf7d3f92b2f.jpg,3bf7d3f92b2f91fe82e3d02ba7361fa0a81ca02cab76306861918ba28a0f100d,256,256,3bf7d3f92b2f91fe82e3d02ba7361fa0a81ca02cab76306861918ba28a0f100d,4,train
AQUA20,train,train,6160,18,starfish,/home/tahiti/MARINE_DATASETS/AQUA20_PREPARED/images/train/18_starfish/train_006160_fe8f1a8ce471.jpg,fe8f1a8ce47174fa53aeb56748355057c5da33fa5bfd4da327b9bd53d91a72d0,256,256,fe8f1a8ce47174fa53aeb56748355057c5da33fa5bfd4da327b9bd53d91a72d0,5,train
AQUA20,train,train,6162,18,starfish,/home/tahiti/MARINE_DATASETS/AQUA20_PREPARED/images/train/18_starfish/train_006162_d2ba4a39ea40.jpg,d2ba4a39ea40f466f08c9b46eaa1a32af48a2afa72260d8cd0f97ec3b5260730,320,240,d2ba4a39ea40f466f08c9b46eaa1a32af48a2afa72260d8cd0f97ec3b5260730,5,train
AQUA20,train,train,6173,18,starfish,/home/tahiti/MARINE_DATASETS/AQUA20_PREPARED/images/train/18_starfish/train_006173_8e52c65aa937.jpg,8e52c65aa9379e718e09a1d7ab06913baf8145e3c01061a194d7e533399eb265,256,256,8e52c65aa9379e718e09a1d7ab06913baf8145e3c01061a194d7e533399eb265,6,train
AQUA20,train,train,6218,18,starfish,/home/tahiti/MARINE_DATASETS/AQUA20_PREPARED/images/train/18_starfish/train_006218_4c5edb05d255.jpg,4c5edb05d25510bbdddbb5bf33f3562edfaec2efd8c815a735464760a1aaebdd,256,256,4c5edb05d25510bbdddbb5bf33f3562edfaec2efd8c815a735464760a1aaebdd,3,train
AQUA20,train,train,6233,18,starfish,/home/tahiti/MARINE_DATASETS/AQUA20_PREPARED/images/train/18_starfish/train_006233_1cb3464489cb.jpg,1cb3464489cbacaa36a877144a1f146bef02b1c4c2bc392801ed5a3447f527b6,256,256,1cb3464489cbacaa36a877144a1f146bef02b1c4c2bc392801ed5a3447f527b6,6,train
AQUA20,train,train,6243,18,starfish,/home/tahiti/MARINE_DATASETS/AQUA20_PREPARED/images/train/18_starfish/train_006243_018d8c1a5b05.jpg,018d8c1a5b05318e2f948c3d4573c8873853c9bb83b07efcbe2dc410cc4c4e05,256,256,018d8c1a5b05318e2f948c3d4573c8873853c9bb83b07efcbe2dc410cc4c4e05,6,train
AQUA20,train,train,6258,18,starfish,/home/tahiti/MARINE_DATASETS/AQUA20_PREPARED/images/train/18_starfish/train_006258_7da8e57717b5.jpg,7da8e57717b5f017f8499d0e613916321c7ed744aa57d770adf24b11e1d3ea34,256,256,7da8e57717b5f017f8499d0e613916321c7ed744aa57d770adf24b11e1d3ea34,2,train
AQUA20,train,train,6308,19,turtle,/home/tahiti/MARINE_DATASETS/AQUA20_PREPARED/images/train/19_turtle/train_006308_d17974e3910c.jpg,d17974e3910c31a84ce7c34f77e3d8c953ffd719b7ba1aa18ad5920f1b0bbaad,320,240,d17974e3910c31a84ce7c34f77e3d8c953ffd719b7ba1aa18ad5920f1b0bbaad,5,train
AQUA20,train,train,6335,19,turtle,/home/tahiti/MARINE_DATASETS/AQUA20_PREPARED/images/train/19_turtle/train_006335_1ae0e5c188e9.jpg,1ae0e5c188e99d547f3bfb88b250e133d36093f35549bf4f70579827ce9d6731,320,240,1ae0e5c188e99d547f3bfb88b250e133d36093f35549bf4f70579827ce9d6731,2,train
AQUA20,train,train,6343,19,turtle,/home/tahiti/MARINE_DATASETS/AQUA20_PREPARED/images/train/19_turtle/train_006343_f36faf22b1d1.jpg,f36faf22b1d1ad4cbd45fca66b057d5c51960ecea6ba7be468c32fb23e458207,256,256,f36faf22b1d1ad4cbd45fca66b057d5c51960ecea6ba7be468c32fb23e458207,5,train
AQUA20,train,train,6352,19,turtle,/home/tahiti/MARINE_DATASETS/AQUA20_PREPARED/images/train/19_turtle/train_006352_0b5a4635aa76.jpg,0b5a4635aa768333869a08b3da3c65450168431f9e03d6df7f481f0d1afba98f,256,256,0b5a4635aa768333869a08b3da3c65450168431f9e03d6df7f481f0d1afba98f,2,train
AQUA20,train,train,6355,19,turtle,/home/tahiti/MARINE_DATASETS/AQUA20_PREPARED/images/train/19_turtle/train_006355_64321b103b39.jpg,64321b103b3916245b6dcf9a2ba87a1006872d10d24044d946a7ef8082dd7d6b,256,256,64321b103b3916245b6dcf9a2ba87a1006872d10d24044d946a7ef8082dd7d6b,6,train
AQUA20,train,train,6356,19,turtle,/home/tahiti/MARINE_DATASETS/AQUA20_PREPARED/images/train/19_turtle/train_006356_b2c48c71a50a.jpg,b2c48c71a50a2cde6c463607ee8557481e4bcba123fed495ff86d8448d78139b,256,256,b2c48c71a50a2cde6c463607ee8557481e4bcba123fed495ff86d8448d78139b,6,train
AQUA20,train,train,6366,19,turtle,/home/tahiti/MARINE_DATASETS/AQUA20_PREPARED/images/train/19_turtle/train_006366_0bcb7f4e27b5.jpg,0bcb7f4e27b51444172a19f4e2fe95404d605fa30ee9fc529f68a1b40a175280,256,256,0bcb7f4e27b51444172a19f4e2fe95404d605fa30ee9fc529f68a1b40a175280,4,train
AQUA20,train,train,6370,19,turtle,/home/tahiti/MARINE_DATASETS/AQUA20_PREPARED/images/train/19_turtle/train_006370_aac46342243d.jpg,aac46342243d7ea5e2640b28320fdade4a9d1563c47e65d63d907aed567b5224,256,256,aac46342243d7ea5e2640b28320fdade4a9d1563c47e65d63d907aed567b5224,6,train
AQUA20,train,train,6373,19,turtle,/home/tahiti/MARINE_DATASETS/AQUA20_PREPARED/images/train/19_turtle/train_006373_a5ffeaaba2e9.jpg,a5ffeaaba2e9153aed0539732ed703cd142e07a3ccecc7531a6a94dce62679ec,256,256,a5ffeaaba2e9153aed0539732ed703cd142e07a3ccecc7531a6a94dce62679ec,2,train
AQUA20,train,train,6376,19,turtle,/home/tahiti/MARINE_DATASETS/AQUA20_PREPARED/images/train/19_turtle/train_006376_7d6f71e24a0c.jpg,7d6f71e24a0c4bc06d5d58193784f7aa9e430d3c71ebfac442edb28227391714,256,256,7d6f71e24a0c4bc06d5d58193784f7aa9e430d3c71ebfac442edb28227391714,6,train
AQUA20,train,train,6394,19,turtle,/home/tahiti/MARINE_DATASETS/AQUA20_PREPARED/images/train/19_turtle/train_006394_b6ccc0308cad.jpg,b6ccc0308cad403171d56c0dfb09da85fa8ea523726587f5b5a0127e9b605d62,256,256,b6ccc0308cad403171d56c0dfb09da85fa8ea523726587f5b5a0127e9b605d62,6,train
AQUA20,train,train,6415,19,turtle,/home/tahiti/MARINE_DATASETS/AQUA20_PREPARED/images/train/19_turtle/train_006415_f8cb3e4ae584.jpg,f8cb3e4ae5844617491bd935dec971930977f3c1d65eb0bc4b569935b4cd684f,256,256,f8cb3e4ae5844617491bd935dec971930977f3c1d65eb0bc4b569935b4cd684f,4,train
AQUA20,train,train,6427,19,turtle,/home/tahiti/MARINE_DATASETS/AQUA20_PREPARED/images/train/19_turtle/train_006427_f406b0fa7bca.jpg,f406b0fa7bca10d30fa49f2a3a82a3372642804f93c50ff93e9c40974acc9ae3,256,256,f406b0fa7bca10d30fa49f2a3a82a3372642804f93c50ff93e9c40974acc9ae3,2,train
AQUA20,train,train,6439,19,turtle,/home/tahiti/MARINE_DATASETS/AQUA20_PREPARED/images/train/19_turtle/train_006439_bd3a685a05e8.jpg,bd3a685a05e8b36105596c190d8b4468fa17f8e6ee639d9ac5968633ae3d9892,256,256,bd3a685a05e8b36105596c190d8b4468fa17f8e6ee639d9ac5968633ae3d9892,4,train
AQUA20,train,train,6443,19,turtle,/home/tahiti/MARINE_DATASETS/AQUA20_PREPARED/images/train/19_turtle/train_006443_074bacdd623f.jpg,074bacdd623feae1db5ee27808c0ff5ac8d75c1e3034e11dfd41dd762843599f,256,256,074bacdd623feae1db5ee27808c0ff5ac8d75c1e3034e11dfd41dd762843599f,6,train
AQUA20,train,train,6462,19,turtle,/home/tahiti/MARINE_DATASETS/AQUA20_PREPARED/images/train/19_turtle/train_006462_c3c1bec1e463.jpg,c3c1bec1e463c93bdb3c23057d82add637f607f26f3dbe740070d995b8ed8450,256,256,c3c1bec1e463c93bdb3c23057d82add637f607f26f3dbe740070d995b8ed8450,6,train
AQUA20,train,train,6463,19,turtle,/home/tahiti/MARINE_DATASETS/AQUA20_PREPARED/images/train/19_turtle/train_006463_be1fe2cdbf3a.jpg,be1fe2cdbf3a84f4dd6a55bfe0791924f0e1aec96f84dadd7ad2de392a2aeeaf,256,256,be1fe2cdbf3a84f4dd6a55bfe0791924f0e1aec96f84dadd7ad2de392a2aeeaf,5,train
AQUA20,train,train,6518,19,turtle,/home/tahiti/MARINE_DATASETS/AQUA20_PREPARED/images/train/19_turtle/train_006518_a222c845dc27.jpg,a222c845dc2782d876dee6169591525bf08cc7b85c6d06678593bb1be320b92a,256,256,a222c845dc2782d876dee6169591525bf08cc7b85c6d06678593bb1be320b92a,3,train
AQUA20,train,train,6536,19,turtle,/home/tahiti/MARINE_DATASETS/AQUA20_PREPARED/images/train/19_turtle/train_006536_2ef22749dec5.jpg,2ef22749dec535c5f79e214cf816ec116ccd97909d69b3c9278f20d1ef160beb,256,256,2ef22749dec535c5f79e214cf816ec116ccd97909d69b3c9278f20d1ef160beb,4,train
AQUA20,val,train,17,0,coral,/home/tahiti/MARINE_DATASETS/AQUA20_PREPARED/images/val/00_coral/train_000017_fe14e3fa5d19.jpg,fe14e3fa5d19d7eeadc0b788c5b434fedfddf22473bd7d441bdf2b0aa4615b2d,256,256,fe14e3fa5d19d7eeadc0b788c5b434fedfddf22473bd7d441bdf2b0aa4615b2d,3,train
AQUA20,val,train,92,0,coral,/home/tahiti/MARINE_DATASETS/AQUA20_PREPARED/images/val/00_coral/train_000092_9311b0470333.jpg,9311b0470333eb6fd342dfec587747b74ee1ac7ce85508dbf27abc5b9345c381,256,256,9311b0470333eb6fd342dfec587747b74ee1ac7ce85508dbf27abc5b9345c381,2,train
AQUA20,val,train,194,0,coral,/home/tahiti/MARINE_DATASETS/AQUA20_PREPARED/images/val/00_coral/train_000194_ab905971411d.jpg,ab905971411dfffc4e73a9f09f3019e1e11d706956178736eab1b3c9ab91339c,256,256,ab905971411dfffc4e73a9f09f3019e1e11d706956178736eab1b3c9ab91339c,5,train
AQUA20,val,train,359,0,coral,/home/tahiti/MARINE_DATASETS/AQUA20_PREPARED/images/val/00_coral/train_000359_410fce7075e8.jpg,410fce7075e801a1c73928571194305dd98c355856198e82ca8b9cb0e5055e38,256,256,410fce7075e801a1c73928571194305dd98c355856198e82ca8b9cb0e5055e38,2,train
AQUA20,val,train,380,0,coral,/home/tahiti/MARINE_DATASETS/AQUA20_PREPARED/images/val/00_coral/train_000380_68780a3f93ae.jpg,68780a3f93ae1b01da720cf6fca24c8f3c1a2e833ef56aa0d6707ea54da8002e,256,256,68780a3f93ae1b01da720cf6fca24c8f3c1a2e833ef56aa0d6707ea54da8002e,2,train
AQUA20,val,train,441,0,coral,/home/tahiti/MARINE_DATASETS/AQUA20_PREPARED/images/val/00_coral/train_000441_416023ba40aa.jpg,416023ba40aad0f4afd96002804c78846e777be7156760cf8c77398f8e54f16a,256,256,416023ba40aad0f4afd96002804c78846e777be7156760cf8c77398f8e54f16a,2,train
AQUA20,val,train,459,0,coral,/home/tahiti/MARINE_DATASETS/AQUA20_PREPARED/images/val/00_coral/train_000459_0eb000441072.jpg,0eb000441072c62e41d9c6a75eb04e98a8120946dfe3858395fcf6fcd3adfbd4,256,256,0eb000441072c62e41d9c6a75eb04e98a8120946dfe3858395fcf6fcd3adfbd4,2,train
AQUA20,val,train,555,0,coral,/home/tahiti/MARINE_DATASETS/AQUA20_PREPARED/images/val/00_coral/train_000555_53c4e33472f2.jpg,53c4e33472f29e5e25e596f532277765fd86447fe086b9b1b6cc50b93a278376,256,256,53c4e33472f29e5e25e596f532277765fd86447fe086b9b1b6cc50b93a278376,6,train
AQUA20,val,train,665,0,coral,/home/tahiti/MARINE_DATASETS/AQUA20_PREPARED/images/val/00_coral/train_000665_bd3453e9e242.jpg,bd3453e9e2424936fffe5fe74ee16000086c1518cf03861edfe39047ca745cc8,256,256,bd3453e9e2424936fffe5fe74ee16000086c1518cf03861edfe39047ca745cc8,3,train
AQUA20,val,train,1038,0,coral,/home/tahiti/MARINE_DATASETS/AQUA20_PREPARED/images/val/00_coral/train_001038_d740e60e18fc.jpg,d740e60e18fc481739de6a7ed00a46ae1043ffb3258a8e61ffc145f9834b802e,320,240,d740e60e18fc481739de6a7ed00a46ae1043ffb3258a8e61ffc145f9834b802e,6,train
AQUA20,val,train,1505,0,coral,/home/tahiti/MARINE_DATASETS/AQUA20_PREPARED/images/val/00_coral/train_001505_74c91230c1d2.jpg,74c91230c1d2a918834b662991ccc45e4f4aef43f762959774a0ed836a1a640f,320,240,74c91230c1d2a918834b662991ccc45e4f4aef43f762959774a0ed836a1a640f,6,train
AQUA20,val,train,1588,1,crab,/home/tahiti/MARINE_DATASETS/AQUA20_PREPARED/images/val/01_crab/train_001588_f33df213a739.jpg,f33df213a73939689633d31cf3b5805e6abbd68068749c888dbe2900baa162ec,256,256,f33df213a73939689633d31cf3b5805e6abbd68068749c888dbe2900baa162ec,6,train
AQUA20,val,train,1626,2,diver,/home/tahiti/MARINE_DATASETS/AQUA20_PREPARED/images/val/02_diver/train_001626_571c8bcd3f37.jpg,571c8bcd3f376fece1fc18c36c60d5dcd69f6d3eee5bea66336303952e7850f8,320,240,571c8bcd3f376fece1fc18c36c60d5dcd69f6d3eee5bea66336303952e7850f8,6,train
AQUA20,val,train,1735,3,eel,/home/tahiti/MARINE_DATASETS/AQUA20_PREPARED/images/val/03_eel/train_001735_6b3fd3deb449.jpg,6b3fd3deb449506fb6b57803bc2bb87b25ed8c4b174ab5c3cbd03e8cfc8d4f9a,256,256,6b3fd3deb449506fb6b57803bc2bb87b25ed8c4b174ab5c3cbd03e8cfc8d4f9a,5,train
AQUA20,val,train,1885,4,fish,/home/tahiti/MARINE_DATASETS/AQUA20_PREPARED/images/val/04_fish/train_001885_62380dcdb8b3.jpg,62380dcdb8b36964e33837fefee4a0bc15a58a4cbf7615550805d4bc877a695d,320,240,62380dcdb8b36964e33837fefee4a0bc15a58a4cbf7615550805d4bc877a695d,5,train
AQUA20,val,train,1985,4,fish,/home/tahiti/MARINE_DATASETS/AQUA20_PREPARED/images/val/04_fish/train_001985_83a7ae80cda7.jpg,83a7ae80cda729a44548292054ca712a287c2fcb430e4baff9da24faacb8ccc7,320,240,83a7ae80cda729a44548292054ca712a287c2fcb430e4baff9da24faacb8ccc7,2,train
AQUA20,val,train,2026,4,fish,/home/tahiti/MARINE_DATASETS/AQUA20_PREPARED/images/val/04_fish/train_002026_0cb9f7208626.jpg,0cb9f72086261ce6e35f5aed6914b8eb28bcf229430f8c2198fe74e33f5e2ded,256,256,0cb9f72086261ce6e35f5aed6914b8eb28bcf229430f8c2198fe74e33f5e2ded,6,train
AQUA20,val,train,2163,4,fish,/home/tahiti/MARINE_DATASETS/AQUA20_PREPARED/images/val/04_fish/train_002163_e48e49c3174d.jpg,e48e49c3174df528a69266d25430e9f46eebe3c35918565230fd6447330c8fd2,256,256,e48e49c3174df528a69266d25430e9f46eebe3c35918565230fd6447330c8fd2,5,train
AQUA20,val,train,2181,4,fish,/home/tahiti/MARINE_DATASETS/AQUA20_PREPARED/images/val/04_fish/train_002181_fbaa7724ca94.jpg,fbaa7724ca943d8fa932e6b1c3c8c3d0b01f1a6b51e94cf36b566c987887de93,256,256,fbaa7724ca943d8fa932e6b1c3c8c3d0b01f1a6b51e94cf36b566c987887de93,5,train
AQUA20,val,train,2323,4,fish,/home/tahiti/MARINE_DATASETS/AQUA20_PREPARED/images/val/04_fish/train_002323_55a4b50f53ef.jpg,55a4b50f53ef7b61641411a101c1b1495ca81c6dbc21cbb788e18e8751dc6d84,256,256,55a4b50f53ef7b61641411a101c1b1495ca81c6dbc21cbb788e18e8751dc6d84,2,train
AQUA20,val,train,2330,4,fish,/home/tahiti/MARINE_DATASETS/AQUA20_PREPARED/images/val/04_fish/train_002330_cac25355deab.jpg,cac25355deaba0b2651fdbe4907ed78e86d63374f3939117b56d039d53ef8211,256,256,cac25355deaba0b2651fdbe4907ed78e86d63374f3939117b56d039d53ef8211,4,train
AQUA20,val,train,2556,4,fish,/home/tahiti/MARINE_DATASETS/AQUA20_PREPARED/images/val/04_fish/train_002556_a581b9d81412.jpg,a581b9d81412f8e81ccc6aae05689db21c0d99a3029f0e58aaa1c65da88a1c37,256,256,a581b9d81412f8e81ccc6aae05689db21c0d99a3029f0e58aaa1c65da88a1c37,6,train
AQUA20,val,train,2731,4,fish,/home/tahiti/MARINE_DATASETS/AQUA20_PREPARED/images/val/04_fish/train_002731_c69fe815752c.jpg,c69fe815752c8ad5525243b525183f62e63626251743c7891b60f7cb15de8c03,256,256,c69fe815752c8ad5525243b525183f62e63626251743c7891b60f7cb15de8c03,6,train
AQUA20,val,train,3033,4,fish,/home/tahiti/MARINE_DATASETS/AQUA20_PREPARED/images/val/04_fish/train_003033_c096f6f6d7ef.jpg,c096f6f6d7efdf2ebc4ece45b18066e062ff49e6f8526065bb2641e7e2c79063,256,256,c096f6f6d7efdf2ebc4ece45b18066e062ff49e6f8526065bb2641e7e2c79063,5,train
AQUA20,val,train,3117,4,fish,/home/tahiti/MARINE_DATASETS/AQUA20_PREPARED/images/val/04_fish/train_003117_0366d82f9ce3.jpg,0366d82f9ce37b599842888498a8c67057c1179817880a57ca1493521b1cecb2,256,256,0366d82f9ce37b599842888498a8c67057c1179817880a57ca1493521b1cecb2,4,train
AQUA20,val,train,3286,4,fish,/home/tahiti/MARINE_DATASETS/AQUA20_PREPARED/images/val/04_fish/train_003286_27318d3c048b.jpg,27318d3c048b959a8309173f40cfd768eb7d730c1ac81de65da591f88b3eb63f,256,256,27318d3c048b959a8309173f40cfd768eb7d730c1ac81de65da591f88b3eb63f,2,train
AQUA20,val,train,3304,4,fish,/home/tahiti/MARINE_DATASETS/AQUA20_PREPARED/images/val/04_fish/train_003304_f137db9a737b.jpg,f137db9a737bdcb74f14ca0383a347b7e391234467657e948a79db64a443e5a4,256,256,f137db9a737bdcb74f14ca0383a347b7e391234467657e948a79db64a443e5a4,3,train
AQUA20,val,train,3318,4,fish,/home/tahiti/MARINE_DATASETS/AQUA20_PREPARED/images/val/04_fish/train_003318_b43aaae391e3.jpg,b43aaae391e3abcd5e1663de7ef64afb0f9fdcd342d50e5fe2dce23fb77a0b31,256,256,b43aaae391e3abcd5e1663de7ef64afb0f9fdcd342d50e5fe2dce23fb77a0b31,4,train
AQUA20,val,train,3348,4,fish,/home/tahiti/MARINE_DATASETS/AQUA20_PREPARED/images/val/04_fish/train_003348_a524f9e4ec52.jpg,a524f9e4ec52a576a47786027157d65dc321212118e2a98b98778188147d9948,256,256,a524f9e4ec52a576a47786027157d65dc321212118e2a98b98778188147d9948,3,train
AQUA20,val,train,3360,4,fish,/home/tahiti/MARINE_DATASETS/AQUA20_PREPARED/images/val/04_fish/train_003360_9313661ff435.jpg,9313661ff4352f3e9be4ac05d846c57eb257f1b57c3c9833eb8c0c0afaca95b9,256,256,9313661ff4352f3e9be4ac05d846c57eb257f1b57c3c9833eb8c0c0afaca95b9,5,train
AQUA20,val,train,3490,4,fish,/home/tahiti/MARINE_DATASETS/AQUA20_PREPARED/images/val/04_fish/train_003490_6bf072e46e9d.jpg,6bf072e46e9d0284a2a0e40850595aa718a0650decd3688c8f70ee9268d6aa2a,256,256,6bf072e46e9d0284a2a0e40850595aa718a0650decd3688c8f70ee9268d6aa2a,4,train
AQUA20,val,train,3519,4,fish,/home/tahiti/MARINE_DATASETS/AQUA20_PREPARED/images/val/04_fish/train_003519_8a16eb5b2e99.jpg,8a16eb5b2e9934af2dd4e6c872c6afea743e8007bf9239d35061fec40f98b726,256,256,8a16eb5b2e9934af2dd4e6c872c6afea743e8007bf9239d35061fec40f98b726,5,train
AQUA20,val,train,3543,4,fish,/home/tahiti/MARINE_DATASETS/AQUA20_PREPARED/images/val/04_fish/train_003543_6b54f26adb6a.jpg,6b54f26adb6a8228964f1079514cfd61171dc7ded5f0b2edb741c1535222d042,256,256,6b54f26adb6a8228964f1079514cfd61171dc7ded5f0b2edb741c1535222d042,4,train
AQUA20,val,train,3611,4,fish,/home/tahiti/MARINE_DATASETS/AQUA20_PREPARED/images/val/04_fish/train_003611_e4d1a0607ec4.jpg,e4d1a0607ec4fb98a69a320187178026b98383f1d5b6650146d733584be46e30,256,256,e4d1a0607ec4fb98a69a320187178026b98383f1d5b6650146d733584be46e30,3,train
AQUA20,val,train,3680,4,fish,/home/tahiti/MARINE_DATASETS/AQUA20_PREPARED/images/val/04_fish/train_003680_ef2a98a1ee9d.jpg,ef2a98a1ee9da48451fe5271fe4fbd35c863f89653cdd15126ae75c0bab4d17a,256,256,ef2a98a1ee9da48451fe5271fe4fbd35c863f89653cdd15126ae75c0bab4d17a,3,train
AQUA20,val,train,3751,4,fish,/home/tahiti/MARINE_DATASETS/AQUA20_PREPARED/images/val/04_fish/train_003751_b6aff454f88b.jpg,b6aff454f88bf0832e237ab45cb72f431ea1f2c0f348750b3d3721fae0f86011,256,256,b6aff454f88bf0832e237ab45cb72f431ea1f2c0f348750b3d3721fae0f86011,2,train
AQUA20,val,train,3767,4,fish,/home/tahiti/MARINE_DATASETS/AQUA20_PREPARED/images/val/04_fish/train_003767_7c1ef3e1d3b1.jpg,7c1ef3e1d3b12b56db8bae24d5e79cb7c464d955ed9e98a778278ee9aeb27e18,256,256,7c1ef3e1d3b12b56db8bae24d5e79cb7c464d955ed9e98a778278ee9aeb27e18,2,train
AQUA20,val,train,3804,4,fish,/home/tahiti/MARINE_DATASETS/AQUA20_PREPARED/images/val/04_fish/train_003804_503a2ac97345.jpg,503a2ac9734545116d0ac54923fcae7fccc8145aac1f0ec5b92f43caa7e294ff,256,256,503a2ac9734545116d0ac54923fcae7fccc8145aac1f0ec5b92f43caa7e294ff,6,train
AQUA20,val,train,4028,5,fishInGroups,/home/tahiti/MARINE_DATASETS/AQUA20_PREPARED/images/val/05_fishInGroups/train_004028_e729bb62c63a.jpg,e729bb62c63a9eb08d755193961fa98005f057f234b589942addd99304925dc8,256,256,e729bb62c63a9eb08d755193961fa98005f057f234b589942addd99304925dc8,4,train
AQUA20,val,train,4275,5,fishInGroups,/home/tahiti/MARINE_DATASETS/AQUA20_PREPARED/images/val/05_fishInGroups/train_004275_12ed6462a682.jpg,12ed6462a682085776bd5195419be4eaa5dbab89b2b836229c227b8cfd332f5d,256,256,12ed6462a682085776bd5195419be4eaa5dbab89b2b836229c227b8cfd332f5d,2,train
AQUA20,val,train,4407,7,jellyfish,/home/tahiti/MARINE_DATASETS/AQUA20_PREPARED/images/val/07_jellyfish/train_004407_bc5745b4c47f.jpg,bc5745b4c47fe041a6d6dfa705dcb15fe886f600c0a588858262cb5e880d121b,256,256,bc5745b4c47fe041a6d6dfa705dcb15fe886f600c0a588858262cb5e880d121b,5,train
AQUA20,val,train,4511,10,rayfish,/home/tahiti/MARINE_DATASETS/AQUA20_PREPARED/images/val/10_rayfish/train_004511_31074ad475a9.jpg,31074ad475a9a916005bc65a9d1e4c899fb9bdbac57b2c0e4b639720d842cf93,256,256,31074ad475a9a916005bc65a9d1e4c899fb9bdbac57b2c0e4b639720d842cf93,4,train
AQUA20,val,train,4513,10,rayfish,/home/tahiti/MARINE_DATASETS/AQUA20_PREPARED/images/val/10_rayfish/train_004513_066f9e2d9234.jpg,066f9e2d92348245c7b382e3f5014481fb98e97b83b1d83047bb21bc207f1db8,256,256,066f9e2d92348245c7b382e3f5014481fb98e97b83b1d83047bb21bc207f1db8,2,train
AQUA20,val,train,4645,10,rayfish,/home/tahiti/MARINE_DATASETS/AQUA20_PREPARED/images/val/10_rayfish/train_004645_3e42699e490e.jpg,3e42699e490ee63fa6b06f91bcf539812c0d719077bc95ffcb2820de4f6d5d1b,256,256,3e42699e490ee63fa6b06f91bcf539812c0d719077bc95ffcb2820de4f6d5d1b,2,train
AQUA20,val,train,5193,11,seaAnemone,/home/tahiti/MARINE_DATASETS/AQUA20_PREPARED/images/val/11_seaAnemone/train_005193_f2367c98f3ea.jpg,f2367c98f3eabddf7f798282829e5498879e8b9a7bc5af55f8cafad51d00b10e,256,256,f2367c98f3eabddf7f798282829e5498879e8b9a7bc5af55f8cafad51d00b10e,3,train
AQUA20,val,train,5219,11,seaAnemone,/home/tahiti/MARINE_DATASETS/AQUA20_PREPARED/images/val/11_seaAnemone/train_005219_c658cf2b206e.jpg,c658cf2b206eef33c693ebdcb66b21f5a21b9644b104807250b83cb2c4a91c51,256,256,c658cf2b206eef33c693ebdcb66b21f5a21b9644b104807250b83cb2c4a91c51,4,train
AQUA20,val,train,5266,11,seaAnemone,/home/tahiti/MARINE_DATASETS/AQUA20_PREPARED/images/val/11_seaAnemone/train_005266_023ca6acea8e.jpg,023ca6acea8e209243c5ed3bbaa43c0f773037e2b9d6c4b9f5ecebf5ec4ac1b3,256,256,023ca6acea8e209243c5ed3bbaa43c0f773037e2b9d6c4b9f5ecebf5ec4ac1b3,4,train
AQUA20,val,train,5273,11,seaAnemone,/home/tahiti/MARINE_DATASETS/AQUA20_PREPARED/images/val/11_seaAnemone/train_005273_c1c66f61a7eb.jpg,c1c66f61a7eb84178714709b60120ad7f54f609187772489986101730d433c37,256,256,c1c66f61a7eb84178714709b60120ad7f54f609187772489986101730d433c37,3,train
AQUA20,val,train,5320,11,seaAnemone,/home/tahiti/MARINE_DATASETS/AQUA20_PREPARED/images/val/11_seaAnemone/train_005320_c52d1d8d9e9b.jpg,c52d1d8d9e9b82f458fc0623b2c287d30f912cb7f8ffe95985c0761e7fd213de,256,256,c52d1d8d9e9b82f458fc0623b2c287d30f912cb7f8ffe95985c0761e7fd213de,3,train
AQUA20,val,train,5443,11,seaAnemone,/home/tahiti/MARINE_DATASETS/AQUA20_PREPARED/images/val/11_seaAnemone/train_005443_9d4fead4e383.jpg,9d4fead4e3831516de8bdcbed4d2923b54d0ee937abb3a38f09ebb1510c4d137,256,256,9d4fead4e3831516de8bdcbed4d2923b54d0ee937abb3a38f09ebb1510c4d137,2,train
AQUA20,val,train,5449,11,seaAnemone,/home/tahiti/MARINE_DATASETS/AQUA20_PREPARED/images/val/11_seaAnemone/train_005449_2b02cf2d4d46.jpg,2b02cf2d4d4695c9f94930af59d463baa55382cb418585eb356e929fe74a22e1,256,256,2b02cf2d4d4695c9f94930af59d463baa55382cb418585eb356e929fe74a22e1,2,train
AQUA20,val,train,5456,11,seaAnemone,/home/tahiti/MARINE_DATASETS/AQUA20_PREPARED/images/val/11_seaAnemone/train_005456_2616b9981b38.jpg,2616b9981b388e417158665c3a4e2b53048c22e43cfc1afda629bb5e823c6d7e,256,256,2616b9981b388e417158665c3a4e2b53048c22e43cfc1afda629bb5e823c6d7e,5,train
AQUA20,val,train,5463,11,seaAnemone,/home/tahiti/MARINE_DATASETS/AQUA20_PREPARED/images/val/11_seaAnemone/train_005463_c4bf83917b0c.jpg,c4bf83917b0c5a1bccf42bd72749805c01bb6c7530cb6d53f403334b00f1ef3a,256,256,c4bf83917b0c5a1bccf42bd72749805c01bb6c7530cb6d53f403334b00f1ef3a,5,train
AQUA20,val,train,5689,11,seaAnemone,/home/tahiti/MARINE_DATASETS/AQUA20_PREPARED/images/val/11_seaAnemone/train_005689_1df83a1c36dc.jpg,1df83a1c36dc5676c30fd19e5e016e8f2f562b9026a27632a2236c3768f19a48,256,256,1df83a1c36dc5676c30fd19e5e016e8f2f562b9026a27632a2236c3768f19a48,6,train
AQUA20,val,train,5770,12,seaCucumber,/home/tahiti/MARINE_DATASETS/AQUA20_PREPARED/images/val/12_seaCucumber/train_005770_18533ab1fca2.jpg,18533ab1fca247a039af3d39521def1cb07b31b028e792e2f28183a6ebfb74fb,256,256,18533ab1fca247a039af3d39521def1cb07b31b028e792e2f28183a6ebfb74fb,6,train
AQUA20,val,train,5806,13,seaSlug,/home/tahiti/MARINE_DATASETS/AQUA20_PREPARED/images/val/13_seaSlug/train_005806_5b43c18cf97e.jpg,5b43c18cf97e3823316b4bf0577f25886eb130e95251ac561c783bb065eeeb05,256,256,5b43c18cf97e3823316b4bf0577f25886eb130e95251ac561c783bb065eeeb05,3,train
AQUA20,val,train,6122,18,starfish,/home/tahiti/MARINE_DATASETS/AQUA20_PREPARED/images/val/18_starfish/train_006122_c4920a0c9b16.jpg,c4920a0c9b16f6a1dcdde2fcad7697c537c80e67f551da51b22432522da8ae94,256,256,c4920a0c9b16f6a1dcdde2fcad7697c537c80e67f551da51b22432522da8ae94,2,train
AQUA20,val,train,6250,18,starfish,/home/tahiti/MARINE_DATASETS/AQUA20_PREPARED/images/val/18_starfish/train_006250_9f52fe1e131f.jpg,9f52fe1e131f30944e76a85162a2c7c1a2c456fa4b47f1a3a796b9c9a8e6b88f,256,256,9f52fe1e131f30944e76a85162a2c7c1a2c456fa4b47f1a3a796b9c9a8e6b88f,5,train
AQUA20,val,train,6283,19,turtle,/home/tahiti/MARINE_DATASETS/AQUA20_PREPARED/images/val/19_turtle/train_006283_b7204072c881.jpg,b7204072c881e3c49c8b797ddc3c79e440216251d2233927e5d816a74ee8248c,320,240,b7204072c881e3c49c8b797ddc3c79e440216251d2233927e5d816a74ee8248c,2,train
AQUA20,val,train,6345,19,turtle,/home/tahiti/MARINE_DATASETS/AQUA20_PREPARED/images/val/19_turtle/train_006345_1f8aa9696504.jpg,1f8aa96965043b9c2b43c74eb09535de336602673a3dc4cba1006bc1190a4a13,256,256,1f8aa96965043b9c2b43c74eb09535de336602673a3dc4cba1006bc1190a4a13,4,train
AQUA20,val,train,6364,19,turtle,/home/tahiti/MARINE_DATASETS/AQUA20_PREPARED/images/val/19_turtle/train_006364_60bc89d505a2.jpg,60bc89d505a202f83ec38c0f2e40a2fc73145a51a30224ab902ec7acb7f4c54d,256,256,60bc89d505a202f83ec38c0f2e40a2fc73145a51a30224ab902ec7acb7f4c54d,2,train
AQUA20,val,train,6407,19,turtle,/home/tahiti/MARINE_DATASETS/AQUA20_PREPARED/images/val/19_turtle/train_006407_638ba14d7dbc.jpg,638ba14d7dbc53098f63d34f3846b4421a03d49e722b0aced12bd0d0c690abf1,256,256,638ba14d7dbc53098f63d34f3846b4421a03d49e722b0aced12bd0d0c690abf1,2,train
AQUA20,test,test,2,0,coral,/home/tahiti/MARINE_DATASETS/AQUA20_PREPARED/images/test/00_coral/test_000002_6359607407a6.jpg,6359607407a659dfe37541f0db8826b56b0a97e9ea7ecb8acde2c9d0f34eff97,256,256,6359607407a659dfe37541f0db8826b56b0a97e9ea7ecb8acde2c9d0f34eff97,5,train
AQUA20,test,test,8,0,coral,/home/tahiti/MARINE_DATASETS/AQUA20_PREPARED/images/test/00_coral/test_000008_746c69b6da47.jpg,746c69b6da47b61ccb314b1aff82d34115ffd68fd8aff0f6391f995d95897741,256,256,746c69b6da47b61ccb314b1aff82d34115ffd68fd8aff0f6391f995d95897741,5,train
AQUA20,test,test,40,0,coral,/home/tahiti/MARINE_DATASETS/AQUA20_PREPARED/images/test/00_coral/test_000040_a68ec2ae2b0c.jpg,a68ec2ae2b0ca738fc37c57c984b916040b94abab7372d0656a0a72c8d7a7395,320,240,a68ec2ae2b0ca738fc37c57c984b916040b94abab7372d0656a0a72c8d7a7395,6,train
AQUA20,test,test,43,0,coral,/home/tahiti/MARINE_DATASETS/AQUA20_PREPARED/images/test/00_coral/test_000043_b1e338022883.jpg,b1e3380228836c13b9322e7d576d56ff1860eb5d9656a9115673066bd610a61f,320,240,b1e3380228836c13b9322e7d576d56ff1860eb5d9656a9115673066bd610a61f,5,train
AQUA20,test,test,44,0,coral,/home/tahiti/MARINE_DATASETS/AQUA20_PREPARED/images/test/00_coral/test_000044_23dfed3cd00c.jpg,23dfed3cd00ccfd4810df73daad699f5df0f1979f0ef1657ecf7087ad13c1e9b,320,240,23dfed3cd00ccfd4810df73daad699f5df0f1979f0ef1657ecf7087ad13c1e9b,6,train
AQUA20,test,test,58,0,coral,/home/tahiti/MARINE_DATASETS/AQUA20_PREPARED/images/test/00_coral/test_000058_7f92985321c7.jpg,7f92985321c781ad14ea52ec3fb3c73ff46af6250bd3ad85ecb4c79ec184a899,320,240,7f92985321c781ad14ea52ec3fb3c73ff46af6250bd3ad85ecb4c79ec184a899,3,train
AQUA20,test,test,62,0,coral,/home/tahiti/MARINE_DATASETS/AQUA20_PREPARED/images/test/00_coral/test_000062_969b906ce7d5.jpg,969b906ce7d581c61b4fb350d52c1354d4c825799d1acf309f3a832153123ea3,320,240,969b906ce7d581c61b4fb350d52c1354d4c825799d1acf309f3a832153123ea3,4,train
AQUA20,test,test,73,0,coral,/home/tahiti/MARINE_DATASETS/AQUA20_PREPARED/images/test/00_coral/test_000073_8e79e5257c62.jpg,8e79e5257c62d9ade105858676e5709859b0d733ce0b59f39246be57814b713b,320,240,8e79e5257c62d9ade105858676e5709859b0d733ce0b59f39246be57814b713b,2,train
AQUA20,test,test,86,0,coral,/home/tahiti/MARINE_DATASETS/AQUA20_PREPARED/images/test/00_coral/test_000086_ed0fc1ae8c1f.jpg,ed0fc1ae8c1f5bc67c783139509ef8cb8f3a56284d121ddb9702d0b727fbaf6c,320,240,ed0fc1ae8c1f5bc67c783139509ef8cb8f3a56284d121ddb9702d0b727fbaf6c,6,train
AQUA20,test,test,108,0,coral,/home/tahiti/MARINE_DATASETS/AQUA20_PREPARED/images/test/00_coral/test_000108_eabe3ca17a2f.jpg,eabe3ca17a2f97c62580fda5acc8be7d99dc589c7cb6901c7b76aa1c0d628852,320,240,eabe3ca17a2f97c62580fda5acc8be7d99dc589c7cb6901c7b76aa1c0d628852,4,train
AQUA20,test,test,110,0,coral,/home/tahiti/MARINE_DATASETS/AQUA20_PREPARED/images/test/00_coral/test_000110_c590db2f60a0.jpg,c590db2f60a0a733932c471628de3a714967f2847111e3cb91fac5aad8a6dc1f,320,240,c590db2f60a0a733932c471628de3a714967f2847111e3cb91fac5aad8a6dc1f,6,train
AQUA20,test,test,124,0,coral,/home/tahiti/MARINE_DATASETS/AQUA20_PREPARED/images/test/00_coral/test_000124_77808a9beca6.jpg,77808a9beca6aba0cad3dff97138c01a8622673a99f8a437bf01c0ec1c6a7063,256,256,77808a9beca6aba0cad3dff97138c01a8622673a99f8a437bf01c0ec1c6a7063,6,train
AQUA20,test,test,135,0,coral,/home/tahiti/MARINE_DATASETS/AQUA20_PREPARED/images/test/00_coral/test_000135_4895b382fd06.jpg,4895b382fd064864551847d9b5538e1536c0c2b9e0ad4a8cc1ac1215413b8e72,256,256,4895b382fd064864551847d9b5538e1536c0c2b9e0ad4a8cc1ac1215413b8e72,2,train
AQUA20,test,test,161,0,coral,/home/tahiti/MARINE_DATASETS/AQUA20_PREPARED/images/test/00_coral/test_000161_32b93d982b3d.jpg,32b93d982b3d3da45e552d8f19b96fa87628eb0c1f69c69b35a6c48b31a3a211,256,256,32b93d982b3d3da45e552d8f19b96fa87628eb0c1f69c69b35a6c48b31a3a211,5,train
AQUA20,test,test,182,0,coral,/home/tahiti/MARINE_DATASETS/AQUA20_PREPARED/images/test/00_coral/test_000182_58afb8f2bfe9.jpg,58afb8f2bfe96ccde41e4b3458683275610666f4bdecc5f1d415d88d7f0847e5,256,256,58afb8f2bfe96ccde41e4b3458683275610666f4bdecc5f1d415d88d7f0847e5,2,train
AQUA20,test,test,186,0,coral,/home/tahiti/MARINE_DATASETS/AQUA20_PREPARED/images/test/00_coral/test_000186_16359a7d3382.jpg,16359a7d3382f67b3894639436df1c6b242ee6509984edb612459b239f84266e,256,256,16359a7d3382f67b3894639436df1c6b242ee6509984edb612459b239f84266e,3,train
AQUA20,test,test,187,0,coral,/home/tahiti/MARINE_DATASETS/AQUA20_PREPARED/images/test/00_coral/test_000187_983341e70f23.jpg,983341e70f237bc300ccc316d804633a364927a72b8f016e210de1621162ef87,256,256,983341e70f237bc300ccc316d804633a364927a72b8f016e210de1621162ef87,5,train
AQUA20,test,test,202,0,coral,/home/tahiti/MARINE_DATASETS/AQUA20_PREPARED/images/test/00_coral/test_000202_25d22504d649.jpg,25d22504d6496c8a811e3f2cbf4a00b82b94c53e2eec37e765d18d973e4c31a6,256,256,25d22504d6496c8a811e3f2cbf4a00b82b94c53e2eec37e765d18d973e4c31a6,3,train
AQUA20,test,test,210,0,coral,/home/tahiti/MARINE_DATASETS/AQUA20_PREPARED/images/test/00_coral/test_000210_0294af3978cb.jpg,0294af3978cbc4d9dd1f8a83c1b45f6ea2e668e0897e88804da00918392b0903,256,256,0294af3978cbc4d9dd1f8a83c1b45f6ea2e668e0897e88804da00918392b0903,2,train
AQUA20,test,test,232,0,coral,/home/tahiti/MARINE_DATASETS/AQUA20_PREPARED/images/test/00_coral/test_000232_b5cc9fdc227d.jpg,b5cc9fdc227da3e00f76c0e7681fa6c5a70b9b4b24a914def1735437d496af04,256,256,b5cc9fdc227da3e00f76c0e7681fa6c5a70b9b4b24a914def1735437d496af04,4,train
AQUA20,test,test,242,0,coral,/home/tahiti/MARINE_DATASETS/AQUA20_PREPARED/images/test/00_coral/test_000242_64fa60164c7b.jpg,64fa60164c7b44810880065d040101abe9da9797fa08c3056d812c26d55dd422,256,256,64fa60164c7b44810880065d040101abe9da9797fa08c3056d812c26d55dd422,4,train
AQUA20,test,test,266,0,coral,/home/tahiti/MARINE_DATASETS/AQUA20_PREPARED/images/test/00_coral/test_000266_a13bc5567c69.jpg,a13bc5567c69dd431df4b0d804c7f073868c2172b5e83a3dbdc5f9366c764683,256,256,a13bc5567c69dd431df4b0d804c7f073868c2172b5e83a3dbdc5f9366c764683,2,train
AQUA20,test,test,273,0,coral,/home/tahiti/MARINE_DATASETS/AQUA20_PREPARED/images/test/00_coral/test_000273_cd80ce8cbd14.jpg,cd80ce8cbd1475657b9dff03234909b19a44953050aa8746515cbcd591866a75,256,256,cd80ce8cbd1475657b9dff03234909b19a44953050aa8746515cbcd591866a75,6,train
AQUA20,test,test,277,0,coral,/home/tahiti/MARINE_DATASETS/AQUA20_PREPARED/images/test/00_coral/test_000277_ae548d6ea751.jpg,ae548d6ea751a4853e08939bb232839d27f3da6b266def457af89ade4917bd55,256,256,ae548d6ea751a4853e08939bb232839d27f3da6b266def457af89ade4917bd55,6,train
AQUA20,test,test,278,0,coral,/home/tahiti/MARINE_DATASETS/AQUA20_PREPARED/images/test/00_coral/test_000278_0fdf33c3cd6a.jpg,0fdf33c3cd6ad84a15dfed586e03f0092ddcd79ba6f3ebc12f2e6b4f9d3dda5e,256,256,0fdf33c3cd6ad84a15dfed586e03f0092ddcd79ba6f3ebc12f2e6b4f9d3dda5e,5,train
AQUA20,test,test,319,0,coral,/home/tahiti/MARINE_DATASETS/AQUA20_PREPARED/images/test/00_coral/test_000319_bd1b0f7b7867.jpg,bd1b0f7b78671f11d337811f5c2c2197aad24e41ba950fa9c193371506905b93,256,256,bd1b0f7b78671f11d337811f5c2c2197aad24e41ba950fa9c193371506905b93,3,train
AQUA20,test,test,340,0,coral,/home/tahiti/MARINE_DATASETS/AQUA20_PREPARED/images/test/00_coral/test_000340_376ed32cad90.jpg,376ed32cad90aec4b5867100b1edc10b69b308780c0531fff65ed15f35385be3,256,256,376ed32cad90aec4b5867100b1edc10b69b308780c0531fff65ed15f35385be3,6,train
AQUA20,test,test,367,2,diver,/home/tahiti/MARINE_DATASETS/AQUA20_PREPARED/images/test/02_diver/test_000367_3ea412c31a73.jpg,3ea412c31a734081a048bcd99a6df5295e4ab041c57ae9c7472b879b281f8bda,256,256,3ea412c31a734081a048bcd99a6df5295e4ab041c57ae9c7472b879b281f8bda,2,train
AQUA20,test,test,378,3,eel,/home/tahiti/MARINE_DATASETS/AQUA20_PREPARED/images/test/03_eel/test_000378_9a11080e0c50.jpg,9a11080e0c50c50a23857f11243c661def074cb058352c7011edd38b41a596f4,256,256,9a11080e0c50c50a23857f11243c661def074cb058352c7011edd38b41a596f4,4,train
AQUA20,test,test,391,3,eel,/home/tahiti/MARINE_DATASETS/AQUA20_PREPARED/images/test/03_eel/test_000391_7baf0eb903b4.jpg,7baf0eb903b4d21560ec807758b50b4eb998b956247c2ede58fdf7a705b2173d,256,256,7baf0eb903b4d21560ec807758b50b4eb998b956247c2ede58fdf7a705b2173d,2,train
AQUA20,test,test,403,3,eel,/home/tahiti/MARINE_DATASETS/AQUA20_PREPARED/images/test/03_eel/test_000403_ea134405a6c1.jpg,ea134405a6c16e694ff83e8d81454092fbf54c7dd05e2d9cc84ef1d5b489537d,256,256,ea134405a6c16e694ff83e8d81454092fbf54c7dd05e2d9cc84ef1d5b489537d,2,train
AQUA20,test,test,425,4,fish,/home/tahiti/MARINE_DATASETS/AQUA20_PREPARED/images/test/04_fish/test_000425_8b3c4bd37f3d.jpg,8b3c4bd37f3d21868683586678641641913837cfa46ffbc3b9a739386966004f,256,256,8b3c4bd37f3d21868683586678641641913837cfa46ffbc3b9a739386966004f,5,train
AQUA20,test,test,431,4,fish,/home/tahiti/MARINE_DATASETS/AQUA20_PREPARED/images/test/04_fish/test_000431_2d9eb5064269.jpg,2d9eb5064269278baa79624e049f7c548b65127431503ace1c7d5b8ddb8a1727,256,256,2d9eb5064269278baa79624e049f7c548b65127431503ace1c7d5b8ddb8a1727,2,train
AQUA20,test,test,447,4,fish,/home/tahiti/MARINE_DATASETS/AQUA20_PREPARED/images/test/04_fish/test_000447_1ab715770eaa.jpg,1ab715770eaad22338e1c004cce60e7d7c9e2cebcab669a7647bfb3ad056c1f5,256,256,1ab715770eaad22338e1c004cce60e7d7c9e2cebcab669a7647bfb3ad056c1f5,4,train
AQUA20,test,test,449,4,fish,/home/tahiti/MARINE_DATASETS/AQUA20_PREPARED/images/test/04_fish/test_000449_8fce9c91c67b.jpg,8fce9c91c67b8deddb1b16751309d607f4c43c853b32689aa095c62ccd8a739c,256,256,8fce9c91c67b8deddb1b16751309d607f4c43c853b32689aa095c62ccd8a739c,6,train
AQUA20,test,test,526,4,fish,/home/tahiti/MARINE_DATASETS/AQUA20_PREPARED/images/test/04_fish/test_000526_2ff5102b683a.jpg,2ff5102b683aae81cc8a5a8ca1e948f1cf31be4dabb198a4b7e7d8f04c4f4115,320,240,2ff5102b683aae81cc8a5a8ca1e948f1cf31be4dabb198a4b7e7d8f04c4f4115,5,train
AQUA20,test,test,538,4,fish,/home/tahiti/MARINE_DATASETS/AQUA20_PREPARED/images/test/04_fish/test_000538_d493fe9fe47d.jpg,d493fe9fe47d14b10a2dcfa61492cdaf27eb8992379be7975e555658249fb4d3,320,240,d493fe9fe47d14b10a2dcfa61492cdaf27eb8992379be7975e555658249fb4d3,5,train
AQUA20,test,test,543,4,fish,/home/tahiti/MARINE_DATASETS/AQUA20_PREPARED/images/test/04_fish/test_000543_3bb0b2a3b27a.jpg,3bb0b2a3b27aef84728756a88a072aea3ced0f6f817fe29aaabbd95ebed089e2,320,240,3bb0b2a3b27aef84728756a88a072aea3ced0f6f817fe29aaabbd95ebed089e2,4,train
AQUA20,test,test,554,4,fish,/home/tahiti/MARINE_DATASETS/AQUA20_PREPARED/images/test/04_fish/test_000554_89dfb644ae99.jpg,89dfb644ae992cd7f4327152cb8096f68cf2afd1ddf56ed737af598a1ae39f0f,320,240,89dfb644ae992cd7f4327152cb8096f68cf2afd1ddf56ed737af598a1ae39f0f,3,train
AQUA20,test,test,567,4,fish,/home/tahiti/MARINE_DATASETS/AQUA20_PREPARED/images/test/04_fish/test_000567_2d6235cec9ed.jpg,2d6235cec9eda38d16dc410a27db010cb2371e05504fc001c26374e6044d1c41,320,240,2d6235cec9eda38d16dc410a27db010cb2371e05504fc001c26374e6044d1c41,4,train
AQUA20,test,test,578,4,fish,/home/tahiti/MARINE_DATASETS/AQUA20_PREPARED/images/test/04_fish/test_000578_1497593cf4e0.jpg,1497593cf4e05e3d515ef5aa2e045c70c206b05ffd0959ee364b412f0a67d92b,320,240,1497593cf4e05e3d515ef5aa2e045c70c206b05ffd0959ee364b412f0a67d92b,4,train
AQUA20,test,test,584,4,fish,/home/tahiti/MARINE_DATASETS/AQUA20_PREPARED/images/test/04_fish/test_000584_0f3d4c6fb0d8.jpg,0f3d4c6fb0d87857d5426948832e2c35a0ce7f1f9a4e9d55e36ad0a1a5abca34,320,240,0f3d4c6fb0d87857d5426948832e2c35a0ce7f1f9a4e9d55e36ad0a1a5abca34,3,train
AQUA20,test,test,600,4,fish,/home/tahiti/MARINE_DATASETS/AQUA20_PREPARED/images/test/04_fish/test_000600_46e9bfe0eaf0.jpg,46e9bfe0eaf05ac291e0bed76481ea4ba199152bdad32153ed01f180621f7497,320,240,46e9bfe0eaf05ac291e0bed76481ea4ba199152bdad32153ed01f180621f7497,6,train
AQUA20,test,test,656,4,fish,/home/tahiti/MARINE_DATASETS/AQUA20_PREPARED/images/test/04_fish/test_000656_36a114fe3de9.jpg,36a114fe3de9ea0608b55edefa2f8ff6d040faa4a50233078cb192eb13156c9a,256,256,36a114fe3de9ea0608b55edefa2f8ff6d040faa4a50233078cb192eb13156c9a,2,train
AQUA20,test,test,665,4,fish,/home/tahiti/MARINE_DATASETS/AQUA20_PREPARED/images/test/04_fish/test_000665_d9a8e8996d91.jpg,d9a8e8996d9182f15cc040672d80324c04e52ec3c0a8e18d9f24213bdf12cc97,256,256,d9a8e8996d9182f15cc040672d80324c04e52ec3c0a8e18d9f24213bdf12cc97,6,train
AQUA20,test,test,675,4,fish,/home/tahiti/MARINE_DATASETS/AQUA20_PREPARED/images/test/04_fish/test_000675_e1254a3403ed.jpg,e1254a3403ed2fc6b7498766b08bc9622eca36f1879d14e085eac81d0f535f73,256,256,e1254a3403ed2fc6b7498766b08bc9622eca36f1879d14e085eac81d0f535f73,6,train
AQUA20,test,test,695,4,fish,/home/tahiti/MARINE_DATASETS/AQUA20_PREPARED/images/test/04_fish/test_000695_404ff83b071b.jpg,404ff83b071b1a927d5c72594b9fab604bf7034e632baa2022a2a3d12dda9bbf,256,256,404ff83b071b1a927d5c72594b9fab604bf7034e632baa2022a2a3d12dda9bbf,3,train
AQUA20,test,test,709,4,fish,/home/tahiti/MARINE_DATASETS/AQUA20_PREPARED/images/test/04_fish/test_000709_67c1444562d3.jpg,67c1444562d3eb493bc6ef551a8e6a1596578502b467387fec185d9723f245d8,256,256,67c1444562d3eb493bc6ef551a8e6a1596578502b467387fec185d9723f245d8,3,train
AQUA20,test,test,728,4,fish,/home/tahiti/MARINE_DATASETS/AQUA20_PREPARED/images/test/04_fish/test_000728_dae4e13593ef.jpg,dae4e13593ef7f60395b53a1c2f56996ec96b84afa503bf647827f8a6bd3ef66,256,256,dae4e13593ef7f60395b53a1c2f56996ec96b84afa503bf647827f8a6bd3ef66,2,train
AQUA20,test,test,740,4,fish,/home/tahiti/MARINE_DATASETS/AQUA20_PREPARED/images/test/04_fish/test_000740_0205cf88d2f4.jpg,0205cf88d2f48e9b1ff29c7860a9c9cdd5c828ec14b3bd363cb8b5f9acb275da,256,256,0205cf88d2f48e9b1ff29c7860a9c9cdd5c828ec14b3bd363cb8b5f9acb275da,6,train
AQUA20,test,test,742,4,fish,/home/tahiti/MARINE_DATASETS/AQUA20_PREPARED/images/test/04_fish/test_000742_80e61473edfe.jpg,80e61473edfe174cdc2da6fc76b20c933db34599c097d3b9619d9e0192d12917,256,256,80e61473edfe174cdc2da6fc76b20c933db34599c097d3b9619d9e0192d12917,2,train
AQUA20,test,test,777,4,fish,/home/tahiti/MARINE_DATASETS/AQUA20_PREPARED/images/test/04_fish/test_000777_c1c8dd96e7b5.jpg,c1c8dd96e7b55fb204115027eca855391347f279d582023520655c2e6475c133,256,256,c1c8dd96e7b55fb204115027eca855391347f279d582023520655c2e6475c133,6,train
AQUA20,test,test,780,4,fish,/home/tahiti/MARINE_DATASETS/AQUA20_PREPARED/images/test/04_fish/test_000780_1e837d639957.jpg,1e837d639957f39ab6a61939dca638511ee29388c340316194bdd3b1c9d1856c,256,256,1e837d639957f39ab6a61939dca638511ee29388c340316194bdd3b1c9d1856c,6,train
AQUA20,test,test,792,4,fish,/home/tahiti/MARINE_DATASETS/AQUA20_PREPARED/images/test/04_fish/test_000792_115ccd0fc4a3.jpg,115ccd0fc4a38f5ee1d29d724796264fb243e0c35a7f678019e34434d2b7dad2,256,256,115ccd0fc4a38f5ee1d29d724796264fb243e0c35a7f678019e34434d2b7dad2,6,train
AQUA20,test,test,820,4,fish,/home/tahiti/MARINE_DATASETS/AQUA20_PREPARED/images/test/04_fish/test_000820_3b320257f348.jpg,3b320257f34830fdd076965c5d8787422e85f7c75207796573fbf5ce3e3b9681,256,256,3b320257f34830fdd076965c5d8787422e85f7c75207796573fbf5ce3e3b9681,2,train
AQUA20,test,test,824,4,fish,/home/tahiti/MARINE_DATASETS/AQUA20_PREPARED/images/test/04_fish/test_000824_fb979c683432.jpg,fb979c6834329d9e606a9bc39aebfe2099eb453b7a3fcf3216b16b6b6376b831,256,256,fb979c6834329d9e606a9bc39aebfe2099eb453b7a3fcf3216b16b6b6376b831,6,train
AQUA20,test,test,825,4,fish,/home/tahiti/MARINE_DATASETS/AQUA20_PREPARED/images/test/04_fish/test_000825_1640024c8fb9.jpg,1640024c8fb9041c7b0cfbb7ccbf4f94089a771e40b706ffa3096da9629b3e97,256,256,1640024c8fb9041c7b0cfbb7ccbf4f94089a771e40b706ffa3096da9629b3e97,4,train
AQUA20,test,test,836,4,fish,/home/tahiti/MARINE_DATASETS/AQUA20_PREPARED/images/test/04_fish/test_000836_bd09e0a7fcb4.jpg,bd09e0a7fcb4dd4a198f52f61da03866e604bb6640c79d3a3743aa8602aa3557,256,256,bd09e0a7fcb4dd4a198f52f61da03866e604bb6640c79d3a3743aa8602aa3557,2,train
AQUA20,test,test,838,4,fish,/home/tahiti/MARINE_DATASETS/AQUA20_PREPARED/images/test/04_fish/test_000838_ca1b492dc4a6.jpg,ca1b492dc4a6da56877c85505118a68641e299e07c348898db61dc043ed76d59,256,256,ca1b492dc4a6da56877c85505118a68641e299e07c348898db61dc043ed76d59,3,train
AQUA20,test,test,859,4,fish,/home/tahiti/MARINE_DATASETS/AQUA20_PREPARED/images/test/04_fish/test_000859_a508f0e283e2.jpg,a508f0e283e27ee744617c13fe8a91a4fe29c9b3e0fb38e02559a0702553cc09,256,256,a508f0e283e27ee744617c13fe8a91a4fe29c9b3e0fb38e02559a0702553cc09,4,train
AQUA20,test,test,871,4,fish,/home/tahiti/MARINE_DATASETS/AQUA20_PREPARED/images/test/04_fish/test_000871_388d77e0b611.jpg,388d77e0b611804f446bcba1050ade4c8551fd8d67a954952cbc2cfd3f8ccaff,256,256,388d77e0b611804f446bcba1050ade4c8551fd8d67a954952cbc2cfd3f8ccaff,6,train
AQUA20,test,test,876,4,fish,/home/tahiti/MARINE_DATASETS/AQUA20_PREPARED/images/test/04_fish/test_000876_4b361675e614.jpg,4b361675e6146e9bdb167bdcd6a0255474f96b0d5ba0b474ea861e41c7c478a7,256,256,4b361675e6146e9bdb167bdcd6a0255474f96b0d5ba0b474ea861e41c7c478a7,5,train
AQUA20,test,test,888,4,fish,/home/tahiti/MARINE_DATASETS/AQUA20_PREPARED/images/test/04_fish/test_000888_a1cd9a71dd49.jpg,a1cd9a71dd49a946e6930edf98163c962cef709224fad9b230036f07bfff87c5,256,256,a1cd9a71dd49a946e6930edf98163c962cef709224fad9b230036f07bfff87c5,6,train
AQUA20,test,test,904,4,fish,/home/tahiti/MARINE_DATASETS/AQUA20_PREPARED/images/test/04_fish/test_000904_30b5d43735bc.jpg,30b5d43735bcd4118e347cb620143e52c4e024b70674dd66bdcc4aeb0e5419c0,256,256,30b5d43735bcd4118e347cb620143e52c4e024b70674dd66bdcc4aeb0e5419c0,5,train
AQUA20,test,test,905,4,fish,/home/tahiti/MARINE_DATASETS/AQUA20_PREPARED/images/test/04_fish/test_000905_064d7703e053.jpg,064d7703e0530d01d2d10b82cfb77c9d8ba72918b19b3a78a6410fe241b2ee39,256,256,064d7703e0530d01d2d10b82cfb77c9d8ba72918b19b3a78a6410fe241b2ee39,3,train
AQUA20,test,test,923,4,fish,/home/tahiti/MARINE_DATASETS/AQUA20_PREPARED/images/test/04_fish/test_000923_6b9880f7a6e0.jpg,6b9880f7a6e05ccde776ae4c185be17eacb7788fee5d4b70281aff49b64ca928,256,256,6b9880f7a6e05ccde776ae4c185be17eacb7788fee5d4b70281aff49b64ca928,6,train
AQUA20,test,test,926,4,fish,/home/tahiti/MARINE_DATASETS/AQUA20_PREPARED/images/test/04_fish/test_000926_c1250033bf4b.jpg,c1250033bf4b6d6e41d65d3e7c13f4ed2ea159a15ed252c308f956b1088101c9,256,256,c1250033bf4b6d6e41d65d3e7c13f4ed2ea159a15ed252c308f956b1088101c9,4,train
AQUA20,test,test,1013,5,fishInGroups,/home/tahiti/MARINE_DATASETS/AQUA20_PREPARED/images/test/05_fishInGroups/test_001013_961231619d7f.jpg,961231619d7f21334b5de35a09bcd04c6f50e6cdc642ce008ebd38962e7b1333,320,240,961231619d7f21334b5de35a09bcd04c6f50e6cdc642ce008ebd38962e7b1333,5,train
AQUA20,test,test,1020,5,fishInGroups,/home/tahiti/MARINE_DATASETS/AQUA20_PREPARED/images/test/05_fishInGroups/test_001020_4130267e6276.jpg,4130267e6276ed79fc214883d0b9ee0e187c9a73c16bcf4865de8d9615e2f625,320,240,4130267e6276ed79fc214883d0b9ee0e187c9a73c16bcf4865de8d9615e2f625,5,train
AQUA20,test,test,1021,5,fishInGroups,/home/tahiti/MARINE_DATASETS/AQUA20_PREPARED/images/test/05_fishInGroups/test_001021_8073bb66258c.jpg,8073bb66258c27532ea5b659741dd57085ad05028451f654c036a04048b5090e,256,256,8073bb66258c27532ea5b659741dd57085ad05028451f654c036a04048b5090e,5,train
AQUA20,test,test,1024,6,flatworm,/home/tahiti/MARINE_DATASETS/AQUA20_PREPARED/images/test/06_flatworm/test_001024_733a900cf472.jpg,733a900cf47247a14a11a7dbc4a7879c0fe9a96cb41de81e79d37254a30ee4b2,256,256,733a900cf47247a14a11a7dbc4a7879c0fe9a96cb41de81e79d37254a30ee4b2,2,train
AQUA20,test,test,1044,7,jellyfish,/home/tahiti/MARINE_DATASETS/AQUA20_PREPARED/images/test/07_jellyfish/test_001044_33752d03f548.jpg,33752d03f5480a30c1d70059841b53ca7b3b1c33c3406623ffe8ae9e96b2bf9c,256,256,33752d03f5480a30c1d70059841b53ca7b3b1c33c3406623ffe8ae9e96b2bf9c,3,train
AQUA20,test,test,1050,7,jellyfish,/home/tahiti/MARINE_DATASETS/AQUA20_PREPARED/images/test/07_jellyfish/test_001050_af57cbfa3668.jpg,af57cbfa366872280465616767ec5ec517342244de520ab3aa5be1cfbb9a5194,256,256,af57cbfa366872280465616767ec5ec517342244de520ab3aa5be1cfbb9a5194,6,train
AQUA20,test,test,1062,8,marine_dolphin,/home/tahiti/MARINE_DATASETS/AQUA20_PREPARED/images/test/08_marine_dolphin/test_001062_b819f3e4c77e.jpg,b819f3e4c77ea4cd719048da489e8a20d9da41145f0b75f91bb8ea91acc4fdfc,677,406,b819f3e4c77ea4cd719048da489e8a20d9da41145f0b75f91bb8ea91acc4fdfc,4,train
AQUA20,test,test,1086,10,rayfish,/home/tahiti/MARINE_DATASETS/AQUA20_PREPARED/images/test/10_rayfish/test_001086_f72e1ca424f7.jpg,f72e1ca424f79872d3f21d29d22ff87a1190a2f8f322d0fa9f6235fc44c4fa9b,256,256,f72e1ca424f79872d3f21d29d22ff87a1190a2f8f322d0fa9f6235fc44c4fa9b,6,train
AQUA20,test,test,1091,10,rayfish,/home/tahiti/MARINE_DATASETS/AQUA20_PREPARED/images/test/10_rayfish/test_001091_f5b7f0165f74.jpg,f5b7f0165f74548116aecb2d2fd38f5465bc6ed7df7c766e8ad02d802304fa0e,256,256,f5b7f0165f74548116aecb2d2fd38f5465bc6ed7df7c766e8ad02d802304fa0e,6,train
AQUA20,test,test,1100,10,rayfish,/home/tahiti/MARINE_DATASETS/AQUA20_PREPARED/images/test/10_rayfish/test_001100_808fcef71852.jpg,808fcef71852ab57eaf9beed20e445d6c244f305c8b2d89704a09a6953754803,256,256,808fcef71852ab57eaf9beed20e445d6c244f305c8b2d89704a09a6953754803,4,train
AQUA20,test,test,1129,10,rayfish,/home/tahiti/MARINE_DATASETS/AQUA20_PREPARED/images/test/10_rayfish/test_001129_766e0fc11e75.jpg,766e0fc11e75a58ebc26df4589207abe9faf5d3a94bbd5c57bc2d0963ea1c933,256,256,766e0fc11e75a58ebc26df4589207abe9faf5d3a94bbd5c57bc2d0963ea1c933,4,train
AQUA20,test,test,1147,10,rayfish,/home/tahiti/MARINE_DATASETS/AQUA20_PREPARED/images/test/10_rayfish/test_001147_39692bf3fa44.jpg,39692bf3fa4413228c304eaa76e9977dec8f093906796eb36602346e923be5eb,256,256,39692bf3fa4413228c304eaa76e9977dec8f093906796eb36602346e923be5eb,3,train
AQUA20,test,test,1159,10,rayfish,/home/tahiti/MARINE_DATASETS/AQUA20_PREPARED/images/test/10_rayfish/test_001159_9524be792d33.jpg,9524be792d33d2f1c56e63a1631c41787fa307d3b7e8524b1b35169da0b6a424,256,256,9524be792d33d2f1c56e63a1631c41787fa307d3b7e8524b1b35169da0b6a424,6,train
AQUA20,test,test,1165,10,rayfish,/home/tahiti/MARINE_DATASETS/AQUA20_PREPARED/images/test/10_rayfish/test_001165_417a2d947f8c.jpg,417a2d947f8cc8f72eea3bce4230892e9d9c1a6e554718ceca2a6eb98f4bd121,256,256,417a2d947f8cc8f72eea3bce4230892e9d9c1a6e554718ceca2a6eb98f4bd121,3,train
AQUA20,test,test,1186,11,seaAnemone,/home/tahiti/MARINE_DATASETS/AQUA20_PREPARED/images/test/11_seaAnemone/test_001186_0288ca127de4.jpg,0288ca127de4857785c0b522a061b50c1097be09c81a007f209f658c6378f78f,256,256,0288ca127de4857785c0b522a061b50c1097be09c81a007f209f658c6378f78f,5,train
AQUA20,test,test,1187,11,seaAnemone,/home/tahiti/MARINE_DATASETS/AQUA20_PREPARED/images/test/11_seaAnemone/test_001187_a18b9f6d668f.jpg,a18b9f6d668f08117a06cace2c35c1382c798f675a83556e7ebeee7b0eaf88f0,256,256,a18b9f6d668f08117a06cace2c35c1382c798f675a83556e7ebeee7b0eaf88f0,3,train
AQUA20,test,test,1193,11,seaAnemone,/home/tahiti/MARINE_DATASETS/AQUA20_PREPARED/images/test/11_seaAnemone/test_001193_b25c13c8c33d.jpg,b25c13c8c33d77aa1efba61092d57678219998b85a8c5032722fe10ce476c083,256,256,b25c13c8c33d77aa1efba61092d57678219998b85a8c5032722fe10ce476c083,4,train
AQUA20,test,test,1214,11,seaAnemone,/home/tahiti/MARINE_DATASETS/AQUA20_PREPARED/images/test/11_seaAnemone/test_001214_573e2cff1315.jpg,573e2cff131582d5a423d79e5e5af875930c574b9522b6ecf07f19460136c75c,256,256,573e2cff131582d5a423d79e5e5af875930c574b9522b6ecf07f19460136c75c,3,train
AQUA20,test,test,1215,11,seaAnemone,/home/tahiti/MARINE_DATASETS/AQUA20_PREPARED/images/test/11_seaAnemone/test_001215_c6d8a2882756.jpg,c6d8a2882756cc617c439e654fc3f1d2261b9149481ff41d9f1a030b582036f9,256,256,c6d8a2882756cc617c439e654fc3f1d2261b9149481ff41d9f1a030b582036f9,6,train
AQUA20,test,test,1294,11,seaAnemone,/home/tahiti/MARINE_DATASETS/AQUA20_PREPARED/images/test/11_seaAnemone/test_001294_ca2bedf8fd14.jpg,ca2bedf8fd149e091af6f416b5f9447b30e7780b181f8eed1b6adab175fb99d5,256,256,ca2bedf8fd149e091af6f416b5f9447b30e7780b181f8eed1b6adab175fb99d5,6,train
AQUA20,test,test,1297,11,seaAnemone,/home/tahiti/MARINE_DATASETS/AQUA20_PREPARED/images/test/11_seaAnemone/test_001297_8c8ccc7bee36.jpg,8c8ccc7bee36b2c3fba1fca3efae0c894cb548d4cbbb9235a521a8118031c31a,256,256,8c8ccc7bee36b2c3fba1fca3efae0c894cb548d4cbbb9235a521a8118031c31a,6,train
AQUA20,test,test,1301,11,seaAnemone,/home/tahiti/MARINE_DATASETS/AQUA20_PREPARED/images/test/11_seaAnemone/test_001301_ac126d5cdf54.jpg,ac126d5cdf54900f522d49c7f6f7f1536e5c3e0a6d55a67a3f366d21604225bd,256,256,ac126d5cdf54900f522d49c7f6f7f1536e5c3e0a6d55a67a3f366d21604225bd,5,train
AQUA20,test,test,1308,11,seaAnemone,/home/tahiti/MARINE_DATASETS/AQUA20_PREPARED/images/test/11_seaAnemone/test_001308_ceaf35cfc19b.jpg,ceaf35cfc19b8fc07411345e864d2575a802b0cc8bf7182214dd7594293ec804,256,256,ceaf35cfc19b8fc07411345e864d2575a802b0cc8bf7182214dd7594293ec804,5,train
AQUA20,test,test,1309,11,seaAnemone,/home/tahiti/MARINE_DATASETS/AQUA20_PREPARED/images/test/11_seaAnemone/test_001309_f709b2e389e8.jpg,f709b2e389e8c43b039ba922f02af48d67123f3b7f23626f970f5d8024fcd523,256,256,f709b2e389e8c43b039ba922f02af48d67123f3b7f23626f970f5d8024fcd523,5,train
AQUA20,test,test,1337,11,seaAnemone,/home/tahiti/MARINE_DATASETS/AQUA20_PREPARED/images/test/11_seaAnemone/test_001337_b73980d550dc.jpg,b73980d550dc2cc9bb40d44da378c9f0923872dff4d8d729388fee06f3f838ff,256,256,b73980d550dc2cc9bb40d44da378c9f0923872dff4d8d729388fee06f3f838ff,6,train
AQUA20,test,test,1339,11,seaAnemone,/home/tahiti/MARINE_DATASETS/AQUA20_PREPARED/images/test/11_seaAnemone/test_001339_c2d1fc243539.jpg,c2d1fc243539de8bae938f4ceba5949becb3dfc7a0fc3d89a14dda5e0e2c695b,256,256,c2d1fc243539de8bae938f4ceba5949becb3dfc7a0fc3d89a14dda5e0e2c695b,3,train
AQUA20,test,test,1380,11,seaAnemone,/home/tahiti/MARINE_DATASETS/AQUA20_PREPARED/images/test/11_seaAnemone/test_001380_03f1510d9192.jpg,03f1510d91926fcc0e6c240171e33cb3215aba4ad558df696d830562179cad40,256,256,03f1510d91926fcc0e6c240171e33cb3215aba4ad558df696d830562179cad40,4,train
AQUA20,test,test,1383,11,seaAnemone,/home/tahiti/MARINE_DATASETS/AQUA20_PREPARED/images/test/11_seaAnemone/test_001383_c1b123f4920c.jpg,c1b123f4920c85099fb42db78f1bb5a4aea0ab4da31720c3c1084c9198fcaec9,256,256,c1b123f4920c85099fb42db78f1bb5a4aea0ab4da31720c3c1084c9198fcaec9,2,train
AQUA20,test,test,1385,11,seaAnemone,/home/tahiti/MARINE_DATASETS/AQUA20_PREPARED/images/test/11_seaAnemone/test_001385_88af7cda0c26.jpg,88af7cda0c264d1fe6f3e15f5bf243b4dafbc5c8bf5e59d3d0154d048eae57bc,256,256,88af7cda0c264d1fe6f3e15f5bf243b4dafbc5c8bf5e59d3d0154d048eae57bc,2,train
AQUA20,test,test,1417,13,seaSlug,/home/tahiti/MARINE_DATASETS/AQUA20_PREPARED/images/test/13_seaSlug/test_001417_0c64a97558ac.jpg,0c64a97558ac88b7f2f562bf4828c315ae1fade285e2d68d21152a469d621345,320,240,0c64a97558ac88b7f2f562bf4828c315ae1fade285e2d68d21152a469d621345,6,train
AQUA20,test,test,1419,13,seaSlug,/home/tahiti/MARINE_DATASETS/AQUA20_PREPARED/images/test/13_seaSlug/test_001419_dfb8228008cf.jpg,dfb8228008cf814a9d71b4e4f4d16b9bb864784cca3ba9fa53346880bc6dec81,320,240,dfb8228008cf814a9d71b4e4f4d16b9bb864784cca3ba9fa53346880bc6dec81,4,train
AQUA20,test,test,1450,14,seaUrchin,/home/tahiti/MARINE_DATASETS/AQUA20_PREPARED/images/test/14_seaUrchin/test_001450_dfdefcba114a.jpg,dfdefcba114a6cee0e58993c7fde092d9cbf356f4c84ec7c669481749f6ff3c6,256,256,dfdefcba114a6cee0e58993c7fde092d9cbf356f4c84ec7c669481749f6ff3c6,6,train
AQUA20,test,test,1465,15,shark,/home/tahiti/MARINE_DATASETS/AQUA20_PREPARED/images/test/15_shark/test_001465_9756dab90e0a.jpg,9756dab90e0ac8bb10fbc990d296227402273c3be4642118c2faad1ac69efa84,256,256,9756dab90e0ac8bb10fbc990d296227402273c3be4642118c2faad1ac69efa84,6,train
AQUA20,test,test,1472,15,shark,/home/tahiti/MARINE_DATASETS/AQUA20_PREPARED/images/test/15_shark/test_001472_9ea9a1c65f45.jpg,9ea9a1c65f451589dba44c014b305aaea4ea46f2bb161b214939f979ed5b6835,256,256,9ea9a1c65f451589dba44c014b305aaea4ea46f2bb161b214939f979ed5b6835,2,train
AQUA20,test,test,1514,18,starfish,/home/tahiti/MARINE_DATASETS/AQUA20_PREPARED/images/test/18_starfish/test_001514_387a13f16205.jpg,387a13f1620556f37d10cb56b301fb98aca3a7b29ed4cb18eb93697fad85925a,256,256,387a13f1620556f37d10cb56b301fb98aca3a7b29ed4cb18eb93697fad85925a,5,train
AQUA20,test,test,1543,19,turtle,/home/tahiti/MARINE_DATASETS/AQUA20_PREPARED/images/test/19_turtle/test_001543_123b3da48609.jpg,123b3da486099963cbb4df9c889253925c2bb3027b4146413cf199945b1c5332,256,256,123b3da486099963cbb4df9c889253925c2bb3027b4146413cf199945b1c5332,3,train
AQUA20,test,test,1582,19,turtle,/home/tahiti/MARINE_DATASETS/AQUA20_PREPARED/images/test/19_turtle/test_001582_16de046ec086.jpg,16de046ec086a54ca0428413705f27e8de97775c834892273280510bd740a1b5,256,256,16de046ec086a54ca0428413705f27e8de97775c834892273280510bd740a1b5,2,train
AQUA20,test,test,1593,19,turtle,/home/tahiti/MARINE_DATASETS/AQUA20_PREPARED/images/test/19_turtle/test_001593_e931d281e8ad.jpg,e931d281e8ad462a592590dbcdcceecac0b57d117c65889a11c2e1ac12d82004,256,256,e931d281e8ad462a592590dbcdcceecac0b57d117c65889a11c2e1ac12d82004,5,train
AQUA20,test,test,1608,19,turtle,/home/tahiti/MARINE_DATASETS/AQUA20_PREPARED/images/test/19_turtle/test_001608_c3b2bf5ee6f0.jpg,c3b2bf5ee6f04b0c95c660edfdf14f09951fa4ceca244703e7d3b5ab32f42fe3,256,256,c3b2bf5ee6f04b0c95c660edfdf14f09951fa4ceca244703e7d3b5ab32f42fe3,2,train
