dataset,storage_split,original_split,original_index,label_id,label,path,sha256,width,height,group_id,fold,split
AQUA20,train,train,19,0,coral,/home/tahiti/MARINE_DATASETS/AQUA20_PREPARED/images/train/00_coral/train_000019_2c4442cade22.jpg,2c4442cade2231a152907183b586c8171b61602bc090d7687a786b53ef5c9793,256,256,2c4442cade2231a152907183b586c8171b61602bc090d7687a786b53ef5c9793,4,train
AQUA20,train,train,28,0,coral,/home/tahiti/MARINE_DATASETS/AQUA20_PREPARED/images/train/00_coral/train_000028_45f7e0d7b753.jpg,45f7e0d7b7538c636ea46c366c5b55e4cf71bdb8b6e644b176b16f988faf9c41,256,256,45f7e0d7b7538c636ea46c366c5b55e4cf71bdb8b6e644b176b16f988faf9c41,6,train
AQUA20,train,train,40,0,coral,/home/tahiti/MARINE_DATASETS/AQUA20_PREPARED/images/train/00_coral/train_000040_e3eaaa412134.jpg,e3eaaa412134a65fb2d72d16c7d68ab2a79e188166833d2cced071aa013ee71e,256,256,e3eaaa412134a65fb2d72d16c7d68ab2a79e188166833d2cced071aa013ee71e,5,train
AQUA20,train,train,48,0,coral,/home/tahiti/MARINE_DATASETS/AQUA20_PREPARED/images/train/00_coral/train_000048_18897478ac6b.jpg,18897478ac6bfc14188c2ebdb0ab4237b6c78ba3055f52e7ad18779f889b6374,256,256,18897478ac6bfc14188c2ebdb0ab4237b6c78ba3055f52e7ad18779f889b6374,6,train
AQUA20,train,train,76,0,coral,/home/tahiti/MARINE_DATASETS/AQUA20_PREPARED/images/train/00_coral/train_000076_c7c92f89c8f3.jpg,c7c92f89c8f3f912ba7b2c072b54e81e25093b1ca5cc6deb8d96530db8901cfd,256,256,c7c92f89c8f3f912ba7b2c072b54e81e25093b1ca5cc6deb8d96530db8901cfd,6,train
AQUA20,train,train,93,0,coral,/home/tahiti/MARINE_DATASETS/AQUA20_PREPARED/images/train/00_coral/train_000093_8c805d4097ac.jpg,8c805d4097acab304a698fe1f9bb1b2d3cf46c2641c0662c711a72245ddae45b,256,256,8c805d4097acab304a698fe1f9bb1b2d3cf46c2641c0662c711a72245ddae45b,4,train
AQUA20,train,train,102,0,coral,/home/tahiti/MARINE_DATASETS/AQUA20_PREPARED/images/train/00_coral/train_000102_54ea99f3af5c.jpg,54ea99f3af5c8c442813511fdf8cabb35255a86b00a30e6c5a9b7c65d42a40ea,256,256,54ea99f3af5c8c442813511fdf8cabb35255a86b00a30e6c5a9b7c65d42a40ea,6,train
AQUA20,train,train,109,0,coral,/home/tahiti/MARINE_DATASETS/AQUA20_PREPARED/images/train/00_coral/train_000109_8db7531698ce.jpg,8db7531698ce37998b44b89c25b0c83ea7767b926b8c06a7a6d9c2bed0c014a7,256,256,8db7531698ce37998b44b89c25b0c83ea7767b926b8c06a7a6d9c2bed0c014a7,5,train
AQUA20,train,train,128,0,coral,/home/tahiti/MARINE_DATASETS/AQUA20_PREPARED/images/train/00_coral/train_000128_3edb91466a56.jpg,3edb91466a56a34b0f9e9bae6de9c3ef8d914186114348bacd5468062690b62e,256,256,3edb91466a56a34b0f9e9bae6de9c3ef8d914186114348bacd5468062690b62e,2,train
AQUA20,train,train,134,0,coral,/home/tahiti/MARINE_DATASETS/AQUA20_PREPARED/images/train/00_coral/train_000134_90612e4d52f7.jpg,90612e4d52f769209aa3a0bc2784e2852e1d60606cbabc43c0e8edd0b629cd98,256,256,90612e4d52f769209aa3a0bc2784e2852e1d60606cbabc43c0e8edd0b629cd98,3,train
AQUA20,train,train,156,0,coral,/home/tahiti/MARINE_DATASETS/AQUA20_PREPARED/images/train/00_coral/train_000156_0f5a9ec5509b.jpg,0f5a9ec5509bc10497ef3eaa35a5770c0f9b6a2470f753c5761f5644a1b56c34,256,256,0f5a9ec5509bc10497ef3eaa35a5770c0f9b6a2470f753c5761f5644a1b56c34,5,train
AQUA20,train,train,170,0,coral,/home/tahiti/MARINE_DATASETS/AQUA20_PREPARED/images/train/00_coral/train_000170_c231f3433b2f.jpg,c231f3433b2fd56167ac964fde709ee80a8f01c6c36e5ce76a02d32f8370b7c6,256,256,c231f3433b2fd56167ac964fde709ee80a8f01c6c36e5ce76a02d32f8370b7c6,3,train
AQUA20,train,train,176,0,coral,/home/tahiti/MARINE_DATASETS/AQUA20_PREPARED/images/train/00_coral/train_000176_96d7434219aa.jpg,96d7434219aa7a70562184ab5acfd2479431114eb45aa4dce6bb4e75d08318f8,256,256,96d7434219aa7a70562184ab5acfd2479431114eb45aa4dce6bb4e75d08318f8,4,train
AQUA20,train,train,180,0,coral,/home/tahiti/MARINE_DATASETS/AQUA20_PREPARED/images/train/00_coral/train_000180_8c52713c3b50.jpg,8c52713c3b5062f971b09c6e05154ae824a0c17603e1deb86b3ec7582e4e33ac,256,256,8c52713c3b5062f971b09c6e05154ae824a0c17603e1deb86b3ec7582e4e33ac,2,train
AQUA20,train,train,189,0,coral,/home/tahiti/MARINE_DATASETS/AQUA20_PREPARED/images/train/00_coral/train_000189_9fa3612556d5.jpg,9fa3612556d539bc2ad9bed8754dba605b8237b202bb5b0d81781a27c2f24d36,256,256,9fa3612556d539bc2ad9bed8754dba605b8237b202bb5b0d81781a27c2f24d36,3,train
AQUA20,train,train,191,0,coral,/home/tahiti/MARINE_DATASETS/AQUA20_PREPARED/images/train/00_coral/train_000191_0d8f39f646c6.jpg,0d8f39f646c60864df9e16e912845431fb7d8f1c1a5af25e045cf6f3971fe330,256,256,0d8f39f646c60864df9e16e912845431fb7d8f1c1a5af25e045cf6f3971fe330,6,train
AQUA20,train,train,198,0,coral,/home/tahiti/MARINE_DATASETS/AQUA20_PREPARED/images/train/00_coral/train_000198_850f926585d1.jpg,850f926585d1f053924828a236a77f55617ad680e561cd2a23432ae8e834a329,256,256,850f926585d1f053924828a236a77f55617ad680e561cd2a23432ae8e834a329,5,train
AQUA20,train,train,209,0,coral,/home/tahiti/MARINE_DATASETS/AQUA20_PREPARED/images/train/00_coral/train_000209_5df4afa1ab54.jpg,5df4afa1ab549fb762d4f67e19b6f2fce29f63bcd011a73571ef5f7b053fb7eb,256,256,5df4afa1ab549fb762d4f67e19b6f2fce29f63bcd011a73571ef5f7b053fb7eb,4,train
AQUA20,train,train,225,0,coral,/home/tahiti/MARINE_DATASETS/AQUA20_PREPARED/images/train/00_coral/train_000225_a9fc2bcc08ea.jpg,a9fc2bcc08eafc1429d15806225422dc4f4f850e31356e242c6b1b574cee8472,256,256,a9fc2bcc08eafc1429d15806225422dc4f4f850e31356e242c6b1b574cee8472,6,train
AQUA20,train,train,237,0,coral,/home/tahiti/MARINE_DATASETS/AQUA20_PREPARED/images/train/00_coral/train_000237_cb61595ccde8.jpg,cb61595ccde8f5c011e3bac798b7066a664955df2b961e0b4e0ab024493f395b,256,256,cb61595ccde8f5c011e3bac798b7066a664955df2b961e0b4e0ab024493f395b,4,train
AQUA20,train,train,279,0,coral,/home/tahiti/MARINE_DATASETS/AQUA20_PREPARED/images/train/00_coral/train_000279_2f10e3d06aca.jpg,2f10e3d06aca2bc2f4bfc12ef6f635aaffdda39cee365137f6441998213b203c,256,256,2f10e3d06aca2bc2f4bfc12ef6f635aaffdda39cee365137f6441998213b203c,6,train
AQUA20,train,train,351,0,coral,/home/tahiti/MARINE_DATASETS/AQUA20_PREPARED/images/train/00_coral/train_000351_223d2696731c.jpg,223d2696731c81dfc2d19f5ed5a8fe973f71b63c949d3ec09b8a2c524b7fdaf5,256,256,223d2696731c81dfc2d19f5ed5a8fe973f71b63c949d3ec09b8a2c524b7fdaf5,3,train
AQUA20,train,train,389,0,coral,/home/tahiti/MARINE_DATASETS/AQUA20_PREPARED/images/train/00_coral/train_000389_0197efa2c027.jpg,0197efa2c02779df7ea761558a27c1b5d50a74ac5455e9ce37afb1e40d87c576,256,256,0197efa2c02779df7ea761558a27c1b5d50a74ac5455e9ce37afb1e40d87c576,3,train
AQUA20,train,train,406,0,coral,/home/tahiti/MARINE_DATASETS/AQUA20_PREPARED/images/train/00_coral/train_000406_4cce0cff83ae.jpg,4cce0cff83ae8841462b4131c16eda0d6f7e9e1acd1fe36ef93e3b870b32c35b,256,256,4cce0cff83ae8841462b4131c16eda0d6f7e9e1acd1fe36ef93e3b870b32c35b,3,train
AQUA20,train,train,409,0,coral,/home/tahiti/MARINE_DATASETS/AQUA20_PREPARED/images/train/00_coral/train_000409_2b0c475ab686.jpg,2b0c475ab686e2d6ae814e7f37eeb60856ffa5e73547e7577e72ac81cda24d64,256,256,2b0c475ab686e2d6ae814e7f37eeb60856ffa5e73547e7577e72ac81cda24d64,6,train
AQUA20,train,train,414,0,coral,/home/tahiti/MARINE_DATASETS/AQUA20_PREPARED/images/train/00_coral/train_000414_23b4e690cb94.jpg,23b4e690cb946dedc28f0dcbcaceeb8cf9791b14c9d9e89512062e1a9a00da71,256,256,23b4e690cb946dedc28f0dcbcaceeb8cf9791b14c9d9e89512062e1a9a00da71,2,train
AQUA20,train,train,417,0,coral,/home/tahiti/MARINE_DATASETS/AQUA20_PREPARED/images/train/00_coral/train_000417_8f21f78e4d8b.jpg,8f21f78e4d8b7ffab04af34597b95b1f757763a787922b11947bdfc40c515d5b,256,256,8f21f78e4d8b7ffab04af34597b95b1f757763a787922b11947bdfc40c515d5b,4,train
AQUA20,train,train,439,0,coral,/home/tahiti/MARINE_DATASETS/AQUA20_PREPARED/images/train/00_coral/train_000439_ae9e5b0450d0.jpg,ae9e5b0450d0b8a7535219bc71c45680782172e39b5d99bdc0019d58997ccc22,256,256,ae9e5b0450d0b8a7535219bc71c45680782172e39b5d99bdc0019d58997ccc22,2,train
AQUA20,train,train,454,0,coral,/home/tahiti/MARINE_DATASETS/AQUA20_PREPARED/images/train/00_coral/train_000454_b4ebd755b01b.jpg,b4ebd755b01bb46db3661e4c6b314b938fed74764c937e24667b61ee4a7afd8c,256,256,b4ebd755b01bb46db3661e4c6b314b938fed74764c937e24667b61ee4a7afd8c,3,train
AQUA20,train,train,465,0,coral,/home/tahiti/MARINE_DATASETS/AQUA20_PREPARED/images/train/00_coral/train_000465_5ae79f6eb05a.jpg,5ae79f6eb05abe42087193e9d80571d525168bb867a3e1e64596db984849e2c3,256,256,5ae79f6eb05abe42087193e9d80571d525168bb867a3e1e64596db984849e2c3,4,train
AQUA20,train,train,494,0,coral,/home/tahiti/MARINE_DATASETS/AQUA20_PREPARED/images/train/00_coral/train_000494_aedcb1792073.jpg,aedcb17920735e026dfe74e91b79a8362985da56d2e13ed24ccc05106150f56a,256,256,aedcb17920735e026dfe74e91b79a8362985da56d2e13ed24ccc05106150f56a,4,train
AQUA20,train,train,502,0,coral,/home/tahiti/MARINE_DATASETS/AQUA20_PREPARED/images/train/00_coral/train_000502_8e0a84968767.jpg,8e0a84968767cab30c93937443baed7a3c8f2a09173e461c52a2b0d8a438553c,256,256,8e0a84968767cab30c93937443baed7a3c8f2a09173e461c52a2b0d8a438553c,3,train
AQUA20,train,train,514,0,coral,/home/tahiti/MARINE_DATASETS/AQUA20_PREPARED/images/train/00_coral/train_000514_aa6adf963b15.jpg,aa6adf963b152c5d7fb338e77d7e678f306f6ab52b54eac0c0feded7999873c4,256,256,aa6adf963b152c5d7fb338e77d7e678f306f6ab52b54eac0c0feded7999873c4,3,train
AQUA20,train,train,536,0,coral,/home/tahiti/MARINE_DATASETS/AQUA20_PREPARED/images/train/00_coral/train_000536_5e5f8b0ddb3e.jpg,5e5f8b0ddb3ed2f2e39208058ab3420f9e78b2ddc446f2e42c716a958b6d4bde,256,256,5e5f8b0ddb3ed2f2e39208058ab3420f9e78b2ddc446f2e42c716a958b6d4bde,4,train
AQUA20,train,train,540,0,coral,/home/tahiti/MARINE_DATASETS/AQUA20_PREPARED/images/train/00_coral/train_000540_9f6e705dbafd.jpg,9f6e705dbafd854678d217931b2957efd91d29fe01b8220aae94eede617025c1,256,256,9f6e705dbafd854678d217931b2957efd91d29fe01b8220aae94eede617025c1,2,train
AQUA20,train,train,546,0,coral,/home/tahiti/MARINE_DATASETS/AQUA20_PREPARED/images/train/00_coral/train_000546_ccd428a952d4.jpg,ccd428a952d44dce31f089483ac2940bd129dba8aa99d26a2afa6a599116a9ee,256,256,ccd428a952d44dce31f089483ac2940bd129dba8aa99d26a2afa6a599116a9ee,5,train
AQUA20,train,train,563,0,coral,/home/tahiti/MARINE_DATASETS/AQUA20_PREPARED/images/train/00_coral/train_000563_f4e1ac4ef95f.jpg,f4e1ac4ef95f841e24b55d1b87c3e2087d8c63c66be0cf83d7f1cd84ea98cb07,256,256,f4e1ac4ef95f841e24b55d1b87c3e2087d8c63c66be0cf83d7f1cd84ea98cb07,5,train
AQUA20,train,train,567,0,coral,/home/tahiti/MARINE_DATASETS/AQUA20_PREPARED/images/train/00_coral/train_000567_09c782ffdf2c.jpg,09c782ffdf2c4dbb06c48f0aba3f5a833f373b6f8cc7b3c4d57b2ae76119d115,256,256,09c782ffdf2c4dbb06c48f0aba3f5a833f373b6f8cc7b3c4d57b2ae76119d115,5,train
AQUA20,train,train,571,0,coral,/home/tahiti/MARINE_DATASETS/AQUA20_PREPARED/images/train/00_coral/train_000571_fdc3e442cbc2.jpg,fdc3e442cbc20d77eb4379be0282874668cb76832b2361a1f93c3869bbd1c9a5,256,256,fdc3e442cbc20d77eb4379be0282874668cb76832b2361a1f93c3869bbd1c9a5,2,train
AQUA20,train,train,597,0,coral,/home/tahiti/MARINE_DATASETS/AQUA20_PREPARED/images/train/00_coral/train_000597_12d1212210eb.jpg,12d1212210eb3e3760a51cd9c46fb51ae607e9110b6ee5d08c9c1e97e1a8e459,256,256,12d1212210eb3e3760a51cd9c46fb51ae607e9110b6ee5d08c9c1e97e1a8e459,2,train
AQUA20,train,train,604,0,coral,/home/tahiti/MARINE_DATASETS/AQUA20_PREPARED/images/train/00_coral/train_000604_15560affb3a4.jpg,15560affb3a4e2ea44082ec4e4e3b0dd5263fce6f361f231f9ee386a8c80ed19,256,256,15560affb3a4e2ea44082ec4e4e3b0dd5263fce6f361f231f9ee386a8c80ed19,5,train
AQUA20,train,train,606,0,coral,/home/tahiti/MARINE_DATASETS/AQUA20_PREPARED/images/train/00_coral/train_000606_ff871aef896d.jpg,ff871aef896d07fd52c26c3f1358fb960c7a22fe890526a62bab3dc8b786fcc9,256,256,ff871aef896d07fd52c26c3f1358fb960c7a22fe890526a62bab3dc8b786fcc9,5,train
AQUA20,train,train,611,0,coral,/home/tahiti/MARINE_DATASETS/AQUA20_PREPARED/images/train/00_coral/train_000611_5ce6041d5527.jpg,5ce6041d5527ac73c412eb40b4460ceb3e9d907e66df93634b00921ba1210097,256,256,5ce6041d5527ac73c412eb40b4460ceb3e9d907e66df93634b00921ba1210097,6,train
AQUA20,train,train,633,0,coral,/home/tahiti/MARINE_DATASETS/AQUA20_PREPARED/images/train/00_coral/train_000633_c73c460e084f.jpg,c73c460e084fb295ade50b3b3a2ade8e3223be85e85865a7e6f9d8d7f0bd180a,256,256,c73c460e084fb295ade50b3b3a2ade8e3223be85e85865a7e6f9d8d7f0bd180a,5,train
AQUA20,train,train,641,0,coral,/home/tahiti/MARINE_DATASETS/AQUA20_PREPARED/images/train/00_coral/train_000641_de27896c0281.jpg,de27896c02817274997e3fbff7ff28725a6b4ba417012154f29e6f1c874bd254,256,256,de27896c02817274997e3fbff7ff28725a6b4ba417012154f29e6f1c874bd254,5,train
AQUA20,train,train,648,0,coral,/home/tahiti/MARINE_DATASETS/AQUA20_PREPARED/images/train/00_coral/train_000648_1dd17fc1ded7.jpg,1dd17fc1ded7c2fe4aa8d00675e085ebe1ff66520d1a2fd3902d3b35bdf05fa7,256,256,1dd17fc1ded7c2fe4aa8d00675e085ebe1ff66520d1a2fd3902d3b35bdf05fa7,2,train
AQUA20,train,train,668,0,coral,/home/tahiti/MARINE_DATASETS/AQUA20_PREPARED/images/train/00_coral/train_000668_703fe72163a0.jpg,703fe72163a0ca452c6e1a75bef8ebdd3aae78efb0d403781a5857cb0055c850,256,256,703fe72163a0ca452c6e1a75bef8ebdd3aae78efb0d403781a5857cb0055c850,2,train
AQUA20,train,train,700,0,coral,/home/tahiti/MARINE_DATASETS/AQUA20_PREPARED/images/train/00_coral/train_000700_9d8136c64464.jpg,9d8136c644640c1ddb053307b11a18594a5f2a8ae8673359a79265cccf904b6d,256,256,9d8136c644640c1ddb053307b11a18594a5f2a8ae8673359a79265cccf904b6d,6,train
AQUA20,train,train,708,0,coral,/home/tahiti/MARINE_DATASETS/AQUA20_PREPARED/images/train/00_coral/train_000708_0348ec6354e8.jpg,0348ec6354e82764943fca17ac0d0303d62acf9ad5d683bda7ac749471ec1e1f,256,256,0348ec6354e82764943fca17ac0d0303d62acf9ad5d683bda7ac749471ec1e1f,2,train
AQUA20,train,train,721,0,coral,/home/tahiti/MARINE_DATASETS/AQUA20_PREPARED/images/train/00_coral/train_000721_8c744374f224.jpg,8c744374f2242af0b6488289c7de246284030550cb0d5c1f7c2a6e726a0e2dad,256,256,8c744374f2242af0b6488289c7de246284030550cb0d5c1f7c2a6e726a0e2dad,4,train
AQUA20,train,train,736,0,coral,/home/tahiti/MARINE_DATASETS/AQUA20_PREPARED/images/train/00_coral/train_000736_55381e641469.jpg,55381e641469121b577f60df21e6a4f53965fd524b9d410654896f5b280c31d5,256,256,55381e641469121b577f60df21e6a4f53965fd524b9d410654896f5b280c31d5,6,train
AQUA20,train,train,739,0,coral,/home/tahiti/MARINE_DATASETS/AQUA20_PREPARED/images/train/00_coral/train_000739_88720fe7b30d.jpg,88720fe7b30d3b76cb5745d11c5a8fd0157c7739e211a5950e3ac928b198d575,256,256,88720fe7b30d3b76cb5745d11c5a8fd0157c7739e211a5950e3ac928b198d575,3,train
AQUA20,train,train,742,0,coral,/home/tahiti/MARINE_DATASETS/AQUA20_PREPARED/images/train/00_coral/train_000742_6c24922e0482.jpg,6c24922e048272e15b74f3c4631cc9d3ab8a168bd1c81c8a896c9400e1d7170f,256,256,6c24922e048272e15b74f3c4631cc9d3ab8a168bd1c81c8a896c9400e1d7170f,2,train
AQUA20,train,train,756,0,coral,/home/tahiti/MARINE_DATASETS/AQUA20_PREPARED/images/train/00_coral/train_000756_42ad1f17ee12.jpg,42ad1f17ee126c87f30a119df6bc5b6843759c95a95e4192d7bc93698ee8cbef,256,256,42ad1f17ee126c87f30a119df6bc5b6843759c95a95e4192d7bc93698ee8cbef,3,train
AQUA20,train,train,786,0,coral,/home/tahiti/MARINE_DATASETS/AQUA20_PREPARED/images/train/00_coral/train_000786_42e7e33b61a1.jpg,42e7e33b61a1438511ca9d42fa8f31d0479596cdc4a263d275dc14ed3ed192b1,256,256,42e7e33b61a1438511ca9d42fa8f31d0479596cdc4a263d275dc14ed3ed192b1,6,train
AQUA20,train,train,814,0,coral,/home/tahiti/MARINE_DATASETS/AQUA20_PREPARED/images/train/00_coral/train_000814_53e9ea4c4605.jpg,53e9ea4c46053d5c922ef29666f7563280f77b5278234fa7f00831e1b1156ad6,256,256,53e9ea4c46053d5c922ef29666f7563280f77b5278234fa7f00831e1b1156ad6,2,train
AQUA20,train,train,832,0,coral,/home/tahiti/MARINE_DATASETS/AQUA20_PREPARED/images/train/00_coral/train_000832_f80855d2fef6.jpg,f80855d2fef64721f3d8fa52f102ae7e8b5d24ccca5c74d86b7e1d96735b2beb,256,256,f80855d2fef64721f3d8fa52f102ae7e8b5d24ccca5c74d86b7e1d96735b2beb,6,train
AQUA20,train,train,872,0,coral,/home/tahiti/MARINE_DATASETS/AQUA20_PREPARED/images/train/00_coral/train_000872_79b24afad8d1.jpg,79b24afad8d1fed4119a44352119897a121f971de426b02174aedfa44a0f4e7d,256,256,79b24afad8d1fed4119a44352119897a121f971de426b02174aedfa44a0f4e7d,6,train
AQUA20,train,train,877,0,coral,/home/tahiti/MARINE_DATASETS/AQUA20_PREPARED/images/train/00_coral/train_000877_f7ae8349d665.jpg,f7ae8349d665bdd4c6b9d1a8f0020eeedddc88f2dbb9965f99c24fad5c66383c,256,256,f7ae8349d665bdd4c6b9d1a8f0020eeedddc88f2dbb9965f99c24fad5c66383c,6,train
AQUA20,train,train,878,0,coral,/home/tahiti/MARINE_DATASETS/AQUA20_PREPARED/images/train/00_coral/train_000878_48d4a293c3da.jpg,48d4a293c3daea31a0162e4144b86f04f0823895decaaa8d351d7af85d91fbc5,256,256,48d4a293c3daea31a0162e4144b86f04f0823895decaaa8d351d7af85d91fbc5,5,train
AQUA20,train,train,882,0,coral,/home/tahiti/MARINE_DATASETS/AQUA20_PREPARED/images/train/00_coral/train_000882_37dc0036785a.jpg,37dc0036785aabd245701713ba59494bb0028dd2a22e5fb99ed0ba5c2734f525,256,256,37dc0036785aabd245701713ba59494bb0028dd2a22e5fb99ed0ba5c2734f525,3,train
AQUA20,train,train,887,0,coral,/home/tahiti/MARINE_DATASETS/AQUA20_PREPARED/images/train/00_coral/train_000887_9aa8a1c00d8f.jpg,9aa8a1c00d8fb71bfcea7bf9cbd0df00eb73385b594c08b2c33d2c5bb0791911,256,256,9aa8a1c00d8fb71bfcea7bf9cbd0df00eb73385b594c08b2c33d2c5bb0791911,6,train
AQUA20,train,train,893,0,coral,/home/tahiti/MARINE_DATASETS/AQUA20_PREPARED/images/train/00_coral/train_000893_59268897604b.jpg,59268897604b0ceb5c22aa39976789469e07f4c67e0dd8b8b19c17995d424686,256,256,59268897604b0ceb5c22aa39976789469e07f4c67e0dd8b8b19c17995d424686,2,train
AQUA20,train,train,911,0,coral,/home/tahiti/MARINE_DATASETS/AQUA20_PREPARED/images/train/00_coral/train_000911_5a2c3010e139.jpg,5a2c3010e139cfa4f4f95869672bfa826f51cdc66adadff2f5644a7e4e0fefc3,320,240,5a2c3010e139cfa4f4f95869672bfa826f51cdc66adadff2f5644a7e4e0fefc3,5,train
AQUA20,train,train,913,0,coral,/home/tahiti/MARINE_DATASETS/AQUA20_PREPARED/images/train/00_coral/train_000913_1e2f020196c3.jpg,1e2f020196c3b4dbf7e5f68109a91497c389eecbe4bcac270d9c0226e7747001,320,240,1e2f020196c3b4dbf7e5f68109a91497c389eecbe4bcac270d9c0226e7747001,4,train
AQUA20,train,train,915,0,coral,/home/tahiti/MARINE_DATASETS/AQUA20_PREPARED/images/train/00_coral/train_000915_0e4f26290ab2.jpg,0e4f26290ab2a7c4304381195fb15ec652968e48d18011e23407aa05cec38528,320,240,0e4f26290ab2a7c4304381195fb15ec652968e48d18011e23407aa05cec38528,3,train
AQUA20,train,train,920,0,coral,/home/tahiti/MARINE_DATASETS/AQUA20_PREPARED/images/train/00_coral/train_000920_e4f25164a5a4.jpg,e4f25164a5a4e542c4c3437a9f7f1b064e0e263ae0c5fdc24356b02051462f08,320,240,e4f25164a5a4e542c4c3437a9f7f1b064e0e263ae0c5fdc24356b02051462f08,5,train
AQUA20,train,train,985,0,coral,/home/tahiti/MARINE_DATASETS/AQUA20_PREPARED/images/train/00_coral/train_000985_6c0ca8830b7c.jpg,6c0ca8830b7c83b4ae55a08b8422b55c1e5ccac30110800eeef0c3cde2be0205,256,256,6c0ca8830b7c83b4ae55a08b8422b55c1e5ccac30110800eeef0c3cde2be0205,5,train
AQUA20,train,train,988,0,coral,/home/tahiti/MARINE_DATASETS/AQUA20_PREPARED/images/train/00_coral/train_000988_57fb76337a8c.jpg,57fb76337a8c3dc76ca07a164f0110a488dfe51295a6e1b55d33058905e4a8a2,320,240,57fb76337a8c3dc76ca07a164f0110a488dfe51295a6e1b55d33058905e4a8a2,4,train
AQUA20,train,train,989,0,coral,/home/tahiti/MARINE_DATASETS/AQUA20_PREPARED/images/train/00_coral/train_000989_dbd060e9154e.jpg,dbd060e9154ec4d2f6209e65e655c6e7f3d25ed67f4779ce98d3942684a833f5,320,240,dbd060e9154ec4d2f6209e65e655c6e7f3d25ed67f4779ce98d3942684a833f5,2,train
AQUA20,train,train,1073,0,coral,/home/tahiti/MARINE_DATASETS/AQUA20_PREPARED/images/train/00_coral/train_001073_b434824634ad.jpg,b434824634ad4c22fe8396730b78cc566bcfd01bfb7ce5d80e782ee040248923,320,240,b434824634ad4c22fe8396730b78cc566bcfd01bfb7ce5d80e782ee040248923,6,train
AQUA20,train,train,1108,0,coral,/home/tahiti/MARINE_DATASETS/AQUA20_PREPARED/images/train/00_coral/train_001108_ab0aa0de34d5.jpg,ab0aa0de34d5c59032d94c77af5b16fec7db58cbdf32c4742f460f197f188061,320,240,ab0aa0de34d5c59032d94c77af5b16fec7db58cbdf32c4742f460f197f188061,4,train
AQUA20,train,train,1113,0,coral,/home/tahiti/MARINE_DATASETS/AQUA20_PREPARED/images/train/00_coral/train_001113_bd2e97ba87d2.jpg,bd2e97ba87d240e83c4b5606a5d06f62fc9e30ff839eb1db811a463ee02bb818,320,240,bd2e97ba87d240e83c4b5606a5d06f62fc9e30ff839eb1db811a463ee02bb818,6,train
AQUA20,train,train,1140,0,coral,/home/tahiti/MARINE_DATASETS/AQUA20_PREPARED/images/train/00_coral/train_001140_68d81d451318.jpg,68d81d451318892166dc9ace780d64b9781383b20ed4315662109e6aea40c382,320,240,68d81d451318892166dc9ace780d64b9781383b20ed4315662109e6aea40c382,5,train
AQUA20,train,train,1145,0,coral,/home/tahiti/MARINE_DATASETS/AQUA20_PREPARED/images/train/00_coral/train_001145_967a803c8236.jpg,967a803c823602d1ffabc51d33c51b271e2384eb775f6e6ab8207491d51644ed,320,240,967a803c823602d1ffabc51d33c51b271e2384eb775f6e6ab8207491d51644ed,4,train
AQUA20,train,train,1174,0,coral,/home/tahiti/MARINE_DATASETS/AQUA20_PREPARED/images/train/00_coral/train_001174_96e62b72c61f.jpg,96e62b72c61fe4acffb260d65df74d5f02e41d146257a055058e238974d1ac4f,256,256,96e62b72c61fe4acffb260d65df74d5f02e41d146257a055058e238974d1ac4f,5,train
AQUA20,train,train,1209,0,coral,/home/tahiti/MARINE_DATASETS/AQUA20_PREPARED/images/train/00_coral/train_001209_146ae4d5c2e9.jpg,146ae4d5c2e9f8bf8d76fb75d8a838e5bf401edfc31b4d91a06fecadd713b39f,320,240,146ae4d5c2e9f8bf8d76fb75d8a838e5bf401edfc31b4d91a06fecadd713b39f,4,train
AQUA20,train,train,1215,0,coral,/home/tahiti/MARINE_DATASETS/AQUA20_PREPARED/images/train/00_coral/train_001215_a6fe108b842c.jpg,a6fe108b842c4ccc9a4a2d2797ea9fb82a2cd25cfacca36990332dd30a0f1340,320,240,a6fe108b842c4ccc9a4a2d2797ea9fb82a2cd25cfacca36990332dd30a0f1340,6,train
AQUA20,train,train,1221,0,coral,/home/tahiti/MARINE_DATASETS/AQUA20_PREPARED/images/train/00_coral/train_001221_1a09fde7565e.jpg,1a09fde7565e9cfc102cf27449871c726d61c77744ffbdeddbe2e7986ba88b65,320,240,1a09fde7565e9cfc102cf27449871c726d61c77744ffbdeddbe2e7986ba88b65,6,train
AQUA20,train,train,1227,0,coral,/home/tahiti/MARINE_DATASETS/AQUA20_PREPARED/images/train/00_coral/train_001227_473e2b2b2708.jpg,473e2b2b270820d1a3e5066e3bffa0b7aaad54eb6b75541c6d4c5d6c4ee6ec8a,320,240,473e2b2b270820d1a3e5066e3bffa0b7aaad54eb6b75541c6d4c5d6c4ee6ec8a,4,train
AQUA20,train,train,1261,0,coral,/home/tahiti/MARINE_DATASETS/AQUA20_PREPARED/images/train/00_coral/train_001261_20ee9f12cf9c.jpg,20ee9f12cf9cd4007380f81d7b4cdbf1fe9371a9f05ad559e536ec6e6dd4a501,320,240,20ee9f12cf9cd4007380f81d7b4cdbf1fe9371a9f05ad559e536ec6e6dd4a501,3,train
AQUA20,train,train,1273,0,coral,/home/tahiti/MARINE_DATASETS/AQUA20_PREPARED/images/train/00_coral/train_001273_4ef500420c9a.jpg,4ef500420c9a766d260a8710146205fd8ce2700a03eaa13df6f703ca38e9f16f,320,240,4ef500420c9a766d260a8710146205fd8ce2700a03eaa13df6f703ca38e9f16f,3,train
AQUA20,train,train,1314,0,coral,/home/tahiti/MARINE_DATASETS/AQUA20_PREPARED/images/train/00_coral/train_001314_f06a40f107ea.jpg,f06a40f107ea5c23c77c08c8b96bdf1fcf5861b4427c0c0686b0f3688f9fa8f1,320,240,f06a40f107ea5c23c77c08c8b96bdf1fcf5861b4427c0c0686b0f3688f9fa8f1,5,train
AQUA20,train,train,1326,0,coral,/home/tahiti/MARINE_DATASETS/AQUA20_PREPARED/images/train/00_coral/train_001326_903836910d97.jpg,903836910d9737ea7a0b4db94f9eb5d34dc538820c4f0f2badaf347477db2372,320,240,903836910d9737ea7a0b4db94f9eb5d34dc538820c4f0f2badaf347477db2372,4,train
AQUA20,train,train,1333,0,coral,/home/tahiti/MARINE_DATASETS/AQUA20_PREPARED/images/train/00_coral/train_001333_41b904fdc280.jpg,41b904fdc280d02506279ceabe243073d0bcc4caf3ac80b59dbad12fdfa5dace,320,240,41b904fdc280d02506279ceabe243073d0bcc4caf3ac80b59dbad12fdfa5dace,5,train
AQUA20,train,train,1338,0,coral,/home/tahiti/MARINE_DATASETS/AQUA20_PREPARED/images/train/00_coral/train_001338_9a6f6c3e593f.jpg,9a6f6c3e593f88a7ae8504b9279ba3d0780360a92f97e750df34b93f98e88a67,320,240,9a6f6c3e593f88a7ae8504b9279ba3d0780360a92f97e750df34b93f98e88a67,6,train
AQUA20,train,train,1347,0,coral,/home/tahiti/MARINE_DATASETS/AQUA20_PREPARED/images/train/00_coral/train_001347_06607a7aa147.jpg,06607a7aa14762097e6db061f6436f2a4a6bd2cd03ab59fc711e38f6dcd8ec06,320,240,06607a7aa14762097e6db061f6436f2a4a6bd2cd03ab59fc711e38f6dcd8ec06,6,train
AQUA20,train,train,1403,0,coral,/home/tahiti/MARINE_DATASETS/AQUA20_PREPARED/images/train/00_coral/train_001403_69cfdc356c03.jpg,69cfdc356c03aabeb5d404e3b756f5f51cc5ae132a73a4a35db9f7f0a0e36a03,320,240,69cfdc356c03aabeb5d404e3b756f5f51cc5ae132a73a4a35db9f7f0a0e36a03,4,train
AQUA20,train,train,1427,0,coral,/home/tahiti/MARINE_DATASETS/AQUA20_PREPARED/images/train/00_coral/train_001427_e208cdb9e773.jpg,e208cdb9e77336282521ec78beee39905f7600c951f2597eded19e4c12a99ba4,320,240,e208cdb9e77336282521ec78beee39905f7600c951f2597eded19e4c12a99ba4,6,train
AQUA20,train,train,1446,0,coral,/home/tahiti/MARINE_DATASETS/AQUA20_PREPARED/images/train/00_coral/train_001446_e1b544574a38.jpg,e1b544574a386887f8ed655641d2a03f6e231760984ec150c4ce87a3b15f3076,320,240,e1b544574a386887f8ed655641d2a03f6e231760984ec150c4ce87a3b15f3076,3,train
AQUA20,train,train,1453,0,coral,/home/tahiti/MARINE_DATASETS/AQUA20_PREPARED/images/train/00_coral/train_001453_a6252213777d.jpg,a6252213777dd52f19eda7adf49d07e40003a03a905b2936a71286c4216be3c3,320,240,a6252213777dd52f19eda7adf49d07e40003a03a905b2936a71286c4216be3c3,3,train
AQUA20,train,train,1466,0,coral,/home/tahiti/MARINE_DATASETS/AQUA20_PREPARED/images/train/00_coral/train_001466_5debcfbd4b38.jpg,5debcfbd4b3857c5c197659b8a0d884e1d958fba5a6ca3603f6a96f7722cfde2,320,240,5debcfbd4b3857c5c197659b8a0d884e1d958fba5a6ca3603f6a96f7722cfde2,5,train
AQUA20,train,train,1467,0,coral,/home/tahiti/MARINE_DATASETS/AQUA20_PREPARED/images/train/00_coral/train_001467_29c27e5186a0.jpg,29c27e5186a0227aecee24d609d998ad72e8af1639fdff59d11cbc31afd096a3,320,240,29c27e5186a0227aecee24d609d998ad72e8af1639fdff59d11cbc31afd096a3,6,train
AQUA20,train,train,1478,0,coral,/home/tahiti/MARINE_DATASETS/AQUA20_PREPARED/images/train/00_coral/train_001478_520387d188d1.jpg,520387d188d1b1828bd3ebdff4d6501d69c95ac54b2d1e928f74334cca90dd62,320,240,520387d188d1b1828bd3ebdff4d6501d69c95ac54b2d1e928f74334cca90dd62,6,train
AQUA20,train,train,1510,0,coral,/home/tahiti/MARINE_DATASETS/AQUA20_PREPARED/images/train/00_coral/train_001510_b7fa632746af.jpg,b7fa632746af0d28ef443f88d8f65320d511793a46e7fa4f6149e5d05372aa60,320,240,b7fa632746af0d28ef443f88d8f65320d511793a46e7fa4f6149e5d05372aa60,6,train
AQUA20,train,train,1542,0,coral,/home/tahiti/MARINE_DATASETS/AQUA20_PREPARED/images/train/00_coral/train_001542_8763f278796a.jpg,8763f278796a88896ff13391286a9d98ae7b471d99832b807ec609eb426422c8,320,240,8763f278796a88896ff13391286a9d98ae7b471d99832b807ec609eb426422c8,2,train
AQUA20,train,train,1546,0,coral,/home/tahiti/MARINE_DATASETS/AQUA20_PREPARED/images/train/00_coral/train_001546_95f8b501e20a.jpg,95f8b501e20ac6c9ab921ba1c9ef6c880cd40385969a8d86c7fc76210f3be978,320,240,95f8b501e20ac6c9ab921ba1c9ef6c880cd40385969a8d86c7fc76210f3be978,4,train
AQUA20,train,train,1571,1,crab,/home/tahiti/MARINE_DATASETS/AQUA20_PREPARED/images/train/01_crab/train_001571_92d441450785.jpg,92d441450785fbf2dae51af7d703c1f9ea13bba3a48a27c3149eecf8d82b8b78,256,256,92d441450785fbf2dae51af7d703c1f9ea13bba3a48a27c3149eecf8d82b8b78,6,train
AQUA20,train,train,1581,1,crab,/home/tahiti/MARINE_DATASETS/AQUA20_PREPARED/images/train/01_crab/train_001581_8f96800f9134.jpg,8f96800f9134e6653c7ef64d7feaefc8394d2a43c389754585025620824f9e1f,256,256,8f96800f9134e6653c7ef64d7feaefc8394d2a43c389754585025620824f9e1f,5,train
AQUA20,train,train,1587,1,crab,/home/tahiti/MARINE_DATASETS/AQUA20_PREPARED/images/train/01_crab/train_001587_5f24a703ad9d.jpg,5f24a703ad9dce996b25e79bce3cc42cd24fc72174e26d4552c604c9a9048750,256,256,5f24a703ad9dce996b25e79bce3cc42cd24fc72174e26d4552c604c9a9048750,4,train
AQUA20,train,train,1605,2,diver,/home/tahiti/MARINE_DATASETS/AQUA20_PREPARED/images/train/02_diver/train_001605_7844dceb36b4.jpg,7844dceb36b4b7f079c166740f6b4f65b3f964f0391537b467463ebb29295acd,256,256,7844dceb36b4b7f079c166740f6b4f65b3f964f0391537b467463ebb29295acd,2,train
AQUA20,train,train,1628,2,diver,/home/tahiti/MARINE_DATASETS/AQUA20_PREPARED/images/train/02_diver/train_001628_157c9f272348.jpg,157c9f272348eb0830204ea01fd452be58f6f48b49e125490dd1eba6ad57d5fc,320,240,157c9f272348eb0830204ea01fd452be58f6f48b49e125490dd1eba6ad57d5fc,2,train
AQUA20,train,train,1643,2,diver,/home/tahiti/MARINE_DATASETS/AQUA20_PREPARED/images/train/02_diver/train_001643_1c42d73ae7b4.jpg,1c42d73ae7b4b2ee3b53a3f13b4de68c86ae2453be7d69cf2ba38de77dc0aa89,320,240,1c42d73ae7b4b2ee3b53a3f13b4de68c86ae2453be7d69cf2ba38de77dc0aa89,4,train
AQUA20,train,train,1649,2,diver,/home/tahiti/MARINE_DATASETS/AQUA20_PREPARED/images/train/02_diver/train_001649_22187db7d983.jpg,22187db7d9838b0b9f2dc09c6060d41d1bd0d51ca43da4fd3cab7a1b54e78fa8,256,256,22187db7d9838b0b9f2dc09c6060d41d1bd0d51ca43da4fd3cab7a1b54e78fa8,2,train
AQUA20,train,train,1661,3,eel,/home/tahiti/MARINE_DATASETS/AQUA20_PREPARED/images/train/03_eel/train_001661_d3abc5d8d5d9.jpg,d3abc5d8d5d9efc498aeaf62dab49236ca8817bf3e4d77920af43ff4b893cbc7,256,256,d3abc5d8d5d9efc498aeaf62dab49236ca8817bf3e4d77920af43ff4b893cbc7,3,train
AQUA20,train,train,1680,3,eel,/home/tahiti/MARINE_DATASETS/AQUA20_PREPARED/images/train/03_eel/train_001680_447fd25e265b.jpg,447fd25e265b3654fd48c2a981ab865c4c3bf1612a3844e417856b3258eef312,256,256,447fd25e265b3654fd48c2a981ab865c4c3bf1612a3844e417856b3258eef312,6,train
AQUA20,train,train,1691,3,eel,/home/tahiti/MARINE_DATASETS/AQUA20_PREPARED/images/train/03_eel/train_001691_a4f90dbadcc2.jpg,a4f90dbadcc2183d4cbb9ecfb6fde16ad253c0cc04a731dedb91342f018c18c0,256,256,a4f90dbadcc2183d4cbb9ecfb6fde16ad253c0cc04a731dedb91342f018c18c0,6,train
AQUA20,train,train,1693,3,eel,/home/tahiti/MARINE_DATASETS/AQUA20_PREPARED/images/train/03_eel/train_001693_39aaace26a11.jpg,39aaace26a11b7c98092da0b14ae0b430919c454e0fd479606d5fd3ef8e01761,256,256,39aaace26a11b7c98092da0b14ae0b430919c454e0fd479606d5fd3ef8e01761,6,train
AQUA20,train,train,1706,3,eel,/home/tahiti/MARINE_DATASETS/AQUA20_PREPARED/images/train/03_eel/train_001706_be238806953d.jpg,be238806953dfb6846c11436c9841d2dbbcdad0894894b78294216bb7107563c,256,256,be238806953dfb6846c11436c9841d2dbbcdad0894894b78294216bb7107563c,2,train
AQUA20,train,train,1732,3,eel,/home/tahiti/MARINE_DATASETS/AQUA20_PREPARED/images/train/03_eel/train_001732_46bf3b169acb.jpg,46bf3b169acb7573d963e277807ab29460b37d63e982a7da3bdc5559677fd584,256,256,46bf3b169acb7573d963e277807ab29460b37d63e982a7da3bdc5559677fd584,2,train
AQUA20,train,train,1741,3,eel,/home/tahiti/MARINE_DATASETS/AQUA20_PREPARED/images/train/03_eel/train_001741_c31d082e5ed6.jpg,c31d082e5ed645b75ca625b1113e906b86800047abd259f87716cf39dc703ab8,256,256,c31d082e5ed645b75ca625b1113e906b86800047abd259f87716cf39dc703ab8,2,train
AQUA20,train,train,1746,3,eel,/home/tahiti/MARINE_DATASETS/AQUA20_PREPARED/images/train/03_eel/train_001746_3063d940f851.jpg,3063d940f851fb6a551a4ef410ef78505165177ff60037ce894d4294bb06819a,256,256,3063d940f851fb6a551a4ef410ef78505165177ff60037ce894d4294bb06819a,3,train
AQUA20,train,train,1779,3,eel,/home/tahiti/MARINE_DATASETS/AQUA20_PREPARED/images/train/03_eel/train_001779_a17043942fce.jpg,a17043942fce6f9392c49f7373b45f21bdb074b08cc498c446673039066509b1,256,256,a17043942fce6f9392c49f7373b45f21bdb074b08cc498c446673039066509b1,3,train
AQUA20,train,train,1780,3,eel,/home/tahiti/MARINE_DATASETS/AQUA20_PREPARED/images/train/03_eel/train_001780_8cca479bbd31.jpg,8cca479bbd31825348f645ea632eb2a5a42d525758a8e82f4188aba13c4180d1,256,256,8cca479bbd31825348f645ea632eb2a5a42d525758a8e82f4188aba13c4180d1,2,train
AQUA20,train,train,1812,3,eel,/home/tahiti/MARINE_DATASETS/AQUA20_PREPARED/images/train/03_eel/train_001812_3fb620af0122.jpg,3fb620af01224846e7b22c8f21cbff63c263d5abfc684976e5f919a83cffa99d,256,256,3fb620af01224846e7b22c8f21cbff63c263d5abfc684976e5f919a83cffa99d,4,train
AQUA20,train,train,1822,4,fish,/home/tahiti/MARINE_DATASETS/AQUA20_PREPARED/images/train/04_fish/train_001822_89860d74d30a.jpg,89860d74d30a7e5bf3872a9985d29a1c93ef189b20331118f7a03e92ab2d68f6,320,240,89860d74d30a7e5bf3872a9985d29a1c93ef189b20331118f7a03e92ab2d68f6,2,train
AQUA20,train,train,1836,4,fish,/home/tahiti/MARINE_DATASETS/AQUA20_PREPARED/images/train/04_fish/train_001836_f186e20c4197.jpg,f186e20c4197cef517002ed5e24f2b168cea72f2e6070502ab6a12904e41c46f,320,240,f186e20c4197cef517002ed5e24f2b168cea72f2e6070502ab6a12904e41c46f,5,train
AQUA20,train,train,1849,4,fish,/home/tahiti/MARINE_DATASETS/AQUA20_PREPARED/images/train/04_fish/train_001849_d1e2a3f686db.jpg,d1e2a3f686db63627838e9a6eb28ee49e35664282926e24d29b6eaabe0ff96bc,320,240,d1e2a3f686db63627838e9a6eb28ee49e35664282926e24d29b6eaabe0ff96bc,2,train
AQUA20,train,train,1850,4,fish,/home/tahiti/MARINE_DATASETS/AQUA20_PREPARED/images/train/04_fish/train_001850_2e1a2a67734e.jpg,2e1a2a67734e0c97730a3069d1b41185020cb9095a96855ef8fb66ae0a0a4c73,320,240,2e1a2a67734e0c97730a3069d1b41185020cb9095a96855ef8fb66ae0a0a4c73,3,train
AQUA20,train,train,1874,4,fish,/home/tahiti/MARINE_DATASETS/AQUA20_PREPARED/images/train/04_fish/train_001874_d99c34971d9b.jpg,d99c34971d9bc4ae17e8436f17511f5533c5f4b40c55e72f4de4ea5b826979da,320,240,d99c34971d9bc4ae17e8436f17511f5533c5f4b40c55e72f4de4ea5b826979da,2,train
AQUA20,train,train,1879,4,fish,/home/tahiti/MARINE_DATASETS/AQUA20_PREPARED/images/train/04_fish/train_001879_7108723f110d.jpg,7108723f110d6d90e71424b705e9111e3ea661457874ecea7529a1696bb4aede,320,240,7108723f110d6d90e71424b705e9111e3ea661457874ecea7529a1696bb4aede,6,train
AQUA20,train,train,1881,4,fish,/home/tahiti/MARINE_DATASETS/AQUA20_PREPARED/images/train/04_fish/train_001881_37d80e3f293f.jpg,37d80e3f293ffd4b836403300156907c2c032dd771f67aa2cea03b85604cba6f,320,240,37d80e3f293ffd4b836403300156907c2c032dd771f67aa2cea03b85604cba6f,3,train
AQUA20,train,train,1883,4,fish,/home/tahiti/MARINE_DATASETS/AQUA20_PREPARED/images/train/04_fish/train_001883_d047f5278482.jpg,d047f52784825e5880198446d22d21aeca67b1a4aadd5a0c3789a0a69b4a490d,320,240,d047f52784825e5880198446d22d21aeca67b1a4aadd5a0c3789a0a69b4a490d,3,train
AQUA20,train,train,1893,4,fish,/home/tahiti/MARINE_DATASETS/AQUA20_PREPARED/images/train/04_fish/train_001893_6482c3f02a99.jpg,6482c3f02a99b2a4337f4223c40a5665d72667bc65fb3d25edb181a98c482e0b,320,240,6482c3f02a99b2a4337f4223c40a5665d72667bc65fb3d25edb181a98c482e0b,2,train
AQUA20,train,train,1920,4,fish,/home/tahiti/MARINE_DATASETS/AQUA20_PREPARED/images/train/04_fish/train_001920_41f73c952d55.jpg,41f73c952d558f5a1a7966a4d8ea30c42ddae92247fd1e53ae5f18a6e843712d,320,240,41f73c952d558f5a1a7966a4d8ea30c42ddae92247fd1e53ae5f18a6e843712d,2,train
AQUA20,train,train,1922,4,fish,/home/tahiti/MARINE_DATASETS/AQUA20_PREPARED/images/train/04_fish/train_001922_cf6f7ad1b7e7.jpg,cf6f7ad1b7e76e7adff2a57b90dc0ac5b578b39309a50b0f6db71171dfc98a36,320,240,cf6f7ad1b7e76e7adff2a57b90dc0ac5b578b39309a50b0f6db71171dfc98a36,4,train
AQUA20,train,train,1959,4,fish,/home/tahiti/MARINE_DATASETS/AQUA20_PREPARED/images/train/04_fish/train_001959_667b51b3bf1b.jpg,667b51b3bf1b1ad887dfd92c70ae509123dfbff2a73c28f4232e51c66c880474,320,240,667b51b3bf1b1ad887dfd92c70ae509123dfbff2a73c28f4232e51c66c880474,2,train
AQUA20,train,train,1966,4,fish,/home/tahiti/MARINE_DATASETS/AQUA20_PREPARED/images/train/04_fish/train_001966_6c827a627b9c.jpg,6c827a627b9ccfa7315bd4ad6d379bff20467f3d2123d36cc3f447a653c22df3,320,240,6c827a627b9ccfa7315bd4ad6d379bff20467f3d2123d36cc3f447a653c22df3,5,train
AQUA20,train,train,1977,4,fish,/home/tahiti/MARINE_DATASETS/AQUA20_PREPARED/images/train/04_fish/train_001977_7a76c06dc984.jpg,7a76c06dc984bce2f7657d7378f8c64780863598ff360ebbc84b06be9c9804c8,320,240,7a76c06dc984bce2f7657d7378f8c64780863598ff360ebbc84b06be9c9804c8,4,train
AQUA20,train,train,1979,4,fish,/home/tahiti/MARINE_DATASETS/AQUA20_PREPARED/images/train/04_fish/train_001979_4ecaa3250999.jpg,4ecaa325099915783a7e3c115133f41d981e1587fa61be8d81d96556322e716d,320,240,4ecaa325099915783a7e3c115133f41d981e1587fa61be8d81d96556322e716d,3,train
AQUA20,train,train,2020,4,fish,/home/tahiti/MARINE_DATASETS/AQUA20_PREPARED/images/train/04_fish/train_002020_ed4f28472998.jpg,ed4f284729987795692c76bbb3030489388570ed1fe08bee64a84c28d8a0f8ca,256,256,ed4f284729987795692c76bbb3030489388570ed1fe08bee64a84c28d8a0f8ca,5,train
AQUA20,train,train,2044,4,fish,/home/tahiti/MARINE_DATASETS/AQUA20_PREPARED/images/train/04_fish/train_002044_339ff3444fea.jpg,339ff3444fea079ff42131c3aeea4ea28622525fc39c896c1adf28bd53d582b0,256,256,339ff3444fea079ff42131c3aeea4ea28622525fc39c896c1adf28bd53d582b0,4,train
AQUA20,train,train,2084,4,fish,/home/tahiti/MARINE_DATASETS/AQUA20_PREPARED/images/train/04_fish/train_002084_00e4f6e85030.jpg,00e4f6e85030a15300cd6c886736c824dc3c9477153eb547e030b053649d34f0,256,256,00e4f6e85030a15300cd6c886736c824dc3c9477153eb547e030b053649d34f0,2,train
AQUA20,train,train,2086,4,fish,/home/tahiti/MARINE_DATASETS/AQUA20_PREPARED/images/train/04_fish/train_002086_add8c0a18a30.jpg,add8c0a18a3033366ca72f71facf736ff1244166a5d5292e825c9d2ba1bf6c22,256,256,add8c0a18a3033366ca72f71facf736ff1244166a5d5292e825c9d2ba1bf6c22,2,train
AQUA20,train,train,2090,4,fish,/home/tahiti/MARINE_DATASETS/AQUA20_PREPARED/images/train/04_fish/train_002090_f04a867fd355.jpg,f04a867fd3558ab90c6721eb2ee8f3d6b2ca1cbe9a4c25d3c8b003351b301be8,256,256,f04a867fd3558ab90c6721eb2ee8f3d6b2ca1cbe9a4c25d3c8b003351b301be8,2,train
AQUA20,train,train,2114,4,fish,/home/tahiti/MARINE_DATASETS/AQUA20_PREPARED/images/train/04_fish/train_002114_27ba89c47446.jpg,27ba89c47446fcaf889a669ea16c2fd26f4a9c3633e2d758ec6e21e37d3bf381,256,256,27ba89c47446fcaf889a669ea16c2fd26f4a9c3633e2d758ec6e21e37d3bf381,5,train
AQUA20,train,train,2144,4,fish,/home/tahiti/MARINE_DATASETS/AQUA20_PREPARED/images/train/04_fish/train_002144_80b4aa3604aa.jpg,80b4aa3604aaf8febee25369d7ec26a3c2b0a28073cb4833138ee25376f06e9f,256,256,80b4aa3604aaf8febee25369d7ec26a3c2b0a28073cb4833138ee25376f06e9f,3,train
AQUA20,train,train,2167,4,fish,/home/tahiti/MARINE_DATASETS/AQUA20_PREPARED/images/train/04_fish/train_002167_455c1ebfc13e.jpg,455c1ebfc13e9499f13d7cc6a0261db5603a553d30ca64a677b5adda39d13d60,256,256,455c1ebfc13e9499f13d7cc6a0261db5603a553d30ca64a677b5adda39d13d60,3,train
AQUA20,train,train,2182,4,fish,/home/tahiti/MARINE_DATASETS/AQUA20_PREPARED/images/train/04_fish/train_002182_658d61e0bee2.jpg,658d61e0bee2ec4f8b0a3bf5703eaa53a1d3da217135f99547d3bf2299b50a99,256,256,658d61e0bee2ec4f8b0a3bf5703eaa53a1d3da217135f99547d3bf2299b50a99,5,train
AQUA20,train,train,2213,4,fish,/home/tahiti/MARINE_DATASETS/AQUA20_PREPARED/images/train/04_fish/train_002213_ea8d986c57e4.jpg,ea8d986c57e46855fab1d5a2c39afef4d3044857affc9be13b65ca5503b1ac88,256,256,ea8d986c57e46855fab1d5a2c39afef4d3044857affc9be13b65ca5503b1ac88,2,train
AQUA20,train,train,2219,4,fish,/home/tahiti/MARINE_DATASETS/AQUA20_PREPARED/images/train/04_fish/train_002219_78dabff30bd2.jpg,78dabff30bd28cc22422a22d9bc10ef4224787cd4884f1d514929943dba1cc0c,256,256,78dabff30bd28cc22422a22d9bc10ef4224787cd4884f1d514929943dba1cc0c,2,train
AQUA20,train,train,2236,4,fish,/home/tahiti/MARINE_DATASETS/AQUA20_PREPARED/images/train/04_fish/train_002236_e748afcb7389.jpg,e748afcb738911023eabc623f00190212f104a45652268692b250540aace2984,256,256,e748afcb738911023eabc623f00190212f104a45652268692b250540aace2984,3,train
AQUA20,train,train,2248,4,fish,/home/tahiti/MARINE_DATASETS/AQUA20_PREPARED/images/train/04_fish/train_002248_334b594ba2f1.jpg,334b594ba2f151864ad91c871c0f22ef814ba77ca0ab26c9b082e7a20ffb8eba,256,256,334b594ba2f151864ad91c871c0f22ef814ba77ca0ab26c9b082e7a20ffb8eba,6,train
AQUA20,train,train,2251,4,fish,/home/tahiti/MARINE_DATASETS/AQUA20_PREPARED/images/train/04_fish/train_002251_724ddaf9d3f2.jpg,724ddaf9d3f2d97baa5c9207b708dd3a181a171eaf49783ec14e5498c3a5897d,256,256,724ddaf9d3f2d97baa5c9207b708dd3a181a171eaf49783ec14e5498c3a5897d,6,train
AQUA20,train,train,2263,4,fish,/home/tahiti/MARINE_DATASETS/AQUA20_PREPARED/images/train/04_fish/train_002263_9fc610703f6a.jpg,9fc610703f6a8a314a7a73ee6864f9f5e3f1a2e200839e2b03b0d2d1d50825d2,256,256,9fc610703f6a8a314a7a73ee6864f9f5e3f1a2e200839e2b03b0d2d1d50825d2,2,train
AQUA20,train,train,2276,4,fish,/home/tahiti/MARINE_DATASETS/AQUA20_PREPARED/images/train/04_fish/train_002276_7b23f7cb933a.jpg,7b23f7cb933aefc83beab7e2d655922fd37869e76693a68b621a63804f33042d,256,256,7b23f7cb933aefc83beab7e2d655922fd37869e76693a68b621a63804f33042d,2,train
AQUA20,train,train,2283,4,fish,/home/tahiti/MARINE_DATASETS/AQUA20_PREPARED/images/train/04_fish/train_002283_051ddd3d6686.jpg,051ddd3d66861a0a0c41b99713c435f14a9bce50059f241d024986a9ed8cfec6,256,256,051ddd3d66861a0a0c41b99713c435f14a9bce50059f241d024986a9ed8cfec6,4,train
AQUA20,train,train,2287,4,fish,/home/tahiti/MARINE_DATASETS/AQUA20_PREPARED/images/train/04_fish/train_002287_a443d7c2f4c3.jpg,a443d7c2f4c3296a19a6895b85b1cd8c94e68e8ea67ade8866d84eff8b72480e,256,256,a443d7c2f4c3296a19a6895b85b1cd8c94e68e8ea67ade8866d84eff8b72480e,4,train
AQUA20,train,train,2293,4,fish,/home/tahiti/MARINE_DATASETS/AQUA20_PREPARED/images/train/04_fish/train_002293_aba3f29ebf5c.jpg,aba3f29ebf5c782f51e957c4496b000396d68b6bf0d949273e427a4b1de06fc3,256,256,aba3f29ebf5c782f51e957c4496b000396d68b6bf0d949273e427a4b1de06fc3,2,train
AQUA20,train,train,2296,4,fish,/home/tahiti/MARINE_DATASETS/AQUA20_PREPARED/images/train/04_fish/train_002296_0549194c4222.jpg,0549194c42222d294039faf4733db840c6ee2b507bac133decedd97c62d28e9b,256,256,0549194c42222d294039faf4733db840c6ee2b507bac133decedd97c62d28e9b,5,train
AQUA20,train,train,2335,4,fish,/home/tahiti/MARINE_DATASETS/AQUA20_PREPARED/images/train/04_fish/train_002335_7a80a6c0a85a.jpg,7a80a6c0a85a8c5a9e2abc9371be0018f1eb4a086ca75729afced589e3dec96f,256,256,7a80a6c0a85a8c5a9e2abc9371be0018f1eb4a086ca75729afced589e3dec96f,2,train
AQUA20,train,train,2344,4,fish,/home/tahiti/MARINE_DATASETS/AQUA20_PREPARED/images/train/04_fish/train_002344_87867b787dc1.jpg,87867b787dc1fc400366da46a2e14be94bd0fdca1e3f5faee5551a4a645fd6ee,256,256,87867b787dc1fc400366da46a2e14be94bd0fdca1e3f5faee5551a4a645fd6ee,3,train
AQUA20,train,train,2354,4,fish,/home/tahiti/MARINE_DATASETS/AQUA20_PREPARED/images/train/04_fish/train_002354_656697c16b3b.jpg,656697c16b3b0aa31c7a93c1004a7efcfc7ef1d72a5edb0f6cb0132a7c0a6588,256,256,656697c16b3b0aa31c7a93c1004a7efcfc7ef1d72a5edb0f6cb0132a7c0a6588,6,train
AQUA20,train,train,2361,4,fish,/home/tahiti/MARINE_DATASETS/AQUA20_PREPARED/images/train/04_fish/train_002361_2a4b14706cb5.jpg,2a4b14706cb55fdbeff1c9b4aa23c51e726c399af103ea18b4161e24d4bdb65d,256,256,2a4b14706cb55fdbeff1c9b4aa23c51e726c399af103ea18b4161e24d4bdb65d,2,train
AQUA20,train,train,2363,4,fish,/home/tahiti/MARINE_DATASETS/AQUA20_PREPARED/images/train/04_fish/train_002363_af65eb784fdc.jpg,af65eb784fdc80168933e43b2fadb8fe9699bd6065e312e5e7473592359523db,256,256,af65eb784fdc80168933e43b2fadb8fe9699bd6065e312e5e7473592359523db,5,train
AQUA20,train,train,2368,4,fish,/home/tahiti/MARINE_DATASETS/AQUA20_PREPARED/images/train/04_fish/train_002368_ed767eb837ae.jpg,ed767eb837ae1f4cb004a5ef92780c98dc7fad8f80658aa17ebacc68cdd8f35f,256,256,ed767eb837ae1f4cb004a5ef92780c98dc7fad8f80658aa17ebacc68cdd8f35f,4,train
AQUA20,train,train,2418,4,fish,/home/tahiti/MARINE_DATASETS/AQUA20_PREPARED/images/train/04_fish/train_002418_bb74f5996d63.jpg,bb74f5996d63659e7b6a9d350270036b2b7e03ce8da5ed6d7288a56f368cefe6,256,256,bb74f5996d63659e7b6a9d350270036b2b7e03ce8da5ed6d7288a56f368cefe6,6,train
AQUA20,train,train,2426,4,fish,/home/tahiti/MARINE_DATASETS/AQUA20_PREPARED/images/train/04_fish/train_002426_65efe99f9a3a.jpg,65efe99f9a3a58d435cf3df95a642b5ba508de6876dd1a71edd849ec5278be90,256,256,65efe99f9a3a58d435cf3df95a642b5ba508de6876dd1a71edd849ec5278be90,6,train
AQUA20,train,train,2448,4,fish,/home/tahiti/MARINE_DATASETS/AQUA20_PREPARED/images/train/04_fish/train_002448_e1f7aaa3b77c.jpg,e1f7aaa3b77c3e171edaaae9ac3c5a518c54457c98b7fba939e37ab32e1a99d6,256,256,e1f7aaa3b77c3e171edaaae9ac3c5a518c54457c98b7fba939e37ab32e1a99d6,4,train
AQUA20,train,train,2454,4,fish,/home/tahiti/MARINE_DATASETS/AQUA20_PREPARED/images/train/04_fish/train_002454_0b2890368109.jpg,0b28903681092c75a565ae9cd602c5d9dfd85b8517d8a625006987421b0d4931,256,256,0b28903681092c75a565ae9cd602c5d9dfd85b8517d8a625006987421b0d4931,5,train
AQUA20,train,train,2469,4,fish,/home/tahiti/MARINE_DATASETS/AQUA20_PREPARED/images/train/04_fish/train_002469_47c5eb47eb82.jpg,47c5eb47eb82513cbfc8309230e4f1e4e9ad5615ac92c9e4b39c602bba9bec65,256,256,47c5eb47eb82513cbfc8309230e4f1e4e9ad5615ac92c9e4b39c602bba9bec65,4,train
AQUA20,train,train,2484,4,fish,/home/tahiti/MARINE_DATASETS/AQUA20_PREPARED/images/train/04_fish/train_002484_9c486dcfcdde.jpg,9c486dcfcdde65cb860698208be4fd88ba56b3efc577951720aa89a341237ede,256,256,9c486dcfcdde65cb860698208be4fd88ba56b3efc577951720aa89a341237ede,6,train
AQUA20,train,train,2501,4,fish,/home/tahiti/MARINE_DATASETS/AQUA20_PREPARED/images/train/04_fish/train_002501_8b5809a35743.jpg,8b5809a357438820ae601c988d7b1133071be1c3d4581602ebb9fb2b4ce36e71,256,256,8b5809a357438820ae601c988d7b1133071be1c3d4581602ebb9fb2b4ce36e71,2,train
AQUA20,train,train,2523,4,fish,/home/tahiti/MARINE_DATASETS/AQUA20_PREPARED/images/train/04_fish/train_002523_ec4c203e9cbc.jpg,ec4c203e9cbc48c18ffeee113dc35c5fd392034f3fc59ed7cbb868a7dc86712c,256,256,ec4c203e9cbc48c18ffeee113dc35c5fd392034f3fc59ed7cbb868a7dc86712c,5,train
AQUA20,train,train,2549,4,fish,/home/tahiti/MARINE_DATASETS/AQUA20_PREPARED/images/train/04_fish/train_002549_21c7faa56cec.jpg,21c7faa56ceca976e3eac1dae399ef99cb3c68ea0577f5de3128f4a22c2c326e,256,256,21c7faa56ceca976e3eac1dae399ef99cb3c68ea0577f5de3128f4a22c2c326e,6,train
AQUA20,train,train,2561,4,fish,/home/tahiti/MARINE_DATASETS/AQUA20_PREPARED/images/train/04_fish/train_002561_fb7aa40927a6.jpg,fb7aa40927a6570a107ce4dd68ffa4472bf5db7c456d981b64dfd792b9d3db5e,256,256,fb7aa40927a6570a107ce4dd68ffa4472bf5db7c456d981b64dfd792b9d3db5e,5,train
AQUA20,train,train,2572,4,fish,/home/tahiti/MARINE_DATASETS/AQUA20_PREPARED/images/train/04_fish/train_002572_af7820595373.jpg,af78205953738309845b95721268aed679d67c1d5927a00b2faac9cb86e0941b,256,256,af78205953738309845b95721268aed679d67c1d5927a00b2faac9cb86e0941b,6,train
AQUA20,train,train,2574,4,fish,/home/tahiti/MARINE_DATASETS/AQUA20_PREPARED/images/train/04_fish/train_002574_db52ef66568b.jpg,db52ef66568b144f32361039f57972879643fe6d134a38003c0c02a446e2331a,256,256,db52ef66568b144f32361039f57972879643fe6d134a38003c0c02a446e2331a,5,train
AQUA20,train,train,2579,4,fish,/home/tahiti/MARINE_DATASETS/AQUA20_PREPARED/images/train/04_fish/train_002579_15ae41269637.jpg,15ae41269637129bec1d0b2e35565570a0338b45f1e618830225d26e2819f00f,256,256,15ae41269637129bec1d0b2e35565570a0338b45f1e618830225d26e2819f00f,4,train
AQUA20,train,train,2601,4,fish,/home/tahiti/MARINE_DATASETS/AQUA20_PREPARED/images/train/04_fish/train_002601_7efebe5245a3.jpg,7efebe5245a3c04fd087407f851d9300dab627d0474979e46d39b06aa45bb83d,256,256,7efebe5245a3c04fd087407f851d9300dab627d0474979e46d39b06aa45bb83d,5,train
AQUA20,train,train,2609,4,fish,/home/tahiti/MARINE_DATASETS/AQUA20_PREPARED/images/train/04_fish/train_002609_a62fa6b99b0c.jpg,a62fa6b99b0cbceb6ce1be4e9319cf0d3a0e77b5b5127e6b82ad39215b1eb2bd,256,256,a62fa6b99b0cbceb6ce1be4e9319cf0d3a0e77b5b5127e6b82ad39215b1eb2bd,2,train
AQUA20,train,train,2645,4,fish,/home/tahiti/MARINE_DATASETS/AQUA20_PREPARED/images/train/04_fish/train_002645_15d03bca00ff.jpg,15d03bca00fff7bb0e7a2fc3cfcb6c1f7dc9250217db11eda9d5aca2a5719a6c,256,256,15d03bca00fff7bb0e7a2fc3cfcb6c1f7dc9250217db11eda9d5aca2a5719a6c,2,train
AQUA20,train,train,2647,4,fish,/home/tahiti/MARINE_DATASETS/AQUA20_PREPARED/images/train/04_fish/train_002647_aad6507c998f.jpg,aad6507c998f9782a17e3b91df66f418f364ab62f0c0d4a8319bcc21894c1e11,256,256,aad6507c998f9782a17e3b91df66f418f364ab62f0c0d4a8319bcc21894c1e11,3,train
AQUA20,train,train,2679,4,fish,/home/tahiti/MARINE_DATASETS/AQUA20_PREPARED/images/train/04_fish/train_002679_cd3c2bd63b01.jpg,cd3c2bd63b011f6912e1597ce63bf9641b0f91cc5e452de413a24569290c90fa,256,256,cd3c2bd63b011f6912e1597ce63bf9641b0f91cc5e452de413a24569290c90fa,3,train
AQUA20,train,train,2690,4,fish,/home/tahiti/MARINE_DATASETS/AQUA20_PREPARED/images/train/04_fish/train_002690_e33d828076fb.jpg,e33d828076fbdb9f8ed8e69225b01b16eb304a6cb6c36432b26113c77449cc0c,256,256,e33d828076fbdb9f8ed8e69225b01b16eb304a6cb6c36432b26113c77449cc0c,3,train
AQUA20,train,train,2694,4,fish,/home/tahiti/MARINE_DATASETS/AQUA20_PREPARED/images/train/04_fish/train_002694_aa0697cf1b43.jpg,aa0697cf1b431559a8f6e7f834c4662dae698842d8871173e7d63a196b8d2405,256,256,aa0697cf1b431559a8f6e7f834c4662dae698842d8871173e7d63a196b8d2405,6,train
AQUA20,train,train,2699,4,fish,/home/tahiti/MARINE_DATASETS/AQUA20_PREPARED/images/train/04_fish/train_002699_03e631fc3867.jpg,03e631fc3867c372a03e6b61d84fa24178c98721c87c356738869f381ac1b186,256,256,03e631fc3867c372a03e6b61d84fa24178c98721c87c356738869f381ac1b186,6,train
AQUA20,train,train,2704,4,fish,/home/tahiti/MARINE_DATASETS/AQUA20_PREPARED/images/train/04_fish/train_002704_3c4dcb76889e.jpg,3c4dcb76889ebbed876cc8fe4f896ca6cdba5d5f397ed566a7667c30a0c2d78f,256,256,3c4dcb76889ebbed876cc8fe4f896ca6cdba5d5f397ed566a7667c30a0c2d78f,2,train
AQUA20,train,train,2714,4,fish,/home/tahiti/MARINE_DATASETS/AQUA20_PREPARED/images/train/04_fish/train_002714_9d408ea3ee8a.jpg,9d408ea3ee8a0b2383af7bbe253491436489a1eae0a79ab71476a15bffd43e17,256,256,9d408ea3ee8a0b2383af7bbe253491436489a1eae0a79ab71476a15bffd43e17,4,train
AQUA20,train,train,2718,4,fish,/home/tahiti/MARINE_DATASETS/AQUA20_PREPARED/images/train/04_fish/train_002718_de4c295c8b08.jpg,de4c295c8b0837576611dbdcce122b67ce787a8b843a3b8f114681959e1d9f03,256,256,de4c295c8b0837576611dbdcce122b67ce787a8b843a3b8f114681959e1d9f03,2,train
AQUA20,train,train,2725,4,fish,/home/tahiti/MARINE_DATASETS/AQUA20_PREPARED/images/train/04_fish/train_002725_34d2bdff3707.jpg,34d2bdff3707a955f46d2cf4cdf4779b76b5eaa9d6cad257eba2ef7e6b96a270,256,256,34d2bdff3707a955f46d2cf4cdf4779b76b5eaa9d6cad257eba2ef7e6b96a270,5,train
AQUA20,train,train,2728,4,fish,/home/tahiti/MARINE_DATASETS/AQUA20_PREPARED/images/train/04_fish/train_002728_76aa18bc5c35.jpg,76aa18bc5c356d6081e32cae94d2ae6fad42b993f45eed3f2b12b5d462866705,256,256,76aa18bc5c356d6081e32cae94d2ae6fad42b993f45eed3f2b12b5d462866705,6,train
AQUA20,train,train,2739,4,fish,/home/tahiti/MARINE_DATASETS/AQUA20_PREPARED/images/train/04_fish/train_002739_ba9274aa77e7.jpg,ba9274aa77e75e39c002ff3182d710d7cbcea3e7a2f710c79ebf78742983b990,256,256,ba9274aa77e75e39c002ff3182d710d7cbcea3e7a2f710c79ebf78742983b990,4,train
AQUA20,train,train,2741,4,fish,/home/tahiti/MARINE_DATASETS/AQUA20_PREPARED/images/train/04_fish/train_002741_7234b63f647d.jpg,7234b63f647d2ebd84a8a1e2e3d6407ad254bb8f3ae83fb2c9897a857aa506fb,256,256,7234b63f647d2ebd84a8a1e2e3d6407ad254bb8f3ae83fb2c9897a857aa506fb,3,train
AQUA20,train,train,2749,4,fish,/home/tahiti/MARINE_DATASETS/AQUA20_PREPARED/images/train/04_fish/train_002749_8f95a9b3f34f.jpg,8f95a9b3f34fea0fccfa07ac1d74e597444ff129aba2de1c404d082341f1afa8,256,256,8f95a9b3f34fea0fccfa07ac1d74e597444ff129aba2de1c404d082341f1afa8,3,train
AQUA20,train,train,2750,4,fish,/home/tahiti/MARINE_DATASETS/AQUA20_PREPARED/images/train/04_fish/train_002750_dacae135a4a7.jpg,dacae135a4a74c9ec0a0e5d2e626f58ef861dbf8b4c95c7dcd7a3cde0e14d865,256,256,dacae135a4a74c9ec0a0e5d2e626f58ef861dbf8b4c95c7dcd7a3cde0e14d865,3,train
AQUA20,train,train,2752,4,fish,/home/tahiti/MARINE_DATASETS/AQUA20_PREPARED/images/train/04_fish/train_002752_39303e7c47e9.jpg,39303e7c47e9e5d9c00bac5ad3ae8735112446f9c13658eb8a39b06f123f8277,256,256,39303e7c47e9e5d9c00bac5ad3ae8735112446f9c13658eb8a39b06f123f8277,4,train
AQUA20,train,train,2771,4,fish,/home/tahiti/MARINE_DATASETS/AQUA20_PREPARED/images/train/04_fish/train_002771_beed99ff9da4.jpg,beed99ff9da47c6b0485fece6de23f233c1f53c6293820155b927eee53a250ff,256,256,beed99ff9da47c6b0485fece6de23f233c1f53c6293820155b927eee53a250ff,3,train
AQUA20,train,train,2803,4,fish,/home/tahiti/MARINE_DATASETS/AQUA20_PREPARED/images/train/04_fish/train_002803_7d05dfb5b5f5.jpg,7d05dfb5b5f5b01e2a5f4b2b6a17f130b8ae15638dadc0272761f5a4da9b8007,256,256,7d05dfb5b5f5b01e2a5f4b2b6a17f130b8ae15638dadc0272761f5a4da9b8007,5,train
AQUA20,train,train,2804,4,fish,/home/tahiti/MARINE_DATASETS/AQUA20_PREPARED/images/train/04_fish/train_002804_376aa92adce0.jpg,376aa92adce0b5553a2df4c41b58f7f32054bdd445ea90ffe9be946f2c1aad6f,256,256,376aa92adce0b5553a2df4c41b58f7f32054bdd445ea90ffe9be946f2c1aad6f,3,train
AQUA20,train,train,2816,4,fish,/home/tahiti/MARINE_DATASETS/AQUA20_PREPARED/images/train/04_fish/train_002816_3c068bf13b26.jpg,3c068bf13b26e0ff9e48dd3a5a07f972a4413552e151b5f25d8569ac71a400c5,256,256,3c068bf13b26e0ff9e48dd3a5a07f972a4413552e151b5f25d8569ac71a400c5,4,train
AQUA20,train,train,2852,4,fish,/home/tahiti/MARINE_DATASETS/AQUA20_PREPARED/images/train/04_fish/train_002852_1ee96ae39f91.jpg,1ee96ae39f914ef7614726d89d3c1345b988306bb74b6214f93e0f463ddcc8d8,256,256,1ee96ae39f914ef7614726d89d3c1345b988306bb74b6214f93e0f463ddcc8d8,2,train
AQUA20,train,train,2927,4,fish,/home/tahiti/MARINE_DATASETS/AQUA20_PREPARED/images/train/04_fish/train_002927_9d7a7a892e69.jpg,9d7a7a892e698f2fae8c0034f96e1b64c9e3929e381469ffe12a9172701be4aa,256,256,9d7a7a892e698f2fae8c0034f96e1b64c9e3929e381469ffe12a9172701be4aa,3,train
AQUA20,train,train,2932,4,fish,/home/tahiti/MARINE_DATASETS/AQUA20_PREPARED/images/train/04_fish/train_002932_b7939fa3ff82.jpg,b7939fa3ff82e7df5f6f0a8953dd7a8f49a118fe567d17aede50336a32fce8f6,256,256,b7939fa3ff82e7df5f6f0a8953dd7a8f49a118fe567d17aede50336a32fce8f6,2,train
AQUA20,train,train,2985,4,fish,/home/tahiti/MARINE_DATASETS/AQUA20_PREPARED/images/train/04_fish/train_002985_a5c032d1d6f4.jpg,a5c032d1d6f404538c1e36c82207303eebd5b32d20d80f8f3980ba1d84acad4a,256,256,a5c032d1d6f404538c1e36c82207303eebd5b32d20d80f8f3980ba1d84acad4a,5,train
AQUA20,train,train,2991,4,fish,/home/tahiti/MARINE_DATASETS/AQUA20_PREPARED/images/train/04_fish/train_002991_5eb0eb8b109a.jpg,5eb0eb8b109a57d33e0c4f9b612d0972c4d2f7d525af195ff99cdc19cd104473,256,256,5eb0eb8b109a57d33e0c4f9b612d0972c4d2f7d525af195ff99cdc19cd104473,4,train
AQUA20,train,train,3001,4,fish,/home/tahiti/MARINE_DATASETS/AQUA20_PREPARED/images/train/04_fish/train_003001_e311dfb10643.jpg,e311dfb10643408d0d37f75c9bd52472ebe5e9ef4f5537830023812541c3fe95,256,256,e311dfb10643408d0d37f75c9bd52472ebe5e9ef4f5537830023812541c3fe95,5,train
AQUA20,train,train,3002,4,fish,/home/tahiti/MARINE_DATASETS/AQUA20_PREPARED/images/train/04_fish/train_003002_b7d9335eb945.jpg,b7d9335eb945269923d54b6e907e03d0c81f31e901edbefdfbc5a713d54e1c97,256,256,b7d9335eb945269923d54b6e907e03d0c81f31e901edbefdfbc5a713d54e1c97,6,train
AQUA20,train,train,3016,4,fish,/home/tahiti/MARINE_DATASETS/AQUA20_PREPARED/images/train/04_fish/train_003016_11b3397b7230.jpg,11b3397b7230e9c6d4b53fbcc5c65b36843777256d09c487c9c14a22466405da,256,256,11b3397b7230e9c6d4b53fbcc5c65b36843777256d09c487c9c14a22466405da,3,train
AQUA20,train,train,3030,4,fish,/home/tahiti/MARINE_DATASETS/AQUA20_PREPARED/images/train/04_fish/train_003030_eb4a40a82192.jpg,eb4a40a8219296cdbea32d223c394662a66f6d4f60aefb22e56d4b391fb3321e,256,256,eb4a40a8219296cdbea32d223c394662a66f6d4f60aefb22e56d4b391fb3321e,2,train
AQUA20,train,train,3036,4,fish,/home/tahiti/MARINE_DATASETS/AQUA20_PREPARED/images/train/04_fish/train_003036_443e5fa9a4b8.jpg,443e5fa9a4b8e559630b16c897ad5c1e97338acf82578d7887c6cf10b948d712,256,256,443e5fa9a4b8e559630b16c897ad5c1e97338acf82578d7887c6cf10b948d712,5,train
AQUA20,train,train,3040,4,fish,/home/tahiti/MARINE_DATASETS/AQUA20_PREPARED/images/train/04_fish/train_003040_d66131aaa0cb.jpg,d66131aaa0cb99a81c0a990d720312b542b14f7a34b26188a97775142b660442,256,256,d66131aaa0cb99a81c0a990d720312b542b14f7a34b26188a97775142b660442,6,train
AQUA20,train,train,3053,4,fish,/home/tahiti/MARINE_DATASETS/AQUA20_PREPARED/images/train/04_fish/train_003053_3a24cce5ad85.jpg,3a24cce5ad85bf7cb82917ddf277ab23ba1f1eff138ddee7c42da089a63f6fa8,256,256,3a24cce5ad85bf7cb82917ddf277ab23ba1f1eff138ddee7c42da089a63f6fa8,2,train
AQUA20,train,train,3064,4,fish,/home/tahiti/MARINE_DATASETS/AQUA20_PREPARED/images/train/04_fish/train_003064_de3460b1fbea.jpg,de3460b1fbea63d96ed0d87517038bd9efba12fa9653cfe500156ae6bb041d29,256,256,de3460b1fbea63d96ed0d87517038bd9efba12fa9653cfe500156ae6bb041d29,5,train
AQUA20,train,train,3087,4,fish,/home/tahiti/MARINE_DATASETS/AQUA20_PREPARED/images/train/04_fish/train_003087_43660f711005.jpg,43660f7110053e7144aaf351f123dbb0b187945e6b06eb3dae7d378640d6be74,256,256,43660f7110053e7144aaf351f123dbb0b187945e6b06eb3dae7d378640d6be74,5,train
AQUA20,train,train,3103,4,fish,/home/tahiti/MARINE_DATASETS/AQUA20_PREPARED/images/train/04_fish/train_003103_79368ae9df00.jpg,79368ae9df00ce64d2937691f729b3890ae160cb85588daaef1d7a3a1d793bd5,256,256,79368ae9df00ce64d2937691f729b3890ae160cb85588daaef1d7a3a1d793bd5,5,train
AQUA20,train,train,3116,4,fish,/home/tahiti/MARINE_DATASETS/AQUA20_PREPARED/images/train/04_fish/train_003116_ff01fab89589.jpg,ff01fab89589a4c4386d1c4248d0b5adacc6e0a4ea70f3eab5cec3c40fedf010,256,256,ff01fab89589a4c4386d1c4248d0b5adacc6e0a4ea70f3eab5cec3c40fedf010,5,train
AQUA20,train,train,3130,4,fish,/home/tahiti/MARINE_DATASETS/AQUA20_PREPARED/images/train/04_fish/train_003130_41cc4dbd4de9.jpg,41cc4dbd4de9334f16400485c0f65ea9c4ab95ad17cfe704593ab54802d3b1ba,256,256,41cc4dbd4de9334f16400485c0f65ea9c4ab95ad17cfe704593ab54802d3b1ba,5,train
AQUA20,train,train,3159,4,fish,/home/tahiti/MARINE_DATASETS/AQUA20_PREPARED/images/train/04_fish/train_003159_33924a7fd772.jpg,33924a7fd7727e699b496acb657af770a9bbe8596b9bef01c5fccfd3d4f9fea2,256,256,33924a7fd7727e699b496acb657af770a9bbe8596b9bef01c5fccfd3d4f9fea2,3,train
AQUA20,train,train,3188,4,fish,/home/tahiti/MARINE_DATASETS/AQUA20_PREPARED/images/train/04_fish/train_003188_0f2db85c10c7.jpg,0f2db85c10c7eb8776c65331f2421b54b236cd1c556baba8efc6592bfb101f69,256,256,0f2db85c10c7eb8776c65331f2421b54b236cd1c556baba8efc6592bfb101f69,2,train
AQUA20,train,train,3233,4,fish,/home/tahiti/MARINE_DATASETS/AQUA20_PREPARED/images/train/04_fish/train_003233_7b846a29788a.jpg,7b846a29788a4d0ac5bafaf2beaf1ce115f4bade94a926049309eee349cf9c32,256,256,7b846a29788a4d0ac5bafaf2beaf1ce115f4bade94a926049309eee349cf9c32,6,train
AQUA20,train,train,3240,4,fish,/home/tahiti/MARINE_DATASETS/AQUA20_PREPARED/images/train/04_fish/train_003240_8b8c1f0b5f19.jpg,8b8c1f0b5f19568736f2bba9da3dc570198ed10aa9d23a6edbeb0c55a52af86f,256,256,8b8c1f0b5f19568736f2bba9da3dc570198ed10aa9d23a6edbeb0c55a52af86f,3,train
AQUA20,train,train,3321,4,fish,/home/tahiti/MARINE_DATASETS/AQUA20_PREPARED/images/train/04_fish/train_003321_67e160876cea.jpg,67e160876ceac17356c175acf37b60d9d3cf6af2dc2c2d3e9384e2e0848d1a5f,256,256,67e160876ceac17356c175acf37b60d9d3cf6af2dc2c2d3e9384e2e0848d1a5f,6,train
AQUA20,train,train,3325,4,fish,/home/tahiti/MARINE_DATASETS/AQUA20_PREPARED/images/train/04_fish/train_003325_b5904538475f.jpg,b5904538475fcebaaaad190e185b4c12b5db5ebdb6cb59891804848bac2515e7,256,256,b5904538475fcebaaaad190e185b4c12b5db5ebdb6cb59891804848bac2515e7,3,train
AQUA20,train,train,3334,4,fish,/home/tahiti/MARINE_DATASETS/AQUA20_PREPARED/images/train/04_fish/train_003334_269d21681ce5.jpg,269d21681ce57a0660192e58f85ca62424c75a54fab395047d472cb02feabf84,256,256,269d21681ce57a0660192e58f85ca62424c75a54fab395047d472cb02feabf84,5,train
AQUA20,train,train,3336,4,fish,/home/tahiti/MARINE_DATASETS/AQUA20_PREPARED/images/train/04_fish/train_003336_555331431d2b.jpg,555331431d2b252b37764e3cff49b64dc5d0a768a80a2d68152f77a3a4b768c4,256,256,555331431d2b252b37764e3cff49b64dc5d0a768a80a2d68152f77a3a4b768c4,4,train
AQUA20,train,train,3340,4,fish,/home/tahiti/MARINE_DATASETS/AQUA20_PREPARED/images/train/04_fish/train_003340_7c0258d68da8.jpg,7c0258d68da82dab92b6c78d5339ec6ba4f3be401c09c08cd5ce9035006d7ab6,256,256,7c0258d68da82dab92b6c78d5339ec6ba4f3be401c09c08cd5ce9035006d7ab6,6,train
AQUA20,train,train,3341,4,fish,/home/tahiti/MARINE_DATASETS/AQUA20_PREPARED/images/train/04_fish/train_003341_81ec6b965041.jpg,81ec6b965041e0293e74971a6db784326bf8213b189a3810153f9a133b1de5e9,256,256,81ec6b965041e0293e74971a6db784326bf8213b189a3810153f9a133b1de5e9,3,train
AQUA20,train,train,3349,4,fish,/home/tahiti/MARINE_DATASETS/AQUA20_PREPARED/images/train/04_fish/train_003349_fe53a315782e.jpg,fe53a315782ec60bfcfea933238e242da672b7b7f3d3dc74075649f55e776e89,256,256,fe53a315782ec60bfcfea933238e242da672b7b7f3d3dc74075649f55e776e89,3,train
AQUA20,train,train,3357,4,fish,/home/tahiti/MARINE_DATASETS/AQUA20_PREPARED/images/train/04_fish/train_003357_6b065db9abf4.jpg,6b065db9abf48ca86656bb4de832a23c1fee9db3da74618350d0c2925e145bb8,256,256,6b065db9abf48ca86656bb4de832a23c1fee9db3da74618350d0c2925e145bb8,4,train
AQUA20,train,train,3379,4,fish,/home/tahiti/MARINE_DATASETS/AQUA20_PREPARED/images/train/04_fish/train_003379_d48644529849.jpg,d48644529849e3c1847c99539a1d13107dd361b03bb04844411ab87a6a80edaf,256,256,d48644529849e3c1847c99539a1d13107dd361b03bb04844411ab87a6a80edaf,6,train
AQUA20,train,train,3404,4,fish,/home/tahiti/MARINE_DATASETS/AQUA20_PREPARED/images/train/04_fish/train_003404_f4cb42bb93ed.jpg,f4cb42bb93ed03a6d2695ec1c0bbd01a10e32f2a1d8fd2e1728ebbbbb5de9a74,256,256,f4cb42bb93ed03a6d2695ec1c0bbd01a10e32f2a1d8fd2e1728ebbbbb5de9a74,4,train
AQUA20,train,train,3436,4,fish,/home/tahiti/MARINE_DATASETS/AQUA20_PREPARED/images/train/04_fish/train_003436_33198a834c2c.jpg,33198a834c2ceaf564344366280d306a4e83735b688e61f359e5be0ed406b106,256,256,33198a834c2ceaf564344366280d306a4e83735b688e61f359e5be0ed406b106,2,train
AQUA20,train,train,3449,4,fish,/home/tahiti/MARINE_DATASETS/AQUA20_PREPARED/images/train/04_fish/train_003449_fd6ad7284aa9.jpg,fd6ad7284aa904f1a7989a2e7b59db9819d3c631e3345fed194ee6eab2b5b622,256,256,fd6ad7284aa904f1a7989a2e7b59db9819d3c631e3345fed194ee6eab2b5b622,5,train
AQUA20,train,train,3450,4,fish,/home/tahiti/MARINE_DATASETS/AQUA20_PREPARED/images/train/04_fish/train_003450_31e5adc10fb0.jpg,31e5adc10fb047aa2e4dcdf4e3c5829a5ce2eb56bd7d95915f01238e64fd5029,256,256,31e5adc10fb047aa2e4dcdf4e3c5829a5ce2eb56bd7d95915f01238e64fd5029,5,train
AQUA20,train,train,3454,4,fish,/home/tahiti/MARINE_DATASETS/AQUA20_PREPARED/images/train/04_fish/train_003454_90f982d6fa16.jpg,90f982d6fa16e07b3fc434a47474f042fbb8b58ddf1ba1c2a48ffd28ab49253d,256,256,90f982d6fa16e07b3fc434a47474f042fbb8b58ddf1ba1c2a48ffd28ab49253d,2,train
AQUA20,train,train,3471,4,fish,/home/tahiti/MARINE_DATASETS/AQUA20_PREPARED/images/train/04_fish/train_003471_ede9c0bf77d0.jpg,ede9c0bf77d09df65c2d50a5e831b93268cdd19ae5fdb66aea3adf16ea10cec0,256,256,ede9c0bf77d09df65c2d50a5e831b93268cdd19ae5fdb66aea3adf16ea10cec0,3,train
AQUA20,train,train,3483,4,fish,/home/tahiti/MARINE_DATASETS/AQUA20_PREPARED/images/train/04_fish/train_003483_20cf4e73d061.jpg,20cf4e73d0611d13c9f8cb6dc9ce82367a5c4f478fe7e7e95f3bd886a7fd3461,256,256,20cf4e73d0611d13c9f8cb6dc9ce82367a5c4f478fe7e7e95f3bd886a7fd3461,5,train
AQUA20,train,train,3498,4,fish,/home/tahiti/MARINE_DATASETS/AQUA20_PREPARED/images/train/04_fish/train_003498_4194ca9a4b13.jpg,4194ca9a4b1356e8709e7220739a7ad2fa101a57c84a5857e451389671caf376,256,256,4194ca9a4b1356e8709e7220739a7ad2fa101a57c84a5857e451389671caf376,5,train
AQUA20,train,train,3523,4,fish,/home/tahiti/MARINE_DATASETS/AQUA20_PREPARED/images/train/04_fish/train_003523_bf9ee1bfadde.jpg,bf9ee1bfadde0ecfc5fd35e25c245907b5571709708ddb17b25dd8d9ccd83e3a,256,256,bf9ee1bfadde0ecfc5fd35e25c245907b5571709708ddb17b25dd8d9ccd83e3a,3,train
AQUA20,train,train,3547,4,fish,/home/tahiti/MARINE_DATASETS/AQUA20_PREPARED/images/train/04_fish/train_003547_dd12aee3e01c.jpg,dd12aee3e01caa05bc437059c37167ec05a4d71255e84d7b9c471dbd15954d2a,256,256,dd12aee3e01caa05bc437059c37167ec05a4d71255e84d7b9c471dbd15954d2a,6,train
AQUA20,train,train,3562,4,fish,/home/tahiti/MARINE_DATASETS/AQUA20_PREPARED/images/train/04_fish/train_003562_9ca64f405162.jpg,9ca64f405162017964d0ad6bff57144f41ff6cb2a9b0fc9d68d989cc019d17c9,256,256,9ca64f405162017964d0ad6bff57144f41ff6cb2a9b0fc9d68d989cc019d17c9,4,train
AQUA20,train,train,3563,4,fish,/home/tahiti/MARINE_DATASETS/AQUA20_PREPARED/images/train/04_fish/train_003563_ebc88139c7ed.jpg,ebc88139c7edef032e15bc11b01f4ad2e3a75511c5b85e4b9e0d69e2154b0795,256,256,ebc88139c7edef032e15bc11b01f4ad2e3a75511c5b85e4b9e0d69e2154b0795,6,train
AQUA20,train,train,3568,4,fish,/home/tahiti/MARINE_DATASETS/AQUA20_PREPARED/images/train/04_fish/train_003568_4e1c6fd38c54.jpg,4e1c6fd38c548e2df487902e5bdaccca35a5f406bcd17bb4f1d545dd1b69a3f9,256,256,4e1c6fd38c548e2df487902e5bdaccca35a5f406bcd17bb4f1d545dd1b69a3f9,2,train
AQUA20,train,train,3620,4,fish,/home/tahiti/MARINE_DATASETS/AQUA20_PREPARED/images/train/04_fish/train_003620_dc1ff756d9dd.jpg,dc1ff756d9ddf3e85b2bcab591227d8469b6219822abf39af4664b56068af294,256,256,dc1ff756d9ddf3e85b2bcab591227d8469b6219822abf39af4664b56068af294,5,train
AQUA20,train,train,3646,4,fish,/home/tahiti/MARINE_DATASETS/AQUA20_PREPARED/images/train/04_fish/train_003646_c2103d57edd6.jpg,c2103d57edd6689a0b5c3882a2a1e74a80e38d6ca48d909add4b2159fa74dfeb,256,256,c2103d57edd6689a0b5c3882a2a1e74a80e38d6ca48d909add4b2159fa74dfeb,5,train
AQUA20,train,train,3648,4,fish,/home/tahiti/MARINE_DATASETS/AQUA20_PREPARED/images/train/04_fish/train_003648_8ead456d8818.jpg,8ead456d881859a460a11f4909f732a26aecaf215943cf89b6ae93a2b6323c1b,256,256,8ead456d881859a460a11f4909f732a26aecaf215943cf89b6ae93a2b6323c1b,4,train
AQUA20,train,train,3652,4,fish,/home/tahiti/MARINE_DATASETS/AQUA20_PREPARED/images/train/04_fish/train_003652_7144bc3657f7.jpg,7144bc3657f7ff5ba8758c70db169a705143b9f3016769f35bdc5aa504e349de,256,256,7144bc3657f7ff5ba8758c70db169a705143b9f3016769f35bdc5aa504e349de,2,train
AQUA20,train,train,3657,4,fish,/home/tahiti/MARINE_DATASETS/AQUA20_PREPARED/images/train/04_fish/train_003657_25771ddb82b5.jpg,25771ddb82b5cc34d5b6057e58b4053c355560c109d7cce27ff1fe87433a105b,256,256,25771ddb82b5cc34d5b6057e58b4053c355560c109d7cce27ff1fe87433a105b,4,train
AQUA20,train,train,3689,4,fish,/home/tahiti/MARINE_DATASETS/AQUA20_PREPARED/images/train/04_fish/train_003689_b57950962cbc.jpg,b57950962cbcae1a503afc75b62edbacd2bf7a2d00ecdf26b8f0123713fedb71,256,256,b57950962cbcae1a503afc75b62edbacd2bf7a2d00ecdf26b8f0123713fedb71,6,train
AQUA20,train,train,3759,4,fish,/home/tahiti/MARINE_DATASETS/AQUA20_PREPARED/images/train/04_fish/train_003759_c2bfc51468ab.jpg,c2bfc51468ab2a90e8a082102b3f5d7d9d56948315c13f101ca59bf16ab074ad,256,256,c2bfc51468ab2a90e8a082102b3f5d7d9d56948315c13f101ca59bf16ab074ad,6,train
AQUA20,train,train,3765,4,fish,/home/tahiti/MARINE_DATASETS/AQUA20_PREPARED/images/train/04_fish/train_003765_d9bd8a6f5b6f.jpg,d9bd8a6f5b6fa3d502b355590d84e32374122986c85886b107b7a9f3e8035dfd,256,256,d9bd8a6f5b6fa3d502b355590d84e32374122986c85886b107b7a9f3e8035dfd,2,train
AQUA20,train,train,3806,4,fish,/home/tahiti/MARINE_DATASETS/AQUA20_PREPARED/images/train/04_fish/train_003806_0d33d7af3705.jpg,0d33d7af370559e5a7eab6a669c9770ba5453cec97933f9529750cbd5f9050b0,256,256,0d33d7af370559e5a7eab6a669c9770ba5453cec97933f9529750cbd5f9050b0,6,train
AQUA20,train,train,3815,4,fish,/home/tahiti/MARINE_DATASETS/AQUA20_PREPARED/images/train/04_fish/train_003815_bfa5d4d9e5c5.jpg,bfa5d4d9e5c52980e9130613225eab38dabc51839c2b5212ff9cf7548578f6e4,256,256,bfa5d4d9e5c52980e9130613225eab38dabc51839c2b5212ff9cf7548578f6e4,4,train
AQUA20,train,train,3827,4,fish,/home/tahiti/MARINE_DATASETS/AQUA20_PREPARED/images/train/04_fish/train_003827_85fc35af354b.jpg,85fc35af354b917d33cf1b4663ff8605bbeb215ce3c57d96ca2ec290a4456994,256,256,85fc35af354b917d33cf1b4663ff8605bbeb215ce3c57d96ca2ec290a4456994,2,train
AQUA20,train,train,3857,4,fish,/home/tahiti/MARINE_DATASETS/AQUA20_PREPARED/images/train/04_fish/train_003857_c198ecdd6510.jpg,c198ecdd65101b4ddfd6a797d8664864376e0d45cfdf0984aa3dae2a8faf3802,320,240,c198ecdd65101b4ddfd6a797d8664864376e0d45cfdf0984aa3dae2a8faf3802,6,train
AQUA20,train,train,3887,4,fish,/home/tahiti/MARINE_DATASETS/AQUA20_PREPARED/images/train/04_fish/train_003887_4dbd4685b7ad.jpg,4dbd4685b7ad990baaf1891f434d81860a21ddfffbdfa37a628cba95aeeeaa2d,320,240,4dbd4685b7ad990baaf1891f434d81860a21ddfffbdfa37a628cba95aeeeaa2d,5,train
AQUA20,train,train,3903,4,fish,/home/tahiti/MARINE_DATASETS/AQUA20_PREPARED/images/train/04_fish/train_003903_9e9bccf9111d.jpg,9e9bccf9111d2ba91b654253ea59ec3666bd64a73e8e1ccfae2db729da5beec9,320,240,9e9bccf9111d2ba91b654253ea59ec3666bd64a73e8e1ccfae2db729da5beec9,4,train
AQUA20,train,train,3914,4,fish,/home/tahiti/MARINE_DATASETS/AQUA20_PREPARED/images/train/04_fish/train_003914_43e479bf1336.jpg,43e479bf1336c5299a30627181ad72735740e0f2b04f57c270d7427b6ccb03a4,320,240,43e479bf1336c5299a30627181ad72735740e0f2b04f57c270d7427b6ccb03a4,3,train
AQUA20,train,train,3923,4,fish,/home/tahiti/MARINE_DATASETS/AQUA20_PREPARED/images/train/04_fish/train_003923_a0d1f21c3139.jpg,a0d1f21c3139e78fdf430d7e95157033f681e0a3e25b7a73d3a23dfcb85a94fc,320,240,a0d1f21c3139e78fdf430d7e95157033f681e0a3e25b7a73d3a23dfcb85a94fc,5,train
AQUA20,train,train,3963,4,fish,/home/tahiti/MARINE_DATASETS/AQUA20_PREPARED/images/train/04_fish/train_003963_3234e0bce230.jpg,3234e0bce2308ec9e2a216296db69d06493d2bea9671a70b0910f66621213f81,320,240,3234e0bce2308ec9e2a216296db69d06493d2bea9671a70b0910f66621213f81,4,train
AQUA20,train,train,3983,4,fish,/home/tahiti/MARINE_DATASETS/AQUA20_PREPARED/images/train/04_fish/train_003983_84cbd04b206d.jpg,84cbd04b206d58dfa7ae90001ea2167721a55f923f4fcd313291a6fd36db2184,256,256,84cbd04b206d58dfa7ae90001ea2167721a55f923f4fcd313291a6fd36db2184,5,train
AQUA20,train,train,4048,5,fishInGroups,/home/tahiti/MARINE_DATASETS/AQUA20_PREPARED/images/train/05_fishInGroups/train_004048_b6ea5ed65503.jpg,b6ea5ed65503c19e002b47d28e2237938ccb9ff93688d1873ef1bd26c9dd0398,320,240,b6ea5ed65503c19e002b47d28e2237938ccb9ff93688d1873ef1bd26c9dd0398,3,train
AQUA20,train,train,4053,5,fishInGroups,/home/tahiti/MARINE_DATASETS/AQUA20_PREPARED/images/train/05_fishInGroups/train_004053_36463ce8d563.jpg,36463ce8d5638652eec76c2a97492143c779e61ef6638e9ae6276f9372b66d64,320,240,36463ce8d5638652eec76c2a97492143c779e61ef6638e9ae6276f9372b66d64,5,train
AQUA20,train,train,4087,5,fishInGroups,/home/tahiti/MARINE_DATASETS/AQUA20_PREPARED/images/train/05_fishInGroups/train_004087_a174f84eb6da.jpg,a174f84eb6dae5287c627dcd1909723bf9f3bc368e8d304dad9c1ceab63c5d11,320,240,a174f84eb6dae5287c627dcd1909723bf9f3bc368e8d304dad9c1ceab63c5d11,6,train
AQUA20,train,train,4102,5,fishInGroups,/home/tahiti/MARINE_DATASETS/AQUA20_PREPARED/images/train/05_fishInGroups/train_004102_796b88d9ba9c.jpg,796b88d9ba9c6c48fe169975dddb4231dc134b7a3eec074250c266ab8d8d168b,320,240,796b88d9ba9c6c48fe169975dddb4231dc134b7a3eec074250c266ab8d8d168b,2,train
AQUA20,train,train,4116,5,fishInGroups,/home/tahiti/MARINE_DATASETS/AQUA20_PREPARED/images/train/05_fishInGroups/train_004116_fc8ff25c33de.jpg,fc8ff25c33de0083262cadd6b46bfe91452caa260235af56f9be5efc004a3b7c,256,256,fc8ff25c33de0083262cadd6b46bfe91452caa260235af56f9be5efc004a3b7c,5,train
AQUA20,train,train,4117,5,fishInGroups,/home/tahiti/MARINE_DATASETS/AQUA20_PREPARED/images/train/05_fishInGroups/train_004117_dbfd4d179366.jpg,dbfd4d179366dc61847c31efd62a8ad17d85a3e46ebe7ebd3f6e4156da22fe5f,320,240,dbfd4d179366dc61847c31efd62a8ad17d85a3e46ebe7ebd3f6e4156da22fe5f,2,train
AQUA20,train,train,4137,5,fishInGroups,/home/tahiti/MARINE_DATASETS/AQUA20_PREPARED/images/train/05_fishInGroups/train_004137_d890a97228f9.jpg,d890a97228f9d5cc6e2d7c7ee86c7d15e68d6bc13c554814e99572428c950a1d,320,240,d890a97228f9d5cc6e2d7c7ee86c7d15e68d6bc13c554814e99572428c950a1d,5,train
AQUA20,train,train,4171,5,fishInGroups,/home/tahiti/MARINE_DATASETS/AQUA20_PREPARED/images/train/05_fishInGroups/train_004171_0a982ff1421e.jpg,0a982ff1421e228d09328d82c7fe818e31bdc09eca7366098b912d3f76c27279,320,240,0a982ff1421e228d09328d82c7fe818e31bdc09eca7366098b912d3f76c27279,3,train
AQUA20,train,train,4194,5,fishInGroups,/home/tahiti/MARINE_DATASETS/AQUA20_PREPARED/images/train/05_fishInGroups/train_004194_e7d8a2425d0b.jpg,e7d8a2425d0ba8712bea87061f93e919363177144586d64358cba597df65bdd1,256,256,e7d8a2425d0ba8712bea87061f93e919363177144586d64358cba597df65bdd1,2,train
AQUA20,train,train,4245,5,fishInGroups,/home/tahiti/MARINE_DATASETS/AQUA20_PREPARED/images/train/05_fishInGroups/train_004245_8ecc369a33df.jpg,8ecc369a33df2297728e38fe86722ab0caada5b1916a2e52d460813fbeaa0810,256,256,8ecc369a33df2297728e38fe86722ab0caada5b1916a2e52d460813fbeaa0810,2,train
AQUA20,train,train,4262,5,fishInGroups,/home/tahiti/MARINE_DATASETS/AQUA20_PREPARED/images/train/05_fishInGroups/train_004262_a88936ebd2bf.jpg,a88936ebd2bfbbcc42510f1ef2fe3669d53e40f2c6afb67248f354ef7ea137fc,256,256,a88936ebd2bfbbcc42510f1ef2fe3669d53e40f2c6afb67248f354ef7ea137fc,3,train
AQUA20,train,train,4266,5,fishInGroups,/home/tahiti/MARINE_DATASETS/AQUA20_PREPARED/images/train/05_fishInGroups/train_004266_99f3121acea5.jpg,99f3121acea5421a7969bee7fe70b4aa2061faa7d0dcdbfa68ed97a7795351d5,256,256,99f3121acea5421a7969bee7fe70b4aa2061faa7d0dcdbfa68ed97a7795351d5,3,train
AQUA20,train,train,4274,5,fishInGroups,/home/tahiti/MARINE_DATASETS/AQUA20_PREPARED/images/train/05_fishInGroups/train_004274_b537422f203e.jpg,b537422f203e8a1a34b8e4e2c595c67e1dea4a98c7ea9243bd9e6260123e864e,256,256,b537422f203e8a1a34b8e4e2c595c67e1dea4a98c7ea9243bd9e6260123e864e,4,train
AQUA20,train,train,4278,5,fishInGroups,/home/tahiti/MARINE_DATASETS/AQUA20_PREPARED/images/train/05_fishInGroups/train_004278_af6458f37b22.jpg,af6458f37b221f61df126f2aad46cf6e59b578e2f2ad7fc54dff7147be091275,256,256,af6458f37b221f61df126f2aad46cf6e59b578e2f2ad7fc54dff7147be091275,2,train
AQUA20,train,train,4293,6,flatworm,/home/tahiti/MARINE_DATASETS/AQUA20_PREPARED/images/train/06_flatworm/train_004293_6c0eacfead15.jpg,6c0eacfead15a1e9a431d2da1d109748c4e2e33fd204be8db7f5eba82397e861,256,256,6c0eacfead15a1e9a431d2da1d109748c4e2e33fd204be8db7f5eba82397e861,6,train
AQUA20,train,train,4307,6,flatworm,/home/tahiti/MARINE_DATASETS/AQUA20_PREPARED/images/train/06_flatworm/train_004307_8b94de27d3a3.jpg,8b94de27d3a3610af3a418537fc688dfcfb7675ae7d8566da902c08210992b8c,256,256,8b94de27d3a3610af3a418537fc688dfcfb7675ae7d8566da902c08210992b8c,4,train
AQUA20,train,train,4336,6,flatworm,/home/tahiti/MARINE_DATASETS/AQUA20_PREPARED/images/train/06_flatworm/train_004336_cc7e15c59d5c.jpg,cc7e15c59d5c424aafb4295dbfa30720f1f43f1dd96086b87cc87abe74c2c134,256,256,cc7e15c59d5c424aafb4295dbfa30720f1f43f1dd96086b87cc87abe74c2c134,2,train
AQUA20,train,train,4342,7,jellyfish,/home/tahiti/MARINE_DATASETS/AQUA20_PREPARED/images/train/07_jellyfish/train_004342_d12388b396c2.jpg,d12388b396c2fb9128235c841e9f58b78adf7880c4f31f431f928e1e9df1c922,256,256,d12388b396c2fb9128235c841e9f58b78adf7880c4f31f431f928e1e9df1c922,2,train
AQUA20,train,train,4347,7,jellyfish,/home/tahiti/MARINE_DATASETS/AQUA20_PREPARED/images/train/07_jellyfish/train_004347_f0e0c2422581.jpg,f0e0c2422581900aa73ae57e5e932784cacf2e089c23e60eac5184e23f9113aa,256,256,f0e0c2422581900aa73ae57e5e932784cacf2e089c23e60eac5184e23f9113aa,2,train
AQUA20,train,train,4379,7,jellyfish,/home/tahiti/MARINE_DATASETS/AQUA20_PREPARED/images/train/07_jellyfish/train_004379_2f3b574c4bc6.jpg,2f3b574c4bc60e13f78cdc647a972112362297995ad8221757a35f1b83f1ef09,256,256,2f3b574c4bc60e13f78cdc647a972112362297995ad8221757a35f1b83f1ef09,3,train
AQUA20,train,train,4410,7,jellyfish,/home/tahiti/MARINE_DATASETS/AQUA20_PREPARED/images/train/07_jellyfish/train_004410_ce571cf202ad.jpg,ce571cf202ad5d26e2b2798e6a13d740258dc52143331edd6a60c5b5e57a7ae5,256,256,ce571cf202ad5d26e2b2798e6a13d740258dc52143331edd6a60c5b5e57a7ae5,6,train
AQUA20,train,train,4435,8,marine_dolphin,/home/tahiti/MARINE_DATASETS/AQUA20_PREPARED/images/train/08_marine_dolphin/train_004435_d2f959d17f28.jpg,d2f959d17f287ded6c9ddf68eace07f858219be9b401796b3a598ada6a6c93f5,256,256,d2f959d17f287ded6c9ddf68eace07f858219be9b401796b3a598ada6a6c93f5,6,train
AQUA20,train,train,4443,8,marine_dolphin,/home/tahiti/MARINE_DATASETS/AQUA20_PREPARED/images/train/08_marine_dolphin/train_004443_994b782e978b.jpg,994b782e978b415df6f70c16f169aa2bd51e0a818865a4747ae1f7f65ba863ba,276,183,994b782e978b415df6f70c16f169aa2bd51e0a818865a4747ae1f7f65ba863ba,5,train
AQUA20,train,train,4462,9,octopus,/home/tahiti/MARINE_DATASETS/AQUA20_PREPARED/images/train/09_octopus/train_004462_e13b818ab9f6.jpg,e13b818ab9f68fb3da7172160344de799693a9bedd0a9997410fd168d2ae19f7,5474,3650,e13b818ab9f68fb3da7172160344de799693a9bedd0a9997410fd168d2ae19f7,3,train
AQUA20,train,train,4505,10,rayfish,/home/tahiti/MARINE_DATASETS/AQUA20_PREPARED/images/train/10_rayfish/train_004505_aadfca60a1b2.jpg,aadfca60a1b2ded311132048692152bcf3bd9d6e1b77756eb4402d4419f914a5,256,256,aadfca60a1b2ded311132048692152bcf3bd9d6e1b77756eb4402d4419f914a5,4,train
AQUA20,train,train,4509,10,rayfish,/home/tahiti/MARINE_DATASETS/AQUA20_PREPARED/images/train/10_rayfish/train_004509_633fae9f919e.jpg,633fae9f919e0117d185e690f704042386bcd48e0b500afde9c8569f5fe85915,256,256,633fae9f919e0117d185e690f704042386bcd48e0b500afde9c8569f5fe85915,2,train
AQUA20,train,train,4535,10,rayfish,/home/tahiti/MARINE_DATASETS/AQUA20_PREPARED/images/train/10_rayfish/train_004535_4d27aff1b2ba.jpg,4d27aff1b2ba7df161a4f6fad904423797d0c1c1c28cad829fee1d95ee44226c,256,256,4d27aff1b2ba7df161a4f6fad904423797d0c1c1c28cad829fee1d95ee44226c,6,train
AQUA20,train,train,4556,10,rayfish,/home/tahiti/MARINE_DATASETS/AQUA20_PREPARED/images/train/10_rayfish/train_004556_d1bb42a15ca5.jpg,d1bb42a15ca5963f9926cc806d30186f3c49635d0d32670a44941dda15a2ddb3,256,256,d1bb42a15ca5963f9926cc806d30186f3c49635d0d32670a44941dda15a2ddb3,2,train
AQUA20,train,train,4561,10,rayfish,/home/tahiti/MARINE_DATASETS/AQUA20_PREPARED/images/train/10_rayfish/train_004561_3d6bb5bf80cf.jpg,3d6bb5bf80cf2569693012a44173a095bca68124e983aa8aa854dd81d34e9be0,256,256,3d6bb5bf80cf2569693012a44173a095bca68124e983aa8aa854dd81d34e9be0,2,train
AQUA20,train,train,4565,10,rayfish,/home/tahiti/MARINE_DATASETS/AQUA20_PREPARED/images/train/10_rayfish/train_004565_d36b362672d1.jpg,d36b362672d106b52fd909a0dfca7f0b429306a1d1c1485be3f0c4a9847bb844,256,256,d36b362672d106b52fd909a0dfca7f0b429306a1d1c1485be3f0c4a9847bb844,3,train
AQUA20,train,train,4592,10,rayfish,/home/tahiti/MARINE_DATASETS/AQUA20_PREPARED/images/train/10_rayfish/train_004592_d00465b90700.jpg,d00465b90700af42d34a6810a1e8fbf2ef780d1a9dded352d216957bf84c965d,256,256,d00465b90700af42d34a6810a1e8fbf2ef780d1a9dded352d216957bf84c965d,3,train
AQUA20,train,train,4598,10,rayfish,/home/tahiti/MARINE_DATASETS/AQUA20_PREPARED/images/train/10_rayfish/train_004598_1419782e6733.jpg,1419782e6733ccfab0ee353e183f529166cc81e2997cd02eb2a8c8a731fe943a,256,256,1419782e6733ccfab0ee353e183f529166cc81e2997cd02eb2a8c8a731fe943a,5,train
AQUA20,train,train,4604,10,rayfish,/home/tahiti/MARINE_DATASETS/AQUA20_PREPARED/images/train/10_rayfish/train_004604_163c2ac172ff.jpg,163c2ac172ffeb87fef50eccd61f973a6c3432e614ee57fb79dccb9854aaf802,256,256,163c2ac172ffeb87fef50eccd61f973a6c3432e614ee57fb79dccb9854aaf802,6,train
AQUA20,train,train,4618,10,rayfish,/home/tahiti/MARINE_DATASETS/AQUA20_PREPARED/images/train/10_rayfish/train_004618_542fb86c13ba.jpg,542fb86c13ba85d07cb522a3fa74b770ebd1c9a1abc1d7382c45a6909788c635,256,256,542fb86c13ba85d07cb522a3fa74b770ebd1c9a1abc1d7382c45a6909788c635,4,train
AQUA20,train,train,4624,10,rayfish,/home/tahiti/MARINE_DATASETS/AQUA20_PREPARED/images/train/10_rayfish/train_004624_ca668ce6e6b8.jpg,ca668ce6e6b832ee03766f20638b22cf66b79e8ce977db09060b7199ef561f15,256,256,ca668ce6e6b832ee03766f20638b22cf66b79e8ce977db09060b7199ef561f15,4,train
AQUA20,train,train,4625,10,rayfish,/home/tahiti/MARINE_DATASETS/AQUA20_PREPARED/images/train/10_rayfish/train_004625_a1121d276d67.jpg,a1121d276d676ec9bde6fa2fbb89a364898d68575e4af5b697851355f0cc1887,256,256,a1121d276d676ec9bde6fa2fbb89a364898d68575e4af5b697851355f0cc1887,5,train
AQUA20,train,train,4661,10,rayfish,/home/tahiti/MARINE_DATASETS/AQUA20_PREPARED/images/train/10_rayfish/train_004661_bd2a0aaec302.jpg,bd2a0aaec302cc1ca073e5e4ea135c4fc4881f0a875d6b178a90bd13eb91920c,256,256,bd2a0aaec302cc1ca073e5e4ea135c4fc4881f0a875d6b178a90bd13eb91920c,5,train
AQUA20,train,train,4677,10,rayfish,/home/tahiti/MARINE_DATASETS/AQUA20_PREPARED/images/train/10_rayfish/train_004677_b13d66e8d150.jpg,b13d66e8d15024a0e5fd9b4ed26ea8d2adfa664d1aa496d5c2d1dd5edf061130,256,256,b13d66e8d15024a0e5fd9b4ed26ea8d2adfa664d1aa496d5c2d1dd5edf061130,3,train
AQUA20,train,train,4690,10,rayfish,/home/tahiti/MARINE_DATASETS/AQUA20_PREPARED/images/train/10_rayfish/train_004690_c0c38f427fbc.jpg,c0c38f427fbc2de9fb60b6005a14b23160ebff4d71372b2c0cc3e338082686cb,256,256,c0c38f427fbc2de9fb60b6005a14b23160ebff4d71372b2c0cc3e338082686cb,3,train
AQUA20,train,train,4747,10,rayfish,/home/tahiti/MARINE_DATASETS/AQUA20_PREPARED/images/train/10_rayfish/train_004747_8e935775b648.jpg,8e935775b648875675f6364c55d3496853d39628f0817875e400846c7f7a5102,256,256,8e935775b648875675f6364c55d3496853d39628f0817875e400846c7f7a5102,6,train
AQUA20,train,train,4749,10,rayfish,/home/tahiti/MARINE_DATASETS/AQUA20_PREPARED/images/train/10_rayfish/train_004749_fa0c6741a78e.jpg,fa0c6741a78e2a2b9c7b6b6900ccee19a4a77742fe0fbc696e378c53a401d713,256,256,fa0c6741a78e2a2b9c7b6b6900ccee19a4a77742fe0fbc696e378c53a401d713,6,train
AQUA20,train,train,4784,10,rayfish,/home/tahiti/MARINE_DATASETS/AQUA20_PREPARED/images/train/10_rayfish/train_004784_1aa7f2ab42cc.jpg,1aa7f2ab42cc53607c38e6e2868e82fd6cec4a734dd00f82b467fae886659a58,256,256,1aa7f2ab42cc53607c38e6e2868e82fd6cec4a734dd00f82b467fae886659a58,2,train
AQUA20,train,train,4786,10,rayfish,/home/tahiti/MARINE_DATASETS/AQUA20_PREPARED/images/train/10_rayfish/train_004786_74eba55c450f.jpg,74eba55c450f50b683eabd5dec434ff34a40b551418973293d2f03f38f37602b,256,256,74eba55c450f50b683eabd5dec434ff34a40b551418973293d2f03f38f37602b,2,train
AQUA20,train,train,4802,10,rayfish,/home/tahiti/MARINE_DATASETS/AQUA20_PREPARED/images/train/10_rayfish/train_004802_f99d92ae3d8f.jpg,f99d92ae3d8f8f6f6bdb3f28c9ce747bee7729724c95404243109f02001feb8c,256,256,f99d92ae3d8f8f6f6bdb3f28c9ce747bee7729724c95404243109f02001feb8c,4,train
AQUA20,train,train,4804,10,rayfish,/home/tahiti/MARINE_DATASETS/AQUA20_PREPARED/images/train/10_rayfish/train_004804_fc6eb59b7495.jpg,fc6eb59b7495ac84af4fc97ed4f036d1c81c87cba9347c083a03843d22b31f21,256,256,fc6eb59b7495ac84af4fc97ed4f036d1c81c87cba9347c083a03843d22b31f21,6,train
AQUA20,train,train,4817,10,rayfish,/home/tahiti/MARINE_DATASETS/AQUA20_PREPARED/images/train/10_rayfish/train_004817_710802e2dc02.jpg,710802e2dc020ae1243953ea6f01a7bd18441f4736e74e9212ea5f519a0cad69,256,256,710802e2dc020ae1243953ea6f01a7bd18441f4736e74e9212ea5f519a0cad69,4,train
AQUA20,train,train,4835,10,rayfish,/home/tahiti/MARINE_DATASETS/AQUA20_PREPARED/images/train/10_rayfish/train_004835_1005b7ec2a1c.jpg,1005b7ec2a1ccb8b0d17ed8653b18ce86f561a83df3d343cd652c207bf2f29c6,256,256,1005b7ec2a1ccb8b0d17ed8653b18ce86f561a83df3d343cd652c207bf2f29c6,4,train
AQUA20,train,train,4889,11,seaAnemone,/home/tahiti/MARINE_DATASETS/AQUA20_PREPARED/images/train/11_seaAnemone/train_004889_d90a2266522e.jpg,d90a2266522eba7a13edbe776d0b6a82289dd5679e0f2ccd25c472356a79280f,320,240,d90a2266522eba7a13edbe776d0b6a82289dd5679e0f2ccd25c472356a79280f,3,train
AQUA20,train,train,4901,11,seaAnemone,/home/tahiti/MARINE_DATASETS/AQUA20_PREPARED/images/train/11_seaAnemone/train_004901_b505e905b524.jpg,b505e905b52400691ccaa71db9a9d21b9030237bcc4c371731b70eae1b15efea,256,256,b505e905b52400691ccaa71db9a9d21b9030237bcc4c371731b70eae1b15efea,6,train
AQUA20,train,train,4905,11,seaAnemone,/home/tahiti/MARINE_DATASETS/AQUA20_PREPARED/images/train/11_seaAnemone/train_004905_29168b47efc1.jpg,29168b47efc13c08cac264efdb19e234f6484d59e36eb8bd7e9964985d822885,256,256,29168b47efc13c08cac264efdb19e234f6484d59e36eb8bd7e9964985d822885,3,train
AQUA20,train,train,4911,11,seaAnemone,/home/tahiti/MARINE_DATASETS/AQUA20_PREPARED/images/train/11_seaAnemone/train_004911_89aee6ff32e1.jpg,89aee6ff32e14953058832cc5faf3be91cc170c2955253b1521bc559d14319c7,256,256,89aee6ff32e14953058832cc5faf3be91cc170c2955253b1521bc559d14319c7,2,train
AQUA20,train,train,4913,11,seaAnemone,/home/tahiti/MARINE_DATASETS/AQUA20_PREPARED/images/train/11_seaAnemone/train_004913_8445c1976e8c.jpg,8445c1976e8c5980a12f20d7fb693d8195fe9542a28423401c7ad4c138d0b7cc,256,256,8445c1976e8c5980a12f20d7fb693d8195fe9542a28423401c7ad4c138d0b7cc,6,train
AQUA20,train,train,4917,11,seaAnemone,/home/tahiti/MARINE_DATASETS/AQUA20_PREPARED/images/train/11_seaAnemone/train_004917_911255820ca3.jpg,911255820ca3470f557177c6a7ba52bb51a80abdb2b1aaed213e64b0b6324919,256,256,911255820ca3470f557177c6a7ba52bb51a80abdb2b1aaed213e64b0b6324919,3,train
AQUA20,train,train,4919,11,seaAnemone,/home/tahiti/MARINE_DATASETS/AQUA20_PREPARED/images/train/11_seaAnemone/train_004919_0d46854cd94f.jpg,0d46854cd94fc1cd73d3539139b2fc1fd09f168bab87838a43150eab517556a9,256,256,0d46854cd94fc1cd73d3539139b2fc1fd09f168bab87838a43150eab517556a9,4,train
AQUA20,train,train,4922,11,seaAnemone,/home/tahiti/MARINE_DATASETS/AQUA20_PREPARED/images/train/11_seaAnemone/train_004922_1cea299f2334.jpg,1cea299f23349c99cabedfdede9a54080e0d3608de02e331937dae42586cf123,256,256,1cea299f23349c99cabedfdede9a54080e0d3608de02e331937dae42586cf123,6,train
AQUA20,train,train,4930,11,seaAnemone,/home/tahiti/MARINE_DATASETS/AQUA20_PREPARED/images/train/11_seaAnemone/train_004930_c576aff43874.jpg,c576aff4387432b18023ab6d4af598c76c8ad738b6711337e9d739b113247b84,256,256,c576aff4387432b18023ab6d4af598c76c8ad738b6711337e9d739b113247b84,6,train
AQUA20,train,train,4936,11,seaAnemone,/home/tahiti/MARINE_DATASETS/AQUA20_PREPARED/images/train/11_seaAnemone/train_004936_1f59c638a3ba.jpg,1f59c638a3baf798825367c6267d1877804e765d8c1e2c91111d4d0567937d4d,256,256,1f59c638a3baf798825367c6267d1877804e765d8c1e2c91111d4d0567937d4d,4,train
AQUA20,train,train,4940,11,seaAnemone,/home/tahiti/MARINE_DATASETS/AQUA20_PREPARED/images/train/11_seaAnemone/train_004940_bc0563ebfbb1.jpg,bc0563ebfbb1687fb6ef4db574dfd32197ae6a7e9e5a8d2e569a446a8fa5433c,256,256,bc0563ebfbb1687fb6ef4db574dfd32197ae6a7e9e5a8d2e569a446a8fa5433c,2,train
AQUA20,train,train,4954,11,seaAnemone,/home/tahiti/MARINE_DATASETS/AQUA20_PREPARED/images/train/11_seaAnemone/train_004954_567b5946c1c8.jpg,567b5946c1c86ed062bd7033f6ebae298f7d603ab41459ef56cacd40a4bc5967,256,256,567b5946c1c86ed062bd7033f6ebae298f7d603ab41459ef56cacd40a4bc5967,4,train
AQUA20,train,train,4961,11,seaAnemone,/home/tahiti/MARINE_DATASETS/AQUA20_PREPARED/images/train/11_seaAnemone/train_004961_6870537630fd.jpg,6870537630fd9eb4071d86094b900cbf244d195623087d4393eab4d86055314e,256,256,6870537630fd9eb4071d86094b900cbf244d195623087d4393eab4d86055314e,2,train
AQUA20,train,train,4979,11,seaAnemone,/home/tahiti/MARINE_DATASETS/AQUA20_PREPARED/images/train/11_seaAnemone/train_004979_363550feb7a5.jpg,363550feb7a5a650a3a66775c691aca1a4bfcc0da571c0b774fa91a84dcfbb5f,256,256,363550feb7a5a650a3a66775c691aca1a4bfcc0da571c0b774fa91a84dcfbb5f,5,train
AQUA20,train,train,4981,11,seaAnemone,/home/tahiti/MARINE_DATASETS/AQUA20_PREPARED/images/train/11_seaAnemone/train_004981_90a00aa5dcd3.jpg,90a00aa5dcd3f26a4bfa8f78f7110d8ca30b9928dc095211d86ee75e6411dab1,256,256,90a00aa5dcd3f26a4bfa8f78f7110d8ca30b9928dc095211d86ee75e6411dab1,3,train
AQUA20,train,train,4985,11,seaAnemone,/home/tahiti/MARINE_DATASETS/AQUA20_PREPARED/images/train/11_seaAnemone/train_004985_675ffd5c4cdd.jpg,675ffd5c4cdd21dfeea1fb34adcec762cf37b5adf3d38d60b32b3cf977f7378a,256,256,675ffd5c4cdd21dfeea1fb34adcec762cf37b5adf3d38d60b32b3cf977f7378a,3,train
AQUA20,train,train,4988,11,seaAnemone,/home/tahiti/MARINE_DATASETS/AQUA20_PREPARED/images/train/11_seaAnemone/train_004988_c8fc0f081958.jpg,c8fc0f0819584f522a93f2c13e0669f463f06fb7e3019c1b3ba23e0741a7b621,256,256,c8fc0f0819584f522a93f2c13e0669f463f06fb7e3019c1b3ba23e0741a7b621,2,train
AQUA20,train,train,5030,11,seaAnemone,/home/tahiti/MARINE_DATASETS/AQUA20_PREPARED/images/train/11_seaAnemone/train_005030_90607034c3a7.jpg,90607034c3a7ae6c4876f7a1a6b76ac9d62592fd101de00337983120d437a956,256,256,90607034c3a7ae6c4876f7a1a6b76ac9d62592fd101de00337983120d437a956,6,train
AQUA20,train,train,5037,11,seaAnemone,/home/tahiti/MARINE_DATASETS/AQUA20_PREPARED/images/train/11_seaAnemone/train_005037_ab677eee54e9.jpg,ab677eee54e9338cb07666069f1f268c9bc207e1344295873a5d4ac9653c9197,256,256,ab677eee54e9338cb07666069f1f268c9bc207e1344295873a5d4ac9653c9197,3,train
AQUA20,train,train,5039,11,seaAnemone,/home/tahiti/MARINE_DATASETS/AQUA20_PREPARED/images/train/11_seaAnemone/train_005039_4111bed7d2e5.jpg,4111bed7d2e516836fa3a09fe5fec4ad8f798aec3c25c210541e0f5fe9d5067d,256,256,4111bed7d2e516836fa3a09fe5fec4ad8f798aec3c25c210541e0f5fe9d5067d,5,train
AQUA20,train,train,5042,11,seaAnemone,/home/tahiti/MARINE_DATASETS/AQUA20_PREPARED/images/train/11_seaAnemone/train_005042_a8bbe3055520.jpg,a8bbe3055520602631a75264f86c060253349b9e003e5bcc7b02f119811f94aa,256,256,a8bbe3055520602631a75264f86c060253349b9e003e5bcc7b02f119811f94aa,2,train
AQUA20,train,train,5047,11,seaAnemone,/home/tahiti/MARINE_DATASETS/AQUA20_PREPARED/images/train/11_seaAnemone/train_005047_ba044fd04dd7.jpg,ba044fd04dd7ed954a98b0f11aca528d0b7bdaad70355d82c81b9d88bea522f0,256,256,ba044fd04dd7ed954a98b0f11aca528d0b7bdaad70355d82c81b9d88bea522f0,2,train
AQUA20,train,train,5050,11,seaAnemone,/home/tahiti/MARINE_DATASETS/AQUA20_PREPARED/images/train/11_seaAnemone/train_005050_8eb7abec1075.jpg,8eb7abec107536fc276b9c3d76d37d40bf37f37089258ee477a86f13b295ed25,256,256,8eb7abec107536fc276b9c3d76d37d40bf37f37089258ee477a86f13b295ed25,3,train
AQUA20,train,train,5052,11,seaAnemone,/home/tahiti/MARINE_DATASETS/AQUA20_PREPARED/images/train/11_seaAnemone/train_005052_22a8a206867b.jpg,22a8a206867bc9cd2017740632392b6d20871f5ddd73fc0aec0725249aaa6b01,256,256,22a8a206867bc9cd2017740632392b6d20871f5ddd73fc0aec0725249aaa6b01,5,train
AQUA20,train,train,5065,11,seaAnemone,/home/tahiti/MARINE_DATASETS/AQUA20_PREPARED/images/train/11_seaAnemone/train_005065_72e194f3b3d8.jpg,72e194f3b3d800cbe9df327bf3c29fa9410a2caa19709ed056b9f87a7e5d53a3,256,256,72e194f3b3d800cbe9df327bf3c29fa9410a2caa19709ed056b9f87a7e5d53a3,3,train
AQUA20,train,train,5066,11,seaAnemone,/home/tahiti/MARINE_DATASETS/AQUA20_PREPARED/images/train/11_seaAnemone/train_005066_8aa7735681fa.jpg,8aa7735681fa8513071bdf29118a8a71042f0f61bfe65f2c9ca6379f0e75b233,256,256,8aa7735681fa8513071bdf29118a8a71042f0f61bfe65f2c9ca6379f0e75b233,5,train
AQUA20,train,train,5091,11,seaAnemone,/home/tahiti/MARINE_DATASETS/AQUA20_PREPARED/images/train/11_seaAnemone/train_005091_ab7408e76a4a.jpg,ab7408e76a4ace33ffda77a7e65f99367d2f5a56dbdac0564372772adc5a5b80,256,256,ab7408e76a4ace33ffda77a7e65f99367d2f5a56dbdac0564372772adc5a5b80,6,train
AQUA20,train,train,5126,11,seaAnemone,/home/tahiti/MARINE_DATASETS/AQUA20_PREPARED/images/train/11_seaAnemone/train_005126_0c70bca45c63.jpg,0c70bca45c6335fc41d60fc4f7f6bc3530f57883cb175067016eb3080b6b17a1,256,256,0c70bca45c6335fc41d60fc4f7f6bc3530f57883cb175067016eb3080b6b17a1,5,train
AQUA20,train,train,5167,11,seaAnemone,/home/tahiti/MARINE_DATASETS/AQUA20_PREPARED/images/train/11_seaAnemone/train_005167_53358ae485cd.jpg,53358ae485cd3a690613e4895d6c1681345669a5292bee9914cdbd831388cb43,256,256,53358ae485cd3a690613e4895d6c1681345669a5292bee9914cdbd831388cb43,2,train
AQUA20,train,train,5191,11,seaAnemone,/home/tahiti/MARINE_DATASETS/AQUA20_PREPARED/images/train/11_seaAnemone/train_005191_f36d8ebe33cd.jpg,f36d8ebe33cdc6ce77425a0084eef844918e9761460dfb1c43eb8c0f5233f57f,256,256,f36d8ebe33cdc6ce77425a0084eef844918e9761460dfb1c43eb8c0f5233f57f,4,train
AQUA20,train,train,5239,11,seaAnemone,/home/tahiti/MARINE_DATASETS/AQUA20_PREPARED/images/train/11_seaAnemone/train_005239_fdc7eb1e1c72.jpg,fdc7eb1e1c72a66937dfb9ece0927c623f1d451b0f9aded661fc2153f7b020fc,256,256,fdc7eb1e1c72a66937dfb9ece0927c623f1d451b0f9aded661fc2153f7b020fc,4,train
AQUA20,train,train,5243,11,seaAnemone,/home/tahiti/MARINE_DATASETS/AQUA20_PREPARED/images/train/11_seaAnemone/train_005243_17d93982d524.jpg,17d93982d5241d750d060eea4e3ceea895e5c175a19cde073be2e0a2051fc865,256,256,17d93982d5241d750d060eea4e3ceea895e5c175a19cde073be2e0a2051fc865,6,train
AQUA20,train,train,5271,11,seaAnemone,/home/tahiti/MARINE_DATASETS/AQUA20_PREPARED/images/train/11_seaAnemone/train_005271_c15b49cb80b0.jpg,c15b49cb80b0fe82b74838b1f677fd5dc701a7dcecb26e3fa35b038fb299f1eb,256,256,c15b49cb80b0fe82b74838b1f677fd5dc701a7dcecb26e3fa35b038fb299f1eb,6,train
AQUA20,train,train,5274,11,seaAnemone,/home/tahiti/MARINE_DATASETS/AQUA20_PREPARED/images/train/11_seaAnemone/train_005274_c7bafc95b5a0.jpg,c7bafc95b5a0d3de960041d380fa1bb866b2fe32cea6d27d83f2746cfdad3eca,256,256,c7bafc95b5a0d3de960041d380fa1bb866b2fe32cea6d27d83f2746cfdad3eca,5,train
AQUA20,train,train,5330,11,seaAnemone,/home/tahiti/MARINE_DATASETS/AQUA20_PREPARED/images/train/11_seaAnemone/train_005330_675a08aef4bf.jpg,675a08aef4bfee86f9a4bead36f0453f62a2e44921ed0123b59b02253aa56df6,256,256,675a08aef4bfee86f9a4bead36f0453f62a2e44921ed0123b59b02253aa56df6,2,train
AQUA20,train,train,5336,11,seaAnemone,/home/tahiti/MARINE_DATASETS/AQUA20_PREPARED/images/train/11_seaAnemone/train_005336_5fc52d1b529c.jpg,5fc52d1b529c6e65e17c5ab7dcf00124721cc9500fb01e1eb167604b1af02334,256,256,5fc52d1b529c6e65e17c5ab7dcf00124721cc9500fb01e1eb167604b1af02334,4,train
AQUA20,train,train,5368,11,seaAnemone,/home/tahiti/MARINE_DATASETS/AQUA20_PREPARED/images/train/11_seaAnemone/train_005368_1d7d0cf3a112.jpg,1d7d0cf3a112a2acf1f9bee28f9a2a34ac5a36540dc5e1c3c4440e0b0c591be4,256,256,1d7d0cf3a112a2acf1f9bee28f9a2a34ac5a36540dc5e1c3c4440e0b0c591be4,3,train
AQUA20,train,train,5369,11,seaAnemone,/home/tahiti/MARINE_DATASETS/AQUA20_PREPARED/images/train/11_seaAnemone/train_005369_45ec0b041b56.jpg,45ec0b041b56cc020ff43dc932d820b578f44ec6925fdfb4961a2c6091d23ff7,256,256,45ec0b041b56cc020ff43dc932d820b578f44ec6925fdfb4961a2c6091d23ff7,5,train
AQUA20,train,train,5371,11,seaAnemone,/home/tahiti/MARINE_DATASETS/AQUA20_PREPARED/images/train/11_seaAnemone/train_005371_a6c96fb7d164.jpg,a6c96fb7d164c86b5e110b25e884b8f25946c234776d29ccaa4baccbf0f752aa,256,256,a6c96fb7d164c86b5e110b25e884b8f25946c234776d29ccaa4baccbf0f752aa,2,train
AQUA20,train,train,5379,11,seaAnemone,/home/tahiti/MARINE_DATASETS/AQUA20_PREPARED/images/train/11_seaAnemone/train_005379_212c43db9b2b.jpg,212c43db9b2b766891c450f523b85b673ebc4a351152f5b7cba43a003d5e940b,256,256,212c43db9b2b766891c450f523b85b673ebc4a351152f5b7cba43a003d5e940b,5,train
AQUA20,train,train,5381,11,seaAnemone,/home/tahiti/MARINE_DATASETS/AQUA20_PREPARED/images/train/11_seaAnemone/train_005381_d272a55c597d.jpg,d272a55c597d5f91680c8e4eac86be3ae4dcc51e327937a936266c569828e612,256,256,d272a55c597d5f91680c8e4eac86be3ae4dcc51e327937a936266c569828e612,4,train
AQUA20,train,train,5382,11,seaAnemone,/home/tahiti/MARINE_DATASETS/AQUA20_PREPARED/images/train/11_seaAnemone/train_005382_a3b0715b58f2.jpg,a3b0715b58f22d5f7dd1d6181f37281e964166d20ab7a37022e93d7e6d02b51b,256,256,a3b0715b58f22d5f7dd1d6181f37281e964166d20ab7a37022e93d7e6d02b51b,4,train
AQUA20,train,train,5388,11,seaAnemone,/home/tahiti/MARINE_DATASETS/AQUA20_PREPARED/images/train/11_seaAnemone/train_005388_0c5b1e032201.jpg,0c5b1e0322012b7b03cda6ba231c3edd5ac795fb50fe6bd23d0fd08676352530,256,256,0c5b1e0322012b7b03cda6ba231c3edd5ac795fb50fe6bd23d0fd08676352530,6,train
AQUA20,train,train,5478,11,seaAnemone,/home/tahiti/MARINE_DATASETS/AQUA20_PREPARED/images/train/11_seaAnemone/train_005478_0c8e5996c5c6.jpg,0c8e5996c5c69d98b1479724c48e6a2a1efda8528342a1bd6b5ce3f4c5698031,256,256,0c8e5996c5c69d98b1479724c48e6a2a1efda8528342a1bd6b5ce3f4c5698031,5,train
AQUA20,train,train,5544,11,seaAnemone,/home/tahiti/MARINE_DATASETS/AQUA20_PREPARED/images/train/11_seaAnemone/train_005544_e59c0b967a37.jpg,e59c0b967a37c015f0b620f76c2e04229356baaa5a59685f018d5eae7dd3bb5b,256,256,e59c0b967a37c015f0b620f76c2e04229356baaa5a59685f018d5eae7dd3bb5b,5,train
AQUA20,train,train,5548,11,seaAnemone,/home/tahiti/MARINE_DATASETS/AQUA20_PREPARED/images/train/11_seaAnemone/train_005548_9f448659dbf3.jpg,9f448659dbf361e7237433e99d3670834ee833f222d577f8ce7a35b1101181e2,256,256,9f448659dbf361e7237433e99d3670834ee833f222d577f8ce7a35b1101181e2,4,train
AQUA20,train,train,5560,11,seaAnemone,/home/tahiti/MARINE_DATASETS/AQUA20_PREPARED/images/train/11_seaAnemone/train_005560_68d6f5005844.jpg,68d6f500584462e9da6c5bfca0abefdd8f8683333014b032d225090e2b8627a0,256,256,68d6f500584462e9da6c5bfca0abefdd8f8683333014b032d225090e2b8627a0,4,train
AQUA20,train,train,5619,11,seaAnemone,/home/tahiti/MARINE_DATASETS/AQUA20_PREPARED/images/train/11_seaAnemone/train_005619_db0334b450b8.jpg,db0334b450b84b8934cb96e1257b8125d5270d3fbfd1ed54c34c5c29740097e5,256,256,db0334b450b84b8934cb96e1257b8125d5270d3fbfd1ed54c34c5c29740097e5,4,train
AQUA20,train,train,5624,11,seaAnemone,/home/tahiti/MARINE_DATASETS/AQUA20_PREPARED/images/train/11_seaAnemone/train_005624_5cd6a59b51a3.jpg,5cd6a59b51a3cb53d9e985ec892565393347f24fe74e343574765de089847e67,256,256,5cd6a59b51a3cb53d9e985ec892565393347f24fe74e343574765de089847e67,4,train
AQUA20,train,train,5634,11,seaAnemone,/home/tahiti/MARINE_DATASETS/AQUA20_PREPARED/images/train/11_seaAnemone/train_005634_0e03381fe81f.jpg,0e03381fe81f36c5988ef5a7887dee9b3a3c5289a68d83642c9da680d2183c32,256,256,0e03381fe81f36c5988ef5a7887dee9b3a3c5289a68d83642c9da680d2183c32,2,train
AQUA20,train,train,5641,11,seaAnemone,/home/tahiti/MARINE_DATASETS/AQUA20_PREPARED/images/train/11_seaAnemone/train_005641_468ac22b3f64.jpg,468ac22b3f645bdde7e99de00798936a833c5481202f18ce0da473897de79066,256,256,468ac22b3f645bdde7e99de00798936a833c5481202f18ce0da473897de79066,3,train
AQUA20,train,train,5657,11,seaAnemone,/home/tahiti/MARINE_DATASETS/AQUA20_PREPARED/images/train/11_seaAnemone/train_005657_e86f922a2707.jpg,e86f922a2707ec8cdd3df4cf7ec95b833f3a703cb7bf52a4095135efa42d7b48,256,256,e86f922a2707ec8cdd3df4cf7ec95b833f3a703cb7bf52a4095135efa42d7b48,2,train
AQUA20,train,train,5671,11,seaAnemone,/home/tahiti/MARINE_DATASETS/AQUA20_PREPARED/images/train/11_seaAnemone/train_005671_28c0ec6e5949.jpg,28c0ec6e59492666ef06b178ef0c0415d42b1830255152463f2c21afcfcbf727,256,256,28c0ec6e59492666ef06b178ef0c0415d42b1830255152463f2c21afcfcbf727,4,train
AQUA20,train,train,5679,11,seaAnemone,/home/tahiti/MARINE_DATASETS/AQUA20_PREPARED/images/train/11_seaAnemone/train_005679_ff6f81ee16c9.jpg,ff6f81ee16c99e09681f951fb68c01e6745f2c83bb43de34a34acea526fd950a,256,256,ff6f81ee16c99e09681f951fb68c01e6745f2c83bb43de34a34acea526fd950a,3,train
AQUA20,train,train,5707,11,seaAnemone,/home/tahiti/MARINE_DATASETS/AQUA20_PREPARED/images/train/11_seaAnemone/train_005707_aed24c5dfd9c.jpg,aed24c5dfd9c43c305cfe71790bf5dffbc124e03b4066eb510c7cfcb15108041,256,256,aed24c5dfd9c43c305cfe71790bf5dffbc124e03b4066eb510c7cfcb15108041,2,train
AQUA20,train,train,5709,11,seaAnemone,/home/tahiti/MARINE_DATASETS/AQUA20_PREPARED/images/train/11_seaAnemone/train_005709_57cb5158afad.jpg,57cb5158afad3766d0e55b43e7563d689a474d121f2ce6caf9ec9b041b71a03c,256,256,57cb5158afad3766d0e55b43e7563d689a474d121f2ce6caf9ec9b041b71a03c,4,train
AQUA20,train,train,5716,11,seaAnemone,/home/tahiti/MARINE_DATASETS/AQUA20_PREPARED/images/train/11_seaAnemone/train_005716_ee3174bc9eb3.jpg,ee3174bc9eb3999c3b3eaa26ba6b513b381f580f54c7d66fba47f0b93522969c,256,256,ee3174bc9eb3999c3b3eaa26ba6b513b381f580f54c7d66fba47f0b93522969c,2,train
AQUA20,train,train,5726,11,seaAnemone,/home/tahiti/MARINE_DATASETS/AQUA20_PREPARED/images/train/11_seaAnemone/train_005726_ef9309df3327.jpg,ef9309df332789b25f660400d9cc549f80d5f0f0f27b672b7509727ba3ad9c11,256,256,ef9309df332789b25f660400d9cc549f80d5f0f0f27b672b7509727ba3ad9c11,2,train
AQUA20,train,train,5727,11,seaAnemone,/home/tahiti/MARINE_DATASETS/AQUA20_PREPARED/images/train/11_seaAnemone/train_005727_0fdd202af7a3.jpg,0fdd202af7a3266c82ca548066d71f7543943727d2e4c45366dbd78c14c2c169,256,256,0fdd202af7a3266c82ca548066d71f7543943727d2e4c45366dbd78c14c2c169,3,train
AQUA20,train,train,5752,12,seaCucumber,/home/tahiti/MARINE_DATASETS/AQUA20_PREPARED/images/train/12_seaCucumber/train_005752_789658d8394d.jpg,789658d8394d1f40a87e5a2accd7e04edfea1023b6ce978cb8760461e5fa69e7,256,256,789658d8394d1f40a87e5a2accd7e04edfea1023b6ce978cb8760461e5fa69e7,5,train
AQUA20,train,train,5768,12,seaCucumber,/home/tahiti/MARINE_DATASETS/AQUA20_PREPARED/images/train/12_seaCucumber/train_005768_771e5c8d6d85.jpg,771e5c8d6d851c261e8dba6e26124b9b0f9f3f89e9123318a0a38748bbca3f8f,256,256,771e5c8d6d851c261e8dba6e26124b9b0f9f3f89e9123318a0a38748bbca3f8f,6,train
AQUA20,train,train,5777,12,seaCucumber,/home/tahiti/MARINE_DATASETS/AQUA20_PREPARED/images/train/12_seaCucumber/train_005777_24c4c6e39c4e.jpg,24c4c6e39c4e9d21e638c732c0b0204b4749accb7ef5d778952ce10ed30c0a6b,256,256,24c4c6e39c4e9d21e638c732c0b0204b4749accb7ef5d778952ce10ed30c0a6b,3,train
AQUA20,train,train,5832,13,seaSlug,/home/tahiti/MARINE_DATASETS/AQUA20_PREPARED/images/train/13_seaSlug/train_005832_6ebe7180ea71.jpg,6ebe7180ea714c9fac175e45771e7d8591f2a28a7e9d330807625ac426594255,256,256,6ebe7180ea714c9fac175e45771e7d8591f2a28a7e9d330807625ac426594255,3,train
AQUA20,train,train,5844,13,seaSlug,/home/tahiti/MARINE_DATASETS/AQUA20_PREPARED/images/train/13_seaSlug/train_005844_104065dfa246.jpg,104065dfa24651fc872df49dd05433699ce451331848a3be8f4b3e56f5a3fa0d,256,256,104065dfa24651fc872df49dd05433699ce451331848a3be8f4b3e56f5a3fa0d,5,train
AQUA20,train,train,5845,13,seaSlug,/home/tahiti/MARINE_DATASETS/AQUA20_PREPARED/images/train/13_seaSlug/train_005845_152e2cc696d7.jpg,152e2cc696d758015fe2c152b24b84c4fed39c3a7dbeda615517c02abac73ece,256,256,152e2cc696d758015fe2c152b24b84c4fed39c3a7dbeda615517c02abac73ece,4,train
AQUA20,train,train,5846,13,seaSlug,/home/tahiti/MARINE_DATASETS/AQUA20_PREPARED/images/train/13_seaSlug/train_005846_5800de42a0c2.jpg,5800de42a0c22ed8c7086e349f6ee37bb4f3ae868080a90d7527dffcc75e09fa,256,256,5800de42a0c22ed8c7086e349f6ee37bb4f3ae868080a90d7527dffcc75e09fa,5,train
AQUA20,train,train,5872,14,seaUrchin,/home/tahiti/MARINE_DATASETS/AQUA20_PREPARED/images/train/14_seaUrchin/train_005872_cd4c2aec4032.jpg,cd4c2aec403299b5fa7d70021f29932ef482cd5cb2d9205fd74e8a7e24f58920,256,256,cd4c2aec403299b5fa7d70021f29932ef482cd5cb2d9205fd74e8a7e24f58920,3,train
AQUA20,train,train,5890,14,seaUrchin,/home/tahiti/MARINE_DATASETS/AQUA20_PREPARED/images/train/14_seaUrchin/train_005890_02fd289eea06.jpg,02fd289eea066098d26722014d7b160e6682579a3cb98bc133aa711cdbd9ab70,256,256,02fd289eea066098d26722014d7b160e6682579a3cb98bc133aa711cdbd9ab70,6,train
AQUA20,train,train,5891,14,seaUrchin,/home/tahiti/MARINE_DATASETS/AQUA20_PREPARED/images/train/14_seaUrchin/train_005891_98fee894f3a0.jpg,98fee894f3a0dba183578b88b74f2788745a2ee07359fd2c7cef025776402199,256,256,98fee894f3a0dba183578b88b74f2788745a2ee07359fd2c7cef025776402199,3,train
AQUA20,train,train,5899,14,seaUrchin,/home/tahiti/MARINE_DATASETS/AQUA20_PREPARED/images/train/14_seaUrchin/train_005899_464c86563536.jpg,464c86563536f1365052cb6bca4566c0b42f155666b2c4233a19455c11fc2b56,256,256,464c86563536f1365052cb6bca4566c0b42f155666b2c4233a19455c11fc2b56,2,train
AQUA20,train,train,5912,14,seaUrchin,/home/tahiti/MARINE_DATASETS/AQUA20_PREPARED/images/train/14_seaUrchin/train_005912_50104a063352.jpg,50104a0633528b3a87b247c1706c778429497035abc781ca575fdd14a4addec5,256,256,50104a0633528b3a87b247c1706c778429497035abc781ca575fdd14a4addec5,3,train
AQUA20,train,train,5918,14,seaUrchin,/home/tahiti/MARINE_DATASETS/AQUA20_PREPARED/images/train/14_seaUrchin/train_005918_73bcdd7be36f.jpg,73bcdd7be36f3b87c99b869d543cb31aaed1135f7620ee223624ab2c1ce48980,256,256,73bcdd7be36f3b87c99b869d543cb31aaed1135f7620ee223624ab2c1ce48980,3,train
AQUA20,train,train,5919,14,seaUrchin,/home/tahiti/MARINE_DATASETS/AQUA20_PREPARED/images/train/14_seaUrchin/train_005919_342ab00d7bc9.jpg,342ab00d7bc9d5cd450e148ae08b733756a9df1efa8e0cae8b2f8005f30e7428,256,256,342ab00d7bc9d5cd450e148ae08b733756a9df1efa8e0cae8b2f8005f30e7428,2,train
AQUA20,train,train,5938,14,seaUrchin,/home/tahiti/MARINE_DATASETS/AQUA20_PREPARED/images/train/14_seaUrchin/train_005938_a82a6c0b0610.jpg,a82a6c0b0610ea11baadc3a5f9a655d60d6269bbca0acfbf5edc3273d1e34ccc,256,256,a82a6c0b0610ea11baadc3a5f9a655d60d6269bbca0acfbf5edc3273d1e34ccc,4,train
AQUA20,train,train,5975,14,seaUrchin,/home/tahiti/MARINE_DATASETS/AQUA20_PREPARED/images/train/14_seaUrchin/train_005975_9bbf0e210bcc.jpg,9bbf0e210bcc11a9d806f1bf1e6e8454c894f485d12a1416a2affaf27f46a66a,256,256,9bbf0e210bcc11a9d806f1bf1e6e8454c894f485d12a1416a2affaf27f46a66a,2,train
AQUA20,train,train,5976,15,shark,/home/tahiti/MARINE_DATASETS/AQUA20_PREPARED/images/train/15_shark/train_005976_b2175a54d104.jpg,b2175a54d1049512011a9bb29dd6542f522ff7ec8d0cf98046c32414a1980164,256,256,b2175a54d1049512011a9bb29dd6542f522ff7ec8d0cf98046c32414a1980164,6,train
AQUA20,train,train,5988,15,shark,/home/tahiti/MARINE_DATASETS/AQUA20_PREPARED/images/train/15_shark/train_005988_627e84aa992e.jpg,627e84aa992e686dd21d53c278918b5130c13cd421b8636625d65684d030b46b,256,256,627e84aa992e686dd21d53c278918b5130c13cd421b8636625d65684d030b46b,4,train
AQUA20,train,train,5994,15,shark,/home/tahiti/MARINE_DATASETS/AQUA20_PREPARED/images/train/15_shark/train_005994_4ffb3d5e3ac5.jpg,4ffb3d5e3ac55637a30ff704350e30036240e5b4347d93bdfacedb0e4f1cbac4,256,256,4ffb3d5e3ac55637a30ff704350e30036240e5b4347d93bdfacedb0e4f1cbac4,3,train
AQUA20,train,train,6016,15,shark,/home/tahiti/MARINE_DATASETS/AQUA20_PREPARED/images/train/15_shark/train_006016_ae674e9047ad.jpg,ae674e9047ad9a85a6d32fa1bf827ae988abf388db169df063cdcd98117eed55,256,256,ae674e9047ad9a85a6d32fa1bf827ae988abf388db169df063cdcd98117eed55,2,train
AQUA20,train,train,6022,15,shark,/home/tahiti/MARINE_DATASETS/AQUA20_PREPARED/images/train/15_shark/train_006022_cdbcd7a27906.jpg,cdbcd7a279069e89d69e9e3eb09283868dcd4e7e2fe8e458abf273c92799729c,256,256,cdbcd7a279069e89d69e9e3eb09283868dcd4e7e2fe8e458abf273c92799729c,5,train
AQUA20,train,train,6042,15,shark,/home/tahiti/MARINE_DATASETS/AQUA20_PREPARED/images/train/15_shark/train_006042_a8b492a7f5fd.jpg,a8b492a7f5fd577b56351a9df81c3d820a1eb905227eee6974e37506913215d1,256,256,a8b492a7f5fd577b56351a9df81c3d820a1eb905227eee6974e37506913215d1,5,train
AQUA20,train,train,6054,16,shrimp,/home/tahiti/MARINE_DATASETS/AQUA20_PREPARED/images/train/16_shrimp/train_006054_fd1734920ca9.jpg,fd1734920ca9c699c5c7b7030f027693c014c2f9ec9f481026720475143e6941,258,195,fd1734920ca9c699c5c7b7030f027693c014c2f9ec9f481026720475143e6941,4,train
AQUA20,train,train,6070,17,squid,/home/tahiti/MARINE_DATASETS/AQUA20_PREPARED/images/train/17_squid/train_006070_b2d1317b66f5.jpg,b2d1317b66f5b0851c671a8b87afde2940810d4457934cce75e26320b7bacca8,3966,2644,b2d1317b66f5b0851c671a8b87afde2940810d4457934cce75e26320b7bacca8,4,train
AQUA20,train,train,6086,17,squid,/home/tahiti/MARINE_DATASETS/AQUA20_PREPARED/images/train/17_squid/train_006086_7325ef44b53e.jpg,7325ef44b53e035f080c9f9b74bb411a09a144a9ee18f92c1f883ba999191ef0,1899,1266,7325ef44b53e035f080c9f9b74bb411a09a144a9ee18f92c1f883ba999191ef0,4,train
AQUA20,train,train,6087,17,squid,/home/tahiti/MARINE_DATASETS/AQUA20_PREPARED/images/train/17_squid/train_006087_3f46ef085983.jpg,3f46ef085983fcf24f1ca238088306c596fe24135159c6db405675f27cd24ee1,1641,1094,3f46ef085983fcf24f1ca238088306c596fe24135159c6db405675f27cd24ee1,5,train
AQUA20,train,train,6106,18,starfish,/home/tahiti/MARINE_DATASETS/AQUA20_PREPARED/images/train/18_starfish/train_006106_fc2272b19a78.jpg,fc2272b19a7853af29393add777ceb5896aaeb614584786690cf4fd4ef1b9fa4,256,256,fc2272b19a7853af29393add777ceb5896aaeb614584786690cf4fd4ef1b9fa4,2,train
AQUA20,train,train,6123,18,starfish,/home/tahiti/MARINE_DATASETS/AQUA20_PREPARED/images/train/18_starfish/train_006123_dea5d4ef7322.jpg,dea5d4ef73226dd47ec7e7d833de23619c0978baa9324189d0a2dca524170852,256,256,dea5d4ef73226dd47ec7e7d833de23619c0978baa9324189d0a2dca524170852,4,train
AQUA20,train,train,6131,18,starfish,/home/tahiti/MARINE_DATASETS/AQUA20_PREPARED/images/train/18_starfish/train_006131_f0a710bf2830.jpg,f0a710bf2830e60b56d928455ece8e26eb04e8de585eafa8a5e0d1b47c5cde39,256,256,f0a710bf2830e60b56d928455ece8e26eb04e8de585eafa8a5e0d1b47c5cde39,6,train
AQUA20,train,train,6153,18,starfish,/home/tahiti/MARINE_DATASETS/AQUA20_PREPARED/images/train/18_starfish/train_006153_6fb1f7907a09.jpg,6fb1f7907a09338a8173b0ca61e3904861adb8ea3988569c6850e4c090dfcebc,256,256,6fb1f7907a09338a8173b0ca61e3904861adb8ea3988569c6850e4c090dfcebc,5,train
AQUA20,train,train,6180,18,starfish,/home/tahiti/MARINE_DATASETS/AQUA20_PREPARED/images/train/18_starfish/train_006180_22e5ee837ae5.jpg,22e5ee837ae5f92ea195de5819f7aa87d046adcf000b71506d69010c5f91359f,256,256,22e5ee837ae5f92ea195de5819f7aa87d046adcf000b71506d69010c5f91359f,2,train
AQUA20,train,train,6193,18,starfish,/home/tahiti/MARINE_DATASETS/AQUA20_PREPARED/images/train/18_starfish/train_006193_2b321e41d77c.jpg,2b321e41d77c9152909ac132d58bace3a49a3903f97191478ca16614bbf60c78,256,256,2b321e41d77c9152909ac132d58bace3a49a3903f97191478ca16614bbf60c78,3,train
AQUA20,train,train,6196,18,starfish,/home/tahiti/MARINE_DATASETS/AQUA20_PREPARED/images/train/18_starfish/train_006196_74778c5d8161.jpg,74778c5d8161922ca946fa54f8b4f86ecea8d8d87bfebddee0d48eea0f6643b7,256,256,74778c5d8161922ca946fa54f8b4f86ecea8d8d87bfebddee0d48eea0f6643b7,2,train
AQUA20,train,train,6210,18,starfish,/home/tahiti/MARINE_DATASETS/AQUA20_PREPARED/images/train/18_starfish/train_006210_f96f21a6cc75.jpg,f96f21a6cc75dd1379651632090b245618736c7fd2263747dad6a2c585fb32fc,256,256,f96f21a6cc75dd1379651632090b245618736c7fd2263747dad6a2c585fb32fc,6,train
AQUA20,train,train,6223,18,starfish,/home/tahiti/MARINE_DATASETS/AQUA20_PREPARED/images/train/18_starfish/train_006223_5855e6547ad0.jpg,5855e6547ad05e983de544e56f792c0b992843abade623b8201e72175779a295,256,256,5855e6547ad05e983de544e56f792c0b992843abade623b8201e72175779a295,2,train
AQUA20,train,train,6224,18,starfish,/home/tahiti/MARINE_DATASETS/AQUA20_PREPARED/images/train/18_starfish/train_006224_cb660e2f0fc5.jpg,cb660e2f0fc5a50af74a87bc28365e4fc08055d5489e9d0b96427b9897efc1f8,256,256,cb660e2f0fc5a50af74a87bc28365e4fc08055d5489e9d0b96427b9897efc1f8,5,train
AQUA20,train,train,6227,18,starfish,/home/tahiti/MARINE_DATASETS/AQUA20_PREPARED/images/train/18_starfish/train_006227_0ab4f50f3894.jpg,0ab4f50f389487563168c92a5b463a76a1cecbd20e9e7a271cadc5aa1dda8b6d,256,256,0ab4f50f389487563168c92a5b463a76a1cecbd20e9e7a271cadc5aa1dda8b6d,2,train
AQUA20,train,train,6236,18,starfish,/home/tahiti/MARINE_DATASETS/AQUA20_PREPARED/images/train/18_starfish/train_006236_cfce78df2a05.jpg,cfce78df2a053604f921a5984fda0a2002af6db1f4af69cf84282fd9d2c2f375,256,256,cfce78df2a053604f921a5984fda0a2002af6db1f4af69cf84282fd9d2c2f375,6,train
AQUA20,train,train,6255,18,starfish,/home/tahiti/MARINE_DATASETS/AQUA20_PREPARED/images/train/18_starfish/train_006255_7f18e246e25c.jpg,7f18e246e25c543c357133660a8bcac08bb0c9891c1ec1ced900222a5132c6a7,256,256,7f18e246e25c543c357133660a8bcac08bb0c9891c1ec1ced900222a5132c6a7,6,train
AQUA20,train,train,6261,19,turtle,/home/tahiti/MARINE_DATASETS/AQUA20_PREPARED/images/train/19_turtle/train_006261_ac8193ef8915.jpg,ac8193ef89154fe9f22d139e789841a0b04bc1c81a61713a0724e313e9543575,256,256,ac8193ef89154fe9f22d139e789841a0b04bc1c81a61713a0724e313e9543575,3,train
AQUA20,train,train,6274,19,turtle,/home/tahiti/MARINE_DATASETS/AQUA20_PREPARED/images/train/19_turtle/train_006274_74d4d66e24c2.jpg,74d4d66e24c2924599f27d1d14475a86592e5cb788d67ead084cb80d24b3524a,256,256,74d4d66e24c2924599f27d1d14475a86592e5cb788d67ead084cb80d24b3524a,2,train
AQUA20,train,train,6300,19,turtle,/home/tahiti/MARINE_DATASETS/AQUA20_PREPARED/images/train/19_turtle/train_006300_b209539485a1.jpg,b209539485a1ff5f6e22ce154496edac2359041dd9b3092b9d5a1727e7c0b8f0,320,240,b209539485a1ff5f6e22ce154496edac2359041dd9b3092b9d5a1727e7c0b8f0,2,train
AQUA20,train,train,6330,19,turtle,/home/tahiti/MARINE_DATASETS/AQUA20_PREPARED/images/train/19_turtle/train_006330_6c71d248c9f5.jpg,6c71d248c9f5636ba5222f2cf6688072d77a8b458039e355c95d66f67a827743,320,240,6c71d248c9f5636ba5222f2cf6688072d77a8b458039e355c95d66f67a827743,3,train
AQUA20,train,train,6332,19,turtle,/home/tahiti/MARINE_DATASETS/AQUA20_PREPARED/images/train/19_turtle/train_006332_051af14d6646.jpg,051af14d66462757db14160c35758fddd259b97c38fbc6393e5ccb8860ad8369,320,240,051af14d66462757db14160c35758fddd259b97c38fbc6393e5ccb8860ad8369,3,train
AQUA20,train,train,6410,19,turtle,/home/tahiti/MARINE_DATASETS/AQUA20_PREPARED/images/train/19_turtle/train_006410_a450f846f144.jpg,a450f846f14445f803ebab36487cf412dd2f67ea91e59d1bbd65f0dfa0995253,256,256,a450f846f14445f803ebab36487cf412dd2f67ea91e59d1bbd65f0dfa0995253,2,train
AQUA20,train,train,6411,19,turtle,/home/tahiti/MARINE_DATASETS/AQUA20_PREPARED/images/train/19_turtle/train_006411_38444a3d268b.jpg,38444a3d268b58d3923b283dd1c1967fed1d0489eb1d5c85bd9d420ccfd65252,256,256,38444a3d268b58d3923b283dd1c1967fed1d0489eb1d5c85bd9d420ccfd65252,3,train
AQUA20,train,train,6430,19,turtle,/home/tahiti/MARINE_DATASETS/AQUA20_PREPARED/images/train/19_turtle/train_006430_8809970c6f4f.jpg,8809970c6f4febf10efe2ed5c92ec9e2b4e035418125a52e85a3bed7039b651d,256,256,8809970c6f4febf10efe2ed5c92ec9e2b4e035418125a52e85a3bed7039b651d,4,train
AQUA20,train,train,6462,19,turtle,/home/tahiti/MARINE_DATASETS/AQUA20_PREPARED/images/train/19_turtle/train_006462_c3c1bec1e463.jpg,c3c1bec1e463c93bdb3c23057d82add637f607f26f3dbe740070d995b8ed8450,256,256,c3c1bec1e463c93bdb3c23057d82add637f607f26f3dbe740070d995b8ed8450,6,train
AQUA20,train,train,6473,19,turtle,/home/tahiti/MARINE_DATASETS/AQUA20_PREPARED/images/train/19_turtle/train_006473_aea90a654c92.jpg,aea90a654c929718e0c54d1357440254ed02b64c6b901631285573afc9df36da,256,256,aea90a654c929718e0c54d1357440254ed02b64c6b901631285573afc9df36da,5,train
AQUA20,train,train,6500,19,turtle,/home/tahiti/MARINE_DATASETS/AQUA20_PREPARED/images/train/19_turtle/train_006500_7aed6fca949f.jpg,7aed6fca949f5aec635e6f911382d87eb0e9c04be6ebf33e7ee7f62a6e3e8ae8,256,256,7aed6fca949f5aec635e6f911382d87eb0e9c04be6ebf33e7ee7f62a6e3e8ae8,6,train
AQUA20,train,train,6523,19,turtle,/home/tahiti/MARINE_DATASETS/AQUA20_PREPARED/images/train/19_turtle/train_006523_d3582237622f.jpg,d3582237622f3edf8b9ea67aaf2d0d262708c3e1962fcbb76c0cea885b41457a,256,256,d3582237622f3edf8b9ea67aaf2d0d262708c3e1962fcbb76c0cea885b41457a,4,train
AQUA20,val,train,39,0,coral,/home/tahiti/MARINE_DATASETS/AQUA20_PREPARED/images/val/00_coral/train_000039_4a261c3ab855.jpg,4a261c3ab8556610472a2f6b8121414dac88502444adc237819addfafaba2843,256,256,4a261c3ab8556610472a2f6b8121414dac88502444adc237819addfafaba2843,4,train
AQUA20,val,train,58,0,coral,/home/tahiti/MARINE_DATASETS/AQUA20_PREPARED/images/val/00_coral/train_000058_aaa251836fbb.jpg,aaa251836fbb3afa49036bc6d90ea00ce3cada4288155676ecccf5cc348ca8bc,256,256,aaa251836fbb3afa49036bc6d90ea00ce3cada4288155676ecccf5cc348ca8bc,4,train
AQUA20,val,train,296,0,coral,/home/tahiti/MARINE_DATASETS/AQUA20_PREPARED/images/val/00_coral/train_000296_3026c0902c9b.jpg,3026c0902c9b9a250a1467833528b6f0831d5d35e081f5543ca7a0e5d28abafc,256,256,3026c0902c9b9a250a1467833528b6f0831d5d35e081f5543ca7a0e5d28abafc,3,train
AQUA20,val,train,432,0,coral,/home/tahiti/MARINE_DATASETS/AQUA20_PREPARED/images/val/00_coral/train_000432_5b8936d54346.jpg,5b8936d54346b1a59c8336c6a3aa995ce52c558fab5e82df7b2fc17900cc1e62,256,256,5b8936d54346b1a59c8336c6a3aa995ce52c558fab5e82df7b2fc17900cc1e62,2,train
AQUA20,val,train,576,0,coral,/home/tahiti/MARINE_DATASETS/AQUA20_PREPARED/images/val/00_coral/train_000576_2fba5d92dec7.jpg,2fba5d92dec72ab9e779481fd9da84cc272c885147334210f4d230721773d9ae,256,256,2fba5d92dec72ab9e779481fd9da84cc272c885147334210f4d230721773d9ae,2,train
AQUA20,val,train,608,0,coral,/home/tahiti/MARINE_DATASETS/AQUA20_PREPARED/images/val/00_coral/train_000608_fbfb9e70ae8b.jpg,fbfb9e70ae8b5d6223c2c82fd4bd1c736b6f47386a6a3db83bc7cd0b444317e0,256,256,fbfb9e70ae8b5d6223c2c82fd4bd1c736b6f47386a6a3db83bc7cd0b444317e0,4,train
AQUA20,val,train,673,0,coral,/home/tahiti/MARINE_DATASETS/AQUA20_PREPARED/images/val/00_coral/train_000673_959373c125f4.jpg,959373c125f4e28924dc1d9489c167d7655d93fef609eaa2d677e5b973271b73,256,256,959373c125f4e28924dc1d9489c167d7655d93fef609eaa2d677e5b973271b73,4,train
AQUA20,val,train,720,0,coral,/home/tahiti/MARINE_DATASETS/AQUA20_PREPARED/images/val/00_coral/train_000720_343b5b61ff29.jpg,343b5b61ff29e460c86796ac6bd007d5aa4e34f16404a4b5310435c178dc79b4,256,256,343b5b61ff29e460c86796ac6bd007d5aa4e34f16404a4b5310435c178dc79b4,5,train
AQUA20,val,train,766,0,coral,/home/tahiti/MARINE_DATASETS/AQUA20_PREPARED/images/val/00_coral/train_000766_b5e01cbf5894.jpg,b5e01cbf589449943fe4f51b025feeef9a6abe2ec244bb769258a417f4e5d756,256,256,b5e01cbf589449943fe4f51b025feeef9a6abe2ec244bb769258a417f4e5d756,6,train
AQUA20,val,train,983,0,coral,/home/tahiti/MARINE_DATASETS/AQUA20_PREPARED/images/val/00_coral/train_000983_1ccad1b1461c.jpg,1ccad1b1461c752e6ac706f90e6facca3f79806b4a9723ab95b31bbc39a63970,320,240,1ccad1b1461c752e6ac706f90e6facca3f79806b4a9723ab95b31bbc39a63970,2,train
AQUA20,val,train,1003,0,coral,/home/tahiti/MARINE_DATASETS/AQUA20_PREPARED/images/val/00_coral/train_001003_cbfe3563c942.jpg,cbfe3563c9425134ee51219f28ba90e6816741e2a856c382f6967d8a0fb97d89,320,240,cbfe3563c9425134ee51219f28ba90e6816741e2a856c382f6967d8a0fb97d89,2,train
AQUA20,val,train,1034,0,coral,/home/tahiti/MARINE_DATASETS/AQUA20_PREPARED/images/val/00_coral/train_001034_f4b5e2173832.jpg,f4b5e21738323eecc1b5465b59e1f34c10425dc41f31b4f45d9971d27343d099,320,240,f4b5e21738323eecc1b5465b59e1f34c10425dc41f31b4f45d9971d27343d099,3,train
AQUA20,val,train,1038,0,coral,/home/tahiti/MARINE_DATASETS/AQUA20_PREPARED/images/val/00_coral/train_001038_d740e60e18fc.jpg,d740e60e18fc481739de6a7ed00a46ae1043ffb3258a8e61ffc145f9834b802e,320,240,d740e60e18fc481739de6a7ed00a46ae1043ffb3258a8e61ffc145f9834b802e,6,train
AQUA20,val,train,1295,0,coral,/home/tahiti/MARINE_DATASETS/AQUA20_PREPARED/images/val/00_coral/train_001295_3291ca20f55e.jpg,3291ca20f55efeecfcbf880a01c4548ebfd110a16ab81d849b53f77d767a7e40,320,240,3291ca20f55efeecfcbf880a01c4548ebfd110a16ab81d849b53f77d767a7e40,2,train
AQUA20,val,train,1378,0,coral,/home/tahiti/MARINE_DATASETS/AQUA20_PREPARED/images/val/00_coral/train_001378_b19a6bf377a5.jpg,b19a6bf377a5afca13655916b3b4d7a442741dc4245dc34763f963c33a13c8df,320,240,b19a6bf377a5afca13655916b3b4d7a442741dc4245dc34763f963c33a13c8df,2,train
AQUA20,val,train,1433,0,coral,/home/tahiti/MARINE_DATASETS/AQUA20_PREPARED/images/val/00_coral/train_001433_8dfcf81bbfb1.jpg,8dfcf81bbfb1acd5c4084276aab9583eea08c675a4e089866b90ffe1de890db2,320,240,8dfcf81bbfb1acd5c4084276aab9583eea08c675a4e089866b90ffe1de890db2,5,train
AQUA20,val,train,1535,0,coral,/home/tahiti/MARINE_DATASETS/AQUA20_PREPARED/images/val/00_coral/train_001535_f418ebe28b12.jpg,f418ebe28b12e632f6290624ad0e6c93cc861c0b798426c685d6c1bb7fb8060a,320,240,f418ebe28b12e632f6290624ad0e6c93cc861c0b798426c685d6c1bb7fb8060a,3,train
AQUA20,val,train,1868,4,fish,/home/tahiti/MARINE_DATASETS/AQUA20_PREPARED/images/val/04_fish/train_001868_8ce06f2c3cb7.jpg,8ce06f2c3cb7abedbd50c0dd76c9ce86982affd69380cd79b835b05576c24d26,320,240,8ce06f2c3cb7abedbd50c0dd76c9ce86982affd69380cd79b835b05576c24d26,4,train
AQUA20,val,train,1880,4,fish,/home/tahiti/MARINE_DATASETS/AQUA20_PREPARED/images/val/04_fish/train_001880_a0387323d4b7.jpg,a0387323d4b7a3ec7436e77bcee8bf2dfe8c7e82a37da80a2d164debcc2598d6,320,240,a0387323d4b7a3ec7436e77bcee8bf2dfe8c7e82a37da80a2d164debcc2598d6,5,train
AQUA20,val,train,1967,4,fish,/home/tahiti/MARINE_DATASETS/AQUA20_PREPARED/images/val/04_fish/train_001967_15350e6daed1.jpg,15350e6daed12b0c79c2dd6b74ef00bd762a69047c059604dc82b0ac5096470b,320,240,15350e6daed12b0c79c2dd6b74ef00bd762a69047c059604dc82b0ac5096470b,5,train
AQUA20,val,train,2154,4,fish,/home/tahiti/MARINE_DATASETS/AQUA20_PREPARED/images/val/04_fish/train_002154_7fee4ea5863f.jpg,7fee4ea5863f72f3b0faf54f8a1281102e58a507459d006ffd8653cd825027bf,256,256,7fee4ea5863f72f3b0faf54f8a1281102e58a507459d006ffd8653cd825027bf,6,train
AQUA20,val,train,2216,4,fish,/home/tahiti/MARINE_DATASETS/AQUA20_PREPARED/images/val/04_fish/train_002216_a04196648783.jpg,a04196648783dcb3def2f20907ba75e62f296ffc22743d372201baf006b59e40,256,256,a04196648783dcb3def2f20907ba75e62f296ffc22743d372201baf006b59e40,2,train
AQUA20,val,train,2274,4,fish,/home/tahiti/MARINE_DATASETS/AQUA20_PREPARED/images/val/04_fish/train_002274_6e5e4c35ee07.jpg,6e5e4c35ee0738232a730111c6ff20c7d418fa299fd2fd7edd10528453e64446,256,256,6e5e4c35ee0738232a730111c6ff20c7d418fa299fd2fd7edd10528453e64446,2,train
AQUA20,val,train,2331,4,fish,/home/tahiti/MARINE_DATASETS/AQUA20_PREPARED/images/val/04_fish/train_002331_4d88eed9bb3e.jpg,4d88eed9bb3ed9ee3750d6e2f8532ea29838aec583e1b031406748e43a786506,256,256,4d88eed9bb3ed9ee3750d6e2f8532ea29838aec583e1b031406748e43a786506,4,train
AQUA20,val,train,2612,4,fish,/home/tahiti/MARINE_DATASETS/AQUA20_PREPARED/images/val/04_fish/train_002612_00d512c57378.jpg,00d512c573789d48e99b2e203541aae88054fd2c317ba45747bcebe9625bab1c,256,256,00d512c573789d48e99b2e203541aae88054fd2c317ba45747bcebe9625bab1c,6,train
AQUA20,val,train,2708,4,fish,/home/tahiti/MARINE_DATASETS/AQUA20_PREPARED/images/val/04_fish/train_002708_50a77a28ace6.jpg,50a77a28ace611707a43776cb29d59fdd50584e92c19293f9af67298defdb6e7,256,256,50a77a28ace611707a43776cb29d59fdd50584e92c19293f9af67298defdb6e7,4,train
AQUA20,val,train,2911,4,fish,/home/tahiti/MARINE_DATASETS/AQUA20_PREPARED/images/val/04_fish/train_002911_016051008030.jpg,0160510080302ceff6e7cb1509e59768359c9157fdf945363bf0df5d5bfc2543,256,256,0160510080302ceff6e7cb1509e59768359c9157fdf945363bf0df5d5bfc2543,3,train
AQUA20,val,train,2914,4,fish,/home/tahiti/MARINE_DATASETS/AQUA20_PREPARED/images/val/04_fish/train_002914_89e8a17d0998.jpg,89e8a17d0998087f0f99f1cff8622a00653b116cf42310a0ab01b48942397d32,256,256,89e8a17d0998087f0f99f1cff8622a00653b116cf42310a0ab01b48942397d32,4,train
AQUA20,val,train,2920,4,fish,/home/tahiti/MARINE_DATASETS/AQUA20_PREPARED/images/val/04_fish/train_002920_58e8da093640.jpg,58e8da093640662dc2dadcc2a09a56b46abddfab6798ef9c0cdbcca1edbc6486,256,256,58e8da093640662dc2dadcc2a09a56b46abddfab6798ef9c0cdbcca1edbc6486,5,train
AQUA20,val,train,2924,4,fish,/home/tahiti/MARINE_DATASETS/AQUA20_PREPARED/images/val/04_fish/train_002924_40bf0a31495a.jpg,40bf0a31495a2d1c6a9db2ef03b34f3042dbbcfa0e2e4771afa445f15bb6f2cc,256,256,40bf0a31495a2d1c6a9db2ef03b34f3042dbbcfa0e2e4771afa445f15bb6f2cc,2,train
AQUA20,val,train,3009,4,fish,/home/tahiti/MARINE_DATASETS/AQUA20_PREPARED/images/val/04_fish/train_003009_2f5ee200fb57.jpg,2f5ee200fb571a70386f17b0f3da11d404bef114f534277703c0c9f9a7ad9049,256,256,2f5ee200fb571a70386f17b0f3da11d404bef114f534277703c0c9f9a7ad9049,5,train
AQUA20,val,train,3033,4,fish,/home/tahiti/MARINE_DATASETS/AQUA20_PREPARED/images/val/04_fish/train_003033_c096f6f6d7ef.jpg,c096f6f6d7efdf2ebc4ece45b18066e062ff49e6f8526065bb2641e7e2c79063,256,256,c096f6f6d7efdf2ebc4ece45b18066e062ff49e6f8526065bb2641e7e2c79063,5,train
AQUA20,val,train,3199,4,fish,/home/tahiti/MARINE_DATASETS/AQUA20_PREPARED/images/val/04_fish/train_003199_b85c38cabb13.jpg,b85c38cabb13ba9bfe23766dc3735007715d648dda7061ca2f23df7fcaf33474,256,256,b85c38cabb13ba9bfe23766dc3735007715d648dda7061ca2f23df7fcaf33474,5,train
AQUA20,val,train,3421,4,fish,/home/tahiti/MARINE_DATASETS/AQUA20_PREPARED/images/val/04_fish/train_003421_29c289cdb862.jpg,29c289cdb862d8e2a8e306605e3582030b36e8944fe5f8c6cae46506c0ce9bcd,256,256,29c289cdb862d8e2a8e306605e3582030b36e8944fe5f8c6cae46506c0ce9bcd,2,train
AQUA20,val,train,3505,4,fish,/home/tahiti/MARINE_DATASETS/AQUA20_PREPARED/images/val/04_fish/train_003505_f93e742abb05.jpg,f93e742abb0515cbb9adafcd885e483c26b9797a33b83f8d3110283c2af023e7,256,256,f93e742abb0515cbb9adafcd885e483c26b9797a33b83f8d3110283c2af023e7,4,train
AQUA20,val,train,3519,4,fish,/home/tahiti/MARINE_DATASETS/AQUA20_PREPARED/images/val/04_fish/train_003519_8a16eb5b2e99.jpg,8a16eb5b2e9934af2dd4e6c872c6afea743e8007bf9239d35061fec40f98b726,256,256,8a16eb5b2e9934af2dd4e6c872c6afea743e8007bf9239d35061fec40f98b726,5,train
AQUA20,val,train,3600,4,fish,/home/tahiti/MARINE_DATASETS/AQUA20_PREPARED/images/val/04_fish/train_003600_619e4d107117.jpg,619e4d107117c032ea2a0dc0e2cd8b1151ded957121c852319bccca570d3a669,256,256,619e4d107117c032ea2a0dc0e2cd8b1151ded957121c852319bccca570d3a669,6,train
AQUA20,val,train,3644,4,fish,/home/tahiti/MARINE_DATASETS/AQUA20_PREPARED/images/val/04_fish/train_003644_f57551ead205.jpg,f57551ead205b5562f5f30efd507f9cccc1844f42428a7c29823bc2657262091,256,256,f57551ead205b5562f5f30efd507f9cccc1844f42428a7c29823bc2657262091,2,train
AQUA20,val,train,3945,4,fish,/home/tahiti/MARINE_DATASETS/AQUA20_PREPARED/images/val/04_fish/train_003945_35564df3d9c2.jpg,35564df3d9c25e26eb31d192f957c6b8f14577608428c8696b8de2fa2a9110e5,320,240,35564df3d9c25e26eb31d192f957c6b8f14577608428c8696b8de2fa2a9110e5,2,train
AQUA20,val,train,4051,5,fishInGroups,/home/tahiti/MARINE_DATASETS/AQUA20_PREPARED/images/val/05_fishInGroups/train_004051_0aed7f46e09d.jpg,0aed7f46e09d19867545301fc49dedfa7c499ee6b8ebd86fde36199ef41bbe73,320,240,0aed7f46e09d19867545301fc49dedfa7c499ee6b8ebd86fde36199ef41bbe73,3,train
AQUA20,val,train,4129,5,fishInGroups,/home/tahiti/MARINE_DATASETS/AQUA20_PREPARED/images/val/05_fishInGroups/train_004129_1df5c20ce5c3.jpg,1df5c20ce5c365acdb9589f5e407d705a56043ec004cb4e45251bffcef11a99f,320,240,1df5c20ce5c365acdb9589f5e407d705a56043ec004cb4e45251bffcef11a99f,4,train
AQUA20,val,train,4135,5,fishInGroups,/home/tahiti/MARINE_DATASETS/AQUA20_PREPARED/images/val/05_fishInGroups/train_004135_34909cc219eb.jpg,34909cc219eb62a860a8c93924413179162ec0ed2723bb23bce5e847da77add7,320,240,34909cc219eb62a860a8c93924413179162ec0ed2723bb23bce5e847da77add7,6,train
AQUA20,val,train,4241,5,fishInGroups,/home/tahiti/MARINE_DATASETS/AQUA20_PREPARED/images/val/05_fishInGroups/train_004241_b9bb44eda902.jpg,b9bb44eda902870d19e81a894084c002e2b351a4bc6e399600cb7638afc1aa0a,256,256,b9bb44eda902870d19e81a894084c002e2b351a4bc6e399600cb7638afc1aa0a,3,train
AQUA20,val,train,4306,6,flatworm,/home/tahiti/MARINE_DATASETS/AQUA20_PREPARED/images/val/06_flatworm/train_004306_3581095f3f2a.jpg,3581095f3f2a9b0c56732ac13cd8f7004b75b6d4a4b31a7b35dfb8522512456e,256,256,3581095f3f2a9b0c56732ac13cd8f7004b75b6d4a4b31a7b35dfb8522512456e,5,train
AQUA20,val,train,4401,7,jellyfish,/home/tahiti/MARINE_DATASETS/AQUA20_PREPARED/images/val/07_jellyfish/train_004401_bc18bd34a1de.jpg,bc18bd34a1deeec708d1809f29ee433b9213f3f3ab9d57541c9affb243d92e8b,256,256,bc18bd34a1deeec708d1809f29ee433b9213f3f3ab9d57541c9affb243d92e8b,4,train
AQUA20,val,train,4508,10,rayfish,/home/tahiti/MARINE_DATASETS/AQUA20_PREPARED/images/val/10_rayfish/train_004508_230705b12914.jpg,230705b12914d0c09bfe3175ef050bbd181892b36a32d9b59da57511d87784b0,256,256,230705b12914d0c09bfe3175ef050bbd181892b36a32d9b59da57511d87784b0,6,train
AQUA20,val,train,4651,10,rayfish,/home/tahiti/MARINE_DATASETS/AQUA20_PREPARED/images/val/10_rayfish/train_004651_27c400be8756.jpg,27c400be8756d87ab5c9fe591ddf391c9b5874d53c1e5a6099dffafae5ec8dd2,256,256,27c400be8756d87ab5c9fe591ddf391c9b5874d53c1e5a6099dffafae5ec8dd2,3,train
AQUA20,val,train,4732,10,rayfish,/home/tahiti/MARINE_DATASETS/AQUA20_PREPARED/images/val/10_rayfish/train_004732_fbe96d1117d0.jpg,fbe96d1117d09afbda069c906c812182bbd5a1ffb648bae30872a87e7e718816,256,256,fbe96d1117d09afbda069c906c812182bbd5a1ffb648bae30872a87e7e718816,6,train
AQUA20,val,train,4823,10,rayfish,/home/tahiti/MARINE_DATASETS/AQUA20_PREPARED/images/val/10_rayfish/train_004823_d8df88eeb7f3.jpg,d8df88eeb7f348b4eb4daabc0664f6572bd3d8df0a824833bc58e8edafba498d,256,256,d8df88eeb7f348b4eb4daabc0664f6572bd3d8df0a824833bc58e8edafba498d,6,train
AQUA20,val,train,4837,10,rayfish,/home/tahiti/MARINE_DATASETS/AQUA20_PREPARED/images/val/10_rayfish/train_004837_09850526e255.jpg,09850526e255ef4347e10a2c4fa0518322bb5084c9387bd1be660813f33ae509,320,240,09850526e255ef4347e10a2c4fa0518322bb5084c9387bd1be660813f33ae509,3,train
AQUA20,val,train,4890,11,seaAnemone,/home/tahiti/MARINE_DATASETS/AQUA20_PREPARED/images/val/11_seaAnemone/train_004890_937fc7b10757.jpg,937fc7b1075718d68952bafc391a83c183b6a549e13e0a7a146d8e68c2ab52ee,320,240,937fc7b1075718d68952bafc391a83c183b6a549e13e0a7a146d8e68c2ab52ee,5,train
AQUA20,val,train,5029,11,seaAnemone,/home/tahiti/MARINE_DATASETS/AQUA20_PREPARED/images/val/11_seaAnemone/train_005029_6dd58028a188.jpg,6dd58028a1884f06c3453995fb453ffaffdbe693cb7a167622690589fb256a4b,256,256,6dd58028a1884f06c3453995fb453ffaffdbe693cb7a167622690589fb256a4b,2,train
AQUA20,val,train,5044,11,seaAnemone,/home/tahiti/MARINE_DATASETS/AQUA20_PREPARED/images/val/11_seaAnemone/train_005044_95ed9ec1a60c.jpg,95ed9ec1a60c557ebccc14272d923da4602bd78fa71341c84b281020745be44d,256,256,95ed9ec1a60c557ebccc14272d923da4602bd78fa71341c84b281020745be44d,5,train
AQUA20,val,train,5148,11,seaAnemone,/home/tahiti/MARINE_DATASETS/AQUA20_PREPARED/images/val/11_seaAnemone/train_005148_2f9c87b32c23.jpg,2f9c87b32c23fcf106d5fc9147544f1d2c1ba478f1cb081a000a829243152974,256,256,2f9c87b32c23fcf106d5fc9147544f1d2c1ba478f1cb081a000a829243152974,3,train
AQUA20,val,train,5285,11,seaAnemone,/home/tahiti/MARINE_DATASETS/AQUA20_PREPARED/images/val/11_seaAnemone/train_005285_79887d23b9f3.jpg,79887d23b9f324cf0eafb9e286c4971d0b06821c72628b899cd40aa74586f40e,256,256,79887d23b9f324cf0eafb9e286c4971d0b06821c72628b899cd40aa74586f40e,4,train
AQUA20,val,train,5288,11,seaAnemone,/home/tahiti/MARINE_DATASETS/AQUA20_PREPARED/images/val/11_seaAnemone/train_005288_092f042ce5f6.jpg,092f042ce5f693b413b812bf4e2dd0ef09ca681eea4c7f5e947b82462d5e9b4b,256,256,092f042ce5f693b413b812bf4e2dd0ef09ca681eea4c7f5e947b82462d5e9b4b,6,train
AQUA20,val,train,5309,11,seaAnemone,/home/tahiti/MARINE_DATASETS/AQUA20_PREPARED/images/val/11_seaAnemone/train_005309_0c0eab60b010.jpg,0c0eab60b010037f1c6036590b87ed7a2178fbbd647ea4b4c84d9c1d7cc4b472,256,256,0c0eab60b010037f1c6036590b87ed7a2178fbbd647ea4b4c84d9c1d7cc4b472,5,train
AQUA20,val,train,5366,11,seaAnemone,/home/tahiti/MARINE_DATASETS/AQUA20_PREPARED/images/val/11_seaAnemone/train_005366_5c554c19c5fb.jpg,5c554c19c5fbbd50f0b69a931579625760ade548c0b89133d818d56dde92fc47,256,256,5c554c19c5fbbd50f0b69a931579625760ade548c0b89133d818d56dde92fc47,4,train
AQUA20,val,train,5475,11,seaAnemone,/home/tahiti/MARINE_DATASETS/AQUA20_PREPARED/images/val/11_seaAnemone/train_005475_48f69ed181b2.jpg,48f69ed181b2b97378d306176f17a18452abd963b459f6a9e2ff01c831ca8b24,256,256,48f69ed181b2b97378d306176f17a18452abd963b459f6a9e2ff01c831ca8b24,4,train
AQUA20,val,train,5526,11,seaAnemone,/home/tahiti/MARINE_DATASETS/AQUA20_PREPARED/images/val/11_seaAnemone/train_005526_5236a7519d96.jpg,5236a7519d96bf8b6866791ed32937c5756ffa85a71c4db0e1d26a45643e5f67,256,256,5236a7519d96bf8b6866791ed32937c5756ffa85a71c4db0e1d26a45643e5f67,2,train
AQUA20,val,train,5578,11,seaAnemone,/home/tahiti/MARINE_DATASETS/AQUA20_PREPARED/images/val/11_seaAnemone/train_005578_7603fa698d7b.jpg,7603fa698d7b04f41f2727b7054d5b65a017fdf52ca6bef69836f8fc0136feb7,256,256,7603fa698d7b04f41f2727b7054d5b65a017fdf52ca6bef69836f8fc0136feb7,2,train
AQUA20,val,train,5806,13,seaSlug,/home/tahiti/MARINE_DATASETS/AQUA20_PREPARED/images/val/13_seaSlug/train_005806_5b43c18cf97e.jpg,5b43c18cf97e3823316b4bf0577f25886eb130e95251ac561c783bb065eeeb05,256,256,5b43c18cf97e3823316b4bf0577f25886eb130e95251ac561c783bb065eeeb05,3,train
AQUA20,val,train,5810,13,seaSlug,/home/tahiti/MARINE_DATASETS/AQUA20_PREPARED/images/val/13_seaSlug/train_005810_51134ebea3e1.jpg,51134ebea3e1d61ae9eab661a2ca71350384e30f7b1ca0ac82e990963d027df1,256,256,51134ebea3e1d61ae9eab661a2ca71350384e30f7b1ca0ac82e990963d027df1,5,train
AQUA20,val,train,5851,13,seaSlug,/home/tahiti/MARINE_DATASETS/AQUA20_PREPARED/images/val/13_seaSlug/train_005851_96d421df69ff.jpg,96d421df69ffc3e5f6b9b44fbbdb45adea63956843e2a9862054e375b60614fb,256,256,96d421df69ffc3e5f6b9b44fbbdb45adea63956843e2a9862054e375b60614fb,6,train
AQUA20,val,train,5915,14,seaUrchin,/home/tahiti/MARINE_DATASETS/AQUA20_PREPARED/images/val/14_seaUrchin/train_005915_204200bc5402.jpg,204200bc540298e2829df03b3cb5c54cc39c5dc3353875cb28c6500cbbd89346,256,256,204200bc540298e2829df03b3cb5c54cc39c5dc3353875cb28c6500cbbd89346,3,train
AQUA20,val,train,6056,16,shrimp,/home/tahiti/MARINE_DATASETS/AQUA20_PREPARED/images/val/16_shrimp/train_006056_a0067d3cf943.jpg,a0067d3cf943c147fc2bbde65155a1206ed8306c0c1465a0697d69ecd8fbcfe6,612,430,a0067d3cf943c147fc2bbde65155a1206ed8306c0c1465a0697d69ecd8fbcfe6,6,train
AQUA20,val,train,6257,18,starfish,/home/tahiti/MARINE_DATASETS/AQUA20_PREPARED/images/val/18_starfish/train_006257_791ddaaaa6d6.jpg,791ddaaaa6d618a1b1328cd7af5f6829b652d0a2a74acdea55a9bac2a132fa68,256,256,791ddaaaa6d618a1b1328cd7af5f6829b652d0a2a74acdea55a9bac2a132fa68,6,train
AQUA20,val,train,6363,19,turtle,/home/tahiti/MARINE_DATASETS/AQUA20_PREPARED/images/val/19_turtle/train_006363_46e211412200.jpg,46e2114122002a65102280d139b4c8e87cfa969ebe33fb5964e0f55dc922ea17,256,256,46e2114122002a65102280d139b4c8e87cfa969ebe33fb5964e0f55dc922ea17,4,train
AQUA20,val,train,6499,19,turtle,/home/tahiti/MARINE_DATASETS/AQUA20_PREPARED/images/val/19_turtle/train_006499_105eb6ffe207.jpg,105eb6ffe207b5a662d6d2f0274695647771eeb8bcc4814ce4a08317b60760b7,256,256,105eb6ffe207b5a662d6d2f0274695647771eeb8bcc4814ce4a08317b60760b7,2,train
AQUA20,val,train,6521,19,turtle,/home/tahiti/MARINE_DATASETS/AQUA20_PREPARED/images/val/19_turtle/train_006521_a274b4f87f8a.jpg,a274b4f87f8a94260a265f0054c28352ce479b062cc8a959a031ff1be4c3fcb6,256,256,a274b4f87f8a94260a265f0054c28352ce479b062cc8a959a031ff1be4c3fcb6,3,train
AQUA20,val,train,6540,19,turtle,/home/tahiti/MARINE_DATASETS/AQUA20_PREPARED/images/val/19_turtle/train_006540_5d9a731579f1.jpg,5d9a731579f1b2a2d0225d6d592b72b9a67ee7f74a11d391f0f978afc0b29010,256,256,5d9a731579f1b2a2d0225d6d592b72b9a67ee7f74a11d391f0f978afc0b29010,2,train
AQUA20,val,train,6552,19,turtle,/home/tahiti/MARINE_DATASETS/AQUA20_PREPARED/images/val/19_turtle/train_006552_e45daf681d87.jpg,e45daf681d87790bead8359e464e967cdb0ad31335a361f0c8b38028f78c34c1,256,256,e45daf681d87790bead8359e464e967cdb0ad31335a361f0c8b38028f78c34c1,4,train
AQUA20,val,train,6558,19,turtle,/home/tahiti/MARINE_DATASETS/AQUA20_PREPARED/images/val/19_turtle/train_006558_05e581720e85.jpg,05e581720e85ae3b1fdec83c170a6558fea6edfc1f7fa0fedc8bf852fd34376b,256,256,05e581720e85ae3b1fdec83c170a6558fea6edfc1f7fa0fedc8bf852fd34376b,6,train
AQUA20,test,test,5,0,coral,/home/tahiti/MARINE_DATASETS/AQUA20_PREPARED/images/test/00_coral/test_000005_8fdb9ca43da0.jpg,8fdb9ca43da05bc79d7cf843dbc52df2d1a6e47f9e962f08adf79e46cb8a37a2,256,256,8fdb9ca43da05bc79d7cf843dbc52df2d1a6e47f9e962f08adf79e46cb8a37a2,4,train
AQUA20,test,test,13,0,coral,/home/tahiti/MARINE_DATASETS/AQUA20_PREPARED/images/test/00_coral/test_000013_c39b24c93e6e.jpg,c39b24c93e6e9b44da6db14e27ed030e29f829f9ef856e14e608b5096f07e959,256,256,c39b24c93e6e9b44da6db14e27ed030e29f829f9ef856e14e608b5096f07e959,6,train
AQUA20,test,test,22,0,coral,/home/tahiti/MARINE_DATASETS/AQUA20_PREPARED/images/test/00_coral/test_000022_d59c865630e4.jpg,d59c865630e4b931474ab301073cc245730831ed53b9b22cf63fc3c8e9f54065,320,240,d59c865630e4b931474ab301073cc245730831ed53b9b22cf63fc3c8e9f54065,4,train
AQUA20,test,test,50,0,coral,/home/tahiti/MARINE_DATASETS/AQUA20_PREPARED/images/test/00_coral/test_000050_2edc064acbf1.jpg,2edc064acbf1c56c51aec8cc3c932fd0066dc7dbd4ed6a50df69fb2aff5ab60a,320,240,2edc064acbf1c56c51aec8cc3c932fd0066dc7dbd4ed6a50df69fb2aff5ab60a,3,train
AQUA20,test,test,55,0,coral,/home/tahiti/MARINE_DATASETS/AQUA20_PREPARED/images/test/00_coral/test_000055_587b09141474.jpg,587b09141474e8d5c6bebe9b8c3c8e898f2f0bdd3f065a3177abce4c3b459731,320,240,587b09141474e8d5c6bebe9b8c3c8e898f2f0bdd3f065a3177abce4c3b459731,6,train
AQUA20,test,test,80,0,coral,/home/tahiti/MARINE_DATASETS/AQUA20_PREPARED/images/test/00_coral/test_000080_790b279858ff.jpg,790b279858ff0e9c63c9da3305bed19fbe00f5ed3cdc1cff783cef6302f8217f,320,240,790b279858ff0e9c63c9da3305bed19fbe00f5ed3cdc1cff783cef6302f8217f,3,train
AQUA20,test,test,103,0,coral,/home/tahiti/MARINE_DATASETS/AQUA20_PREPARED/images/test/00_coral/test_000103_4dfcad091bb0.jpg,4dfcad091bb00451f29308d33a84f4b91dbed0f1d5ec2add9a51e66d2ab0302c,320,240,4dfcad091bb00451f29308d33a84f4b91dbed0f1d5ec2add9a51e66d2ab0302c,4,train
AQUA20,test,test,112,0,coral,/home/tahiti/MARINE_DATASETS/AQUA20_PREPARED/images/test/00_coral/test_000112_61bda859d5a1.jpg,61bda859d5a1fdb3b61413ef20595dd6ad11bd71cb72036b46170ace7e4868a0,256,256,61bda859d5a1fdb3b61413ef20595dd6ad11bd71cb72036b46170ace7e4868a0,5,train
AQUA20,test,test,119,0,coral,/home/tahiti/MARINE_DATASETS/AQUA20_PREPARED/images/test/00_coral/test_000119_c2ce26df4c5b.jpg,c2ce26df4c5bb3980fa608af31171fca0511122619eb477178a6655413149edb,320,240,c2ce26df4c5bb3980fa608af31171fca0511122619eb477178a6655413149edb,2,train
AQUA20,test,test,122,0,coral,/home/tahiti/MARINE_DATASETS/AQUA20_PREPARED/images/test/00_coral/test_000122_acf744cc9de8.jpg,acf744cc9de84c6044647cdcc450cdb47ffa6a99858dd576d768c8c9e397431a,256,256,acf744cc9de84c6044647cdcc450cdb47ffa6a99858dd576d768c8c9e397431a,5,train
AQUA20,test,test,147,0,coral,/home/tahiti/MARINE_DATASETS/AQUA20_PREPARED/images/test/00_coral/test_000147_b9ebd4b25b79.jpg,b9ebd4b25b79163dfabc2970e4143a823a9eee0a1b1bbc53e93760d1a0f66624,256,256,b9ebd4b25b79163dfabc2970e4143a823a9eee0a1b1bbc53e93760d1a0f66624,4,train
AQUA20,test,test,155,0,coral,/home/tahiti/MARINE_DATASETS/AQUA20_PREPARED/images/test/00_coral/test_000155_0e3b957f9029.jpg,0e3b957f90293ce52ac4a1d5ebf60ff3948a050597800943e8fa92c0aaa1fb93,256,256,0e3b957f90293ce52ac4a1d5ebf60ff3948a050597800943e8fa92c0aaa1fb93,4,train
AQUA20,test,test,202,0,coral,/home/tahiti/MARINE_DATASETS/AQUA20_PREPARED/images/test/00_coral/test_000202_25d22504d649.jpg,25d22504d6496c8a811e3f2cbf4a00b82b94c53e2eec37e765d18d973e4c31a6,256,256,25d22504d6496c8a811e3f2cbf4a00b82b94c53e2eec37e765d18d973e4c31a6,3,train
AQUA20,test,test,210,0,coral,/home/tahiti/MARINE_DATASETS/AQUA20_PREPARED/images/test/00_coral/test_000210_0294af3978cb.jpg,0294af3978cbc4d9dd1f8a83c1b45f6ea2e668e0897e88804da00918392b0903,256,256,0294af3978cbc4d9dd1f8a83c1b45f6ea2e668e0897e88804da00918392b0903,2,train
AQUA20,test,test,231,0,coral,/home/tahiti/MARINE_DATASETS/AQUA20_PREPARED/images/test/00_coral/test_000231_e11e3e840208.jpg,e11e3e840208278b7efeb76e47c37608e6c3fcc337f0152dcc26da3bccaf2904,256,256,e11e3e840208278b7efeb76e47c37608e6c3fcc337f0152dcc26da3bccaf2904,2,train
AQUA20,test,test,240,0,coral,/home/tahiti/MARINE_DATASETS/AQUA20_PREPARED/images/test/00_coral/test_000240_a4538b7c220f.jpg,a4538b7c220f8ad703bb35521c56e4e0f24a792da239d8497dd38b4169b72af3,256,256,a4538b7c220f8ad703bb35521c56e4e0f24a792da239d8497dd38b4169b72af3,5,train
AQUA20,test,test,260,0,coral,/home/tahiti/MARINE_DATASETS/AQUA20_PREPARED/images/test/00_coral/test_000260_6709d09b18fb.jpg,6709d09b18fba272363698b9df31fc41acecac66ae87200a8535c7efc0b4feee,256,256,6709d09b18fba272363698b9df31fc41acecac66ae87200a8535c7efc0b4feee,6,train
AQUA20,test,test,274,0,coral,/home/tahiti/MARINE_DATASETS/AQUA20_PREPARED/images/test/00_coral/test_000274_38e9883ea307.jpg,38e9883ea3070d157198dc6705dca5556620c190a80ae41c69f55beb79d25dad,256,256,38e9883ea3070d157198dc6705dca5556620c190a80ae41c69f55beb79d25dad,2,train
AQUA20,test,test,281,0,coral,/home/tahiti/MARINE_DATASETS/AQUA20_PREPARED/images/test/00_coral/test_000281_82131110c9bc.jpg,82131110c9bc75a61a0cf22443ef5315330945cdb858ba1470e1ae9bb99a45cb,256,256,82131110c9bc75a61a0cf22443ef5315330945cdb858ba1470e1ae9bb99a45cb,2,train
AQUA20,test,test,297,0,coral,/home/tahiti/MARINE_DATASETS/AQUA20_PREPARED/images/test/00_coral/test_000297_21148a226d2d.jpg,21148a226d2de646c54844068558300851d758aeff2968abe3bfcd63d017dbf6,256,256,21148a226d2de646c54844068558300851d758aeff2968abe3bfcd63d017dbf6,6,train
AQUA20,test,test,306,0,coral,/home/tahiti/MARINE_DATASETS/AQUA20_PREPARED/images/test/00_coral/test_000306_4be04ee4811c.jpg,4be04ee4811c615775df6790500502f3e34683a397a9876019eb66ecbc9784e3,256,256,4be04ee4811c615775df6790500502f3e34683a397a9876019eb66ecbc9784e3,4,train
AQUA20,test,test,324,0,coral,/home/tahiti/MARINE_DATASETS/AQUA20_PREPARED/images/test/00_coral/test_000324_42add48a6454.jpg,42add48a64545ca28b91f21e6bc8444b70eef9dcd7a714974c2de7ba2f40d1e7,256,256,42add48a64545ca28b91f21e6bc8444b70eef9dcd7a714974c2de7ba2f40d1e7,4,train
AQUA20,test,test,332,0,coral,/home/tahiti/MARINE_DATASETS/AQUA20_PREPARED/images/test/00_coral/test_000332_8295a983a5dd.jpg,8295a983a5ddeab8ab5109b2091913ab25be0e3f1cb94c74c6dd134eaf6e484f,256,256,8295a983a5ddeab8ab5109b2091913ab25be0e3f1cb94c74c6dd134eaf6e484f,6,train
AQUA20,test,test,355,1,crab,/home/tahiti/MARINE_DATASETS/AQUA20_PREPARED/images/test/01_crab/test_000355_73dd7927a9fd.jpg,73dd7927a9fdfdba527d04ef48b6a5e82cfbf7c18cb2238357dca9a8d84fdac9,256,256,73dd7927a9fdfdba527d04ef48b6a5e82cfbf7c18cb2238357dca9a8d84fdac9,4,train
AQUA20,test,test,374,3,eel,/home/tahiti/MARINE_DATASETS/AQUA20_PREPARED/images/test/03_eel/test_000374_b8bf18613f2c.jpg,b8bf18613f2c6b0ecd7818e6137a5ceec447667b5181eb7f70e5fcc3476b6a2a,256,256,b8bf18613f2c6b0ecd7818e6137a5ceec447667b5181eb7f70e5fcc3476b6a2a,6,train
AQUA20,test,test,385,3,eel,/home/tahiti/MARINE_DATASETS/AQUA20_PREPARED/images/test/03_eel/test_000385_c323e9816d34.jpg,c323e9816d34f89887dd434c438a007ca40216afb30dc1f5fdc6f05c84727736,256,256,c323e9816d34f89887dd434c438a007ca40216afb30dc1f5fdc6f05c84727736,3,train
AQUA20,test,test,400,3,eel,/home/tahiti/MARINE_DATASETS/AQUA20_PREPARED/images/test/03_eel/test_000400_84540360a104.jpg,84540360a104b412711811ad4653a65dbba2233cb2e4cc4202ad83ad1b244aa6,256,256,84540360a104b412711811ad4653a65dbba2233cb2e4cc4202ad83ad1b244aa6,2,train
AQUA20,test,test,403,3,eel,/home/tahiti/MARINE_DATASETS/AQUA20_PREPARED/images/test/03_eel/test_000403_ea134405a6c1.jpg,ea134405a6c16e694ff83e8d81454092fbf54c7dd05e2d9cc84ef1d5b489537d,256,256,ea134405a6c16e694ff83e8d81454092fbf54c7dd05e2d9cc84ef1d5b489537d,2,train
AQUA20,test,test,420,4,fish,/home/tahiti/MARINE_DATASETS/AQUA20_PREPARED/images/test/04_fish/test_000420_42c3d3c9d2be.jpg,42c3d3c9d2be970fe5be2071b0b5ef71c2dbefa68912c932a0c4ec29d2b32d60,256,256,42c3d3c9d2be970fe5be2071b0b5ef71c2dbefa68912c932a0c4ec29d2b32d60,3,train
AQUA20,test,test,433,4,fish,/home/tahiti/MARINE_DATASETS/AQUA20_PREPARED/images/test/04_fish/test_000433_8b0deade0a1e.jpg,8b0deade0a1e72460ee9b0de517ab7a801a46c0222c85e53ba03d4fbf35e3953,256,256,8b0deade0a1e72460ee9b0de517ab7a801a46c0222c85e53ba03d4fbf35e3953,4,train
AQUA20,test,test,434,4,fish,/home/tahiti/MARINE_DATASETS/AQUA20_PREPARED/images/test/04_fish/test_000434_14125f8a96c2.jpg,14125f8a96c29c93821ace135fee5622247b31a54b9ff401bd88d8d16dfce845,256,256,14125f8a96c29c93821ace135fee5622247b31a54b9ff401bd88d8d16dfce845,2,train
AQUA20,test,test,452,4,fish,/home/tahiti/MARINE_DATASETS/AQUA20_PREPARED/images/test/04_fish/test_000452_ebf4cd6a55f5.jpg,ebf4cd6a55f5c682876b7ddca5707c7a9be6f1ef06ef321f4d580f8cfee20523,256,256,ebf4cd6a55f5c682876b7ddca5707c7a9be6f1ef06ef321f4d580f8cfee20523,4,train
AQUA20,test,test,464,4,fish,/home/tahiti/MARINE_DATASETS/AQUA20_PREPARED/images/test/04_fish/test_000464_51d264b43c23.jpg,51d264b43c234b7a8863861a0883214d9410d52a35170b037dd9e7badcd43c77,256,256,51d264b43c234b7a8863861a0883214d9410d52a35170b037dd9e7badcd43c77,6,train
AQUA20,test,test,496,4,fish,/home/tahiti/MARINE_DATASETS/AQUA20_PREPARED/images/test/04_fish/test_000496_ac85fd802301.jpg,ac85fd802301a4923a10dad61cea09011de016ae41f866a8dfab93e3de15d909,256,256,ac85fd802301a4923a10dad61cea09011de016ae41f866a8dfab93e3de15d909,2,train
AQUA20,test,test,515,4,fish,/home/tahiti/MARINE_DATASETS/AQUA20_PREPARED/images/test/04_fish/test_000515_e128b04a94a2.jpg,e128b04a94a2c164255b1f4d87ce7c7612cc8495f36f6867c33b9db83604d204,256,256,e128b04a94a2c164255b1f4d87ce7c7612cc8495f36f6867c33b9db83604d204,5,train
AQUA20,test,test,535,4,fish,/home/tahiti/MARINE_DATASETS/AQUA20_PREPARED/images/test/04_fish/test_000535_a9ea25c8cd8d.jpg,a9ea25c8cd8dee8d4d37a05c11ac169804ca2ef615c754a5925629705676bfe4,320,240,a9ea25c8cd8dee8d4d37a05c11ac169804ca2ef615c754a5925629705676bfe4,2,train
AQUA20,test,test,557,4,fish,/home/tahiti/MARINE_DATASETS/AQUA20_PREPARED/images/test/04_fish/test_000557_9c7e8fdaacd5.jpg,9c7e8fdaacd5353cb26018e13c83dbd142dca6f3c51b3ae7759e6e8f08d77f52,320,240,9c7e8fdaacd5353cb26018e13c83dbd142dca6f3c51b3ae7759e6e8f08d77f52,4,train
AQUA20,test,test,568,4,fish,/home/tahiti/MARINE_DATASETS/AQUA20_PREPARED/images/test/04_fish/test_000568_c713e5614111.jpg,c713e5614111691dfba198c5b41579ea8ea72ca49ccdbaa65abc70260b98d06c,320,240,c713e5614111691dfba198c5b41579ea8ea72ca49ccdbaa65abc70260b98d06c,4,train
AQUA20,test,test,578,4,fish,/home/tahiti/MARINE_DATASETS/AQUA20_PREPARED/images/test/04_fish/test_000578_1497593cf4e0.jpg,1497593cf4e05e3d515ef5aa2e045c70c206b05ffd0959ee364b412f0a67d92b,320,240,1497593cf4e05e3d515ef5aa2e045c70c206b05ffd0959ee364b412f0a67d92b,4,train
AQUA20,test,test,584,4,fish,/home/tahiti/MARINE_DATASETS/AQUA20_PREPARED/images/test/04_fish/test_000584_0f3d4c6fb0d8.jpg,0f3d4c6fb0d87857d5426948832e2c35a0ce7f1f9a4e9d55e36ad0a1a5abca34,320,240,0f3d4c6fb0d87857d5426948832e2c35a0ce7f1f9a4e9d55e36ad0a1a5abca34,3,train
AQUA20,test,test,585,4,fish,/home/tahiti/MARINE_DATASETS/AQUA20_PREPARED/images/test/04_fish/test_000585_36d5652eb7db.jpg,36d5652eb7dbf27f6469b3d783f04fc17a135fb03962c4baf88bb8dd1b86b9f0,320,240,36d5652eb7dbf27f6469b3d783f04fc17a135fb03962c4baf88bb8dd1b86b9f0,4,train
AQUA20,test,test,609,4,fish,/home/tahiti/MARINE_DATASETS/AQUA20_PREPARED/images/test/04_fish/test_000609_9ec30e52590f.jpg,9ec30e52590fbfb2c4c3b3e37c816d78e46536c8d68cb06ada3ec3da5c861d30,320,240,9ec30e52590fbfb2c4c3b3e37c816d78e46536c8d68cb06ada3ec3da5c861d30,6,train
AQUA20,test,test,623,4,fish,/home/tahiti/MARINE_DATASETS/AQUA20_PREPARED/images/test/04_fish/test_000623_6532a13f74fb.jpg,6532a13f74fb7307b7a2af043d01b4721691193221d9a027eebcf673b674143d,256,256,6532a13f74fb7307b7a2af043d01b4721691193221d9a027eebcf673b674143d,5,train
AQUA20,test,test,654,4,fish,/home/tahiti/MARINE_DATASETS/AQUA20_PREPARED/images/test/04_fish/test_000654_fae18ae89147.jpg,fae18ae891470f50c45cf1a66344ac197cde65df9f4e89f772c5f394ca1c7f74,256,256,fae18ae891470f50c45cf1a66344ac197cde65df9f4e89f772c5f394ca1c7f74,3,train
AQUA20,test,test,685,4,fish,/home/tahiti/MARINE_DATASETS/AQUA20_PREPARED/images/test/04_fish/test_000685_241cd31e2152.jpg,241cd31e215268fef5af944d4dd560a9969dbf16cd358a130a850246ffe7e2b5,256,256,241cd31e215268fef5af944d4dd560a9969dbf16cd358a130a850246ffe7e2b5,3,train
AQUA20,test,test,721,4,fish,/home/tahiti/MARINE_DATASETS/AQUA20_PREPARED/images/test/04_fish/test_000721_b0edf7c96b6d.jpg,b0edf7c96b6d6471f35820e6f060a008a3a610872a8faf3f30e52e8a9a924d66,256,256,b0edf7c96b6d6471f35820e6f060a008a3a610872a8faf3f30e52e8a9a924d66,2,train
AQUA20,test,test,726,4,fish,/home/tahiti/MARINE_DATASETS/AQUA20_PREPARED/images/test/04_fish/test_000726_2844844ca06e.jpg,2844844ca06ecf84ca954648c48f7653f11ac3c00d891e2cfe1625b7e24fe78d,256,256,2844844ca06ecf84ca954648c48f7653f11ac3c00d891e2cfe1625b7e24fe78d,3,train
AQUA20,test,test,737,4,fish,/home/tahiti/MARINE_DATASETS/AQUA20_PREPARED/images/test/04_fish/test_000737_fd190dc5924b.jpg,fd190dc5924b56d2c3e939b99053c4f802dafa9b0b966881047bbb28b52b5a7f,256,256,fd190dc5924b56d2c3e939b99053c4f802dafa9b0b966881047bbb28b52b5a7f,3,train
AQUA20,test,test,752,4,fish,/home/tahiti/MARINE_DATASETS/AQUA20_PREPARED/images/test/04_fish/test_000752_aaaa996db574.jpg,aaaa996db574fcff047c58f9e96b772a5db94b50ac284eb4c321a54f276e6bef,256,256,aaaa996db574fcff047c58f9e96b772a5db94b50ac284eb4c321a54f276e6bef,3,train
AQUA20,test,test,759,4,fish,/home/tahiti/MARINE_DATASETS/AQUA20_PREPARED/images/test/04_fish/test_000759_12bd70a72876.jpg,12bd70a728765917042231188ed6b65bb5e73a73414edd0decf6260d2b048256,256,256,12bd70a728765917042231188ed6b65bb5e73a73414edd0decf6260d2b048256,2,train
AQUA20,test,test,776,4,fish,/home/tahiti/MARINE_DATASETS/AQUA20_PREPARED/images/test/04_fish/test_000776_d2ea08d502d9.jpg,d2ea08d502d95cdf50b9d4a08e4ce488659780b21be60947604d4cce6cad0fd4,256,256,d2ea08d502d95cdf50b9d4a08e4ce488659780b21be60947604d4cce6cad0fd4,3,train
AQUA20,test,test,784,4,fish,/home/tahiti/MARINE_DATASETS/AQUA20_PREPARED/images/test/04_fish/test_000784_b60f1d954d40.jpg,b60f1d954d405f6d986a8a538054025fc80b1df8a3692bb576bd3eb00379c4aa,256,256,b60f1d954d405f6d986a8a538054025fc80b1df8a3692bb576bd3eb00379c4aa,4,train
AQUA20,test,test,793,4,fish,/home/tahiti/MARINE_DATASETS/AQUA20_PREPARED/images/test/04_fish/test_000793_a30296466527.jpg,a30296466527667512e5e81f499319354c945f27b9e9fe667f7764937b507db3,256,256,a30296466527667512e5e81f499319354c945f27b9e9fe667f7764937b507db3,3,train
AQUA20,test,test,814,4,fish,/home/tahiti/MARINE_DATASETS/AQUA20_PREPARED/images/test/04_fish/test_000814_b2b854762de0.jpg,b2b854762de06c076a94d1dec3c523f4268b7f932d766596c2651bf3d9788c76,256,256,b2b854762de06c076a94d1dec3c523f4268b7f932d766596c2651bf3d9788c76,4,train
AQUA20,test,test,823,4,fish,/home/tahiti/MARINE_DATASETS/AQUA20_PREPARED/images/test/04_fish/test_000823_0d3dad16f9fc.jpg,0d3dad16f9fcb100d127b22b285398390e51d709968d83f380b66d2f200e02f9,256,256,0d3dad16f9fcb100d127b22b285398390e51d709968d83f380b66d2f200e02f9,3,train
AQUA20,test,test,870,4,fish,/home/tahiti/MARINE_DATASETS/AQUA20_PREPARED/images/test/04_fish/test_000870_87fb51f239c3.jpg,87fb51f239c3aa09698353c4268bcd636e5d71e5d18da0f9fac4521ef0e76bc2,256,256,87fb51f239c3aa09698353c4268bcd636e5d71e5d18da0f9fac4521ef0e76bc2,3,train
AQUA20,test,test,875,4,fish,/home/tahiti/MARINE_DATASETS/AQUA20_PREPARED/images/test/04_fish/test_000875_22743b1b35e1.jpg,22743b1b35e106b8630b3fa56b75e519e7aabd628d488150505d685c10a19010,256,256,22743b1b35e106b8630b3fa56b75e519e7aabd628d488150505d685c10a19010,2,train
AQUA20,test,test,878,4,fish,/home/tahiti/MARINE_DATASETS/AQUA20_PREPARED/images/test/04_fish/test_000878_631736153063.jpg,6317361530635be4ba5d4af26c50b160e1e4465d758c5da4f8dd8b6e48637c4c,256,256,6317361530635be4ba5d4af26c50b160e1e4465d758c5da4f8dd8b6e48637c4c,3,train
AQUA20,test,test,886,4,fish,/home/tahiti/MARINE_DATASETS/AQUA20_PREPARED/images/test/04_fish/test_000886_905004a6d574.jpg,905004a6d574d6d9594ca17e9a9f95b3a4d1280ad166526410d5cfd178fa4e0c,256,256,905004a6d574d6d9594ca17e9a9f95b3a4d1280ad166526410d5cfd178fa4e0c,6,train
AQUA20,test,test,887,4,fish,/home/tahiti/MARINE_DATASETS/AQUA20_PREPARED/images/test/04_fish/test_000887_d92914e6a1f6.jpg,d92914e6a1f62d7cfe293821aa9376f22501c43e866d7b87497e8c58fcc2a06a,256,256,d92914e6a1f62d7cfe293821aa9376f22501c43e866d7b87497e8c58fcc2a06a,5,train
AQUA20,test,test,913,4,fish,/home/tahiti/MARINE_DATASETS/AQUA20_PREPARED/images/test/04_fish/test_000913_34eed4855983.jpg,34eed4855983a7c60e3763a3922bdf5576ea7c952bc284b00abb3ad3c922f6ae,256,256,34eed4855983a7c60e3763a3922bdf5576ea7c952bc284b00abb3ad3c922f6ae,3,train
AQUA20,test,test,920,4,fish,/home/tahiti/MARINE_DATASETS/AQUA20_PREPARED/images/test/04_fish/test_000920_13155967c85d.jpg,13155967c85d0f38f36af8898f5429e221c5b2097303b0c6112feae48a3670b3,256,256,13155967c85d0f38f36af8898f5429e221c5b2097303b0c6112feae48a3670b3,5,train
AQUA20,test,test,929,4,fish,/home/tahiti/MARINE_DATASETS/AQUA20_PREPARED/images/test/04_fish/test_000929_5796f45787a9.jpg,5796f45787a9b34046c5f724cc40defe1382470f23ea37707d214463c24ad2ce,256,256,5796f45787a9b34046c5f724cc40defe1382470f23ea37707d214463c24ad2ce,5,train
AQUA20,test,test,933,4,fish,/home/tahiti/MARINE_DATASETS/AQUA20_PREPARED/images/test/04_fish/test_000933_05228a648120.jpg,05228a6481204eae968d9e0c1333e0a82429f176ef8566c4afcb87c3298ee0e0,256,256,05228a6481204eae968d9e0c1333e0a82429f176ef8566c4afcb87c3298ee0e0,6,train
AQUA20,test,test,937,4,fish,/home/tahiti/MARINE_DATASETS/AQUA20_PREPARED/images/test/04_fish/test_000937_e2a4e52f2a08.jpg,e2a4e52f2a08ad337673ab7f68adba6f2f66e930969dc080266160828729404f,256,256,e2a4e52f2a08ad337673ab7f68adba6f2f66e930969dc080266160828729404f,2,train
AQUA20,test,test,963,5,fishInGroups,/home/tahiti/MARINE_DATASETS/AQUA20_PREPARED/images/test/05_fishInGroups/test_000963_70057ea2a060.jpg,70057ea2a0604720eb1ee634718f46fc633b1c74f6fc6d1ce85757705e5fcf9e,256,256,70057ea2a0604720eb1ee634718f46fc633b1c74f6fc6d1ce85757705e5fcf9e,2,train
AQUA20,test,test,970,5,fishInGroups,/home/tahiti/MARINE_DATASETS/AQUA20_PREPARED/images/test/05_fishInGroups/test_000970_7be2bc84daa2.jpg,7be2bc84daa2aab4e620711480ad2f40dee1d95e5f07feaf8f4d701cfbd63a88,256,256,7be2bc84daa2aab4e620711480ad2f40dee1d95e5f07feaf8f4d701cfbd63a88,5,train
AQUA20,test,test,1000,5,fishInGroups,/home/tahiti/MARINE_DATASETS/AQUA20_PREPARED/images/test/05_fishInGroups/test_001000_8a0854bb5895.jpg,8a0854bb5895bf07e1bd2eb3d164be72351826ea7641e676e73884762c163397,320,240,8a0854bb5895bf07e1bd2eb3d164be72351826ea7641e676e73884762c163397,2,train
AQUA20,test,test,1001,5,fishInGroups,/home/tahiti/MARINE_DATASETS/AQUA20_PREPARED/images/test/05_fishInGroups/test_001001_4a55555c954a.jpg,4a55555c954aac096c99b7ce6f4fdcb49cc3547fb4e53c2a8279f13da3cb2d47,320,240,4a55555c954aac096c99b7ce6f4fdcb49cc3547fb4e53c2a8279f13da3cb2d47,6,train
AQUA20,test,test,1004,5,fishInGroups,/home/tahiti/MARINE_DATASETS/AQUA20_PREPARED/images/test/05_fishInGroups/test_001004_505dcdb79db4.jpg,505dcdb79db49a254e4bc4f3ca23b498b2524a3a4cb3317e9373e7f7ccb60fcf,320,240,505dcdb79db49a254e4bc4f3ca23b498b2524a3a4cb3317e9373e7f7ccb60fcf,5,train
AQUA20,test,test,1018,5,fishInGroups,/home/tahiti/MARINE_DATASETS/AQUA20_PREPARED/images/test/05_fishInGroups/test_001018_d4b4246f4799.jpg,d4b4246f479938220fba62a25b5849ca31a899ef92941a079fa6db7655de51d9,320,240,d4b4246f479938220fba62a25b5849ca31a899ef92941a079fa6db7655de51d9,6,train
AQUA20,test,test,1019,5,fishInGroups,/home/tahiti/MARINE_DATASETS/AQUA20_PREPARED/images/test/05_fishInGroups/test_001019_0ddc709531ff.jpg,0ddc709531ff93401aacb65e13385d215aac2452e0eb1fd6b27af623c1a30c19,320,240,0ddc709531ff93401aacb65e13385d215aac2452e0eb1fd6b27af623c1a30c19,2,train
AQUA20,test,test,1028,6,flatworm,/home/tahiti/MARINE_DATASETS/AQUA20_PREPARED/images/test/06_flatworm/test_001028_ff2a322b59d0.jpg,ff2a322b59d02f6063405f249c5e545cb87adb1b4212573c15129bcea20ca44d,256,256,ff2a322b59d02f6063405f249c5e545cb87adb1b4212573c15129bcea20ca44d,2,train
AQUA20,test,test,1038,7,jellyfish,/home/tahiti/MARINE_DATASETS/AQUA20_PREPARED/images/test/07_jellyfish/test_001038_564023ea1709.jpg,564023ea170965d7810404c2a3a94bd6e72173a7893e91ea100cc2018bfe079e,256,256,564023ea170965d7810404c2a3a94bd6e72173a7893e91ea100cc2018bfe079e,2,train
AQUA20,test,test,1047,7,jellyfish,/home/tahiti/MARINE_DATASETS/AQUA20_PREPARED/images/test/07_jellyfish/test_001047_9eb51278a667.jpg,9eb51278a66737ee06a39ce4eb62444073ad5e27b814519d96b128b8b1ca0aba,256,256,9eb51278a66737ee06a39ce4eb62444073ad5e27b814519d96b128b8b1ca0aba,5,train
AQUA20,test,test,1048,7,jellyfish,/home/tahiti/MARINE_DATASETS/AQUA20_PREPARED/images/test/07_jellyfish/test_001048_daf0ceffaaa0.jpg,daf0ceffaaa00cd405963c339f2aae402a211820e3c90e3d9e6891e44f647158,256,256,daf0ceffaaa00cd405963c339f2aae402a211820e3c90e3d9e6891e44f647158,5,train
AQUA20,test,test,1052,7,jellyfish,/home/tahiti/MARINE_DATASETS/AQUA20_PREPARED/images/test/07_jellyfish/test_001052_46f32794fc66.jpg,46f32794fc660cff639c1e82870bcc7f8559361f0b6cab4bc926f996bbda58e9,256,256,46f32794fc660cff639c1e82870bcc7f8559361f0b6cab4bc926f996bbda58e9,5,train
AQUA20,test,test,1062,8,marine_dolphin,/home/tahiti/MARINE_DATASETS/AQUA20_PREPARED/images/test/08_marine_dolphin/test_001062_b819f3e4c77e.jpg,b819f3e4c77ea4cd719048da489e8a20d9da41145f0b75f91bb8ea91acc4fdfc,677,406,b819f3e4c77ea4cd719048da489e8a20d9da41145f0b75f91bb8ea91acc4fdfc,4,train
AQUA20,test,test,1077,9,octopus,/home/tahiti/MARINE_DATASETS/AQUA20_PREPARED/images/test/09_octopus/test_001077_aa0567ffb494.jpg,aa0567ffb494cd7c443e2df4d1b3a53e0f656c4608198f6badf03daf3878c46c,918,612,aa0567ffb494cd7c443e2df4d1b3a53e0f656c4608198f6badf03daf3878c46c,4,train
AQUA20,test,test,1109,10,rayfish,/home/tahiti/MARINE_DATASETS/AQUA20_PREPARED/images/test/10_rayfish/test_001109_0af329a370b3.jpg,0af329a370b34b4b9f9f15057e85900752d35b55e9a037ef618c23850d28fb18,256,256,0af329a370b34b4b9f9f15057e85900752d35b55e9a037ef618c23850d28fb18,5,train
AQUA20,test,test,1116,10,rayfish,/home/tahiti/MARINE_DATASETS/AQUA20_PREPARED/images/test/10_rayfish/test_001116_55ea8cddff72.jpg,55ea8cddff7204f5521217b7b7dc7d9fb5178d7be1540b659af932c99379536e,256,256,55ea8cddff7204f5521217b7b7dc7d9fb5178d7be1540b659af932c99379536e,3,train
AQUA20,test,test,1119,10,rayfish,/home/tahiti/MARINE_DATASETS/AQUA20_PREPARED/images/test/10_rayfish/test_001119_33a5d9756021.jpg,33a5d9756021109059020e23e1d121217599d7103d0cc99fa0ab544a97aeed05,256,256,33a5d9756021109059020e23e1d121217599d7103d0cc99fa0ab544a97aeed05,5,train
AQUA20,test,test,1129,10,rayfish,/home/tahiti/MARINE_DATASETS/AQUA20_PREPARED/images/test/10_rayfish/test_001129_766e0fc11e75.jpg,766e0fc11e75a58ebc26df4589207abe9faf5d3a94bbd5c57bc2d0963ea1c933,256,256,766e0fc11e75a58ebc26df4589207abe9faf5d3a94bbd5c57bc2d0963ea1c933,4,train
AQUA20,test,test,1131,10,rayfish,/home/tahiti/MARINE_DATASETS/AQUA20_PREPARED/images/test/10_rayfish/test_001131_bb853e7ba6eb.jpg,bb853e7ba6ebf8551ad5d8c98e7c36e11122c4a04bbf0fa4eda273af889aff4b,256,256,bb853e7ba6ebf8551ad5d8c98e7c36e11122c4a04bbf0fa4eda273af889aff4b,6,train
AQUA20,test,test,1138,10,rayfish,/home/tahiti/MARINE_DATASETS/AQUA20_PREPARED/images/test/10_rayfish/test_001138_c109b845980c.jpg,c109b845980cf5fb7a2fbe538b9df917232434492826a751eeb0170d25f79d1b,256,256,c109b845980cf5fb7a2fbe538b9df917232434492826a751eeb0170d25f79d1b,3,train
AQUA20,test,test,1176,11,seaAnemone,/home/tahiti/MARINE_DATASETS/AQUA20_PREPARED/images/test/11_seaAnemone/test_001176_001fec9aa46b.jpg,001fec9aa46b4473baf75f977d927660327c6b80b77d9a6f448d3afdca2eb301,256,256,001fec9aa46b4473baf75f977d927660327c6b80b77d9a6f448d3afdca2eb301,5,train
AQUA20,test,test,1177,11,seaAnemone,/home/tahiti/MARINE_DATASETS/AQUA20_PREPARED/images/test/11_seaAnemone/test_001177_86b2c23c7af1.jpg,86b2c23c7af17f0e6e3e9689bb1decaa74cfbe1708a1bd174fdb64e53c59c1f5,256,256,86b2c23c7af17f0e6e3e9689bb1decaa74cfbe1708a1bd174fdb64e53c59c1f5,5,train
AQUA20,test,test,1198,11,seaAnemone,/home/tahiti/MARINE_DATASETS/AQUA20_PREPARED/images/test/11_seaAnemone/test_001198_a7a99e481eed.jpg,a7a99e481eed118a9ff45966632af7ab515e71bf446fa460660973c47821fc5c,256,256,a7a99e481eed118a9ff45966632af7ab515e71bf446fa460660973c47821fc5c,4,train
AQUA20,test,test,1210,11,seaAnemone,/home/tahiti/MARINE_DATASETS/AQUA20_PREPARED/images/test/11_seaAnemone/test_001210_646c1b3bf5dd.jpg,646c1b3bf5dd633b4d9104c0e8175c9534b8711953674d94c4886b2cd8f0dcc6,256,256,646c1b3bf5dd633b4d9104c0e8175c9534b8711953674d94c4886b2cd8f0dcc6,6,train
AQUA20,test,test,1212,11,seaAnemone,/home/tahiti/MARINE_DATASETS/AQUA20_PREPARED/images/test/11_seaAnemone/test_001212_80ff022b595d.jpg,80ff022b595d705d6e9caccab599c45dd806e3358fe017ebee81add588923b81,256,256,80ff022b595d705d6e9caccab599c45dd806e3358fe017ebee81add588923b81,6,train
AQUA20,test,test,1258,11,seaAnemone,/home/tahiti/MARINE_DATASETS/AQUA20_PREPARED/images/test/11_seaAnemone/test_001258_b8bd9488474c.jpg,b8bd9488474c977f2c432042efdcdbc65795ba5927d3a7d09cf97eb602dbde51,256,256,b8bd9488474c977f2c432042efdcdbc65795ba5927d3a7d09cf97eb602dbde51,5,train
AQUA20,test,test,1265,11,seaAnemone,/home/tahiti/MARINE_DATASETS/AQUA20_PREPARED/images/test/11_seaAnemone/test_001265_75cd83fb7d32.jpg,75cd83fb7d32ba9a9006768afd17255f44722d0841621970a2afa07b1336d5a7,256,256,75cd83fb7d32ba9a9006768afd17255f44722d0841621970a2afa07b1336d5a7,5,train
AQUA20,test,test,1306,11,seaAnemone,/home/tahiti/MARINE_DATASETS/AQUA20_PREPARED/images/test/11_seaAnemone/test_001306_a48263c989d6.jpg,a48263c989d6585a0a4bea3e34beef2bc1949111f862dae042224cabcf1435f1,256,256,a48263c989d6585a0a4bea3e34beef2bc1949111f862dae042224cabcf1435f1,2,train
AQUA20,test,test,1310,11,seaAnemone,/home/tahiti/MARINE_DATASETS/AQUA20_PREPARED/images/test/11_seaAnemone/test_001310_7ffe6e811172.jpg,7ffe6e81117214d7e8eba6b960138f65b5b2b32343c2fdf00905ca18eb30046b,320,240,7ffe6e81117214d7e8eba6b960138f65b5b2b32343c2fdf00905ca18eb30046b,2,train
AQUA20,test,test,1358,11,seaAnemone,/home/tahiti/MARINE_DATASETS/AQUA20_PREPARED/images/test/11_seaAnemone/test_001358_d6e3553dd44d.jpg,d6e3553dd44d4aa3adb41884ab3555479c4ba3a2864d307cc6a2a2c7b747d103,256,256,d6e3553dd44d4aa3adb41884ab3555479c4ba3a2864d307cc6a2a2c7b747d103,4,train
AQUA20,test,test,1361,11,seaAnemone,/home/tahiti/MARINE_DATASETS/AQUA20_PREPARED/images/test/11_seaAnemone/test_001361_913a5ad0ea87.jpg,913a5ad0ea87c6b93f99cccb9573c36bdf03f8bb2f3de249cff8fc694dab2050,256,256,913a5ad0ea87c6b93f99cccb9573c36bdf03f8bb2f3de249cff8fc694dab2050,3,train
AQUA20,test,test,1424,13,seaSlug,/home/tahiti/MARINE_DATASETS/AQUA20_PREPARED/images/test/13_seaSlug/test_001424_a4e10b1ea411.jpg,a4e10b1ea411ef5972980d1dcbc9b2a34a9a7d641e589ca388a46bf9e6dfdea5,256,256,a4e10b1ea411ef5972980d1dcbc9b2a34a9a7d641e589ca388a46bf9e6dfdea5,2,train
AQUA20,test,test,1430,14,seaUrchin,/home/tahiti/MARINE_DATASETS/AQUA20_PREPARED/images/test/14_seaUrchin/test_001430_fb44a96be183.jpg,fb44a96be1836f4686e406c0180549002807e79128e4af5f7fa0185ecb2f52ef,256,256,fb44a96be1836f4686e406c0180549002807e79128e4af5f7fa0185ecb2f52ef,5,train
AQUA20,test,test,1473,15,shark,/home/tahiti/MARINE_DATASETS/AQUA20_PREPARED/images/test/15_shark/test_001473_42bbf31cc083.jpg,42bbf31cc0837a9b15ff9f39acd2080c67269588ec85c210a60e58c60e829468,256,256,42bbf31cc0837a9b15ff9f39acd2080c67269588ec85c210a60e58c60e829468,4,train
AQUA20,test,test,1498,18,starfish,/home/tahiti/MARINE_DATASETS/AQUA20_PREPARED/images/test/18_starfish/test_001498_9e75241424c4.jpg,9e75241424c424ed78e0897ca443941bfa4ccdf110944b4123ebe749c3e05b1f,256,256,9e75241424c424ed78e0897ca443941bfa4ccdf110944b4123ebe749c3e05b1f,6,train
AQUA20,test,test,1520,18,starfish,/home/tahiti/MARINE_DATASETS/AQUA20_PREPARED/images/test/18_starfish/test_001520_ad84852a54cf.jpg,ad84852a54cf4003562f55ab0d00091725858f5754eb3cd084048d0fdfe77f0a,256,256,ad84852a54cf4003562f55ab0d00091725858f5754eb3cd084048d0fdfe77f0a,6,train
AQUA20,test,test,1536,19,turtle,/home/tahiti/MARINE_DATASETS/AQUA20_PREPARED/images/test/19_turtle/test_001536_010d32183c95.jpg,010d32183c95052993e221372d0a6c25358da6e2d4f1eca983bca1d0356fcc47,256,256,010d32183c95052993e221372d0a6c25358da6e2d4f1eca983bca1d0356fcc47,4,train
AQUA20,test,test,1555,19,turtle,/home/tahiti/MARINE_DATASETS/AQUA20_PREPARED/images/test/19_turtle/test_001555_cba7542ac7d9.jpg,cba7542ac7d9261d0c2fa32fb83a9b3a33cf4543e35aad0b6a382f6f82eda61c,256,256,cba7542ac7d9261d0c2fa32fb83a9b3a33cf4543e35aad0b6a382f6f82eda61c,6,train
AQUA20,test,test,1560,19,turtle,/home/tahiti/MARINE_DATASETS/AQUA20_PREPARED/images/test/19_turtle/test_001560_1e382190959c.jpg,1e382190959cb5b940f326a658e7eb3d2bf55c696af17fb077d2ead44498906b,320,240,1e382190959cb5b940f326a658e7eb3d2bf55c696af17fb077d2ead44498906b,3,train
AQUA20,test,test,1565,19,turtle,/home/tahiti/MARINE_DATASETS/AQUA20_PREPARED/images/test/19_turtle/test_001565_530262219276.jpg,530262219276ad95b02d7da323a3bf4fafbbf82fc5041a7d4f4e3ff8115c5146,320,240,530262219276ad95b02d7da323a3bf4fafbbf82fc5041a7d4f4e3ff8115c5146,4,train
AQUA20,test,test,1569,19,turtle,/home/tahiti/MARINE_DATASETS/AQUA20_PREPARED/images/test/19_turtle/test_001569_527ce019f9e5.jpg,527ce019f9e563ca46dc63e54989426781d92100892c9e72dec160cd7c81051d,256,256,527ce019f9e563ca46dc63e54989426781d92100892c9e72dec160cd7c81051d,3,train
AQUA20,test,test,1579,19,turtle,/home/tahiti/MARINE_DATASETS/AQUA20_PREPARED/images/test/19_turtle/test_001579_832f81558a1c.jpg,832f81558a1c36eb39957695b5e6acc5f6973f4cd13b788a29528a486086666e,256,256,832f81558a1c36eb39957695b5e6acc5f6973f4cd13b788a29528a486086666e,5,train
AQUA20,test,test,1582,19,turtle,/home/tahiti/MARINE_DATASETS/AQUA20_PREPARED/images/test/19_turtle/test_001582_16de046ec086.jpg,16de046ec086a54ca0428413705f27e8de97775c834892273280510bd740a1b5,256,256,16de046ec086a54ca0428413705f27e8de97775c834892273280510bd740a1b5,2,train
AQUA20,test,test,1598,19,turtle,/home/tahiti/MARINE_DATASETS/AQUA20_PREPARED/images/test/19_turtle/test_001598_8a95392d170a.jpg,8a95392d170a5a06d4834741cbaaddec631b02c9848a07369c46865f27f81f10,256,256,8a95392d170a5a06d4834741cbaaddec631b02c9848a07369c46865f27f81f10,4,train
AQUA20,test,test,1601,19,turtle,/home/tahiti/MARINE_DATASETS/AQUA20_PREPARED/images/test/19_turtle/test_001601_ff9eaf6bc698.jpg,ff9eaf6bc69858767bb6ad97ad9b5652fe3f74c262327f7001cb767791606cb9,256,256,ff9eaf6bc69858767bb6ad97ad9b5652fe3f74c262327f7001cb767791606cb9,4,train
