{
  "method": "linear_probe",
  "budget": 0.1,
  "budget_percent": 10,
  "seed": 44,
  "epochs": 10,
  "best_epoch": 5,
  "num_classes": 17,
  "n_train": 76,
  "n_val": 155,
  "n_test": 164,
  "img_size": 224,
  "batch_size": 16,
  "adapter_dim": "",
  "dropout": "",
  "pretrained": true,
  "params_total": 11185233,
  "params_trainable": 8721,
  "test_loss": 2.4692857091019795,
  "test_acc": 0.16463414634146342,
  "test_macro_f1": 0.08467386134092321,
  "test_balanced_acc": 0.1058823529411694,
  "time_sec": 183.12836623191833,
  "time_human": "3m 3s"
}