status,run_id,dataset,backbone,method,budget,seed,epochs,best_epoch,adapter_dim,dropout,n_classes,n_train,n_full_train,realized_train_fraction,n_val,n_test,total_params,trainable_params,val_accuracy,val_macro_f1,val_balanced_accuracy,test_accuracy,test_macro_f1,test_balanced_accuracy,runtime_sec,peak_gpu_mem_gb,stage,_path,width_ablation,shot_k,split_seed
complete,fathomnet__scratch_cnn__scratch_cnn__b100__s45,fathomnet,scratch_cnn,scratch_cnn,100,45,10,9,128,0.1,79,16688,16688,1.0,3622,3389,409199,409199,0.24378796245168416,0.21427044148822372,0.25967229780504136,0.2655650634405429,0.2248837956793655,0.2541439354559424,463.1531205177307,2.5116357803344727,scratch,MARINE_EXPERIMENTS_V2/FULL_SUITE/scratch/fathomnet__scratch_cnn__scratch_cnn__b100__s45/result.json,,,
complete,fathomnet__scratch_cnn__scratch_cnn__b001__s45,fathomnet,scratch_cnn,scratch_cnn,001,45,10,10,128,0.1,79,220,16688,0.013183125599232981,3622,3389,409199,409199,0.04307012700165654,0.021553199653988067,0.03992256350705061,0.028031867807612864,0.020941732709230755,0.03336155149069011,105.39329648017883,2.5116357803344727,scratch,MARINE_EXPERIMENTS_V2/FULL_SUITE/scratch/fathomnet__scratch_cnn__scratch_cnn__b001__s45/result.json,,,
complete,aqua20__scratch_cnn__scratch_cnn__b100__s42,aqua20,scratch_cnn,scratch_cnn,100,42,10,8,128,0.1,20,5842,5842,1.0,1164,1165,394036,394036,0.4630584192439863,0.1327948002648744,0.1387700716281452,0.47296137339055794,0.1497292438332651,0.15629456358938762,149.05452585220337,2.5113964080810547,scratch,MARINE_EXPERIMENTS_V2/FULL_SUITE/scratch/aqua20__scratch_cnn__scratch_cnn__b100__s42/result.json,,,
complete,fathomnet__scratch_cnn__scratch_cnn__b100__s46,fathomnet,scratch_cnn,scratch_cnn,100,46,10,10,128,0.1,79,16688,16688,1.0,3622,3389,409199,409199,0.23522915516289342,0.20782822681008087,0.25198577085516133,0.24697550899970494,0.20747626729695362,0.23814868755657137,451.008323431015,2.5116357803344727,scratch,MARINE_EXPERIMENTS_V2/FULL_SUITE/scratch/fathomnet__scratch_cnn__scratch_cnn__b100__s46/result.json,,,
complete,aqua20__scratch_cnn__scratch_cnn__b001__s46,aqua20,scratch_cnn,scratch_cnn,001,46,10,10,128,0.1,20,70,5842,0.011982197877439232,1164,1165,394036,394036,0.2697594501718213,0.033980525732997854,0.06741565677821301,0.27811158798283264,0.03828836288549807,0.08711840636470276,35.3432252407074,1.3875236511230469,scratch,MARINE_EXPERIMENTS_V2/FULL_SUITE/scratch/aqua20__scratch_cnn__scratch_cnn__b001__s46/result.json,,,
complete,fathomnet__scratch_cnn__scratch_cnn__b001__s44,fathomnet,scratch_cnn,scratch_cnn,001,44,10,10,128,0.1,79,220,16688,0.013183125599232981,3622,3389,409199,409199,0.01684152401987852,0.005064049436683852,0.015208069998246112,0.015933903806432576,0.009831405872495192,0.015808801042256133,103.77021527290344,2.5116357803344727,scratch,MARINE_EXPERIMENTS_V2/FULL_SUITE/scratch/fathomnet__scratch_cnn__scratch_cnn__b001__s44/result.json,,,
complete,fathomnet__scratch_cnn__scratch_cnn__b100__s44,fathomnet,scratch_cnn,scratch_cnn,100,44,10,10,128,0.1,79,16688,16688,1.0,3622,3389,409199,409199,0.23937051352843733,0.21028003780559051,0.2560577621038311,0.26408970197698434,0.22266681333502744,0.2552378472582662,555.8599843978882,2.5126123428344727,scratch,MARINE_EXPERIMENTS_V2/FULL_SUITE/scratch/fathomnet__scratch_cnn__scratch_cnn__b100__s44/result.json,,,
complete,aqua20__scratch_cnn__scratch_cnn__b010__s45,aqua20,scratch_cnn,scratch_cnn,010,45,10,10,128,0.1,20,592,5842,0.10133515919205752,1164,1165,394036,394036,0.39690721649484534,0.07786183260971971,0.08804980118724251,0.384549356223176,0.08935652459308804,0.09928854079992465,22.45762324333191,2.5107860565185547,scratch,MARINE_EXPERIMENTS_V2/FULL_SUITE/scratch/aqua20__scratch_cnn__scratch_cnn__b010__s45/result.json,,,
complete,aqua20__scratch_cnn__scratch_cnn__b010__s44,aqua20,scratch_cnn,scratch_cnn,010,44,10,10,128,0.1,20,592,5842,0.10133515919205752,1164,1165,394036,394036,0.3960481099656357,0.09589890482479446,0.09821563590248839,0.41373390557939915,0.11054853272451078,0.111631248289247,49.47246170043945,2.5113964080810547,scratch,MARINE_EXPERIMENTS_V2/FULL_SUITE/scratch/aqua20__scratch_cnn__scratch_cnn__b010__s44/result.json,,,
complete,fathomnet__scratch_cnn__scratch_cnn__b010__s46,fathomnet,scratch_cnn,scratch_cnn,010,46,10,10,128,0.1,79,1709,16688,0.10240891658676894,3622,3389,409199,409199,0.1267255659856433,0.0860136783869895,0.13363580769615577,0.14311006196518147,0.0978499239899292,0.13645754813163,120.15117645263672,2.5113916397094727,scratch,MARINE_EXPERIMENTS_V2/FULL_SUITE/scratch/fathomnet__scratch_cnn__scratch_cnn__b010__s46/result.json,,,
complete,fathomnet__scratch_cnn__scratch_cnn__b001__s43,fathomnet,scratch_cnn,scratch_cnn,001,43,10,10,128,0.1,79,220,16688,0.013183125599232981,3622,3389,409199,409199,0.017945886250690227,0.006687907205982685,0.022181747141630414,0.016524048391856005,0.009473321906211724,0.019503327368538763,35.59992790222168,2.5110254287719727,scratch,MARINE_EXPERIMENTS_V2/FULL_SUITE/scratch/fathomnet__scratch_cnn__scratch_cnn__b001__s43/result.json,,,
complete,aqua20__scratch_cnn__scratch_cnn__b010__s42,aqua20,scratch_cnn,scratch_cnn,010,42,10,9,128,0.1,20,592,5842,0.10133515919205752,1164,1165,394036,394036,0.3900343642611684,0.09068986090467639,0.09397631123702913,0.38540772532188844,0.1096377686090799,0.11086331896735672,25.11155343055725,2.5107860565185547,scratch,MARINE_EXPERIMENTS_V2/FULL_SUITE/scratch/aqua20__scratch_cnn__scratch_cnn__b010__s42/result.json,,,
complete,aqua20__scratch_cnn__scratch_cnn__b005__s45,aqua20,scratch_cnn,scratch_cnn,005,45,10,10,128,0.1,20,302,5842,0.05169462512838069,1164,1165,394036,394036,0.35652920962199314,0.07871025907799271,0.07947544908376478,0.37939914163090127,0.09100763669318948,0.09448967331478661,20.74485182762146,2.5107860565185547,scratch,MARINE_EXPERIMENTS_V2/FULL_SUITE/scratch/aqua20__scratch_cnn__scratch_cnn__b005__s45/result.json,,,
complete,fathomnet__scratch_cnn__scratch_cnn__b005__s43,fathomnet,scratch_cnn,scratch_cnn,005,43,10,8,128,0.1,79,875,16688,0.05243288590604027,3622,3389,409199,409199,0.08475980121479845,0.057521219795825876,0.10139899951284734,0.10298023015638831,0.06659860629099004,0.10086514232384754,40.00184679031372,2.5110254287719727,scratch,MARINE_EXPERIMENTS_V2/FULL_SUITE/scratch/fathomnet__scratch_cnn__scratch_cnn__b005__s43/result.json,,,
complete,fathomnet__scratch_cnn__scratch_cnn__b005__s44,fathomnet,scratch_cnn,scratch_cnn,005,44,10,10,128,0.1,79,875,16688,0.05243288590604027,3622,3389,409199,409199,0.1007730535615682,0.06262082603151535,0.10794587817982954,0.11006196518146946,0.06998973436190471,0.10466298386886536,118.62822365760803,2.5116357803344727,scratch,MARINE_EXPERIMENTS_V2/FULL_SUITE/scratch/fathomnet__scratch_cnn__scratch_cnn__b005__s44/result.json,,,
complete,aqua20__scratch_cnn__scratch_cnn__b100__s46,aqua20,scratch_cnn,scratch_cnn,100,46,10,10,128,0.1,20,5842,5842,1.0,1164,1165,394036,394036,0.48109965635738833,0.13401589702094757,0.1374534634039527,0.4978540772532189,0.15139062683261817,0.15536865265446992,147.81649470329285,2.5113964080810547,scratch,MARINE_EXPERIMENTS_V2/FULL_SUITE/scratch/aqua20__scratch_cnn__scratch_cnn__b100__s46/result.json,,,
complete,aqua20__scratch_cnn__scratch_cnn__b010__s46,aqua20,scratch_cnn,scratch_cnn,010,46,10,10,128,0.1,20,592,5842,0.10133515919205752,1164,1165,394036,394036,0.3900343642611684,0.07764933271795008,0.08459455240618506,0.39742489270386266,0.08058708804390324,0.08826008850366776,47.652053117752075,2.5113964080810547,scratch,MARINE_EXPERIMENTS_V2/FULL_SUITE/scratch/aqua20__scratch_cnn__scratch_cnn__b010__s46/result.json,,,
complete,fathomnet__scratch_cnn__scratch_cnn__b010__s43,fathomnet,scratch_cnn,scratch_cnn,010,43,10,10,128,0.1,79,1709,16688,0.10240891658676894,3622,3389,409199,409199,0.11430149088901159,0.07828600717304844,0.12728523407858314,0.14429035113602834,0.10082602537233519,0.1393510869914435,140.24176812171936,2.5116357803344727,scratch,MARINE_EXPERIMENTS_V2/FULL_SUITE/scratch/fathomnet__scratch_cnn__scratch_cnn__b010__s43/result.json,,,
complete,aqua20__scratch_cnn__scratch_cnn__b005__s43,aqua20,scratch_cnn,scratch_cnn,005,43,10,10,128,0.1,20,302,5842,0.05169462512838069,1164,1165,394036,394036,0.3281786941580756,0.05631557979253683,0.07578322262966705,0.3484978540772532,0.06784989620637125,0.08521588260628157,38.71313142776489,2.5113964080810547,scratch,MARINE_EXPERIMENTS_V2/FULL_SUITE/scratch/aqua20__scratch_cnn__scratch_cnn__b005__s43/result.json,,,
complete,fathomnet__scratch_cnn__scratch_cnn__b001__s46,fathomnet,scratch_cnn,scratch_cnn,001,46,10,10,128,0.1,79,220,16688,0.013183125599232981,3622,3389,409199,409199,0.02484815019326339,0.011566992599337677,0.028838891003736888,0.028031867807612864,0.011167735868535398,0.026994014890240618,36.29054546356201,2.5110254287719727,scratch,MARINE_EXPERIMENTS_V2/FULL_SUITE/scratch/fathomnet__scratch_cnn__scratch_cnn__b001__s46/result.json,,,
complete,aqua20__scratch_cnn__scratch_cnn__b100__s44,aqua20,scratch_cnn,scratch_cnn,100,44,10,9,128,0.1,20,5842,5842,1.0,1164,1165,394036,394036,0.4725085910652921,0.14468255717625705,0.15382965326509757,0.4858369098712446,0.15020927097526138,0.16168418920715733,203.54985666275024,2.5113964080810547,scratch,MARINE_EXPERIMENTS_V2/FULL_SUITE/scratch/aqua20__scratch_cnn__scratch_cnn__b100__s44/result.json,,,
complete,aqua20__scratch_cnn__scratch_cnn__b001__s44,aqua20,scratch_cnn,scratch_cnn,001,44,10,5,128,0.1,20,70,5842,0.011982197877439232,1164,1165,394036,394036,0.010309278350515464,0.013485814273215846,0.05859649122807018,0.010300429184549357,0.009356084194793873,0.052142857142857144,16.723362684249878,1.3857841491699219,scratch,MARINE_EXPERIMENTS_V2/FULL_SUITE/scratch/aqua20__scratch_cnn__scratch_cnn__b001__s44/result.json,,,
complete,aqua20__scratch_cnn__scratch_cnn__b001__s43,aqua20,scratch_cnn,scratch_cnn,001,43,10,4,128,0.1,20,70,5842,0.011982197877439232,1164,1165,394036,394036,0.07731958762886598,0.03315455230702543,0.08774153843008196,0.07896995708154507,0.028285995093471218,0.0741986631591364,35.55928921699524,1.3870582580566406,scratch,MARINE_EXPERIMENTS_V2/FULL_SUITE/scratch/aqua20__scratch_cnn__scratch_cnn__b001__s43/result.json,,,
complete,fathomnet__scratch_cnn__scratch_cnn__b100__s43,fathomnet,scratch_cnn,scratch_cnn,100,43,10,10,128,0.1,79,16688,16688,1.0,3622,3389,409199,409199,0.2410270568746549,0.21239636784689211,0.2571743555864169,0.26172912363529066,0.22156806368821222,0.25442120800181683,461.88982582092285,2.5116357803344727,scratch,MARINE_EXPERIMENTS_V2/FULL_SUITE/scratch/fathomnet__scratch_cnn__scratch_cnn__b100__s43/result.json,,,
complete,aqua20__scratch_cnn__scratch_cnn__b001__s42,aqua20,scratch_cnn,scratch_cnn,001,42,10,3,128,0.1,20,70,5842,0.011982197877439232,1164,1165,394036,394036,0.2422680412371134,0.04097578685745261,0.07167488675331272,0.23605150214592274,0.0327278710203166,0.050462795085113164,39.68615961074829,1.3870582580566406,scratch,MARINE_EXPERIMENTS_V2/FULL_SUITE/scratch/aqua20__scratch_cnn__scratch_cnn__b001__s42/result.json,,,
complete,aqua20__scratch_cnn__scratch_cnn__b005__s42,aqua20,scratch_cnn,scratch_cnn,005,42,10,10,128,0.1,20,302,5842,0.05169462512838069,1164,1165,394036,394036,0.281786941580756,0.06775255651503906,0.08295299756233686,0.2995708154506438,0.08049090541569828,0.09819235144901932,23.699819803237915,2.5107860565185547,scratch,MARINE_EXPERIMENTS_V2/FULL_SUITE/scratch/aqua20__scratch_cnn__scratch_cnn__b005__s42/result.json,,,
complete,aqua20__scratch_cnn__scratch_cnn__b100__s43,aqua20,scratch_cnn,scratch_cnn,100,43,10,8,128,0.1,20,5842,5842,1.0,1164,1165,394036,394036,0.4733676975945017,0.13532959962496882,0.14389932622209572,0.47896995708154505,0.16056599318406672,0.16762142344607533,62.27482724189758,2.5107860565185547,scratch,MARINE_EXPERIMENTS_V2/FULL_SUITE/scratch/aqua20__scratch_cnn__scratch_cnn__b100__s43/result.json,,,
complete,fathomnet__scratch_cnn__scratch_cnn__b001__s42,fathomnet,scratch_cnn,scratch_cnn,001,42,10,10,128,0.1,79,220,16688,0.013183125599232981,3622,3389,409199,409199,0.02871341800110436,0.01385567653095462,0.03396183037496874,0.036884036588964296,0.014870529107895245,0.03344026086613544,106.4000563621521,2.5116357803344727,scratch,MARINE_EXPERIMENTS_V2/FULL_SUITE/scratch/fathomnet__scratch_cnn__scratch_cnn__b001__s42/result.json,,,
complete,aqua20__scratch_cnn__scratch_cnn__b001__s45,aqua20,scratch_cnn,scratch_cnn,001,45,10,4,128,0.1,20,70,5842,0.011982197877439232,1164,1165,394036,394036,0.09879725085910653,0.033703739474322744,0.06871395340111702,0.10987124463519313,0.04400169500338677,0.06639566496857323,34.22382926940918,1.3870582580566406,scratch,MARINE_EXPERIMENTS_V2/FULL_SUITE/scratch/aqua20__scratch_cnn__scratch_cnn__b001__s45/result.json,,,
complete,fathomnet__scratch_cnn__scratch_cnn__b005__s46,fathomnet,scratch_cnn,scratch_cnn,005,46,10,7,128,0.1,79,875,16688,0.05243288590604027,3622,3389,409199,409199,0.08393152954168967,0.05781366839142486,0.09552177062776775,0.1047506639126586,0.06995069162052353,0.10333884038945505,128.55258798599243,2.5135889053344727,scratch,MARINE_EXPERIMENTS_V2/FULL_SUITE/scratch/fathomnet__scratch_cnn__scratch_cnn__b005__s46/result.json,,,
complete,fathomnet__scratch_cnn__scratch_cnn__b010__s45,fathomnet,scratch_cnn,scratch_cnn,010,45,10,9,128,0.1,79,1709,16688,0.10240891658676894,3622,3389,409199,409199,0.1311430149088901,0.08635873772759402,0.1410802855092666,0.13927412215992918,0.09693945429474414,0.13563531847892943,143.31772017478943,2.5116357803344727,scratch,MARINE_EXPERIMENTS_V2/FULL_SUITE/scratch/fathomnet__scratch_cnn__scratch_cnn__b010__s45/result.json,,,
complete,aqua20__scratch_cnn__scratch_cnn__b100__s45,aqua20,scratch_cnn,scratch_cnn,100,45,10,10,128,0.1,20,5842,5842,1.0,1164,1165,394036,394036,0.4690721649484536,0.14144578103883018,0.1530016208949074,0.4858369098712446,0.15019736470773065,0.15668966634545295,61.38288855552673,2.5107860565185547,scratch,MARINE_EXPERIMENTS_V2/FULL_SUITE/scratch/aqua20__scratch_cnn__scratch_cnn__b100__s45/result.json,,,
complete,aqua20__scratch_cnn__scratch_cnn__b005__s46,aqua20,scratch_cnn,scratch_cnn,005,46,10,10,128,0.1,20,302,5842,0.05169462512838069,1164,1165,394036,394036,0.36082474226804123,0.06758378608682244,0.07406399768035174,0.35536480686695276,0.06916603459129898,0.07628239516859159,43.69993877410889,2.5113964080810547,scratch,MARINE_EXPERIMENTS_V2/FULL_SUITE/scratch/aqua20__scratch_cnn__scratch_cnn__b005__s46/result.json,,,
complete,fathomnet__scratch_cnn__scratch_cnn__b005__s45,fathomnet,scratch_cnn,scratch_cnn,005,45,10,10,128,0.1,79,875,16688,0.05243288590604027,3622,3389,409199,409199,0.10988404196576478,0.06560912013787713,0.11357135093910148,0.10120979640011803,0.06847766658356945,0.10363870775008639,117.1232213973999,2.5116357803344727,scratch,MARINE_EXPERIMENTS_V2/FULL_SUITE/scratch/fathomnet__scratch_cnn__scratch_cnn__b005__s45/result.json,,,
complete,aqua20__scratch_cnn__scratch_cnn__b005__s44,aqua20,scratch_cnn,scratch_cnn,005,44,10,10,128,0.1,20,302,5842,0.05169462512838069,1164,1165,394036,394036,0.30326460481099654,0.0686155162826683,0.08679751492513604,0.32274678111587984,0.0803389520693342,0.0957203701720876,39.35898208618164,2.5113964080810547,scratch,MARINE_EXPERIMENTS_V2/FULL_SUITE/scratch/aqua20__scratch_cnn__scratch_cnn__b005__s44/result.json,,,
complete,fathomnet__scratch_cnn__scratch_cnn__b100__s42,fathomnet,scratch_cnn,scratch_cnn,100,42,10,10,128,0.1,79,16688,16688,1.0,3622,3389,409199,409199,0.24047487575924903,0.2123412121407511,0.2541216016550794,0.25612275007376806,0.21832937722761694,0.24750249198219496,448.5136766433716,2.5116357803344727,scratch,MARINE_EXPERIMENTS_V2/FULL_SUITE/scratch/fathomnet__scratch_cnn__scratch_cnn__b100__s42/result.json,,,
complete,fathomnet__scratch_cnn__scratch_cnn__b010__s42,fathomnet,scratch_cnn,scratch_cnn,010,42,10,10,128,0.1,79,1709,16688,0.10240891658676894,3622,3389,409199,409199,0.1206515737161789,0.08103840542288818,0.13134881159005982,0.14606078489229862,0.10199948525656977,0.140081252911716,139.81321263313293,2.5116357803344727,scratch,MARINE_EXPERIMENTS_V2/FULL_SUITE/scratch/fathomnet__scratch_cnn__scratch_cnn__b010__s42/result.json,,,
complete,fathomnet__scratch_cnn__scratch_cnn__b010__s44,fathomnet,scratch_cnn,scratch_cnn,010,44,10,10,128,0.1,79,1709,16688,0.10240891658676894,3622,3389,409199,409199,0.11816675869685257,0.0781855599463687,0.13176106170889282,0.13189731484213632,0.08476958294404931,0.12418728330287448,124.2486252784729,2.5113916397094727,scratch,MARINE_EXPERIMENTS_V2/FULL_SUITE/scratch/fathomnet__scratch_cnn__scratch_cnn__b010__s44/result.json,,,
complete,fathomnet__scratch_cnn__scratch_cnn__b005__s42,fathomnet,scratch_cnn,scratch_cnn,005,42,10,10,128,0.1,79,875,16688,0.05243288590604027,3622,3389,409199,409199,0.10242959690778575,0.06585377221133813,0.10812040063769593,0.11625848332841546,0.07689841265940295,0.1166023369152142,123.75361180305481,2.5116357803344727,scratch,MARINE_EXPERIMENTS_V2/FULL_SUITE/scratch/fathomnet__scratch_cnn__scratch_cnn__b005__s42/result.json,,,
complete,aqua20__scratch_cnn__scratch_cnn__b010__s43,aqua20,scratch_cnn,scratch_cnn,010,43,10,8,128,0.1,20,592,5842,0.10133515919205752,1164,1165,394036,394036,0.38917525773195877,0.08099850526305281,0.09257592196286135,0.39742489270386266,0.09201271742154539,0.10320499707072713,48.556838035583496,2.5113964080810547,scratch,MARINE_EXPERIMENTS_V2/FULL_SUITE/scratch/aqua20__scratch_cnn__scratch_cnn__b010__s43/result.json,,,
complete,fathomnet__resnet18__marine_adapter__b100__s42,fathomnet,resnet18,marine_adapter,100,42,10,10,64,0.1,79,16688,16688,1.0,3622,3389,11284175,107663,0.5220872446162341,0.5151190964214651,0.5297536412331382,0.5181469460017705,0.5091187422834837,0.5222612813508896,453.3723843097687,0.5993618965148926,width,MARINE_EXPERIMENTS_V2/FULL_SUITE/width/r64/fathomnet__resnet18__marine_adapter__b100__s42/result.json,True,,
complete,fathomnet__resnet18__marine_adapter__b100__s43,fathomnet,resnet18,marine_adapter,100,43,10,10,64,0.1,79,16688,16688,1.0,3622,3389,11284175,107663,0.5196024295969078,0.512675118246264,0.5292768382143415,0.5169666568309236,0.5087348722946712,0.5194251494827579,456.3129553794861,0.5993618965148926,width,MARINE_EXPERIMENTS_V2/FULL_SUITE/width/r64/fathomnet__resnet18__marine_adapter__b100__s43/result.json,True,,
complete,fathomnet__resnet18__marine_adapter__b010__s42,fathomnet,resnet18,marine_adapter,010,42,10,9,64,0.1,79,1709,16688,0.10240891658676894,3622,3389,11284175,107663,0.2150745444505798,0.19851952623340705,0.23023083454153323,0.2112717615815875,0.1889703236818967,0.21455936599116512,140.06966614723206,0.5989956855773926,width,MARINE_EXPERIMENTS_V2/FULL_SUITE/width/r64/fathomnet__resnet18__marine_adapter__b010__s42/result.json,True,,
complete,fathomnet__resnet18__marine_adapter__b010__s44,fathomnet,resnet18,marine_adapter,010,44,10,10,64,0.1,79,1709,16688,0.10240891658676894,3622,3389,11284175,107663,0.23771397018221976,0.22200053060084196,0.2520434558225731,0.23723812334021835,0.2153898745454191,0.2421315435145192,138.54369854927063,0.5989956855773926,width,MARINE_EXPERIMENTS_V2/FULL_SUITE/width/r64/fathomnet__resnet18__marine_adapter__b010__s44/result.json,True,,
complete,fathomnet__resnet18__marine_adapter__b100__s46,fathomnet,resnet18,marine_adapter,100,46,10,10,64,0.1,79,16688,16688,1.0,3622,3389,11284175,107663,0.5157371617890668,0.5055598599443937,0.5253110953096558,0.5160814399527884,0.5051282449038937,0.5195857309394396,454.87656021118164,0.5989956855773926,width,MARINE_EXPERIMENTS_V2/FULL_SUITE/width/r64/fathomnet__resnet18__marine_adapter__b100__s46/result.json,True,,
complete,fathomnet__resnet18__marine_adapter__b010__s45,fathomnet,resnet18,marine_adapter,010,45,10,10,64,0.1,79,1709,16688,0.10240891658676894,3622,3389,11284175,107663,0.24599668691330756,0.22165243585025862,0.2520864769217339,0.23664797875479493,0.21815485559686806,0.2486983212826655,134.69453597068787,0.5989956855773926,width,MARINE_EXPERIMENTS_V2/FULL_SUITE/width/r64/fathomnet__resnet18__marine_adapter__b010__s45/result.json,True,,
complete,fathomnet__resnet18__marine_adapter__b010__s46,fathomnet,resnet18,marine_adapter,010,46,10,10,64,0.1,79,1709,16688,0.10240891658676894,3622,3389,11284175,107663,0.23826615129762563,0.21705572642189525,0.253227269930027,0.23989377397462378,0.21284926095769205,0.249986665833739,136.42070508003235,0.5993618965148926,width,MARINE_EXPERIMENTS_V2/FULL_SUITE/width/r64/fathomnet__resnet18__marine_adapter__b010__s46/result.json,True,,
complete,fathomnet__resnet18__marine_adapter__b100__s44,fathomnet,resnet18,marine_adapter,100,44,10,7,64,0.1,79,16688,16688,1.0,3622,3389,11284175,107663,0.5196024295969078,0.5101570405442817,0.52896534236233,0.5045736205370316,0.4935395422810394,0.5084574768717228,446.7603418827057,0.5993618965148926,width,MARINE_EXPERIMENTS_V2/FULL_SUITE/width/r64/fathomnet__resnet18__marine_adapter__b100__s44/result.json,True,,
complete,fathomnet__resnet18__marine_adapter__b010__s43,fathomnet,resnet18,marine_adapter,010,43,10,10,64,0.1,79,1709,16688,0.10240891658676894,3622,3389,11284175,107663,0.23522915516289342,0.20731346971595652,0.24829994378895995,0.21068161699616406,0.1839656208756044,0.22340861588665376,136.0858929157257,0.5989956855773926,width,MARINE_EXPERIMENTS_V2/FULL_SUITE/width/r64/fathomnet__resnet18__marine_adapter__b010__s43/result.json,True,,
complete,fathomnet__resnet18__marine_adapter__b100__s45,fathomnet,resnet18,marine_adapter,100,45,10,9,64,0.1,79,16688,16688,1.0,3622,3389,11284175,107663,0.5281612368856985,0.5203718645326973,0.5404748957028984,0.519622307465329,0.509053650545592,0.5231705960135132,451.83921003341675,0.5989956855773926,width,MARINE_EXPERIMENTS_V2/FULL_SUITE/width/r64/fathomnet__resnet18__marine_adapter__b100__s45/result.json,True,,
complete,fathomnet__resnet18__marine_adapter__b100__s42,fathomnet,resnet18,marine_adapter,100,42,10,9,256,0.1,79,16688,16688,1.0,3622,3389,11480975,304463,0.5427940364439536,0.5364455802915437,0.5523567523519723,0.540277367955149,0.5329046779336939,0.5444840159843635,440.04750180244446,0.6022934913635254,width,MARINE_EXPERIMENTS_V2/FULL_SUITE/width/r256/fathomnet__resnet18__marine_adapter__b100__s42/result.json,True,,
complete,fathomnet__resnet18__marine_adapter__b100__s43,fathomnet,resnet18,marine_adapter,100,43,10,10,256,0.1,79,16688,16688,1.0,3622,3389,11480975,304463,0.5433462175593595,0.5348596378574001,0.5525600775576051,0.5337857775154913,0.5239722878923196,0.5354027796410578,455.3935971260071,0.6019272804260254,width,MARINE_EXPERIMENTS_V2/FULL_SUITE/width/r256/fathomnet__resnet18__marine_adapter__b100__s43/result.json,True,,
complete,fathomnet__resnet18__marine_adapter__b010__s42,fathomnet,resnet18,marine_adapter,010,42,10,10,256,0.1,79,1709,16688,0.10240891658676894,3622,3389,11480975,304463,0.270844837106571,0.24820164467721806,0.28593416464037086,0.29094128061375035,0.26808736512765813,0.2918365993812721,140.11007714271545,0.6019272804260254,width,MARINE_EXPERIMENTS_V2/FULL_SUITE/width/r256/fathomnet__resnet18__marine_adapter__b010__s42/result.json,True,,
complete,fathomnet__resnet18__marine_adapter__b010__s44,fathomnet,resnet18,marine_adapter,010,44,10,10,256,0.1,79,1709,16688,0.10240891658676894,3622,3389,11480975,304463,0.28851463279955825,0.2731270685179269,0.299482090619354,0.2930067866627324,0.2717592975742157,0.2984602977161156,139.61433839797974,0.6022934913635254,width,MARINE_EXPERIMENTS_V2/FULL_SUITE/width/r256/fathomnet__resnet18__marine_adapter__b010__s44/result.json,True,,
complete,fathomnet__resnet18__marine_adapter__b100__s46,fathomnet,resnet18,marine_adapter,100,46,10,9,256,0.1,79,16688,16688,1.0,3622,3389,11480975,304463,0.5452788514632799,0.5398910770399349,0.5539417209777195,0.5411625848332842,0.5303301858430612,0.5417693068670204,441.4732611179352,0.6019272804260254,width,MARINE_EXPERIMENTS_V2/FULL_SUITE/width/r256/fathomnet__resnet18__marine_adapter__b100__s46/result.json,True,,
complete,fathomnet__resnet18__marine_adapter__b010__s45,fathomnet,resnet18,marine_adapter,010,45,10,10,256,0.1,79,1709,16688,0.10240891658676894,3622,3389,11480975,304463,0.29569298729983434,0.26226214462829067,0.2991194885035914,0.2897609914429035,0.2704615184989289,0.2962158386113403,141.5117690563202,0.6022934913635254,width,MARINE_EXPERIMENTS_V2/FULL_SUITE/width/r256/fathomnet__resnet18__marine_adapter__b010__s45/result.json,True,,
complete,fathomnet__resnet18__marine_adapter__b010__s46,fathomnet,resnet18,marine_adapter,010,46,10,10,256,0.1,79,1709,16688,0.10240891658676894,3622,3389,11480975,304463,0.2846493649917173,0.2653616392343554,0.29996671446199774,0.29271171437002064,0.27585425961960225,0.29897293489611043,136.20794415473938,0.6022934913635254,width,MARINE_EXPERIMENTS_V2/FULL_SUITE/width/r256/fathomnet__resnet18__marine_adapter__b010__s46/result.json,True,,
complete,fathomnet__resnet18__marine_adapter__b100__s44,fathomnet,resnet18,marine_adapter,100,44,10,10,256,0.1,79,16688,16688,1.0,3622,3389,11480975,304463,0.5441744892324683,0.5360270824130735,0.5530500336259089,0.5370315727353202,0.5264284580424288,0.5403202658829674,459.63368797302246,0.6019272804260254,width,MARINE_EXPERIMENTS_V2/FULL_SUITE/width/r256/fathomnet__resnet18__marine_adapter__b100__s44/result.json,True,,
complete,fathomnet__resnet18__marine_adapter__b010__s43,fathomnet,resnet18,marine_adapter,010,43,10,10,256,0.1,79,1709,16688,0.10240891658676894,3622,3389,11480975,304463,0.2981778023191607,0.27709061096014864,0.3138314463734865,0.3018589554440838,0.2712545905372317,0.3008864100931067,133.40603494644165,0.6019272804260254,width,MARINE_EXPERIMENTS_V2/FULL_SUITE/width/r256/fathomnet__resnet18__marine_adapter__b010__s43/result.json,True,,
complete,fathomnet__resnet18__marine_adapter__b100__s45,fathomnet,resnet18,marine_adapter,100,45,10,10,256,0.1,79,16688,16688,1.0,3622,3389,11480975,304463,0.5392048591938156,0.5326548315682823,0.5486029180479783,0.5458837415166716,0.5351761664866329,0.5465837684004278,456.12857484817505,0.6019272804260254,width,MARINE_EXPERIMENTS_V2/FULL_SUITE/width/r256/fathomnet__resnet18__marine_adapter__b100__s45/result.json,True,,
complete,fathomnet__dinov2_small__marine_adapter__b100__s45,fathomnet,dinov2_small,marine_adapter,100,45,10,9,128,0.1,79,16688,16688,1.0,3622,3389,22186575,129999,0.6742131419105467,0.6725379344097918,0.6853187360320434,0.676600767187961,0.6655263302135811,0.6769839329470979,498.1709871292114,0.6205277442932129,core,MARINE_EXPERIMENTS_V2/FULL_SUITE/core/fathomnet__dinov2_small__marine_adapter__b100__s45/result.json,,,
complete,fathomnet__resnet18__last_block_ft__b100__s46,fathomnet,resnet18,last_block_ft,100,46,10,8,128,0.1,79,16688,16688,1.0,3622,3389,11217039,8434255,0.6546107123136389,0.6567064255705307,0.6693352069232869,0.6535851283564473,0.6439922549016003,0.6574288055767258,470.5521717071533,0.6926560401916504,core,MARINE_EXPERIMENTS_V2/FULL_SUITE/core/fathomnet__resnet18__last_block_ft__b100__s46/result.json,,,
complete,aqua20__resnet18__last_block_ft__b100__s45,aqua20,resnet18,last_block_ft,100,45,10,10,128,0.1,20,5842,5842,1.0,1164,1165,11186772,8403988,0.8152920962199313,0.5987910165426553,0.568836409382066,0.8377682403433476,0.6158045376086226,0.5935334547232154,149.92233538627625,0.6924777030944824,core,MARINE_EXPERIMENTS_V2/FULL_SUITE/core/aqua20__resnet18__last_block_ft__b100__s45/result.json,,,
complete,fathomnet__dinov2_small__last_block_ft__b005__s43,fathomnet,dinov2_small,last_block_ft,005,43,10,10,128,0.1,79,875,16688,0.05243288590604027,3622,3389,22086991,1806415,0.311982330204307,0.30119275136077694,0.31744300443756823,0.3036293892003541,0.29725919376244814,0.3129070209993008,141.68702173233032,0.9452447891235352,core,MARINE_EXPERIMENTS_V2/FULL_SUITE/core/fathomnet__dinov2_small__last_block_ft__b005__s43/result.json,,,
complete,fathomnet__dinov2_small__marine_adapter__b010__s46,fathomnet,dinov2_small,marine_adapter,010,46,10,10,128,0.1,79,1709,16688,0.10240891658676894,3622,3389,22186575,129999,0.3785201546107123,0.35373644923213027,0.38318530474157303,0.38713484803776926,0.3667563960963968,0.400346648256194,156.33677983283997,0.6207718849182129,core,MARINE_EXPERIMENTS_V2/FULL_SUITE/core/fathomnet__dinov2_small__marine_adapter__b010__s46/result.json,,,
complete,aqua20__resnet18__last_block_ft__b005__s42,aqua20,resnet18,last_block_ft,005,42,10,10,128,0.1,20,302,5842,0.05169462512838069,1164,1165,11186772,8403988,0.5764604810996563,0.10503712124523086,0.11791490861228586,0.5733905579399141,0.11176193029878936,0.12433128598177878,43.26138138771057,0.6913371086120605,core,MARINE_EXPERIMENTS_V2/FULL_SUITE/core/aqua20__resnet18__last_block_ft__b005__s42/result.json,,,
complete,aqua20__dinov2_small__mlp_head__b005__s46,aqua20,dinov2_small,mlp_head,005,46,10,9,128,0.1,20,302,5842,0.05169462512838069,1164,1165,22163860,107284,0.7053264604810997,0.21396003197477764,0.2148057874378281,0.721030042918455,0.23265378622634567,0.23620575072273695,52.84134030342102,0.620419979095459,core,MARINE_EXPERIMENTS_V2/FULL_SUITE/core/aqua20__dinov2_small__mlp_head__b005__s46/result.json,,,
complete,aqua20__dinov2_small__last_block_ft__b005__s46,aqua20,dinov2_small,last_block_ft,005,46,10,10,128,0.1,20,302,5842,0.05169462512838069,1164,1165,22064276,1783700,0.7517182130584192,0.39610219700158333,0.37724375084843265,0.7716738197424893,0.37770352311950695,0.36530255352245516,54.2770779132843,0.9451370239257812,core,MARINE_EXPERIMENTS_V2/FULL_SUITE/core/aqua20__dinov2_small__last_block_ft__b005__s46/result.json,,,
complete,fathomnet__dinov2_small__last_block_ft__b001__s46,fathomnet,dinov2_small,last_block_ft,001,46,10,9,128,0.1,79,220,16688,0.013183125599232981,3622,3389,22086991,1806415,0.0842076200993926,0.07689673205543737,0.08979505868627352,0.09471820596046031,0.08528184982286564,0.10137169479641767,122.8744444847107,0.9453363418579102,core,MARINE_EXPERIMENTS_V2/FULL_SUITE/core/fathomnet__dinov2_small__last_block_ft__b001__s46/result.json,,,
complete,aqua20__dinov2_small__marine_adapter__b005__s42,aqua20,dinov2_small,marine_adapter,005,42,10,10,128,0.1,20,302,5842,0.05169462512838069,1164,1165,22163860,107284,0.6030927835051546,0.11900556895499917,0.12672105258075925,0.5982832618025751,0.12447459642037681,0.13299577094866394,52.801199197769165,0.620419979095459,core,MARINE_EXPERIMENTS_V2/FULL_SUITE/core/aqua20__dinov2_small__marine_adapter__b005__s42/result.json,,,
complete,aqua20__resnet18__mlp_head__b100__s45,aqua20,resnet18,mlp_head,100,45,10,8,128,0.1,20,5842,5842,1.0,1164,1165,11319508,142996,0.7981099656357389,0.624559007787801,0.6262306950273108,0.8137339055793992,0.6411696271528079,0.6248626177013015,151.17315578460693,0.5998740196228027,core,MARINE_EXPERIMENTS_V2/FULL_SUITE/core/aqua20__resnet18__mlp_head__b100__s45/result.json,,,
complete,aqua20__resnet18__last_block_ft__b005__s45,aqua20,resnet18,last_block_ft,005,45,10,10,128,0.1,20,302,5842,0.05169462512838069,1164,1165,11186772,8403988,0.5850515463917526,0.10965838087367681,0.1230163743043827,0.5690987124463519,0.11177234287739975,0.12563430474605447,39.41669034957886,0.6922869682312012,core,MARINE_EXPERIMENTS_V2/FULL_SUITE/core/aqua20__resnet18__last_block_ft__b005__s45/result.json,,,
complete,aqua20__dinov2_small__mlp_head__b100__s45,aqua20,dinov2_small,mlp_head,100,45,10,9,128,0.1,20,5842,5842,1.0,1164,1165,22163860,107284,0.8951890034364262,0.8344067461799629,0.8309502608567033,0.9107296137339056,0.864683338795898,0.8612148755240202,170.55874156951904,0.620419979095459,core,MARINE_EXPERIMENTS_V2/FULL_SUITE/core/aqua20__dinov2_small__mlp_head__b100__s45/result.json,,,
complete,fathomnet__dinov2_small__last_block_ft__b010__s46,fathomnet,dinov2_small,last_block_ft,010,46,10,10,128,0.1,79,1709,16688,0.10240891658676894,3622,3389,22086991,1806415,0.49006073992269467,0.48316090920972504,0.4962375983537086,0.4821481262909413,0.4814328632735569,0.49462394715196073,164.24811816215515,0.9452447891235352,core,MARINE_EXPERIMENTS_V2/FULL_SUITE/core/fathomnet__dinov2_small__last_block_ft__b010__s46/result.json,,,
complete,fathomnet__resnet18__full_finetune__b010__s44,fathomnet,resnet18,full_finetune,010,44,10,10,128,0.1,79,1709,16688,0.10240891658676894,3622,3389,11217039,11217039,0.2766427388183324,0.25559932223668225,0.29602353113231633,0.3003835939805252,0.2784173250654065,0.3107425034201998,140.12583136558533,1.6962342262268066,core,MARINE_EXPERIMENTS_V2/FULL_SUITE/core/fathomnet__resnet18__full_finetune__b010__s44/result.json,,,
complete,fathomnet__resnet18__full_finetune__b100__s44,fathomnet,resnet18,full_finetune,100,44,10,8,128,0.1,79,16688,16688,1.0,3622,3389,11217039,11217039,0.6924351187189398,0.6946161977719135,0.7081045486915187,0.701386839775745,0.6888680206587824,0.7015369211125205,458.90382981300354,1.6951355934143066,core,MARINE_EXPERIMENTS_V2/FULL_SUITE/core/fathomnet__resnet18__full_finetune__b100__s44/result.json,,,
complete,aqua20__resnet18__linear_probe__b001__s44,aqua20,resnet18,linear_probe,001,44,10,7,128,0.1,20,70,5842,0.011982197877439232,1164,1165,11186772,10260,0.24828178694158076,0.03653879645663989,0.04529775082597638,0.2669527896995708,0.038978480461456855,0.049268001891367534,28.518167972564697,0.5970416069030762,core,MARINE_EXPERIMENTS_V2/FULL_SUITE/core/aqua20__resnet18__linear_probe__b001__s44/result.json,,,
complete,aqua20__dinov2_small__last_block_ft__b100__s43,aqua20,dinov2_small,last_block_ft,100,43,10,8,128,0.1,20,5842,5842,1.0,1164,1165,22064276,1783700,0.9063573883161512,0.8781874019976904,0.8738333417766617,0.9167381974248927,0.8858379632116635,0.8883428112555158,175.39626359939575,0.9451370239257812,core,MARINE_EXPERIMENTS_V2/FULL_SUITE/core/aqua20__dinov2_small__last_block_ft__b100__s43/result.json,,,
complete,fathomnet__resnet18__mlp_head__b010__s43,fathomnet,resnet18,mlp_head,010,43,10,10,128,0.1,79,1709,16688,0.10240891658676894,3622,3389,11349775,173263,0.30646051905024846,0.28213283861395766,0.3176978321410423,0.2933018589554441,0.27241505079684697,0.2949128846003879,136.93610501289368,0.6003384590148926,core,MARINE_EXPERIMENTS_V2/FULL_SUITE/core/fathomnet__resnet18__mlp_head__b010__s43/result.json,,,
complete,fathomnet__dinov2_small__last_block_ft__b010__s43,fathomnet,dinov2_small,last_block_ft,010,43,10,10,128,0.1,79,1709,16688,0.10240891658676894,3622,3389,22086991,1806415,0.46742131419105465,0.4582478873282138,0.47430901467218983,0.4653290056063736,0.4540683264117265,0.46851516776564855,147.11715650558472,0.9454889297485352,core,MARINE_EXPERIMENTS_V2/FULL_SUITE/core/fathomnet__dinov2_small__last_block_ft__b010__s43/result.json,,,
complete,aqua20__dinov2_small__last_block_ft__b010__s44,aqua20,dinov2_small,last_block_ft,010,44,10,9,128,0.1,20,592,5842,0.10133515919205752,1164,1165,22064276,1783700,0.813573883161512,0.5733777834745449,0.561496214798495,0.8240343347639485,0.5423671422448109,0.5296473965057487,67.0612256526947,0.9448928833007812,core,MARINE_EXPERIMENTS_V2/FULL_SUITE/core/aqua20__dinov2_small__last_block_ft__b010__s44/result.json,,,
complete,fathomnet__resnet18__last_block_ft__b001__s44,fathomnet,resnet18,last_block_ft,001,44,10,10,128,0.1,79,220,16688,0.013183125599232981,3622,3389,11217039,8434255,0.047487575924903366,0.04469368446493967,0.0544904956732319,0.051047506639126584,0.04773677364092208,0.05680959780695491,102.35701847076416,0.6931443214416504,core,MARINE_EXPERIMENTS_V2/FULL_SUITE/core/fathomnet__resnet18__last_block_ft__b001__s44/result.json,,,
complete,fathomnet__resnet18__linear_probe__b010__s42,fathomnet,resnet18,linear_probe,010,42,10,10,128,0.1,79,1709,16688,0.10240891658676894,3622,3389,11217039,40527,0.1559911651021535,0.14434864148446166,0.16905275389017624,0.1743877249926232,0.15246098076341183,0.18189233725624895,138.26009488105774,0.597994327545166,core,MARINE_EXPERIMENTS_V2/FULL_SUITE/core/fathomnet__resnet18__linear_probe__b010__s42/result.json,,,
complete,fathomnet__dinov2_small__full_finetune__b010__s44,fathomnet,dinov2_small,full_finetune,010,44,10,10,128,0.1,79,1709,16688,0.10240891658676894,3622,3389,22086991,22086991,0.552733296521259,0.5526353602473516,0.5651609183144973,0.5479492475656536,0.5409570555488845,0.5535380256180353,65.88560795783997,6.8849029541015625,core,MARINE_EXPERIMENTS_V2/FULL_SUITE/core/fathomnet__dinov2_small__full_finetune__b010__s44/result.json,,,
complete,aqua20__resnet18__linear_probe__b100__s44,aqua20,resnet18,linear_probe,100,44,10,9,128,0.1,20,5842,5842,1.0,1164,1165,11186772,10260,0.7302405498281787,0.3777288144494145,0.34346611359151835,0.7373390557939914,0.41319993993448295,0.37340880741951,154.77624702453613,0.5975298881530762,core,MARINE_EXPERIMENTS_V2/FULL_SUITE/core/aqua20__resnet18__linear_probe__b100__s44/result.json,,,
complete,aqua20__resnet18__mlp_head__b100__s44,aqua20,resnet18,mlp_head,100,44,10,9,128,0.1,20,5842,5842,1.0,1164,1165,11319508,142996,0.8127147766323024,0.6494570157741708,0.6285258069670332,0.8171673819742489,0.6562896814226717,0.644949715940466,150.5341877937317,0.5998740196228027,core,MARINE_EXPERIMENTS_V2/FULL_SUITE/core/aqua20__resnet18__mlp_head__b100__s44/result.json,,,
complete,fathomnet__resnet18__full_finetune__b100__s45,fathomnet,resnet18,full_finetune,100,45,10,10,128,0.1,79,16688,16688,1.0,3622,3389,11217039,11217039,0.6924351187189398,0.6939265728650675,0.7073508798543959,0.7040424904101504,0.6941098694119909,0.704826996163315,465.08918380737305,1.6951355934143066,core,MARINE_EXPERIMENTS_V2/FULL_SUITE/core/fathomnet__resnet18__full_finetune__b100__s45/result.json,,,
complete,aqua20__resnet18__full_finetune__b100__s43,aqua20,resnet18,full_finetune,100,43,10,9,128,0.1,20,5842,5842,1.0,1164,1165,11186772,11186772,0.8298969072164949,0.6577509435398259,0.6330779885512009,0.8523605150214593,0.6530433091035405,0.6377866813812179,161.2962658405304,1.6946711540222168,core,MARINE_EXPERIMENTS_V2/FULL_SUITE/core/aqua20__resnet18__full_finetune__b100__s43/result.json,,,
complete,aqua20__dinov2_small__mlp_head__b001__s45,aqua20,dinov2_small,mlp_head,001,45,10,10,128,0.1,20,70,5842,0.011982197877439232,1164,1165,22163860,107284,0.6056701030927835,0.15579294131175958,0.14763881922771532,0.6060085836909871,0.15063643030331353,0.14828248768608765,50.46664071083069,0.620419979095459,core,MARINE_EXPERIMENTS_V2/FULL_SUITE/core/aqua20__dinov2_small__mlp_head__b001__s45/result.json,,,
complete,aqua20__resnet18__last_block_ft__b005__s44,aqua20,resnet18,last_block_ft,005,44,10,10,128,0.1,20,302,5842,0.05169462512838069,1164,1165,11186772,8403988,0.5472508591065293,0.09759920652120868,0.10752955949234233,0.5502145922746781,0.10036925952466132,0.11298568837496714,39.58552384376526,0.6913371086120605,core,MARINE_EXPERIMENTS_V2/FULL_SUITE/core/aqua20__resnet18__last_block_ft__b005__s44/result.json,,,
complete,aqua20__resnet18__full_finetune__b100__s46,aqua20,resnet18,full_finetune,100,46,10,10,128,0.1,20,5842,5842,1.0,1164,1165,11186772,11186772,0.8393470790378007,0.6587572803844358,0.6367857424894258,0.8472103004291845,0.6415941497128984,0.6208087960526136,184.88363671302795,1.6946711540222168,core,MARINE_EXPERIMENTS_V2/FULL_SUITE/core/aqua20__resnet18__full_finetune__b100__s46/result.json,,,
complete,aqua20__dinov2_small__full_finetune__b010__s46,aqua20,dinov2_small,full_finetune,010,46,10,9,128,0.1,20,592,5842,0.10133515919205752,1164,1165,22064276,22064276,0.813573883161512,0.5421586383083529,0.5147578993390141,0.8042918454935623,0.4718263687214785,0.46319911493111965,71.0603346824646,6.884612083435059,core,MARINE_EXPERIMENTS_V2/FULL_SUITE/core/aqua20__dinov2_small__full_finetune__b010__s46/result.json,,,
complete,fathomnet__resnet18__linear_probe__b005__s44,fathomnet,resnet18,linear_probe,005,44,10,10,128,0.1,79,875,16688,0.05243288590604027,3622,3389,11217039,40527,0.07040309221424627,0.06342205663677822,0.07948543819791393,0.06816169961640602,0.05646904325060137,0.07867791672551894,114.40463423728943,0.598360538482666,core,MARINE_EXPERIMENTS_V2/FULL_SUITE/core/fathomnet__resnet18__linear_probe__b005__s44/result.json,,,
complete,fathomnet__dinov2_small__mlp_head__b001__s46,fathomnet,dinov2_small,mlp_head,001,46,10,9,128,0.1,79,220,16688,0.013183125599232981,3622,3389,22186575,129999,0.07233572611816676,0.06415272000272373,0.07997462793893821,0.06698141044555916,0.057029084994057,0.0722612319091923,121.24314904212952,0.6205277442932129,core,MARINE_EXPERIMENTS_V2/FULL_SUITE/core/fathomnet__dinov2_small__mlp_head__b001__s46/result.json,,,
complete,fathomnet__resnet18__mlp_head__b001__s42,fathomnet,resnet18,mlp_head,001,42,10,10,128,0.1,79,220,16688,0.013183125599232981,3622,3389,11349775,173263,0.06432909994478189,0.048218111969721734,0.07196184200119199,0.045736205370315725,0.036509428525009435,0.05444412839304081,104.03728151321411,0.6003384590148926,core,MARINE_EXPERIMENTS_V2/FULL_SUITE/core/fathomnet__resnet18__mlp_head__b001__s42/result.json,,,
complete,aqua20__resnet18__full_finetune__b001__s44,aqua20,resnet18,full_finetune,001,44,10,9,128,0.1,20,70,5842,0.011982197877439232,1164,1165,11186772,11186772,0.42955326460481097,0.06895321393848218,0.07993164520728369,0.45493562231759654,0.07715566027490164,0.08912271579472604,34.38315963745117,1.0120491981506348,core,MARINE_EXPERIMENTS_V2/FULL_SUITE/core/aqua20__resnet18__full_finetune__b001__s44/result.json,,,
complete,fathomnet__resnet18__mlp_head__b010__s46,fathomnet,resnet18,mlp_head,010,46,10,10,128,0.1,79,1709,16688,0.10240891658676894,3622,3389,11349775,173263,0.29486471562672556,0.2699775000378186,0.31033859914779605,0.28444969017409266,0.26542618261246115,0.29573524637512194,133.1288764476776,0.5999722480773926,core,MARINE_EXPERIMENTS_V2/FULL_SUITE/core/fathomnet__resnet18__mlp_head__b010__s46/result.json,,,
complete,aqua20__resnet18__full_finetune__b100__s45,aqua20,resnet18,full_finetune,100,45,10,9,128,0.1,20,5842,5842,1.0,1164,1165,11186772,11186772,0.8350515463917526,0.6476967038956933,0.6190225956246308,0.8420600858369098,0.6200237775145261,0.5979394887797592,160.38684630393982,1.6946711540222168,core,MARINE_EXPERIMENTS_V2/FULL_SUITE/core/aqua20__resnet18__full_finetune__b100__s45/result.json,,,
complete,fathomnet__resnet18__marine_adapter__b001__s44,fathomnet,resnet18,marine_adapter,001,44,10,9,128,0.1,79,220,16688,0.013183125599232981,3622,3389,11349775,173263,0.03147432357813363,0.027110339899064664,0.03458272306200792,0.03717910888167601,0.029279831480100098,0.03662027941400912,105.7716863155365,0.5999722480773926,core,MARINE_EXPERIMENTS_V2/FULL_SUITE/core/fathomnet__resnet18__marine_adapter__b001__s44/result.json,,,
complete,aqua20__dinov2_small__linear_probe__b100__s45,aqua20,dinov2_small,linear_probe,100,45,10,8,128,0.1,20,5842,5842,1.0,1164,1165,22064276,7700,0.8608247422680413,0.771402863315171,0.7564157650605973,0.886695278969957,0.8284050023799091,0.8181239615832284,168.49027919769287,0.6186919212341309,core,MARINE_EXPERIMENTS_V2/FULL_SUITE/core/aqua20__dinov2_small__linear_probe__b100__s45/result.json,,,
complete,aqua20__dinov2_small__mlp_head__b005__s42,aqua20,dinov2_small,mlp_head,005,42,10,9,128,0.1,20,302,5842,0.05169462512838069,1164,1165,22163860,107284,0.7104810996563574,0.22838785594570132,0.22845125921408097,0.7072961373390558,0.22474364462863616,0.2296347942426465,56.533530950546265,0.620175838470459,core,MARINE_EXPERIMENTS_V2/FULL_SUITE/core/aqua20__dinov2_small__mlp_head__b005__s42/result.json,,,
complete,fathomnet__resnet18__last_block_ft__b100__s42,fathomnet,resnet18,last_block_ft,100,42,10,9,128,0.1,79,16688,16688,1.0,3622,3389,11217039,8434255,0.6601325234676974,0.6591759072869731,0.6714668026912569,0.6459132487459428,0.6375974825500891,0.6471737887310927,476.57764959335327,0.6918015480041504,core,MARINE_EXPERIMENTS_V2/FULL_SUITE/core/fathomnet__resnet18__last_block_ft__b100__s42/result.json,,,
complete,aqua20__resnet18__full_finetune__b001__s42,aqua20,resnet18,full_finetune,001,42,10,9,128,0.1,20,70,5842,0.011982197877439232,1164,1165,11186772,11186772,0.3805841924398625,0.06425719872104403,0.07583815769370363,0.3605150214592275,0.06864001313317233,0.0778365036424766,39.18280220031738,1.0120491981506348,core,MARINE_EXPERIMENTS_V2/FULL_SUITE/core/aqua20__resnet18__full_finetune__b001__s42/result.json,,,
complete,aqua20__dinov2_small__linear_probe__b005__s42,aqua20,dinov2_small,linear_probe,005,42,10,10,128,0.1,20,302,5842,0.05169462512838069,1164,1165,22064276,7700,0.3436426116838488,0.11002186449662857,0.11763979696806268,0.3218884120171674,0.13767080516490462,0.1460613168624221,56.546809911727905,0.6189360618591309,core,MARINE_EXPERIMENTS_V2/FULL_SUITE/core/aqua20__dinov2_small__linear_probe__b005__s42/result.json,,,
complete,fathomnet__dinov2_small__last_block_ft__b100__s44,fathomnet,dinov2_small,last_block_ft,100,44,10,8,128,0.1,79,16688,16688,1.0,3622,3389,22086991,1806415,0.7308117062396466,0.7299487073355089,0.7424398346411274,0.7317792859250516,0.7220401781687698,0.734919909032727,513.379163980484,0.9454889297485352,core,MARINE_EXPERIMENTS_V2/FULL_SUITE/core/fathomnet__dinov2_small__last_block_ft__b100__s44/result.json,,,
complete,fathomnet__resnet18__marine_adapter__b100__s42,fathomnet,resnet18,marine_adapter,100,42,10,10,128,0.1,79,16688,16688,1.0,3622,3389,11349775,173263,0.5314743235781336,0.5243688492078952,0.5407433542866665,0.5284744762466804,0.5184478959781635,0.5297558059690959,454.9645583629608,0.6003384590148926,core,MARINE_EXPERIMENTS_V2/FULL_SUITE/core/fathomnet__resnet18__marine_adapter__b100__s42/result.json,,,
complete,aqua20__dinov2_small__linear_probe__b001__s45,aqua20,dinov2_small,linear_probe,001,45,10,10,128,0.1,20,70,5842,0.011982197877439232,1164,1165,22064276,7700,0.29553264604810997,0.11001459640744578,0.12820325675003347,0.3133047210300429,0.11607918116441085,0.15092724623840836,50.870020389556885,0.6186919212341309,core,MARINE_EXPERIMENTS_V2/FULL_SUITE/core/aqua20__dinov2_small__linear_probe__b001__s45/result.json,,,
complete,aqua20__dinov2_small__full_finetune__b100__s43,aqua20,dinov2_small,full_finetune,100,43,10,7,128,0.1,20,5842,5842,1.0,1164,1165,22064276,22064276,0.8969072164948454,0.8399914455182589,0.8153677670196858,0.9107296137339056,0.8607895555216636,0.830511520305318,267.1696789264679,6.885344505310059,core,MARINE_EXPERIMENTS_V2/FULL_SUITE/core/aqua20__dinov2_small__full_finetune__b100__s43/result.json,,,
complete,aqua20__resnet18__mlp_head__b010__s46,aqua20,resnet18,mlp_head,010,46,10,10,128,0.1,20,592,5842,0.10133515919205752,1164,1165,11319508,142996,0.6417525773195877,0.17361424580543763,0.16775935171015283,0.632618025751073,0.17400456384241608,0.1704399370656851,47.63397836685181,0.5995078086853027,core,MARINE_EXPERIMENTS_V2/FULL_SUITE/core/aqua20__resnet18__mlp_head__b010__s46/result.json,,,
complete,fathomnet__resnet18__marine_adapter__b005__s44,fathomnet,resnet18,marine_adapter,005,44,10,10,128,0.1,79,875,16688,0.05243288590604027,3622,3389,11349775,173263,0.13666482606294864,0.1212305476076186,0.14473627189811863,0.14517556801416348,0.12515131534267349,0.14707439384935939,120.90336394309998,0.6003384590148926,core,MARINE_EXPERIMENTS_V2/FULL_SUITE/core/fathomnet__resnet18__marine_adapter__b005__s44/result.json,,,
complete,fathomnet__dinov2_small__last_block_ft__b100__s46,fathomnet,dinov2_small,last_block_ft,100,46,10,9,128,0.1,79,16688,16688,1.0,3622,3389,22086991,1806415,0.7429596907785754,0.7424973035599698,0.7508335142649365,0.7462378282679256,0.7372349101281795,0.7469818214402819,461.63201451301575,0.9454889297485352,core,MARINE_EXPERIMENTS_V2/FULL_SUITE/core/fathomnet__dinov2_small__last_block_ft__b100__s46/result.json,,,
complete,aqua20__resnet18__marine_adapter__b005__s42,aqua20,resnet18,marine_adapter,005,42,10,10,128,0.1,20,302,5842,0.05169462512838069,1164,1165,11319508,142996,0.4802405498281787,0.07616346038547103,0.08846208963119573,0.4652360515021459,0.07356534882451445,0.08716622686867777,43.190603256225586,0.5998740196228027,core,MARINE_EXPERIMENTS_V2/FULL_SUITE/core/aqua20__resnet18__marine_adapter__b005__s42/result.json,,,
complete,aqua20__dinov2_small__linear_probe__b010__s43,aqua20,dinov2_small,linear_probe,010,43,10,10,128,0.1,20,592,5842,0.10133515919205752,1164,1165,22064276,7700,0.5695876288659794,0.20372902707242976,0.19238897586572334,0.5545064377682404,0.16701629655273487,0.1650752704189153,64.45495748519897,0.6186919212341309,core,MARINE_EXPERIMENTS_V2/FULL_SUITE/core/aqua20__dinov2_small__linear_probe__b010__s43/result.json,,,
complete,aqua20__resnet18__linear_probe__b100__s43,aqua20,resnet18,linear_probe,100,43,10,9,128,0.1,20,5842,5842,1.0,1164,1165,11186772,10260,0.7250859106529209,0.38738456317332615,0.3438441247258581,0.7459227467811159,0.44177574646359774,0.3916972346115209,150.30008101463318,0.5975298881530762,core,MARINE_EXPERIMENTS_V2/FULL_SUITE/core/aqua20__resnet18__linear_probe__b100__s43/result.json,,,
complete,aqua20__dinov2_small__last_block_ft__b100__s44,aqua20,dinov2_small,last_block_ft,100,44,10,10,128,0.1,20,5842,5842,1.0,1164,1165,22064276,1783700,0.9012027491408935,0.8633691950590359,0.8627467691348247,0.9175965665236051,0.8744514403511335,0.8773445746590092,174.26039123535156,0.9451370239257812,core,MARINE_EXPERIMENTS_V2/FULL_SUITE/core/aqua20__dinov2_small__last_block_ft__b100__s44/result.json,,,
complete,aqua20__dinov2_small__mlp_head__b005__s43,aqua20,dinov2_small,mlp_head,005,43,10,9,128,0.1,20,302,5842,0.05169462512838069,1164,1165,22163860,107284,0.7053264604810997,0.22731959472187696,0.22272824701584687,0.7218884120171674,0.23462308038154064,0.23174934503496494,55.17341113090515,0.620175838470459,core,MARINE_EXPERIMENTS_V2/FULL_SUITE/core/aqua20__dinov2_small__mlp_head__b005__s43/result.json,,,
complete,aqua20__dinov2_small__full_finetune__b001__s46,aqua20,dinov2_small,full_finetune,001,46,10,9,128,0.1,20,70,5842,0.011982197877439232,1164,1165,22064276,22064276,0.6005154639175257,0.17718947561621926,0.1783288058799927,0.6085836909871245,0.18903298706459437,0.19385803016545466,46.18548035621643,3.97794771194458,core,MARINE_EXPERIMENTS_V2/FULL_SUITE/core/aqua20__dinov2_small__full_finetune__b001__s46/result.json,,,
complete,fathomnet__dinov2_small__full_finetune__b010__s45,fathomnet,dinov2_small,full_finetune,010,45,10,10,128,0.1,79,1709,16688,0.10240891658676894,3622,3389,22086991,22086991,0.5784097183876311,0.5732242529487781,0.5895742744688858,0.5833579226910593,0.570567521731786,0.5819941463685158,198.28814578056335,6.8859405517578125,core,MARINE_EXPERIMENTS_V2/FULL_SUITE/core/fathomnet__dinov2_small__full_finetune__b010__s45/result.json,,,
complete,aqua20__resnet18__marine_adapter__b001__s44,aqua20,resnet18,marine_adapter,001,44,10,6,128,0.1,20,70,5842,0.011982197877439232,1164,1165,11319508,142996,0.3582474226804124,0.05475324087818256,0.07270692150921675,0.3278969957081545,0.04477545102967747,0.05942975359828513,36.93699240684509,0.5990195274353027,core,MARINE_EXPERIMENTS_V2/FULL_SUITE/core/aqua20__resnet18__marine_adapter__b001__s44/result.json,,,
complete,fathomnet__resnet18__last_block_ft__b001__s43,fathomnet,resnet18,last_block_ft,001,43,10,10,128,0.1,79,220,16688,0.013183125599232981,3622,3389,11217039,8434255,0.04362230811706239,0.03512887588273951,0.052305030873261264,0.035998819710829154,0.029770416521825868,0.04070970591953847,103.11141538619995,0.6931443214416504,core,MARINE_EXPERIMENTS_V2/FULL_SUITE/core/fathomnet__resnet18__last_block_ft__b001__s43/result.json,,,
complete,aqua20__dinov2_small__mlp_head__b010__s46,aqua20,dinov2_small,mlp_head,010,46,10,9,128,0.1,20,592,5842,0.10133515919205752,1164,1165,22163860,107284,0.7826460481099656,0.39451884017586475,0.37883673296632975,0.7896995708154506,0.38107579202968356,0.36829603588837295,63.808018922805786,0.620175838470459,core,MARINE_EXPERIMENTS_V2/FULL_SUITE/core/aqua20__dinov2_small__mlp_head__b010__s46/result.json,,,
complete,fathomnet__dinov2_small__linear_probe__b005__s42,fathomnet,dinov2_small,linear_probe,005,42,10,10,128,0.1,79,875,16688,0.05243288590604027,3622,3389,22086991,30415,0.14715626725565986,0.1364950818730479,0.152383054723779,0.1398642667453526,0.12748862101452973,0.14507047174807108,126.02540135383606,0.6192879676818848,core,MARINE_EXPERIMENTS_V2/FULL_SUITE/core/fathomnet__dinov2_small__linear_probe__b005__s42/result.json,,,
complete,fathomnet__resnet18__last_block_ft__b005__s43,fathomnet,resnet18,last_block_ft,005,43,10,10,128,0.1,79,875,16688,0.05243288590604027,3622,3389,11217039,8434255,0.19988956377691883,0.17985902576888524,0.2137294879929034,0.1909117733844792,0.1788693357859369,0.20730914453926513,118.7484245300293,0.6919188499450684,core,MARINE_EXPERIMENTS_V2/FULL_SUITE/core/fathomnet__resnet18__last_block_ft__b005__s43/result.json,,,
complete,aqua20__resnet18__marine_adapter__b001__s45,aqua20,resnet18,marine_adapter,001,45,10,10,128,0.1,20,70,5842,0.011982197877439232,1164,1165,11319508,142996,0.30498281786941583,0.04690802858699163,0.0588066017907695,0.3201716738197425,0.044673173669075306,0.06052098217982839,34.73818254470825,0.5990195274353027,core,MARINE_EXPERIMENTS_V2/FULL_SUITE/core/aqua20__resnet18__marine_adapter__b001__s45/result.json,,,
complete,fathomnet__dinov2_small__mlp_head__b001__s45,fathomnet,dinov2_small,mlp_head,001,45,10,9,128,0.1,79,220,16688,0.013183125599232981,3622,3389,22186575,129999,0.06626173384870238,0.05631904308671248,0.0748730636911392,0.07435821776335202,0.05881298848612115,0.07351763457573111,118.02065014839172,0.6207718849182129,core,MARINE_EXPERIMENTS_V2/FULL_SUITE/core/fathomnet__dinov2_small__mlp_head__b001__s45/result.json,,,
complete,aqua20__dinov2_small__last_block_ft__b001__s43,aqua20,dinov2_small,last_block_ft,001,43,10,10,128,0.1,20,70,5842,0.011982197877439232,1164,1165,22064276,1783700,0.5420962199312714,0.11374086563916135,0.12013859459738004,0.5373390557939914,0.11313240916887508,0.12223766817437079,55.7983512878418,0.6422309875488281,core,MARINE_EXPERIMENTS_V2/FULL_SUITE/core/aqua20__dinov2_small__last_block_ft__b001__s43/result.json,,,
complete,aqua20__resnet18__mlp_head__b005__s42,aqua20,resnet18,mlp_head,005,42,10,10,128,0.1,20,302,5842,0.05169462512838069,1164,1165,11319508,142996,0.5627147766323024,0.09915170459323017,0.11159439863906387,0.5467811158798284,0.09856916513953926,0.11114996459211243,45.21346068382263,0.5995078086853027,core,MARINE_EXPERIMENTS_V2/FULL_SUITE/core/aqua20__resnet18__mlp_head__b005__s42/result.json,,,
complete,aqua20__dinov2_small__mlp_head__b005__s44,aqua20,dinov2_small,mlp_head,005,44,10,10,128,0.1,20,302,5842,0.05169462512838069,1164,1165,22163860,107284,0.7018900343642611,0.19884572688988902,0.20252116095897815,0.6995708154506438,0.19862525068503123,0.20639847763761737,51.43369269371033,0.620175838470459,core,MARINE_EXPERIMENTS_V2/FULL_SUITE/core/aqua20__dinov2_small__mlp_head__b005__s44/result.json,,,
complete,aqua20__dinov2_small__marine_adapter__b001__s45,aqua20,dinov2_small,marine_adapter,001,45,10,10,128,0.1,20,70,5842,0.011982197877439232,1164,1165,22163860,107284,0.26890034364261167,0.07926830479032995,0.08947620855439373,0.27896995708154504,0.08810673454304944,0.10062848372561801,48.538381814956665,0.620175838470459,core,MARINE_EXPERIMENTS_V2/FULL_SUITE/core/aqua20__dinov2_small__marine_adapter__b001__s45/result.json,,,
complete,fathomnet__dinov2_small__last_block_ft__b001__s44,fathomnet,dinov2_small,last_block_ft,001,44,10,9,128,0.1,79,220,16688,0.013183125599232981,3622,3389,22086991,1806415,0.053561568194367755,0.04789988094617806,0.0582889393137674,0.05193272351726173,0.048085851231083984,0.05808391942427628,124.69410991668701,0.9455804824829102,core,MARINE_EXPERIMENTS_V2/FULL_SUITE/core/fathomnet__dinov2_small__last_block_ft__b001__s44/result.json,,,
complete,fathomnet__resnet18__linear_probe__b100__s42,fathomnet,resnet18,linear_probe,100,42,10,10,128,0.1,79,16688,16688,1.0,3622,3389,11217039,40527,0.4318056322473771,0.4258491939962228,0.44720564568411386,0.42637946296842727,0.41904491567395313,0.4299352688916287,453.29332160949707,0.598360538482666,core,MARINE_EXPERIMENTS_V2/FULL_SUITE/core/fathomnet__resnet18__linear_probe__b100__s42/result.json,,,
complete,fathomnet__dinov2_small__last_block_ft__b001__s43,fathomnet,dinov2_small,last_block_ft,001,43,10,10,128,0.1,79,220,16688,0.013183125599232981,3622,3389,22086991,1806415,0.0811706239646604,0.07308794881013975,0.08649210695239866,0.06875184420182945,0.05794749991627389,0.07099233759888071,124.23261880874634,0.9455804824829102,core,MARINE_EXPERIMENTS_V2/FULL_SUITE/core/fathomnet__dinov2_small__last_block_ft__b001__s43/result.json,,,
complete,fathomnet__dinov2_small__full_finetune__b005__s46,fathomnet,dinov2_small,full_finetune,005,46,10,9,128,0.1,79,875,16688,0.05243288590604027,3622,3389,22086991,22086991,0.44422970734400885,0.43555340441857926,0.4508244305244986,0.4538211861906167,0.4444096821053974,0.4619901064187077,165.25214195251465,6.8856964111328125,core,MARINE_EXPERIMENTS_V2/FULL_SUITE/core/fathomnet__dinov2_small__full_finetune__b005__s46/result.json,,,
complete,aqua20__dinov2_small__marine_adapter__b001__s42,aqua20,dinov2_small,marine_adapter,001,42,10,7,128,0.1,20,70,5842,0.011982197877439232,1164,1165,22163860,107284,0.3960481099656357,0.09410794030917631,0.10583975214189818,0.3785407725321888,0.07318969459885652,0.0854414615876824,48.598448276519775,0.620175838470459,core,MARINE_EXPERIMENTS_V2/FULL_SUITE/core/aqua20__dinov2_small__marine_adapter__b001__s42/result.json,,,
complete,aqua20__resnet18__mlp_head__b005__s46,aqua20,resnet18,mlp_head,005,46,10,8,128,0.1,20,302,5842,0.05169462512838069,1164,1165,11319508,142996,0.5670103092783505,0.09889508575213588,0.1126693908337304,0.5682403433476395,0.10236856305889608,0.11822384883412689,41.09680533409119,0.5998740196228027,core,MARINE_EXPERIMENTS_V2/FULL_SUITE/core/aqua20__resnet18__mlp_head__b005__s46/result.json,,,
complete,fathomnet__resnet18__mlp_head__b010__s45,fathomnet,resnet18,mlp_head,010,45,10,9,128,0.1,79,1709,16688,0.10240891658676894,3622,3389,11349775,173263,0.30646051905024846,0.2790069936415982,0.31697654199485664,0.2823841841251106,0.2609427353930715,0.2866394897595246,135.94523215293884,0.5999722480773926,core,MARINE_EXPERIMENTS_V2/FULL_SUITE/core/fathomnet__resnet18__mlp_head__b010__s45/result.json,,,
complete,fathomnet__resnet18__full_finetune__b005__s44,fathomnet,resnet18,full_finetune,005,44,10,10,128,0.1,79,875,16688,0.05243288590604027,3622,3389,11217039,11217039,0.169243511871894,0.15400018891466474,0.18558407660057097,0.17999409855414578,0.1516005950156337,0.1836952779780207,127.86778140068054,1.6962342262268066,core,MARINE_EXPERIMENTS_V2/FULL_SUITE/core/fathomnet__resnet18__full_finetune__b005__s44/result.json,,,
complete,fathomnet__resnet18__linear_probe__b005__s42,fathomnet,resnet18,linear_probe,005,42,10,9,128,0.1,79,875,16688,0.05243288590604027,3622,3389,11217039,40527,0.07399226946438432,0.05562722369183339,0.0761505395108975,0.07317792859250516,0.055949662902227075,0.0812807900074474,119.05866193771362,0.598360538482666,core,MARINE_EXPERIMENTS_V2/FULL_SUITE/core/fathomnet__resnet18__linear_probe__b005__s42/result.json,,,
complete,fathomnet__dinov2_small__linear_probe__b010__s44,fathomnet,dinov2_small,linear_probe,010,44,10,10,128,0.1,79,1709,16688,0.10240891658676894,3622,3389,22086991,30415,0.30397570403092217,0.287214685382305,0.30361499478299464,0.28651519622307464,0.26904218689627946,0.2926748686179632,148.97518014907837,0.6192879676818848,core,MARINE_EXPERIMENTS_V2/FULL_SUITE/core/fathomnet__dinov2_small__linear_probe__b010__s44/result.json,,,
complete,fathomnet__resnet18__full_finetune__b001__s43,fathomnet,resnet18,full_finetune,001,43,10,8,128,0.1,79,220,16688,0.013183125599232981,3622,3389,11217039,11217039,0.030369961347321922,0.025889986862123314,0.0345092376320133,0.03039244614930658,0.02649487160234664,0.03323004904430425,106.00581979751587,1.6951355934143066,core,MARINE_EXPERIMENTS_V2/FULL_SUITE/core/fathomnet__resnet18__full_finetune__b001__s43/result.json,,,
complete,fathomnet__resnet18__mlp_head__b010__s42,fathomnet,resnet18,mlp_head,010,42,10,10,128,0.1,79,1709,16688,0.10240891658676894,3622,3389,11349775,173263,0.2943125345113197,0.2693551861691307,0.30510771834286415,0.30421953378577754,0.2790735837574945,0.3084476065963871,137.67456817626953,0.6003384590148926,core,MARINE_EXPERIMENTS_V2/FULL_SUITE/core/fathomnet__resnet18__mlp_head__b010__s42/result.json,,,
complete,aqua20__dinov2_small__linear_probe__b100__s43,aqua20,dinov2_small,linear_probe,100,43,10,9,128,0.1,20,5842,5842,1.0,1164,1165,22064276,7700,0.865979381443299,0.80495318481598,0.7834072144383321,0.8806866952789699,0.8165713088993514,0.8041860879817113,163.7773962020874,0.6186919212341309,core,MARINE_EXPERIMENTS_V2/FULL_SUITE/core/aqua20__dinov2_small__linear_probe__b100__s43/result.json,,,
complete,fathomnet__resnet18__linear_probe__b005__s43,fathomnet,resnet18,linear_probe,005,43,10,9,128,0.1,79,875,16688,0.05243288590604027,3622,3389,11217039,40527,0.07730535615681944,0.06508273127510587,0.09311834116809549,0.07524343464148717,0.06326642087309005,0.08176303068762907,120.95708346366882,0.598360538482666,core,MARINE_EXPERIMENTS_V2/FULL_SUITE/core/fathomnet__resnet18__linear_probe__b005__s43/result.json,,,
complete,aqua20__resnet18__marine_adapter__b001__s46,aqua20,resnet18,marine_adapter,001,46,10,8,128,0.1,20,70,5842,0.011982197877439232,1164,1165,11319508,142996,0.4484536082474227,0.0947931372625431,0.0983118740099511,0.45064377682403434,0.09171091811120065,0.09720123159625084,35.43896842002869,0.5993857383728027,core,MARINE_EXPERIMENTS_V2/FULL_SUITE/core/aqua20__resnet18__marine_adapter__b001__s46/result.json,,,
complete,aqua20__resnet18__linear_probe__b005__s44,aqua20,resnet18,linear_probe,005,44,10,8,128,0.1,20,302,5842,0.05169462512838069,1164,1165,11186772,10260,0.35223367697594504,0.04180076021539436,0.056425495449958604,0.35708154506437767,0.04708962971639565,0.06090202487353722,28.981792449951172,0.5978960990905762,core,MARINE_EXPERIMENTS_V2/FULL_SUITE/core/aqua20__resnet18__linear_probe__b005__s44/result.json,,,
complete,fathomnet__dinov2_small__last_block_ft__b005__s45,fathomnet,dinov2_small,last_block_ft,005,45,10,10,128,0.1,79,875,16688,0.05243288590604027,3622,3389,22086991,1806415,0.308117062396466,0.3038070949291424,0.318814250725385,0.3201534375922101,0.31611587330973917,0.3282171568985664,142.8406903743744,0.9454889297485352,core,MARINE_EXPERIMENTS_V2/FULL_SUITE/core/fathomnet__dinov2_small__last_block_ft__b005__s45/result.json,,,
complete,aqua20__resnet18__full_finetune__b005__s45,aqua20,resnet18,full_finetune,005,45,10,9,128,0.1,20,302,5842,0.05169462512838069,1164,1165,11186772,11186772,0.5824742268041238,0.10889085044361121,0.12221545440410309,0.5716738197424893,0.11398533482042703,0.1268976994189686,38.831183433532715,1.6946711540222168,core,MARINE_EXPERIMENTS_V2/FULL_SUITE/core/aqua20__resnet18__full_finetune__b005__s45/result.json,,,
complete,aqua20__resnet18__full_finetune__b010__s43,aqua20,resnet18,full_finetune,010,43,10,10,128,0.1,20,592,5842,0.10133515919205752,1164,1165,11186772,11186772,0.6202749140893471,0.15442588472197832,0.15117923296363428,0.6180257510729614,0.1614269569697549,0.1584286742687271,56.080326795578,1.6946711540222168,core,MARINE_EXPERIMENTS_V2/FULL_SUITE/core/aqua20__resnet18__full_finetune__b010__s43/result.json,,,
complete,fathomnet__dinov2_small__linear_probe__b010__s46,fathomnet,dinov2_small,linear_probe,010,46,10,10,128,0.1,79,1709,16688,0.10240891658676894,3622,3389,22086991,30415,0.32054113749309776,0.3035356344373649,0.32257684029478295,0.3083505458837415,0.29686517598661943,0.31631642612561917,147.52368450164795,0.6192879676818848,core,MARINE_EXPERIMENTS_V2/FULL_SUITE/core/fathomnet__dinov2_small__linear_probe__b010__s46/result.json,,,
complete,aqua20__dinov2_small__marine_adapter__b001__s43,aqua20,dinov2_small,marine_adapter,001,43,10,10,128,0.1,20,70,5842,0.011982197877439232,1164,1165,22163860,107284,0.08333333333333333,0.07480941051478998,0.10493789205310464,0.08755364806866953,0.07078608090204017,0.09989980222948922,46.752487659454346,0.620175838470459,core,MARINE_EXPERIMENTS_V2/FULL_SUITE/core/aqua20__dinov2_small__marine_adapter__b001__s43/result.json,,,
complete,aqua20__dinov2_small__linear_probe__b010__s42,aqua20,dinov2_small,linear_probe,010,42,10,10,128,0.1,20,592,5842,0.10133515919205752,1164,1165,22064276,7700,0.5781786941580757,0.22420059318557772,0.21446240671587785,0.5579399141630901,0.2574845371339401,0.24344673444576811,55.267409563064575,0.6186919212341309,core,MARINE_EXPERIMENTS_V2/FULL_SUITE/core/aqua20__dinov2_small__linear_probe__b010__s42/result.json,,,
complete,fathomnet__resnet18__last_block_ft__b005__s44,fathomnet,resnet18,last_block_ft,005,44,10,9,128,0.1,79,875,16688,0.05243288590604027,3622,3389,11217039,8434255,0.21700717835450029,0.1930913704682168,0.22653751801555583,0.18737090587193864,0.16900011115327207,0.20641572104011782,123.01754474639893,0.6919188499450684,core,MARINE_EXPERIMENTS_V2/FULL_SUITE/core/fathomnet__resnet18__last_block_ft__b005__s44/result.json,,,
complete,fathomnet__resnet18__mlp_head__b005__s43,fathomnet,resnet18,mlp_head,005,43,10,10,128,0.1,79,875,16688,0.05243288590604027,3622,3389,11349775,173263,0.19602429596907786,0.1737507261812627,0.20809893717035796,0.1844201829448215,0.16038243075658767,0.18634457290318074,117.60246467590332,0.5999722480773926,core,MARINE_EXPERIMENTS_V2/FULL_SUITE/core/fathomnet__resnet18__mlp_head__b005__s43/result.json,,,
complete,aqua20__resnet18__mlp_head__b010__s42,aqua20,resnet18,mlp_head,010,42,10,10,128,0.1,20,592,5842,0.10133515919205752,1164,1165,11319508,142996,0.6185567010309279,0.14748568962642244,0.1483110727730145,0.6085836909871245,0.1518538038357669,0.1514820496543277,47.60628390312195,0.5998740196228027,core,MARINE_EXPERIMENTS_V2/FULL_SUITE/core/aqua20__resnet18__mlp_head__b010__s42/result.json,,,
complete,fathomnet__resnet18__last_block_ft__b005__s42,fathomnet,resnet18,last_block_ft,005,42,10,10,128,0.1,79,875,16688,0.05243288590604027,3622,3389,11217039,8434255,0.19768083931529543,0.16915563184797544,0.20278771028009815,0.18796105045736206,0.16769096220671495,0.20196164752223392,118.98340177536011,0.6919188499450684,core,MARINE_EXPERIMENTS_V2/FULL_SUITE/core/fathomnet__resnet18__last_block_ft__b005__s42/result.json,,,
complete,aqua20__dinov2_small__mlp_head__b100__s46,aqua20,dinov2_small,mlp_head,100,46,10,7,128,0.1,20,5842,5842,1.0,1164,1165,22163860,107284,0.8874570446735395,0.799904010968523,0.7878799481241843,0.911587982832618,0.8663008292020778,0.8564082004082447,171.94039845466614,0.620419979095459,core,MARINE_EXPERIMENTS_V2/FULL_SUITE/core/aqua20__dinov2_small__mlp_head__b100__s46/result.json,,,
complete,aqua20__resnet18__full_finetune__b010__s44,aqua20,resnet18,full_finetune,010,44,10,10,128,0.1,20,592,5842,0.10133515919205752,1164,1165,11186772,11186772,0.6202749140893471,0.15478046413322874,0.1508380238520052,0.6188841201716738,0.14990762662335316,0.15253843932125982,46.971526861190796,1.6957697868347168,core,MARINE_EXPERIMENTS_V2/FULL_SUITE/core/aqua20__resnet18__full_finetune__b010__s44/result.json,,,
complete,aqua20__resnet18__mlp_head__b005__s43,aqua20,resnet18,mlp_head,005,43,10,10,128,0.1,20,302,5842,0.05169462512838069,1164,1165,11319508,142996,0.5756013745704467,0.11012217458139709,0.11798894477011412,0.5605150214592275,0.11170512054381183,0.11943336706947774,40.45282459259033,0.5995078086853027,core,MARINE_EXPERIMENTS_V2/FULL_SUITE/core/aqua20__resnet18__mlp_head__b005__s43/result.json,,,
complete,fathomnet__resnet18__last_block_ft__b010__s43,fathomnet,resnet18,last_block_ft,010,43,10,10,128,0.1,79,1709,16688,0.10240891658676894,3622,3389,11217039,8434255,0.3475980121479845,0.32949718978331966,0.3628045692927312,0.3110061965181469,0.29709191747008895,0.3231263555895692,139.35354280471802,0.693047046661377,core,MARINE_EXPERIMENTS_V2/FULL_SUITE/core/fathomnet__resnet18__last_block_ft__b010__s43/result.json,,,
complete,aqua20__resnet18__linear_probe__b010__s46,aqua20,resnet18,linear_probe,010,46,10,9,128,0.1,20,592,5842,0.10133515919205752,1164,1165,11186772,10260,0.3393470790378007,0.04389623441884748,0.055588851266275704,0.34506437768240344,0.04532738492434209,0.05818869316358002,33.32097935676575,0.5978960990905762,core,MARINE_EXPERIMENTS_V2/FULL_SUITE/core/aqua20__resnet18__linear_probe__b010__s46/result.json,,,
complete,fathomnet__resnet18__mlp_head__b005__s45,fathomnet,resnet18,mlp_head,005,45,10,10,128,0.1,79,875,16688,0.05243288590604027,3622,3389,11349775,173263,0.1965764770844837,0.1648391394651364,0.20166111609970544,0.17910888167601063,0.15568206856728917,0.1873176171235249,118.71996974945068,0.6003384590148926,core,MARINE_EXPERIMENTS_V2/FULL_SUITE/core/fathomnet__resnet18__mlp_head__b005__s45/result.json,,,
complete,fathomnet__dinov2_small__mlp_head__b010__s43,fathomnet,dinov2_small,mlp_head,010,43,10,9,128,0.1,79,1709,16688,0.10240891658676894,3622,3389,22186575,129999,0.4364991717283269,0.4134038222027794,0.4436296347455759,0.41575686043080556,0.39660307456401933,0.4255827381588094,150.71729493141174,0.6207718849182129,core,MARINE_EXPERIMENTS_V2/FULL_SUITE/core/fathomnet__dinov2_small__mlp_head__b010__s43/result.json,,,
complete,fathomnet__resnet18__linear_probe__b100__s44,fathomnet,resnet18,linear_probe,100,44,10,8,128,0.1,79,16688,16688,1.0,3622,3389,11217039,40527,0.4301490889011596,0.4259692616676565,0.44683387443573747,0.4272646798465624,0.41832521163039543,0.43063410652212214,445.68121671676636,0.597994327545166,core,MARINE_EXPERIMENTS_V2/FULL_SUITE/core/fathomnet__resnet18__linear_probe__b100__s44/result.json,,,
complete,fathomnet__dinov2_small__marine_adapter__b001__s42,fathomnet,dinov2_small,marine_adapter,001,42,10,10,128,0.1,79,220,16688,0.013183125599232981,3622,3389,22186575,129999,0.030922142462727776,0.023889023798729488,0.03400357018960103,0.03540867512540572,0.026213143972478096,0.03724463223387869,121.34084153175354,0.6205277442932129,core,MARINE_EXPERIMENTS_V2/FULL_SUITE/core/fathomnet__dinov2_small__marine_adapter__b001__s42/result.json,,,
complete,fathomnet__resnet18__mlp_head__b005__s44,fathomnet,resnet18,mlp_head,005,44,10,10,128,0.1,79,875,16688,0.05243288590604027,3622,3389,11349775,173263,0.17310877967973495,0.14411637167250263,0.1832672070711679,0.20035408675125405,0.1617900925947153,0.1989560423753359,120.10004258155823,0.5999722480773926,core,MARINE_EXPERIMENTS_V2/FULL_SUITE/core/fathomnet__resnet18__mlp_head__b005__s44/result.json,,,
complete,fathomnet__dinov2_small__linear_probe__b005__s43,fathomnet,dinov2_small,linear_probe,005,43,10,10,128,0.1,79,875,16688,0.05243288590604027,3622,3389,22086991,30415,0.14411927112092768,0.13355744454084745,0.15195594213372535,0.14517556801416348,0.12749084571259467,0.14785191702590375,132.79395937919617,0.6192879676818848,core,MARINE_EXPERIMENTS_V2/FULL_SUITE/core/fathomnet__dinov2_small__linear_probe__b005__s43/result.json,,,
complete,aqua20__dinov2_small__full_finetune__b005__s42,aqua20,dinov2_small,full_finetune,005,42,10,10,128,0.1,20,302,5842,0.05169462512838069,1164,1165,22064276,22064276,0.7328178694158075,0.3462855568475179,0.33482928862613737,0.736480686695279,0.4157011846855784,0.39502485373039387,31.167479515075684,6.885741233825684,core,MARINE_EXPERIMENTS_V2/FULL_SUITE/core/aqua20__dinov2_small__full_finetune__b005__s42/result.json,,,
complete,aqua20__resnet18__last_block_ft__b100__s44,aqua20,resnet18,last_block_ft,100,44,10,9,128,0.1,20,5842,5842,1.0,1164,1165,11186772,8403988,0.8290378006872853,0.6633612247005771,0.6355879503800712,0.8377682403433476,0.6352102526756143,0.6086777593431687,148.25153803825378,0.6924777030944824,core,MARINE_EXPERIMENTS_V2/FULL_SUITE/core/aqua20__resnet18__last_block_ft__b100__s44/result.json,,,
complete,aqua20__dinov2_small__linear_probe__b001__s46,aqua20,dinov2_small,linear_probe,001,46,10,10,128,0.1,20,70,5842,0.011982197877439232,1164,1165,22064276,7700,0.18127147766323023,0.06284294521470637,0.07266092134852699,0.17510729613733905,0.04987232238048711,0.05511320933144716,46.04196310043335,0.6189360618591309,core,MARINE_EXPERIMENTS_V2/FULL_SUITE/core/aqua20__dinov2_small__linear_probe__b001__s46/result.json,,,
complete,aqua20__dinov2_small__full_finetune__b005__s44,aqua20,dinov2_small,full_finetune,005,44,10,9,128,0.1,20,302,5842,0.05169462512838069,1164,1165,22064276,22064276,0.6941580756013745,0.27409306417954094,0.2609358240277834,0.6978540772532189,0.27751452613109695,0.2666132649744945,45.52727794647217,6.886589050292969,core,MARINE_EXPERIMENTS_V2/FULL_SUITE/core/aqua20__dinov2_small__full_finetune__b005__s44/result.json,,,
complete,aqua20__resnet18__full_finetune__b005__s42,aqua20,resnet18,full_finetune,005,42,10,10,128,0.1,20,302,5842,0.05169462512838069,1164,1165,11186772,11186772,0.5833333333333334,0.10703211031103332,0.11988103085781379,0.5733905579399141,0.11168644229991653,0.12456781936238404,43.70720338821411,1.6957697868347168,core,MARINE_EXPERIMENTS_V2/FULL_SUITE/core/aqua20__resnet18__full_finetune__b005__s42/result.json,,,
complete,fathomnet__dinov2_small__last_block_ft__b010__s44,fathomnet,dinov2_small,last_block_ft,010,44,10,10,128,0.1,79,1709,16688,0.10240891658676894,3622,3389,22086991,1806415,0.4842628382109332,0.4775300888602893,0.4913761336436388,0.47772204190026557,0.4679519189940628,0.48407553373080175,164.04778027534485,0.9452447891235352,core,MARINE_EXPERIMENTS_V2/FULL_SUITE/core/fathomnet__dinov2_small__last_block_ft__b010__s44/result.json,,,
complete,aqua20__dinov2_small__linear_probe__b100__s44,aqua20,dinov2_small,linear_probe,100,44,10,8,128,0.1,20,5842,5842,1.0,1164,1165,22064276,7700,0.8625429553264605,0.7871844615612577,0.7637570533805405,0.8918454935622318,0.7989571447330528,0.7888363146833136,161.8769826889038,0.6186919212341309,core,MARINE_EXPERIMENTS_V2/FULL_SUITE/core/aqua20__dinov2_small__linear_probe__b100__s44/result.json,,,
complete,fathomnet__dinov2_small__mlp_head__b010__s42,fathomnet,dinov2_small,mlp_head,010,42,10,10,128,0.1,79,1709,16688,0.10240891658676894,3622,3389,22186575,129999,0.42794036443953615,0.4105731151668247,0.4396973606861921,0.4231336677485984,0.3963258680938958,0.42699189051166525,154.08731627464294,0.6207718849182129,core,MARINE_EXPERIMENTS_V2/FULL_SUITE/core/fathomnet__dinov2_small__mlp_head__b010__s42/result.json,,,
complete,fathomnet__dinov2_small__linear_probe__b010__s43,fathomnet,dinov2_small,linear_probe,010,43,10,10,128,0.1,79,1709,16688,0.10240891658676894,3622,3389,22086991,30415,0.2981778023191607,0.281520174394272,0.3051365774087159,0.28651519622307464,0.2708559840097461,0.2906848079975154,160.34489274024963,0.6190438270568848,core,MARINE_EXPERIMENTS_V2/FULL_SUITE/core/fathomnet__dinov2_small__linear_probe__b010__s43/result.json,,,
complete,fathomnet__resnet18__full_finetune__b010__s45,fathomnet,resnet18,full_finetune,010,45,10,10,128,0.1,79,1709,16688,0.10240891658676894,3622,3389,11217039,11217039,0.28106018774157926,0.2631763449303658,0.29795080118528516,0.30746532900560636,0.2869851632863584,0.31852910698545045,138.54898953437805,1.6962342262268066,core,MARINE_EXPERIMENTS_V2/FULL_SUITE/core/fathomnet__resnet18__full_finetune__b010__s45/result.json,,,
complete,fathomnet__dinov2_small__mlp_head__b005__s46,fathomnet,dinov2_small,mlp_head,005,46,10,10,128,0.1,79,875,16688,0.05243288590604027,3622,3389,22186575,129999,0.2852015461071231,0.27165669167829604,0.3007338438303654,0.30274417232221895,0.27837042400981094,0.3137624649449814,131.2275002002716,0.6207718849182129,core,MARINE_EXPERIMENTS_V2/FULL_SUITE/core/fathomnet__dinov2_small__mlp_head__b005__s46/result.json,,,
complete,fathomnet__resnet18__last_block_ft__b100__s43,fathomnet,resnet18,last_block_ft,100,43,10,9,128,0.1,79,16688,16688,1.0,3622,3389,11217039,8434255,0.6482606294864716,0.6470771982048673,0.6598337956879402,0.651814694600177,0.6437476595808128,0.6556311493787917,450.0937166213989,0.6926560401916504,core,MARINE_EXPERIMENTS_V2/FULL_SUITE/core/fathomnet__resnet18__last_block_ft__b100__s43/result.json,,,
complete,fathomnet__dinov2_small__full_finetune__b005__s42,fathomnet,dinov2_small,full_finetune,005,42,10,9,128,0.1,79,875,16688,0.05243288590604027,3622,3389,22086991,22086991,0.44781888459414687,0.44547885649463315,0.4604566106832301,0.4594275597521393,0.45153059988318955,0.46348446309116476,156.11624884605408,6.8859405517578125,core,MARINE_EXPERIMENTS_V2/FULL_SUITE/core/fathomnet__dinov2_small__full_finetune__b005__s42/result.json,,,
complete,aqua20__resnet18__linear_probe__b010__s42,aqua20,resnet18,linear_probe,010,42,10,10,128,0.1,20,592,5842,0.10133515919205752,1164,1165,11186772,10260,0.3470790378006873,0.04570209451020908,0.05752895220116443,0.33991416309012873,0.04583696726414073,0.058321760386302844,33.45032525062561,0.5978960990905762,core,MARINE_EXPERIMENTS_V2/FULL_SUITE/core/aqua20__resnet18__linear_probe__b010__s42/result.json,,,
complete,fathomnet__resnet18__mlp_head__b001__s43,fathomnet,resnet18,mlp_head,001,43,10,9,128,0.1,79,220,16688,0.013183125599232981,3622,3389,11349775,173263,0.049144119271120924,0.03844806123494433,0.06064197483188622,0.047801711419297725,0.03450091997858104,0.04916657777439884,102.20022916793823,0.6003384590148926,core,MARINE_EXPERIMENTS_V2/FULL_SUITE/core/fathomnet__resnet18__mlp_head__b001__s43/result.json,,,
complete,aqua20__resnet18__marine_adapter__b100__s43,aqua20,resnet18,marine_adapter,100,43,10,9,128,0.1,20,5842,5842,1.0,1164,1165,11319508,142996,0.7963917525773195,0.621239442853436,0.5972457818413852,0.8120171673819743,0.6547163688836857,0.6226620670149425,147.46057534217834,0.5995078086853027,core,MARINE_EXPERIMENTS_V2/FULL_SUITE/core/aqua20__resnet18__marine_adapter__b100__s43/result.json,,,
complete,aqua20__resnet18__linear_probe__b005__s42,aqua20,resnet18,linear_probe,005,42,10,3,128,0.1,20,302,5842,0.05169462512838069,1164,1165,11186772,10260,0.3281786941580756,0.03680440556931811,0.053353099170309656,0.30815450643776826,0.03367137573632672,0.05146856025888922,32.11523723602295,0.5978960990905762,core,MARINE_EXPERIMENTS_V2/FULL_SUITE/core/aqua20__resnet18__linear_probe__b005__s42/result.json,,,
complete,fathomnet__dinov2_small__mlp_head__b005__s43,fathomnet,dinov2_small,mlp_head,005,43,10,10,128,0.1,79,875,16688,0.05243288590604027,3622,3389,22186575,129999,0.30204307012700166,0.2842272502782184,0.31107050766849653,0.2753024491000295,0.25775437853341515,0.2920828091705065,133.8836750984192,0.6205277442932129,core,MARINE_EXPERIMENTS_V2/FULL_SUITE/core/fathomnet__dinov2_small__mlp_head__b005__s43/result.json,,,
complete,fathomnet__resnet18__marine_adapter__b100__s43,fathomnet,resnet18,marine_adapter,100,43,10,9,128,0.1,79,16688,16688,1.0,3622,3389,11349775,173263,0.5339591385974599,0.528369901929293,0.5438359596411524,0.5255237533195632,0.516176647350609,0.5276950198539773,451.40297961235046,0.5999722480773926,core,MARINE_EXPERIMENTS_V2/FULL_SUITE/core/fathomnet__resnet18__marine_adapter__b100__s43/result.json,,,
complete,aqua20__dinov2_small__marine_adapter__b010__s43,aqua20,dinov2_small,marine_adapter,010,43,10,10,128,0.1,20,592,5842,0.10133515919205752,1164,1165,22163860,107284,0.711340206185567,0.23730485819667502,0.23155506234460063,0.7133047210300429,0.2553317366452981,0.24635784225402171,61.1795539855957,0.620175838470459,core,MARINE_EXPERIMENTS_V2/FULL_SUITE/core/aqua20__dinov2_small__marine_adapter__b010__s43/result.json,,,
complete,fathomnet__dinov2_small__last_block_ft__b001__s45,fathomnet,dinov2_small,last_block_ft,001,45,10,10,128,0.1,79,220,16688,0.013183125599232981,3622,3389,22086991,1806415,0.08255107675317504,0.07507633146533126,0.09046163640503119,0.07376807317792859,0.06880919754389529,0.08223245715201892,116.21003198623657,0.9455804824829102,core,MARINE_EXPERIMENTS_V2/FULL_SUITE/core/fathomnet__dinov2_small__last_block_ft__b001__s45/result.json,,,
complete,aqua20__dinov2_small__full_finetune__b001__s43,aqua20,dinov2_small,full_finetune,001,43,10,10,128,0.1,20,70,5842,0.011982197877439232,1164,1165,22064276,22064276,0.5446735395189003,0.1348832830690601,0.15199880370994828,0.5218884120171674,0.13264097124040117,0.14658608101127396,48.55460834503174,3.978757381439209,core,MARINE_EXPERIMENTS_V2/FULL_SUITE/core/aqua20__dinov2_small__full_finetune__b001__s43/result.json,,,
complete,fathomnet__dinov2_small__full_finetune__b005__s45,fathomnet,dinov2_small,full_finetune,005,45,10,10,128,0.1,79,875,16688,0.05243288590604027,3622,3389,22086991,22086991,0.3699613473219216,0.36848844847548096,0.38255890334433196,0.39539687223369724,0.3788485856248436,0.39670546984370836,174.46488046646118,6.8856964111328125,core,MARINE_EXPERIMENTS_V2/FULL_SUITE/core/fathomnet__dinov2_small__full_finetune__b005__s45/result.json,,,
complete,fathomnet__dinov2_small__mlp_head__b001__s43,fathomnet,dinov2_small,mlp_head,001,43,10,9,128,0.1,79,220,16688,0.013183125599232981,3622,3389,22186575,129999,0.08089453340695749,0.06998761595543294,0.08824757022998866,0.07701386839775745,0.06712914738784127,0.08210316565921681,119.58127236366272,0.6207718849182129,core,MARINE_EXPERIMENTS_V2/FULL_SUITE/core/fathomnet__dinov2_small__mlp_head__b001__s43/result.json,,,
complete,fathomnet__resnet18__full_finetune__b001__s45,fathomnet,resnet18,full_finetune,001,45,10,10,128,0.1,79,220,16688,0.013183125599232981,3622,3389,11217039,11217039,0.03395913859745997,0.03154662778446721,0.03712646499500849,0.03334316907642372,0.03064521126952541,0.03666782226910057,112.95205020904541,1.6951355934143066,core,MARINE_EXPERIMENTS_V2/FULL_SUITE/core/fathomnet__resnet18__full_finetune__b001__s45/result.json,,,
complete,fathomnet__resnet18__full_finetune__b001__s46,fathomnet,resnet18,full_finetune,001,46,10,10,128,0.1,79,220,16688,0.013183125599232981,3622,3389,11217039,11217039,0.03395913859745997,0.03040797185801264,0.03835830806226778,0.03924461493065801,0.03532278580718901,0.04586395283811099,106.53794455528259,1.6962342262268066,core,MARINE_EXPERIMENTS_V2/FULL_SUITE/core/fathomnet__resnet18__full_finetune__b001__s46/result.json,,,
complete,fathomnet__dinov2_small__last_block_ft__b100__s45,fathomnet,dinov2_small,last_block_ft,100,45,10,9,128,0.1,79,16688,16688,1.0,3622,3389,22086991,1806415,0.7379900607399227,0.7368033529269244,0.7487897818388756,0.7397462378282679,0.7285140636439192,0.7411684510089935,493.734347820282,0.9454889297485352,core,MARINE_EXPERIMENTS_V2/FULL_SUITE/core/fathomnet__dinov2_small__last_block_ft__b100__s45/result.json,,,
complete,aqua20__dinov2_small__marine_adapter__b005__s44,aqua20,dinov2_small,marine_adapter,005,44,10,10,128,0.1,20,302,5842,0.05169462512838069,1164,1165,22163860,107284,0.5738831615120275,0.12387469888639824,0.1277311754129403,0.5742489270386266,0.12806851166863123,0.13445530803542272,50.661317348480225,0.620419979095459,core,MARINE_EXPERIMENTS_V2/FULL_SUITE/core/aqua20__dinov2_small__marine_adapter__b005__s44/result.json,,,
complete,fathomnet__dinov2_small__marine_adapter__b001__s45,fathomnet,dinov2_small,marine_adapter,001,45,10,10,128,0.1,79,220,16688,0.013183125599232981,3622,3389,22186575,129999,0.03782440640530094,0.03139930298416867,0.04283423141288553,0.04603127766302744,0.0378658540855942,0.047345553350369975,115.8215081691742,0.6205277442932129,core,MARINE_EXPERIMENTS_V2/FULL_SUITE/core/fathomnet__dinov2_small__marine_adapter__b001__s45/result.json,,,
complete,aqua20__dinov2_small__full_finetune__b001__s44,aqua20,dinov2_small,full_finetune,001,44,10,10,128,0.1,20,70,5842,0.011982197877439232,1164,1165,22064276,22064276,0.5481099656357389,0.14771916811859762,0.15589466102024532,0.5304721030042918,0.15808002554273742,0.1656990938177256,46.997076749801636,3.978757381439209,core,MARINE_EXPERIMENTS_V2/FULL_SUITE/core/aqua20__dinov2_small__full_finetune__b001__s44/result.json,,,
complete,fathomnet__dinov2_small__mlp_head__b010__s45,fathomnet,dinov2_small,mlp_head,010,45,10,10,128,0.1,79,1709,16688,0.10240891658676894,3622,3389,22186575,129999,0.4160684704583103,0.39718861329600436,0.42930339396658135,0.4151667158453821,0.3937512552131127,0.42119914908075384,156.99147057533264,0.6205277442932129,core,MARINE_EXPERIMENTS_V2/FULL_SUITE/core/fathomnet__dinov2_small__mlp_head__b010__s45/result.json,,,
complete,aqua20__dinov2_small__full_finetune__b100__s46,aqua20,dinov2_small,full_finetune,100,46,10,8,128,0.1,20,5842,5842,1.0,1164,1165,22064276,22064276,0.9080756013745704,0.840450141499909,0.8353773001454365,0.9175965665236051,0.8354690630885966,0.8252598430537457,153.35370469093323,6.885344505310059,core,MARINE_EXPERIMENTS_V2/FULL_SUITE/core/aqua20__dinov2_small__full_finetune__b100__s46/result.json,,,
complete,aqua20__dinov2_small__marine_adapter__b005__s43,aqua20,dinov2_small,marine_adapter,005,43,10,6,128,0.1,20,302,5842,0.05169462512838069,1164,1165,22163860,107284,0.5773195876288659,0.17828662179381422,0.16485353788756404,0.5587982832618026,0.17388169314163102,0.16717163754377862,47.66239309310913,0.620419979095459,core,MARINE_EXPERIMENTS_V2/FULL_SUITE/core/aqua20__dinov2_small__marine_adapter__b005__s43/result.json,,,
complete,fathomnet__resnet18__full_finetune__b100__s43,fathomnet,resnet18,full_finetune,100,43,10,10,128,0.1,79,16688,16688,1.0,3622,3389,11217039,11217039,0.6943677526228603,0.6929207458580893,0.7078492570529892,0.7010917674830334,0.6877314418643387,0.6992808370300273,463.63140320777893,1.6951355934143066,core,MARINE_EXPERIMENTS_V2/FULL_SUITE/core/fathomnet__resnet18__full_finetune__b100__s43/result.json,,,
complete,aqua20__resnet18__linear_probe__b100__s42,aqua20,resnet18,linear_probe,100,42,10,9,128,0.1,20,5842,5842,1.0,1164,1165,11186772,10260,0.7156357388316151,0.379941688378559,0.3389837072138099,0.7433476394849785,0.44541959085620164,0.3935704462305499,84.84742617607117,0.5978960990905762,core,MARINE_EXPERIMENTS_V2/FULL_SUITE/core/aqua20__resnet18__linear_probe__b100__s42/result.json,,,
complete,aqua20__dinov2_small__linear_probe__b100__s42,aqua20,dinov2_small,linear_probe,100,42,10,10,128,0.1,20,5842,5842,1.0,1164,1165,22064276,7700,0.8676975945017182,0.7835441135602157,0.774018554727187,0.8901287553648068,0.8059359250581248,0.8003494366163185,168.5002884864807,0.6189360618591309,core,MARINE_EXPERIMENTS_V2/FULL_SUITE/core/aqua20__dinov2_small__linear_probe__b100__s42/result.json,,,
complete,aqua20__dinov2_small__linear_probe__b005__s46,aqua20,dinov2_small,linear_probe,005,46,10,9,128,0.1,20,302,5842,0.05169462512838069,1164,1165,22064276,7700,0.41237113402061853,0.13601238658166973,0.12110340351982607,0.4206008583690987,0.11512871499347532,0.11175301728282305,47.0991587638855,0.6186919212341309,core,MARINE_EXPERIMENTS_V2/FULL_SUITE/core/aqua20__dinov2_small__linear_probe__b005__s46/result.json,,,
complete,fathomnet__dinov2_small__marine_adapter__b005__s45,fathomnet,dinov2_small,marine_adapter,005,45,10,10,128,0.1,79,875,16688,0.05243288590604027,3622,3389,22186575,129999,0.2004417448923247,0.18404820463790444,0.21255963214336615,0.20389495426379464,0.18760336966350075,0.21565563422113387,137.35861206054688,0.6205277442932129,core,MARINE_EXPERIMENTS_V2/FULL_SUITE/core/fathomnet__dinov2_small__marine_adapter__b005__s45/result.json,,,
complete,aqua20__dinov2_small__linear_probe__b001__s44,aqua20,dinov2_small,linear_probe,001,44,10,9,128,0.1,20,70,5842,0.011982197877439232,1164,1165,22064276,7700,0.0429553264604811,0.028749456815114233,0.04235035949092589,0.03690987124463519,0.019824063883385916,0.020176166695459064,43.989068269729614,0.6186919212341309,core,MARINE_EXPERIMENTS_V2/FULL_SUITE/core/aqua20__dinov2_small__linear_probe__b001__s44/result.json,,,
complete,fathomnet__dinov2_small__linear_probe__b100__s44,fathomnet,dinov2_small,linear_probe,100,44,10,10,128,0.1,79,16688,16688,1.0,3622,3389,22086991,30415,0.6521258972943126,0.6484043867856267,0.6621912561135926,0.6529949837710239,0.6422705092824632,0.6545916649012467,477.6866955757141,0.6190438270568848,core,MARINE_EXPERIMENTS_V2/FULL_SUITE/core/fathomnet__dinov2_small__linear_probe__b100__s44/result.json,,,
complete,aqua20__dinov2_small__marine_adapter__b001__s46,aqua20,dinov2_small,marine_adapter,001,46,10,10,128,0.1,20,70,5842,0.011982197877439232,1164,1165,22163860,107284,0.33762886597938147,0.09471004039908486,0.10476895456224578,0.3725321888412017,0.11680913704573877,0.1280542205348471,45.088340282440186,0.620419979095459,core,MARINE_EXPERIMENTS_V2/FULL_SUITE/core/aqua20__dinov2_small__marine_adapter__b001__s46/result.json,,,
complete,aqua20__resnet18__marine_adapter__b010__s43,aqua20,resnet18,marine_adapter,010,43,10,9,128,0.1,20,592,5842,0.10133515919205752,1164,1165,11319508,142996,0.5919243986254296,0.15746112436833898,0.1494684400279017,0.5896995708154507,0.14370494710212267,0.14315182647251645,47.32972860336304,0.5995078086853027,core,MARINE_EXPERIMENTS_V2/FULL_SUITE/core/aqua20__resnet18__marine_adapter__b010__s43/result.json,,,
complete,aqua20__resnet18__last_block_ft__b001__s45,aqua20,resnet18,last_block_ft,001,45,10,6,128,0.1,20,70,5842,0.011982197877439232,1164,1165,11186772,8403988,0.39776632302405496,0.07832570628628023,0.08491328166102902,0.3888412017167382,0.08408470420454672,0.0909069404628711,36.32132172584534,0.6912150382995605,core,MARINE_EXPERIMENTS_V2/FULL_SUITE/core/aqua20__resnet18__last_block_ft__b001__s45/result.json,,,
complete,aqua20__dinov2_small__mlp_head__b010__s45,aqua20,dinov2_small,mlp_head,010,45,10,10,128,0.1,20,592,5842,0.10133515919205752,1164,1165,22163860,107284,0.7929553264604811,0.40687562231992225,0.3887292924520246,0.8111587982832618,0.4132261852508522,0.40162694791612524,60.72842764854431,0.620175838470459,core,MARINE_EXPERIMENTS_V2/FULL_SUITE/core/aqua20__dinov2_small__mlp_head__b010__s45/result.json,,,
complete,fathomnet__resnet18__last_block_ft__b010__s44,fathomnet,resnet18,last_block_ft,010,44,10,10,128,0.1,79,1709,16688,0.10240891658676894,3622,3389,11217039,8434255,0.3498067366096079,0.3290097613412463,0.36422300733105584,0.32723517261729124,0.30946064019367114,0.34710062361312916,137.60166192054749,0.6927714347839355,core,MARINE_EXPERIMENTS_V2/FULL_SUITE/core/fathomnet__resnet18__last_block_ft__b010__s44/result.json,,,
complete,aqua20__resnet18__mlp_head__b001__s45,aqua20,resnet18,mlp_head,001,45,10,10,128,0.1,20,70,5842,0.011982197877439232,1164,1165,11319508,142996,0.4175257731958763,0.05115195475780674,0.06906541624318581,0.4051502145922747,0.04977785236307189,0.06885392332004947,38.00010538101196,0.5990195274353027,core,MARINE_EXPERIMENTS_V2/FULL_SUITE/core/aqua20__resnet18__mlp_head__b001__s45/result.json,,,
complete,aqua20__dinov2_small__last_block_ft__b005__s45,aqua20,dinov2_small,last_block_ft,005,45,10,10,128,0.1,20,302,5842,0.05169462512838069,1164,1165,22064276,1783700,0.7843642611683849,0.4465736494811507,0.447512505569435,0.7862660944206008,0.4232066422909158,0.42908678794533206,59.13793063163757,0.9451370239257812,core,MARINE_EXPERIMENTS_V2/FULL_SUITE/core/aqua20__dinov2_small__last_block_ft__b005__s45/result.json,,,
complete,fathomnet__resnet18__last_block_ft__b100__s44,fathomnet,resnet18,last_block_ft,100,44,10,10,128,0.1,79,16688,16688,1.0,3622,3389,11217039,8434255,0.6529541689674213,0.6535602283984077,0.6667518628914766,0.6500442608439068,0.6397122841482346,0.6507567502009213,450.5913517475128,0.6926560401916504,core,MARINE_EXPERIMENTS_V2/FULL_SUITE/core/fathomnet__resnet18__last_block_ft__b100__s44/result.json,,,
complete,aqua20__resnet18__mlp_head__b100__s42,aqua20,resnet18,mlp_head,100,42,10,7,128,0.1,20,5842,5842,1.0,1164,1165,11319508,142996,0.8084192439862543,0.6535229053866739,0.623831992958793,0.8231759656652361,0.6586271291180477,0.6483095660302188,150.3902986049652,0.5995078086853027,core,MARINE_EXPERIMENTS_V2/FULL_SUITE/core/aqua20__resnet18__mlp_head__b100__s42/result.json,,,
complete,fathomnet__dinov2_small__linear_probe__b001__s43,fathomnet,dinov2_small,linear_probe,001,43,10,10,128,0.1,79,220,16688,0.013183125599232981,3622,3389,22086991,30415,0.03147432357813363,0.028587085549163237,0.03261209218365841,0.030097373856594865,0.02861934586079343,0.03100971500259713,112.67212152481079,0.6190438270568848,core,MARINE_EXPERIMENTS_V2/FULL_SUITE/core/fathomnet__dinov2_small__linear_probe__b001__s43/result.json,,,
complete,fathomnet__dinov2_small__mlp_head__b010__s44,fathomnet,dinov2_small,mlp_head,010,44,10,10,128,0.1,79,1709,16688,0.10240891658676894,3622,3389,22186575,129999,0.45996686913307566,0.4377839172286491,0.4633634763642284,0.44172322218943644,0.42383421059877213,0.4573216738254682,153.86069631576538,0.6205277442932129,core,MARINE_EXPERIMENTS_V2/FULL_SUITE/core/fathomnet__dinov2_small__mlp_head__b010__s44/result.json,,,
complete,aqua20__resnet18__marine_adapter__b005__s44,aqua20,resnet18,marine_adapter,005,44,10,10,128,0.1,20,302,5842,0.05169462512838069,1164,1165,11319508,142996,0.5180412371134021,0.08883375108885286,0.1016033483521839,0.496137339055794,0.08740181681436832,0.10017856379055638,39.75080227851868,0.5998740196228027,core,MARINE_EXPERIMENTS_V2/FULL_SUITE/core/aqua20__resnet18__marine_adapter__b005__s44/result.json,,,
complete,fathomnet__dinov2_small__linear_probe__b100__s46,fathomnet,dinov2_small,linear_probe,100,46,10,9,128,0.1,79,16688,16688,1.0,3622,3389,22086991,30415,0.6537824406405301,0.6472704184085778,0.6599930897815164,0.6512245500147537,0.6435944683285801,0.6560971820304872,496.6637535095215,0.6190438270568848,core,MARINE_EXPERIMENTS_V2/FULL_SUITE/core/fathomnet__dinov2_small__linear_probe__b100__s46/result.json,,,
complete,fathomnet__dinov2_small__marine_adapter__b010__s43,fathomnet,dinov2_small,marine_adapter,010,43,10,10,128,0.1,79,1709,16688,0.10240891658676894,3622,3389,22186575,129999,0.37907233572611815,0.3577267031699839,0.3868379076133632,0.3552670404249041,0.33673629664496424,0.36300476128468245,149.80973410606384,0.6205277442932129,core,MARINE_EXPERIMENTS_V2/FULL_SUITE/core/fathomnet__dinov2_small__marine_adapter__b010__s43/result.json,,,
complete,aqua20__dinov2_small__mlp_head__b100__s42,aqua20,dinov2_small,mlp_head,100,42,10,8,128,0.1,20,5842,5842,1.0,1164,1165,22163860,107284,0.8874570446735395,0.8319987597795452,0.825958464085985,0.9124463519313305,0.85129047140083,0.8478539995189236,184.34831476211548,0.620175838470459,core,MARINE_EXPERIMENTS_V2/FULL_SUITE/core/aqua20__dinov2_small__mlp_head__b100__s42/result.json,,,
complete,aqua20__resnet18__mlp_head__b010__s44,aqua20,resnet18,mlp_head,010,44,10,10,128,0.1,20,592,5842,0.10133515919205752,1164,1165,11319508,142996,0.6374570446735395,0.1915124354350604,0.17860530965696975,0.640343347639485,0.18704766538727588,0.18019931765678715,47.4302659034729,0.5995078086853027,core,MARINE_EXPERIMENTS_V2/FULL_SUITE/core/aqua20__resnet18__mlp_head__b010__s44/result.json,,,
complete,fathomnet__resnet18__mlp_head__b100__s44,fathomnet,resnet18,mlp_head,100,44,10,10,128,0.1,79,16688,16688,1.0,3622,3389,11349775,173263,0.5369961347321922,0.5311458251789126,0.5461472082078613,0.5255237533195632,0.5184465228578292,0.5292198943052839,454.7590615749359,0.6003384590148926,core,MARINE_EXPERIMENTS_V2/FULL_SUITE/core/fathomnet__resnet18__mlp_head__b100__s44/result.json,,,
complete,fathomnet__dinov2_small__mlp_head__b010__s46,fathomnet,dinov2_small,mlp_head,010,46,10,10,128,0.1,79,1709,16688,0.10240891658676894,3622,3389,22186575,129999,0.41827719491993376,0.40308072211502133,0.42923511342545306,0.41310120979640014,0.39433518083518954,0.4288955622482784,153.52056241035461,0.6205277442932129,core,MARINE_EXPERIMENTS_V2/FULL_SUITE/core/fathomnet__dinov2_small__mlp_head__b010__s46/result.json,,,
complete,fathomnet__dinov2_small__marine_adapter__b100__s42,fathomnet,dinov2_small,marine_adapter,100,42,10,9,128,0.1,79,16688,16688,1.0,3622,3389,22186575,129999,0.6778023191606847,0.6744298688482632,0.6875974561979166,0.6739451165535556,0.6633568471038855,0.6758169300355542,463.44934129714966,0.6207718849182129,core,MARINE_EXPERIMENTS_V2/FULL_SUITE/core/fathomnet__dinov2_small__marine_adapter__b100__s42/result.json,,,
complete,aqua20__dinov2_small__mlp_head__b100__s44,aqua20,dinov2_small,mlp_head,100,44,10,5,128,0.1,20,5842,5842,1.0,1164,1165,22163860,107284,0.8865979381443299,0.8366288080059412,0.8269212203742591,0.8978540772532189,0.8220737543088654,0.8099581558000702,166.95035457611084,0.620419979095459,core,MARINE_EXPERIMENTS_V2/FULL_SUITE/core/aqua20__dinov2_small__mlp_head__b100__s44/result.json,,,
complete,aqua20__dinov2_small__marine_adapter__b005__s46,aqua20,dinov2_small,marine_adapter,005,46,10,10,128,0.1,20,302,5842,0.05169462512838069,1164,1165,22163860,107284,0.5919243986254296,0.12835791492830884,0.13226008037058207,0.592274678111588,0.13721616636641723,0.14018472805289328,48.90841317176819,0.620175838470459,core,MARINE_EXPERIMENTS_V2/FULL_SUITE/core/aqua20__dinov2_small__marine_adapter__b005__s46/result.json,,,
complete,aqua20__dinov2_small__full_finetune__b001__s45,aqua20,dinov2_small,full_finetune,001,45,10,10,128,0.1,20,70,5842,0.011982197877439232,1164,1165,22064276,22064276,0.6640893470790378,0.24635908950516777,0.2489290662274768,0.6695278969957081,0.2795776740221837,0.2803235435638234,40.1150107383728,3.978757381439209,core,MARINE_EXPERIMENTS_V2/FULL_SUITE/core/aqua20__dinov2_small__full_finetune__b001__s45/result.json,,,
complete,fathomnet__resnet18__mlp_head__b001__s45,fathomnet,resnet18,mlp_head,001,45,10,10,128,0.1,79,220,16688,0.013183125599232981,3622,3389,11349775,173263,0.05135284373274434,0.04616972665206915,0.05646966818427048,0.047801711419297725,0.042553451619274346,0.053087698114442014,106.86038279533386,0.6003384590148926,core,MARINE_EXPERIMENTS_V2/FULL_SUITE/core/fathomnet__resnet18__mlp_head__b001__s45/result.json,,,
complete,fathomnet__dinov2_small__last_block_ft__b010__s45,fathomnet,dinov2_small,last_block_ft,010,45,10,10,128,0.1,79,1709,16688,0.10240891658676894,3622,3389,22086991,1806415,0.4632799558255108,0.46007280714529125,0.4790659455294978,0.4744762466804367,0.46742553563337935,0.4792489792967622,161.85213136672974,0.9452447891235352,core,MARINE_EXPERIMENTS_V2/FULL_SUITE/core/fathomnet__dinov2_small__last_block_ft__b010__s45/result.json,,,
complete,aqua20__resnet18__last_block_ft__b010__s42,aqua20,resnet18,last_block_ft,010,42,10,9,128,0.1,20,592,5842,0.10133515919205752,1164,1165,11186772,8403988,0.627147766323024,0.14265860852001452,0.14724731468565583,0.6248927038626609,0.14970571722023046,0.15382006528256068,49.33144927024841,0.6921916007995605,core,MARINE_EXPERIMENTS_V2/FULL_SUITE/core/aqua20__resnet18__last_block_ft__b010__s42/result.json,,,
complete,fathomnet__dinov2_small__full_finetune__b100__s43,fathomnet,dinov2_small,full_finetune,100,43,10,10,128,0.1,79,16688,16688,1.0,3622,3389,22086991,22086991,0.8169519602429597,0.8164658571521862,0.8255973987491878,0.822366479787548,0.8121436930945152,0.8201249548970047,862.6249272823334,6.8856964111328125,core,MARINE_EXPERIMENTS_V2/FULL_SUITE/core/fathomnet__dinov2_small__full_finetune__b100__s43/result.json,,,
complete,aqua20__dinov2_small__full_finetune__b005__s46,aqua20,dinov2_small,full_finetune,005,46,10,9,128,0.1,20,302,5842,0.05169462512838069,1164,1165,22064276,22064276,0.7396907216494846,0.34786599379646127,0.3468816119811291,0.7347639484978541,0.36091172708497815,0.36066732690751635,60.51330494880676,6.885344505310059,core,MARINE_EXPERIMENTS_V2/FULL_SUITE/core/aqua20__dinov2_small__full_finetune__b005__s46/result.json,,,
complete,fathomnet__dinov2_small__mlp_head__b001__s42,fathomnet,dinov2_small,mlp_head,001,42,10,10,128,0.1,79,220,16688,0.013183125599232981,3622,3389,22186575,129999,0.05935946990612921,0.05473794393936814,0.06681464951953953,0.05989967542047802,0.05278907723018323,0.06103137325985299,118.15899729728699,0.6207718849182129,core,MARINE_EXPERIMENTS_V2/FULL_SUITE/core/fathomnet__dinov2_small__mlp_head__b001__s42/result.json,,,
complete,fathomnet__dinov2_small__linear_probe__b001__s44,fathomnet,dinov2_small,linear_probe,001,44,10,10,128,0.1,79,220,16688,0.013183125599232981,3622,3389,22086991,30415,0.018774157923799006,0.015841574168231235,0.02004706584477695,0.020655060489820007,0.01743478749122849,0.02072846435337545,113.95266389846802,0.6190438270568848,core,MARINE_EXPERIMENTS_V2/FULL_SUITE/core/fathomnet__dinov2_small__linear_probe__b001__s44/result.json,,,
complete,fathomnet__dinov2_small__marine_adapter__b005__s44,fathomnet,dinov2_small,marine_adapter,005,44,10,10,128,0.1,79,875,16688,0.05243288590604027,3622,3389,22186575,129999,0.20927664273881832,0.19569265094185873,0.22036339509334585,0.21215697845972264,0.20016361734449886,0.22418044063485112,128.03881549835205,0.6207718849182129,core,MARINE_EXPERIMENTS_V2/FULL_SUITE/core/fathomnet__dinov2_small__marine_adapter__b005__s44/result.json,,,
complete,aqua20__resnet18__linear_probe__b001__s42,aqua20,resnet18,linear_probe,001,42,10,6,128,0.1,20,70,5842,0.011982197877439232,1164,1165,11186772,10260,0.27405498281786944,0.03550448613305544,0.045664621880659624,0.24206008583690988,0.03458330226009597,0.04291130346080527,30.94902539253235,0.5970416069030762,core,MARINE_EXPERIMENTS_V2/FULL_SUITE/core/aqua20__resnet18__linear_probe__b001__s42/result.json,,,
complete,aqua20__dinov2_small__marine_adapter__b005__s45,aqua20,dinov2_small,marine_adapter,005,45,10,10,128,0.1,20,302,5842,0.05169462512838069,1164,1165,22163860,107284,0.5498281786941581,0.14067243755895925,0.13363501083585322,0.5467811158798284,0.1719351315775753,0.15394345961102235,50.667916774749756,0.620175838470459,core,MARINE_EXPERIMENTS_V2/FULL_SUITE/core/aqua20__dinov2_small__marine_adapter__b005__s45/result.json,,,
complete,aqua20__resnet18__full_finetune__b005__s44,aqua20,resnet18,full_finetune,005,44,10,9,128,0.1,20,302,5842,0.05169462512838069,1164,1165,11186772,11186772,0.5532646048109966,0.09917178877903267,0.10912306477813698,0.5493562231759657,0.10242871098185309,0.1143058371264684,45.00469160079956,1.6957697868347168,core,MARINE_EXPERIMENTS_V2/FULL_SUITE/core/aqua20__resnet18__full_finetune__b005__s44/result.json,,,
complete,aqua20__resnet18__full_finetune__b005__s46,aqua20,resnet18,full_finetune,005,46,10,9,128,0.1,20,302,5842,0.05169462512838069,1164,1165,11186772,11186772,0.5532646048109966,0.10719540835058076,0.11874661105364923,0.5399141630901287,0.11167964987494819,0.12182762202451891,41.20307016372681,1.6946711540222168,core,MARINE_EXPERIMENTS_V2/FULL_SUITE/core/aqua20__resnet18__full_finetune__b005__s46/result.json,,,
complete,aqua20__dinov2_small__last_block_ft__b001__s46,aqua20,dinov2_small,last_block_ft,001,46,10,10,128,0.1,20,70,5842,0.011982197877439232,1164,1165,22064276,1783700,0.5584192439862543,0.1551932132988903,0.15112332283481503,0.5605150214592275,0.13962112656562192,0.14392354765069468,49.948569774627686,0.6415987014770508,core,MARINE_EXPERIMENTS_V2/FULL_SUITE/core/aqua20__dinov2_small__last_block_ft__b001__s46/result.json,,,
complete,fathomnet__resnet18__linear_probe__b010__s46,fathomnet,resnet18,linear_probe,010,46,10,10,128,0.1,79,1709,16688,0.10240891658676894,3622,3389,11217039,40527,0.16979569298729982,0.155412622771756,0.18648784115423614,0.16966656830923577,0.15445867844705602,0.18131555351414033,133.8892879486084,0.598360538482666,core,MARINE_EXPERIMENTS_V2/FULL_SUITE/core/fathomnet__resnet18__linear_probe__b010__s46/result.json,,,
complete,aqua20__dinov2_small__last_block_ft__b100__s46,aqua20,dinov2_small,last_block_ft,100,46,10,7,128,0.1,20,5842,5842,1.0,1164,1165,22064276,1783700,0.9020618556701031,0.8806139618957584,0.8770616173937291,0.9210300429184549,0.8830444051296006,0.8857310744414285,151.2526500225067,0.9451370239257812,core,MARINE_EXPERIMENTS_V2/FULL_SUITE/core/aqua20__dinov2_small__last_block_ft__b100__s46/result.json,,,
complete,fathomnet__resnet18__mlp_head__b005__s42,fathomnet,resnet18,mlp_head,005,42,10,10,128,0.1,79,875,16688,0.05243288590604027,3622,3389,11349775,173263,0.18221976808393153,0.1555244641395023,0.1945900621177709,0.1850103275302449,0.1669508586359351,0.19923856105914609,118.53444051742554,0.5999722480773926,core,MARINE_EXPERIMENTS_V2/FULL_SUITE/core/fathomnet__resnet18__mlp_head__b005__s42/result.json,,,
complete,aqua20__dinov2_small__last_block_ft__b010__s42,aqua20,dinov2_small,last_block_ft,010,42,10,10,128,0.1,20,592,5842,0.10133515919205752,1164,1165,22064276,1783700,0.8109965635738832,0.49370588245954095,0.49987345483399537,0.8291845493562232,0.5631595170958115,0.5433128016238035,62.369476079940796,0.9451370239257812,core,MARINE_EXPERIMENTS_V2/FULL_SUITE/core/aqua20__dinov2_small__last_block_ft__b010__s42/result.json,,,
complete,aqua20__dinov2_small__mlp_head__b010__s43,aqua20,dinov2_small,mlp_head,010,43,10,10,128,0.1,20,592,5842,0.10133515919205752,1164,1165,22163860,107284,0.7835051546391752,0.3790016123635506,0.36474608490992666,0.8068669527896996,0.3977266062786534,0.37725850576831643,70.79145455360413,0.620419979095459,core,MARINE_EXPERIMENTS_V2/FULL_SUITE/core/aqua20__dinov2_small__mlp_head__b010__s43/result.json,,,
complete,aqua20__resnet18__linear_probe__b010__s45,aqua20,resnet18,linear_probe,010,45,10,10,128,0.1,20,592,5842,0.10133515919205752,1164,1165,11186772,10260,0.4097938144329897,0.059314563373552585,0.07017823033614567,0.40858369098712444,0.06043883829968717,0.07226675094701636,31.035191774368286,0.5978960990905762,core,MARINE_EXPERIMENTS_V2/FULL_SUITE/core/aqua20__resnet18__linear_probe__b010__s45/result.json,,,
complete,fathomnet__resnet18__mlp_head__b001__s46,fathomnet,resnet18,mlp_head,001,46,10,9,128,0.1,79,220,16688,0.013183125599232981,3622,3389,11349775,173263,0.05521811154058531,0.04612446535043986,0.06197318893704208,0.0513425789318383,0.04229596345119986,0.05846804715997399,103.77778482437134,0.5999722480773926,core,MARINE_EXPERIMENTS_V2/FULL_SUITE/core/fathomnet__resnet18__mlp_head__b001__s46/result.json,,,
complete,fathomnet__resnet18__marine_adapter__b001__s42,fathomnet,resnet18,marine_adapter,001,42,10,10,128,0.1,79,220,16688,0.013183125599232981,3622,3389,11349775,173263,0.0447266703478741,0.029283777097534578,0.039473167092690116,0.030687518442018294,0.02439933669012323,0.036638293451664,105.05457043647766,0.5999722480773926,core,MARINE_EXPERIMENTS_V2/FULL_SUITE/core/fathomnet__resnet18__marine_adapter__b001__s42/result.json,,,
complete,aqua20__dinov2_small__full_finetune__b100__s44,aqua20,dinov2_small,full_finetune,100,44,10,7,128,0.1,20,5842,5842,1.0,1164,1165,22064276,22064276,0.8917525773195877,0.8265747202891681,0.8078697434816198,0.9090128755364807,0.8139290907767276,0.792395070720852,272.0228388309479,6.885344505310059,core,MARINE_EXPERIMENTS_V2/FULL_SUITE/core/aqua20__dinov2_small__full_finetune__b100__s44/result.json,,,
complete,aqua20__resnet18__marine_adapter__b010__s44,aqua20,resnet18,marine_adapter,010,44,10,10,128,0.1,20,592,5842,0.10133515919205752,1164,1165,11319508,142996,0.5764604810996563,0.10729626620840693,0.11844794593675356,0.5682403433476395,0.10691529789609103,0.11980984442998381,46.81173539161682,0.5998740196228027,core,MARINE_EXPERIMENTS_V2/FULL_SUITE/core/aqua20__resnet18__marine_adapter__b010__s44/result.json,,,
complete,fathomnet__dinov2_small__marine_adapter__b100__s43,fathomnet,dinov2_small,marine_adapter,100,43,10,10,128,0.1,79,16688,16688,1.0,3622,3389,22186575,129999,0.6736609607951408,0.6705411176101018,0.6840618616976439,0.6792564178223665,0.6674529595426498,0.6793986045842113,498.1336805820465,0.6205277442932129,core,MARINE_EXPERIMENTS_V2/FULL_SUITE/core/fathomnet__dinov2_small__marine_adapter__b100__s43/result.json,,,
complete,aqua20__dinov2_small__full_finetune__b010__s43,aqua20,dinov2_small,full_finetune,010,43,10,8,128,0.1,20,592,5842,0.10133515919205752,1164,1165,22064276,22064276,0.7989690721649485,0.4856622751321841,0.4705961146727331,0.8145922746781116,0.4800063155093455,0.47167267944685154,51.895620584487915,6.885344505310059,core,MARINE_EXPERIMENTS_V2/FULL_SUITE/core/aqua20__dinov2_small__full_finetune__b010__s43/result.json,,,
complete,aqua20__dinov2_small__marine_adapter__b001__s44,aqua20,dinov2_small,marine_adapter,001,44,10,10,128,0.1,20,70,5842,0.011982197877439232,1164,1165,22163860,107284,0.25,0.05387740232606332,0.05350133107374433,0.248068669527897,0.05189447256610349,0.06093115306920358,47.05509662628174,0.620175838470459,core,MARINE_EXPERIMENTS_V2/FULL_SUITE/core/aqua20__dinov2_small__marine_adapter__b001__s44/result.json,,,
complete,aqua20__resnet18__full_finetune__b005__s43,aqua20,resnet18,full_finetune,005,43,10,10,128,0.1,20,302,5842,0.05169462512838069,1164,1165,11186772,11186772,0.5532646048109966,0.1069117896877774,0.11616658644340247,0.5184549356223176,0.10296475182559703,0.11259413239234721,39.808953523635864,1.6957697868347168,core,MARINE_EXPERIMENTS_V2/FULL_SUITE/core/aqua20__resnet18__full_finetune__b005__s43/result.json,,,
complete,aqua20__resnet18__linear_probe__b005__s43,aqua20,resnet18,linear_probe,005,43,10,5,128,0.1,20,302,5842,0.05169462512838069,1164,1165,11186772,10260,0.36769759450171824,0.045446471271435404,0.06619012161826757,0.3502145922746781,0.041881489669445784,0.0630920062939844,29.181083917617798,0.5978960990905762,core,MARINE_EXPERIMENTS_V2/FULL_SUITE/core/aqua20__resnet18__linear_probe__b005__s43/result.json,,,
complete,fathomnet__dinov2_small__linear_probe__b100__s42,fathomnet,dinov2_small,linear_probe,100,42,10,10,128,0.1,79,16688,16688,1.0,3622,3389,22086991,30415,0.6496410822749862,0.6429860501541174,0.6578664440758508,0.6462083210386544,0.6357272029878172,0.6516745917662395,493.4155056476593,0.6192879676818848,core,MARINE_EXPERIMENTS_V2/FULL_SUITE/core/fathomnet__dinov2_small__linear_probe__b100__s42/result.json,,,
complete,aqua20__dinov2_small__full_finetune__b005__s43,aqua20,dinov2_small,full_finetune,005,43,10,9,128,0.1,20,302,5842,0.05169462512838069,1164,1165,22064276,22064276,0.4991408934707904,0.09187621609995496,0.09925258431302707,0.4798283261802575,0.09197585279168694,0.09925126421237182,25.426864624023438,6.885185241699219,core,MARINE_EXPERIMENTS_V2/FULL_SUITE/core/aqua20__dinov2_small__full_finetune__b005__s43/result.json,,,
complete,aqua20__resnet18__last_block_ft__b100__s43,aqua20,resnet18,last_block_ft,100,43,10,9,128,0.1,20,5842,5842,1.0,1164,1165,11186772,8403988,0.8316151202749141,0.6302164303225763,0.6125174993795774,0.8394849785407725,0.6186354424204001,0.5991965409254382,146.73437929153442,0.6924777030944824,core,MARINE_EXPERIMENTS_V2/FULL_SUITE/core/aqua20__resnet18__last_block_ft__b100__s43/result.json,,,
complete,fathomnet__resnet18__marine_adapter__b010__s42,fathomnet,resnet18,marine_adapter,010,42,10,10,128,0.1,79,1709,16688,0.10240891658676894,3622,3389,11349775,173263,0.25621203754831584,0.23599588627310486,0.26848596691960663,0.24166420773089406,0.22140873310254924,0.2483089031067386,137.52364659309387,0.5999722480773926,core,MARINE_EXPERIMENTS_V2/FULL_SUITE/core/fathomnet__resnet18__marine_adapter__b010__s42/result.json,,,
complete,aqua20__dinov2_small__last_block_ft__b005__s44,aqua20,dinov2_small,last_block_ft,005,44,10,10,128,0.1,20,302,5842,0.05169462512838069,1164,1165,22064276,1783700,0.738831615120275,0.3413017543045592,0.33250723268972215,0.7622317596566524,0.37756167997459106,0.35897153433992113,50.85886359214783,0.9448928833007812,core,MARINE_EXPERIMENTS_V2/FULL_SUITE/core/aqua20__dinov2_small__last_block_ft__b005__s44/result.json,,,
complete,aqua20__resnet18__full_finetune__b100__s44,aqua20,resnet18,full_finetune,100,44,10,8,128,0.1,20,5842,5842,1.0,1164,1165,11186772,11186772,0.8324742268041238,0.6394216123041034,0.6096427305320489,0.8446351931330472,0.6584485999391203,0.6373143351237963,169.9338037967682,1.6946711540222168,core,MARINE_EXPERIMENTS_V2/FULL_SUITE/core/aqua20__resnet18__full_finetune__b100__s44/result.json,,,
complete,aqua20__resnet18__linear_probe__b010__s43,aqua20,resnet18,linear_probe,010,43,10,9,128,0.1,20,592,5842,0.10133515919205752,1164,1165,11186772,10260,0.38831615120274915,0.05973833988832703,0.0708776787995065,0.37339055793991416,0.055194406911337646,0.06791078772441625,34.08298301696777,0.5978960990905762,core,MARINE_EXPERIMENTS_V2/FULL_SUITE/core/aqua20__resnet18__linear_probe__b010__s43/result.json,,,
complete,fathomnet__dinov2_small__linear_probe__b001__s46,fathomnet,dinov2_small,linear_probe,001,46,10,8,128,0.1,79,220,16688,0.013183125599232981,3622,3389,22086991,30415,0.03451131971286582,0.02996396296882758,0.03751782460460219,0.03776925346709944,0.030804633555770646,0.039438240740856306,112.70554757118225,0.6192879676818848,core,MARINE_EXPERIMENTS_V2/FULL_SUITE/core/fathomnet__dinov2_small__linear_probe__b001__s46/result.json,,,
complete,fathomnet__resnet18__marine_adapter__b005__s42,fathomnet,resnet18,marine_adapter,005,42,10,10,128,0.1,79,875,16688,0.05243288590604027,3622,3389,11349775,173263,0.14826062948647156,0.12505081884577443,0.15316797973744176,0.1316022425494246,0.11650596448454685,0.14359428662646886,120.89444637298584,0.6003384590148926,core,MARINE_EXPERIMENTS_V2/FULL_SUITE/core/fathomnet__resnet18__marine_adapter__b005__s42/result.json,,,
complete,aqua20__dinov2_small__marine_adapter__b100__s44,aqua20,dinov2_small,marine_adapter,100,44,10,9,128,0.1,20,5842,5842,1.0,1164,1165,22163860,107284,0.8823024054982818,0.7857577967912712,0.7759303290146741,0.9055793991416309,0.8348099453432505,0.8294893118136251,166.2947609424591,0.620175838470459,core,MARINE_EXPERIMENTS_V2/FULL_SUITE/core/aqua20__dinov2_small__marine_adapter__b100__s44/result.json,,,
complete,aqua20__resnet18__mlp_head__b010__s45,aqua20,resnet18,mlp_head,010,45,10,10,128,0.1,20,592,5842,0.10133515919205752,1164,1165,11319508,142996,0.6469072164948454,0.218813927289954,0.20315933021469243,0.6454935622317597,0.21082770053830382,0.20219213411022202,44.75781583786011,0.5995078086853027,core,MARINE_EXPERIMENTS_V2/FULL_SUITE/core/aqua20__resnet18__mlp_head__b010__s45/result.json,,,
complete,fathomnet__resnet18__linear_probe__b005__s45,fathomnet,resnet18,linear_probe,005,45,10,9,128,0.1,79,875,16688,0.05243288590604027,3622,3389,11217039,40527,0.0759249033683048,0.06292362602821357,0.08117197104573626,0.05930953083505459,0.04660945913969594,0.06581840731059173,120.72889733314514,0.597994327545166,core,MARINE_EXPERIMENTS_V2/FULL_SUITE/core/fathomnet__resnet18__linear_probe__b005__s45/result.json,,,
complete,fathomnet__dinov2_small__mlp_head__b100__s44,fathomnet,dinov2_small,mlp_head,100,44,10,10,128,0.1,79,16688,16688,1.0,3622,3389,22186575,129999,0.6750414135836554,0.6750658289957516,0.6876548913993082,0.6786662732369431,0.6677078369376693,0.6824064762270372,492.2292287349701,0.6207718849182129,core,MARINE_EXPERIMENTS_V2/FULL_SUITE/core/fathomnet__dinov2_small__mlp_head__b100__s44/result.json,,,
complete,fathomnet__resnet18__marine_adapter__b010__s44,fathomnet,resnet18,marine_adapter,010,44,10,10,128,0.1,79,1709,16688,0.10240891658676894,3622,3389,11349775,173263,0.2586968525676422,0.23890847689609251,0.26964232672170946,0.2732369430510475,0.24723928695635858,0.2762885890864908,135.77731847763062,0.6003384590148926,core,MARINE_EXPERIMENTS_V2/FULL_SUITE/core/fathomnet__resnet18__marine_adapter__b010__s44/result.json,,,
complete,aqua20__dinov2_small__mlp_head__b100__s43,aqua20,dinov2_small,mlp_head,100,43,10,9,128,0.1,20,5842,5842,1.0,1164,1165,22163860,107284,0.9003436426116839,0.8361715892022973,0.8305856605620034,0.9133047210300429,0.8612208875104532,0.843271351735104,171.2999608516693,0.620419979095459,core,MARINE_EXPERIMENTS_V2/FULL_SUITE/core/aqua20__dinov2_small__mlp_head__b100__s43/result.json,,,
complete,fathomnet__resnet18__last_block_ft__b010__s42,fathomnet,resnet18,last_block_ft,010,42,10,10,128,0.1,79,1709,16688,0.10240891658676894,3622,3389,11217039,8434255,0.3241303147432358,0.30765347483687516,0.3362020494645627,0.3163174977869578,0.293475479974088,0.32314661652252696,137.4199719429016,0.693047046661377,core,MARINE_EXPERIMENTS_V2/FULL_SUITE/core/fathomnet__resnet18__last_block_ft__b010__s42/result.json,,,
complete,fathomnet__resnet18__last_block_ft__b001__s42,fathomnet,resnet18,last_block_ft,001,42,10,10,128,0.1,79,220,16688,0.013183125599232981,3622,3389,11217039,8434255,0.038376587520706794,0.03018505965190963,0.042427027136807474,0.03924461493065801,0.03330151462354904,0.044293916165840726,105.62635898590088,0.6931443214416504,core,MARINE_EXPERIMENTS_V2/FULL_SUITE/core/fathomnet__resnet18__last_block_ft__b001__s42/result.json,,,
complete,fathomnet__dinov2_small__last_block_ft__b005__s42,fathomnet,dinov2_small,last_block_ft,005,42,10,10,128,0.1,79,875,16688,0.05243288590604027,3622,3389,22086991,1806415,0.3014908890115958,0.28829660967238,0.30852348154122544,0.3056948952493361,0.2949199503634459,0.3120920919037096,141.7863962650299,0.9452447891235352,core,MARINE_EXPERIMENTS_V2/FULL_SUITE/core/fathomnet__dinov2_small__last_block_ft__b005__s42/result.json,,,
complete,aqua20__resnet18__mlp_head__b005__s45,aqua20,resnet18,mlp_head,005,45,10,9,128,0.1,20,302,5842,0.05169462512838069,1164,1165,11319508,142996,0.5687285223367697,0.10415387724853213,0.11493620052290943,0.5510729613733906,0.10222961646168365,0.11504464842838547,39.301109790802,0.5998740196228027,core,MARINE_EXPERIMENTS_V2/FULL_SUITE/core/aqua20__resnet18__mlp_head__b005__s45/result.json,,,
complete,aqua20__resnet18__mlp_head__b001__s43,aqua20,resnet18,mlp_head,001,43,10,10,128,0.1,20,70,5842,0.011982197877439232,1164,1165,11319508,142996,0.41323024054982815,0.05133575204603121,0.06682055402468358,0.40171673819742487,0.05043995054995757,0.06680965897530469,37.03799057006836,0.5990195274353027,core,MARINE_EXPERIMENTS_V2/FULL_SUITE/core/aqua20__resnet18__mlp_head__b001__s43/result.json,,,
complete,fathomnet__resnet18__marine_adapter__b100__s46,fathomnet,resnet18,marine_adapter,100,46,10,9,128,0.1,79,16688,16688,1.0,3622,3389,11349775,173263,0.5328547763666482,0.5255586876311615,0.5425939021647497,0.5234582472705813,0.5125379007647379,0.525676252213484,461.54387617111206,0.5999722480773926,core,MARINE_EXPERIMENTS_V2/FULL_SUITE/core/fathomnet__resnet18__marine_adapter__b100__s46/result.json,,,
complete,fathomnet__resnet18__full_finetune__b005__s42,fathomnet,resnet18,full_finetune,005,42,10,10,128,0.1,79,875,16688,0.05243288590604027,3622,3389,11217039,11217039,0.16758696852567642,0.14532035154172568,0.1807716901373895,0.1681912068456772,0.13998749103238176,0.17488401687380822,121.47206544876099,1.6962342262268066,core,MARINE_EXPERIMENTS_V2/FULL_SUITE/core/fathomnet__resnet18__full_finetune__b005__s42/result.json,,,
complete,aqua20__resnet18__last_block_ft__b001__s44,aqua20,resnet18,last_block_ft,001,44,10,9,128,0.1,20,70,5842,0.011982197877439232,1164,1165,11186772,8403988,0.42783505154639173,0.06932691965022454,0.07855674175488053,0.44206008583690987,0.07360228469861477,0.08466864145649342,37.945215702056885,0.6912150382995605,core,MARINE_EXPERIMENTS_V2/FULL_SUITE/core/aqua20__resnet18__last_block_ft__b001__s44/result.json,,,
complete,fathomnet__resnet18__full_finetune__b005__s46,fathomnet,resnet18,full_finetune,005,46,10,10,128,0.1,79,875,16688,0.05243288590604027,3622,3389,11217039,11217039,0.1673108779679735,0.1516779924688265,0.1801735319280605,0.18619061670109177,0.16702693525544046,0.19787722438127484,118.89804720878601,1.6951355934143066,core,MARINE_EXPERIMENTS_V2/FULL_SUITE/core/fathomnet__resnet18__full_finetune__b005__s46/result.json,,,
complete,aqua20__resnet18__linear_probe__b010__s44,aqua20,resnet18,linear_probe,010,44,10,10,128,0.1,20,592,5842,0.10133515919205752,1164,1165,11186772,10260,0.38917525773195877,0.0549939178630615,0.06611579733066654,0.40772532188841204,0.06512842015125722,0.0749135864231325,31.596763372421265,0.5978960990905762,core,MARINE_EXPERIMENTS_V2/FULL_SUITE/core/aqua20__resnet18__linear_probe__b010__s44/result.json,,,
complete,fathomnet__resnet18__mlp_head__b100__s43,fathomnet,resnet18,mlp_head,100,43,10,10,128,0.1,79,16688,16688,1.0,3622,3389,11349775,173263,0.5334069574820541,0.5265536062856483,0.543441279303808,0.534080849808203,0.5231649141664867,0.5357760317300563,446.14669704437256,0.6003384590148926,core,MARINE_EXPERIMENTS_V2/FULL_SUITE/core/fathomnet__resnet18__mlp_head__b100__s43/result.json,,,
complete,aqua20__dinov2_small__linear_probe__b005__s44,aqua20,dinov2_small,linear_probe,005,44,10,10,128,0.1,20,302,5842,0.05169462512838069,1164,1165,22064276,7700,0.30584192439862545,0.08785460121991202,0.0940833103626292,0.2875536480686695,0.07533317779585474,0.07772759308466223,53.453062295913696,0.6189360618591309,core,MARINE_EXPERIMENTS_V2/FULL_SUITE/core/aqua20__dinov2_small__linear_probe__b005__s44/result.json,,,
complete,aqua20__dinov2_small__linear_probe__b001__s43,aqua20,dinov2_small,linear_probe,001,43,10,10,128,0.1,20,70,5842,0.011982197877439232,1164,1165,22064276,7700,0.11512027491408934,0.050760574284327585,0.056861168144906625,0.09957081545064378,0.042400569564990054,0.05161086821383278,44.45641469955444,0.6186919212341309,core,MARINE_EXPERIMENTS_V2/FULL_SUITE/core/aqua20__dinov2_small__linear_probe__b001__s43/result.json,,,
complete,aqua20__dinov2_small__mlp_head__b010__s42,aqua20,dinov2_small,mlp_head,010,42,10,10,128,0.1,20,592,5842,0.10133515919205752,1164,1165,22163860,107284,0.7963917525773195,0.4107867386313215,0.3954780959249805,0.7957081545064377,0.38594378507809773,0.3799511350422897,61.78284168243408,0.620419979095459,core,MARINE_EXPERIMENTS_V2/FULL_SUITE/core/aqua20__dinov2_small__mlp_head__b010__s42/result.json,,,
complete,fathomnet__dinov2_small__marine_adapter__b100__s46,fathomnet,dinov2_small,marine_adapter,100,46,10,9,128,0.1,79,16688,16688,1.0,3622,3389,22186575,129999,0.6802871341800111,0.677291690249843,0.6886527814225578,0.6789613455296548,0.6690829940553444,0.6816338316655374,456.624627828598,0.6205277442932129,core,MARINE_EXPERIMENTS_V2/FULL_SUITE/core/fathomnet__dinov2_small__marine_adapter__b100__s46/result.json,,,
complete,fathomnet__dinov2_small__marine_adapter__b010__s42,fathomnet,dinov2_small,marine_adapter,010,42,10,10,128,0.1,79,1709,16688,0.10240891658676894,3622,3389,22186575,129999,0.35091109884041966,0.32735566160621293,0.3595926561231877,0.34228385954558865,0.3260592036840427,0.35920090279409406,159.6367049217224,0.6205277442932129,core,MARINE_EXPERIMENTS_V2/FULL_SUITE/core/fathomnet__dinov2_small__marine_adapter__b010__s42/result.json,,,
complete,fathomnet__resnet18__full_finetune__b010__s46,fathomnet,resnet18,full_finetune,010,46,10,9,128,0.1,79,1709,16688,0.10240891658676894,3622,3389,11217039,11217039,0.2807840971838763,0.26545545001504933,0.3020123635065064,0.30894069046916495,0.28300058679432943,0.31655255536972055,133.87480282783508,1.6962342262268066,core,MARINE_EXPERIMENTS_V2/FULL_SUITE/core/fathomnet__resnet18__full_finetune__b010__s46/result.json,,,
complete,aqua20__dinov2_small__last_block_ft__b001__s44,aqua20,dinov2_small,last_block_ft,001,44,10,10,128,0.1,20,70,5842,0.011982197877439232,1164,1165,22064276,1783700,0.5601374570446735,0.13516051043639432,0.13570897980157837,0.51931330472103,0.11076718477854915,0.11810832977951932,52.68533372879028,0.6422309875488281,core,MARINE_EXPERIMENTS_V2/FULL_SUITE/core/aqua20__dinov2_small__last_block_ft__b001__s44/result.json,,,
complete,fathomnet__dinov2_small__full_finetune__b100__s42,fathomnet,dinov2_small,full_finetune,100,42,10,9,128,0.1,79,16688,16688,1.0,3622,3389,22086991,22086991,0.8100496963003865,0.8090216830696275,0.8155511267417953,0.8235467689583948,0.810633553019201,0.819793322732013,512.147971868515,6.8859405517578125,core,MARINE_EXPERIMENTS_V2/FULL_SUITE/core/fathomnet__dinov2_small__full_finetune__b100__s42/result.json,,,
complete,aqua20__resnet18__full_finetune__b010__s45,aqua20,resnet18,full_finetune,010,45,10,10,128,0.1,20,592,5842,0.10133515919205752,1164,1165,11186772,11186772,0.6434707903780069,0.17588713427334687,0.16832335584711877,0.6334763948497855,0.1960803072330406,0.18421250105334525,46.23606300354004,1.6957697868347168,core,MARINE_EXPERIMENTS_V2/FULL_SUITE/core/aqua20__resnet18__full_finetune__b010__s45/result.json,,,
complete,fathomnet__resnet18__full_finetune__b005__s45,fathomnet,resnet18,full_finetune,005,45,10,10,128,0.1,79,875,16688,0.05243288590604027,3622,3389,11217039,11217039,0.16675869685256764,0.14934671230464772,0.17504504433026846,0.18412511065210976,0.16305994843500635,0.19794473777278865,121.44565963745117,1.6951355934143066,core,MARINE_EXPERIMENTS_V2/FULL_SUITE/core/fathomnet__resnet18__full_finetune__b005__s45/result.json,,,
complete,aqua20__resnet18__mlp_head__b001__s44,aqua20,resnet18,mlp_head,001,44,10,10,128,0.1,20,70,5842,0.011982197877439232,1164,1165,11319508,142996,0.4518900343642612,0.06007782918678347,0.0755353281168946,0.4369098712446352,0.05813452780047139,0.07463126913647788,38.79260516166687,0.5990195274353027,core,MARINE_EXPERIMENTS_V2/FULL_SUITE/core/aqua20__resnet18__mlp_head__b001__s44/result.json,,,
complete,fathomnet__dinov2_small__full_finetune__b005__s43,fathomnet,dinov2_small,full_finetune,005,43,10,9,128,0.1,79,875,16688,0.05243288590604027,3622,3389,22086991,22086991,0.4246272777471011,0.4172005306704549,0.43718350778329823,0.4305104750663913,0.41289618141748835,0.4271385857173828,54.90687370300293,6.8849029541015625,core,MARINE_EXPERIMENTS_V2/FULL_SUITE/core/fathomnet__dinov2_small__full_finetune__b005__s43/result.json,,,
complete,fathomnet__resnet18__last_block_ft__b005__s46,fathomnet,resnet18,last_block_ft,005,46,10,10,128,0.1,79,875,16688,0.05243288590604027,3622,3389,11217039,8434255,0.20513528437327444,0.1855744980927858,0.21854343711010402,0.20448509884921806,0.18907585541498917,0.22259127797642642,116.12824892997742,0.6926560401916504,core,MARINE_EXPERIMENTS_V2/FULL_SUITE/core/fathomnet__resnet18__last_block_ft__b005__s46/result.json,,,
complete,aqua20__resnet18__last_block_ft__b100__s46,aqua20,resnet18,last_block_ft,100,46,10,8,128,0.1,20,5842,5842,1.0,1164,1165,11186772,8403988,0.8281786941580757,0.6319855383902853,0.6047909983477997,0.8369098712446352,0.6259371810507591,0.6053519360342025,152.4742181301117,0.6924777030944824,core,MARINE_EXPERIMENTS_V2/FULL_SUITE/core/aqua20__resnet18__last_block_ft__b100__s46/result.json,,,
complete,fathomnet__resnet18__mlp_head__b100__s45,fathomnet,resnet18,mlp_head,100,45,10,8,128,0.1,79,16688,16688,1.0,3622,3389,11349775,173263,0.5231916068470458,0.5174899930828649,0.5322301099872608,0.5326054883446444,0.5212096828566329,0.5344569774565558,451.1490218639374,0.6003384590148926,core,MARINE_EXPERIMENTS_V2/FULL_SUITE/core/fathomnet__resnet18__mlp_head__b100__s45/result.json,,,
complete,fathomnet__resnet18__linear_probe__b010__s44,fathomnet,resnet18,linear_probe,010,44,10,10,128,0.1,79,1709,16688,0.10240891658676894,3622,3389,11217039,40527,0.16399779127553837,0.15193683020042734,0.17979756342133116,0.16317497786957805,0.1517131050147532,0.17848700067650392,135.69971585273743,0.598360538482666,core,MARINE_EXPERIMENTS_V2/FULL_SUITE/core/fathomnet__resnet18__linear_probe__b010__s44/result.json,,,
complete,aqua20__resnet18__linear_probe__b100__s45,aqua20,resnet18,linear_probe,100,45,10,9,128,0.1,20,5842,5842,1.0,1164,1165,11186772,10260,0.7302405498281787,0.3732652058868081,0.3439258661066481,0.7467811158798283,0.42157128423590057,0.3821831685151193,151.9537489414215,0.5975298881530762,core,MARINE_EXPERIMENTS_V2/FULL_SUITE/core/aqua20__resnet18__linear_probe__b100__s45/result.json,,,
complete,fathomnet__resnet18__last_block_ft__b010__s46,fathomnet,resnet18,last_block_ft,010,46,10,10,128,0.1,79,1709,16688,0.10240891658676894,3622,3389,11217039,8434255,0.33020430701270015,0.3070361123028404,0.34344096515897,0.3216287990557687,0.3075238470315498,0.34016514895986527,134.24978041648865,0.6927714347839355,core,MARINE_EXPERIMENTS_V2/FULL_SUITE/core/fathomnet__resnet18__last_block_ft__b010__s46/result.json,,,
complete,aqua20__resnet18__linear_probe__b005__s45,aqua20,resnet18,linear_probe,005,45,10,10,128,0.1,20,302,5842,0.05169462512838069,1164,1165,11186772,10260,0.38230240549828176,0.05743938046627863,0.06840120803010293,0.3802575107296137,0.05823329331732694,0.07077231642729669,31.01941704750061,0.5978960990905762,core,MARINE_EXPERIMENTS_V2/FULL_SUITE/core/aqua20__resnet18__linear_probe__b005__s45/result.json,,,
complete,aqua20__resnet18__last_block_ft__b001__s43,aqua20,resnet18,last_block_ft,001,43,10,10,128,0.1,20,70,5842,0.011982197877439232,1164,1165,11186772,8403988,0.36683848797250856,0.05376564598620596,0.08099109130902407,0.3459227467811159,0.05212468982630273,0.07908583911146462,35.153963804244995,0.6912150382995605,core,MARINE_EXPERIMENTS_V2/FULL_SUITE/core/aqua20__resnet18__last_block_ft__b001__s43/result.json,,,
complete,aqua20__dinov2_small__linear_probe__b005__s45,aqua20,dinov2_small,linear_probe,005,45,10,10,128,0.1,20,302,5842,0.05169462512838069,1164,1165,22064276,7700,0.5378006872852233,0.19838551151453096,0.19187753397154592,0.5665236051502146,0.2330448534126061,0.23221770099726946,46.98239231109619,0.6186919212341309,core,MARINE_EXPERIMENTS_V2/FULL_SUITE/core/aqua20__dinov2_small__linear_probe__b005__s45/result.json,,,
complete,fathomnet__resnet18__linear_probe__b001__s42,fathomnet,resnet18,linear_probe,001,42,10,10,128,0.1,79,220,16688,0.013183125599232981,3622,3389,11217039,40527,0.022087244616234125,0.015793996838864933,0.022951487291210444,0.01976984361168486,0.010188074951859196,0.021144423672398986,106.93617796897888,0.597994327545166,core,MARINE_EXPERIMENTS_V2/FULL_SUITE/core/fathomnet__resnet18__linear_probe__b001__s42/result.json,,,
complete,aqua20__resnet18__marine_adapter__b005__s45,aqua20,resnet18,marine_adapter,005,45,10,10,128,0.1,20,302,5842,0.05169462512838069,1164,1165,11319508,142996,0.46563573883161513,0.07359282223891325,0.08550019656758574,0.4497854077253219,0.07024025843305252,0.08381426609596285,37.700531005859375,0.5995078086853027,core,MARINE_EXPERIMENTS_V2/FULL_SUITE/core/aqua20__resnet18__marine_adapter__b005__s45/result.json,,,
complete,aqua20__dinov2_small__last_block_ft__b005__s43,aqua20,dinov2_small,last_block_ft,005,43,10,10,128,0.1,20,302,5842,0.05169462512838069,1164,1165,22064276,1783700,0.756872852233677,0.3693256290520872,0.36569244586543476,0.7699570815450644,0.361772616568265,0.35728844545648714,58.13694930076599,0.9448928833007812,core,MARINE_EXPERIMENTS_V2/FULL_SUITE/core/aqua20__dinov2_small__last_block_ft__b005__s43/result.json,,,
complete,aqua20__resnet18__linear_probe__b100__s46,aqua20,resnet18,linear_probe,100,46,10,9,128,0.1,20,5842,5842,1.0,1164,1165,11186772,10260,0.7250859106529209,0.3872826978612317,0.34499658547724055,0.7347639484978541,0.4045331433275196,0.36413004840723223,151.68437242507935,0.5975298881530762,core,MARINE_EXPERIMENTS_V2/FULL_SUITE/core/aqua20__resnet18__linear_probe__b100__s46/result.json,,,
complete,aqua20__resnet18__last_block_ft__b010__s46,aqua20,resnet18,last_block_ft,010,46,10,10,128,0.1,20,592,5842,0.10133515919205752,1164,1165,11186772,8403988,0.6048109965635738,0.13077771044130898,0.1350363673171947,0.6008583690987125,0.14927619815985022,0.14961183246181425,47.82412004470825,0.6908488273620605,core,MARINE_EXPERIMENTS_V2/FULL_SUITE/core/aqua20__resnet18__last_block_ft__b010__s46/result.json,,,
complete,aqua20__resnet18__last_block_ft__b010__s43,aqua20,resnet18,last_block_ft,010,43,10,10,128,0.1,20,592,5842,0.10133515919205752,1164,1165,11186772,8403988,0.615979381443299,0.1344589843469221,0.13984660534024426,0.6,0.14358060709367365,0.14543232837127562,48.09290671348572,0.6921916007995605,core,MARINE_EXPERIMENTS_V2/FULL_SUITE/core/aqua20__resnet18__last_block_ft__b010__s43/result.json,,,
complete,aqua20__dinov2_small__mlp_head__b001__s46,aqua20,dinov2_small,mlp_head,001,46,10,10,128,0.1,20,70,5842,0.011982197877439232,1164,1165,22163860,107284,0.5498281786941581,0.1293831592577938,0.13193819253052627,0.5459227467811159,0.12829691315847272,0.13362918331089843,48.344677686691284,0.620175838470459,core,MARINE_EXPERIMENTS_V2/FULL_SUITE/core/aqua20__dinov2_small__mlp_head__b001__s46/result.json,,,
complete,fathomnet__resnet18__marine_adapter__b010__s45,fathomnet,resnet18,marine_adapter,010,45,10,10,128,0.1,79,1709,16688,0.10240891658676894,3622,3389,11349775,173263,0.2567642186637217,0.22874456870653792,0.26641444183078,0.25287695485393924,0.235219558921613,0.2607677300310143,139.66222476959229,0.6003384590148926,core,MARINE_EXPERIMENTS_V2/FULL_SUITE/core/fathomnet__resnet18__marine_adapter__b010__s45/result.json,,,
complete,fathomnet__dinov2_small__full_finetune__b001__s45,fathomnet,dinov2_small,full_finetune,001,45,10,10,128,0.1,79,220,16688,0.013183125599232981,3622,3389,22086991,22086991,0.10960795140806184,0.10255658068357043,0.12328105523344533,0.11183239893773975,0.1046462096680617,0.12425572678923208,117.20504450798035,6.8855743408203125,core,MARINE_EXPERIMENTS_V2/FULL_SUITE/core/fathomnet__dinov2_small__full_finetune__b001__s45/result.json,,,
complete,fathomnet__resnet18__last_block_ft__b010__s45,fathomnet,resnet18,last_block_ft,010,45,10,9,128,0.1,79,1709,16688,0.10240891658676894,3622,3389,11217039,8434255,0.3426283821093319,0.32271603225451007,0.3504358173526921,0.32546473886102095,0.30773480887625365,0.33519059214700037,138.14174628257751,0.6927714347839355,core,MARINE_EXPERIMENTS_V2/FULL_SUITE/core/fathomnet__resnet18__last_block_ft__b010__s45/result.json,,,
complete,aqua20__resnet18__linear_probe__b005__s46,aqua20,resnet18,linear_probe,005,46,10,9,128,0.1,20,302,5842,0.05169462512838069,1164,1165,11186772,10260,0.2508591065292096,0.03922558471227146,0.04623512683893355,0.27896995708154504,0.04435420044007071,0.05315807869924669,27.939985513687134,0.5978960990905762,core,MARINE_EXPERIMENTS_V2/FULL_SUITE/core/aqua20__resnet18__linear_probe__b005__s46/result.json,,,
complete,fathomnet__dinov2_small__linear_probe__b010__s45,fathomnet,dinov2_small,linear_probe,010,45,10,10,128,0.1,79,1709,16688,0.10240891658676894,3622,3389,22086991,30415,0.2954168967421314,0.28999864916582174,0.3079554473636789,0.3006786662732369,0.28880935331018937,0.30491001025714176,151.04546308517456,0.6192879676818848,core,MARINE_EXPERIMENTS_V2/FULL_SUITE/core/fathomnet__dinov2_small__linear_probe__b010__s45/result.json,,,
complete,aqua20__resnet18__marine_adapter__b010__s45,aqua20,resnet18,marine_adapter,010,45,10,9,128,0.1,20,592,5842,0.10133515919205752,1164,1165,11319508,142996,0.5601374570446735,0.09885382909726168,0.11203630509967444,0.542489270386266,0.10069606722923623,0.11252592681363775,44.316733598709106,0.5998740196228027,core,MARINE_EXPERIMENTS_V2/FULL_SUITE/core/aqua20__resnet18__marine_adapter__b010__s45/result.json,,,
complete,fathomnet__resnet18__mlp_head__b100__s46,fathomnet,resnet18,mlp_head,100,46,10,10,128,0.1,79,16688,16688,1.0,3622,3389,11349775,173263,0.5328547763666482,0.5266071887082321,0.5420738548472053,0.5358512835644733,0.5253443539792072,0.5391812579429761,454.39862847328186,0.6003384590148926,core,MARINE_EXPERIMENTS_V2/FULL_SUITE/core/fathomnet__resnet18__mlp_head__b100__s46/result.json,,,
complete,aqua20__dinov2_small__full_finetune__b010__s42,aqua20,dinov2_small,full_finetune,010,42,10,10,128,0.1,20,592,5842,0.10133515919205752,1164,1165,22064276,22064276,0.5463917525773195,0.12809710966166607,0.12979669862751914,0.5330472103004292,0.11444046040530018,0.12411184016700658,76.96605229377747,6.885344505310059,core,MARINE_EXPERIMENTS_V2/FULL_SUITE/core/aqua20__dinov2_small__full_finetune__b010__s42/result.json,,,
complete,aqua20__resnet18__marine_adapter__b010__s42,aqua20,resnet18,marine_adapter,010,42,10,10,128,0.1,20,592,5842,0.10133515919205752,1164,1165,11319508,142996,0.5910652920962199,0.1190675180199194,0.12443810334124987,0.5510729613733906,0.1047784553784336,0.11470317402431854,46.875511169433594,0.5995078086853027,core,MARINE_EXPERIMENTS_V2/FULL_SUITE/core/aqua20__resnet18__marine_adapter__b010__s42/result.json,,,
complete,fathomnet__dinov2_small__marine_adapter__b005__s42,fathomnet,dinov2_small,marine_adapter,005,42,10,10,128,0.1,79,875,16688,0.05243288590604027,3622,3389,22186575,129999,0.18415240198785202,0.17381721878076173,0.19433287284890327,0.17320743582177633,0.16354942716753015,0.1887549649117433,138.9142873287201,0.6207718849182129,core,MARINE_EXPERIMENTS_V2/FULL_SUITE/core/fathomnet__dinov2_small__marine_adapter__b005__s42/result.json,,,
complete,aqua20__resnet18__full_finetune__b100__s42,aqua20,resnet18,full_finetune,100,42,10,9,128,0.1,20,5842,5842,1.0,1164,1165,11186772,11186772,0.8376288659793815,0.6748602064384248,0.645839705213185,0.8437768240343347,0.6434903494815665,0.6266486445030892,161.61643886566162,1.6957697868347168,core,MARINE_EXPERIMENTS_V2/FULL_SUITE/core/aqua20__resnet18__full_finetune__b100__s42/result.json,,,
complete,aqua20__dinov2_small__last_block_ft__b005__s42,aqua20,dinov2_small,last_block_ft,005,42,10,9,128,0.1,20,302,5842,0.05169462512838069,1164,1165,22064276,1783700,0.761168384879725,0.35788402811127357,0.34753400868982876,0.7759656652360515,0.39059714358977626,0.3748094230305217,57.47108769416809,0.9448928833007812,core,MARINE_EXPERIMENTS_V2/FULL_SUITE/core/aqua20__dinov2_small__last_block_ft__b005__s42/result.json,,,
complete,fathomnet__resnet18__linear_probe__b010__s45,fathomnet,resnet18,linear_probe,010,45,10,10,128,0.1,79,1709,16688,0.10240891658676894,3622,3389,11217039,40527,0.1609607951408062,0.14230583084792015,0.17432986888824017,0.1578636766007672,0.13776053799363963,0.16504421123424998,134.78985500335693,0.598360538482666,core,MARINE_EXPERIMENTS_V2/FULL_SUITE/core/fathomnet__resnet18__linear_probe__b010__s45/result.json,,,
complete,aqua20__resnet18__marine_adapter__b001__s43,aqua20,resnet18,marine_adapter,001,43,10,10,128,0.1,20,70,5842,0.011982197877439232,1164,1165,11319508,142996,0.34965635738831613,0.05606532577428638,0.06352731216544749,0.33905579399141633,0.052687466507037484,0.06259872451586508,36.930219650268555,0.5990195274353027,core,MARINE_EXPERIMENTS_V2/FULL_SUITE/core/aqua20__resnet18__marine_adapter__b001__s43/result.json,,,
complete,aqua20__dinov2_small__marine_adapter__b100__s46,aqua20,dinov2_small,marine_adapter,100,46,10,10,128,0.1,20,5842,5842,1.0,1164,1165,22163860,107284,0.884020618556701,0.7918874327062546,0.7801084747910075,0.9090128755364807,0.8254452132823271,0.8090143724667804,158.9195592403412,0.620175838470459,core,MARINE_EXPERIMENTS_V2/FULL_SUITE/core/aqua20__dinov2_small__marine_adapter__b100__s46/result.json,,,
complete,aqua20__dinov2_small__marine_adapter__b010__s44,aqua20,dinov2_small,marine_adapter,010,44,10,10,128,0.1,20,592,5842,0.10133515919205752,1164,1165,22163860,107284,0.7036082474226805,0.22295165079651583,0.21814426975752355,0.7107296137339055,0.23359002889064873,0.22851247345457856,59.84163284301758,0.620419979095459,core,MARINE_EXPERIMENTS_V2/FULL_SUITE/core/aqua20__dinov2_small__marine_adapter__b010__s44/result.json,,,
complete,fathomnet__dinov2_small__full_finetune__b001__s43,fathomnet,dinov2_small,full_finetune,001,43,10,10,128,0.1,79,220,16688,0.013183125599232981,3622,3389,22086991,22086991,0.14881281060187743,0.1302431916391119,0.15297767175844273,0.14163470050162288,0.12495378024532473,0.1436631516700072,132.7780261039734,6.8855743408203125,core,MARINE_EXPERIMENTS_V2/FULL_SUITE/core/fathomnet__dinov2_small__full_finetune__b001__s43/result.json,,,
complete,fathomnet__resnet18__full_finetune__b001__s44,fathomnet,resnet18,full_finetune,001,44,10,10,128,0.1,79,220,16688,0.013183125599232981,3622,3389,11217039,11217039,0.04030922142462728,0.03454642081618841,0.0467015066300423,0.0451460607848923,0.037477763881774866,0.04849165111497544,107.23158860206604,1.6951355934143066,core,MARINE_EXPERIMENTS_V2/FULL_SUITE/core/fathomnet__resnet18__full_finetune__b001__s44/result.json,,,
complete,aqua20__dinov2_small__last_block_ft__b010__s43,aqua20,dinov2_small,last_block_ft,010,43,10,10,128,0.1,20,592,5842,0.10133515919205752,1164,1165,22064276,1783700,0.8178694158075601,0.52226753652895,0.5383053421445803,0.8266094420600858,0.5084273521256748,0.5259372531161589,52.46718120574951,0.9451370239257812,core,MARINE_EXPERIMENTS_V2/FULL_SUITE/core/aqua20__dinov2_small__last_block_ft__b010__s43/result.json,,,
complete,fathomnet__dinov2_small__marine_adapter__b005__s46,fathomnet,dinov2_small,marine_adapter,005,46,10,10,128,0.1,79,875,16688,0.05243288590604027,3622,3389,22186575,129999,0.20706791827719492,0.19274160090578144,0.21449516242167463,0.23045146060784893,0.21473640928396195,0.24592665951448353,134.68672394752502,0.6205277442932129,core,MARINE_EXPERIMENTS_V2/FULL_SUITE/core/fathomnet__dinov2_small__marine_adapter__b005__s46/result.json,,,
complete,fathomnet__dinov2_small__linear_probe__b100__s43,fathomnet,dinov2_small,linear_probe,100,43,10,10,128,0.1,79,16688,16688,1.0,3622,3389,22086991,30415,0.6490889011595803,0.6462001347258823,0.657281049117345,0.6444378872823842,0.6348864075338878,0.6469197890154793,474.4376149177551,0.6190438270568848,core,MARINE_EXPERIMENTS_V2/FULL_SUITE/core/fathomnet__dinov2_small__linear_probe__b100__s43/result.json,,,
complete,aqua20__resnet18__marine_adapter__b005__s46,aqua20,resnet18,marine_adapter,005,46,10,9,128,0.1,20,302,5842,0.05169462512838069,1164,1165,11319508,142996,0.5438144329896907,0.09357313321905597,0.10924253541386988,0.5278969957081545,0.09376680105454663,0.10929674236320852,38.580923557281494,0.5995078086853027,core,MARINE_EXPERIMENTS_V2/FULL_SUITE/core/aqua20__resnet18__marine_adapter__b005__s46/result.json,,,
complete,fathomnet__dinov2_small__marine_adapter__b001__s46,fathomnet,dinov2_small,marine_adapter,001,46,10,9,128,0.1,79,220,16688,0.013183125599232981,3622,3389,22186575,129999,0.04224185532854776,0.031074418895426902,0.04433499664049738,0.04839185600472116,0.034337489579264455,0.045898030891684614,126.41528677940369,0.6207718849182129,core,MARINE_EXPERIMENTS_V2/FULL_SUITE/core/fathomnet__dinov2_small__marine_adapter__b001__s46/result.json,,,
complete,aqua20__resnet18__mlp_head__b100__s43,aqua20,resnet18,mlp_head,100,43,10,9,128,0.1,20,5842,5842,1.0,1164,1165,11319508,142996,0.8006872852233677,0.6322877383710253,0.6348215052105481,0.8180257510729614,0.6705495014373353,0.6481478816474149,152.50467801094055,0.5998740196228027,core,MARINE_EXPERIMENTS_V2/FULL_SUITE/core/aqua20__resnet18__mlp_head__b100__s43/result.json,,,
complete,fathomnet__dinov2_small__mlp_head__b100__s42,fathomnet,dinov2_small,mlp_head,100,42,10,10,128,0.1,79,16688,16688,1.0,3622,3389,22186575,129999,0.6772501380452789,0.673329368796743,0.6864449580239615,0.6810268515786367,0.6692267886292244,0.6802359496059136,464.0809483528137,0.6205277442932129,core,MARINE_EXPERIMENTS_V2/FULL_SUITE/core/fathomnet__dinov2_small__mlp_head__b100__s42/result.json,,,
complete,aqua20__resnet18__linear_probe__b001__s43,aqua20,resnet18,linear_probe,001,43,10,10,128,0.1,20,70,5842,0.011982197877439232,1164,1165,11186772,10260,0.27920962199312716,0.04031418653471543,0.06256225697029867,0.2815450643776824,0.041469439221756034,0.0687499351581277,26.24787664413452,0.5970416069030762,core,MARINE_EXPERIMENTS_V2/FULL_SUITE/core/aqua20__resnet18__linear_probe__b001__s43/result.json,,,
complete,fathomnet__resnet18__marine_adapter__b005__s43,fathomnet,resnet18,marine_adapter,005,43,10,10,128,0.1,79,875,16688,0.05243288590604027,3622,3389,11349775,173263,0.1454997239094423,0.12109014113905253,0.15569981200453176,0.13868397757450576,0.12204947842298627,0.14254234788057665,119.57133960723877,0.6003384590148926,core,MARINE_EXPERIMENTS_V2/FULL_SUITE/core/fathomnet__resnet18__marine_adapter__b005__s43/result.json,,,
complete,fathomnet__dinov2_small__mlp_head__b100__s45,fathomnet,dinov2_small,mlp_head,100,45,10,10,128,0.1,79,16688,16688,1.0,3622,3389,22186575,129999,0.6780784097183876,0.6762489073277989,0.6903366426642832,0.6709943936264384,0.661423896465218,0.6754771446636003,491.2183656692505,0.6207718849182129,core,MARINE_EXPERIMENTS_V2/FULL_SUITE/core/fathomnet__dinov2_small__mlp_head__b100__s45/result.json,,,
complete,fathomnet__resnet18__linear_probe__b100__s43,fathomnet,resnet18,linear_probe,100,43,10,10,128,0.1,79,16688,16688,1.0,3622,3389,11217039,40527,0.4331860850358918,0.425811975477098,0.44753816329598717,0.43021540277367953,0.4209276617153288,0.43416852537108724,453.61072182655334,0.597994327545166,core,MARINE_EXPERIMENTS_V2/FULL_SUITE/core/fathomnet__resnet18__linear_probe__b100__s43/result.json,,,
complete,aqua20__resnet18__marine_adapter__b100__s45,aqua20,resnet18,marine_adapter,100,45,10,10,128,0.1,20,5842,5842,1.0,1164,1165,11319508,142996,0.7912371134020618,0.611486384305944,0.591696079406091,0.8085836909871245,0.6588544378179029,0.6353328364009144,149.2940399646759,0.5995078086853027,core,MARINE_EXPERIMENTS_V2/FULL_SUITE/core/aqua20__resnet18__marine_adapter__b100__s45/result.json,,,
complete,fathomnet__resnet18__marine_adapter__b010__s46,fathomnet,resnet18,marine_adapter,010,46,10,10,128,0.1,79,1709,16688,0.10240891658676894,3622,3389,11349775,173263,0.25510767531750417,0.23168458757927166,0.26885019878494476,0.24343464148716434,0.2233478704868609,0.2588326867127947,134.31521940231323,0.6003384590148926,core,MARINE_EXPERIMENTS_V2/FULL_SUITE/core/fathomnet__resnet18__marine_adapter__b010__s46/result.json,,,
complete,aqua20__resnet18__full_finetune__b010__s46,aqua20,resnet18,full_finetune,010,46,10,9,128,0.1,20,592,5842,0.10133515919205752,1164,1165,11186772,11186772,0.6013745704467354,0.15627252968612215,0.15101162738947438,0.5974248927038627,0.17593610583584454,0.16500315387473988,49.63665795326233,1.6957697868347168,core,MARINE_EXPERIMENTS_V2/FULL_SUITE/core/aqua20__resnet18__full_finetune__b010__s46/result.json,,,
complete,fathomnet__dinov2_small__full_finetune__b001__s44,fathomnet,dinov2_small,full_finetune,001,44,10,10,128,0.1,79,220,16688,0.013183125599232981,3622,3389,22086991,22086991,0.13086692435118719,0.12276163876009596,0.14070443056194634,0.12953673650044262,0.11698908061783206,0.1410698416351027,135.51725101470947,6.887983322143555,core,MARINE_EXPERIMENTS_V2/FULL_SUITE/core/fathomnet__dinov2_small__full_finetune__b001__s44/result.json,,,
complete,aqua20__resnet18__marine_adapter__b100__s46,aqua20,resnet18,marine_adapter,100,46,10,10,128,0.1,20,5842,5842,1.0,1164,1165,11319508,142996,0.7912371134020618,0.568437009983934,0.5518338080829657,0.8145922746781116,0.6219933468048262,0.6051441395624967,147.9973268508911,0.5995078086853027,core,MARINE_EXPERIMENTS_V2/FULL_SUITE/core/aqua20__resnet18__marine_adapter__b100__s46/result.json,,,
complete,fathomnet__dinov2_small__full_finetune__b010__s42,fathomnet,dinov2_small,full_finetune,010,42,10,10,128,0.1,79,1709,16688,0.10240891658676894,3622,3389,22086991,22086991,0.5949751518498068,0.5945192996419479,0.6085801600119926,0.5804071997639422,0.5721224862753508,0.5870933380189957,197.96886491775513,6.8856964111328125,core,MARINE_EXPERIMENTS_V2/FULL_SUITE/core/fathomnet__dinov2_small__full_finetune__b010__s42/result.json,,,
complete,aqua20__resnet18__linear_probe__b001__s45,aqua20,resnet18,linear_probe,001,45,10,8,128,0.1,20,70,5842,0.011982197877439232,1164,1165,11186772,10260,0.19072164948453607,0.03902570471634097,0.06066997897827879,0.1905579399141631,0.038202502253963495,0.06324217310780597,27.20233941078186,0.5970416069030762,core,MARINE_EXPERIMENTS_V2/FULL_SUITE/core/aqua20__resnet18__linear_probe__b001__s45/result.json,,,
complete,fathomnet__dinov2_small__last_block_ft__b100__s43,fathomnet,dinov2_small,last_block_ft,100,43,10,9,128,0.1,79,16688,16688,1.0,3622,3389,22086991,1806415,0.7313638873550524,0.7352113347492503,0.7434486657828222,0.740631454706403,0.731875153014429,0.7392322882022098,511.34305810928345,0.9454889297485352,core,MARINE_EXPERIMENTS_V2/FULL_SUITE/core/fathomnet__dinov2_small__last_block_ft__b100__s43/result.json,,,
complete,fathomnet__resnet18__last_block_ft__b001__s46,fathomnet,resnet18,last_block_ft,001,46,10,10,128,0.1,79,220,16688,0.013183125599232981,3622,3389,11217039,8434255,0.046935394809497516,0.04029398080519559,0.048909543632805565,0.04071997639421658,0.03344327605895406,0.045662407485304785,104.70704531669617,0.6918015480041504,core,MARINE_EXPERIMENTS_V2/FULL_SUITE/core/fathomnet__resnet18__last_block_ft__b001__s46/result.json,,,
complete,fathomnet__dinov2_small__mlp_head__b005__s45,fathomnet,dinov2_small,mlp_head,005,45,10,10,128,0.1,79,875,16688,0.05243288590604027,3622,3389,22186575,129999,0.2879624516841524,0.2562768783253458,0.3016784772375306,0.2714665092947772,0.23798602019503948,0.27990186129615363,136.3615219593048,0.6207718849182129,core,MARINE_EXPERIMENTS_V2/FULL_SUITE/core/fathomnet__dinov2_small__mlp_head__b005__s45/result.json,,,
complete,aqua20__resnet18__mlp_head__b100__s46,aqua20,resnet18,mlp_head,100,46,10,9,128,0.1,20,5842,5842,1.0,1164,1165,11319508,142996,0.8092783505154639,0.6415898703083642,0.6240047632586114,0.8154506437768241,0.6304540843720262,0.6309825021453555,149.91752552986145,0.5998740196228027,core,MARINE_EXPERIMENTS_V2/FULL_SUITE/core/aqua20__resnet18__mlp_head__b100__s46/result.json,,,
complete,fathomnet__resnet18__marine_adapter__b100__s44,fathomnet,resnet18,marine_adapter,100,44,10,10,128,0.1,79,16688,16688,1.0,3622,3389,11349775,173263,0.5339591385974599,0.5271598957878588,0.5431604729808541,0.5269991147831219,0.5186217826911976,0.5308453554406768,447.99693536758423,0.5999722480773926,core,MARINE_EXPERIMENTS_V2/FULL_SUITE/core/fathomnet__resnet18__marine_adapter__b100__s44/result.json,,,
complete,fathomnet__resnet18__marine_adapter__b005__s46,fathomnet,resnet18,marine_adapter,005,46,10,10,128,0.1,79,875,16688,0.05243288590604027,3622,3389,11349775,173263,0.14163445610160133,0.12118029854963118,0.1536565072669391,0.15048686928297433,0.13219303133479743,0.16855078582795857,118.92703104019165,0.5999722480773926,core,MARINE_EXPERIMENTS_V2/FULL_SUITE/core/fathomnet__resnet18__marine_adapter__b005__s46/result.json,,,
complete,fathomnet__resnet18__marine_adapter__b001__s45,fathomnet,resnet18,marine_adapter,001,45,10,10,128,0.1,79,220,16688,0.013183125599232981,3622,3389,11349775,173263,0.036720044174489236,0.03065256790413323,0.03983222354458954,0.03304809678371201,0.02888496756736083,0.03645303145947969,105.76566171646118,0.5999722480773926,core,MARINE_EXPERIMENTS_V2/FULL_SUITE/core/fathomnet__resnet18__marine_adapter__b001__s45/result.json,,,
complete,fathomnet__dinov2_small__linear_probe__b010__s42,fathomnet,dinov2_small,linear_probe,010,42,10,10,128,0.1,79,1709,16688,0.10240891658676894,3622,3389,22086991,30415,0.3108779679734953,0.29462198560846853,0.3152306078339792,0.30126881085866036,0.2865518057457803,0.3085192343127289,144.99134063720703,0.6190438270568848,core,MARINE_EXPERIMENTS_V2/FULL_SUITE/core/fathomnet__dinov2_small__linear_probe__b010__s42/result.json,,,
complete,aqua20__resnet18__full_finetune__b001__s43,aqua20,resnet18,full_finetune,001,43,10,8,128,0.1,20,70,5842,0.011982197877439232,1164,1165,11186772,11186772,0.3402061855670103,0.05294004571029624,0.07991832054145903,0.3244635193133047,0.057545216383154275,0.08524814393660878,34.8809859752655,1.0120491981506348,core,MARINE_EXPERIMENTS_V2/FULL_SUITE/core/aqua20__resnet18__full_finetune__b001__s43/result.json,,,
complete,fathomnet__resnet18__linear_probe__b100__s45,fathomnet,resnet18,linear_probe,100,45,10,8,128,0.1,79,16688,16688,1.0,3622,3389,11217039,40527,0.43070127001656544,0.42362272706714804,0.4449824174099953,0.4272646798465624,0.4156764884146885,0.43041631479880577,450.89052963256836,0.597994327545166,core,MARINE_EXPERIMENTS_V2/FULL_SUITE/core/fathomnet__resnet18__linear_probe__b100__s45/result.json,,,
complete,fathomnet__resnet18__full_finetune__b010__s43,fathomnet,resnet18,full_finetune,010,43,10,10,128,0.1,79,1709,16688,0.10240891658676894,3622,3389,11217039,11217039,0.27277747101049143,0.251917465226776,0.2894026934436843,0.29094128061375035,0.2603292473619459,0.29084986207971336,148.2566704750061,1.6951355934143066,core,MARINE_EXPERIMENTS_V2/FULL_SUITE/core/fathomnet__resnet18__full_finetune__b010__s43/result.json,,,
complete,fathomnet__dinov2_small__linear_probe__b005__s46,fathomnet,dinov2_small,linear_probe,005,46,10,10,128,0.1,79,875,16688,0.05243288590604027,3622,3389,22086991,30415,0.15543898398674766,0.140786940038003,0.1601596357946126,0.15904396577161403,0.1455476223613667,0.16413771215608056,126.47957253456116,0.6190438270568848,core,MARINE_EXPERIMENTS_V2/FULL_SUITE/core/fathomnet__dinov2_small__linear_probe__b005__s46/result.json,,,
complete,fathomnet__dinov2_small__last_block_ft__b100__s42,fathomnet,dinov2_small,last_block_ft,100,42,10,9,128,0.1,79,16688,16688,1.0,3622,3389,22086991,1806415,0.7399226946438432,0.7395264985888361,0.7507534863327744,0.7385659486574211,0.7267769218654644,0.7360072467385432,466.20010781288147,0.9452447891235352,core,MARINE_EXPERIMENTS_V2/FULL_SUITE/core/fathomnet__dinov2_small__last_block_ft__b100__s42/result.json,,,
complete,fathomnet__resnet18__last_block_ft__b005__s45,fathomnet,resnet18,last_block_ft,005,45,10,10,128,0.1,79,875,16688,0.05243288590604027,3622,3389,11217039,8434255,0.21341800110436224,0.18780677468887902,0.21654462411094508,0.19976394216583063,0.18436106693788457,0.21557498321558893,119.83687996864319,0.6926560401916504,core,MARINE_EXPERIMENTS_V2/FULL_SUITE/core/fathomnet__resnet18__last_block_ft__b005__s45/result.json,,,
complete,aqua20__resnet18__last_block_ft__b010__s44,aqua20,resnet18,last_block_ft,010,44,10,10,128,0.1,20,592,5842,0.10133515919205752,1164,1165,11186772,8403988,0.6142611683848798,0.14005930881329248,0.14126134325857725,0.6137339055793991,0.14308702453248967,0.146805257160552,46.57229971885681,0.6908488273620605,core,MARINE_EXPERIMENTS_V2/FULL_SUITE/core/aqua20__resnet18__last_block_ft__b010__s44/result.json,,,
complete,aqua20__resnet18__mlp_head__b001__s46,aqua20,resnet18,mlp_head,001,46,10,2,128,0.1,20,70,5842,0.011982197877439232,1164,1165,11319508,142996,0.38917525773195877,0.06721046739434648,0.07996425247853307,0.3828326180257511,0.06712320738723052,0.08118885606456443,36.48355793952942,0.5990195274353027,core,MARINE_EXPERIMENTS_V2/FULL_SUITE/core/aqua20__resnet18__mlp_head__b001__s46/result.json,,,
complete,fathomnet__dinov2_small__mlp_head__b100__s46,fathomnet,dinov2_small,mlp_head,100,46,10,9,128,0.1,79,16688,16688,1.0,3622,3389,22186575,129999,0.6742131419105467,0.6699347759098664,0.6840322586016307,0.6825022130421954,0.6717004871853551,0.6832281751763652,461.2585401535034,0.6207718849182129,core,MARINE_EXPERIMENTS_V2/FULL_SUITE/core/fathomnet__dinov2_small__mlp_head__b100__s46/result.json,,,
complete,aqua20__dinov2_small__mlp_head__b001__s42,aqua20,dinov2_small,mlp_head,001,42,10,10,128,0.1,20,70,5842,0.011982197877439232,1164,1165,22163860,107284,0.5532646048109966,0.10667123550322537,0.1123786882416035,0.5450643776824035,0.1027449534400103,0.11170434587726832,54.477317333221436,0.620419979095459,core,MARINE_EXPERIMENTS_V2/FULL_SUITE/core/aqua20__dinov2_small__mlp_head__b001__s42/result.json,,,
complete,fathomnet__dinov2_small__last_block_ft__b005__s46,fathomnet,dinov2_small,last_block_ft,005,46,10,10,128,0.1,79,875,16688,0.05243288590604027,3622,3389,22086991,1806415,0.33738266151297625,0.32625616225093895,0.34207294437477614,0.34228385954558865,0.3396763873253408,0.3602921276571933,139.2209277153015,0.9454889297485352,core,MARINE_EXPERIMENTS_V2/FULL_SUITE/core/fathomnet__dinov2_small__last_block_ft__b005__s46/result.json,,,
complete,fathomnet__resnet18__marine_adapter__b001__s43,fathomnet,resnet18,marine_adapter,001,43,10,10,128,0.1,79,220,16688,0.013183125599232981,3622,3389,11349775,173263,0.030369961347321922,0.024922261206044877,0.030501277441470798,0.03039244614930658,0.02722622687383285,0.03137958680599479,104.04495596885681,0.5999722480773926,core,MARINE_EXPERIMENTS_V2/FULL_SUITE/core/fathomnet__resnet18__marine_adapter__b001__s43/result.json,,,
complete,aqua20__dinov2_small__full_finetune__b100__s42,aqua20,dinov2_small,full_finetune,100,42,10,5,128,0.1,20,5842,5842,1.0,1164,1165,22064276,22064276,0.8874570446735395,0.8147927136827136,0.7802433146799955,0.8995708154506438,0.8214178956656731,0.7747215690571009,152.20308589935303,6.885588645935059,core,MARINE_EXPERIMENTS_V2/FULL_SUITE/core/aqua20__dinov2_small__full_finetune__b100__s42/result.json,,,
complete,fathomnet__resnet18__linear_probe__b001__s46,fathomnet,resnet18,linear_probe,001,46,10,10,128,0.1,79,220,16688,0.013183125599232981,3622,3389,11217039,40527,0.02788514632799558,0.019916952133142946,0.026953174613036375,0.021245205075243436,0.014907914165944449,0.0208448689283785,104.90006351470947,0.598360538482666,core,MARINE_EXPERIMENTS_V2/FULL_SUITE/core/fathomnet__resnet18__linear_probe__b001__s46/result.json,,,
complete,aqua20__dinov2_small__marine_adapter__b010__s42,aqua20,dinov2_small,marine_adapter,010,42,10,10,128,0.1,20,592,5842,0.10133515919205752,1164,1165,22163860,107284,0.7027491408934707,0.22802776241393966,0.2180057296004705,0.7081545064377682,0.22995575166776053,0.22253924935884356,58.22571539878845,0.620175838470459,core,MARINE_EXPERIMENTS_V2/FULL_SUITE/core/aqua20__dinov2_small__marine_adapter__b010__s42/result.json,,,
complete,aqua20__resnet18__linear_probe__b001__s46,aqua20,resnet18,linear_probe,001,46,10,10,128,0.1,20,70,5842,0.011982197877439232,1164,1165,11186772,10260,0.06786941580756013,0.015520196285049309,0.036707951507982485,0.07896995708154507,0.015371859207074831,0.03457010113136373,25.446046352386475,0.5974078178405762,core,MARINE_EXPERIMENTS_V2/FULL_SUITE/core/aqua20__resnet18__linear_probe__b001__s46/result.json,,,
complete,fathomnet__dinov2_small__last_block_ft__b005__s44,fathomnet,dinov2_small,last_block_ft,005,44,10,10,128,0.1,79,875,16688,0.05243288590604027,3622,3389,22086991,1806415,0.30480397570403095,0.28788227890964085,0.3052870192405632,0.3039244614930658,0.28722893187251025,0.30873526917868077,127.38776779174805,0.9452447891235352,core,MARINE_EXPERIMENTS_V2/FULL_SUITE/core/fathomnet__dinov2_small__last_block_ft__b005__s44/result.json,,,
complete,aqua20__dinov2_small__linear_probe__b001__s42,aqua20,dinov2_small,linear_probe,001,42,10,10,128,0.1,20,70,5842,0.011982197877439232,1164,1165,22064276,7700,0.17353951890034364,0.04498526120899247,0.08118765198770454,0.1682403433476395,0.0535901995048047,0.10145784276843066,47.7430694103241,0.6186919212341309,core,MARINE_EXPERIMENTS_V2/FULL_SUITE/core/aqua20__dinov2_small__linear_probe__b001__s42/result.json,,,
complete,aqua20__resnet18__mlp_head__b001__s42,aqua20,resnet18,mlp_head,001,42,10,10,128,0.1,20,70,5842,0.011982197877439232,1164,1165,11319508,142996,0.39347079037800686,0.045590367079728786,0.06236735915222906,0.36394849785407724,0.04106567372180124,0.05879777773415261,41.61458659172058,0.5990195274353027,core,MARINE_EXPERIMENTS_V2/FULL_SUITE/core/aqua20__resnet18__mlp_head__b001__s42/result.json,,,
complete,fathomnet__dinov2_small__marine_adapter__b100__s44,fathomnet,dinov2_small,marine_adapter,100,44,10,9,128,0.1,79,16688,16688,1.0,3622,3389,22186575,129999,0.6849806736609608,0.6802295337987792,0.695146375355407,0.6763056948952494,0.6659204842142943,0.6798082617952107,495.93488478660583,0.6205277442932129,core,MARINE_EXPERIMENTS_V2/FULL_SUITE/core/fathomnet__dinov2_small__marine_adapter__b100__s44/result.json,,,
complete,fathomnet__resnet18__marine_adapter__b001__s46,fathomnet,resnet18,marine_adapter,001,46,10,10,128,0.1,79,220,16688,0.013183125599232981,3622,3389,11349775,173263,0.02981778023191607,0.026879855724644876,0.033186200264613275,0.03570374741811744,0.03175159925623284,0.04023996017515728,105.0343554019928,0.6003384590148926,core,MARINE_EXPERIMENTS_V2/FULL_SUITE/core/fathomnet__resnet18__marine_adapter__b001__s46/result.json,,,
complete,aqua20__dinov2_small__full_finetune__b005__s45,aqua20,dinov2_small,full_finetune,005,45,10,10,128,0.1,20,302,5842,0.05169462512838069,1164,1165,22064276,22064276,0.7646048109965635,0.4090934191180686,0.3941130951159124,0.7639484978540773,0.4226699285770845,0.4087428148594099,61.9224956035614,6.886344909667969,core,MARINE_EXPERIMENTS_V2/FULL_SUITE/core/aqua20__dinov2_small__full_finetune__b005__s45/result.json,,,
complete,aqua20__resnet18__full_finetune__b010__s42,aqua20,resnet18,full_finetune,010,42,10,10,128,0.1,20,592,5842,0.10133515919205752,1164,1165,11186772,11186772,0.6365979381443299,0.16238761348940053,0.15858342436429593,0.6420600858369099,0.17766160337260517,0.17179404392456044,48.126198530197144,1.6946711540222168,core,MARINE_EXPERIMENTS_V2/FULL_SUITE/core/aqua20__resnet18__full_finetune__b010__s42/result.json,,,
complete,aqua20__dinov2_small__linear_probe__b100__s46,aqua20,dinov2_small,linear_probe,100,46,10,8,128,0.1,20,5842,5842,1.0,1164,1165,22064276,7700,0.8616838487972509,0.80243099596076,0.8034121916142221,0.8901287553648068,0.8107187620178161,0.7911813936081269,168.33269238471985,0.6186919212341309,core,MARINE_EXPERIMENTS_V2/FULL_SUITE/core/aqua20__dinov2_small__linear_probe__b100__s46/result.json,,,
complete,aqua20__resnet18__last_block_ft__b005__s46,aqua20,resnet18,last_block_ft,005,46,10,10,128,0.1,20,302,5842,0.05169462512838069,1164,1165,11186772,8403988,0.5481099656357389,0.0986085630217182,0.11278095844624517,0.542489270386266,0.10359843550716308,0.11781198915172257,37.58828067779541,0.6922869682312012,core,MARINE_EXPERIMENTS_V2/FULL_SUITE/core/aqua20__resnet18__last_block_ft__b005__s46/result.json,,,
complete,aqua20__dinov2_small__marine_adapter__b100__s45,aqua20,dinov2_small,marine_adapter,100,45,10,8,128,0.1,20,5842,5842,1.0,1164,1165,22163860,107284,0.8857388316151202,0.80087614269911,0.7887739627513609,0.9012875536480687,0.8253649311737119,0.8085169869559193,176.26165008544922,0.620175838470459,core,MARINE_EXPERIMENTS_V2/FULL_SUITE/core/aqua20__dinov2_small__marine_adapter__b100__s45/result.json,,,
complete,fathomnet__resnet18__last_block_ft__b001__s45,fathomnet,resnet18,last_block_ft,001,45,10,10,128,0.1,79,220,16688,0.013183125599232981,3622,3389,11217039,8434255,0.048039757040309224,0.03638714420869032,0.04644698659952558,0.040129831808793155,0.034405084636151086,0.04581100841117742,106.91848993301392,0.6931443214416504,core,MARINE_EXPERIMENTS_V2/FULL_SUITE/core/fathomnet__resnet18__last_block_ft__b001__s45/result.json,,,
complete,fathomnet__dinov2_small__mlp_head__b005__s44,fathomnet,dinov2_small,mlp_head,005,44,10,10,128,0.1,79,875,16688,0.05243288590604027,3622,3389,22186575,129999,0.3059083379348426,0.2705844149028599,0.30396121295422435,0.3021540277367955,0.26850790522514256,0.31311499285728717,140.1848361492157,0.6205277442932129,core,MARINE_EXPERIMENTS_V2/FULL_SUITE/core/fathomnet__dinov2_small__mlp_head__b005__s44/result.json,,,
complete,fathomnet__dinov2_small__linear_probe__b001__s45,fathomnet,dinov2_small,linear_probe,001,45,10,10,128,0.1,79,220,16688,0.013183125599232981,3622,3389,22086991,30415,0.026228602981778024,0.026505465569499356,0.02775040715750595,0.02213042195337858,0.02188164565821736,0.02306245555560673,128.10509753227234,0.6190438270568848,core,MARINE_EXPERIMENTS_V2/FULL_SUITE/core/fathomnet__dinov2_small__linear_probe__b001__s45/result.json,,,
complete,fathomnet__resnet18__linear_probe__b010__s43,fathomnet,resnet18,linear_probe,010,43,10,10,128,0.1,79,1709,16688,0.10240891658676894,3622,3389,11217039,40527,0.1778023191606847,0.16471647231449615,0.2007137282781343,0.16760106226025376,0.14330196011131544,0.17673084730104918,135.56546425819397,0.597994327545166,core,MARINE_EXPERIMENTS_V2/FULL_SUITE/core/fathomnet__resnet18__linear_probe__b010__s43/result.json,,,
complete,fathomnet__resnet18__linear_probe__b001__s45,fathomnet,resnet18,linear_probe,001,45,10,9,128,0.1,79,220,16688,0.013183125599232981,3622,3389,11217039,40527,0.017393705135284373,0.01248093188980176,0.017495266955301538,0.012688108586603719,0.008134334762465991,0.014345765684858085,103.2707953453064,0.597994327545166,core,MARINE_EXPERIMENTS_V2/FULL_SUITE/core/fathomnet__resnet18__linear_probe__b001__s45/result.json,,,
complete,fathomnet__resnet18__marine_adapter__b010__s43,fathomnet,resnet18,marine_adapter,010,43,10,10,128,0.1,79,1709,16688,0.10240891658676894,3622,3389,11349775,173263,0.2752622860298178,0.2454184111138914,0.2823811960229204,0.25936854529359693,0.2370464161391845,0.262599425960722,139.9948182106018,0.5999722480773926,core,MARINE_EXPERIMENTS_V2/FULL_SUITE/core/fathomnet__resnet18__marine_adapter__b010__s43/result.json,,,
complete,fathomnet__dinov2_small__mlp_head__b005__s42,fathomnet,dinov2_small,mlp_head,005,42,10,10,128,0.1,79,875,16688,0.05243288590604027,3622,3389,22186575,129999,0.27829928216454997,0.25679539584003863,0.2922991532701017,0.27559752139274124,0.24204799262137092,0.2792592402770589,134.11337423324585,0.6205277442932129,core,MARINE_EXPERIMENTS_V2/FULL_SUITE/core/fathomnet__dinov2_small__mlp_head__b005__s42/result.json,,,
complete,aqua20__dinov2_small__full_finetune__b010__s44,aqua20,dinov2_small,full_finetune,010,44,10,9,128,0.1,20,592,5842,0.10133515919205752,1164,1165,22064276,22064276,0.7809278350515464,0.49067710798388003,0.45767877588620537,0.7888412017167382,0.4896930339335942,0.47125041751439395,32.15696430206299,6.884551048278809,core,MARINE_EXPERIMENTS_V2/FULL_SUITE/core/aqua20__dinov2_small__full_finetune__b010__s44/result.json,,,
complete,aqua20__dinov2_small__linear_probe__b010__s45,aqua20,dinov2_small,linear_probe,010,45,10,8,128,0.1,20,592,5842,0.10133515919205752,1164,1165,22064276,7700,0.6606529209621993,0.2917183427858082,0.27478473923864566,0.6849785407725322,0.32789187726914365,0.3129508362620059,56.98015260696411,0.6189360618591309,core,MARINE_EXPERIMENTS_V2/FULL_SUITE/core/aqua20__dinov2_small__linear_probe__b010__s45/result.json,,,
complete,fathomnet__dinov2_small__marine_adapter__b005__s43,fathomnet,dinov2_small,marine_adapter,005,43,10,10,128,0.1,79,875,16688,0.05243288590604027,3622,3389,22186575,129999,0.21755935946990612,0.2033324089671367,0.2247589191394776,0.19209206255532604,0.178547390840884,0.19947658650526187,142.39302945137024,0.6207718849182129,core,MARINE_EXPERIMENTS_V2/FULL_SUITE/core/fathomnet__dinov2_small__marine_adapter__b005__s43/result.json,,,
complete,aqua20__dinov2_small__mlp_head__b001__s43,aqua20,dinov2_small,mlp_head,001,43,10,8,128,0.1,20,70,5842,0.011982197877439232,1164,1165,22163860,107284,0.5197594501718213,0.10455898697870407,0.1126863720074234,0.5201716738197425,0.1118773232651811,0.11821952414927064,50.48323726654053,0.620419979095459,core,MARINE_EXPERIMENTS_V2/FULL_SUITE/core/aqua20__dinov2_small__mlp_head__b001__s43/result.json,,,
complete,fathomnet__resnet18__marine_adapter__b005__s45,fathomnet,resnet18,marine_adapter,005,45,10,10,128,0.1,79,875,16688,0.05243288590604027,3622,3389,11349775,173263,0.1662065157371618,0.13923842781872847,0.17254109813163207,0.1584538211861906,0.14086295029906246,0.17012483748619908,120.70425629615784,0.5999722480773926,core,MARINE_EXPERIMENTS_V2/FULL_SUITE/core/fathomnet__resnet18__marine_adapter__b005__s45/result.json,,,
complete,aqua20__dinov2_small__last_block_ft__b001__s45,aqua20,dinov2_small,last_block_ft,001,45,10,10,128,0.1,20,70,5842,0.011982197877439232,1164,1165,22064276,1783700,0.6280068728522337,0.20899249433316588,0.20511105076113229,0.6369098712446352,0.21682982778594156,0.21898610755131073,40.544275522232056,0.6422309875488281,core,MARINE_EXPERIMENTS_V2/FULL_SUITE/core/aqua20__dinov2_small__last_block_ft__b001__s45/result.json,,,
complete,aqua20__dinov2_small__marine_adapter__b010__s45,aqua20,dinov2_small,marine_adapter,010,45,10,10,128,0.1,20,592,5842,0.10133515919205752,1164,1165,22163860,107284,0.7087628865979382,0.2386739366731761,0.23178355578958537,0.728755364806867,0.273728580619285,0.25543073466834826,61.32044577598572,0.620419979095459,core,MARINE_EXPERIMENTS_V2/FULL_SUITE/core/aqua20__dinov2_small__marine_adapter__b010__s45/result.json,,,
complete,fathomnet__resnet18__linear_probe__b100__s46,fathomnet,resnet18,linear_probe,100,46,10,9,128,0.1,79,16688,16688,1.0,3622,3389,11217039,40527,0.4315295416896742,0.4238018779677911,0.44378380450183963,0.42372381233402184,0.4158546056122864,0.4303601156866775,454.0053131580353,0.597994327545166,core,MARINE_EXPERIMENTS_V2/FULL_SUITE/core/fathomnet__resnet18__linear_probe__b100__s46/result.json,,,
complete,aqua20__dinov2_small__mlp_head__b001__s44,aqua20,dinov2_small,mlp_head,001,44,10,9,128,0.1,20,70,5842,0.011982197877439232,1164,1165,22163860,107284,0.5756013745704467,0.12493714132030109,0.12706729334523448,0.5656652360515021,0.13028304045163208,0.1320417821935491,47.611130714416504,0.620419979095459,core,MARINE_EXPERIMENTS_V2/FULL_SUITE/core/aqua20__dinov2_small__mlp_head__b001__s44/result.json,,,
complete,aqua20__dinov2_small__marine_adapter__b100__s42,aqua20,dinov2_small,marine_adapter,100,42,10,10,128,0.1,20,5842,5842,1.0,1164,1165,22163860,107284,0.8805841924398625,0.7988738635208164,0.7864689646624875,0.9072961373390558,0.8601824745701692,0.8532939881668709,155.34131526947021,0.620419979095459,core,MARINE_EXPERIMENTS_V2/FULL_SUITE/core/aqua20__dinov2_small__marine_adapter__b100__s42/result.json,,,
complete,fathomnet__dinov2_small__last_block_ft__b010__s42,fathomnet,dinov2_small,last_block_ft,010,42,10,10,128,0.1,79,1709,16688,0.10240891658676894,3622,3389,22086991,1806415,0.46714522363335176,0.4584059539069102,0.47871743547846335,0.47211566833874297,0.4639020673166867,0.48050876101035367,162.4319679737091,0.9454889297485352,core,MARINE_EXPERIMENTS_V2/FULL_SUITE/core/fathomnet__dinov2_small__last_block_ft__b010__s42/result.json,,,
complete,aqua20__resnet18__marine_adapter__b010__s46,aqua20,resnet18,marine_adapter,010,46,10,9,128,0.1,20,592,5842,0.10133515919205752,1164,1165,11319508,142996,0.5970790378006873,0.1299775650552801,0.13534421210638373,0.5836909871244635,0.12497153644002013,0.13372059068008407,46.55862736701965,0.5998740196228027,core,MARINE_EXPERIMENTS_V2/FULL_SUITE/core/aqua20__resnet18__marine_adapter__b010__s46/result.json,,,
complete,aqua20__resnet18__marine_adapter__b100__s44,aqua20,resnet18,marine_adapter,100,44,10,10,128,0.1,20,5842,5842,1.0,1164,1165,11319508,142996,0.8067010309278351,0.6305170414140274,0.6064179980042492,0.8137339055793992,0.6481236567693167,0.6311150569016342,150.67356157302856,0.5995078086853027,core,MARINE_EXPERIMENTS_V2/FULL_SUITE/core/aqua20__resnet18__marine_adapter__b100__s44/result.json,,,
complete,aqua20__resnet18__mlp_head__b005__s44,aqua20,resnet18,mlp_head,005,44,10,9,128,0.1,20,302,5842,0.05169462512838069,1164,1165,11319508,142996,0.5678694158075601,0.10098574573367407,0.11209518781072494,0.5562231759656653,0.09959086087087225,0.11272835552301293,39.55641984939575,0.5995078086853027,core,MARINE_EXPERIMENTS_V2/FULL_SUITE/core/aqua20__resnet18__mlp_head__b005__s44/result.json,,,
complete,aqua20__dinov2_small__last_block_ft__b010__s45,aqua20,dinov2_small,last_block_ft,010,45,10,8,128,0.1,20,592,5842,0.10133515919205752,1164,1165,22064276,1783700,0.8247422680412371,0.5675989658924065,0.5758888968070637,0.8454935622317596,0.5813726398347414,0.601100931481965,66.0023443698883,0.9448928833007812,core,MARINE_EXPERIMENTS_V2/FULL_SUITE/core/aqua20__dinov2_small__last_block_ft__b010__s45/result.json,,,
complete,aqua20__resnet18__last_block_ft__b005__s43,aqua20,resnet18,last_block_ft,005,43,10,10,128,0.1,20,302,5842,0.05169462512838069,1164,1165,11186772,8403988,0.5472508591065293,0.09759221840199134,0.11100638757351526,0.5210300429184549,0.09321152819782957,0.1087436420837857,40.30359482765198,0.6913371086120605,core,MARINE_EXPERIMENTS_V2/FULL_SUITE/core/aqua20__resnet18__last_block_ft__b005__s43/result.json,,,
complete,fathomnet__resnet18__linear_probe__b001__s43,fathomnet,resnet18,linear_probe,001,43,10,10,128,0.1,79,220,16688,0.013183125599232981,3622,3389,11217039,40527,0.020706791827719492,0.01332242340160522,0.027163826002128823,0.026556506344054293,0.013928341206540455,0.026442395890124627,106.99116277694702,0.597994327545166,core,MARINE_EXPERIMENTS_V2/FULL_SUITE/core/fathomnet__resnet18__linear_probe__b001__s43/result.json,,,
complete,fathomnet__dinov2_small__full_finetune__b001__s42,fathomnet,dinov2_small,full_finetune,001,42,10,10,128,0.1,79,220,16688,0.013183125599232981,3622,3389,22086991,22086991,0.11816675869685257,0.10910828090542764,0.12653942535506418,0.12215992918264974,0.11138528601385966,0.12820124021103937,134.0714888572693,6.887983322143555,core,MARINE_EXPERIMENTS_V2/FULL_SUITE/core/fathomnet__dinov2_small__full_finetune__b001__s42/result.json,,,
complete,aqua20__dinov2_small__linear_probe__b005__s43,aqua20,dinov2_small,linear_probe,005,43,10,10,128,0.1,20,302,5842,0.05169462512838069,1164,1165,22064276,7700,0.390893470790378,0.13133257748582144,0.13604784010771562,0.384549356223176,0.10929269108148114,0.11704295518593696,53.88889932632446,0.6189360618591309,core,MARINE_EXPERIMENTS_V2/FULL_SUITE/core/aqua20__dinov2_small__linear_probe__b005__s43/result.json,,,
complete,aqua20__resnet18__last_block_ft__b001__s42,aqua20,resnet18,last_block_ft,001,42,10,10,128,0.1,20,70,5842,0.011982197877439232,1164,1165,11186772,8403988,0.38917525773195877,0.06774963177224572,0.08103387416594651,0.3630901287553648,0.06208996178273653,0.07493747507052652,39.11578583717346,0.6912150382995605,core,MARINE_EXPERIMENTS_V2/FULL_SUITE/core/aqua20__resnet18__last_block_ft__b001__s42/result.json,,,
complete,fathomnet__resnet18__full_finetune__b010__s42,fathomnet,resnet18,full_finetune,010,42,10,10,128,0.1,79,1709,16688,0.10240891658676894,3622,3389,11217039,11217039,0.26449475427940367,0.253312636799555,0.2829083357124746,0.2823841841251106,0.26008804612405334,0.2856460116506093,138.97583675384521,1.6951355934143066,core,MARINE_EXPERIMENTS_V2/FULL_SUITE/core/fathomnet__resnet18__full_finetune__b010__s42/result.json,,,
complete,fathomnet__dinov2_small__marine_adapter__b001__s44,fathomnet,dinov2_small,marine_adapter,001,44,10,10,128,0.1,79,220,16688,0.013183125599232981,3622,3389,22186575,129999,0.03451131971286582,0.029013298211467222,0.03667868076184621,0.04071997639421658,0.03593868628513425,0.04790109512800667,122.82067203521729,0.6205277442932129,core,MARINE_EXPERIMENTS_V2/FULL_SUITE/core/fathomnet__dinov2_small__marine_adapter__b001__s44/result.json,,,
complete,fathomnet__resnet18__mlp_head__b001__s44,fathomnet,resnet18,mlp_head,001,44,10,10,128,0.1,79,220,16688,0.013183125599232981,3622,3389,11349775,173263,0.05024848150193263,0.03718947303004123,0.05687756390628242,0.060489820005901446,0.044411601202676745,0.05872702005272546,102.58113312721252,0.6003384590148926,core,MARINE_EXPERIMENTS_V2/FULL_SUITE/core/fathomnet__resnet18__mlp_head__b001__s44/result.json,,,
complete,fathomnet__resnet18__mlp_head__b005__s46,fathomnet,resnet18,mlp_head,005,46,10,10,128,0.1,79,875,16688,0.05243288590604027,3622,3389,11349775,173263,0.18663721700717836,0.16066716842867362,0.19849624641394792,0.18471525523753318,0.15664132387025706,0.1958349442195298,111.78821802139282,0.6003384590148926,core,MARINE_EXPERIMENTS_V2/FULL_SUITE/core/fathomnet__resnet18__mlp_head__b005__s46/result.json,,,
complete,aqua20__dinov2_small__full_finetune__b100__s45,aqua20,dinov2_small,full_finetune,100,45,10,8,128,0.1,20,5842,5842,1.0,1164,1165,22064276,22064276,0.9003436426116839,0.8409658052526504,0.8286540298041848,0.9141630901287554,0.8493420213957432,0.845172386064999,237.67266726493835,6.885344505310059,core,MARINE_EXPERIMENTS_V2/FULL_SUITE/core/aqua20__dinov2_small__full_finetune__b100__s45/result.json,,,
complete,fathomnet__dinov2_small__full_finetune__b005__s44,fathomnet,dinov2_small,full_finetune,005,44,10,10,128,0.1,79,875,16688,0.05243288590604027,3622,3389,22086991,22086991,0.3774157923799006,0.3769290266390344,0.3918338434922524,0.3800531130126881,0.37127999632937475,0.38584564591432613,131.18310856819153,6.8859405517578125,core,MARINE_EXPERIMENTS_V2/FULL_SUITE/core/fathomnet__dinov2_small__full_finetune__b005__s44/result.json,,,
complete,fathomnet__dinov2_small__full_finetune__b010__s46,fathomnet,dinov2_small,full_finetune,010,46,10,10,128,0.1,79,1709,16688,0.10240891658676894,3622,3389,22086991,22086991,0.6035339591385974,0.6043659892269979,0.6195778168174795,0.6131602242549424,0.6037717537677482,0.6169566771706038,66.77334809303284,6.8849029541015625,core,MARINE_EXPERIMENTS_V2/FULL_SUITE/core/fathomnet__dinov2_small__full_finetune__b010__s46/result.json,,,
complete,aqua20__dinov2_small__full_finetune__b010__s45,aqua20,dinov2_small,full_finetune,010,45,10,10,128,0.1,20,592,5842,0.10133515919205752,1164,1165,22064276,22064276,0.7989690721649485,0.5288484707877047,0.5099370350133874,0.8137339055793992,0.48413738838607995,0.4704630410168889,32.36775588989258,6.884551048278809,core,MARINE_EXPERIMENTS_V2/FULL_SUITE/core/aqua20__dinov2_small__full_finetune__b010__s45/result.json,,,
complete,aqua20__dinov2_small__marine_adapter__b100__s43,aqua20,dinov2_small,marine_adapter,100,43,10,9,128,0.1,20,5842,5842,1.0,1164,1165,22163860,107284,0.8883161512027491,0.8130459522358988,0.8139493309652451,0.9030042918454936,0.8253117087463803,0.8064183314559468,169.9744610786438,0.620175838470459,core,MARINE_EXPERIMENTS_V2/FULL_SUITE/core/aqua20__dinov2_small__marine_adapter__b100__s43/result.json,,,
complete,fathomnet__dinov2_small__linear_probe__b001__s42,fathomnet,dinov2_small,linear_probe,001,42,10,10,128,0.1,79,220,16688,0.013183125599232981,3622,3389,22086991,30415,0.034787410270568746,0.03054959913069704,0.032664304586447306,0.02567128946591915,0.02491437427697028,0.028334569748840965,110.20569682121277,0.6190438270568848,core,MARINE_EXPERIMENTS_V2/FULL_SUITE/core/fathomnet__dinov2_small__linear_probe__b001__s42/result.json,,,
complete,fathomnet__dinov2_small__marine_adapter__b001__s43,fathomnet,dinov2_small,marine_adapter,001,43,10,10,128,0.1,79,220,16688,0.013183125599232981,3622,3389,22186575,129999,0.02871341800110436,0.025140545853229078,0.03111722787634446,0.029212156978459723,0.022772887331193654,0.03144154670950723,125.26829719543457,0.6205277442932129,core,MARINE_EXPERIMENTS_V2/FULL_SUITE/core/fathomnet__dinov2_small__marine_adapter__b001__s43/result.json,,,
complete,aqua20__dinov2_small__mlp_head__b005__s45,aqua20,dinov2_small,mlp_head,005,45,10,8,128,0.1,20,302,5842,0.05169462512838069,1164,1165,22163860,107284,0.7319587628865979,0.24211993818324645,0.24662880348038452,0.7424892703862661,0.2556225044425323,0.25643173488335524,52.12356162071228,0.620419979095459,core,MARINE_EXPERIMENTS_V2/FULL_SUITE/core/aqua20__dinov2_small__mlp_head__b005__s45/result.json,,,
complete,fathomnet__resnet18__full_finetune__b100__s42,fathomnet,resnet18,full_finetune,100,42,10,8,128,0.1,79,16688,16688,1.0,3622,3389,11217039,11217039,0.6918829376035339,0.6914505102437782,0.7035257348021288,0.6978459722632044,0.6878357127751307,0.6973446060564289,497.31400895118713,1.6962342262268066,core,MARINE_EXPERIMENTS_V2/FULL_SUITE/core/fathomnet__resnet18__full_finetune__b100__s42/result.json,,,
complete,aqua20__resnet18__last_block_ft__b001__s46,aqua20,resnet18,last_block_ft,001,46,10,10,128,0.1,20,70,5842,0.011982197877439232,1164,1165,11186772,8403988,0.25171821305841924,0.05215796815199405,0.07865994088931565,0.2609442060085837,0.06532726669393786,0.09319295778674139,37.646010875701904,0.6914591789245605,core,MARINE_EXPERIMENTS_V2/FULL_SUITE/core/aqua20__resnet18__last_block_ft__b001__s46/result.json,,,
complete,aqua20__resnet18__last_block_ft__b100__s42,aqua20,resnet18,last_block_ft,100,42,10,9,128,0.1,20,5842,5842,1.0,1164,1165,11186772,8403988,0.8273195876288659,0.6241730192716797,0.5952258412131535,0.8351931330472103,0.6347486377399416,0.6040028518711928,158.5538432598114,0.6908488273620605,core,MARINE_EXPERIMENTS_V2/FULL_SUITE/core/aqua20__resnet18__last_block_ft__b100__s42/result.json,,,
complete,fathomnet__resnet18__full_finetune__b100__s46,fathomnet,resnet18,full_finetune,100,46,10,9,128,0.1,79,16688,16688,1.0,3622,3389,11217039,11217039,0.7007178354500276,0.6996450664794012,0.7131193925041505,0.7019769843611685,0.6901148319659582,0.7023333906835705,507.3898084163666,1.6951355934143066,core,MARINE_EXPERIMENTS_V2/FULL_SUITE/core/fathomnet__resnet18__full_finetune__b100__s46/result.json,,,
complete,aqua20__resnet18__full_finetune__b001__s45,aqua20,resnet18,full_finetune,001,45,10,7,128,0.1,20,70,5842,0.011982197877439232,1164,1165,11186772,11186772,0.3951890034364261,0.08694505111579437,0.09070033626115617,0.3828326180257511,0.09588386935586976,0.11245457336738632,35.599265336990356,1.0120491981506348,core,MARINE_EXPERIMENTS_V2/FULL_SUITE/core/aqua20__resnet18__full_finetune__b001__s45/result.json,,,
complete,fathomnet__dinov2_small__full_finetune__b100__s44,fathomnet,dinov2_small,full_finetune,100,44,10,10,128,0.1,79,16688,16688,1.0,3622,3389,22086991,22086991,0.8130866924351188,0.8125700579895112,0.8209988002654524,0.8200059014458543,0.8095079527934674,0.8180529381279064,276.30554008483887,6.8849029541015625,core,MARINE_EXPERIMENTS_V2/FULL_SUITE/core/fathomnet__dinov2_small__full_finetune__b100__s44/result.json,,,
complete,aqua20__dinov2_small__full_finetune__b001__s42,aqua20,dinov2_small,full_finetune,001,42,10,9,128,0.1,20,70,5842,0.011982197877439232,1164,1165,22064276,22064276,0.5996563573883161,0.19000100029597639,0.18537873901426122,0.5742489270386266,0.1912231899489473,0.18108390206842812,50.841373443603516,3.978757381439209,core,MARINE_EXPERIMENTS_V2/FULL_SUITE/core/aqua20__dinov2_small__full_finetune__b001__s42/result.json,,,
complete,fathomnet__dinov2_small__linear_probe__b100__s45,fathomnet,dinov2_small,linear_probe,100,45,10,8,128,0.1,79,16688,16688,1.0,3622,3389,22086991,30415,0.6479845389287686,0.6414833738237902,0.6561946869179437,0.6476836825022131,0.6359033463323184,0.6474558443172472,479.2329499721527,0.6190438270568848,core,MARINE_EXPERIMENTS_V2/FULL_SUITE/core/fathomnet__dinov2_small__linear_probe__b100__s45/result.json,,,
complete,aqua20__dinov2_small__last_block_ft__b001__s42,aqua20,dinov2_small,last_block_ft,001,42,10,10,128,0.1,20,70,5842,0.011982197877439232,1164,1165,22064276,1783700,0.5146048109965635,0.14452010672881227,0.1422937084821616,0.4918454935622318,0.15259880663933326,0.15293169966915104,53.76913380622864,0.6422309875488281,core,MARINE_EXPERIMENTS_V2/FULL_SUITE/core/aqua20__dinov2_small__last_block_ft__b001__s42/result.json,,,
complete,aqua20__resnet18__mlp_head__b010__s43,aqua20,resnet18,mlp_head,010,43,10,10,128,0.1,20,592,5842,0.10133515919205752,1164,1165,11319508,142996,0.6434707903780069,0.21382686321422137,0.19846059296045204,0.6317596566523606,0.20433772118544175,0.19165795899749247,48.52423167228699,0.5998740196228027,core,MARINE_EXPERIMENTS_V2/FULL_SUITE/core/aqua20__resnet18__mlp_head__b010__s43/result.json,,,
complete,aqua20__dinov2_small__last_block_ft__b100__s45,aqua20,dinov2_small,last_block_ft,100,45,10,6,128,0.1,20,5842,5842,1.0,1164,1165,22064276,1783700,0.9012027491408935,0.8574914582942679,0.8533900750358088,0.9141630901287554,0.8966444819643454,0.8946266522697037,170.5591275691986,0.9451370239257812,core,MARINE_EXPERIMENTS_V2/FULL_SUITE/core/aqua20__dinov2_small__last_block_ft__b100__s45/result.json,,,
complete,fathomnet__dinov2_small__marine_adapter__b010__s45,fathomnet,dinov2_small,marine_adapter,010,45,10,10,128,0.1,79,1709,16688,0.10240891658676894,3622,3389,22186575,129999,0.353395913859746,0.3341232253393458,0.3652112396702268,0.3608734139864267,0.33835804943390774,0.36635043933379174,165.7442226409912,0.6207718849182129,core,MARINE_EXPERIMENTS_V2/FULL_SUITE/core/fathomnet__dinov2_small__marine_adapter__b010__s45/result.json,,,
complete,fathomnet__resnet18__mlp_head__b100__s42,fathomnet,resnet18,mlp_head,100,42,10,8,128,0.1,79,16688,16688,1.0,3622,3389,11349775,173263,0.5267807840971839,0.5215800410456649,0.5382396805723967,0.529949837710239,0.5199022109475023,0.5331582132618409,455.67209577560425,0.5999722480773926,core,MARINE_EXPERIMENTS_V2/FULL_SUITE/core/fathomnet__resnet18__mlp_head__b100__s42/result.json,,,
complete,fathomnet__dinov2_small__linear_probe__b005__s45,fathomnet,dinov2_small,linear_probe,005,45,10,10,128,0.1,79,875,16688,0.05243288590604027,3622,3389,22086991,30415,0.1477084483710657,0.1392565328826193,0.15774242233288924,0.14104455591619947,0.13175423240257605,0.1451302230890553,130.83012080192566,0.6190438270568848,core,MARINE_EXPERIMENTS_V2/FULL_SUITE/core/fathomnet__dinov2_small__linear_probe__b005__s45/result.json,,,
complete,fathomnet__dinov2_small__full_finetune__b010__s43,fathomnet,dinov2_small,full_finetune,010,43,10,7,128,0.1,79,1709,16688,0.10240891658676894,3622,3389,22086991,22086991,0.5900055218111541,0.5889774154679207,0.6007395653144724,0.5922100914724108,0.577922956083164,0.5905101322743431,141.5404407978058,6.8856964111328125,core,MARINE_EXPERIMENTS_V2/FULL_SUITE/core/fathomnet__dinov2_small__full_finetune__b010__s43/result.json,,,
complete,fathomnet__resnet18__linear_probe__b001__s44,fathomnet,resnet18,linear_probe,001,44,10,9,128,0.1,79,220,16688,0.013183125599232981,3622,3389,11217039,40527,0.022087244616234125,0.012651935311505779,0.024025293637034352,0.023900855709648863,0.01245695266555609,0.024773916496012936,105.28011274337769,0.597994327545166,core,MARINE_EXPERIMENTS_V2/FULL_SUITE/core/fathomnet__resnet18__linear_probe__b001__s44/result.json,,,
complete,aqua20__dinov2_small__last_block_ft__b010__s46,aqua20,dinov2_small,last_block_ft,010,46,10,9,128,0.1,20,592,5842,0.10133515919205752,1164,1165,22064276,1783700,0.8195876288659794,0.545477049377167,0.5532999067631944,0.8403433476394849,0.5213801999188205,0.5232172448593102,59.449159145355225,0.9448928833007812,core,MARINE_EXPERIMENTS_V2/FULL_SUITE/core/aqua20__dinov2_small__last_block_ft__b010__s46/result.json,,,
complete,aqua20__resnet18__marine_adapter__b100__s42,aqua20,resnet18,marine_adapter,100,42,10,10,128,0.1,20,5842,5842,1.0,1164,1165,11319508,142996,0.7860824742268041,0.6033568578857075,0.5814054282932568,0.8051502145922746,0.639297967644511,0.6184303884494294,149.08916902542114,0.5998740196228027,core,MARINE_EXPERIMENTS_V2/FULL_SUITE/core/aqua20__resnet18__marine_adapter__b100__s42/result.json,,,
complete,aqua20__dinov2_small__linear_probe__b010__s46,aqua20,dinov2_small,linear_probe,010,46,10,10,128,0.1,20,592,5842,0.10133515919205752,1164,1165,22064276,7700,0.5764604810996563,0.2194713640370644,0.2041283185639749,0.5965665236051502,0.22941837179367894,0.21529330274548855,60.97962474822998,0.6189360618591309,core,MARINE_EXPERIMENTS_V2/FULL_SUITE/core/aqua20__dinov2_small__linear_probe__b010__s46/result.json,,,
complete,fathomnet__dinov2_small__marine_adapter__b010__s44,fathomnet,dinov2_small,marine_adapter,010,44,10,10,128,0.1,79,1709,16688,0.10240891658676894,3622,3389,22186575,129999,0.390944229707344,0.37174191912471044,0.39580476382413643,0.3897904986721747,0.37367525858245976,0.4081824842172265,165.9125063419342,0.6207718849182129,core,MARINE_EXPERIMENTS_V2/FULL_SUITE/core/fathomnet__dinov2_small__marine_adapter__b010__s44/result.json,,,
complete,fathomnet__resnet18__marine_adapter__b100__s45,fathomnet,resnet18,marine_adapter,100,45,10,8,128,0.1,79,16688,16688,1.0,3622,3389,11349775,173263,0.5298177802319161,0.5221633903605861,0.5392901635051212,0.5308350545883741,0.5205648768791726,0.5342685455768398,447.8604221343994,0.5999722480773926,core,MARINE_EXPERIMENTS_V2/FULL_SUITE/core/fathomnet__resnet18__marine_adapter__b100__s45/result.json,,,
complete,fathomnet__dinov2_small__full_finetune__b100__s45,fathomnet,dinov2_small,full_finetune,100,45,10,10,128,0.1,79,16688,16688,1.0,3622,3389,22086991,22086991,0.8163997791275538,0.8145090941859707,0.8229528068826424,0.8149896724697551,0.8022132588911702,0.8098741820085752,778.4954509735107,6.8856964111328125,core,MARINE_EXPERIMENTS_V2/FULL_SUITE/core/fathomnet__dinov2_small__full_finetune__b100__s45/result.json,,,
complete,aqua20__dinov2_small__marine_adapter__b010__s46,aqua20,dinov2_small,marine_adapter,010,46,10,10,128,0.1,20,592,5842,0.10133515919205752,1164,1165,22163860,107284,0.6958762886597938,0.20814496138134642,0.21017975242868553,0.7047210300429184,0.21267826726971503,0.21710166299147962,62.632999658584595,0.620419979095459,core,MARINE_EXPERIMENTS_V2/FULL_SUITE/core/aqua20__dinov2_small__marine_adapter__b010__s46/result.json,,,
complete,fathomnet__dinov2_small__mlp_head__b100__s43,fathomnet,dinov2_small,mlp_head,100,43,10,9,128,0.1,79,16688,16688,1.0,3622,3389,22186575,129999,0.6753175041413584,0.6727448135339186,0.6861815995684407,0.67984656240779,0.6684172546458547,0.6797085681105064,489.99978590011597,0.6207718849182129,core,MARINE_EXPERIMENTS_V2/FULL_SUITE/core/fathomnet__dinov2_small__mlp_head__b100__s43/result.json,,,
complete,fathomnet__dinov2_small__last_block_ft__b001__s42,fathomnet,dinov2_small,last_block_ft,001,42,10,9,128,0.1,79,220,16688,0.013183125599232981,3622,3389,22086991,1806415,0.06212037548315848,0.059156757142388,0.06845373385056919,0.058424313956919445,0.052709464469896404,0.0623594646868116,124.51649451255798,0.9455804824829102,core,MARINE_EXPERIMENTS_V2/FULL_SUITE/core/fathomnet__dinov2_small__last_block_ft__b001__s42/result.json,,,
complete,fathomnet__dinov2_small__linear_probe__b005__s44,fathomnet,dinov2_small,linear_probe,005,44,10,10,128,0.1,79,875,16688,0.05243288590604027,3622,3389,22086991,30415,0.12258420762009939,0.11104614627215287,0.12688751608896476,0.12629094128061374,0.11224374968973905,0.13214743713692384,142.1948344707489,0.6192879676818848,core,MARINE_EXPERIMENTS_V2/FULL_SUITE/core/fathomnet__dinov2_small__linear_probe__b005__s44/result.json,,,
complete,fathomnet__resnet18__full_finetune__b001__s42,fathomnet,resnet18,full_finetune,001,42,10,9,128,0.1,79,220,16688,0.013183125599232981,3622,3389,11217039,11217039,0.03699613473219216,0.028822945635659125,0.03892234216943821,0.030687518442018294,0.027205110367965555,0.03412705127758755,105.05511283874512,1.6951355934143066,core,MARINE_EXPERIMENTS_V2/FULL_SUITE/core/fathomnet__resnet18__full_finetune__b001__s42/result.json,,,
complete,fathomnet__dinov2_small__full_finetune__b100__s46,fathomnet,dinov2_small,full_finetune,100,46,10,9,128,0.1,79,16688,16688,1.0,3622,3389,22086991,22086991,0.823025952512424,0.820505068423186,0.828650839829333,0.8267925641782237,0.8143592228398572,0.8230405844029588,505.57067131996155,6.8856964111328125,core,MARINE_EXPERIMENTS_V2/FULL_SUITE/core/fathomnet__dinov2_small__full_finetune__b100__s46/result.json,,,
complete,aqua20__dinov2_small__linear_probe__b010__s44,aqua20,dinov2_small,linear_probe,010,44,10,10,128,0.1,20,592,5842,0.10133515919205752,1164,1165,22064276,7700,0.5429553264604811,0.17785651698094257,0.17098295406816016,0.5072961373390558,0.1484448190156436,0.14770635152055595,55.72695302963257,0.6189360618591309,core,MARINE_EXPERIMENTS_V2/FULL_SUITE/core/aqua20__dinov2_small__linear_probe__b010__s44/result.json,,,
complete,fathomnet__resnet18__full_finetune__b005__s43,fathomnet,resnet18,full_finetune,005,43,10,10,128,0.1,79,875,16688,0.05243288590604027,3622,3389,11217039,11217039,0.1590281612368857,0.14091264941663917,0.16874173341987136,0.17763352021245205,0.15390823034232654,0.18091631390001695,121.38706874847412,1.6962342262268066,core,MARINE_EXPERIMENTS_V2/FULL_SUITE/core/fathomnet__resnet18__full_finetune__b005__s43/result.json,,,
complete,fathomnet__resnet18__mlp_head__b010__s44,fathomnet,resnet18,mlp_head,010,44,10,10,128,0.1,79,1709,16688,0.10240891658676894,3622,3389,11349775,173263,0.28050800662617337,0.25709177715597903,0.2952522351797539,0.3098259073473001,0.27720702077233533,0.31128206526436547,134.9827642440796,0.5999722480773926,core,MARINE_EXPERIMENTS_V2/FULL_SUITE/core/fathomnet__resnet18__mlp_head__b010__s44/result.json,,,
complete,aqua20__resnet18__full_finetune__b001__s46,aqua20,resnet18,full_finetune,001,46,10,10,128,0.1,20,70,5842,0.011982197877439232,1164,1165,11186772,11186772,0.25773195876288657,0.06816767564946087,0.08619179574851202,0.2849785407725322,0.0705217147190321,0.09670432417849723,36.53185176849365,1.0114140510559082,core,MARINE_EXPERIMENTS_V2/FULL_SUITE/core/aqua20__resnet18__full_finetune__b001__s46/result.json,,,
complete,aqua20__resnet18__last_block_ft__b010__s45,aqua20,resnet18,last_block_ft,010,45,10,10,128,0.1,20,592,5842,0.10133515919205752,1164,1165,11186772,8403988,0.6374570446735395,0.15555808104674593,0.15565078843264799,0.6257510729613734,0.16439342024316173,0.16188827329089633,44.316152811050415,0.6908488273620605,core,MARINE_EXPERIMENTS_V2/FULL_SUITE/core/aqua20__resnet18__last_block_ft__b010__s45/result.json,,,
complete,fathomnet__dinov2_small__full_finetune__b001__s46,fathomnet,dinov2_small,full_finetune,001,46,10,10,128,0.1,79,220,16688,0.013183125599232981,3622,3389,22086991,22086991,0.17421314191054665,0.1637488575978198,0.186081136144158,0.17350250811448806,0.16504620089370597,0.19122255175509503,44.07678198814392,6.885121822357178,core,MARINE_EXPERIMENTS_V2/FULL_SUITE/core/fathomnet__dinov2_small__full_finetune__b001__s46/result.json,,,
complete,aqua20__dinov2_small__mlp_head__b010__s44,aqua20,dinov2_small,mlp_head,010,44,10,10,128,0.1,20,592,5842,0.10133515919205752,1164,1165,22163860,107284,0.788659793814433,0.3733016249725309,0.36185631769817755,0.7948497854077253,0.38992687259408576,0.37866354717318673,62.37126159667969,0.620175838470459,core,MARINE_EXPERIMENTS_V2/FULL_SUITE/core/aqua20__dinov2_small__mlp_head__b010__s44/result.json,,,
complete,fathomnet__resnet18__linear_probe__b005__s46,fathomnet,resnet18,linear_probe,005,46,10,10,128,0.1,79,875,16688,0.05243288590604027,3622,3389,11217039,40527,0.08034235229155164,0.06999518499867284,0.08606641536584998,0.0820300973738566,0.07148773046497046,0.08858600978193971,115.88008117675781,0.597994327545166,core,MARINE_EXPERIMENTS_V2/FULL_SUITE/core/fathomnet__resnet18__linear_probe__b005__s46/result.json,,,
complete,aqua20__resnet18__marine_adapter__b001__s42,aqua20,resnet18,marine_adapter,001,42,10,5,128,0.1,20,70,5842,0.011982197877439232,1164,1165,11319508,142996,0.29037800687285226,0.04361374553850407,0.0577541127366107,0.28841201716738196,0.046917802523136876,0.05997202848108478,39.20082378387451,0.5990195274353027,core,MARINE_EXPERIMENTS_V2/FULL_SUITE/core/aqua20__resnet18__marine_adapter__b001__s42/result.json,,,
complete,fathomnet__resnet18__last_block_ft__b100__s45,fathomnet,resnet18,last_block_ft,100,45,10,10,128,0.1,79,16688,16688,1.0,3622,3389,11217039,8434255,0.6559911651021535,0.6562004312495459,0.6674868799818064,0.6606668633815285,0.6515340775092381,0.6629190774129335,450.9750030040741,0.6926560401916504,core,MARINE_EXPERIMENTS_V2/FULL_SUITE/core/fathomnet__resnet18__last_block_ft__b100__s45/result.json,,,
complete,aqua20__resnet18__marine_adapter__b005__s43,aqua20,resnet18,marine_adapter,005,43,10,10,128,0.1,20,302,5842,0.05169462512838069,1164,1165,11319508,142996,0.48711340206185566,0.0786306294502622,0.09107731512166198,0.4798283261802575,0.07344632445556645,0.08976237192673901,38.12261605262756,0.5998740196228027,core,MARINE_EXPERIMENTS_V2/FULL_SUITE/core/aqua20__resnet18__marine_adapter__b005__s43/result.json,,,
complete,aqua20__dinov2_small__last_block_ft__b100__s42,aqua20,dinov2_small,last_block_ft,100,42,10,3,128,0.1,20,5842,5842,1.0,1164,1165,22064276,1783700,0.8969072164948454,0.8441396356557294,0.8370338110455793,0.9098712446351931,0.8431328293936206,0.838335029056692,149.8954963684082,0.9448928833007812,core,MARINE_EXPERIMENTS_V2/FULL_SUITE/core/aqua20__dinov2_small__last_block_ft__b100__s42/result.json,,,
complete,fathomnet__dinov2_small__mlp_head__b001__s44,fathomnet,dinov2_small,mlp_head,001,44,10,10,128,0.1,79,220,16688,0.013183125599232981,3622,3389,22186575,129999,0.09387078961899503,0.07693527573764486,0.09700195406894425,0.09825907347300089,0.07963548993906801,0.10494725679416123,121.54298806190491,0.6207718849182129,core,MARINE_EXPERIMENTS_V2/FULL_SUITE/core/fathomnet__dinov2_small__mlp_head__b001__s44/result.json,,,
complete,fathomnet__resnet18__marine_adapter__bshot01__s43,fathomnet,resnet18,marine_adapter,shot01,43,10,8,128,0.1,79,79,16688,0.0047339405560882074,3622,3389,11349775,173263,0.01849806736609608,0.012199577774642123,0.016492280434165847,0.012393036293892004,0.009528082403984648,0.013269031015109463,94.74892139434814,0.5994839668273926,shots,MARINE_EXPERIMENTS_V2/FULL_SUITE/shots/shot_1/fathomnet__resnet18__marine_adapter__bshot01__s43/result.json,,1.0,
complete,fathomnet__resnet18__mlp_head__bshot01__s42,fathomnet,resnet18,mlp_head,shot01,42,10,9,128,0.1,79,79,16688,0.0047339405560882074,3622,3389,11349775,173263,0.0394809497515185,0.03092142701128254,0.03803013687579948,0.03098259073473001,0.02351619014524728,0.03407918510116656,100.7003881931305,0.5998501777648926,shots,MARINE_EXPERIMENTS_V2/FULL_SUITE/shots/shot_1/fathomnet__resnet18__mlp_head__bshot01__s42/result.json,,1.0,
complete,fathomnet__resnet18__marine_adapter__bshot01__s42,fathomnet,resnet18,marine_adapter,shot01,42,10,9,128,0.1,79,79,16688,0.0047339405560882074,3622,3389,11349775,173263,0.03810049696300387,0.018473132320949843,0.026394668162658785,0.02419592800236058,0.016542955665143973,0.028472871649589292,102.37322521209717,0.5994839668273926,shots,MARINE_EXPERIMENTS_V2/FULL_SUITE/shots/shot_1/fathomnet__resnet18__marine_adapter__bshot01__s42/result.json,,1.0,
complete,fathomnet__resnet18__full_finetune__bshot01__s42,fathomnet,resnet18,full_finetune,shot01,42,10,9,128,0.1,79,79,16688,0.0047339405560882074,3622,3389,11217039,11217039,0.025400331308669245,0.01707245549899066,0.02398964915602688,0.02154027736795515,0.014577328365171631,0.019705833044836165,100.39288854598999,1.1131610870361328,shots,MARINE_EXPERIMENTS_V2/FULL_SUITE/shots/shot_1/fathomnet__resnet18__full_finetune__bshot01__s42/result.json,,1.0,
complete,fathomnet__resnet18__marine_adapter__bshot01__s44,fathomnet,resnet18,marine_adapter,shot01,44,10,8,128,0.1,79,79,16688,0.0047339405560882074,3622,3389,11349775,173263,0.017945886250690227,0.011840775792428804,0.01916183331277038,0.02242549424609029,0.012884929421454172,0.02106622892101272,102.86798596382141,0.5994839668273926,shots,MARINE_EXPERIMENTS_V2/FULL_SUITE/shots/shot_1/fathomnet__resnet18__marine_adapter__bshot01__s44/result.json,,1.0,
complete,fathomnet__resnet18__linear_probe__bshot01__s42,fathomnet,resnet18,linear_probe,shot01,42,10,7,128,0.1,79,79,16688,0.0047339405560882074,3622,3389,11217039,40527,0.022915516289342904,0.010693650258702427,0.021546999148046263,0.020655060489820007,0.008372189075234009,0.019294866171946163,101.27171063423157,0.597506046295166,shots,MARINE_EXPERIMENTS_V2/FULL_SUITE/shots/shot_1/fathomnet__resnet18__linear_probe__bshot01__s42/result.json,,1.0,
complete,fathomnet__resnet18__full_finetune__bshot01__s44,fathomnet,resnet18,full_finetune,shot01,44,10,10,128,0.1,79,79,16688,0.0047339405560882074,3622,3389,11217039,11217039,0.014908890115958034,0.012806400722535612,0.017040872401774126,0.02685157863676601,0.018821186458481177,0.025418712408102614,101.91994762420654,1.114241600036621,shots,MARINE_EXPERIMENTS_V2/FULL_SUITE/shots/shot_1/fathomnet__resnet18__full_finetune__bshot01__s44/result.json,,1.0,
complete,fathomnet__resnet18__last_block_ft__bshot01__s44,fathomnet,resnet18,last_block_ft,shot01,44,10,10,128,0.1,79,79,16688,0.0047339405560882074,3622,3389,11217039,8434255,0.021811154058531197,0.016903103481945042,0.023929665178784327,0.02360578341693715,0.01634332778961715,0.024805392971039862,100.16296720504761,0.691856861114502,shots,MARINE_EXPERIMENTS_V2/FULL_SUITE/shots/shot_1/fathomnet__resnet18__last_block_ft__bshot01__s44/result.json,,1.0,
complete,fathomnet__resnet18__mlp_head__bshot01__s43,fathomnet,resnet18,mlp_head,shot01,43,10,8,128,0.1,79,79,16688,0.0047339405560882074,3622,3389,11349775,173263,0.02650469353948095,0.016293241270836305,0.03268269019149355,0.03393331366184715,0.021991541784050782,0.033551486371391465,97.31338691711426,0.5998501777648926,shots,MARINE_EXPERIMENTS_V2/FULL_SUITE/shots/shot_1/fathomnet__resnet18__mlp_head__bshot01__s43/result.json,,1.0,
complete,fathomnet__resnet18__linear_probe__bshot01__s43,fathomnet,resnet18,linear_probe,shot01,43,10,8,128,0.1,79,79,16688,0.0047339405560882074,3622,3389,11217039,40527,0.014632799558255107,0.005572190953758381,0.01909886027647658,0.02360578341693715,0.00866322113136092,0.020640823639267395,94.88865828514099,0.597506046295166,shots,MARINE_EXPERIMENTS_V2/FULL_SUITE/shots/shot_1/fathomnet__resnet18__linear_probe__bshot01__s43/result.json,,1.0,
complete,fathomnet__resnet18__last_block_ft__bshot01__s42,fathomnet,resnet18,last_block_ft,shot01,42,10,10,128,0.1,79,79,16688,0.0047339405560882074,3622,3389,11217039,8434255,0.024572059635560462,0.015220957285737987,0.02395421594236825,0.03127766302744173,0.022729393776832845,0.031183812590455384,89.35618019104004,0.6913132667541504,shots,MARINE_EXPERIMENTS_V2/FULL_SUITE/shots/shot_1/fathomnet__resnet18__last_block_ft__bshot01__s42/result.json,,1.0,
complete,fathomnet__resnet18__full_finetune__bshot01__s43,fathomnet,resnet18,full_finetune,shot01,43,10,10,128,0.1,79,79,16688,0.0047339405560882074,3622,3389,11217039,11217039,0.015184980673660961,0.011255718147594624,0.016831718545580632,0.017409265269991148,0.010116034046553276,0.01632153869233309,92.16094088554382,1.1131610870361328,shots,MARINE_EXPERIMENTS_V2/FULL_SUITE/shots/shot_1/fathomnet__resnet18__full_finetune__bshot01__s43/result.json,,1.0,
complete,fathomnet__resnet18__last_block_ft__bshot01__s43,fathomnet,resnet18,last_block_ft,shot01,43,10,10,128,0.1,79,79,16688,0.0047339405560882074,3622,3389,11217039,8434255,0.02015461071231364,0.01424599216175414,0.0229453422005063,0.02301563883151372,0.012544004149026008,0.020584502889649154,100.24553227424622,0.691856861114502,shots,MARINE_EXPERIMENTS_V2/FULL_SUITE/shots/shot_1/fathomnet__resnet18__last_block_ft__bshot01__s43/result.json,,1.0,
complete,fathomnet__resnet18__linear_probe__bshot01__s44,fathomnet,resnet18,linear_probe,shot01,44,10,6,128,0.1,79,79,16688,0.0047339405560882074,3622,3389,11217039,40527,0.018221976808393152,0.007679328875370311,0.018301945109102317,0.02095013278253172,0.010137831867261155,0.02055710519711255,98.73470425605774,0.597872257232666,shots,MARINE_EXPERIMENTS_V2/FULL_SUITE/shots/shot_1/fathomnet__resnet18__linear_probe__bshot01__s44/result.json,,1.0,
complete,fathomnet__resnet18__mlp_head__bshot01__s44,fathomnet,resnet18,mlp_head,shot01,44,10,10,128,0.1,79,79,16688,0.0047339405560882074,3622,3389,11349775,173263,0.024572059635560462,0.017711148284070544,0.023451126833405268,0.029802301563883152,0.024104339956285768,0.027353244446423793,90.58479642868042,0.5998501777648926,shots,MARINE_EXPERIMENTS_V2/FULL_SUITE/shots/shot_1/fathomnet__resnet18__mlp_head__bshot01__s44/result.json,,1.0,
complete,fathomnet__resnet18__linear_probe__bshot05__s42,fathomnet,resnet18,linear_probe,shot05,42,10,10,128,0.1,79,395,16688,0.023669702780441036,3622,3389,11217039,40527,0.03975704030922143,0.02650683171083299,0.03734446890239358,0.03717910888167601,0.024890332035544274,0.03623022030575759,107.96729493141174,0.597994327545166,shots,MARINE_EXPERIMENTS_V2/FULL_SUITE/shots/shot_5/fathomnet__resnet18__linear_probe__bshot05__s42/result.json,,5.0,
complete,fathomnet__resnet18__marine_adapter__bshot05__s44,fathomnet,resnet18,marine_adapter,shot05,44,10,10,128,0.1,79,395,16688,0.023669702780441036,3622,3389,11349775,173263,0.046107123136388733,0.043343415011155954,0.04782139078434597,0.05665388020064916,0.05011115091740975,0.05417818411602267,107.48706126213074,0.5999722480773926,shots,MARINE_EXPERIMENTS_V2/FULL_SUITE/shots/shot_5/fathomnet__resnet18__marine_adapter__bshot05__s44/result.json,,5.0,
complete,fathomnet__resnet18__last_block_ft__bshot05__s43,fathomnet,resnet18,last_block_ft,shot05,43,10,10,128,0.1,79,395,16688,0.023669702780441036,3622,3389,11217039,8434255,0.08862506902263942,0.0736234428338748,0.08102440718271883,0.06609619356742402,0.06313790624424231,0.0680615612639218,110.17539429664612,0.6916794776916504,shots,MARINE_EXPERIMENTS_V2/FULL_SUITE/shots/shot_5/fathomnet__resnet18__last_block_ft__bshot05__s43/result.json,,5.0,
complete,fathomnet__resnet18__linear_probe__bshot05__s44,fathomnet,resnet18,linear_probe,shot05,44,10,9,128,0.1,79,395,16688,0.023669702780441036,3622,3389,11217039,40527,0.03451131971286582,0.022767636310861677,0.03392587365195022,0.03747418117438772,0.02316741735240264,0.03626959022803723,110.27611947059631,0.597994327545166,shots,MARINE_EXPERIMENTS_V2/FULL_SUITE/shots/shot_5/fathomnet__resnet18__linear_probe__bshot05__s44/result.json,,5.0,
complete,fathomnet__resnet18__full_finetune__bshot05__s42,fathomnet,resnet18,full_finetune,shot05,42,10,9,128,0.1,79,395,16688,0.023669702780441036,3622,3389,11217039,11217039,0.08199889563776919,0.061542778949740314,0.07850828971437226,0.0781941575686043,0.05373014589962841,0.0682397329565512,107.21012902259827,1.6962342262268066,shots,MARINE_EXPERIMENTS_V2/FULL_SUITE/shots/shot_5/fathomnet__resnet18__full_finetune__bshot05__s42/result.json,,5.0,
complete,fathomnet__resnet18__linear_probe__bshot05__s43,fathomnet,resnet18,linear_probe,shot05,43,10,10,128,0.1,79,395,16688,0.023669702780441036,3622,3389,11217039,40527,0.041413583655438985,0.029808232051145904,0.04556848661852021,0.042195337857775156,0.025256032270249584,0.0401441342080923,100.58920979499817,0.597994327545166,shots,MARINE_EXPERIMENTS_V2/FULL_SUITE/shots/shot_5/fathomnet__resnet18__linear_probe__bshot05__s43/result.json,,5.0,
complete,fathomnet__resnet18__marine_adapter__bshot05__s42,fathomnet,resnet18,marine_adapter,shot05,42,10,10,128,0.1,79,395,16688,0.023669702780441036,3622,3389,11349775,173263,0.07620099392600774,0.05481373878510501,0.06707500457748565,0.054293301858955444,0.046284107092708644,0.05889962565901316,103.63131809234619,0.6003384590148926,shots,MARINE_EXPERIMENTS_V2/FULL_SUITE/shots/shot_5/fathomnet__resnet18__marine_adapter__bshot05__s42/result.json,,5.0,
complete,fathomnet__resnet18__full_finetune__bshot05__s44,fathomnet,resnet18,full_finetune,shot05,44,10,10,128,0.1,79,395,16688,0.023669702780441036,3622,3389,11217039,11217039,0.06598564329099944,0.056178065596208054,0.06647688609709876,0.07258778400708174,0.056048095724669025,0.0615817644897506,105.71423435211182,1.6962342262268066,shots,MARINE_EXPERIMENTS_V2/FULL_SUITE/shots/shot_5/fathomnet__resnet18__full_finetune__bshot05__s44/result.json,,5.0,
complete,fathomnet__resnet18__full_finetune__bshot05__s43,fathomnet,resnet18,full_finetune,shot05,43,10,10,128,0.1,79,395,16688,0.023669702780441036,3622,3389,11217039,11217039,0.07758144671452237,0.062078210267197086,0.0776000726037286,0.07642372381233402,0.0583740348347035,0.07195238925983459,107.57976293563843,1.6962342262268066,shots,MARINE_EXPERIMENTS_V2/FULL_SUITE/shots/shot_5/fathomnet__resnet18__full_finetune__bshot05__s43/result.json,,5.0,
complete,fathomnet__resnet18__mlp_head__bshot05__s42,fathomnet,resnet18,mlp_head,shot05,42,10,10,128,0.1,79,395,16688,0.023669702780441036,3622,3389,11349775,173263,0.09083379348426283,0.07483427334093223,0.10107745705829625,0.08439067571555031,0.07114518824661337,0.09132500173864325,95.13194799423218,0.5999722480773926,shots,MARINE_EXPERIMENTS_V2/FULL_SUITE/shots/shot_5/fathomnet__resnet18__mlp_head__bshot05__s42/result.json,,5.0,
complete,fathomnet__resnet18__last_block_ft__bshot05__s44,fathomnet,resnet18,last_block_ft,shot05,44,10,10,128,0.1,79,395,16688,0.023669702780441036,3622,3389,11217039,8434255,0.08862506902263942,0.07185844951421899,0.07665048719308012,0.07907937444673944,0.06651453038907489,0.07903512055978991,96.80809712409973,0.6916794776916504,shots,MARINE_EXPERIMENTS_V2/FULL_SUITE/shots/shot_5/fathomnet__resnet18__last_block_ft__bshot05__s44/result.json,,5.0,
complete,fathomnet__resnet18__mlp_head__bshot05__s44,fathomnet,resnet18,mlp_head,shot05,44,10,10,128,0.1,79,395,16688,0.023669702780441036,3622,3389,11349775,173263,0.09000552181115405,0.06376028159649148,0.09744929379867709,0.0985541457657126,0.06386002988242988,0.09526746629722543,107.50319766998291,0.6003384590148926,shots,MARINE_EXPERIMENTS_V2/FULL_SUITE/shots/shot_5/fathomnet__resnet18__mlp_head__bshot05__s44/result.json,,5.0,
complete,fathomnet__resnet18__mlp_head__bshot05__s43,fathomnet,resnet18,mlp_head,shot05,43,10,10,128,0.1,79,395,16688,0.023669702780441036,3622,3389,11349775,173263,0.0842076200993926,0.06105701315146978,0.08356653113762134,0.08852168781351431,0.06341100791808817,0.08205801206858208,107.02140712738037,0.6003384590148926,shots,MARINE_EXPERIMENTS_V2/FULL_SUITE/shots/shot_5/fathomnet__resnet18__mlp_head__bshot05__s43/result.json,,5.0,
complete,fathomnet__resnet18__last_block_ft__bshot05__s42,fathomnet,resnet18,last_block_ft,shot05,42,10,10,128,0.1,79,395,16688,0.023669702780441036,3622,3389,11217039,8434255,0.08061844284925455,0.05856346306676337,0.07892398235814548,0.0864561817645323,0.06564587945778598,0.08139759763575967,100.46046733856201,0.6913132667541504,shots,MARINE_EXPERIMENTS_V2/FULL_SUITE/shots/shot_5/fathomnet__resnet18__last_block_ft__bshot05__s42/result.json,,5.0,
complete,fathomnet__resnet18__marine_adapter__bshot05__s43,fathomnet,resnet18,marine_adapter,shot05,43,10,10,128,0.1,79,395,16688,0.023669702780441036,3622,3389,11349775,173263,0.06791827719491994,0.04939798614554054,0.06454780514781365,0.056358807907937444,0.045667411474937296,0.053779564744418175,101.60640048980713,0.6003384590148926,shots,MARINE_EXPERIMENTS_V2/FULL_SUITE/shots/shot_5/fathomnet__resnet18__marine_adapter__bshot05__s43/result.json,,5.0,
complete,fathomnet__resnet18__full_finetune__bshot02__s44,fathomnet,resnet18,full_finetune,shot02,44,10,8,128,0.1,79,158,16688,0.009467881112176415,3622,3389,11217039,11217039,0.024019878520154612,0.02021629774057476,0.026426333412796238,0.029212156978459723,0.024126555692114533,0.02732684703563797,93.58942341804504,1.6962342262268066,shots,MARINE_EXPERIMENTS_V2/FULL_SUITE/shots/shot_2/fathomnet__resnet18__full_finetune__bshot02__s44/result.json,,2.0,
complete,fathomnet__resnet18__last_block_ft__bshot02__s42,fathomnet,resnet18,last_block_ft,shot02,42,10,10,128,0.1,79,158,16688,0.009467881112176415,3622,3389,11217039,8434255,0.04279403644395362,0.02863635000020828,0.04059481846011323,0.041310120979640014,0.0298784628266236,0.042476354643010396,104.4822506904602,0.6916794776916504,shots,MARINE_EXPERIMENTS_V2/FULL_SUITE/shots/shot_2/fathomnet__resnet18__last_block_ft__bshot02__s42/result.json,,2.0,
complete,fathomnet__resnet18__marine_adapter__bshot02__s42,fathomnet,resnet18,marine_adapter,shot02,42,10,9,128,0.1,79,158,16688,0.009467881112176415,3622,3389,11349775,173263,0.04583103257868581,0.025348523047039797,0.03334299655726309,0.030097373856594865,0.02247479610977577,0.035419921902953046,95.25490641593933,0.6003384590148926,shots,MARINE_EXPERIMENTS_V2/FULL_SUITE/shots/shot_2/fathomnet__resnet18__marine_adapter__bshot02__s42/result.json,,2.0,
complete,fathomnet__resnet18__marine_adapter__bshot02__s43,fathomnet,resnet18,marine_adapter,shot02,43,10,9,128,0.1,79,158,16688,0.009467881112176415,3622,3389,11349775,173263,0.02788514632799558,0.019696601527733976,0.0251397085499228,0.023900855709648863,0.019277589244833266,0.023257058621536805,105.73669052124023,0.5999722480773926,shots,MARINE_EXPERIMENTS_V2/FULL_SUITE/shots/shot_2/fathomnet__resnet18__marine_adapter__bshot02__s43/result.json,,2.0,
complete,fathomnet__resnet18__linear_probe__bshot02__s44,fathomnet,resnet18,linear_probe,shot02,44,10,7,128,0.1,79,158,16688,0.009467881112176415,3622,3389,11217039,40527,0.022915516289342904,0.010814927936809878,0.022798417338753228,0.020655060489820007,0.009907055296636021,0.01985061745377679,91.96591854095459,0.597994327545166,shots,MARINE_EXPERIMENTS_V2/FULL_SUITE/shots/shot_2/fathomnet__resnet18__linear_probe__bshot02__s44/result.json,,2.0,
complete,fathomnet__resnet18__full_finetune__bshot02__s42,fathomnet,resnet18,full_finetune,shot02,42,10,10,128,0.1,79,158,16688,0.009467881112176415,3622,3389,11217039,11217039,0.041413583655438985,0.03244506980923998,0.038938590617008426,0.03452345824727058,0.021679297083281306,0.032388497554192375,102.55921745300293,1.6962342262268066,shots,MARINE_EXPERIMENTS_V2/FULL_SUITE/shots/shot_2/fathomnet__resnet18__full_finetune__bshot02__s42/result.json,,2.0,
complete,fathomnet__resnet18__last_block_ft__bshot02__s44,fathomnet,resnet18,last_block_ft,shot02,44,10,10,128,0.1,79,158,16688,0.009467881112176415,3622,3389,11217039,8434255,0.03202650469353948,0.02639596554469443,0.031102005257942232,0.03186780761286515,0.026223960202808694,0.03353542836829017,100.90751886367798,0.6926560401916504,shots,MARINE_EXPERIMENTS_V2/FULL_SUITE/shots/shot_2/fathomnet__resnet18__last_block_ft__bshot02__s44/result.json,,2.0,
complete,fathomnet__resnet18__mlp_head__bshot02__s42,fathomnet,resnet18,mlp_head,shot02,42,10,10,128,0.1,79,158,16688,0.009467881112176415,3622,3389,11349775,173263,0.056598564329099946,0.04380065860889547,0.054106210719534524,0.04249041015048687,0.03000142506806119,0.04435557045575551,102.19841051101685,0.6003384590148926,shots,MARINE_EXPERIMENTS_V2/FULL_SUITE/shots/shot_2/fathomnet__resnet18__mlp_head__bshot02__s42/result.json,,2.0,
complete,fathomnet__resnet18__mlp_head__bshot02__s43,fathomnet,resnet18,mlp_head,shot02,43,10,9,128,0.1,79,158,16688,0.009467881112176415,3622,3389,11349775,173263,0.04113749309773606,0.025332123373610464,0.047828962670028875,0.0472115668338743,0.03192325690802805,0.04655502334266882,98.7036406993866,0.6003384590148926,shots,MARINE_EXPERIMENTS_V2/FULL_SUITE/shots/shot_2/fathomnet__resnet18__mlp_head__bshot02__s43/result.json,,2.0,
complete,fathomnet__resnet18__last_block_ft__bshot02__s43,fathomnet,resnet18,last_block_ft,shot02,43,10,10,128,0.1,79,158,16688,0.009467881112176415,3622,3389,11217039,8434255,0.037272225289895086,0.0280780034929298,0.03859795087630577,0.032753024491000295,0.026747116046199445,0.03545174661601028,92.39403104782104,0.6916794776916504,shots,MARINE_EXPERIMENTS_V2/FULL_SUITE/shots/shot_2/fathomnet__resnet18__last_block_ft__bshot02__s43/result.json,,2.0,
complete,fathomnet__resnet18__full_finetune__bshot02__s43,fathomnet,resnet18,full_finetune,shot02,43,10,10,128,0.1,79,158,16688,0.009467881112176415,3622,3389,11217039,11217039,0.030369961347321922,0.023163799716929633,0.03220768507268341,0.03334316907642372,0.02813666859652173,0.03536805408371137,101.22833132743835,1.6962342262268066,shots,MARINE_EXPERIMENTS_V2/FULL_SUITE/shots/shot_2/fathomnet__resnet18__full_finetune__bshot02__s43/result.json,,2.0,
complete,fathomnet__resnet18__linear_probe__bshot02__s42,fathomnet,resnet18,linear_probe,shot02,42,10,5,128,0.1,79,158,16688,0.009467881112176415,3622,3389,11217039,40527,0.02567642186637217,0.013435461694583616,0.024222875427914882,0.02213042195337858,0.009029548569071802,0.020720977413883172,99.43173146247864,0.597994327545166,shots,MARINE_EXPERIMENTS_V2/FULL_SUITE/shots/shot_2/fathomnet__resnet18__linear_probe__bshot02__s42/result.json,,2.0,
complete,fathomnet__resnet18__linear_probe__bshot02__s43,fathomnet,resnet18,linear_probe,shot02,43,10,8,128,0.1,79,158,16688,0.009467881112176415,3622,3389,11217039,40527,0.019878520154610713,0.008728666571109702,0.0259439415945717,0.023310711124225437,0.012052657581391343,0.022565186915593668,104.23477506637573,0.597994327545166,shots,MARINE_EXPERIMENTS_V2/FULL_SUITE/shots/shot_2/fathomnet__resnet18__linear_probe__bshot02__s43/result.json,,2.0,
complete,fathomnet__resnet18__marine_adapter__bshot02__s44,fathomnet,resnet18,marine_adapter,shot02,44,10,10,128,0.1,79,158,16688,0.009467881112176415,3622,3389,11349775,173263,0.025400331308669245,0.019323275817130187,0.028145869091827667,0.02832694010032458,0.01902887893219634,0.027108185542004042,98.01156783103943,0.5999722480773926,shots,MARINE_EXPERIMENTS_V2/FULL_SUITE/shots/shot_2/fathomnet__resnet18__marine_adapter__bshot02__s44/result.json,,2.0,
complete,fathomnet__resnet18__mlp_head__bshot02__s44,fathomnet,resnet18,mlp_head,shot02,44,10,10,128,0.1,79,158,16688,0.009467881112176415,3622,3389,11349775,173263,0.03313086692435119,0.021764183319958677,0.031888256859168095,0.05399822956624373,0.03886164225480959,0.046839364318705126,100.63416695594788,0.6003384590148926,shots,MARINE_EXPERIMENTS_V2/FULL_SUITE/shots/shot_2/fathomnet__resnet18__mlp_head__bshot02__s44/result.json,,2.0,
complete,fathomnet__resnet18__marine_adapter__bshot10__s43,fathomnet,resnet18,marine_adapter,shot10,43,10,10,128,0.1,79,790,16688,0.04733940556088207,3622,3389,11349775,173263,0.15046935394809496,0.12331330224151207,0.14656314807970036,0.14429035113602834,0.12270752285726091,0.1451859243369534,107.14745879173279,0.6003384590148926,shots,MARINE_EXPERIMENTS_V2/FULL_SUITE/shots/shot_10/fathomnet__resnet18__marine_adapter__bshot10__s43/result.json,,10.0,
complete,fathomnet__resnet18__mlp_head__bshot10__s43,fathomnet,resnet18,mlp_head,shot10,43,10,10,128,0.1,79,790,16688,0.04733940556088207,3622,3389,11349775,173263,0.17228050800662617,0.14627785665218015,0.17370998200993626,0.17320743582177633,0.1423282502996074,0.16894024957474002,103.41368460655212,0.5999722480773926,shots,MARINE_EXPERIMENTS_V2/FULL_SUITE/shots/shot_10/fathomnet__resnet18__mlp_head__bshot10__s43/result.json,,10.0,
complete,fathomnet__resnet18__full_finetune__bshot10__s42,fathomnet,resnet18,full_finetune,shot10,42,10,10,128,0.1,79,790,16688,0.04733940556088207,3622,3389,11217039,11217039,0.16565433462175594,0.1379059933384242,0.16403486831261266,0.17586308645618176,0.14474764036408103,0.1681848929974307,111.40944862365723,1.6951355934143066,shots,MARINE_EXPERIMENTS_V2/FULL_SUITE/shots/shot_10/fathomnet__resnet18__full_finetune__bshot10__s42/result.json,,10.0,
complete,fathomnet__resnet18__last_block_ft__bshot10__s43,fathomnet,resnet18,last_block_ft,shot10,43,10,10,128,0.1,79,790,16688,0.04733940556088207,3622,3389,11217039,8434255,0.20099392600773053,0.1734916596349086,0.19591632712147836,0.18560047211566835,0.1647692272417426,0.1855267720368438,107.27021288871765,0.6920590400695801,shots,MARINE_EXPERIMENTS_V2/FULL_SUITE/shots/shot_10/fathomnet__resnet18__last_block_ft__bshot10__s43/result.json,,10.0,
complete,fathomnet__resnet18__linear_probe__bshot10__s43,fathomnet,resnet18,linear_probe,shot10,43,10,9,128,0.1,79,790,16688,0.04733940556088207,3622,3389,11217039,40527,0.0853119823302043,0.06575926735393157,0.09057155457584319,0.0820300973738566,0.06399088680337313,0.08090624513555698,115.92255663871765,0.597994327545166,shots,MARINE_EXPERIMENTS_V2/FULL_SUITE/shots/shot_10/fathomnet__resnet18__linear_probe__bshot10__s43/result.json,,10.0,
complete,fathomnet__resnet18__marine_adapter__bshot10__s42,fathomnet,resnet18,marine_adapter,shot10,42,10,10,128,0.1,79,790,16688,0.04733940556088207,3622,3389,11349775,173263,0.15046935394809496,0.126516931752694,0.1455416341331321,0.13189731484213632,0.11685960517251628,0.13683828052802743,112.78608083724976,0.6003384590148926,shots,MARINE_EXPERIMENTS_V2/FULL_SUITE/shots/shot_10/fathomnet__resnet18__marine_adapter__bshot10__s42/result.json,,10.0,
complete,fathomnet__resnet18__mlp_head__bshot10__s42,fathomnet,resnet18,mlp_head,shot10,42,10,10,128,0.1,79,790,16688,0.04733940556088207,3622,3389,11349775,173263,0.18415240198785202,0.15262777830602325,0.1775268487074227,0.18176453231041606,0.16143114007823137,0.1822791348888053,117.31735324859619,0.5999722480773926,shots,MARINE_EXPERIMENTS_V2/FULL_SUITE/shots/shot_10/fathomnet__resnet18__mlp_head__bshot10__s42/result.json,,10.0,
complete,fathomnet__resnet18__linear_probe__bshot10__s44,fathomnet,resnet18,linear_probe,shot10,44,10,10,128,0.1,79,790,16688,0.04733940556088207,3622,3389,11217039,40527,0.06626173384870238,0.05757345942386504,0.06659404776860288,0.06491590439657716,0.0556792898844299,0.07031228857979033,109.21844506263733,0.597994327545166,shots,MARINE_EXPERIMENTS_V2/FULL_SUITE/shots/shot_10/fathomnet__resnet18__linear_probe__bshot10__s44/result.json,,10.0,
complete,fathomnet__resnet18__linear_probe__bshot10__s42,fathomnet,resnet18,linear_probe,shot10,42,10,10,128,0.1,79,790,16688,0.04733940556088207,3622,3389,11217039,40527,0.07675317504141359,0.05655374416278716,0.07595238422973907,0.08321038654470345,0.059232425627748435,0.07927224991989709,104.51819515228271,0.598360538482666,shots,MARINE_EXPERIMENTS_V2/FULL_SUITE/shots/shot_10/fathomnet__resnet18__linear_probe__bshot10__s42/result.json,,10.0,
complete,fathomnet__resnet18__full_finetune__bshot10__s44,fathomnet,resnet18,full_finetune,shot10,44,10,9,128,0.1,79,790,16688,0.04733940556088207,3622,3389,11217039,11217039,0.18221976808393153,0.15569168734019231,0.18430691845401098,0.19651814694600178,0.16270486199737588,0.18729495561615941,111.80200719833374,1.6962342262268066,shots,MARINE_EXPERIMENTS_V2/FULL_SUITE/shots/shot_10/fathomnet__resnet18__full_finetune__bshot10__s44/result.json,,10.0,
complete,fathomnet__resnet18__last_block_ft__bshot10__s44,fathomnet,resnet18,last_block_ft,shot10,44,10,10,128,0.1,79,790,16688,0.04733940556088207,3622,3389,11217039,8434255,0.22722252898950857,0.1978423489636773,0.22332869977035968,0.21038654470345233,0.192621196634034,0.21139837166890194,116.87982439994812,0.6916794776916504,shots,MARINE_EXPERIMENTS_V2/FULL_SUITE/shots/shot_10/fathomnet__resnet18__last_block_ft__bshot10__s44/result.json,,10.0,
complete,fathomnet__resnet18__mlp_head__bshot10__s44,fathomnet,resnet18,mlp_head,shot10,44,10,10,128,0.1,79,790,16688,0.04733940556088207,3622,3389,11349775,173263,0.1755935946990613,0.14672204981534218,0.17866317801907072,0.19858365299498376,0.15758265842730354,0.18693939318924452,113.26588201522827,0.6003384590148926,shots,MARINE_EXPERIMENTS_V2/FULL_SUITE/shots/shot_10/fathomnet__resnet18__mlp_head__bshot10__s44/result.json,,10.0,
complete,fathomnet__resnet18__full_finetune__bshot10__s43,fathomnet,resnet18,full_finetune,shot10,43,10,9,128,0.1,79,790,16688,0.04733940556088207,3622,3389,11217039,11217039,0.16289342904472667,0.1272177310882659,0.16201027977599025,0.18825612275007378,0.14724548906743812,0.17855418954886756,112.80611515045166,1.6962342262268066,shots,MARINE_EXPERIMENTS_V2/FULL_SUITE/shots/shot_10/fathomnet__resnet18__full_finetune__bshot10__s43/result.json,,10.0,
complete,fathomnet__resnet18__marine_adapter__bshot10__s44,fathomnet,resnet18,marine_adapter,shot10,44,10,9,128,0.1,79,790,16688,0.04733940556088207,3622,3389,11349775,173263,0.14191054665930425,0.11675562109211363,0.14277174217541228,0.14488049572145176,0.11863675528390578,0.13740873150801364,99.4485228061676,0.6003384590148926,shots,MARINE_EXPERIMENTS_V2/FULL_SUITE/shots/shot_10/fathomnet__resnet18__marine_adapter__bshot10__s44/result.json,,10.0,
complete,fathomnet__resnet18__last_block_ft__bshot10__s42,fathomnet,resnet18,last_block_ft,shot10,42,10,9,128,0.1,79,790,16688,0.04733940556088207,3622,3389,11217039,8434255,0.20016565433462175,0.16751822547120107,0.19349301705376068,0.19297727943346119,0.16891173399787093,0.19307013212931842,115.9629967212677,0.6920590400695801,shots,MARINE_EXPERIMENTS_V2/FULL_SUITE/shots/shot_10/fathomnet__resnet18__last_block_ft__bshot10__s42/result.json,,10.0,
complete,fathomnet__resnet18__full_finetune__b010__s44,fathomnet,resnet18,full_finetune,010,44,10,10,128,0.1,79,1714,16784,0.10212106768350811,3348,3567,11217039,11217039,0.3216845878136201,0.2855202082905572,0.3255702307504143,0.29184188393608074,0.2709720060423795,0.31226351277930053,126.30749034881592,1.6962342262268066,sensitivity,MARINE_EXPERIMENTS_V2/FULL_SUITE/sensitivity/split_789/fathomnet__resnet18__full_finetune__b010__s44/result.json,,,789.0
complete,fathomnet__resnet18__full_finetune__b100__s44,fathomnet,resnet18,full_finetune,100,44,10,10,128,0.1,79,16784,16784,1.0,3348,3567,11217039,11217039,0.7216248506571087,0.7058986384263478,0.7152875457602758,0.6770395290159799,0.6679842906350318,0.6832776330176802,432.82206869125366,1.6951355934143066,sensitivity,MARINE_EXPERIMENTS_V2/FULL_SUITE/sensitivity/split_789/fathomnet__resnet18__full_finetune__b100__s44/result.json,,,789.0
complete,fathomnet__resnet18__linear_probe__b010__s42,fathomnet,resnet18,linear_probe,010,42,10,10,128,0.1,79,1714,16784,0.10212106768350811,3348,3567,11217039,40527,0.18189964157706093,0.16662364341700894,0.19251285315151867,0.17269414073451078,0.1481551463621216,0.17677896501833915,130.397522687912,0.597994327545166,sensitivity,MARINE_EXPERIMENTS_V2/FULL_SUITE/sensitivity/split_789/fathomnet__resnet18__linear_probe__b010__s42/result.json,,,789.0
complete,fathomnet__resnet18__marine_adapter__b100__s42,fathomnet,resnet18,marine_adapter,100,42,10,9,128,0.1,79,16784,16784,1.0,3348,3567,11349775,173263,0.5710872162485066,0.556028038292208,0.5693839790987014,0.527053546397533,0.5150413983458713,0.5388501511020505,439.604190826416,0.5999722480773926,sensitivity,MARINE_EXPERIMENTS_V2/FULL_SUITE/sensitivity/split_789/fathomnet__resnet18__marine_adapter__b100__s42/result.json,,,789.0
complete,fathomnet__resnet18__linear_probe__b100__s42,fathomnet,resnet18,linear_probe,100,42,10,10,128,0.1,79,16784,16784,1.0,3348,3567,11217039,40527,0.46863799283154123,0.45833213387505917,0.4686841617006808,0.432296047098402,0.41938385711598275,0.4498084557642413,415.31791520118713,0.597994327545166,sensitivity,MARINE_EXPERIMENTS_V2/FULL_SUITE/sensitivity/split_789/fathomnet__resnet18__linear_probe__b100__s42/result.json,,,789.0
complete,fathomnet__resnet18__linear_probe__b100__s44,fathomnet,resnet18,linear_probe,100,44,10,8,128,0.1,79,16784,16784,1.0,3348,3567,11217039,40527,0.46654719235364395,0.4577930094751609,0.4687980900257203,0.42753013737033924,0.4157724729119857,0.4442528749494168,446.7091500759125,0.598360538482666,sensitivity,MARINE_EXPERIMENTS_V2/FULL_SUITE/sensitivity/split_789/fathomnet__resnet18__linear_probe__b100__s44/result.json,,,789.0
complete,fathomnet__resnet18__marine_adapter__b100__s43,fathomnet,resnet18,marine_adapter,100,43,10,10,128,0.1,79,16784,16784,1.0,3348,3567,11349775,173263,0.5686977299880526,0.5525535118204542,0.5691048205939063,0.5264928511354079,0.5158211894622298,0.5377213704373314,448.9240028858185,0.5999722480773926,sensitivity,MARINE_EXPERIMENTS_V2/FULL_SUITE/sensitivity/split_789/fathomnet__resnet18__marine_adapter__b100__s43/result.json,,,789.0
complete,fathomnet__resnet18__full_finetune__b100__s43,fathomnet,resnet18,full_finetune,100,43,10,9,128,0.1,79,16784,16784,1.0,3348,3567,11217039,11217039,0.7219235364396654,0.7060804805161336,0.7159126133306205,0.6862910008410429,0.6785239984293632,0.6950536379142523,451.424437046051,1.6951355934143066,sensitivity,MARINE_EXPERIMENTS_V2/FULL_SUITE/sensitivity/split_789/fathomnet__resnet18__full_finetune__b100__s43/result.json,,,789.0
complete,fathomnet__resnet18__marine_adapter__b010__s42,fathomnet,resnet18,marine_adapter,010,42,10,9,128,0.1,79,1714,16784,0.10212106768350811,3348,3567,11349775,173263,0.25477897252090803,0.22414664849159613,0.26336719871179065,0.2464255677039529,0.21367004581938293,0.25920833672832355,127.54842591285706,0.6003384590148926,sensitivity,MARINE_EXPERIMENTS_V2/FULL_SUITE/sensitivity/split_789/fathomnet__resnet18__marine_adapter__b010__s42/result.json,,,789.0
complete,fathomnet__resnet18__marine_adapter__b010__s44,fathomnet,resnet18,marine_adapter,010,44,10,9,128,0.1,79,1714,16784,0.10212106768350811,3348,3567,11349775,173263,0.2801672640382318,0.25111145137433416,0.28761101817175905,0.26885337818895433,0.24324529525086327,0.2848285470900194,128.1319556236267,0.5999722480773926,sensitivity,MARINE_EXPERIMENTS_V2/FULL_SUITE/sensitivity/split_789/fathomnet__resnet18__marine_adapter__b010__s44/result.json,,,789.0
complete,fathomnet__resnet18__linear_probe__b010__s44,fathomnet,resnet18,linear_probe,010,44,10,10,128,0.1,79,1714,16784,0.10212106768350811,3348,3567,11217039,40527,0.17443249701314217,0.1538225028001063,0.1797479588757961,0.17045135968601066,0.15649673874504388,0.18827115207815567,131.41423916816711,0.597994327545166,sensitivity,MARINE_EXPERIMENTS_V2/FULL_SUITE/sensitivity/split_789/fathomnet__resnet18__linear_probe__b010__s44/result.json,,,789.0
complete,fathomnet__resnet18__linear_probe__b100__s43,fathomnet,resnet18,linear_probe,100,43,10,9,128,0.1,79,16784,16784,1.0,3348,3567,11217039,40527,0.4692353643966547,0.4624131353789919,0.47285193449004276,0.4336977852537146,0.421001644645295,0.44872791169377046,450.707200050354,0.598360538482666,sensitivity,MARINE_EXPERIMENTS_V2/FULL_SUITE/sensitivity/split_789/fathomnet__resnet18__linear_probe__b100__s43/result.json,,,789.0
complete,fathomnet__resnet18__marine_adapter__b100__s44,fathomnet,resnet18,marine_adapter,100,44,10,10,128,0.1,79,16784,16784,1.0,3348,3567,11349775,173263,0.5749701314217444,0.5605621347675018,0.576651571383902,0.5231286795626577,0.5095936155852676,0.5329507941378197,407.748982667923,0.5999722480773926,sensitivity,MARINE_EXPERIMENTS_V2/FULL_SUITE/sensitivity/split_789/fathomnet__resnet18__marine_adapter__b100__s44/result.json,,,789.0
complete,fathomnet__resnet18__full_finetune__b010__s43,fathomnet,resnet18,full_finetune,010,43,10,9,128,0.1,79,1714,16784,0.10212106768350811,3348,3567,11217039,11217039,0.31362007168458783,0.2836467932022606,0.31291369724191365,0.27109615923745445,0.25086318673589014,0.2915709946559854,130.19009065628052,1.6962342262268066,sensitivity,MARINE_EXPERIMENTS_V2/FULL_SUITE/sensitivity/split_789/fathomnet__resnet18__full_finetune__b010__s43/result.json,,,789.0
complete,fathomnet__resnet18__linear_probe__b010__s43,fathomnet,resnet18,linear_probe,010,43,10,10,128,0.1,79,1714,16784,0.10212106768350811,3348,3567,11217039,40527,0.18189964157706093,0.16977995556827585,0.1932213973687792,0.16876927389963556,0.15455165241474086,0.1847445703155857,128.75836038589478,0.597994327545166,sensitivity,MARINE_EXPERIMENTS_V2/FULL_SUITE/sensitivity/split_789/fathomnet__resnet18__linear_probe__b010__s43/result.json,,,789.0
complete,fathomnet__resnet18__marine_adapter__b010__s43,fathomnet,resnet18,marine_adapter,010,43,10,10,128,0.1,79,1714,16784,0.10212106768350811,3348,3567,11349775,173263,0.281063321385902,0.2556697475506455,0.2832788231734451,0.2640874684608915,0.23637983993191364,0.28058204807045795,120.07839894294739,0.6003384590148926,sensitivity,MARINE_EXPERIMENTS_V2/FULL_SUITE/sensitivity/split_789/fathomnet__resnet18__marine_adapter__b010__s43/result.json,,,789.0
complete,fathomnet__resnet18__full_finetune__b010__s42,fathomnet,resnet18,full_finetune,010,42,10,9,128,0.1,79,1714,16784,0.10212106768350811,3348,3567,11217039,11217039,0.3010752688172043,0.2659147902772551,0.30208430440912487,0.2750210260723297,0.2498433543261645,0.2944910892536299,130.3888680934906,1.6962342262268066,sensitivity,MARINE_EXPERIMENTS_V2/FULL_SUITE/sensitivity/split_789/fathomnet__resnet18__full_finetune__b010__s42/result.json,,,789.0
complete,fathomnet__resnet18__full_finetune__b100__s42,fathomnet,resnet18,full_finetune,100,42,10,7,128,0.1,79,16784,16784,1.0,3348,3567,11217039,11217039,0.7234169653524493,0.7081335007929583,0.7155791209074309,0.679843005326605,0.6694844442671818,0.6864434407873276,407.63531589508057,1.6962342262268066,sensitivity,MARINE_EXPERIMENTS_V2/FULL_SUITE/sensitivity/split_789/fathomnet__resnet18__full_finetune__b100__s42/result.json,,,789.0
complete,fathomnet__resnet18__full_finetune__b010__s44,fathomnet,resnet18,full_finetune,010,44,10,10,128,0.1,79,1731,16941,0.10217814768903843,3303,3455,11217039,11217039,0.3027550711474417,0.2798230062187627,0.3029760381278828,0.3186685962373372,0.29053767715761036,0.3205517446457789,128.34108591079712,1.6951355934143066,sensitivity,MARINE_EXPERIMENTS_V2/FULL_SUITE/sensitivity/split_123/fathomnet__resnet18__full_finetune__b010__s44/result.json,,,123.0
complete,fathomnet__resnet18__full_finetune__b100__s44,fathomnet,resnet18,full_finetune,100,44,10,10,128,0.1,79,16941,16941,1.0,3303,3455,11217039,11217039,0.7132909476233726,0.701482660621898,0.7057857043859469,0.7140376266280752,0.6970787917352488,0.7119298265081179,452.99633979797363,1.6962342262268066,sensitivity,MARINE_EXPERIMENTS_V2/FULL_SUITE/sensitivity/split_123/fathomnet__resnet18__full_finetune__b100__s44/result.json,,,123.0
complete,fathomnet__resnet18__linear_probe__b010__s42,fathomnet,resnet18,linear_probe,010,42,10,10,128,0.1,79,1731,16941,0.10217814768903843,3303,3455,11217039,40527,0.17590069633666364,0.14628326884030654,0.17885931207951297,0.1597684515195369,0.14437178513221907,0.17549279108441637,126.75332856178284,0.598360538482666,sensitivity,MARINE_EXPERIMENTS_V2/FULL_SUITE/sensitivity/split_123/fathomnet__resnet18__linear_probe__b010__s42/result.json,,,123.0
complete,fathomnet__resnet18__marine_adapter__b100__s42,fathomnet,resnet18,marine_adapter,100,42,10,10,128,0.1,79,16941,16941,1.0,3303,3455,11349775,173263,0.5479866787768695,0.5375727841438026,0.5453588097078895,0.5542691751085383,0.5380417671952615,0.5525268479995151,457.3177137374878,0.6003384590148926,sensitivity,MARINE_EXPERIMENTS_V2/FULL_SUITE/sensitivity/split_123/fathomnet__resnet18__marine_adapter__b100__s42/result.json,,,123.0
complete,fathomnet__resnet18__linear_probe__b100__s42,fathomnet,resnet18,linear_probe,100,42,10,10,128,0.1,79,16941,16941,1.0,3303,3455,11217039,40527,0.45080230093854073,0.43685637970519536,0.4479508385760983,0.45180897250361796,0.4388633865136754,0.4515498929795201,426.0657842159271,0.598360538482666,sensitivity,MARINE_EXPERIMENTS_V2/FULL_SUITE/sensitivity/split_123/fathomnet__resnet18__linear_probe__b100__s42/result.json,,,123.0
complete,fathomnet__resnet18__linear_probe__b100__s44,fathomnet,resnet18,linear_probe,100,44,10,8,128,0.1,79,16941,16941,1.0,3303,3455,11217039,40527,0.44898577051165606,0.4379863392280686,0.448696690675187,0.4350217076700434,0.4242911620947119,0.4352035784569099,451.8172228336334,0.597994327545166,sensitivity,MARINE_EXPERIMENTS_V2/FULL_SUITE/sensitivity/split_123/fathomnet__resnet18__linear_probe__b100__s44/result.json,,,123.0
complete,fathomnet__resnet18__marine_adapter__b100__s43,fathomnet,resnet18,marine_adapter,100,43,10,9,128,0.1,79,16941,16941,1.0,3303,3455,11349775,173263,0.5522252497729337,0.5393871979413056,0.5475184443108003,0.5470332850940666,0.5298288504234528,0.5466607328972523,453.9885883331299,0.6003384590148926,sensitivity,MARINE_EXPERIMENTS_V2/FULL_SUITE/sensitivity/split_123/fathomnet__resnet18__marine_adapter__b100__s43/result.json,,,123.0
complete,fathomnet__resnet18__full_finetune__b100__s43,fathomnet,resnet18,full_finetune,100,43,10,10,128,0.1,79,16941,16941,1.0,3303,3455,11217039,11217039,0.719648804117469,0.7069128262654345,0.7125108818422509,0.7096960926193921,0.6943426008839627,0.707938234878577,455.45959210395813,1.6962342262268066,sensitivity,MARINE_EXPERIMENTS_V2/FULL_SUITE/sensitivity/split_123/fathomnet__resnet18__full_finetune__b100__s43/result.json,,,123.0
complete,fathomnet__resnet18__marine_adapter__b010__s42,fathomnet,resnet18,marine_adapter,010,42,10,10,128,0.1,79,1731,16941,0.10217814768903843,3303,3455,11349775,173263,0.2652134423251589,0.23336626966251747,0.264073505176022,0.26685962373371924,0.2419601904713452,0.2741931493329604,125.7476077079773,0.5999722480773926,sensitivity,MARINE_EXPERIMENTS_V2/FULL_SUITE/sensitivity/split_123/fathomnet__resnet18__marine_adapter__b010__s42/result.json,,,123.0
complete,fathomnet__resnet18__marine_adapter__b010__s44,fathomnet,resnet18,marine_adapter,010,44,10,10,128,0.1,79,1731,16941,0.10217814768903843,3303,3455,11349775,173263,0.25734181047532545,0.23449820167278315,0.26357989538484894,0.26049204052098407,0.2400941321502982,0.2682251839048517,129.3568353652954,0.6003384590148926,sensitivity,MARINE_EXPERIMENTS_V2/FULL_SUITE/sensitivity/split_123/fathomnet__resnet18__marine_adapter__b010__s44/result.json,,,123.0
complete,fathomnet__resnet18__linear_probe__b010__s44,fathomnet,resnet18,linear_probe,010,44,10,10,128,0.1,79,1731,16941,0.10217814768903843,3303,3455,11217039,40527,0.16197396306388132,0.14856961752777187,0.17273685319576018,0.16526772793053546,0.14778353987438875,0.17360035249542077,128.79504895210266,0.598360538482666,sensitivity,MARINE_EXPERIMENTS_V2/FULL_SUITE/sensitivity/split_123/fathomnet__resnet18__linear_probe__b010__s44/result.json,,,123.0
complete,fathomnet__resnet18__linear_probe__b100__s43,fathomnet,resnet18,linear_probe,100,43,10,7,128,0.1,79,16941,16941,1.0,3303,3455,11217039,40527,0.45110505600968814,0.43766398197927975,0.44845278861994553,0.4445730824891462,0.4340413349055563,0.4449075703570186,457.5267655849457,0.597994327545166,sensitivity,MARINE_EXPERIMENTS_V2/FULL_SUITE/sensitivity/split_123/fathomnet__resnet18__linear_probe__b100__s43/result.json,,,123.0
complete,fathomnet__resnet18__marine_adapter__b100__s44,fathomnet,resnet18,marine_adapter,100,44,10,8,128,0.1,79,16941,16941,1.0,3303,3455,11349775,173263,0.5555555555555556,0.5448499849241122,0.5527140708458507,0.5525325615050651,0.5382321228053165,0.550845928010901,420.73377203941345,0.6003384590148926,sensitivity,MARINE_EXPERIMENTS_V2/FULL_SUITE/sensitivity/split_123/fathomnet__resnet18__marine_adapter__b100__s44/result.json,,,123.0
complete,fathomnet__resnet18__full_finetune__b010__s43,fathomnet,resnet18,full_finetune,010,43,10,10,128,0.1,79,1731,16941,0.10217814768903843,3303,3455,11217039,11217039,0.3151680290644868,0.2859464925781945,0.3094144338779069,0.30303907380607814,0.2796035748847835,0.3086334028878358,127.70294451713562,1.6951355934143066,sensitivity,MARINE_EXPERIMENTS_V2/FULL_SUITE/sensitivity/split_123/fathomnet__resnet18__full_finetune__b010__s43/result.json,,,123.0
complete,fathomnet__resnet18__linear_probe__b010__s43,fathomnet,resnet18,linear_probe,010,43,10,9,128,0.1,79,1731,16941,0.10217814768903843,3303,3455,11217039,40527,0.19043293975174083,0.17005847507717042,0.19496300297905467,0.19536903039073805,0.17763257329388576,0.2018760225528587,131.85755443572998,0.598360538482666,sensitivity,MARINE_EXPERIMENTS_V2/FULL_SUITE/sensitivity/split_123/fathomnet__resnet18__linear_probe__b010__s43/result.json,,,123.0
complete,fathomnet__resnet18__marine_adapter__b010__s43,fathomnet,resnet18,marine_adapter,010,43,10,10,128,0.1,79,1731,16941,0.10217814768903843,3303,3455,11349775,173263,0.27762640024220403,0.253490554148926,0.27942040773235494,0.2633863965267728,0.23662009498884487,0.264282951679861,123.6162416934967,0.5999722480773926,sensitivity,MARINE_EXPERIMENTS_V2/FULL_SUITE/sensitivity/split_123/fathomnet__resnet18__marine_adapter__b010__s43/result.json,,,123.0
complete,fathomnet__resnet18__full_finetune__b010__s42,fathomnet,resnet18,full_finetune,010,42,10,9,128,0.1,79,1731,16941,0.10217814768903843,3303,3455,11217039,11217039,0.3188010899182561,0.28993480918954856,0.319717883516701,0.31172214182344427,0.28343727625755216,0.32027826221160993,129.1427297592163,1.6951355934143066,sensitivity,MARINE_EXPERIMENTS_V2/FULL_SUITE/sensitivity/split_123/fathomnet__resnet18__full_finetune__b010__s42/result.json,,,123.0
complete,fathomnet__resnet18__full_finetune__b100__s42,fathomnet,resnet18,full_finetune,100,42,10,7,128,0.1,79,16941,16941,1.0,3303,3455,11217039,11217039,0.7114744171964881,0.7008190702946998,0.7049872000790153,0.7166425470332851,0.7012209945838787,0.7175792955981268,434.6738636493683,1.6951355934143066,sensitivity,MARINE_EXPERIMENTS_V2/FULL_SUITE/sensitivity/split_123/fathomnet__resnet18__full_finetune__b100__s42/result.json,,,123.0
complete,fathomnet__resnet18__full_finetune__b010__s44,fathomnet,resnet18,full_finetune,010,44,10,10,128,0.1,79,1693,16644,0.101718336938236,3718,3337,11217039,11217039,0.3066164604626143,0.2763607371063372,0.31438340973447015,0.30176805513934674,0.27591498367052136,0.3109328616538201,139.76990175247192,1.6962342262268066,sensitivity,MARINE_EXPERIMENTS_V2/FULL_SUITE/sensitivity/split_456/fathomnet__resnet18__full_finetune__b010__s44/result.json,,,456.0
complete,fathomnet__resnet18__full_finetune__b100__s44,fathomnet,resnet18,full_finetune,100,44,10,10,128,0.1,79,16644,16644,1.0,3718,3337,11217039,11217039,0.707638515330823,0.6941276240840639,0.7081868510302809,0.7108181000899011,0.7029483608902596,0.7075530391024554,420.54715847969055,1.6962342262268066,sensitivity,MARINE_EXPERIMENTS_V2/FULL_SUITE/sensitivity/split_456/fathomnet__resnet18__full_finetune__b100__s44/result.json,,,456.0
complete,fathomnet__resnet18__linear_probe__b010__s42,fathomnet,resnet18,linear_probe,010,42,10,10,128,0.1,79,1693,16644,0.101718336938236,3718,3337,11217039,40527,0.17482517482517482,0.15328597266929356,0.18219843618556622,0.1507341923883728,0.13761941370835468,0.1712995927070272,140.84354782104492,0.598360538482666,sensitivity,MARINE_EXPERIMENTS_V2/FULL_SUITE/sensitivity/split_456/fathomnet__resnet18__linear_probe__b010__s42/result.json,,,456.0
complete,fathomnet__resnet18__marine_adapter__b100__s42,fathomnet,resnet18,marine_adapter,100,42,10,9,128,0.1,79,16644,16644,1.0,3718,3337,11349775,173263,0.5236686390532544,0.5126111635636365,0.5317748163125329,0.5418040155828588,0.532978450680034,0.5455141441635384,406.89719915390015,0.6003384590148926,sensitivity,MARINE_EXPERIMENTS_V2/FULL_SUITE/sensitivity/split_456/fathomnet__resnet18__marine_adapter__b100__s42/result.json,,,456.0
complete,fathomnet__resnet18__linear_probe__b100__s42,fathomnet,resnet18,linear_probe,100,42,10,7,128,0.1,79,16644,16644,1.0,3718,3337,11217039,40527,0.43544916621839697,0.4264527506639782,0.4499681180737612,0.42673059634402155,0.4157587971001401,0.43443928491672085,452.2406015396118,0.597994327545166,sensitivity,MARINE_EXPERIMENTS_V2/FULL_SUITE/sensitivity/split_456/fathomnet__resnet18__linear_probe__b100__s42/result.json,,,456.0
complete,fathomnet__resnet18__linear_probe__b100__s44,fathomnet,resnet18,linear_probe,100,44,10,9,128,0.1,79,16644,16644,1.0,3718,3337,11217039,40527,0.4381387842926304,0.4307915354015764,0.4515449690749555,0.4447108181000899,0.43499234138523163,0.4494164101696178,423.1367437839508,0.597994327545166,sensitivity,MARINE_EXPERIMENTS_V2/FULL_SUITE/sensitivity/split_456/fathomnet__resnet18__linear_probe__b100__s44/result.json,,,456.0
complete,fathomnet__resnet18__marine_adapter__b100__s43,fathomnet,resnet18,marine_adapter,100,43,10,8,128,0.1,79,16644,16644,1.0,3718,3337,11349775,173263,0.5285099515868746,0.5172414260033433,0.5375261485345667,0.5397063230446509,0.5283182128721869,0.5406319240500749,453.32840061187744,0.5999722480773926,sensitivity,MARINE_EXPERIMENTS_V2/FULL_SUITE/sensitivity/split_456/fathomnet__resnet18__marine_adapter__b100__s43/result.json,,,456.0
complete,fathomnet__resnet18__full_finetune__b100__s43,fathomnet,resnet18,full_finetune,100,43,10,8,128,0.1,79,16644,16644,1.0,3718,3337,11217039,11217039,0.7060247444862829,0.692317980892318,0.7059176092760512,0.6925382079712317,0.681249784607173,0.6890670407505131,448.65219473838806,1.6962342262268066,sensitivity,MARINE_EXPERIMENTS_V2/FULL_SUITE/sensitivity/split_456/fathomnet__resnet18__full_finetune__b100__s43/result.json,,,456.0
complete,fathomnet__resnet18__marine_adapter__b010__s42,fathomnet,resnet18,marine_adapter,010,42,10,9,128,0.1,79,1693,16644,0.101718336938236,3718,3337,11349775,173263,0.24959655728886498,0.22415613486595812,0.2601006480974832,0.2508240934971531,0.22137361202347616,0.2599186928517293,143.1704318523407,0.6003384590148926,sensitivity,MARINE_EXPERIMENTS_V2/FULL_SUITE/sensitivity/split_456/fathomnet__resnet18__marine_adapter__b010__s42/result.json,,,456.0
complete,fathomnet__resnet18__marine_adapter__b010__s44,fathomnet,resnet18,marine_adapter,010,44,10,10,128,0.1,79,1693,16644,0.101718336938236,3718,3337,11349775,173263,0.2509413663259817,0.2294385465455279,0.266210904709772,0.25112376385975427,0.22364041376780255,0.26421900883517957,137.25152277946472,0.6003384590148926,sensitivity,MARINE_EXPERIMENTS_V2/FULL_SUITE/sensitivity/split_456/fathomnet__resnet18__marine_adapter__b010__s44/result.json,,,456.0
complete,fathomnet__resnet18__linear_probe__b010__s44,fathomnet,resnet18,linear_probe,010,44,10,10,128,0.1,79,1693,16644,0.101718336938236,3718,3337,11217039,40527,0.17132867132867133,0.15888762163314135,0.17951540048449857,0.16901408450704225,0.14729986675257664,0.17804244901801253,141.42696380615234,0.597994327545166,sensitivity,MARINE_EXPERIMENTS_V2/FULL_SUITE/sensitivity/split_456/fathomnet__resnet18__linear_probe__b010__s44/result.json,,,456.0
complete,fathomnet__resnet18__linear_probe__b100__s43,fathomnet,resnet18,linear_probe,100,43,10,10,128,0.1,79,16644,16644,1.0,3718,3337,11217039,40527,0.43168370091447017,0.4219723254316279,0.4451505213955919,0.44351213664968536,0.4333234562843431,0.44867747016315346,457.9687979221344,0.597994327545166,sensitivity,MARINE_EXPERIMENTS_V2/FULL_SUITE/sensitivity/split_456/fathomnet__resnet18__linear_probe__b100__s43/result.json,,,456.0
complete,fathomnet__resnet18__marine_adapter__b100__s44,fathomnet,resnet18,marine_adapter,100,44,10,9,128,0.1,79,16644,16644,1.0,3718,3337,11349775,173263,0.5215169445938677,0.509870490706523,0.5295419978994055,0.5448007192088702,0.5332310123975569,0.5466229439195761,447.88371992111206,0.5999722480773926,sensitivity,MARINE_EXPERIMENTS_V2/FULL_SUITE/sensitivity/split_456/fathomnet__resnet18__marine_adapter__b100__s44/result.json,,,456.0
complete,fathomnet__resnet18__full_finetune__b010__s43,fathomnet,resnet18,full_finetune,010,43,10,10,128,0.1,79,1693,16644,0.101718336938236,3718,3337,11217039,11217039,0.2807961269499731,0.24574872735024664,0.2901304176098001,0.28708420737189094,0.25490542217142226,0.29607160689516077,123.39706516265869,1.6951355934143066,sensitivity,MARINE_EXPERIMENTS_V2/FULL_SUITE/sensitivity/split_456/fathomnet__resnet18__full_finetune__b010__s43/result.json,,,456.0
complete,fathomnet__resnet18__linear_probe__b010__s43,fathomnet,resnet18,linear_probe,010,43,10,10,128,0.1,79,1693,16644,0.101718336938236,3718,3337,11217039,40527,0.17321140398063475,0.15132939228625594,0.1868811103720871,0.17440815103386276,0.15293628563012063,0.18471852251711962,123.73310494422913,0.598360538482666,sensitivity,MARINE_EXPERIMENTS_V2/FULL_SUITE/sensitivity/split_456/fathomnet__resnet18__linear_probe__b010__s43/result.json,,,456.0
complete,fathomnet__resnet18__marine_adapter__b010__s43,fathomnet,resnet18,marine_adapter,010,43,10,10,128,0.1,79,1693,16644,0.101718336938236,3718,3337,11349775,173263,0.2549757934373319,0.23610139230319768,0.2665856773956393,0.270002996703626,0.24207332239731588,0.28061242548077736,140.85371041297913,0.6003384590148926,sensitivity,MARINE_EXPERIMENTS_V2/FULL_SUITE/sensitivity/split_456/fathomnet__resnet18__marine_adapter__b010__s43/result.json,,,456.0
complete,fathomnet__resnet18__full_finetune__b010__s42,fathomnet,resnet18,full_finetune,010,42,10,9,128,0.1,79,1693,16644,0.101718336938236,3718,3337,11217039,11217039,0.28509951586874666,0.2565358796347511,0.2957460580136308,0.28708420737189094,0.26018105542282177,0.2949203856965158,143.05102109909058,1.6951355934143066,sensitivity,MARINE_EXPERIMENTS_V2/FULL_SUITE/sensitivity/split_456/fathomnet__resnet18__full_finetune__b010__s42/result.json,,,456.0
complete,fathomnet__resnet18__full_finetune__b100__s42,fathomnet,resnet18,full_finetune,100,42,10,8,128,0.1,79,16644,16644,1.0,3718,3337,11217039,11217039,0.7057557826788596,0.6919528142221514,0.7085468395765467,0.7003296373988612,0.6890131700328646,0.6956242194867255,451.52217626571655,1.6962342262268066,sensitivity,MARINE_EXPERIMENTS_V2/FULL_SUITE/sensitivity/split_456/fathomnet__resnet18__full_finetune__b100__s42/result.json,,,456.0
