{
  "method": "marine_adapter",
  "budget": 0.1,
  "budget_percent": 10,
  "seed": 44,
  "epochs": 10,
  "best_epoch": 10,
  "num_classes": 17,
  "n_train": 76,
  "n_val": 155,
  "n_test": 164,
  "img_size": 224,
  "batch_size": 16,
  "adapter_dim": 128,
  "dropout": 0.1,
  "pretrained": true,
  "params_total": 11317969,
  "params_trainable": 141457,
  "test_loss": 2.34588203779081,
  "test_acc": 0.29878048780487804,
  "test_macro_f1": 0.18764914264457866,
  "test_balanced_acc": 0.2039215686274354,
  "time_sec": 177.55962657928467,
  "time_human": "2m 57s"
}