{
  "method": "linear_probe",
  "budget": 1.0,
  "budget_percent": 100,
  "seed": 42,
  "epochs": 10,
  "best_epoch": 8,
  "num_classes": 17,
  "n_train": 734,
  "n_val": 155,
  "n_test": 164,
  "img_size": 224,
  "batch_size": 16,
  "adapter_dim": "",
  "dropout": "",
  "pretrained": true,
  "params_total": 11185233,
  "params_trainable": 8721,
  "test_loss": 1.8922387099847562,
  "test_acc": 0.4817073170731707,
  "test_macro_f1": 0.27442702649999556,
  "test_balanced_acc": 0.31176470588233196,
  "time_sec": 674.9856245517731,
  "time_human": "11m 14s"
}