annotation_id,image_id,category_id,label,roi_path,source_path,roi_sha256,source_sha256,group_id,fold,split,fold_sensitivity
24,10,72,Serpulidae,/home/tahiti/MARINE_DATASETS/FathomNet_FGVC2025/data/rois/10_24.png,/home/tahiti/MARINE_DATASETS/FathomNet_FGVC2025/data/images/10.png,0c3ce5cc1f2d2eabc9559178e1df608336b85068542c44cc2cbe8825206ae79a,3065d926b118ba49b5c640ad8aa19b3d10bd7f4d53c4514c87fcd7bf102a5a7a,10,0,train,0
28,11,19,Crinoidea,/home/tahiti/MARINE_DATASETS/FathomNet_FGVC2025/data/rois/11_28.png,/home/tahiti/MARINE_DATASETS/FathomNet_FGVC2025/data/images/11.png,5ea7e4c6a89340b10e717aed8e09a6d9d586779c43426a7da14f5deb54c781d9,6341dd47ecf6f87a18f81c2031f6a17d42a5cd119947e8a6ea217c6de903fef3,11,4,train,4
44,15,55,Paragorgia arborea,/home/tahiti/MARINE_DATASETS/FathomNet_FGVC2025/data/rois/15_44.png,/home/tahiti/MARINE_DATASETS/FathomNet_FGVC2025/data/images/15.png,2b98bbb10f1010106f6cba89a76f98769449d3e8230cfdac93cb72bbcfcfffe4,c837ec480911d974cb9f8374289c7656005c2a78be1935e7b1ec001ac7745319,15,5,train,5
49,16,71,Sebastolobus,/home/tahiti/MARINE_DATASETS/FathomNet_FGVC2025/data/rois/16_49.png,/home/tahiti/MARINE_DATASETS/FathomNet_FGVC2025/data/images/16.png,8e1969751eccc5ae6dd921e632e34ba7c231a63791c01ec1be84c9d5b948a12a,97e9ade9651265dd33199a25fc14eff86e8cccca99e5bce80ca7b4f8653fca7b,16,5,train,5
67,26,65,Rathbunaster californicus,/home/tahiti/MARINE_DATASETS/FathomNet_FGVC2025/data/rois/26_67.png,/home/tahiti/MARINE_DATASETS/FathomNet_FGVC2025/data/images/26.png,b94bd7bb6225b08aaa2c051a2784d945c1470d0c63b2611237ecba8574f89b3c,6c45ab90ffdff553ccbab99da5466aaafa970ba631d6da85eb68812bb1f220ba,26,4,train,4
70,27,58,Peniagone,/home/tahiti/MARINE_DATASETS/FathomNet_FGVC2025/data/rois/27_70.png,/home/tahiti/MARINE_DATASETS/FathomNet_FGVC2025/data/images/27.png,22ed135683499d109f4f7939e7c698a02875405e32bb269bf1493f6812d1495e,e08e33ecf2fafd04eef6c165945965560ca75596da3aa2dd54c419dfc864e80c,27,5,train,5
71,27,58,Peniagone,/home/tahiti/MARINE_DATASETS/FathomNet_FGVC2025/data/rois/27_71.png,/home/tahiti/MARINE_DATASETS/FathomNet_FGVC2025/data/images/27.png,34674001c239f094bb67419b867865ddbebce05e0ab2ef855fcac2db2ce9a23b,e08e33ecf2fafd04eef6c165945965560ca75596da3aa2dd54c419dfc864e80c,27,5,train,5
76,32,11,Asteroidea,/home/tahiti/MARINE_DATASETS/FathomNet_FGVC2025/data/rois/32_76.png,/home/tahiti/MARINE_DATASETS/FathomNet_FGVC2025/data/images/32.png,e91e80c3f6d5c385dc7694ac7d185cab2250defa26a904f1748772d4b3b15ca0,a3047ba9a9f43282778ca8c10f0ed9aa7378fa482dfd2e0ec11a31a641398a5b,32,4,train,4
82,35,44,Munidopsis,/home/tahiti/MARINE_DATASETS/FathomNet_FGVC2025/data/rois/35_82.png,/home/tahiti/MARINE_DATASETS/FathomNet_FGVC2025/data/images/35.png,c9d29b9c6bbf0ea79aab92b4a5b7eade5df69bfb519fb2966061d44495ff1956,767e0f0605aaafe4217ca66fabb23f326004293bc65d07d680666094a7a6bdbf,35,2,train,2
90,35,68,Scotoplanes globosa,/home/tahiti/MARINE_DATASETS/FathomNet_FGVC2025/data/rois/35_90.png,/home/tahiti/MARINE_DATASETS/FathomNet_FGVC2025/data/images/35.png,e516cf286891b3444875a6a0548852fdd5290a4c40410f7389885fcf5c0c07c7,767e0f0605aaafe4217ca66fabb23f326004293bc65d07d680666094a7a6bdbf,35,2,train,2
126,40,38,Liponema brevicorne,/home/tahiti/MARINE_DATASETS/FathomNet_FGVC2025/data/rois/40_126.png,/home/tahiti/MARINE_DATASETS/FathomNet_FGVC2025/data/images/40.png,72e86ca8f0756b0c1b130696130be08866df80ce557bb39c964a230165522a3f,68c22229eaa003a9e04eaaa6c859ca153239efca0bfff75223c47eb3b7952cf5,40,1,train,1
147,41,30,Hexactinellida,/home/tahiti/MARINE_DATASETS/FathomNet_FGVC2025/data/rois/41_147.png,/home/tahiti/MARINE_DATASETS/FathomNet_FGVC2025/data/images/41.png,37ba36989f2d52dfd61752835fa04a44fcc09f3620b8a89505c40103f4e49806,7844c7c330f98280a21fddd51ab5a6a33a11daec0049397398f75e45f8664107,41,1,train,1
148,41,4,Actinernus,/home/tahiti/MARINE_DATASETS/FathomNet_FGVC2025/data/rois/41_148.png,/home/tahiti/MARINE_DATASETS/FathomNet_FGVC2025/data/images/41.png,8ba70fc8fe32ad603aafaed72476b17651b852576b9b36e76b1b41a768cc1310,7844c7c330f98280a21fddd51ab5a6a33a11daec0049397398f75e45f8664107,41,1,train,1
152,41,76,Tunicata,/home/tahiti/MARINE_DATASETS/FathomNet_FGVC2025/data/rois/41_152.png,/home/tahiti/MARINE_DATASETS/FathomNet_FGVC2025/data/images/41.png,2a67913e1c935f6f97b4953ef022ea78eb95a781a4625ed5d3bf61fce19b097c,7844c7c330f98280a21fddd51ab5a6a33a11daec0049397398f75e45f8664107,41,1,train,1
156,41,53,Pannychia moseleyi,/home/tahiti/MARINE_DATASETS/FathomNet_FGVC2025/data/rois/41_156.png,/home/tahiti/MARINE_DATASETS/FathomNet_FGVC2025/data/images/41.png,ee96bdd4ee8309bd1e2c211375f0da2437933dce90feb45f262279375b64871d,7844c7c330f98280a21fddd51ab5a6a33a11daec0049397398f75e45f8664107,41,1,train,1
177,43,12,Benthocodon pedunculata,/home/tahiti/MARINE_DATASETS/FathomNet_FGVC2025/data/rois/43_177.png,/home/tahiti/MARINE_DATASETS/FathomNet_FGVC2025/data/images/43.png,47eb1ffd458ce61e64cd2b90e4e7afeff1014930329b57a94ba1ab94fdb55505,3de41178c6b14adfd10d0968b3c9c7deafaf9d63a96963d59a838301476bec93,43,5,train,5
180,44,16,Chionoecetes tanneri,/home/tahiti/MARINE_DATASETS/FathomNet_FGVC2025/data/rois/44_180.png,/home/tahiti/MARINE_DATASETS/FathomNet_FGVC2025/data/images/44.png,c90025118610c4935466393e1cdd3d0f72367519f7c8b5c53f95935a8e8cf327,f33a2272ed008c869f3d4071de9b4cdebf5cb4d76566c897f05285859b3dceea,44,4,train,4
197,46,74,Strongylocentrotus fragilis,/home/tahiti/MARINE_DATASETS/FathomNet_FGVC2025/data/rois/46_197.png,/home/tahiti/MARINE_DATASETS/FathomNet_FGVC2025/data/images/46.png,4b6c09c67f7bb4e04e6af6559e8b7efd94284ee2d29f9f573d8cf31d5b768508,0e3a77f5eb3817a78c45ab0d5e4837646cf9f5e4c09ce187b7fc2a7c92d81d5f,46,5,train,5
223,52,11,Asteroidea,/home/tahiti/MARINE_DATASETS/FathomNet_FGVC2025/data/rois/52_223.png,/home/tahiti/MARINE_DATASETS/FathomNet_FGVC2025/data/images/52.png,78f53a9e5f902fccf7d4151489fc6c9b4bae8c102f597c251847122cdb6cd9be,284eb51026e776a7aa7269158d9d92d44d77df87ee451829681881a8fe98fd03,52,5,train,5
226,54,58,Peniagone,/home/tahiti/MARINE_DATASETS/FathomNet_FGVC2025/data/rois/54_226.png,/home/tahiti/MARINE_DATASETS/FathomNet_FGVC2025/data/images/54.png,0622ee1e90a6d11d9de2361abf9a36fd6948239b8db2033a30f24b1d88666f1b,1b40b69caf7b4129b0433d701b783616421dc95f80472fb10413c193fbabbf6c,54,2,train,2
237,56,22,Farrea,/home/tahiti/MARINE_DATASETS/FathomNet_FGVC2025/data/rois/56_237.png,/home/tahiti/MARINE_DATASETS/FathomNet_FGVC2025/data/images/56.png,5f6015448761aeafffe9f05b73c6495937f84047bc8f4a8b25f68b9e903a3514,65055ef3a7584fe09985080d3c2c22d8f88f9fe49778907904476ece09209ad7,56,5,train,5
245,61,60,Porifera,/home/tahiti/MARINE_DATASETS/FathomNet_FGVC2025/data/rois/61_245.png,/home/tahiti/MARINE_DATASETS/FathomNet_FGVC2025/data/images/61.png,e3549ae4db50118054d5e6c184ac989b9f2ca8eff2d3c0fe29e93271a6e51d46,4df3dd2d6def1c2ca087ab3dbfec7a12f20cf391d93cf352007a0392264ec773,61,5,train,5
246,61,29,Heteropolypus ritteri,/home/tahiti/MARINE_DATASETS/FathomNet_FGVC2025/data/rois/61_246.png,/home/tahiti/MARINE_DATASETS/FathomNet_FGVC2025/data/images/61.png,584ad78e75e5f843de4038829eb587ec6b6f87234c248ed1320bda913177bbb5,4df3dd2d6def1c2ca087ab3dbfec7a12f20cf391d93cf352007a0392264ec773,61,5,train,5
274,69,49,Ophiuroidea,/home/tahiti/MARINE_DATASETS/FathomNet_FGVC2025/data/rois/69_274.png,/home/tahiti/MARINE_DATASETS/FathomNet_FGVC2025/data/images/69.png,f819d7cbe7c033bfbac5756ebb9545164e327a556d706fea2c0f951920ac2a2b,a8b2cd98d2d4684768022b1a46ded939be456746f0d0275331acd5868851285f,69,4,train,4
275,69,49,Ophiuroidea,/home/tahiti/MARINE_DATASETS/FathomNet_FGVC2025/data/rois/69_275.png,/home/tahiti/MARINE_DATASETS/FathomNet_FGVC2025/data/images/69.png,e3df9f3a77ed0e55791791be2f1470a1675372025329891f64fdd7d20c627ae5,a8b2cd98d2d4684768022b1a46ded939be456746f0d0275331acd5868851285f,69,4,train,4
282,69,49,Ophiuroidea,/home/tahiti/MARINE_DATASETS/FathomNet_FGVC2025/data/rois/69_282.png,/home/tahiti/MARINE_DATASETS/FathomNet_FGVC2025/data/images/69.png,777c2446155e724075a1d238163f26d8c5ccac042633fd1d17dd511245444f11,a8b2cd98d2d4684768022b1a46ded939be456746f0d0275331acd5868851285f,69,4,train,4
285,69,49,Ophiuroidea,/home/tahiti/MARINE_DATASETS/FathomNet_FGVC2025/data/rois/69_285.png,/home/tahiti/MARINE_DATASETS/FathomNet_FGVC2025/data/images/69.png,835fb8788b06004fe525a4cb73d7dc78255992f85525aa008e272560ede7a1aa,a8b2cd98d2d4684768022b1a46ded939be456746f0d0275331acd5868851285f,69,4,train,4
291,69,49,Ophiuroidea,/home/tahiti/MARINE_DATASETS/FathomNet_FGVC2025/data/rois/69_291.png,/home/tahiti/MARINE_DATASETS/FathomNet_FGVC2025/data/images/69.png,fb0c75a8c5954269105d526ad38e8bf46ae1a21de8ea61711cf452b1d9c0523d,a8b2cd98d2d4684768022b1a46ded939be456746f0d0275331acd5868851285f,69,4,train,4
302,69,49,Ophiuroidea,/home/tahiti/MARINE_DATASETS/FathomNet_FGVC2025/data/rois/69_302.png,/home/tahiti/MARINE_DATASETS/FathomNet_FGVC2025/data/images/69.png,e03ea8d661ee55116cbce9cbaebcf942cb5d8fd502bb6441abb44eb563d47f0a,a8b2cd98d2d4684768022b1a46ded939be456746f0d0275331acd5868851285f,69,4,train,4
305,69,49,Ophiuroidea,/home/tahiti/MARINE_DATASETS/FathomNet_FGVC2025/data/rois/69_305.png,/home/tahiti/MARINE_DATASETS/FathomNet_FGVC2025/data/images/69.png,69b68228c8a36b9b2b399a6df68bf53c5de020a30354678f620a571c345b966a,a8b2cd98d2d4684768022b1a46ded939be456746f0d0275331acd5868851285f,69,4,train,4
307,69,49,Ophiuroidea,/home/tahiti/MARINE_DATASETS/FathomNet_FGVC2025/data/rois/69_307.png,/home/tahiti/MARINE_DATASETS/FathomNet_FGVC2025/data/images/69.png,8782974a231df313be76819a6658c89a3df0356a2a74e359764071b127b1788c,a8b2cd98d2d4684768022b1a46ded939be456746f0d0275331acd5868851285f,69,4,train,4
319,74,74,Strongylocentrotus fragilis,/home/tahiti/MARINE_DATASETS/FathomNet_FGVC2025/data/rois/74_319.png,/home/tahiti/MARINE_DATASETS/FathomNet_FGVC2025/data/images/74.png,4cc954efee6f3340bac7f36c6fcb345e17cfb15d600ffd6382936e143ec7a6ff,332dcba6e4b7a7e0270eeed9d0b46c7d3b79a883f5422dc95550873eebe36bad,74,4,train,4
352,89,58,Peniagone,/home/tahiti/MARINE_DATASETS/FathomNet_FGVC2025/data/rois/89_352.png,/home/tahiti/MARINE_DATASETS/FathomNet_FGVC2025/data/images/89.png,8a8801c2e0531f49fd510a8543e9233e190ea147c2763d666bdf2572bc236b4a,78fd86999cc59577189f3a537d097b84d71344cfd4384b643ae07c6a6cb7c941,89,2,train,2
373,89,58,Peniagone,/home/tahiti/MARINE_DATASETS/FathomNet_FGVC2025/data/rois/89_373.png,/home/tahiti/MARINE_DATASETS/FathomNet_FGVC2025/data/images/89.png,532b5e6e6ea90114d55d6095c3636dbf9019de821355c1a0c0ef2051c68977c3,78fd86999cc59577189f3a537d097b84d71344cfd4384b643ae07c6a6cb7c941,89,2,train,2
380,90,36,Isosicyonis,/home/tahiti/MARINE_DATASETS/FathomNet_FGVC2025/data/rois/90_380.png,/home/tahiti/MARINE_DATASETS/FathomNet_FGVC2025/data/images/90.png,2f3b49e3d5a245c5fcfcab84006b177e5a2295be7342240973edca4698bdf978,9d249898b551f20f0dac7cbd66c6d80a6b8a16962d29dd9f9b96137f5434bb3b,90,0,train,0
410,97,49,Ophiuroidea,/home/tahiti/MARINE_DATASETS/FathomNet_FGVC2025/data/rois/97_410.png,/home/tahiti/MARINE_DATASETS/FathomNet_FGVC2025/data/images/97.png,f3f5349a22f18429efcc54c9ebfa8792591444c3878d9ddc5805a2fb8f2fcf2c,c1bc154edeba3c76b752b20c7f405614d98a1282c8e326bad6254ea23e9f46da,97,2,train,2
413,98,74,Strongylocentrotus fragilis,/home/tahiti/MARINE_DATASETS/FathomNet_FGVC2025/data/rois/98_413.png,/home/tahiti/MARINE_DATASETS/FathomNet_FGVC2025/data/images/98.png,7d01a9a937b540e7254b25c8287d51e7ae3adfc40cb546cb4a524131207064a4,510b7c3e877e3a83f0755c363cf676d7d0417ec5baaab92d64ea6fbb538cbf2f,98,2,train,2
417,98,74,Strongylocentrotus fragilis,/home/tahiti/MARINE_DATASETS/FathomNet_FGVC2025/data/rois/98_417.png,/home/tahiti/MARINE_DATASETS/FathomNet_FGVC2025/data/images/98.png,6dfe737163d60b6668f1cf0836b31b3213487e4fbce6e46602db7afa255e00a5,510b7c3e877e3a83f0755c363cf676d7d0417ec5baaab92d64ea6fbb538cbf2f,98,2,train,2
419,98,74,Strongylocentrotus fragilis,/home/tahiti/MARINE_DATASETS/FathomNet_FGVC2025/data/rois/98_419.png,/home/tahiti/MARINE_DATASETS/FathomNet_FGVC2025/data/images/98.png,5339027cee895e8446c89892896a44ef68c3b72b516c7daded14c4cfaf547454,510b7c3e877e3a83f0755c363cf676d7d0417ec5baaab92d64ea6fbb538cbf2f,98,2,train,2
431,105,37,Keratoisis,/home/tahiti/MARINE_DATASETS/FathomNet_FGVC2025/data/rois/105_431.png,/home/tahiti/MARINE_DATASETS/FathomNet_FGVC2025/data/images/105.png,deff6c552dd66bf3517ae147a7a8ef4d6926d3087b8eec8da8e40870f34935e7,a813770d60a20f59f5dd126ba953aa19eac9f11615ae9f0f058f3d5a2396c73e,105,4,train,4
436,109,67,Scotoplanes,/home/tahiti/MARINE_DATASETS/FathomNet_FGVC2025/data/rois/109_436.png,/home/tahiti/MARINE_DATASETS/FathomNet_FGVC2025/data/images/109.png,519d3b7ad4bd808db1a5c8a5da1f731b502fd2b7f021f07b1040a8012ee3dbbc,8c96680d2313dd3a0e9d050fe65fc08f500f0acda36d7743aa22df6920d904f1,109,5,train,5
442,114,42,Metridium farcimen,/home/tahiti/MARINE_DATASETS/FathomNet_FGVC2025/data/rois/114_442.png,/home/tahiti/MARINE_DATASETS/FathomNet_FGVC2025/data/images/114.png,eecf6219be3591b1daecb4bbb35b1181dbd6c42a7d1f4a8fd0dbb34089f12530,495b38fe704d5d91e57d60a7cf45b533ac26effc966238e70aed465f192e05b1,114,4,train,4
465,119,24,Funiculina,/home/tahiti/MARINE_DATASETS/FathomNet_FGVC2025/data/rois/119_465.png,/home/tahiti/MARINE_DATASETS/FathomNet_FGVC2025/data/images/119.png,7c941a0636c9c16e41a8c3620754cb667dd5f4094e467fa905a4aeccff11208a,73b113852c892211b7707dee20d15f67db61ad360d73096a158a05add5ad1ee2,119,4,train,4
473,120,13,Brisingida,/home/tahiti/MARINE_DATASETS/FathomNet_FGVC2025/data/rois/120_473.png,/home/tahiti/MARINE_DATASETS/FathomNet_FGVC2025/data/images/120.png,f23b8cd347081e2ae4e28b198e0ef1654076b037e5784f5fa093fcfdbb97378a,d2ad852ff7a1c803c46c2990b94b694a369e3b1181bc99defe712a38f61f367d,120,2,train,2
476,122,5,Actiniaria,/home/tahiti/MARINE_DATASETS/FathomNet_FGVC2025/data/rois/122_476.png,/home/tahiti/MARINE_DATASETS/FathomNet_FGVC2025/data/images/122.png,33a96ce0d5f5599e52012a20b51e39cdb95e75894d7868e49ac318891c2c8f7f,aaec46313e18d985c1ed88b670865b4b390ae571a425f9158ebe1ec4712c1019,122,2,train,2
480,122,16,Chionoecetes tanneri,/home/tahiti/MARINE_DATASETS/FathomNet_FGVC2025/data/rois/122_480.png,/home/tahiti/MARINE_DATASETS/FathomNet_FGVC2025/data/images/122.png,f0b64a6baf4cd4f1328b50eef7f15f1f6bbbbdd6eb83c4fb62a09e51793534d4,aaec46313e18d985c1ed88b670865b4b390ae571a425f9158ebe1ec4712c1019,122,2,train,2
482,122,28,Heterochone calyx,/home/tahiti/MARINE_DATASETS/FathomNet_FGVC2025/data/rois/122_482.png,/home/tahiti/MARINE_DATASETS/FathomNet_FGVC2025/data/images/122.png,bf763f4c5c1a4a7b23989215971ef8239b9f2b16c3d5e19c07724432698b553f,aaec46313e18d985c1ed88b670865b4b390ae571a425f9158ebe1ec4712c1019,122,2,train,2
499,130,11,Asteroidea,/home/tahiti/MARINE_DATASETS/FathomNet_FGVC2025/data/rois/130_499.png,/home/tahiti/MARINE_DATASETS/FathomNet_FGVC2025/data/images/130.png,1a3a4e8b62b23a3a32be3d5d7df314788007b2cb9897f8d792749f3b649e76b4,754671954a47ae2e28a6c001c901fbb6375a4dd05a3657a401edd323816b8dd6,130,2,train,2
503,134,64,Pyrosoma atlanticum,/home/tahiti/MARINE_DATASETS/FathomNet_FGVC2025/data/rois/134_503.png,/home/tahiti/MARINE_DATASETS/FathomNet_FGVC2025/data/images/134.png,f2ca3f33ee78315e018bc31ef0afec2b9bd7484fcaa2a55fdb1a7e1e5824991f,5215df242226ed22b06e4a9f37f47ebddff4fe15fe315e0e85f938b7fd533896,134,1,train,1
512,137,49,Ophiuroidea,/home/tahiti/MARINE_DATASETS/FathomNet_FGVC2025/data/rois/137_512.png,/home/tahiti/MARINE_DATASETS/FathomNet_FGVC2025/data/images/137.png,57f6d34c91d666385afda4e75c3bc772fe45b0c7afbb29b41a3769d6ae716a38,0799ba7e61b3bdeb5a5b9c1d0581e1384b05f4c4e476d7dd4c8cf7ba70c2c50f,137,4,train,4
516,137,49,Ophiuroidea,/home/tahiti/MARINE_DATASETS/FathomNet_FGVC2025/data/rois/137_516.png,/home/tahiti/MARINE_DATASETS/FathomNet_FGVC2025/data/images/137.png,c04fcf7d84b5bd10cf9e87b0ce377d6f999afa628cdd1e4733cbe939ea39a3cd,0799ba7e61b3bdeb5a5b9c1d0581e1384b05f4c4e476d7dd4c8cf7ba70c2c50f,137,4,train,4
520,138,74,Strongylocentrotus fragilis,/home/tahiti/MARINE_DATASETS/FathomNet_FGVC2025/data/rois/138_520.png,/home/tahiti/MARINE_DATASETS/FathomNet_FGVC2025/data/images/138.png,9f6ca155b8be4af5b0313b0d8bb3be738ac4b48c803faf87c42dc870a127e7bc,aee442916afa5501ab132dd95c5c7deddaa792b9ac408b7d93bb3748897ee57d,138,2,train,2
529,140,74,Strongylocentrotus fragilis,/home/tahiti/MARINE_DATASETS/FathomNet_FGVC2025/data/rois/140_529.png,/home/tahiti/MARINE_DATASETS/FathomNet_FGVC2025/data/images/140.png,ebf753edc103a9b09312680ecf637468abaaffa5bfdb32159f827aca3f65c61a,cddbf46ed420b0e9c068ad46bfa34d87cdf1b15350a9bc5e7002b5c560956c91,140,4,train,4
543,143,74,Strongylocentrotus fragilis,/home/tahiti/MARINE_DATASETS/FathomNet_FGVC2025/data/rois/143_543.png,/home/tahiti/MARINE_DATASETS/FathomNet_FGVC2025/data/images/143.png,9c4652f78a298877c71a54a80c54e5a1db680c6f1342132e36bdaac946fab4f1,4939cf44aaf4719c58b870085181f6d1c90ddc5963d9e9cafefec6196b57fa23,143,5,train,5
547,146,21,Elpidia,/home/tahiti/MARINE_DATASETS/FathomNet_FGVC2025/data/rois/146_547.png,/home/tahiti/MARINE_DATASETS/FathomNet_FGVC2025/data/images/146.png,09543c542202e69339f2d51a8c7ffad0b8d5987349e7c42d73f60c3daf71fc8e,4642980603004d30653516849af1ae95fb74119a1049cfffb1d07fb7934a5057,146,2,train,2
553,147,62,Psolus squamatus,/home/tahiti/MARINE_DATASETS/FathomNet_FGVC2025/data/rois/147_553.png,/home/tahiti/MARINE_DATASETS/FathomNet_FGVC2025/data/images/147.png,111d206206f64da3cbfba8d328f673e160649ac5da3921c5ecc66d99efdfae07,f68b3355f3aa0b33185e475136c14c366e13ab42cd25dcc4a1e9a92440488218,147,1,train,1
569,150,3,Acanthoptilum,/home/tahiti/MARINE_DATASETS/FathomNet_FGVC2025/data/rois/150_569.png,/home/tahiti/MARINE_DATASETS/FathomNet_FGVC2025/data/images/150.png,615b048afee9bc51ceaf90d0fece709a3d958f3c22d08b94c18b175ab3982c86,ebe1317f3aaea12bd2a0b3818f6b6eeb41f9fa42f60ca811e51311712ea09b98,150,0,train,0
592,157,65,Rathbunaster californicus,/home/tahiti/MARINE_DATASETS/FathomNet_FGVC2025/data/rois/157_592.png,/home/tahiti/MARINE_DATASETS/FathomNet_FGVC2025/data/images/157.png,d1d44abd6d0827cdb077ec614c7e7f523cf68506770696ccb1c86d83a3204ce4,3d5207e88b9acb1b54086c65e66c7c3f40f6b3479bb28c48284b249fdaf62924,157,4,train,4
596,158,38,Liponema brevicorne,/home/tahiti/MARINE_DATASETS/FathomNet_FGVC2025/data/rois/158_596.png,/home/tahiti/MARINE_DATASETS/FathomNet_FGVC2025/data/images/158.png,3e62733515d7e929f72bed73b3f399938613696aab6084f71773b02e675b9146,c0ddd74bb0be1e3d83e5a91b801fcdc2bd9ef296ccbe741a6a8c49ab18f0b878,158,0,train,0
620,165,29,Heteropolypus ritteri,/home/tahiti/MARINE_DATASETS/FathomNet_FGVC2025/data/rois/165_620.png,/home/tahiti/MARINE_DATASETS/FathomNet_FGVC2025/data/images/165.png,182582b875e0670dc8d930e93330ee6e508de0ab6e452d8ce2e1cdef748a5b99,1da9e9789e5d1d3c2f69306de50baea12b5b051ea56fe69e17acd29254a38351,165,5,train,5
655,169,73,Staurocalyptus,/home/tahiti/MARINE_DATASETS/FathomNet_FGVC2025/data/rois/169_655.png,/home/tahiti/MARINE_DATASETS/FathomNet_FGVC2025/data/images/169.png,4f2128c817be06643fae68493e9f349e67c2504ecdf36d6983ec09395e410593,812282f4573ccf08c2023b572bc750e2419579365aa93e0bc7e00c8b936db204,169,1,train,1
656,169,22,Farrea,/home/tahiti/MARINE_DATASETS/FathomNet_FGVC2025/data/rois/169_656.png,/home/tahiti/MARINE_DATASETS/FathomNet_FGVC2025/data/images/169.png,a7fc3390753c46a383613d322216c20a20678ea7012945d74551b0e2fb80fd50,812282f4573ccf08c2023b572bc750e2419579365aa93e0bc7e00c8b936db204,169,1,train,1
666,170,22,Farrea,/home/tahiti/MARINE_DATASETS/FathomNet_FGVC2025/data/rois/170_666.png,/home/tahiti/MARINE_DATASETS/FathomNet_FGVC2025/data/images/170.png,aaed33401b07f85466938d9143f8709e466c1886d42a949192c85e64be79c14c,dd16611b1dbfcde7e9147a5572741d279027ed66f4c3d10eed1419b9cf35a86c,170,4,train,4
668,170,53,Pannychia moseleyi,/home/tahiti/MARINE_DATASETS/FathomNet_FGVC2025/data/rois/170_668.png,/home/tahiti/MARINE_DATASETS/FathomNet_FGVC2025/data/images/170.png,39d46dce01b5589f0c503434f1d25f800e5aa166ceaed1f396d3652d9a912d56,dd16611b1dbfcde7e9147a5572741d279027ed66f4c3d10eed1419b9cf35a86c,170,4,train,4
676,170,16,Chionoecetes tanneri,/home/tahiti/MARINE_DATASETS/FathomNet_FGVC2025/data/rois/170_676.png,/home/tahiti/MARINE_DATASETS/FathomNet_FGVC2025/data/images/170.png,9c4b7e633bbf1b27ac722103fa4b0bbed9ec5607b9a6b7923fe36c2817d957dd,dd16611b1dbfcde7e9147a5572741d279027ed66f4c3d10eed1419b9cf35a86c,170,4,train,4
700,176,5,Actiniaria,/home/tahiti/MARINE_DATASETS/FathomNet_FGVC2025/data/rois/176_700.png,/home/tahiti/MARINE_DATASETS/FathomNet_FGVC2025/data/images/176.png,5cb3586a10baa0789ff22ae08a669715c8066ded02df9cdbd5ed6d1bf778e62c,d71abefa3a4541f165feeac21788d8f0360362f3fbfb6fc1f521ad342d3f02f9,176,2,train,2
717,185,37,Keratoisis,/home/tahiti/MARINE_DATASETS/FathomNet_FGVC2025/data/rois/185_717.png,/home/tahiti/MARINE_DATASETS/FathomNet_FGVC2025/data/images/185.png,abf85249ce61cf20bc709143fa3b4d6bb6ea66b0f500f2a66b2124239426a1d0,843ca7bb18a6cb2034e1e3e11edbea3506fc6e0ed22ec9bcef726b4b4922c284,185,2,train,2
750,193,53,Pannychia moseleyi,/home/tahiti/MARINE_DATASETS/FathomNet_FGVC2025/data/rois/193_750.png,/home/tahiti/MARINE_DATASETS/FathomNet_FGVC2025/data/images/193.png,448651e66fca2aed16153a0d36a2cc9908d0f90896cf759469daca79baa2f070,737dc29879839453ceca5b34dd50c6f936bc31fa468c00ec3f03c5f3895e4834,193,2,train,2
760,193,74,Strongylocentrotus fragilis,/home/tahiti/MARINE_DATASETS/FathomNet_FGVC2025/data/rois/193_760.png,/home/tahiti/MARINE_DATASETS/FathomNet_FGVC2025/data/images/193.png,f60f4d088c3d3371c0804a7b42aa20ff1fc861e69bf52e0c4da63d17a2b66f09,737dc29879839453ceca5b34dd50c6f936bc31fa468c00ec3f03c5f3895e4834,193,2,train,2
762,194,5,Actiniaria,/home/tahiti/MARINE_DATASETS/FathomNet_FGVC2025/data/rois/194_762.png,/home/tahiti/MARINE_DATASETS/FathomNet_FGVC2025/data/images/194.png,cb5aefb6ce9e0dc819217dd871d7aa23700b5c468a11b56e14e70e6c919210cf,390bc3bf00445d8c54c140740163b45c45563b2a043129493543acd7282807ce,194,0,train,0
777,199,74,Strongylocentrotus fragilis,/home/tahiti/MARINE_DATASETS/FathomNet_FGVC2025/data/rois/199_777.png,/home/tahiti/MARINE_DATASETS/FathomNet_FGVC2025/data/images/199.png,6b40fb10736ca74946a43de23d3e12df76308ddc0edc3429dfb873f99a1f9784,01a831a98b6b049a1e670c32181e7a1dd81a61f6eba53c7797eeb8b792d25480,199,2,train,2
794,211,32,Holothuroidea,/home/tahiti/MARINE_DATASETS/FathomNet_FGVC2025/data/rois/211_794.png,/home/tahiti/MARINE_DATASETS/FathomNet_FGVC2025/data/images/211.png,75cd8a094363f0c842a8cb54b3450169030966508aa5ae903a34190948d6ce6a,9a00e4141c32d3814c68c9b1be151fa995e36080f9f3effe136b3629ed4509f8,211,0,train,0
822,226,74,Strongylocentrotus fragilis,/home/tahiti/MARINE_DATASETS/FathomNet_FGVC2025/data/rois/226_822.png,/home/tahiti/MARINE_DATASETS/FathomNet_FGVC2025/data/images/226.png,9045b5d9c7e4ee3c63a459ff61e0f16fb228d3e4cf94ec5c027e53ceee43eb46,6d0e7e82fa146ef2ba5be25b97b26be7497e29de7c1136c329dd4ae00ef28e64,226,4,train,4
823,226,74,Strongylocentrotus fragilis,/home/tahiti/MARINE_DATASETS/FathomNet_FGVC2025/data/rois/226_823.png,/home/tahiti/MARINE_DATASETS/FathomNet_FGVC2025/data/images/226.png,37fa280bc5f06dd38dde1ede31e07b130200db87b3e765b01f2573ef820eb42c,6d0e7e82fa146ef2ba5be25b97b26be7497e29de7c1136c329dd4ae00ef28e64,226,4,train,4
837,227,44,Munidopsis,/home/tahiti/MARINE_DATASETS/FathomNet_FGVC2025/data/rois/227_837.png,/home/tahiti/MARINE_DATASETS/FathomNet_FGVC2025/data/images/227.png,93895b247c48ae49d69cabd9077f1a015c85dcf3239be42ee627a0b300ed26b7,7b907231c187bd8364576add8085e220234cfc4c588b93b58b7a75fa2245a273,227,1,train,1
846,229,60,Porifera,/home/tahiti/MARINE_DATASETS/FathomNet_FGVC2025/data/rois/229_846.png,/home/tahiti/MARINE_DATASETS/FathomNet_FGVC2025/data/images/229.png,3995132a2063c3b8e433698b0f265ad9e1b6999174db6bf79add792cd07476cb,c561badb7dcc5cc41dc4ebb12c4d99d32f1c56072d7ca80049a9713a3dab7f5a,229,1,train,1
852,232,74,Strongylocentrotus fragilis,/home/tahiti/MARINE_DATASETS/FathomNet_FGVC2025/data/rois/232_852.png,/home/tahiti/MARINE_DATASETS/FathomNet_FGVC2025/data/images/232.png,86af49b8a6e6f711473671c7990b2aff526fa1bc41cf313ff9175c373b832721,e31c1933daa40d1806420f34b36d426e02ca321cf3c022a642c2f3ff7468710d,232,5,train,5
860,236,62,Psolus squamatus,/home/tahiti/MARINE_DATASETS/FathomNet_FGVC2025/data/rois/236_860.png,/home/tahiti/MARINE_DATASETS/FathomNet_FGVC2025/data/images/236.png,31a7fc0f17ab99c9f013b47676213fa0f4b9cce9c1c58a454c50c407d61a6a83,ff3aedf72a478f14db0e17181dc1a29f086236f854d1d2540526d1b2651c6e7e,236,2,train,2
878,244,68,Scotoplanes globosa,/home/tahiti/MARINE_DATASETS/FathomNet_FGVC2025/data/rois/244_878.png,/home/tahiti/MARINE_DATASETS/FathomNet_FGVC2025/data/images/244.png,534b73c6d6e2fd2af1b410f24637c9fb4b7b4ef03c26b6250a7d2282317a6413,20ef26fcb6e260bef46311a568b27261330b119bae0bf3de826cc10917d349ed,244,5,train,5
898,248,65,Rathbunaster californicus,/home/tahiti/MARINE_DATASETS/FathomNet_FGVC2025/data/rois/248_898.png,/home/tahiti/MARINE_DATASETS/FathomNet_FGVC2025/data/images/248.png,41af8f75fe48b618bf9b0ee0436c2cf5101caac5d0043f8ecbbcdb183e2fdff2,58424e064f7e5e0dde47e02867d2a0fb2340b3b0f62f98bbd9cff011f14d93e5,248,0,train,0
909,252,35,Isididae,/home/tahiti/MARINE_DATASETS/FathomNet_FGVC2025/data/rois/252_909.png,/home/tahiti/MARINE_DATASETS/FathomNet_FGVC2025/data/images/252.png,53231479867a00142a2879345dcf75e513b05ce81e434dc6b67e007be01feffc,fdc56fd43d58d8029d124c5c09d72ba9c6e80e9fbca6127ef38de05eabafacd5,252,4,train,4
916,254,10,Asbestopluma monticola,/home/tahiti/MARINE_DATASETS/FathomNet_FGVC2025/data/rois/254_916.png,/home/tahiti/MARINE_DATASETS/FathomNet_FGVC2025/data/images/254.png,d153e4df39f3340f65f5a169d1488aec55a206ee3082ec3b4d001545e8a5f7b7,165ee45ee7f5f9c917a8a479a762dfc4d7a36fd24983b9fa8f0acc5d787a8531,254,5,train,5
941,255,28,Heterochone calyx,/home/tahiti/MARINE_DATASETS/FathomNet_FGVC2025/data/rois/255_941.png,/home/tahiti/MARINE_DATASETS/FathomNet_FGVC2025/data/images/255.png,956716c18cb62991e1ca1118de3e053c10efcdb1438f5c91da91f5884115b1c9,4051997ee5613338d90d02c8ad1e13ae3660d2dc81b650d4c123a356e691d8ed,255,4,train,4
960,264,24,Funiculina,/home/tahiti/MARINE_DATASETS/FathomNet_FGVC2025/data/rois/264_960.png,/home/tahiti/MARINE_DATASETS/FathomNet_FGVC2025/data/images/264.png,a88d94b81cf6ecfd11632e30fc1ee6bed6c6f3cb681e1f1d196c93cd665ed9d3,48a3456e4bd83467da806bb790608eb25d711e52ceb1c5a9c2fbf27514b8b845,264,0,train,0
1020,275,49,Ophiuroidea,/home/tahiti/MARINE_DATASETS/FathomNet_FGVC2025/data/rois/275_1020.png,/home/tahiti/MARINE_DATASETS/FathomNet_FGVC2025/data/images/275.png,abded8122500e588b7f8c54f8b12c10673b5f3ca9f44c703aabafe606b4f065a,53f2740afc6b1b3d1905ded47ec60aab22d25570eb0b05ccd6d0aa6634174e28,275,5,train,5
1026,278,44,Munidopsis,/home/tahiti/MARINE_DATASETS/FathomNet_FGVC2025/data/rois/278_1026.png,/home/tahiti/MARINE_DATASETS/FathomNet_FGVC2025/data/images/278.png,938abd7fbc7458a79bb92cccb1b02e74534fa74b2504cbe7d863e88b2ee3929d,648ecac1c21aeb3bff63f0648e2cf52eb3f87c4ae7b8387ad04f9321f7738e18,278,0,train,0
1083,297,5,Actiniaria,/home/tahiti/MARINE_DATASETS/FathomNet_FGVC2025/data/rois/297_1083.png,/home/tahiti/MARINE_DATASETS/FathomNet_FGVC2025/data/images/297.png,460f47ffc3406f7314edd6d80b39e81744608f5a0d9b9fb681357505e1d73ae4,0f161a9eefa45a47ad4c1b9e6e9023c9ef2441e850adca04daba96af171d4c06,297,5,train,5
1084,297,5,Actiniaria,/home/tahiti/MARINE_DATASETS/FathomNet_FGVC2025/data/rois/297_1084.png,/home/tahiti/MARINE_DATASETS/FathomNet_FGVC2025/data/images/297.png,a3048654f8155eaaa219c2babb32adb47f63e0ab0fdee6e2e7bad61291b63aed,0f161a9eefa45a47ad4c1b9e6e9023c9ef2441e850adca04daba96af171d4c06,297,5,train,5
1092,301,74,Strongylocentrotus fragilis,/home/tahiti/MARINE_DATASETS/FathomNet_FGVC2025/data/rois/301_1092.png,/home/tahiti/MARINE_DATASETS/FathomNet_FGVC2025/data/images/301.png,84feb1d7dec064ad2105f182158db7df6244a2e7c305de788203ec98d81d552d,30621289d33cf4b0e8568c98c9dc91d708ba1b1aaf854105d673ec0b7f874773,301,0,train,0
1095,301,74,Strongylocentrotus fragilis,/home/tahiti/MARINE_DATASETS/FathomNet_FGVC2025/data/rois/301_1095.png,/home/tahiti/MARINE_DATASETS/FathomNet_FGVC2025/data/images/301.png,740c20a66d174681ec533f95ec7fd0f5f0e1ab9fd2a2f28b9a48612553514f45,30621289d33cf4b0e8568c98c9dc91d708ba1b1aaf854105d673ec0b7f874773,301,0,train,0
1100,301,74,Strongylocentrotus fragilis,/home/tahiti/MARINE_DATASETS/FathomNet_FGVC2025/data/rois/301_1100.png,/home/tahiti/MARINE_DATASETS/FathomNet_FGVC2025/data/images/301.png,db22772b3d6b87b97e21cc948ddbcb6822c67d7a3062ebcf332f195cff9d1ccc,30621289d33cf4b0e8568c98c9dc91d708ba1b1aaf854105d673ec0b7f874773,301,0,train,0
1110,306,74,Strongylocentrotus fragilis,/home/tahiti/MARINE_DATASETS/FathomNet_FGVC2025/data/rois/306_1110.png,/home/tahiti/MARINE_DATASETS/FathomNet_FGVC2025/data/images/306.png,a0005cc469d5c401e42c5f45100af0fee3bd90caec051e4301bfe810c43b483f,4dea7c7cf13208c94911b18036fba962b67bf46e35ed9dc2c04d694df571bc2f,306,0,train,0
1116,306,74,Strongylocentrotus fragilis,/home/tahiti/MARINE_DATASETS/FathomNet_FGVC2025/data/rois/306_1116.png,/home/tahiti/MARINE_DATASETS/FathomNet_FGVC2025/data/images/306.png,42e4ac110f4c4cc3e683efeddedf1b02529348cff87b82a95a677683f91c256b,4dea7c7cf13208c94911b18036fba962b67bf46e35ed9dc2c04d694df571bc2f,306,0,train,0
1137,311,58,Peniagone,/home/tahiti/MARINE_DATASETS/FathomNet_FGVC2025/data/rois/311_1137.png,/home/tahiti/MARINE_DATASETS/FathomNet_FGVC2025/data/images/311.png,08b053d52b2eaf1d6c80cee6c15bf964babaf3c4cf6a524250291b872af1bf79,f0881607be6e0b83292420ece3e1346bdff001627f33a531ceae50b3ba558fb4,311,2,train,2
1156,313,73,Staurocalyptus,/home/tahiti/MARINE_DATASETS/FathomNet_FGVC2025/data/rois/313_1156.png,/home/tahiti/MARINE_DATASETS/FathomNet_FGVC2025/data/images/313.png,afaee85bbe4e179a1dc22790b658a2352ef1d228ba834073cef85bf3d5386cad,46bec2574409b8b47f37e9d6f3b124e1a845753f370c90f91db386543cc03914,313,1,train,1
1158,313,73,Staurocalyptus,/home/tahiti/MARINE_DATASETS/FathomNet_FGVC2025/data/rois/313_1158.png,/home/tahiti/MARINE_DATASETS/FathomNet_FGVC2025/data/images/313.png,514cae21d75b87dbdbb0e1ad666f2ab15b9d245d41b298b47fbdf99e58ac99c9,46bec2574409b8b47f37e9d6f3b124e1a845753f370c90f91db386543cc03914,313,1,train,1
1245,339,79,Zoantharia,/home/tahiti/MARINE_DATASETS/FathomNet_FGVC2025/data/rois/339_1245.png,/home/tahiti/MARINE_DATASETS/FathomNet_FGVC2025/data/images/339.png,086a257c26d898fbf719b79060a46e1349125d6ad929010b9151dadb24cbc2bc,a60862e5c141bdafd22821fb1eb63824b5a51709671a0317ee6acf3c0ef0cb32,339,2,train,2
1247,339,79,Zoantharia,/home/tahiti/MARINE_DATASETS/FathomNet_FGVC2025/data/rois/339_1247.png,/home/tahiti/MARINE_DATASETS/FathomNet_FGVC2025/data/images/339.png,52566465db2a1d12c525494557744a1e50f7e77e57e6bd10cfaa698888a46e28,a60862e5c141bdafd22821fb1eb63824b5a51709671a0317ee6acf3c0ef0cb32,339,2,train,2
1249,339,79,Zoantharia,/home/tahiti/MARINE_DATASETS/FathomNet_FGVC2025/data/rois/339_1249.png,/home/tahiti/MARINE_DATASETS/FathomNet_FGVC2025/data/images/339.png,bed9d1aa24cf5c51d9557f6baab84d4800f89dbdf5e21c09ab51a75d038b25c0,a60862e5c141bdafd22821fb1eb63824b5a51709671a0317ee6acf3c0ef0cb32,339,2,train,2
1258,339,79,Zoantharia,/home/tahiti/MARINE_DATASETS/FathomNet_FGVC2025/data/rois/339_1258.png,/home/tahiti/MARINE_DATASETS/FathomNet_FGVC2025/data/images/339.png,aad8bf14dbd200ee79b39a998477965e4937b0f5383a2cdfa9732b50392bc82e,a60862e5c141bdafd22821fb1eb63824b5a51709671a0317ee6acf3c0ef0cb32,339,2,train,2
1274,340,74,Strongylocentrotus fragilis,/home/tahiti/MARINE_DATASETS/FathomNet_FGVC2025/data/rois/340_1274.png,/home/tahiti/MARINE_DATASETS/FathomNet_FGVC2025/data/images/340.png,39b639c78e6123b8015e6f25456790090dcb12e59880dda4788a99f795681b9d,befd1b3af40fa55baefc1a9726a37c87d71672082ee6526dd71123dbad8dc0b6,340,4,train,4
1277,342,53,Pannychia moseleyi,/home/tahiti/MARINE_DATASETS/FathomNet_FGVC2025/data/rois/342_1277.png,/home/tahiti/MARINE_DATASETS/FathomNet_FGVC2025/data/images/342.png,2defd821837fbf8e72fb12afd01f82140a0b9f884465691f37ec0c0feaeb3424,eb2fe5051e882427ea47b6536f957a1d34ed365d0e29682c63043b486e65c2de,342,2,train,2
1292,345,62,Psolus squamatus,/home/tahiti/MARINE_DATASETS/FathomNet_FGVC2025/data/rois/345_1292.png,/home/tahiti/MARINE_DATASETS/FathomNet_FGVC2025/data/images/345.png,9fb2bce3757063a319210e0213a7c64adacf0c1449b27eb04123ded1d88aef50,7e06acb4fd2b604843e260cf324dd74b6485ae03686f8bbf59e7d43ef3b50426,345,4,train,4
1314,349,33,Hormathiidae,/home/tahiti/MARINE_DATASETS/FathomNet_FGVC2025/data/rois/349_1314.png,/home/tahiti/MARINE_DATASETS/FathomNet_FGVC2025/data/images/349.png,b978d0592dac881423e833ebe299998c6802d1f914c22f1ca46ed8e9848f4094,70e2fbb1b3512054c62be8f862a07a3aaefbdf05c9e93f26c45c3cf5d8b433bd,349,0,train,0
1328,353,29,Heteropolypus ritteri,/home/tahiti/MARINE_DATASETS/FathomNet_FGVC2025/data/rois/353_1328.png,/home/tahiti/MARINE_DATASETS/FathomNet_FGVC2025/data/images/353.png,13528b352a5707b1908b08cb9889e14bc3f2c73bd72386bc4592deedde70712c,27fdd28ef29c3fc7fda88b7c4dc0aea3cd520306c13d3f87426615faa4279601,353,1,train,1
1346,357,60,Porifera,/home/tahiti/MARINE_DATASETS/FathomNet_FGVC2025/data/rois/357_1346.png,/home/tahiti/MARINE_DATASETS/FathomNet_FGVC2025/data/images/357.png,8990fee763ae08dad0a3fa60ee87846e31999fd30904ffe45265095a1014b571,0ceedef08a6bfd665059b1146b10e52c384466ac133645e20b8246e61d461c1d,357,5,train,5
1352,357,60,Porifera,/home/tahiti/MARINE_DATASETS/FathomNet_FGVC2025/data/rois/357_1352.png,/home/tahiti/MARINE_DATASETS/FathomNet_FGVC2025/data/images/357.png,7372a8a0e0b1b7ba50e441e477d9e706c6c67f704033e53cbf586efe1a0c86c0,0ceedef08a6bfd665059b1146b10e52c384466ac133645e20b8246e61d461c1d,357,5,train,5
1360,357,60,Porifera,/home/tahiti/MARINE_DATASETS/FathomNet_FGVC2025/data/rois/357_1360.png,/home/tahiti/MARINE_DATASETS/FathomNet_FGVC2025/data/images/357.png,52720721937a516df17811a2b92ef30c0afd00ca628be5a3643ba3fb3f042774,0ceedef08a6bfd665059b1146b10e52c384466ac133645e20b8246e61d461c1d,357,5,train,5
1391,366,33,Hormathiidae,/home/tahiti/MARINE_DATASETS/FathomNet_FGVC2025/data/rois/366_1391.png,/home/tahiti/MARINE_DATASETS/FathomNet_FGVC2025/data/images/366.png,1f20320dcca4c2018cba6262b6854c77431ec7ef81dbb105ec10baea3feaac57,e585f482a169245952aad68e896a1c596a930160195bb74886475b13aded25f8,366,5,train,5
1418,373,79,Zoantharia,/home/tahiti/MARINE_DATASETS/FathomNet_FGVC2025/data/rois/373_1418.png,/home/tahiti/MARINE_DATASETS/FathomNet_FGVC2025/data/images/373.png,2547a8c53bc4db7e58d9a34967569e1996633a4219de5f8c68f90b966c0f46bc,4d892a537a4b5a79427fadd552e7ef4cd0b2b4b86c0f78415c9fdc744c2ae6a2,373,0,train,0
1424,373,79,Zoantharia,/home/tahiti/MARINE_DATASETS/FathomNet_FGVC2025/data/rois/373_1424.png,/home/tahiti/MARINE_DATASETS/FathomNet_FGVC2025/data/images/373.png,f9a1b0f2851da876ab7e73f3adbb508f0200776b00afd6e8569039f0f1ccf962,4d892a537a4b5a79427fadd552e7ef4cd0b2b4b86c0f78415c9fdc744c2ae6a2,373,0,train,0
1433,375,5,Actiniaria,/home/tahiti/MARINE_DATASETS/FathomNet_FGVC2025/data/rois/375_1433.png,/home/tahiti/MARINE_DATASETS/FathomNet_FGVC2025/data/images/375.png,6897ed22e812ab9fba6d90a8bb70bb364009e20bc3e982df6ec6d96a2bb61e5f,c5314c7de2ebf0e3662bf93ea3eea66c287d5e55b1d8c917cab8fb901ca588b4,375,4,train,4
1440,376,74,Strongylocentrotus fragilis,/home/tahiti/MARINE_DATASETS/FathomNet_FGVC2025/data/rois/376_1440.png,/home/tahiti/MARINE_DATASETS/FathomNet_FGVC2025/data/images/376.png,16db51acc16a6b607e09cdd597823869c3ef75e8264d35efb93fac9635e696df,11c6e7167da6dc1d50d78629a7f1d2a6f5a6bc0c49a4b08136ebdfad420ca471,376,0,train,0
1442,376,74,Strongylocentrotus fragilis,/home/tahiti/MARINE_DATASETS/FathomNet_FGVC2025/data/rois/376_1442.png,/home/tahiti/MARINE_DATASETS/FathomNet_FGVC2025/data/images/376.png,fd621c43425c8ba374bcc45f6e94cd5d23a746b33d88d5da2ce4ec40515f6589,11c6e7167da6dc1d50d78629a7f1d2a6f5a6bc0c49a4b08136ebdfad420ca471,376,0,train,0
1454,378,28,Heterochone calyx,/home/tahiti/MARINE_DATASETS/FathomNet_FGVC2025/data/rois/378_1454.png,/home/tahiti/MARINE_DATASETS/FathomNet_FGVC2025/data/images/378.png,35ae49c29aabc2fcd6fbaa95c404bd1ce021289de080523afa1850b8ca66d447,f06d449e8eab93411216e268fb8662d616f318a1f23b981819c13102ad282958,378,5,train,5
1455,378,30,Hexactinellida,/home/tahiti/MARINE_DATASETS/FathomNet_FGVC2025/data/rois/378_1455.png,/home/tahiti/MARINE_DATASETS/FathomNet_FGVC2025/data/images/378.png,f8eee777e169594413442f2915e061c544d840e5b4c225aeb8a36ce28e9652df,f06d449e8eab93411216e268fb8662d616f318a1f23b981819c13102ad282958,378,5,train,5
1498,390,35,Isididae,/home/tahiti/MARINE_DATASETS/FathomNet_FGVC2025/data/rois/390_1498.png,/home/tahiti/MARINE_DATASETS/FathomNet_FGVC2025/data/images/390.png,644293c1bb66e7d0cc0cff7cc8038115252e020630e6c038cae2fd086756e335,2d4d0ebf5e275fc81ebabf35638790bba423750c88992a91448f0834a41e4a3b,390,2,train,2
1499,390,35,Isididae,/home/tahiti/MARINE_DATASETS/FathomNet_FGVC2025/data/rois/390_1499.png,/home/tahiti/MARINE_DATASETS/FathomNet_FGVC2025/data/images/390.png,ebe7cc61175d0257ca966549cf08308a5af686f4eb1b20a515970e6d754f55f9,2d4d0ebf5e275fc81ebabf35638790bba423750c88992a91448f0834a41e4a3b,390,2,train,2
1505,393,55,Paragorgia arborea,/home/tahiti/MARINE_DATASETS/FathomNet_FGVC2025/data/rois/393_1505.png,/home/tahiti/MARINE_DATASETS/FathomNet_FGVC2025/data/images/393.png,16f9edf9de47cbd8c6fa01f967d7f27ff35e369ba4de2b40500fd6bb41c4bcca,fddac54754a70fb6ace81f3c1257c9e85f1de045c532b01a86576646bee11b7e,393,5,train,5
1519,393,57,Parastenella,/home/tahiti/MARINE_DATASETS/FathomNet_FGVC2025/data/rois/393_1519.png,/home/tahiti/MARINE_DATASETS/FathomNet_FGVC2025/data/images/393.png,9fab999d3b1a87049e50b0050cb2774dc7886474a98fee481f88ae9b6185fbac,fddac54754a70fb6ace81f3c1257c9e85f1de045c532b01a86576646bee11b7e,393,5,train,5
1525,393,29,Heteropolypus ritteri,/home/tahiti/MARINE_DATASETS/FathomNet_FGVC2025/data/rois/393_1525.png,/home/tahiti/MARINE_DATASETS/FathomNet_FGVC2025/data/images/393.png,7bdb3d86150dd87eccbb0bbc03a31ba6a07fee6e2b2d63988915ad4b962bc1e0,fddac54754a70fb6ace81f3c1257c9e85f1de045c532b01a86576646bee11b7e,393,5,train,5
1554,401,58,Peniagone,/home/tahiti/MARINE_DATASETS/FathomNet_FGVC2025/data/rois/401_1554.png,/home/tahiti/MARINE_DATASETS/FathomNet_FGVC2025/data/images/401.png,ea4c21d5d8d9daa93dbf9b5cd6b6826cff76f7931c42aa13f4554f2be38961d3,71451593875438e5b90f3f740092ea63a61739be31965467ed0ae8c64356818d,401,5,train,5
1557,401,58,Peniagone,/home/tahiti/MARINE_DATASETS/FathomNet_FGVC2025/data/rois/401_1557.png,/home/tahiti/MARINE_DATASETS/FathomNet_FGVC2025/data/images/401.png,46f8b06888d90faf5bd6a597e0fd720d4dcabf2f8d1502390cae15ec45bc635f,71451593875438e5b90f3f740092ea63a61739be31965467ed0ae8c64356818d,401,5,train,5
1660,412,16,Chionoecetes tanneri,/home/tahiti/MARINE_DATASETS/FathomNet_FGVC2025/data/rois/412_1660.png,/home/tahiti/MARINE_DATASETS/FathomNet_FGVC2025/data/images/412.png,bdb0570721bdd524f50149577859b54b99de7ba27c118fd0e4319e4d3e6b59b7,44f8ae5db0e42210217d3f0eb4ccf596559bd4193eb597bda8fe8a659088d48a,412,4,train,4
1691,415,28,Heterochone calyx,/home/tahiti/MARINE_DATASETS/FathomNet_FGVC2025/data/rois/415_1691.png,/home/tahiti/MARINE_DATASETS/FathomNet_FGVC2025/data/images/415.png,a6fa2147ac60f180f67569198fab8d112b6e5f25531fb2e742ef21a9f2d015e5,aafb603b7ab9660dc58295ca35689672513058fd1f3daa50fa77942d3103e7ec,415,2,train,2
1700,416,29,Heteropolypus ritteri,/home/tahiti/MARINE_DATASETS/FathomNet_FGVC2025/data/rois/416_1700.png,/home/tahiti/MARINE_DATASETS/FathomNet_FGVC2025/data/images/416.png,c214098e9165382263bd7a0004a0188baf8b23ce1b1fde7087270bdc409ab75e,f14759aeb03b6e84f04ddb01e4f92033decc807a4fd82c41f03c3a8672e50655,416,5,train,5
1702,416,34,Isidella tentaculum,/home/tahiti/MARINE_DATASETS/FathomNet_FGVC2025/data/rois/416_1702.png,/home/tahiti/MARINE_DATASETS/FathomNet_FGVC2025/data/images/416.png,f7ad86d0ab9d5823396b13c68c4aabd585d4489f314e52e2c3cc302c55ae92dd,f14759aeb03b6e84f04ddb01e4f92033decc807a4fd82c41f03c3a8672e50655,416,5,train,5
1711,416,73,Staurocalyptus,/home/tahiti/MARINE_DATASETS/FathomNet_FGVC2025/data/rois/416_1711.png,/home/tahiti/MARINE_DATASETS/FathomNet_FGVC2025/data/images/416.png,cc171640ced5bd837578257c18bfd2dbeaf58b27218dbca18fd566a7111ea030,f14759aeb03b6e84f04ddb01e4f92033decc807a4fd82c41f03c3a8672e50655,416,5,train,5
1713,416,54,Paragorgia,/home/tahiti/MARINE_DATASETS/FathomNet_FGVC2025/data/rois/416_1713.png,/home/tahiti/MARINE_DATASETS/FathomNet_FGVC2025/data/images/416.png,2e8412b7f3cce4ab24697e697249b9192a6b79a80d8b65e8b24226ba015fdb1d,f14759aeb03b6e84f04ddb01e4f92033decc807a4fd82c41f03c3a8672e50655,416,5,train,5
1726,419,23,Florometra serratissima,/home/tahiti/MARINE_DATASETS/FathomNet_FGVC2025/data/rois/419_1726.png,/home/tahiti/MARINE_DATASETS/FathomNet_FGVC2025/data/images/419.png,2fcc57cd1e6585aacf1a2e532c2567c163974b54494568b950982f7a42c6ad02,29a1d798363a4c7e57d02e459b23c49c1c7acab3bdea3edd2af250ad26f1df2c,419,1,train,1
1744,420,49,Ophiuroidea,/home/tahiti/MARINE_DATASETS/FathomNet_FGVC2025/data/rois/420_1744.png,/home/tahiti/MARINE_DATASETS/FathomNet_FGVC2025/data/images/420.png,152543fb9d226b7bd667c5595c249e1bc8a2086db0bad5ac54dfd0763f13c911,2dd82fea183dff60826856562358fd60d433e576cd3318bea41af92ad6dced5a,420,0,train,0
1758,422,19,Crinoidea,/home/tahiti/MARINE_DATASETS/FathomNet_FGVC2025/data/rois/422_1758.png,/home/tahiti/MARINE_DATASETS/FathomNet_FGVC2025/data/images/422.png,28fed4bcc9450be7c0e97bf7d1fbdcd4936beaf0ecb5de454112fa2936d18b95,50f1b4194f22cc15e6f041c928941a9cb956f720ae77bcb60ce0af1d6ec72574,422,4,train,4
1764,423,71,Sebastolobus,/home/tahiti/MARINE_DATASETS/FathomNet_FGVC2025/data/rois/423_1764.png,/home/tahiti/MARINE_DATASETS/FathomNet_FGVC2025/data/images/423.png,d7b4aca96fc8162c5c1beade82e224a57dbc6f473fd43e232578f50b00d5f49f,87e50f325f90f107a9e40bcdb804b11bf7e9c24212e36dae97a8267a74e7badb,423,5,train,5
1765,424,14,Caridea,/home/tahiti/MARINE_DATASETS/FathomNet_FGVC2025/data/rois/424_1765.png,/home/tahiti/MARINE_DATASETS/FathomNet_FGVC2025/data/images/424.png,55c6b3d96902707d5042562821042b92be3970234e32d14ec3e365b4aa8d1350,b712772c8cb8837b3741b204df4145b489b0ba07aeacd9f67012eb4ccb3d0d92,424,5,train,5
1780,425,47,Octopus rubescens,/home/tahiti/MARINE_DATASETS/FathomNet_FGVC2025/data/rois/425_1780.png,/home/tahiti/MARINE_DATASETS/FathomNet_FGVC2025/data/images/425.png,1cb620c1107b11dbc3ebbce706fd35314375e2ed7e4e1450c3aedf77eca9b90e,9c0514c3b67e47a83bbabaa2c2bb8dad86effbd84f3e1e2e263931260a0e6790,425,2,train,2
1785,425,52,Pandalus platyceros,/home/tahiti/MARINE_DATASETS/FathomNet_FGVC2025/data/rois/425_1785.png,/home/tahiti/MARINE_DATASETS/FathomNet_FGVC2025/data/images/425.png,02d23c24acf1cf6bd13cc689c46da96fe87ec817692322436456f9b3a732020f,9c0514c3b67e47a83bbabaa2c2bb8dad86effbd84f3e1e2e263931260a0e6790,425,2,train,2
1787,425,65,Rathbunaster californicus,/home/tahiti/MARINE_DATASETS/FathomNet_FGVC2025/data/rois/425_1787.png,/home/tahiti/MARINE_DATASETS/FathomNet_FGVC2025/data/images/425.png,15ac68206ac45a5cfdf85759c042e74e94191fbad4a3fdf4febcf86fc12d6d8a,9c0514c3b67e47a83bbabaa2c2bb8dad86effbd84f3e1e2e263931260a0e6790,425,2,train,2
1788,425,52,Pandalus platyceros,/home/tahiti/MARINE_DATASETS/FathomNet_FGVC2025/data/rois/425_1788.png,/home/tahiti/MARINE_DATASETS/FathomNet_FGVC2025/data/images/425.png,1222a05954ff9a385c917252a5d3686537ec89c640af65402e84b70881dffd81,9c0514c3b67e47a83bbabaa2c2bb8dad86effbd84f3e1e2e263931260a0e6790,425,2,train,2
1797,426,28,Heterochone calyx,/home/tahiti/MARINE_DATASETS/FathomNet_FGVC2025/data/rois/426_1797.png,/home/tahiti/MARINE_DATASETS/FathomNet_FGVC2025/data/images/426.png,a42387e7cfaf596c7f3162955efdece4604a0ea0f1d076d1e301efe4ab243185,609ddbfa13bbaf9561043dbaaa3b45328539e4e407096baaeef88aaae795a8c4,426,0,train,0
1807,428,34,Isidella tentaculum,/home/tahiti/MARINE_DATASETS/FathomNet_FGVC2025/data/rois/428_1807.png,/home/tahiti/MARINE_DATASETS/FathomNet_FGVC2025/data/images/428.png,e29a7d51e0d92fd8d10bcd7c44583d46d682776dd84adbf026a8863a698f536f,0a8747e3473cf92a37d95b451b0801a7a7e981bcf1a0ba734aa34d4cb87a6f8e,428,1,train,1
1811,430,44,Munidopsis,/home/tahiti/MARINE_DATASETS/FathomNet_FGVC2025/data/rois/430_1811.png,/home/tahiti/MARINE_DATASETS/FathomNet_FGVC2025/data/images/430.png,23b5cb2a9ee22af80af2836767fb70ee14aa3619bcb335f5f6fa4e6735f876f7,75a3590d6fe681002a15db9770fbb7177319d9cf045c5e8b14876d99804de577,430,0,train,0
1819,434,62,Psolus squamatus,/home/tahiti/MARINE_DATASETS/FathomNet_FGVC2025/data/rois/434_1819.png,/home/tahiti/MARINE_DATASETS/FathomNet_FGVC2025/data/images/434.png,036d8663c7517f139f12075862650c18492d65e2f2e830acb3dab741f781b3d5,3869cbd470d7099ea63f7bf2357e779d25d1038d44146d7b2b51f88519d68e34,434,0,train,0
1862,443,68,Scotoplanes globosa,/home/tahiti/MARINE_DATASETS/FathomNet_FGVC2025/data/rois/443_1862.png,/home/tahiti/MARINE_DATASETS/FathomNet_FGVC2025/data/images/443.png,f32df3b5b92c7b3481acb2b748aed69c872ee807151a1988ac1136184bb3638e,8eb13f6df551eaa7065cbc9af74d26f8be08a8286075d7c0382f4944e9f2adc5,443,1,train,1
1876,451,69,Sebastes,/home/tahiti/MARINE_DATASETS/FathomNet_FGVC2025/data/rois/451_1876.png,/home/tahiti/MARINE_DATASETS/FathomNet_FGVC2025/data/images/451.png,1be171ab680d7f314471c465a0c9f2b3dbf91a88cbd7b0a044e04fc35a2e8194,f72cb8925a7c04923feae6289857bb5255805c61713bcc3b54d65aaa37ccd06b,451,1,train,1
1941,477,58,Peniagone,/home/tahiti/MARINE_DATASETS/FathomNet_FGVC2025/data/rois/477_1941.png,/home/tahiti/MARINE_DATASETS/FathomNet_FGVC2025/data/images/477.png,432ede61dc2341a96cf0eb70336da201c1fc9858c2855c1d8a3a3465081fa443,50dc200acbecc9832242d0f6c6ca8ef89473a9a1bf830c1fad613f8f3146eb0e,477,1,train,1
1945,478,30,Hexactinellida,/home/tahiti/MARINE_DATASETS/FathomNet_FGVC2025/data/rois/478_1945.png,/home/tahiti/MARINE_DATASETS/FathomNet_FGVC2025/data/images/478.png,c6948a1f5a33f58d9d11c3f9b9a5779864ded76ccfefb462e79a44b11460d7a0,fc6c3f03e9e4a3657f85176324568ef6d02356f9bfb87e0b9a1e8d5dfab01ce6,478,4,train,4
2035,500,74,Strongylocentrotus fragilis,/home/tahiti/MARINE_DATASETS/FathomNet_FGVC2025/data/rois/500_2035.png,/home/tahiti/MARINE_DATASETS/FathomNet_FGVC2025/data/images/500.png,27ff5e6d5d9932a50a4a410abc722d3e3b9730236a8f6aee08ac87a73734583a,e8feaad569951ae1e9f2837704273d658cf4e056b21e13b7e0551552975fc32c,500,4,train,4
2040,500,74,Strongylocentrotus fragilis,/home/tahiti/MARINE_DATASETS/FathomNet_FGVC2025/data/rois/500_2040.png,/home/tahiti/MARINE_DATASETS/FathomNet_FGVC2025/data/images/500.png,86583085d92ea02ed168963e0bf7c4a0378c31d837d7969be9208568f0bb7e66,e8feaad569951ae1e9f2837704273d658cf4e056b21e13b7e0551552975fc32c,500,4,train,4
2077,505,49,Ophiuroidea,/home/tahiti/MARINE_DATASETS/FathomNet_FGVC2025/data/rois/505_2077.png,/home/tahiti/MARINE_DATASETS/FathomNet_FGVC2025/data/images/505.png,8c0f0d6bc17489e94a96ac86595341a309b9c20e09ee9ce00762b9ee3d3593b4,510e5f9d453a0ce181fe76736dfce72d0b283c8134d3fe893e3358ccbfc00622,505,4,train,4
2083,505,49,Ophiuroidea,/home/tahiti/MARINE_DATASETS/FathomNet_FGVC2025/data/rois/505_2083.png,/home/tahiti/MARINE_DATASETS/FathomNet_FGVC2025/data/images/505.png,58ff1d084d2d7dd0a5be34a500f4880a7ca0c44d54b062879b357a79521fec9e,510e5f9d453a0ce181fe76736dfce72d0b283c8134d3fe893e3358ccbfc00622,505,4,train,4
2097,507,60,Porifera,/home/tahiti/MARINE_DATASETS/FathomNet_FGVC2025/data/rois/507_2097.png,/home/tahiti/MARINE_DATASETS/FathomNet_FGVC2025/data/images/507.png,b54c5abe16bce805d4b78f4548490a6271a891e9009a27a3ba23c9a309a9da24,639277841b95da6d7b635127bcfe4edd4fcc710261e43d008d5ed632e82d8d4c,507,2,train,2
2098,507,60,Porifera,/home/tahiti/MARINE_DATASETS/FathomNet_FGVC2025/data/rois/507_2098.png,/home/tahiti/MARINE_DATASETS/FathomNet_FGVC2025/data/images/507.png,634c1c8b239ded2beaaeef12b0e3018acb16863266a89dc8bee0f4c23f3d8a55,639277841b95da6d7b635127bcfe4edd4fcc710261e43d008d5ed632e82d8d4c,507,2,train,2
2107,512,16,Chionoecetes tanneri,/home/tahiti/MARINE_DATASETS/FathomNet_FGVC2025/data/rois/512_2107.png,/home/tahiti/MARINE_DATASETS/FathomNet_FGVC2025/data/images/512.png,2577077a7d14be33561496b00a7aca2106968d84ae87253159bf708632953663,063d9e1e35fbb3a1a45d029a14c4577a8794ef1be7a9795f234c8c2b3892599f,512,1,train,1
2109,512,73,Staurocalyptus,/home/tahiti/MARINE_DATASETS/FathomNet_FGVC2025/data/rois/512_2109.png,/home/tahiti/MARINE_DATASETS/FathomNet_FGVC2025/data/images/512.png,1b4e0d0191efebf820329382c1509b8ad27ef6c99c891bbcc89795008e83f214,063d9e1e35fbb3a1a45d029a14c4577a8794ef1be7a9795f234c8c2b3892599f,512,1,train,1
2110,512,73,Staurocalyptus,/home/tahiti/MARINE_DATASETS/FathomNet_FGVC2025/data/rois/512_2110.png,/home/tahiti/MARINE_DATASETS/FathomNet_FGVC2025/data/images/512.png,79dda96cadb6e433bc463d0080193c6e2cbd240048f1ba40a23ccb9ae0e40a9c,063d9e1e35fbb3a1a45d029a14c4577a8794ef1be7a9795f234c8c2b3892599f,512,1,train,1
2139,526,31,Hippasteria,/home/tahiti/MARINE_DATASETS/FathomNet_FGVC2025/data/rois/526_2139.png,/home/tahiti/MARINE_DATASETS/FathomNet_FGVC2025/data/images/526.png,1a5e2ecaaa22c524ece7239119b5b24fcd2968ecfaa9462f5f2e56061d6c865f,508d5ce0db747ffb958b0202ac740b4285634681ea02fdfb2096e1a84c8e191b,526,1,train,1
2140,527,45,Munnopsidae,/home/tahiti/MARINE_DATASETS/FathomNet_FGVC2025/data/rois/527_2140.png,/home/tahiti/MARINE_DATASETS/FathomNet_FGVC2025/data/images/527.png,2a55ebcfc5208fb64acdfe9b9d063db2cdf404e57dd7bf575c4b3d7373d47b3b,2a3b0cfaf57be6e5fa9f982e511b399390f53441720367375e7442376ee5dc8d,527,4,train,4
2150,531,5,Actiniaria,/home/tahiti/MARINE_DATASETS/FathomNet_FGVC2025/data/rois/531_2150.png,/home/tahiti/MARINE_DATASETS/FathomNet_FGVC2025/data/images/531.png,8d71eae3e4bb4b84ec76411e5d42f63e6d5d959a225f654acd7680b53bc7931d,f6072c375bca1389ba9b735e66f31abdab98baeff42bd5475f1840cd17c323f6,531,0,train,0
2187,542,71,Sebastolobus,/home/tahiti/MARINE_DATASETS/FathomNet_FGVC2025/data/rois/542_2187.png,/home/tahiti/MARINE_DATASETS/FathomNet_FGVC2025/data/images/542.png,8d3e9dce28c9f191c30f012cb60929da4ea1abf7d6bb99d69a665bddacef9be1,818425994f76b783a8e3462ac200c905b9eacc6ac917eb2945c348a05562728f,542,4,train,4
2197,547,44,Munidopsis,/home/tahiti/MARINE_DATASETS/FathomNet_FGVC2025/data/rois/547_2197.png,/home/tahiti/MARINE_DATASETS/FathomNet_FGVC2025/data/images/547.png,4831de244c68a0c4b81e25bc5f9113cbea8f2d2c293aaae2f4ce1e49d3ba36cc,0eae47ddc828e3dd161fd6640165358b8311322acd562498c44d57c88ba6f8db,547,1,train,1
2200,548,18,Corallimorphus pilatus,/home/tahiti/MARINE_DATASETS/FathomNet_FGVC2025/data/rois/548_2200.png,/home/tahiti/MARINE_DATASETS/FathomNet_FGVC2025/data/images/548.png,3160e80ce4259f046d08339bce37efe8af3353db29dee01c7c46b080ec450395,dfdbb6aee6e3bbde36bc47abe29d32eac49d60d36f7f0b30a9906f140badd1c7,548,2,train,2
2202,548,70,Sebastes diploproa,/home/tahiti/MARINE_DATASETS/FathomNet_FGVC2025/data/rois/548_2202.png,/home/tahiti/MARINE_DATASETS/FathomNet_FGVC2025/data/images/548.png,6643da8d60acce2c3e39dc9551fc5d56929a7c2e166821068b808fdb3ebe3021,dfdbb6aee6e3bbde36bc47abe29d32eac49d60d36f7f0b30a9906f140badd1c7,548,2,train,2
2204,550,37,Keratoisis,/home/tahiti/MARINE_DATASETS/FathomNet_FGVC2025/data/rois/550_2204.png,/home/tahiti/MARINE_DATASETS/FathomNet_FGVC2025/data/images/550.png,b6acabe1ce98b2dcd8e20a852a3537ea200efb7069826945d7896a828956f2a5,5186760749e64539b4d4ba6a4939fde16ccef7cb8ff6dca0fd116be848de0b16,550,2,train,2
2205,551,72,Serpulidae,/home/tahiti/MARINE_DATASETS/FathomNet_FGVC2025/data/rois/551_2205.png,/home/tahiti/MARINE_DATASETS/FathomNet_FGVC2025/data/images/551.png,0caa09a3d8f919beaf2b624c179affe6df6eeeae549d4c35fbfc7f6b9bee3a29,e3de347e34fea3a2c2dc49b0d4b5495419d853a6287e8ec3703502752ca667a5,551,5,train,5
2213,551,63,Ptychogastria polaris,/home/tahiti/MARINE_DATASETS/FathomNet_FGVC2025/data/rois/551_2213.png,/home/tahiti/MARINE_DATASETS/FathomNet_FGVC2025/data/images/551.png,10d25f7dcff4df7efc1f1e96a14fcb8a81eba0535fbc64099f7681433ef03a03,e3de347e34fea3a2c2dc49b0d4b5495419d853a6287e8ec3703502752ca667a5,551,5,train,5
2224,551,72,Serpulidae,/home/tahiti/MARINE_DATASETS/FathomNet_FGVC2025/data/rois/551_2224.png,/home/tahiti/MARINE_DATASETS/FathomNet_FGVC2025/data/images/551.png,8f1ebb0cc5c347f2b84fbf4f570de3d1b28a8fbc7549f17ecc5b27a086a16633,e3de347e34fea3a2c2dc49b0d4b5495419d853a6287e8ec3703502752ca667a5,551,5,train,5
2225,551,72,Serpulidae,/home/tahiti/MARINE_DATASETS/FathomNet_FGVC2025/data/rois/551_2225.png,/home/tahiti/MARINE_DATASETS/FathomNet_FGVC2025/data/images/551.png,de7c93ac961a089bc51b517b8c9e3d53d911a2eb6aeb95b757b188d4eb78c504,e3de347e34fea3a2c2dc49b0d4b5495419d853a6287e8ec3703502752ca667a5,551,5,train,5
2249,551,63,Ptychogastria polaris,/home/tahiti/MARINE_DATASETS/FathomNet_FGVC2025/data/rois/551_2249.png,/home/tahiti/MARINE_DATASETS/FathomNet_FGVC2025/data/images/551.png,0bb75e2ce962295959ca3c36a5c2a404307f0c1f49c639c2cd0ec81585c7f1c2,e3de347e34fea3a2c2dc49b0d4b5495419d853a6287e8ec3703502752ca667a5,551,5,train,5
2263,551,72,Serpulidae,/home/tahiti/MARINE_DATASETS/FathomNet_FGVC2025/data/rois/551_2263.png,/home/tahiti/MARINE_DATASETS/FathomNet_FGVC2025/data/images/551.png,3b6ea246669c95d96a0389192ea53d4143885b585fbeb8dfefbae8262a50949c,e3de347e34fea3a2c2dc49b0d4b5495419d853a6287e8ec3703502752ca667a5,551,5,train,5
2309,558,74,Strongylocentrotus fragilis,/home/tahiti/MARINE_DATASETS/FathomNet_FGVC2025/data/rois/558_2309.png,/home/tahiti/MARINE_DATASETS/FathomNet_FGVC2025/data/images/558.png,61333a19bd378121bcd3ed692be7ed8f4da823996564dd2e57a3cb22c5c0fcc9,488e2ed2aa5d56b892ed2ea3cdbdb3ac220ef86918ff83854dc93202a4aba3d2,558,5,train,5
2320,559,43,Microstomus pacificus,/home/tahiti/MARINE_DATASETS/FathomNet_FGVC2025/data/rois/559_2320.png,/home/tahiti/MARINE_DATASETS/FathomNet_FGVC2025/data/images/559.png,1d4de4f3cedb1c66616a5e04384e7858c975506d780e627b85a699cdd0eb9f8e,f997a132a9821861e98c9d8de3cefb729fa7d22ab402c1dfae5514a869b1369d,559,5,train,5
2329,566,73,Staurocalyptus,/home/tahiti/MARINE_DATASETS/FathomNet_FGVC2025/data/rois/566_2329.png,/home/tahiti/MARINE_DATASETS/FathomNet_FGVC2025/data/images/566.png,a70bbcdbb927a71eab5c0d63d7ba001e764f4587b4cf171d840d1220d94aa20c,ed50097904b90c23fd05656590f792b695945bb18c091e5a1e5ff6950a63aa9f,566,4,train,4
2350,573,71,Sebastolobus,/home/tahiti/MARINE_DATASETS/FathomNet_FGVC2025/data/rois/573_2350.png,/home/tahiti/MARINE_DATASETS/FathomNet_FGVC2025/data/images/573.png,4d26e51c8e46aa63664e07c89b594b44d5f95170a354e3a2e21fb36e6f26a8c9,b001a0ee8f8bef8f192b6720821d04cdc649fb057a12d7d9039c0938bc373fde,573,1,train,1
2368,579,5,Actiniaria,/home/tahiti/MARINE_DATASETS/FathomNet_FGVC2025/data/rois/579_2368.png,/home/tahiti/MARINE_DATASETS/FathomNet_FGVC2025/data/images/579.png,88b267f887a61733319fc5367549812069e11ec6f31a961b4778591f7c0f9966,ee081ede2b27cbe31f0c19e8909150a1ca54e166ebc17d9e06726de81e4d95f0,579,0,train,0
2369,579,62,Psolus squamatus,/home/tahiti/MARINE_DATASETS/FathomNet_FGVC2025/data/rois/579_2369.png,/home/tahiti/MARINE_DATASETS/FathomNet_FGVC2025/data/images/579.png,51e27b15d0940a6f82649e40fb039942644064c885253fd162b63d6ece3da4d1,ee081ede2b27cbe31f0c19e8909150a1ca54e166ebc17d9e06726de81e4d95f0,579,0,train,0
2412,589,62,Psolus squamatus,/home/tahiti/MARINE_DATASETS/FathomNet_FGVC2025/data/rois/589_2412.png,/home/tahiti/MARINE_DATASETS/FathomNet_FGVC2025/data/images/589.png,6fcbc1c56f1455ca12292af35e960fd7fe533e4b1bec311b9bf5c84f94f6d1e3,6308da118dbae7729ff18e84bf2e9a7bc9d9909172ee88b6ff35aee91ca2df54,589,4,train,4
2435,594,41,Merluccius productus,/home/tahiti/MARINE_DATASETS/FathomNet_FGVC2025/data/rois/594_2435.png,/home/tahiti/MARINE_DATASETS/FathomNet_FGVC2025/data/images/594.png,93c09656d179a0d4e1fa3fa6aceeb0aa959d9844428f49aa3078358aa4b1e53d,2b90b8c757985c78e1d474662d24d27ee7c11f095ad1283b999b9ff99abb47a0,594,5,train,5
2438,594,41,Merluccius productus,/home/tahiti/MARINE_DATASETS/FathomNet_FGVC2025/data/rois/594_2438.png,/home/tahiti/MARINE_DATASETS/FathomNet_FGVC2025/data/images/594.png,8dee0e5aaec9f71a5d893e0586cba6b9dea1ef3ed3285514e71299e4554ce2f6,2b90b8c757985c78e1d474662d24d27ee7c11f095ad1283b999b9ff99abb47a0,594,5,train,5
2459,600,74,Strongylocentrotus fragilis,/home/tahiti/MARINE_DATASETS/FathomNet_FGVC2025/data/rois/600_2459.png,/home/tahiti/MARINE_DATASETS/FathomNet_FGVC2025/data/images/600.png,9440a4434a4c1572229b696bd00ccd6e27a4b386fb89e0ba527d1460d9a98e49,a0de65fd4276683503c998975c6a4fcde92e001ea9dca9ba9360d49e50aea7a9,600,2,train,2
2464,600,74,Strongylocentrotus fragilis,/home/tahiti/MARINE_DATASETS/FathomNet_FGVC2025/data/rois/600_2464.png,/home/tahiti/MARINE_DATASETS/FathomNet_FGVC2025/data/images/600.png,c42e788cd70ffa5f4b60347224a87c748b566a9297b9d0292630a3223faef1a1,a0de65fd4276683503c998975c6a4fcde92e001ea9dca9ba9360d49e50aea7a9,600,2,train,2
2469,602,35,Isididae,/home/tahiti/MARINE_DATASETS/FathomNet_FGVC2025/data/rois/602_2469.png,/home/tahiti/MARINE_DATASETS/FathomNet_FGVC2025/data/images/602.png,b3b8c31add48d6aa92f2dae69b8ecc5b8df88480f6a7369f40c878dc14cedfc6,19098bffd5085dbf2fd2aa8d6f8d067b6aff64301f533b9b9240036d6795a3a7,602,5,train,5
2508,619,67,Scotoplanes,/home/tahiti/MARINE_DATASETS/FathomNet_FGVC2025/data/rois/619_2508.png,/home/tahiti/MARINE_DATASETS/FathomNet_FGVC2025/data/images/619.png,e67a1647f6fd97d63faa6884ee598615fb78a5dd842694d6ae28531f05ec3282,d82be1f2247e9fee5510a1858fb8f02c2f431daf1d42a51f25dee911881fac64,619,5,train,5
2509,619,67,Scotoplanes,/home/tahiti/MARINE_DATASETS/FathomNet_FGVC2025/data/rois/619_2509.png,/home/tahiti/MARINE_DATASETS/FathomNet_FGVC2025/data/images/619.png,2a0d50977d829ce7827f0ee90f71003fc0d473eb68096b50db3a1b58fedd950b,d82be1f2247e9fee5510a1858fb8f02c2f431daf1d42a51f25dee911881fac64,619,5,train,5
2522,619,67,Scotoplanes,/home/tahiti/MARINE_DATASETS/FathomNet_FGVC2025/data/rois/619_2522.png,/home/tahiti/MARINE_DATASETS/FathomNet_FGVC2025/data/images/619.png,6eb6ebbe2225b396779662ed92b7dab576f11035fffb10df750c5a4f2ba866da,d82be1f2247e9fee5510a1858fb8f02c2f431daf1d42a51f25dee911881fac64,619,5,train,5
2525,619,67,Scotoplanes,/home/tahiti/MARINE_DATASETS/FathomNet_FGVC2025/data/rois/619_2525.png,/home/tahiti/MARINE_DATASETS/FathomNet_FGVC2025/data/images/619.png,01295c7c0db7c36f19e5768c30687c0a0e4cb137a0725175a37cec900e3e46e5,d82be1f2247e9fee5510a1858fb8f02c2f431daf1d42a51f25dee911881fac64,619,5,train,5
2528,620,36,Isosicyonis,/home/tahiti/MARINE_DATASETS/FathomNet_FGVC2025/data/rois/620_2528.png,/home/tahiti/MARINE_DATASETS/FathomNet_FGVC2025/data/images/620.png,652203bbc3ef40dcb50990bb53bf36af4edea25531e4af2be95122a6f2358655,99a56703f45a08e7927ef1ea992028604fd69b74fd7c7a955fa2573f238a0129,620,2,train,2
2529,620,5,Actiniaria,/home/tahiti/MARINE_DATASETS/FathomNet_FGVC2025/data/rois/620_2529.png,/home/tahiti/MARINE_DATASETS/FathomNet_FGVC2025/data/images/620.png,5641f1371f892b06d9cb87b08e07ebee599790537c66441820064a0045d98ed2,99a56703f45a08e7927ef1ea992028604fd69b74fd7c7a955fa2573f238a0129,620,2,train,2
2532,622,76,Tunicata,/home/tahiti/MARINE_DATASETS/FathomNet_FGVC2025/data/rois/622_2532.png,/home/tahiti/MARINE_DATASETS/FathomNet_FGVC2025/data/images/622.png,15881e456e7b50f0177d08182d73636faaf3a7445157f1766acf80f99b9af962,63565fb02ed060cf057e723bd1f84caf630c12ca3351630b8b03290cac640d8b,622,4,train,4
2536,624,49,Ophiuroidea,/home/tahiti/MARINE_DATASETS/FathomNet_FGVC2025/data/rois/624_2536.png,/home/tahiti/MARINE_DATASETS/FathomNet_FGVC2025/data/images/624.png,9d6441a7a6f7242445faf13bcd4cce80f86023a4a365b1341ca78480dedc0bab,f7c18eb74484783dedd95b9e33f97c7ca2a2329de008421cd79e085832f7b9d2,624,2,train,2
2539,624,49,Ophiuroidea,/home/tahiti/MARINE_DATASETS/FathomNet_FGVC2025/data/rois/624_2539.png,/home/tahiti/MARINE_DATASETS/FathomNet_FGVC2025/data/images/624.png,146ba99f0e0bd544f7a4aaaa1cd5697976fc7ad795de1c9d78ab4f8136b00ba3,f7c18eb74484783dedd95b9e33f97c7ca2a2329de008421cd79e085832f7b9d2,624,2,train,2
2567,632,71,Sebastolobus,/home/tahiti/MARINE_DATASETS/FathomNet_FGVC2025/data/rois/632_2567.png,/home/tahiti/MARINE_DATASETS/FathomNet_FGVC2025/data/images/632.png,25e99b7a457fcd44ac74ba0f7dd800ab42d9eeb06a27bc5012ecfc192f200ed6,a1063f2db3c445435f20e27f33502433212f46cce72bb331d58809ea52242786,632,5,train,5
2570,634,37,Keratoisis,/home/tahiti/MARINE_DATASETS/FathomNet_FGVC2025/data/rois/634_2570.png,/home/tahiti/MARINE_DATASETS/FathomNet_FGVC2025/data/images/634.png,17228c5782df1013def622ea4649f9409e12faf851133099845f5ea81306aeca,cc0e61c92938c1f7c92abee0687689713ec2c6ee8b623de97dfa85417250c8da,634,2,train,2
2613,644,29,Heteropolypus ritteri,/home/tahiti/MARINE_DATASETS/FathomNet_FGVC2025/data/rois/644_2613.png,/home/tahiti/MARINE_DATASETS/FathomNet_FGVC2025/data/images/644.png,0508dcaaac2039c607fa40bccd549364f110c218d9f822371321176dcb5db0f4,7e414a5912f1fc02dc44eb21dee16b613396422106939b93b86e9b3957310877,644,0,train,0
2619,646,70,Sebastes diploproa,/home/tahiti/MARINE_DATASETS/FathomNet_FGVC2025/data/rois/646_2619.png,/home/tahiti/MARINE_DATASETS/FathomNet_FGVC2025/data/images/646.png,5f9c2ff2aa1a89453cc71d939324ab91797a3f721b6f6c8968c76797a20fa6b0,e4a68e63f5b86378643db4104090cb14476d9c184876b49675d53d6bf71bf966,646,4,train,4
2625,646,70,Sebastes diploproa,/home/tahiti/MARINE_DATASETS/FathomNet_FGVC2025/data/rois/646_2625.png,/home/tahiti/MARINE_DATASETS/FathomNet_FGVC2025/data/images/646.png,adfeab018ea055ff2a5bd4e8512f583ba741eb06360f07bf10b700fd83dc9e1d,e4a68e63f5b86378643db4104090cb14476d9c184876b49675d53d6bf71bf966,646,4,train,4
2637,649,25,Gastropoda,/home/tahiti/MARINE_DATASETS/FathomNet_FGVC2025/data/rois/649_2637.png,/home/tahiti/MARINE_DATASETS/FathomNet_FGVC2025/data/images/649.png,0279aaa20b00bf7d9027fa621b1dcee80ab9eec9db2250a091d6368a36c9d416,0fd3514b45996e29b61cf5dab2d77b9234936f453a4182f8854e0089af3c5223,649,1,train,1
2639,649,71,Sebastolobus,/home/tahiti/MARINE_DATASETS/FathomNet_FGVC2025/data/rois/649_2639.png,/home/tahiti/MARINE_DATASETS/FathomNet_FGVC2025/data/images/649.png,9928e1eb3e395a2c23ad109b0e3e374493abf4dbedb8c7d34b20f0d21239f016,0fd3514b45996e29b61cf5dab2d77b9234936f453a4182f8854e0089af3c5223,649,1,train,1
2648,650,11,Asteroidea,/home/tahiti/MARINE_DATASETS/FathomNet_FGVC2025/data/rois/650_2648.png,/home/tahiti/MARINE_DATASETS/FathomNet_FGVC2025/data/images/650.png,c18507a6a43f5496550e11394f25ecdb9a3949dc26fef2e9dbac21c1716a3720,75586ddd4158933a36fcd26d33c5ffe310e32a1e701f661adee454e273ce0547,650,0,train,0
2663,657,44,Munidopsis,/home/tahiti/MARINE_DATASETS/FathomNet_FGVC2025/data/rois/657_2663.png,/home/tahiti/MARINE_DATASETS/FathomNet_FGVC2025/data/images/657.png,7a05c2ced596212cf3cd31f9f7bc15a0636c78dd99047a3a28b237375df03cf7,2345ff1bb4934c1367a59996047693c37db4a68cbc5ce179ecdad4e66fa5dc65,657,0,train,0
2671,658,25,Gastropoda,/home/tahiti/MARINE_DATASETS/FathomNet_FGVC2025/data/rois/658_2671.png,/home/tahiti/MARINE_DATASETS/FathomNet_FGVC2025/data/images/658.png,f081848ae6a2d7b7422ef35f0d1ac64cea50fb339f5b26cd4b7e8055bc1dce0e,5151a05e0bddb7f41675c77637de4fb2a356878bdd77a55f08502bc325551d89,658,5,train,5
2672,658,77,Umbellula,/home/tahiti/MARINE_DATASETS/FathomNet_FGVC2025/data/rois/658_2672.png,/home/tahiti/MARINE_DATASETS/FathomNet_FGVC2025/data/images/658.png,943080519a5ad7d9df29b57bab1552762945c442fa89638a5738705a8bb0c834,5151a05e0bddb7f41675c77637de4fb2a356878bdd77a55f08502bc325551d89,658,5,train,5
2673,658,25,Gastropoda,/home/tahiti/MARINE_DATASETS/FathomNet_FGVC2025/data/rois/658_2673.png,/home/tahiti/MARINE_DATASETS/FathomNet_FGVC2025/data/images/658.png,89142c0280ea29430d6b2829c1ecf53a3e2b2a2619b64dbd5d001f3fae1d2b42,5151a05e0bddb7f41675c77637de4fb2a356878bdd77a55f08502bc325551d89,658,5,train,5
2679,660,45,Munnopsidae,/home/tahiti/MARINE_DATASETS/FathomNet_FGVC2025/data/rois/660_2679.png,/home/tahiti/MARINE_DATASETS/FathomNet_FGVC2025/data/images/660.png,502c93b35a283c1555fcb76ea0ccd0d02b19b5035b67f1fd1de5a4bcdb16cffd,f1b469192a4d5bb9e198cd04614f4d92277cfc6273786fd82ca7e3fde7ca94f2,660,4,train,4
2687,664,21,Elpidia,/home/tahiti/MARINE_DATASETS/FathomNet_FGVC2025/data/rois/664_2687.png,/home/tahiti/MARINE_DATASETS/FathomNet_FGVC2025/data/images/664.png,ee7187f397b1757b5b194be4284bda20f857a917b1d21a5a06200f711d5318fc,744d04ef5edb84dee2549a877a786a61650122f241a3453ff9efb1b750460dc0,664,2,train,2
2689,664,21,Elpidia,/home/tahiti/MARINE_DATASETS/FathomNet_FGVC2025/data/rois/664_2689.png,/home/tahiti/MARINE_DATASETS/FathomNet_FGVC2025/data/images/664.png,f964a751eeccbfe9474826bffdea9fa502b90286a88bca6c2d1ea70c8dca39b4,744d04ef5edb84dee2549a877a786a61650122f241a3453ff9efb1b750460dc0,664,2,train,2
2692,666,35,Isididae,/home/tahiti/MARINE_DATASETS/FathomNet_FGVC2025/data/rois/666_2692.png,/home/tahiti/MARINE_DATASETS/FathomNet_FGVC2025/data/images/666.png,9f676ac1e5ea1eaff571dad81196cbb8393c0b9979ec4d6bb7aeabd70324caec,bf2562f2a8e0b0ac026738fa66d7a9fa3d8baa4bfbfc6f54791a0ca90e91c0ce,666,4,train,4
2713,673,23,Florometra serratissima,/home/tahiti/MARINE_DATASETS/FathomNet_FGVC2025/data/rois/673_2713.png,/home/tahiti/MARINE_DATASETS/FathomNet_FGVC2025/data/images/673.png,a54afd5e01ecf4baf779ad37e3e8bc94158ca65c7e136549ae64c131b69f2ce8,dc33b04eeb194e1c54e65207c26c7f92d9d9c616cd54f13d09a8424d87d43165,673,0,train,0
2715,673,23,Florometra serratissima,/home/tahiti/MARINE_DATASETS/FathomNet_FGVC2025/data/rois/673_2715.png,/home/tahiti/MARINE_DATASETS/FathomNet_FGVC2025/data/images/673.png,c352e75456e73de515cf5d142c8a65c1b1f4e522874dfd4dda6779d7ad1f16a6,dc33b04eeb194e1c54e65207c26c7f92d9d9c616cd54f13d09a8424d87d43165,673,0,train,0
2789,698,38,Liponema brevicorne,/home/tahiti/MARINE_DATASETS/FathomNet_FGVC2025/data/rois/698_2789.png,/home/tahiti/MARINE_DATASETS/FathomNet_FGVC2025/data/images/698.png,b4bf3b81de9963159e18492f64709ee777d036f152cbd9dd4899d99fc9360248,858f77e74ee0b74fd87a4b94c6cbbcc5ae31dea1fa2d0014ea91b998cec90a97,698,5,train,5
2813,706,68,Scotoplanes globosa,/home/tahiti/MARINE_DATASETS/FathomNet_FGVC2025/data/rois/706_2813.png,/home/tahiti/MARINE_DATASETS/FathomNet_FGVC2025/data/images/706.png,b4892e23754c63ac42cceaa76cf246d19aba0937a437d693985620ac5f050a10,89ddc7a9c5d850ed9c2d0fde58a9f35409b1eccbb96fd0e0658d1ba0d193ec16,706,1,train,1
2824,708,58,Peniagone,/home/tahiti/MARINE_DATASETS/FathomNet_FGVC2025/data/rois/708_2824.png,/home/tahiti/MARINE_DATASETS/FathomNet_FGVC2025/data/images/708.png,2acf214f0da6443972ae86f4b299207f177db9035abd46d8f262d974597441aa,7253e795a7206f6f8199bbd83f857c962a2457e1288599e26a1fd96a49cf833c,708,1,train,1
2827,709,21,Elpidia,/home/tahiti/MARINE_DATASETS/FathomNet_FGVC2025/data/rois/709_2827.png,/home/tahiti/MARINE_DATASETS/FathomNet_FGVC2025/data/images/709.png,a356f35cee70972070cdd2746f882613f0e2df06ded1831e728f0c8d6b52de03,31618e8dd98cdf662dbdc0a60ad44e39e8ee9de67de69abadd3a4b738c774ad7,709,2,train,2
2838,716,37,Keratoisis,/home/tahiti/MARINE_DATASETS/FathomNet_FGVC2025/data/rois/716_2838.png,/home/tahiti/MARINE_DATASETS/FathomNet_FGVC2025/data/images/716.png,177026f03ad73b0fa0a8fe9749c4a27d5230154635fc74d98d55a980ad820d2e,02272f6521058dd3a14e3a57c20dd20c8fd2d8ec740530c75ca4ae70cc71c01c,716,1,train,1
2848,719,14,Caridea,/home/tahiti/MARINE_DATASETS/FathomNet_FGVC2025/data/rois/719_2848.png,/home/tahiti/MARINE_DATASETS/FathomNet_FGVC2025/data/images/719.png,78c5b6dd9aad40cbc3631387abf7b6674ab5d3e14aad685103a88e258febd352,3366c99dbb5059a3c4cdf576b645a04d13ed26379a546f90b1cc660067081105,719,5,train,5
2858,726,55,Paragorgia arborea,/home/tahiti/MARINE_DATASETS/FathomNet_FGVC2025/data/rois/726_2858.png,/home/tahiti/MARINE_DATASETS/FathomNet_FGVC2025/data/images/726.png,d5925a36b34af6b15bfb15b6c18848b7937850645e152fd10b9e17c89a2fd79f,f947a60af8585a4a1acfbda815b6a79d5592dbca5a0911e250222f6f3411672b,726,4,train,4
2866,727,49,Ophiuroidea,/home/tahiti/MARINE_DATASETS/FathomNet_FGVC2025/data/rois/727_2866.png,/home/tahiti/MARINE_DATASETS/FathomNet_FGVC2025/data/images/727.png,89663ecde7473ce697b735689d984fa72912ea919e6970729e7744eefc2e12d0,4d6a4b12e40134390ff8837fb9866d22271741b7a7d0d0638576a64158fb91bf,727,0,train,0
2881,729,60,Porifera,/home/tahiti/MARINE_DATASETS/FathomNet_FGVC2025/data/rois/729_2881.png,/home/tahiti/MARINE_DATASETS/FathomNet_FGVC2025/data/images/729.png,3f9c8b4563356908eb1f2262f34ab1ec390b53f72761e34971d9ee49faaa1ad5,c7562a5ce59e4a7f076338d5fffd29f0e1c798e5c3c73eb60057ab5ceff34be3,729,2,train,2
2884,730,35,Isididae,/home/tahiti/MARINE_DATASETS/FathomNet_FGVC2025/data/rois/730_2884.png,/home/tahiti/MARINE_DATASETS/FathomNet_FGVC2025/data/images/730.png,01248b3b4d2eb301d4084b9501b45ad6202d925ad575250aadda31a8db9e2e4a,bb2b088b84871c00fb332b5d42984669f5d9107eff56669e94896f4b15d7d3a2,730,2,train,2
2885,731,55,Paragorgia arborea,/home/tahiti/MARINE_DATASETS/FathomNet_FGVC2025/data/rois/731_2885.png,/home/tahiti/MARINE_DATASETS/FathomNet_FGVC2025/data/images/731.png,4817850ca0d91da9248e5891449f0e78217fd46b1454732271609e923b0f9f1f,87094c7cf27d4c66992e743426304f52c69af8ddf3a2ee34888ed715be2e56d3,731,2,train,2
2921,739,30,Hexactinellida,/home/tahiti/MARINE_DATASETS/FathomNet_FGVC2025/data/rois/739_2921.png,/home/tahiti/MARINE_DATASETS/FathomNet_FGVC2025/data/images/739.png,e38b9cac853c28ba4ba517d7bbe807d37f1a037ebde968aa259bc7ec8e56e0ab,5cf5439173d51881ce4931d3beef43853ce24c9271b7a6e2f2d2693a112fa9a1,739,2,train,2
2925,739,60,Porifera,/home/tahiti/MARINE_DATASETS/FathomNet_FGVC2025/data/rois/739_2925.png,/home/tahiti/MARINE_DATASETS/FathomNet_FGVC2025/data/images/739.png,35cf6d00430d79ac56f8f6f0e55dcb68b67a348023b328fa9b1329c407121dd0,5cf5439173d51881ce4931d3beef43853ce24c9271b7a6e2f2d2693a112fa9a1,739,2,train,2
2926,739,60,Porifera,/home/tahiti/MARINE_DATASETS/FathomNet_FGVC2025/data/rois/739_2926.png,/home/tahiti/MARINE_DATASETS/FathomNet_FGVC2025/data/images/739.png,da0192fe4626f790a0a4a3c983090266d040800c74c2288d4e71932f462256e4,5cf5439173d51881ce4931d3beef43853ce24c9271b7a6e2f2d2693a112fa9a1,739,2,train,2
2937,739,46,Mycale,/home/tahiti/MARINE_DATASETS/FathomNet_FGVC2025/data/rois/739_2937.png,/home/tahiti/MARINE_DATASETS/FathomNet_FGVC2025/data/images/739.png,d86649831a69ce3d999fef3c007d16bb3cdd76fec216a8c3ecb5e4c37529f81b,5cf5439173d51881ce4931d3beef43853ce24c9271b7a6e2f2d2693a112fa9a1,739,2,train,2
2962,749,31,Hippasteria,/home/tahiti/MARINE_DATASETS/FathomNet_FGVC2025/data/rois/749_2962.png,/home/tahiti/MARINE_DATASETS/FathomNet_FGVC2025/data/images/749.png,75d23b1008f1f23bed92a01aca44eaa9e956e5018850a747a1752d8af8b6f376,2ce839df189fc1f5c5695769b117c68ece6e18ecefcb5702b3f26b6720682abb,749,1,train,1
2965,749,31,Hippasteria,/home/tahiti/MARINE_DATASETS/FathomNet_FGVC2025/data/rois/749_2965.png,/home/tahiti/MARINE_DATASETS/FathomNet_FGVC2025/data/images/749.png,97eafafcb4eb77fd5449c8c8152c256b8e4b3e31b4330c58c6e3726dcd08de2d,2ce839df189fc1f5c5695769b117c68ece6e18ecefcb5702b3f26b6720682abb,749,1,train,1
3033,762,60,Porifera,/home/tahiti/MARINE_DATASETS/FathomNet_FGVC2025/data/rois/762_3033.png,/home/tahiti/MARINE_DATASETS/FathomNet_FGVC2025/data/images/762.png,5b6cf77a927c2d279f179f478f366f5a3e9704ecfece04b49b899eddfdeae6d6,7a26977f720ecc8cf635e1ca7ac69425befae088cf84087a91a67651f781790f,762,2,train,2
3037,762,73,Staurocalyptus,/home/tahiti/MARINE_DATASETS/FathomNet_FGVC2025/data/rois/762_3037.png,/home/tahiti/MARINE_DATASETS/FathomNet_FGVC2025/data/images/762.png,628c9fa91cfef220b8cb97b12a7f8a956fbb047734349c18a6a67bdb15889764,7a26977f720ecc8cf635e1ca7ac69425befae088cf84087a91a67651f781790f,762,2,train,2
3052,766,73,Staurocalyptus,/home/tahiti/MARINE_DATASETS/FathomNet_FGVC2025/data/rois/766_3052.png,/home/tahiti/MARINE_DATASETS/FathomNet_FGVC2025/data/images/766.png,b6b63653ff12a09f09992c540da42829172c3397091874249035cf7e1f712e1d,d74854ade035ad603e2c4f332bee6c83024942b2149dac4bed588b625c133525,766,2,train,2
3053,766,71,Sebastolobus,/home/tahiti/MARINE_DATASETS/FathomNet_FGVC2025/data/rois/766_3053.png,/home/tahiti/MARINE_DATASETS/FathomNet_FGVC2025/data/images/766.png,33a223211d2cb6ef46181a7ea720ebb3ade52f4feb02ef90922e45f63345bcfa,d74854ade035ad603e2c4f332bee6c83024942b2149dac4bed588b625c133525,766,2,train,2
3054,766,73,Staurocalyptus,/home/tahiti/MARINE_DATASETS/FathomNet_FGVC2025/data/rois/766_3054.png,/home/tahiti/MARINE_DATASETS/FathomNet_FGVC2025/data/images/766.png,23b1516ebf351de60805ba7924c8c6d6e1764bf5f27d6ed8630ded46a8339a15,d74854ade035ad603e2c4f332bee6c83024942b2149dac4bed588b625c133525,766,2,train,2
3074,767,14,Caridea,/home/tahiti/MARINE_DATASETS/FathomNet_FGVC2025/data/rois/767_3074.png,/home/tahiti/MARINE_DATASETS/FathomNet_FGVC2025/data/images/767.png,e61e2dfc53d2aa38932e4512cbe2a1b95f2dca29f7c6dc1455a10d027e3b727e,22a819bbcae8ab05bcd99f2582e664b165dbcaaa4c60a2371053ab816fb28317,767,4,train,4
3075,767,14,Caridea,/home/tahiti/MARINE_DATASETS/FathomNet_FGVC2025/data/rois/767_3075.png,/home/tahiti/MARINE_DATASETS/FathomNet_FGVC2025/data/images/767.png,a6aa715a729ad9c966aa0de39341d772616235aaaf8ea4118dab7bb6a1e54d4e,22a819bbcae8ab05bcd99f2582e664b165dbcaaa4c60a2371053ab816fb28317,767,4,train,4
3081,768,43,Microstomus pacificus,/home/tahiti/MARINE_DATASETS/FathomNet_FGVC2025/data/rois/768_3081.png,/home/tahiti/MARINE_DATASETS/FathomNet_FGVC2025/data/images/768.png,8d30576545c392e563df5b7652d66eeaeab30a6cbdc6fdb834169141653e0b39,2d96e9a9da9a0b276b45677de1d2888cd3121b89889aa788efea058fc3b6ef64,768,0,train,0
3083,768,43,Microstomus pacificus,/home/tahiti/MARINE_DATASETS/FathomNet_FGVC2025/data/rois/768_3083.png,/home/tahiti/MARINE_DATASETS/FathomNet_FGVC2025/data/images/768.png,8e75543c1b817ece7e3a2d3af469995eeeb9783f566e5ce799b82b062983d36e,2d96e9a9da9a0b276b45677de1d2888cd3121b89889aa788efea058fc3b6ef64,768,0,train,0
3084,769,35,Isididae,/home/tahiti/MARINE_DATASETS/FathomNet_FGVC2025/data/rois/769_3084.png,/home/tahiti/MARINE_DATASETS/FathomNet_FGVC2025/data/images/769.png,99c4ef47f3eee2e0a9a19eb1c3414673fd988081376bedbcfbefdfc3bf6b9e72,cd83de9e57789766f576c53775ce20fb49ecc749fa6a4db79f85ff5879e812fa,769,4,train,4
3111,780,60,Porifera,/home/tahiti/MARINE_DATASETS/FathomNet_FGVC2025/data/rois/780_3111.png,/home/tahiti/MARINE_DATASETS/FathomNet_FGVC2025/data/images/780.png,492d01ca5241331563ccab4734d6c834e36bfe3fc0abd78ea615d37b6cab9335,eacda241b0a37aea81ab17678158b144b39b458b78f5fa4b15fcfa0645326b61,780,5,train,5
3149,794,62,Psolus squamatus,/home/tahiti/MARINE_DATASETS/FathomNet_FGVC2025/data/rois/794_3149.png,/home/tahiti/MARINE_DATASETS/FathomNet_FGVC2025/data/images/794.png,77f496fde7916f2d573985041f19b5c0798ea26e8432020b8d18b56551bff7b8,90c6beaef5fef10fbf32a1adbbcbcc9f267cd6c5cc73e8376a55370764aa1317,794,2,train,2
3155,795,71,Sebastolobus,/home/tahiti/MARINE_DATASETS/FathomNet_FGVC2025/data/rois/795_3155.png,/home/tahiti/MARINE_DATASETS/FathomNet_FGVC2025/data/images/795.png,a738e314f1c89196c10c73da35409129a2c9065ab8795864a0a3207748658aa1,5bb7c12f85da82681cd0a12fcec28c3733cede9d809f52ee3eba4ddf48e7333c,795,5,train,5
3177,801,53,Pannychia moseleyi,/home/tahiti/MARINE_DATASETS/FathomNet_FGVC2025/data/rois/801_3177.png,/home/tahiti/MARINE_DATASETS/FathomNet_FGVC2025/data/images/801.png,c7240683cb8bb36367f372975c4e4d9957038a689c1ece9c190e9c2112fd9e45,b46a11d9aadc22174960a8c6c727b5a2076bc4fcb19788c1fdd397abe375f367,801,2,train,2
3189,801,53,Pannychia moseleyi,/home/tahiti/MARINE_DATASETS/FathomNet_FGVC2025/data/rois/801_3189.png,/home/tahiti/MARINE_DATASETS/FathomNet_FGVC2025/data/images/801.png,64e3fc3859e4cef85db83511b95b75091a4326ea1c26b9b96a6d9b96fb8c7f10,b46a11d9aadc22174960a8c6c727b5a2076bc4fcb19788c1fdd397abe375f367,801,2,train,2
3207,813,55,Paragorgia arborea,/home/tahiti/MARINE_DATASETS/FathomNet_FGVC2025/data/rois/813_3207.png,/home/tahiti/MARINE_DATASETS/FathomNet_FGVC2025/data/images/813.png,68cb976d34eb0c9ff6e2b1421ce8f3c0b18648725deb54116edab8edbe2b238c,c563364dab9d4341768b2c3661c164a00dc4ccccdd9cef571a93dcc3590b12bc,813,0,train,0
3217,820,29,Heteropolypus ritteri,/home/tahiti/MARINE_DATASETS/FathomNet_FGVC2025/data/rois/820_3217.png,/home/tahiti/MARINE_DATASETS/FathomNet_FGVC2025/data/images/820.png,374c62b7541b0890fc283268fd82eddf0175ceed61c501fcf36b1453eca5d290,99947cac679d78b6725f9dab91cc1b11ddd7d7b08ee7fe3f54952b835dd29102,820,0,train,0
3230,822,60,Porifera,/home/tahiti/MARINE_DATASETS/FathomNet_FGVC2025/data/rois/822_3230.png,/home/tahiti/MARINE_DATASETS/FathomNet_FGVC2025/data/images/822.png,06d7bab404b7542f60204ff2654a3381d586ba10fdef9de406e27413d2401868,9794270223399b88d4e95e96d5279290d8c19084eda48bb7d342773752f62c5e,822,2,train,2
3232,822,17,Chorilia longipes,/home/tahiti/MARINE_DATASETS/FathomNet_FGVC2025/data/rois/822_3232.png,/home/tahiti/MARINE_DATASETS/FathomNet_FGVC2025/data/images/822.png,bc98f4b1125f2a0743cbb9cab53c8f491406b4cf6e1e3d8022ef268a3f481765,9794270223399b88d4e95e96d5279290d8c19084eda48bb7d342773752f62c5e,822,2,train,2
3235,822,60,Porifera,/home/tahiti/MARINE_DATASETS/FathomNet_FGVC2025/data/rois/822_3235.png,/home/tahiti/MARINE_DATASETS/FathomNet_FGVC2025/data/images/822.png,98a3fcc0d250eb6b7f3dc2c69ff6ac01f63af0919362ba687185dd69ed7bad23,9794270223399b88d4e95e96d5279290d8c19084eda48bb7d342773752f62c5e,822,2,train,2
3236,822,60,Porifera,/home/tahiti/MARINE_DATASETS/FathomNet_FGVC2025/data/rois/822_3236.png,/home/tahiti/MARINE_DATASETS/FathomNet_FGVC2025/data/images/822.png,abfa561b445e685e0b07a80977511d38b59593549b7125b55648c2eb1711dd87,9794270223399b88d4e95e96d5279290d8c19084eda48bb7d342773752f62c5e,822,2,train,2
3248,826,58,Peniagone,/home/tahiti/MARINE_DATASETS/FathomNet_FGVC2025/data/rois/826_3248.png,/home/tahiti/MARINE_DATASETS/FathomNet_FGVC2025/data/images/826.png,1a6ed10369695c1de1d342601cf2269c616019a4ed7515be768fc2226214a671,85b7ccecd035e75468b842c44732895bc0d471e0ad4b55208fdaf0a5103b2edf,826,4,train,4
3291,841,55,Paragorgia arborea,/home/tahiti/MARINE_DATASETS/FathomNet_FGVC2025/data/rois/841_3291.png,/home/tahiti/MARINE_DATASETS/FathomNet_FGVC2025/data/images/841.png,fe0b34d0195e41717ad592847c1d65923d40703c88d4265056fd0ac1084bb7dc,6e272576e977101e96ca492100a407c93416c7dbca04d5f7c66f03d4d1a7e893,841,1,train,1
3295,842,71,Sebastolobus,/home/tahiti/MARINE_DATASETS/FathomNet_FGVC2025/data/rois/842_3295.png,/home/tahiti/MARINE_DATASETS/FathomNet_FGVC2025/data/images/842.png,2d07462d4027323e7cb30131616e7e84ae4bae32fa30e7cf4aded9dcd30fb2ec,36754faf2c8579360e84fe7b964e24e4f76733cf636481865202501c13b4e0a1,842,4,train,4
3313,852,35,Isididae,/home/tahiti/MARINE_DATASETS/FathomNet_FGVC2025/data/rois/852_3313.png,/home/tahiti/MARINE_DATASETS/FathomNet_FGVC2025/data/images/852.png,370d17a0efcd82d5d31a5b9ee0b3207da9977eb062107fc73ccbe8e059e63f34,f147bcbe58a24e054b42a8ca01dc9fbeb8f4157df3745f11aa008445cb96056c,852,2,train,2
3327,857,42,Metridium farcimen,/home/tahiti/MARINE_DATASETS/FathomNet_FGVC2025/data/rois/857_3327.png,/home/tahiti/MARINE_DATASETS/FathomNet_FGVC2025/data/images/857.png,286e8fbaf5e70b4e2ce47fe57cea8cdcf22330ac4b5c849e1252f05cda3f242a,0503d462c8c247ee2c663dfc1ec7eb0225eedeb3593528dea02a3fa7dd1c9b24,857,4,train,4
3346,861,73,Staurocalyptus,/home/tahiti/MARINE_DATASETS/FathomNet_FGVC2025/data/rois/861_3346.png,/home/tahiti/MARINE_DATASETS/FathomNet_FGVC2025/data/images/861.png,7e1f4eab79ca452010a5857ad7220ab76e1cbc2d18604b46a6210128bd3b3534,0eee46cb64e8d2959a1827ba36d6f7fe48bc418fa64d6085191b486a7cba7449,861,5,train,5
3361,862,67,Scotoplanes,/home/tahiti/MARINE_DATASETS/FathomNet_FGVC2025/data/rois/862_3361.png,/home/tahiti/MARINE_DATASETS/FathomNet_FGVC2025/data/images/862.png,f3e6c1903ffb56330c661e8876e2278a8a3599575abce7223472536a0e5ffbe9,79bbd32576c9dede6f7bad1fa144de4209f998c51db376d87ed558728d2f1834,862,1,train,1
3366,862,59,Pennatula phosphorea,/home/tahiti/MARINE_DATASETS/FathomNet_FGVC2025/data/rois/862_3366.png,/home/tahiti/MARINE_DATASETS/FathomNet_FGVC2025/data/images/862.png,5eb5024d7c3e3a33a45148b54bd470e9085200fac75d88508903a414e63403e0,79bbd32576c9dede6f7bad1fa144de4209f998c51db376d87ed558728d2f1834,862,1,train,1
3379,863,62,Psolus squamatus,/home/tahiti/MARINE_DATASETS/FathomNet_FGVC2025/data/rois/863_3379.png,/home/tahiti/MARINE_DATASETS/FathomNet_FGVC2025/data/images/863.png,c4536d4c1753c74b8b0422141092aa444698bd369ce0e87d6e43e83d10165f0c,88ab55114b11d29318614a08b904486c27510196c821b5dd87cb099edb583862,863,0,train,0
3382,863,62,Psolus squamatus,/home/tahiti/MARINE_DATASETS/FathomNet_FGVC2025/data/rois/863_3382.png,/home/tahiti/MARINE_DATASETS/FathomNet_FGVC2025/data/images/863.png,ff8191abb230eafa08438a0bd60a85d2a72b34421e80f18e5857ffcf4a05045c,88ab55114b11d29318614a08b904486c27510196c821b5dd87cb099edb583862,863,0,train,0
3384,863,5,Actiniaria,/home/tahiti/MARINE_DATASETS/FathomNet_FGVC2025/data/rois/863_3384.png,/home/tahiti/MARINE_DATASETS/FathomNet_FGVC2025/data/images/863.png,f842b67e345bf04c0d588fe5375235d3ddcdd79d34b62e526725101cdcfdf197,88ab55114b11d29318614a08b904486c27510196c821b5dd87cb099edb583862,863,0,train,0
3397,864,15,Ceriantharia,/home/tahiti/MARINE_DATASETS/FathomNet_FGVC2025/data/rois/864_3397.png,/home/tahiti/MARINE_DATASETS/FathomNet_FGVC2025/data/images/864.png,6130bef3f3a8f4b4335ff3a3b3423e147a8067113f51ac70be6bdba40d656526,30410f9d41a8b18dc0eac596a970aff2cb337aeae148ec8ee06a805881c547ef,864,5,train,5
3410,869,13,Brisingida,/home/tahiti/MARINE_DATASETS/FathomNet_FGVC2025/data/rois/869_3410.png,/home/tahiti/MARINE_DATASETS/FathomNet_FGVC2025/data/images/869.png,24d0254a37ea05fd56411f8a331ec925d7ba12dc22d640a783b2f2b2c0ad49c9,62acf9aa910af597400dc028e54bb641bb93e09e1df93dfefe3bb65d611e2f5b,869,5,train,5
3424,873,25,Gastropoda,/home/tahiti/MARINE_DATASETS/FathomNet_FGVC2025/data/rois/873_3424.png,/home/tahiti/MARINE_DATASETS/FathomNet_FGVC2025/data/images/873.png,ba2b5884c6df602a18988069d3d42207a9543517246dc12a9a17cabf7dfb671b,e1cd24cb8834c8fdcc87f549c30ed8a83a856098d9a0bbe85ead4f34f3a2e9ea,873,5,train,5
3445,878,11,Asteroidea,/home/tahiti/MARINE_DATASETS/FathomNet_FGVC2025/data/rois/878_3445.png,/home/tahiti/MARINE_DATASETS/FathomNet_FGVC2025/data/images/878.png,b9833c62e60ec1f221f10aed0f337cff4b928769ee4888d62d5aeab7de37e965,c84abbca98f6e176214e452a4f6671b19097e174e934629466f5d260d52a946d,878,0,train,0
3446,878,11,Asteroidea,/home/tahiti/MARINE_DATASETS/FathomNet_FGVC2025/data/rois/878_3446.png,/home/tahiti/MARINE_DATASETS/FathomNet_FGVC2025/data/images/878.png,e5376c95647fe5ae7c327025b426b680e80e1491bdcfec7625b6e04dba73bfa2,c84abbca98f6e176214e452a4f6671b19097e174e934629466f5d260d52a946d,878,0,train,0
3451,880,55,Paragorgia arborea,/home/tahiti/MARINE_DATASETS/FathomNet_FGVC2025/data/rois/880_3451.png,/home/tahiti/MARINE_DATASETS/FathomNet_FGVC2025/data/images/880.png,756709929be844c7379209dbdf1e49021681fe09ca2eaa9ba8da077810036e3e,da512be6ee09594752a905d3dd0c97877d07c4f63b50c7a2053f799ad5813566,880,2,train,2
3505,893,31,Hippasteria,/home/tahiti/MARINE_DATASETS/FathomNet_FGVC2025/data/rois/893_3505.png,/home/tahiti/MARINE_DATASETS/FathomNet_FGVC2025/data/images/893.png,4e85a939fde0e3355976cad4d67275592fd985c1ad2aaf7afce573b9e487f554,bdd9c791dd045b4c4d80915fa2f91644f73466e0b042391dd6ef47fe1a66b3e0,893,2,train,2
3562,912,25,Gastropoda,/home/tahiti/MARINE_DATASETS/FathomNet_FGVC2025/data/rois/912_3562.png,/home/tahiti/MARINE_DATASETS/FathomNet_FGVC2025/data/images/912.png,ddefb32831370e80ef566b176ee5462182e1c49cd20b6015394467bcb10069e6,7ea31e832788ecc66d6f4f6aa1bb9e3f62d674929ba96c69986d0c4e106fc782,912,2,train,2
3574,914,31,Hippasteria,/home/tahiti/MARINE_DATASETS/FathomNet_FGVC2025/data/rois/914_3574.png,/home/tahiti/MARINE_DATASETS/FathomNet_FGVC2025/data/images/914.png,e13334250256b91d29babb8d3c58b89e8084c927c0e8d4b310e638cec2f5c731,2de760e8313760c974ff7fd415f4604aed5d05317fe832f3e6bdbcee0a521f2c,914,5,train,5
3605,929,73,Staurocalyptus,/home/tahiti/MARINE_DATASETS/FathomNet_FGVC2025/data/rois/929_3605.png,/home/tahiti/MARINE_DATASETS/FathomNet_FGVC2025/data/images/929.png,7cf9f7724b16f065beb3bd390801d7fc24d00a1889c6072df7f274429aba1bd4,2376871722d75ed696c714b29ca1808c880063359b79d3c0695003211f533c35,929,1,train,1
3606,929,28,Heterochone calyx,/home/tahiti/MARINE_DATASETS/FathomNet_FGVC2025/data/rois/929_3606.png,/home/tahiti/MARINE_DATASETS/FathomNet_FGVC2025/data/images/929.png,14bb0887af7d66ae55741f9b1378109a4dc320e4c9a3846558b7521eeb40f82f,2376871722d75ed696c714b29ca1808c880063359b79d3c0695003211f533c35,929,1,train,1
3618,932,33,Hormathiidae,/home/tahiti/MARINE_DATASETS/FathomNet_FGVC2025/data/rois/932_3618.png,/home/tahiti/MARINE_DATASETS/FathomNet_FGVC2025/data/images/932.png,c5ce2326d2f2cd6a7e8c82900cb2d39ba6ff1272dad5ca8e15554e82292ca50e,ce6d48de88660c0ab62fa64179f083adb26a56aaff703d2a0374e5ac7849592d,932,5,train,5
3635,936,44,Munidopsis,/home/tahiti/MARINE_DATASETS/FathomNet_FGVC2025/data/rois/936_3635.png,/home/tahiti/MARINE_DATASETS/FathomNet_FGVC2025/data/images/936.png,44b8b5d217a934ecad515a42765720703cff194bdec4d0b76b3bab2e7f047940,2c9cbe22a168be5697e6cbb17e22075ddf7eebdf24eff51f6ef5223819e96feb,936,4,train,4
3651,941,73,Staurocalyptus,/home/tahiti/MARINE_DATASETS/FathomNet_FGVC2025/data/rois/941_3651.png,/home/tahiti/MARINE_DATASETS/FathomNet_FGVC2025/data/images/941.png,5de811f36359db4ad908c8ad56971e4d551d1ca7df1daa5a1f27982f0e644126,8e6f31b14a5c6585f39089b10525691bab317f01fb455b42d714d7ff3511fd0d,941,0,train,0
3656,943,39,Lithodidae,/home/tahiti/MARINE_DATASETS/FathomNet_FGVC2025/data/rois/943_3656.png,/home/tahiti/MARINE_DATASETS/FathomNet_FGVC2025/data/images/943.png,2428d2c05e0375fda2a3195047e85195b312349e365c8c96135a4d0517d2d296,d66846aaceb7c29c3e59becb0ce1a82badfbccee924a6fedb95e19e88b3749b9,943,4,train,4
3664,944,16,Chionoecetes tanneri,/home/tahiti/MARINE_DATASETS/FathomNet_FGVC2025/data/rois/944_3664.png,/home/tahiti/MARINE_DATASETS/FathomNet_FGVC2025/data/images/944.png,f6d4ae8d91ebabc296cbb024ffb456a5e1a1521f2dbd38fec258356a82acadbd,ac5b09151aa8be8cb3d92b8dc3a2fc9b9f683a98f575045dcca9392aefabff24,944,0,train,0
3679,944,28,Heterochone calyx,/home/tahiti/MARINE_DATASETS/FathomNet_FGVC2025/data/rois/944_3679.png,/home/tahiti/MARINE_DATASETS/FathomNet_FGVC2025/data/images/944.png,9e49ba8a96ea2b6a2fe4a585fd19d6af50df2b5d4ca67837636e63c42882833b,ac5b09151aa8be8cb3d92b8dc3a2fc9b9f683a98f575045dcca9392aefabff24,944,0,train,0
3695,948,8,Apostichopus leukothele,/home/tahiti/MARINE_DATASETS/FathomNet_FGVC2025/data/rois/948_3695.png,/home/tahiti/MARINE_DATASETS/FathomNet_FGVC2025/data/images/948.png,871b37123891b00b617ef616083961349ee1c81b7b559be2a9d88c78c0454e97,e7d87bbbc5af7eadc0febb776d6cabe96b62ffe30f86096d8fb6c0d93e5b89fb,948,2,train,2
3713,952,60,Porifera,/home/tahiti/MARINE_DATASETS/FathomNet_FGVC2025/data/rois/952_3713.png,/home/tahiti/MARINE_DATASETS/FathomNet_FGVC2025/data/images/952.png,c35959e5df73d0bcdfb74e16ab8c8be53364c0415e5b82a8aeb8841c0f513607,5e17b3722d9329d318dacce689ea92e42af4288f24624612e4b7c5ebde99fe43,952,4,train,4
3718,953,75,Terebellidae,/home/tahiti/MARINE_DATASETS/FathomNet_FGVC2025/data/rois/953_3718.png,/home/tahiti/MARINE_DATASETS/FathomNet_FGVC2025/data/images/953.png,e958c4863e4fdecf78ed20bd6c5f3258b6391eb9cebbb637f7d93d55e412ab55,abef7290fcbfcbf81a20c34fe95a44b4d7d9c455ef4353fff855f5d9b8d5d6a4,953,4,train,4
3721,953,11,Asteroidea,/home/tahiti/MARINE_DATASETS/FathomNet_FGVC2025/data/rois/953_3721.png,/home/tahiti/MARINE_DATASETS/FathomNet_FGVC2025/data/images/953.png,cde8305418e1ad0a500f19dccb33b0f34da9edae6b115338c8b6c6f4f361a6db,abef7290fcbfcbf81a20c34fe95a44b4d7d9c455ef4353fff855f5d9b8d5d6a4,953,4,train,4
3760,966,24,Funiculina,/home/tahiti/MARINE_DATASETS/FathomNet_FGVC2025/data/rois/966_3760.png,/home/tahiti/MARINE_DATASETS/FathomNet_FGVC2025/data/images/966.png,ea27cc3adda11190e45b9e2ffcf383917667aa2bc58c9f343c8caa39ca2f607b,48fd9dbec1829cde6480ecd6694e9f45502dc34972c6927e0945d2340165cc39,966,1,train,1
3774,972,28,Heterochone calyx,/home/tahiti/MARINE_DATASETS/FathomNet_FGVC2025/data/rois/972_3774.png,/home/tahiti/MARINE_DATASETS/FathomNet_FGVC2025/data/images/972.png,ba16ba6f49fd33e12b91baec795bbf538ff511834fa7e7fff5a8db8adf9cc9b9,a759f16c5367b5ca31d0e9dcdf4e4dc266606e0a2ab293f6620baab1acd64e27,972,2,train,2
3792,975,65,Rathbunaster californicus,/home/tahiti/MARINE_DATASETS/FathomNet_FGVC2025/data/rois/975_3792.png,/home/tahiti/MARINE_DATASETS/FathomNet_FGVC2025/data/images/975.png,c4ba33cd7ece1e3b3e394c26f0e5f3b199b8b9c2c373aa229ba69becee7dca31,768954ea571452168adc83fddb90e93e071136b587429da036e691b70d05f68b,975,4,train,4
3813,982,65,Rathbunaster californicus,/home/tahiti/MARINE_DATASETS/FathomNet_FGVC2025/data/rois/982_3813.png,/home/tahiti/MARINE_DATASETS/FathomNet_FGVC2025/data/images/982.png,8fefd9ff21a8276b5b0d27fd9d24cd32f2574ec20497c49d9bb7eecc3df8ad34,6f298b659fb84423136368700323e8d480080e256cf24ef29b8d6b4b46fa6be3,982,2,train,2
3842,993,67,Scotoplanes,/home/tahiti/MARINE_DATASETS/FathomNet_FGVC2025/data/rois/993_3842.png,/home/tahiti/MARINE_DATASETS/FathomNet_FGVC2025/data/images/993.png,39c54ed768a367256b8ca50852f04fc7f86b50a4e2fa4f8b0ddd6ef1729abbc1,ee573905baa56ad666d3c94d51e8d12fcc6c4f8b8e7ca7c3ac474bed180be0c7,993,4,train,4
3847,996,58,Peniagone,/home/tahiti/MARINE_DATASETS/FathomNet_FGVC2025/data/rois/996_3847.png,/home/tahiti/MARINE_DATASETS/FathomNet_FGVC2025/data/images/996.png,1ece12f16ec8b8d5e1b2fddce647690e20bbc117a1db7b0e4cecc88e11bf570a,986b51d31f444c204c33c9c59dfffd482e87fd145c7d62ff15d4b9e6b9d24232,996,5,train,5
3875,1002,58,Peniagone,/home/tahiti/MARINE_DATASETS/FathomNet_FGVC2025/data/rois/1002_3875.png,/home/tahiti/MARINE_DATASETS/FathomNet_FGVC2025/data/images/1002.png,f3999027f8d74d15e9ccc8a4aeb205e798ac94a692420dd363b67e1286daef27,007384852c5cab5e0aaac7d587245b789ea8b10cbaed59a585ebc201dcbb43fe,1002,2,train,2
3879,1002,58,Peniagone,/home/tahiti/MARINE_DATASETS/FathomNet_FGVC2025/data/rois/1002_3879.png,/home/tahiti/MARINE_DATASETS/FathomNet_FGVC2025/data/images/1002.png,b6a70186ee3289af9ab1dfc5779e352d0538ab426a8bd2915882c152908412c0,007384852c5cab5e0aaac7d587245b789ea8b10cbaed59a585ebc201dcbb43fe,1002,2,train,2
3880,1002,58,Peniagone,/home/tahiti/MARINE_DATASETS/FathomNet_FGVC2025/data/rois/1002_3880.png,/home/tahiti/MARINE_DATASETS/FathomNet_FGVC2025/data/images/1002.png,a4510e3f6ed35e7f30f59c6470662e555683ff47a302067beb79283bfca201da,007384852c5cab5e0aaac7d587245b789ea8b10cbaed59a585ebc201dcbb43fe,1002,2,train,2
3899,1006,75,Terebellidae,/home/tahiti/MARINE_DATASETS/FathomNet_FGVC2025/data/rois/1006_3899.png,/home/tahiti/MARINE_DATASETS/FathomNet_FGVC2025/data/images/1006.png,225fb630876e1951be255149c0ecc9ec95ec827a3bc737684cb8193f799f7df2,82260dff8ce892bc41a5fc84b3e923b52385fa5ff98ac3bd420c233f71514d8f,1006,5,train,5
3989,1026,71,Sebastolobus,/home/tahiti/MARINE_DATASETS/FathomNet_FGVC2025/data/rois/1026_3989.png,/home/tahiti/MARINE_DATASETS/FathomNet_FGVC2025/data/images/1026.png,a7fe5d7190023f1bd9c080b8b93b2321332e345dba5ca5807297eb17e9c53527,c1a7e28aca8edef0b407d9c7eb3bd17fcfd281a37613f1427dd1a2184710e133,1026,1,train,1
3990,1026,38,Liponema brevicorne,/home/tahiti/MARINE_DATASETS/FathomNet_FGVC2025/data/rois/1026_3990.png,/home/tahiti/MARINE_DATASETS/FathomNet_FGVC2025/data/images/1026.png,8ed3cd72d47c45e745a82cd9449f6e9ebedb0fa5cc496adb6f525b052cd0461a,c1a7e28aca8edef0b407d9c7eb3bd17fcfd281a37613f1427dd1a2184710e133,1026,1,train,1
4007,1030,4,Actinernus,/home/tahiti/MARINE_DATASETS/FathomNet_FGVC2025/data/rois/1030_4007.png,/home/tahiti/MARINE_DATASETS/FathomNet_FGVC2025/data/images/1030.png,c589a483cc7c043934cb9584372fa5bb64eb102ba289f903a13bbf4af9540b60,be9d604682ba177b644251f1590599ec8026a04eb56afdff98290b133648f15b,1030,1,train,1
4017,1032,9,Asbestopluma,/home/tahiti/MARINE_DATASETS/FathomNet_FGVC2025/data/rois/1032_4017.png,/home/tahiti/MARINE_DATASETS/FathomNet_FGVC2025/data/images/1032.png,d4bd51e3528297c5d0e8b61860c6179f8d9f5e2f3a1b0e6074b5eb896f825b88,0a9fd54731c9f03fb63047195f535a7ac11e86fbe38bcce6d773e70b15970cf9,1032,0,train,0
4029,1034,23,Florometra serratissima,/home/tahiti/MARINE_DATASETS/FathomNet_FGVC2025/data/rois/1034_4029.png,/home/tahiti/MARINE_DATASETS/FathomNet_FGVC2025/data/images/1034.png,0330d5fbd95a8e4af034af38018da427ee551489e80ffd4a80397e69510ad389,4a987baaba1f2e56b8a99df034002ba21f45209018b3de929c876d352f6a2bfc,1034,1,train,1
4031,1034,23,Florometra serratissima,/home/tahiti/MARINE_DATASETS/FathomNet_FGVC2025/data/rois/1034_4031.png,/home/tahiti/MARINE_DATASETS/FathomNet_FGVC2025/data/images/1034.png,1a272953d77b1a8673c71be3bfbc56dd16c1d47a223d26ccc115f164abddf6bc,4a987baaba1f2e56b8a99df034002ba21f45209018b3de929c876d352f6a2bfc,1034,1,train,1
4040,1037,71,Sebastolobus,/home/tahiti/MARINE_DATASETS/FathomNet_FGVC2025/data/rois/1037_4040.png,/home/tahiti/MARINE_DATASETS/FathomNet_FGVC2025/data/images/1037.png,7b835ab8f2456609ae531d897cf01632844472e7a23423f42dea772e003efaa9,285b5f401bb95b242128c40f42d70588b417d2f1347b7f5a8618b2dbbdeec707,1037,2,train,2
4041,1037,65,Rathbunaster californicus,/home/tahiti/MARINE_DATASETS/FathomNet_FGVC2025/data/rois/1037_4041.png,/home/tahiti/MARINE_DATASETS/FathomNet_FGVC2025/data/images/1037.png,fc4336fdc2bbfb750625899bdc702419b31b6c4c009b4426eed6f974769b3b70,285b5f401bb95b242128c40f42d70588b417d2f1347b7f5a8618b2dbbdeec707,1037,2,train,2
4055,1043,67,Scotoplanes,/home/tahiti/MARINE_DATASETS/FathomNet_FGVC2025/data/rois/1043_4055.png,/home/tahiti/MARINE_DATASETS/FathomNet_FGVC2025/data/images/1043.png,809b60b393fce34039a72a26ad6c4e08572b617a70cd36c8b4aa65a231d81820,42093953c4d41121f479cdefba93e528a9a1b9c1363495de524cf1ff8b4325cb,1043,0,train,0
4062,1046,45,Munnopsidae,/home/tahiti/MARINE_DATASETS/FathomNet_FGVC2025/data/rois/1046_4062.png,/home/tahiti/MARINE_DATASETS/FathomNet_FGVC2025/data/images/1046.png,0c228026c8cefc68e02c545330eefab3d916f15fb45ad596ca798257b2405c9e,d3b87991e84ca851f46154b3e0df80e750a5c5f2ad55783702866c47a8ed98a6,1046,4,train,4
4074,1054,45,Munnopsidae,/home/tahiti/MARINE_DATASETS/FathomNet_FGVC2025/data/rois/1054_4074.png,/home/tahiti/MARINE_DATASETS/FathomNet_FGVC2025/data/images/1054.png,32907299b9642d04bd66c6f646069ab26d703fa471e6b03e7fd2c98f7eae5d4f,f9568a6b4882b793bebe46a5834a73556d24151e73958a5092f4e7fdc6d45928,1054,4,train,4
4076,1055,5,Actiniaria,/home/tahiti/MARINE_DATASETS/FathomNet_FGVC2025/data/rois/1055_4076.png,/home/tahiti/MARINE_DATASETS/FathomNet_FGVC2025/data/images/1055.png,3276d73ba61f003aa1a39a501dc3c5c006d22fbae51f446cb48c266741bb2d27,c0caeddbe57d51662a0b9de28a403ef086ddf477d20030f5194c0d67a763c923,1055,1,train,1
4081,1060,51,Pandalus amplus,/home/tahiti/MARINE_DATASETS/FathomNet_FGVC2025/data/rois/1060_4081.png,/home/tahiti/MARINE_DATASETS/FathomNet_FGVC2025/data/images/1060.png,fa2a492b48eb32d77c524cc20b5330e45fcf2a979e2615389e770e452438567e,6576ead4b0b869ae9e311a0177c4cfbf9ca2d8da991e35c0fa2cc71ae72bd3db,1060,1,train,1
4089,1064,34,Isidella tentaculum,/home/tahiti/MARINE_DATASETS/FathomNet_FGVC2025/data/rois/1064_4089.png,/home/tahiti/MARINE_DATASETS/FathomNet_FGVC2025/data/images/1064.png,1e5ebed71629b061b13e3e8f061c5e4c0eedf5344d93dbc40f08ff260b678438,1b78f6e66bd7ac3f53f4f8d7657815a13df2c9f5d1538498882576141343b2ba,1064,0,train,0
4104,1068,30,Hexactinellida,/home/tahiti/MARINE_DATASETS/FathomNet_FGVC2025/data/rois/1068_4104.png,/home/tahiti/MARINE_DATASETS/FathomNet_FGVC2025/data/images/1068.png,61a8c1cd94d81777cd8a552c555094c043e18fdbb5f97376ba8e1d0719cfc138,669add8b54737d3910c6f04874ceb29a5267ddca63215bead634ff916347b626,1068,0,train,0
4123,1068,16,Chionoecetes tanneri,/home/tahiti/MARINE_DATASETS/FathomNet_FGVC2025/data/rois/1068_4123.png,/home/tahiti/MARINE_DATASETS/FathomNet_FGVC2025/data/images/1068.png,90a57b041b6e1680db6fd56de8e393cd843d6abbdb0d0d7dcd133934638e93fc,669add8b54737d3910c6f04874ceb29a5267ddca63215bead634ff916347b626,1068,0,train,0
4127,1069,34,Isidella tentaculum,/home/tahiti/MARINE_DATASETS/FathomNet_FGVC2025/data/rois/1069_4127.png,/home/tahiti/MARINE_DATASETS/FathomNet_FGVC2025/data/images/1069.png,f864493ca1091516656fd960583c78af62d16b65c558fa4d6f971b46c8ee55f9,09afa48af3268f39b228b1d85c76338fa6b6e4db5fd556531ece88707c98f8d7,1069,4,train,4
4136,1072,71,Sebastolobus,/home/tahiti/MARINE_DATASETS/FathomNet_FGVC2025/data/rois/1072_4136.png,/home/tahiti/MARINE_DATASETS/FathomNet_FGVC2025/data/images/1072.png,88edcdf9c703128204587e3a4b02f8b7275a81880aeb25d3032bb9c5d52ec14d,76160a8db51d95de9c5c2d3fc9fc94e0a46f6ae1a5e43c6061d49ffad54725de,1072,1,train,1
4140,1073,46,Mycale,/home/tahiti/MARINE_DATASETS/FathomNet_FGVC2025/data/rois/1073_4140.png,/home/tahiti/MARINE_DATASETS/FathomNet_FGVC2025/data/images/1073.png,67198ac343d17f7478948a7459631fecfaf3d0a781129fcbe3cd72a050ce32b2,ab6d186bd7e4acd4ac8b8bc9d87b4df8089bdaa8038308ca217e3f1c11a01d6d,1073,4,train,4
4143,1073,46,Mycale,/home/tahiti/MARINE_DATASETS/FathomNet_FGVC2025/data/rois/1073_4143.png,/home/tahiti/MARINE_DATASETS/FathomNet_FGVC2025/data/images/1073.png,de608837aa96ba1040b68ac1192a84e0a5c15d390e9782b66b6b174c67b5202b,ab6d186bd7e4acd4ac8b8bc9d87b4df8089bdaa8038308ca217e3f1c11a01d6d,1073,4,train,4
4150,1073,43,Microstomus pacificus,/home/tahiti/MARINE_DATASETS/FathomNet_FGVC2025/data/rois/1073_4150.png,/home/tahiti/MARINE_DATASETS/FathomNet_FGVC2025/data/images/1073.png,16d4f27e475fa86bcb6835b85b8ef1934ca0d25787a85b1bd4e457d843456809,ab6d186bd7e4acd4ac8b8bc9d87b4df8089bdaa8038308ca217e3f1c11a01d6d,1073,4,train,4
4152,1074,5,Actiniaria,/home/tahiti/MARINE_DATASETS/FathomNet_FGVC2025/data/rois/1074_4152.png,/home/tahiti/MARINE_DATASETS/FathomNet_FGVC2025/data/images/1074.png,f3f8b58e93aeb44ed7211dc7602c84007f266131103f0ad5d49d708d61d9890c,20848aea41f7c6a32fa8936d0593c615c31cbc2fd6404e3b91e9660c76a4649b,1074,0,train,0
4160,1077,38,Liponema brevicorne,/home/tahiti/MARINE_DATASETS/FathomNet_FGVC2025/data/rois/1077_4160.png,/home/tahiti/MARINE_DATASETS/FathomNet_FGVC2025/data/images/1077.png,75643451dd09f766b6faefae3b14439b516b821680c2205febd8ff858b59d028,998952f6b91b8e170aa1b74aadcb98e48c204390806573ad63158da60275d402,1077,5,train,5
4190,1094,38,Liponema brevicorne,/home/tahiti/MARINE_DATASETS/FathomNet_FGVC2025/data/rois/1094_4190.png,/home/tahiti/MARINE_DATASETS/FathomNet_FGVC2025/data/images/1094.png,26fc67ef790eed3c783ab39dfddb1dbef0e583845cd8d8a555da5b03cf573e51,5a02294f914e0fe296b0b8becf1ea44bd5f5fcb4dbee5b7cb49d2a7293deb229,1094,0,train,0
4200,1098,47,Octopus rubescens,/home/tahiti/MARINE_DATASETS/FathomNet_FGVC2025/data/rois/1098_4200.png,/home/tahiti/MARINE_DATASETS/FathomNet_FGVC2025/data/images/1098.png,13c5097853fa78502912156ab795f0cd921f8bdf7b81627c9f1c35894c44823a,cace8c734a37ca835038196ee312a3eb98e1dff68b38c61dba78c4f61d514f76,1098,1,train,1
4243,1113,58,Peniagone,/home/tahiti/MARINE_DATASETS/FathomNet_FGVC2025/data/rois/1113_4243.png,/home/tahiti/MARINE_DATASETS/FathomNet_FGVC2025/data/images/1113.png,38dc4803f6f4dccf55179148ab387a02688bf20b747949f7b4e1781761d4461b,7f2a3c53316e789adbe7b647f4ab710c790cd36f5f7d58562f2ec4c3db52c97c,1113,1,train,1
4262,1113,58,Peniagone,/home/tahiti/MARINE_DATASETS/FathomNet_FGVC2025/data/rois/1113_4262.png,/home/tahiti/MARINE_DATASETS/FathomNet_FGVC2025/data/images/1113.png,41fe008c58e14c36d01cbd0b2b0fd97262c63948075db4d020e6b3fa4b4da4bd,7f2a3c53316e789adbe7b647f4ab710c790cd36f5f7d58562f2ec4c3db52c97c,1113,1,train,1
4265,1115,37,Keratoisis,/home/tahiti/MARINE_DATASETS/FathomNet_FGVC2025/data/rois/1115_4265.png,/home/tahiti/MARINE_DATASETS/FathomNet_FGVC2025/data/images/1115.png,4212d0f75c0b797e0b0d77d726028aba99204c7d95ab47c43ca7429b8aa597bc,86cd5534507f571fef414cef20a2778550fcf59fbca073ea5b84d4275aae37ac,1115,0,train,0
4266,1116,69,Sebastes,/home/tahiti/MARINE_DATASETS/FathomNet_FGVC2025/data/rois/1116_4266.png,/home/tahiti/MARINE_DATASETS/FathomNet_FGVC2025/data/images/1116.png,a1dc741456ac8e30d4ce993c07760a734e5b78a4a9b441a78e33022ad9acf118,267e40e5688df0f521aab80bcc44069fbf9d34f198f1df0a3770b18b2ae6b9be,1116,4,train,4
4278,1118,71,Sebastolobus,/home/tahiti/MARINE_DATASETS/FathomNet_FGVC2025/data/rois/1118_4278.png,/home/tahiti/MARINE_DATASETS/FathomNet_FGVC2025/data/images/1118.png,5c644ed52219f826a8f09eeaf9b77f418a6ea0bc06cdcc89d65800be4964d184,43087d3bfa5536a829f59c046a524bb8089b0afa222f1c508bad79e29f093f22,1118,1,train,1
4283,1120,28,Heterochone calyx,/home/tahiti/MARINE_DATASETS/FathomNet_FGVC2025/data/rois/1120_4283.png,/home/tahiti/MARINE_DATASETS/FathomNet_FGVC2025/data/images/1120.png,6d7c547f4dba929b96ac69dcda4c3bc477e18e58d5523a345572d06cb651dd42,b8cedcb6fde7c965cb1a466c2a0fd39e0f43fb09f2310c8ab26974bd48737a59,1120,0,train,0
4284,1120,73,Staurocalyptus,/home/tahiti/MARINE_DATASETS/FathomNet_FGVC2025/data/rois/1120_4284.png,/home/tahiti/MARINE_DATASETS/FathomNet_FGVC2025/data/images/1120.png,bdd4f1b61274ee6e1b4faf22c1174f625eee3ee1764b4a141bcc61ba2ee2caf7,b8cedcb6fde7c965cb1a466c2a0fd39e0f43fb09f2310c8ab26974bd48737a59,1120,0,train,0
4289,1121,19,Crinoidea,/home/tahiti/MARINE_DATASETS/FathomNet_FGVC2025/data/rois/1121_4289.png,/home/tahiti/MARINE_DATASETS/FathomNet_FGVC2025/data/images/1121.png,7d930c4b49b6777d789be8c3289a560db0eb24801ece5666942b7593d73d56ea,77e1c139e07dc54fa42aa1cfafa878b80b5e0090c694f438c6493fa85ba9f6f8,1121,1,train,1
4327,1133,65,Rathbunaster californicus,/home/tahiti/MARINE_DATASETS/FathomNet_FGVC2025/data/rois/1133_4327.png,/home/tahiti/MARINE_DATASETS/FathomNet_FGVC2025/data/images/1133.png,95a5baaef9099e641b67af66bb979b37dbc489e3fa6657fa5dfca994b9a444b4,70bae428931856b2771dde004f36fd7b94767c63cadd4235b1c6f7f031047e9b,1133,4,train,4
4340,1139,60,Porifera,/home/tahiti/MARINE_DATASETS/FathomNet_FGVC2025/data/rois/1139_4340.png,/home/tahiti/MARINE_DATASETS/FathomNet_FGVC2025/data/images/1139.png,dadddceefd9a0245e812d3e50fa188567572db76dfc75976427f3e4c54022fe9,4d061a7b31479935db85c369285dabb7d27aed5397fe8253f70f0b665fcb7434,1139,5,train,5
4350,1139,73,Staurocalyptus,/home/tahiti/MARINE_DATASETS/FathomNet_FGVC2025/data/rois/1139_4350.png,/home/tahiti/MARINE_DATASETS/FathomNet_FGVC2025/data/images/1139.png,ce8cb0b99f215e174006856510702b7949a8ca22c56717ea7002a94a0016dec9,4d061a7b31479935db85c369285dabb7d27aed5397fe8253f70f0b665fcb7434,1139,5,train,5
4353,1139,16,Chionoecetes tanneri,/home/tahiti/MARINE_DATASETS/FathomNet_FGVC2025/data/rois/1139_4353.png,/home/tahiti/MARINE_DATASETS/FathomNet_FGVC2025/data/images/1139.png,47f2dc527ff55440ce3da326956ee1c15f732b7683e5898214fd034b072ddaff,4d061a7b31479935db85c369285dabb7d27aed5397fe8253f70f0b665fcb7434,1139,5,train,5
4366,1139,16,Chionoecetes tanneri,/home/tahiti/MARINE_DATASETS/FathomNet_FGVC2025/data/rois/1139_4366.png,/home/tahiti/MARINE_DATASETS/FathomNet_FGVC2025/data/images/1139.png,aaf96545beceac35f11cd7ec15ef55aeee7f93ec43f3eafaa158364d1c0ed355,4d061a7b31479935db85c369285dabb7d27aed5397fe8253f70f0b665fcb7434,1139,5,train,5
4387,1147,60,Porifera,/home/tahiti/MARINE_DATASETS/FathomNet_FGVC2025/data/rois/1147_4387.png,/home/tahiti/MARINE_DATASETS/FathomNet_FGVC2025/data/images/1147.png,02f397c0cc33e8b03955c46c23766b16bf7c51951fa3a6dab65cdbc083dcdc15,b9f88fbfb4999b751a8ed405e97bb0d8b622abd1fb49e6a479c040f0201692f8,1147,1,train,1
4395,1151,76,Tunicata,/home/tahiti/MARINE_DATASETS/FathomNet_FGVC2025/data/rois/1151_4395.png,/home/tahiti/MARINE_DATASETS/FathomNet_FGVC2025/data/images/1151.png,698d6415c356bad9c6f2570346bc33584afca0e2fcf1bd95624bd0e5b41fb2de,49438cdee67ed7add13b79f8bf642dd6c7f46ca45f9e4d18086bd2fc8ba64911,1151,5,train,5
4399,1151,76,Tunicata,/home/tahiti/MARINE_DATASETS/FathomNet_FGVC2025/data/rois/1151_4399.png,/home/tahiti/MARINE_DATASETS/FathomNet_FGVC2025/data/images/1151.png,0e381755c38911d72cc944acac38e5b6cb9885c879b46996e697c1fcdc717dda,49438cdee67ed7add13b79f8bf642dd6c7f46ca45f9e4d18086bd2fc8ba64911,1151,5,train,5
4414,1158,65,Rathbunaster californicus,/home/tahiti/MARINE_DATASETS/FathomNet_FGVC2025/data/rois/1158_4414.png,/home/tahiti/MARINE_DATASETS/FathomNet_FGVC2025/data/images/1158.png,a7d74183f3b360cff9faa8a5cf7bd8ac48b894151182e276bbd9198d2c12b0cc,626c9eb3ff773524cd9714a80f026c08826d5570cdfb7a0aee2c8b9838881ebb,1158,0,train,0
4423,1163,28,Heterochone calyx,/home/tahiti/MARINE_DATASETS/FathomNet_FGVC2025/data/rois/1163_4423.png,/home/tahiti/MARINE_DATASETS/FathomNet_FGVC2025/data/images/1163.png,cb1a4c7b38b4cc5adc42bc8ef0e533989a818e149c47dd0ee692be492d977606,be03db0a8f465244a929d73bae88fb9487f100b940ca76692a279fe5be619911,1163,1,train,1
4425,1163,16,Chionoecetes tanneri,/home/tahiti/MARINE_DATASETS/FathomNet_FGVC2025/data/rois/1163_4425.png,/home/tahiti/MARINE_DATASETS/FathomNet_FGVC2025/data/images/1163.png,70850e57a362326c43c36fb1766c8adae0b9bf51c98f5648f7e582438f535465,be03db0a8f465244a929d73bae88fb9487f100b940ca76692a279fe5be619911,1163,1,train,1
4429,1163,16,Chionoecetes tanneri,/home/tahiti/MARINE_DATASETS/FathomNet_FGVC2025/data/rois/1163_4429.png,/home/tahiti/MARINE_DATASETS/FathomNet_FGVC2025/data/images/1163.png,0d3c17d16efaf8e829c0688a2c6ad6ad2c0e052b8bfea91c57de5c0f09fa70ef,be03db0a8f465244a929d73bae88fb9487f100b940ca76692a279fe5be619911,1163,1,train,1
4449,1165,5,Actiniaria,/home/tahiti/MARINE_DATASETS/FathomNet_FGVC2025/data/rois/1165_4449.png,/home/tahiti/MARINE_DATASETS/FathomNet_FGVC2025/data/images/1165.png,90e64889efc6cc0bc61ea5eb7d6cc9f51132015534e5defedd2120b037d199aa,649d45ea4451ea5acf9d035085fe54313fdf3055a2b31dbbce644bd1e5e64fcb,1165,0,train,0
4464,1166,72,Serpulidae,/home/tahiti/MARINE_DATASETS/FathomNet_FGVC2025/data/rois/1166_4464.png,/home/tahiti/MARINE_DATASETS/FathomNet_FGVC2025/data/images/1166.png,e20764116b18d2ac327356fd3c30a3047ae183cf98e5b7781d2814edce0d1951,5f8c1f4d959e7c3aa992f785b975e6f762e2f2b1c01c091cd36c7e3f9ff0c7d4,1166,4,train,4
4468,1166,79,Zoantharia,/home/tahiti/MARINE_DATASETS/FathomNet_FGVC2025/data/rois/1166_4468.png,/home/tahiti/MARINE_DATASETS/FathomNet_FGVC2025/data/images/1166.png,c39d466ea2a821e7ba7716d36aafb36ef79e8682f56fe169323eb001a5942eaf,5f8c1f4d959e7c3aa992f785b975e6f762e2f2b1c01c091cd36c7e3f9ff0c7d4,1166,4,train,4
4469,1166,72,Serpulidae,/home/tahiti/MARINE_DATASETS/FathomNet_FGVC2025/data/rois/1166_4469.png,/home/tahiti/MARINE_DATASETS/FathomNet_FGVC2025/data/images/1166.png,dda49a933f808b7f423422f16c1f8faf103f9c3dde6dcb714a71436b75d6289b,5f8c1f4d959e7c3aa992f785b975e6f762e2f2b1c01c091cd36c7e3f9ff0c7d4,1166,4,train,4
4482,1166,72,Serpulidae,/home/tahiti/MARINE_DATASETS/FathomNet_FGVC2025/data/rois/1166_4482.png,/home/tahiti/MARINE_DATASETS/FathomNet_FGVC2025/data/images/1166.png,2b95deded3b7dcd44dfd00dec113787bfa0137cd96895866586259b93225f735,5f8c1f4d959e7c3aa992f785b975e6f762e2f2b1c01c091cd36c7e3f9ff0c7d4,1166,4,train,4
4489,1166,79,Zoantharia,/home/tahiti/MARINE_DATASETS/FathomNet_FGVC2025/data/rois/1166_4489.png,/home/tahiti/MARINE_DATASETS/FathomNet_FGVC2025/data/images/1166.png,5718f8761b4f016e74a3adf6584050fdf1d482348e6e7a00ed8089e51475b439,5f8c1f4d959e7c3aa992f785b975e6f762e2f2b1c01c091cd36c7e3f9ff0c7d4,1166,4,train,4
4522,1176,71,Sebastolobus,/home/tahiti/MARINE_DATASETS/FathomNet_FGVC2025/data/rois/1176_4522.png,/home/tahiti/MARINE_DATASETS/FathomNet_FGVC2025/data/images/1176.png,d828722f402c0104615050e6e9b833d9c04739a1df77f29f5b5e8aa387f62a96,06923d93db2d977daad39f35af9529e941c99e024a4bc7d46d7ae069fd00643c,1176,5,train,5
4539,1187,48,Ophiacanthidae,/home/tahiti/MARINE_DATASETS/FathomNet_FGVC2025/data/rois/1187_4539.png,/home/tahiti/MARINE_DATASETS/FathomNet_FGVC2025/data/images/1187.png,4946c904a97d837a6e66375e5ce2137b45863252f3a9f3535483edeefd264979,f8034e8f0232a962a1aaada18aa08e26f42b78729f7beb3021dcb51957006e64,1187,0,train,0
4559,1188,20,Delectopecten,/home/tahiti/MARINE_DATASETS/FathomNet_FGVC2025/data/rois/1188_4559.png,/home/tahiti/MARINE_DATASETS/FathomNet_FGVC2025/data/images/1188.png,c2fecb6ac1a28564c711b88f9a4595f84a5d89cccf8cd33483b6cb7030e82670,466be4a0019a260c2723834ea1b04abbba863c982b2ba098deeecd72b836b2bb,1188,4,train,4
4578,1191,35,Isididae,/home/tahiti/MARINE_DATASETS/FathomNet_FGVC2025/data/rois/1191_4578.png,/home/tahiti/MARINE_DATASETS/FathomNet_FGVC2025/data/images/1191.png,8735aaed46c1520b3069790a0858ae40f87f30a69455a282af89510e15e259c7,4116516c2b4f87a19972327d78b289a808720b16908678db138b43a1dc48d39e,1191,0,train,0
4581,1192,5,Actiniaria,/home/tahiti/MARINE_DATASETS/FathomNet_FGVC2025/data/rois/1192_4581.png,/home/tahiti/MARINE_DATASETS/FathomNet_FGVC2025/data/images/1192.png,780bfaf36eb42b95c2599968032040ab99c559411a20df5f0dc0c8449eb9089d,e8ebfddc2d3ccbd4b49c96b3778049571ad30d6b4466d1a954f2119f0f2ceabc,1192,0,train,0
4591,1197,11,Asteroidea,/home/tahiti/MARINE_DATASETS/FathomNet_FGVC2025/data/rois/1197_4591.png,/home/tahiti/MARINE_DATASETS/FathomNet_FGVC2025/data/images/1197.png,db619a530491c40d1493022c22221540a394fcb3269d35838e762646cc7cd0b5,c45dcd66c665d6ffd61ca586a41870a1344bb3c032e6f0d168be13198aa8e0cf,1197,5,train,5
4608,1204,53,Pannychia moseleyi,/home/tahiti/MARINE_DATASETS/FathomNet_FGVC2025/data/rois/1204_4608.png,/home/tahiti/MARINE_DATASETS/FathomNet_FGVC2025/data/images/1204.png,8131b018c70864c93809fd83a9d84cf43bf3f794f01f528b7113c6444b589257,7d34050539090f1e1d326e918266438d8fc879a7cd8eeb7bb3de635e3e19dfea,1204,2,train,2
4612,1205,77,Umbellula,/home/tahiti/MARINE_DATASETS/FathomNet_FGVC2025/data/rois/1205_4612.png,/home/tahiti/MARINE_DATASETS/FathomNet_FGVC2025/data/images/1205.png,3bdc3329c84d56e68e076e7683277eb2b7170b112164600df27f05eb555f74f0,eebc18d324090f86e38422fc89b756bff99917ae32eaf12997ee73801e1c09b1,1205,2,train,2
4614,1205,59,Pennatula phosphorea,/home/tahiti/MARINE_DATASETS/FathomNet_FGVC2025/data/rois/1205_4614.png,/home/tahiti/MARINE_DATASETS/FathomNet_FGVC2025/data/images/1205.png,d63095da6bff78d467675ec9bfb50de2485a7b1d14cbfba864790661a85325f1,eebc18d324090f86e38422fc89b756bff99917ae32eaf12997ee73801e1c09b1,1205,2,train,2
4628,1216,35,Isididae,/home/tahiti/MARINE_DATASETS/FathomNet_FGVC2025/data/rois/1216_4628.png,/home/tahiti/MARINE_DATASETS/FathomNet_FGVC2025/data/images/1216.png,33e2a860fd5a309cb9f0d6121222c4d6eb06e35704630ce0ac295a32ad8f2de3,289aa7d103f8aca9fe55d182712b7db34fc3399bae5e3f831668a130d1991253,1216,0,train,0
4636,1217,66,Scleractinia,/home/tahiti/MARINE_DATASETS/FathomNet_FGVC2025/data/rois/1217_4636.png,/home/tahiti/MARINE_DATASETS/FathomNet_FGVC2025/data/images/1217.png,db5de5821b62439e8ba3f47f0923bd7720241786b7773d9bc1fcda552350c4d9,4bca0b6ba99c7ee5821233e7c082f384137f0a59d3b72cc1d8cd28b980c1b7e0,1217,4,train,4
4638,1217,19,Crinoidea,/home/tahiti/MARINE_DATASETS/FathomNet_FGVC2025/data/rois/1217_4638.png,/home/tahiti/MARINE_DATASETS/FathomNet_FGVC2025/data/images/1217.png,d2edea8a2af5c7a4a3b3dead9066ccd47e68af53e50665aa686bffea1c92b3ad,4bca0b6ba99c7ee5821233e7c082f384137f0a59d3b72cc1d8cd28b980c1b7e0,1217,4,train,4
4640,1217,66,Scleractinia,/home/tahiti/MARINE_DATASETS/FathomNet_FGVC2025/data/rois/1217_4640.png,/home/tahiti/MARINE_DATASETS/FathomNet_FGVC2025/data/images/1217.png,14661f5c2739ead6109e3071566e2dce0f620e96041c255ce3b7d5f74a182187,4bca0b6ba99c7ee5821233e7c082f384137f0a59d3b72cc1d8cd28b980c1b7e0,1217,4,train,4
4671,1226,11,Asteroidea,/home/tahiti/MARINE_DATASETS/FathomNet_FGVC2025/data/rois/1226_4671.png,/home/tahiti/MARINE_DATASETS/FathomNet_FGVC2025/data/images/1226.png,9f9c969f9385ffa4c6ef90efc7f92b70330bbbc932bf13334c082c38417de792,780e5e651fe94f51d165f821b9f0f45e9371f3d5d7ae2482ebbd54d1d9cd3789,1226,5,train,5
4683,1228,30,Hexactinellida,/home/tahiti/MARINE_DATASETS/FathomNet_FGVC2025/data/rois/1228_4683.png,/home/tahiti/MARINE_DATASETS/FathomNet_FGVC2025/data/images/1228.png,98c23f1a296dc699fcc28c935a0a032b2c82e4c9474d76d2a8dd58ffb522f744,78ba84f8675afcc774c6e788a1915de717ce983661dbd94bb28134b887a2d45d,1228,4,train,4
4697,1233,11,Asteroidea,/home/tahiti/MARINE_DATASETS/FathomNet_FGVC2025/data/rois/1233_4697.png,/home/tahiti/MARINE_DATASETS/FathomNet_FGVC2025/data/images/1233.png,12d2331639ec784c86aa328b31423bb38ca36634ba9e41d540000634ae38456f,a883bdd05bdd43f64978a3cc1d50dc2bb915106408c813140895cb96518ef8a9,1233,1,train,1
4705,1233,71,Sebastolobus,/home/tahiti/MARINE_DATASETS/FathomNet_FGVC2025/data/rois/1233_4705.png,/home/tahiti/MARINE_DATASETS/FathomNet_FGVC2025/data/images/1233.png,1482fa12e0170ef4cc95009f016958070b4dc70305a79dbb8048e7b495a130ea,a883bdd05bdd43f64978a3cc1d50dc2bb915106408c813140895cb96518ef8a9,1233,1,train,1
4707,1234,5,Actiniaria,/home/tahiti/MARINE_DATASETS/FathomNet_FGVC2025/data/rois/1234_4707.png,/home/tahiti/MARINE_DATASETS/FathomNet_FGVC2025/data/images/1234.png,886d4bbf2a9d19f7e2de4da47d226472cd85a5923c860ac1edff96eb6a72d4f7,61d24aa043a8396149cd29656371ba463fbb7aaddcda0e74cb1f9d5210eb6931,1234,4,train,4
4735,1248,22,Farrea,/home/tahiti/MARINE_DATASETS/FathomNet_FGVC2025/data/rois/1248_4735.png,/home/tahiti/MARINE_DATASETS/FathomNet_FGVC2025/data/images/1248.png,a768160202e48c0c7f80e7cfaa13b8d017c956fb9d27259406a5cdb3f8230b5b,95583ff75d747c1df65f8e6e173299a7c84e02f6882bc53a3c631c5beb32ea28,1248,1,train,1
4738,1249,71,Sebastolobus,/home/tahiti/MARINE_DATASETS/FathomNet_FGVC2025/data/rois/1249_4738.png,/home/tahiti/MARINE_DATASETS/FathomNet_FGVC2025/data/images/1249.png,a68b13fabb62da7e7fac82a76bbeda159774ff96eed87ddbe6891ea8cb0f3687,776c6178867ee385101afc9e4c1bf5afbc0c6475cdbe8386f0854492a04e34c0,1249,5,train,5
4740,1249,11,Asteroidea,/home/tahiti/MARINE_DATASETS/FathomNet_FGVC2025/data/rois/1249_4740.png,/home/tahiti/MARINE_DATASETS/FathomNet_FGVC2025/data/images/1249.png,21fd0937428bb8089e29005a8b50adddeba37b95daaf88980bae7f0ae921dbc2,776c6178867ee385101afc9e4c1bf5afbc0c6475cdbe8386f0854492a04e34c0,1249,5,train,5
4747,1251,52,Pandalus platyceros,/home/tahiti/MARINE_DATASETS/FathomNet_FGVC2025/data/rois/1251_4747.png,/home/tahiti/MARINE_DATASETS/FathomNet_FGVC2025/data/images/1251.png,74e449043bdc6558c05df9593bb1284106dbe16bb278f04e9c4cf17fe6ced8b4,6f9410046350e6628ca80ecedcf0fc8c891994484ff7e67bc89f5e5b274fcf0c,1251,5,train,5
4748,1251,47,Octopus rubescens,/home/tahiti/MARINE_DATASETS/FathomNet_FGVC2025/data/rois/1251_4748.png,/home/tahiti/MARINE_DATASETS/FathomNet_FGVC2025/data/images/1251.png,2475267e295ba1816292d5ca0ad470216c27110e385dce07dc7b59b9adc21e72,6f9410046350e6628ca80ecedcf0fc8c891994484ff7e67bc89f5e5b274fcf0c,1251,5,train,5
4750,1251,52,Pandalus platyceros,/home/tahiti/MARINE_DATASETS/FathomNet_FGVC2025/data/rois/1251_4750.png,/home/tahiti/MARINE_DATASETS/FathomNet_FGVC2025/data/images/1251.png,87cae7efb8588c15d59ab281f0c8bcd9ed61ca015dd2be9cd280440fd42a16b3,6f9410046350e6628ca80ecedcf0fc8c891994484ff7e67bc89f5e5b274fcf0c,1251,5,train,5
4772,1258,19,Crinoidea,/home/tahiti/MARINE_DATASETS/FathomNet_FGVC2025/data/rois/1258_4772.png,/home/tahiti/MARINE_DATASETS/FathomNet_FGVC2025/data/images/1258.png,9f77f5f4e009ddb822953594ffb147888fedce839fead306df24c6d4bb7d5bc8,cc688abb5a3333ccb567db943c3524b5dbfbf24f85fdbb69af4e3932b65477f8,1258,1,train,1
4782,1266,54,Paragorgia,/home/tahiti/MARINE_DATASETS/FathomNet_FGVC2025/data/rois/1266_4782.png,/home/tahiti/MARINE_DATASETS/FathomNet_FGVC2025/data/images/1266.png,bf119c65622ea65716d84ff48e930f7eb5f4e5aabf4cf9ef06920132b1c345e2,3ba3b4e49c47ce301a1c5a9a10820625686c71574ed5060e09a3648c843f3088,1266,2,train,2
4807,1274,73,Staurocalyptus,/home/tahiti/MARINE_DATASETS/FathomNet_FGVC2025/data/rois/1274_4807.png,/home/tahiti/MARINE_DATASETS/FathomNet_FGVC2025/data/images/1274.png,2dec04f77e5405555b1e982acd73174c9be317bc5bea8532b8494102437a3c13,bf948b792f39315bfd45142e0db48e26d728de9f8686beea3afe80b1eecfd00e,1274,4,train,4
4819,1274,60,Porifera,/home/tahiti/MARINE_DATASETS/FathomNet_FGVC2025/data/rois/1274_4819.png,/home/tahiti/MARINE_DATASETS/FathomNet_FGVC2025/data/images/1274.png,5b648cf2c44353a3424c36f848a22fb021ab04f23dcee7ca91da6a56c4cd1efa,bf948b792f39315bfd45142e0db48e26d728de9f8686beea3afe80b1eecfd00e,1274,4,train,4
4824,1274,16,Chionoecetes tanneri,/home/tahiti/MARINE_DATASETS/FathomNet_FGVC2025/data/rois/1274_4824.png,/home/tahiti/MARINE_DATASETS/FathomNet_FGVC2025/data/images/1274.png,821e3cdf5fd41984aab2e9da9b84d6ae3d12342c9e41238013113727785e4721,bf948b792f39315bfd45142e0db48e26d728de9f8686beea3afe80b1eecfd00e,1274,4,train,4
4828,1274,16,Chionoecetes tanneri,/home/tahiti/MARINE_DATASETS/FathomNet_FGVC2025/data/rois/1274_4828.png,/home/tahiti/MARINE_DATASETS/FathomNet_FGVC2025/data/images/1274.png,c73850ccb2bf6c294026386ff295291045c023f4e29e1b7bfd43fee111694174,bf948b792f39315bfd45142e0db48e26d728de9f8686beea3afe80b1eecfd00e,1274,4,train,4
4863,1291,58,Peniagone,/home/tahiti/MARINE_DATASETS/FathomNet_FGVC2025/data/rois/1291_4863.png,/home/tahiti/MARINE_DATASETS/FathomNet_FGVC2025/data/images/1291.png,a4bf22d09a5757e8b438b6ed1c8b2f01759478468befe1ce7e6f797e7e4488c5,c1ffdc094d675d4ba2a72d1479d7f179f91a700a3b13915f1c8cbe7c26c1ad21,1291,2,train,2
4869,1296,5,Actiniaria,/home/tahiti/MARINE_DATASETS/FathomNet_FGVC2025/data/rois/1296_4869.png,/home/tahiti/MARINE_DATASETS/FathomNet_FGVC2025/data/images/1296.png,e09a8566b7b365e34ec4dcdd1b80d9271c0f7b0e2f5325cd217f59f08e5376f8,3fce392139377db79c3a221aad9a7adb3db92ac73721d8cfcd39051341aa8d33,1296,4,train,4
4875,1299,1,Abyssocucumis abyssorum,/home/tahiti/MARINE_DATASETS/FathomNet_FGVC2025/data/rois/1299_4875.png,/home/tahiti/MARINE_DATASETS/FathomNet_FGVC2025/data/images/1299.png,b604b29c3e92af162b390bdc83256cffd6b0a5777942408f4ceb9adcecd09046,9b468d9548dc1c2d02d52c183f895a59874f3bd49de0c7907f71f135851fa5ea,1299,5,train,5
4876,1300,53,Pannychia moseleyi,/home/tahiti/MARINE_DATASETS/FathomNet_FGVC2025/data/rois/1300_4876.png,/home/tahiti/MARINE_DATASETS/FathomNet_FGVC2025/data/images/1300.png,5f3acd02b781bf53f98263a876ec4534de3651e5cddea25a456fae3be5d0ecbf,e4fe969d65e6a954692a7af647cbf889c0d1628d85b3bb972e6ed7ca7d1fe5a6,1300,2,train,2
4883,1300,53,Pannychia moseleyi,/home/tahiti/MARINE_DATASETS/FathomNet_FGVC2025/data/rois/1300_4883.png,/home/tahiti/MARINE_DATASETS/FathomNet_FGVC2025/data/images/1300.png,9aae30c8a46f249c674fd77c25c3184db6a2339b8e1c1855edf6ea5a41bc001f,e4fe969d65e6a954692a7af647cbf889c0d1628d85b3bb972e6ed7ca7d1fe5a6,1300,2,train,2
4888,1303,35,Isididae,/home/tahiti/MARINE_DATASETS/FathomNet_FGVC2025/data/rois/1303_4888.png,/home/tahiti/MARINE_DATASETS/FathomNet_FGVC2025/data/images/1303.png,47aa068ccebe0638b8c132fe51c5835cde558cd66750618e08ba0f0a1a112698,4411c14a552e9e9a57101b6625009457317cce8c3d2d9ca5f018c92a8840db85,1303,5,train,5
4929,1311,62,Psolus squamatus,/home/tahiti/MARINE_DATASETS/FathomNet_FGVC2025/data/rois/1311_4929.png,/home/tahiti/MARINE_DATASETS/FathomNet_FGVC2025/data/images/1311.png,26b4b9f9ce86ba4d5ae85fa9e39ef524fe3f9ec1ee4728353b634d3791207f3e,064f01346b422978251171910e85164dc3cd2172b52f56ede52edfe3634d0f22,1311,4,train,4
4933,1311,62,Psolus squamatus,/home/tahiti/MARINE_DATASETS/FathomNet_FGVC2025/data/rois/1311_4933.png,/home/tahiti/MARINE_DATASETS/FathomNet_FGVC2025/data/images/1311.png,85f9b0b4f8d14e975e1b8706c5a95bf89dc44bfe5b4e877775b9c7d35d539be0,064f01346b422978251171910e85164dc3cd2172b52f56ede52edfe3634d0f22,1311,4,train,4
4962,1321,67,Scotoplanes,/home/tahiti/MARINE_DATASETS/FathomNet_FGVC2025/data/rois/1321_4962.png,/home/tahiti/MARINE_DATASETS/FathomNet_FGVC2025/data/images/1321.png,130dd2d5d31e301b2894824f98ba8c4380bbc6766f8f78811838d462c208d7c0,a0fc9779ab956289a40e00e91ec19b57a70596645082e489edd8c4dcb33e779a,1321,1,train,1
4969,1325,55,Paragorgia arborea,/home/tahiti/MARINE_DATASETS/FathomNet_FGVC2025/data/rois/1325_4969.png,/home/tahiti/MARINE_DATASETS/FathomNet_FGVC2025/data/images/1325.png,db8a192b530fd1a64d5a12306bff98c214b1cce456a4cdd30ea83650d8fd5b8f,b695818d90ebc24d52d8b5aabed890b3e8f75ed1313113a93124b47f596246d5,1325,5,train,5
4972,1326,68,Scotoplanes globosa,/home/tahiti/MARINE_DATASETS/FathomNet_FGVC2025/data/rois/1326_4972.png,/home/tahiti/MARINE_DATASETS/FathomNet_FGVC2025/data/images/1326.png,52c28fe5c17b741e79ac88148ed2b1154a10486a4d5367eb86866b2f19796880,1481ab29b87303b20f452ba6a9f009b161ac08bc8c50a0f6e6d041131b672987,1326,1,train,1
4974,1327,25,Gastropoda,/home/tahiti/MARINE_DATASETS/FathomNet_FGVC2025/data/rois/1327_4974.png,/home/tahiti/MARINE_DATASETS/FathomNet_FGVC2025/data/images/1327.png,96b01c366ce251b22c5450b06b1d251f640459bf8b9482edfb2c3faac1d75e5e,0b3603b42e3b1b02c085f44b6f0dfba7e5149a13fea30ddf07accfb584fc9d00,1327,0,train,0
4988,1330,22,Farrea,/home/tahiti/MARINE_DATASETS/FathomNet_FGVC2025/data/rois/1330_4988.png,/home/tahiti/MARINE_DATASETS/FathomNet_FGVC2025/data/images/1330.png,ad990e30297a0d1d060b7dc9c134e5991ac7c7fb2632ac4103b5950f3e512309,0093c954e2749cf7a29b4ea15a10f76a4f4e9c0064f16c80ccc7e44cd0f5217e,1330,0,train,0
4990,1330,30,Hexactinellida,/home/tahiti/MARINE_DATASETS/FathomNet_FGVC2025/data/rois/1330_4990.png,/home/tahiti/MARINE_DATASETS/FathomNet_FGVC2025/data/images/1330.png,13ad92a894da13e3edaa6f1dbbb38d38cbfe0e1be1a534610f044abf0538b718,0093c954e2749cf7a29b4ea15a10f76a4f4e9c0064f16c80ccc7e44cd0f5217e,1330,0,train,0
5013,1330,16,Chionoecetes tanneri,/home/tahiti/MARINE_DATASETS/FathomNet_FGVC2025/data/rois/1330_5013.png,/home/tahiti/MARINE_DATASETS/FathomNet_FGVC2025/data/images/1330.png,335c04dc86706e69f8153cbe6ed3a0bcd670d3e74e2035cd51da48231ab87923,0093c954e2749cf7a29b4ea15a10f76a4f4e9c0064f16c80ccc7e44cd0f5217e,1330,0,train,0
5027,1333,25,Gastropoda,/home/tahiti/MARINE_DATASETS/FathomNet_FGVC2025/data/rois/1333_5027.png,/home/tahiti/MARINE_DATASETS/FathomNet_FGVC2025/data/images/1333.png,acb923d4d20e646883ccb079c824d8bc65a72daf00c7ec8fcd42c93126a9f421,e5d3868198084f0ffd7f756971173ce453bdd1cb7987f4512c541cb84eba229f,1333,5,train,5
5033,1338,37,Keratoisis,/home/tahiti/MARINE_DATASETS/FathomNet_FGVC2025/data/rois/1338_5033.png,/home/tahiti/MARINE_DATASETS/FathomNet_FGVC2025/data/images/1338.png,4276331c1769bfd6d1b36818c7b564811476bcf6c18a4c4bcda2417bee31165d,b804c5344c017fc30148c6d956f710f9387308566a5f0464c60f1d9f165e1c5e,1338,1,train,1
5050,1344,22,Farrea,/home/tahiti/MARINE_DATASETS/FathomNet_FGVC2025/data/rois/1344_5050.png,/home/tahiti/MARINE_DATASETS/FathomNet_FGVC2025/data/images/1344.png,e4667692a998be9700b5290e092c5ccbf420a2aa4de19567a220c986e5ab5cb5,be8e814002e6765f9561d1ee95eab9efcf5e2ad782f15b9bc36920f2911113fb,1344,2,train,2
5073,1353,14,Caridea,/home/tahiti/MARINE_DATASETS/FathomNet_FGVC2025/data/rois/1353_5073.png,/home/tahiti/MARINE_DATASETS/FathomNet_FGVC2025/data/images/1353.png,cc8a690ce190138d9d1e59cd769cd46f86949e46865fa7c9086bc94e267cd021,2962d750d1b4fa58c02af61498a5fa9cda56771d08dfb87a28d48de2b67ebef9,1353,0,train,0
5117,1370,65,Rathbunaster californicus,/home/tahiti/MARINE_DATASETS/FathomNet_FGVC2025/data/rois/1370_5117.png,/home/tahiti/MARINE_DATASETS/FathomNet_FGVC2025/data/images/1370.png,82ac8835e174ce88c1aeea5950745319d2564a7c9843bf834e01071ad4e1a3b9,000cbdb8b0d0f9be4d20f1ec8f82d64f46638bb9c948b9fe65d3f1b78a436d32,1370,5,train,5
5130,1370,33,Hormathiidae,/home/tahiti/MARINE_DATASETS/FathomNet_FGVC2025/data/rois/1370_5130.png,/home/tahiti/MARINE_DATASETS/FathomNet_FGVC2025/data/images/1370.png,1e4deaa76d4cd70eef0f182ad91e27b92b139212f2593dc1a297c71085a5f1a5,000cbdb8b0d0f9be4d20f1ec8f82d64f46638bb9c948b9fe65d3f1b78a436d32,1370,5,train,5
5134,1370,18,Corallimorphus pilatus,/home/tahiti/MARINE_DATASETS/FathomNet_FGVC2025/data/rois/1370_5134.png,/home/tahiti/MARINE_DATASETS/FathomNet_FGVC2025/data/images/1370.png,5426cd459ee126b05e970ba581d2576c756104ab70f007f8f80f19fa0646160b,000cbdb8b0d0f9be4d20f1ec8f82d64f46638bb9c948b9fe65d3f1b78a436d32,1370,5,train,5
5147,1376,30,Hexactinellida,/home/tahiti/MARINE_DATASETS/FathomNet_FGVC2025/data/rois/1376_5147.png,/home/tahiti/MARINE_DATASETS/FathomNet_FGVC2025/data/images/1376.png,af4deb55e1d683e7b7baccdc61eca1a68d8e406ebad5d0e4d2333d58564ffd6e,d9bb16379f85a586a82ce110bccd85a256ca3c9477116afc5f2e480d0b82c945,1376,0,train,0
5155,1376,73,Staurocalyptus,/home/tahiti/MARINE_DATASETS/FathomNet_FGVC2025/data/rois/1376_5155.png,/home/tahiti/MARINE_DATASETS/FathomNet_FGVC2025/data/images/1376.png,eeafbb16b1e73676eba32c484ab4eb116bec6decb5bf0a0b66b243186bec869c,d9bb16379f85a586a82ce110bccd85a256ca3c9477116afc5f2e480d0b82c945,1376,0,train,0
5157,1376,34,Isidella tentaculum,/home/tahiti/MARINE_DATASETS/FathomNet_FGVC2025/data/rois/1376_5157.png,/home/tahiti/MARINE_DATASETS/FathomNet_FGVC2025/data/images/1376.png,8628dbb8cd3e8aed98cff9bed9d1b7c8c4e9f91f05beb7ee79778471001080f0,d9bb16379f85a586a82ce110bccd85a256ca3c9477116afc5f2e480d0b82c945,1376,0,train,0
5168,1379,41,Merluccius productus,/home/tahiti/MARINE_DATASETS/FathomNet_FGVC2025/data/rois/1379_5168.png,/home/tahiti/MARINE_DATASETS/FathomNet_FGVC2025/data/images/1379.png,92017fa02b3e5a4ae21b6f133f2e8d825670443942fe972a9a9c14e1cd2526f9,8f5b7949b0fd55385a4c72aa4696b60cf9679be07bc0c4458f219281ac4072e0,1379,5,train,5
5185,1386,34,Isidella tentaculum,/home/tahiti/MARINE_DATASETS/FathomNet_FGVC2025/data/rois/1386_5185.png,/home/tahiti/MARINE_DATASETS/FathomNet_FGVC2025/data/images/1386.png,5e5f579bae2691a53cb88f3a4ca75101ca4a3e8a7a6ff8190a0ff94e71349305,4306c9384e4337aef80471330672958f99966399dd22362821dcfbedb12c1559,1386,1,train,1
5196,1386,16,Chionoecetes tanneri,/home/tahiti/MARINE_DATASETS/FathomNet_FGVC2025/data/rois/1386_5196.png,/home/tahiti/MARINE_DATASETS/FathomNet_FGVC2025/data/images/1386.png,889d511cd3d8f7f4f880b5edcc28fb5b32db7cc8c8f490765c7cb0e300c1198c,4306c9384e4337aef80471330672958f99966399dd22362821dcfbedb12c1559,1386,1,train,1
5202,1386,60,Porifera,/home/tahiti/MARINE_DATASETS/FathomNet_FGVC2025/data/rois/1386_5202.png,/home/tahiti/MARINE_DATASETS/FathomNet_FGVC2025/data/images/1386.png,50a775b3f0ffec122f686e30cc15c6dd320493383c16e2e12e501055ecf89845,4306c9384e4337aef80471330672958f99966399dd22362821dcfbedb12c1559,1386,1,train,1
5203,1386,30,Hexactinellida,/home/tahiti/MARINE_DATASETS/FathomNet_FGVC2025/data/rois/1386_5203.png,/home/tahiti/MARINE_DATASETS/FathomNet_FGVC2025/data/images/1386.png,08ee1139646ff19a523c5bef217c211194ad142c5b62f463fae2f47c996c1490,4306c9384e4337aef80471330672958f99966399dd22362821dcfbedb12c1559,1386,1,train,1
5205,1386,30,Hexactinellida,/home/tahiti/MARINE_DATASETS/FathomNet_FGVC2025/data/rois/1386_5205.png,/home/tahiti/MARINE_DATASETS/FathomNet_FGVC2025/data/images/1386.png,595aa60296127129208ee70d8aa5a09e51006a32dc83e2b21070b55acbb047bd,4306c9384e4337aef80471330672958f99966399dd22362821dcfbedb12c1559,1386,1,train,1
5209,1387,25,Gastropoda,/home/tahiti/MARINE_DATASETS/FathomNet_FGVC2025/data/rois/1387_5209.png,/home/tahiti/MARINE_DATASETS/FathomNet_FGVC2025/data/images/1387.png,0351d01a6a63d9687283e0e4dc895626064132faeefed181516091705a54a2f1,630629307b22c29188edb21542e928b137d73a8657e85ada81e1380fbaf36b2e,1387,2,train,2
5211,1387,30,Hexactinellida,/home/tahiti/MARINE_DATASETS/FathomNet_FGVC2025/data/rois/1387_5211.png,/home/tahiti/MARINE_DATASETS/FathomNet_FGVC2025/data/images/1387.png,6e691b726e1db90b911170f6cdeae5bcc60ad1015c28c9d604c08716bde2c9c4,630629307b22c29188edb21542e928b137d73a8657e85ada81e1380fbaf36b2e,1387,2,train,2
5231,1393,58,Peniagone,/home/tahiti/MARINE_DATASETS/FathomNet_FGVC2025/data/rois/1393_5231.png,/home/tahiti/MARINE_DATASETS/FathomNet_FGVC2025/data/images/1393.png,896c6add4442c8cc94a138ce31bf149b6a8509c6859e6d01ecc4083ce4f77e3d,c9db7f293d2541a9b713654acd67cf502b2253a54aa8969941920d2a549dd025,1393,4,train,4
5233,1394,64,Pyrosoma atlanticum,/home/tahiti/MARINE_DATASETS/FathomNet_FGVC2025/data/rois/1394_5233.png,/home/tahiti/MARINE_DATASETS/FathomNet_FGVC2025/data/images/1394.png,e36ed5cdb11035b5587d889e53246942f7710783616890865897e7326b04bf1f,30f2e6178b7a12628231dd383d89bd98d09966851d8380ef9664345b2b0ddfc8,1394,4,train,4
5235,1394,64,Pyrosoma atlanticum,/home/tahiti/MARINE_DATASETS/FathomNet_FGVC2025/data/rois/1394_5235.png,/home/tahiti/MARINE_DATASETS/FathomNet_FGVC2025/data/images/1394.png,4345e7611516571be2a0608aca01c3e5fc32cb6258075ef0d2748ad084bdf68e,30f2e6178b7a12628231dd383d89bd98d09966851d8380ef9664345b2b0ddfc8,1394,4,train,4
5247,1398,44,Munidopsis,/home/tahiti/MARINE_DATASETS/FathomNet_FGVC2025/data/rois/1398_5247.png,/home/tahiti/MARINE_DATASETS/FathomNet_FGVC2025/data/images/1398.png,3757ed85f63ce3f96d0d0124ddf754429abbb82ed63c0c739d2ee0b11560b18c,043d0c18bed6dc986adf412d92e3fc3d70cdb2fe16562cdef7cbd3984611b294,1398,5,train,5
5253,1399,16,Chionoecetes tanneri,/home/tahiti/MARINE_DATASETS/FathomNet_FGVC2025/data/rois/1399_5253.png,/home/tahiti/MARINE_DATASETS/FathomNet_FGVC2025/data/images/1399.png,9455930340c2dabbeca9c2acd965fed128b0b7bab40ba8d3a1009bd9dab5ff91,df624e0178e339d6c6014f42d7063afdfe0a9162e72d58f1139519a9a7404ec2,1399,5,train,5
5288,1412,71,Sebastolobus,/home/tahiti/MARINE_DATASETS/FathomNet_FGVC2025/data/rois/1412_5288.png,/home/tahiti/MARINE_DATASETS/FathomNet_FGVC2025/data/images/1412.png,db1da2d8f6075c2bd61466abda14e8c4766ac670a4c0251935509c41f8dd0555,b9cfd5c1f46fbed55f5cf7d270df229f2104a0e749a139d101ae46f17fcec197,1412,0,train,0
5289,1412,53,Pannychia moseleyi,/home/tahiti/MARINE_DATASETS/FathomNet_FGVC2025/data/rois/1412_5289.png,/home/tahiti/MARINE_DATASETS/FathomNet_FGVC2025/data/images/1412.png,3026ee670b5647200cb014146d1b6bf9ce108671326f90f0d1a2edf484d96f97,b9cfd5c1f46fbed55f5cf7d270df229f2104a0e749a139d101ae46f17fcec197,1412,0,train,0
5357,1430,55,Paragorgia arborea,/home/tahiti/MARINE_DATASETS/FathomNet_FGVC2025/data/rois/1430_5357.png,/home/tahiti/MARINE_DATASETS/FathomNet_FGVC2025/data/images/1430.png,b8c12d8c70b301c1d99e087ae1ebf3ddbd1c67f5cea774a429e95ffe11ed11f0,3360b6629b1e127643ccd426d02a28fc43b62e155fdd785166be43d10a476457,1430,2,train,2
5363,1434,41,Merluccius productus,/home/tahiti/MARINE_DATASETS/FathomNet_FGVC2025/data/rois/1434_5363.png,/home/tahiti/MARINE_DATASETS/FathomNet_FGVC2025/data/images/1434.png,1d2d92771a83981c0e7babbdb1156164afd9ccbddd65ed78927ca1c7594bd1e9,1d3482f46234e22203f3ccb3b64919c970e99c1e07e51f711117db93dbed2e3a,1434,0,train,0
5371,1437,77,Umbellula,/home/tahiti/MARINE_DATASETS/FathomNet_FGVC2025/data/rois/1437_5371.png,/home/tahiti/MARINE_DATASETS/FathomNet_FGVC2025/data/images/1437.png,7b8607996fe1802faf72661c8af0c39d087608e0d42325629849b0700c0e5fb6,aecd1baca00dfa55459fe624f8095e46532d8222df862395ef3c0e8f4c53454e,1437,5,train,5
5403,1447,37,Keratoisis,/home/tahiti/MARINE_DATASETS/FathomNet_FGVC2025/data/rois/1447_5403.png,/home/tahiti/MARINE_DATASETS/FathomNet_FGVC2025/data/images/1447.png,08c4f2438c0b1be92f6a7da7ca21d9a819fa36fd4f29353b48d4b425a7bd940b,750c61eac59ac491baab94b89f13fcc3f88bc4e6f8e7d6bbac911c524149378e,1447,4,train,4
5406,1448,42,Metridium farcimen,/home/tahiti/MARINE_DATASETS/FathomNet_FGVC2025/data/rois/1448_5406.png,/home/tahiti/MARINE_DATASETS/FathomNet_FGVC2025/data/images/1448.png,5191250d04a58c3c6164b27f526d557dacc64a6f17be50f2d4bc0da49ea0d987,9f3d856506e4a322f0d14acc7a6b9d7e3b59fce4f0227264aa89643d6e927eec,1448,5,train,5
5446,1460,67,Scotoplanes,/home/tahiti/MARINE_DATASETS/FathomNet_FGVC2025/data/rois/1460_5446.png,/home/tahiti/MARINE_DATASETS/FathomNet_FGVC2025/data/images/1460.png,e56891d1cbc2a5281992b60e6cb8d3c32a3596c66d9156e9a3f2d386583d848a,0ebd82a28f6f174bc2a01dd34a740c0d758ede42887bb9ef2a3341ae286c8f69,1460,2,train,2
5449,1463,37,Keratoisis,/home/tahiti/MARINE_DATASETS/FathomNet_FGVC2025/data/rois/1463_5449.png,/home/tahiti/MARINE_DATASETS/FathomNet_FGVC2025/data/images/1463.png,af06397ca07b57a3faaf0929c49bd9c278a5be469dc8a058ff57f76e5efafeb6,1d663c7838cc65d63a604195e937e4fbe96ea305076bf224045dad8d7e315e82,1463,4,train,4
5455,1468,16,Chionoecetes tanneri,/home/tahiti/MARINE_DATASETS/FathomNet_FGVC2025/data/rois/1468_5455.png,/home/tahiti/MARINE_DATASETS/FathomNet_FGVC2025/data/images/1468.png,8e012b837bb21a588a470670b7c8cbc6fa1e40ae3e0a502398affc4225b41c96,b0bcab4b815d145c9ab3c0b42b2a2679603d0f8b4f47615ab3a6bf716008e9b4,1468,2,train,2
5459,1470,44,Munidopsis,/home/tahiti/MARINE_DATASETS/FathomNet_FGVC2025/data/rois/1470_5459.png,/home/tahiti/MARINE_DATASETS/FathomNet_FGVC2025/data/images/1470.png,16900f68a40b437efb47550d5cc197ce79deb2eea42dfffa5d15e79733135751,4a39054af7a34a6713f11e4675b179c36ddb86f7de244176590933404988d457,1470,4,train,4
5460,1470,44,Munidopsis,/home/tahiti/MARINE_DATASETS/FathomNet_FGVC2025/data/rois/1470_5460.png,/home/tahiti/MARINE_DATASETS/FathomNet_FGVC2025/data/images/1470.png,a0d5342503c852c26854d29ed5c5d872e4c3dcf32961f7ee7647a3c080e5b320,4a39054af7a34a6713f11e4675b179c36ddb86f7de244176590933404988d457,1470,4,train,4
5462,1470,44,Munidopsis,/home/tahiti/MARINE_DATASETS/FathomNet_FGVC2025/data/rois/1470_5462.png,/home/tahiti/MARINE_DATASETS/FathomNet_FGVC2025/data/images/1470.png,52bdbc2c53da3c165e8afb14b82ede15a0c233f2d58e2da425f7fc340cd3ccb2,4a39054af7a34a6713f11e4675b179c36ddb86f7de244176590933404988d457,1470,4,train,4
5489,1479,78,Vesicomyidae,/home/tahiti/MARINE_DATASETS/FathomNet_FGVC2025/data/rois/1479_5489.png,/home/tahiti/MARINE_DATASETS/FathomNet_FGVC2025/data/images/1479.png,9d3bd54cc0a459b72f0f5b6f4c9d63e9b132ca075c4da94a11ac05b18358bb24,fcfbc1e4f0d1f29dd7d361321433ca1d9b31d1444bb42f172a0476f45c3f4458,1479,4,train,4
5524,1489,65,Rathbunaster californicus,/home/tahiti/MARINE_DATASETS/FathomNet_FGVC2025/data/rois/1489_5524.png,/home/tahiti/MARINE_DATASETS/FathomNet_FGVC2025/data/images/1489.png,7d88732c4868641fd804aaf3ad25d2d9e2b08fc6e340e68418e1cc8e00298b3e,64a24ce2a01ea578f72de5ea118209d97650df61fd8a5cd1bd0f34e5032e165e,1489,4,train,4
5553,1501,24,Funiculina,/home/tahiti/MARINE_DATASETS/FathomNet_FGVC2025/data/rois/1501_5553.png,/home/tahiti/MARINE_DATASETS/FathomNet_FGVC2025/data/images/1501.png,ab50cbfca163aa1b12c3c4d9e48eb37fc09047241db34291f76dc772c512525d,3beddf9088f4af9c5c6df23b5caeb99cef0c9a01e400e15b4b6300436294a484,1501,0,train,0
5559,1505,54,Paragorgia,/home/tahiti/MARINE_DATASETS/FathomNet_FGVC2025/data/rois/1505_5559.png,/home/tahiti/MARINE_DATASETS/FathomNet_FGVC2025/data/images/1505.png,3664535c152138c28b6115dfc13e57fdbe922f518c9a8c0bdac1a777e07019a1,9ba0f6a9e72538c56d49610e6838fa01090f5b327d4e348526d886d6e1f80d6a,1505,4,train,4
5560,1505,54,Paragorgia,/home/tahiti/MARINE_DATASETS/FathomNet_FGVC2025/data/rois/1505_5560.png,/home/tahiti/MARINE_DATASETS/FathomNet_FGVC2025/data/images/1505.png,8f256bb31718e1d432798e66f501870a51f2e58cc7cb22ce2914d00d8f015a4e,9ba0f6a9e72538c56d49610e6838fa01090f5b327d4e348526d886d6e1f80d6a,1505,4,train,4
5567,1507,32,Holothuroidea,/home/tahiti/MARINE_DATASETS/FathomNet_FGVC2025/data/rois/1507_5567.png,/home/tahiti/MARINE_DATASETS/FathomNet_FGVC2025/data/images/1507.png,6350dcb8e0cb18fc71b6077c630840e6c959d40eb7282b968539128e377fd8d2,4386ae1c953040e2026d6707d8dd921f9aa63d73e4e3d5e7a29c94982e9574cb,1507,2,train,2
5580,1512,31,Hippasteria,/home/tahiti/MARINE_DATASETS/FathomNet_FGVC2025/data/rois/1512_5580.png,/home/tahiti/MARINE_DATASETS/FathomNet_FGVC2025/data/images/1512.png,62dee83749c0a5eeda578339ee506bed6b4376f4a6bb96f8d61c89abe81b2fa7,3c3a9135440ce254c846cfd958f3c768ee2ede828f4339d7e387d17035b416c3,1512,1,train,1
5598,1516,42,Metridium farcimen,/home/tahiti/MARINE_DATASETS/FathomNet_FGVC2025/data/rois/1516_5598.png,/home/tahiti/MARINE_DATASETS/FathomNet_FGVC2025/data/images/1516.png,bc1e4bd3769ec06e17421eda5a51a7dc6cb8e12f77a440c7247111aaede30fa4,4fd4793da933e63955d4b51d94659546bfc03d13ba7524109ad13c0afa155aef,1516,2,train,2
5609,1522,45,Munnopsidae,/home/tahiti/MARINE_DATASETS/FathomNet_FGVC2025/data/rois/1522_5609.png,/home/tahiti/MARINE_DATASETS/FathomNet_FGVC2025/data/images/1522.png,08c2b4271c6a0cefafe17a53692a7f7ef40d7967c5637be57f16d0eaf623513e,b89fc9c0906b600b9dd0285eebf17517e396a7d1176cda7e8288b5e444975321,1522,5,train,5
5617,1524,7,Amphipoda,/home/tahiti/MARINE_DATASETS/FathomNet_FGVC2025/data/rois/1524_5617.png,/home/tahiti/MARINE_DATASETS/FathomNet_FGVC2025/data/images/1524.png,cef762f541706a5a4d913b66e98c7dd9eb83ed9c76cd2ed288638755edff2f21,852c237a002f2ffce646a9386577defde44ea980043a529081f78a0e13e6d09d,1524,2,train,2
5618,1524,7,Amphipoda,/home/tahiti/MARINE_DATASETS/FathomNet_FGVC2025/data/rois/1524_5618.png,/home/tahiti/MARINE_DATASETS/FathomNet_FGVC2025/data/images/1524.png,bb7e321388958c618cf05b381c14150e180583ec58db6a5b9e333b8042fd029f,852c237a002f2ffce646a9386577defde44ea980043a529081f78a0e13e6d09d,1524,2,train,2
5621,1524,7,Amphipoda,/home/tahiti/MARINE_DATASETS/FathomNet_FGVC2025/data/rois/1524_5621.png,/home/tahiti/MARINE_DATASETS/FathomNet_FGVC2025/data/images/1524.png,e30f0b63b687350fe7fd1828085161c99b70b756655ed7638a6bacb211e92b20,852c237a002f2ffce646a9386577defde44ea980043a529081f78a0e13e6d09d,1524,2,train,2
5622,1524,7,Amphipoda,/home/tahiti/MARINE_DATASETS/FathomNet_FGVC2025/data/rois/1524_5622.png,/home/tahiti/MARINE_DATASETS/FathomNet_FGVC2025/data/images/1524.png,6988967a71612f62b3833770e1d27103eac8edd771faa007d9a113f35bb230db,852c237a002f2ffce646a9386577defde44ea980043a529081f78a0e13e6d09d,1524,2,train,2
5639,1526,42,Metridium farcimen,/home/tahiti/MARINE_DATASETS/FathomNet_FGVC2025/data/rois/1526_5639.png,/home/tahiti/MARINE_DATASETS/FathomNet_FGVC2025/data/images/1526.png,adfb2730fe4c1062314caaa7419327ce7e608b8468a5ba7b28ec08609d650aa6,371fec7138d48fbd11474011a16d4ec167d7ad1ffe3dd95192a41549a1e12a5a,1526,4,train,4
5697,1539,67,Scotoplanes,/home/tahiti/MARINE_DATASETS/FathomNet_FGVC2025/data/rois/1539_5697.png,/home/tahiti/MARINE_DATASETS/FathomNet_FGVC2025/data/images/1539.png,57d942ee27296c2abab6195b2ec7f5e4c010abd51374574bf4bc89aafa0d069a,c9c61cafa9a5ac429a7d279f28411e3f127134577620a307c48a90285c312188,1539,0,train,0
5707,1545,67,Scotoplanes,/home/tahiti/MARINE_DATASETS/FathomNet_FGVC2025/data/rois/1545_5707.png,/home/tahiti/MARINE_DATASETS/FathomNet_FGVC2025/data/images/1545.png,c58a09ca7eb01882001e02be492be10c6af5f4fbb6b3989c49702d4882d9503a,e3d9ef037a7a4bd16b46ecb8be31b40eea1adb63acbbdfda6dc4739fea6fbb83,1545,0,train,0
5719,1547,53,Pannychia moseleyi,/home/tahiti/MARINE_DATASETS/FathomNet_FGVC2025/data/rois/1547_5719.png,/home/tahiti/MARINE_DATASETS/FathomNet_FGVC2025/data/images/1547.png,a5c5391928e02b0c748aba019aba2fdde9a6455fe1cd32716c38dc9537b234bf,d457311249dfa9e67cec4780e2f95c3f56ca36d881f45d1541e81a658a0b0dca,1547,5,train,5
5727,1552,5,Actiniaria,/home/tahiti/MARINE_DATASETS/FathomNet_FGVC2025/data/rois/1552_5727.png,/home/tahiti/MARINE_DATASETS/FathomNet_FGVC2025/data/images/1552.png,4753d72266b6dc9d87d9701d9fcfde1eac48bb90571e374ba7e5a2aa24f8f6fd,4559f6995c71ccde4997a7c743cdb0b6227d7582c498faba1474aa994ae623c9,1552,1,train,1
5756,1565,65,Rathbunaster californicus,/home/tahiti/MARINE_DATASETS/FathomNet_FGVC2025/data/rois/1565_5756.png,/home/tahiti/MARINE_DATASETS/FathomNet_FGVC2025/data/images/1565.png,1e7de96d2a2d9df93e76bafc9cd0261f11d1e7d14fb63356814cf090ddc03466,cc6b2cbac607c19cb9de53c849e8786bd1c9edfc1052d2fde188010a58b0717e,1565,0,train,0
5758,1567,78,Vesicomyidae,/home/tahiti/MARINE_DATASETS/FathomNet_FGVC2025/data/rois/1567_5758.png,/home/tahiti/MARINE_DATASETS/FathomNet_FGVC2025/data/images/1567.png,adb1c29187f11846b1921d0c23760a901516600e56c2c1da8606277797f2e5a6,f3f78556c576dd644100fd1d8c5bc396ed00f3799ac595ec9e29bdfb35a5b09c,1567,5,train,5
5762,1569,67,Scotoplanes,/home/tahiti/MARINE_DATASETS/FathomNet_FGVC2025/data/rois/1569_5762.png,/home/tahiti/MARINE_DATASETS/FathomNet_FGVC2025/data/images/1569.png,af326b9e67e9ace9cfa6b81d5e4fe41dcd10e3fbad049287562c3bd3d2e5956a,faae489c561139589ec8bf441fa30a39312c77a34ebcd09b251d46c2d4829955,1569,0,train,0
5765,1571,77,Umbellula,/home/tahiti/MARINE_DATASETS/FathomNet_FGVC2025/data/rois/1571_5765.png,/home/tahiti/MARINE_DATASETS/FathomNet_FGVC2025/data/images/1571.png,4f53749a30c1fb0ae3ab1a8a76889f2a263c75d34b96241baa1ce971b16b8e22,a8b34dca0a3eead19e17c374578d29c1649b8bc8983fee68388be80acbdfb781,1571,5,train,5
5769,1574,37,Keratoisis,/home/tahiti/MARINE_DATASETS/FathomNet_FGVC2025/data/rois/1574_5769.png,/home/tahiti/MARINE_DATASETS/FathomNet_FGVC2025/data/images/1574.png,942eeef74d0bc5e86cffebcb6d68137191d7afea2f8ef1a471f07d6df51b5ce9,c19f7aa0b4a0524b6d0169b0c30d04df6736f1053295d2436115bc9c00f3408e,1574,0,train,0
5781,1577,35,Isididae,/home/tahiti/MARINE_DATASETS/FathomNet_FGVC2025/data/rois/1577_5781.png,/home/tahiti/MARINE_DATASETS/FathomNet_FGVC2025/data/images/1577.png,0f3e737062cc4f5b95e7c6bb7305001e917edc62cbf7f173401ba960300b0ffa,eb924a96b19a93b6da7cb0ded599c7e08183264b67428964829ceb775019b6b8,1577,2,train,2
5788,1579,45,Munnopsidae,/home/tahiti/MARINE_DATASETS/FathomNet_FGVC2025/data/rois/1579_5788.png,/home/tahiti/MARINE_DATASETS/FathomNet_FGVC2025/data/images/1579.png,750aafe0ccd5c0e3f7cb4cdd03342970cbcab9c3e86a8197281cd6124f3203c8,0d8800bfa90b33167857a9d9dca570d5ea3b6f6a17693ee3a936d10e6c5e4fd5,1579,4,train,4
5808,1584,79,Zoantharia,/home/tahiti/MARINE_DATASETS/FathomNet_FGVC2025/data/rois/1584_5808.png,/home/tahiti/MARINE_DATASETS/FathomNet_FGVC2025/data/images/1584.png,411da6b8764813047002942ff7994e00af33a8a407ff1fcddd25209094701bf6,a6adbb85af388b3140da6d14dafa7aaa8e20d9b1d460cc27cb2e90ecb2a7df6e,1584,5,train,5
5865,1595,36,Isosicyonis,/home/tahiti/MARINE_DATASETS/FathomNet_FGVC2025/data/rois/1595_5865.png,/home/tahiti/MARINE_DATASETS/FathomNet_FGVC2025/data/images/1595.png,fb223ea94012e069616d34f649d1f44b291494972538b1d9bb27f00f718a28a9,f9effc1114fe6fcb640042501b3d5de70bdc0516d7bc658b02eed301c531fa7a,1595,4,train,4
5883,1596,5,Actiniaria,/home/tahiti/MARINE_DATASETS/FathomNet_FGVC2025/data/rois/1596_5883.png,/home/tahiti/MARINE_DATASETS/FathomNet_FGVC2025/data/images/1596.png,409fdfe22d066d1bb0d7d32c962be14ef6ea4ede0c7f4119910440884dfd99fe,1bf8820075f05eb2f699d543983cde8a5742773e68237972956b18e53536963c,1596,4,train,4
5901,1607,27,Heterocarpus,/home/tahiti/MARINE_DATASETS/FathomNet_FGVC2025/data/rois/1607_5901.png,/home/tahiti/MARINE_DATASETS/FathomNet_FGVC2025/data/images/1607.png,66a6435d7a3b6780c037c56e2e90f1bc28a90d1298ba6cfb6445793d1d15ff2b,067c3be622aab67b5bdcd72ef93111e4c1c4b7f3416ea3c0e55227b1b8df93c5,1607,1,train,1
5902,1607,27,Heterocarpus,/home/tahiti/MARINE_DATASETS/FathomNet_FGVC2025/data/rois/1607_5902.png,/home/tahiti/MARINE_DATASETS/FathomNet_FGVC2025/data/images/1607.png,22ce0d76b520d8d351346b3318d315d411d615c77b29f57a5dab08af3f176804,067c3be622aab67b5bdcd72ef93111e4c1c4b7f3416ea3c0e55227b1b8df93c5,1607,1,train,1
5906,1611,30,Hexactinellida,/home/tahiti/MARINE_DATASETS/FathomNet_FGVC2025/data/rois/1611_5906.png,/home/tahiti/MARINE_DATASETS/FathomNet_FGVC2025/data/images/1611.png,1b0c4b8cba5a453220505ff4ffd17f14e5a1e582a9be444f4a9ae7ce991aba4e,adab2aba0cfaa2f49704a69d22c3305718c61496e559ea53649d1a220ce2fba6,1611,2,train,2
5908,1611,73,Staurocalyptus,/home/tahiti/MARINE_DATASETS/FathomNet_FGVC2025/data/rois/1611_5908.png,/home/tahiti/MARINE_DATASETS/FathomNet_FGVC2025/data/images/1611.png,8cd004f8d7e4d4218b46fe40e72e08afec4740760302c523233ed8ca94d698df,adab2aba0cfaa2f49704a69d22c3305718c61496e559ea53649d1a220ce2fba6,1611,2,train,2
5919,1613,67,Scotoplanes,/home/tahiti/MARINE_DATASETS/FathomNet_FGVC2025/data/rois/1613_5919.png,/home/tahiti/MARINE_DATASETS/FathomNet_FGVC2025/data/images/1613.png,021c4af6349f3f7ebec633a21ca879e554275ceffb484105c824ae10cae6d714,1b4247067ed361aaf2215d1985b3750d0d382525cba9493b2f7186bbe50e8f48,1613,5,train,5
5935,1618,5,Actiniaria,/home/tahiti/MARINE_DATASETS/FathomNet_FGVC2025/data/rois/1618_5935.png,/home/tahiti/MARINE_DATASETS/FathomNet_FGVC2025/data/images/1618.png,419414c82934872949c30db066a56a290393e3a4f69e0a0e3a9fc997c4042299,7bab4964415a46c6e9a239c0cfc29823c75ff1129a54acac5efc29dec912017d,1618,5,train,5
5937,1619,62,Psolus squamatus,/home/tahiti/MARINE_DATASETS/FathomNet_FGVC2025/data/rois/1619_5937.png,/home/tahiti/MARINE_DATASETS/FathomNet_FGVC2025/data/images/1619.png,69b3f68fce9627a994e62293ca635a4f47af28154d840e8991a637d37d315cb4,57cab3812708c2c276a67065a8a5e35563d68dcf5ec288d20e07a18047b9179a,1619,2,train,2
5941,1620,47,Octopus rubescens,/home/tahiti/MARINE_DATASETS/FathomNet_FGVC2025/data/rois/1620_5941.png,/home/tahiti/MARINE_DATASETS/FathomNet_FGVC2025/data/images/1620.png,47702c4c45aee965724e058f5200c46b8d11cc02bf1b92cd08be6db23ea8402b,3c429ac4cc6fab1169a82d50893c089cd59d40f2e443731f1c574aa0158348f9,1620,2,train,2
5944,1620,47,Octopus rubescens,/home/tahiti/MARINE_DATASETS/FathomNet_FGVC2025/data/rois/1620_5944.png,/home/tahiti/MARINE_DATASETS/FathomNet_FGVC2025/data/images/1620.png,a82e2eb57b9d8e5005de5d9fe35da8161d6b4136a0d840a2b2a382f419e31283,3c429ac4cc6fab1169a82d50893c089cd59d40f2e443731f1c574aa0158348f9,1620,2,train,2
5946,1620,47,Octopus rubescens,/home/tahiti/MARINE_DATASETS/FathomNet_FGVC2025/data/rois/1620_5946.png,/home/tahiti/MARINE_DATASETS/FathomNet_FGVC2025/data/images/1620.png,aa09fdc881406f069c069b78c806c002139dce64baee02f1a88648e1610046f4,3c429ac4cc6fab1169a82d50893c089cd59d40f2e443731f1c574aa0158348f9,1620,2,train,2
5957,1620,47,Octopus rubescens,/home/tahiti/MARINE_DATASETS/FathomNet_FGVC2025/data/rois/1620_5957.png,/home/tahiti/MARINE_DATASETS/FathomNet_FGVC2025/data/images/1620.png,46c605b6de08c7cc19bd390e21926a2489c4b34084d3fdee8c474f6e5c6d53fb,3c429ac4cc6fab1169a82d50893c089cd59d40f2e443731f1c574aa0158348f9,1620,2,train,2
5972,1624,58,Peniagone,/home/tahiti/MARINE_DATASETS/FathomNet_FGVC2025/data/rois/1624_5972.png,/home/tahiti/MARINE_DATASETS/FathomNet_FGVC2025/data/images/1624.png,f8b2a02a9ec482396bacf3102f14c0a4387aa5d2030b60fdd13c1d8ff35d56c4,dcbfe03d9a416cecdc5fad7ba20114863920ecc32227e05708c4ee5418ad55b2,1624,5,train,5
5986,1631,30,Hexactinellida,/home/tahiti/MARINE_DATASETS/FathomNet_FGVC2025/data/rois/1631_5986.png,/home/tahiti/MARINE_DATASETS/FathomNet_FGVC2025/data/images/1631.png,8f0a91f14a8cfe373ec97d909ba8e021432004af88e80552251311bf94d16a01,1b50784e678378358b18ddeea1a84e1a1aa1f988f2cc3395f334df05c6c4bcf2,1631,0,train,0
5988,1631,22,Farrea,/home/tahiti/MARINE_DATASETS/FathomNet_FGVC2025/data/rois/1631_5988.png,/home/tahiti/MARINE_DATASETS/FathomNet_FGVC2025/data/images/1631.png,11df7182de4c00a70efe19d269265d610323f828912a599d81905deb53f10bb9,1b50784e678378358b18ddeea1a84e1a1aa1f988f2cc3395f334df05c6c4bcf2,1631,0,train,0
6015,1638,79,Zoantharia,/home/tahiti/MARINE_DATASETS/FathomNet_FGVC2025/data/rois/1638_6015.png,/home/tahiti/MARINE_DATASETS/FathomNet_FGVC2025/data/images/1638.png,2cc8f2ace2e174a2c9c2e3e557dcca2d39f41ef22cbb023caaf5d4d4edd4eb0f,018e5976047733d388819653071eca04c32215ecc0c82dfe813193e2f23a0e09,1638,1,train,1
6049,1648,62,Psolus squamatus,/home/tahiti/MARINE_DATASETS/FathomNet_FGVC2025/data/rois/1648_6049.png,/home/tahiti/MARINE_DATASETS/FathomNet_FGVC2025/data/images/1648.png,5467a84a3c88223974ffe763cb0feace6b2ca5b9268f2f84263efd9f02e94301,38aaad83f4a3d53728a1b08d6ae76dc093d44f962acbc31ceacd443844a7a387,1648,5,train,5
6051,1648,33,Hormathiidae,/home/tahiti/MARINE_DATASETS/FathomNet_FGVC2025/data/rois/1648_6051.png,/home/tahiti/MARINE_DATASETS/FathomNet_FGVC2025/data/images/1648.png,1f1cdeca531dbac35f5ab499431905297b0aac3266b2653692dde9f7d4bd6517,38aaad83f4a3d53728a1b08d6ae76dc093d44f962acbc31ceacd443844a7a387,1648,5,train,5
6054,1648,62,Psolus squamatus,/home/tahiti/MARINE_DATASETS/FathomNet_FGVC2025/data/rois/1648_6054.png,/home/tahiti/MARINE_DATASETS/FathomNet_FGVC2025/data/images/1648.png,08b0531101eb8c7cacf95ee98cedba8c512bac2d33ba0a285c29d29bffe49cf5,38aaad83f4a3d53728a1b08d6ae76dc093d44f962acbc31ceacd443844a7a387,1648,5,train,5
6058,1648,62,Psolus squamatus,/home/tahiti/MARINE_DATASETS/FathomNet_FGVC2025/data/rois/1648_6058.png,/home/tahiti/MARINE_DATASETS/FathomNet_FGVC2025/data/images/1648.png,993f41af73beb7eb4351139237d9ac2ca9f53dc1e63e6df57e8645c034f5e977,38aaad83f4a3d53728a1b08d6ae76dc093d44f962acbc31ceacd443844a7a387,1648,5,train,5
6076,1661,65,Rathbunaster californicus,/home/tahiti/MARINE_DATASETS/FathomNet_FGVC2025/data/rois/1661_6076.png,/home/tahiti/MARINE_DATASETS/FathomNet_FGVC2025/data/images/1661.png,226e66f52851b2a9a736550b56068a01c9cb30205e083af21a64f7f3c1ae0568,4c8bdcb3555b5347d904ba453eb6f6a1f7cf30a2aaf0a4e08a6239d93f92ecd3,1661,4,train,4
6086,1666,68,Scotoplanes globosa,/home/tahiti/MARINE_DATASETS/FathomNet_FGVC2025/data/rois/1666_6086.png,/home/tahiti/MARINE_DATASETS/FathomNet_FGVC2025/data/images/1666.png,075194f11be82791b13b554406786f3b072a90ee19ed972cfb60f5fe9eaf101d,6b67ad4d62e5cf451a641d60c0aac34366c8ed1660757cb6b7de7e6d5fa4ba82,1666,2,train,2
6088,1666,68,Scotoplanes globosa,/home/tahiti/MARINE_DATASETS/FathomNet_FGVC2025/data/rois/1666_6088.png,/home/tahiti/MARINE_DATASETS/FathomNet_FGVC2025/data/images/1666.png,40142aeab382346c90fc90538113ac8bf535fe224702e1678c193443770ad7a8,6b67ad4d62e5cf451a641d60c0aac34366c8ed1660757cb6b7de7e6d5fa4ba82,1666,2,train,2
6105,1668,65,Rathbunaster californicus,/home/tahiti/MARINE_DATASETS/FathomNet_FGVC2025/data/rois/1668_6105.png,/home/tahiti/MARINE_DATASETS/FathomNet_FGVC2025/data/images/1668.png,51c8f5b351103e73cfee0598c04cee65009332194bf946292dc0faff9040130e,05fde291b25b379d36b0825492e52de6f979c8d5d75fdedcfe5ebe5b05b9f0cb,1668,4,train,4
6113,1673,1,Abyssocucumis abyssorum,/home/tahiti/MARINE_DATASETS/FathomNet_FGVC2025/data/rois/1673_6113.png,/home/tahiti/MARINE_DATASETS/FathomNet_FGVC2025/data/images/1673.png,28ea9911fa1d374915f0ee8af62d8d2d71fd0badabd50e98914c349aff8d7a58,ed812f92427499c62eb1ed031dadb265253037c92bd912bf5f411a787f7db45f,1673,4,train,4
6116,1674,11,Asteroidea,/home/tahiti/MARINE_DATASETS/FathomNet_FGVC2025/data/rois/1674_6116.png,/home/tahiti/MARINE_DATASETS/FathomNet_FGVC2025/data/images/1674.png,a2f94024dc51f463499b8081d303c688db9698b247220e2016d714ae97e8d671,5e38504693b40cf67fe60f8fe82e76523f37baa67dd490642ae93dea677f2ce3,1674,4,train,4
6119,1674,11,Asteroidea,/home/tahiti/MARINE_DATASETS/FathomNet_FGVC2025/data/rois/1674_6119.png,/home/tahiti/MARINE_DATASETS/FathomNet_FGVC2025/data/images/1674.png,c76169e4d0567596160f826f4ca82dd8814844fa578a398aa0233e8953006796,5e38504693b40cf67fe60f8fe82e76523f37baa67dd490642ae93dea677f2ce3,1674,4,train,4
6134,1685,32,Holothuroidea,/home/tahiti/MARINE_DATASETS/FathomNet_FGVC2025/data/rois/1685_6134.png,/home/tahiti/MARINE_DATASETS/FathomNet_FGVC2025/data/images/1685.png,12087cc0133de13af517a4724e286728449ba65c75c999042f37e7bf4daead5a,79f23d0216e4f52d7026d5d423ae31581793f7008ce17a3d3623de6fea784a1e,1685,1,train,1
6171,1705,53,Pannychia moseleyi,/home/tahiti/MARINE_DATASETS/FathomNet_FGVC2025/data/rois/1705_6171.png,/home/tahiti/MARINE_DATASETS/FathomNet_FGVC2025/data/images/1705.png,d23f429905b1f5bce0f64c92fc393af5d069eaba25443e70987d37ca4c5d3b3b,ab9b6102e50adc9c8cd3cde2c9fbd6744f5af67e32265d1cf5fb8e5b48dca3f2,1705,0,train,0
6174,1705,62,Psolus squamatus,/home/tahiti/MARINE_DATASETS/FathomNet_FGVC2025/data/rois/1705_6174.png,/home/tahiti/MARINE_DATASETS/FathomNet_FGVC2025/data/images/1705.png,23acd694d99aea96478a49a427a6e2dde0c8203c3061cde75c5a89e3b96421b1,ab9b6102e50adc9c8cd3cde2c9fbd6744f5af67e32265d1cf5fb8e5b48dca3f2,1705,0,train,0
6241,1740,58,Peniagone,/home/tahiti/MARINE_DATASETS/FathomNet_FGVC2025/data/rois/1740_6241.png,/home/tahiti/MARINE_DATASETS/FathomNet_FGVC2025/data/images/1740.png,896db8be3902c0045ff87d2b036174873012a15f10b1394bbfb9c56e0c01734f,fe2ce561a1573a97e3b83dc24eea14bd45a775622c3755e194367adc780e4ba1,1740,1,train,1
6243,1741,65,Rathbunaster californicus,/home/tahiti/MARINE_DATASETS/FathomNet_FGVC2025/data/rois/1741_6243.png,/home/tahiti/MARINE_DATASETS/FathomNet_FGVC2025/data/images/1741.png,f72e02b0418cfdd1029cd8c339869fee8154203f01409a84364a39e281820df1,ea7723121a8983549a52e399fd8fc3cedd9e9907170b837906238412007bd0ac,1741,5,train,5
6249,1741,65,Rathbunaster californicus,/home/tahiti/MARINE_DATASETS/FathomNet_FGVC2025/data/rois/1741_6249.png,/home/tahiti/MARINE_DATASETS/FathomNet_FGVC2025/data/images/1741.png,c7012b7f580bdbc549542462ae8d77a335ca0c3747bb285580ca6cbcb4c0e34c,ea7723121a8983549a52e399fd8fc3cedd9e9907170b837906238412007bd0ac,1741,5,train,5
6260,1741,8,Apostichopus leukothele,/home/tahiti/MARINE_DATASETS/FathomNet_FGVC2025/data/rois/1741_6260.png,/home/tahiti/MARINE_DATASETS/FathomNet_FGVC2025/data/images/1741.png,968d20d5342e6e3a40e1384a0f4ced832d5b90241db4c873991c239ae2933645,ea7723121a8983549a52e399fd8fc3cedd9e9907170b837906238412007bd0ac,1741,5,train,5
6265,1741,11,Asteroidea,/home/tahiti/MARINE_DATASETS/FathomNet_FGVC2025/data/rois/1741_6265.png,/home/tahiti/MARINE_DATASETS/FathomNet_FGVC2025/data/images/1741.png,28d533d65bfbb8701d816e11320047ecbfe6c8be0f5193cbc78a405f38cc9907,ea7723121a8983549a52e399fd8fc3cedd9e9907170b837906238412007bd0ac,1741,5,train,5
6332,1752,53,Pannychia moseleyi,/home/tahiti/MARINE_DATASETS/FathomNet_FGVC2025/data/rois/1752_6332.png,/home/tahiti/MARINE_DATASETS/FathomNet_FGVC2025/data/images/1752.png,751c407706c61036d116eb94a45415e49ae9dd5cf65890288b6ea1b67b703ecb,756c8e2d6a68a384e0778d43105782be0b81cb921b62e0a3e2b4acae68aaaac7,1752,2,train,2
6364,1766,6,Actinopterygii,/home/tahiti/MARINE_DATASETS/FathomNet_FGVC2025/data/rois/1766_6364.png,/home/tahiti/MARINE_DATASETS/FathomNet_FGVC2025/data/images/1766.png,b261f32bfa016584da5955492f3ca9c7a19adb9c3c51cb83731a49a44332f35a,d67d9f6bc393018f33ad7377245f812ea7f3216c33e3fcb296ff3e1273c97218,1766,5,train,5
6375,1769,25,Gastropoda,/home/tahiti/MARINE_DATASETS/FathomNet_FGVC2025/data/rois/1769_6375.png,/home/tahiti/MARINE_DATASETS/FathomNet_FGVC2025/data/images/1769.png,06b267973f617ecc1fc3f0072f534fd16575c26df938078cca5dec7bf5c1ca8c,79da7a28e5ee40cb661a05d839831dc5a845e5746ef8c6032785920d41d6669a,1769,2,train,2
6376,1769,33,Hormathiidae,/home/tahiti/MARINE_DATASETS/FathomNet_FGVC2025/data/rois/1769_6376.png,/home/tahiti/MARINE_DATASETS/FathomNet_FGVC2025/data/images/1769.png,5ad5ba7940be24e3e3b25e11ac1641d860c829d5b35b841590cd518a574527f8,79da7a28e5ee40cb661a05d839831dc5a845e5746ef8c6032785920d41d6669a,1769,2,train,2
6381,1772,31,Hippasteria,/home/tahiti/MARINE_DATASETS/FathomNet_FGVC2025/data/rois/1772_6381.png,/home/tahiti/MARINE_DATASETS/FathomNet_FGVC2025/data/images/1772.png,fe0bf4b33dffb59ed728fc0730a24ae55f42d7d45ac6458fe76aab27ce0ee41c,42158c9065a75b878f6ef91bd1b3d059d68acfedb016c854af97623125c21b10,1772,1,train,1
6393,1773,16,Chionoecetes tanneri,/home/tahiti/MARINE_DATASETS/FathomNet_FGVC2025/data/rois/1773_6393.png,/home/tahiti/MARINE_DATASETS/FathomNet_FGVC2025/data/images/1773.png,d962aeaa5ef58bf1ede1c92defdd97e806fc733e2875a225f4b35f1f5732cdc0,5117fff4331a035d97d247d5197b5bae75bc456c094336566449d8f9a91a65bd,1773,1,train,1
6394,1773,30,Hexactinellida,/home/tahiti/MARINE_DATASETS/FathomNet_FGVC2025/data/rois/1773_6394.png,/home/tahiti/MARINE_DATASETS/FathomNet_FGVC2025/data/images/1773.png,168764de046414960f15856716fbfb78e970a98d17ec93d5a13f0fb435547468,5117fff4331a035d97d247d5197b5bae75bc456c094336566449d8f9a91a65bd,1773,1,train,1
6396,1773,55,Paragorgia arborea,/home/tahiti/MARINE_DATASETS/FathomNet_FGVC2025/data/rois/1773_6396.png,/home/tahiti/MARINE_DATASETS/FathomNet_FGVC2025/data/images/1773.png,3ca5e50117d4fdc18974e38be826be36c7614b303bce34a19066db89a461e67d,5117fff4331a035d97d247d5197b5bae75bc456c094336566449d8f9a91a65bd,1773,1,train,1
6450,1787,79,Zoantharia,/home/tahiti/MARINE_DATASETS/FathomNet_FGVC2025/data/rois/1787_6450.png,/home/tahiti/MARINE_DATASETS/FathomNet_FGVC2025/data/images/1787.png,0978e3a5863d4eed948ac7f9a04c74f5970aea3713646e2c4d4443c02c9af316,d19ff133c4ef23901b589254e333feb9bee0666505930709263aa620a956fdcb,1787,2,train,2
6453,1787,79,Zoantharia,/home/tahiti/MARINE_DATASETS/FathomNet_FGVC2025/data/rois/1787_6453.png,/home/tahiti/MARINE_DATASETS/FathomNet_FGVC2025/data/images/1787.png,48a6d204cd750ccfeb3be752c08baa355c1f7974bd9e6d9ae8a32023d123950d,d19ff133c4ef23901b589254e333feb9bee0666505930709263aa620a956fdcb,1787,2,train,2
6467,1792,3,Acanthoptilum,/home/tahiti/MARINE_DATASETS/FathomNet_FGVC2025/data/rois/1792_6467.png,/home/tahiti/MARINE_DATASETS/FathomNet_FGVC2025/data/images/1792.png,f05f7b0449463a77295e48a3c8e65fadcfc6382824ab7cb40d4d48e5a11edebe,992da593622ae5bc62c2b8467dbf2f90ffe94303862f1553c5547739271f0fa8,1792,4,train,4
6471,1792,3,Acanthoptilum,/home/tahiti/MARINE_DATASETS/FathomNet_FGVC2025/data/rois/1792_6471.png,/home/tahiti/MARINE_DATASETS/FathomNet_FGVC2025/data/images/1792.png,e071387528f2217c610521a50fa287ff5d5c04fc2493bd3cafca09f8aa00a365,992da593622ae5bc62c2b8467dbf2f90ffe94303862f1553c5547739271f0fa8,1792,4,train,4
6473,1792,3,Acanthoptilum,/home/tahiti/MARINE_DATASETS/FathomNet_FGVC2025/data/rois/1792_6473.png,/home/tahiti/MARINE_DATASETS/FathomNet_FGVC2025/data/images/1792.png,c20a45f651711b4f42c0a405eec996713e10d7624c9ad1a0663b02b6e225e209,992da593622ae5bc62c2b8467dbf2f90ffe94303862f1553c5547739271f0fa8,1792,4,train,4
6482,1795,21,Elpidia,/home/tahiti/MARINE_DATASETS/FathomNet_FGVC2025/data/rois/1795_6482.png,/home/tahiti/MARINE_DATASETS/FathomNet_FGVC2025/data/images/1795.png,f5e957fe45f450503313786f097a5a965319e7e90c4cea05766fee90362ecd46,2f03d7fc20fc2233c5c4f9539c8d922a95fda0958354863c7f9d454322eb4664,1795,0,train,0
6483,1795,30,Hexactinellida,/home/tahiti/MARINE_DATASETS/FathomNet_FGVC2025/data/rois/1795_6483.png,/home/tahiti/MARINE_DATASETS/FathomNet_FGVC2025/data/images/1795.png,3c068e858e2028cd97ea41fe728a8ff73f5b351d404cbc90373e650134302008,2f03d7fc20fc2233c5c4f9539c8d922a95fda0958354863c7f9d454322eb4664,1795,0,train,0
6491,1796,62,Psolus squamatus,/home/tahiti/MARINE_DATASETS/FathomNet_FGVC2025/data/rois/1796_6491.png,/home/tahiti/MARINE_DATASETS/FathomNet_FGVC2025/data/images/1796.png,54c748b1d08f55a5d88340b51c4e2be11deff7de7ce99dc6441e394c0b6a7785,284084e4af21253585481286056fd1fc3390eb706b1d7799f8afdda87de44ee7,1796,0,train,0
6494,1796,62,Psolus squamatus,/home/tahiti/MARINE_DATASETS/FathomNet_FGVC2025/data/rois/1796_6494.png,/home/tahiti/MARINE_DATASETS/FathomNet_FGVC2025/data/images/1796.png,4cb27f54e690b9c63d88b19e26af4042e2706cb97ca1327f683c629b50ac5de0,284084e4af21253585481286056fd1fc3390eb706b1d7799f8afdda87de44ee7,1796,0,train,0
6503,1799,67,Scotoplanes,/home/tahiti/MARINE_DATASETS/FathomNet_FGVC2025/data/rois/1799_6503.png,/home/tahiti/MARINE_DATASETS/FathomNet_FGVC2025/data/images/1799.png,99c30a66cb4b46d4e3fe85e1f560edd72a7433c3ee1c78f0c4398b0db230f2ce,cd506c2736410afbc96afa5a724eeef617dacef3c8872cdf1449eb482efafd77,1799,0,train,0
6512,1802,5,Actiniaria,/home/tahiti/MARINE_DATASETS/FathomNet_FGVC2025/data/rois/1802_6512.png,/home/tahiti/MARINE_DATASETS/FathomNet_FGVC2025/data/images/1802.png,6bac7fc099d7cb14dee054b1420656c9e9a97861be2e55d761b20ab778894118,de2649ab2573fc2cdb04a6ce532bd6784cd3685639bf5cc58ba75b898f8ba16c,1802,2,train,2
6515,1802,5,Actiniaria,/home/tahiti/MARINE_DATASETS/FathomNet_FGVC2025/data/rois/1802_6515.png,/home/tahiti/MARINE_DATASETS/FathomNet_FGVC2025/data/images/1802.png,bf26a5caf6a6304f4291f91743ea19b8cba0c64adc4e4498a31299f720c88207,de2649ab2573fc2cdb04a6ce532bd6784cd3685639bf5cc58ba75b898f8ba16c,1802,2,train,2
6522,1805,19,Crinoidea,/home/tahiti/MARINE_DATASETS/FathomNet_FGVC2025/data/rois/1805_6522.png,/home/tahiti/MARINE_DATASETS/FathomNet_FGVC2025/data/images/1805.png,22f163ae630c719f955bd301e0e0d07dbdabc4719a1f62b90cb2fff15bef28e8,db0e94edc23ef239c68a2d515eec2818987dd0476733f7806734941e39608af5,1805,0,train,0
6538,1806,10,Asbestopluma monticola,/home/tahiti/MARINE_DATASETS/FathomNet_FGVC2025/data/rois/1806_6538.png,/home/tahiti/MARINE_DATASETS/FathomNet_FGVC2025/data/images/1806.png,16be82467c75e9d5caf3a0983a615adf5b5f8e5725068312ca1ff1c7d9f525c5,b92142a2615af25d47f836bec69e5602b88e9d81378bd959cc4211c9f5b186b2,1806,4,train,4
6540,1806,30,Hexactinellida,/home/tahiti/MARINE_DATASETS/FathomNet_FGVC2025/data/rois/1806_6540.png,/home/tahiti/MARINE_DATASETS/FathomNet_FGVC2025/data/images/1806.png,3cf7ffe19fccc822c0d29199b13511fd82f6805853b36e29146a404cbc83e7eb,b92142a2615af25d47f836bec69e5602b88e9d81378bd959cc4211c9f5b186b2,1806,4,train,4
6566,1816,24,Funiculina,/home/tahiti/MARINE_DATASETS/FathomNet_FGVC2025/data/rois/1816_6566.png,/home/tahiti/MARINE_DATASETS/FathomNet_FGVC2025/data/images/1816.png,9224a85cae2ef8b5de289c382c78c5df6fe3d24b0da693abf78d384ec838c03a,03a2d0519ed6b865467d581d084b1e6a99ff0641d5584da845ae2a6227783303,1816,2,train,2
6570,1816,24,Funiculina,/home/tahiti/MARINE_DATASETS/FathomNet_FGVC2025/data/rois/1816_6570.png,/home/tahiti/MARINE_DATASETS/FathomNet_FGVC2025/data/images/1816.png,551450000fa64dafd3be4d8401459c8a9cbca7915801ffd0524e05f113f31fe3,03a2d0519ed6b865467d581d084b1e6a99ff0641d5584da845ae2a6227783303,1816,2,train,2
6572,1816,24,Funiculina,/home/tahiti/MARINE_DATASETS/FathomNet_FGVC2025/data/rois/1816_6572.png,/home/tahiti/MARINE_DATASETS/FathomNet_FGVC2025/data/images/1816.png,eec5967e8778f4bf33db33b672e6e75375e94769616abf3a656e9f4f17e124fd,03a2d0519ed6b865467d581d084b1e6a99ff0641d5584da845ae2a6227783303,1816,2,train,2
6592,1821,62,Psolus squamatus,/home/tahiti/MARINE_DATASETS/FathomNet_FGVC2025/data/rois/1821_6592.png,/home/tahiti/MARINE_DATASETS/FathomNet_FGVC2025/data/images/1821.png,c77170e5a1d35ddfe19f7fb722b8b507dc1df780a38d16f6ad4506f5feb418b8,44eae2078afee9507be32abff748d394d615acee16f4a236446713ce5af252a3,1821,1,train,1
6596,1822,45,Munnopsidae,/home/tahiti/MARINE_DATASETS/FathomNet_FGVC2025/data/rois/1822_6596.png,/home/tahiti/MARINE_DATASETS/FathomNet_FGVC2025/data/images/1822.png,fd5308a5fc5b7c6c38429e2927430d6bf4249effbe68213b84d3491a3cb72dbb,f1d578c1b5054fa0fdaa44b2b94d61ca223e96b5ad9c91b607256a943a78b8ef,1822,5,train,5
6634,1831,37,Keratoisis,/home/tahiti/MARINE_DATASETS/FathomNet_FGVC2025/data/rois/1831_6634.png,/home/tahiti/MARINE_DATASETS/FathomNet_FGVC2025/data/images/1831.png,65eda6e9dce90f013805ba4c4ddedc2486dc8ad92f827007de8d32f0da644dbc,195bce7905589d5ddc0ac51d10c93e6f19ed4b61d16155b85979d80b5d147546,1831,0,train,0
6642,1834,2,Acanthascinae,/home/tahiti/MARINE_DATASETS/FathomNet_FGVC2025/data/rois/1834_6642.png,/home/tahiti/MARINE_DATASETS/FathomNet_FGVC2025/data/images/1834.png,483847dff536ec8a9e7ecd1aceed1b49c4e74bbb13923a7e0f858db8041e553b,7d59ca7783844fb4a164887b03a79e66a3c11fb6430ae0dd68dfbf5d6d0eb669,1834,1,train,1
6653,1838,39,Lithodidae,/home/tahiti/MARINE_DATASETS/FathomNet_FGVC2025/data/rois/1838_6653.png,/home/tahiti/MARINE_DATASETS/FathomNet_FGVC2025/data/images/1838.png,be7315caba61f0a0ebfeb64b96307c1bc956269e989152ae5b33c494a2e6e42a,14448bbd9dbef3be185d8136d93cbe39135ba6637793b799b5a39faaac80f581,1838,2,train,2
6659,1840,11,Asteroidea,/home/tahiti/MARINE_DATASETS/FathomNet_FGVC2025/data/rois/1840_6659.png,/home/tahiti/MARINE_DATASETS/FathomNet_FGVC2025/data/images/1840.png,ca194742761790c4db9bbc92e9ef44ce9a5fb6c37637ff406d4efd1d1a771424,130445a67f8b4d2599bdecf6b9cb46a408584e8b140a85250e49c82e8f212e46,1840,1,train,1
6660,1840,71,Sebastolobus,/home/tahiti/MARINE_DATASETS/FathomNet_FGVC2025/data/rois/1840_6660.png,/home/tahiti/MARINE_DATASETS/FathomNet_FGVC2025/data/images/1840.png,aaeceef7777e031496bbff05b33dfc2380e97301c6970921856124c64fbc0ea7,130445a67f8b4d2599bdecf6b9cb46a408584e8b140a85250e49c82e8f212e46,1840,1,train,1
6687,1852,41,Merluccius productus,/home/tahiti/MARINE_DATASETS/FathomNet_FGVC2025/data/rois/1852_6687.png,/home/tahiti/MARINE_DATASETS/FathomNet_FGVC2025/data/images/1852.png,163d9b243d5abd7678a9f353d59b8b1d72347b78faa65a395b6fd0ad019d046c,b9eefc46385d6b0189af7deebea25600d7ae9f15bf7309c8b57225ba55719ad1,1852,5,train,5
6730,1875,71,Sebastolobus,/home/tahiti/MARINE_DATASETS/FathomNet_FGVC2025/data/rois/1875_6730.png,/home/tahiti/MARINE_DATASETS/FathomNet_FGVC2025/data/images/1875.png,e1eb109a0affe6914ef0380cbefba72f850e9a582fdfdb5182f17e77ecd83b58,f422f585dd181f3b6c3b4f72a1cd719598a81b225b8c03f393b954d769b887b2,1875,2,train,2
6731,1876,37,Keratoisis,/home/tahiti/MARINE_DATASETS/FathomNet_FGVC2025/data/rois/1876_6731.png,/home/tahiti/MARINE_DATASETS/FathomNet_FGVC2025/data/images/1876.png,a0a88295bc323c5cf3368af91c351132d3d6f589a29c01db0c5b501f1b55c36d,74343eb1f45807527c77cfbf3057d643c8e716489674fefb006a9a98b78893e4,1876,1,train,1
6739,1877,51,Pandalus amplus,/home/tahiti/MARINE_DATASETS/FathomNet_FGVC2025/data/rois/1877_6739.png,/home/tahiti/MARINE_DATASETS/FathomNet_FGVC2025/data/images/1877.png,31523c9bcc2399b9a6a87bccab1dd66d0e45558bfb01e78441033a1b7b2dd6e7,e0fdb45551de4923d87fd880f182d41e044a34648fb90509bcabe93249bfc34b,1877,5,train,5
6790,1894,68,Scotoplanes globosa,/home/tahiti/MARINE_DATASETS/FathomNet_FGVC2025/data/rois/1894_6790.png,/home/tahiti/MARINE_DATASETS/FathomNet_FGVC2025/data/images/1894.png,664f475c163ed1ad95a76f188ccc92f0ca268fbea84913ba41b20614ca3e044a,0cc3edb29937ba48db7d5928dd4c2348f0eda910b6253e80a5f10da437994912,1894,1,train,1
6792,1894,19,Crinoidea,/home/tahiti/MARINE_DATASETS/FathomNet_FGVC2025/data/rois/1894_6792.png,/home/tahiti/MARINE_DATASETS/FathomNet_FGVC2025/data/images/1894.png,ff8e979a53f043dd16025157b5c671bf11149e66fc905feadf1c97c0275ce7d0,0cc3edb29937ba48db7d5928dd4c2348f0eda910b6253e80a5f10da437994912,1894,1,train,1
6795,1895,72,Serpulidae,/home/tahiti/MARINE_DATASETS/FathomNet_FGVC2025/data/rois/1895_6795.png,/home/tahiti/MARINE_DATASETS/FathomNet_FGVC2025/data/images/1895.png,83a516d07eb81db1684a37199c5f3a3737b339a8f2492b97681dcb6f97c61fe5,64771d081c328aea4acf9d6d8f6fa51ed0c58a81f008ec5ea0924b02d6d83f4c,1895,2,train,2
6814,1895,72,Serpulidae,/home/tahiti/MARINE_DATASETS/FathomNet_FGVC2025/data/rois/1895_6814.png,/home/tahiti/MARINE_DATASETS/FathomNet_FGVC2025/data/images/1895.png,000cb42162aba9485c084bda80b9585c1ebaded9b9aa0c073ba750a0da38d225,64771d081c328aea4acf9d6d8f6fa51ed0c58a81f008ec5ea0924b02d6d83f4c,1895,2,train,2
6816,1895,72,Serpulidae,/home/tahiti/MARINE_DATASETS/FathomNet_FGVC2025/data/rois/1895_6816.png,/home/tahiti/MARINE_DATASETS/FathomNet_FGVC2025/data/images/1895.png,d8c06f37789b57d459084b73edf4902cbf4f1930616b79ea00ab8f3eade9be97,64771d081c328aea4acf9d6d8f6fa51ed0c58a81f008ec5ea0924b02d6d83f4c,1895,2,train,2
6822,1895,63,Ptychogastria polaris,/home/tahiti/MARINE_DATASETS/FathomNet_FGVC2025/data/rois/1895_6822.png,/home/tahiti/MARINE_DATASETS/FathomNet_FGVC2025/data/images/1895.png,b0e068b3f2212a9db73f24815e4cb75746520f0c435f43c7feea1457063f9dc1,64771d081c328aea4acf9d6d8f6fa51ed0c58a81f008ec5ea0924b02d6d83f4c,1895,2,train,2
6835,1895,63,Ptychogastria polaris,/home/tahiti/MARINE_DATASETS/FathomNet_FGVC2025/data/rois/1895_6835.png,/home/tahiti/MARINE_DATASETS/FathomNet_FGVC2025/data/images/1895.png,355c8b79d86344014527ccef8930f1e51152b4ee9e8b728ce63509751828b056,64771d081c328aea4acf9d6d8f6fa51ed0c58a81f008ec5ea0924b02d6d83f4c,1895,2,train,2
6842,1895,63,Ptychogastria polaris,/home/tahiti/MARINE_DATASETS/FathomNet_FGVC2025/data/rois/1895_6842.png,/home/tahiti/MARINE_DATASETS/FathomNet_FGVC2025/data/images/1895.png,f4f3adb6e185277b45f27fcbab8bb87f10bd35b31e9d38a06ecc44b4802b3220,64771d081c328aea4acf9d6d8f6fa51ed0c58a81f008ec5ea0924b02d6d83f4c,1895,2,train,2
6844,1895,63,Ptychogastria polaris,/home/tahiti/MARINE_DATASETS/FathomNet_FGVC2025/data/rois/1895_6844.png,/home/tahiti/MARINE_DATASETS/FathomNet_FGVC2025/data/images/1895.png,1002fc71792f869f39610b650d13f5dc8c545748cf5101efead20e2a6c1f7ecf,64771d081c328aea4acf9d6d8f6fa51ed0c58a81f008ec5ea0924b02d6d83f4c,1895,2,train,2
6851,1895,20,Delectopecten,/home/tahiti/MARINE_DATASETS/FathomNet_FGVC2025/data/rois/1895_6851.png,/home/tahiti/MARINE_DATASETS/FathomNet_FGVC2025/data/images/1895.png,0fa6fb95ea9662e8ae568f9f33cf80ff17974502a6960f3e144826b4e9beedfa,64771d081c328aea4acf9d6d8f6fa51ed0c58a81f008ec5ea0924b02d6d83f4c,1895,2,train,2
6858,1898,16,Chionoecetes tanneri,/home/tahiti/MARINE_DATASETS/FathomNet_FGVC2025/data/rois/1898_6858.png,/home/tahiti/MARINE_DATASETS/FathomNet_FGVC2025/data/images/1898.png,fe638eeb9510926157ed091297093656e909c6119c8d9eb4b31bafc042dcedbe,97301fa2665ebb6228ff303d477da3f392e10511620afeb26f5a72ded7a0a05b,1898,2,train,2
6871,1907,53,Pannychia moseleyi,/home/tahiti/MARINE_DATASETS/FathomNet_FGVC2025/data/rois/1907_6871.png,/home/tahiti/MARINE_DATASETS/FathomNet_FGVC2025/data/images/1907.png,f5a347cb88b4c9cfa8d62dc9d748c5a75684ae0b1f5d8a874db5f5829e5754d4,26d011683df66ac78add6c281d45dd1b1bfd119f3562bb3d06d5a003980dd8ca,1907,2,train,2
6883,1911,19,Crinoidea,/home/tahiti/MARINE_DATASETS/FathomNet_FGVC2025/data/rois/1911_6883.png,/home/tahiti/MARINE_DATASETS/FathomNet_FGVC2025/data/images/1911.png,c9d02cfbd8d53eef76952579f8846579bc98a5c1576051893fa265e0dd6b12cc,2a4da1a7f3034248cc37edbf3b991d132431bc614ccc075c46865c0d5b816345,1911,2,train,2
6925,1931,71,Sebastolobus,/home/tahiti/MARINE_DATASETS/FathomNet_FGVC2025/data/rois/1931_6925.png,/home/tahiti/MARINE_DATASETS/FathomNet_FGVC2025/data/images/1931.png,ed57783190f4f21ceb1b3fed8954361f888bdf398f1560945b4447772e53c4c0,cfb18c9d2f8cfdf98c1d94e75154e825c6bd487b62faf3218277f020774c5776,1931,5,train,5
6929,1934,15,Ceriantharia,/home/tahiti/MARINE_DATASETS/FathomNet_FGVC2025/data/rois/1934_6929.png,/home/tahiti/MARINE_DATASETS/FathomNet_FGVC2025/data/images/1934.png,09659285fef22914ea9a0e5870c58a4528e1cbc5a99b180ffbf4c064adb98e9a,c75be4719cffaa41a46dc42cb068c80afb933ad5d1bbced231e27710d965400b,1934,5,train,5
6936,1937,37,Keratoisis,/home/tahiti/MARINE_DATASETS/FathomNet_FGVC2025/data/rois/1937_6936.png,/home/tahiti/MARINE_DATASETS/FathomNet_FGVC2025/data/images/1937.png,d1d5663d001c479879d9a022044d70ae0440376e9eea690d34f6a2be0a95d2cb,f1006aedb1ed1566574702efe141d746043a4488c8620f7e009c8a7d7d06f6d4,1937,5,train,5
6964,1949,19,Crinoidea,/home/tahiti/MARINE_DATASETS/FathomNet_FGVC2025/data/rois/1949_6964.png,/home/tahiti/MARINE_DATASETS/FathomNet_FGVC2025/data/images/1949.png,9c62fee52f8751c3e265df268bf35fbe31cb90a7ea38f1b8e9280bc775f1c3b3,d3284151ac4c09e602d8d6a84136d04c2780f200b85cd4055f8173915d801ce4,1949,1,train,1
7007,1962,28,Heterochone calyx,/home/tahiti/MARINE_DATASETS/FathomNet_FGVC2025/data/rois/1962_7007.png,/home/tahiti/MARINE_DATASETS/FathomNet_FGVC2025/data/images/1962.png,61f5b500b34c5bbeae1cb9e77bf7fbd322a11570211ab641ddd8708e26ca3707,5f71cad76e38563d51614c5458ab25f80ddf0664e36833ebbf419805f1abc1bf,1962,5,train,5
7009,1962,28,Heterochone calyx,/home/tahiti/MARINE_DATASETS/FathomNet_FGVC2025/data/rois/1962_7009.png,/home/tahiti/MARINE_DATASETS/FathomNet_FGVC2025/data/images/1962.png,d1a791e71cc7618c9eee82b6c0490c7a91bf644872b4d383d55dbe6e293c006b,5f71cad76e38563d51614c5458ab25f80ddf0664e36833ebbf419805f1abc1bf,1962,5,train,5
7041,1972,55,Paragorgia arborea,/home/tahiti/MARINE_DATASETS/FathomNet_FGVC2025/data/rois/1972_7041.png,/home/tahiti/MARINE_DATASETS/FathomNet_FGVC2025/data/images/1972.png,0ebd0b217883d3881ada2c34e7ab991547b6b2ed92051c15e4d9680f74376df8,2469e15078d94f308e6a55ef3f864c50b73bd1b0c712f749dee7338ae538ecd8,1972,1,train,1
7043,1973,62,Psolus squamatus,/home/tahiti/MARINE_DATASETS/FathomNet_FGVC2025/data/rois/1973_7043.png,/home/tahiti/MARINE_DATASETS/FathomNet_FGVC2025/data/images/1973.png,57438c2891c67e03678a6912f2829105ca5ec3679f3b8dc1cebc00df5e389429,3da68184fe76b41230cae1a048a92675c1ea3f54b5e2f8a8c01b4aba4ef8b1f3,1973,2,train,2
7046,1974,11,Asteroidea,/home/tahiti/MARINE_DATASETS/FathomNet_FGVC2025/data/rois/1974_7046.png,/home/tahiti/MARINE_DATASETS/FathomNet_FGVC2025/data/images/1974.png,c0e48d865617b32ef92457be2cd570763600ca70fdc914d818195dbfcb5dbacc,be061aeae86dc74d77acbb2e49636e8528b18e5b148a85ca4a98aa81ea27d33a,1974,0,train,0
7053,1980,58,Peniagone,/home/tahiti/MARINE_DATASETS/FathomNet_FGVC2025/data/rois/1980_7053.png,/home/tahiti/MARINE_DATASETS/FathomNet_FGVC2025/data/images/1980.png,3ef27578090405358f30b3742952e24b130c744342cc2f88d46630d8ec4bc0d6,597dda4ee1a7b99d6b47fb823b80c30b7b9b6ebb57fd499d87d4b07654ecb1a5,1980,4,train,4
7058,1982,62,Psolus squamatus,/home/tahiti/MARINE_DATASETS/FathomNet_FGVC2025/data/rois/1982_7058.png,/home/tahiti/MARINE_DATASETS/FathomNet_FGVC2025/data/images/1982.png,7185aa59b4aa6d978357f5f94ca3786436e1ee6f52772f6dee46c7e06f2e69d2,2b2a40f5bf00eaec9b55dc5141db5d18ede222f1854dce45cb9026a3c0e4c303,1982,4,train,4
7063,1982,62,Psolus squamatus,/home/tahiti/MARINE_DATASETS/FathomNet_FGVC2025/data/rois/1982_7063.png,/home/tahiti/MARINE_DATASETS/FathomNet_FGVC2025/data/images/1982.png,6471c37ebc346e78a36bb25b82dcafe36b5040c3ca0caea4613a495f6933baee,2b2a40f5bf00eaec9b55dc5141db5d18ede222f1854dce45cb9026a3c0e4c303,1982,4,train,4
7142,1993,37,Keratoisis,/home/tahiti/MARINE_DATASETS/FathomNet_FGVC2025/data/rois/1993_7142.png,/home/tahiti/MARINE_DATASETS/FathomNet_FGVC2025/data/images/1993.png,85da7f81d8f85f85245686c66303cf2b4850c279880476435cae9507ce989659,63551c56f62a8a3190c32f863aa951308a41a457eac545fb215a74dbe28155db,1993,4,train,4
7145,1995,53,Pannychia moseleyi,/home/tahiti/MARINE_DATASETS/FathomNet_FGVC2025/data/rois/1995_7145.png,/home/tahiti/MARINE_DATASETS/FathomNet_FGVC2025/data/images/1995.png,30143f035b1aaaf131dc1089ee7431f3584fc7f28ac632ae7b82cde2cd231198,dfd1f14f9893c6ed26a4361175b95199c14e0907c0f71a7210150a5e9065c792,1995,0,train,0
7157,2003,71,Sebastolobus,/home/tahiti/MARINE_DATASETS/FathomNet_FGVC2025/data/rois/2003_7157.png,/home/tahiti/MARINE_DATASETS/FathomNet_FGVC2025/data/images/2003.png,985ce90e10114f793ecd831a12957570566edd30b497c4aad03aaa2c15a6cf80,5f8bcc5ae1f461cc4fa2ddbcbd0432875d61a4fe3d6537d2d3acaa576e31605f,2003,4,train,4
7192,2013,71,Sebastolobus,/home/tahiti/MARINE_DATASETS/FathomNet_FGVC2025/data/rois/2013_7192.png,/home/tahiti/MARINE_DATASETS/FathomNet_FGVC2025/data/images/2013.png,1e55f8bac5568ecfb03c9f049cdcd23f5361ccbb1fe11f654fcd09fd7966dec8,1823657668b6b61d33c9014e5230503cf63d5a0fe64bbfd55b76b81ea3ee1673,2013,4,train,4
7201,2019,24,Funiculina,/home/tahiti/MARINE_DATASETS/FathomNet_FGVC2025/data/rois/2019_7201.png,/home/tahiti/MARINE_DATASETS/FathomNet_FGVC2025/data/images/2019.png,3cf9c9bed31ac30d342b09db16377fd0bf13df6e9c575d3333aa071a45473630,50c89437b49ddd7210dfed5f5ae783eaeec6da91eb9158136831376b0db5a00f,2019,1,train,1
7232,2034,30,Hexactinellida,/home/tahiti/MARINE_DATASETS/FathomNet_FGVC2025/data/rois/2034_7232.png,/home/tahiti/MARINE_DATASETS/FathomNet_FGVC2025/data/images/2034.png,509d109f3b3bb578e6ab52b17855985d60108649c0987ff38b836184f3ecdcf9,4bfd4b767781470eb5e9fe39a2b11a0456297f57cf7dab37a3bf732e79717a40,2034,5,train,5
7234,2035,67,Scotoplanes,/home/tahiti/MARINE_DATASETS/FathomNet_FGVC2025/data/rois/2035_7234.png,/home/tahiti/MARINE_DATASETS/FathomNet_FGVC2025/data/images/2035.png,934c041fec141f66c0e37e2bff866ce7b2e1c5979f59de836c0b5d9e0b011cc8,214c216bf374eec113d1e597374c9cc7d0301f92bc7880e9d04f3e2182fd42a3,2035,1,train,1
7239,2037,48,Ophiacanthidae,/home/tahiti/MARINE_DATASETS/FathomNet_FGVC2025/data/rois/2037_7239.png,/home/tahiti/MARINE_DATASETS/FathomNet_FGVC2025/data/images/2037.png,719c76c13e919cc3f06cf493d0595fcfa28a3a497616c3c2bf1b41cc1679ae7e,3616a8474953910fab6862402ec9441fd766b449e5b14d6a33c81a3fe334e378,2037,1,train,1
7248,2041,72,Serpulidae,/home/tahiti/MARINE_DATASETS/FathomNet_FGVC2025/data/rois/2041_7248.png,/home/tahiti/MARINE_DATASETS/FathomNet_FGVC2025/data/images/2041.png,30cf45c711ba51f3fede226bb8944e2d55097ed4ef172370c37cd0f493730b9a,bfe995d735d70153c9a9c43f84ae4cd3c04b17138b79ab2ee0586ffb27eb1784,2041,1,train,1
7275,2051,15,Ceriantharia,/home/tahiti/MARINE_DATASETS/FathomNet_FGVC2025/data/rois/2051_7275.png,/home/tahiti/MARINE_DATASETS/FathomNet_FGVC2025/data/images/2051.png,5c48a50884ee49523cfee5df34fa6d0de3d4a94de982c1aa27b6eab46ca17db0,5c06da25a260540f817f1613a1b71b985a531a9bd76a722a87ca682df5f23105,2051,0,train,0
7283,2055,28,Heterochone calyx,/home/tahiti/MARINE_DATASETS/FathomNet_FGVC2025/data/rois/2055_7283.png,/home/tahiti/MARINE_DATASETS/FathomNet_FGVC2025/data/images/2055.png,f32285f789af5e45b6de0c80d9c51ca347ddacf64c0efec3050f6daeb2aa8387,4a27b43f9f661e4ab9398ce850051dfe794287f405254f6fbb20e45adc919d5b,2055,2,train,2
7288,2055,28,Heterochone calyx,/home/tahiti/MARINE_DATASETS/FathomNet_FGVC2025/data/rois/2055_7288.png,/home/tahiti/MARINE_DATASETS/FathomNet_FGVC2025/data/images/2055.png,cfc352818c6fdfbd93c969ff679b4cd3571904350bbba772c8f84e5ed0e8848d,4a27b43f9f661e4ab9398ce850051dfe794287f405254f6fbb20e45adc919d5b,2055,2,train,2
7329,2072,44,Munidopsis,/home/tahiti/MARINE_DATASETS/FathomNet_FGVC2025/data/rois/2072_7329.png,/home/tahiti/MARINE_DATASETS/FathomNet_FGVC2025/data/images/2072.png,7b143dcb45befa7ea300bfd0fce3d028cac5797838c0a1cc48f7c54f9b8c6d29,62dab46097173e5f0178dbf28293a7cf4f4483b429a6d4b53c7c3621f85acd98,2072,1,train,1
7360,2077,28,Heterochone calyx,/home/tahiti/MARINE_DATASETS/FathomNet_FGVC2025/data/rois/2077_7360.png,/home/tahiti/MARINE_DATASETS/FathomNet_FGVC2025/data/images/2077.png,a31f981e7847b270a5c7577bf4fdc7e087286479e506f3023b600f326e38acd9,e848a943cc8903317dd2522853b5c2da0cc4a3fbff7c2e7c0bea7248982b06d0,2077,4,train,4
7378,2080,7,Amphipoda,/home/tahiti/MARINE_DATASETS/FathomNet_FGVC2025/data/rois/2080_7378.png,/home/tahiti/MARINE_DATASETS/FathomNet_FGVC2025/data/images/2080.png,ab4088a15b18356978edec97b346db766df66077176f29378bb0336b38b05392,ce59a6b86b6b14e9d359a4a49389d83a3bf1b801f66286f9cff167c1cf676189,2080,4,train,4
7382,2080,7,Amphipoda,/home/tahiti/MARINE_DATASETS/FathomNet_FGVC2025/data/rois/2080_7382.png,/home/tahiti/MARINE_DATASETS/FathomNet_FGVC2025/data/images/2080.png,01ee1a4ce030340a457a2d57f341190e41a5437fe01eda6926458486cc134044,ce59a6b86b6b14e9d359a4a49389d83a3bf1b801f66286f9cff167c1cf676189,2080,4,train,4
7398,2088,62,Psolus squamatus,/home/tahiti/MARINE_DATASETS/FathomNet_FGVC2025/data/rois/2088_7398.png,/home/tahiti/MARINE_DATASETS/FathomNet_FGVC2025/data/images/2088.png,3b002f9a90604a285bd3d90f2801ecd3c373964ce4ea2258b6c18c8226cd020f,4047f1991a71b758ca26e1bf077cc2a453ac0beb5f20d92cebc55615f11dac2f,2088,1,train,1
7411,2091,11,Asteroidea,/home/tahiti/MARINE_DATASETS/FathomNet_FGVC2025/data/rois/2091_7411.png,/home/tahiti/MARINE_DATASETS/FathomNet_FGVC2025/data/images/2091.png,2229024da82443b5bd3c4f3b867bbde86ddd68a5f17c8a271c6a45bdf09d9186,e54e2d94eea3d5c4e5927e6875b743d24dc0e58c2ec47b57298434883e51362c,2091,5,train,5
7419,2094,79,Zoantharia,/home/tahiti/MARINE_DATASETS/FathomNet_FGVC2025/data/rois/2094_7419.png,/home/tahiti/MARINE_DATASETS/FathomNet_FGVC2025/data/images/2094.png,1e77bdd7c1a3a5d6be40143475b977654793d24cd7224ab3f21ed362f7fce7f1,38f339af8a38f51831acbfab22ad053b71575b393df0b86d82f556f30a4d3b5a,2094,4,train,4
7438,2095,30,Hexactinellida,/home/tahiti/MARINE_DATASETS/FathomNet_FGVC2025/data/rois/2095_7438.png,/home/tahiti/MARINE_DATASETS/FathomNet_FGVC2025/data/images/2095.png,1c3ceb0b682f7d387b6116239f8b3840c755bb13631d2f0f9445a9bf73178658,a6e2cbe9fed8efc7b7f536ba24b3f880de54e7e0cc3604a39a1536b02c2e287c,2095,2,train,2
7462,2109,68,Scotoplanes globosa,/home/tahiti/MARINE_DATASETS/FathomNet_FGVC2025/data/rois/2109_7462.png,/home/tahiti/MARINE_DATASETS/FathomNet_FGVC2025/data/images/2109.png,f2481a15cb0750714094507bf8638000b29f0d488d0348f8948eab963e38ff13,4ad7f4de2fa5918b285f08b7299d31b83d808f3b3fce350155db4fc228a57b46,2109,1,train,1
7469,2115,32,Holothuroidea,/home/tahiti/MARINE_DATASETS/FathomNet_FGVC2025/data/rois/2115_7469.png,/home/tahiti/MARINE_DATASETS/FathomNet_FGVC2025/data/images/2115.png,aba6d65726bba0ccf502926aab3d04270dfb24de07fcfef64a809c8a0f17e837,ce7867a5a256c9a625a12ec2ea4509e3815a6affae08381d4b8194b5bacfb69b,2115,1,train,1
7489,2121,25,Gastropoda,/home/tahiti/MARINE_DATASETS/FathomNet_FGVC2025/data/rois/2121_7489.png,/home/tahiti/MARINE_DATASETS/FathomNet_FGVC2025/data/images/2121.png,d0957c14d634c7e346c1cc4a3c987ed21eb5ac9b49c35e45103db3aacdbee889,9575c8ae64db9343a15dd35974a48f0a1e7dae106ccfb175b09e8c94ba68868d,2121,5,train,5
7505,2124,37,Keratoisis,/home/tahiti/MARINE_DATASETS/FathomNet_FGVC2025/data/rois/2124_7505.png,/home/tahiti/MARINE_DATASETS/FathomNet_FGVC2025/data/images/2124.png,0fb7a8667f57156640701f59e6890d468bcda73001d6ccb26346ab675a1a8236,12a3cadb6fa408dbd69965e37851d3165656f3e3c841358379588e167dd00f3a,2124,2,train,2
7523,2138,11,Asteroidea,/home/tahiti/MARINE_DATASETS/FathomNet_FGVC2025/data/rois/2138_7523.png,/home/tahiti/MARINE_DATASETS/FathomNet_FGVC2025/data/images/2138.png,38dfe6d2679e4de8e59b285bbf4dc2b664144eabb9b9a8620ab92711d561ed1a,0c90fb0d35fe4c7d766113a6808387c2c43254bb7f9bf1988549ce6a252c694e,2138,0,train,0
7524,2139,41,Merluccius productus,/home/tahiti/MARINE_DATASETS/FathomNet_FGVC2025/data/rois/2139_7524.png,/home/tahiti/MARINE_DATASETS/FathomNet_FGVC2025/data/images/2139.png,abe641a45796039dddacaf4d746a330e90f3e4476a108299ee0f395d838893f5,c5a5be6ed615a85ada560167f69140f8a3ed49fa2e399ca9f0fa629511821e44,2139,2,train,2
7576,2163,36,Isosicyonis,/home/tahiti/MARINE_DATASETS/FathomNet_FGVC2025/data/rois/2163_7576.png,/home/tahiti/MARINE_DATASETS/FathomNet_FGVC2025/data/images/2163.png,bd529850a6f42f31a3a324e7631e7fd8a01658ab46d395cf0af1f731edad546f,bd581164ccc9e75436bc2926a6f440adbe8db1bc45c62fc74439de56ce36c262,2163,0,train,0
7585,2168,22,Farrea,/home/tahiti/MARINE_DATASETS/FathomNet_FGVC2025/data/rois/2168_7585.png,/home/tahiti/MARINE_DATASETS/FathomNet_FGVC2025/data/images/2168.png,19a2f34ae4dd3aa32d252177e6334db2446525059e3e65f75772e811ee83050a,d214fdead39a5df04c34c47070421ebdbe238bb788463796348c47f748c5c213,2168,0,train,0
7590,2169,70,Sebastes diploproa,/home/tahiti/MARINE_DATASETS/FathomNet_FGVC2025/data/rois/2169_7590.png,/home/tahiti/MARINE_DATASETS/FathomNet_FGVC2025/data/images/2169.png,de53c67fa6740e8d083bbd26d6720bb8aa4dc57964e8923b53c6d033f8c0a9a6,5f038da5f818070c5d2cd58629a9d879d9c1c634b004ac2b8f381c8861bce4d6,2169,5,train,5
7613,2175,52,Pandalus platyceros,/home/tahiti/MARINE_DATASETS/FathomNet_FGVC2025/data/rois/2175_7613.png,/home/tahiti/MARINE_DATASETS/FathomNet_FGVC2025/data/images/2175.png,c71ec46686aa86727ca998f4612fb73782649f5eb6f293a72cdf17adf0eeed93,227d2ff0410155d6e4c2d37e9dba8176018baee63ee928ff8dd9a100169f08ac,2175,2,train,2
7649,2185,55,Paragorgia arborea,/home/tahiti/MARINE_DATASETS/FathomNet_FGVC2025/data/rois/2185_7649.png,/home/tahiti/MARINE_DATASETS/FathomNet_FGVC2025/data/images/2185.png,5d0f72e7c8f7cf32f2962ecbe24bddcdee1398ea76ba6d14aed5261c977cdd50,477e4039baebf559a320631a4e7599ee4e658aa74e2b55981a1c5ff87933a5c9,2185,0,train,0
7656,2187,44,Munidopsis,/home/tahiti/MARINE_DATASETS/FathomNet_FGVC2025/data/rois/2187_7656.png,/home/tahiti/MARINE_DATASETS/FathomNet_FGVC2025/data/images/2187.png,46601eb5d07c5d5a87876f1cf5fbaec728a2088570984f12b64401b1597a9ea4,8b5b8a5b95d93fb7bc0d91fe0f85913ed4da46892df1c7b0eb96512b142dbfd4,2187,0,train,0
7661,2190,14,Caridea,/home/tahiti/MARINE_DATASETS/FathomNet_FGVC2025/data/rois/2190_7661.png,/home/tahiti/MARINE_DATASETS/FathomNet_FGVC2025/data/images/2190.png,bb14aafbf0a9a7ea8941adb005275d2bae9ce23e21a84591bd2fcd7abeaef055,ec73e94d6c64116718e65813b02ad1a9afdd4da8bebf844cd3426f18e7a0b1f9,2190,1,train,1
7665,2192,19,Crinoidea,/home/tahiti/MARINE_DATASETS/FathomNet_FGVC2025/data/rois/2192_7665.png,/home/tahiti/MARINE_DATASETS/FathomNet_FGVC2025/data/images/2192.png,1e71c43cf5bd1fbcc63b82885f8c096414c9824aa7c2db8231be61f68f528087,4b19e8b0a8742c0f8ae90301cbfffbffb3747c5097165689529da4e2f369ddfa,2192,5,train,5
7666,2193,13,Brisingida,/home/tahiti/MARINE_DATASETS/FathomNet_FGVC2025/data/rois/2193_7666.png,/home/tahiti/MARINE_DATASETS/FathomNet_FGVC2025/data/images/2193.png,98dc15bc0cfa3b17fdade4681e808e820b13fec789ff0cd0cde23c34aa394d94,5f666cf5fe49ce40b069317e39b264da265104d7d7ac9185ccd1034200a4346f,2193,5,train,5
7669,2194,78,Vesicomyidae,/home/tahiti/MARINE_DATASETS/FathomNet_FGVC2025/data/rois/2194_7669.png,/home/tahiti/MARINE_DATASETS/FathomNet_FGVC2025/data/images/2194.png,12c8a407dd555293a512df081a21203d62e75c4abd3e159e32c9568a0fff0b5c,d66593d6be8a6927fe0d5afdb0c8fef30839fe57d1a0f13fe030eecf8f627ebb,2194,5,train,5
7687,2198,15,Ceriantharia,/home/tahiti/MARINE_DATASETS/FathomNet_FGVC2025/data/rois/2198_7687.png,/home/tahiti/MARINE_DATASETS/FathomNet_FGVC2025/data/images/2198.png,56fd1aa97d8fbc0154145a16823a433def7919eb0d64cfdad475ee30d836b201,cdaa1c9e6d32083e2de0e217f7b8313a303d4ca2238b238298978f53a8d51df4,2198,0,train,0
7713,2212,28,Heterochone calyx,/home/tahiti/MARINE_DATASETS/FathomNet_FGVC2025/data/rois/2212_7713.png,/home/tahiti/MARINE_DATASETS/FathomNet_FGVC2025/data/images/2212.png,946c0ecc1fa79428b2a2b3cbb8afc21fa0eaeee4986c7815220912e414367b20,6dede5458ab348d83d936511796202172d36187d82008ce8612d3e8820d5f517,2212,4,train,4
7720,2212,22,Farrea,/home/tahiti/MARINE_DATASETS/FathomNet_FGVC2025/data/rois/2212_7720.png,/home/tahiti/MARINE_DATASETS/FathomNet_FGVC2025/data/images/2212.png,03556d4eacf4219146e8125101f7b2fbe1c0093a513e8fd5c7cce24b36c0999f,6dede5458ab348d83d936511796202172d36187d82008ce8612d3e8820d5f517,2212,4,train,4
7754,2225,35,Isididae,/home/tahiti/MARINE_DATASETS/FathomNet_FGVC2025/data/rois/2225_7754.png,/home/tahiti/MARINE_DATASETS/FathomNet_FGVC2025/data/images/2225.png,6e36e3ceb9add0f0930ddca6a6eaa3252e362ef99fd3c3f9ddf6d527197dfb8b,1a23839bf42d9a7bbdac2063a14a9e3ff67edd02e105edd63d3397af1a28f8ca,2225,5,train,5
7759,2228,34,Isidella tentaculum,/home/tahiti/MARINE_DATASETS/FathomNet_FGVC2025/data/rois/2228_7759.png,/home/tahiti/MARINE_DATASETS/FathomNet_FGVC2025/data/images/2228.png,736fd3fefb481776ad5a8252a341f528ef7872088206e64b539c13a04de3c0c1,1aa7965917c7eb0cdcd83171b16697018982a19e1b8bb16a3b99900829580cdb,2228,5,train,5
7785,2240,65,Rathbunaster californicus,/home/tahiti/MARINE_DATASETS/FathomNet_FGVC2025/data/rois/2240_7785.png,/home/tahiti/MARINE_DATASETS/FathomNet_FGVC2025/data/images/2240.png,4dd7ca5f84f8bc64569257e27ca0bf12eb6a08f6897e2defe20a159ed4e782e0,fb57691e02ce5298a6c066eecf2de6fa1a9e71236d5f603e69ec8d9230131ba1,2240,4,train,4
7796,2248,52,Pandalus platyceros,/home/tahiti/MARINE_DATASETS/FathomNet_FGVC2025/data/rois/2248_7796.png,/home/tahiti/MARINE_DATASETS/FathomNet_FGVC2025/data/images/2248.png,68ab725b7c30cb98363cc14105fba2f09b488d42ac9dae0b5e21c486059060fd,e1860f04fc1d4208f90404f674bc34cf58cb79e824789cd79f83c0e81b7ab4d3,2248,1,train,1
7798,2249,65,Rathbunaster californicus,/home/tahiti/MARINE_DATASETS/FathomNet_FGVC2025/data/rois/2249_7798.png,/home/tahiti/MARINE_DATASETS/FathomNet_FGVC2025/data/images/2249.png,848969df5bbd52ace5911b688c21ab9d4993488c2ae660eca05df42ec79352a9,ba886b3c7421e312f4a7f1748c6770b9bfd05b7d154f704a092ee0a40d21d675,2249,2,train,2
7818,2254,23,Florometra serratissima,/home/tahiti/MARINE_DATASETS/FathomNet_FGVC2025/data/rois/2254_7818.png,/home/tahiti/MARINE_DATASETS/FathomNet_FGVC2025/data/images/2254.png,54148f304d9e642555dded9b1fd23b148b6f77f93c79b27f2754ca36420a6953,db1374d9be15b668c636fec079e133358b94b4941cdf19ca8c2f7154b6db35b2,2254,1,train,1
7819,2255,44,Munidopsis,/home/tahiti/MARINE_DATASETS/FathomNet_FGVC2025/data/rois/2255_7819.png,/home/tahiti/MARINE_DATASETS/FathomNet_FGVC2025/data/images/2255.png,e5b2c19b9b12f08f80736c4acbd2c928162c5f34548957b962708ec327f90d03,e96dd030722c52f8b79c98f9b9b3f6fcd2be6d7f1ba8eeae51e1547068ae466a,2255,4,train,4
7831,2258,67,Scotoplanes,/home/tahiti/MARINE_DATASETS/FathomNet_FGVC2025/data/rois/2258_7831.png,/home/tahiti/MARINE_DATASETS/FathomNet_FGVC2025/data/images/2258.png,6cdf57cf4844398c8bbc0220aab2027351d8dc35d834bfe81d74794f8f454569,8a17eae3a361973338f8c4f9f39527a9b0367af89053f78e6b0a4dfd4e302bef,2258,4,train,4
7833,2260,54,Paragorgia,/home/tahiti/MARINE_DATASETS/FathomNet_FGVC2025/data/rois/2260_7833.png,/home/tahiti/MARINE_DATASETS/FathomNet_FGVC2025/data/images/2260.png,08cd4fb43fd17ce68912535bef384d8fceff482b1d199803a147f9f6b595cd53,b2042b68d35c6e4a808c751ed710d06e831a93d803932c9b9f59de17bc79ed8a,2260,1,train,1
7851,2265,27,Heterocarpus,/home/tahiti/MARINE_DATASETS/FathomNet_FGVC2025/data/rois/2265_7851.png,/home/tahiti/MARINE_DATASETS/FathomNet_FGVC2025/data/images/2265.png,79341883dc1a03b922fc5d0656fa841bb14a2f254f6e0e8a08e93901f3f7c9af,011ae00c0c86c050b24bfbbe899a973c798ff66866598b8b0d51123add0b6ace,2265,2,train,2
7870,2276,15,Ceriantharia,/home/tahiti/MARINE_DATASETS/FathomNet_FGVC2025/data/rois/2276_7870.png,/home/tahiti/MARINE_DATASETS/FathomNet_FGVC2025/data/images/2276.png,e329b37f3892fe9a4611d4ca52d012dd444a2eb117d36aa2abc676f1f0989d06,ff1cfe6faf99321a54f956a959617d48bebc73c94a15a9d73c42c479b860978b,2276,0,train,0
7879,2278,37,Keratoisis,/home/tahiti/MARINE_DATASETS/FathomNet_FGVC2025/data/rois/2278_7879.png,/home/tahiti/MARINE_DATASETS/FathomNet_FGVC2025/data/images/2278.png,17e82e97f50f59208018dd389fe65de18f27e0421973503230f633740e769d50,14befe7874db958dee777b9c489448f7fade2067c7bc7af72289c08c3af06692,2278,5,train,5
7880,2279,1,Abyssocucumis abyssorum,/home/tahiti/MARINE_DATASETS/FathomNet_FGVC2025/data/rois/2279_7880.png,/home/tahiti/MARINE_DATASETS/FathomNet_FGVC2025/data/images/2279.png,d86ca40ebbe35c5e65e86f98afc0372f593967c44602ca3f809366638d1cff96,6904cc9a72ef6de9c0ad17fdf9b86cc92aea9570c25701f680802fe8c275c6a0,2279,1,train,1
7883,2279,45,Munnopsidae,/home/tahiti/MARINE_DATASETS/FathomNet_FGVC2025/data/rois/2279_7883.png,/home/tahiti/MARINE_DATASETS/FathomNet_FGVC2025/data/images/2279.png,6b1fcfbc000f6d55104237bed358db90779908047f2b894437193fc31a08388f,6904cc9a72ef6de9c0ad17fdf9b86cc92aea9570c25701f680802fe8c275c6a0,2279,1,train,1
7887,2281,55,Paragorgia arborea,/home/tahiti/MARINE_DATASETS/FathomNet_FGVC2025/data/rois/2281_7887.png,/home/tahiti/MARINE_DATASETS/FathomNet_FGVC2025/data/images/2281.png,44a719b60d595fbe340afcb2e5d6ad56cec31f2f310ab187492c474fb5076d0e,e2a348db17523ec45d454b146b76233db367952f114badc427f6cef415d1c0b3,2281,0,train,0
7903,2290,55,Paragorgia arborea,/home/tahiti/MARINE_DATASETS/FathomNet_FGVC2025/data/rois/2290_7903.png,/home/tahiti/MARINE_DATASETS/FathomNet_FGVC2025/data/images/2290.png,a639e14aa1452e9169697b631028d130cde5fa442bc734f6e54fadd4ebab0f58,a48bcf2c44ea17adf72a01bed019e8fdf81399ee9eb4129488a693f220d79764,2290,2,train,2
7909,2294,56,Paralomis multispina,/home/tahiti/MARINE_DATASETS/FathomNet_FGVC2025/data/rois/2294_7909.png,/home/tahiti/MARINE_DATASETS/FathomNet_FGVC2025/data/images/2294.png,05e60c86ea6d4b00b3d82288f7d25524db23752744ee5f01c755bd7e205a55f3,139daa1a4b0a9ff89aceebc8d5b8a6bb2658b4e1c89d43589bc1eff06a7f5e33,2294,4,train,4
7911,2294,56,Paralomis multispina,/home/tahiti/MARINE_DATASETS/FathomNet_FGVC2025/data/rois/2294_7911.png,/home/tahiti/MARINE_DATASETS/FathomNet_FGVC2025/data/images/2294.png,4f7472439e50e28a247608983b21fbde118825f5f408c64efa015c366759512a,139daa1a4b0a9ff89aceebc8d5b8a6bb2658b4e1c89d43589bc1eff06a7f5e33,2294,4,train,4
7947,2301,11,Asteroidea,/home/tahiti/MARINE_DATASETS/FathomNet_FGVC2025/data/rois/2301_7947.png,/home/tahiti/MARINE_DATASETS/FathomNet_FGVC2025/data/images/2301.png,10c4ef9c69607d9e4ec5a89399c18a349cd124c7274c4a0e05d14324cf1c8c0f,79cd4288d14e733dcca02f819aa2359d609435fd479d720be8b1756c484da0fd,2301,1,train,1
7961,2311,73,Staurocalyptus,/home/tahiti/MARINE_DATASETS/FathomNet_FGVC2025/data/rois/2311_7961.png,/home/tahiti/MARINE_DATASETS/FathomNet_FGVC2025/data/images/2311.png,5c02e1408e7d221ccd19ae8a9ab71b8c787e1c8c594003285f96103066bc7ff5,3650da770cfa3124940248fca08d262bd78a0374653504892c1193e7d92f45b0,2311,0,train,0
8034,2352,54,Paragorgia,/home/tahiti/MARINE_DATASETS/FathomNet_FGVC2025/data/rois/2352_8034.png,/home/tahiti/MARINE_DATASETS/FathomNet_FGVC2025/data/images/2352.png,40ba99ee3ed3fc7a6965280dba2452395ccacb5f6f0da9f08490dfbe1ccf94d7,1c1889a8d79229895a0189f00710c490207e9b21ae63febdcbfdeb844ffda11e,2352,1,train,1
8047,2357,41,Merluccius productus,/home/tahiti/MARINE_DATASETS/FathomNet_FGVC2025/data/rois/2357_8047.png,/home/tahiti/MARINE_DATASETS/FathomNet_FGVC2025/data/images/2357.png,07e0ec6fcc20225e3fadd21617e673bc03d3453646a38d8ffa0e499a09978093,ba7f73e32c84f5bac02c0d11caea99f966da0306297fc5dad981fdcc66cfe914,2357,0,train,0
8049,2359,12,Benthocodon pedunculata,/home/tahiti/MARINE_DATASETS/FathomNet_FGVC2025/data/rois/2359_8049.png,/home/tahiti/MARINE_DATASETS/FathomNet_FGVC2025/data/images/2359.png,a275273638e58ac5aeb46e025755f750e928a2de398db2dbcd231025bd6cf4ab,f5ac83d6e1fcaec1222fb43583ba9a9215513d304dea05e3d2b9ec95bd835693,2359,5,train,5
8052,2361,28,Heterochone calyx,/home/tahiti/MARINE_DATASETS/FathomNet_FGVC2025/data/rois/2361_8052.png,/home/tahiti/MARINE_DATASETS/FathomNet_FGVC2025/data/images/2361.png,5708d537fb48e752bbf7a57abf91eab68956004ef321d8f7cf523c158b6b377f,4f628737efd4797a251594d1400c2d3cfe6bab935bce366db58c1569ea62d6bc,2361,5,train,5
8088,2375,69,Sebastes,/home/tahiti/MARINE_DATASETS/FathomNet_FGVC2025/data/rois/2375_8088.png,/home/tahiti/MARINE_DATASETS/FathomNet_FGVC2025/data/images/2375.png,7ff27db8736863c0f1aa0f7644af1982ba6f7b3ede258a6e75b41d72503f10bd,28d07d26087a72494c0ff7e7af79a4b05627f064b4c6ef1d90cd5a800ac2e740,2375,0,train,0
8093,2377,28,Heterochone calyx,/home/tahiti/MARINE_DATASETS/FathomNet_FGVC2025/data/rois/2377_8093.png,/home/tahiti/MARINE_DATASETS/FathomNet_FGVC2025/data/images/2377.png,00bcee21b64ff55faec8243f1700a5e441b5755689a8effd231e14250900fe73,f497a5776bf1cc8cac96aee172a80ec8a7a3b490c2e157dbce1bf1ba06e440a6,2377,1,train,1
8104,2380,39,Lithodidae,/home/tahiti/MARINE_DATASETS/FathomNet_FGVC2025/data/rois/2380_8104.png,/home/tahiti/MARINE_DATASETS/FathomNet_FGVC2025/data/images/2380.png,e315cc52b7aaed1a7a518071de1889cca8682b2f16040062184aa5b3f5e9bdc8,0125c0ba3232893598beb8bb25f6a5899c6b023e320f42f79d7e42ab7c163fa1,2380,5,train,5
8110,2385,20,Delectopecten,/home/tahiti/MARINE_DATASETS/FathomNet_FGVC2025/data/rois/2385_8110.png,/home/tahiti/MARINE_DATASETS/FathomNet_FGVC2025/data/images/2385.png,b76c06754d2afad5e9231fdcf96d4af9723cb50b2942c8ee4a88f7f74dc67354,3e0281643a639b56c3cd256b84c5ea4f9134358112968cd35d6917a9b836f1bb,2385,2,train,2
8114,2385,66,Scleractinia,/home/tahiti/MARINE_DATASETS/FathomNet_FGVC2025/data/rois/2385_8114.png,/home/tahiti/MARINE_DATASETS/FathomNet_FGVC2025/data/images/2385.png,0d5f3c96ff99a9cc6d068aecf7e9ce22bd3baae41880ef27455cfb21f2ed0212,3e0281643a639b56c3cd256b84c5ea4f9134358112968cd35d6917a9b836f1bb,2385,2,train,2
8140,2392,67,Scotoplanes,/home/tahiti/MARINE_DATASETS/FathomNet_FGVC2025/data/rois/2392_8140.png,/home/tahiti/MARINE_DATASETS/FathomNet_FGVC2025/data/images/2392.png,eac6f43e4b1b79451ae2d3b79d1769b5cb46106dde87c90009bc44c522f26c5e,3913be7a70bfe29b7aa376de2b1c4b652964eb4f90aa1408bf582afcdbd63e22,2392,4,train,4
8154,2393,38,Liponema brevicorne,/home/tahiti/MARINE_DATASETS/FathomNet_FGVC2025/data/rois/2393_8154.png,/home/tahiti/MARINE_DATASETS/FathomNet_FGVC2025/data/images/2393.png,823e4106220320c8d773498b5e0dd7f8fb59efde96ea71e32aacf80e580394c7,a274f511f9d4f251a2a9f9f5f34f14f7ec3b1c91ebb341c2834c32d413ae05b7,2393,5,train,5
8158,2393,69,Sebastes,/home/tahiti/MARINE_DATASETS/FathomNet_FGVC2025/data/rois/2393_8158.png,/home/tahiti/MARINE_DATASETS/FathomNet_FGVC2025/data/images/2393.png,257f8c513051a9755313ece5fcfeb20f795c8375226305990cd4f4e265abbd1c,a274f511f9d4f251a2a9f9f5f34f14f7ec3b1c91ebb341c2834c32d413ae05b7,2393,5,train,5
8162,2395,10,Asbestopluma monticola,/home/tahiti/MARINE_DATASETS/FathomNet_FGVC2025/data/rois/2395_8162.png,/home/tahiti/MARINE_DATASETS/FathomNet_FGVC2025/data/images/2395.png,44e9c1e4a360307d623c6efad64c5db3fc2485ea4a34559cb9d66625c9bbe0e9,fa58f499453aa3b9a7438212d8e54e095aa77834ea7a8887961edd354c009129,2395,1,train,1
8164,2395,73,Staurocalyptus,/home/tahiti/MARINE_DATASETS/FathomNet_FGVC2025/data/rois/2395_8164.png,/home/tahiti/MARINE_DATASETS/FathomNet_FGVC2025/data/images/2395.png,6775705bfcb234a63cb69976d65759170aa8cdf07073978e84de66574ea138b4,fa58f499453aa3b9a7438212d8e54e095aa77834ea7a8887961edd354c009129,2395,1,train,1
8165,2395,29,Heteropolypus ritteri,/home/tahiti/MARINE_DATASETS/FathomNet_FGVC2025/data/rois/2395_8165.png,/home/tahiti/MARINE_DATASETS/FathomNet_FGVC2025/data/images/2395.png,094954f01ddd9c1c0179b380d2a5a080e163742c87f64a4fc350c351439450fb,fa58f499453aa3b9a7438212d8e54e095aa77834ea7a8887961edd354c009129,2395,1,train,1
8184,2397,14,Caridea,/home/tahiti/MARINE_DATASETS/FathomNet_FGVC2025/data/rois/2397_8184.png,/home/tahiti/MARINE_DATASETS/FathomNet_FGVC2025/data/images/2397.png,898ebab09636d884aaf710154d86075a9cc4c7ce817a0cc1e8cd4a6b1db85de0,c9ad132ab5645aff6557ab767e39bb9cb67dd459385d9aa419d6e89ad59715f5,2397,2,train,2
8186,2397,14,Caridea,/home/tahiti/MARINE_DATASETS/FathomNet_FGVC2025/data/rois/2397_8186.png,/home/tahiti/MARINE_DATASETS/FathomNet_FGVC2025/data/images/2397.png,8793e5447df3e2d0d2a38be008e5ff653c9947d5641eb9375b2d14760340ca3d,c9ad132ab5645aff6557ab767e39bb9cb67dd459385d9aa419d6e89ad59715f5,2397,2,train,2
8191,2401,29,Heteropolypus ritteri,/home/tahiti/MARINE_DATASETS/FathomNet_FGVC2025/data/rois/2401_8191.png,/home/tahiti/MARINE_DATASETS/FathomNet_FGVC2025/data/images/2401.png,f8343a4c7169fddde6c86afb1fe3ae512ae49e5a6e1ef009b4acb0091dc4d35e,fad61b506fdf1eee463cdf9446ae92f78d3d2c3054fb80dc0a1cc1d0fab713ae,2401,2,train,2
8195,2403,68,Scotoplanes globosa,/home/tahiti/MARINE_DATASETS/FathomNet_FGVC2025/data/rois/2403_8195.png,/home/tahiti/MARINE_DATASETS/FathomNet_FGVC2025/data/images/2403.png,2a580c004c0affdf1ffdfad6f0b434085664b22af6f64994d094b89dab225e7d,069568b5ed8a75266f05bc2a937f2d981d681eca8b3e678362c31d37ecc96d7c,2403,4,train,4
8221,2406,28,Heterochone calyx,/home/tahiti/MARINE_DATASETS/FathomNet_FGVC2025/data/rois/2406_8221.png,/home/tahiti/MARINE_DATASETS/FathomNet_FGVC2025/data/images/2406.png,ab94b1cc8af600b4124626dde8c0339bd996e3865a5e04706ffe18a486411799,55a569de0a3e5271b8bbbd85ba460dd00b761382706cc4360b3c8ac2efca4f87,2406,2,train,2
8223,2407,43,Microstomus pacificus,/home/tahiti/MARINE_DATASETS/FathomNet_FGVC2025/data/rois/2407_8223.png,/home/tahiti/MARINE_DATASETS/FathomNet_FGVC2025/data/images/2407.png,6bc0e453f107e7826ee704455accf11e97c15eb6f157f8a4236affc3f3c8808d,c6d2d4fdeaddad2ca747c44fc10cf168bc98787633861a1032a2909a7c24be74,2407,0,train,0
8226,2410,16,Chionoecetes tanneri,/home/tahiti/MARINE_DATASETS/FathomNet_FGVC2025/data/rois/2410_8226.png,/home/tahiti/MARINE_DATASETS/FathomNet_FGVC2025/data/images/2410.png,cb1bda58e9406880ac3754dd2fd7faae284f39be16b71734a0b27e30622b03e2,f0d6204acb30931585de2fcbdcf7259a47f099eb222ce80f7ceda41666c7a66d,2410,2,train,2
8241,2411,2,Acanthascinae,/home/tahiti/MARINE_DATASETS/FathomNet_FGVC2025/data/rois/2411_8241.png,/home/tahiti/MARINE_DATASETS/FathomNet_FGVC2025/data/images/2411.png,8b3585c1bbff464f5f0520fe0abe60b04a67e569f61a84f3589eb0af72f05232,e9c7fa0ee0565a49a57dc0391c1b62cad66e22877b98bfe6ed26135045930b58,2411,1,train,1
8244,2411,10,Asbestopluma monticola,/home/tahiti/MARINE_DATASETS/FathomNet_FGVC2025/data/rois/2411_8244.png,/home/tahiti/MARINE_DATASETS/FathomNet_FGVC2025/data/images/2411.png,d2186b23e98318ff82f48edd4d7a0b103dc3a452c09bfe2296cb3f41c79e2eef,e9c7fa0ee0565a49a57dc0391c1b62cad66e22877b98bfe6ed26135045930b58,2411,1,train,1
8249,2412,57,Parastenella,/home/tahiti/MARINE_DATASETS/FathomNet_FGVC2025/data/rois/2412_8249.png,/home/tahiti/MARINE_DATASETS/FathomNet_FGVC2025/data/images/2412.png,037b5143667dd9988cb0ba7a8c0b79cda445505d4de5a5b92b5652fec1f59d9f,0d49fba3ae28072d17df68347e131b1bef905e0e028048e2488309414b587841,2412,5,train,5
8252,2412,16,Chionoecetes tanneri,/home/tahiti/MARINE_DATASETS/FathomNet_FGVC2025/data/rois/2412_8252.png,/home/tahiti/MARINE_DATASETS/FathomNet_FGVC2025/data/images/2412.png,a9cdf47a17171ddc97f280a1753de8a69f88476e47eb1b8bc6d022b0602c3abc,0d49fba3ae28072d17df68347e131b1bef905e0e028048e2488309414b587841,2412,5,train,5
8253,2412,35,Isididae,/home/tahiti/MARINE_DATASETS/FathomNet_FGVC2025/data/rois/2412_8253.png,/home/tahiti/MARINE_DATASETS/FathomNet_FGVC2025/data/images/2412.png,e690419a577dbeb56abd7e233ca73f7abb02cb136f208e8ea8fc44e657ce4fe2,0d49fba3ae28072d17df68347e131b1bef905e0e028048e2488309414b587841,2412,5,train,5
8270,2419,44,Munidopsis,/home/tahiti/MARINE_DATASETS/FathomNet_FGVC2025/data/rois/2419_8270.png,/home/tahiti/MARINE_DATASETS/FathomNet_FGVC2025/data/images/2419.png,d2425ee512d000c77d2182a6b5fa486003fd087376e0c4b50439ab18cc07db6e,448284a5cac4fa51b05ec64a922d8c91ff35129d2ac37785adab9fb8484c0938,2419,4,train,4
8331,2442,12,Benthocodon pedunculata,/home/tahiti/MARINE_DATASETS/FathomNet_FGVC2025/data/rois/2442_8331.png,/home/tahiti/MARINE_DATASETS/FathomNet_FGVC2025/data/images/2442.png,37817e7a84d3c366bb1b688c4cbff1399eb7781255fd7227c8b5b75a1fd835df,a3e11206544bc6f25739e3bb9c0d5f3bd7bc3687d803d58074d4b08ff976ed89,2442,5,train,5
8349,2444,73,Staurocalyptus,/home/tahiti/MARINE_DATASETS/FathomNet_FGVC2025/data/rois/2444_8349.png,/home/tahiti/MARINE_DATASETS/FathomNet_FGVC2025/data/images/2444.png,f9e626350e9e9a85f4868ead81b59d5fa50906b21fb2879a0ab30ae27576fcaa,fc9a0d7d568f89d1814eaf5885744e1bb8ee4a67ceeb63c9925061693cdea270,2444,5,train,5
8362,2451,77,Umbellula,/home/tahiti/MARINE_DATASETS/FathomNet_FGVC2025/data/rois/2451_8362.png,/home/tahiti/MARINE_DATASETS/FathomNet_FGVC2025/data/images/2451.png,36d8eb079bb66209060392a3e27d644f451c6d13c47c08cd510d8cff1492e9e4,afb17890e4c251b471a786da88a1fcab59e27227bfd15c483baaacf30f8924d2,2451,4,train,4
8376,2451,24,Funiculina,/home/tahiti/MARINE_DATASETS/FathomNet_FGVC2025/data/rois/2451_8376.png,/home/tahiti/MARINE_DATASETS/FathomNet_FGVC2025/data/images/2451.png,29c9c6ff17cecc1aa1b49b7120b10496491b9d73a34f718b36ac7761e4aaa8bb,afb17890e4c251b471a786da88a1fcab59e27227bfd15c483baaacf30f8924d2,2451,4,train,4
8378,2451,24,Funiculina,/home/tahiti/MARINE_DATASETS/FathomNet_FGVC2025/data/rois/2451_8378.png,/home/tahiti/MARINE_DATASETS/FathomNet_FGVC2025/data/images/2451.png,2ee6247de3191a30134bbac6295aa74d9b910c2f2575904c76c8f086fff153c1,afb17890e4c251b471a786da88a1fcab59e27227bfd15c483baaacf30f8924d2,2451,4,train,4
8387,2451,24,Funiculina,/home/tahiti/MARINE_DATASETS/FathomNet_FGVC2025/data/rois/2451_8387.png,/home/tahiti/MARINE_DATASETS/FathomNet_FGVC2025/data/images/2451.png,50693e1ea64317159eb4c8a2ddf112fc46fa9d629a6f77ae411cb7be48e5b9f9,afb17890e4c251b471a786da88a1fcab59e27227bfd15c483baaacf30f8924d2,2451,4,train,4
8395,2451,24,Funiculina,/home/tahiti/MARINE_DATASETS/FathomNet_FGVC2025/data/rois/2451_8395.png,/home/tahiti/MARINE_DATASETS/FathomNet_FGVC2025/data/images/2451.png,607d6d0087a84d98e7f31f6bcfcce0c814dbc1ed461219d9e60b2f4741e8bd72,afb17890e4c251b471a786da88a1fcab59e27227bfd15c483baaacf30f8924d2,2451,4,train,4
8425,2453,37,Keratoisis,/home/tahiti/MARINE_DATASETS/FathomNet_FGVC2025/data/rois/2453_8425.png,/home/tahiti/MARINE_DATASETS/FathomNet_FGVC2025/data/images/2453.png,6d111eda2b63e961b4d0b888a9340ff3583bf72c3278f9bee19271391ddd12fa,b9aec5667635a60bfc15fdce154eb4adf3fae8516eb68cc2e53d67001e1b8cee,2453,1,train,1
8437,2454,67,Scotoplanes,/home/tahiti/MARINE_DATASETS/FathomNet_FGVC2025/data/rois/2454_8437.png,/home/tahiti/MARINE_DATASETS/FathomNet_FGVC2025/data/images/2454.png,a52d80ba4f28a3310d3290fb7870fdee49b8b604c29fc4f6f54865e6f67d633f,41f585637b255b1f261efea641e60fa71026f5f45bcacd9a1d4566ebd647366d,2454,0,train,0
8495,2475,68,Scotoplanes globosa,/home/tahiti/MARINE_DATASETS/FathomNet_FGVC2025/data/rois/2475_8495.png,/home/tahiti/MARINE_DATASETS/FathomNet_FGVC2025/data/images/2475.png,ad840a968b967bd02155c628fd7a8f45879a527247cd1ea571c8ac800d6b12c6,8cd004584e8193c44a36d2443ab494e16fb285137897f38cedceb9330ce38021,2475,4,train,4
8558,2509,42,Metridium farcimen,/home/tahiti/MARINE_DATASETS/FathomNet_FGVC2025/data/rois/2509_8558.png,/home/tahiti/MARINE_DATASETS/FathomNet_FGVC2025/data/images/2509.png,31a62188534094cde8c35b58033e183af6f58a3a17f03f12d3b24f76b5eeb43b,fb94ab052fafe4052dca48745255d715ba1f040a138014f2c84f80b85bfc43d0,2509,1,train,1
8562,2512,29,Heteropolypus ritteri,/home/tahiti/MARINE_DATASETS/FathomNet_FGVC2025/data/rois/2512_8562.png,/home/tahiti/MARINE_DATASETS/FathomNet_FGVC2025/data/images/2512.png,2f68931546f943076d431139272094c29a08b63043c2d84c65332feded8d128d,1dd1150ad993d09012e3b1bbf686adba39e4709ce80611baf81afb3c970a1f7d,2512,4,train,4
8588,2518,34,Isidella tentaculum,/home/tahiti/MARINE_DATASETS/FathomNet_FGVC2025/data/rois/2518_8588.png,/home/tahiti/MARINE_DATASETS/FathomNet_FGVC2025/data/images/2518.png,843b7fea6f86f63541c4437805d112fceac0517e09606542a171ac6f6296cedb,1869232847a6efafb74eb913f01778fdddc21fb382daceaf54abb2f0f1ca4152,2518,4,train,4
8600,2525,37,Keratoisis,/home/tahiti/MARINE_DATASETS/FathomNet_FGVC2025/data/rois/2525_8600.png,/home/tahiti/MARINE_DATASETS/FathomNet_FGVC2025/data/images/2525.png,8bf7f9a5fa2d6e068b533f006dbcc89ab8e7ae7ee7d6eb99419ce16a3e9db86f,71eca6b8381142c90ea5afcaa0af168bf6606fa938ab0cfb293c6bc7c0d94e04,2525,0,train,0
8643,2537,33,Hormathiidae,/home/tahiti/MARINE_DATASETS/FathomNet_FGVC2025/data/rois/2537_8643.png,/home/tahiti/MARINE_DATASETS/FathomNet_FGVC2025/data/images/2537.png,cb1e4beb95a5230717722d8096921d667903702398afa1b87894c1263b812776,91da7870a2f274d9d1c8197ed68db25c1e372d07c0917313b7d612bd3b30917e,2537,2,train,2
8646,2537,33,Hormathiidae,/home/tahiti/MARINE_DATASETS/FathomNet_FGVC2025/data/rois/2537_8646.png,/home/tahiti/MARINE_DATASETS/FathomNet_FGVC2025/data/images/2537.png,cae2becd1cd0ae9d09aa3cd5c19137b51fa45ac879874cc8d30fd7cc7043983e,91da7870a2f274d9d1c8197ed68db25c1e372d07c0917313b7d612bd3b30917e,2537,2,train,2
8653,2542,27,Heterocarpus,/home/tahiti/MARINE_DATASETS/FathomNet_FGVC2025/data/rois/2542_8653.png,/home/tahiti/MARINE_DATASETS/FathomNet_FGVC2025/data/images/2542.png,8dfd1ab7854ce46257de8781b5bb2bc0b9a4fd66ff19e3a2b14f48cd764d2fae,936a815b97b7d2e052c11f42af6deb07bb4ae7ad9c141734339d932c3c6cc3ba,2542,4,train,4
8656,2543,56,Paralomis multispina,/home/tahiti/MARINE_DATASETS/FathomNet_FGVC2025/data/rois/2543_8656.png,/home/tahiti/MARINE_DATASETS/FathomNet_FGVC2025/data/images/2543.png,11cebaaddc18e8a4331b49c4ad8e7f034ebf50055fb0b39032f35e797dc359c6,3d198c796d591fc9e0d3655209556edb332f5648e5b7456e3abe5b4423374532,2543,0,train,0
8694,2563,45,Munnopsidae,/home/tahiti/MARINE_DATASETS/FathomNet_FGVC2025/data/rois/2563_8694.png,/home/tahiti/MARINE_DATASETS/FathomNet_FGVC2025/data/images/2563.png,d9ba11ece953b9965690f37861f5df3170a13a69754b1600845e9b8bb15af6f3,77c8c8aa913ddeb9c13bbb53d58cc546c8ac7c29c6ba5fc7d20aafa0c70a6240,2563,5,train,5
8732,2576,72,Serpulidae,/home/tahiti/MARINE_DATASETS/FathomNet_FGVC2025/data/rois/2576_8732.png,/home/tahiti/MARINE_DATASETS/FathomNet_FGVC2025/data/images/2576.png,b517948f214aad34868fa4d6b2995d4279c25e02a97991a726031e367619fd65,1331abe571dcdccc8e17b7451be1f670af698d9428826ee46d6787da9a677b3b,2576,2,train,2
8738,2576,72,Serpulidae,/home/tahiti/MARINE_DATASETS/FathomNet_FGVC2025/data/rois/2576_8738.png,/home/tahiti/MARINE_DATASETS/FathomNet_FGVC2025/data/images/2576.png,79cb8c2141517d3c1fb7e0685f50e3a0faafb2eeab3085a2ae4b7e3077abcdb8,1331abe571dcdccc8e17b7451be1f670af698d9428826ee46d6787da9a677b3b,2576,2,train,2
8741,2576,72,Serpulidae,/home/tahiti/MARINE_DATASETS/FathomNet_FGVC2025/data/rois/2576_8741.png,/home/tahiti/MARINE_DATASETS/FathomNet_FGVC2025/data/images/2576.png,c4a28e4f68c2c014f8bb3047adefbd58c7720265fdf6d8fd8b57130c91b933c0,1331abe571dcdccc8e17b7451be1f670af698d9428826ee46d6787da9a677b3b,2576,2,train,2
8744,2576,63,Ptychogastria polaris,/home/tahiti/MARINE_DATASETS/FathomNet_FGVC2025/data/rois/2576_8744.png,/home/tahiti/MARINE_DATASETS/FathomNet_FGVC2025/data/images/2576.png,699970651d9bee67a78d45288ded551af46b062dd348cdbb2a76cca93b482b2f,1331abe571dcdccc8e17b7451be1f670af698d9428826ee46d6787da9a677b3b,2576,2,train,2
8759,2576,72,Serpulidae,/home/tahiti/MARINE_DATASETS/FathomNet_FGVC2025/data/rois/2576_8759.png,/home/tahiti/MARINE_DATASETS/FathomNet_FGVC2025/data/images/2576.png,dc9f0f771603a3bccc0f6bc5035ca1810b946dace8cf734c232ef96a4be6af74,1331abe571dcdccc8e17b7451be1f670af698d9428826ee46d6787da9a677b3b,2576,2,train,2
8795,2576,72,Serpulidae,/home/tahiti/MARINE_DATASETS/FathomNet_FGVC2025/data/rois/2576_8795.png,/home/tahiti/MARINE_DATASETS/FathomNet_FGVC2025/data/images/2576.png,5ed5e227db6c31205438417f84986ea5b06183a465ae69e3ea01c43e2cfca885,1331abe571dcdccc8e17b7451be1f670af698d9428826ee46d6787da9a677b3b,2576,2,train,2
8810,2576,72,Serpulidae,/home/tahiti/MARINE_DATASETS/FathomNet_FGVC2025/data/rois/2576_8810.png,/home/tahiti/MARINE_DATASETS/FathomNet_FGVC2025/data/images/2576.png,e87c73b7ea48f01812b7d08741ce4cf5299e1abf3a917869406512e1d3ef63c0,1331abe571dcdccc8e17b7451be1f670af698d9428826ee46d6787da9a677b3b,2576,2,train,2
8829,2576,20,Delectopecten,/home/tahiti/MARINE_DATASETS/FathomNet_FGVC2025/data/rois/2576_8829.png,/home/tahiti/MARINE_DATASETS/FathomNet_FGVC2025/data/images/2576.png,4bdac2f196a3ffef7034c5e8e263f39b844be880eef7989a0655ac02b4a0c325,1331abe571dcdccc8e17b7451be1f670af698d9428826ee46d6787da9a677b3b,2576,2,train,2
8831,2577,55,Paragorgia arborea,/home/tahiti/MARINE_DATASETS/FathomNet_FGVC2025/data/rois/2577_8831.png,/home/tahiti/MARINE_DATASETS/FathomNet_FGVC2025/data/images/2577.png,2a658540f344218ff80663349f26cba0e8eee53c716e4c1ed9e4a9892f7c856a,fa76ba8ff539e12279d254a335f2ff93e4349e0bb0bb377c858efca1b9e46bcf,2577,1,train,1
8838,2581,15,Ceriantharia,/home/tahiti/MARINE_DATASETS/FathomNet_FGVC2025/data/rois/2581_8838.png,/home/tahiti/MARINE_DATASETS/FathomNet_FGVC2025/data/images/2581.png,19cacdb04b832b47be4b7f726b9043dae5d834d1cd3f766220b990ac83e92d56,35ca1d4a83f1d17d500fcd89b83ecd3f8f5f4d8aeb2fe1544cc22c17de4c7447,2581,4,train,4
8844,2584,12,Benthocodon pedunculata,/home/tahiti/MARINE_DATASETS/FathomNet_FGVC2025/data/rois/2584_8844.png,/home/tahiti/MARINE_DATASETS/FathomNet_FGVC2025/data/images/2584.png,275a7672b558c78de357c05e1c0fe6ba358983090c0575cc0f2b4d4f6736f518,8e3091dccb6bd0b5c560642b462ac2389197125b1d3fe0e5d4207aab637b9503,2584,5,train,5
8845,2585,45,Munnopsidae,/home/tahiti/MARINE_DATASETS/FathomNet_FGVC2025/data/rois/2585_8845.png,/home/tahiti/MARINE_DATASETS/FathomNet_FGVC2025/data/images/2585.png,63737ca5773a1d5a3f82965ba3db112e0d02bcd22c4bda76da931dcc170a4d61,732a9f8b7f046a5fc85b557df0b3517ee606223c301ef1530697acd5b20296ea,2585,2,train,2
8861,2592,45,Munnopsidae,/home/tahiti/MARINE_DATASETS/FathomNet_FGVC2025/data/rois/2592_8861.png,/home/tahiti/MARINE_DATASETS/FathomNet_FGVC2025/data/images/2592.png,66af222682de79322c6639c698365a825b5f4cf7f272f67fd0b410bec7bd9d14,bfd3a6ce859fe0bbf97c568309964c9d98b375f93aec6517ab96ec953667bbc8,2592,1,train,1
8863,2593,54,Paragorgia,/home/tahiti/MARINE_DATASETS/FathomNet_FGVC2025/data/rois/2593_8863.png,/home/tahiti/MARINE_DATASETS/FathomNet_FGVC2025/data/images/2593.png,08c4b1cc1a0264fe41c105f59354dfd4a0f43459ae4d66f7424b99a3f5bf0b2b,2042ff53ac65f2253899e4fa073e7b16c3371586bd8ac8c1c80201eed26ea88f,2593,1,train,1
8868,2596,57,Parastenella,/home/tahiti/MARINE_DATASETS/FathomNet_FGVC2025/data/rois/2596_8868.png,/home/tahiti/MARINE_DATASETS/FathomNet_FGVC2025/data/images/2596.png,007febe25498c9864351fba1e22b3ca817dc166f239ffcc9fe5bb04627b90835,f056b9226be6d38d693ab501dfe6b47d11006153dae11e267482279fdbe0ef71,2596,0,train,0
8874,2596,57,Parastenella,/home/tahiti/MARINE_DATASETS/FathomNet_FGVC2025/data/rois/2596_8874.png,/home/tahiti/MARINE_DATASETS/FathomNet_FGVC2025/data/images/2596.png,45122f7d272c1a04120229faf39d7bb5ffcab78be3e9ddcb37cde4be63c16019,f056b9226be6d38d693ab501dfe6b47d11006153dae11e267482279fdbe0ef71,2596,0,train,0
8877,2596,14,Caridea,/home/tahiti/MARINE_DATASETS/FathomNet_FGVC2025/data/rois/2596_8877.png,/home/tahiti/MARINE_DATASETS/FathomNet_FGVC2025/data/images/2596.png,0e7a5c4dcb3bcbe2e6ee02e6f67a1ebd551b4aa09470d1df845f1ddc829ebceb,f056b9226be6d38d693ab501dfe6b47d11006153dae11e267482279fdbe0ef71,2596,0,train,0
8887,2600,65,Rathbunaster californicus,/home/tahiti/MARINE_DATASETS/FathomNet_FGVC2025/data/rois/2600_8887.png,/home/tahiti/MARINE_DATASETS/FathomNet_FGVC2025/data/images/2600.png,0fd8b06b4b3754be9da32be99b9531c5ab079c124efc4ed2723749ba7debed1e,ace767a7a097e0b1a665fd88222a5b4635b815006832818efa09ddf56b4a1f9e,2600,1,train,1
8889,2601,27,Heterocarpus,/home/tahiti/MARINE_DATASETS/FathomNet_FGVC2025/data/rois/2601_8889.png,/home/tahiti/MARINE_DATASETS/FathomNet_FGVC2025/data/images/2601.png,b5f157afc471523fe10f2ccfa53166ec3436a41d7c0788cf86fc13b6a9f60490,678eb8b44e7ec7e17d5da30932d62f53e9df136345b389fde104a16d2d405718,2601,4,train,4
8933,2613,69,Sebastes,/home/tahiti/MARINE_DATASETS/FathomNet_FGVC2025/data/rois/2613_8933.png,/home/tahiti/MARINE_DATASETS/FathomNet_FGVC2025/data/images/2613.png,4fd329c5a8f42d876ed4d53af3becef8d282d29e85dce1cc6873eaaafc81deef,c8b633bef7b49361fb39ecceb2e5779a5bd1b4b1e852b63e0434b859fe3e7b3b,2613,5,train,5
8934,2613,69,Sebastes,/home/tahiti/MARINE_DATASETS/FathomNet_FGVC2025/data/rois/2613_8934.png,/home/tahiti/MARINE_DATASETS/FathomNet_FGVC2025/data/images/2613.png,3d42c8884699ee4b211cd7806309040c9c62373900bb55521b67ea9bd6dc2173,c8b633bef7b49361fb39ecceb2e5779a5bd1b4b1e852b63e0434b859fe3e7b3b,2613,5,train,5
8940,2613,69,Sebastes,/home/tahiti/MARINE_DATASETS/FathomNet_FGVC2025/data/rois/2613_8940.png,/home/tahiti/MARINE_DATASETS/FathomNet_FGVC2025/data/images/2613.png,52b807fe1c5338ce9cb2ba15b45d7681c3cec23fe5e3372885f691caacd88baf,c8b633bef7b49361fb39ecceb2e5779a5bd1b4b1e852b63e0434b859fe3e7b3b,2613,5,train,5
8952,2620,42,Metridium farcimen,/home/tahiti/MARINE_DATASETS/FathomNet_FGVC2025/data/rois/2620_8952.png,/home/tahiti/MARINE_DATASETS/FathomNet_FGVC2025/data/images/2620.png,ade60792507d733a033bf0bc8e8afcc8d1933b3ed49ca88fab8ba7d02187a9c2,49f65c6e4390599bc910b7ca305acbf4cbd65ade3fd0d89795cf1d1b9cf13633,2620,0,train,0
8970,2628,42,Metridium farcimen,/home/tahiti/MARINE_DATASETS/FathomNet_FGVC2025/data/rois/2628_8970.png,/home/tahiti/MARINE_DATASETS/FathomNet_FGVC2025/data/images/2628.png,ff335e803533a05e801071641e35631ca22c81b34a5e0c4dc43b28cc49abdc33,5de7e89ccc0dbefd3d66557ed134623ea1e465888ee3dc5fd80b14aa12720784,2628,4,train,4
8974,2631,38,Liponema brevicorne,/home/tahiti/MARINE_DATASETS/FathomNet_FGVC2025/data/rois/2631_8974.png,/home/tahiti/MARINE_DATASETS/FathomNet_FGVC2025/data/images/2631.png,cb792c10ccfe80de77e7b82eda4ddc64d846d85d0f71345d7baacb97e0a69688,3c6fa2c8907b9ee02e437cc5315d250c651f968f073e6037b10bb013ad5d3c11,2631,1,train,1
9044,2655,37,Keratoisis,/home/tahiti/MARINE_DATASETS/FathomNet_FGVC2025/data/rois/2655_9044.png,/home/tahiti/MARINE_DATASETS/FathomNet_FGVC2025/data/images/2655.png,875bed9f7663752b8795e3104294b0132a722727e00ac904dd7924e4dff6cd29,94059886df56972fb620dd2f9dbbdb9991928d09562a27fd66bacc6c531e164c,2655,4,train,4
9047,2655,55,Paragorgia arborea,/home/tahiti/MARINE_DATASETS/FathomNet_FGVC2025/data/rois/2655_9047.png,/home/tahiti/MARINE_DATASETS/FathomNet_FGVC2025/data/images/2655.png,af2233aa4b52dde8ba3f918e9e1a80807294957de386810837424e3687d6bcc5,94059886df56972fb620dd2f9dbbdb9991928d09562a27fd66bacc6c531e164c,2655,4,train,4
9063,2659,68,Scotoplanes globosa,/home/tahiti/MARINE_DATASETS/FathomNet_FGVC2025/data/rois/2659_9063.png,/home/tahiti/MARINE_DATASETS/FathomNet_FGVC2025/data/images/2659.png,0f7375338aa3d4bca3d1af059aab823029b9953cb77e7f3eeed8773a50c578cb,1624e3626c044b1ca6d22e6b4460f02460dd70941fc910734ae75e97319348b3,2659,1,train,1
9072,2665,65,Rathbunaster californicus,/home/tahiti/MARINE_DATASETS/FathomNet_FGVC2025/data/rois/2665_9072.png,/home/tahiti/MARINE_DATASETS/FathomNet_FGVC2025/data/images/2665.png,b1652f6698287bc81796a1d2430e19085f1fef4a1883c59f98c580d17eba98f6,50be6126ad237e36b23050ead1aee9f04a9e9cbc909bf740956c78e62e16a070,2665,2,train,2
9094,2673,61,Psathyrometra fragilis,/home/tahiti/MARINE_DATASETS/FathomNet_FGVC2025/data/rois/2673_9094.png,/home/tahiti/MARINE_DATASETS/FathomNet_FGVC2025/data/images/2673.png,1db40f0d2442bf15d645a61fdef4d613bcdb96ce68c63306f7ed29db26e521b3,5786d47a3fe927ea3e0d6083bdc57d0ad632c51509c0ba8a63252d78154e169f,2673,2,train,2
9112,2682,37,Keratoisis,/home/tahiti/MARINE_DATASETS/FathomNet_FGVC2025/data/rois/2682_9112.png,/home/tahiti/MARINE_DATASETS/FathomNet_FGVC2025/data/images/2682.png,1de896cfd3c1c6a6c0c90e19c5853ff05e2608f56c26babeda8a2b8bf29fca4f,f9426982cae8e364aab719386e71b319d4214a16c4b51da0e953b9c09e37c1ea,2682,0,train,0
9117,2684,53,Pannychia moseleyi,/home/tahiti/MARINE_DATASETS/FathomNet_FGVC2025/data/rois/2684_9117.png,/home/tahiti/MARINE_DATASETS/FathomNet_FGVC2025/data/images/2684.png,071761b1c19390e450614d77f0886a79910951f72869e44c8aeec34ecbb90908,ca758b3b7bf267a6a7e80721bd7adc8a1d90194d2e17bfa39b3e7a7d1da7bbc4,2684,1,train,1
9119,2684,76,Tunicata,/home/tahiti/MARINE_DATASETS/FathomNet_FGVC2025/data/rois/2684_9119.png,/home/tahiti/MARINE_DATASETS/FathomNet_FGVC2025/data/images/2684.png,9ee7c407b51dc8d25b30adfb7741a8f6a23b764007dd4010094a3916600fb991,ca758b3b7bf267a6a7e80721bd7adc8a1d90194d2e17bfa39b3e7a7d1da7bbc4,2684,1,train,1
9124,2686,55,Paragorgia arborea,/home/tahiti/MARINE_DATASETS/FathomNet_FGVC2025/data/rois/2686_9124.png,/home/tahiti/MARINE_DATASETS/FathomNet_FGVC2025/data/images/2686.png,d90a0dba3f1da8350a45f0554d80ccf1337153aa2fd76712e74045dbadab9a24,5a2b1238e7611b78ce5e14f52f316b44c7b35463b3d592905df8c27f3c60a2cf,2686,5,train,5
9128,2688,33,Hormathiidae,/home/tahiti/MARINE_DATASETS/FathomNet_FGVC2025/data/rois/2688_9128.png,/home/tahiti/MARINE_DATASETS/FathomNet_FGVC2025/data/images/2688.png,a175f4a838ba84ab88d435a7f63be359c0dd34c222ea31607f7938da12e62631,c980269d3763028e8a6106840a260fb15799ffe39503bbc1be968933abbe15ab,2688,4,train,4
9141,2696,63,Ptychogastria polaris,/home/tahiti/MARINE_DATASETS/FathomNet_FGVC2025/data/rois/2696_9141.png,/home/tahiti/MARINE_DATASETS/FathomNet_FGVC2025/data/images/2696.png,114b101665b3d3a30a43b584f7edb50495b7430c3436c8741399b907d0f5df4c,162317acf62d359078b05e3dff0aa81dc2646112f9909b2a82cb16e825eeb449,2696,5,train,5
9150,2702,37,Keratoisis,/home/tahiti/MARINE_DATASETS/FathomNet_FGVC2025/data/rois/2702_9150.png,/home/tahiti/MARINE_DATASETS/FathomNet_FGVC2025/data/images/2702.png,407a3991298650ff8351059aff5b1365b3455226526659316448f389256d0afb,7200f2f607a7afea10092433b7c03697609768522fd0e9e7dfb8de6b8cbb1825,2702,2,train,2
9151,2703,16,Chionoecetes tanneri,/home/tahiti/MARINE_DATASETS/FathomNet_FGVC2025/data/rois/2703_9151.png,/home/tahiti/MARINE_DATASETS/FathomNet_FGVC2025/data/images/2703.png,4e9f78cadd7d31399acafe885a7f185b35b7f96cde11849daa7398937b908730,0e58682e80c2b320892a05404ea9c0bda3ecbab30642369bc31fa1fdb8e6cb60,2703,4,train,4
9152,2703,24,Funiculina,/home/tahiti/MARINE_DATASETS/FathomNet_FGVC2025/data/rois/2703_9152.png,/home/tahiti/MARINE_DATASETS/FathomNet_FGVC2025/data/images/2703.png,e50279489b4b7662bb383501c4e807286c13d1fe35a4ce946e2a339ed1de2e99,0e58682e80c2b320892a05404ea9c0bda3ecbab30642369bc31fa1fdb8e6cb60,2703,4,train,4
9155,2705,31,Hippasteria,/home/tahiti/MARINE_DATASETS/FathomNet_FGVC2025/data/rois/2705_9155.png,/home/tahiti/MARINE_DATASETS/FathomNet_FGVC2025/data/images/2705.png,f55f91ed272b87b02183b1df3fbda080de326ade412e7080e259f0a4bf6ccc9b,3d5e017f0a30671c27615380fec131e409220f745b57c9f3ee8021055be52e3d,2705,0,train,0
9201,2720,47,Octopus rubescens,/home/tahiti/MARINE_DATASETS/FathomNet_FGVC2025/data/rois/2720_9201.png,/home/tahiti/MARINE_DATASETS/FathomNet_FGVC2025/data/images/2720.png,78584dd2015de05b94e574c7be1e2410a6a48ef661527ca379a68e7ba15e084e,7fbc73a45c22117407073079d1c8232d14e804e111989a3b237d1dce0ca21248,2720,2,train,2
9207,2723,41,Merluccius productus,/home/tahiti/MARINE_DATASETS/FathomNet_FGVC2025/data/rois/2723_9207.png,/home/tahiti/MARINE_DATASETS/FathomNet_FGVC2025/data/images/2723.png,8f33db91bab974ea2d31a8376152697fa08cc6f1fc44197b22c468cc17134cc8,5fac789c2e2aa5455be7aa3cc7157f36303ece64408c2807967251d4499f3e50,2723,5,train,5
9208,2724,19,Crinoidea,/home/tahiti/MARINE_DATASETS/FathomNet_FGVC2025/data/rois/2724_9208.png,/home/tahiti/MARINE_DATASETS/FathomNet_FGVC2025/data/images/2724.png,c8d58810ea630e61c031e500e725cc5e9037eda6900fb0393ff9878cbb7f0b1b,3f9d2df4eda863bdd377021e13c5d3c5446c5c9b64f70c1065772cd004bce0ed,2724,1,train,1
9216,2726,79,Zoantharia,/home/tahiti/MARINE_DATASETS/FathomNet_FGVC2025/data/rois/2726_9216.png,/home/tahiti/MARINE_DATASETS/FathomNet_FGVC2025/data/images/2726.png,98f6a94c972605f165f747582498569c48a712f22304772da22999a0ae0b73bb,e9758e66ec59a8c3a0738e98e2693381416d8170435966ce129987508db1bc22,2726,5,train,5
9222,2726,79,Zoantharia,/home/tahiti/MARINE_DATASETS/FathomNet_FGVC2025/data/rois/2726_9222.png,/home/tahiti/MARINE_DATASETS/FathomNet_FGVC2025/data/images/2726.png,6fe07c6daa66d85bdc72872a6ae5f6ee3a92033baa8f0f218e5f1f2fa294486d,e9758e66ec59a8c3a0738e98e2693381416d8170435966ce129987508db1bc22,2726,5,train,5
9224,2726,79,Zoantharia,/home/tahiti/MARINE_DATASETS/FathomNet_FGVC2025/data/rois/2726_9224.png,/home/tahiti/MARINE_DATASETS/FathomNet_FGVC2025/data/images/2726.png,295fc1bd4f9dca41fd3b0936a5e00a953d419a8bbfc419d7d08429b7820fccbb,e9758e66ec59a8c3a0738e98e2693381416d8170435966ce129987508db1bc22,2726,5,train,5
9241,2726,79,Zoantharia,/home/tahiti/MARINE_DATASETS/FathomNet_FGVC2025/data/rois/2726_9241.png,/home/tahiti/MARINE_DATASETS/FathomNet_FGVC2025/data/images/2726.png,5c187d52f7881268e4186b61d035ab3bb2816b736421f298a7d87133067602d5,e9758e66ec59a8c3a0738e98e2693381416d8170435966ce129987508db1bc22,2726,5,train,5
9251,2734,28,Heterochone calyx,/home/tahiti/MARINE_DATASETS/FathomNet_FGVC2025/data/rois/2734_9251.png,/home/tahiti/MARINE_DATASETS/FathomNet_FGVC2025/data/images/2734.png,1bdda4cac281af833e48e155fdf0cc13d2cceddf8b74f08938011b3903a26992,d088da028315ca469e50f6017e6c4908351a5d7a63d4cbfe35de7bbbc8e1d30c,2734,1,train,1
9252,2734,30,Hexactinellida,/home/tahiti/MARINE_DATASETS/FathomNet_FGVC2025/data/rois/2734_9252.png,/home/tahiti/MARINE_DATASETS/FathomNet_FGVC2025/data/images/2734.png,c74afa334d25356c20c598c2678950aa05b7abcfc8c187b49739511177b70647,d088da028315ca469e50f6017e6c4908351a5d7a63d4cbfe35de7bbbc8e1d30c,2734,1,train,1
9272,2740,47,Octopus rubescens,/home/tahiti/MARINE_DATASETS/FathomNet_FGVC2025/data/rois/2740_9272.png,/home/tahiti/MARINE_DATASETS/FathomNet_FGVC2025/data/images/2740.png,4b8574cf39f8e172bef0747f62703c1c1fa67c2a2825b7455a1155ebea114de1,81d9b9339a00b6d7780e1e0bd1db3145f4c4b2a9d06585450555081038ac6968,2740,2,train,2
9277,2741,51,Pandalus amplus,/home/tahiti/MARINE_DATASETS/FathomNet_FGVC2025/data/rois/2741_9277.png,/home/tahiti/MARINE_DATASETS/FathomNet_FGVC2025/data/images/2741.png,4e6779b08bb86a7ddb1e6c6ace5789a9e6edf6cf7d50a7d870374f1f4f48118f,4679dbdbb2970c44a024a4773f4c85337814f08696adccdf1b7ab42be1da3096,2741,2,train,2
9281,2742,36,Isosicyonis,/home/tahiti/MARINE_DATASETS/FathomNet_FGVC2025/data/rois/2742_9281.png,/home/tahiti/MARINE_DATASETS/FathomNet_FGVC2025/data/images/2742.png,3c6ad56b644e907ca201ae921c89e8091951c9cdfae5d6455b83dffde6f92396,aa0955852105183febdb1c1a67e0a0bedb9a8ea42973193b312f6ae0a2058cdb,2742,1,train,1
9339,2763,65,Rathbunaster californicus,/home/tahiti/MARINE_DATASETS/FathomNet_FGVC2025/data/rois/2763_9339.png,/home/tahiti/MARINE_DATASETS/FathomNet_FGVC2025/data/images/2763.png,0ae3b04074d9b3360c1d6538922922d78e15e2772690e447f8b39eef088191ec,e07cb57b9fd0136be1cbb55e77783d8359c3953026186877633f4a2972bcb7e8,2763,1,train,1
9372,2777,43,Microstomus pacificus,/home/tahiti/MARINE_DATASETS/FathomNet_FGVC2025/data/rois/2777_9372.png,/home/tahiti/MARINE_DATASETS/FathomNet_FGVC2025/data/images/2777.png,a9ebc67868d966a96b4ab0e0ccf8a3a828117afc3d0cb8ee3108151adca53d04,eabc931d161bb733832c953f2f23eba3025f847f1d4e903167a9e542979c5331,2777,2,train,2
9374,2779,37,Keratoisis,/home/tahiti/MARINE_DATASETS/FathomNet_FGVC2025/data/rois/2779_9374.png,/home/tahiti/MARINE_DATASETS/FathomNet_FGVC2025/data/images/2779.png,2e88cca6e0480acab9ab0d5dd7f2d2e7e96d6e822fa2e702985ea3953010815d,bba8ee86ecad146d9be7d6344363ddac15471ef2651088d0530b60cd3bb7c90c,2779,1,train,1
9384,2781,69,Sebastes,/home/tahiti/MARINE_DATASETS/FathomNet_FGVC2025/data/rois/2781_9384.png,/home/tahiti/MARINE_DATASETS/FathomNet_FGVC2025/data/images/2781.png,37fb6bbd714bcce571358dd95432b7ffe6e469f313c4901188ef9a91f921cdaf,0ebbf634270666e2cfc361e9c43ed45259b0dd70a0601807317749f9ecf5b6f0,2781,2,train,2
9388,2782,67,Scotoplanes,/home/tahiti/MARINE_DATASETS/FathomNet_FGVC2025/data/rois/2782_9388.png,/home/tahiti/MARINE_DATASETS/FathomNet_FGVC2025/data/images/2782.png,87da950074c551eb2bc0f854cacf9ab7c22c46fbc92fe7bb26c3e2b14a2e87ae,8fb458bbb9b3200d21da28448b73b8d7c3bde5974f851267b49a6a5bc990b641,2782,0,train,0
9394,2787,16,Chionoecetes tanneri,/home/tahiti/MARINE_DATASETS/FathomNet_FGVC2025/data/rois/2787_9394.png,/home/tahiti/MARINE_DATASETS/FathomNet_FGVC2025/data/images/2787.png,6e46187b10faa0461901d44a47d7fbc3ec376da772ed8b268794e8596abafed3,4475c113fa6fcb9621ad0508c8380fb34b6ceca3f4fd5814bf31ba2cfd96982d,2787,1,train,1
9396,2788,20,Delectopecten,/home/tahiti/MARINE_DATASETS/FathomNet_FGVC2025/data/rois/2788_9396.png,/home/tahiti/MARINE_DATASETS/FathomNet_FGVC2025/data/images/2788.png,697237ec7de991e559cb6518743c21dd4e13faf068917d760a463c582a72d127,c3a4382a4cc253d9e2516cc562b3d2eed96c77a0750f919d546db085c8ca2b36,2788,4,train,4
9417,2800,37,Keratoisis,/home/tahiti/MARINE_DATASETS/FathomNet_FGVC2025/data/rois/2800_9417.png,/home/tahiti/MARINE_DATASETS/FathomNet_FGVC2025/data/images/2800.png,ef3b0a11cd1f4a2483008abb74a02ada4a5d3a026919857e50251a9a9de8c39e,fb22a110be17642b7a27fae1be7d6466d892077ef6aca7e285f6f83aefadb1df,2800,5,train,5
9458,2822,17,Chorilia longipes,/home/tahiti/MARINE_DATASETS/FathomNet_FGVC2025/data/rois/2822_9458.png,/home/tahiti/MARINE_DATASETS/FathomNet_FGVC2025/data/images/2822.png,25b026d768ef8774d34b6d35619fe41e1f3b4f65e446bd971395d9c7afd64a84,5eca01feed9ff12e79c1d3a7a0337e8d530ece3a7b98e97a84ec395cb8f7be31,2822,5,train,5
9472,2828,35,Isididae,/home/tahiti/MARINE_DATASETS/FathomNet_FGVC2025/data/rois/2828_9472.png,/home/tahiti/MARINE_DATASETS/FathomNet_FGVC2025/data/images/2828.png,eaa8633d9503094471a6e0d18f3146ffdcd09a78cc3955905cfc2a178b3f1b2b,469edc9492b2d970a198a57fb7342c5ce04af4b7a7d9a74d37b60f4591edac3f,2828,2,train,2
9473,2828,35,Isididae,/home/tahiti/MARINE_DATASETS/FathomNet_FGVC2025/data/rois/2828_9473.png,/home/tahiti/MARINE_DATASETS/FathomNet_FGVC2025/data/images/2828.png,8af86790d3c69f4928771db33a798eaae10f077883d9793c8b2da47bac7a275d,469edc9492b2d970a198a57fb7342c5ce04af4b7a7d9a74d37b60f4591edac3f,2828,2,train,2
9476,2830,41,Merluccius productus,/home/tahiti/MARINE_DATASETS/FathomNet_FGVC2025/data/rois/2830_9476.png,/home/tahiti/MARINE_DATASETS/FathomNet_FGVC2025/data/images/2830.png,b5ee7f41a319e7fbba9307141aa9bd4b85754c24bd9ce79eddbbb9a49e5f7e11,3e5a494af4488055c14f0db269019c9d7509246d2d9669a569743b079ac46396,2830,4,train,4
9481,2833,44,Munidopsis,/home/tahiti/MARINE_DATASETS/FathomNet_FGVC2025/data/rois/2833_9481.png,/home/tahiti/MARINE_DATASETS/FathomNet_FGVC2025/data/images/2833.png,9d283c0d39bd8b370867e38feaf5b7acc1fce6bfdcce0dee8ea9cb0d37a8f063,dd2da12bb7375f58b57ae1ecff5cb10201d925f14fe0ba59ba8efe31c42494dc,2833,0,train,0
9523,2857,41,Merluccius productus,/home/tahiti/MARINE_DATASETS/FathomNet_FGVC2025/data/rois/2857_9523.png,/home/tahiti/MARINE_DATASETS/FathomNet_FGVC2025/data/images/2857.png,c0163fccbfa063f317abb81b90e876f0578754f789e3fa00b554116bf609ee1c,c15cb9d176c4aa6d5e1ed9f2446f64ef2988ed367320979c71e81627b767aa92,2857,2,train,2
9527,2857,41,Merluccius productus,/home/tahiti/MARINE_DATASETS/FathomNet_FGVC2025/data/rois/2857_9527.png,/home/tahiti/MARINE_DATASETS/FathomNet_FGVC2025/data/images/2857.png,6718189f267c1915efd95b6270d5f25df118b6fbc04fe4f05d3ccef8470f48d0,c15cb9d176c4aa6d5e1ed9f2446f64ef2988ed367320979c71e81627b767aa92,2857,2,train,2
9558,2870,30,Hexactinellida,/home/tahiti/MARINE_DATASETS/FathomNet_FGVC2025/data/rois/2870_9558.png,/home/tahiti/MARINE_DATASETS/FathomNet_FGVC2025/data/images/2870.png,204a68ad4dd66bf59ca3bca535f016927952ddde43d31ea3d3a6fa525796eb72,015b6bfc7b7a7a388f73cadffed53483318c6614cd3bdb8181787a1d75e7aecd,2870,1,train,1
9564,2874,47,Octopus rubescens,/home/tahiti/MARINE_DATASETS/FathomNet_FGVC2025/data/rois/2874_9564.png,/home/tahiti/MARINE_DATASETS/FathomNet_FGVC2025/data/images/2874.png,521ac01689a3436906db4f1c4a4418f8b2bf99ef6e79096366fcd1e666d6a138,b6a984ee1a6ba9cd82f5de41c7b79bd441ba351b0323d4f2ddf9589806eebdce,2874,1,train,1
9583,2875,53,Pannychia moseleyi,/home/tahiti/MARINE_DATASETS/FathomNet_FGVC2025/data/rois/2875_9583.png,/home/tahiti/MARINE_DATASETS/FathomNet_FGVC2025/data/images/2875.png,9c76a13175906fa13a6e32d2511cb3e1a453094c325c59fbd4ac08b797d9353b,a1d5a63cf2beeca8511dac2484360208828c01ffbc72f8780ef01d50b610f4c0,2875,4,train,4
9585,2875,38,Liponema brevicorne,/home/tahiti/MARINE_DATASETS/FathomNet_FGVC2025/data/rois/2875_9585.png,/home/tahiti/MARINE_DATASETS/FathomNet_FGVC2025/data/images/2875.png,2c4476f07419cb7c8d36a99f77241922169771a4555e3b8da1c3c8d93bb90330,a1d5a63cf2beeca8511dac2484360208828c01ffbc72f8780ef01d50b610f4c0,2875,4,train,4
9593,2877,29,Heteropolypus ritteri,/home/tahiti/MARINE_DATASETS/FathomNet_FGVC2025/data/rois/2877_9593.png,/home/tahiti/MARINE_DATASETS/FathomNet_FGVC2025/data/images/2877.png,88964df6ef6e80bc78b36f425e362e4fa2c4e2357c740ad9125a89511145b629,c35480c82e38b0b9c60ed7bd98942ad9704559ed1a5fa341480519802dfdd289,2877,1,train,1
9599,2879,69,Sebastes,/home/tahiti/MARINE_DATASETS/FathomNet_FGVC2025/data/rois/2879_9599.png,/home/tahiti/MARINE_DATASETS/FathomNet_FGVC2025/data/images/2879.png,f0ddf626dd66bdab7701ced174b5072b86e112c00f09b7dad350145a6c59fd89,e5dd36be9aa9d410969768ae884e89e0e0f06e28db28fc4db3c8e04fd46f36bb,2879,0,train,0
9610,2883,14,Caridea,/home/tahiti/MARINE_DATASETS/FathomNet_FGVC2025/data/rois/2883_9610.png,/home/tahiti/MARINE_DATASETS/FathomNet_FGVC2025/data/images/2883.png,9a2323914d7cd7d9d8bfcfca7b9fe048e6417da396197d22d6298ad455e10c32,a8934db73c218a48ea1d25c06546dedd5e2f9d38bb6cd6ab69ee7684adadf061,2883,4,train,4
9626,2892,28,Heterochone calyx,/home/tahiti/MARINE_DATASETS/FathomNet_FGVC2025/data/rois/2892_9626.png,/home/tahiti/MARINE_DATASETS/FathomNet_FGVC2025/data/images/2892.png,1ba57c0f67306e90c149e4d860d60c428b53d1b2486a8062c9aef823ce1b374f,7ffee10ccb6a32fed18b58ae64d574d67e6f9d59210a31bf73ffa221a513bc6a,2892,5,train,5
9630,2893,30,Hexactinellida,/home/tahiti/MARINE_DATASETS/FathomNet_FGVC2025/data/rois/2893_9630.png,/home/tahiti/MARINE_DATASETS/FathomNet_FGVC2025/data/images/2893.png,fd913c95e75945b306e3cf1d5e2a93cfd2f65e6c94b468548e0ae3f7879a8dc2,5c9450a10053ec82a786d9dc72b1dbab7dac6dc0c982f2211a7efe7165a1aa00,2893,0,train,0
9632,2894,65,Rathbunaster californicus,/home/tahiti/MARINE_DATASETS/FathomNet_FGVC2025/data/rois/2894_9632.png,/home/tahiti/MARINE_DATASETS/FathomNet_FGVC2025/data/images/2894.png,c8194a65df1a239111975af0fd19d944a26e5a5bd51e5f66acea61d10efdaf92,8811444b11003d7c9bdae40dee311bb12e636a2dafa31c4cfc34b4a2e50b1a9d,2894,2,train,2
9644,2896,65,Rathbunaster californicus,/home/tahiti/MARINE_DATASETS/FathomNet_FGVC2025/data/rois/2896_9644.png,/home/tahiti/MARINE_DATASETS/FathomNet_FGVC2025/data/images/2896.png,a7d282236e5130d6958364e92a456c0c523afdc0f574ecb25927bdfc2419770c,db24a5ac5b1a5f01b632058e9c438d1027449c99d0e85275a33bd5a6196029ca,2896,5,train,5
9685,2914,38,Liponema brevicorne,/home/tahiti/MARINE_DATASETS/FathomNet_FGVC2025/data/rois/2914_9685.png,/home/tahiti/MARINE_DATASETS/FathomNet_FGVC2025/data/images/2914.png,e58bb3a85a6463cb76adc84d4ea5891f13e2bc867215ad59fac41fc33489c15a,7dad106d2de391ba945433c8e0c523f884cdae5ededc63876d1369e4853b0a17,2914,0,train,0
9709,2924,77,Umbellula,/home/tahiti/MARINE_DATASETS/FathomNet_FGVC2025/data/rois/2924_9709.png,/home/tahiti/MARINE_DATASETS/FathomNet_FGVC2025/data/images/2924.png,f25d3e1b22b250916f1799c37733c93e85a0ff3b697849475325801e41c33f0e,f8c458b34404e48f4bc9ea8d58965924e760f7c9c6cfd6c4f05f9373ba5481dd,2924,1,train,1
9718,2927,77,Umbellula,/home/tahiti/MARINE_DATASETS/FathomNet_FGVC2025/data/rois/2927_9718.png,/home/tahiti/MARINE_DATASETS/FathomNet_FGVC2025/data/images/2927.png,ce3d47d6ea25204492eaee37159ed4854e7b6bd55a2ddca610f53083a4f00055,8ca5c6f9052e42992eef7719acf2d7e7f1d52c0f881a8508b2c325f13faf42fa,2927,0,train,0
9723,2927,36,Isosicyonis,/home/tahiti/MARINE_DATASETS/FathomNet_FGVC2025/data/rois/2927_9723.png,/home/tahiti/MARINE_DATASETS/FathomNet_FGVC2025/data/images/2927.png,956f5a7ee9bf68e35ba278a82ecf820390bbf2aea7ab04a875ec3003d71101ea,8ca5c6f9052e42992eef7719acf2d7e7f1d52c0f881a8508b2c325f13faf42fa,2927,0,train,0
9742,2930,22,Farrea,/home/tahiti/MARINE_DATASETS/FathomNet_FGVC2025/data/rois/2930_9742.png,/home/tahiti/MARINE_DATASETS/FathomNet_FGVC2025/data/images/2930.png,909d5c4271a794691b19ace10aaab7e549d3d0007d70abe210e73b1050695c1f,e6184beb22ccd523e4ad4c67c15e5a9c3a4bc86a2f9a08d2909d67fb7ffb4126,2930,4,train,4
9796,2939,36,Isosicyonis,/home/tahiti/MARINE_DATASETS/FathomNet_FGVC2025/data/rois/2939_9796.png,/home/tahiti/MARINE_DATASETS/FathomNet_FGVC2025/data/images/2939.png,3a38ec0b3b7f338952587a5d363c4a14aac8dd6efba56ba75c6a12ffdf439ed6,0b79a62a863cc2e3b0132d7a7ae615368b4882274f78e1c4a0e9d473d6903600,2939,4,train,4
9828,2946,24,Funiculina,/home/tahiti/MARINE_DATASETS/FathomNet_FGVC2025/data/rois/2946_9828.png,/home/tahiti/MARINE_DATASETS/FathomNet_FGVC2025/data/images/2946.png,60dc3de72362f45d93f89fcd999bdff2b988d6d5a24b14a6e190c910c737a327,ecbbbac399c5e05c8aa9c1e72f8cf9c9ba1868fb18eb38c5422379ef025f60e1,2946,4,train,4
9836,2946,24,Funiculina,/home/tahiti/MARINE_DATASETS/FathomNet_FGVC2025/data/rois/2946_9836.png,/home/tahiti/MARINE_DATASETS/FathomNet_FGVC2025/data/images/2946.png,e3ce2c863854e679535a8c0c556db0e210ab6c0d22e7622fe90a359f188bb4cb,ecbbbac399c5e05c8aa9c1e72f8cf9c9ba1868fb18eb38c5422379ef025f60e1,2946,4,train,4
9839,2946,24,Funiculina,/home/tahiti/MARINE_DATASETS/FathomNet_FGVC2025/data/rois/2946_9839.png,/home/tahiti/MARINE_DATASETS/FathomNet_FGVC2025/data/images/2946.png,3fbc4ea7b825c274a5f67c895d173bb32cc507fd976abb1a7e368f0e00a8b928,ecbbbac399c5e05c8aa9c1e72f8cf9c9ba1868fb18eb38c5422379ef025f60e1,2946,4,train,4
9843,2946,77,Umbellula,/home/tahiti/MARINE_DATASETS/FathomNet_FGVC2025/data/rois/2946_9843.png,/home/tahiti/MARINE_DATASETS/FathomNet_FGVC2025/data/images/2946.png,af3262ee4ef16aa616e8c047e24f115fabdba960ddf7811a5f9c195acca5c89d,ecbbbac399c5e05c8aa9c1e72f8cf9c9ba1868fb18eb38c5422379ef025f60e1,2946,4,train,4
9869,2949,38,Liponema brevicorne,/home/tahiti/MARINE_DATASETS/FathomNet_FGVC2025/data/rois/2949_9869.png,/home/tahiti/MARINE_DATASETS/FathomNet_FGVC2025/data/images/2949.png,1a1154cd2bb3ef01dfb572c55a3415939d0832d564349f428e7cdbbc47ed5cd6,677279899e7eb9bf2400056dd380a5a33c1ec6ef722eccd13650d4bd20022f9f,2949,0,train,0
9872,2950,28,Heterochone calyx,/home/tahiti/MARINE_DATASETS/FathomNet_FGVC2025/data/rois/2950_9872.png,/home/tahiti/MARINE_DATASETS/FathomNet_FGVC2025/data/images/2950.png,b608b107f9b6b7ca7a36296a8c7e506f93847806edd23744032c215803f9a799,7899f833690ba76c2a5b51908da5665f01c9e54e05ebc3080cf827f2a5d62275,2950,2,train,2
9922,2959,1,Abyssocucumis abyssorum,/home/tahiti/MARINE_DATASETS/FathomNet_FGVC2025/data/rois/2959_9922.png,/home/tahiti/MARINE_DATASETS/FathomNet_FGVC2025/data/images/2959.png,654583f4fba9f196cbf2b6dfd2cdef82a89aaa3eb01def79b4a235dab35314de,7bc3c88175b1ad081d31e625e882a629dc294ac2c9632b60200c85e81a3161f6,2959,1,train,1
9941,2968,19,Crinoidea,/home/tahiti/MARINE_DATASETS/FathomNet_FGVC2025/data/rois/2968_9941.png,/home/tahiti/MARINE_DATASETS/FathomNet_FGVC2025/data/images/2968.png,90a301ac29bb93def802aa0e2749a81a56f60923cc4c5002061562c3a5e727ff,69cc19d05e8335ea7788f03a7865ecc6edc81bc7656b9e490a4f3c745f296bed,2968,5,train,5
9951,2972,67,Scotoplanes,/home/tahiti/MARINE_DATASETS/FathomNet_FGVC2025/data/rois/2972_9951.png,/home/tahiti/MARINE_DATASETS/FathomNet_FGVC2025/data/images/2972.png,96c2e65f288c41c04f2e6a1d4f63019e0919e5f52de779590764d2e31d941a50,bea8dcb0e554435770eaf9c1df76953f335ec367b5c80581989ec67f4b9f96e6,2972,1,train,1
9959,2974,73,Staurocalyptus,/home/tahiti/MARINE_DATASETS/FathomNet_FGVC2025/data/rois/2974_9959.png,/home/tahiti/MARINE_DATASETS/FathomNet_FGVC2025/data/images/2974.png,472d327ada559b85d12e4ceee05d0ee7442c249b70b16033d5a8a468e59c98f1,418aae6f5872813389a1cfc5d20039431cf09dc76ecdf25dd806b91749faac45,2974,0,train,0
9974,2975,14,Caridea,/home/tahiti/MARINE_DATASETS/FathomNet_FGVC2025/data/rois/2975_9974.png,/home/tahiti/MARINE_DATASETS/FathomNet_FGVC2025/data/images/2975.png,48b18db21024b69ef9e669316aebcc8b8979e15ecef2132f014c6c9dc97a66d6,6441719272be00018f73a0de790b1dc50fc17ca8731142d1f4dbfa6135df1478,2975,2,train,2
9980,2977,24,Funiculina,/home/tahiti/MARINE_DATASETS/FathomNet_FGVC2025/data/rois/2977_9980.png,/home/tahiti/MARINE_DATASETS/FathomNet_FGVC2025/data/images/2977.png,d0f533388de9ff2463de5b37cc3386fd47db68148690b16c3de86864e50dc681,a6f25187d683d8dcc1ed3bfd4a66b514ec233138b25e3f54956ed1c5dae1311f,2977,1,train,1
9984,2977,77,Umbellula,/home/tahiti/MARINE_DATASETS/FathomNet_FGVC2025/data/rois/2977_9984.png,/home/tahiti/MARINE_DATASETS/FathomNet_FGVC2025/data/images/2977.png,ecd5bef41e0362984c4532bcafccc560b67face71ad623528e8bf2353fd5d321,a6f25187d683d8dcc1ed3bfd4a66b514ec233138b25e3f54956ed1c5dae1311f,2977,1,train,1
9990,2977,24,Funiculina,/home/tahiti/MARINE_DATASETS/FathomNet_FGVC2025/data/rois/2977_9990.png,/home/tahiti/MARINE_DATASETS/FathomNet_FGVC2025/data/images/2977.png,0918d1d2d6a1870d39cf93a5806d1bd60dbc77366f5b54a958a819914e7002b7,a6f25187d683d8dcc1ed3bfd4a66b514ec233138b25e3f54956ed1c5dae1311f,2977,1,train,1
10055,2995,4,Actinernus,/home/tahiti/MARINE_DATASETS/FathomNet_FGVC2025/data/rois/2995_10055.png,/home/tahiti/MARINE_DATASETS/FathomNet_FGVC2025/data/images/2995.png,fd89e13f32e0c927d4d016a7bb8f9b39b58ccf5512dd90b885e86898798ad9ae,3859744c7a5c07aa3ed387987ae1b88598f117e5482a549fe8fc7e07060b03b0,2995,0,train,0
10096,3008,12,Benthocodon pedunculata,/home/tahiti/MARINE_DATASETS/FathomNet_FGVC2025/data/rois/3008_10096.png,/home/tahiti/MARINE_DATASETS/FathomNet_FGVC2025/data/images/3008.png,1c0cc73e92066c4f98696d5c4a4b1d934ad9ea0cb1c8bfced47ca049f36eba4c,e84d29af49aa7ccbd29bc89959b9b41d122e57645c128b2f204caaa580a981dd,3008,4,train,4
10101,3008,12,Benthocodon pedunculata,/home/tahiti/MARINE_DATASETS/FathomNet_FGVC2025/data/rois/3008_10101.png,/home/tahiti/MARINE_DATASETS/FathomNet_FGVC2025/data/images/3008.png,cc7b7879990cbdb416208721b3e6e8565e2bcf44020b7fc4e8f13d4fab22a976,e84d29af49aa7ccbd29bc89959b9b41d122e57645c128b2f204caaa580a981dd,3008,4,train,4
10113,3008,12,Benthocodon pedunculata,/home/tahiti/MARINE_DATASETS/FathomNet_FGVC2025/data/rois/3008_10113.png,/home/tahiti/MARINE_DATASETS/FathomNet_FGVC2025/data/images/3008.png,c0ac92b87dfb80a3a35ee6fc2eb7ab0880c146af281c2d9b7c5492da381227fb,e84d29af49aa7ccbd29bc89959b9b41d122e57645c128b2f204caaa580a981dd,3008,4,train,4
10141,3022,78,Vesicomyidae,/home/tahiti/MARINE_DATASETS/FathomNet_FGVC2025/data/rois/3022_10141.png,/home/tahiti/MARINE_DATASETS/FathomNet_FGVC2025/data/images/3022.png,4a8dd902c79c5635e47567d1573abb7c5ff8ea9b6e764598158d6bc1d2501a7e,50895eb3f98ee96c5a2d196a21e37f8340a3f886ffb69b3bb89e0c190de105f3,3022,4,train,4
10161,3029,19,Crinoidea,/home/tahiti/MARINE_DATASETS/FathomNet_FGVC2025/data/rois/3029_10161.png,/home/tahiti/MARINE_DATASETS/FathomNet_FGVC2025/data/images/3029.png,d6ba63b50615e2e04fef13e63b2ccbd9c4613d2c0d77d932c426fda6f4d6e5b9,121959d9865d771f23f041ba6eaa36b5852c7321a5700d0dc3c21cf62a8c4546,3029,0,train,0
10164,3031,35,Isididae,/home/tahiti/MARINE_DATASETS/FathomNet_FGVC2025/data/rois/3031_10164.png,/home/tahiti/MARINE_DATASETS/FathomNet_FGVC2025/data/images/3031.png,36890a93553ae2c5d4b08667d8ce36389ed353e202654fc9601f1ba33f1a5153,78c9a9cd0e9dcf5f7986d4c1860e38040e566a6c1dd26e1bc90ab07cdcff5ceb,3031,2,train,2
10190,3042,3,Acanthoptilum,/home/tahiti/MARINE_DATASETS/FathomNet_FGVC2025/data/rois/3042_10190.png,/home/tahiti/MARINE_DATASETS/FathomNet_FGVC2025/data/images/3042.png,c3ae7fec0adf1e576a11bc199c7ccc6579a44646732f502bef21d5e3de5b4a90,79c417527bd36fdfcd1cfc720a764d4210f9011ca16b2df5b1147bdb5509032c,3042,5,train,5
10201,3044,72,Serpulidae,/home/tahiti/MARINE_DATASETS/FathomNet_FGVC2025/data/rois/3044_10201.png,/home/tahiti/MARINE_DATASETS/FathomNet_FGVC2025/data/images/3044.png,073296b5ee0045b446399cdea531b4c08e178c6668eefe35bdcbbba1d754e577,25d4b273853803197af57517857df938fe35f598b1a47f9b4210a17e506b52df,3044,1,train,1
10214,3044,20,Delectopecten,/home/tahiti/MARINE_DATASETS/FathomNet_FGVC2025/data/rois/3044_10214.png,/home/tahiti/MARINE_DATASETS/FathomNet_FGVC2025/data/images/3044.png,d94cb296f0ccb2fdeeb43b9ccc271e6c4eda2791025576e9bde98c96fc137c3f,25d4b273853803197af57517857df938fe35f598b1a47f9b4210a17e506b52df,3044,1,train,1
10217,3044,72,Serpulidae,/home/tahiti/MARINE_DATASETS/FathomNet_FGVC2025/data/rois/3044_10217.png,/home/tahiti/MARINE_DATASETS/FathomNet_FGVC2025/data/images/3044.png,b5f975addc983dd353a1c918e4867a35ffc26a1d8378d7928fa695efd59b3ba1,25d4b273853803197af57517857df938fe35f598b1a47f9b4210a17e506b52df,3044,1,train,1
10226,3044,72,Serpulidae,/home/tahiti/MARINE_DATASETS/FathomNet_FGVC2025/data/rois/3044_10226.png,/home/tahiti/MARINE_DATASETS/FathomNet_FGVC2025/data/images/3044.png,07f84e4e3509767b52d1c3bfd3a4609ff37c495dc9f6f06ba39f5e4c2ce38d35,25d4b273853803197af57517857df938fe35f598b1a47f9b4210a17e506b52df,3044,1,train,1
10230,3044,72,Serpulidae,/home/tahiti/MARINE_DATASETS/FathomNet_FGVC2025/data/rois/3044_10230.png,/home/tahiti/MARINE_DATASETS/FathomNet_FGVC2025/data/images/3044.png,7d3aa7c2a11d0b4f9767472d25c23206229ec0ecd6c5b500d389c50abb93dd56,25d4b273853803197af57517857df938fe35f598b1a47f9b4210a17e506b52df,3044,1,train,1
10240,3044,20,Delectopecten,/home/tahiti/MARINE_DATASETS/FathomNet_FGVC2025/data/rois/3044_10240.png,/home/tahiti/MARINE_DATASETS/FathomNet_FGVC2025/data/images/3044.png,428a0e518cb26e1083730ada59711ef8b4b722daf225286f231664b5aad4c7d4,25d4b273853803197af57517857df938fe35f598b1a47f9b4210a17e506b52df,3044,1,train,1
10242,3044,20,Delectopecten,/home/tahiti/MARINE_DATASETS/FathomNet_FGVC2025/data/rois/3044_10242.png,/home/tahiti/MARINE_DATASETS/FathomNet_FGVC2025/data/images/3044.png,b48fcf9f7c5de9ed5a4f5a68de9ad9b8807e45a9ce59f14acd38ee2d9487e6a6,25d4b273853803197af57517857df938fe35f598b1a47f9b4210a17e506b52df,3044,1,train,1
10256,3053,14,Caridea,/home/tahiti/MARINE_DATASETS/FathomNet_FGVC2025/data/rois/3053_10256.png,/home/tahiti/MARINE_DATASETS/FathomNet_FGVC2025/data/images/3053.png,43b6151adcb1e11374632b5fe5424606c32ba65edea70a1da01aac9da1b5f651,74de1196b5ee24829e51b2c7402d7b68e110da82ab2a81a79769942f45ae7ab5,3053,0,train,0
10261,3053,42,Metridium farcimen,/home/tahiti/MARINE_DATASETS/FathomNet_FGVC2025/data/rois/3053_10261.png,/home/tahiti/MARINE_DATASETS/FathomNet_FGVC2025/data/images/3053.png,01c27da3c112fb79a9e18f3e83582f9acd8380edc29b6d30f5a85ecd2c981438,74de1196b5ee24829e51b2c7402d7b68e110da82ab2a81a79769942f45ae7ab5,3053,0,train,0
10291,3058,32,Holothuroidea,/home/tahiti/MARINE_DATASETS/FathomNet_FGVC2025/data/rois/3058_10291.png,/home/tahiti/MARINE_DATASETS/FathomNet_FGVC2025/data/images/3058.png,c1e31eb146aaaeb36e516e28114aedd93898fb7dc2b3499d80b34047db62eca1,8d909813694657626bd0f6e3baed7fe35c4e21f9e69c282fd856e6b74b8f289a,3058,4,train,4
10299,3061,55,Paragorgia arborea,/home/tahiti/MARINE_DATASETS/FathomNet_FGVC2025/data/rois/3061_10299.png,/home/tahiti/MARINE_DATASETS/FathomNet_FGVC2025/data/images/3061.png,82384de4123db24a12e3946e66ea548a1fc205c45c9110be4eed833c1fae4e6e,4e5c67fda5ffafd428a7727769e8faffce18dc4257b10ac4ac93b7077eccd880,3061,0,train,0
10323,3070,6,Actinopterygii,/home/tahiti/MARINE_DATASETS/FathomNet_FGVC2025/data/rois/3070_10323.png,/home/tahiti/MARINE_DATASETS/FathomNet_FGVC2025/data/images/3070.png,5fc77f1d5ec14c162abd71f6a22570c2d8a05a244941c0ccd4c85276376fdbcd,0c2698d05c6405d938420fbcaeeff0f7cd8db9a17447e7554dfa4e2d970f2253,3070,0,train,0
10324,3071,19,Crinoidea,/home/tahiti/MARINE_DATASETS/FathomNet_FGVC2025/data/rois/3071_10324.png,/home/tahiti/MARINE_DATASETS/FathomNet_FGVC2025/data/images/3071.png,5cf641e7b7d93148892b54004fc4d477e94c0195f12fc6cf0589b2a5c9eb8c9e,0210dfd8f7660a18ccff69278db5dbd1d8b2a6275349d1f881f74d051b2d46c6,3071,4,train,4
10330,3071,44,Munidopsis,/home/tahiti/MARINE_DATASETS/FathomNet_FGVC2025/data/rois/3071_10330.png,/home/tahiti/MARINE_DATASETS/FathomNet_FGVC2025/data/images/3071.png,6d60eee087c045448530384292de59a40f67fe30126ed1c1038964ff6518568e,0210dfd8f7660a18ccff69278db5dbd1d8b2a6275349d1f881f74d051b2d46c6,3071,4,train,4
10337,3074,41,Merluccius productus,/home/tahiti/MARINE_DATASETS/FathomNet_FGVC2025/data/rois/3074_10337.png,/home/tahiti/MARINE_DATASETS/FathomNet_FGVC2025/data/images/3074.png,cb0c7e055bf27a1f4d12c7b7da2972eff86232191d59e995d3b7c68e9f5fc251,9ac2b9a83c90997f41fb3f6a4a6446f48ac3fbf5ca410dad6c8bf43b1f5476e7,3074,2,train,2
10343,3080,6,Actinopterygii,/home/tahiti/MARINE_DATASETS/FathomNet_FGVC2025/data/rois/3080_10343.png,/home/tahiti/MARINE_DATASETS/FathomNet_FGVC2025/data/images/3080.png,354adfccafb0df6a7e35f311ab7a6b04962c5d61136e303c1adf6f18a5a7c2b5,25eabaaf911dfd2fe03a03e4081db2f56a93de5df3f65958b4cc300e389388bc,3080,1,train,1
10350,3084,19,Crinoidea,/home/tahiti/MARINE_DATASETS/FathomNet_FGVC2025/data/rois/3084_10350.png,/home/tahiti/MARINE_DATASETS/FathomNet_FGVC2025/data/images/3084.png,4ec8a91dd68752b61be21be277fcfb9dcb7de124dd5f073590faa08c76ddfbf5,baed200ec5cade0b7379b24e6980f978d44605bf553b5d4689f5ad2acce83eed,3084,2,train,2
10359,3086,46,Mycale,/home/tahiti/MARINE_DATASETS/FathomNet_FGVC2025/data/rois/3086_10359.png,/home/tahiti/MARINE_DATASETS/FathomNet_FGVC2025/data/images/3086.png,1f25b4dc2fbea97db9061232e0970081b3073935af5aa7b95a2aa49be7619135,ffbaae3d795415cb407e3618de7d1b8e75db7ebc95f20042de2f31037008d7bc,3086,1,train,1
10366,3089,34,Isidella tentaculum,/home/tahiti/MARINE_DATASETS/FathomNet_FGVC2025/data/rois/3089_10366.png,/home/tahiti/MARINE_DATASETS/FathomNet_FGVC2025/data/images/3089.png,5679ae1c49be902a767ba7a4d11a61110f850ce1f0922d096f2d814395d99f65,d15b31e823957fec7e1d4e27862eb62b70a4709e116115e7c750f90cc22aa8c6,3089,0,train,0
10383,3094,20,Delectopecten,/home/tahiti/MARINE_DATASETS/FathomNet_FGVC2025/data/rois/3094_10383.png,/home/tahiti/MARINE_DATASETS/FathomNet_FGVC2025/data/images/3094.png,3bb85de264ce4a814426792e6b8ccd427805f1b5fbe5fd0c75e481e519b78eb8,dfdfe9476005b348afe8dbd216cdaed69a90bd7baa538060cfd8ff56269bf096,3094,0,train,0
10398,3099,77,Umbellula,/home/tahiti/MARINE_DATASETS/FathomNet_FGVC2025/data/rois/3099_10398.png,/home/tahiti/MARINE_DATASETS/FathomNet_FGVC2025/data/images/3099.png,2dcefbe0a3098bcdcaed242326252ca1434a8fec99ac90b3e4fd9f0964e34207,e8e9f2444267b9d85a365146018113db92629be16f45342227c1e40c4bae3363,3099,4,train,4
10404,3104,6,Actinopterygii,/home/tahiti/MARINE_DATASETS/FathomNet_FGVC2025/data/rois/3104_10404.png,/home/tahiti/MARINE_DATASETS/FathomNet_FGVC2025/data/images/3104.png,f4b2570eddab40eb46cff27619f1f395ea4611ea67709cdd182f4d5167037864,9415d5b5238c3e668b49fa79596be2ba97624f3ad0dd39aa92c336a1679201b0,3104,0,train,0
10424,3108,70,Sebastes diploproa,/home/tahiti/MARINE_DATASETS/FathomNet_FGVC2025/data/rois/3108_10424.png,/home/tahiti/MARINE_DATASETS/FathomNet_FGVC2025/data/images/3108.png,ef7a30a218b5d7b20065c4f7b0fc0cb2022769d49fcafcb8f28def06ecc69bc6,c441fdf65c6d59ad6f72b1e6670eaccf0179b3c239fd3f0c7ac73123b33c7c91,3108,2,train,2
10433,3113,69,Sebastes,/home/tahiti/MARINE_DATASETS/FathomNet_FGVC2025/data/rois/3113_10433.png,/home/tahiti/MARINE_DATASETS/FathomNet_FGVC2025/data/images/3113.png,295052a32fa0ea221267c4f7eeec3fbf9303d9fc2d2407b733b7f3c01bb1d906,1acfc22855c224eeba4a70ae6a2f0c8127936eeb27f7ccad022a0984d55c18c4,3113,2,train,2
10495,3147,78,Vesicomyidae,/home/tahiti/MARINE_DATASETS/FathomNet_FGVC2025/data/rois/3147_10495.png,/home/tahiti/MARINE_DATASETS/FathomNet_FGVC2025/data/images/3147.png,de0ec9bd463ba957bd290e58092fbb5e1c30dc2cbb87f2d73f64f1aaf8793563,0716480086141699bb37cef29cf1165e5b7eff2350e55baa087ad229b43ddfbf,3147,5,train,5
10511,3157,47,Octopus rubescens,/home/tahiti/MARINE_DATASETS/FathomNet_FGVC2025/data/rois/3157_10511.png,/home/tahiti/MARINE_DATASETS/FathomNet_FGVC2025/data/images/3157.png,782ef838ac1268e6d1c8cde91300c9fd0fcc0963980190fb280110bf1bb212f6,50a4c82a0c784e5a7cccbab1bd08463896f52df1962f03b5982f69d20979a2e6,3157,4,train,4
10523,3164,45,Munnopsidae,/home/tahiti/MARINE_DATASETS/FathomNet_FGVC2025/data/rois/3164_10523.png,/home/tahiti/MARINE_DATASETS/FathomNet_FGVC2025/data/images/3164.png,79c0b6620b33e548f7634bae1b9167d1b5066ef8cf49de7ceb3ed68ec8fdd4bf,e1439efeb41de4403e8bef5d24b66cd141a0be8930971aa6ecbf56bc9b6c3185,3164,2,train,2
10535,3170,25,Gastropoda,/home/tahiti/MARINE_DATASETS/FathomNet_FGVC2025/data/rois/3170_10535.png,/home/tahiti/MARINE_DATASETS/FathomNet_FGVC2025/data/images/3170.png,70162c711abba9866d3018cddc8ba82ccbdd2eb149d4e4023f3ffbf2ef475b6f,9e25bc05f32873e86befa5f8d3f68906d1281f6f9730d23accc5bdfbd068d823,3170,0,train,0
10539,3170,77,Umbellula,/home/tahiti/MARINE_DATASETS/FathomNet_FGVC2025/data/rois/3170_10539.png,/home/tahiti/MARINE_DATASETS/FathomNet_FGVC2025/data/images/3170.png,633a822e7737d2d962e1d20d663397fa6e25fd06a197b2afe2907b5cf2616918,9e25bc05f32873e86befa5f8d3f68906d1281f6f9730d23accc5bdfbd068d823,3170,0,train,0
10540,3170,77,Umbellula,/home/tahiti/MARINE_DATASETS/FathomNet_FGVC2025/data/rois/3170_10540.png,/home/tahiti/MARINE_DATASETS/FathomNet_FGVC2025/data/images/3170.png,ab195d4d52a4c7c42c3280aad2d0c46e5090cc9ad459fbdf837eb670ea379e09,9e25bc05f32873e86befa5f8d3f68906d1281f6f9730d23accc5bdfbd068d823,3170,0,train,0
10545,3174,43,Microstomus pacificus,/home/tahiti/MARINE_DATASETS/FathomNet_FGVC2025/data/rois/3174_10545.png,/home/tahiti/MARINE_DATASETS/FathomNet_FGVC2025/data/images/3174.png,817246b3a313dcd94c12c9bb4dd86f5edad474d4bd8b3df7ab000f6104b0dff4,490dc2bbe024d2e69c8395f02710df24f3fdba65c74d59df557fa9841ff33dfa,3174,2,train,2
10551,3177,26,Gersemia juliepackardae,/home/tahiti/MARINE_DATASETS/FathomNet_FGVC2025/data/rois/3177_10551.png,/home/tahiti/MARINE_DATASETS/FathomNet_FGVC2025/data/images/3177.png,d32f0c377291ab12e091da81951091531a319979e7f5081c7e43ceb29ffa65bb,33258eb1c6ce6aecd73c143693bffe3f6b11f963044dc71dc389b102339b0979,3177,0,train,0
10553,3177,26,Gersemia juliepackardae,/home/tahiti/MARINE_DATASETS/FathomNet_FGVC2025/data/rois/3177_10553.png,/home/tahiti/MARINE_DATASETS/FathomNet_FGVC2025/data/images/3177.png,0bbc5fb2b9fa1e44d6e638055f3ca1129ea4521d750dd827cfd72589ac7350e2,33258eb1c6ce6aecd73c143693bffe3f6b11f963044dc71dc389b102339b0979,3177,0,train,0
10564,3181,41,Merluccius productus,/home/tahiti/MARINE_DATASETS/FathomNet_FGVC2025/data/rois/3181_10564.png,/home/tahiti/MARINE_DATASETS/FathomNet_FGVC2025/data/images/3181.png,ab0e46e3c5932fc6832577cbf56e318d01a43e89b7f9fc9f52e7357c4ebc96d7,aa6530336610a53cfbaa7acfe6aef13f3562047ae386729d201bc7e292cded1e,3181,4,train,4
10568,3181,41,Merluccius productus,/home/tahiti/MARINE_DATASETS/FathomNet_FGVC2025/data/rois/3181_10568.png,/home/tahiti/MARINE_DATASETS/FathomNet_FGVC2025/data/images/3181.png,a4d11c6cb5e203fde7204d21866b1afcc1e57867e56ebb0617548051bf4d15ff,aa6530336610a53cfbaa7acfe6aef13f3562047ae386729d201bc7e292cded1e,3181,4,train,4
10572,3182,47,Octopus rubescens,/home/tahiti/MARINE_DATASETS/FathomNet_FGVC2025/data/rois/3182_10572.png,/home/tahiti/MARINE_DATASETS/FathomNet_FGVC2025/data/images/3182.png,6dec011c5f3e49dd43cd91919a1e642dfb00dcae4f62bdf7b5865e944343a7e1,043d3b4406a76e212f5800bb7e5c8c2a1e3434e9686018041b57dae8b614394f,3182,0,train,0
10597,3195,47,Octopus rubescens,/home/tahiti/MARINE_DATASETS/FathomNet_FGVC2025/data/rois/3195_10597.png,/home/tahiti/MARINE_DATASETS/FathomNet_FGVC2025/data/images/3195.png,00a99c8601a1dbced4481e24f532153d5d70a45ddf714ddad78c7becda054528,021c598cfde72506728d314810a2e7564578440a67424f5dfe4bb4f2a8eb1dd8,3195,1,train,1
10615,3206,34,Isidella tentaculum,/home/tahiti/MARINE_DATASETS/FathomNet_FGVC2025/data/rois/3206_10615.png,/home/tahiti/MARINE_DATASETS/FathomNet_FGVC2025/data/images/3206.png,b013fa139b72863dbe8e2f6b19bdc5a02a5e042f7edb5fff775344c3b40b0ad5,b40240e37ddddaabef46bb2fed4155f7dd61f081a5308683b9e8fdd9f028d6e9,3206,4,train,4
10616,3207,41,Merluccius productus,/home/tahiti/MARINE_DATASETS/FathomNet_FGVC2025/data/rois/3207_10616.png,/home/tahiti/MARINE_DATASETS/FathomNet_FGVC2025/data/images/3207.png,e393d9d13ef1e5b75b494f0c51ba40adcca730aeb20aae2e6d01289c5f03cc3f,ca17e00ef638f6d7edacc890ef954cf109a023f111edf8ca151a524928e763b6,3207,5,train,5
10619,3207,41,Merluccius productus,/home/tahiti/MARINE_DATASETS/FathomNet_FGVC2025/data/rois/3207_10619.png,/home/tahiti/MARINE_DATASETS/FathomNet_FGVC2025/data/images/3207.png,00d5500e95c9ea98a4027d15ed4c3bf11f5400f92425636d3fc9bd7b33386f3e,ca17e00ef638f6d7edacc890ef954cf109a023f111edf8ca151a524928e763b6,3207,5,train,5
10622,3207,41,Merluccius productus,/home/tahiti/MARINE_DATASETS/FathomNet_FGVC2025/data/rois/3207_10622.png,/home/tahiti/MARINE_DATASETS/FathomNet_FGVC2025/data/images/3207.png,754927ff3e4a113f10182abe89a8a21d4a7f2663996f4ff5e96350521c96b10e,ca17e00ef638f6d7edacc890ef954cf109a023f111edf8ca151a524928e763b6,3207,5,train,5
10652,3215,22,Farrea,/home/tahiti/MARINE_DATASETS/FathomNet_FGVC2025/data/rois/3215_10652.png,/home/tahiti/MARINE_DATASETS/FathomNet_FGVC2025/data/images/3215.png,38025b51fd46f5f569e4f88a2fd146bf4a934f5e3876d425a16c351e0757d56f,36a22a4159ed313dc892b7e9994968fba1b22e07baad726a11313bf07547284b,3215,1,train,1
10657,3216,50,Paelopatides confundens,/home/tahiti/MARINE_DATASETS/FathomNet_FGVC2025/data/rois/3216_10657.png,/home/tahiti/MARINE_DATASETS/FathomNet_FGVC2025/data/images/3216.png,82d7106d0b9728874641cba3c139fcec84151652f92135e8e5d32e1e249f7906,d0d6a31259e3ec8f579a7c59b4182bb337caec5ed53f4f80837af7e71ec2f46a,3216,0,train,0
10662,3220,44,Munidopsis,/home/tahiti/MARINE_DATASETS/FathomNet_FGVC2025/data/rois/3220_10662.png,/home/tahiti/MARINE_DATASETS/FathomNet_FGVC2025/data/images/3220.png,741058dc6860cbf267e235d6480b02c4b127180a2b881d76d863b0d16b241026,895b87c73a2b3eaac13faa71839783c0ff881956447d48015ef82c7b252a6fe0,3220,1,train,1
10667,3223,19,Crinoidea,/home/tahiti/MARINE_DATASETS/FathomNet_FGVC2025/data/rois/3223_10667.png,/home/tahiti/MARINE_DATASETS/FathomNet_FGVC2025/data/images/3223.png,3651ed0d883a7b6fb0b8478d731903db8769120556cb2837f37f5bfbee71d6e7,2c0e54f32acc634ca6b3b97d3d37c57e5f0e0a206dd9e2b286c8e3bd1c4b872a,3223,2,train,2
10672,3224,30,Hexactinellida,/home/tahiti/MARINE_DATASETS/FathomNet_FGVC2025/data/rois/3224_10672.png,/home/tahiti/MARINE_DATASETS/FathomNet_FGVC2025/data/images/3224.png,5bbfb3748b7c446c2253d13c46a753b8fff25fc1987d15e901e5c3085af919e2,4735de8e69f88437429dccf8d0b5650f2b71cd4052e47babc89fb206dd515538,3224,2,train,2
10724,3246,1,Abyssocucumis abyssorum,/home/tahiti/MARINE_DATASETS/FathomNet_FGVC2025/data/rois/3246_10724.png,/home/tahiti/MARINE_DATASETS/FathomNet_FGVC2025/data/images/3246.png,6311b0a0bcd64dcbcd59f3e1b631a94a606dccf13b5c404a9cc37f00f334a878,d30fd4ebb51edfdb78d68511885da046497e8ef563a2d6bca2bdf00117ad7b86,3246,5,train,5
10741,3254,36,Isosicyonis,/home/tahiti/MARINE_DATASETS/FathomNet_FGVC2025/data/rois/3254_10741.png,/home/tahiti/MARINE_DATASETS/FathomNet_FGVC2025/data/images/3254.png,b958ca5983cce08b160dd49a4bd8ebed84a66c68a363d1466216ead6f13b92f3,bfcba76a45b4dc1f92964dd6846035b72171f0ffaac273d6a65909c5882c151e,3254,5,train,5
10771,3265,51,Pandalus amplus,/home/tahiti/MARINE_DATASETS/FathomNet_FGVC2025/data/rois/3265_10771.png,/home/tahiti/MARINE_DATASETS/FathomNet_FGVC2025/data/images/3265.png,a85c3f05d70d7d69c129b991fd91d13b916d1a0f850be8120d6d609b4d8ceff6,9b5c61af41e2c23fca3bced8c4d095c0f1eb9e365ab52840e9b1ddc3ea64df5e,3265,5,train,5
10799,3281,46,Mycale,/home/tahiti/MARINE_DATASETS/FathomNet_FGVC2025/data/rois/3281_10799.png,/home/tahiti/MARINE_DATASETS/FathomNet_FGVC2025/data/images/3281.png,760d35430ac516a9ae56d71cbbc54bdc42c68ade7b5cccf2c6d4949a03920ec6,8bae398d6496903d2f719840f674f78a54813501dfcfd03fafae3fd91b2e86c4,3281,4,train,4
10810,3285,68,Scotoplanes globosa,/home/tahiti/MARINE_DATASETS/FathomNet_FGVC2025/data/rois/3285_10810.png,/home/tahiti/MARINE_DATASETS/FathomNet_FGVC2025/data/images/3285.png,cfe8097269f8717c9bd34d5da8d5983fcb4715493c058a3adaf0e3a09fe05ec7,5c012c47275d1046aa50e6fb48c1fe7b78b72138226d7508a2debb4896385967,3285,0,train,0
10818,3290,53,Pannychia moseleyi,/home/tahiti/MARINE_DATASETS/FathomNet_FGVC2025/data/rois/3290_10818.png,/home/tahiti/MARINE_DATASETS/FathomNet_FGVC2025/data/images/3290.png,91ac3de971c2030ec1694caed08d9243de296bc9c2c296081e68e1b31b127c51,515eb1d6fe2db8621c8fd7a4c9e153342b614a0ab9707fc200664e81cd75dfe8,3290,1,train,1
10858,3302,68,Scotoplanes globosa,/home/tahiti/MARINE_DATASETS/FathomNet_FGVC2025/data/rois/3302_10858.png,/home/tahiti/MARINE_DATASETS/FathomNet_FGVC2025/data/images/3302.png,a489f1a1c6783647d9a5445c8b198fb1e074b3f8f733dadfb5c1a07dc0fc2d29,6652ef2fa3be9bc933b13d6241ea2546bf73e8360f83c9d8c848b80f6d5ab8ac,3302,5,train,5
10868,3304,41,Merluccius productus,/home/tahiti/MARINE_DATASETS/FathomNet_FGVC2025/data/rois/3304_10868.png,/home/tahiti/MARINE_DATASETS/FathomNet_FGVC2025/data/images/3304.png,cd47238785bfab9de7dea06186f297522ceebbdbf5856ddcba6af7cbe09e5e33,56141e90902e4f37a4a360540addd8909f1f3c71dc065061f895b16ab699c307,3304,2,train,2
10887,3312,73,Staurocalyptus,/home/tahiti/MARINE_DATASETS/FathomNet_FGVC2025/data/rois/3312_10887.png,/home/tahiti/MARINE_DATASETS/FathomNet_FGVC2025/data/images/3312.png,17b0236f82f71ac890544eb3243d042aac83faac49b34ca909bcf8cda0aefcec,088c305889800f9cfbd9b62f666b67cb4f8d14f0ae647d63ba4c96aa0da4afe1,3312,1,train,1
10888,3313,47,Octopus rubescens,/home/tahiti/MARINE_DATASETS/FathomNet_FGVC2025/data/rois/3313_10888.png,/home/tahiti/MARINE_DATASETS/FathomNet_FGVC2025/data/images/3313.png,d7d2d57535d9ef8adc21d486cb5b0a551da1ff0a3f78100fc50d0b7af3e846a8,9bc227bc1087ca17b1804acd1ec9b8be5ca5c67e22b8387df443e2d863e4ec61,3313,1,train,1
10891,3315,69,Sebastes,/home/tahiti/MARINE_DATASETS/FathomNet_FGVC2025/data/rois/3315_10891.png,/home/tahiti/MARINE_DATASETS/FathomNet_FGVC2025/data/images/3315.png,b072d34ee42697a8853b6dbc1b647a6a5ec24ac5f26192775db037709bc5ef1f,9284cff68483e703b04536c500048fd2101414da4351ceb41e12aa97de5681e3,3315,4,train,4
10902,3322,25,Gastropoda,/home/tahiti/MARINE_DATASETS/FathomNet_FGVC2025/data/rois/3322_10902.png,/home/tahiti/MARINE_DATASETS/FathomNet_FGVC2025/data/images/3322.png,236eb240f47b659afc23713761db334b58e9afc4f4c6a3c60da62c8d7c25931a,a4004b755ab2e07efaccde17997b6eb20865fcc09f1d39d378182065ed400585,3322,4,train,4
10949,3347,70,Sebastes diploproa,/home/tahiti/MARINE_DATASETS/FathomNet_FGVC2025/data/rois/3347_10949.png,/home/tahiti/MARINE_DATASETS/FathomNet_FGVC2025/data/images/3347.png,1badb922e66bcdf93adbebbf9fd55760d8dc3c0cde2b1fac84311b9cf00168da,4c5aaba61df31d2b8d61df5b1b0763a28dbef7036d8651dabbde17f144f48835,3347,2,train,2
10956,3349,15,Ceriantharia,/home/tahiti/MARINE_DATASETS/FathomNet_FGVC2025/data/rois/3349_10956.png,/home/tahiti/MARINE_DATASETS/FathomNet_FGVC2025/data/images/3349.png,26c0c5fd3ae6e0005952e193b10e9923503d5688d0d1b676b3740572932ffb3a,6a5dd9ee89c93c32dbea00b4741099436f8b1faa64a16692d8ff1e644a36d1d2,3349,4,train,4
10959,3351,41,Merluccius productus,/home/tahiti/MARINE_DATASETS/FathomNet_FGVC2025/data/rois/3351_10959.png,/home/tahiti/MARINE_DATASETS/FathomNet_FGVC2025/data/images/3351.png,9d175fa510b5f4a49d7171a218e6cefb5cde38cb58d77b816161015d3b60e668,b6ed73fd4da2f3a7b5b7dd7da291bbedc237316be1b524ad271b8e1bbe695025,3351,1,train,1
10983,3361,41,Merluccius productus,/home/tahiti/MARINE_DATASETS/FathomNet_FGVC2025/data/rois/3361_10983.png,/home/tahiti/MARINE_DATASETS/FathomNet_FGVC2025/data/images/3361.png,fa7715c7971dff10961c56e45caddbb376aabdaffa8bb923e6f0933672bb62b6,aba9fbcc3827ef60c7ffc08641da0cfe321d624b0c401a30423aa555086c04d3,3361,5,train,5
10986,3364,68,Scotoplanes globosa,/home/tahiti/MARINE_DATASETS/FathomNet_FGVC2025/data/rois/3364_10986.png,/home/tahiti/MARINE_DATASETS/FathomNet_FGVC2025/data/images/3364.png,8f195f21e91aff24787ac1c71cfb5a0e5eb247f5c4991930c70fd4bd3d24b237,dfa43378f726cefa249940d05c233b32b864bb489eb85fac8e79480ef7de2538,3364,0,train,0
11030,3379,56,Paralomis multispina,/home/tahiti/MARINE_DATASETS/FathomNet_FGVC2025/data/rois/3379_11030.png,/home/tahiti/MARINE_DATASETS/FathomNet_FGVC2025/data/images/3379.png,f84c53bce1659737a43560821cb61c63ec188497f4f57f1b4f9ec16e22aeee1f,9d4e16220a783e9c283e07cfaf9deba2e602ac16efa4b2ffd78ff5ab71886cd0,3379,4,train,4
11038,3382,36,Isosicyonis,/home/tahiti/MARINE_DATASETS/FathomNet_FGVC2025/data/rois/3382_11038.png,/home/tahiti/MARINE_DATASETS/FathomNet_FGVC2025/data/images/3382.png,2ff7acf4c862b4225a3fb53d8e4dd1da404562814d43a490b6158b1c65ee423a,7aa00a1451181ee5eaa9f95dfe70b4ae39afaae5f0bf2d2c7703fdaa17409a0f,3382,0,train,0
11062,3393,55,Paragorgia arborea,/home/tahiti/MARINE_DATASETS/FathomNet_FGVC2025/data/rois/3393_11062.png,/home/tahiti/MARINE_DATASETS/FathomNet_FGVC2025/data/images/3393.png,084b7cf99dc67921a024783998007b4c31ef59d1fe5748917e069333218e49ff,b9dcc1e5405591c5f60a54ffcf28a6ad27e86eb7f053073856252e3966d82a7b,3393,5,train,5
11070,3396,14,Caridea,/home/tahiti/MARINE_DATASETS/FathomNet_FGVC2025/data/rois/3396_11070.png,/home/tahiti/MARINE_DATASETS/FathomNet_FGVC2025/data/images/3396.png,b36372567945eda4b68e602036b26ba249c828053cd046e231fcefb518a9a357,2f638b4642a216e89e50f8ed42c38431b4cff842c844b93d9f58a56dfc6579d1,3396,1,train,1
11080,3400,31,Hippasteria,/home/tahiti/MARINE_DATASETS/FathomNet_FGVC2025/data/rois/3400_11080.png,/home/tahiti/MARINE_DATASETS/FathomNet_FGVC2025/data/images/3400.png,cbea24d427e3f41a25c2b684b0fa967a9de2e0453c40dc2dbb7ccf0fd00379f0,f2847f0f6055ff471df7d303e2e90d09459fc93422e7ad9dc72104f8688158bc,3400,1,train,1
11092,3407,12,Benthocodon pedunculata,/home/tahiti/MARINE_DATASETS/FathomNet_FGVC2025/data/rois/3407_11092.png,/home/tahiti/MARINE_DATASETS/FathomNet_FGVC2025/data/images/3407.png,394dcb9b932e88dcf58c7a6ffec9202efd486f08d05c0de15158039b0adf2fd2,65c52185c504b15e4154815986c589ccc2e34acff6cabe26a51154dd242b321f,3407,4,train,4
11093,3408,27,Heterocarpus,/home/tahiti/MARINE_DATASETS/FathomNet_FGVC2025/data/rois/3408_11093.png,/home/tahiti/MARINE_DATASETS/FathomNet_FGVC2025/data/images/3408.png,ca3112ba1d30bfe09cbf1cd5b966eb1443f3f674e1d19cc84eaf1f6b26030832,0cda48c59693d7b39fc0373bd02b6ba48859f0d720fb57ee8d557228cc4e342b,3408,4,train,4
11128,3423,45,Munnopsidae,/home/tahiti/MARINE_DATASETS/FathomNet_FGVC2025/data/rois/3423_11128.png,/home/tahiti/MARINE_DATASETS/FathomNet_FGVC2025/data/images/3423.png,a6b3145cb24f5f4da84b9b8e387ee9749e36fa0b77856ad43f345e496ac99849,ec2d3b2b0af613ca28a9787d4754eb3beb7fb5376097bfa17e7ef0bbed1d8e92,3423,1,train,1
11135,3427,50,Paelopatides confundens,/home/tahiti/MARINE_DATASETS/FathomNet_FGVC2025/data/rois/3427_11135.png,/home/tahiti/MARINE_DATASETS/FathomNet_FGVC2025/data/images/3427.png,fb44cf283118830f21470341c15c7d3467a30bb21a0238c86c53ec49f832b381,29c3fdb3566a26f6f8e8b4b8c9685586b68af33b87304d64963ab40a5d48b602,3427,0,train,0
11178,3439,69,Sebastes,/home/tahiti/MARINE_DATASETS/FathomNet_FGVC2025/data/rois/3439_11178.png,/home/tahiti/MARINE_DATASETS/FathomNet_FGVC2025/data/images/3439.png,f35dcd466e6626b650e459cd13f9b04fa37bf3d8eb54639d225602848f33c74b,e3ae2aba77801c221c5f0aea0b52e836452efd2758c8b7ae65ea4e6cd8ebc98b,3439,0,train,0
11188,3441,41,Merluccius productus,/home/tahiti/MARINE_DATASETS/FathomNet_FGVC2025/data/rois/3441_11188.png,/home/tahiti/MARINE_DATASETS/FathomNet_FGVC2025/data/images/3441.png,3025a2fc651296afe81f5b346e8c9834707a95f333c7896f8ad4dc378b0ee753,747ff6d6516b7e8451205ee1bd220261f60a1dc5bf28fac9dfa62421cc307ecb,3441,4,train,4
11195,3441,41,Merluccius productus,/home/tahiti/MARINE_DATASETS/FathomNet_FGVC2025/data/rois/3441_11195.png,/home/tahiti/MARINE_DATASETS/FathomNet_FGVC2025/data/images/3441.png,749420930f0257ef3bda4051120b37e0cf4cad64a274af7371a310e1e4c35db2,747ff6d6516b7e8451205ee1bd220261f60a1dc5bf28fac9dfa62421cc307ecb,3441,4,train,4
11209,3441,41,Merluccius productus,/home/tahiti/MARINE_DATASETS/FathomNet_FGVC2025/data/rois/3441_11209.png,/home/tahiti/MARINE_DATASETS/FathomNet_FGVC2025/data/images/3441.png,9f9eadcb489860911e68daee445063a29389bfc8c63fb7fad39510b749d66087,747ff6d6516b7e8451205ee1bd220261f60a1dc5bf28fac9dfa62421cc307ecb,3441,4,train,4
11211,3441,41,Merluccius productus,/home/tahiti/MARINE_DATASETS/FathomNet_FGVC2025/data/rois/3441_11211.png,/home/tahiti/MARINE_DATASETS/FathomNet_FGVC2025/data/images/3441.png,f222f7683d8d66e6073683ff120c2d2af7ac8d331fa501659e55fdc9c9287005,747ff6d6516b7e8451205ee1bd220261f60a1dc5bf28fac9dfa62421cc307ecb,3441,4,train,4
11217,3441,41,Merluccius productus,/home/tahiti/MARINE_DATASETS/FathomNet_FGVC2025/data/rois/3441_11217.png,/home/tahiti/MARINE_DATASETS/FathomNet_FGVC2025/data/images/3441.png,15cd40e2b5cbba55890aad007f3b74a2560b4ad71de9133f07da69b6d015c48d,747ff6d6516b7e8451205ee1bd220261f60a1dc5bf28fac9dfa62421cc307ecb,3441,4,train,4
11222,3443,68,Scotoplanes globosa,/home/tahiti/MARINE_DATASETS/FathomNet_FGVC2025/data/rois/3443_11222.png,/home/tahiti/MARINE_DATASETS/FathomNet_FGVC2025/data/images/3443.png,463d510874c14c449460f4671d645cbd5acedf947b3792083cb07b81c05378dd,2c65ebf77502243cd9a976811a676277c542da7f33a4bdb77924a256c17c7197,3443,0,train,0
11280,3451,54,Paragorgia,/home/tahiti/MARINE_DATASETS/FathomNet_FGVC2025/data/rois/3451_11280.png,/home/tahiti/MARINE_DATASETS/FathomNet_FGVC2025/data/images/3451.png,33c16be37a62332012416ca8d2e921c52fe7c0718fe406be01dc86ddf15c1e91,7fe6c388a26c9a8da9f20a4c7c3c073c7e532bf16e99069f7010aa38421043d0,3451,4,train,4
11282,3452,19,Crinoidea,/home/tahiti/MARINE_DATASETS/FathomNet_FGVC2025/data/rois/3452_11282.png,/home/tahiti/MARINE_DATASETS/FathomNet_FGVC2025/data/images/3452.png,4ad35a10e08f7cac6002c1cb25ff6f1a515502013ac84a415098642834f8b882,8e091c89030d32bf8df683ef0044ec5e2803ee9c1d30d1066ddb1cc829e1f00a,3452,5,train,5
11324,3468,68,Scotoplanes globosa,/home/tahiti/MARINE_DATASETS/FathomNet_FGVC2025/data/rois/3468_11324.png,/home/tahiti/MARINE_DATASETS/FathomNet_FGVC2025/data/images/3468.png,d3a7060dd0ce8032a9c06ca0b521ef5fb66cf266cc689edbf9f086358432aa63,731a5c30cd3a4b7229fc277c93fbed7a77cc705dd2c8468cd3eef4d624c2ca6e,3468,2,train,2
11347,3482,44,Munidopsis,/home/tahiti/MARINE_DATASETS/FathomNet_FGVC2025/data/rois/3482_11347.png,/home/tahiti/MARINE_DATASETS/FathomNet_FGVC2025/data/images/3482.png,95f92b893b2438a13f823c196396f303647ece4484eefdc4cfef3680ece4fbec,10181547f489b0ca15e14bbea13a1b918734c723949d3d8b55167f47b5122a11,3482,4,train,4
11348,3482,44,Munidopsis,/home/tahiti/MARINE_DATASETS/FathomNet_FGVC2025/data/rois/3482_11348.png,/home/tahiti/MARINE_DATASETS/FathomNet_FGVC2025/data/images/3482.png,73503b39636d61d4c37380dc57cf98f9159a2c99bfb1407a37f5860b7df2b9f4,10181547f489b0ca15e14bbea13a1b918734c723949d3d8b55167f47b5122a11,3482,4,train,4
11349,3482,56,Paralomis multispina,/home/tahiti/MARINE_DATASETS/FathomNet_FGVC2025/data/rois/3482_11349.png,/home/tahiti/MARINE_DATASETS/FathomNet_FGVC2025/data/images/3482.png,845db770c8c87295010fb622bd9d5f8452d212eb5721d7e650d4a0e69b9ce653,10181547f489b0ca15e14bbea13a1b918734c723949d3d8b55167f47b5122a11,3482,4,train,4
11358,3484,53,Pannychia moseleyi,/home/tahiti/MARINE_DATASETS/FathomNet_FGVC2025/data/rois/3484_11358.png,/home/tahiti/MARINE_DATASETS/FathomNet_FGVC2025/data/images/3484.png,bbfd457bac49c2ed8f851aa1c995b555ab8b185af51ad3f2bbfd6a1844da1ab9,2620fa61751dbdf64a03ccb56cf7321b18cf76cd4b0f90240ee216107686f606,3484,2,train,2
11361,3486,44,Munidopsis,/home/tahiti/MARINE_DATASETS/FathomNet_FGVC2025/data/rois/3486_11361.png,/home/tahiti/MARINE_DATASETS/FathomNet_FGVC2025/data/images/3486.png,6bab3abac856776bb71befa46bee4b2cf8040696276eaa9f5f806012e797f35a,d24405aa2041be2a888af0d6ef573cc437e6be205bbd5da16229222e3e29cfe4,3486,5,train,5
11364,3486,44,Munidopsis,/home/tahiti/MARINE_DATASETS/FathomNet_FGVC2025/data/rois/3486_11364.png,/home/tahiti/MARINE_DATASETS/FathomNet_FGVC2025/data/images/3486.png,c328efd544bfa32b8ac8e50e8b9dd1af3677cb0a2c3f63a459e1a9a8fadcd048,d24405aa2041be2a888af0d6ef573cc437e6be205bbd5da16229222e3e29cfe4,3486,5,train,5
11367,3487,55,Paragorgia arborea,/home/tahiti/MARINE_DATASETS/FathomNet_FGVC2025/data/rois/3487_11367.png,/home/tahiti/MARINE_DATASETS/FathomNet_FGVC2025/data/images/3487.png,83e52630540f2156efb320a27fe255029e3fb282a902694f6666916defeea9a8,574c5577fdf0f6850a8a5e5a77f26c51b9ddd9358f145abb43d7a53ec55a1d47,3487,0,train,0
11378,3492,36,Isosicyonis,/home/tahiti/MARINE_DATASETS/FathomNet_FGVC2025/data/rois/3492_11378.png,/home/tahiti/MARINE_DATASETS/FathomNet_FGVC2025/data/images/3492.png,7359a54f2b130966c610fcabf850988daa0260bf81d5f63d3039c76ffca2adf9,542589d91e450b5545b69ac6479bcc222faf2e1a20715b1df3819372bc2c3b00,3492,0,train,0
11383,3492,36,Isosicyonis,/home/tahiti/MARINE_DATASETS/FathomNet_FGVC2025/data/rois/3492_11383.png,/home/tahiti/MARINE_DATASETS/FathomNet_FGVC2025/data/images/3492.png,1e80e251ffd6b12a439bf9ef208f83258331f0d7d712fe250573aad6b379777b,542589d91e450b5545b69ac6479bcc222faf2e1a20715b1df3819372bc2c3b00,3492,0,train,0
11411,3504,69,Sebastes,/home/tahiti/MARINE_DATASETS/FathomNet_FGVC2025/data/rois/3504_11411.png,/home/tahiti/MARINE_DATASETS/FathomNet_FGVC2025/data/images/3504.png,620e97d8b3db9f1f3d7f106677b4a28c787deeaeb28cf58cbf55410d463d4d01,fb6acf57ce1579d00f3d6ccaaa44d025218c71c051fb27afb9d4d995810fe50d,3504,2,train,2
11413,3505,45,Munnopsidae,/home/tahiti/MARINE_DATASETS/FathomNet_FGVC2025/data/rois/3505_11413.png,/home/tahiti/MARINE_DATASETS/FathomNet_FGVC2025/data/images/3505.png,55c4700aef05428089688b67345e4239d448214109d684cb17e0ed479f409e57,006a0b939d0a13a2fb71b97d829500799aa26da66df6d52facf7d020faaf0056,3505,0,train,0
11439,3525,68,Scotoplanes globosa,/home/tahiti/MARINE_DATASETS/FathomNet_FGVC2025/data/rois/3525_11439.png,/home/tahiti/MARINE_DATASETS/FathomNet_FGVC2025/data/images/3525.png,b367510861b2155745bf5fcb57fd3060178d72657ccfeea085e1033072bff8fe,e13d45082b9cbc824e81c9b748627c2432ed5ab0ce0c2a17c69b4b54eacbb9b2,3525,0,train,0
11455,3534,34,Isidella tentaculum,/home/tahiti/MARINE_DATASETS/FathomNet_FGVC2025/data/rois/3534_11455.png,/home/tahiti/MARINE_DATASETS/FathomNet_FGVC2025/data/images/3534.png,69abe985679adfcecf5b9cc7434b0ac4d580af0194eb586b2826e2dd29af958d,4ff70c3e12f9184450d6d0cf7e74deac26963d45ed35ed7e30e4ab33da00b8be,3534,0,train,0
11474,3544,55,Paragorgia arborea,/home/tahiti/MARINE_DATASETS/FathomNet_FGVC2025/data/rois/3544_11474.png,/home/tahiti/MARINE_DATASETS/FathomNet_FGVC2025/data/images/3544.png,ae94b7f4e92e4870016c2e300a7f0189aded396a1df825dc639f12453c890e7c,5d5ceb28856cc608f7b0dddb458a43dff228166fd71f405eeaef56bd26929fcc,3544,1,train,1
11485,3551,68,Scotoplanes globosa,/home/tahiti/MARINE_DATASETS/FathomNet_FGVC2025/data/rois/3551_11485.png,/home/tahiti/MARINE_DATASETS/FathomNet_FGVC2025/data/images/3551.png,68b39d658be8262eedbae3256d0844f923ccf5c2f10ee027836e64cb03a4d05d,899475658911825a1d1ecf219859e99798b68e1731878738be36a39541a6fe5e,3551,2,train,2
11486,3552,76,Tunicata,/home/tahiti/MARINE_DATASETS/FathomNet_FGVC2025/data/rois/3552_11486.png,/home/tahiti/MARINE_DATASETS/FathomNet_FGVC2025/data/images/3552.png,f9702beeedca18111e95b6adbe3c1ba044830334ca9eefca4a76660af57d7fc6,3bc7da9ccdca57b193987626142cbf47f0f4faedad2f30aa083a51705a9eed55,3552,4,train,4
11552,3580,22,Farrea,/home/tahiti/MARINE_DATASETS/FathomNet_FGVC2025/data/rois/3580_11552.png,/home/tahiti/MARINE_DATASETS/FathomNet_FGVC2025/data/images/3580.png,7d8e772b8429458c144cf4670c47f9cccbc8632ecda611fa1d2eb48aac343554,0c7b228d0ce73968f4fe61d7ebbf844cc87322a7edd7fc64e73b05e56e47b783,3580,1,train,1
11555,3581,67,Scotoplanes,/home/tahiti/MARINE_DATASETS/FathomNet_FGVC2025/data/rois/3581_11555.png,/home/tahiti/MARINE_DATASETS/FathomNet_FGVC2025/data/images/3581.png,4c4db3b9aa06190015fcda3cd586be71f883755925a75940e4f959b31b68ceee,042d45492fbd3aeedcd9ea9577d58d5fd32f636eee872ac691fc2821232dde29,3581,4,train,4
11556,3582,1,Abyssocucumis abyssorum,/home/tahiti/MARINE_DATASETS/FathomNet_FGVC2025/data/rois/3582_11556.png,/home/tahiti/MARINE_DATASETS/FathomNet_FGVC2025/data/images/3582.png,d0208f1bd57344df9456ac87a92a7d932a888d7db4c52353b05bbad9c5cadb7d,b7d663aea9ab5ad6fd05636b8103513e2ec908420c213a1ff270a5d857ee2245,3582,1,train,1
11570,3588,76,Tunicata,/home/tahiti/MARINE_DATASETS/FathomNet_FGVC2025/data/rois/3588_11570.png,/home/tahiti/MARINE_DATASETS/FathomNet_FGVC2025/data/images/3588.png,17a6d57e2c1ea5b72c044e3cf7c7f3dd76a61eef5f17585d1692f99054ae3009,03ec144b9635fdfbd87c4cd952ce688a1cc7f71009e00b15cfaa0b5b220e7abf,3588,5,train,5
11585,3597,64,Pyrosoma atlanticum,/home/tahiti/MARINE_DATASETS/FathomNet_FGVC2025/data/rois/3597_11585.png,/home/tahiti/MARINE_DATASETS/FathomNet_FGVC2025/data/images/3597.png,645ffa5125db679c1d962d77aab5002bdb89e2cab24a8ed5d3512c2b798cf7a9,e93ed7d24e85fb3ce06b33f3dd204fa1cf926c9e225edf473e70b56842015dfa,3597,5,train,5
11588,3597,64,Pyrosoma atlanticum,/home/tahiti/MARINE_DATASETS/FathomNet_FGVC2025/data/rois/3597_11588.png,/home/tahiti/MARINE_DATASETS/FathomNet_FGVC2025/data/images/3597.png,819cea46a8160f1c2d5b43dd25baf287284edf16575c509dab5d69082408b719,e93ed7d24e85fb3ce06b33f3dd204fa1cf926c9e225edf473e70b56842015dfa,3597,5,train,5
11595,3601,43,Microstomus pacificus,/home/tahiti/MARINE_DATASETS/FathomNet_FGVC2025/data/rois/3601_11595.png,/home/tahiti/MARINE_DATASETS/FathomNet_FGVC2025/data/images/3601.png,83176bdeac99c5c5b07584390f73d707e28abf1c8df65ef4c215ab589e0c8b83,55a2c84ed0cff7f1dfd7a67213e860f1e8f448a009b4e58c65763bd709e94a4f,3601,4,train,4
11613,3609,36,Isosicyonis,/home/tahiti/MARINE_DATASETS/FathomNet_FGVC2025/data/rois/3609_11613.png,/home/tahiti/MARINE_DATASETS/FathomNet_FGVC2025/data/images/3609.png,c817d124797e27f0a46f8c670ee567382922bc311b730a4ff1172ffdc502a424,eefcb5d1c91395d06ea2a37df737b358fefeaf89f637371123e9e0d2e61bea90,3609,1,train,1
11632,3619,42,Metridium farcimen,/home/tahiti/MARINE_DATASETS/FathomNet_FGVC2025/data/rois/3619_11632.png,/home/tahiti/MARINE_DATASETS/FathomNet_FGVC2025/data/images/3619.png,4734ee82f27ce7b219d366dab5cb9dd24d4ec5f46166ee3951b465de677e661d,a6346b1fa1c459b420ff95c82e4ed22cba6ce0137f94becdd4b098fc1c65f577,3619,5,train,5
11651,3626,29,Heteropolypus ritteri,/home/tahiti/MARINE_DATASETS/FathomNet_FGVC2025/data/rois/3626_11651.png,/home/tahiti/MARINE_DATASETS/FathomNet_FGVC2025/data/images/3626.png,87588296236f71d7b5fcc002c4ff19fb4c50c9de9d9b94615362c5c644d9f192,95a33da28eef7f3cf2f0379c63c04ea51ac7a9162a02884504d76a20205c9d7e,3626,4,train,4
11659,3630,59,Pennatula phosphorea,/home/tahiti/MARINE_DATASETS/FathomNet_FGVC2025/data/rois/3630_11659.png,/home/tahiti/MARINE_DATASETS/FathomNet_FGVC2025/data/images/3630.png,448119512fb419e2323748646ff8b558003ff06d2f3a9238e1b3e9ad55f81080,a226ccaa0e6657f12775762159efee0fa9a652db436b26ba03fe909f857b1597,3630,2,train,2
11666,3630,59,Pennatula phosphorea,/home/tahiti/MARINE_DATASETS/FathomNet_FGVC2025/data/rois/3630_11666.png,/home/tahiti/MARINE_DATASETS/FathomNet_FGVC2025/data/images/3630.png,393e2e70a21cf42a5b0c1d5744212e15b908aa66a7784d6a7e44d97e2a3a70c4,a226ccaa0e6657f12775762159efee0fa9a652db436b26ba03fe909f857b1597,3630,2,train,2
11667,3630,59,Pennatula phosphorea,/home/tahiti/MARINE_DATASETS/FathomNet_FGVC2025/data/rois/3630_11667.png,/home/tahiti/MARINE_DATASETS/FathomNet_FGVC2025/data/images/3630.png,f415d42a139e2a2082b2bcfa3456527f378f881747d2bfbbfa365537d0305047,a226ccaa0e6657f12775762159efee0fa9a652db436b26ba03fe909f857b1597,3630,2,train,2
11675,3636,29,Heteropolypus ritteri,/home/tahiti/MARINE_DATASETS/FathomNet_FGVC2025/data/rois/3636_11675.png,/home/tahiti/MARINE_DATASETS/FathomNet_FGVC2025/data/images/3636.png,8a2c99ae54bd18d39d90cb73b9f067af62179f934d9ba66f1456ac6ba832ebfa,1a5250dc2635dfedbb7fcb1479e16a7926b80fd0bfb49a043fcacb232817d4a5,3636,4,train,4
11692,3639,24,Funiculina,/home/tahiti/MARINE_DATASETS/FathomNet_FGVC2025/data/rois/3639_11692.png,/home/tahiti/MARINE_DATASETS/FathomNet_FGVC2025/data/images/3639.png,68c3485b95bfeefa2d6dec41d03db968d503a0fc7d00f8334a817c89cb7e56e8,54241831bfe89d5dce3824d2e1d2c1a66b76d3be0de4fbe7609f825ab5715754,3639,5,train,5
11723,3651,76,Tunicata,/home/tahiti/MARINE_DATASETS/FathomNet_FGVC2025/data/rois/3651_11723.png,/home/tahiti/MARINE_DATASETS/FathomNet_FGVC2025/data/images/3651.png,7d273fdf7ebd8bfbf23c9cb71e7e5d6d5c92c2c821621234a763d4df45ed57c4,8107d13eecaa653b82d88594572384177d5c2bab20f9455f9eed3e25b7e93846,3651,0,train,0
11749,3662,79,Zoantharia,/home/tahiti/MARINE_DATASETS/FathomNet_FGVC2025/data/rois/3662_11749.png,/home/tahiti/MARINE_DATASETS/FathomNet_FGVC2025/data/images/3662.png,e3937b32df4fa447cc0ead24ba31f9f707513cc0a448c2e01574d79ff80d2a2e,d6fcf278d409c4b21787803bcf192b401d2da7885234be41ca00aa2718bc2e3a,3662,2,train,2
11769,3670,67,Scotoplanes,/home/tahiti/MARINE_DATASETS/FathomNet_FGVC2025/data/rois/3670_11769.png,/home/tahiti/MARINE_DATASETS/FathomNet_FGVC2025/data/images/3670.png,b0f99013602eb3bd21b3b4c668e0e6d851a6f188b316e4cb93dcc382b1d607ee,b1eb692aa23de06f141e5cdfb3544431b6c17a420fc4bff85a58f871fe6f9f05,3670,2,train,2
11780,3675,18,Corallimorphus pilatus,/home/tahiti/MARINE_DATASETS/FathomNet_FGVC2025/data/rois/3675_11780.png,/home/tahiti/MARINE_DATASETS/FathomNet_FGVC2025/data/images/3675.png,9c61e94a385edd0bf8d9df69bbee2070be8c08849bcf983934c10ad4a3f5598c,0506a92cde2d7608df3951b91050d88ef49f88b88f88d22247111c5be3ae0e5c,3675,0,train,0
11789,3676,29,Heteropolypus ritteri,/home/tahiti/MARINE_DATASETS/FathomNet_FGVC2025/data/rois/3676_11789.png,/home/tahiti/MARINE_DATASETS/FathomNet_FGVC2025/data/images/3676.png,c5d60d17a70e2796e9e53b8e2c1d11f775c76b93e6bff0ae12b59804a2163628,543261554ea3935909babddadfdcb099ec7dfc7e4bb60d37f6fb0f6ceef8aa83,3676,4,train,4
11804,3684,77,Umbellula,/home/tahiti/MARINE_DATASETS/FathomNet_FGVC2025/data/rois/3684_11804.png,/home/tahiti/MARINE_DATASETS/FathomNet_FGVC2025/data/images/3684.png,775bb15bb726779b7cfb7ccea22b2d49ae3848b560db8c1dfa8b78bb14a96cee,b92c14badcd3a4f42129c922898b30ccef46d9d209c020c390926740735d41c1,3684,2,train,2
11819,3695,32,Holothuroidea,/home/tahiti/MARINE_DATASETS/FathomNet_FGVC2025/data/rois/3695_11819.png,/home/tahiti/MARINE_DATASETS/FathomNet_FGVC2025/data/images/3695.png,fa70e4dabc89a1f04429b7cb39084d4dbfad237e8d4c2b02ed2f8e046654f5df,36ee2a10f086aa9689f068a7177ef548cce55f93cd88c42a67dd9cb622eec8e3,3695,5,train,5
11821,3696,24,Funiculina,/home/tahiti/MARINE_DATASETS/FathomNet_FGVC2025/data/rois/3696_11821.png,/home/tahiti/MARINE_DATASETS/FathomNet_FGVC2025/data/images/3696.png,324a565a143d6d4ecd773cf84bd58b4a53025cae10524a59e08751101a71fd31,0a863a82ee86b9d535c975350da4530702b368ce17443328215310647c9c6487,3696,0,train,0
11836,3700,24,Funiculina,/home/tahiti/MARINE_DATASETS/FathomNet_FGVC2025/data/rois/3700_11836.png,/home/tahiti/MARINE_DATASETS/FathomNet_FGVC2025/data/images/3700.png,0a9fa881574ae61d81a639d03434ea37de671059b2b27a8ddded6631e37f17b3,e9e0e4b5a83a75d47a84cd3ec438e3fe4f9b37051929dd4dc81a0d0c26508fbe,3700,5,train,5
11858,3708,68,Scotoplanes globosa,/home/tahiti/MARINE_DATASETS/FathomNet_FGVC2025/data/rois/3708_11858.png,/home/tahiti/MARINE_DATASETS/FathomNet_FGVC2025/data/images/3708.png,0cf95df3c3f191359a30c81474b594efbca9622efe1b65f3f8d10a0f3710400c,3d1b553c8cae28a44028d9302c2784b920f905983ed82c12eaa293158ff552ad,3708,2,train,2
11860,3710,64,Pyrosoma atlanticum,/home/tahiti/MARINE_DATASETS/FathomNet_FGVC2025/data/rois/3710_11860.png,/home/tahiti/MARINE_DATASETS/FathomNet_FGVC2025/data/images/3710.png,10f3c69b37d327052b75ba29aa7dd71bfed6606a29d9486a732a39215b4ab204,77f1857575100255dbadcb292cf08b701ff3d72c9942b06132f439658c80ea68,3710,1,train,1
11893,3724,7,Amphipoda,/home/tahiti/MARINE_DATASETS/FathomNet_FGVC2025/data/rois/3724_11893.png,/home/tahiti/MARINE_DATASETS/FathomNet_FGVC2025/data/images/3724.png,92b02b1033039b5447620c33d50e7f8b7dbe37f3c3ff2dcb8b97d211edf4e8df,8eb0b97c30e66babacfe96b538f70c04320fc9c37c4f3b12ec17f8ab71d609a6,3724,1,train,1
11921,3731,32,Holothuroidea,/home/tahiti/MARINE_DATASETS/FathomNet_FGVC2025/data/rois/3731_11921.png,/home/tahiti/MARINE_DATASETS/FathomNet_FGVC2025/data/images/3731.png,ee1dfbe6572548b2678cd9fd492e1e202c386b16e9935957f6f168056ff1cf0a,73979cb62b5bc51dd2f2f58202736d4f1ce9727268e5b1dc2481c949c7b6981c,3731,1,train,1
11922,3731,50,Paelopatides confundens,/home/tahiti/MARINE_DATASETS/FathomNet_FGVC2025/data/rois/3731_11922.png,/home/tahiti/MARINE_DATASETS/FathomNet_FGVC2025/data/images/3731.png,944184b1b1ab742713c5045da05e44fd16ccc4c21c300dac188b39c40da6f335,73979cb62b5bc51dd2f2f58202736d4f1ce9727268e5b1dc2481c949c7b6981c,3731,1,train,1
11927,3736,19,Crinoidea,/home/tahiti/MARINE_DATASETS/FathomNet_FGVC2025/data/rois/3736_11927.png,/home/tahiti/MARINE_DATASETS/FathomNet_FGVC2025/data/images/3736.png,268683ea8758d98286ff3f59a62df4ca9359f9b4d902c5c46b7d9edde6be95e2,2a521abac49cfd9f2b65495f2670a34d1e86209d88c7c00cc754972ddbc9203c,3736,0,train,0
11937,3743,32,Holothuroidea,/home/tahiti/MARINE_DATASETS/FathomNet_FGVC2025/data/rois/3743_11937.png,/home/tahiti/MARINE_DATASETS/FathomNet_FGVC2025/data/images/3743.png,0549278a845b9c6a43bea91229a3b8fd0415473a24b056070b0205d3a54961f2,9def23a5a135af49abcd879380a1099ff0576f8758f3d58e5a2c781551708d2e,3743,0,train,0
11949,3747,38,Liponema brevicorne,/home/tahiti/MARINE_DATASETS/FathomNet_FGVC2025/data/rois/3747_11949.png,/home/tahiti/MARINE_DATASETS/FathomNet_FGVC2025/data/images/3747.png,75c63de5a135b43fe7c5b192026846f1ad537f7b9566d8e235b48ae6ec37843c,fd708b4626c756d83026607ac0933b2f899deb6f8c9528a09b2a505b8eb858ff,3747,0,train,0
11999,3774,19,Crinoidea,/home/tahiti/MARINE_DATASETS/FathomNet_FGVC2025/data/rois/3774_11999.png,/home/tahiti/MARINE_DATASETS/FathomNet_FGVC2025/data/images/3774.png,3c18e3cdd56c0663d197598c397164b55d46041f0b4c92f4d8532af808254dc1,b51cba0b1805dedba15906fb72265f59cd9fb48b1fb46223882d5e279db21bef,3774,2,train,2
12005,3776,35,Isididae,/home/tahiti/MARINE_DATASETS/FathomNet_FGVC2025/data/rois/3776_12005.png,/home/tahiti/MARINE_DATASETS/FathomNet_FGVC2025/data/images/3776.png,54cd19654d9a5289fbe34f52738a15c102df6e994302bef0d06a53bad4df6ef0,02afbf2e87f5c2ce136830bb8f2732eb4b4c603447a72ccacc615259f29221b2,3776,0,train,0
12008,3778,15,Ceriantharia,/home/tahiti/MARINE_DATASETS/FathomNet_FGVC2025/data/rois/3778_12008.png,/home/tahiti/MARINE_DATASETS/FathomNet_FGVC2025/data/images/3778.png,64fbeff3d7f9b4ec29af976503bfb99a261bda2a588e639aaadd34afe11eaf7b,5c7df206dc3db9b07d64d78087cd814740e0be251dca99a226e50153daf901d1,3778,1,train,1
12011,3779,6,Actinopterygii,/home/tahiti/MARINE_DATASETS/FathomNet_FGVC2025/data/rois/3779_12011.png,/home/tahiti/MARINE_DATASETS/FathomNet_FGVC2025/data/images/3779.png,47556519df95e2af64595abebc335a6eb24bb6f092da1142b0ee30ca91e5853f,15059c41ea1f4e328a28ae77468b85a93fd418b40f5b8ef448eee48178e0d3f6,3779,0,train,0
12024,3786,23,Florometra serratissima,/home/tahiti/MARINE_DATASETS/FathomNet_FGVC2025/data/rois/3786_12024.png,/home/tahiti/MARINE_DATASETS/FathomNet_FGVC2025/data/images/3786.png,1d12e104bca32dd9807ae14ac175a0f35e212a4ad3f09cfccb80956e378ecbc0,17d05f894e33344b340baea6819397029667e256446b9778489745c1ab226336,3786,1,train,1
12042,3794,45,Munnopsidae,/home/tahiti/MARINE_DATASETS/FathomNet_FGVC2025/data/rois/3794_12042.png,/home/tahiti/MARINE_DATASETS/FathomNet_FGVC2025/data/images/3794.png,6dd2baa3f00b28b4da153754776228f7526110b49be7d967f4dfe7934aa4d43c,6f328fb4b463f909c5bdc2c94973f3af93dbbdff0ca72ad9b054e68a57184109,3794,5,train,5
12046,3796,29,Heteropolypus ritteri,/home/tahiti/MARINE_DATASETS/FathomNet_FGVC2025/data/rois/3796_12046.png,/home/tahiti/MARINE_DATASETS/FathomNet_FGVC2025/data/images/3796.png,879ec011435b2d726a5aad1537fa278d485e65d3c63efa477d9b6d30f23d26ea,f59b1290dd736e0ae5687c01900f2ce4961721e0048e7a51950f08775b0a67df,3796,2,train,2
12086,3807,6,Actinopterygii,/home/tahiti/MARINE_DATASETS/FathomNet_FGVC2025/data/rois/3807_12086.png,/home/tahiti/MARINE_DATASETS/FathomNet_FGVC2025/data/images/3807.png,7760b9dd353c4a5992259291684e4b69082e23b1b9e27af8eafb708d0baf1e2c,67fb9e516fd85944bb5213e9cea635d01f74db60baebf61e8f12dea6c70db31e,3807,4,train,4
12097,3815,29,Heteropolypus ritteri,/home/tahiti/MARINE_DATASETS/FathomNet_FGVC2025/data/rois/3815_12097.png,/home/tahiti/MARINE_DATASETS/FathomNet_FGVC2025/data/images/3815.png,7ddd4b1d87773a30a799cac5671207325a1874b2ba09981d273a4f11b44a80bd,da89ee3bcd5cf956dd02ce98488e222aa6c93a6bdc4c2b632d118f7f24e1dede,3815,4,train,4
12106,3821,35,Isididae,/home/tahiti/MARINE_DATASETS/FathomNet_FGVC2025/data/rois/3821_12106.png,/home/tahiti/MARINE_DATASETS/FathomNet_FGVC2025/data/images/3821.png,708e2ef88c19bcee8d0b41e8d57e6ef87e608550b6941f943ef9c55af2010a62,cd99bb019aedbb18954c0d73b9e91d9a60544d67c44d041839e16847d1629838,3821,5,train,5
12119,3825,77,Umbellula,/home/tahiti/MARINE_DATASETS/FathomNet_FGVC2025/data/rois/3825_12119.png,/home/tahiti/MARINE_DATASETS/FathomNet_FGVC2025/data/images/3825.png,21d6e9a43f828ec1922639957bf04634cb9c5f099fc1aebff91e019bc04fb139,cdd9537f2e1b490107c2356845599bc554808f90031d1a6a14ee5be900b87d60,3825,0,train,0
12134,3829,13,Brisingida,/home/tahiti/MARINE_DATASETS/FathomNet_FGVC2025/data/rois/3829_12134.png,/home/tahiti/MARINE_DATASETS/FathomNet_FGVC2025/data/images/3829.png,e8d21207ff0a2e7babe7a672df5d78a4d7c4bc79835b648238e8b99d33353838,afa988b2abe43456a192bd500764108869c9767a825268a96fba616c5d47ce79,3829,4,train,4
12135,3829,13,Brisingida,/home/tahiti/MARINE_DATASETS/FathomNet_FGVC2025/data/rois/3829_12135.png,/home/tahiti/MARINE_DATASETS/FathomNet_FGVC2025/data/images/3829.png,501ade8221c56408ba47694a84642887124c38d63b339a979500b4b6cf5c424c,afa988b2abe43456a192bd500764108869c9767a825268a96fba616c5d47ce79,3829,4,train,4
12152,3838,13,Brisingida,/home/tahiti/MARINE_DATASETS/FathomNet_FGVC2025/data/rois/3838_12152.png,/home/tahiti/MARINE_DATASETS/FathomNet_FGVC2025/data/images/3838.png,566b3a3b3e2ac2b74a476c2e31dfa162e3dc31b60327cccc2bc0b0d7d88d1a3c,c5173da88dbb2528e9251dbd67e37c4e4b17241eceb43e264f57da2ad643c715,3838,0,train,0
12156,3841,45,Munnopsidae,/home/tahiti/MARINE_DATASETS/FathomNet_FGVC2025/data/rois/3841_12156.png,/home/tahiti/MARINE_DATASETS/FathomNet_FGVC2025/data/images/3841.png,b11fc95a5b3b889f5d8fe95653a1531a2f50b8df6c9a3a7b1e7d3661b29470b4,83cbc1187e84ee14f2223aa06b197847ce335cbd2ba96ad7563256c19893a113,3841,4,train,4
12165,3845,70,Sebastes diploproa,/home/tahiti/MARINE_DATASETS/FathomNet_FGVC2025/data/rois/3845_12165.png,/home/tahiti/MARINE_DATASETS/FathomNet_FGVC2025/data/images/3845.png,8d0738e9313f8386b436a919d517e1825e1de961ea34e9937d20529751756ec2,2793ae4487711d05e768e21ad1bbb95250ea3b9515a4718bd8a9068db46aa730,3845,2,train,2
12173,3851,29,Heteropolypus ritteri,/home/tahiti/MARINE_DATASETS/FathomNet_FGVC2025/data/rois/3851_12173.png,/home/tahiti/MARINE_DATASETS/FathomNet_FGVC2025/data/images/3851.png,15950fc61975682caf7938e68abf785b1616893e88a1b1d97a24332f047434a5,32e950fc4f84541d6aee6c37ff9ef01bd5148f817da1cfaff248e711ab54998b,3851,1,train,1
12260,3867,17,Chorilia longipes,/home/tahiti/MARINE_DATASETS/FathomNet_FGVC2025/data/rois/3867_12260.png,/home/tahiti/MARINE_DATASETS/FathomNet_FGVC2025/data/images/3867.png,83fd9c0cd8457380fe8a94f007b155884f3589ba41ca6a6967816257bf52251e,936b063221a2b22006f741670ab430bf3268a038360ed5c267f52e76d5df8346,3867,0,train,0
12263,3868,27,Heterocarpus,/home/tahiti/MARINE_DATASETS/FathomNet_FGVC2025/data/rois/3868_12263.png,/home/tahiti/MARINE_DATASETS/FathomNet_FGVC2025/data/images/3868.png,696aef8d93cbde3205b9050989a7ff7f74bcc1324b598866dbccc8370a42cbbb,a31b9d6adfb09c487957fd8608953d6466a494b7fb42871f9e6dcc927ca78b0b,3868,2,train,2
12265,3868,27,Heterocarpus,/home/tahiti/MARINE_DATASETS/FathomNet_FGVC2025/data/rois/3868_12265.png,/home/tahiti/MARINE_DATASETS/FathomNet_FGVC2025/data/images/3868.png,2233d47f37f3cb2076437f2c607830d7d58629a668655cbb74885f03dbead7ca,a31b9d6adfb09c487957fd8608953d6466a494b7fb42871f9e6dcc927ca78b0b,3868,2,train,2
12288,3879,33,Hormathiidae,/home/tahiti/MARINE_DATASETS/FathomNet_FGVC2025/data/rois/3879_12288.png,/home/tahiti/MARINE_DATASETS/FathomNet_FGVC2025/data/images/3879.png,801af32f9b48759dfd991f9c02a1f8e21e6112b9a3b9504e4e0b006de7465b0a,233e7d9fef6e9feb66e178d0b444ed6e3e9bef2c25343da3a32ef1715feb1af6,3879,0,train,0
12292,3880,42,Metridium farcimen,/home/tahiti/MARINE_DATASETS/FathomNet_FGVC2025/data/rois/3880_12292.png,/home/tahiti/MARINE_DATASETS/FathomNet_FGVC2025/data/images/3880.png,61833842b6e1ab71293ca4078baacecd1682a7fbc82927e9e86b4b37cd25b389,f7d1dc57ae3b246672dec399b5b05f9c785aca8cf43e27edcc4c977936af7ffc,3880,1,train,1
12372,3900,35,Isididae,/home/tahiti/MARINE_DATASETS/FathomNet_FGVC2025/data/rois/3900_12372.png,/home/tahiti/MARINE_DATASETS/FathomNet_FGVC2025/data/images/3900.png,ae21e74e68e21c32c2689ffd579ff9820f63ab7d36ab203ee39ada380fd31aca,9754c1a75f2534c32b65c362400427af7b92abb48ffb1c8311ede6d8a3cf9d36,3900,5,train,5
12385,3905,54,Paragorgia,/home/tahiti/MARINE_DATASETS/FathomNet_FGVC2025/data/rois/3905_12385.png,/home/tahiti/MARINE_DATASETS/FathomNet_FGVC2025/data/images/3905.png,843d713f922b16f6ee53abc6066d43c7e494ae05887f825c92e319e80084cbfc,e83e1faf0522ac97eb1d64716dc3e72e6a9dbeba27468916737f807e2accfa37,3905,2,train,2
12386,3905,54,Paragorgia,/home/tahiti/MARINE_DATASETS/FathomNet_FGVC2025/data/rois/3905_12386.png,/home/tahiti/MARINE_DATASETS/FathomNet_FGVC2025/data/images/3905.png,6e6dec4d4d8c95927c796a0403a5961a7147ffc239ae49ade8e1d3f960ca3ee9,e83e1faf0522ac97eb1d64716dc3e72e6a9dbeba27468916737f807e2accfa37,3905,2,train,2
12421,3918,47,Octopus rubescens,/home/tahiti/MARINE_DATASETS/FathomNet_FGVC2025/data/rois/3918_12421.png,/home/tahiti/MARINE_DATASETS/FathomNet_FGVC2025/data/images/3918.png,6c4e812e66ab67aef2b48b9fcfa108b6677f6847e7a1eb0c2d113bfca15e50ea,4e5fc10f801aa19b0fac2c752a089fb276ef48b8186e98bc93cda05cb8dc5242,3918,5,train,5
12426,3920,43,Microstomus pacificus,/home/tahiti/MARINE_DATASETS/FathomNet_FGVC2025/data/rois/3920_12426.png,/home/tahiti/MARINE_DATASETS/FathomNet_FGVC2025/data/images/3920.png,88d4738726ef2c8c9cd83af314de074ab926156a0ca3fca8dfe4fd6734a6a41f,1b1d47a43c43835a52ba09cfec8b6981882201c840024df70a387895fba40cfb,3920,1,train,1
12427,3920,54,Paragorgia,/home/tahiti/MARINE_DATASETS/FathomNet_FGVC2025/data/rois/3920_12427.png,/home/tahiti/MARINE_DATASETS/FathomNet_FGVC2025/data/images/3920.png,3f3d575fd40c5b047c8eaf5e7bb8a7e599c4280f0547d6c7866917bc5ec4ba89,1b1d47a43c43835a52ba09cfec8b6981882201c840024df70a387895fba40cfb,3920,1,train,1
12458,3934,51,Pandalus amplus,/home/tahiti/MARINE_DATASETS/FathomNet_FGVC2025/data/rois/3934_12458.png,/home/tahiti/MARINE_DATASETS/FathomNet_FGVC2025/data/images/3934.png,d83b72a460838ffb3b9f1a6f90614354c588bab586320cd3fb93100273ee320a,368d6ca82c04041377636fce8d17d197c70b5a5bf5325e1db7cff79fd4153286,3934,5,train,5
12461,3937,47,Octopus rubescens,/home/tahiti/MARINE_DATASETS/FathomNet_FGVC2025/data/rois/3937_12461.png,/home/tahiti/MARINE_DATASETS/FathomNet_FGVC2025/data/images/3937.png,c90dddc472f6c31604a75cdcdf1392d39933ab78fd6c6f709b3fcad691646e1a,ed880494602859e01b62a13251389b8db95d7f88f3e59308185390ac2bc59bc9,3937,2,train,2
12464,3939,42,Metridium farcimen,/home/tahiti/MARINE_DATASETS/FathomNet_FGVC2025/data/rois/3939_12464.png,/home/tahiti/MARINE_DATASETS/FathomNet_FGVC2025/data/images/3939.png,f5277c4c23f2c1363bbeb1bf8a221da23eb82867a8d497531eea2d5790911bc7,c20d7d947d4a038d90b04e6bad9375b4e366b909a1cf3a79a337ffc2f3ac55a6,3939,5,train,5
12489,3946,31,Hippasteria,/home/tahiti/MARINE_DATASETS/FathomNet_FGVC2025/data/rois/3946_12489.png,/home/tahiti/MARINE_DATASETS/FathomNet_FGVC2025/data/images/3946.png,31b4d5df332c1c29c656340f8cdeb8c51ecef2068b54802f4cb9c97cdbed07c6,5e9bd09d483f85bd2251bd289892e4bf0a01279582587d264bcd23cd1811c168,3946,5,train,5
12507,3956,3,Acanthoptilum,/home/tahiti/MARINE_DATASETS/FathomNet_FGVC2025/data/rois/3956_12507.png,/home/tahiti/MARINE_DATASETS/FathomNet_FGVC2025/data/images/3956.png,2d421c121d25b7955348710c320419c959251bbf9688f3e72666bd30d983a151,533153ab15218e712bf9bb8f76d0dd2e7db99c7747c1c8d4d1bbfd17e1a1ff79,3956,5,train,5
12518,3963,66,Scleractinia,/home/tahiti/MARINE_DATASETS/FathomNet_FGVC2025/data/rois/3963_12518.png,/home/tahiti/MARINE_DATASETS/FathomNet_FGVC2025/data/images/3963.png,aaee3ba6ef0f30e6dae7c23f19d3641886854798a0508db64f5e108834baffaf,7fc5b6813955192fcf7b8ad928e022967bde8891e808afc1b4fce1be41d8b4ff,3963,4,train,4
12520,3964,25,Gastropoda,/home/tahiti/MARINE_DATASETS/FathomNet_FGVC2025/data/rois/3964_12520.png,/home/tahiti/MARINE_DATASETS/FathomNet_FGVC2025/data/images/3964.png,5f6f9951fe0dd9371c2d9c39e4f988835c848cf60df158233f6d3636ecc925aa,eaa1b41290671bd387261d25e1038bdc80668a816345beeab202142782a48383,3964,4,train,4
12556,3975,48,Ophiacanthidae,/home/tahiti/MARINE_DATASETS/FathomNet_FGVC2025/data/rois/3975_12556.png,/home/tahiti/MARINE_DATASETS/FathomNet_FGVC2025/data/images/3975.png,1253de9287558232ae72a2d0ab0b0e1bb3048d28ad1cca3b1d00d0f80b4e5c7d,b1e62306c773dcb1494095d0b475638bf2a502d8f53271834e43760070153ac0,3975,5,train,5
12572,3981,47,Octopus rubescens,/home/tahiti/MARINE_DATASETS/FathomNet_FGVC2025/data/rois/3981_12572.png,/home/tahiti/MARINE_DATASETS/FathomNet_FGVC2025/data/images/3981.png,af58f85d43a386117a1019167496023c657da6f1f0b26e7e07f516e9db53d26c,664f70caabe0d23f7ffe96b9f13d93f3362c2e01b1d7446280af2871c51de855,3981,0,train,0
12577,3981,47,Octopus rubescens,/home/tahiti/MARINE_DATASETS/FathomNet_FGVC2025/data/rois/3981_12577.png,/home/tahiti/MARINE_DATASETS/FathomNet_FGVC2025/data/images/3981.png,0d90a3543976613f376483ef5da0fbe88a4ee97aed45971ff13e1fd1007f995a,664f70caabe0d23f7ffe96b9f13d93f3362c2e01b1d7446280af2871c51de855,3981,0,train,0
12582,3981,47,Octopus rubescens,/home/tahiti/MARINE_DATASETS/FathomNet_FGVC2025/data/rois/3981_12582.png,/home/tahiti/MARINE_DATASETS/FathomNet_FGVC2025/data/images/3981.png,4b6410f44acca6fa633557483a8ceda2a63318951a0fd8fb6d5785ba1c99616e,664f70caabe0d23f7ffe96b9f13d93f3362c2e01b1d7446280af2871c51de855,3981,0,train,0
12587,3981,47,Octopus rubescens,/home/tahiti/MARINE_DATASETS/FathomNet_FGVC2025/data/rois/3981_12587.png,/home/tahiti/MARINE_DATASETS/FathomNet_FGVC2025/data/images/3981.png,e04ad9a8509c4b9b0b9fcd630f3ed58be62c55df7d26db53cf74a17cbeafc752,664f70caabe0d23f7ffe96b9f13d93f3362c2e01b1d7446280af2871c51de855,3981,0,train,0
12588,3981,47,Octopus rubescens,/home/tahiti/MARINE_DATASETS/FathomNet_FGVC2025/data/rois/3981_12588.png,/home/tahiti/MARINE_DATASETS/FathomNet_FGVC2025/data/images/3981.png,bd98134160edd2737a55a2a7484fbf59e9981ddb6b78f9c43a0251c8daf62d9d,664f70caabe0d23f7ffe96b9f13d93f3362c2e01b1d7446280af2871c51de855,3981,0,train,0
12604,3982,25,Gastropoda,/home/tahiti/MARINE_DATASETS/FathomNet_FGVC2025/data/rois/3982_12604.png,/home/tahiti/MARINE_DATASETS/FathomNet_FGVC2025/data/images/3982.png,7a4d41d11b093a66f9f9243d67f3e971358327b01c616297e5a3c5a83e434620,5615548d7b3afb8d5e99e5143c9a7be07bc91cb75a57b512affb81f4963511eb,3982,4,train,4
12611,3987,14,Caridea,/home/tahiti/MARINE_DATASETS/FathomNet_FGVC2025/data/rois/3987_12611.png,/home/tahiti/MARINE_DATASETS/FathomNet_FGVC2025/data/images/3987.png,116be88dac80dac5a6134692fb4701fa87b8ecde6e797b0774ec4007c3278376,76e36dfcc7831c139d82d6e8bda8ff30a6932f7e1ad8799d9d7a923da0903245,3987,4,train,4
12612,3988,50,Paelopatides confundens,/home/tahiti/MARINE_DATASETS/FathomNet_FGVC2025/data/rois/3988_12612.png,/home/tahiti/MARINE_DATASETS/FathomNet_FGVC2025/data/images/3988.png,4435c4246ac15f6c022cdc2b473e5675d7dadd130333583f970747f7cf9bbde0,13470563c695891bc110bcf87b116f63dd913d7960110cb3183bbaaf79655e52,3988,1,train,1
12668,4018,29,Heteropolypus ritteri,/home/tahiti/MARINE_DATASETS/FathomNet_FGVC2025/data/rois/4018_12668.png,/home/tahiti/MARINE_DATASETS/FathomNet_FGVC2025/data/images/4018.png,a12155bb5ad843e482ae2e2cb12b6607101fe3a27680a11f7c8622ece99a3cf1,0beec7ba499928ba1124546d66ae0e31c5d579339b4b4bc182c64229086bf35e,4018,1,train,1
12675,4021,53,Pannychia moseleyi,/home/tahiti/MARINE_DATASETS/FathomNet_FGVC2025/data/rois/4021_12675.png,/home/tahiti/MARINE_DATASETS/FathomNet_FGVC2025/data/images/4021.png,0631bf5de61b915fe812df86f00399330853ad25250a9be6522002aa9db34e63,f2a0c4b0ac467d7a2a65f78e83b2feeebafe34cae974c7ddb9212b39fd269cac,4021,5,train,5
12685,4024,76,Tunicata,/home/tahiti/MARINE_DATASETS/FathomNet_FGVC2025/data/rois/4024_12685.png,/home/tahiti/MARINE_DATASETS/FathomNet_FGVC2025/data/images/4024.png,7d51d49b873f822824b28a259dae07364a60b55f8622bf3e10da2d015452eaba,11caaf56a6bc8fa41bedc182f004dbec85747a0257722401021697f32441f3e9,4024,2,train,2
12692,4026,38,Liponema brevicorne,/home/tahiti/MARINE_DATASETS/FathomNet_FGVC2025/data/rois/4026_12692.png,/home/tahiti/MARINE_DATASETS/FathomNet_FGVC2025/data/images/4026.png,fff773d495bf212573674f3f146a93a7f03a1eba5ac9ae25189ffb45ff3de021,d06d62d51d177caff0587fb432f20f5c56b26755510ce89eb02013bfb4010b12,4026,4,train,4
12721,4040,22,Farrea,/home/tahiti/MARINE_DATASETS/FathomNet_FGVC2025/data/rois/4040_12721.png,/home/tahiti/MARINE_DATASETS/FathomNet_FGVC2025/data/images/4040.png,b7cdf37b0a9ba5aa4a9904e7cbdd3a1e9dd8b6c868ddf974fb0fc4889dbf080f,1823d706cabc1f1baaa272c9413f53b1fc186ca58deb4c30be11a6f476db38e4,4040,1,train,1
12731,4046,50,Paelopatides confundens,/home/tahiti/MARINE_DATASETS/FathomNet_FGVC2025/data/rois/4046_12731.png,/home/tahiti/MARINE_DATASETS/FathomNet_FGVC2025/data/images/4046.png,11b702c1ae9c70098ab58f165d7a77de5f53a228a71616348b4c784ac0d5a79c,7bf62c75e954b8bd58240f91ede7a7b6405ec582a0fd5bc0bf248e88d09cea93,4046,4,train,4
12740,4051,19,Crinoidea,/home/tahiti/MARINE_DATASETS/FathomNet_FGVC2025/data/rois/4051_12740.png,/home/tahiti/MARINE_DATASETS/FathomNet_FGVC2025/data/images/4051.png,e4f95f56e47666435ca05ba8bfedc90318507597ad5394f3d98afedb870efe81,23b27a39814552b235f07df76da35df71f7e7f391b2afd3455d259247f65dc2a,4051,2,train,2
12752,4053,17,Chorilia longipes,/home/tahiti/MARINE_DATASETS/FathomNet_FGVC2025/data/rois/4053_12752.png,/home/tahiti/MARINE_DATASETS/FathomNet_FGVC2025/data/images/4053.png,e12bc721a9d910f799e18ee77d73677f86631833edf5b9f1d3d33d9f2d41505e,28c03d091e171ab28c08ca5efa1be06b477ee83754965f4c0ebafae34475ce80,4053,5,train,5
12754,4055,70,Sebastes diploproa,/home/tahiti/MARINE_DATASETS/FathomNet_FGVC2025/data/rois/4055_12754.png,/home/tahiti/MARINE_DATASETS/FathomNet_FGVC2025/data/images/4055.png,45c9d0d9d9d7e6b4ee09e2346e2886ed73be6b5fdf6a7df5e89181f6a2147aec,b0eea4fd316dac3c37a3db7fe017e9158b25df33351a6d63ff6258800bda5818,4055,4,train,4
12756,4056,19,Crinoidea,/home/tahiti/MARINE_DATASETS/FathomNet_FGVC2025/data/rois/4056_12756.png,/home/tahiti/MARINE_DATASETS/FathomNet_FGVC2025/data/images/4056.png,644b57db70594d3740335e8bc267be47b0751a59224df5ab8c2a18df75718ae4,bc3127fe0cc0741e47f99823ef584d87f98a1d3f3974418197eaec3464f36bf8,4056,1,train,1
12757,4057,45,Munnopsidae,/home/tahiti/MARINE_DATASETS/FathomNet_FGVC2025/data/rois/4057_12757.png,/home/tahiti/MARINE_DATASETS/FathomNet_FGVC2025/data/images/4057.png,c20351d4a99f732a7b5a428efe291c8faee923105c507f77446015a697f1854c,c088da9e5136a510fd63a3a0d1496cdd0ed8eb6746dcf584c80b81840b3327cb,4057,5,train,5
12766,4061,33,Hormathiidae,/home/tahiti/MARINE_DATASETS/FathomNet_FGVC2025/data/rois/4061_12766.png,/home/tahiti/MARINE_DATASETS/FathomNet_FGVC2025/data/images/4061.png,9ed0d9486cc48f30f3307280273dcc23cd96ada81ac49e4cf7d873c56fe4a4ec,cb54ce0bd1ad920b7d1556c8a901f3af16b918e7dd942203d6e44449a66ac2e8,4061,0,train,0
12777,4066,17,Chorilia longipes,/home/tahiti/MARINE_DATASETS/FathomNet_FGVC2025/data/rois/4066_12777.png,/home/tahiti/MARINE_DATASETS/FathomNet_FGVC2025/data/images/4066.png,79353faf69b04d0d5d017cc128938d310a5e0b532ec8e68c7d9f48ca83eee2fd,34518e4a68ce0b43dbb975f4cc2488f90d471ee49039624f7c3a76dd4037ce4d,4066,4,train,4
12778,4066,35,Isididae,/home/tahiti/MARINE_DATASETS/FathomNet_FGVC2025/data/rois/4066_12778.png,/home/tahiti/MARINE_DATASETS/FathomNet_FGVC2025/data/images/4066.png,e8b91b28a306dac88d6704f5b2eb818de6028e6f0b550332e8130ec40e9eb8a8,34518e4a68ce0b43dbb975f4cc2488f90d471ee49039624f7c3a76dd4037ce4d,4066,4,train,4
12801,4077,32,Holothuroidea,/home/tahiti/MARINE_DATASETS/FathomNet_FGVC2025/data/rois/4077_12801.png,/home/tahiti/MARINE_DATASETS/FathomNet_FGVC2025/data/images/4077.png,1ebf19e646e65ce8c2ad29991092e30a6d393ed08dd01be95ac68b5105267b5d,cb6da9cf8bf683371fe1bc7a8e9de515393fa4511bbcaaaa7ec9c7e190ee7454,4077,4,train,4
12810,4082,6,Actinopterygii,/home/tahiti/MARINE_DATASETS/FathomNet_FGVC2025/data/rois/4082_12810.png,/home/tahiti/MARINE_DATASETS/FathomNet_FGVC2025/data/images/4082.png,473a2f39a5d146acb9ed86ee8b95f31913042d3431ac5487f9a136896d20a9f6,b34389ac0d66392ae5c8900800e31152acf7ecdab9affba0e649b45b5b37f703,4082,1,train,1
12833,4090,17,Chorilia longipes,/home/tahiti/MARINE_DATASETS/FathomNet_FGVC2025/data/rois/4090_12833.png,/home/tahiti/MARINE_DATASETS/FathomNet_FGVC2025/data/images/4090.png,b3b4c098b96c091fc0d12d494d3108a6e9067dde71301bcfdac005cc4430482c,b1db7608c4c0ae7dd31fb0f14fa3ba914c2bb5cc0dc55ee7cdd4b6e1fad53601,4090,2,train,2
12835,4092,77,Umbellula,/home/tahiti/MARINE_DATASETS/FathomNet_FGVC2025/data/rois/4092_12835.png,/home/tahiti/MARINE_DATASETS/FathomNet_FGVC2025/data/images/4092.png,2e69d650edbbb324ef6e4d04c9d03366f0e8f7ca08180d49a596e3c143500dc7,ba26340f9bfbdb7d3d9ba1c4f3cf683288769e307e74639fecf9f9085a08f0ce,4092,4,train,4
12842,4098,53,Pannychia moseleyi,/home/tahiti/MARINE_DATASETS/FathomNet_FGVC2025/data/rois/4098_12842.png,/home/tahiti/MARINE_DATASETS/FathomNet_FGVC2025/data/images/4098.png,888ee604d72ac75f34bd8e68c935c50eb2fc0560c0dae23f94780b222258755e,8e563808d0c6bfb0f33c90a59b1e6f037e12a3899081b66f73be675fe94a9e1f,4098,4,train,4
12860,4105,69,Sebastes,/home/tahiti/MARINE_DATASETS/FathomNet_FGVC2025/data/rois/4105_12860.png,/home/tahiti/MARINE_DATASETS/FathomNet_FGVC2025/data/images/4105.png,27acf4294bed8ca201a3c0d28003564e578ceca14483abd8cadf4bf177f0b619,c3af34e8bc32e1e3f944fd977b111dd6daee116a048b551402e95c39dc07e0ee,4105,2,train,2
12864,4107,35,Isididae,/home/tahiti/MARINE_DATASETS/FathomNet_FGVC2025/data/rois/4107_12864.png,/home/tahiti/MARINE_DATASETS/FathomNet_FGVC2025/data/images/4107.png,b977ce36579f74c8b7711e0cfd7dccc7b2778c8ac9788deb4093715984118e4e,79d573a83be80c8704b4c9934b5b759c20427199294f9c0ce5fe451be2d890d3,4107,0,train,0
12876,4112,29,Heteropolypus ritteri,/home/tahiti/MARINE_DATASETS/FathomNet_FGVC2025/data/rois/4112_12876.png,/home/tahiti/MARINE_DATASETS/FathomNet_FGVC2025/data/images/4112.png,08efe0d2e1a276f9d8b969707211ca644d42db882b925954e26b5b806c74bc31,b4a0db5a217ce48d80562b09577a6577dd4efbd94bc7711f117ba762270f6164,4112,4,train,4
12915,4125,9,Asbestopluma,/home/tahiti/MARINE_DATASETS/FathomNet_FGVC2025/data/rois/4125_12915.png,/home/tahiti/MARINE_DATASETS/FathomNet_FGVC2025/data/images/4125.png,dd1f429e6ce29c4d7819a5f85bfc963f3a031a6a849e9b9e56995941a9e4d3de,0bc2c543cf4b4c3e85b2af9aed3f8935d16fbe6bd94cbe85f8be459537f2d058,4125,5,train,5
12925,4130,70,Sebastes diploproa,/home/tahiti/MARINE_DATASETS/FathomNet_FGVC2025/data/rois/4130_12925.png,/home/tahiti/MARINE_DATASETS/FathomNet_FGVC2025/data/images/4130.png,89f6fc6c13bb633cf581713a7ae58ec7715b952ac7dac71afa162f2d38160700,e6377528a78d40b7a00b6278adbc57a60e07afcdd0f22f12e08a8351a39b5321,4130,4,train,4
12933,4133,56,Paralomis multispina,/home/tahiti/MARINE_DATASETS/FathomNet_FGVC2025/data/rois/4133_12933.png,/home/tahiti/MARINE_DATASETS/FathomNet_FGVC2025/data/images/4133.png,d5bc4e1323192e60b4f7aaac00c9886dcad5fa656d0387b28905169eaca1868d,10c1d77bdb63831b0eb84329f8145cf394e692fdf6d113e12a7fd46cc31466d3,4133,5,train,5
12969,4150,36,Isosicyonis,/home/tahiti/MARINE_DATASETS/FathomNet_FGVC2025/data/rois/4150_12969.png,/home/tahiti/MARINE_DATASETS/FathomNet_FGVC2025/data/images/4150.png,f66d7b66241d9c0791fef450040277f9212f27459f2cac2ed20f7b589636fcdc,2fcb7738543b88ce068f0656f8c5721d01cf64193aa2eaf959af4cec5b24901b,4150,2,train,2
12989,4158,64,Pyrosoma atlanticum,/home/tahiti/MARINE_DATASETS/FathomNet_FGVC2025/data/rois/4158_12989.png,/home/tahiti/MARINE_DATASETS/FathomNet_FGVC2025/data/images/4158.png,71a8a4f2e1eac5c79c24f576db58682da08a9111c180ca274b179d8fdce1c7cd,89ca747ca15f30c31d8a481a7789c51a40f7400f28f30eda6ddf9b8b618295ca,4158,2,train,2
13035,4177,50,Paelopatides confundens,/home/tahiti/MARINE_DATASETS/FathomNet_FGVC2025/data/rois/4177_13035.png,/home/tahiti/MARINE_DATASETS/FathomNet_FGVC2025/data/images/4177.png,03e61826d673e882b01086002b3e72071385c01f123720f2734742cc24ecc80c,0c2c837f1ec1b932feea54100a7ff66695d2eaeb71ecec5e55b9749aaf3eff6b,4177,4,train,4
13060,4187,19,Crinoidea,/home/tahiti/MARINE_DATASETS/FathomNet_FGVC2025/data/rois/4187_13060.png,/home/tahiti/MARINE_DATASETS/FathomNet_FGVC2025/data/images/4187.png,562e26cdced93238ccb8b81f7ae96ae589987b9c032aabea23a8ca197719ee55,353cbbf7090ee210a0e99f6ea06433ebbaf6ec5908ef2cf18b308c857827f969,4187,0,train,0
13065,4191,32,Holothuroidea,/home/tahiti/MARINE_DATASETS/FathomNet_FGVC2025/data/rois/4191_13065.png,/home/tahiti/MARINE_DATASETS/FathomNet_FGVC2025/data/images/4191.png,b103b10fe8cdba1728bcbe61312b688da48ee07119e3e291f9b57ded57b2f9fd,afa3892cf390c06648312e3b331a14add38b1bde998df768e2bdff6e36f7d21c,4191,2,train,2
13067,4192,31,Hippasteria,/home/tahiti/MARINE_DATASETS/FathomNet_FGVC2025/data/rois/4192_13067.png,/home/tahiti/MARINE_DATASETS/FathomNet_FGVC2025/data/images/4192.png,4db62800417104023428392edbd8d4f375c8dc05a48e886961828cb41d54dec0,5b189c869dc8e9cadaaef772ae1892492699e62b54c473f9252420c9b8da0f75,4192,5,train,5
13077,4194,14,Caridea,/home/tahiti/MARINE_DATASETS/FathomNet_FGVC2025/data/rois/4194_13077.png,/home/tahiti/MARINE_DATASETS/FathomNet_FGVC2025/data/images/4194.png,85a3415a2240b6435f67c33c7641cca955791543c6f7c5e3d1d0ad5fedddca74,92f72df49e7914f9497252a694629420a1b97c9cbadbb0b0982738d1d4b29939,4194,4,train,4
13078,4195,22,Farrea,/home/tahiti/MARINE_DATASETS/FathomNet_FGVC2025/data/rois/4195_13078.png,/home/tahiti/MARINE_DATASETS/FathomNet_FGVC2025/data/images/4195.png,2fdc1714a42d6706bb8a8cd5cb468322acc244d7fbcfe01d9a67434df882fd33,1d4e5df77c27cd43a790064d75c3b148c1c157bdda5d321a0d9196ea552ba6d2,4195,5,train,5
13092,4200,26,Gersemia juliepackardae,/home/tahiti/MARINE_DATASETS/FathomNet_FGVC2025/data/rois/4200_13092.png,/home/tahiti/MARINE_DATASETS/FathomNet_FGVC2025/data/images/4200.png,befa0508d784e54c9a9b073da863af69509cbfb1ee096b0ad088636dfee8fb96,9c6d14630c8ccfa5468294dcef59428bd893212de009e0d42bb9a8308a6630e9,4200,2,train,2
13143,4219,45,Munnopsidae,/home/tahiti/MARINE_DATASETS/FathomNet_FGVC2025/data/rois/4219_13143.png,/home/tahiti/MARINE_DATASETS/FathomNet_FGVC2025/data/images/4219.png,bf5fd07292cdfa0c72dd99055ffe56d52fc059694eed2fdff131aa4f52da7e7a,c11ffcdeabcf56ecf826cf38fcc96bde00843ace3bb1565bf4da6d3b5dac6375,4219,4,train,4
13147,4223,76,Tunicata,/home/tahiti/MARINE_DATASETS/FathomNet_FGVC2025/data/rois/4223_13147.png,/home/tahiti/MARINE_DATASETS/FathomNet_FGVC2025/data/images/4223.png,d1911758c5403abd7dba4c02ed89a28059fdfe5f60ae528fe3b92dbe1aa1e6f1,01ba9bec72ced8bba059fb7c91e6c5d2dbc9a2e470fdc482ebb4fb85a88c84cb,4223,5,train,5
13148,4224,50,Paelopatides confundens,/home/tahiti/MARINE_DATASETS/FathomNet_FGVC2025/data/rois/4224_13148.png,/home/tahiti/MARINE_DATASETS/FathomNet_FGVC2025/data/images/4224.png,8b7bfb46f474c4a013cb688a26cd97481916b25a2bce67314373bb522258ce12,2727bcd9a1dbcfe79127dd80832f4491881ec1834bfbd0219d1d75b3d4cb66fc,4224,2,train,2
13151,4225,66,Scleractinia,/home/tahiti/MARINE_DATASETS/FathomNet_FGVC2025/data/rois/4225_13151.png,/home/tahiti/MARINE_DATASETS/FathomNet_FGVC2025/data/images/4225.png,437fc997d4f9b78bb693377b8eaaf2bed2d58717c0ad243bbe1b14a822f67a81,9bdf01de421b1225f7ea37d2b708c64e79399079d317cbb597279b0750145d81,4225,0,train,0
13154,4225,66,Scleractinia,/home/tahiti/MARINE_DATASETS/FathomNet_FGVC2025/data/rois/4225_13154.png,/home/tahiti/MARINE_DATASETS/FathomNet_FGVC2025/data/images/4225.png,0cd18abe1ae336e8a3b583b32d5b2b7bc8acc2239f05c31f9680aa7e076ba42a,9bdf01de421b1225f7ea37d2b708c64e79399079d317cbb597279b0750145d81,4225,0,train,0
13156,4225,66,Scleractinia,/home/tahiti/MARINE_DATASETS/FathomNet_FGVC2025/data/rois/4225_13156.png,/home/tahiti/MARINE_DATASETS/FathomNet_FGVC2025/data/images/4225.png,d3dc7579d39eb6f5892bd060c2bedd96548cdcdb708e92f69b1d45738ebb6a13,9bdf01de421b1225f7ea37d2b708c64e79399079d317cbb597279b0750145d81,4225,0,train,0
13160,4225,66,Scleractinia,/home/tahiti/MARINE_DATASETS/FathomNet_FGVC2025/data/rois/4225_13160.png,/home/tahiti/MARINE_DATASETS/FathomNet_FGVC2025/data/images/4225.png,11e307032e8035fd7a992c39391872ba1e92b4e50898dd654046f3f47feb9eed,9bdf01de421b1225f7ea37d2b708c64e79399079d317cbb597279b0750145d81,4225,0,train,0
13178,4225,66,Scleractinia,/home/tahiti/MARINE_DATASETS/FathomNet_FGVC2025/data/rois/4225_13178.png,/home/tahiti/MARINE_DATASETS/FathomNet_FGVC2025/data/images/4225.png,c52eafc102dfaa5a8785f417aa79f448dce0cf49b84bc67d745005b8dad0d509,9bdf01de421b1225f7ea37d2b708c64e79399079d317cbb597279b0750145d81,4225,0,train,0
13184,4225,66,Scleractinia,/home/tahiti/MARINE_DATASETS/FathomNet_FGVC2025/data/rois/4225_13184.png,/home/tahiti/MARINE_DATASETS/FathomNet_FGVC2025/data/images/4225.png,3db3eeb47031f5f9caa14fc895162e8665ededeff67a49a037427cdb37be5fa9,9bdf01de421b1225f7ea37d2b708c64e79399079d317cbb597279b0750145d81,4225,0,train,0
13207,4232,64,Pyrosoma atlanticum,/home/tahiti/MARINE_DATASETS/FathomNet_FGVC2025/data/rois/4232_13207.png,/home/tahiti/MARINE_DATASETS/FathomNet_FGVC2025/data/images/4232.png,0e3ab2d65b044adea221fa09e48e7ed283a7d848ef181b47123caaf4d0dd8ef6,b2815b0287b91b3d0e02c42f694a8ddb3394de0f3d00380f7286a4a2bf09b8ca,4232,4,train,4
13209,4232,64,Pyrosoma atlanticum,/home/tahiti/MARINE_DATASETS/FathomNet_FGVC2025/data/rois/4232_13209.png,/home/tahiti/MARINE_DATASETS/FathomNet_FGVC2025/data/images/4232.png,008b39bab5beb7b13b1241a1647fd3b4511fe1c4b5eafe9fb2d4175dbcffa71d,b2815b0287b91b3d0e02c42f694a8ddb3394de0f3d00380f7286a4a2bf09b8ca,4232,4,train,4
13218,4232,64,Pyrosoma atlanticum,/home/tahiti/MARINE_DATASETS/FathomNet_FGVC2025/data/rois/4232_13218.png,/home/tahiti/MARINE_DATASETS/FathomNet_FGVC2025/data/images/4232.png,c79727858a922a652f95fa0e9548325d01e61137d666c38733093cae9e2fbde5,b2815b0287b91b3d0e02c42f694a8ddb3394de0f3d00380f7286a4a2bf09b8ca,4232,4,train,4
13222,4232,64,Pyrosoma atlanticum,/home/tahiti/MARINE_DATASETS/FathomNet_FGVC2025/data/rois/4232_13222.png,/home/tahiti/MARINE_DATASETS/FathomNet_FGVC2025/data/images/4232.png,ba00f6bb0b8a7399a4d74719c5bf8bf80daf93f47742fe7e7dabf1e23cac32d0,b2815b0287b91b3d0e02c42f694a8ddb3394de0f3d00380f7286a4a2bf09b8ca,4232,4,train,4
13227,4232,64,Pyrosoma atlanticum,/home/tahiti/MARINE_DATASETS/FathomNet_FGVC2025/data/rois/4232_13227.png,/home/tahiti/MARINE_DATASETS/FathomNet_FGVC2025/data/images/4232.png,686afac7ae19680286f14eab7d881116a8f4370c6df2031d640c4213769d245a,b2815b0287b91b3d0e02c42f694a8ddb3394de0f3d00380f7286a4a2bf09b8ca,4232,4,train,4
13228,4232,64,Pyrosoma atlanticum,/home/tahiti/MARINE_DATASETS/FathomNet_FGVC2025/data/rois/4232_13228.png,/home/tahiti/MARINE_DATASETS/FathomNet_FGVC2025/data/images/4232.png,cf589ca0ef27fa4a52f5aeb68f4a4fcaa6547812280e7af3bb86314fd790daec,b2815b0287b91b3d0e02c42f694a8ddb3394de0f3d00380f7286a4a2bf09b8ca,4232,4,train,4
13238,4237,17,Chorilia longipes,/home/tahiti/MARINE_DATASETS/FathomNet_FGVC2025/data/rois/4237_13238.png,/home/tahiti/MARINE_DATASETS/FathomNet_FGVC2025/data/images/4237.png,faa04931935e79ce4fb65e35e69a5d1594c82339ce89c36e8289edb6646cb3b5,8281c32fa8d6e7afcc62be826da767bcd58f99afba72ba70030ac5153bd1c07c,4237,4,train,4
13253,4243,40,Mediaster aequalis,/home/tahiti/MARINE_DATASETS/FathomNet_FGVC2025/data/rois/4243_13253.png,/home/tahiti/MARINE_DATASETS/FathomNet_FGVC2025/data/images/4243.png,9fee6dcfb35fc40a1660a9ba99e82ec8b875c222982a3167f485b90290b2b356,8cbd5ae0bb1cd616f2aef2d98bb515580a364331fd70e4f886084033fb99b025,4243,2,train,2
13256,4246,4,Actinernus,/home/tahiti/MARINE_DATASETS/FathomNet_FGVC2025/data/rois/4246_13256.png,/home/tahiti/MARINE_DATASETS/FathomNet_FGVC2025/data/images/4246.png,0839b3036e3f2b0e79561ca293231af111887d2a75fc3e723294a804b1b7c032,59115f934f165c1b4a598f8025420529f74b54b20ae92993c3e8f8dc387f246e,4246,2,train,2
13266,4250,13,Brisingida,/home/tahiti/MARINE_DATASETS/FathomNet_FGVC2025/data/rois/4250_13266.png,/home/tahiti/MARINE_DATASETS/FathomNet_FGVC2025/data/images/4250.png,86cc113d9aba84c32a17f37dd4e44369953d316606a657a160b20184d6d4c795,19148c18625dc03f0c8d4645a1dd74e0f8aaa7a81edb44433f558d3ad537bf38,4250,2,train,2
13269,4252,1,Abyssocucumis abyssorum,/home/tahiti/MARINE_DATASETS/FathomNet_FGVC2025/data/rois/4252_13269.png,/home/tahiti/MARINE_DATASETS/FathomNet_FGVC2025/data/images/4252.png,7d640f6c9a45788209b4cb6a89f572ea33d400f0bf8ed59f0d48b5258e81daea,918a80bcaaff859239a138a9115bb5fb8edb6c1c4b5058546b9fae5f98e5d927,4252,4,train,4
13275,4254,50,Paelopatides confundens,/home/tahiti/MARINE_DATASETS/FathomNet_FGVC2025/data/rois/4254_13275.png,/home/tahiti/MARINE_DATASETS/FathomNet_FGVC2025/data/images/4254.png,8a890a0c6319dd0b7c19916ababff6b3c783acbd9737e75b0a4b32d39b2fa5b1,7937fdff1f92afb5617ece0e2438c7949078e8e72cb01ff12a35e141ad8bd4d1,4254,5,train,5
13297,4263,38,Liponema brevicorne,/home/tahiti/MARINE_DATASETS/FathomNet_FGVC2025/data/rois/4263_13297.png,/home/tahiti/MARINE_DATASETS/FathomNet_FGVC2025/data/images/4263.png,7bd1c83f65d07f2e8d9607b977a037ddc182443b1f8a3e9c113fb3c91b0a9bd5,3520fb42159accc97ded0b03940dfe578087f8a5b6eba817595e16b43f3e887c,4263,2,train,2
13315,4271,69,Sebastes,/home/tahiti/MARINE_DATASETS/FathomNet_FGVC2025/data/rois/4271_13315.png,/home/tahiti/MARINE_DATASETS/FathomNet_FGVC2025/data/images/4271.png,2be3f5dc634a0e9c7ae5bf2f4590ebc8a2510fdb3bc7eb52093f7a3d99e0cebc,65513f22491ecf156b92ee630ebb541e89e4e93551b975182d620bbe85f49418,4271,4,train,4
13323,4273,56,Paralomis multispina,/home/tahiti/MARINE_DATASETS/FathomNet_FGVC2025/data/rois/4273_13323.png,/home/tahiti/MARINE_DATASETS/FathomNet_FGVC2025/data/images/4273.png,17e426043ab7843af4d6f92713104b24aa3c280b4d4f3f3f2bc890da9fb4d0f3,dacb6aa50d775910fcce0c75415aad6eef3ef5126bbccd49515b5b40856fe116,4273,4,train,4
13327,4273,56,Paralomis multispina,/home/tahiti/MARINE_DATASETS/FathomNet_FGVC2025/data/rois/4273_13327.png,/home/tahiti/MARINE_DATASETS/FathomNet_FGVC2025/data/images/4273.png,24a46b941374ac4e69807f6a9ce58e96e67d0600753cbddb8a8e9cc3f6f12664,dacb6aa50d775910fcce0c75415aad6eef3ef5126bbccd49515b5b40856fe116,4273,4,train,4
13345,4280,31,Hippasteria,/home/tahiti/MARINE_DATASETS/FathomNet_FGVC2025/data/rois/4280_13345.png,/home/tahiti/MARINE_DATASETS/FathomNet_FGVC2025/data/images/4280.png,a37621f275fed8ab6926d8e0c8dbd09f6e628d9dcdaa44cfb2d8b42173bc8326,d03142c9585f52eeb988581cf21c7d5786f9092b6f8e76a7f50266b143ba310b,4280,0,train,0
13383,4294,79,Zoantharia,/home/tahiti/MARINE_DATASETS/FathomNet_FGVC2025/data/rois/4294_13383.png,/home/tahiti/MARINE_DATASETS/FathomNet_FGVC2025/data/images/4294.png,db7b78c0b15120656fb17060688d2e74ffb780a1bba4f774de492594cd43d59a,c407525074ad8a08c1be997ca4cfde4c870dc3f21e2a4c305f0c1839810f6dd5,4294,1,train,1
13385,4296,23,Florometra serratissima,/home/tahiti/MARINE_DATASETS/FathomNet_FGVC2025/data/rois/4296_13385.png,/home/tahiti/MARINE_DATASETS/FathomNet_FGVC2025/data/images/4296.png,2892eb251494412a63fd26239f6709f0a51c72c66f49e2d48cba05d03cf73f3d,95a0d6b2bee4e5a26cf33899969e5747cd0c661eec2dc0e5e1c833b46aeba0dc,4296,4,train,4
13388,4297,45,Munnopsidae,/home/tahiti/MARINE_DATASETS/FathomNet_FGVC2025/data/rois/4297_13388.png,/home/tahiti/MARINE_DATASETS/FathomNet_FGVC2025/data/images/4297.png,9efc6069618706185794bc12c8c479f0595d10bd95b737140081010481ec7633,1cf401389b81b4852938cfc03e729043fe126c6fd412790903d23ecbf7a7a2bb,4297,1,train,1
13432,4321,35,Isididae,/home/tahiti/MARINE_DATASETS/FathomNet_FGVC2025/data/rois/4321_13432.png,/home/tahiti/MARINE_DATASETS/FathomNet_FGVC2025/data/images/4321.png,9ebdf6917fedf4c7c7f9270e80cfbd25f3935d52deb9a1accd24615f6730f4b1,c5badae280632cb389c843fb80c38b12e4f0d63a8d9c154de67b72c8076cf47a,4321,2,train,2
13458,4337,45,Munnopsidae,/home/tahiti/MARINE_DATASETS/FathomNet_FGVC2025/data/rois/4337_13458.png,/home/tahiti/MARINE_DATASETS/FathomNet_FGVC2025/data/images/4337.png,171a0c07889f998b715c26f8f24b05f1adc3747597b77d658839cd4aaf6dca2b,d2510cac3ec0e055fd0af5ff28019115e9b3acdfa1b1805455e7fe9f7e05d7bd,4337,0,train,0
13462,4340,78,Vesicomyidae,/home/tahiti/MARINE_DATASETS/FathomNet_FGVC2025/data/rois/4340_13462.png,/home/tahiti/MARINE_DATASETS/FathomNet_FGVC2025/data/images/4340.png,3fa853bb5fbf59042578e666b7a61c85b11a57d9435d975c3b5b2bf0b3c5ac38,84d2d4d29bcade133f72b3f9a02c36a2f61973e87b2de3c3953fb0092259942e,4340,1,train,1
13485,4344,26,Gersemia juliepackardae,/home/tahiti/MARINE_DATASETS/FathomNet_FGVC2025/data/rois/4344_13485.png,/home/tahiti/MARINE_DATASETS/FathomNet_FGVC2025/data/images/4344.png,0ae95ae512b1ad1fbf255e16d0c77867e25e13a673bf11628a48730a6f071af4,ec530f1a3ae7163f073dce4a77b785d3dfe1bd767d9c81c93aec5ef21838db9d,4344,0,train,0
13499,4351,63,Ptychogastria polaris,/home/tahiti/MARINE_DATASETS/FathomNet_FGVC2025/data/rois/4351_13499.png,/home/tahiti/MARINE_DATASETS/FathomNet_FGVC2025/data/images/4351.png,97009f7ddfa8b9cab349a753bb54c9565f843f8452724477c181f3b8de5f3815,e1951483b15cb71d2c11031027270456bdc7cd2602dd41c57084851d9f36dbce,4351,2,train,2
13511,4351,63,Ptychogastria polaris,/home/tahiti/MARINE_DATASETS/FathomNet_FGVC2025/data/rois/4351_13511.png,/home/tahiti/MARINE_DATASETS/FathomNet_FGVC2025/data/images/4351.png,ea4fec680e4a2a576827e1b7b67c7d0afff2a1f828d296e460f90252be6f24ec,e1951483b15cb71d2c11031027270456bdc7cd2602dd41c57084851d9f36dbce,4351,2,train,2
13512,4351,63,Ptychogastria polaris,/home/tahiti/MARINE_DATASETS/FathomNet_FGVC2025/data/rois/4351_13512.png,/home/tahiti/MARINE_DATASETS/FathomNet_FGVC2025/data/images/4351.png,02797d48a09525a15a98879399b7dad720f492cdd757258e2e07f6313e2527b4,e1951483b15cb71d2c11031027270456bdc7cd2602dd41c57084851d9f36dbce,4351,2,train,2
13544,4364,14,Caridea,/home/tahiti/MARINE_DATASETS/FathomNet_FGVC2025/data/rois/4364_13544.png,/home/tahiti/MARINE_DATASETS/FathomNet_FGVC2025/data/images/4364.png,7457bd439f035349b451a6a8dc0b6f2502261f10c124700dfecc862c90cabd1a,e202f9ed1d7c294d7ce901e049c17a3c7deebf77805b8e2cfc71943f04499d1f,4364,1,train,1
13552,4370,29,Heteropolypus ritteri,/home/tahiti/MARINE_DATASETS/FathomNet_FGVC2025/data/rois/4370_13552.png,/home/tahiti/MARINE_DATASETS/FathomNet_FGVC2025/data/images/4370.png,a64ef6b3c615c3b99efa05b71cdcbfa0e55adea6768d26f3d7099a38386f7cac,44a368ceaeba8647b4e5ac1f62144d4e48a051047811e1744b73c84185733205,4370,5,train,5
13555,4370,10,Asbestopluma monticola,/home/tahiti/MARINE_DATASETS/FathomNet_FGVC2025/data/rois/4370_13555.png,/home/tahiti/MARINE_DATASETS/FathomNet_FGVC2025/data/images/4370.png,58e4806a4ec28b2eef7170196d20c555ab555f4257a6858a08f43e25c3c1b059,44a368ceaeba8647b4e5ac1f62144d4e48a051047811e1744b73c84185733205,4370,5,train,5
13557,4371,10,Asbestopluma monticola,/home/tahiti/MARINE_DATASETS/FathomNet_FGVC2025/data/rois/4371_13557.png,/home/tahiti/MARINE_DATASETS/FathomNet_FGVC2025/data/images/4371.png,05639d029638c43397cd4f134cb292b8af0941e1c4f9322fad87f50f638da06d,e7ab79d0eb1d1dbe649e11064e70df91632d084d4af681a75bd07cb9a2dd3627,4371,2,train,2
13563,4371,51,Pandalus amplus,/home/tahiti/MARINE_DATASETS/FathomNet_FGVC2025/data/rois/4371_13563.png,/home/tahiti/MARINE_DATASETS/FathomNet_FGVC2025/data/images/4371.png,54e583754c928bc1b866e0035c805f3e1a6a0c44c14a134408c860826d456eba,e7ab79d0eb1d1dbe649e11064e70df91632d084d4af681a75bd07cb9a2dd3627,4371,2,train,2
13564,4371,10,Asbestopluma monticola,/home/tahiti/MARINE_DATASETS/FathomNet_FGVC2025/data/rois/4371_13564.png,/home/tahiti/MARINE_DATASETS/FathomNet_FGVC2025/data/images/4371.png,bbf72a5ff37d5db50482d6b9de5b5004ff3fb46f8987aa0d593cc9e11d98e0bf,e7ab79d0eb1d1dbe649e11064e70df91632d084d4af681a75bd07cb9a2dd3627,4371,2,train,2
13569,4371,10,Asbestopluma monticola,/home/tahiti/MARINE_DATASETS/FathomNet_FGVC2025/data/rois/4371_13569.png,/home/tahiti/MARINE_DATASETS/FathomNet_FGVC2025/data/images/4371.png,c8f5990e91c489f3cda96eef3880a353eca71ef11c85585304627182e6942ffb,e7ab79d0eb1d1dbe649e11064e70df91632d084d4af681a75bd07cb9a2dd3627,4371,2,train,2
13575,4371,10,Asbestopluma monticola,/home/tahiti/MARINE_DATASETS/FathomNet_FGVC2025/data/rois/4371_13575.png,/home/tahiti/MARINE_DATASETS/FathomNet_FGVC2025/data/images/4371.png,7e8dcb3df7fcc2d7ad334b5623291970348d007f59c7cbafc977ea92db644f0f,e7ab79d0eb1d1dbe649e11064e70df91632d084d4af681a75bd07cb9a2dd3627,4371,2,train,2
13581,4371,10,Asbestopluma monticola,/home/tahiti/MARINE_DATASETS/FathomNet_FGVC2025/data/rois/4371_13581.png,/home/tahiti/MARINE_DATASETS/FathomNet_FGVC2025/data/images/4371.png,4f65f1f34479660bec4868f9f09e72c46a5336af7eb3499329db79a08485ff65,e7ab79d0eb1d1dbe649e11064e70df91632d084d4af681a75bd07cb9a2dd3627,4371,2,train,2
13590,4373,27,Heterocarpus,/home/tahiti/MARINE_DATASETS/FathomNet_FGVC2025/data/rois/4373_13590.png,/home/tahiti/MARINE_DATASETS/FathomNet_FGVC2025/data/images/4373.png,4ea76d912165c916d24266347db251d318d11e8aa16da2d73bfa2a135c916c40,7ee9f4344d4afd7fdac117910b10735b19c06afe05a5b38a7ff323651a22c98a,4373,1,train,1
13617,4390,36,Isosicyonis,/home/tahiti/MARINE_DATASETS/FathomNet_FGVC2025/data/rois/4390_13617.png,/home/tahiti/MARINE_DATASETS/FathomNet_FGVC2025/data/images/4390.png,bf7ca417f9a3fa6913810bb8533aa1cb1a4ff456167b4399df17c04e8c841b4c,26aa847ac8ec073c41b2c4b1a143260348f6e7d37a37b93a2c74c0cca89b016b,4390,0,train,0
13637,4402,76,Tunicata,/home/tahiti/MARINE_DATASETS/FathomNet_FGVC2025/data/rois/4402_13637.png,/home/tahiti/MARINE_DATASETS/FathomNet_FGVC2025/data/images/4402.png,9476bc8aa39d5b60686a9526f58b31c00b548b53099d6614d9bd4ec2736dde3f,a8da9807d6e83464c0cd87dcdffcb473e1fe0418e5224cd1c4c4a4d91c1d1caf,4402,2,train,2
13653,4409,14,Caridea,/home/tahiti/MARINE_DATASETS/FathomNet_FGVC2025/data/rois/4409_13653.png,/home/tahiti/MARINE_DATASETS/FathomNet_FGVC2025/data/images/4409.png,64a4d9ff2e753df053f10811753d171aa312265a091d539580837f88f1e7c44e,49f06ca074755ae6b25f2c6e76195ae12a869b90a4b212a52f21060fd80d4a70,4409,1,train,1
13663,4414,43,Microstomus pacificus,/home/tahiti/MARINE_DATASETS/FathomNet_FGVC2025/data/rois/4414_13663.png,/home/tahiti/MARINE_DATASETS/FathomNet_FGVC2025/data/images/4414.png,72b52ceffcd1a8295d729dec15cfa2a1ef5ad0974d86fe0447b85397fffdae3d,3ae210698d90097c308c1656e7ccc3ff6abed0ae47b68dd7c1e6b8c982d11d72,4414,2,train,2
13740,4444,10,Asbestopluma monticola,/home/tahiti/MARINE_DATASETS/FathomNet_FGVC2025/data/rois/4444_13740.png,/home/tahiti/MARINE_DATASETS/FathomNet_FGVC2025/data/images/4444.png,a0c4667c25327c0770e5bd093cbb6b677939fddd977611cc580e33e70777db3d,23a269ab326b985cf0cb6d8bdc326efe96803d610237ff77cf7a849515e2a3b2,4444,2,train,2
13761,4449,17,Chorilia longipes,/home/tahiti/MARINE_DATASETS/FathomNet_FGVC2025/data/rois/4449_13761.png,/home/tahiti/MARINE_DATASETS/FathomNet_FGVC2025/data/images/4449.png,df213d9da462357013fe135d40e5525c99c35ccf41f7a08f0ea9ab491e6678a4,171f108f343ffee7916301b2f9d5777d71fabc3f39b4fee8a125c477f9fb2366,4449,1,train,1
13765,4449,2,Acanthascinae,/home/tahiti/MARINE_DATASETS/FathomNet_FGVC2025/data/rois/4449_13765.png,/home/tahiti/MARINE_DATASETS/FathomNet_FGVC2025/data/images/4449.png,6e960bead03aa9812f27cfa9cba4fb4220496688b42ab6bc2abb08b336062025,171f108f343ffee7916301b2f9d5777d71fabc3f39b4fee8a125c477f9fb2366,4449,1,train,1
13772,4452,17,Chorilia longipes,/home/tahiti/MARINE_DATASETS/FathomNet_FGVC2025/data/rois/4452_13772.png,/home/tahiti/MARINE_DATASETS/FathomNet_FGVC2025/data/images/4452.png,6302d542e9c9c27df8d613773b3776051892d32011207aa06b2bd9bfe88e7dfc,6ee6def20bdfc1517f11edaee511c917373e6d0217a93f80af48a5245df94020,4452,4,train,4
13799,4462,36,Isosicyonis,/home/tahiti/MARINE_DATASETS/FathomNet_FGVC2025/data/rois/4462_13799.png,/home/tahiti/MARINE_DATASETS/FathomNet_FGVC2025/data/images/4462.png,e6cd378cd8bb32985b09f4a8b3fcbc5f69cd3b0b0e15ce6d2832ccc77ba233f3,814fca37874b1d715a671e30853c02c0c1b4a63eb51a223399de9e2a1f60de69,4462,0,train,0
13804,4465,22,Farrea,/home/tahiti/MARINE_DATASETS/FathomNet_FGVC2025/data/rois/4465_13804.png,/home/tahiti/MARINE_DATASETS/FathomNet_FGVC2025/data/images/4465.png,112d8f5a1a54c4357d2660102c00ec017d86f583cd5be2153da47eb8ebd1e768,c9db90d793a6cd79b4a0ef16050339dfcdfee51190aa47c0810a99fe4d580f06,4465,2,train,2
13816,4470,29,Heteropolypus ritteri,/home/tahiti/MARINE_DATASETS/FathomNet_FGVC2025/data/rois/4470_13816.png,/home/tahiti/MARINE_DATASETS/FathomNet_FGVC2025/data/images/4470.png,25fd88c63bdbf5804bcfe713b9de77e5048633857b1c46e050744354811e0744,2795f22c34922f3dffb49915c1e63bea44d3083df74749aae86fbbe13f602daa,4470,2,train,2
13827,4475,14,Caridea,/home/tahiti/MARINE_DATASETS/FathomNet_FGVC2025/data/rois/4475_13827.png,/home/tahiti/MARINE_DATASETS/FathomNet_FGVC2025/data/images/4475.png,eee937f6668825862b9ba3fe90737c4d35ff6bfb526e9456b3b57ee8e21c0f7e,6751ff5f3984b7941bdf42a3db2c2b6b824bcd6f1a90b7d58ac25c5bad013270,4475,5,train,5
13834,4477,24,Funiculina,/home/tahiti/MARINE_DATASETS/FathomNet_FGVC2025/data/rois/4477_13834.png,/home/tahiti/MARINE_DATASETS/FathomNet_FGVC2025/data/images/4477.png,5310273dd54896d23dbb5f762324c0468b2153ef9c756be97be4499dcbe8b37f,eeded923a0c221a3f79f7c8bc7c1cbcbef805645218b91093fcca667d3bfe1d1,4477,4,train,4
13838,4480,8,Apostichopus leukothele,/home/tahiti/MARINE_DATASETS/FathomNet_FGVC2025/data/rois/4480_13838.png,/home/tahiti/MARINE_DATASETS/FathomNet_FGVC2025/data/images/4480.png,a27370d26a90f164555b8226aa56b761860b1c1770f18d926a3a99130e4e8256,474910f8552f8bdea6d89aaf1ea729212c0440115ff42f8fd588fdce30856652,4480,4,train,4
13850,4483,22,Farrea,/home/tahiti/MARINE_DATASETS/FathomNet_FGVC2025/data/rois/4483_13850.png,/home/tahiti/MARINE_DATASETS/FathomNet_FGVC2025/data/images/4483.png,8c71c44ddca0eef6d0ab0defd7c9bd36fc8cf89afd0b5dd41dc0618298b46173,d48d2d0a456f3378c6c7563e9569f59310fea56fbe84e3852291002615c5ad4f,4483,2,train,2
13866,4494,75,Terebellidae,/home/tahiti/MARINE_DATASETS/FathomNet_FGVC2025/data/rois/4494_13866.png,/home/tahiti/MARINE_DATASETS/FathomNet_FGVC2025/data/images/4494.png,3ce35e6bbb9d6113c37b1bf9ef2aadb7616a6925ae17fd73ba04fcab8bac3bfe,8d17faa7466e46dedf0435f53d9ac6bb6ccc1a1ce6a098ac7e7c58c84081d152,4494,1,train,1
13879,4500,42,Metridium farcimen,/home/tahiti/MARINE_DATASETS/FathomNet_FGVC2025/data/rois/4500_13879.png,/home/tahiti/MARINE_DATASETS/FathomNet_FGVC2025/data/images/4500.png,8f71e0bb45e410cd5edfb51a90b9f796a10eb353be5b558d105b503d6df07531,486a8e7ba5010224d3d9f4e9fab7a6416b640fba72ffacaf5c343b2a754c6f79,4500,0,train,0
13887,4504,48,Ophiacanthidae,/home/tahiti/MARINE_DATASETS/FathomNet_FGVC2025/data/rois/4504_13887.png,/home/tahiti/MARINE_DATASETS/FathomNet_FGVC2025/data/images/4504.png,8486eddafa3511e8cc835521d9eedc25b56fbce5bd26df3d12fcc8ba2922113e,473685126035f6186f453907adf128a0aae3ce49fcf7c7783b4fe468ab7a44e1,4504,0,train,0
13897,4509,2,Acanthascinae,/home/tahiti/MARINE_DATASETS/FathomNet_FGVC2025/data/rois/4509_13897.png,/home/tahiti/MARINE_DATASETS/FathomNet_FGVC2025/data/images/4509.png,372fd71e87bd6f2cb1ecbe0707bc4fb068323eb9b1a9325478ce4085b0d472f0,cfda69feb64fd05fe9bc9b06545994c63a004c734b256624c58c0aea5ccad2e8,4509,2,train,2
13898,4509,51,Pandalus amplus,/home/tahiti/MARINE_DATASETS/FathomNet_FGVC2025/data/rois/4509_13898.png,/home/tahiti/MARINE_DATASETS/FathomNet_FGVC2025/data/images/4509.png,12a47bce303172420c823def7b3732df7e36eda160be9cc1d37a6059e7b91bb0,cfda69feb64fd05fe9bc9b06545994c63a004c734b256624c58c0aea5ccad2e8,4509,2,train,2
13915,4518,21,Elpidia,/home/tahiti/MARINE_DATASETS/FathomNet_FGVC2025/data/rois/4518_13915.png,/home/tahiti/MARINE_DATASETS/FathomNet_FGVC2025/data/images/4518.png,28557f0cd4f3f15995d163b3df666ce1b59331801dfb5c7a07f1a3fc31bdac28,8e11abcc03f395bccd78b5fdb1feeeb1e84509cf3fe9315fb9c473b70754b9c9,4518,1,train,1
13928,4524,31,Hippasteria,/home/tahiti/MARINE_DATASETS/FathomNet_FGVC2025/data/rois/4524_13928.png,/home/tahiti/MARINE_DATASETS/FathomNet_FGVC2025/data/images/4524.png,ebd5eda2fa42fc1c493e4293a6e8e62666513642a00f414cc02a6528675117e3,1daae8ca5ff1b8c08465a84f50db42eb940bd8f7eced1724ac1a059b3bb3ea9f,4524,4,train,4
13935,4526,76,Tunicata,/home/tahiti/MARINE_DATASETS/FathomNet_FGVC2025/data/rois/4526_13935.png,/home/tahiti/MARINE_DATASETS/FathomNet_FGVC2025/data/images/4526.png,91058727ed496a9ea16468e46f73cbf38448fb73650bfe8cf6e7dc8fb02dc9ef,0d240ff55fffe14b3fd045be8a5e89f6f7a3f81c8dc3c2166c0f1d66dc6657e7,4526,5,train,5
13958,4531,26,Gersemia juliepackardae,/home/tahiti/MARINE_DATASETS/FathomNet_FGVC2025/data/rois/4531_13958.png,/home/tahiti/MARINE_DATASETS/FathomNet_FGVC2025/data/images/4531.png,05c87bd9da612f6835e4ff7019c8bf017b555b02018748b1c541758e43a41e57,9284750b0adf76ba9b89753bf0d894817c9180427f6470dd0b27a9793b4d85c4,4531,5,train,5
13973,4537,50,Paelopatides confundens,/home/tahiti/MARINE_DATASETS/FathomNet_FGVC2025/data/rois/4537_13973.png,/home/tahiti/MARINE_DATASETS/FathomNet_FGVC2025/data/images/4537.png,c5722bd19f831f413c632cbf9198498fee1ccaf9fed226981624a432734b14d8,e274f6464195e13561cb494e932526ed59b5905ddfc2b13edc71d4ea2dcf17d6,4537,1,train,1
13979,4540,22,Farrea,/home/tahiti/MARINE_DATASETS/FathomNet_FGVC2025/data/rois/4540_13979.png,/home/tahiti/MARINE_DATASETS/FathomNet_FGVC2025/data/images/4540.png,2586c08e8f3b7ce198243a916364c7a27e08f3e309fedb963db91f0c6ea44885,a4a7ba3bd2df3b6dcffd47ef7dad93d100e7b61e6fd12a8f68b1f0138a647406,4540,0,train,0
14008,4551,66,Scleractinia,/home/tahiti/MARINE_DATASETS/FathomNet_FGVC2025/data/rois/4551_14008.png,/home/tahiti/MARINE_DATASETS/FathomNet_FGVC2025/data/images/4551.png,15c823a8ce99d9c4801c0d09128e45a5d7604ca40c240934523ac35eeea7649e,de60d3b1e9ac0645dcc4d09df41a29e3c7935ebec546135fa9404bdfaae8d16d,4551,5,train,5
14020,4553,25,Gastropoda,/home/tahiti/MARINE_DATASETS/FathomNet_FGVC2025/data/rois/4553_14020.png,/home/tahiti/MARINE_DATASETS/FathomNet_FGVC2025/data/images/4553.png,438dbdd1adb4658073e400e7f97c419886e631fcfca032b30fe12763f6f07ef5,ab475c24acfe8aa87e5b9417f684d0d223fae87eafcbe223a5d69b3871d14063,4553,5,train,5
14031,4555,51,Pandalus amplus,/home/tahiti/MARINE_DATASETS/FathomNet_FGVC2025/data/rois/4555_14031.png,/home/tahiti/MARINE_DATASETS/FathomNet_FGVC2025/data/images/4555.png,bb6821d8c3ddc60a0e8b7ee98ee680e2a9322d999755d18638dc153cd13f2bd4,afefc544c73b13a6771dfc51bb9c5eb06b1289e3c25c9df43a1205fd9449564e,4555,1,train,1
14032,4555,33,Hormathiidae,/home/tahiti/MARINE_DATASETS/FathomNet_FGVC2025/data/rois/4555_14032.png,/home/tahiti/MARINE_DATASETS/FathomNet_FGVC2025/data/images/4555.png,f7f4f0f2f53a4d5a84514a91240eb5358cebe8ddf7f7107dbd5de0247631dd46,afefc544c73b13a6771dfc51bb9c5eb06b1289e3c25c9df43a1205fd9449564e,4555,1,train,1
14050,4560,54,Paragorgia,/home/tahiti/MARINE_DATASETS/FathomNet_FGVC2025/data/rois/4560_14050.png,/home/tahiti/MARINE_DATASETS/FathomNet_FGVC2025/data/images/4560.png,161a919ffeffd486daf65a46fe55da79f38a27117eed0859051f42b41c277544,68abbf076b868ab84c1a7ac1efc3e6e8a74e4342f415136fdd97492b0aa5073a,4560,1,train,1
14051,4560,54,Paragorgia,/home/tahiti/MARINE_DATASETS/FathomNet_FGVC2025/data/rois/4560_14051.png,/home/tahiti/MARINE_DATASETS/FathomNet_FGVC2025/data/images/4560.png,19549a33575ab88400f0aecbb0564d943c29078ea809fd73196e91b874e62807,68abbf076b868ab84c1a7ac1efc3e6e8a74e4342f415136fdd97492b0aa5073a,4560,1,train,1
14065,4564,50,Paelopatides confundens,/home/tahiti/MARINE_DATASETS/FathomNet_FGVC2025/data/rois/4564_14065.png,/home/tahiti/MARINE_DATASETS/FathomNet_FGVC2025/data/images/4564.png,3f4e88286b83fdf01053208261d55197c7ae2954ebae5bff1ef5a4ea6e8e4477,4703e159fba3d2e83b2cd0e5578f2e5fee1977e0d3da867787b641865a6f4e63,4564,5,train,5
14077,4567,22,Farrea,/home/tahiti/MARINE_DATASETS/FathomNet_FGVC2025/data/rois/4567_14077.png,/home/tahiti/MARINE_DATASETS/FathomNet_FGVC2025/data/images/4567.png,5a79412279fa3bb736362aa9ee993d322fccc2779804afffbede868bfef72b5d,68a2b012480630bbaf57fa59e4bc806b5136335025793586313aef6b9430dbe1,4567,0,train,0
14084,4568,21,Elpidia,/home/tahiti/MARINE_DATASETS/FathomNet_FGVC2025/data/rois/4568_14084.png,/home/tahiti/MARINE_DATASETS/FathomNet_FGVC2025/data/images/4568.png,e3b633eec843a8b89ba0ea426c732d8ca32756b95f522fddedc49461034f2ae1,0fd9226d21f91c4034994f09df4befcb5c4a126546fd1fd67f91784b7623f597,4568,5,train,5
14085,4568,1,Abyssocucumis abyssorum,/home/tahiti/MARINE_DATASETS/FathomNet_FGVC2025/data/rois/4568_14085.png,/home/tahiti/MARINE_DATASETS/FathomNet_FGVC2025/data/images/4568.png,8aa644696e5133c480a6fcb8b596232462397c8d7aa56c1280f236e3967144da,0fd9226d21f91c4034994f09df4befcb5c4a126546fd1fd67f91784b7623f597,4568,5,train,5
14115,4587,25,Gastropoda,/home/tahiti/MARINE_DATASETS/FathomNet_FGVC2025/data/rois/4587_14115.png,/home/tahiti/MARINE_DATASETS/FathomNet_FGVC2025/data/images/4587.png,d1690976a05c450bf04f2de8e1b8815a7c2f0c4f15c8f60f0f1cc324f49f1ede,2a67fa48996e76aaa0c1cbb41fa2800bd1261f503b47ba9257532e8601c659dd,4587,0,train,0
14124,4588,33,Hormathiidae,/home/tahiti/MARINE_DATASETS/FathomNet_FGVC2025/data/rois/4588_14124.png,/home/tahiti/MARINE_DATASETS/FathomNet_FGVC2025/data/images/4588.png,8c38ef1dad6fa98c11947c572977ca79c94b97afc859a38523eaddeb20101203,80036f860d3c7fb75ca6e9b90ca40b01657a45cb450d09e19cc3e19c7f0ba079,4588,5,train,5
14131,4590,56,Paralomis multispina,/home/tahiti/MARINE_DATASETS/FathomNet_FGVC2025/data/rois/4590_14131.png,/home/tahiti/MARINE_DATASETS/FathomNet_FGVC2025/data/images/4590.png,e7f6dac9a2fbb9869df8f3a89428a39f73c19e540791b529819352f3191be898,68576a1aa9e8c8e901da1c31f637194487c5e6bedd822264d9d15f0944197328,4590,1,train,1
14144,4597,56,Paralomis multispina,/home/tahiti/MARINE_DATASETS/FathomNet_FGVC2025/data/rois/4597_14144.png,/home/tahiti/MARINE_DATASETS/FathomNet_FGVC2025/data/images/4597.png,10fa5ff2b5148b4bb2b903edca1d12457eb3195eb1a247d4afffeae51c9bc4ae,e2aea4f8a7108cb60df53f153b58da9ec664b8811f1872530862770a5d55c25c,4597,4,train,4
14149,4599,36,Isosicyonis,/home/tahiti/MARINE_DATASETS/FathomNet_FGVC2025/data/rois/4599_14149.png,/home/tahiti/MARINE_DATASETS/FathomNet_FGVC2025/data/images/4599.png,d2da9abca472051f78bde41e784ac8c1aa4ebc47f505d0277a7a84cfbc18ebc1,c59f0108b7bf1866397e1e87f56145039cde74e28d2df02761587cefd6073281,4599,1,train,1
14173,4604,18,Corallimorphus pilatus,/home/tahiti/MARINE_DATASETS/FathomNet_FGVC2025/data/rois/4604_14173.png,/home/tahiti/MARINE_DATASETS/FathomNet_FGVC2025/data/images/4604.png,fbe2dc644db5d14ff8efa9a334e3f515600f5953f4956413b27d40b11aaaaee3,a0c87596bca503524cb9efe60f89a2a1e0e40f05e4ec7400090031a43c0450e2,4604,1,train,1
14177,4604,18,Corallimorphus pilatus,/home/tahiti/MARINE_DATASETS/FathomNet_FGVC2025/data/rois/4604_14177.png,/home/tahiti/MARINE_DATASETS/FathomNet_FGVC2025/data/images/4604.png,846111456b1740f28bc6228391f90d5376fc915a1b1ff6543a9829a330485b45,a0c87596bca503524cb9efe60f89a2a1e0e40f05e4ec7400090031a43c0450e2,4604,1,train,1
14209,4613,43,Microstomus pacificus,/home/tahiti/MARINE_DATASETS/FathomNet_FGVC2025/data/rois/4613_14209.png,/home/tahiti/MARINE_DATASETS/FathomNet_FGVC2025/data/images/4613.png,800ab9f57793cfe0555456ca62041e70681b592e64726c893fab9b9727797cc9,b2ddf055d5b4e5e88feceedaf539bf361dbb7a771e5f691e29d5c938e76457f4,4613,2,train,2
14219,4620,69,Sebastes,/home/tahiti/MARINE_DATASETS/FathomNet_FGVC2025/data/rois/4620_14219.png,/home/tahiti/MARINE_DATASETS/FathomNet_FGVC2025/data/images/4620.png,6769c2244ba17f4409ce63d8d9edb0f03e8fa117b792b6200085ef882fffd220,795a7a1feacca778d385b1788c3d5a10dc1d5b5db44187657adca485b084d1ff,4620,5,train,5
14229,4625,47,Octopus rubescens,/home/tahiti/MARINE_DATASETS/FathomNet_FGVC2025/data/rois/4625_14229.png,/home/tahiti/MARINE_DATASETS/FathomNet_FGVC2025/data/images/4625.png,1dd9539ab4f7fe01daff0f55e480aa283091a70643d1ad0cac934d3015e55e9e,034814cb9b91b26e4e58ed92ee9625059a5b82467a864b5b727c1bc33a9fb4c6,4625,5,train,5
14239,4626,45,Munnopsidae,/home/tahiti/MARINE_DATASETS/FathomNet_FGVC2025/data/rois/4626_14239.png,/home/tahiti/MARINE_DATASETS/FathomNet_FGVC2025/data/images/4626.png,a938ead0868c473a2878ba155106ae3022bc08655664348373d8b1d4d84be270,a8401e347cc9f76dba094141c6c6038a4df52186e6a205c43f14bd77d26bb417,4626,2,train,2
14248,4629,76,Tunicata,/home/tahiti/MARINE_DATASETS/FathomNet_FGVC2025/data/rois/4629_14248.png,/home/tahiti/MARINE_DATASETS/FathomNet_FGVC2025/data/images/4629.png,d0728926dfc1465aeed4ae61e2a2478c6658c3ceef84b52e50ea2f063440782d,be1f6f65265c162c77dfe7c1fc468fdb1edf0816fd80b8c7b7445a83be48d46c,4629,4,train,4
14251,4632,51,Pandalus amplus,/home/tahiti/MARINE_DATASETS/FathomNet_FGVC2025/data/rois/4632_14251.png,/home/tahiti/MARINE_DATASETS/FathomNet_FGVC2025/data/images/4632.png,aae871d5ff47b9106b31ff1646b740d49570b1db3606a58ae6ec83fef20a149b,792dfc55fa34362d5b027836ac67399b443ad7b8715f3f7fd457caab1407b8b8,4632,0,train,0
14264,4642,45,Munnopsidae,/home/tahiti/MARINE_DATASETS/FathomNet_FGVC2025/data/rois/4642_14264.png,/home/tahiti/MARINE_DATASETS/FathomNet_FGVC2025/data/images/4642.png,18fcfbe29e36d7ed73a1a7fd0e5badc2e50f1aa174d9de5ce521832b13a39505,62ef3ab954fc4152ce731f5155fc751f0e1029c6da734b7fb14a4556ee805755,4642,5,train,5
14273,4649,39,Lithodidae,/home/tahiti/MARINE_DATASETS/FathomNet_FGVC2025/data/rois/4649_14273.png,/home/tahiti/MARINE_DATASETS/FathomNet_FGVC2025/data/images/4649.png,4fc9caaf1e95747a91ad4ea43b7f49ce3806cb326d96ad0a3c0f6ddcbe3ca83a,9bb302cd32b03b2e484a7a7242140e82dcdecdeba09f7e7cb95f9ca7922e3dbe,4649,5,train,5
14291,4655,43,Microstomus pacificus,/home/tahiti/MARINE_DATASETS/FathomNet_FGVC2025/data/rois/4655_14291.png,/home/tahiti/MARINE_DATASETS/FathomNet_FGVC2025/data/images/4655.png,a2bcdfb917409f78214fb8b22351af1e8ba293c07e3116e630367f5318ede7ff,852ec8e75d5ec983147a87725929bf0f7329da99f1938ac51c55f7b824e7e290,4655,4,train,4
14356,4673,51,Pandalus amplus,/home/tahiti/MARINE_DATASETS/FathomNet_FGVC2025/data/rois/4673_14356.png,/home/tahiti/MARINE_DATASETS/FathomNet_FGVC2025/data/images/4673.png,71bb0e5b4ad78c3070e0a643d680ea78f2236a7a4b460633e1532a7667a6b9af,710ddf16bd20b0fb3b0cba9eeb84145fa3eebccc4d85189d97a246da89e16c9f,4673,0,train,0
14364,4678,13,Brisingida,/home/tahiti/MARINE_DATASETS/FathomNet_FGVC2025/data/rois/4678_14364.png,/home/tahiti/MARINE_DATASETS/FathomNet_FGVC2025/data/images/4678.png,c476ea423e25b8979fadf7efd22d1d15a33cef111da3456fb4b792bab0cd1be2,a436b59b26ebe37f5342db08811bac7661d989ae17bba085123ccda89047e5d1,4678,4,train,4
14390,4688,42,Metridium farcimen,/home/tahiti/MARINE_DATASETS/FathomNet_FGVC2025/data/rois/4688_14390.png,/home/tahiti/MARINE_DATASETS/FathomNet_FGVC2025/data/images/4688.png,5584605cb80e135f316429a708292832aab153e3fe590562a86e7f08a5ed90a6,9133d9ab59c3784f1e7b2dd38ba9e1069a291e2c49cde0ee21a1ec1c8bf96cd6,4688,2,train,2
14443,4711,33,Hormathiidae,/home/tahiti/MARINE_DATASETS/FathomNet_FGVC2025/data/rois/4711_14443.png,/home/tahiti/MARINE_DATASETS/FathomNet_FGVC2025/data/images/4711.png,034616ba22a4bfce51eda4b5eb6e653380f7bd2af72d05e54729fab292a870ba,67e5e014b64843c375cdc3c94d2c3356b60e0fd58de9f36a5b390711a8cdbd7b,4711,5,train,5
14451,4711,46,Mycale,/home/tahiti/MARINE_DATASETS/FathomNet_FGVC2025/data/rois/4711_14451.png,/home/tahiti/MARINE_DATASETS/FathomNet_FGVC2025/data/images/4711.png,d6354125c2983ad6e560ce5d47005bdc27b14318999e060046022796cfe512f3,67e5e014b64843c375cdc3c94d2c3356b60e0fd58de9f36a5b390711a8cdbd7b,4711,5,train,5
14516,4741,43,Microstomus pacificus,/home/tahiti/MARINE_DATASETS/FathomNet_FGVC2025/data/rois/4741_14516.png,/home/tahiti/MARINE_DATASETS/FathomNet_FGVC2025/data/images/4741.png,f1674c4f53a4483ae7da3cf1994c6b1da5121cd6bc0afa5c2a72ec19723d47aa,070b319a47698a94ed2b80529212fe3d0ee544849b2f90eb30d50d6be7be17b9,4741,2,train,2
14519,4742,4,Actinernus,/home/tahiti/MARINE_DATASETS/FathomNet_FGVC2025/data/rois/4742_14519.png,/home/tahiti/MARINE_DATASETS/FathomNet_FGVC2025/data/images/4742.png,963a58976c94ffe9e6a639decd5453ed9e93c3a8d70e31556d6241f6f5f1339c,6a758d8e45a888d39939b7e6e4d6c2ed18b8f0179e61899b103e5b0568a32740,4742,5,train,5
14566,4766,2,Acanthascinae,/home/tahiti/MARINE_DATASETS/FathomNet_FGVC2025/data/rois/4766_14566.png,/home/tahiti/MARINE_DATASETS/FathomNet_FGVC2025/data/images/4766.png,84c50a2cec41463faddddc7783c8d6ba413498f6f1df9b016e98d829d63f86c4,079a6786e4415d79213780584f18c95f3d2fcac01f38cd3a1ab7ae5b92766ac8,4766,2,train,2
14574,4769,17,Chorilia longipes,/home/tahiti/MARINE_DATASETS/FathomNet_FGVC2025/data/rois/4769_14574.png,/home/tahiti/MARINE_DATASETS/FathomNet_FGVC2025/data/images/4769.png,4dc1762052c8c0b8084c728f4e5977c112b33954a8293e24660616f1386f815a,16298e12729606b48a39a14baa7cc40b7f09c5842130d34a08eee47d89ea3aa7,4769,4,train,4
14587,4778,22,Farrea,/home/tahiti/MARINE_DATASETS/FathomNet_FGVC2025/data/rois/4778_14587.png,/home/tahiti/MARINE_DATASETS/FathomNet_FGVC2025/data/images/4778.png,c20cb6562771cf108f1c9298cb76808c7b2abce073ead80c92384bfb88c37f6a,2552b3cbc3137a889fa7e6f0edff3ab01ae978ec1cd95692b490fee72f26f140,4778,1,train,1
14598,4781,52,Pandalus platyceros,/home/tahiti/MARINE_DATASETS/FathomNet_FGVC2025/data/rois/4781_14598.png,/home/tahiti/MARINE_DATASETS/FathomNet_FGVC2025/data/images/4781.png,81509df23fecccc1a5ce43119330beb082688fad1135f0d880a092adf6088550,6919bc0f91ed18085918231a4a9d831afb24e711902b6b00b061502cdb2e9bd0,4781,2,train,2
14637,4791,20,Delectopecten,/home/tahiti/MARINE_DATASETS/FathomNet_FGVC2025/data/rois/4791_14637.png,/home/tahiti/MARINE_DATASETS/FathomNet_FGVC2025/data/images/4791.png,cdffe12c3bc94861e9cac3f5eb9e7ff91caa700fe320fee38702f95c8821137b,cca784edd9463a76272574185ea007ede64f8fb50533ed153b99e59ca5725838,4791,4,train,4
14640,4791,20,Delectopecten,/home/tahiti/MARINE_DATASETS/FathomNet_FGVC2025/data/rois/4791_14640.png,/home/tahiti/MARINE_DATASETS/FathomNet_FGVC2025/data/images/4791.png,5abad6f1cf4dcca2fcf734d171c24bb6a05e5c59941f8996259cdbcdf04b88b9,cca784edd9463a76272574185ea007ede64f8fb50533ed153b99e59ca5725838,4791,4,train,4
14652,4792,6,Actinopterygii,/home/tahiti/MARINE_DATASETS/FathomNet_FGVC2025/data/rois/4792_14652.png,/home/tahiti/MARINE_DATASETS/FathomNet_FGVC2025/data/images/4792.png,1fcc1918fa3be0fb489a07522f6a336585d184679b857dc0eab295636efc04c0,bd1be47123d2009e409299a99efd9b4f5c5976ab81f07a5dad6c7f835b8a66fb,4792,4,train,4
14671,4797,29,Heteropolypus ritteri,/home/tahiti/MARINE_DATASETS/FathomNet_FGVC2025/data/rois/4797_14671.png,/home/tahiti/MARINE_DATASETS/FathomNet_FGVC2025/data/images/4797.png,934be354d81f1e9923848444a75ef89bfb5a17ab308ef19d1f320ac219dec333,4f355ce3c31c8ed3a55abec9a2177c6554da1a1e10f5255e0e68a652f09f48e9,4797,4,train,4
14709,4818,69,Sebastes,/home/tahiti/MARINE_DATASETS/FathomNet_FGVC2025/data/rois/4818_14709.png,/home/tahiti/MARINE_DATASETS/FathomNet_FGVC2025/data/images/4818.png,bd48f0fd433d91cca592caefe1ab7910b2d633c680173be89339a0290ac75e3a,0dd8b4b08c0ff2a9615a67653abe74d077a8a16193a37348bb510765d1e08192,4818,0,train,0
14711,4819,42,Metridium farcimen,/home/tahiti/MARINE_DATASETS/FathomNet_FGVC2025/data/rois/4819_14711.png,/home/tahiti/MARINE_DATASETS/FathomNet_FGVC2025/data/images/4819.png,65ad439f0a8788267be94dfa6212012be54218d9c6228d1884c9f04ab0966e61,428d963f3da5f385ecf3ced0e2b8d49290a7db47814d3adecbe5f597372a7c2e,4819,5,train,5
14714,4820,9,Asbestopluma,/home/tahiti/MARINE_DATASETS/FathomNet_FGVC2025/data/rois/4820_14714.png,/home/tahiti/MARINE_DATASETS/FathomNet_FGVC2025/data/images/4820.png,dc96ccdbeb089a6890bee48a9fee9a36974fcf0d9d02d647c1af6529eee55fc4,75431e867c492babe77b692af607abf2d4499e389f64ddbece84a28f234c4e53,4820,1,train,1
14725,4828,14,Caridea,/home/tahiti/MARINE_DATASETS/FathomNet_FGVC2025/data/rois/4828_14725.png,/home/tahiti/MARINE_DATASETS/FathomNet_FGVC2025/data/images/4828.png,f67580400b15ed2fc5635a7a918ccc909d2ee1e399fe298b59440f168d079dcb,241b76c1c0616bb0ba85b74d5d8e9631738b8be1c5d0c747bf5924d90e82e6a3,4828,4,train,4
14731,4831,25,Gastropoda,/home/tahiti/MARINE_DATASETS/FathomNet_FGVC2025/data/rois/4831_14731.png,/home/tahiti/MARINE_DATASETS/FathomNet_FGVC2025/data/images/4831.png,29c9e639c836685d389caaa592ed8f2f9a62150142ff3f354575792881976d55,51dcdcf400123a6b3e28b462357857f5a07e41e1ec772047181b19d0842e91a6,4831,5,train,5
14733,4831,53,Pannychia moseleyi,/home/tahiti/MARINE_DATASETS/FathomNet_FGVC2025/data/rois/4831_14733.png,/home/tahiti/MARINE_DATASETS/FathomNet_FGVC2025/data/images/4831.png,00a9252fada93495fee58e77b83e1b73f1d559bc4af7a0cbee8481b76e1639b9,51dcdcf400123a6b3e28b462357857f5a07e41e1ec772047181b19d0842e91a6,4831,5,train,5
14741,4836,63,Ptychogastria polaris,/home/tahiti/MARINE_DATASETS/FathomNet_FGVC2025/data/rois/4836_14741.png,/home/tahiti/MARINE_DATASETS/FathomNet_FGVC2025/data/images/4836.png,7302d9451410407a39b52b7dd74a4732d7b628336e12c7c66408d35ec0cf9eee,e933b596a9ab72ea119f92c748cdfa04b767f2a5e639ce906268def3e9a72c25,4836,5,train,5
14745,4836,63,Ptychogastria polaris,/home/tahiti/MARINE_DATASETS/FathomNet_FGVC2025/data/rois/4836_14745.png,/home/tahiti/MARINE_DATASETS/FathomNet_FGVC2025/data/images/4836.png,6a4b25c2d49088f5ca1f7e7eb1431cc71985fdd24dfbf80e70fd5c98e4e8ff75,e933b596a9ab72ea119f92c748cdfa04b767f2a5e639ce906268def3e9a72c25,4836,5,train,5
14750,4836,63,Ptychogastria polaris,/home/tahiti/MARINE_DATASETS/FathomNet_FGVC2025/data/rois/4836_14750.png,/home/tahiti/MARINE_DATASETS/FathomNet_FGVC2025/data/images/4836.png,688ea83c4be6052193a92f964e508725787fa4d9bcc2472c41e74b18b316462e,e933b596a9ab72ea119f92c748cdfa04b767f2a5e639ce906268def3e9a72c25,4836,5,train,5
14780,4851,17,Chorilia longipes,/home/tahiti/MARINE_DATASETS/FathomNet_FGVC2025/data/rois/4851_14780.png,/home/tahiti/MARINE_DATASETS/FathomNet_FGVC2025/data/images/4851.png,587137f43ff65518be85289dfd562c94d5f202cfc05d666532e7bb56a1851c1b,8d7057ab89a81fb50deac3f2038dce1048a275ef0d1b19bad02fb981530396ff,4851,1,train,1
14786,4856,42,Metridium farcimen,/home/tahiti/MARINE_DATASETS/FathomNet_FGVC2025/data/rois/4856_14786.png,/home/tahiti/MARINE_DATASETS/FathomNet_FGVC2025/data/images/4856.png,d45620f57a111489b9fdbf7108cb503681c0cd8e3ee9573f3c4c2eefd4b7de4e,6b4ae77cbf7d7c9b9806dfddf3db7b1aaa7ccc93fcbbfc4a73e19418c31b6eba,4856,1,train,1
14818,4875,22,Farrea,/home/tahiti/MARINE_DATASETS/FathomNet_FGVC2025/data/rois/4875_14818.png,/home/tahiti/MARINE_DATASETS/FathomNet_FGVC2025/data/images/4875.png,9e527598d790ae7fe5770b9b49bf71906573d1248da1b96fe7e9db2036eab01c,46f6487cbd2a0d0b200fcdda3e3b963ee755de97da6b4c577127fd3b1770ddff,4875,5,train,5
14849,4891,6,Actinopterygii,/home/tahiti/MARINE_DATASETS/FathomNet_FGVC2025/data/rois/4891_14849.png,/home/tahiti/MARINE_DATASETS/FathomNet_FGVC2025/data/images/4891.png,e2be068479a689be3811b01bcefb069d8be88b9d0708c5553f941a8ae5c0b517,81d19f9f1d62f88a2d95451aafd41c9441069d286d88af48a7fea53660da1b8b,4891,4,train,4
14854,4895,8,Apostichopus leukothele,/home/tahiti/MARINE_DATASETS/FathomNet_FGVC2025/data/rois/4895_14854.png,/home/tahiti/MARINE_DATASETS/FathomNet_FGVC2025/data/images/4895.png,13201f6a0b335c4360197e1a94bc4b4f771e1c6b32cf2f32e3a798150c12ffb4,7be0cfc6e7cb5b75d94a59c839fb7c6e513c2835076af440f98bfe9555b61661,4895,5,train,5
14884,4914,43,Microstomus pacificus,/home/tahiti/MARINE_DATASETS/FathomNet_FGVC2025/data/rois/4914_14884.png,/home/tahiti/MARINE_DATASETS/FathomNet_FGVC2025/data/images/4914.png,5f58dd937cf2580237294fd421d6fc0d68435e93ba13babc82c8f3e2c4e3c7fb,ba8961fb0a4d0307a099f563c0f7c0953fbaa8ac7a6c097ab75c49b3d5775366,4914,0,train,0
14890,4915,9,Asbestopluma,/home/tahiti/MARINE_DATASETS/FathomNet_FGVC2025/data/rois/4915_14890.png,/home/tahiti/MARINE_DATASETS/FathomNet_FGVC2025/data/images/4915.png,f232c584bf86f95777519e44e73b77d5de93006252534abf20b222523c8e1fa2,4175efec397bd9b57988034de3483105747c0ab88718fd49b91b2b5074e2cc62,4915,4,train,4
14894,4917,54,Paragorgia,/home/tahiti/MARINE_DATASETS/FathomNet_FGVC2025/data/rois/4917_14894.png,/home/tahiti/MARINE_DATASETS/FathomNet_FGVC2025/data/images/4917.png,ea55b45c0749745760f80b55f2ec39bc4c9a053ed4170f2936d57ef623b9f301,6d2fe1c3753aa90979e50c95e324d3e1a0f60dbcea420abe391684ae95da1a31,4917,0,train,0
14901,4919,36,Isosicyonis,/home/tahiti/MARINE_DATASETS/FathomNet_FGVC2025/data/rois/4919_14901.png,/home/tahiti/MARINE_DATASETS/FathomNet_FGVC2025/data/images/4919.png,6e24e7a5a90fccaaa2a3cf51cc2bf0a119332fd81a2dd512cf8534c7c3c34976,8f9ff5b196f841730fbc1fd6efb2d46b605a344d9f57e49488dcfba98b9d1200,4919,1,train,1
14903,4919,36,Isosicyonis,/home/tahiti/MARINE_DATASETS/FathomNet_FGVC2025/data/rois/4919_14903.png,/home/tahiti/MARINE_DATASETS/FathomNet_FGVC2025/data/images/4919.png,b49155f99948057ca65a626b0e84c327aa9a0e89b7bb8a122f0fb6f85a56e92c,8f9ff5b196f841730fbc1fd6efb2d46b605a344d9f57e49488dcfba98b9d1200,4919,1,train,1
14904,4919,36,Isosicyonis,/home/tahiti/MARINE_DATASETS/FathomNet_FGVC2025/data/rois/4919_14904.png,/home/tahiti/MARINE_DATASETS/FathomNet_FGVC2025/data/images/4919.png,2370074c1514994a332d58c12e23c90365472606b2cc8a347ec821d479be66b4,8f9ff5b196f841730fbc1fd6efb2d46b605a344d9f57e49488dcfba98b9d1200,4919,1,train,1
14932,4934,75,Terebellidae,/home/tahiti/MARINE_DATASETS/FathomNet_FGVC2025/data/rois/4934_14932.png,/home/tahiti/MARINE_DATASETS/FathomNet_FGVC2025/data/images/4934.png,a578f0684a210d5567b57c536fa1bfa1d5314b4efe9a7f2ae0332115bcb6371a,e21abd1fdddf0c4a038aa5c0110325bc766b596bb64fa9ad28756fcf7f3a585b,4934,0,train,0
14941,4937,76,Tunicata,/home/tahiti/MARINE_DATASETS/FathomNet_FGVC2025/data/rois/4937_14941.png,/home/tahiti/MARINE_DATASETS/FathomNet_FGVC2025/data/images/4937.png,31e2e142bff4be9d31b66ca6f1fbaf9f5b26263366cdda2c816e257400367b81,b2afda9ddf498820111f582f9284713d2ac76e89ac20b2c3fbaf9c619d657347,4937,1,train,1
14975,4957,22,Farrea,/home/tahiti/MARINE_DATASETS/FathomNet_FGVC2025/data/rois/4957_14975.png,/home/tahiti/MARINE_DATASETS/FathomNet_FGVC2025/data/images/4957.png,1b08ed2141f7f79573dd2314c0041cf446602501ad88571ddd8bc63b9e82a61f,cdaf4fda13811fddbd9fa18cb56808b587fb621a0802e17943bee0efae2ea596,4957,5,train,5
14982,4959,2,Acanthascinae,/home/tahiti/MARINE_DATASETS/FathomNet_FGVC2025/data/rois/4959_14982.png,/home/tahiti/MARINE_DATASETS/FathomNet_FGVC2025/data/images/4959.png,699808f3755df3b2c0a2ee5a0dcf92d8c3d78a76e9794d6b4b3399f38c2db793,f8af1ae7b5f3fdb0c44677178e20f8e4fca1e82e51bd6bb34456061330ebbed1,4959,4,train,4
14990,4961,66,Scleractinia,/home/tahiti/MARINE_DATASETS/FathomNet_FGVC2025/data/rois/4961_14990.png,/home/tahiti/MARINE_DATASETS/FathomNet_FGVC2025/data/images/4961.png,71b78273a8cceb9d0046846ee2cd2339a5ecc0ed3897fe9dc3e925da47628680,25b79020aa9259f50feaee52cfd8c6395f13ebb0bd34d1e57e931b483b210fd4,4961,1,train,1
15001,4965,48,Ophiacanthidae,/home/tahiti/MARINE_DATASETS/FathomNet_FGVC2025/data/rois/4965_15001.png,/home/tahiti/MARINE_DATASETS/FathomNet_FGVC2025/data/images/4965.png,29f921925ddf6a94c0a9802f6a97b1d6bb56a53c0e2ccf9264064a513b6d9612,bcf053fc894d51d37b1e77d6d09665ddfb5987a1f6bc9a435a0d338d33ab0a59,4965,1,train,1
15024,4969,66,Scleractinia,/home/tahiti/MARINE_DATASETS/FathomNet_FGVC2025/data/rois/4969_15024.png,/home/tahiti/MARINE_DATASETS/FathomNet_FGVC2025/data/images/4969.png,120a51a894af55d2cc2d2f7388636a367998aea6c5a48e96891e6a9f01f1d248,3763f493799269a57b5e86511540bbdf8884bc599fdd65f36f029b92c4cec9cb,4969,2,train,2
15032,4971,46,Mycale,/home/tahiti/MARINE_DATASETS/FathomNet_FGVC2025/data/rois/4971_15032.png,/home/tahiti/MARINE_DATASETS/FathomNet_FGVC2025/data/images/4971.png,346909dc87713e4fdb28e089981eaaa484d7c15ab6c1e743bc454678da7adbac,cd923792770a2b8543f139f26c7ef3fe85500eb3fd487de40626064723c3cb34,4971,0,train,0
15047,4975,9,Asbestopluma,/home/tahiti/MARINE_DATASETS/FathomNet_FGVC2025/data/rois/4975_15047.png,/home/tahiti/MARINE_DATASETS/FathomNet_FGVC2025/data/images/4975.png,598fde19b2a897795b55b1c0b19a56ee379072c89e5b0f18ae1589fa0b059373,0050553debc203515ff0f3aa803970086a95e92eeafc10f101971d09f7d8daf7,4975,4,train,4
15101,4991,66,Scleractinia,/home/tahiti/MARINE_DATASETS/FathomNet_FGVC2025/data/rois/4991_15101.png,/home/tahiti/MARINE_DATASETS/FathomNet_FGVC2025/data/images/4991.png,5f9211abaf990f7e02ab88dd68a5269bc0e948cfd3542167ed76f17735cfb719,f0cdf7d3db37893c0d5cafae4b3486584d4c1c54ccda051ec33ffbc74af2a986,4991,2,train,2
15105,4993,2,Acanthascinae,/home/tahiti/MARINE_DATASETS/FathomNet_FGVC2025/data/rois/4993_15105.png,/home/tahiti/MARINE_DATASETS/FathomNet_FGVC2025/data/images/4993.png,f81eb2ea01bc2ec7f45baaf6acbaacc08fb0f95307dc57beb81faa8b72e3c6db,285e58ee61165bade6fd9cea2b1194956a84bee508d92827c3fd75c641d1df1f,4993,1,train,1
15113,4998,9,Asbestopluma,/home/tahiti/MARINE_DATASETS/FathomNet_FGVC2025/data/rois/4998_15113.png,/home/tahiti/MARINE_DATASETS/FathomNet_FGVC2025/data/images/4998.png,2cf1f9a6824d8d8d0357b4235355423b376ee23650154cd562f3bf2ff5fa77fb,ca94b42ce15021c0291402df493fa1564af62aace40595b2181903cc24f539de,4998,0,train,0
15138,5009,17,Chorilia longipes,/home/tahiti/MARINE_DATASETS/FathomNet_FGVC2025/data/rois/5009_15138.png,/home/tahiti/MARINE_DATASETS/FathomNet_FGVC2025/data/images/5009.png,31c7e177bdf08906d9db0e61d96d9544c4dc5c363ca0203a51a09960cd9884a5,898258583fce9eb1e18b9394a99241583a4c083be90067bbab8b90ab2531494d,5009,2,train,2
15153,5015,13,Brisingida,/home/tahiti/MARINE_DATASETS/FathomNet_FGVC2025/data/rois/5015_15153.png,/home/tahiti/MARINE_DATASETS/FathomNet_FGVC2025/data/images/5015.png,442d5b358569b80284930034bbea9e4cb4899a36292a83e47577ed21e352a281,c5cc8109134c46723b5e62bd79b38e5523a5cd429969f0bcff0a6cdfb1d0eba0,5015,1,train,1
15204,5027,70,Sebastes diploproa,/home/tahiti/MARINE_DATASETS/FathomNet_FGVC2025/data/rois/5027_15204.png,/home/tahiti/MARINE_DATASETS/FathomNet_FGVC2025/data/images/5027.png,3b77a5ab54957a64c650f178b2685d188685b4ddec2e63f6557b0770fdae6dec,39375ea672883bbcdccfb94fccbc0d14dc78418374ac4d3278a06583f9fc73df,5027,4,train,4
15211,5031,38,Liponema brevicorne,/home/tahiti/MARINE_DATASETS/FathomNet_FGVC2025/data/rois/5031_15211.png,/home/tahiti/MARINE_DATASETS/FathomNet_FGVC2025/data/images/5031.png,180cb3ac5398f906d1d15ffa518d6ff4c87d50f870bdae6402fdb3c7e5c72cff,94b83e1270e7c0bab68995b12196d1fd24bec898252864417998895951fefcb0,5031,5,train,5
15221,5031,76,Tunicata,/home/tahiti/MARINE_DATASETS/FathomNet_FGVC2025/data/rois/5031_15221.png,/home/tahiti/MARINE_DATASETS/FathomNet_FGVC2025/data/images/5031.png,7a4096034c87797bc6f24bdc3270bf95402e5ce23d3bf26fa4ef2e363ad13e46,94b83e1270e7c0bab68995b12196d1fd24bec898252864417998895951fefcb0,5031,5,train,5
15227,5035,21,Elpidia,/home/tahiti/MARINE_DATASETS/FathomNet_FGVC2025/data/rois/5035_15227.png,/home/tahiti/MARINE_DATASETS/FathomNet_FGVC2025/data/images/5035.png,58f6b158e757f27024c0374062651ac866bd3f17165df3bf60fe4b310b237e3e,0347bf53cddbaf18670a1d381751e0d3210869e42fefc43be0c4111107b5dd21,5035,1,train,1
15228,5036,59,Pennatula phosphorea,/home/tahiti/MARINE_DATASETS/FathomNet_FGVC2025/data/rois/5036_15228.png,/home/tahiti/MARINE_DATASETS/FathomNet_FGVC2025/data/images/5036.png,5af412a1600063731803a2194fa73dace25d7a2257ab56f704d8d0cde6cd6a9c,62531dec29ff2e69bc84ef3dda201f7bdce9d36dc1ad2a5ad956147b5a0dd34c,5036,2,train,2
15237,5039,12,Benthocodon pedunculata,/home/tahiti/MARINE_DATASETS/FathomNet_FGVC2025/data/rois/5039_15237.png,/home/tahiti/MARINE_DATASETS/FathomNet_FGVC2025/data/images/5039.png,1756914f230c877a3db4c4bd99c5c323cac119b7f43841e7a356c585c5342eb3,b518837340e6360f59a13f07f5b054ab1fe37c974e76aa3206b39dc82c474116,5039,0,train,0
15249,5047,31,Hippasteria,/home/tahiti/MARINE_DATASETS/FathomNet_FGVC2025/data/rois/5047_15249.png,/home/tahiti/MARINE_DATASETS/FathomNet_FGVC2025/data/images/5047.png,5d02d0f144630491cfaf971bfc436400c7a496cff09e09b7efcf07905467445b,1963c7a8e91cf22abec1b02361f0730454f0a8f6470edce7b4e9a4177eeb584d,5047,5,train,5
15254,5048,69,Sebastes,/home/tahiti/MARINE_DATASETS/FathomNet_FGVC2025/data/rois/5048_15254.png,/home/tahiti/MARINE_DATASETS/FathomNet_FGVC2025/data/images/5048.png,d4bf51a83977a826f9ce450b8a9869c59976c0d4c301bbace1baa4f20817c383,33efcde116a8bd556fc929ee1456b76a1de830fbc2703c1e80c33d1a70ad41f7,5048,0,train,0
15256,5048,17,Chorilia longipes,/home/tahiti/MARINE_DATASETS/FathomNet_FGVC2025/data/rois/5048_15256.png,/home/tahiti/MARINE_DATASETS/FathomNet_FGVC2025/data/images/5048.png,ba75d8df387c440c1c6cd2691ea523167edffb6c15a7eba548c10316a8f39377,33efcde116a8bd556fc929ee1456b76a1de830fbc2703c1e80c33d1a70ad41f7,5048,0,train,0
15263,5050,25,Gastropoda,/home/tahiti/MARINE_DATASETS/FathomNet_FGVC2025/data/rois/5050_15263.png,/home/tahiti/MARINE_DATASETS/FathomNet_FGVC2025/data/images/5050.png,a99b2e669204ae73b0f6ddb48bcc62a567b075d4fdbabd8ce3f47d93fce30875,0896f411a3266f7b369ddbfb92dd21a4b768207109e257290ccaea748d2b0cbc,5050,4,train,4
15274,5056,34,Isidella tentaculum,/home/tahiti/MARINE_DATASETS/FathomNet_FGVC2025/data/rois/5056_15274.png,/home/tahiti/MARINE_DATASETS/FathomNet_FGVC2025/data/images/5056.png,9b76551f367ec9405ade2fe5e61fc558fac0fd2c51e5006752afeff75b1b9255,2fdf8cd783aa56f2aec2bcf9f9a29ca1fa823bca90ee2f7b4cb3a49a3d89a056,5056,1,train,1
15298,5063,23,Florometra serratissima,/home/tahiti/MARINE_DATASETS/FathomNet_FGVC2025/data/rois/5063_15298.png,/home/tahiti/MARINE_DATASETS/FathomNet_FGVC2025/data/images/5063.png,11e41048c05b5ba70a63334e1059b33871ec3dfad80b57b80ab9c383fab41601,0fc8dcffb4f7bcc32410b28efba0d440aa34fd96c95d51a8203880105ca97de6,5063,5,train,5
15326,5078,54,Paragorgia,/home/tahiti/MARINE_DATASETS/FathomNet_FGVC2025/data/rois/5078_15326.png,/home/tahiti/MARINE_DATASETS/FathomNet_FGVC2025/data/images/5078.png,07316c4c1d955957b1dd7afd51c311236fbee9a8f4d879d591a72f8e0d283035,9f0c39ece42803149c05e359599bcfec3642a216ece55f6a92c4bed620d3a720,5078,4,train,4
15332,5082,36,Isosicyonis,/home/tahiti/MARINE_DATASETS/FathomNet_FGVC2025/data/rois/5082_15332.png,/home/tahiti/MARINE_DATASETS/FathomNet_FGVC2025/data/images/5082.png,3a2067cf3728f3903bc0d04707ec134742453b49031ea909293e8a5bd62e5602,9a67cab27a34a6737c3ae19d43381c4b051d80eda151f0ebac5d5faee5697c8f,5082,5,train,5
15342,5083,12,Benthocodon pedunculata,/home/tahiti/MARINE_DATASETS/FathomNet_FGVC2025/data/rois/5083_15342.png,/home/tahiti/MARINE_DATASETS/FathomNet_FGVC2025/data/images/5083.png,de24091400d4b25219a38038ae0136c87a6c9951ec9c19660aecedf73bdd69bb,b2b1993284b74517618ceaadf54b9b493604cc876b16b6187ce128a458b7e00b,5083,0,train,0
15348,5083,12,Benthocodon pedunculata,/home/tahiti/MARINE_DATASETS/FathomNet_FGVC2025/data/rois/5083_15348.png,/home/tahiti/MARINE_DATASETS/FathomNet_FGVC2025/data/images/5083.png,bb10a82d39857c8f9d525a2af25a117e1e3381ce4d0678eeda0f637f03dff4c5,b2b1993284b74517618ceaadf54b9b493604cc876b16b6187ce128a458b7e00b,5083,0,train,0
15353,5087,34,Isidella tentaculum,/home/tahiti/MARINE_DATASETS/FathomNet_FGVC2025/data/rois/5087_15353.png,/home/tahiti/MARINE_DATASETS/FathomNet_FGVC2025/data/images/5087.png,7364dbd4b3ff7ecfc24b12c1ef73503c9c5748483baa096399ffdc1e9055b9a4,bf038c8d477c3e371c8dba2720f25d55ea77dbd58010518f65fb326e0f2d83eb,5087,2,train,2
15354,5088,52,Pandalus platyceros,/home/tahiti/MARINE_DATASETS/FathomNet_FGVC2025/data/rois/5088_15354.png,/home/tahiti/MARINE_DATASETS/FathomNet_FGVC2025/data/images/5088.png,c7ccb5fe0e62e9bdcad2f3178ad85eaddae0673ffaca1752ebb2175723ad43dd,12f9aaace752d36f092e0ae9ed20ec24d781aaf64e789221e8e242f9f4e1d1f4,5088,4,train,4
15358,5088,52,Pandalus platyceros,/home/tahiti/MARINE_DATASETS/FathomNet_FGVC2025/data/rois/5088_15358.png,/home/tahiti/MARINE_DATASETS/FathomNet_FGVC2025/data/images/5088.png,305b18be3caac4aa005a99abd6feac75ae08e08935628eaa62d839297f46d2bd,12f9aaace752d36f092e0ae9ed20ec24d781aaf64e789221e8e242f9f4e1d1f4,5088,4,train,4
15378,5092,9,Asbestopluma,/home/tahiti/MARINE_DATASETS/FathomNet_FGVC2025/data/rois/5092_15378.png,/home/tahiti/MARINE_DATASETS/FathomNet_FGVC2025/data/images/5092.png,83e89588fa4dadb2a2af3acaf6aa74491b7d2d4e92d5c8eb27e26d119ec99a52,f4f223df2906ff73c5920d872ec84e5f3d3773d08618ab829fc672139e56a93a,5092,1,train,1
15389,5101,69,Sebastes,/home/tahiti/MARINE_DATASETS/FathomNet_FGVC2025/data/rois/5101_15389.png,/home/tahiti/MARINE_DATASETS/FathomNet_FGVC2025/data/images/5101.png,4fab0b52d637d566e2828aeea84f7a1c72e36f0953fc34ea25e0da1aa9d2d736,3783a84515616c51bbce744e4536e3e9f1f3d2e58d539caeea5b0b900ec6dcdd,5101,5,train,5
15398,5106,36,Isosicyonis,/home/tahiti/MARINE_DATASETS/FathomNet_FGVC2025/data/rois/5106_15398.png,/home/tahiti/MARINE_DATASETS/FathomNet_FGVC2025/data/images/5106.png,85003f3cd127eabb3a86817a84ad44142acf65d233879a2dbdb6eb60b00eb43d,aee6d0fd46a594f668e3730ace821b2314dd1aeca0aaf8f6ed5c1badec1811c8,5106,2,train,2
15429,5117,13,Brisingida,/home/tahiti/MARINE_DATASETS/FathomNet_FGVC2025/data/rois/5117_15429.png,/home/tahiti/MARINE_DATASETS/FathomNet_FGVC2025/data/images/5117.png,a6dad1dd4b289e59adfa1d9ed30f303525170140ff3842640d88f361fd238045,1fadc46ab6f82c8b5cf389b68e30c4bd1822964a0b675d70e5f422a11b6e0fdc,5117,5,train,5
15430,5118,26,Gersemia juliepackardae,/home/tahiti/MARINE_DATASETS/FathomNet_FGVC2025/data/rois/5118_15430.png,/home/tahiti/MARINE_DATASETS/FathomNet_FGVC2025/data/images/5118.png,7d4f58552e52eb2b0684bd52e045665c4f18abd997bf3abf928bf176209375e3,bb1f427fca562716f738429c112b71db0bc4fe3cde9bf9c30e66fcad90ce57ee,5118,2,train,2
15435,5119,63,Ptychogastria polaris,/home/tahiti/MARINE_DATASETS/FathomNet_FGVC2025/data/rois/5119_15435.png,/home/tahiti/MARINE_DATASETS/FathomNet_FGVC2025/data/images/5119.png,9673e4ad6d12c8359d8c588e903418741dca66ac2cd5471e1ca43421541e8f69,c2eb7eba566166cfaa853677b8b4ba81c83b887a8c9891230e254f0529ac3e11,5119,0,train,0
15443,5119,63,Ptychogastria polaris,/home/tahiti/MARINE_DATASETS/FathomNet_FGVC2025/data/rois/5119_15443.png,/home/tahiti/MARINE_DATASETS/FathomNet_FGVC2025/data/images/5119.png,e34d806fcc95321e9dff2a2e1daeb5b821b7b1ba1bc89d77de0944d71ca29aca,c2eb7eba566166cfaa853677b8b4ba81c83b887a8c9891230e254f0529ac3e11,5119,0,train,0
15461,5123,8,Apostichopus leukothele,/home/tahiti/MARINE_DATASETS/FathomNet_FGVC2025/data/rois/5123_15461.png,/home/tahiti/MARINE_DATASETS/FathomNet_FGVC2025/data/images/5123.png,1afe8ec730ead421b2844c87d219a3b0eaca7f4f072814c02eadf87167358df5,bbc41e0fdcb7e77658aab7cd37baf0a67e6a6a2219f69c9ccc982b18b0b84bd8,5123,4,train,4
15468,5129,42,Metridium farcimen,/home/tahiti/MARINE_DATASETS/FathomNet_FGVC2025/data/rois/5129_15468.png,/home/tahiti/MARINE_DATASETS/FathomNet_FGVC2025/data/images/5129.png,e88600c70d5b3e4dbd86695ed2b3bd551fcf0b001b78940f59f91ebd1650a0f7,0039b947545c7591a6aeab6da08c0899bc1740de34f75271d3f7357f7e17ea92,5129,5,train,5
15474,5131,54,Paragorgia,/home/tahiti/MARINE_DATASETS/FathomNet_FGVC2025/data/rois/5131_15474.png,/home/tahiti/MARINE_DATASETS/FathomNet_FGVC2025/data/images/5131.png,0ef8ba64f1d7973eaae1f52f6d3b4cb701c275f8c0fe1b769a48daf045428f3d,4bd2a22044948cb04f9327604ac0232af7051eab309f2a182ce6d43d5822706f,5131,5,train,5
15476,5131,54,Paragorgia,/home/tahiti/MARINE_DATASETS/FathomNet_FGVC2025/data/rois/5131_15476.png,/home/tahiti/MARINE_DATASETS/FathomNet_FGVC2025/data/images/5131.png,8aa8748134cc7d19bde75b489de6d2c239c185a5e9ab4a345acfff96921b2976,4bd2a22044948cb04f9327604ac0232af7051eab309f2a182ce6d43d5822706f,5131,5,train,5
15498,5144,1,Abyssocucumis abyssorum,/home/tahiti/MARINE_DATASETS/FathomNet_FGVC2025/data/rois/5144_15498.png,/home/tahiti/MARINE_DATASETS/FathomNet_FGVC2025/data/images/5144.png,84fa86ea03286132ee6d41a36afff15627932e94de7d7af43a7553223d1edc6a,eb459ad5eb73cef658c2b269a8149469919609f210789ee9406c32fee95cf262,5144,4,train,4
15502,5147,32,Holothuroidea,/home/tahiti/MARINE_DATASETS/FathomNet_FGVC2025/data/rois/5147_15502.png,/home/tahiti/MARINE_DATASETS/FathomNet_FGVC2025/data/images/5147.png,186adc29d0855fa7d48b6d4e58cb3095196717254f82c86e70c24237b0af3e72,c08a31dc005d4a7df87d5ef3d1fb618196c4d6e5c0b29614606128bb3c7915f7,5147,4,train,4
15515,5154,33,Hormathiidae,/home/tahiti/MARINE_DATASETS/FathomNet_FGVC2025/data/rois/5154_15515.png,/home/tahiti/MARINE_DATASETS/FathomNet_FGVC2025/data/images/5154.png,c5ac2e57d87f6339f4939ee26ee4f1b91ad396abadc5fa7ce95d90905a622a77,bf0ee4fa278c6673885cb0ea9a704b51d107a46d5043c0ca85c1fddea6b7b7c8,5154,1,train,1
15523,5157,57,Parastenella,/home/tahiti/MARINE_DATASETS/FathomNet_FGVC2025/data/rois/5157_15523.png,/home/tahiti/MARINE_DATASETS/FathomNet_FGVC2025/data/images/5157.png,8425d392a48afc2b534bcf53f388071c5dc58c7c8fd46f5bf8ffee4d4ddddd0e,85b3881247e539295c5a7a9cb172af411eebb6ddd434544dd2f855787d82f854,5157,2,train,2
15555,5169,56,Paralomis multispina,/home/tahiti/MARINE_DATASETS/FathomNet_FGVC2025/data/rois/5169_15555.png,/home/tahiti/MARINE_DATASETS/FathomNet_FGVC2025/data/images/5169.png,d887ab4e9d5801630382669729b1f386f3d1e8b9ddf3da6d85f7f2c03fa82bf3,58c7c4228aa552199951a602dcf7c9920def81054a82e7df20af1988f7e8a50d,5169,1,train,1
15560,5169,56,Paralomis multispina,/home/tahiti/MARINE_DATASETS/FathomNet_FGVC2025/data/rois/5169_15560.png,/home/tahiti/MARINE_DATASETS/FathomNet_FGVC2025/data/images/5169.png,64e3e0cbd444819e5eed52d82ce13053b5d727c3043ed18851aaa9ef8a5f8d5c,58c7c4228aa552199951a602dcf7c9920def81054a82e7df20af1988f7e8a50d,5169,1,train,1
15569,5175,34,Isidella tentaculum,/home/tahiti/MARINE_DATASETS/FathomNet_FGVC2025/data/rois/5175_15569.png,/home/tahiti/MARINE_DATASETS/FathomNet_FGVC2025/data/images/5175.png,edddb595ecd71953198254875ebc8ef6e38fd8dacbbd2b7ee7de62a21ac5f8a1,02c6ccbbf7ede92ace6c0afc50aa21f73641e3154387f0c8604610b43503597a,5175,5,train,5
15587,5186,2,Acanthascinae,/home/tahiti/MARINE_DATASETS/FathomNet_FGVC2025/data/rois/5186_15587.png,/home/tahiti/MARINE_DATASETS/FathomNet_FGVC2025/data/images/5186.png,2ace16b5877fa8b5dca1258c46d39fa26d761b2ca610c8abfcf6136a3cb7f8d3,47e29b1a1e1df81078935926609ffd574a78867697a5f375953e0a60052e7f2f,5186,5,train,5
15595,5191,38,Liponema brevicorne,/home/tahiti/MARINE_DATASETS/FathomNet_FGVC2025/data/rois/5191_15595.png,/home/tahiti/MARINE_DATASETS/FathomNet_FGVC2025/data/images/5191.png,47a45fe49ced820e069789868632c11fffff97df4ce8da7f2937498c6751a6d8,97a305f22fc85bcd69e4e15fdbe95d3e26244cb3dbc779b40810459c5dbe7bac,5191,2,train,2
15604,5197,36,Isosicyonis,/home/tahiti/MARINE_DATASETS/FathomNet_FGVC2025/data/rois/5197_15604.png,/home/tahiti/MARINE_DATASETS/FathomNet_FGVC2025/data/images/5197.png,6af5d611500fcf965f2794706e8e7ea7b5812dcb82341c650f1dc09ce352db52,b9a6ae6779469009e25277e4f7b6fb4872ef43f7f913162f39484dcf7f2f8da7,5197,1,train,1
15605,5197,77,Umbellula,/home/tahiti/MARINE_DATASETS/FathomNet_FGVC2025/data/rois/5197_15605.png,/home/tahiti/MARINE_DATASETS/FathomNet_FGVC2025/data/images/5197.png,fa82668c2a8c1a0335d90cee1f913e11ac1c3a2279796b8934b379e265f967a1,b9a6ae6779469009e25277e4f7b6fb4872ef43f7f913162f39484dcf7f2f8da7,5197,1,train,1
15609,5197,25,Gastropoda,/home/tahiti/MARINE_DATASETS/FathomNet_FGVC2025/data/rois/5197_15609.png,/home/tahiti/MARINE_DATASETS/FathomNet_FGVC2025/data/images/5197.png,e13718c6da7d75f070bf715b936e2f19350beddc2ac2581befb9791fb3a51874,b9a6ae6779469009e25277e4f7b6fb4872ef43f7f913162f39484dcf7f2f8da7,5197,1,train,1
15637,5205,78,Vesicomyidae,/home/tahiti/MARINE_DATASETS/FathomNet_FGVC2025/data/rois/5205_15637.png,/home/tahiti/MARINE_DATASETS/FathomNet_FGVC2025/data/images/5205.png,32759f68f798da0351648e537992c7d07a731af219cb2bc1b8a0956a332a0581,6c8db4110bd9e90fe9d25140a530ab91ba9e2eda204406c4a640b771f002a15f,5205,2,train,2
15643,5205,78,Vesicomyidae,/home/tahiti/MARINE_DATASETS/FathomNet_FGVC2025/data/rois/5205_15643.png,/home/tahiti/MARINE_DATASETS/FathomNet_FGVC2025/data/images/5205.png,57006ae2ba744ee3fa780ed4569b8135094d87432cd712d2643b25a7b817e8f6,6c8db4110bd9e90fe9d25140a530ab91ba9e2eda204406c4a640b771f002a15f,5205,2,train,2
15700,5220,57,Parastenella,/home/tahiti/MARINE_DATASETS/FathomNet_FGVC2025/data/rois/5220_15700.png,/home/tahiti/MARINE_DATASETS/FathomNet_FGVC2025/data/images/5220.png,f12bbafd5389ad42789a4442e8dcdeba2ca764367998b27791baff4c1ac9406e,bff3a612142bd03fd0955682ecce42e7a325c3e036c07135d193412624fae3d8,5220,1,train,1
15713,5222,66,Scleractinia,/home/tahiti/MARINE_DATASETS/FathomNet_FGVC2025/data/rois/5222_15713.png,/home/tahiti/MARINE_DATASETS/FathomNet_FGVC2025/data/images/5222.png,fcc6d617f63d4af57212c9358591ed4a0d67fc9a8176e433dc2f6fb2c769419d,8ed7dce6cf0a0637396b70bab2193f02aa5ea4bb568a035a7b89166129bf1f6b,5222,4,train,4
15714,5223,15,Ceriantharia,/home/tahiti/MARINE_DATASETS/FathomNet_FGVC2025/data/rois/5223_15714.png,/home/tahiti/MARINE_DATASETS/FathomNet_FGVC2025/data/images/5223.png,4094ebc12750b3cd1b19de2452dd293fe9ebe6d985fb6416bc785a600804b2d1,099cc8b736bb4bbf1d43ecc52d8772378c5dfe0f14f9b7060cbb680c6f0fb272,5223,5,train,5
15731,5229,3,Acanthoptilum,/home/tahiti/MARINE_DATASETS/FathomNet_FGVC2025/data/rois/5229_15731.png,/home/tahiti/MARINE_DATASETS/FathomNet_FGVC2025/data/images/5229.png,a66b35d8ac1d2bccaf0138a04345d7ef9fd15540b8cb586e39366ead14b67075,58044c86fd2a3b02053ea5f1d2eb4f1816b0a7983a35c43695a40abfb6ad8af8,5229,1,train,1
15769,5245,54,Paragorgia,/home/tahiti/MARINE_DATASETS/FathomNet_FGVC2025/data/rois/5245_15769.png,/home/tahiti/MARINE_DATASETS/FathomNet_FGVC2025/data/images/5245.png,62bce5a6bb6815614e0c69b4b77e940c1703847219fd4f315bf6c99d4dbbb727,8f868bc07452a386c3221b11760142f7f4c77565d93d1fbd3cafb14c4bb89c7d,5245,0,train,0
15785,5252,4,Actinernus,/home/tahiti/MARINE_DATASETS/FathomNet_FGVC2025/data/rois/5252_15785.png,/home/tahiti/MARINE_DATASETS/FathomNet_FGVC2025/data/images/5252.png,e6c64a7c2863bc02506d4b52970771d8dc485ab65ff8763f1224c60634c88db7,2b06ab61e281b02b0f82708106a038008100e003f732d3d1b297ce347120cc8c,5252,4,train,4
15799,5262,32,Holothuroidea,/home/tahiti/MARINE_DATASETS/FathomNet_FGVC2025/data/rois/5262_15799.png,/home/tahiti/MARINE_DATASETS/FathomNet_FGVC2025/data/images/5262.png,588cd998bfe394cfc976915708d1257d2504e4fee5ac6890ceeb4606f87e5a41,088f6d1378cac22a4f822b937cdda6e4bc1bb1cd835c67ed1f452c599bd28f67,5262,0,train,0
15807,5264,76,Tunicata,/home/tahiti/MARINE_DATASETS/FathomNet_FGVC2025/data/rois/5264_15807.png,/home/tahiti/MARINE_DATASETS/FathomNet_FGVC2025/data/images/5264.png,658e7f47d9cad4b8407476d28b747fe3abc6de15153d956d520d541e34d59d2b,b4d2797f51f7b8a02229cf15e220be81891e576bfe0db5ae92072fb826800323,5264,0,train,0
15830,5280,56,Paralomis multispina,/home/tahiti/MARINE_DATASETS/FathomNet_FGVC2025/data/rois/5280_15830.png,/home/tahiti/MARINE_DATASETS/FathomNet_FGVC2025/data/images/5280.png,fb69f0660335c66ed142d85a26d185273a53f8168e0aa0b23f2fa8f4ff55db1a,e54a650d9ff2e8bf3463025ea3f618a694d3810bd7347b5e5e10fd3a5a3af735,5280,2,train,2
15832,5280,56,Paralomis multispina,/home/tahiti/MARINE_DATASETS/FathomNet_FGVC2025/data/rois/5280_15832.png,/home/tahiti/MARINE_DATASETS/FathomNet_FGVC2025/data/images/5280.png,362fa98d2fb408618a200dee5d602521d4e89ecaa340f932a69f2ccee852ab86,e54a650d9ff2e8bf3463025ea3f618a694d3810bd7347b5e5e10fd3a5a3af735,5280,2,train,2
15841,5281,14,Caridea,/home/tahiti/MARINE_DATASETS/FathomNet_FGVC2025/data/rois/5281_15841.png,/home/tahiti/MARINE_DATASETS/FathomNet_FGVC2025/data/images/5281.png,fa98590cf6dc6741b50d6ed2ae3807aa751df70e71d7508bd8c02afaadd5bf71,52bf9d857e698a04abf71b61cfac1b895439e4f094e560099cec89e47b748c06,5281,2,train,2
15879,5295,48,Ophiacanthidae,/home/tahiti/MARINE_DATASETS/FathomNet_FGVC2025/data/rois/5295_15879.png,/home/tahiti/MARINE_DATASETS/FathomNet_FGVC2025/data/images/5295.png,efded47664e1d54045a73186fca376b57a00a10a835bad60cb6dc7ec25c3a02c,715e40c5519cd99e1bdea7c855222f772c48bd1f05bf0d9658ef682d9fe78956,5295,1,train,1
15918,5314,66,Scleractinia,/home/tahiti/MARINE_DATASETS/FathomNet_FGVC2025/data/rois/5314_15918.png,/home/tahiti/MARINE_DATASETS/FathomNet_FGVC2025/data/images/5314.png,b323660c527308bc9344958272ca356a56a8b94fb7204f77b6426723ee9a5b05,54f3284716d8ce1dc155b722e18e8fbc0b76a4c405eeb7c95ea6d4b621027df1,5314,5,train,5
15925,5318,42,Metridium farcimen,/home/tahiti/MARINE_DATASETS/FathomNet_FGVC2025/data/rois/5318_15925.png,/home/tahiti/MARINE_DATASETS/FathomNet_FGVC2025/data/images/5318.png,8b072a733958aadcba348dc5fe4adba8b91c2ba4ed86042f6f84c197920872a0,24346d5e69a0211cc35233fad66196d057386563c1493b1529743464db7b49b0,5318,5,train,5
15927,5320,4,Actinernus,/home/tahiti/MARINE_DATASETS/FathomNet_FGVC2025/data/rois/5320_15927.png,/home/tahiti/MARINE_DATASETS/FathomNet_FGVC2025/data/images/5320.png,089fff14de464afce8efde77aed9f099529c69a1bb37572af7b937d603e02a8c,aec3444318dbf5d109c51c74ae90031d77dcddd9312dabd792613bdebdd64f55,5320,5,train,5
15929,5320,4,Actinernus,/home/tahiti/MARINE_DATASETS/FathomNet_FGVC2025/data/rois/5320_15929.png,/home/tahiti/MARINE_DATASETS/FathomNet_FGVC2025/data/images/5320.png,6af91f3fcff337aa3c57f6f470bdd4b73d4097dd7a92d86434dcb5f9ba5def44,aec3444318dbf5d109c51c74ae90031d77dcddd9312dabd792613bdebdd64f55,5320,5,train,5
15952,5329,42,Metridium farcimen,/home/tahiti/MARINE_DATASETS/FathomNet_FGVC2025/data/rois/5329_15952.png,/home/tahiti/MARINE_DATASETS/FathomNet_FGVC2025/data/images/5329.png,f10d23f8cc36d694a7842c47553756e002643b1e448264e27d9720791641772d,560ea70b90d52de7ce6a37ea102e66567c52cc2a2f4c7727111595bc8309e204,5329,4,train,4
15969,5339,34,Isidella tentaculum,/home/tahiti/MARINE_DATASETS/FathomNet_FGVC2025/data/rois/5339_15969.png,/home/tahiti/MARINE_DATASETS/FathomNet_FGVC2025/data/images/5339.png,25dfe551b9bb34fa88bddeb188711e3fb88cd36612bae35f5157fc007391802c,c4ebc484b413a82a7de74b650c9e2db53907b6e759397002d7dc4bf708533d66,5339,5,train,5
15981,5344,51,Pandalus amplus,/home/tahiti/MARINE_DATASETS/FathomNet_FGVC2025/data/rois/5344_15981.png,/home/tahiti/MARINE_DATASETS/FathomNet_FGVC2025/data/images/5344.png,9ebc8bb5abf73f847d3cf49f80a5900f84ef6b958f1aac5abd8d478c7e1c472f,a9f17071f2bfbd3a0e0a46000bcae6d1a580ade79d02ef03e77fe96eefccff64,5344,1,train,1
16001,5352,52,Pandalus platyceros,/home/tahiti/MARINE_DATASETS/FathomNet_FGVC2025/data/rois/5352_16001.png,/home/tahiti/MARINE_DATASETS/FathomNet_FGVC2025/data/images/5352.png,ec8cf3fd4ca6d88c0a080126b9212893c21a60e419087a16f00d218bcd69a51d,94617e2635b7200ad10563fe645b9c1cf1849bd5104176925701126f54a4f923,5352,2,train,2
16007,5352,52,Pandalus platyceros,/home/tahiti/MARINE_DATASETS/FathomNet_FGVC2025/data/rois/5352_16007.png,/home/tahiti/MARINE_DATASETS/FathomNet_FGVC2025/data/images/5352.png,7df376e152598d2e8ecc7d6a1e16585c735e70ba40d157f68d410cea5dfface1,94617e2635b7200ad10563fe645b9c1cf1849bd5104176925701126f54a4f923,5352,2,train,2
16008,5352,52,Pandalus platyceros,/home/tahiti/MARINE_DATASETS/FathomNet_FGVC2025/data/rois/5352_16008.png,/home/tahiti/MARINE_DATASETS/FathomNet_FGVC2025/data/images/5352.png,5d553c432afeb9bac5c6f25b361b89caf2844b811a98eefd629fb7f231c75370,94617e2635b7200ad10563fe645b9c1cf1849bd5104176925701126f54a4f923,5352,2,train,2
16012,5354,15,Ceriantharia,/home/tahiti/MARINE_DATASETS/FathomNet_FGVC2025/data/rois/5354_16012.png,/home/tahiti/MARINE_DATASETS/FathomNet_FGVC2025/data/images/5354.png,b58832464b47b120c5d587452c0c6722415dd047742d7929d656d393cfa0a824,c317292bd6e29050cdb2c616cd02d67620797d7d6545465281450b714d4b21b5,5354,2,train,2
16027,5362,17,Chorilia longipes,/home/tahiti/MARINE_DATASETS/FathomNet_FGVC2025/data/rois/5362_16027.png,/home/tahiti/MARINE_DATASETS/FathomNet_FGVC2025/data/images/5362.png,ab7cfdd11b84baa544b8fed9e0c1b052159afac29bea99f76b7a2ad4650b0c2d,633aaf9c38ec592f262a7b1d07602a1adf095f601864d7f636eb48cde64e64ae,5362,2,train,2
16042,5369,18,Corallimorphus pilatus,/home/tahiti/MARINE_DATASETS/FathomNet_FGVC2025/data/rois/5369_16042.png,/home/tahiti/MARINE_DATASETS/FathomNet_FGVC2025/data/images/5369.png,6a133df708a45afd9e71cd5626c27e90cf2218c5fea4bcf48f8d4a4847d960aa,111917d87233f565903d307a6b2344c80a9090b8ff15a91a8e57ba73dc5e841e,5369,1,train,1
16058,5369,18,Corallimorphus pilatus,/home/tahiti/MARINE_DATASETS/FathomNet_FGVC2025/data/rois/5369_16058.png,/home/tahiti/MARINE_DATASETS/FathomNet_FGVC2025/data/images/5369.png,83b917f7f3e0a0cd0534a14106e9faced8ecbea932ae7b47fe7f2e0bed8de056,111917d87233f565903d307a6b2344c80a9090b8ff15a91a8e57ba73dc5e841e,5369,1,train,1
16060,5369,18,Corallimorphus pilatus,/home/tahiti/MARINE_DATASETS/FathomNet_FGVC2025/data/rois/5369_16060.png,/home/tahiti/MARINE_DATASETS/FathomNet_FGVC2025/data/images/5369.png,f252a2a5f6452b253f757c099224309c3a6b78a5bd31ef1b092c6084e8b476ac,111917d87233f565903d307a6b2344c80a9090b8ff15a91a8e57ba73dc5e841e,5369,1,train,1
16062,5369,18,Corallimorphus pilatus,/home/tahiti/MARINE_DATASETS/FathomNet_FGVC2025/data/rois/5369_16062.png,/home/tahiti/MARINE_DATASETS/FathomNet_FGVC2025/data/images/5369.png,f84bd59f8fb2dce4f6ec09047ec5685a4b5703005ac3c8ab4c9e55488d752c60,111917d87233f565903d307a6b2344c80a9090b8ff15a91a8e57ba73dc5e841e,5369,1,train,1
16071,5369,18,Corallimorphus pilatus,/home/tahiti/MARINE_DATASETS/FathomNet_FGVC2025/data/rois/5369_16071.png,/home/tahiti/MARINE_DATASETS/FathomNet_FGVC2025/data/images/5369.png,9cfde413dd49ec9560aec69eb8413583064686858ed39ac68b1f13d9bd1f414d,111917d87233f565903d307a6b2344c80a9090b8ff15a91a8e57ba73dc5e841e,5369,1,train,1
16072,5369,18,Corallimorphus pilatus,/home/tahiti/MARINE_DATASETS/FathomNet_FGVC2025/data/rois/5369_16072.png,/home/tahiti/MARINE_DATASETS/FathomNet_FGVC2025/data/images/5369.png,b03bd9e634b11b35451f52fca70b0991a648727320be81975dff73cc0d9772a8,111917d87233f565903d307a6b2344c80a9090b8ff15a91a8e57ba73dc5e841e,5369,1,train,1
16099,5385,34,Isidella tentaculum,/home/tahiti/MARINE_DATASETS/FathomNet_FGVC2025/data/rois/5385_16099.png,/home/tahiti/MARINE_DATASETS/FathomNet_FGVC2025/data/images/5385.png,64a98f1229be22ac7e623f35606c1554db68c9db9b5effabaaf43bf54a110e21,72ad63b233962c35ebcee10fdf9cfb3267663b4eac7f236bf61520eb810b8349,5385,5,train,5
16101,5386,32,Holothuroidea,/home/tahiti/MARINE_DATASETS/FathomNet_FGVC2025/data/rois/5386_16101.png,/home/tahiti/MARINE_DATASETS/FathomNet_FGVC2025/data/images/5386.png,7a9ff1587fe2d7bee6949109ac40710b2ec3030d85ce08701892bd222ef7c226,2c5c3ccb01d4a2d64b673b6b5f5612e1cfe2df5f03cb471b2420b610dc6689c1,5386,1,train,1
16102,5386,32,Holothuroidea,/home/tahiti/MARINE_DATASETS/FathomNet_FGVC2025/data/rois/5386_16102.png,/home/tahiti/MARINE_DATASETS/FathomNet_FGVC2025/data/images/5386.png,72a076bc936c8be201232b03f4978bc99fd3eb318f3d8d49a4345a13049ad25a,2c5c3ccb01d4a2d64b673b6b5f5612e1cfe2df5f03cb471b2420b610dc6689c1,5386,1,train,1
16133,5399,25,Gastropoda,/home/tahiti/MARINE_DATASETS/FathomNet_FGVC2025/data/rois/5399_16133.png,/home/tahiti/MARINE_DATASETS/FathomNet_FGVC2025/data/images/5399.png,055bb4954781c8d4151b3371b7263c869f9b68a31d629e42da8a5fc85e91e522,d9f5e4e6443df3dd2e5cd2f165427fef3334502cc5603e9eb6543e6ff66cce22,5399,4,train,4
16165,5411,64,Pyrosoma atlanticum,/home/tahiti/MARINE_DATASETS/FathomNet_FGVC2025/data/rois/5411_16165.png,/home/tahiti/MARINE_DATASETS/FathomNet_FGVC2025/data/images/5411.png,4d060a253a1163efb159c95fea2459bfb9858c3030e4344f15fdbe6ce9822745,548122a96c8858473338020ceecd9cf85ed9911fb49eb1c339dcdb1a68d168c8,5411,1,train,1
16207,5422,38,Liponema brevicorne,/home/tahiti/MARINE_DATASETS/FathomNet_FGVC2025/data/rois/5422_16207.png,/home/tahiti/MARINE_DATASETS/FathomNet_FGVC2025/data/images/5422.png,a74577b98d9ef9fff882beec8577eb09b36016b100218d35e7c40c6da0716173,05cf8e71f311b33033cfa9e68d75ea6f6ea0bf1a9b442b7750acbbafee63d169,5422,0,train,0
16223,5433,64,Pyrosoma atlanticum,/home/tahiti/MARINE_DATASETS/FathomNet_FGVC2025/data/rois/5433_16223.png,/home/tahiti/MARINE_DATASETS/FathomNet_FGVC2025/data/images/5433.png,d6bb1fc032495cb558ac0d1fb4a6c20a32b79a32bc24df1e18d914b67cdb4d86,a2f901a2b5dc7228c1d7a344a50202cbfc7eccbfc4e614fddbba10da76247b67,5433,1,train,1
16230,5433,64,Pyrosoma atlanticum,/home/tahiti/MARINE_DATASETS/FathomNet_FGVC2025/data/rois/5433_16230.png,/home/tahiti/MARINE_DATASETS/FathomNet_FGVC2025/data/images/5433.png,e3b146099eb77024220f279fd6418933104b6ee436523e513265db703432f0cf,a2f901a2b5dc7228c1d7a344a50202cbfc7eccbfc4e614fddbba10da76247b67,5433,1,train,1
16255,5437,6,Actinopterygii,/home/tahiti/MARINE_DATASETS/FathomNet_FGVC2025/data/rois/5437_16255.png,/home/tahiti/MARINE_DATASETS/FathomNet_FGVC2025/data/images/5437.png,78ef3d43662707ee6e32561d4bd11897387d95fcbdd25a0e1cbc87065087ce9f,ba2161bdf3e852dcafc2bc956b1b152fbc682fb33606e57dabad32ecb3c1fbda,5437,0,train,0
16265,5443,69,Sebastes,/home/tahiti/MARINE_DATASETS/FathomNet_FGVC2025/data/rois/5443_16265.png,/home/tahiti/MARINE_DATASETS/FathomNet_FGVC2025/data/images/5443.png,11b32b9a92c3cc7513576f4bc5b5fb79a73a280ab3b13966831adddf4cabf1c6,98d267e751c4df59be72d58d655329f772f471a5608b08344eaa107cef68c7fe,5443,1,train,1
16297,5461,17,Chorilia longipes,/home/tahiti/MARINE_DATASETS/FathomNet_FGVC2025/data/rois/5461_16297.png,/home/tahiti/MARINE_DATASETS/FathomNet_FGVC2025/data/images/5461.png,42a47bd4267dcf82af2d0d152bfe83c2e71b5b04af4d45a65f5ee0f09c935890,54d22e8c55f3c4b2e25b28dab266baa733d73849ecf617028b0f58f4ec674620,5461,5,train,5
16299,5461,57,Parastenella,/home/tahiti/MARINE_DATASETS/FathomNet_FGVC2025/data/rois/5461_16299.png,/home/tahiti/MARINE_DATASETS/FathomNet_FGVC2025/data/images/5461.png,cd2c59e5537832696a7c32d1e9e8c6be54c3b15d742f2b53b8c69830f727df74,54d22e8c55f3c4b2e25b28dab266baa733d73849ecf617028b0f58f4ec674620,5461,5,train,5
16347,5485,50,Paelopatides confundens,/home/tahiti/MARINE_DATASETS/FathomNet_FGVC2025/data/rois/5485_16347.png,/home/tahiti/MARINE_DATASETS/FathomNet_FGVC2025/data/images/5485.png,538bb601935dd000e369840dfa98d33c1b069244d61275547af7952f88125e29,58b0042091f65af02f7e3543fbe277c8f5174688ac2f5a7ca39334849e0d4d20,5485,1,train,1
16349,5486,21,Elpidia,/home/tahiti/MARINE_DATASETS/FathomNet_FGVC2025/data/rois/5486_16349.png,/home/tahiti/MARINE_DATASETS/FathomNet_FGVC2025/data/images/5486.png,55a9b1da9b09a38cfc4fde2b72157b347d28446f3f8d8b0b779832da1d557e4d,c52d12c4c0ca18793bd05a5e442329edf8cdc46726372d8ce4e0267d5ae610b5,5486,1,train,1
16364,5490,78,Vesicomyidae,/home/tahiti/MARINE_DATASETS/FathomNet_FGVC2025/data/rois/5490_16364.png,/home/tahiti/MARINE_DATASETS/FathomNet_FGVC2025/data/images/5490.png,f7ad51399c1fb0883cd860071f0dc5d9abdf77f18ceb3ecfcb3e52aeea0f2201,2ad35f61abc696563b0205251e5909643e7d3c02ca48b3f5b8ddd72009ce9fd0,5490,4,train,4
16370,5490,78,Vesicomyidae,/home/tahiti/MARINE_DATASETS/FathomNet_FGVC2025/data/rois/5490_16370.png,/home/tahiti/MARINE_DATASETS/FathomNet_FGVC2025/data/images/5490.png,99363abe032e28651511c343a6343352ff1121f082de2e14e3ae887f8096d01c,2ad35f61abc696563b0205251e5909643e7d3c02ca48b3f5b8ddd72009ce9fd0,5490,4,train,4
16386,5498,54,Paragorgia,/home/tahiti/MARINE_DATASETS/FathomNet_FGVC2025/data/rois/5498_16386.png,/home/tahiti/MARINE_DATASETS/FathomNet_FGVC2025/data/images/5498.png,7674f6bd51ac5e6bbdbeeb519aadc03e01a6cf9213e85224550f41b8dac4264f,2e028bf467e7c0b29b47d649ec291650c26444b943bec2bb94d26850bf11ef55,5498,0,train,0
16411,5508,36,Isosicyonis,/home/tahiti/MARINE_DATASETS/FathomNet_FGVC2025/data/rois/5508_16411.png,/home/tahiti/MARINE_DATASETS/FathomNet_FGVC2025/data/images/5508.png,0dfa20a77eb916a3c532de8db78359fc8c78f23fb8cc1163121a1e64e46c0b3f,533a4d6ec05b78e7c0dd8cbb1ecaa0e3680b7e7f711dc9e19242073d9745dd75,5508,5,train,5
16428,5517,25,Gastropoda,/home/tahiti/MARINE_DATASETS/FathomNet_FGVC2025/data/rois/5517_16428.png,/home/tahiti/MARINE_DATASETS/FathomNet_FGVC2025/data/images/5517.png,220ab3de80ee30d390f0f78767d0713db39d1bc08a58f199001286839c740943,aa577fa8494f4928169a56d4193e6304190743e0a86916729a78c12fb04b76c6,5517,4,train,4
16436,5520,59,Pennatula phosphorea,/home/tahiti/MARINE_DATASETS/FathomNet_FGVC2025/data/rois/5520_16436.png,/home/tahiti/MARINE_DATASETS/FathomNet_FGVC2025/data/images/5520.png,9bebbc8a897c9b6998f9fbe79da2a224516fc7ce5285b6706b24dd7014ed5cda,efc1e6eeb03540eb96a4cea1cde66ea47df7c12a57c21d76047d62d701e4e8cb,5520,5,train,5
16438,5521,77,Umbellula,/home/tahiti/MARINE_DATASETS/FathomNet_FGVC2025/data/rois/5521_16438.png,/home/tahiti/MARINE_DATASETS/FathomNet_FGVC2025/data/images/5521.png,a15827a6ec4536281d5b868cb257db39eb9470f5cbe93dde18ee153532a03675,96e80853829c8adf3f37a2490f8ea949cc312423fafe77035fbdea4cd4305388,5521,0,train,0
16466,5533,77,Umbellula,/home/tahiti/MARINE_DATASETS/FathomNet_FGVC2025/data/rois/5533_16466.png,/home/tahiti/MARINE_DATASETS/FathomNet_FGVC2025/data/images/5533.png,73856423ffc746eab86d342c13ceefaa220f5e6ff0feb6adc5da53571e45167e,2b64c63f5e70eb927a83c0f7b0ac9edb40164a3071dcea73689203c8de9078ba,5533,1,train,1
16472,5538,23,Florometra serratissima,/home/tahiti/MARINE_DATASETS/FathomNet_FGVC2025/data/rois/5538_16472.png,/home/tahiti/MARINE_DATASETS/FathomNet_FGVC2025/data/images/5538.png,758f8a845bf9ef7b348fac71b09f630b574a2eca19322b5b34a2f5f26aed19d7,6691d5d9c3dc249397f8de1c9db5b962efb49ae113b5e4da56afd76ca49ae31f,5538,4,train,4
16488,5547,76,Tunicata,/home/tahiti/MARINE_DATASETS/FathomNet_FGVC2025/data/rois/5547_16488.png,/home/tahiti/MARINE_DATASETS/FathomNet_FGVC2025/data/images/5547.png,3ffc5b608b25e7165edd87cdc29e4b5ae1ab96ab88b5e1aa4fb98e20a8fec6ba,354cd42b6653db5bb7e313a5e15ce69c146e816648573b3af6ef5e2aaec9c66d,5547,1,train,1
16501,5555,32,Holothuroidea,/home/tahiti/MARINE_DATASETS/FathomNet_FGVC2025/data/rois/5555_16501.png,/home/tahiti/MARINE_DATASETS/FathomNet_FGVC2025/data/images/5555.png,1242b0cc70f0b10d7a6f2219d1fa99d0aafc2ba2afef0a12a0bb802f771ee9f9,9bf4e6de7cbf51b5deb0925867b1f83c4a02cc7dbb8c36308f8e5c0d7ebcaddf,5555,2,train,2
16535,5568,1,Abyssocucumis abyssorum,/home/tahiti/MARINE_DATASETS/FathomNet_FGVC2025/data/rois/5568_16535.png,/home/tahiti/MARINE_DATASETS/FathomNet_FGVC2025/data/images/5568.png,678fcf78d4f88a04ed2596dca6fb431eb51f2444d061c99d9ee6997dd6d13e4f,64e909a0417dfd483965ff2c79798301f10f56af7c6ee7a93fe2195975fa4b60,5568,0,train,0
16545,5572,43,Microstomus pacificus,/home/tahiti/MARINE_DATASETS/FathomNet_FGVC2025/data/rois/5572_16545.png,/home/tahiti/MARINE_DATASETS/FathomNet_FGVC2025/data/images/5572.png,f2d5ac16c6e0c886de6d7b833b67085d3d24bba1fbc41c848989713a7269e4f4,13606615ada601d42789c9606229f8e818d868325d1c58b4b4edde7e96189644,5572,1,train,1
16546,5573,42,Metridium farcimen,/home/tahiti/MARINE_DATASETS/FathomNet_FGVC2025/data/rois/5573_16546.png,/home/tahiti/MARINE_DATASETS/FathomNet_FGVC2025/data/images/5573.png,106d5546edb59c3c73970fa1a32ff534daed2adf2d75f0528895bc6706261dea,3dcdb5787df15146c649fac864cd0b2ef2468967b834aec4f9460617483dbaa2,5573,4,train,4
16552,5574,42,Metridium farcimen,/home/tahiti/MARINE_DATASETS/FathomNet_FGVC2025/data/rois/5574_16552.png,/home/tahiti/MARINE_DATASETS/FathomNet_FGVC2025/data/images/5574.png,f7e47fa56a768db14e6828aca9c24c681137e54b2f1f2b2d1dcf98e2caed6f9f,bda1219c0a6f1a54ad1506c32a0c51cf942cb55ef29d8698fa13c13aedb57806,5574,2,train,2
16558,5578,32,Holothuroidea,/home/tahiti/MARINE_DATASETS/FathomNet_FGVC2025/data/rois/5578_16558.png,/home/tahiti/MARINE_DATASETS/FathomNet_FGVC2025/data/images/5578.png,0b5013fca896f2fe948459450e03fe5cdf670b1a94adb4da27128850aece4cb1,a27a821cd7d39195b25cbb8922c15b92e2dc847280d2162b0ae46eb56d3e2afd,5578,0,train,0
16568,5584,38,Liponema brevicorne,/home/tahiti/MARINE_DATASETS/FathomNet_FGVC2025/data/rois/5584_16568.png,/home/tahiti/MARINE_DATASETS/FathomNet_FGVC2025/data/images/5584.png,829744e57864fb6b6304a368577fbaec4265911f26f1bf2c63600503a38e0d54,edc36963e737f2bd84f721d82efeb18389c2145e09bf9c9db93e3c2cd40f19a2,5584,4,train,4
16576,5592,52,Pandalus platyceros,/home/tahiti/MARINE_DATASETS/FathomNet_FGVC2025/data/rois/5592_16576.png,/home/tahiti/MARINE_DATASETS/FathomNet_FGVC2025/data/images/5592.png,ce60fdf2ecf87e5dcec5dc4427838c0c6f782b36430bef9dca7037d6307e3587,8232aad9a0abd1c7e8043bd68ef914561502bf948158ff4ab4b84414ee6536bc,5592,0,train,0
16583,5593,76,Tunicata,/home/tahiti/MARINE_DATASETS/FathomNet_FGVC2025/data/rois/5593_16583.png,/home/tahiti/MARINE_DATASETS/FathomNet_FGVC2025/data/images/5593.png,f72c0c836baacd63b1a63c5039492c6eacd684ccce4659fc56b9fb9f1b4a3029,f5cdacda0c9be2532ab2936ff8a2a8f264ded23eea554f5183eafb38ced7bf18,5593,2,train,2
16596,5593,63,Ptychogastria polaris,/home/tahiti/MARINE_DATASETS/FathomNet_FGVC2025/data/rois/5593_16596.png,/home/tahiti/MARINE_DATASETS/FathomNet_FGVC2025/data/images/5593.png,7e357a0e7414faba42940d8093dde7e8e14e72338ceea978283630bfcf399af8,f5cdacda0c9be2532ab2936ff8a2a8f264ded23eea554f5183eafb38ced7bf18,5593,2,train,2
16599,5593,63,Ptychogastria polaris,/home/tahiti/MARINE_DATASETS/FathomNet_FGVC2025/data/rois/5593_16599.png,/home/tahiti/MARINE_DATASETS/FathomNet_FGVC2025/data/images/5593.png,862ce0ba37e8608cf080eb55a4f5179c5767e16561dd9838d980fc558654cd6f,f5cdacda0c9be2532ab2936ff8a2a8f264ded23eea554f5183eafb38ced7bf18,5593,2,train,2
16609,5593,63,Ptychogastria polaris,/home/tahiti/MARINE_DATASETS/FathomNet_FGVC2025/data/rois/5593_16609.png,/home/tahiti/MARINE_DATASETS/FathomNet_FGVC2025/data/images/5593.png,82b757648b2aaa2106f598d95b98d34df03d47249caf16b8886f4bf45a40644b,f5cdacda0c9be2532ab2936ff8a2a8f264ded23eea554f5183eafb38ced7bf18,5593,2,train,2
16628,5593,76,Tunicata,/home/tahiti/MARINE_DATASETS/FathomNet_FGVC2025/data/rois/5593_16628.png,/home/tahiti/MARINE_DATASETS/FathomNet_FGVC2025/data/images/5593.png,116cd8a881f3b652e4559d30ca68b016c058ae8d2f32ea6193b7492f5ea4f57d,f5cdacda0c9be2532ab2936ff8a2a8f264ded23eea554f5183eafb38ced7bf18,5593,2,train,2
16632,5593,63,Ptychogastria polaris,/home/tahiti/MARINE_DATASETS/FathomNet_FGVC2025/data/rois/5593_16632.png,/home/tahiti/MARINE_DATASETS/FathomNet_FGVC2025/data/images/5593.png,2fd725824fd2b8a0ccc32143ba28112c88153c33c4677e292bf9d5bea7a52895,f5cdacda0c9be2532ab2936ff8a2a8f264ded23eea554f5183eafb38ced7bf18,5593,2,train,2
16638,5593,63,Ptychogastria polaris,/home/tahiti/MARINE_DATASETS/FathomNet_FGVC2025/data/rois/5593_16638.png,/home/tahiti/MARINE_DATASETS/FathomNet_FGVC2025/data/images/5593.png,5ed3a00780490315baaaa464fe204a667f38742e49263766a12b5e9d8ccbdb1c,f5cdacda0c9be2532ab2936ff8a2a8f264ded23eea554f5183eafb38ced7bf18,5593,2,train,2
16641,5593,63,Ptychogastria polaris,/home/tahiti/MARINE_DATASETS/FathomNet_FGVC2025/data/rois/5593_16641.png,/home/tahiti/MARINE_DATASETS/FathomNet_FGVC2025/data/images/5593.png,cdc84675c3b1dd2578f9336b1e718cc881074996b62404ca7f766d4c17a5fb8b,f5cdacda0c9be2532ab2936ff8a2a8f264ded23eea554f5183eafb38ced7bf18,5593,2,train,2
16652,5593,63,Ptychogastria polaris,/home/tahiti/MARINE_DATASETS/FathomNet_FGVC2025/data/rois/5593_16652.png,/home/tahiti/MARINE_DATASETS/FathomNet_FGVC2025/data/images/5593.png,732a02b4c0a75221f6a6cb85a5ca0f0d05ee2d98f130b77ad70d33a20b172d6b,f5cdacda0c9be2532ab2936ff8a2a8f264ded23eea554f5183eafb38ced7bf18,5593,2,train,2
16672,5593,63,Ptychogastria polaris,/home/tahiti/MARINE_DATASETS/FathomNet_FGVC2025/data/rois/5593_16672.png,/home/tahiti/MARINE_DATASETS/FathomNet_FGVC2025/data/images/5593.png,2e48b1bcccea00fe279f13a460fd45b3d83193618feb68a752f40c7f797bb7ff,f5cdacda0c9be2532ab2936ff8a2a8f264ded23eea554f5183eafb38ced7bf18,5593,2,train,2
16677,5595,15,Ceriantharia,/home/tahiti/MARINE_DATASETS/FathomNet_FGVC2025/data/rois/5595_16677.png,/home/tahiti/MARINE_DATASETS/FathomNet_FGVC2025/data/images/5595.png,33f83be4e4128dfc8a410cebda4a198463741fe84a87fe314bafd1c567e4b1a9,fb57e052c5144fce6d3576d6fcce90da4cf5e31edd705755dbbfa3bbcd82b6bf,5595,0,train,0
16680,5598,2,Acanthascinae,/home/tahiti/MARINE_DATASETS/FathomNet_FGVC2025/data/rois/5598_16680.png,/home/tahiti/MARINE_DATASETS/FathomNet_FGVC2025/data/images/5598.png,9dff8017e769433b94fcd95a2902f30fa75b56ee260148478379311a29ab2cbf,e1c03eb061281a32bc8f0f03d651f42b1c293fe87e1d4783e420b5bf1e6ce7ff,5598,5,train,5
16693,5603,6,Actinopterygii,/home/tahiti/MARINE_DATASETS/FathomNet_FGVC2025/data/rois/5603_16693.png,/home/tahiti/MARINE_DATASETS/FathomNet_FGVC2025/data/images/5603.png,61f0d97618ec0c51da1a194bb6ad61f5b6e21ceca9bf042639d1a9a66b8efdb2,dfdf8e84722dd0f8448b05ce1ec7966abf9637d7b2ede11ab06c435e3d082188,5603,1,train,1
16713,5612,2,Acanthascinae,/home/tahiti/MARINE_DATASETS/FathomNet_FGVC2025/data/rois/5612_16713.png,/home/tahiti/MARINE_DATASETS/FathomNet_FGVC2025/data/images/5612.png,00782b87b059975ecc45f1510c1e2b2a3a9f981fe4f9f8602b0d861046305315,49fd5109ff10276283a43d417aa5339229e239ee6c5ccdd80aac5e0bb0779b53,5612,5,train,5
16718,5616,6,Actinopterygii,/home/tahiti/MARINE_DATASETS/FathomNet_FGVC2025/data/rois/5616_16718.png,/home/tahiti/MARINE_DATASETS/FathomNet_FGVC2025/data/images/5616.png,f439148174e65485bc16d6db32949cbd3783cd335be4c3e9ef9b45ec4bb4a70a,cf78c1c63d1caf5e60896627528d44c62dbb82512f0268386c046aeb26e1631e,5616,0,train,0
16728,5623,33,Hormathiidae,/home/tahiti/MARINE_DATASETS/FathomNet_FGVC2025/data/rois/5623_16728.png,/home/tahiti/MARINE_DATASETS/FathomNet_FGVC2025/data/images/5623.png,d50ee7885da8b0cc81552001d091b0cf1d34c529ecc2897a2de0bdfef248f944,625a9895879f16b99e208d76b7350b052cc25e366fece06b6f5a639798140bd8,5623,1,train,1
16731,5625,48,Ophiacanthidae,/home/tahiti/MARINE_DATASETS/FathomNet_FGVC2025/data/rois/5625_16731.png,/home/tahiti/MARINE_DATASETS/FathomNet_FGVC2025/data/images/5625.png,1fa60d688f7295d19f9e334f61d0030f341acba6acabaebdfd7c9c51a206da9f,7301ec4d5e6c53de2be139806656ac734150fddd8bd0c48ed271ecfcf7ae00a9,5625,5,train,5
16734,5626,8,Apostichopus leukothele,/home/tahiti/MARINE_DATASETS/FathomNet_FGVC2025/data/rois/5626_16734.png,/home/tahiti/MARINE_DATASETS/FathomNet_FGVC2025/data/images/5626.png,297b5dc067e1d96cdd6ddcaddf9ac0d64384cb177cf766ddf6ff5b4b17568620,4438c8214254d304ccdc8338b1d62f98de1ef6c710ddaff4dcf4818e0a700af9,5626,2,train,2
16750,5632,38,Liponema brevicorne,/home/tahiti/MARINE_DATASETS/FathomNet_FGVC2025/data/rois/5632_16750.png,/home/tahiti/MARINE_DATASETS/FathomNet_FGVC2025/data/images/5632.png,966c489e9b4c4d71aff6f225001c064f8d78fc4826160a867a019a0b8210add6,acaf53af64aaa96773823b4ea3b0e91ab417625e8726a20e080a85c063bab3d8,5632,2,train,2
16755,5634,69,Sebastes,/home/tahiti/MARINE_DATASETS/FathomNet_FGVC2025/data/rois/5634_16755.png,/home/tahiti/MARINE_DATASETS/FathomNet_FGVC2025/data/images/5634.png,0f3272c1e4fe8e05a1b311be6fba027c96f27c7c9005e924a7bcda67ebae2d31,126b7c2dea082d9aeb2e82967e70d0bc733bb0dde7d6e1754441851dd43c9d9a,5634,2,train,2
16763,5637,34,Isidella tentaculum,/home/tahiti/MARINE_DATASETS/FathomNet_FGVC2025/data/rois/5637_16763.png,/home/tahiti/MARINE_DATASETS/FathomNet_FGVC2025/data/images/5637.png,72aafc3763ab448c2581b25445cc3de31eee62c9fa7c2afe3bce02b438c738d2,671efe70c222a049055a7bf7dfaea920508fa9caea8f0889cec71877b96795cb,5637,4,train,4
16765,5638,77,Umbellula,/home/tahiti/MARINE_DATASETS/FathomNet_FGVC2025/data/rois/5638_16765.png,/home/tahiti/MARINE_DATASETS/FathomNet_FGVC2025/data/images/5638.png,9f561568f6b75429fc9e4861e294bd96916849204acc3b821f5b2bc214da8ed3,762f9521666451ba7743d9b20ef636e1cbbdd9149641df42c4f6008dec707db9,5638,4,train,4
16780,5648,59,Pennatula phosphorea,/home/tahiti/MARINE_DATASETS/FathomNet_FGVC2025/data/rois/5648_16780.png,/home/tahiti/MARINE_DATASETS/FathomNet_FGVC2025/data/images/5648.png,239511cbaa48087007c353ed7a231afbd5cca6d42fcdd62bbaab86e67aeec1c1,9b0aa70a924c187aa236606b5fd9e615b0c218ee76e6adfca7a97637ec361221,5648,2,train,2
16784,5648,59,Pennatula phosphorea,/home/tahiti/MARINE_DATASETS/FathomNet_FGVC2025/data/rois/5648_16784.png,/home/tahiti/MARINE_DATASETS/FathomNet_FGVC2025/data/images/5648.png,f5c8bfbe71f14cc74fd5273164ab3fd1b076f6afb242824932c8e18111e6edca,9b0aa70a924c187aa236606b5fd9e615b0c218ee76e6adfca7a97637ec361221,5648,2,train,2
16800,5653,57,Parastenella,/home/tahiti/MARINE_DATASETS/FathomNet_FGVC2025/data/rois/5653_16800.png,/home/tahiti/MARINE_DATASETS/FathomNet_FGVC2025/data/images/5653.png,6459d32d4a231ba9c0f0c31caa369d4df952ec1b8e219fc368c59f9b96d1c87c,093a4b2385f3724207ac43e827a2166b17435b29ceeddbbe0934db62d88d72b9,5653,5,train,5
16802,5653,57,Parastenella,/home/tahiti/MARINE_DATASETS/FathomNet_FGVC2025/data/rois/5653_16802.png,/home/tahiti/MARINE_DATASETS/FathomNet_FGVC2025/data/images/5653.png,65a8dd3e9224d39ef2f1374f41aaa1eec32d81620f4fa7940a69604e5ee3f8ec,093a4b2385f3724207ac43e827a2166b17435b29ceeddbbe0934db62d88d72b9,5653,5,train,5
16815,5662,15,Ceriantharia,/home/tahiti/MARINE_DATASETS/FathomNet_FGVC2025/data/rois/5662_16815.png,/home/tahiti/MARINE_DATASETS/FathomNet_FGVC2025/data/images/5662.png,4ccd1ecef839aa9b369a20d2d3ac363f4d30a3eacabfaf354d34af39e16e20f4,3f6d3a9d7b3a8cbf4cb1a7f89e4319467a3363dccd70431d05b813fe3168fc04,5662,2,train,2
16826,5665,54,Paragorgia,/home/tahiti/MARINE_DATASETS/FathomNet_FGVC2025/data/rois/5665_16826.png,/home/tahiti/MARINE_DATASETS/FathomNet_FGVC2025/data/images/5665.png,b91eb3a8e2e8c50f32d49703580ecf6bf18827c9943f3cb04a8e6074dbaf89c0,867249aba03dd4317dd03371ebc31ae8dabc35e5e2174f3b1e7bdceaf4d5ec15,5665,1,train,1
16832,5669,25,Gastropoda,/home/tahiti/MARINE_DATASETS/FathomNet_FGVC2025/data/rois/5669_16832.png,/home/tahiti/MARINE_DATASETS/FathomNet_FGVC2025/data/images/5669.png,25da2f142488af1b86d9c2d3300f25f3b987523e68c1fbe4c544846760a4b2c3,5638e55e1a62c8cf264f1530b1d75ea8012ef75e9699d06dbc8593f31b143857,5669,5,train,5
16837,5669,77,Umbellula,/home/tahiti/MARINE_DATASETS/FathomNet_FGVC2025/data/rois/5669_16837.png,/home/tahiti/MARINE_DATASETS/FathomNet_FGVC2025/data/images/5669.png,98941be827fc054f11201864ecef0c407d55ac8e43d24d8ad0137c7eb0c592cf,5638e55e1a62c8cf264f1530b1d75ea8012ef75e9699d06dbc8593f31b143857,5669,5,train,5
16840,5672,54,Paragorgia,/home/tahiti/MARINE_DATASETS/FathomNet_FGVC2025/data/rois/5672_16840.png,/home/tahiti/MARINE_DATASETS/FathomNet_FGVC2025/data/images/5672.png,3e55d010dca01d95cd0fb891ee821cafc93244ab4ce649915cfba1229bd4e670,74d60d8aa8f709d6e2aff63c8519a305c3a0eea9d7f34a823b63a5cd94ca4edc,5672,1,train,1
16850,5678,31,Hippasteria,/home/tahiti/MARINE_DATASETS/FathomNet_FGVC2025/data/rois/5678_16850.png,/home/tahiti/MARINE_DATASETS/FathomNet_FGVC2025/data/images/5678.png,831148dec844be9049397c54fb9f60388cb7d8c690c8575b1af3cb96fdf8e069,af23d19134ffe14b1a8a8f14192bc37deb9c096669a98d1653e778c81544c1a9,5678,2,train,2
16855,5680,76,Tunicata,/home/tahiti/MARINE_DATASETS/FathomNet_FGVC2025/data/rois/5680_16855.png,/home/tahiti/MARINE_DATASETS/FathomNet_FGVC2025/data/images/5680.png,6aa5b93874ad44188ce9eb2f267e07cd527e8d082089194e93ed3fc00e57e431,8d9fdd644d9772125ad11abd8b08040a82d6de82d9f303f6f275649544813983,5680,2,train,2
16880,5685,76,Tunicata,/home/tahiti/MARINE_DATASETS/FathomNet_FGVC2025/data/rois/5685_16880.png,/home/tahiti/MARINE_DATASETS/FathomNet_FGVC2025/data/images/5685.png,9f86e61d8e2c6a8d004661bc7176e269e09cc1904bd3208d3152f98e03c4d4b4,f3a455504e097bf02e39c066c014ff6583aa2d3aa20cb4df95011c6a35d2b70d,5685,0,train,0
16889,5685,76,Tunicata,/home/tahiti/MARINE_DATASETS/FathomNet_FGVC2025/data/rois/5685_16889.png,/home/tahiti/MARINE_DATASETS/FathomNet_FGVC2025/data/images/5685.png,942cab96bb3bb279e672c41f5158a3d0114b66df9f0c50ab272a01b802201cb1,f3a455504e097bf02e39c066c014ff6583aa2d3aa20cb4df95011c6a35d2b70d,5685,0,train,0
16900,5689,33,Hormathiidae,/home/tahiti/MARINE_DATASETS/FathomNet_FGVC2025/data/rois/5689_16900.png,/home/tahiti/MARINE_DATASETS/FathomNet_FGVC2025/data/images/5689.png,a667b2317d698fdb07d8cfe2ff291a2ed202a52c92cacd2e702741b4651e4f36,368e2d8434129afdf399b515db9ed1fdfe92ae669da704d2742507c9740ecd4d,5689,4,train,4
16902,5689,20,Delectopecten,/home/tahiti/MARINE_DATASETS/FathomNet_FGVC2025/data/rois/5689_16902.png,/home/tahiti/MARINE_DATASETS/FathomNet_FGVC2025/data/images/5689.png,63b73afdfb2efb1f1abf96de86797761ee569accdc0743501e2ef8dab63073ad,368e2d8434129afdf399b515db9ed1fdfe92ae669da704d2742507c9740ecd4d,5689,4,train,4
16908,5690,77,Umbellula,/home/tahiti/MARINE_DATASETS/FathomNet_FGVC2025/data/rois/5690_16908.png,/home/tahiti/MARINE_DATASETS/FathomNet_FGVC2025/data/images/5690.png,717f40641aa59350f18d93e85999b3bb008fda7acc30d9404135dd85b45e3f50,218d699df3dd2c90cb836f074553fbf9cb5e1bc80186151c928b2bfd385b7622,5690,2,train,2
16914,5691,32,Holothuroidea,/home/tahiti/MARINE_DATASETS/FathomNet_FGVC2025/data/rois/5691_16914.png,/home/tahiti/MARINE_DATASETS/FathomNet_FGVC2025/data/images/5691.png,3ec220a1b505140fbb9fefa49a013495085d8a1008079b2e40f9388179d1df9c,95139ac4b5d6af0a5a09895e004b6bc209d0d961adbc7a8d0682ce165d457565,5691,2,train,2
16945,5710,64,Pyrosoma atlanticum,/home/tahiti/MARINE_DATASETS/FathomNet_FGVC2025/data/rois/5710_16945.png,/home/tahiti/MARINE_DATASETS/FathomNet_FGVC2025/data/images/5710.png,48faa6f2e8f79ec1f49b4d8873390011d29c20c21adf336e1ef28468907fcf08,7d88ff1e772206e7a2f1443f4eeb3baacfeadd301cfab59b56c0605fa0cc419b,5710,2,train,2
16946,5711,21,Elpidia,/home/tahiti/MARINE_DATASETS/FathomNet_FGVC2025/data/rois/5711_16946.png,/home/tahiti/MARINE_DATASETS/FathomNet_FGVC2025/data/images/5711.png,cd4ce3ced4777e43781bd4405ed09a2e5d65263d3877a44018b20e3f391fbe9d,858f0bcd2214690e06f3f9cfb0d0c47b445375c6525aa38e4a4dfec98f85e2df,5711,1,train,1
16966,5722,43,Microstomus pacificus,/home/tahiti/MARINE_DATASETS/FathomNet_FGVC2025/data/rois/5722_16966.png,/home/tahiti/MARINE_DATASETS/FathomNet_FGVC2025/data/images/5722.png,0a5d486f02f39960d773090cd2133d23c6e39fa5c8357f130dcbb24e5e7c8902,7e584bf4b67780275baa01416fa6d9225aaa600bf1ce501e9a4954509696ed0b,5722,1,train,1
16992,5740,32,Holothuroidea,/home/tahiti/MARINE_DATASETS/FathomNet_FGVC2025/data/rois/5740_16992.png,/home/tahiti/MARINE_DATASETS/FathomNet_FGVC2025/data/images/5740.png,08a780d9edc994c66fdfce4524e8214cf01c2499bff08a36010ccb8f47a1158d,a680c0fb93cff7b62e1a8c34b99d3d60be96fc6cd3a5ebd4e2f6308b92f963e7,5740,4,train,4
17055,5774,38,Liponema brevicorne,/home/tahiti/MARINE_DATASETS/FathomNet_FGVC2025/data/rois/5774_17055.png,/home/tahiti/MARINE_DATASETS/FathomNet_FGVC2025/data/images/5774.png,833e25d44d0227956228fbf5ed8eb92a227f6cbf36ca5b73ee73a679b0620637,facc2b2acf670a527f1433e12b956652b6b3d39b1333b87196e1ebdb8040be15,5774,4,train,4
17063,5779,57,Parastenella,/home/tahiti/MARINE_DATASETS/FathomNet_FGVC2025/data/rois/5779_17063.png,/home/tahiti/MARINE_DATASETS/FathomNet_FGVC2025/data/images/5779.png,9befd0b650f08b6307bc384548b513061bffe900eadbc4bfd17a4a97a4e33d3a,e2d41e904221eb3ed0449c30c89b81c6a24ea927abe9a18aec7822008ed04f00,5779,5,train,5
17086,5799,7,Amphipoda,/home/tahiti/MARINE_DATASETS/FathomNet_FGVC2025/data/rois/5799_17086.png,/home/tahiti/MARINE_DATASETS/FathomNet_FGVC2025/data/images/5799.png,f8173ab0b9c4dd71e83887877f3c91f2760a285874595d3f15415ba9872bcd76,6654646ed823e1e1cde0a4f036f379a0e08387d8436f3d4a150a2b3cfdbea97a,5799,2,train,2
17092,5801,52,Pandalus platyceros,/home/tahiti/MARINE_DATASETS/FathomNet_FGVC2025/data/rois/5801_17092.png,/home/tahiti/MARINE_DATASETS/FathomNet_FGVC2025/data/images/5801.png,b30a4d004a49271613491549f794d81ee96e7e917f9a8d7693c6fe6318450009,198217516cb90c1c33446fdd5936b443e6899513b84ce01962f33d6b4d477de3,5801,1,train,1
17110,5806,70,Sebastes diploproa,/home/tahiti/MARINE_DATASETS/FathomNet_FGVC2025/data/rois/5806_17110.png,/home/tahiti/MARINE_DATASETS/FathomNet_FGVC2025/data/images/5806.png,acde1f7357b340c55e55caf761487ed1a6be18f84c8a55fd0f92308cfc382076,4f81489d275d476b904778ad5b4897555c20bb1c8ec46269d9ac8c59df306f15,5806,5,train,5
17146,5821,12,Benthocodon pedunculata,/home/tahiti/MARINE_DATASETS/FathomNet_FGVC2025/data/rois/5821_17146.png,/home/tahiti/MARINE_DATASETS/FathomNet_FGVC2025/data/images/5821.png,c5de2c49f3c50b198a297959a87a0c2e64936936444c6f3002bc62201b179123,26a179df9049f00e4dbed76e9d5c058574ca19d798f30e35d6ee197e978ede4e,5821,4,train,4
17158,5821,12,Benthocodon pedunculata,/home/tahiti/MARINE_DATASETS/FathomNet_FGVC2025/data/rois/5821_17158.png,/home/tahiti/MARINE_DATASETS/FathomNet_FGVC2025/data/images/5821.png,9f11fb117f66d8b9d694c52928a4eda688920337a454010768b5c2cdb174853a,26a179df9049f00e4dbed76e9d5c058574ca19d798f30e35d6ee197e978ede4e,5821,4,train,4
17161,5823,32,Holothuroidea,/home/tahiti/MARINE_DATASETS/FathomNet_FGVC2025/data/rois/5823_17161.png,/home/tahiti/MARINE_DATASETS/FathomNet_FGVC2025/data/images/5823.png,a22298a8e7dd3768137744ccae162e5ba8bd9a4c6e7fd34a718f750882212e15,b36ab2d925d4780f02c0c29fbb6c4ce9d88b82aa062ee38d12ae3463954b19f4,5823,5,train,5
17176,5827,77,Umbellula,/home/tahiti/MARINE_DATASETS/FathomNet_FGVC2025/data/rois/5827_17176.png,/home/tahiti/MARINE_DATASETS/FathomNet_FGVC2025/data/images/5827.png,2f00cef31e8e2c74eb610b9bff5d2e2c906a39d38d03cdf0f2d51e879fcf7d5a,4c25e9cc58251bb50f713b42d4094bba6363fa7eea8f33b405832e6a988264fa,5827,0,train,0
17178,5829,34,Isidella tentaculum,/home/tahiti/MARINE_DATASETS/FathomNet_FGVC2025/data/rois/5829_17178.png,/home/tahiti/MARINE_DATASETS/FathomNet_FGVC2025/data/images/5829.png,8888a2f63e3d2ce43b323c8c2e4347f8662d7024ff71ac9126084d689b268cab,b6f88ae3201f9fbc588e2ed36071683a170cbec4ae3641f1b89f062e60ec0861,5829,0,train,0
17186,5833,39,Lithodidae,/home/tahiti/MARINE_DATASETS/FathomNet_FGVC2025/data/rois/5833_17186.png,/home/tahiti/MARINE_DATASETS/FathomNet_FGVC2025/data/images/5833.png,0615b1e3cc4eaabf40af4bc389da200fba5b1cfc07493d3307de7cd4d1e60f0a,ff13bbf13d80ea28fabcf31f27eb3f27cf9a3bb23704dc0c398add24ef3015db,5833,2,train,2
17196,5839,38,Liponema brevicorne,/home/tahiti/MARINE_DATASETS/FathomNet_FGVC2025/data/rois/5839_17196.png,/home/tahiti/MARINE_DATASETS/FathomNet_FGVC2025/data/images/5839.png,5e0c9a9c91780a72574da97b669bf3e93e4cb324d456c3602793a4bde77a7634,d2176dfaeae089733e89cd1537ea1dc234a90071ca5ab4151233424d8b348b91,5839,2,train,2
17198,5840,61,Psathyrometra fragilis,/home/tahiti/MARINE_DATASETS/FathomNet_FGVC2025/data/rois/5840_17198.png,/home/tahiti/MARINE_DATASETS/FathomNet_FGVC2025/data/images/5840.png,45d918e2dfd10933a7f0ec9bf57a1b0fc2c576ae639a3bcca7659c4c4f81a464,d4ad358c0a68104f4d2ccea00b2afd2a357119f73b2f08c8ebec4a5c702d964f,5840,1,train,1
17209,5850,21,Elpidia,/home/tahiti/MARINE_DATASETS/FathomNet_FGVC2025/data/rois/5850_17209.png,/home/tahiti/MARINE_DATASETS/FathomNet_FGVC2025/data/images/5850.png,8d05b9710f61243112fdda09cea541b9edb0268caf1fc23341e5e203f0e72239,ab2c97d1a31cf1d20e515283781716297b585e8e9784aea76ac05c92186ba427,5850,5,train,5
17214,5853,27,Heterocarpus,/home/tahiti/MARINE_DATASETS/FathomNet_FGVC2025/data/rois/5853_17214.png,/home/tahiti/MARINE_DATASETS/FathomNet_FGVC2025/data/images/5853.png,b2f616bd7a56142183478bed52832ee365bff3f3148c959866dd074893a5f9a6,b018ac5142f990ad08b68395b28ca048a6f031e13dfc180c23fd1a09812389cf,5853,0,train,0
17239,5866,56,Paralomis multispina,/home/tahiti/MARINE_DATASETS/FathomNet_FGVC2025/data/rois/5866_17239.png,/home/tahiti/MARINE_DATASETS/FathomNet_FGVC2025/data/images/5866.png,623d4588692725965918bf7c9970460d74ce77072f3e9954524b05ce2cb842e2,4ae1822e3b8f5ee1caf79b7f5b02a467724717561962934571d335ff0781305f,5866,2,train,2
17240,5866,56,Paralomis multispina,/home/tahiti/MARINE_DATASETS/FathomNet_FGVC2025/data/rois/5866_17240.png,/home/tahiti/MARINE_DATASETS/FathomNet_FGVC2025/data/images/5866.png,8f07f504b643d398b45ba0b0a8a96b6591bcd6e70e028a748d21f2d855dd15e6,4ae1822e3b8f5ee1caf79b7f5b02a467724717561962934571d335ff0781305f,5866,2,train,2
17290,5878,32,Holothuroidea,/home/tahiti/MARINE_DATASETS/FathomNet_FGVC2025/data/rois/5878_17290.png,/home/tahiti/MARINE_DATASETS/FathomNet_FGVC2025/data/images/5878.png,1cd3c9dae2f1737750fd50d98cfe9d1841c700d783c006d69a2a0f6f6cb956a0,88bef7e5d496761c8f6d78af7b4a73b77a634555700a04708f3d6b5ba8443d48,5878,5,train,5
17313,5882,18,Corallimorphus pilatus,/home/tahiti/MARINE_DATASETS/FathomNet_FGVC2025/data/rois/5882_17313.png,/home/tahiti/MARINE_DATASETS/FathomNet_FGVC2025/data/images/5882.png,69975c244bc315778e948b242f95a38f6e20f77f5f1d0f614d4c14f974fad64a,134ce97c90442c586b728826cf6b23c9cc8b8c1f530863914e5381513d9dc5f2,5882,1,train,1
17316,5882,18,Corallimorphus pilatus,/home/tahiti/MARINE_DATASETS/FathomNet_FGVC2025/data/rois/5882_17316.png,/home/tahiti/MARINE_DATASETS/FathomNet_FGVC2025/data/images/5882.png,60a08dc5296dbde9978034888ee8621544d4bced5d8ea2178f026c0174181dbf,134ce97c90442c586b728826cf6b23c9cc8b8c1f530863914e5381513d9dc5f2,5882,1,train,1
17329,5884,8,Apostichopus leukothele,/home/tahiti/MARINE_DATASETS/FathomNet_FGVC2025/data/rois/5884_17329.png,/home/tahiti/MARINE_DATASETS/FathomNet_FGVC2025/data/images/5884.png,1ca2d6890a0cfcb482f1a533d56ff7da19b704138dd1e1fd8f3b0314445e80d3,64e2cefda7974ef2dd03f94d7d49f7b54b0556360bf5af1bc1d4d6a38c142dae,5884,4,train,4
17360,5896,31,Hippasteria,/home/tahiti/MARINE_DATASETS/FathomNet_FGVC2025/data/rois/5896_17360.png,/home/tahiti/MARINE_DATASETS/FathomNet_FGVC2025/data/images/5896.png,3f25625dda31f5f5b37c11249135450302b88dfadd3f39241b3337ef03d86411,b6b9075b9a0dda98d0f203ae790c32c256af6b36d8c0cfb924615301dc70f1a9,5896,2,train,2
17379,5906,34,Isidella tentaculum,/home/tahiti/MARINE_DATASETS/FathomNet_FGVC2025/data/rois/5906_17379.png,/home/tahiti/MARINE_DATASETS/FathomNet_FGVC2025/data/images/5906.png,dd199684e77c65b36d1b32e9a3fb55563ff5dc286d8f1ca77ca5facc02b6d28c,347370afb1d941d1766034b3ad246bdc90682c753a5789ad06a2b6e7fd8e36d6,5906,1,train,1
17409,5923,48,Ophiacanthidae,/home/tahiti/MARINE_DATASETS/FathomNet_FGVC2025/data/rois/5923_17409.png,/home/tahiti/MARINE_DATASETS/FathomNet_FGVC2025/data/images/5923.png,7c1f88b75ac6d0c256fa9688e947e52b4bd89b1f0b8cbc01d2d6aea9425c0e0f,e2b5e016235e98a41ce3e2dff845649704c7fafb0f9f4cef080ec5b625d4e3b1,5923,0,train,0
17438,5942,31,Hippasteria,/home/tahiti/MARINE_DATASETS/FathomNet_FGVC2025/data/rois/5942_17438.png,/home/tahiti/MARINE_DATASETS/FathomNet_FGVC2025/data/images/5942.png,7ff20e3c9920546d93f214bd6ff7ec2d0d632e513f7d4182f7a659b26edbd62d,505b50f920c81a2c5a988965174a8719898ae4bdbb980b91dbaf73b175a8a2ce,5942,4,train,4
17440,5943,32,Holothuroidea,/home/tahiti/MARINE_DATASETS/FathomNet_FGVC2025/data/rois/5943_17440.png,/home/tahiti/MARINE_DATASETS/FathomNet_FGVC2025/data/images/5943.png,63efbe238c46d45033a1f40c35952fbf1fb3cdf1e107a0a10b9ad2fa0090ba19,e87d320ddad6933b359777e94ce131a6b1382e03210555af525341c5f55e386b,5943,5,train,5
17448,5948,10,Asbestopluma monticola,/home/tahiti/MARINE_DATASETS/FathomNet_FGVC2025/data/rois/5948_17448.png,/home/tahiti/MARINE_DATASETS/FathomNet_FGVC2025/data/images/5948.png,ff8b9e4b447e281e180f6b82f26759b1933d1e2a8994cf702efdf561b2879b8f,1b2ea9fe2f72056a414092fe4b7d8cd809f4f15064bc61e15f86dd3bad1e380b,5948,0,train,0
17466,5960,38,Liponema brevicorne,/home/tahiti/MARINE_DATASETS/FathomNet_FGVC2025/data/rois/5960_17466.png,/home/tahiti/MARINE_DATASETS/FathomNet_FGVC2025/data/images/5960.png,364ffe9f61f99097620f3bddf415ce51ba96b233da353d46983629b02dc8c3b7,e8a1c701b5e7c5843263ae0df6ac39c603c7500aa772797364b82f79a7fecd80,5960,2,train,2
17508,5981,9,Asbestopluma,/home/tahiti/MARINE_DATASETS/FathomNet_FGVC2025/data/rois/5981_17508.png,/home/tahiti/MARINE_DATASETS/FathomNet_FGVC2025/data/images/5981.png,48eabc514ef32bdf2d6b312dcc36305fae4768b6d2589057aaf4a8b0b428ce8b,da730d4b6da422364e50e5d898d900e8105a3a37837db23cae817c19726b45fd,5981,5,train,5
17509,5982,31,Hippasteria,/home/tahiti/MARINE_DATASETS/FathomNet_FGVC2025/data/rois/5982_17509.png,/home/tahiti/MARINE_DATASETS/FathomNet_FGVC2025/data/images/5982.png,d47139ab5f349986aac42af2453d166c13d85830be325abb8cad6cf581ddb935,8e5f22e4da1936a65986bc1bf60750af49da4ea0f76c4daeca6d1189c8713d85,5982,5,train,5
17539,5999,1,Abyssocucumis abyssorum,/home/tahiti/MARINE_DATASETS/FathomNet_FGVC2025/data/rois/5999_17539.png,/home/tahiti/MARINE_DATASETS/FathomNet_FGVC2025/data/images/5999.png,e90ea26d2a87e36327939bbe3ac7c367dd1f9e0ef18221702889b7781ffdb032,093da0dcfeb207db4284bdcfe22661697747a428035a86d65ba003de9a35b9f7,5999,0,train,0
17545,6003,27,Heterocarpus,/home/tahiti/MARINE_DATASETS/FathomNet_FGVC2025/data/rois/6003_17545.png,/home/tahiti/MARINE_DATASETS/FathomNet_FGVC2025/data/images/6003.png,046b7b73bf8b323ea13abffd20d852a7bb62e4de9cbbae48f6d3965d0bde72d9,60e05afd6fc35099a76a03aae0ae572c3aed1eaf22f21fac88b8f6d120806ecc,6003,1,train,1
17550,6004,39,Lithodidae,/home/tahiti/MARINE_DATASETS/FathomNet_FGVC2025/data/rois/6004_17550.png,/home/tahiti/MARINE_DATASETS/FathomNet_FGVC2025/data/images/6004.png,b1d5bf84e278004f96ab8d2abb6e8037f097a384f617f11526c0a20fef630e74,89d53c7bd6cdc71fbef8bb8348a77172eb0a1a65ee062d52e95e9b4ee78c8152,6004,2,train,2
17555,6007,54,Paragorgia,/home/tahiti/MARINE_DATASETS/FathomNet_FGVC2025/data/rois/6007_17555.png,/home/tahiti/MARINE_DATASETS/FathomNet_FGVC2025/data/images/6007.png,db7fc642a6b8eb2cb936ae07553531cbea3af5e96db22b4eae9130ec126c21dd,e9693b9a7240229437248ebe6675d10afd8cd1898b66a0eef9e2c41fc070fb01,6007,5,train,5
17563,6009,33,Hormathiidae,/home/tahiti/MARINE_DATASETS/FathomNet_FGVC2025/data/rois/6009_17563.png,/home/tahiti/MARINE_DATASETS/FathomNet_FGVC2025/data/images/6009.png,25186b7bb889749bc2f36d73a8d982a3349bf165a1f07acbf025aa621c6890a4,42dc69d5a8a19088d585a46d451cc333a0bd074a8daa2848733dd7ea22329ae6,6009,4,train,4
17565,6011,7,Amphipoda,/home/tahiti/MARINE_DATASETS/FathomNet_FGVC2025/data/rois/6011_17565.png,/home/tahiti/MARINE_DATASETS/FathomNet_FGVC2025/data/images/6011.png,613b6892598bc2af10090a091de98ae7a188f07b479873c0681a0a7e77680499,7a1b9a0791549930dcc21387b17c79a12d5dc8c2323bf71a57770ee283b137fb,6011,0,train,0
17605,6033,31,Hippasteria,/home/tahiti/MARINE_DATASETS/FathomNet_FGVC2025/data/rois/6033_17605.png,/home/tahiti/MARINE_DATASETS/FathomNet_FGVC2025/data/images/6033.png,6bbfefde5f7bd96430e310c8f71ef23e04571eea1c2932b798ef8d1fb174aa11,3fd179894f173954cfac1f117afae46bdb1638973ac9390dada69e95a51db47e,6033,5,train,5
17619,6042,9,Asbestopluma,/home/tahiti/MARINE_DATASETS/FathomNet_FGVC2025/data/rois/6042_17619.png,/home/tahiti/MARINE_DATASETS/FathomNet_FGVC2025/data/images/6042.png,d8cb33ddbf90a65ac3dd2fc822bc1a18066608d8b7a607cdf37ffa45ba9db8f5,81d64a603aa37f9b3db80efa5229581ef7e933ff0d1ac07d4470f8270c0d2e3e,6042,0,train,0
17638,6054,56,Paralomis multispina,/home/tahiti/MARINE_DATASETS/FathomNet_FGVC2025/data/rois/6054_17638.png,/home/tahiti/MARINE_DATASETS/FathomNet_FGVC2025/data/images/6054.png,d459c5971ed9370977f2860211228cc9b93a314e0f623fe80beb082086b69018,849fa0cb9e5152dbbcd57e651de1c1d22e79a35fcc1b969cb4e2f119fbd9c588,6054,5,train,5
17682,6071,64,Pyrosoma atlanticum,/home/tahiti/MARINE_DATASETS/FathomNet_FGVC2025/data/rois/6071_17682.png,/home/tahiti/MARINE_DATASETS/FathomNet_FGVC2025/data/images/6071.png,344f048a51ede09692bc5e6bc74a5f06ffa898fa56dc3392b54e0395c9bef34e,21c1e2a5f81b6902ca3fc55918c662f9a6283b5b8df3304d64a424e1c4a0ad46,6071,4,train,4
17685,6073,20,Delectopecten,/home/tahiti/MARINE_DATASETS/FathomNet_FGVC2025/data/rois/6073_17685.png,/home/tahiti/MARINE_DATASETS/FathomNet_FGVC2025/data/images/6073.png,ecaa72321184f7a8372f425d9d9d1a7abdb5694833341b140f219233349b8dc4,3c50019a5ac0281ca910ab3da01691e7d8aa35f60ebed1df76b26fd70da2c6f8,6073,4,train,4
17689,6074,46,Mycale,/home/tahiti/MARINE_DATASETS/FathomNet_FGVC2025/data/rois/6074_17689.png,/home/tahiti/MARINE_DATASETS/FathomNet_FGVC2025/data/images/6074.png,fee14331b5c9dece1520e69b603520090f18ad54ee243a2ce65c4c144efba321,cf2643a7663355d0ab356fc7217e17031994c319bbe0b48800c5ea4102141c2e,6074,5,train,5
17695,6079,12,Benthocodon pedunculata,/home/tahiti/MARINE_DATASETS/FathomNet_FGVC2025/data/rois/6079_17695.png,/home/tahiti/MARINE_DATASETS/FathomNet_FGVC2025/data/images/6079.png,1a67834a46f3035ab50aa0dc9143b050ed8da8781f8ed4fa970a7e9c04a5a269,25fe1d4cd08cb24e7387eb30af91141fe29533fe2b26b5acd645fa1bf5f402b0,6079,1,train,1
17732,6096,57,Parastenella,/home/tahiti/MARINE_DATASETS/FathomNet_FGVC2025/data/rois/6096_17732.png,/home/tahiti/MARINE_DATASETS/FathomNet_FGVC2025/data/images/6096.png,098a60a0be94e8baf479a33d44fa649d7b960f7c55f2a5c997e7841a4746054a,5a01c21bb48f8d16da34c69ccc5d814cf66d2d57c4cdac213d40a1a10895d2aa,6096,4,train,4
17748,6099,46,Mycale,/home/tahiti/MARINE_DATASETS/FathomNet_FGVC2025/data/rois/6099_17748.png,/home/tahiti/MARINE_DATASETS/FathomNet_FGVC2025/data/images/6099.png,8a5f036c1562bf8f9b1cc90bebfb042835c222dac067860611016833bc7b9023,95a9bc13c706cf405c43ea41c9742f331e29050882924a7a81ca600f7a5a3214,6099,2,train,2
17763,6107,1,Abyssocucumis abyssorum,/home/tahiti/MARINE_DATASETS/FathomNet_FGVC2025/data/rois/6107_17763.png,/home/tahiti/MARINE_DATASETS/FathomNet_FGVC2025/data/images/6107.png,ea62afe3603de257462d951d7e49f57671b4cb49571b7d3cbaddc559e4a7e4e5,6aabd5fa6efe22b74e33899416d3d21504d097d772cbfc480f954c306ecf4429,6107,0,train,0
17770,6108,10,Asbestopluma monticola,/home/tahiti/MARINE_DATASETS/FathomNet_FGVC2025/data/rois/6108_17770.png,/home/tahiti/MARINE_DATASETS/FathomNet_FGVC2025/data/images/6108.png,75c73a0ca151b3a45fe8dfac94b12fa891315845f3eebcef0d7243ee3d1db351,b1d829bdf0652f86df5e6a57692f6fe4b7702461351693f9850e092c80fab6d6,6108,1,train,1
17772,6108,10,Asbestopluma monticola,/home/tahiti/MARINE_DATASETS/FathomNet_FGVC2025/data/rois/6108_17772.png,/home/tahiti/MARINE_DATASETS/FathomNet_FGVC2025/data/images/6108.png,aa06c6ade2c5e1cb4d4e5b675b8602f75ad6071edd7c96684e9e24de1c5a20a8,b1d829bdf0652f86df5e6a57692f6fe4b7702461351693f9850e092c80fab6d6,6108,1,train,1
17773,6108,10,Asbestopluma monticola,/home/tahiti/MARINE_DATASETS/FathomNet_FGVC2025/data/rois/6108_17773.png,/home/tahiti/MARINE_DATASETS/FathomNet_FGVC2025/data/images/6108.png,fdea26f393d4de4679f2d2bc0d25cd7fa29b0d469e6c266a70d3697431489609,b1d829bdf0652f86df5e6a57692f6fe4b7702461351693f9850e092c80fab6d6,6108,1,train,1
17782,6112,75,Terebellidae,/home/tahiti/MARINE_DATASETS/FathomNet_FGVC2025/data/rois/6112_17782.png,/home/tahiti/MARINE_DATASETS/FathomNet_FGVC2025/data/images/6112.png,c9ca7443926e9f64eaa444e2eb516596178b2385e514459e585c731bfea46943,5a5bb3de092d332e8a5226a1919f0ad100c493af6ff84931f985a86b0bccade7,6112,4,train,4
17820,6120,32,Holothuroidea,/home/tahiti/MARINE_DATASETS/FathomNet_FGVC2025/data/rois/6120_17820.png,/home/tahiti/MARINE_DATASETS/FathomNet_FGVC2025/data/images/6120.png,368c2392f41cdf0ee635031014f7b910edc24d3d11a93fff83628c66d739111b,97912330138df64baacbf3c85d688bc892b391ecaee8debd490721d181a4688f,6120,5,train,5
17833,6127,31,Hippasteria,/home/tahiti/MARINE_DATASETS/FathomNet_FGVC2025/data/rois/6127_17833.png,/home/tahiti/MARINE_DATASETS/FathomNet_FGVC2025/data/images/6127.png,5b9672b6fd88bea325891e7db6ebc02289da9f2d6e0865cc485d8f153fae8aa5,1a99d8e2376add51f1de956d70ea05fa15428e04058a812dab2f28f416e36c86,6127,0,train,0
17834,6128,75,Terebellidae,/home/tahiti/MARINE_DATASETS/FathomNet_FGVC2025/data/rois/6128_17834.png,/home/tahiti/MARINE_DATASETS/FathomNet_FGVC2025/data/images/6128.png,7c548e17c995f779859d04a69e29c3aade4bd5420885e5533b209e8b3a596a01,04da5a7627a7dc4d44e10919d49b12be3280f1e0f1894652c2ae767ee4ecaadf,6128,0,train,0
17837,6128,75,Terebellidae,/home/tahiti/MARINE_DATASETS/FathomNet_FGVC2025/data/rois/6128_17837.png,/home/tahiti/MARINE_DATASETS/FathomNet_FGVC2025/data/images/6128.png,d34c9fba23df15279058282367e13ce1a22203756f48260bdd4837b862edf4ca,04da5a7627a7dc4d44e10919d49b12be3280f1e0f1894652c2ae767ee4ecaadf,6128,0,train,0
17844,6128,75,Terebellidae,/home/tahiti/MARINE_DATASETS/FathomNet_FGVC2025/data/rois/6128_17844.png,/home/tahiti/MARINE_DATASETS/FathomNet_FGVC2025/data/images/6128.png,8a401d75e2741de8316b8c11bbd1f1d3fe313174eeb4349a3013746be36e7d23,04da5a7627a7dc4d44e10919d49b12be3280f1e0f1894652c2ae767ee4ecaadf,6128,0,train,0
17856,6131,4,Actinernus,/home/tahiti/MARINE_DATASETS/FathomNet_FGVC2025/data/rois/6131_17856.png,/home/tahiti/MARINE_DATASETS/FathomNet_FGVC2025/data/images/6131.png,f5566fc0a71a2a34f8d268f5b43fd6813191f75121a838aaa77be2410a8a549a,25ea01a372d9aab5e6cda4c17905d9a80170c682a7ee23706c269a4ba6ff1322,6131,2,train,2
17860,6131,4,Actinernus,/home/tahiti/MARINE_DATASETS/FathomNet_FGVC2025/data/rois/6131_17860.png,/home/tahiti/MARINE_DATASETS/FathomNet_FGVC2025/data/images/6131.png,b1973a15c53d9a75f63ebe481cf3ec599220b6d25c497c4c137b4ba6d62b4e82,25ea01a372d9aab5e6cda4c17905d9a80170c682a7ee23706c269a4ba6ff1322,6131,2,train,2
17865,6131,4,Actinernus,/home/tahiti/MARINE_DATASETS/FathomNet_FGVC2025/data/rois/6131_17865.png,/home/tahiti/MARINE_DATASETS/FathomNet_FGVC2025/data/images/6131.png,42c7b88be95484b68c495699bb507559ce10de5f67c0884e0599251f7978da57,25ea01a372d9aab5e6cda4c17905d9a80170c682a7ee23706c269a4ba6ff1322,6131,2,train,2
17886,6144,39,Lithodidae,/home/tahiti/MARINE_DATASETS/FathomNet_FGVC2025/data/rois/6144_17886.png,/home/tahiti/MARINE_DATASETS/FathomNet_FGVC2025/data/images/6144.png,7f0b4ce94b77f7c3a51c964d1507cfffd2084242f22d3036b329432a9d3e76a5,4287ffbcab9312527c19638a7ee4b8d39326ec47e2f9e38c57ea73a77c61b9f8,6144,0,train,0
17902,6151,78,Vesicomyidae,/home/tahiti/MARINE_DATASETS/FathomNet_FGVC2025/data/rois/6151_17902.png,/home/tahiti/MARINE_DATASETS/FathomNet_FGVC2025/data/images/6151.png,95e1bc49e9e471050e558b5f2189687ffa615ee5f20678ac46ca550feda4bdaf,b18d831e8f3728866a3ee836c3c13ac868722b7e4b58137487bb4b6a23b370ed,6151,1,train,1
17905,6151,78,Vesicomyidae,/home/tahiti/MARINE_DATASETS/FathomNet_FGVC2025/data/rois/6151_17905.png,/home/tahiti/MARINE_DATASETS/FathomNet_FGVC2025/data/images/6151.png,f608f7903719108f195c3bbe8a84841b150944124074e03668dcebb39d097b4e,b18d831e8f3728866a3ee836c3c13ac868722b7e4b58137487bb4b6a23b370ed,6151,1,train,1
17907,6151,78,Vesicomyidae,/home/tahiti/MARINE_DATASETS/FathomNet_FGVC2025/data/rois/6151_17907.png,/home/tahiti/MARINE_DATASETS/FathomNet_FGVC2025/data/images/6151.png,0413a18d7df70385f03f5353b694a1a41320624dc9ed28426247825fecb9056e,b18d831e8f3728866a3ee836c3c13ac868722b7e4b58137487bb4b6a23b370ed,6151,1,train,1
17911,6151,78,Vesicomyidae,/home/tahiti/MARINE_DATASETS/FathomNet_FGVC2025/data/rois/6151_17911.png,/home/tahiti/MARINE_DATASETS/FathomNet_FGVC2025/data/images/6151.png,aea55fa1f92051fd82d551fcd82ab15e156435b546b6972b3fc052037282d854,b18d831e8f3728866a3ee836c3c13ac868722b7e4b58137487bb4b6a23b370ed,6151,1,train,1
17914,6152,57,Parastenella,/home/tahiti/MARINE_DATASETS/FathomNet_FGVC2025/data/rois/6152_17914.png,/home/tahiti/MARINE_DATASETS/FathomNet_FGVC2025/data/images/6152.png,a97071934cdae8ea119914e18c0a37c483517771fa58784b73ea1f96ae6f1512,425cc2785c9a93aa32f8331a5f3183a42165ca7585aee5c3499634a60964d069,6152,4,train,4
17926,6159,26,Gersemia juliepackardae,/home/tahiti/MARINE_DATASETS/FathomNet_FGVC2025/data/rois/6159_17926.png,/home/tahiti/MARINE_DATASETS/FathomNet_FGVC2025/data/images/6159.png,0b8bfa1f7d148f1a4a10d4edbca61a2b68559b33c0cf295397c198e640055adc,4480c8a9b963789099d277a1578e9edd60e0b2abbc5de2c7adc308e3c02ab951,6159,4,train,4
17928,6160,9,Asbestopluma,/home/tahiti/MARINE_DATASETS/FathomNet_FGVC2025/data/rois/6160_17928.png,/home/tahiti/MARINE_DATASETS/FathomNet_FGVC2025/data/images/6160.png,baf21e83c2f16b8fa4b0481a574c91ac9d1e3ee8fe0d6fc18d0c810315c259f3,08d22dfb63b54fe9f44eab51e054b9c14aeb33a8d5b76c318e719179d066194f,6160,0,train,0
17948,6170,40,Mediaster aequalis,/home/tahiti/MARINE_DATASETS/FathomNet_FGVC2025/data/rois/6170_17948.png,/home/tahiti/MARINE_DATASETS/FathomNet_FGVC2025/data/images/6170.png,787fee98d53665918e9ffc72fea146f7c76a483069261e469fd5fef431957e4d,4a385bd93d9f7f9cfe3e5f7d494948bbe78c4e0afe96f1e32d88b90b8e2b8610,6170,4,train,4
17950,6171,23,Florometra serratissima,/home/tahiti/MARINE_DATASETS/FathomNet_FGVC2025/data/rois/6171_17950.png,/home/tahiti/MARINE_DATASETS/FathomNet_FGVC2025/data/images/6171.png,bb1f78500a49606b12ddd3f90bc3d8ab83946c5568fa879d5ca6c38d36e2899a,90c596fa3661f1a6bae63207edad8e0084f7c798122f694fe64d5876eec569a3,6171,2,train,2
17961,6178,27,Heterocarpus,/home/tahiti/MARINE_DATASETS/FathomNet_FGVC2025/data/rois/6178_17961.png,/home/tahiti/MARINE_DATASETS/FathomNet_FGVC2025/data/images/6178.png,fa9bb90b1bfc0d638423d688002a13e87c7bcd9c40be1725f2624ac0bf71e841,5472adef1e863af3bf20b3df056c34d32e7ee0840ec1e9a0e7e6e7b59385a6b0,6178,4,train,4
17967,6179,43,Microstomus pacificus,/home/tahiti/MARINE_DATASETS/FathomNet_FGVC2025/data/rois/6179_17967.png,/home/tahiti/MARINE_DATASETS/FathomNet_FGVC2025/data/images/6179.png,9a21b7a88ed8e0b2c32b90d98e3503a2abf8463a6d7304de93453ef50ccabe0b,8c4e4648bea3a4ab5485d34941812517c6b2ef953567eb92e90108bba3d379bb,6179,0,train,0
17982,6183,23,Florometra serratissima,/home/tahiti/MARINE_DATASETS/FathomNet_FGVC2025/data/rois/6183_17982.png,/home/tahiti/MARINE_DATASETS/FathomNet_FGVC2025/data/images/6183.png,25abdddd3934f27b38c9d083093c836835d970059289eca304e8ffb388f08347,5bcd8150b5230ba5c4bd61eb33882b3b2762b896ca40fb300c83fc8fe87495a9,6183,2,train,2
17983,6183,23,Florometra serratissima,/home/tahiti/MARINE_DATASETS/FathomNet_FGVC2025/data/rois/6183_17983.png,/home/tahiti/MARINE_DATASETS/FathomNet_FGVC2025/data/images/6183.png,0b36e35266029d08bd08e5102d789d55a19d4bb8dc470ed7e1078d9ee0d24e50,5bcd8150b5230ba5c4bd61eb33882b3b2762b896ca40fb300c83fc8fe87495a9,6183,2,train,2
18009,6196,27,Heterocarpus,/home/tahiti/MARINE_DATASETS/FathomNet_FGVC2025/data/rois/6196_18009.png,/home/tahiti/MARINE_DATASETS/FathomNet_FGVC2025/data/images/6196.png,8d7b60505cbb629eae5f9b622269c95d755f0573ac80953ed02f6f4389927863,7b9584b223a48a117209f39193345034638d3183414d9bef17e3598e8ab29e19,6196,5,train,5
18042,6207,8,Apostichopus leukothele,/home/tahiti/MARINE_DATASETS/FathomNet_FGVC2025/data/rois/6207_18042.png,/home/tahiti/MARINE_DATASETS/FathomNet_FGVC2025/data/images/6207.png,788960091a7cc22d5d3763da66095e8b612b64bd8920e9638c5e061e45b7844e,a07e143610d76b5e6f32e5e67f0675ac7e0940fb47caa0b95948effec6f3eaf2,6207,4,train,4
18062,6218,51,Pandalus amplus,/home/tahiti/MARINE_DATASETS/FathomNet_FGVC2025/data/rois/6218_18062.png,/home/tahiti/MARINE_DATASETS/FathomNet_FGVC2025/data/images/6218.png,61a35eee9a324f336f79236d4a337c443a45578f00bd3c7b4c9b6533e6e23293,f1ecc0aa4fffcc6715c581b9c12c574ddecfba09931566fe355a4062042c47b4,6218,5,train,5
18079,6226,32,Holothuroidea,/home/tahiti/MARINE_DATASETS/FathomNet_FGVC2025/data/rois/6226_18079.png,/home/tahiti/MARINE_DATASETS/FathomNet_FGVC2025/data/images/6226.png,32316daa20ec61ed61af07a6e083f5c9ad7b1db6ca46b462353ff2ae21cdd4f5,c6ab0e771a23a28a0bd1626651de09b870b14e04d0597d5868411cf76532bea7,6226,1,train,1
18098,6228,7,Amphipoda,/home/tahiti/MARINE_DATASETS/FathomNet_FGVC2025/data/rois/6228_18098.png,/home/tahiti/MARINE_DATASETS/FathomNet_FGVC2025/data/images/6228.png,fbc56e75c340a4751a0e012c0eab7a507b9b995e910a4b380729923831f43b62,ef5f6a7df4dbbbc0f12b45ec225e3aee111bdf98016f9bdf0486a7d99e3ddcfe,6228,0,train,0
18119,6232,20,Delectopecten,/home/tahiti/MARINE_DATASETS/FathomNet_FGVC2025/data/rois/6232_18119.png,/home/tahiti/MARINE_DATASETS/FathomNet_FGVC2025/data/images/6232.png,24f4856a95a23df0957b881757fa0017145ab1019effb9fe9b06363de6e3b79c,0b9fa2e669fc414f422181f388a73f0b0de18afb502be99b92bcf53e2f502891,6232,2,train,2
18154,6245,46,Mycale,/home/tahiti/MARINE_DATASETS/FathomNet_FGVC2025/data/rois/6245_18154.png,/home/tahiti/MARINE_DATASETS/FathomNet_FGVC2025/data/images/6245.png,247957b3b7423166acc680496bddace0f43907e3916caa07c82f65c2d1521490,7b2104ffeb9455b3d4dc3495599680bfdd39a36d5d31db29f1fc57a2a0e431d5,6245,4,train,4
18169,6255,51,Pandalus amplus,/home/tahiti/MARINE_DATASETS/FathomNet_FGVC2025/data/rois/6255_18169.png,/home/tahiti/MARINE_DATASETS/FathomNet_FGVC2025/data/images/6255.png,208e0783e5aa28a2015142ad6d354ea5febc9b02fe90039d56c9b2ffa129736c,694c4a974fd92528b923a1abb43962cad1f73364664b9735a76993176f68fe74,6255,1,train,1
18182,6262,32,Holothuroidea,/home/tahiti/MARINE_DATASETS/FathomNet_FGVC2025/data/rois/6262_18182.png,/home/tahiti/MARINE_DATASETS/FathomNet_FGVC2025/data/images/6262.png,18ba5927ac10f57f85ce5b3bc348a5add12fbf9256abd3c7f2bed5c64755fdb0,3e8cf876841b9e201fab3fb776659c4cd10f3ea2a5e3380a6bb88849cd27b5b3,6262,5,train,5
18183,6263,38,Liponema brevicorne,/home/tahiti/MARINE_DATASETS/FathomNet_FGVC2025/data/rois/6263_18183.png,/home/tahiti/MARINE_DATASETS/FathomNet_FGVC2025/data/images/6263.png,494a1a15f9cfb449abd5dc38657b44201f8066ddd65430a27571c5b4411f77ea,99d03280464392ba9f51a61365a239dcb34ec140125c02548c06b6ea5af2e7b0,6263,1,train,1
18187,6264,12,Benthocodon pedunculata,/home/tahiti/MARINE_DATASETS/FathomNet_FGVC2025/data/rois/6264_18187.png,/home/tahiti/MARINE_DATASETS/FathomNet_FGVC2025/data/images/6264.png,3cf7a285d73a09e6dc535a93ab902356db580f3042d6f26bc62ffb1b734e981f,fd49c7582d6e811cd7e0833faf978c443cf99bbef5322f65074bd1fec26f47ff,6264,0,train,0
18195,6270,56,Paralomis multispina,/home/tahiti/MARINE_DATASETS/FathomNet_FGVC2025/data/rois/6270_18195.png,/home/tahiti/MARINE_DATASETS/FathomNet_FGVC2025/data/images/6270.png,b9707944cf77a028b527e7133dfef7de184f8f33d55346144a7330f057c54aec,88e63cd1cc4aa5c66ca64aea80ad50c25eeeef6085cac1f959513bee5d95abaa,6270,1,train,1
18207,6277,15,Ceriantharia,/home/tahiti/MARINE_DATASETS/FathomNet_FGVC2025/data/rois/6277_18207.png,/home/tahiti/MARINE_DATASETS/FathomNet_FGVC2025/data/images/6277.png,f7fbc79c32cddd7e57ec0a5cdadbe84d053fa9d2126b1ad85b113895e15786ca,a3384c249c3ae848f9adff1a25a9661c0578e1cd08d64419d6df4020278070f5,6277,0,train,0
18231,6294,64,Pyrosoma atlanticum,/home/tahiti/MARINE_DATASETS/FathomNet_FGVC2025/data/rois/6294_18231.png,/home/tahiti/MARINE_DATASETS/FathomNet_FGVC2025/data/images/6294.png,650d7c82e52cb83e0aa630929bf05d7f7b286025ff9f07b190a57e5bba51058b,042247d63ff9cf3663724c8886b911df8af30064e997dfb17a827429a868e5e2,6294,2,train,2
18269,6302,26,Gersemia juliepackardae,/home/tahiti/MARINE_DATASETS/FathomNet_FGVC2025/data/rois/6302_18269.png,/home/tahiti/MARINE_DATASETS/FathomNet_FGVC2025/data/images/6302.png,7ff0ebc44c0213a776648e28e046c435afdf5a25b1857f935b81b27c975ff7a8,15ff88b171e61a731808e81151a3b01abe50a2568ea807a53122640137a4f09d,6302,2,train,2
18294,6310,40,Mediaster aequalis,/home/tahiti/MARINE_DATASETS/FathomNet_FGVC2025/data/rois/6310_18294.png,/home/tahiti/MARINE_DATASETS/FathomNet_FGVC2025/data/images/6310.png,c32db9ba0cc9ee9c0429f575e092e6e818d23bd5fb352bb6868bb8506f0f9e9e,eca48127070031ea12faa21550689e837f64516f00114b5d47aff202bbbce304,6310,2,train,2
18297,6310,40,Mediaster aequalis,/home/tahiti/MARINE_DATASETS/FathomNet_FGVC2025/data/rois/6310_18297.png,/home/tahiti/MARINE_DATASETS/FathomNet_FGVC2025/data/images/6310.png,03a872bf3919161ea222efb12a7bdd286cc6a1b1842ab32c261d56817afd2b62,eca48127070031ea12faa21550689e837f64516f00114b5d47aff202bbbce304,6310,2,train,2
18313,6322,33,Hormathiidae,/home/tahiti/MARINE_DATASETS/FathomNet_FGVC2025/data/rois/6322_18313.png,/home/tahiti/MARINE_DATASETS/FathomNet_FGVC2025/data/images/6322.png,44b4132b9458091e519cafb0f47256a28dcbc85f82feb891e8304b0508a83aeb,b92f196a68fc33531ca534cf9578f87f4e556255379b5572b8dcd29013eb459e,6322,0,train,0
18345,6339,7,Amphipoda,/home/tahiti/MARINE_DATASETS/FathomNet_FGVC2025/data/rois/6339_18345.png,/home/tahiti/MARINE_DATASETS/FathomNet_FGVC2025/data/images/6339.png,876cdaaaff330f6c48fec18998cd02b414f716ddbb5edbe592ed9a8cd5660d99,b4af6e16a14425a12ec5b8d11f5baaf9ecffbcdc8f90edbf2a5a1c7769639fcf,6339,5,train,5
18364,6351,56,Paralomis multispina,/home/tahiti/MARINE_DATASETS/FathomNet_FGVC2025/data/rois/6351_18364.png,/home/tahiti/MARINE_DATASETS/FathomNet_FGVC2025/data/images/6351.png,7d8218f5130b9ab2abaec55cf4506de480c14b6f869cecbf018b5efe7fda8f5f,b17562ce65e7f7f3f1df889e033b1ffd4121da2170c4a879651dd7f2d2909177,6351,1,train,1
18378,6360,21,Elpidia,/home/tahiti/MARINE_DATASETS/FathomNet_FGVC2025/data/rois/6360_18378.png,/home/tahiti/MARINE_DATASETS/FathomNet_FGVC2025/data/images/6360.png,b805405dbbb29002233dbe13871303e9b696998718fd0b456ae41410983663b3,44d426b3f9851cef8917c351986e5e00c48370f8464e946b27715d14b2e64a54,6360,1,train,1
18413,6377,64,Pyrosoma atlanticum,/home/tahiti/MARINE_DATASETS/FathomNet_FGVC2025/data/rois/6377_18413.png,/home/tahiti/MARINE_DATASETS/FathomNet_FGVC2025/data/images/6377.png,bc6ce300c92a6f900e001a8a86e299637f94cb948c230469b6045fbef50a62f5,7fd60708468d4c809ac1d4cd77b25ee1049514f849fc195ab358cf1c8934ffc4,6377,2,train,2
18415,6379,15,Ceriantharia,/home/tahiti/MARINE_DATASETS/FathomNet_FGVC2025/data/rois/6379_18415.png,/home/tahiti/MARINE_DATASETS/FathomNet_FGVC2025/data/images/6379.png,802b2e527834ad1612dd18f8855ef2a2f408980130905a0146cf0efb404ea58f,71440398d9835a529cee5acd8f61e5b6808a6df1973fa4394687f2b0656965d0,6379,5,train,5
18433,6390,13,Brisingida,/home/tahiti/MARINE_DATASETS/FathomNet_FGVC2025/data/rois/6390_18433.png,/home/tahiti/MARINE_DATASETS/FathomNet_FGVC2025/data/images/6390.png,52b8fa093fbdbdc6b74b3bad66f99631a8ce7bb7540a69214d76fd0dcf0906f1,981a3a7e4ae4b06ea1f7bcc00e4aacca77eca0e04677da7eb28c059ed721ad7e,6390,0,train,0
18453,6393,70,Sebastes diploproa,/home/tahiti/MARINE_DATASETS/FathomNet_FGVC2025/data/rois/6393_18453.png,/home/tahiti/MARINE_DATASETS/FathomNet_FGVC2025/data/images/6393.png,e1ed5b3e76c1607b3f69a90f1ab3d8956a6d76462d6816204e5e64d0e87fa132,a2c01377e4ea05e456ec0e967b6a084859e92a7d476a806ca1c6dd59835904d0,6393,5,train,5
18460,6394,43,Microstomus pacificus,/home/tahiti/MARINE_DATASETS/FathomNet_FGVC2025/data/rois/6394_18460.png,/home/tahiti/MARINE_DATASETS/FathomNet_FGVC2025/data/images/6394.png,d14e1ce2fc60efa0bbc6beb9f07b1743ae32ba027df7d973b4c8b0fbf97027ea,beec1ef9f3a77485b348d4782625677f475f833a7b62cc693fdb1574aa1cbd62,6394,0,train,0
18482,6405,14,Caridea,/home/tahiti/MARINE_DATASETS/FathomNet_FGVC2025/data/rois/6405_18482.png,/home/tahiti/MARINE_DATASETS/FathomNet_FGVC2025/data/images/6405.png,ec0db4666e975435fdaab0d50bdf72680d0c819cb98cace0f960f86b8707fe1f,0cc68e57f61900525c21bd19cb32bb37cfa2def7867da13460d18788fb16f7d8,6405,5,train,5
18490,6407,48,Ophiacanthidae,/home/tahiti/MARINE_DATASETS/FathomNet_FGVC2025/data/rois/6407_18490.png,/home/tahiti/MARINE_DATASETS/FathomNet_FGVC2025/data/images/6407.png,fbe6c2d902b07f9c3bb399ab4c84d9da33e3bc8f2fda2abe67e7a632f56c482a,4a946c75d5dfa47b7791af1bc5dd82fbe102dd7ab5fce7debd4cd14fafac2002,6407,2,train,2
18506,6416,61,Psathyrometra fragilis,/home/tahiti/MARINE_DATASETS/FathomNet_FGVC2025/data/rois/6416_18506.png,/home/tahiti/MARINE_DATASETS/FathomNet_FGVC2025/data/images/6416.png,2ecab1be3c74d7aea6e7f8a98e34e8d6684a90720127d6fd201c9acc7be4f36a,9752d5d2b01c77f1c85bc3a5066b21e4859dc3e8ebccc1ffe6b36f3010fa27a2,6416,4,train,4
18514,6421,2,Acanthascinae,/home/tahiti/MARINE_DATASETS/FathomNet_FGVC2025/data/rois/6421_18514.png,/home/tahiti/MARINE_DATASETS/FathomNet_FGVC2025/data/images/6421.png,7c6b58dbb3f4248a46b8aa44e221d4c8c0169d6fa9d9c83ff98c7612476a1072,07400128c32d4af65819c50be73ee10e496fb213b9d77a71104dd52628b1d218,6421,2,train,2
18518,6424,33,Hormathiidae,/home/tahiti/MARINE_DATASETS/FathomNet_FGVC2025/data/rois/6424_18518.png,/home/tahiti/MARINE_DATASETS/FathomNet_FGVC2025/data/images/6424.png,e240bf38aa26e82f103d1b05b6c0a7fec2c541da10065dc73fbf50638e358ec1,bea0cc51da3b89a81bda006e4a0a68e447ee0c59a66efe180da064bcfc92afef,6424,2,train,2
18530,6434,57,Parastenella,/home/tahiti/MARINE_DATASETS/FathomNet_FGVC2025/data/rois/6434_18530.png,/home/tahiti/MARINE_DATASETS/FathomNet_FGVC2025/data/images/6434.png,5652629aed3121df5a0f0fcdd590ce9514e2e269604ad20b4da8502d7749275d,bb76960b882acbd8bb0f289ccd4770bb3bfbd5b04051769ccee9cf7cd27ffe73,6434,1,train,1
18548,6441,15,Ceriantharia,/home/tahiti/MARINE_DATASETS/FathomNet_FGVC2025/data/rois/6441_18548.png,/home/tahiti/MARINE_DATASETS/FathomNet_FGVC2025/data/images/6441.png,93daede92f4c4c5f574210adc6a57846ccfe2e7c6b7aadbd8a8f56909f9b3154,d36de67a98b34fd5482d72c4a3bbc4841909dbd82e2bc1f8d39f771d3c3bbb97,6441,0,train,0
18549,6441,3,Acanthoptilum,/home/tahiti/MARINE_DATASETS/FathomNet_FGVC2025/data/rois/6441_18549.png,/home/tahiti/MARINE_DATASETS/FathomNet_FGVC2025/data/images/6441.png,0216c485515aa0436b5147413bf68248794922d21ee2969e4e7092a402f240a2,d36de67a98b34fd5482d72c4a3bbc4841909dbd82e2bc1f8d39f771d3c3bbb97,6441,0,train,0
18570,6455,66,Scleractinia,/home/tahiti/MARINE_DATASETS/FathomNet_FGVC2025/data/rois/6455_18570.png,/home/tahiti/MARINE_DATASETS/FathomNet_FGVC2025/data/images/6455.png,87996359a3e16360b7ddb3b1d9fe8f8c6cfde16fedbcc9f176dfe8c071d44661,89975bfb1e55016daf1ca60894d651aa021cb366577a0c64776a6accad0200c5,6455,5,train,5
18573,6455,66,Scleractinia,/home/tahiti/MARINE_DATASETS/FathomNet_FGVC2025/data/rois/6455_18573.png,/home/tahiti/MARINE_DATASETS/FathomNet_FGVC2025/data/images/6455.png,3fad76857215d9c8dac87e383d0e8bdd3b9539d8d9fc7479d40903dbd511548b,89975bfb1e55016daf1ca60894d651aa021cb366577a0c64776a6accad0200c5,6455,5,train,5
18587,6456,14,Caridea,/home/tahiti/MARINE_DATASETS/FathomNet_FGVC2025/data/rois/6456_18587.png,/home/tahiti/MARINE_DATASETS/FathomNet_FGVC2025/data/images/6456.png,73d32326dcffcced28afb6a932f604167ac4984196d02a522e239d09bb5ff907,c5a25526973e3c782d2cf319d84992acdb7a05255d6fd961652854ae94814cb2,6456,1,train,1
18589,6458,34,Isidella tentaculum,/home/tahiti/MARINE_DATASETS/FathomNet_FGVC2025/data/rois/6458_18589.png,/home/tahiti/MARINE_DATASETS/FathomNet_FGVC2025/data/images/6458.png,b8554dc95df8711aa64d75a0dab85c1f2b9772cf90af1fc2e24cc21c1df4fc67,8ed18c630b70db1219e1e6d0d53f6db1bfe90fde97c74d3a1f2b16c7e9828ef8,6458,5,train,5
18594,6461,51,Pandalus amplus,/home/tahiti/MARINE_DATASETS/FathomNet_FGVC2025/data/rois/6461_18594.png,/home/tahiti/MARINE_DATASETS/FathomNet_FGVC2025/data/images/6461.png,4728527aef09e93cfd09f7fcf7286f132bf7042de7302c54cc6204c9fcb4a023,d3c5c7c72f0d0033f5d7210bbb6a41a0b198e2fcfe766200ec550ef4910f071a,6461,5,train,5
18609,6470,31,Hippasteria,/home/tahiti/MARINE_DATASETS/FathomNet_FGVC2025/data/rois/6470_18609.png,/home/tahiti/MARINE_DATASETS/FathomNet_FGVC2025/data/images/6470.png,3519428f649019662329980170cabbc55c11d79d4b99a90b22bb5e6926e8f9b9,a268d03063823536265e3880b3ff95b6b0af165b38a9e72c7a69642cdbc71160,6470,0,train,0
18611,6472,21,Elpidia,/home/tahiti/MARINE_DATASETS/FathomNet_FGVC2025/data/rois/6472_18611.png,/home/tahiti/MARINE_DATASETS/FathomNet_FGVC2025/data/images/6472.png,c0b2dea7b50d0656faea81df3525adc1dd31c9da73305c71d431a26ba7247008,5d550bf1abca37fb99f521769392df079308595cca5dec46cc0cf08ce43e2431,6472,5,train,5
18618,6475,66,Scleractinia,/home/tahiti/MARINE_DATASETS/FathomNet_FGVC2025/data/rois/6475_18618.png,/home/tahiti/MARINE_DATASETS/FathomNet_FGVC2025/data/images/6475.png,e589cafa89bf78adb6cc9bc1a53c83fe07160ce97ab9ed7cdb46bbcacb011116,ecd381b8cf52c2253e39f832e74d77a71544b77f364d7ce1862e3e52b956dcc4,6475,5,train,5
18621,6475,66,Scleractinia,/home/tahiti/MARINE_DATASETS/FathomNet_FGVC2025/data/rois/6475_18621.png,/home/tahiti/MARINE_DATASETS/FathomNet_FGVC2025/data/images/6475.png,8bcd48ee6df6355e877463475610a7436dcd59492c8d51ade194c0dc4864483c,ecd381b8cf52c2253e39f832e74d77a71544b77f364d7ce1862e3e52b956dcc4,6475,5,train,5
18629,6478,4,Actinernus,/home/tahiti/MARINE_DATASETS/FathomNet_FGVC2025/data/rois/6478_18629.png,/home/tahiti/MARINE_DATASETS/FathomNet_FGVC2025/data/images/6478.png,a5bbd5f7a763a34df7b4785947154b681d24ee2cdc30a943bdc70b8f173e04a3,fd8635cd184a15a6399170db4188a3a0886dffe80445081f99f548ebf148829b,6478,0,train,0
18633,6480,33,Hormathiidae,/home/tahiti/MARINE_DATASETS/FathomNet_FGVC2025/data/rois/6480_18633.png,/home/tahiti/MARINE_DATASETS/FathomNet_FGVC2025/data/images/6480.png,8e9f277a0a9a35cf86a4ef20d7e5e7a75d45f65f37830cd7e5a6774dca5c7f89,9a539df31087ea9bbe1701365d45a47b80f6d24ee987878a53a3f1ed08f92fad,6480,2,train,2
18654,6487,34,Isidella tentaculum,/home/tahiti/MARINE_DATASETS/FathomNet_FGVC2025/data/rois/6487_18654.png,/home/tahiti/MARINE_DATASETS/FathomNet_FGVC2025/data/images/6487.png,ef2d38f0fb8cccc471337f1a6f51dfa7406511397aeedbca07eaac6ebf63f55a,4fbd9050e1ba7773cbd061efda2b05a4ff06af236872e7c2b66c3316e01a6035,6487,4,train,4
18703,6515,20,Delectopecten,/home/tahiti/MARINE_DATASETS/FathomNet_FGVC2025/data/rois/6515_18703.png,/home/tahiti/MARINE_DATASETS/FathomNet_FGVC2025/data/images/6515.png,8dc2e0f8cfb73c48286b9f2aab575bd68aa8553f293d7b415d683d5b9fcb72e6,4d4832716921b39cc2bb02e721507e2de3b3917ee9fb92a1e9b07fe8afe30c71,6515,2,train,2
18712,6520,8,Apostichopus leukothele,/home/tahiti/MARINE_DATASETS/FathomNet_FGVC2025/data/rois/6520_18712.png,/home/tahiti/MARINE_DATASETS/FathomNet_FGVC2025/data/images/6520.png,07ab0ef3f8174558b95c8e0b3255d82a0c4f64d98eb0d7cf3929dafb07f0917c,f9f979922033bfb33b3e030b4a5689c0ae4f71aba4040bd59bd7c6ac0ce570da,6520,4,train,4
18753,6545,4,Actinernus,/home/tahiti/MARINE_DATASETS/FathomNet_FGVC2025/data/rois/6545_18753.png,/home/tahiti/MARINE_DATASETS/FathomNet_FGVC2025/data/images/6545.png,bf20671c84edd1bfc603ab88821a03bec13b288fdab5ff9e8adbd114002e48ce,6333d3752830014de19a2b8006e94fd497b74dc0116c697103f2c2d6bf8d7b92,6545,5,train,5
18761,6550,23,Florometra serratissima,/home/tahiti/MARINE_DATASETS/FathomNet_FGVC2025/data/rois/6550_18761.png,/home/tahiti/MARINE_DATASETS/FathomNet_FGVC2025/data/images/6550.png,e8e2fea13de827de2d0c0caaa6ed00227cf5b7507fe8a3f4648330cb2a407395,92589507ade8e5b1df2b38ea20f6198f4aae8b9feb3393d21e79fc9bb9de08b3,6550,1,train,1
18765,6553,57,Parastenella,/home/tahiti/MARINE_DATASETS/FathomNet_FGVC2025/data/rois/6553_18765.png,/home/tahiti/MARINE_DATASETS/FathomNet_FGVC2025/data/images/6553.png,eda633f4330f1309147eb2270bfe03d189bdfe1f003dca78ee332abb42131975,97501498cacd8a28d215887d42e9672fd140f25de54ad3920bd367f593c788fa,6553,0,train,0
18776,6559,21,Elpidia,/home/tahiti/MARINE_DATASETS/FathomNet_FGVC2025/data/rois/6559_18776.png,/home/tahiti/MARINE_DATASETS/FathomNet_FGVC2025/data/images/6559.png,dd6e84e6275e02157aaaea367eadd141c7f55a1efe8a30727f1df375422bca30,f2957bd6c1f63ec6c02fd833fabd1808a7c27203eb20a9476584ba1e41628ac7,6559,4,train,4
18782,6564,1,Abyssocucumis abyssorum,/home/tahiti/MARINE_DATASETS/FathomNet_FGVC2025/data/rois/6564_18782.png,/home/tahiti/MARINE_DATASETS/FathomNet_FGVC2025/data/images/6564.png,3fb115f1bd4bc8728c3302e645f3b110ebc64d386512c3e6007ec75351b1e659,6272a18062833aaf17faacc1434d85efe64073fd980cd872efa9f4d3c2674cb5,6564,2,train,2
18798,6573,17,Chorilia longipes,/home/tahiti/MARINE_DATASETS/FathomNet_FGVC2025/data/rois/6573_18798.png,/home/tahiti/MARINE_DATASETS/FathomNet_FGVC2025/data/images/6573.png,8b9c4ab8474c087d3b6e13975c8019ca2da86affd1c7e1465ba83ff7e2bd9f81,aac59a318ef0ef9a0b75ec9899c16ba16daa390bf19f402a7398e6e3eeca4570,6573,1,train,1
18829,6591,1,Abyssocucumis abyssorum,/home/tahiti/MARINE_DATASETS/FathomNet_FGVC2025/data/rois/6591_18829.png,/home/tahiti/MARINE_DATASETS/FathomNet_FGVC2025/data/images/6591.png,483191f39077af71ce4e28a1fb739a65561eeac885e1f0b2337c7dcba9cf5c51,66554484783bcef7835b19b2bb852b293c5cb668416a0ec2560c8717a0a63721,6591,0,train,0
18831,6592,78,Vesicomyidae,/home/tahiti/MARINE_DATASETS/FathomNet_FGVC2025/data/rois/6592_18831.png,/home/tahiti/MARINE_DATASETS/FathomNet_FGVC2025/data/images/6592.png,d3fb2ac212354679c2b7b77885648cf9f663f79573812856e1c83fe4442cedea,4af9dba217adda075486178735de5780111e54fcc91f7c7d174362cad8fa8719,6592,5,train,5
18843,6595,4,Actinernus,/home/tahiti/MARINE_DATASETS/FathomNet_FGVC2025/data/rois/6595_18843.png,/home/tahiti/MARINE_DATASETS/FathomNet_FGVC2025/data/images/6595.png,15cd590762d9a8f637f0c461469b7d4be2a42c38c3f6ece381555c7f5ac8d804,d468c9190a757b1c47cd2999ed143b92bf60fdab6df0c6690ec1f1a8565c0c54,6595,4,train,4
18844,6595,4,Actinernus,/home/tahiti/MARINE_DATASETS/FathomNet_FGVC2025/data/rois/6595_18844.png,/home/tahiti/MARINE_DATASETS/FathomNet_FGVC2025/data/images/6595.png,161514ec026984202df24fe377766a590f527ddf4703c3861f0fa5f2fd129e17,d468c9190a757b1c47cd2999ed143b92bf60fdab6df0c6690ec1f1a8565c0c54,6595,4,train,4
18854,6600,31,Hippasteria,/home/tahiti/MARINE_DATASETS/FathomNet_FGVC2025/data/rois/6600_18854.png,/home/tahiti/MARINE_DATASETS/FathomNet_FGVC2025/data/images/6600.png,454f2638b555f4a6bffa1f74ae84b425293aaa15c145cf45f93098b7b1e6436c,f00c20efbc709c5ef587cc9a6a66257e6b5efe6fc8bb5d015489b40c2dfaca6b,6600,5,train,5
18877,6617,43,Microstomus pacificus,/home/tahiti/MARINE_DATASETS/FathomNet_FGVC2025/data/rois/6617_18877.png,/home/tahiti/MARINE_DATASETS/FathomNet_FGVC2025/data/images/6617.png,7f2b0dd1051be598114eeb7b8eac992163a8583c0812cc8ab932870775d3db4c,b081f1dc36e057c589411934f86d3371ed1633ac274611d269fe0cb26f583bb8,6617,4,train,4
18882,6618,57,Parastenella,/home/tahiti/MARINE_DATASETS/FathomNet_FGVC2025/data/rois/6618_18882.png,/home/tahiti/MARINE_DATASETS/FathomNet_FGVC2025/data/images/6618.png,e812551329e8b9f3a0b5593961c9d91140fe90c96f21b7cff4125fcc0c92cbce,f56dcda864eb7acb20cf39d3b91170053ed4468fbb20ef01b68b0869a09be985,6618,5,train,5
18888,6622,50,Paelopatides confundens,/home/tahiti/MARINE_DATASETS/FathomNet_FGVC2025/data/rois/6622_18888.png,/home/tahiti/MARINE_DATASETS/FathomNet_FGVC2025/data/images/6622.png,4e8c24b9d9a09ce8ca1fabca8ead59a3cb6dd8a748c422fcd891e2a18c404794,21491a267de3f744e54e9ae43980b484674aa0e895d5b74bfbdb3fac45eb36a9,6622,4,train,4
18895,6626,78,Vesicomyidae,/home/tahiti/MARINE_DATASETS/FathomNet_FGVC2025/data/rois/6626_18895.png,/home/tahiti/MARINE_DATASETS/FathomNet_FGVC2025/data/images/6626.png,7dc5134bd463c1a49907a0d375f24b61c2db8356d0fed1bd9649c17405aaed35,bff05d123a2a6f482603ee9c3c5a6e869910a35bfb69063cc0a6e99880fd6c10,6626,5,train,5
18897,6626,78,Vesicomyidae,/home/tahiti/MARINE_DATASETS/FathomNet_FGVC2025/data/rois/6626_18897.png,/home/tahiti/MARINE_DATASETS/FathomNet_FGVC2025/data/images/6626.png,f89b2752d2785b5b1e23df9c9870cf0246fde6b8a94020ae9a43d06e446deb14,bff05d123a2a6f482603ee9c3c5a6e869910a35bfb69063cc0a6e99880fd6c10,6626,5,train,5
18909,6628,23,Florometra serratissima,/home/tahiti/MARINE_DATASETS/FathomNet_FGVC2025/data/rois/6628_18909.png,/home/tahiti/MARINE_DATASETS/FathomNet_FGVC2025/data/images/6628.png,f9a3aea43af479fc5f56671970767aa1b0ec5ab91d547161288b983d894c9684,4684cbba38d6ea968d9040ad32d97e73b052054fc485250713841c9e6c0d92bc,6628,2,train,2
18910,6629,33,Hormathiidae,/home/tahiti/MARINE_DATASETS/FathomNet_FGVC2025/data/rois/6629_18910.png,/home/tahiti/MARINE_DATASETS/FathomNet_FGVC2025/data/images/6629.png,be9a6112745357b45a2a03718baff3a24919b9dd8b8036a44cb541d8c2f59d06,41647973510eda1f8b4aca2912e3cc9d3d97361ecdcc7237d0efae66422be59a,6629,0,train,0
18932,6636,33,Hormathiidae,/home/tahiti/MARINE_DATASETS/FathomNet_FGVC2025/data/rois/6636_18932.png,/home/tahiti/MARINE_DATASETS/FathomNet_FGVC2025/data/images/6636.png,9f97db196806537898e46b4f678c2ac6f99fdfd08b2e9734a0e803afdb6d41bb,1ab78fab98f38f89e8af2bad53991f25acf77b7a0c51f6f7eb9ce613c51d294d,6636,0,train,0
18942,6640,23,Florometra serratissima,/home/tahiti/MARINE_DATASETS/FathomNet_FGVC2025/data/rois/6640_18942.png,/home/tahiti/MARINE_DATASETS/FathomNet_FGVC2025/data/images/6640.png,4e78d1ad19b2b90a7ded8fe4a6f9fabbd02324ddb406f64f71aa28869024768d,06678f832a277e42f853e56e649ed2003f3b8df1ac242acc951b7172b7b0258d,6640,2,train,2
18944,6641,1,Abyssocucumis abyssorum,/home/tahiti/MARINE_DATASETS/FathomNet_FGVC2025/data/rois/6641_18944.png,/home/tahiti/MARINE_DATASETS/FathomNet_FGVC2025/data/images/6641.png,d70342691b5647f9b630f38c4a9fbdf78cfa7159a704e281ff9c40c1a267a5f7,b802ef9120bef2263f8241ff65721d5631e97886eb49ce8113dccc9ae97cfa7b,6641,5,train,5
18999,6670,8,Apostichopus leukothele,/home/tahiti/MARINE_DATASETS/FathomNet_FGVC2025/data/rois/6670_18999.png,/home/tahiti/MARINE_DATASETS/FathomNet_FGVC2025/data/images/6670.png,89be73fd1b7542045d4a116cb4f397dfeb22be5eb1d7f7bd66ea27b45d793cf9,5fde68ba03c64ba8bfd008ab1e0a235d04c7f8f4bead37c812a3a846a0a470e9,6670,0,train,0
19015,6671,64,Pyrosoma atlanticum,/home/tahiti/MARINE_DATASETS/FathomNet_FGVC2025/data/rois/6671_19015.png,/home/tahiti/MARINE_DATASETS/FathomNet_FGVC2025/data/images/6671.png,578923f1493f2b3c9ddad6c2328ce1568b1482e669e3cef4d74f118428868a89,740c8e10ea8268f2cdbba4819cccbaaa863af7ffbc75c970d36b795d9e1ae102,6671,1,train,1
19028,6678,1,Abyssocucumis abyssorum,/home/tahiti/MARINE_DATASETS/FathomNet_FGVC2025/data/rois/6678_19028.png,/home/tahiti/MARINE_DATASETS/FathomNet_FGVC2025/data/images/6678.png,575ee9625c35214f7e3abfde0118888ccd45c992f442f656910f658be4cb5359,fe8ceec9ca001a753794662515152a8fb257bed97f4ce63aff56a7a2cd6f5a04,6678,1,train,1
19040,6688,51,Pandalus amplus,/home/tahiti/MARINE_DATASETS/FathomNet_FGVC2025/data/rois/6688_19040.png,/home/tahiti/MARINE_DATASETS/FathomNet_FGVC2025/data/images/6688.png,52a27436645e84cef379dedf292adcb31512e371b15344e9ca9971491c6417e3,8e31c6ae23f4eb65a2dff7eeb6bd12f7aea88e8a14f6316296dc8d35b9439226,6688,1,train,1
19046,6690,40,Mediaster aequalis,/home/tahiti/MARINE_DATASETS/FathomNet_FGVC2025/data/rois/6690_19046.png,/home/tahiti/MARINE_DATASETS/FathomNet_FGVC2025/data/images/6690.png,9cde472fd4287f0c4205cdad469811c510bcfac27fd8339475f23159dd7bb87e,b82adb615b09d81215f21c9e619e0f5031432c563ecfc8539501f790da6a4a89,6690,0,train,0
19073,6699,52,Pandalus platyceros,/home/tahiti/MARINE_DATASETS/FathomNet_FGVC2025/data/rois/6699_19073.png,/home/tahiti/MARINE_DATASETS/FathomNet_FGVC2025/data/images/6699.png,ed8e5343fc4cbba329e0b3619d6ada5e3c8785f1b418015fda1b4280e19b44fa,7945c3681350e88945a057f23e0bca5484382e5afc3951d4572f79b56bb90826,6699,4,train,4
19079,6699,52,Pandalus platyceros,/home/tahiti/MARINE_DATASETS/FathomNet_FGVC2025/data/rois/6699_19079.png,/home/tahiti/MARINE_DATASETS/FathomNet_FGVC2025/data/images/6699.png,8ff7be195511d7f900a10a57402d53901ea034f305ed890b0d934cfb734a065a,7945c3681350e88945a057f23e0bca5484382e5afc3951d4572f79b56bb90826,6699,4,train,4
19083,6699,52,Pandalus platyceros,/home/tahiti/MARINE_DATASETS/FathomNet_FGVC2025/data/rois/6699_19083.png,/home/tahiti/MARINE_DATASETS/FathomNet_FGVC2025/data/images/6699.png,3ea0ee57713f2a7eb730fe6728baf5de323f859b6df390cc338cbc70c95f4393,7945c3681350e88945a057f23e0bca5484382e5afc3951d4572f79b56bb90826,6699,4,train,4
19087,6699,52,Pandalus platyceros,/home/tahiti/MARINE_DATASETS/FathomNet_FGVC2025/data/rois/6699_19087.png,/home/tahiti/MARINE_DATASETS/FathomNet_FGVC2025/data/images/6699.png,5618df356f9b0cfdf546d0456787304a3854e5a78d2400c0f14528959e9f8c21,7945c3681350e88945a057f23e0bca5484382e5afc3951d4572f79b56bb90826,6699,4,train,4
19096,6703,7,Amphipoda,/home/tahiti/MARINE_DATASETS/FathomNet_FGVC2025/data/rois/6703_19096.png,/home/tahiti/MARINE_DATASETS/FathomNet_FGVC2025/data/images/6703.png,43b6e410f35eddb62fd64dd1366b94a70572e969676192cf0ed603990871d129,83310761a6871945c2cf33095c88438e6d57210755fd626a55560caaaa26b032,6703,2,train,2
19097,6703,7,Amphipoda,/home/tahiti/MARINE_DATASETS/FathomNet_FGVC2025/data/rois/6703_19097.png,/home/tahiti/MARINE_DATASETS/FathomNet_FGVC2025/data/images/6703.png,63ab5f537c204c7699151aac176127ce20354d3cdbcffd27c02b4e5aced70f20,83310761a6871945c2cf33095c88438e6d57210755fd626a55560caaaa26b032,6703,2,train,2
19101,6703,7,Amphipoda,/home/tahiti/MARINE_DATASETS/FathomNet_FGVC2025/data/rois/6703_19101.png,/home/tahiti/MARINE_DATASETS/FathomNet_FGVC2025/data/images/6703.png,bebe951114ecfec36a4d7831d76692dc026698e4b557678c327977a6d2efb9a3,83310761a6871945c2cf33095c88438e6d57210755fd626a55560caaaa26b032,6703,2,train,2
19104,6703,7,Amphipoda,/home/tahiti/MARINE_DATASETS/FathomNet_FGVC2025/data/rois/6703_19104.png,/home/tahiti/MARINE_DATASETS/FathomNet_FGVC2025/data/images/6703.png,7e284f53ef43fa726e3838b8ea9e285773527a159a5db7f1e1aa8e1630160a06,83310761a6871945c2cf33095c88438e6d57210755fd626a55560caaaa26b032,6703,2,train,2
19105,6703,7,Amphipoda,/home/tahiti/MARINE_DATASETS/FathomNet_FGVC2025/data/rois/6703_19105.png,/home/tahiti/MARINE_DATASETS/FathomNet_FGVC2025/data/images/6703.png,17338f236e773691ff47d88d5bd45a43a401c2f37163b9913966110ac46cb011,83310761a6871945c2cf33095c88438e6d57210755fd626a55560caaaa26b032,6703,2,train,2
19126,6720,52,Pandalus platyceros,/home/tahiti/MARINE_DATASETS/FathomNet_FGVC2025/data/rois/6720_19126.png,/home/tahiti/MARINE_DATASETS/FathomNet_FGVC2025/data/images/6720.png,502688b9878d392b01cb83fea7202070f689d618ba37e1731f49e95b015e96af,cf0bb8aedeb273a7220c58c6d4822449e6a4532e51d21391cd27dea84fb80ece,6720,0,train,0
19132,6723,23,Florometra serratissima,/home/tahiti/MARINE_DATASETS/FathomNet_FGVC2025/data/rois/6723_19132.png,/home/tahiti/MARINE_DATASETS/FathomNet_FGVC2025/data/images/6723.png,41bd1385f2ed4007dcc94286a00d9a7cdc13647007cf2181b75a5807592131aa,3f5a88db63a50c7c4bf60087230cbc147ddcf5d3d9c997c71a687ea8b69f1fa5,6723,5,train,5
19142,6728,51,Pandalus amplus,/home/tahiti/MARINE_DATASETS/FathomNet_FGVC2025/data/rois/6728_19142.png,/home/tahiti/MARINE_DATASETS/FathomNet_FGVC2025/data/images/6728.png,356d6904868800121c08366ebdb08f893f645c4dd013812e5dab5d0c4f4dc665,604edbe05a038a4a808127996571b7286312a75b5dee1dd2a0f79b1e8a4349fe,6728,4,train,4
19145,6730,2,Acanthascinae,/home/tahiti/MARINE_DATASETS/FathomNet_FGVC2025/data/rois/6730_19145.png,/home/tahiti/MARINE_DATASETS/FathomNet_FGVC2025/data/images/6730.png,57c01a13d5245731d94afde5dc7e42d82b59a163ef7c355a79c20916207adde9,76e3fd676809fd15e0221dfd3caacbd6b1b0d92e31616a33791d7062f96b2447,6730,0,train,0
19147,6731,51,Pandalus amplus,/home/tahiti/MARINE_DATASETS/FathomNet_FGVC2025/data/rois/6731_19147.png,/home/tahiti/MARINE_DATASETS/FathomNet_FGVC2025/data/images/6731.png,86e114c368f9d2af5892dee8fabdf39f3d88856fad5593a6894640517d509061,b9fe4efc2db92c9e0170361a9d088367f83693edcae5244a4c884c9b7396281f,6731,2,train,2
19154,6735,69,Sebastes,/home/tahiti/MARINE_DATASETS/FathomNet_FGVC2025/data/rois/6735_19154.png,/home/tahiti/MARINE_DATASETS/FathomNet_FGVC2025/data/images/6735.png,4075812c3d6668cdbe2186a14f0d39c0e7f3c40041d32521b30f5a61a1250f59,d6aa707d8b4408e9a100ef4b1705f068110021af518c436246a4c7a21ec7fd54,6735,1,train,1
19155,6735,69,Sebastes,/home/tahiti/MARINE_DATASETS/FathomNet_FGVC2025/data/rois/6735_19155.png,/home/tahiti/MARINE_DATASETS/FathomNet_FGVC2025/data/images/6735.png,93da822c94912bca39bc023fccb33c777e5562e223ea2640df5d861f148afaea,d6aa707d8b4408e9a100ef4b1705f068110021af518c436246a4c7a21ec7fd54,6735,1,train,1
19184,6753,56,Paralomis multispina,/home/tahiti/MARINE_DATASETS/FathomNet_FGVC2025/data/rois/6753_19184.png,/home/tahiti/MARINE_DATASETS/FathomNet_FGVC2025/data/images/6753.png,38b243c286a4c12696df81e05a6952f417d72f19bd16211f2a1ab57add716883,880a683335a8aaa63d221856e10bbadaaecd9fa0c75de1e99779eb38763d5727,6753,5,train,5
19208,6762,7,Amphipoda,/home/tahiti/MARINE_DATASETS/FathomNet_FGVC2025/data/rois/6762_19208.png,/home/tahiti/MARINE_DATASETS/FathomNet_FGVC2025/data/images/6762.png,3320f01010126ccc3d884af85d0fbf253c6493ce7053b71a9dd308115f03788f,91cfd993fa193fcaf412fe30e933ac3dd82e70f64c92cfba5cebfcb4c986c8d0,6762,1,train,1
19215,6762,7,Amphipoda,/home/tahiti/MARINE_DATASETS/FathomNet_FGVC2025/data/rois/6762_19215.png,/home/tahiti/MARINE_DATASETS/FathomNet_FGVC2025/data/images/6762.png,c5fe4d2b1c9ae5d1b4b32494d464ce17f363291d8fa157fb6e9279919317423c,91cfd993fa193fcaf412fe30e933ac3dd82e70f64c92cfba5cebfcb4c986c8d0,6762,1,train,1
19242,6779,43,Microstomus pacificus,/home/tahiti/MARINE_DATASETS/FathomNet_FGVC2025/data/rois/6779_19242.png,/home/tahiti/MARINE_DATASETS/FathomNet_FGVC2025/data/images/6779.png,6190e88f2ba035ba5f6806b4a9b9b318c48eb052a08d7ab741aa5c497233eefd,e96ad9358eac7af34c5e07d1eb7f901b58d4a38efa6ff52f67a7bfd4384e2f7f,6779,4,train,4
19255,6789,15,Ceriantharia,/home/tahiti/MARINE_DATASETS/FathomNet_FGVC2025/data/rois/6789_19255.png,/home/tahiti/MARINE_DATASETS/FathomNet_FGVC2025/data/images/6789.png,11b951c0f2251cb654d639468d1779f0b522d528c44e4fc532ae700e48ae954b,44056d338a3afa381b95e75c22b9f9a4d535adbbcadeb4012cd8d56c0d74e0d6,6789,5,train,5
19259,6790,57,Parastenella,/home/tahiti/MARINE_DATASETS/FathomNet_FGVC2025/data/rois/6790_19259.png,/home/tahiti/MARINE_DATASETS/FathomNet_FGVC2025/data/images/6790.png,98de9a69ce6c061e9c27dda7937a6854b4b90a7eea3f6191548585e0f90b7979,c951198df4fce4a5d1f05db3dbb5ae1b6369f36694a3957681ea05c137a6d277,6790,4,train,4
19260,6791,50,Paelopatides confundens,/home/tahiti/MARINE_DATASETS/FathomNet_FGVC2025/data/rois/6791_19260.png,/home/tahiti/MARINE_DATASETS/FathomNet_FGVC2025/data/images/6791.png,91c47c7dcee767aa8ed22fb5560984edba3fc67bab41ce6a20df59a166468f01,0a23fc1637c78317469a9e36bf693ee9b261afc70a825d968b22b8f1244becf9,6791,2,train,2
19275,6801,43,Microstomus pacificus,/home/tahiti/MARINE_DATASETS/FathomNet_FGVC2025/data/rois/6801_19275.png,/home/tahiti/MARINE_DATASETS/FathomNet_FGVC2025/data/images/6801.png,66ab1d656a5fdbc18554177af73d44a86797238a4ab6c5bd054ed9186b74e7fb,9d9d183c57288c15bfae179cfce55cae4b312c28548526c2c9747c58695e4f97,6801,4,train,4
19302,6817,43,Microstomus pacificus,/home/tahiti/MARINE_DATASETS/FathomNet_FGVC2025/data/rois/6817_19302.png,/home/tahiti/MARINE_DATASETS/FathomNet_FGVC2025/data/images/6817.png,d26d863cea1bb7e64ec73d2dff1b5e406047d9df216e744ac6b0cda307f28ad0,ed2ef0aa90627ecdfeb82143d14d1dfebab8180026f22c586866e29a6e1d3fe7,6817,2,train,2
19308,6821,70,Sebastes diploproa,/home/tahiti/MARINE_DATASETS/FathomNet_FGVC2025/data/rois/6821_19308.png,/home/tahiti/MARINE_DATASETS/FathomNet_FGVC2025/data/images/6821.png,77c50b16e9fbe3e4d6d2b037897c7cba2de7c1ec7cc82a1f3859d9d6914cb4b5,8372b009e1e788171bc68dac637cf82bd877586a1bba109ef0d0cda62993072e,6821,4,train,4
19371,6854,10,Asbestopluma monticola,/home/tahiti/MARINE_DATASETS/FathomNet_FGVC2025/data/rois/6854_19371.png,/home/tahiti/MARINE_DATASETS/FathomNet_FGVC2025/data/images/6854.png,1f7109c33ef1e8ad5f03de76b7bf09bb4a669fc47724be6bcc6e545fb9f7706b,f8a604f6fcd2f4a2f81a419705a2a8cea7c0b7054bbb765b1f1e72903b60faa8,6854,0,train,0
19401,6861,51,Pandalus amplus,/home/tahiti/MARINE_DATASETS/FathomNet_FGVC2025/data/rois/6861_19401.png,/home/tahiti/MARINE_DATASETS/FathomNet_FGVC2025/data/images/6861.png,88e5d35c6d3e890d642e10de346778a53b5087f2a8acca857e62aedcc64f3ad1,7a5ebd9ae89a32031484de36a394a900cf1ef5015444056e35ae9a44112bb1e8,6861,4,train,4
19402,6861,51,Pandalus amplus,/home/tahiti/MARINE_DATASETS/FathomNet_FGVC2025/data/rois/6861_19402.png,/home/tahiti/MARINE_DATASETS/FathomNet_FGVC2025/data/images/6861.png,b56ecca69647a7a88136725eb6e6d61de9fc9a1ba285ea52105cd016eee408d6,7a5ebd9ae89a32031484de36a394a900cf1ef5015444056e35ae9a44112bb1e8,6861,4,train,4
19418,6869,61,Psathyrometra fragilis,/home/tahiti/MARINE_DATASETS/FathomNet_FGVC2025/data/rois/6869_19418.png,/home/tahiti/MARINE_DATASETS/FathomNet_FGVC2025/data/images/6869.png,ca956752c9ce015e53ad1550b9a8de2ae4c1dcf830854985d98268df6c6f89fe,5a7a5d870a8d590e2b4847ef97778aa6d7fbb78ba627e76c84868892b50603e7,6869,5,train,5
19444,6884,70,Sebastes diploproa,/home/tahiti/MARINE_DATASETS/FathomNet_FGVC2025/data/rois/6884_19444.png,/home/tahiti/MARINE_DATASETS/FathomNet_FGVC2025/data/images/6884.png,9838fe6c85220c56b7fc66fb6055051fb5f37831517388f8f29e591279cb5dd0,e3d348ce37603a97421d388101e56789c641fa1896933a1e17646cc1f95b550b,6884,5,train,5
19450,6888,39,Lithodidae,/home/tahiti/MARINE_DATASETS/FathomNet_FGVC2025/data/rois/6888_19450.png,/home/tahiti/MARINE_DATASETS/FathomNet_FGVC2025/data/images/6888.png,4637641442ff86c09b94d1f0b03f87ef8fe27572cf99f5347b0420680534cdb8,c5f56fc580ee6647a45e5a85c0784e6b4a63130c3fc2ce262bebee1d3211f56c,6888,1,train,1
19451,6889,8,Apostichopus leukothele,/home/tahiti/MARINE_DATASETS/FathomNet_FGVC2025/data/rois/6889_19451.png,/home/tahiti/MARINE_DATASETS/FathomNet_FGVC2025/data/images/6889.png,37eedb6833fec891ea6cd41f66a804929886fecd359bab428774eb7e95bf6ca9,cf44e062a0eae0ee6d072b7ef6e8c976c41a49a5fb35d2c7218bf007759b6631,6889,4,train,4
19494,6911,4,Actinernus,/home/tahiti/MARINE_DATASETS/FathomNet_FGVC2025/data/rois/6911_19494.png,/home/tahiti/MARINE_DATASETS/FathomNet_FGVC2025/data/images/6911.png,43b338b6c27b09313d4327adb88caa3f48ba335872992499d02d3c5a7c5e9683,c057e5f73910fc34684abbbafc681ce16465d4b6953c83bb0e306fbbf8595ac5,6911,1,train,1
19510,6914,10,Asbestopluma monticola,/home/tahiti/MARINE_DATASETS/FathomNet_FGVC2025/data/rois/6914_19510.png,/home/tahiti/MARINE_DATASETS/FathomNet_FGVC2025/data/images/6914.png,aa8cae96c4a91ad84468965cea6f0011a8a9ae57e1158e10cc1c3665827e122c,ddf3214a871065b7acf1265d5cfb9c4bf02f9a6077c0fd1ed00c1a1337a7d447,6914,4,train,4
19555,6932,6,Actinopterygii,/home/tahiti/MARINE_DATASETS/FathomNet_FGVC2025/data/rois/6932_19555.png,/home/tahiti/MARINE_DATASETS/FathomNet_FGVC2025/data/images/6932.png,8c9fbab96e85f38edf50e49b96c9fc4016d9a7b476cfd880799f40a3a9f773bd,bb8464b25c74b4237a0d07625ce2be7c93dafa10086f0be77152502fbc308d95,6932,1,train,1
19568,6938,64,Pyrosoma atlanticum,/home/tahiti/MARINE_DATASETS/FathomNet_FGVC2025/data/rois/6938_19568.png,/home/tahiti/MARINE_DATASETS/FathomNet_FGVC2025/data/images/6938.png,590fcf8806313b4297b156458523904673c2aaeca643f37de5aa15c8c68ec095,614f5735a728d6cb67b55087d12ffe374722819ef41f9f6bd5ee35d65bf79f8c,6938,1,train,1
19569,6939,43,Microstomus pacificus,/home/tahiti/MARINE_DATASETS/FathomNet_FGVC2025/data/rois/6939_19569.png,/home/tahiti/MARINE_DATASETS/FathomNet_FGVC2025/data/images/6939.png,f2f60dabea374c5882329474fec1891b7ac6f90662e1eec74f1d071e2fe2f8f8,0faa6dfb3a8a21cdeba251e8f577153a71a8566be28f9d35da06ef1a9e3e7d72,6939,0,train,0
19584,6945,26,Gersemia juliepackardae,/home/tahiti/MARINE_DATASETS/FathomNet_FGVC2025/data/rois/6945_19584.png,/home/tahiti/MARINE_DATASETS/FathomNet_FGVC2025/data/images/6945.png,2de704e583b952a4f9eb569212dfbb71428fa870f6a5241fffdcd233ef7d3dcb,d3fde58d1828f7e68013e66a4ff61f78b4fa14e0c17db1ec55e489328dd52253,6945,0,train,0
19586,6945,26,Gersemia juliepackardae,/home/tahiti/MARINE_DATASETS/FathomNet_FGVC2025/data/rois/6945_19586.png,/home/tahiti/MARINE_DATASETS/FathomNet_FGVC2025/data/images/6945.png,edb491f47e92966240b3675694b5a805799cb52dae0bf1bb2ae6c69409e51468,d3fde58d1828f7e68013e66a4ff61f78b4fa14e0c17db1ec55e489328dd52253,6945,0,train,0
19588,6945,26,Gersemia juliepackardae,/home/tahiti/MARINE_DATASETS/FathomNet_FGVC2025/data/rois/6945_19588.png,/home/tahiti/MARINE_DATASETS/FathomNet_FGVC2025/data/images/6945.png,ca6b2d3a0253db8b9c1d546cfd2baf40989f9064037cee960c176cfa2829473d,d3fde58d1828f7e68013e66a4ff61f78b4fa14e0c17db1ec55e489328dd52253,6945,0,train,0
19600,6952,15,Ceriantharia,/home/tahiti/MARINE_DATASETS/FathomNet_FGVC2025/data/rois/6952_19600.png,/home/tahiti/MARINE_DATASETS/FathomNet_FGVC2025/data/images/6952.png,1212e676b12fcabf9b80d4ac66a02938d8a8d76ea6c4b2f69b9cdeb53668674e,3d17130850b27af103ebba0d1f4da7f4c98c23074269eadce7f20a83b0d604b4,6952,5,train,5
19604,6954,13,Brisingida,/home/tahiti/MARINE_DATASETS/FathomNet_FGVC2025/data/rois/6954_19604.png,/home/tahiti/MARINE_DATASETS/FathomNet_FGVC2025/data/images/6954.png,8bf464235ff55d85d906483b0eb305322ee3a9155b82b0234f08a8218c6059a8,de3694edc142c4ffde1e77be7e077ab9d37a309de10a4924a915aeaccdd4b711,6954,4,train,4
19606,6955,18,Corallimorphus pilatus,/home/tahiti/MARINE_DATASETS/FathomNet_FGVC2025/data/rois/6955_19606.png,/home/tahiti/MARINE_DATASETS/FathomNet_FGVC2025/data/images/6955.png,8dd4e5e76bf5a174894c2256ad9924dd58df7e4370256f68a2935814cf286dfc,3a989b8813051c902713d299c36b8efa0a48cc2b261b1dedb9563039202f00ab,6955,1,train,1
19624,6964,6,Actinopterygii,/home/tahiti/MARINE_DATASETS/FathomNet_FGVC2025/data/rois/6964_19624.png,/home/tahiti/MARINE_DATASETS/FathomNet_FGVC2025/data/images/6964.png,81735c237ec5c2ef129bb82ff3ba0cbf216e1583044a0474b63292e92103d354,8d53691e33a570e329836b58273396229ae38827e47c102bf8288a6de49a84bb,6964,2,train,2
19626,6966,40,Mediaster aequalis,/home/tahiti/MARINE_DATASETS/FathomNet_FGVC2025/data/rois/6966_19626.png,/home/tahiti/MARINE_DATASETS/FathomNet_FGVC2025/data/images/6966.png,72a0b56718493df70f79008570b2c9f35f179ffb4b367f5bfe25b8b691b0c7e4,abf6b5b64d978c337d106baccab6f397f2fced1bbe8b36d8c2f1cee14cb9f875,6966,0,train,0
19637,6973,51,Pandalus amplus,/home/tahiti/MARINE_DATASETS/FathomNet_FGVC2025/data/rois/6973_19637.png,/home/tahiti/MARINE_DATASETS/FathomNet_FGVC2025/data/images/6973.png,afa3c6ab5d12ec5b4e83f780f15cdbdb44006b13d831ce0a40a557267df157e7,5d8503fcd9b87fac4eb98a2c7840b2ad63633fcdf6a2e79fb1fdba8742e25d1b,6973,1,train,1
19644,6977,48,Ophiacanthidae,/home/tahiti/MARINE_DATASETS/FathomNet_FGVC2025/data/rois/6977_19644.png,/home/tahiti/MARINE_DATASETS/FathomNet_FGVC2025/data/images/6977.png,cc515838cc511f102c2bec7ba1ff50ca505ab606052eca4904cfe5b810efceb6,df5d1281a7fbbf5b16aa9d7e144b4aeed77eed1f3de0271d5d545f4d804878b2,6977,1,train,1
19662,6987,7,Amphipoda,/home/tahiti/MARINE_DATASETS/FathomNet_FGVC2025/data/rois/6987_19662.png,/home/tahiti/MARINE_DATASETS/FathomNet_FGVC2025/data/images/6987.png,b1c24e8ce17d0854e1261dc77fce0c1ade67c0ea2ea0bb671dc76c4bc0e4c7ca,bd9a1ab7a581815811c780fb3786443d5e53474301f3b5c5865d73b9c0ca21a6,6987,2,train,2
19678,6999,78,Vesicomyidae,/home/tahiti/MARINE_DATASETS/FathomNet_FGVC2025/data/rois/6999_19678.png,/home/tahiti/MARINE_DATASETS/FathomNet_FGVC2025/data/images/6999.png,181ffa8304a8daf00d714e5a3758a535e4073042724a3b3378d6727a21163d14,b9fba8e10077c7df36399f306b125a6088bce7efd79bfd50ea519079781f232a,6999,5,train,5
19687,7001,4,Actinernus,/home/tahiti/MARINE_DATASETS/FathomNet_FGVC2025/data/rois/7001_19687.png,/home/tahiti/MARINE_DATASETS/FathomNet_FGVC2025/data/images/7001.png,ea130f15eaebf9c94f2cfd1749af29dbe07a360b69498664cd8ff9bd0f2c8038,f90eb8ae3865e036ba4c953997a79eab1ecf016f4f8ad68e45ed392dd2be8116,7001,2,train,2
19689,7003,21,Elpidia,/home/tahiti/MARINE_DATASETS/FathomNet_FGVC2025/data/rois/7003_19689.png,/home/tahiti/MARINE_DATASETS/FathomNet_FGVC2025/data/images/7003.png,f8248d163c261b4ffa9da28d49f5965d9061a65858b404887158edf491d4a347,db41eac9ad060c6c4fbce0ec5cede4fb414e0a330ad21a014c744759eaff27d6,7003,5,train,5
19690,7004,56,Paralomis multispina,/home/tahiti/MARINE_DATASETS/FathomNet_FGVC2025/data/rois/7004_19690.png,/home/tahiti/MARINE_DATASETS/FathomNet_FGVC2025/data/images/7004.png,babd640f24a967f7e295545b958208d3e81c65a49cb5a2c23394061bced13a07,d713859714a0332a5a04ed5b8fe505ffcb8069b3796027b45ebf2fae461c4df8,7004,4,train,4
19706,7009,9,Asbestopluma,/home/tahiti/MARINE_DATASETS/FathomNet_FGVC2025/data/rois/7009_19706.png,/home/tahiti/MARINE_DATASETS/FathomNet_FGVC2025/data/images/7009.png,fc00b47cf6249dadd15897962437096963efacf545cfcc32d1b52f7a348907ee,a9070c58856e42f0f7f0213621adeeeed538bace5e2cef061a5c999652eb690a,7009,4,train,4
19712,7009,9,Asbestopluma,/home/tahiti/MARINE_DATASETS/FathomNet_FGVC2025/data/rois/7009_19712.png,/home/tahiti/MARINE_DATASETS/FathomNet_FGVC2025/data/images/7009.png,7f568f14f6a0ef7ff25c8c0edfdf179557f7cd48e709c7c5b5cf01800895325f,a9070c58856e42f0f7f0213621adeeeed538bace5e2cef061a5c999652eb690a,7009,4,train,4
19736,7026,3,Acanthoptilum,/home/tahiti/MARINE_DATASETS/FathomNet_FGVC2025/data/rois/7026_19736.png,/home/tahiti/MARINE_DATASETS/FathomNet_FGVC2025/data/images/7026.png,ec0c1bcf0149e4b1c03e0d5d4defb2dbcb5cf72c6f3ebe7d76b15ca53f12cac2,7d2e60c50fc074aca79c9f5e122aaaecf35db78296a0fa627c4af497a9e6b712,7026,0,train,0
19765,7039,51,Pandalus amplus,/home/tahiti/MARINE_DATASETS/FathomNet_FGVC2025/data/rois/7039_19765.png,/home/tahiti/MARINE_DATASETS/FathomNet_FGVC2025/data/images/7039.png,3b2086ae4d5515a73181c25feb42e22781ab60fd0472668269204cc9c81c8080,700380907411689783ce2c65c00c0f8071d91660914e040480ebbeb4999139f7,7039,4,train,4
19775,7043,8,Apostichopus leukothele,/home/tahiti/MARINE_DATASETS/FathomNet_FGVC2025/data/rois/7043_19775.png,/home/tahiti/MARINE_DATASETS/FathomNet_FGVC2025/data/images/7043.png,d4a6626cda3a6038a62bf65f3c599fb5c2d101f4e8db7c35cf08392495eb23cb,14752e74e29ee40e363b788edeae59641f47798eba9074b0c5eea0b5dd9131ca,7043,5,train,5
19779,7045,57,Parastenella,/home/tahiti/MARINE_DATASETS/FathomNet_FGVC2025/data/rois/7045_19779.png,/home/tahiti/MARINE_DATASETS/FathomNet_FGVC2025/data/images/7045.png,8851afdc9ec608b637d67ae6ad7ed7785c716a4f4a4f7b88fb2b325840abde0c,b152414f3bf9c2a3f73cc5c8fd5df253ac7934c55ec5b2d042145a47943c5bb8,7045,0,train,0
19794,7050,66,Scleractinia,/home/tahiti/MARINE_DATASETS/FathomNet_FGVC2025/data/rois/7050_19794.png,/home/tahiti/MARINE_DATASETS/FathomNet_FGVC2025/data/images/7050.png,7c57773c5ff65e593e121b69b0bab35450838dd72354de9bfcee9f62cf2da8e1,2cff7fc9e54a5f44d9cc0a1f82a20dc8f316ec6f2a90c19b22d8aab7b1c155cd,7050,0,train,0
19804,7056,15,Ceriantharia,/home/tahiti/MARINE_DATASETS/FathomNet_FGVC2025/data/rois/7056_19804.png,/home/tahiti/MARINE_DATASETS/FathomNet_FGVC2025/data/images/7056.png,4cdc894af247c4cae957918e2ef8a43f51f91a5474bb0734eda7a2646310b445,7b7b4db51b704acde65ed2798066517d98b3c59e8cbd26c2c5433d13e069431a,7056,1,train,1
19805,7056,15,Ceriantharia,/home/tahiti/MARINE_DATASETS/FathomNet_FGVC2025/data/rois/7056_19805.png,/home/tahiti/MARINE_DATASETS/FathomNet_FGVC2025/data/images/7056.png,457eed6a456a82976593990901e1b4b3db8326be3db9d918cf4c87d25812fe3f,7b7b4db51b704acde65ed2798066517d98b3c59e8cbd26c2c5433d13e069431a,7056,1,train,1
19806,7056,15,Ceriantharia,/home/tahiti/MARINE_DATASETS/FathomNet_FGVC2025/data/rois/7056_19806.png,/home/tahiti/MARINE_DATASETS/FathomNet_FGVC2025/data/images/7056.png,1312787c4085643b3c68147a29453675b0a963b3179dac4d5f60f7937769af34,7b7b4db51b704acde65ed2798066517d98b3c59e8cbd26c2c5433d13e069431a,7056,1,train,1
19826,7065,4,Actinernus,/home/tahiti/MARINE_DATASETS/FathomNet_FGVC2025/data/rois/7065_19826.png,/home/tahiti/MARINE_DATASETS/FathomNet_FGVC2025/data/images/7065.png,b1514445bfbe006caaa7c0c94adc614bac8dd086bba964289b8c79c63dbb09ee,a5ac202776a99772f6001f108c6df4d0c4e65a48f1b76e632feac1018de9d07c,7065,4,train,4
19832,7067,40,Mediaster aequalis,/home/tahiti/MARINE_DATASETS/FathomNet_FGVC2025/data/rois/7067_19832.png,/home/tahiti/MARINE_DATASETS/FathomNet_FGVC2025/data/images/7067.png,d386f6707cea0cb6881eb6be011b88cbf544f0b756eef461430df0379095a2c7,e56930876562169729c34583f4270fe5cebbd94245ba4d0b823ea4caa9955b63,7067,1,train,1
19853,7075,66,Scleractinia,/home/tahiti/MARINE_DATASETS/FathomNet_FGVC2025/data/rois/7075_19853.png,/home/tahiti/MARINE_DATASETS/FathomNet_FGVC2025/data/images/7075.png,888c2bc480327d98bab16e452a6685e6ff8ca29c45f6e486af35d1a5be636ef0,55bfb29f7908966bddf1543b30880ed47a2df8c1fdebab7c715100ab8165a7f6,7075,5,train,5
19877,7092,9,Asbestopluma,/home/tahiti/MARINE_DATASETS/FathomNet_FGVC2025/data/rois/7092_19877.png,/home/tahiti/MARINE_DATASETS/FathomNet_FGVC2025/data/images/7092.png,565973c4da008fa10043881b150507b261a398f9418f34f5c09bd37e16f5d71d,7f81310a7f755f870bb836c884549985762517124fc63a6b400776cf3df9f56d,7092,0,train,0
19894,7103,8,Apostichopus leukothele,/home/tahiti/MARINE_DATASETS/FathomNet_FGVC2025/data/rois/7103_19894.png,/home/tahiti/MARINE_DATASETS/FathomNet_FGVC2025/data/images/7103.png,ad429da27396985ea80c0e0917189d21f0e56240b0f7816954d80c6010269662,50d2fcae475117d457565b4d6ebcfd0531207dd6f8cc08b739976acda4925365,7103,5,train,5
19896,7104,57,Parastenella,/home/tahiti/MARINE_DATASETS/FathomNet_FGVC2025/data/rois/7104_19896.png,/home/tahiti/MARINE_DATASETS/FathomNet_FGVC2025/data/images/7104.png,23b784b5cdaf1348b32bb09cc2aaa1175d57c39f76d729a70043887d878ad1ab,454a0e814f1bc632f9b944cbd51a371bc969f966fddac4ccb8c112b8a0bf7583,7104,5,train,5
19898,7106,52,Pandalus platyceros,/home/tahiti/MARINE_DATASETS/FathomNet_FGVC2025/data/rois/7106_19898.png,/home/tahiti/MARINE_DATASETS/FathomNet_FGVC2025/data/images/7106.png,141b848f8b62888d004b7b39aec00e474daaabad9668947000a4e54c4b23ed0a,baf8a58fe82514eebc39ba35a5591f47976e7e23f5f3b76b339d84437a12e51c,7106,1,train,1
19931,7120,61,Psathyrometra fragilis,/home/tahiti/MARINE_DATASETS/FathomNet_FGVC2025/data/rois/7120_19931.png,/home/tahiti/MARINE_DATASETS/FathomNet_FGVC2025/data/images/7120.png,746f6621e29a7b2858721627b363cf63be769f7fabf7c85b612d36b271691280,6a0d552fdbef50caaa1e7b0c9536d417a644f1300c03efd7c42673843d65a800,7120,2,train,2
19935,7120,61,Psathyrometra fragilis,/home/tahiti/MARINE_DATASETS/FathomNet_FGVC2025/data/rois/7120_19935.png,/home/tahiti/MARINE_DATASETS/FathomNet_FGVC2025/data/images/7120.png,8732d737b0a9c24836f49d5270ae25c23e2ff622e90df6222c6a34fd003b489d,6a0d552fdbef50caaa1e7b0c9536d417a644f1300c03efd7c42673843d65a800,7120,2,train,2
19946,7123,21,Elpidia,/home/tahiti/MARINE_DATASETS/FathomNet_FGVC2025/data/rois/7123_19946.png,/home/tahiti/MARINE_DATASETS/FathomNet_FGVC2025/data/images/7123.png,bbf909c63bad03fa6dfe5e5bba05ca596798fbd79b7e91f128a935946608ae40,dca2851da49fe7b5c7729cc5723ff3a1d7389fd2e28b9056ebe531447d4f2f44,7123,5,train,5
19958,7126,10,Asbestopluma monticola,/home/tahiti/MARINE_DATASETS/FathomNet_FGVC2025/data/rois/7126_19958.png,/home/tahiti/MARINE_DATASETS/FathomNet_FGVC2025/data/images/7126.png,cdc5b8d0478196a0ef4094920f4d8c819a8c8535a30cfcd6b345af12ddad2c5c,90c95125b0bc8d70a101c8dc6f9607d924bcbf59698339ee001606191da76382,7126,2,train,2
19969,7128,59,Pennatula phosphorea,/home/tahiti/MARINE_DATASETS/FathomNet_FGVC2025/data/rois/7128_19969.png,/home/tahiti/MARINE_DATASETS/FathomNet_FGVC2025/data/images/7128.png,304857d9dbb0a6b173cc36c39560beb823cffe5fee39faa4fedf92aef3ba96b2,de58f45cd8b063051082d2e92d7be180cfe19f314150f204005fbd7b63f7233d,7128,4,train,4
19977,7130,56,Paralomis multispina,/home/tahiti/MARINE_DATASETS/FathomNet_FGVC2025/data/rois/7130_19977.png,/home/tahiti/MARINE_DATASETS/FathomNet_FGVC2025/data/images/7130.png,ee0fd64d28bd8c09855b039ac87b640fdd3dab496855153c4f396870ef3bc0b9,ece809c760231cc5760c84eeae663484c34d90392589fa09cdbbd7b0c916dfd5,7130,1,train,1
19982,7135,21,Elpidia,/home/tahiti/MARINE_DATASETS/FathomNet_FGVC2025/data/rois/7135_19982.png,/home/tahiti/MARINE_DATASETS/FathomNet_FGVC2025/data/images/7135.png,56a830038d0a4a568ecc359e149b378d8cfbee4263c112cac8f56c44a59df763,b9ddb8bfe752b8da9e082535d7254620c097832d9231a97f13166174729f49ff,7135,5,train,5
20006,7150,8,Apostichopus leukothele,/home/tahiti/MARINE_DATASETS/FathomNet_FGVC2025/data/rois/7150_20006.png,/home/tahiti/MARINE_DATASETS/FathomNet_FGVC2025/data/images/7150.png,d9147482cd9b97dcae69a33f5af47226860b47d2610433c04178b78eb17feb43,c9e85956806c86bc67ef5855a938da04993b30cca5dc3553772506b3d8fec020,7150,0,train,0
20007,7150,40,Mediaster aequalis,/home/tahiti/MARINE_DATASETS/FathomNet_FGVC2025/data/rois/7150_20007.png,/home/tahiti/MARINE_DATASETS/FathomNet_FGVC2025/data/images/7150.png,07d7b4624b649d5bf23430c164dd96cd773c97d089c9bd02118f7960f6347100,c9e85956806c86bc67ef5855a938da04993b30cca5dc3553772506b3d8fec020,7150,0,train,0
20033,7167,50,Paelopatides confundens,/home/tahiti/MARINE_DATASETS/FathomNet_FGVC2025/data/rois/7167_20033.png,/home/tahiti/MARINE_DATASETS/FathomNet_FGVC2025/data/images/7167.png,a9a651023044f77692fabfc0da31417d37cfd4f44ea2f4412695000ed260c0a9,5dd2d14a8ac529b3b78638097fdb3078d26839eea4b14f7b369d20b893ba88d7,7167,1,train,1
20044,7175,61,Psathyrometra fragilis,/home/tahiti/MARINE_DATASETS/FathomNet_FGVC2025/data/rois/7175_20044.png,/home/tahiti/MARINE_DATASETS/FathomNet_FGVC2025/data/images/7175.png,9daff05e9691836d40efc38c03f117ff284f4d8f68170f6ec96caee1581eb4bc,11ad1337b9dcd964a524d43a7748855d7964afb549efd958df76dd3d1da1660d,7175,5,train,5
20063,7180,6,Actinopterygii,/home/tahiti/MARINE_DATASETS/FathomNet_FGVC2025/data/rois/7180_20063.png,/home/tahiti/MARINE_DATASETS/FathomNet_FGVC2025/data/images/7180.png,3fb1293938f29300d91e45e33759d355fb6314045e3faabb24728efe872f2c30,f88f7adda3eb8cf269bab0253d55f8b6e31e857d33b285c5edbfcfaf6b9350f6,7180,1,train,1
20075,7187,12,Benthocodon pedunculata,/home/tahiti/MARINE_DATASETS/FathomNet_FGVC2025/data/rois/7187_20075.png,/home/tahiti/MARINE_DATASETS/FathomNet_FGVC2025/data/images/7187.png,b8385feb3bf5e83b9d90a18bc15412fb2ddd1965f7ade0d5ada26b396f171630,6a9f744b061224141bd73a68aea6d45a8389f021ab78ff4fff23c9d3b8d445a3,7187,0,train,0
20082,7192,21,Elpidia,/home/tahiti/MARINE_DATASETS/FathomNet_FGVC2025/data/rois/7192_20082.png,/home/tahiti/MARINE_DATASETS/FathomNet_FGVC2025/data/images/7192.png,ecedc528195ef253358c00eaa3d1029774a3e9bc4189390bc4fb5964b24064e1,c7769c218dd8ba7ed58b9031e98f8873b0ae63d578b6021aa56ff022ae99ac8b,7192,2,train,2
20088,7198,21,Elpidia,/home/tahiti/MARINE_DATASETS/FathomNet_FGVC2025/data/rois/7198_20088.png,/home/tahiti/MARINE_DATASETS/FathomNet_FGVC2025/data/images/7198.png,b5ae3a3cac793ac4894eab901b9966b0f5d74709d51ddcd9bc405285dffe9b17,431c0a693320472bfd72f6a88a154521111be39ba427f9bb51224fb820ed65f9,7198,1,train,1
20102,7209,15,Ceriantharia,/home/tahiti/MARINE_DATASETS/FathomNet_FGVC2025/data/rois/7209_20102.png,/home/tahiti/MARINE_DATASETS/FathomNet_FGVC2025/data/images/7209.png,de899b4fd11f5bdd4ef240e61ed84bd0d7cfa672d86c8a04e61c6f06d085e869,f63e1770475565f0f55f33ef58a4362901a7d443ab7cf76df2c824f832e0e2d0,7209,2,train,2
20111,7213,8,Apostichopus leukothele,/home/tahiti/MARINE_DATASETS/FathomNet_FGVC2025/data/rois/7213_20111.png,/home/tahiti/MARINE_DATASETS/FathomNet_FGVC2025/data/images/7213.png,6defb17cbf8ebec9b92b01bedeec996426d1ba52408f029dcbebdabb25751b78,37a020316abc75c703a7f84e4f7dfcc2ee95ccbe1c99aa62e5d52d6a1d238b50,7213,1,train,1
20115,7216,15,Ceriantharia,/home/tahiti/MARINE_DATASETS/FathomNet_FGVC2025/data/rois/7216_20115.png,/home/tahiti/MARINE_DATASETS/FathomNet_FGVC2025/data/images/7216.png,532e9109efcd1774d1b8b253aa18c718915f493d06543f5269c6430512e8f856,87ba4ffb5bf494e3ad164106c8ad49c0d51f8025814b4b429fe297ba99717d6a,7216,0,train,0
20138,7225,61,Psathyrometra fragilis,/home/tahiti/MARINE_DATASETS/FathomNet_FGVC2025/data/rois/7225_20138.png,/home/tahiti/MARINE_DATASETS/FathomNet_FGVC2025/data/images/7225.png,adfd607897dc581e67aee9945eed33f325fa15590f67b044507f6e8d7cf33c84,5d01069c0d08362650f378e56063dd3be98c0c1105e36057e145a600cf1e56a6,7225,0,train,0
20139,7226,23,Florometra serratissima,/home/tahiti/MARINE_DATASETS/FathomNet_FGVC2025/data/rois/7226_20139.png,/home/tahiti/MARINE_DATASETS/FathomNet_FGVC2025/data/images/7226.png,9c9c8696234e08f2455d57a42f13dc89ca85ed371227cd2ded583cddb81b4d97,cfe1674fc5d9445d89b0e33f1e3e98119b1b1cd7b2f1538bbd335b92b1c9ffb7,7226,2,train,2
20158,7238,61,Psathyrometra fragilis,/home/tahiti/MARINE_DATASETS/FathomNet_FGVC2025/data/rois/7238_20158.png,/home/tahiti/MARINE_DATASETS/FathomNet_FGVC2025/data/images/7238.png,875cd24694e160a3e248a7cf1c0e3d98e58e15faa24c6d8372b8f3cb2db1c071,77951db74769b14d08495f7ec4df2b32364b02317ed0d822786df5f3f2cda102,7238,0,train,0
20215,7261,10,Asbestopluma monticola,/home/tahiti/MARINE_DATASETS/FathomNet_FGVC2025/data/rois/7261_20215.png,/home/tahiti/MARINE_DATASETS/FathomNet_FGVC2025/data/images/7261.png,2589137655a00fc9be3cb0dadb4a0827d5fb6c05dbd234ed1df45113daeae5f1,2621d555e041b7ec32126a686daa6ad127a86e8e05b8c175d549810e7e274ed4,7261,2,train,2
20217,7262,27,Heterocarpus,/home/tahiti/MARINE_DATASETS/FathomNet_FGVC2025/data/rois/7262_20217.png,/home/tahiti/MARINE_DATASETS/FathomNet_FGVC2025/data/images/7262.png,7f9ee9c1f82e3f9f8dd0355fee5bd93feefcbb1b3b253810e36b92215b1f0a13,dd1fb192708fc56d839697b68bd7ccdba2606c8278a1840ad4d272fa409c305a,7262,4,train,4
20227,7262,27,Heterocarpus,/home/tahiti/MARINE_DATASETS/FathomNet_FGVC2025/data/rois/7262_20227.png,/home/tahiti/MARINE_DATASETS/FathomNet_FGVC2025/data/images/7262.png,7ec5260cb6678e749e35e1596adeeece199c9a9e6be6b8cb2d0b06110cf48fd7,dd1fb192708fc56d839697b68bd7ccdba2606c8278a1840ad4d272fa409c305a,7262,4,train,4
20245,7271,78,Vesicomyidae,/home/tahiti/MARINE_DATASETS/FathomNet_FGVC2025/data/rois/7271_20245.png,/home/tahiti/MARINE_DATASETS/FathomNet_FGVC2025/data/images/7271.png,5f4b482ab2f2c5dee6df14db5a3eff9395412f71c00079543d5fec2910664dec,96e80fe046f187a5e0001f51cf824ce26d8d70907a985cd594fc0e89004ca110,7271,4,train,4
20252,7272,48,Ophiacanthidae,/home/tahiti/MARINE_DATASETS/FathomNet_FGVC2025/data/rois/7272_20252.png,/home/tahiti/MARINE_DATASETS/FathomNet_FGVC2025/data/images/7272.png,723a654f97da9266ae723416a18382c1db8c608e3b9c9a0b7e4e02fa4064c2d9,d518de3001922a74da6091a586d4521f00a278cf60cfca0add2036d42aa176ff,7272,0,train,0
20280,7285,57,Parastenella,/home/tahiti/MARINE_DATASETS/FathomNet_FGVC2025/data/rois/7285_20280.png,/home/tahiti/MARINE_DATASETS/FathomNet_FGVC2025/data/images/7285.png,985a9961428faa57c93a8d7ff2b1886bfd7556e82c3309b5e1e1d485aecb59ba,decd59d75fe0e6381903ea6ad440d3486ed68367b87327e945a80f7c73b25755,7285,2,train,2
20286,7289,46,Mycale,/home/tahiti/MARINE_DATASETS/FathomNet_FGVC2025/data/rois/7289_20286.png,/home/tahiti/MARINE_DATASETS/FathomNet_FGVC2025/data/images/7289.png,4f7b79f785fb777dcd2659403726bff5c16ecefd94d2d8f963963809149b7947,07113ec0749a0f46322480053bc3799b1b49af584b93fdc4bf93d2f71236239c,7289,0,train,0
20338,7313,57,Parastenella,/home/tahiti/MARINE_DATASETS/FathomNet_FGVC2025/data/rois/7313_20338.png,/home/tahiti/MARINE_DATASETS/FathomNet_FGVC2025/data/images/7313.png,223f1e3bba90a6149409a10e5f8dd1185173d2a24f785db69487377eca7514b5,15fece70781034516c2865935bf8c9509a9871da21e86de7b1ef2c30caa74fdc,7313,5,train,5
20389,7332,1,Abyssocucumis abyssorum,/home/tahiti/MARINE_DATASETS/FathomNet_FGVC2025/data/rois/7332_20389.png,/home/tahiti/MARINE_DATASETS/FathomNet_FGVC2025/data/images/7332.png,c73beae7878f1e2ac988f226a456b87747d381fb57354a806e0a18e1fba07d38,0236dfc65b7cfe913391a6a303c7b4e7d69553eac2e781df39e0d167d7cd1557,7332,0,train,0
20394,7336,46,Mycale,/home/tahiti/MARINE_DATASETS/FathomNet_FGVC2025/data/rois/7336_20394.png,/home/tahiti/MARINE_DATASETS/FathomNet_FGVC2025/data/images/7336.png,0de0860cfaf0c6f056f6ce3d06c8467387ce8647e448195196fb8487045a1d4d,ca5cd555108709bb098a5fc55e12afdd3fe0613af76ee0e51f1e710dd369e011,7336,1,train,1
20398,7337,1,Abyssocucumis abyssorum,/home/tahiti/MARINE_DATASETS/FathomNet_FGVC2025/data/rois/7337_20398.png,/home/tahiti/MARINE_DATASETS/FathomNet_FGVC2025/data/images/7337.png,abb7c2b73300f43b4cf089cdaaa8b832111fc3b6bbb6ec2f9ccb12e266deb374,26f5e25b2bc902548d9c936694aaec5d879970c041a33b14d8da4c6d9e8926a6,7337,4,train,4
20461,7366,26,Gersemia juliepackardae,/home/tahiti/MARINE_DATASETS/FathomNet_FGVC2025/data/rois/7366_20461.png,/home/tahiti/MARINE_DATASETS/FathomNet_FGVC2025/data/images/7366.png,75970a24e58ecc2e2e2e7bd3162a5cfa222b0051f16eb77be27a797cf0eaaef9,aabee4d600fd78764fefdeaddf92af5600fe24c5ef230b42cfb8e1cd11958891,7366,4,train,4
20469,7369,2,Acanthascinae,/home/tahiti/MARINE_DATASETS/FathomNet_FGVC2025/data/rois/7369_20469.png,/home/tahiti/MARINE_DATASETS/FathomNet_FGVC2025/data/images/7369.png,d2f57b46fce6ec2b82ef1b0c0529c14fd4ff0224c090288097b627e3a123d576,829014f7066a3a28a4abda82ffb375a2da7f5216a9ce3b8b47bded91e2f407ed,7369,2,train,2
20487,7379,46,Mycale,/home/tahiti/MARINE_DATASETS/FathomNet_FGVC2025/data/rois/7379_20487.png,/home/tahiti/MARINE_DATASETS/FathomNet_FGVC2025/data/images/7379.png,10ce96cd4283bb4a3412722f8af4f7418e355b3a2570a58b6e1abb3b2c9c2201,41e020ab467f54f54ab6d9cf0fabeb0e1c64c0ade8a8eba816d2887a27cedc9d,7379,1,train,1
20490,7382,7,Amphipoda,/home/tahiti/MARINE_DATASETS/FathomNet_FGVC2025/data/rois/7382_20490.png,/home/tahiti/MARINE_DATASETS/FathomNet_FGVC2025/data/images/7382.png,bf32fd7a389fe6a4ab78000db93d1beb912890991366fb22c8cb9530eb715c1c,c4908b97ca42b4b094b7fb4fdb0f5fdc8f6cec104ba929306e9de54436db9cd3,7382,5,train,5
20492,7384,21,Elpidia,/home/tahiti/MARINE_DATASETS/FathomNet_FGVC2025/data/rois/7384_20492.png,/home/tahiti/MARINE_DATASETS/FathomNet_FGVC2025/data/images/7384.png,38d00faf804d6c9077f85b6228c736fbd0312f02e1dec18268db5bd0f0cf386a,93f25f10b8e5dd86572f1d5825b9e5b8703817c5d31d1d2293601628942bac76,7384,2,train,2
20518,7390,50,Paelopatides confundens,/home/tahiti/MARINE_DATASETS/FathomNet_FGVC2025/data/rois/7390_20518.png,/home/tahiti/MARINE_DATASETS/FathomNet_FGVC2025/data/images/7390.png,35620dcde893457f534674c666d15dbf485419757d9004158538d1f00fa1e354,f7d687368ea2d17b04dc02aab2df66d090053e114ed27e4cd2750d77e9929c3c,7390,2,train,2
20521,7391,48,Ophiacanthidae,/home/tahiti/MARINE_DATASETS/FathomNet_FGVC2025/data/rois/7391_20521.png,/home/tahiti/MARINE_DATASETS/FathomNet_FGVC2025/data/images/7391.png,7a6626ab16171bb41dc417d5b5d3922c34b29062670c72ecf785039d627ed21b,8da1035e82460e6f29b95f32497e5b1d86b32ba4dedf26067f60eb38388d30ac,7391,4,train,4
20554,7405,15,Ceriantharia,/home/tahiti/MARINE_DATASETS/FathomNet_FGVC2025/data/rois/7405_20554.png,/home/tahiti/MARINE_DATASETS/FathomNet_FGVC2025/data/images/7405.png,da693d465b6b28a3ddc0965680e65d3020723eb5ad3eaee94575ddeff8bf47f1,a8478addd717acc3bc66c065d76da97fed23928fce3fdc4fa71d62b07953bc10,7405,5,train,5
20564,7411,21,Elpidia,/home/tahiti/MARINE_DATASETS/FathomNet_FGVC2025/data/rois/7411_20564.png,/home/tahiti/MARINE_DATASETS/FathomNet_FGVC2025/data/images/7411.png,a72fc1547d7c0b6c25b869d09fa2d74c752f8f6c298ab3b0c0e121a4d0b73fcd,53c0bed95aca5eaaecbb85e77c69bebf1308a83f02371ce11113bb7920cd7e40,7411,2,train,2
20588,7429,9,Asbestopluma,/home/tahiti/MARINE_DATASETS/FathomNet_FGVC2025/data/rois/7429_20588.png,/home/tahiti/MARINE_DATASETS/FathomNet_FGVC2025/data/images/7429.png,3707355609c5805955b23fe3c819ba23b2041b98e337d6706df21ce80152089c,e4e1319f86e3e028d7c88c64eab2750dcd81f197c87cd456dd8a8654695f5bbf,7429,2,train,2
20592,7431,2,Acanthascinae,/home/tahiti/MARINE_DATASETS/FathomNet_FGVC2025/data/rois/7431_20592.png,/home/tahiti/MARINE_DATASETS/FathomNet_FGVC2025/data/images/7431.png,0b91b53972a46695408a40f6a548cdfd72d298091941af92d12150aed66a49f6,ac6824679386592b10e13ac2cabaa4cb3c2c9dd9c7f14f9540693ea4fd795d5c,7431,0,train,0
20593,7432,26,Gersemia juliepackardae,/home/tahiti/MARINE_DATASETS/FathomNet_FGVC2025/data/rois/7432_20593.png,/home/tahiti/MARINE_DATASETS/FathomNet_FGVC2025/data/images/7432.png,a9e2d56056b30a282848d1e843e6d2e3ea836e3ca3af8e61dba7ca5e4557ed99,db6d120df51ee08d3f362a06715347f6d39e4d85ada0d633446c043fe3bd0541,7432,4,train,4
20630,7444,9,Asbestopluma,/home/tahiti/MARINE_DATASETS/FathomNet_FGVC2025/data/rois/7444_20630.png,/home/tahiti/MARINE_DATASETS/FathomNet_FGVC2025/data/images/7444.png,e6b0b6326803a90e1484219c28ca788f14a7af58237f7849982341f4d01f98cb,da3dea391429fb5b5b8aaf0cc70dee9b60211a30199e12751eeb2b2efea35406,7444,1,train,1
20644,7447,7,Amphipoda,/home/tahiti/MARINE_DATASETS/FathomNet_FGVC2025/data/rois/7447_20644.png,/home/tahiti/MARINE_DATASETS/FathomNet_FGVC2025/data/images/7447.png,03c3b465f17b94b156205caca01c0d2a5f97851f844d9ecef3e241731b976e2d,f0361b0f547ebf8e7bc4fa6ee02c06e903987cc97bb5895ea579d64e37473410,7447,4,train,4
20658,7447,7,Amphipoda,/home/tahiti/MARINE_DATASETS/FathomNet_FGVC2025/data/rois/7447_20658.png,/home/tahiti/MARINE_DATASETS/FathomNet_FGVC2025/data/images/7447.png,db16440a670c2a3ed22d7ed94466fe98daeab2dfce29da1b65694b063593cac7,f0361b0f547ebf8e7bc4fa6ee02c06e903987cc97bb5895ea579d64e37473410,7447,4,train,4
20664,7447,7,Amphipoda,/home/tahiti/MARINE_DATASETS/FathomNet_FGVC2025/data/rois/7447_20664.png,/home/tahiti/MARINE_DATASETS/FathomNet_FGVC2025/data/images/7447.png,188ebca23a750650c70e1e7c180b4c9f78a307f3d3e0a7466da8b9295afd2c6e,f0361b0f547ebf8e7bc4fa6ee02c06e903987cc97bb5895ea579d64e37473410,7447,4,train,4
20684,7447,7,Amphipoda,/home/tahiti/MARINE_DATASETS/FathomNet_FGVC2025/data/rois/7447_20684.png,/home/tahiti/MARINE_DATASETS/FathomNet_FGVC2025/data/images/7447.png,0c7179d246cd5a9197c27757ba4d0be5b94079b4802cebc35d5f6745c7e00c38,f0361b0f547ebf8e7bc4fa6ee02c06e903987cc97bb5895ea579d64e37473410,7447,4,train,4
20686,7447,7,Amphipoda,/home/tahiti/MARINE_DATASETS/FathomNet_FGVC2025/data/rois/7447_20686.png,/home/tahiti/MARINE_DATASETS/FathomNet_FGVC2025/data/images/7447.png,7e84eec27e9f623bce902f6d7119638536fbb19a885c8630d82c6c8b76a347d0,f0361b0f547ebf8e7bc4fa6ee02c06e903987cc97bb5895ea579d64e37473410,7447,4,train,4
20724,7463,18,Corallimorphus pilatus,/home/tahiti/MARINE_DATASETS/FathomNet_FGVC2025/data/rois/7463_20724.png,/home/tahiti/MARINE_DATASETS/FathomNet_FGVC2025/data/images/7463.png,92c3c5b2c61adc080915e9038d4cff4c7eb05182dca2befa8b62f66ab56f2088,24233d890ff2761935553161e76037b17a268eb9c1460d223782cdfa012b2847,7463,4,train,4
20736,7468,52,Pandalus platyceros,/home/tahiti/MARINE_DATASETS/FathomNet_FGVC2025/data/rois/7468_20736.png,/home/tahiti/MARINE_DATASETS/FathomNet_FGVC2025/data/images/7468.png,8e6c72d55df4afd29bd5f86eee8c5ce80bf718b55a17740e870176db152b2cc7,1560b2bfb72ae39fbd9561711edb7b43295e05b7cf54457e94a243da34bde7dc,7468,4,train,4
20760,7474,26,Gersemia juliepackardae,/home/tahiti/MARINE_DATASETS/FathomNet_FGVC2025/data/rois/7474_20760.png,/home/tahiti/MARINE_DATASETS/FathomNet_FGVC2025/data/images/7474.png,513d126fda09604d3f1990e74238ac2b03e873a75b38145f4d00d6ee5292ec1b,97c16f41e481a12a4e31e062e2c954ac738163826fbc9a290e12cf130a78e028,7474,2,train,2
20761,7474,26,Gersemia juliepackardae,/home/tahiti/MARINE_DATASETS/FathomNet_FGVC2025/data/rois/7474_20761.png,/home/tahiti/MARINE_DATASETS/FathomNet_FGVC2025/data/images/7474.png,18770c04fe58e34bc2db5e6187746230a7a4a238bf7b38171984d1f16a763cd8,97c16f41e481a12a4e31e062e2c954ac738163826fbc9a290e12cf130a78e028,7474,2,train,2
20778,7479,75,Terebellidae,/home/tahiti/MARINE_DATASETS/FathomNet_FGVC2025/data/rois/7479_20778.png,/home/tahiti/MARINE_DATASETS/FathomNet_FGVC2025/data/images/7479.png,0439780d282b21b371e64ddee9b910d07d34458a0c9906a67008d0ac7dad352f,27ec8882016ff465be81a6b621fcf243ff6cdef6f82afa959dca12fd7506118a,7479,2,train,2
20792,7489,61,Psathyrometra fragilis,/home/tahiti/MARINE_DATASETS/FathomNet_FGVC2025/data/rois/7489_20792.png,/home/tahiti/MARINE_DATASETS/FathomNet_FGVC2025/data/images/7489.png,129bbf20e3da9d33985097c4064882397d1bc8efa8516af69c8fe15db793c504,0e9ff412d750c324c328a334cc2efe7e140d1228c12f34e7b1d44f5d98f7e518,7489,5,train,5
20793,7490,50,Paelopatides confundens,/home/tahiti/MARINE_DATASETS/FathomNet_FGVC2025/data/rois/7490_20793.png,/home/tahiti/MARINE_DATASETS/FathomNet_FGVC2025/data/images/7490.png,96cd196c6f80d2d08afe17407d6f7d242a2aa62a2b316dfa329bb5ff69794ef3,78e3adb2742671215052286edb7319af68fdcc75c59c1e8f734be574d81a62c2,7490,2,train,2
20794,7490,50,Paelopatides confundens,/home/tahiti/MARINE_DATASETS/FathomNet_FGVC2025/data/rois/7490_20794.png,/home/tahiti/MARINE_DATASETS/FathomNet_FGVC2025/data/images/7490.png,ccd608753f0dae20dbefadab7fa370ae056264708786a67c28b2653549404e00,78e3adb2742671215052286edb7319af68fdcc75c59c1e8f734be574d81a62c2,7490,2,train,2
20839,7506,48,Ophiacanthidae,/home/tahiti/MARINE_DATASETS/FathomNet_FGVC2025/data/rois/7506_20839.png,/home/tahiti/MARINE_DATASETS/FathomNet_FGVC2025/data/images/7506.png,3bafe77e94bf011fa9f5ffb2ff5c508aba9cf509389d356dc51c7b70351ceeda,fff7be216157590acc706c8c2611b3aceec5f5844abe6f78c744293f2f9792fe,7506,1,train,1
20862,7512,9,Asbestopluma,/home/tahiti/MARINE_DATASETS/FathomNet_FGVC2025/data/rois/7512_20862.png,/home/tahiti/MARINE_DATASETS/FathomNet_FGVC2025/data/images/7512.png,dee96280e8ea7c7b1a41d1b162c58beddf31d379c7c978c411588b6390198cb5,b29ee41fe735bf9c3d223a1ba5007fa3a5c7b78ded5d135c7015660a05b0c03f,7512,0,train,0
20887,7525,50,Paelopatides confundens,/home/tahiti/MARINE_DATASETS/FathomNet_FGVC2025/data/rois/7525_20887.png,/home/tahiti/MARINE_DATASETS/FathomNet_FGVC2025/data/images/7525.png,20aeddb02dd3c74f09904c062ae2911f087fc97857ab8e8c69c76c49874dd532,f0a79c9187b6ee564562f3c8a1a04079d1fb28804e6c8a0dbb8a52f9893aca11,7525,2,train,2
20894,7530,9,Asbestopluma,/home/tahiti/MARINE_DATASETS/FathomNet_FGVC2025/data/rois/7530_20894.png,/home/tahiti/MARINE_DATASETS/FathomNet_FGVC2025/data/images/7530.png,27b3daa79d31061724ca899b841753b71945526e30198cd4ba6a2c1c0530629b,a52c1fd5d73e34583bd67102f4bc71b240587e13f22745dd76bdbd1fe0b67dd1,7530,2,train,2
20912,7544,9,Asbestopluma,/home/tahiti/MARINE_DATASETS/FathomNet_FGVC2025/data/rois/7544_20912.png,/home/tahiti/MARINE_DATASETS/FathomNet_FGVC2025/data/images/7544.png,1b192cfb981a16966ecd6ffcb99ca55e3522a4bda1e8b61a8298a8a505ab049e,58be0663961a89433674daa3d752b0c3bf3926ce926227c52c3c5a29fdba9986,7544,2,train,2
20916,7547,8,Apostichopus leukothele,/home/tahiti/MARINE_DATASETS/FathomNet_FGVC2025/data/rois/7547_20916.png,/home/tahiti/MARINE_DATASETS/FathomNet_FGVC2025/data/images/7547.png,2882c7711f0e8bbb78c80a6f84f62942a92b5fb61a77435ac5ece65e81134b10,b057ea5a6291f7d4357035f94e3537a342ca9f80f88e98c6d70d1f0c61a9e6a7,7547,4,train,4
20919,7550,17,Chorilia longipes,/home/tahiti/MARINE_DATASETS/FathomNet_FGVC2025/data/rois/7550_20919.png,/home/tahiti/MARINE_DATASETS/FathomNet_FGVC2025/data/images/7550.png,55556f8defd64ca0908c36ec187d865dba91e2ed010bf88e79aedd6c2a7e1346,0a69b00f2221270fc216ac0440d5d0642b68b9aaef28b396e9367e2abefaf67c,7550,4,train,4
20945,7567,46,Mycale,/home/tahiti/MARINE_DATASETS/FathomNet_FGVC2025/data/rois/7567_20945.png,/home/tahiti/MARINE_DATASETS/FathomNet_FGVC2025/data/images/7567.png,1d3fdc1310169053571e07b83c76c50ae63895cacfe233df69ced780000a67b8,93810d4d8cd96fc9fb8cb6a6a3a9ff2a3b278b456c12952a242803c805c5541b,7567,4,train,4
20946,7567,46,Mycale,/home/tahiti/MARINE_DATASETS/FathomNet_FGVC2025/data/rois/7567_20946.png,/home/tahiti/MARINE_DATASETS/FathomNet_FGVC2025/data/images/7567.png,e7ad18c8325e5c8fbe57427cbca268304e01773cb6b98d443801cebe32e16d36,93810d4d8cd96fc9fb8cb6a6a3a9ff2a3b278b456c12952a242803c805c5541b,7567,4,train,4
20951,7569,8,Apostichopus leukothele,/home/tahiti/MARINE_DATASETS/FathomNet_FGVC2025/data/rois/7569_20951.png,/home/tahiti/MARINE_DATASETS/FathomNet_FGVC2025/data/images/7569.png,96d0b5c39450204a5fb426f298f8c3f87617e17632bd1f5339aa0aa3fa382d1a,e919e49a32b440fb4f41d1a8e5686b03fcd27e66bc1b7dcb947917d3b141ab74,7569,1,train,1
20973,7581,9,Asbestopluma,/home/tahiti/MARINE_DATASETS/FathomNet_FGVC2025/data/rois/7581_20973.png,/home/tahiti/MARINE_DATASETS/FathomNet_FGVC2025/data/images/7581.png,c48ee1654b306b355545b77bf382003fc2d7f37f9a4f1961c6cf95d190574599,eabc99f8c83671aeceaee35c499858062b8c95ca89cf52917ecd52093d4795b6,7581,1,train,1
20976,7581,57,Parastenella,/home/tahiti/MARINE_DATASETS/FathomNet_FGVC2025/data/rois/7581_20976.png,/home/tahiti/MARINE_DATASETS/FathomNet_FGVC2025/data/images/7581.png,aecf2eabc647d0bfc267f8a6a43d683d26341d5800516349a365eddd5328dc2b,eabc99f8c83671aeceaee35c499858062b8c95ca89cf52917ecd52093d4795b6,7581,1,train,1
20979,7581,57,Parastenella,/home/tahiti/MARINE_DATASETS/FathomNet_FGVC2025/data/rois/7581_20979.png,/home/tahiti/MARINE_DATASETS/FathomNet_FGVC2025/data/images/7581.png,3a1805ae089e26ccee9f824454f83c017aee4456aa3593929f5d882d0eca0508,eabc99f8c83671aeceaee35c499858062b8c95ca89cf52917ecd52093d4795b6,7581,1,train,1
20982,7581,57,Parastenella,/home/tahiti/MARINE_DATASETS/FathomNet_FGVC2025/data/rois/7581_20982.png,/home/tahiti/MARINE_DATASETS/FathomNet_FGVC2025/data/images/7581.png,7f9e104ae65f00cce3b1208c2d9aa1a426b9fbf1c4b0ae23d8514d303d574666,eabc99f8c83671aeceaee35c499858062b8c95ca89cf52917ecd52093d4795b6,7581,1,train,1
21009,7593,27,Heterocarpus,/home/tahiti/MARINE_DATASETS/FathomNet_FGVC2025/data/rois/7593_21009.png,/home/tahiti/MARINE_DATASETS/FathomNet_FGVC2025/data/images/7593.png,08355fa224bce6e0ae2a6c7ab98cfbaa3a8b3bd5c1f65f50f5bb07c9aa63b918,4d96f442694df079440c4b238c61ebb3c4422bf4c8af43c93ff845c55d34eef4,7593,2,train,2
21010,7594,9,Asbestopluma,/home/tahiti/MARINE_DATASETS/FathomNet_FGVC2025/data/rois/7594_21010.png,/home/tahiti/MARINE_DATASETS/FathomNet_FGVC2025/data/images/7594.png,14f8832f286b0cb2384ee33dda6634e8b86e410b6987c1bffbc8ebff28bf4636,f337e83a9a7e61ad2d435ab7c8d53206ef6bc4350e75843f1afdc49256b992b8,7594,4,train,4
21013,7594,9,Asbestopluma,/home/tahiti/MARINE_DATASETS/FathomNet_FGVC2025/data/rois/7594_21013.png,/home/tahiti/MARINE_DATASETS/FathomNet_FGVC2025/data/images/7594.png,8c675b2b811138f1d8fb73faab396c24cd9897fe111b52296c7b6827fd317640,f337e83a9a7e61ad2d435ab7c8d53206ef6bc4350e75843f1afdc49256b992b8,7594,4,train,4
21027,7602,18,Corallimorphus pilatus,/home/tahiti/MARINE_DATASETS/FathomNet_FGVC2025/data/rois/7602_21027.png,/home/tahiti/MARINE_DATASETS/FathomNet_FGVC2025/data/images/7602.png,ca7b69255bd7bdd1326edbc06a8bcec934e0f6d0f55ca9ec880307fa04be0296,d9687a3d58f04de8d87d5c9c97b6e9ad20138e8c5a179b8c5dc1d9ab2631cdd0,7602,0,train,0
21060,7609,78,Vesicomyidae,/home/tahiti/MARINE_DATASETS/FathomNet_FGVC2025/data/rois/7609_21060.png,/home/tahiti/MARINE_DATASETS/FathomNet_FGVC2025/data/images/7609.png,e938c7b14bd4d2bd4ff8bff793a22195f5ad6efa01d640cacb8cf0d4b84d2110,dc65a60e5e9c6fdcbba622578877eebaa54599a1ad9c52a8b97dd29136416dd6,7609,4,train,4
21066,7609,78,Vesicomyidae,/home/tahiti/MARINE_DATASETS/FathomNet_FGVC2025/data/rois/7609_21066.png,/home/tahiti/MARINE_DATASETS/FathomNet_FGVC2025/data/images/7609.png,45ae83bc7af1e4d4f11037bf1c33737703cf6332a12291f011047384412cc033,dc65a60e5e9c6fdcbba622578877eebaa54599a1ad9c52a8b97dd29136416dd6,7609,4,train,4
21073,7609,78,Vesicomyidae,/home/tahiti/MARINE_DATASETS/FathomNet_FGVC2025/data/rois/7609_21073.png,/home/tahiti/MARINE_DATASETS/FathomNet_FGVC2025/data/images/7609.png,897399d441689c808b9f39532edc0f2ffb09d4a896259923b99e324f13dbfb7c,dc65a60e5e9c6fdcbba622578877eebaa54599a1ad9c52a8b97dd29136416dd6,7609,4,train,4
21094,7618,39,Lithodidae,/home/tahiti/MARINE_DATASETS/FathomNet_FGVC2025/data/rois/7618_21094.png,/home/tahiti/MARINE_DATASETS/FathomNet_FGVC2025/data/images/7618.png,6cedeb56afaa0ba1c59d7dbc20f727bff1b9e1947fab5c42183e081387459b5a,f3d922fcf1bf752f6d7424ec81cf40baa6477b9f64713cf3b094d2ffec2a6b21,7618,0,train,0
21110,7625,12,Benthocodon pedunculata,/home/tahiti/MARINE_DATASETS/FathomNet_FGVC2025/data/rois/7625_21110.png,/home/tahiti/MARINE_DATASETS/FathomNet_FGVC2025/data/images/7625.png,110839f71dab53109d15e77cc5e304f72261e1020658fc9c0bd3fff3b5f7d177,fb9ec92aa2bec9be7280e79ed0f13d24346c089f18cdfcee915de57e5d029a19,7625,0,train,0
21127,7631,9,Asbestopluma,/home/tahiti/MARINE_DATASETS/FathomNet_FGVC2025/data/rois/7631_21127.png,/home/tahiti/MARINE_DATASETS/FathomNet_FGVC2025/data/images/7631.png,de9d9157046071850757db469ceec1d593a144c68223acd1221ccf97df40a0dd,5296b3ea365f4af751ba3f6b7cb101cc7e5060b29534a80fe55f5bf94194f6ef,7631,4,train,4
21129,7632,17,Chorilia longipes,/home/tahiti/MARINE_DATASETS/FathomNet_FGVC2025/data/rois/7632_21129.png,/home/tahiti/MARINE_DATASETS/FathomNet_FGVC2025/data/images/7632.png,76525d0774aabdd8e152eef8cb11dfd823abe2a0cb5ec954833f9bd805fac270,30f3a0516f890d738fd3570eefa01330bd6aad67dd4802e8a34cd5c872a00d9f,7632,4,train,4
21136,7637,3,Acanthoptilum,/home/tahiti/MARINE_DATASETS/FathomNet_FGVC2025/data/rois/7637_21136.png,/home/tahiti/MARINE_DATASETS/FathomNet_FGVC2025/data/images/7637.png,124965572246fdd0883d1ebe593e3c62feaff1069dfd3174c8e3ac6a26eeecc2,2009faa9b740889cd74366c67dedd9c6d7a535cb913aa93e7f01da1692905a90,7637,5,train,5
21172,7658,23,Florometra serratissima,/home/tahiti/MARINE_DATASETS/FathomNet_FGVC2025/data/rois/7658_21172.png,/home/tahiti/MARINE_DATASETS/FathomNet_FGVC2025/data/images/7658.png,b0c3163d90355a075031a39480fcc66867922230210654234f5efe0aff7ff677,b76b3148f7a4b72d58ababcf4f80e075efad326b1ed86b1dc6c8abcf8268f9ee,7658,5,train,5
21187,7663,26,Gersemia juliepackardae,/home/tahiti/MARINE_DATASETS/FathomNet_FGVC2025/data/rois/7663_21187.png,/home/tahiti/MARINE_DATASETS/FathomNet_FGVC2025/data/images/7663.png,a5200efed6568a7a6f4db37dfe137a7e4fa1e1281bd08e600298435f0c427c93,4da15d43797ae6eb062ab99e92276c99c23a82df33a890d3f625b31dfa94b3c7,7663,2,train,2
21207,7676,48,Ophiacanthidae,/home/tahiti/MARINE_DATASETS/FathomNet_FGVC2025/data/rois/7676_21207.png,/home/tahiti/MARINE_DATASETS/FathomNet_FGVC2025/data/images/7676.png,64269e1bd9a308e311760b233cdad51ede17d503dfab88436ef83191960f9002,499d9d758c7cc79e74851bb01c4b474fa498dc282ea38124ca3d086c5b8c34a2,7676,2,train,2
21233,7687,61,Psathyrometra fragilis,/home/tahiti/MARINE_DATASETS/FathomNet_FGVC2025/data/rois/7687_21233.png,/home/tahiti/MARINE_DATASETS/FathomNet_FGVC2025/data/images/7687.png,a5c12c9e65aaf7e0cd4ccbd1cd7c5ad10e74a075c9bba7021cceaa27d15a0083,1335e3d3ff2b5d52139ebc97e7615978530be9ba1ca3b26ed1b7fe2c9d1ef857,7687,4,train,4
21235,7688,46,Mycale,/home/tahiti/MARINE_DATASETS/FathomNet_FGVC2025/data/rois/7688_21235.png,/home/tahiti/MARINE_DATASETS/FathomNet_FGVC2025/data/images/7688.png,3c9e73997b84a75f23b2359f95b88d3138f0a366ce34e4ce7ea8e00ed007c3d2,b40be9cc99aa5cc9d99a6b112dd0eb5afbec828468549e9ace94108d3c5a7e73,7688,1,train,1
21252,7694,50,Paelopatides confundens,/home/tahiti/MARINE_DATASETS/FathomNet_FGVC2025/data/rois/7694_21252.png,/home/tahiti/MARINE_DATASETS/FathomNet_FGVC2025/data/images/7694.png,b12260ff0f1443925148c58855137d1c795ff5f801c3b290151d7b63ddce0ae5,6d815fe9864b76ba8bdf72477854b000660a593f21e8e83ede9e82b71c66653f,7694,2,train,2
21255,7695,1,Abyssocucumis abyssorum,/home/tahiti/MARINE_DATASETS/FathomNet_FGVC2025/data/rois/7695_21255.png,/home/tahiti/MARINE_DATASETS/FathomNet_FGVC2025/data/images/7695.png,a660b79258c451c244c91cac0341b4ca11b67d0f5bcf0e6242edc5ee80384a8a,59f5804d3f0a5bbda30e358dbce16827f05d3ccc7e9752cb7ed04cf33544ebc8,7695,4,train,4
21274,7707,3,Acanthoptilum,/home/tahiti/MARINE_DATASETS/FathomNet_FGVC2025/data/rois/7707_21274.png,/home/tahiti/MARINE_DATASETS/FathomNet_FGVC2025/data/images/7707.png,152732afb256481a619aa3f13d9ecba26f39ad71241babbc0b3a502fdcf12928,6c9b880a965e5ae26aa532cd0ae25f7675f8b1ab7813534579f597df93f9ded8,7707,5,train,5
21309,7722,21,Elpidia,/home/tahiti/MARINE_DATASETS/FathomNet_FGVC2025/data/rois/7722_21309.png,/home/tahiti/MARINE_DATASETS/FathomNet_FGVC2025/data/images/7722.png,627efc14b900a91c195b34dceee407ab44d017b0300ae4ab2cf032be59a22216,32f4af493ce9a8b83e2e8c04498746092fe60a2c047a7dbcd7b017747b350faf,7722,1,train,1
21329,7726,26,Gersemia juliepackardae,/home/tahiti/MARINE_DATASETS/FathomNet_FGVC2025/data/rois/7726_21329.png,/home/tahiti/MARINE_DATASETS/FathomNet_FGVC2025/data/images/7726.png,29e8171c6eeeaac3a4efd1e126773aae25b78dfbdaaf7e4baf5f65b83bfa4eb5,9cb844223e736de48bc2e1d2ff321daded18289f008d3304f7f8a257e7cc9b50,7726,2,train,2
21334,7729,17,Chorilia longipes,/home/tahiti/MARINE_DATASETS/FathomNet_FGVC2025/data/rois/7729_21334.png,/home/tahiti/MARINE_DATASETS/FathomNet_FGVC2025/data/images/7729.png,874e24789c4f2d551e35445f807a734dad8ce30d81d6260baa5874fb1e289661,d786ad9b98c1801309b68eeeda0ccfc0378c818b4c901a8e161d0b06ccb19daf,7729,0,train,0
21338,7732,23,Florometra serratissima,/home/tahiti/MARINE_DATASETS/FathomNet_FGVC2025/data/rois/7732_21338.png,/home/tahiti/MARINE_DATASETS/FathomNet_FGVC2025/data/images/7732.png,636a281bf5226546cb129d8d036097713fdfb421547a8a772624efd377fd2f8a,b2e1a74368ea74ab9d52fbb09531d36d44d02e5f4d01e49e927da52b6846fdbf,7732,5,train,5
21347,7738,23,Florometra serratissima,/home/tahiti/MARINE_DATASETS/FathomNet_FGVC2025/data/rois/7738_21347.png,/home/tahiti/MARINE_DATASETS/FathomNet_FGVC2025/data/images/7738.png,7fb88bf84ca11d2919f1e4e280a76a73515ca7aa596184af3da0a8f9b3b58301,5a631113c00052f1da45a06f0e848d7938b090130dae8da5ad495569e9fa59e0,7738,1,train,1
21349,7740,13,Brisingida,/home/tahiti/MARINE_DATASETS/FathomNet_FGVC2025/data/rois/7740_21349.png,/home/tahiti/MARINE_DATASETS/FathomNet_FGVC2025/data/images/7740.png,96f8279de39be16410e49dbb66271d8c11d003d09e283cce4f2b1ca27406f456,0e7627649674f68a5659687b59d49c5730fa3a3acbf1a54a157d91722d56ddad,7740,1,train,1
21359,7749,18,Corallimorphus pilatus,/home/tahiti/MARINE_DATASETS/FathomNet_FGVC2025/data/rois/7749_21359.png,/home/tahiti/MARINE_DATASETS/FathomNet_FGVC2025/data/images/7749.png,86e01ed11f8afb76c1ad15a8a236488498fdda31ae36d2dd011a73e737ed3224,61fbda79667cc599d66dae5d690478a09aa097666b98b5bde9deefbf59dace56,7749,2,train,2
21384,7763,59,Pennatula phosphorea,/home/tahiti/MARINE_DATASETS/FathomNet_FGVC2025/data/rois/7763_21384.png,/home/tahiti/MARINE_DATASETS/FathomNet_FGVC2025/data/images/7763.png,8230eef91848a9298829719fd92355f47438080b8ee64d33e169196a71cd8160,a6964321c94d7d90c2c55d08b2a2d551944a354383189cca4f539e5f6d93eaf8,7763,1,train,1
21395,7769,13,Brisingida,/home/tahiti/MARINE_DATASETS/FathomNet_FGVC2025/data/rois/7769_21395.png,/home/tahiti/MARINE_DATASETS/FathomNet_FGVC2025/data/images/7769.png,bbc6d92e4feb7ee5b52d55b783cae6893363396d7294d7adab2909307a3ffcb2,4e86221d1e7d0420f1abc57f72aa51acdceb29068639b39dcd45c6c74ce0b551,7769,1,train,1
21396,7770,8,Apostichopus leukothele,/home/tahiti/MARINE_DATASETS/FathomNet_FGVC2025/data/rois/7770_21396.png,/home/tahiti/MARINE_DATASETS/FathomNet_FGVC2025/data/images/7770.png,db02f238d6b84f06d25b74ae6dc8352c75145c90baf51b3a3c81a9c9522ec2ec,697b6de9b46ba33083f6d582984da50b3d1fd694fabdb97ec0b5be135e5702b2,7770,0,train,0
21412,7785,46,Mycale,/home/tahiti/MARINE_DATASETS/FathomNet_FGVC2025/data/rois/7785_21412.png,/home/tahiti/MARINE_DATASETS/FathomNet_FGVC2025/data/images/7785.png,3f8b8d4298b91f2f28a8edf5d0a9249c20d250d49c97621dfee45f14704ccf7e,eedd185cbd8399b2b4c768ba0820d9109fb6581adcffd8d685b5ecc8ba6f0cf8,7785,4,train,4
21422,7793,1,Abyssocucumis abyssorum,/home/tahiti/MARINE_DATASETS/FathomNet_FGVC2025/data/rois/7793_21422.png,/home/tahiti/MARINE_DATASETS/FathomNet_FGVC2025/data/images/7793.png,2fb8fc31bbb66a6f4e9a2a128900207e0d2b9f64e198f45cdaa41bcd5796c523,1d3574ebebb6b9b54d52d224295b59bad42ccbd8ac322e88544136bfa96e5791,7793,0,train,0
21453,7811,2,Acanthascinae,/home/tahiti/MARINE_DATASETS/FathomNet_FGVC2025/data/rois/7811_21453.png,/home/tahiti/MARINE_DATASETS/FathomNet_FGVC2025/data/images/7811.png,19444e7c461fd26e87539bdb3e816f533b2b3e8aa294130fb4590a8eb541022a,9d99860bfab1489ab7aec4b1df38da558489328b341e316821621514cd1f4bc4,7811,1,train,1
21458,7815,50,Paelopatides confundens,/home/tahiti/MARINE_DATASETS/FathomNet_FGVC2025/data/rois/7815_21458.png,/home/tahiti/MARINE_DATASETS/FathomNet_FGVC2025/data/images/7815.png,08cbb4a9d44973029b7ab11a6940496815128aea948829454c0078004d069ca5,04da4155de3afe5f92170094276fd3621e5d9b5745258695644fa3501ddfe60a,7815,2,train,2
21466,7821,17,Chorilia longipes,/home/tahiti/MARINE_DATASETS/FathomNet_FGVC2025/data/rois/7821_21466.png,/home/tahiti/MARINE_DATASETS/FathomNet_FGVC2025/data/images/7821.png,dff1c1557bec9312962cfe190361d42e82b7d537619f555c93a4efa08ed7287a,37640467778bf424f8322db35c1651b4010c1ffc10e392fd33a193f60ef921f0,7821,4,train,4
21468,7823,13,Brisingida,/home/tahiti/MARINE_DATASETS/FathomNet_FGVC2025/data/rois/7823_21468.png,/home/tahiti/MARINE_DATASETS/FathomNet_FGVC2025/data/images/7823.png,0caab490906f2187c9e289a7f0eb4c2cd5d93d82ffd53c1054ff5b8e1746f499,d924515cf56bafd632ecc1e786a99df0b61f91b93c9bff92fa258c1d7e9997df,7823,4,train,4
21472,7825,27,Heterocarpus,/home/tahiti/MARINE_DATASETS/FathomNet_FGVC2025/data/rois/7825_21472.png,/home/tahiti/MARINE_DATASETS/FathomNet_FGVC2025/data/images/7825.png,f743353e1997f247444990224dfa02083836feda739b1af3243bce2251d05dcf,24ab569c6c57328e694f6c05ff6a258d67326c0cef5cd6a17fd597b430488d23,7825,5,train,5
21481,7830,17,Chorilia longipes,/home/tahiti/MARINE_DATASETS/FathomNet_FGVC2025/data/rois/7830_21481.png,/home/tahiti/MARINE_DATASETS/FathomNet_FGVC2025/data/images/7830.png,cb53cc3dfa9a8736ab776efe38bd8478424978ebcb2b6fb7fbad584f712786a3,b28dabddbddca4f74bbbc7a04066c8266ad12d41cbf0d3b43e058c454327275d,7830,4,train,4
21514,7845,61,Psathyrometra fragilis,/home/tahiti/MARINE_DATASETS/FathomNet_FGVC2025/data/rois/7845_21514.png,/home/tahiti/MARINE_DATASETS/FathomNet_FGVC2025/data/images/7845.png,fee6ab20249b335dbaafc48f0baf29cb2f15bda266ec07761b8ebe97e835647f,07be172deb6003f9c1fb2dc5706297ed0f7ea11fd9eb68597a783fc521063f88,7845,4,train,4
21546,7862,23,Florometra serratissima,/home/tahiti/MARINE_DATASETS/FathomNet_FGVC2025/data/rois/7862_21546.png,/home/tahiti/MARINE_DATASETS/FathomNet_FGVC2025/data/images/7862.png,718599f5320a20f9789d3bb426c84ac24c44851f1de7403fcb4d899a390e5a79,bb62209f590213fd490404acace699cfc4d48d8e2c257e7f3e61b39fe6e76e66,7862,1,train,1
21604,7891,2,Acanthascinae,/home/tahiti/MARINE_DATASETS/FathomNet_FGVC2025/data/rois/7891_21604.png,/home/tahiti/MARINE_DATASETS/FathomNet_FGVC2025/data/images/7891.png,45df4a70254c5ab44a8d1e32304acd5b08430d3f52cae88bbf0bf5b8b90ebb86,470014553864e0ddbaf5a267850f116d5407c2833e1e7df025440822d42362ee,7891,5,train,5
21606,7891,2,Acanthascinae,/home/tahiti/MARINE_DATASETS/FathomNet_FGVC2025/data/rois/7891_21606.png,/home/tahiti/MARINE_DATASETS/FathomNet_FGVC2025/data/images/7891.png,d190d4bb506f4a2dbcc73fcd61c11fba011e8360a3e371f7a3fcdd4839d1e7c3,470014553864e0ddbaf5a267850f116d5407c2833e1e7df025440822d42362ee,7891,5,train,5
21621,7898,50,Paelopatides confundens,/home/tahiti/MARINE_DATASETS/FathomNet_FGVC2025/data/rois/7898_21621.png,/home/tahiti/MARINE_DATASETS/FathomNet_FGVC2025/data/images/7898.png,a7a6dcc40ed2881e4ef4da22066a39c4ab788747631ee1db1306fce2f3e72ea4,b10cc3b38d5909170ff7d23ced5c122a2b0834b27fc8a2c51235018cb3f29099,7898,1,train,1
21623,7900,50,Paelopatides confundens,/home/tahiti/MARINE_DATASETS/FathomNet_FGVC2025/data/rois/7900_21623.png,/home/tahiti/MARINE_DATASETS/FathomNet_FGVC2025/data/images/7900.png,0e8d47c0d8a74d533478a4abc6c0655995902741b693692984c00d4187065c3a,67ab153572cfc8626ae081ed9a9d06f42877e4ab9188ca4a62583a528fbdcafe,7900,0,train,0
21632,7905,75,Terebellidae,/home/tahiti/MARINE_DATASETS/FathomNet_FGVC2025/data/rois/7905_21632.png,/home/tahiti/MARINE_DATASETS/FathomNet_FGVC2025/data/images/7905.png,03e40768b686a8b0f94a11dd6fecbec44b6c7bf1179c882f5e046c51b55863b3,ef0e6ab4b0bc05f27c20321e4b50542bff7601e124dcc296a43b77ee2a56a648,7905,1,train,1
21633,7905,75,Terebellidae,/home/tahiti/MARINE_DATASETS/FathomNet_FGVC2025/data/rois/7905_21633.png,/home/tahiti/MARINE_DATASETS/FathomNet_FGVC2025/data/images/7905.png,802651c375f3d3405e7d7551576c53bbc145f48e5cdf9d448b15b384ab72c866,ef0e6ab4b0bc05f27c20321e4b50542bff7601e124dcc296a43b77ee2a56a648,7905,1,train,1
21634,7905,75,Terebellidae,/home/tahiti/MARINE_DATASETS/FathomNet_FGVC2025/data/rois/7905_21634.png,/home/tahiti/MARINE_DATASETS/FathomNet_FGVC2025/data/images/7905.png,ed58fb49cf2df601e5dea7c102697c1acb2ea5f01ba65cfff26fdedeb4cd5db9,ef0e6ab4b0bc05f27c20321e4b50542bff7601e124dcc296a43b77ee2a56a648,7905,1,train,1
21658,7911,23,Florometra serratissima,/home/tahiti/MARINE_DATASETS/FathomNet_FGVC2025/data/rois/7911_21658.png,/home/tahiti/MARINE_DATASETS/FathomNet_FGVC2025/data/images/7911.png,ecb9ccf3b80e41bbaa6c156ef23f519d31af23fd37579ef4eeb96e0a8c102be1,f834c36765d61d87956393b6bb0c63ac6b3e301b27343f7e9e7b5ee38df3d678,7911,2,train,2
21678,7929,61,Psathyrometra fragilis,/home/tahiti/MARINE_DATASETS/FathomNet_FGVC2025/data/rois/7929_21678.png,/home/tahiti/MARINE_DATASETS/FathomNet_FGVC2025/data/images/7929.png,17d2e510db5c7010d9e998bf5598ed140456f27907ca5d22991cc5c1395332d3,719bdc07db2645216f43f107e8a17577a718af3a76b6ef2fd1289f66bf150d71,7929,5,train,5
21763,7976,12,Benthocodon pedunculata,/home/tahiti/MARINE_DATASETS/FathomNet_FGVC2025/data/rois/7976_21763.png,/home/tahiti/MARINE_DATASETS/FathomNet_FGVC2025/data/images/7976.png,92d3e906faa0aa423e10eb342c96200cd6769a80079e0ad5dbd4dcc516d64ba0,6464ebebd624843ea8f290184233a3526d1fcf92ce75009df2f57ac46dd70ac4,7976,1,train,1
21764,7976,12,Benthocodon pedunculata,/home/tahiti/MARINE_DATASETS/FathomNet_FGVC2025/data/rois/7976_21764.png,/home/tahiti/MARINE_DATASETS/FathomNet_FGVC2025/data/images/7976.png,5fa6fd1ae53d590b491e1451144cdcc2c3ea2a1aa4545a0581415699eafce2ec,6464ebebd624843ea8f290184233a3526d1fcf92ce75009df2f57ac46dd70ac4,7976,1,train,1
21774,7980,39,Lithodidae,/home/tahiti/MARINE_DATASETS/FathomNet_FGVC2025/data/rois/7980_21774.png,/home/tahiti/MARINE_DATASETS/FathomNet_FGVC2025/data/images/7980.png,ef39a25c97e722b90d7e8bd6c2cd1ad901706f5ee0993032434931e6272d0af9,49e6e6192d9dc09550cf0311201d0cb3245db60beb6c50a644bcb591f0216c64,7980,4,train,4
21797,7992,13,Brisingida,/home/tahiti/MARINE_DATASETS/FathomNet_FGVC2025/data/rois/7992_21797.png,/home/tahiti/MARINE_DATASETS/FathomNet_FGVC2025/data/images/7992.png,6721bb92b2ab0103c3cd97df7f78a9a7206f538b94155ed9a3e9720d2b22c574,5802e7fb3b28215dd42303511206587caf8a41d3d565b630ef8a727d9e5a5899,7992,4,train,4
21812,8005,12,Benthocodon pedunculata,/home/tahiti/MARINE_DATASETS/FathomNet_FGVC2025/data/rois/8005_21812.png,/home/tahiti/MARINE_DATASETS/FathomNet_FGVC2025/data/images/8005.png,4aa176ebf34f6eabd6d6dfde88c08b724e3c6fee9684075ed29e470458be13d1,b2c725abdd312ca380dd8957fe6a768a8860fcc239ecd066350d6d10ded50bc3,8005,0,train,0
21814,8006,20,Delectopecten,/home/tahiti/MARINE_DATASETS/FathomNet_FGVC2025/data/rois/8006_21814.png,/home/tahiti/MARINE_DATASETS/FathomNet_FGVC2025/data/images/8006.png,c37fb8425652e0a7c59dc38d7a6090f685487892031d2a1e2526b205591ae3a9,88d7b204133afa3321c9c5d1fc22a41251df818a6081ddfdcf887996146d5f86,8006,0,train,0
21862,8024,12,Benthocodon pedunculata,/home/tahiti/MARINE_DATASETS/FathomNet_FGVC2025/data/rois/8024_21862.png,/home/tahiti/MARINE_DATASETS/FathomNet_FGVC2025/data/images/8024.png,93446227b3726e224253984d7dbaeabeaa68d216802bc8575c7e4b7394bb22f5,26b16046b290f5485075a3f02eb7d4c747dfa14db7e588c536c78a47af8182aa,8024,4,train,4
21865,8026,12,Benthocodon pedunculata,/home/tahiti/MARINE_DATASETS/FathomNet_FGVC2025/data/rois/8026_21865.png,/home/tahiti/MARINE_DATASETS/FathomNet_FGVC2025/data/images/8026.png,681e3fd08d6add5f3d5358fa2bf935a7575725cf6652e55a3a483d55d9be8cf7,89cd5b968f598d25023a92729fd172296cf0c8536dfed4e663a5db5984882827,8026,4,train,4
21874,8031,70,Sebastes diploproa,/home/tahiti/MARINE_DATASETS/FathomNet_FGVC2025/data/rois/8031_21874.png,/home/tahiti/MARINE_DATASETS/FathomNet_FGVC2025/data/images/8031.png,41b879e37a3e46925e4d57b2f06605ae972e6d4866cd036052155850dada358c,ed49ffe58efc14ab1dcc098cdd83fe7f5e52460fbc81c042e966694314dafffe,8031,4,train,4
21875,8031,70,Sebastes diploproa,/home/tahiti/MARINE_DATASETS/FathomNet_FGVC2025/data/rois/8031_21875.png,/home/tahiti/MARINE_DATASETS/FathomNet_FGVC2025/data/images/8031.png,0e6d49b533087e563a374a1f37af6866e3b833a31b40873fb74e1bd4e6025667,ed49ffe58efc14ab1dcc098cdd83fe7f5e52460fbc81c042e966694314dafffe,8031,4,train,4
21880,8034,3,Acanthoptilum,/home/tahiti/MARINE_DATASETS/FathomNet_FGVC2025/data/rois/8034_21880.png,/home/tahiti/MARINE_DATASETS/FathomNet_FGVC2025/data/images/8034.png,985ea085cd1b85184b6b754c5571f5f8410add798e41e689ddc5f8a26e12eca3,86ecbe7da94fb9417408f53a3f67cc48b5a4ff4846dd1e025cb43aaa09ae1582,8034,0,train,0
21888,8034,3,Acanthoptilum,/home/tahiti/MARINE_DATASETS/FathomNet_FGVC2025/data/rois/8034_21888.png,/home/tahiti/MARINE_DATASETS/FathomNet_FGVC2025/data/images/8034.png,5df4b5b67597049713dfa6f28bb94c6763f455b8bb1886d282406635ab6ca542,86ecbe7da94fb9417408f53a3f67cc48b5a4ff4846dd1e025cb43aaa09ae1582,8034,0,train,0
21902,8041,17,Chorilia longipes,/home/tahiti/MARINE_DATASETS/FathomNet_FGVC2025/data/rois/8041_21902.png,/home/tahiti/MARINE_DATASETS/FathomNet_FGVC2025/data/images/8041.png,62d1671274f2b1a754fb9cd9d9a0f6d89da9a9397a5c6f8371d4603ca270fb0d,d39f1141e723a91afdc872ba0227e44ada5d1225670fb1ebc53ae8bb12626974,8041,1,train,1
21906,8043,1,Abyssocucumis abyssorum,/home/tahiti/MARINE_DATASETS/FathomNet_FGVC2025/data/rois/8043_21906.png,/home/tahiti/MARINE_DATASETS/FathomNet_FGVC2025/data/images/8043.png,cb798530d670d1a1152109fb9cdaa42b4c4487e9cf7616de7b8a155464ef7e88,0db57dc244a0e889e7a48de644513b5d6fcbf6104e22a867f5850b1d416d4426,8043,1,train,1
21933,8060,2,Acanthascinae,/home/tahiti/MARINE_DATASETS/FathomNet_FGVC2025/data/rois/8060_21933.png,/home/tahiti/MARINE_DATASETS/FathomNet_FGVC2025/data/images/8060.png,8a8c829e19e3c0787889a141630ae254a711d1cd0f1b7eb65b28dd8b5f84f700,e3c15fa56b824429ddffe4b60cef61f63c0a41bc0f996332e085ae6e00921d6f,8060,2,train,2
21951,8073,75,Terebellidae,/home/tahiti/MARINE_DATASETS/FathomNet_FGVC2025/data/rois/8073_21951.png,/home/tahiti/MARINE_DATASETS/FathomNet_FGVC2025/data/images/8073.png,d3417cd606dec1dcb78e69c029d14522a9c290fc030b8e5e99fba7d4557e676c,5b607b88005b3e7c1743ab374b034c5b1d67ac00fd28009377e9a434351dcff0,8073,5,train,5
21956,8073,75,Terebellidae,/home/tahiti/MARINE_DATASETS/FathomNet_FGVC2025/data/rois/8073_21956.png,/home/tahiti/MARINE_DATASETS/FathomNet_FGVC2025/data/images/8073.png,69a06e02fb07568f1ddd8521c48811b5c8e43d4dcb7b54c55df9301f2140a487,5b607b88005b3e7c1743ab374b034c5b1d67ac00fd28009377e9a434351dcff0,8073,5,train,5
21983,8089,39,Lithodidae,/home/tahiti/MARINE_DATASETS/FathomNet_FGVC2025/data/rois/8089_21983.png,/home/tahiti/MARINE_DATASETS/FathomNet_FGVC2025/data/images/8089.png,85fdef1b46d8d0f7bf7587f34616e3fc1c1926da51159b01beea066d7beee023,de46da2e53f1140d47be58e49e1c95c1caf08c95a11a1f17961a21efb79b92b8,8089,2,train,2
21990,8093,46,Mycale,/home/tahiti/MARINE_DATASETS/FathomNet_FGVC2025/data/rois/8093_21990.png,/home/tahiti/MARINE_DATASETS/FathomNet_FGVC2025/data/images/8093.png,57c5d8094e63945073169f028e316fb99fd463c138878d3af2dfff67005b5f7b,128a90715a11e2e1b42ec6d15f5e6cd1e418459274961122fc69473c4223e129,8093,5,train,5
21996,8098,13,Brisingida,/home/tahiti/MARINE_DATASETS/FathomNet_FGVC2025/data/rois/8098_21996.png,/home/tahiti/MARINE_DATASETS/FathomNet_FGVC2025/data/images/8098.png,54aabc4e710e8de8df334ba10ba87cdba35f6b008171585c1478d53aea447073,29d983af186901d88483db4c2e7dd3236547ce1fbfb707f40cd7bd430565f50c,8098,0,train,0
22005,8106,46,Mycale,/home/tahiti/MARINE_DATASETS/FathomNet_FGVC2025/data/rois/8106_22005.png,/home/tahiti/MARINE_DATASETS/FathomNet_FGVC2025/data/images/8106.png,37cf17f3d2b0b053738bd34b7b76f60e4d39a34705ee21dd898d2001a375c025,3674fbb86217c4d4315de44dbf3784624e795b2e1ff35e09e8ab2ce95c969ff0,8106,1,train,1
22011,8111,39,Lithodidae,/home/tahiti/MARINE_DATASETS/FathomNet_FGVC2025/data/rois/8111_22011.png,/home/tahiti/MARINE_DATASETS/FathomNet_FGVC2025/data/images/8111.png,145665169e57e5382c406beee3259c02f3be3acbd759ca4fe931da6a58003b50,be178794c11908a1a1502c545b0c8776bdcafebe57af9779002ff546aaed4e50,8111,5,train,5
22018,8114,61,Psathyrometra fragilis,/home/tahiti/MARINE_DATASETS/FathomNet_FGVC2025/data/rois/8114_22018.png,/home/tahiti/MARINE_DATASETS/FathomNet_FGVC2025/data/images/8114.png,a890fa490f017a3affb882162e7744c987b749d3a712e7df7621ff81de9c1451,8c7ecedf35d1c09eb3a28706ecce7bc2953b6b664c82524cea20a0c28d651f6c,8114,4,train,4
22021,8114,61,Psathyrometra fragilis,/home/tahiti/MARINE_DATASETS/FathomNet_FGVC2025/data/rois/8114_22021.png,/home/tahiti/MARINE_DATASETS/FathomNet_FGVC2025/data/images/8114.png,4ac37567e52c915bf1fed1836a999cf5847c8ab1db602280978f936f3a140eec,8c7ecedf35d1c09eb3a28706ecce7bc2953b6b664c82524cea20a0c28d651f6c,8114,4,train,4
22026,8116,40,Mediaster aequalis,/home/tahiti/MARINE_DATASETS/FathomNet_FGVC2025/data/rois/8116_22026.png,/home/tahiti/MARINE_DATASETS/FathomNet_FGVC2025/data/images/8116.png,d60baf5938dd1b42fc638ca8f0aca5b606b408d619169e65c0122753927e8fd1,0c78b13a8273e7fe56cc55fb4fb2a71d13a4575af8a3f66ba03b5dc79da60808,8116,2,train,2
22030,8119,26,Gersemia juliepackardae,/home/tahiti/MARINE_DATASETS/FathomNet_FGVC2025/data/rois/8119_22030.png,/home/tahiti/MARINE_DATASETS/FathomNet_FGVC2025/data/images/8119.png,4d7fa1a206bfcec9154913cbd12140cc720208f8e0254362d50244cea5d28372,f1941ee9300158b51512a56d29d7483b7db4ecc53ca829732138dc50bf8c833c,8119,4,train,4
22042,8122,26,Gersemia juliepackardae,/home/tahiti/MARINE_DATASETS/FathomNet_FGVC2025/data/rois/8122_22042.png,/home/tahiti/MARINE_DATASETS/FathomNet_FGVC2025/data/images/8122.png,966e8605473ead68609014f8eab3eb589d22074783fe901098544a2117a474b8,54128732a60c0ab82e380eab2cbfd1df037361ee054550ee2f7c621f5379f71c,8122,0,train,0
22058,8134,46,Mycale,/home/tahiti/MARINE_DATASETS/FathomNet_FGVC2025/data/rois/8134_22058.png,/home/tahiti/MARINE_DATASETS/FathomNet_FGVC2025/data/images/8134.png,a0ea4a1a0a33c268f7f629291016da6e54e64333a9990d2ee1cb3ed3125812fd,a1f4d5dda5a935748733a9990db40ec0938fc7e6728220ae48ff98dce4308775,8134,5,train,5
22082,8147,12,Benthocodon pedunculata,/home/tahiti/MARINE_DATASETS/FathomNet_FGVC2025/data/rois/8147_22082.png,/home/tahiti/MARINE_DATASETS/FathomNet_FGVC2025/data/images/8147.png,0eb952bb0bf8c834cdd1b8719d42ad7fe3560b15294bcd0d6ee9f3a300b13e04,11272e703a886729091ec4ce207b30ffc35adc5aab9576b65cbc34c5427abb49,8147,5,train,5
22100,8147,12,Benthocodon pedunculata,/home/tahiti/MARINE_DATASETS/FathomNet_FGVC2025/data/rois/8147_22100.png,/home/tahiti/MARINE_DATASETS/FathomNet_FGVC2025/data/images/8147.png,9ce48b609a9c68ecb9381da01fcb6d6cba00667328d1058c934856545ad49671,11272e703a886729091ec4ce207b30ffc35adc5aab9576b65cbc34c5427abb49,8147,5,train,5
22132,8170,1,Abyssocucumis abyssorum,/home/tahiti/MARINE_DATASETS/FathomNet_FGVC2025/data/rois/8170_22132.png,/home/tahiti/MARINE_DATASETS/FathomNet_FGVC2025/data/images/8170.png,262d8fb198023933ed810ac8dd74d2064a1480c8fc2d061323cde6ad733a2c93,49c0f53354890ea280136ecf9bf7421b178eb472c6d3ab6ef4fed0254038bbda,8170,1,train,1
22144,8180,2,Acanthascinae,/home/tahiti/MARINE_DATASETS/FathomNet_FGVC2025/data/rois/8180_22144.png,/home/tahiti/MARINE_DATASETS/FathomNet_FGVC2025/data/images/8180.png,d393f5df4561e7fb49c8657b7b0abbc7daf558e5a7ff0c016a99f0147624eab6,27302c987137f54f929466b19fb66d6db8dafed91f3bca3f1b1fdc8b1d2f3078,8180,4,train,4
22147,8182,75,Terebellidae,/home/tahiti/MARINE_DATASETS/FathomNet_FGVC2025/data/rois/8182_22147.png,/home/tahiti/MARINE_DATASETS/FathomNet_FGVC2025/data/images/8182.png,e8f60170ada210e4f0be8f4b6a42db8b7238e3a1f8c1a4e26f4ef442d0c95c2b,d6c98de4adbb0643e388b3d1a2691fd8f585b3feeee7632eb544697cf6e209a8,8182,2,train,2
22148,8182,75,Terebellidae,/home/tahiti/MARINE_DATASETS/FathomNet_FGVC2025/data/rois/8182_22148.png,/home/tahiti/MARINE_DATASETS/FathomNet_FGVC2025/data/images/8182.png,0df608454820ecebd401d697d137f27a8966e839007c93715bcd4c8e1c4b8bf3,d6c98de4adbb0643e388b3d1a2691fd8f585b3feeee7632eb544697cf6e209a8,8182,2,train,2
22162,8188,2,Acanthascinae,/home/tahiti/MARINE_DATASETS/FathomNet_FGVC2025/data/rois/8188_22162.png,/home/tahiti/MARINE_DATASETS/FathomNet_FGVC2025/data/images/8188.png,7dc872d7e89d74f1a807168e2434bb53bffdef27eb1baaab6948173e6ba0a859,7f92d7c1e47bfc575d975bff27b51b95543b7073ded9fed5db46105dde54668f,8188,1,train,1
22187,8202,13,Brisingida,/home/tahiti/MARINE_DATASETS/FathomNet_FGVC2025/data/rois/8202_22187.png,/home/tahiti/MARINE_DATASETS/FathomNet_FGVC2025/data/images/8202.png,eb1de54c4655a34bb72992ef83f4ff36bb081ee17c788d58dcc52a080d98bec2,96487d68ad70054cab76b00668577a2bf02687d7a3acf97043b1992cfa56f6a0,8202,5,train,5
22190,8204,3,Acanthoptilum,/home/tahiti/MARINE_DATASETS/FathomNet_FGVC2025/data/rois/8204_22190.png,/home/tahiti/MARINE_DATASETS/FathomNet_FGVC2025/data/images/8204.png,b4a9af403798489a8d0b87796374ca54983346c0df71b5b6d39ce415e4ce8ee9,9a5cd86e036bd1c6b348769a89763df9cbefb7e5c2d322624754c6bf13414dbd,8204,4,train,4
22236,8234,2,Acanthascinae,/home/tahiti/MARINE_DATASETS/FathomNet_FGVC2025/data/rois/8234_22236.png,/home/tahiti/MARINE_DATASETS/FathomNet_FGVC2025/data/images/8234.png,4f2ced40871b8a4cee2f742f009f6b3c1d9e187dfcfcec0d19aa6f0dbb009223,5eda58b340993bf156767dd2ae7dc6aec2b4ba2636ae713ed04ae0382a446d97,8234,2,train,2
22239,8235,48,Ophiacanthidae,/home/tahiti/MARINE_DATASETS/FathomNet_FGVC2025/data/rois/8235_22239.png,/home/tahiti/MARINE_DATASETS/FathomNet_FGVC2025/data/images/8235.png,92afbc0450199760973524e8fe88a32de9818051cfe746e8d700a3078028dd6a,9cf10cb6d33e98e5a8f9292c03cf0a97454bf688e826a4c5278493533aada19c,8235,4,train,4
22249,8237,26,Gersemia juliepackardae,/home/tahiti/MARINE_DATASETS/FathomNet_FGVC2025/data/rois/8237_22249.png,/home/tahiti/MARINE_DATASETS/FathomNet_FGVC2025/data/images/8237.png,180aed5dcd5d7f661ed6306735c4a3d30f4bde7268b305128f8ee381e3b5d70a,bb4aae0a47e90a072d6d8dc9d1cf933a4de9bedf8077c8fc6ae8a1d7ef9a3616,8237,5,train,5
22257,8242,3,Acanthoptilum,/home/tahiti/MARINE_DATASETS/FathomNet_FGVC2025/data/rois/8242_22257.png,/home/tahiti/MARINE_DATASETS/FathomNet_FGVC2025/data/images/8242.png,2e86108cb646300529394a757d791384cd5fe2a29dbdab68590b26db0f9cb2e5,6faa7a43658dff77861aca4218aa0f28b250c731f9dff265619734de5db738a9,8242,5,train,5
22266,8249,13,Brisingida,/home/tahiti/MARINE_DATASETS/FathomNet_FGVC2025/data/rois/8249_22266.png,/home/tahiti/MARINE_DATASETS/FathomNet_FGVC2025/data/images/8249.png,2cee919de2d21de43c5100f5844ad5ef3310e327bd89a6b54e9a60b306df7c76,394bfb5d0cfcbf62adb224a838d7b4e073c7e647f74157b26ffdc56e1f6c55ec,8249,2,train,2
22276,8256,40,Mediaster aequalis,/home/tahiti/MARINE_DATASETS/FathomNet_FGVC2025/data/rois/8256_22276.png,/home/tahiti/MARINE_DATASETS/FathomNet_FGVC2025/data/images/8256.png,a1d1bf1452ebd6d03c37afeff778bb89bcd1c0db2d481131942149319cad4b26,1e9019dbf96b95af88ea177359d74687a7658d7897689db31eae509ea9a8e0d2,8256,2,train,2
22300,8268,40,Mediaster aequalis,/home/tahiti/MARINE_DATASETS/FathomNet_FGVC2025/data/rois/8268_22300.png,/home/tahiti/MARINE_DATASETS/FathomNet_FGVC2025/data/images/8268.png,586526ced53af1bd8183b9636ae007d739cd35fab7cf512fd2e818b57426e8c9,1d8d6ebab05c7cffed4e2c4c3a099e85a296975b02eb5f42afbd10070581085e,8268,0,train,0
22313,8279,13,Brisingida,/home/tahiti/MARINE_DATASETS/FathomNet_FGVC2025/data/rois/8279_22313.png,/home/tahiti/MARINE_DATASETS/FathomNet_FGVC2025/data/images/8279.png,39127559453eb46300294319b6e6d0ab57dff1ea8de6246e25f30e516ff5adbf,dd91779a0d90e3469112e717f251916f223c903800b2dd022f6e84021541693f,8279,0,train,0
22316,8281,39,Lithodidae,/home/tahiti/MARINE_DATASETS/FathomNet_FGVC2025/data/rois/8281_22316.png,/home/tahiti/MARINE_DATASETS/FathomNet_FGVC2025/data/images/8281.png,070490a4a7d3615d591d339c2a407b0bc74e4864fa927fca2864b443cd3740e6,6885b5392b9760f5166e3f67509803f8aa25ca93af9a5d1d6856d1dfac1d8adb,8281,0,train,0
22349,8293,48,Ophiacanthidae,/home/tahiti/MARINE_DATASETS/FathomNet_FGVC2025/data/rois/8293_22349.png,/home/tahiti/MARINE_DATASETS/FathomNet_FGVC2025/data/images/8293.png,c4f017587e2bd124afb99d3f19d4086166b965a273595b07a5819b6593181070,34412330fe35dfd6af24b72f06debb3d151c8b62fe6b56c032899a7c7b69c530,8293,0,train,0
22359,8301,3,Acanthoptilum,/home/tahiti/MARINE_DATASETS/FathomNet_FGVC2025/data/rois/8301_22359.png,/home/tahiti/MARINE_DATASETS/FathomNet_FGVC2025/data/images/8301.png,762bc86d1c11e0dc186bf28172abcf1561e7c467b89ca23f6e4c0a3d554e473b,2d2c40396a88250bd907d4dbf7a33f9be88ff6c8256a13f0d44610b71988427f,8301,5,train,5
22376,8310,75,Terebellidae,/home/tahiti/MARINE_DATASETS/FathomNet_FGVC2025/data/rois/8310_22376.png,/home/tahiti/MARINE_DATASETS/FathomNet_FGVC2025/data/images/8310.png,8224619650dcbd70e4e6c1a7618737124c020ec74a726e238fcb83b81272eed1,234ba1e8764e37c60aca88d2541d2b8dc12ce3b96c1b1b13cc1b4d8d2bb232c6,8310,4,train,4
22391,8316,59,Pennatula phosphorea,/home/tahiti/MARINE_DATASETS/FathomNet_FGVC2025/data/rois/8316_22391.png,/home/tahiti/MARINE_DATASETS/FathomNet_FGVC2025/data/images/8316.png,226169bcf22f245399ece9b35b01f73b5b1299f0ff3537168998b243f4f6dc41,a828af70dde6255f2b2fb69b86a0d0561f2b7f2733d1a74138bc3274f1541fbd,8316,5,train,5
22402,8321,13,Brisingida,/home/tahiti/MARINE_DATASETS/FathomNet_FGVC2025/data/rois/8321_22402.png,/home/tahiti/MARINE_DATASETS/FathomNet_FGVC2025/data/images/8321.png,14db92be6ff554dd8d949772c355dcfec8e12fddbf937da0920380c7ab073594,405e261fc2927fe18991497350ef31837d8f65b0fe925d46e306a1914ce04630,8321,2,train,2
22407,8324,40,Mediaster aequalis,/home/tahiti/MARINE_DATASETS/FathomNet_FGVC2025/data/rois/8324_22407.png,/home/tahiti/MARINE_DATASETS/FathomNet_FGVC2025/data/images/8324.png,4261608bf9ca4ebd3754e0e23f34d60cf39bc13fb3255da0b70c23e0331445a2,a3dc0e84533464deb7e6ed543205de006db7a9383107b924b9d756fb5167c3ca,8324,5,train,5
22429,8333,40,Mediaster aequalis,/home/tahiti/MARINE_DATASETS/FathomNet_FGVC2025/data/rois/8333_22429.png,/home/tahiti/MARINE_DATASETS/FathomNet_FGVC2025/data/images/8333.png,7340509aa7d431223aa08ee4d40dbca48494fabe39089989507c887c87b7ae6c,c093d1d77926da6076ee4df3f879d49de9e6dcafc9dc7e6522bfdc83df86617f,8333,1,train,1
22451,8342,39,Lithodidae,/home/tahiti/MARINE_DATASETS/FathomNet_FGVC2025/data/rois/8342_22451.png,/home/tahiti/MARINE_DATASETS/FathomNet_FGVC2025/data/images/8342.png,954171d688c321a1d2587973209488e981f4c017f8cc3e00e0a8d7181903de27,7122c45f54e42bee773a2410e51c4d93cf9d32e53bd7d25c68600c179274335e,8342,2,train,2
22452,8343,8,Apostichopus leukothele,/home/tahiti/MARINE_DATASETS/FathomNet_FGVC2025/data/rois/8343_22452.png,/home/tahiti/MARINE_DATASETS/FathomNet_FGVC2025/data/images/8343.png,38a36b65753db9d91697ba957cf9d0084d461228e8441051ee9c94507270f402,28201f98f6df3195f218da3e6aa534e54e2323c33b16710c0af475b9b946c85c,8343,4,train,4
22459,8349,13,Brisingida,/home/tahiti/MARINE_DATASETS/FathomNet_FGVC2025/data/rois/8349_22459.png,/home/tahiti/MARINE_DATASETS/FathomNet_FGVC2025/data/images/8349.png,fbd35f3a9c0f8b0859986ba341fd330fa6abc6a53e039708c6d35597eebf9aa6,d3fa0cbce2683c93cfd7ab26677085dab39047fd20896ddf7c8529e58795b104,8349,2,train,2
22460,8350,8,Apostichopus leukothele,/home/tahiti/MARINE_DATASETS/FathomNet_FGVC2025/data/rois/8350_22460.png,/home/tahiti/MARINE_DATASETS/FathomNet_FGVC2025/data/images/8350.png,02ce28a342ca094769eb2c61565409b0357ae032a9e1d3c9cd0033ac4a1671c4,87debc33ba49abebaedcd411cef21b2a49fb648e6e0ebb4a53633704d8556ec4,8350,4,train,4
22483,8360,3,Acanthoptilum,/home/tahiti/MARINE_DATASETS/FathomNet_FGVC2025/data/rois/8360_22483.png,/home/tahiti/MARINE_DATASETS/FathomNet_FGVC2025/data/images/8360.png,4553b03278d58115024ed05203d4faf76a67b1fad17383aaa4658be313813ff5,4cbab9beeff53896cdccdbfc8ec84b864cf6021065111846d6b57173b7f2b385,8360,4,train,4
22486,8361,40,Mediaster aequalis,/home/tahiti/MARINE_DATASETS/FathomNet_FGVC2025/data/rois/8361_22486.png,/home/tahiti/MARINE_DATASETS/FathomNet_FGVC2025/data/images/8361.png,ae2d2876d16b7e595cfc063bc38d51fde32e3eaa9540818b7ced5b117088dd93,8535c92e3b2b4e7b97f10d73a967394d70d058920b75d4ee9de78c8cbc146aa1,8361,2,train,2
22553,8393,6,Actinopterygii,/home/tahiti/MARINE_DATASETS/FathomNet_FGVC2025/data/rois/8393_22553.png,/home/tahiti/MARINE_DATASETS/FathomNet_FGVC2025/data/images/8393.png,9eb11bc9cfa97fc43dccb0b212db4e603ff7b584a8198de43252ca87cc332e97,08eba53f43eb4623d7bd5b20754156f48756bf2387bab6ae5e34bd555f2b44e5,8393,1,train,1
22560,8398,27,Heterocarpus,/home/tahiti/MARINE_DATASETS/FathomNet_FGVC2025/data/rois/8398_22560.png,/home/tahiti/MARINE_DATASETS/FathomNet_FGVC2025/data/images/8398.png,c987cdf8b14ba354a608dacdc972a24ba56e97115dd09f4179db13badfc8eb58,a439383e436d8a260431e152f6940fdd5b9f32a888f16f886801913a59fd4318,8398,1,train,1
22572,8409,39,Lithodidae,/home/tahiti/MARINE_DATASETS/FathomNet_FGVC2025/data/rois/8409_22572.png,/home/tahiti/MARINE_DATASETS/FathomNet_FGVC2025/data/images/8409.png,6a1b927a10135927a7cba81e2579b8a6bc7806378aaebd322abe0a5dd90d22b2,55ae50d9b15d530f52a9b2ea94d2886f76fbe295090eee39ca4b31c09087509f,8409,2,train,2
22586,8418,39,Lithodidae,/home/tahiti/MARINE_DATASETS/FathomNet_FGVC2025/data/rois/8418_22586.png,/home/tahiti/MARINE_DATASETS/FathomNet_FGVC2025/data/images/8418.png,30730d6e629062a006e282cb721a949ea53cf97bd3fcbc7dcfa4093f1a0491f0,a02dec92a114e63c31fc6be51f07901ee8e756798b2307d7261db60744b4f194,8418,1,train,1
22599,8426,27,Heterocarpus,/home/tahiti/MARINE_DATASETS/FathomNet_FGVC2025/data/rois/8426_22599.png,/home/tahiti/MARINE_DATASETS/FathomNet_FGVC2025/data/images/8426.png,303d79689889c383cfc65bf14edafe8896588f3c198e0c5e04c2d2762b76e303,4e7e8b2b5f706dbc956044216bf5d04cbc7cb83635ab9fa25ee52190a66c220a,8426,2,train,2
22603,8428,75,Terebellidae,/home/tahiti/MARINE_DATASETS/FathomNet_FGVC2025/data/rois/8428_22603.png,/home/tahiti/MARINE_DATASETS/FathomNet_FGVC2025/data/images/8428.png,d72ed802841c1a8b14a5af04ec2d9a5280643c21345add35c21dade23b0d235b,27cf72d2893148fb57f5c77461baefe4550193eb9153803b1412610f57d2334c,8428,0,train,0
22606,8429,27,Heterocarpus,/home/tahiti/MARINE_DATASETS/FathomNet_FGVC2025/data/rois/8429_22606.png,/home/tahiti/MARINE_DATASETS/FathomNet_FGVC2025/data/images/8429.png,cfd84da2a5c07315be4f73a25462fac0db1cdd22ef4985413f5003655aa5ff37,b29fb355a976ce795b0aa4b457f1473b178488d12bd8f33485aa00e53efd3147,8429,1,train,1
22638,8441,40,Mediaster aequalis,/home/tahiti/MARINE_DATASETS/FathomNet_FGVC2025/data/rois/8441_22638.png,/home/tahiti/MARINE_DATASETS/FathomNet_FGVC2025/data/images/8441.png,7e10d7428487a5587614fd96bc3279fc757b68721a47d1ae46b0c16bdeda26f2,cb82fce60c188551d04de3a1705e94c0dd82a456219032b95606440c478c4b6b,8441,5,train,5
22697,8467,48,Ophiacanthidae,/home/tahiti/MARINE_DATASETS/FathomNet_FGVC2025/data/rois/8467_22697.png,/home/tahiti/MARINE_DATASETS/FathomNet_FGVC2025/data/images/8467.png,82de174f991813675bc4976e9d6739770ab6709693d941a46d063fc1e127f3ef,90d818561a3d163955f581b5da85799d9debbabf037745cb4d700f23dd67f77b,8467,2,train,2
22716,8481,70,Sebastes diploproa,/home/tahiti/MARINE_DATASETS/FathomNet_FGVC2025/data/rois/8481_22716.png,/home/tahiti/MARINE_DATASETS/FathomNet_FGVC2025/data/images/8481.png,00a3aeae5524f498db3aac967fe416a84b58edce401435498fa5171a98f5c3e7,832b324a03c09de857730eafbc8673e0e3bca0dd2af65ed64ef26209bcbf365d,8481,4,train,4
22735,8497,40,Mediaster aequalis,/home/tahiti/MARINE_DATASETS/FathomNet_FGVC2025/data/rois/8497_22735.png,/home/tahiti/MARINE_DATASETS/FathomNet_FGVC2025/data/images/8497.png,3bd59f3112faa79df8da4bbb3f008f7cdbc68b06fdba01fa05a00c2c0e8ef3e9,25b91fc78761dd1dd343d839762cc97809bcf3bc6c585470c0887ef9262d7002,8497,0,train,0
22765,8515,46,Mycale,/home/tahiti/MARINE_DATASETS/FathomNet_FGVC2025/data/rois/8515_22765.png,/home/tahiti/MARINE_DATASETS/FathomNet_FGVC2025/data/images/8515.png,ef9870d8a80e5c2ab178c72a0396066ba0f970df06ab98793651b0dea191b9a5,3310f2296c04d401377ca9dc8c991586e9ed533dfd4670976a63702a4c767518,8515,0,train,0
22767,8515,46,Mycale,/home/tahiti/MARINE_DATASETS/FathomNet_FGVC2025/data/rois/8515_22767.png,/home/tahiti/MARINE_DATASETS/FathomNet_FGVC2025/data/images/8515.png,86b8b85f0abd79447528545ed5ff700b9c52f51fe0b2944f8a23f1b38f8ac97b,3310f2296c04d401377ca9dc8c991586e9ed533dfd4670976a63702a4c767518,8515,0,train,0
22795,8531,39,Lithodidae,/home/tahiti/MARINE_DATASETS/FathomNet_FGVC2025/data/rois/8531_22795.png,/home/tahiti/MARINE_DATASETS/FathomNet_FGVC2025/data/images/8531.png,7c4f0d46d37babe687d62e6bf30fb339753381f6028aefcada20a5ae741f17de,55aa234e99e8d37710ecd63d88ebdaabcdd38fe35d376c63b62075fb1e2f6812,8531,2,train,2
22805,8540,39,Lithodidae,/home/tahiti/MARINE_DATASETS/FathomNet_FGVC2025/data/rois/8540_22805.png,/home/tahiti/MARINE_DATASETS/FathomNet_FGVC2025/data/images/8540.png,819a8817f46aa3a6d660ab73f4a82039f46c4560ca521c9fb7f6f09c611c943d,64e29812d3c3f400f96ffe9c35278269fe0935c7ddd7828cf01ddbc09cc01dc9,8540,4,train,4
22817,8546,40,Mediaster aequalis,/home/tahiti/MARINE_DATASETS/FathomNet_FGVC2025/data/rois/8546_22817.png,/home/tahiti/MARINE_DATASETS/FathomNet_FGVC2025/data/images/8546.png,c2522c4509ea25e16c68e0be1b8df6a8364b579caea5e07b38fc3a3bfed9f909,d64200d0206e5afa05e97b307cc54bb9937ef61550a6fcfdaa20fbd5dff9fa90,8546,4,train,4
22846,8562,39,Lithodidae,/home/tahiti/MARINE_DATASETS/FathomNet_FGVC2025/data/rois/8562_22846.png,/home/tahiti/MARINE_DATASETS/FathomNet_FGVC2025/data/images/8562.png,9d4b023e0194d1cb8ee0e21eb48dfd9f87917647ffd6efcfc5a10047540eccff,6ea954a5681079139c022ffefb3999f8ce3062f5f8fc8c4f950ca6a75b03f58c,8562,2,train,2
22852,8568,39,Lithodidae,/home/tahiti/MARINE_DATASETS/FathomNet_FGVC2025/data/rois/8568_22852.png,/home/tahiti/MARINE_DATASETS/FathomNet_FGVC2025/data/images/8568.png,53726f6723a5d90557b29fbec96f74d86cd019dae403269476793041ed751e2e,7c336f8c2757ee9c82f15586ee7efad062ffac6388464877405be66ef1a71dd5,8568,2,train,2
22853,8569,3,Acanthoptilum,/home/tahiti/MARINE_DATASETS/FathomNet_FGVC2025/data/rois/8569_22853.png,/home/tahiti/MARINE_DATASETS/FathomNet_FGVC2025/data/images/8569.png,c8c05273152d2b84cf04bd8e05f5f2e904d9ba22e721edb1c820f7a6fec90da1,5d50dbd5082be533d16e2ffe5efc5b16d0db8910bc9043f58e54808e9a804fa2,8569,4,train,4
22872,8586,39,Lithodidae,/home/tahiti/MARINE_DATASETS/FathomNet_FGVC2025/data/rois/8586_22872.png,/home/tahiti/MARINE_DATASETS/FathomNet_FGVC2025/data/images/8586.png,94aaaabc74456c3da53766ea98b94e73d76e1c23326eeeffe0735cfa9a1a7ab3,ab7af26c32c7ad5b47c0ea5cfd677398ee1acc80932abb9a4232620c014917f8,8586,4,train,4
22874,8586,39,Lithodidae,/home/tahiti/MARINE_DATASETS/FathomNet_FGVC2025/data/rois/8586_22874.png,/home/tahiti/MARINE_DATASETS/FathomNet_FGVC2025/data/images/8586.png,c23e9b123291ebde0944fb00c6af69def9693f198788b3840b039434a578b06e,ab7af26c32c7ad5b47c0ea5cfd677398ee1acc80932abb9a4232620c014917f8,8586,4,train,4
22887,8589,59,Pennatula phosphorea,/home/tahiti/MARINE_DATASETS/FathomNet_FGVC2025/data/rois/8589_22887.png,/home/tahiti/MARINE_DATASETS/FathomNet_FGVC2025/data/images/8589.png,e17b63c05f0b8d92440fda6946db22087e0cd341fe29c65752efc23391fd59fe,c4614998343875763a43c5439e425f89c8b0fe9d68631147d0f00d3772ea05c2,8589,4,train,4
22945,8625,8,Apostichopus leukothele,/home/tahiti/MARINE_DATASETS/FathomNet_FGVC2025/data/rois/8625_22945.png,/home/tahiti/MARINE_DATASETS/FathomNet_FGVC2025/data/images/8625.png,3f2b34efefee317c4db746649ef558121fed5cc0fb499cbdff4f1ac6242ccf79,a13ff03ec0e6778b05c7dd7c59021d57e57ecc3643ecb79405833249158936e7,8625,4,train,4
22959,8634,46,Mycale,/home/tahiti/MARINE_DATASETS/FathomNet_FGVC2025/data/rois/8634_22959.png,/home/tahiti/MARINE_DATASETS/FathomNet_FGVC2025/data/images/8634.png,aa9f5c16f5db5e56446a33f3e5fa5124bd6a7c8ffb653e46ea2cc149a54e223a,b33cede3dba41cfffe7e9bef7fcd9d395caee0fcdfaa6d082ca1a4bb1d13a925,8634,1,train,1
22964,8636,70,Sebastes diploproa,/home/tahiti/MARINE_DATASETS/FathomNet_FGVC2025/data/rois/8636_22964.png,/home/tahiti/MARINE_DATASETS/FathomNet_FGVC2025/data/images/8636.png,9584adbe56b1f3c93f2f516e5195d7d805f43b1061b91ad1bec6adc29623f786,cf51729bf299b0decd09efe9f2de9b694933bee61ebfee5671b21b69aac8035c,8636,1,train,1
22966,8636,70,Sebastes diploproa,/home/tahiti/MARINE_DATASETS/FathomNet_FGVC2025/data/rois/8636_22966.png,/home/tahiti/MARINE_DATASETS/FathomNet_FGVC2025/data/images/8636.png,f3d4af8beaf3de8ebe71fc2aaa7d0fcde1def2fff44a307ff12581f1bee3d7a8,cf51729bf299b0decd09efe9f2de9b694933bee61ebfee5671b21b69aac8035c,8636,1,train,1
23005,8654,27,Heterocarpus,/home/tahiti/MARINE_DATASETS/FathomNet_FGVC2025/data/rois/8654_23005.png,/home/tahiti/MARINE_DATASETS/FathomNet_FGVC2025/data/images/8654.png,122dbe46a5c3d284be24c13b15107b26fd99f05310d9fd7c08009f18b3f0823f,f298f6a242f28d94ce679ef4f592e47b88a71c843df886dd9a77230f75f36b17,8654,0,train,0
23020,8661,6,Actinopterygii,/home/tahiti/MARINE_DATASETS/FathomNet_FGVC2025/data/rois/8661_23020.png,/home/tahiti/MARINE_DATASETS/FathomNet_FGVC2025/data/images/8661.png,023e289b8203a9fab8a6c90f888a1dc8e7374856d8e3353a3a14b487354ecba9,ee0eaa8c684be3154703751d3b041a3edcd539f9b7594c3647f75f24b9bf4055,8661,4,train,4
23026,8666,48,Ophiacanthidae,/home/tahiti/MARINE_DATASETS/FathomNet_FGVC2025/data/rois/8666_23026.png,/home/tahiti/MARINE_DATASETS/FathomNet_FGVC2025/data/images/8666.png,ad207128bf40f4c0e9beff3066169f9c33cdabe5fc022cb688586229f5877d64,3f12e94ba757cd83d71bed7e6337db2c5553e9e752565e6ef281af912b32d41e,8666,2,train,2
23038,8672,40,Mediaster aequalis,/home/tahiti/MARINE_DATASETS/FathomNet_FGVC2025/data/rois/8672_23038.png,/home/tahiti/MARINE_DATASETS/FathomNet_FGVC2025/data/images/8672.png,a00f29c577b9d7d5d8e63e71b043a39ef10dd7efd880f4359caeaeb718a8eb58,7e0b45eb48b9230238b97a36ffab00f675890a9668d2ed759a7844ed95e88fc6,8672,0,train,0
23039,8672,40,Mediaster aequalis,/home/tahiti/MARINE_DATASETS/FathomNet_FGVC2025/data/rois/8672_23039.png,/home/tahiti/MARINE_DATASETS/FathomNet_FGVC2025/data/images/8672.png,be4564367207f472feb10f010afa3671d438d5e234d82be21376023a2b1a7bf7,7e0b45eb48b9230238b97a36ffab00f675890a9668d2ed759a7844ed95e88fc6,8672,0,train,0
23055,8682,59,Pennatula phosphorea,/home/tahiti/MARINE_DATASETS/FathomNet_FGVC2025/data/rois/8682_23055.png,/home/tahiti/MARINE_DATASETS/FathomNet_FGVC2025/data/images/8682.png,0d4efc4b0fdbc930ab5ed374835a7e075631b0d7859a56720d1cbf20efd23af1,7374dcfebdc100ae8957121fe33457cba6ae7342b2b12758578b9f5d5258e426,8682,1,train,1
23056,8682,59,Pennatula phosphorea,/home/tahiti/MARINE_DATASETS/FathomNet_FGVC2025/data/rois/8682_23056.png,/home/tahiti/MARINE_DATASETS/FathomNet_FGVC2025/data/images/8682.png,f67a9c00655db78ce77ac7e997e4bca03e64d24f4c414a2fb0dd231262db0210,7374dcfebdc100ae8957121fe33457cba6ae7342b2b12758578b9f5d5258e426,8682,1,train,1
23060,8684,18,Corallimorphus pilatus,/home/tahiti/MARINE_DATASETS/FathomNet_FGVC2025/data/rois/8684_23060.png,/home/tahiti/MARINE_DATASETS/FathomNet_FGVC2025/data/images/8684.png,8a79317044c53f5dadd7817b9cfcd32fb965264aa6361d40635c56de158f6246,6f442e6f492e5a6957bd1cd3fd7026eef79a7954cdb0afc0cd6c8e8e6b34584b,8684,5,train,5
23068,8690,6,Actinopterygii,/home/tahiti/MARINE_DATASETS/FathomNet_FGVC2025/data/rois/8690_23068.png,/home/tahiti/MARINE_DATASETS/FathomNet_FGVC2025/data/images/8690.png,edd2cf1665111964fcaf6d79fd40354f9f8a9fb7a39ee164c022dc88bbd2e8ba,d509b87dc616865b9f08fceb86f7d3289fbef7c69c1676a3b87d7c5846a4057f,8690,4,train,4
23076,8694,48,Ophiacanthidae,/home/tahiti/MARINE_DATASETS/FathomNet_FGVC2025/data/rois/8694_23076.png,/home/tahiti/MARINE_DATASETS/FathomNet_FGVC2025/data/images/8694.png,59bbd6be541e6a393bf43ca31487bc3a46e3d0cbfcdc4fe01839dbe24cf0dc67,35a961b4b228a90300df265bde16d73b586affd2aad20bb163ab5be6ac5514c0,8694,2,train,2
23102,8712,18,Corallimorphus pilatus,/home/tahiti/MARINE_DATASETS/FathomNet_FGVC2025/data/rois/8712_23102.png,/home/tahiti/MARINE_DATASETS/FathomNet_FGVC2025/data/images/8712.png,792558a53745786e24c3be7ec23afa27902ce3e02d0a0fe6dfe158185eb8b1b4,3f88495e4359426233b2f961227882a523fe9908b1660fdb5da9e419f59a3cf4,8712,0,train,0
23120,8720,27,Heterocarpus,/home/tahiti/MARINE_DATASETS/FathomNet_FGVC2025/data/rois/8720_23120.png,/home/tahiti/MARINE_DATASETS/FathomNet_FGVC2025/data/images/8720.png,2862d40361da8d685dcddb78a4463072a8c14edffa02526a357acb8662340f72,881c54039641d61733716930eef8943d9358bb0eb0743c917c8ded8aabc36472,8720,0,train,0
23122,8721,27,Heterocarpus,/home/tahiti/MARINE_DATASETS/FathomNet_FGVC2025/data/rois/8721_23122.png,/home/tahiti/MARINE_DATASETS/FathomNet_FGVC2025/data/images/8721.png,c15fca8e426a39cad99f865c6c4f40acd9947c9eb901db56a413b87d65e2e9e7,4d4daa643dfe3e19c83aa12c0206e34156bc2f334bf539085dc328ae7b67f98d,8721,1,train,1
23183,8744,46,Mycale,/home/tahiti/MARINE_DATASETS/FathomNet_FGVC2025/data/rois/8744_23183.png,/home/tahiti/MARINE_DATASETS/FathomNet_FGVC2025/data/images/8744.png,e77255160390d3dae67b6902c0b7c6e43917bc53ac6fca81669103e173082719,e717ed186737932132bbae1e21bd701fcec6a7b4f40cd43c763668b370901620,8744,0,train,0
23228,8768,61,Psathyrometra fragilis,/home/tahiti/MARINE_DATASETS/FathomNet_FGVC2025/data/rois/8768_23228.png,/home/tahiti/MARINE_DATASETS/FathomNet_FGVC2025/data/images/8768.png,774fd5602d769ccb311378d1d020ba28214a6e1ff190cfeaf1f4fb2adfa83679,5ecb25adc0e60c7459fdedea572baa2f4b2ea006a3992292a940d2be90258107,8768,1,train,1
23245,8777,18,Corallimorphus pilatus,/home/tahiti/MARINE_DATASETS/FathomNet_FGVC2025/data/rois/8777_23245.png,/home/tahiti/MARINE_DATASETS/FathomNet_FGVC2025/data/images/8777.png,d3b5c4d9f35beb4006d3da18ddcefa2715a6095e00ac04858245b74eb6eb4c0e,7e9e5d7cd5ab5c14b7357684087815cb3eba0011f1df4dfbfa54abe98a3fd6fe,8777,4,train,4
23251,8778,61,Psathyrometra fragilis,/home/tahiti/MARINE_DATASETS/FathomNet_FGVC2025/data/rois/8778_23251.png,/home/tahiti/MARINE_DATASETS/FathomNet_FGVC2025/data/images/8778.png,8fab8bb0569ef7ec87afbed7f1a347c0a9ff68d560b5156f59efd00a4c5999d3,a0a41544fc01db6c42ba3d44ad846d8da06310ab950aa85e959a4fea3d5f38fc,8778,5,train,5
23255,8779,40,Mediaster aequalis,/home/tahiti/MARINE_DATASETS/FathomNet_FGVC2025/data/rois/8779_23255.png,/home/tahiti/MARINE_DATASETS/FathomNet_FGVC2025/data/images/8779.png,594f13e134ae93780ee033b4e4c30c50f786d1471bef6dea2bd73decfb3406c4,a93bcc5c1d12999056840c03ab177fcdd854034cee205235969adf6f05c9f3ec,8779,1,train,1
23262,8785,40,Mediaster aequalis,/home/tahiti/MARINE_DATASETS/FathomNet_FGVC2025/data/rois/8785_23262.png,/home/tahiti/MARINE_DATASETS/FathomNet_FGVC2025/data/images/8785.png,2938252e2c0915d810ab9e1958c88399c00d877f49e6d6566350de992b0b8971,55b352c4bf20a772162de29aa6177bf43f1e0afaade2ab42ec4b44f977f760d2,8785,5,train,5
23269,8789,61,Psathyrometra fragilis,/home/tahiti/MARINE_DATASETS/FathomNet_FGVC2025/data/rois/8789_23269.png,/home/tahiti/MARINE_DATASETS/FathomNet_FGVC2025/data/images/8789.png,59d727993cd54a7994e3f06a7fe0fe59ecc51c0d6503101366c03f01f4070351,ff499e1eb98a6b5f0b7ef2bb1efc2506fb1315b12ccd9efb02906604ec4f6261,8789,4,train,4
23296,8805,61,Psathyrometra fragilis,/home/tahiti/MARINE_DATASETS/FathomNet_FGVC2025/data/rois/8805_23296.png,/home/tahiti/MARINE_DATASETS/FathomNet_FGVC2025/data/images/8805.png,90606a7340062b74bc15c0b5e5b1cea8e014d293aca4e63cebc4e0042fdaa192,20673e4189eca88380b3e2248fb58205177a7c9c1742e80d17ce6a634d226595,8805,2,train,2
23301,8807,8,Apostichopus leukothele,/home/tahiti/MARINE_DATASETS/FathomNet_FGVC2025/data/rois/8807_23301.png,/home/tahiti/MARINE_DATASETS/FathomNet_FGVC2025/data/images/8807.png,33391c52acd792fd45c14e541f288f8d1d864d1920a5cd21c930f84c833f24bf,503ee78e08ed31ffb2855cde3d6c088634ee8e56394eb1730ceb18e3e3af4279,8807,4,train,4
23310,8815,6,Actinopterygii,/home/tahiti/MARINE_DATASETS/FathomNet_FGVC2025/data/rois/8815_23310.png,/home/tahiti/MARINE_DATASETS/FathomNet_FGVC2025/data/images/8815.png,d5ad376eb4b46a9bbb14042e52fded90a4ee47375852db25ffa8b105d7a92c93,e40850b0fbc4da8583e1c46216e254c1d03ad8afe87055b1d378ee085e85e54b,8815,2,train,2
23317,8820,59,Pennatula phosphorea,/home/tahiti/MARINE_DATASETS/FathomNet_FGVC2025/data/rois/8820_23317.png,/home/tahiti/MARINE_DATASETS/FathomNet_FGVC2025/data/images/8820.png,900b76fcfc17f27799d99be79320afb2065a6993de811c802b5747008a92707b,01dd15fef7706dc19e70e86907b9a93abf40aec77d27dbf816756ddea62ec37f,8820,5,train,5
23320,8820,59,Pennatula phosphorea,/home/tahiti/MARINE_DATASETS/FathomNet_FGVC2025/data/rois/8820_23320.png,/home/tahiti/MARINE_DATASETS/FathomNet_FGVC2025/data/images/8820.png,7f42701e59ebe52f27d9de87d406a4b9d37646646ebf46828de669709f1d1b58,01dd15fef7706dc19e70e86907b9a93abf40aec77d27dbf816756ddea62ec37f,8820,5,train,5
23327,8825,3,Acanthoptilum,/home/tahiti/MARINE_DATASETS/FathomNet_FGVC2025/data/rois/8825_23327.png,/home/tahiti/MARINE_DATASETS/FathomNet_FGVC2025/data/images/8825.png,2ef79319b405d6109a3fa6337853f5718250b7c77ec5dd1f8c96e64a77fa05a6,0e6d530116442ee2ef112356e6e686ed3fcff85d2b8b93bf62fa102014d19c95,8825,2,train,2
23348,8833,61,Psathyrometra fragilis,/home/tahiti/MARINE_DATASETS/FathomNet_FGVC2025/data/rois/8833_23348.png,/home/tahiti/MARINE_DATASETS/FathomNet_FGVC2025/data/images/8833.png,ce0964de9f1c82135d1a51590f36d0bd06c6fd1d5f6b0995c7072c11388fdbfc,9ff4df55b925674fbec071fba1d5e1effc4d3ca5870a8fc552aa78d2b73be54a,8833,1,train,1
23371,8848,48,Ophiacanthidae,/home/tahiti/MARINE_DATASETS/FathomNet_FGVC2025/data/rois/8848_23371.png,/home/tahiti/MARINE_DATASETS/FathomNet_FGVC2025/data/images/8848.png,a33f24ed2a0d3dbcbc6d5b10d4751035434ba3472a13fd9f40e5abd3e9f74a11,bb9011a32c50f7701178eeaf143334c0d46c255f7e15b08e3fe25de2240a3b75,8848,4,train,4
23390,8856,18,Corallimorphus pilatus,/home/tahiti/MARINE_DATASETS/FathomNet_FGVC2025/data/rois/8856_23390.png,/home/tahiti/MARINE_DATASETS/FathomNet_FGVC2025/data/images/8856.png,22a3725aee911e1bdc4dc6dc37475d28f083858af9e73fc3a6d8925596dc9b8c,54e2142f9d9a4c3cce86d761643824533acadeb0ac41a4292f497a758f4b90da,8856,0,train,0
23409,8865,6,Actinopterygii,/home/tahiti/MARINE_DATASETS/FathomNet_FGVC2025/data/rois/8865_23409.png,/home/tahiti/MARINE_DATASETS/FathomNet_FGVC2025/data/images/8865.png,fd1c0c10bb5420585481cbd387d36179f32650df48f22ba5891b65971f5c3e93,2743cf39af7f52c82db43416e7d98a32f0e95cdf15619c3bb311c53a4800c389,8865,1,train,1
23421,8871,6,Actinopterygii,/home/tahiti/MARINE_DATASETS/FathomNet_FGVC2025/data/rois/8871_23421.png,/home/tahiti/MARINE_DATASETS/FathomNet_FGVC2025/data/images/8871.png,c5511f9c44a1b5fef270de2b74fda7e9f5c1a31b333146663d70205db46014e0,d19b6f01518e0382d6b8f670361f87cca879c81d0074d63bef838446cffb3cac,8871,2,train,2
23424,8873,3,Acanthoptilum,/home/tahiti/MARINE_DATASETS/FathomNet_FGVC2025/data/rois/8873_23424.png,/home/tahiti/MARINE_DATASETS/FathomNet_FGVC2025/data/images/8873.png,336944f4dd6d728019e9406e435ef46ea7e37f2d23e58edcdda4692f483ab424,0644b92af90dbe5335a9fe6b5ad6a257902687ed70614e2deb8b0ce5f622d2d4,8873,0,train,0
23429,8877,48,Ophiacanthidae,/home/tahiti/MARINE_DATASETS/FathomNet_FGVC2025/data/rois/8877_23429.png,/home/tahiti/MARINE_DATASETS/FathomNet_FGVC2025/data/images/8877.png,8a4363f4aefa2e178f5bfb0f3730d89e72a94095dac3c678a2caca275fcad34a,d0e7e376f16f355f4beb8a6d98805c0d93bb1364510cfc610735f21e45498c18,8877,5,train,5
23446,8887,59,Pennatula phosphorea,/home/tahiti/MARINE_DATASETS/FathomNet_FGVC2025/data/rois/8887_23446.png,/home/tahiti/MARINE_DATASETS/FathomNet_FGVC2025/data/images/8887.png,736a87d27ec9eadd3609b77f240852197d2fdb6a395e0bc08c6454fa13bb484b,5df14cb5a7cdaeb3449b18233100a4f3ff33a81013377633ba9bc58a9779e647,8887,2,train,2
23472,8894,61,Psathyrometra fragilis,/home/tahiti/MARINE_DATASETS/FathomNet_FGVC2025/data/rois/8894_23472.png,/home/tahiti/MARINE_DATASETS/FathomNet_FGVC2025/data/images/8894.png,7e4d39652d722be4117775f59a2a24a3659d1384f1f521a104c273b06eeb63ed,842acc83ecbd7c392e5764e54aa617d88742849bebc2092ffb4b65c835b30e17,8894,0,train,0
23487,8897,6,Actinopterygii,/home/tahiti/MARINE_DATASETS/FathomNet_FGVC2025/data/rois/8897_23487.png,/home/tahiti/MARINE_DATASETS/FathomNet_FGVC2025/data/images/8897.png,38c8afcda128dfbd36588c243e2072259850f96d0e3e0d299cbe9a891e67db9b,4e5da3df512c4af577148d41e3313aa7f196233989e30b021f377d0af69bc8a0,8897,4,train,4
23492,8898,59,Pennatula phosphorea,/home/tahiti/MARINE_DATASETS/FathomNet_FGVC2025/data/rois/8898_23492.png,/home/tahiti/MARINE_DATASETS/FathomNet_FGVC2025/data/images/8898.png,a02f4009d635c6811a4fc8706103a77d766ba974b6ece3597346176e87024123,dce260c0bb36e11970bfd8701b76f8aa44a6be13998b92cd4af902aa109c3b58,8898,0,train,0
23507,8903,40,Mediaster aequalis,/home/tahiti/MARINE_DATASETS/FathomNet_FGVC2025/data/rois/8903_23507.png,/home/tahiti/MARINE_DATASETS/FathomNet_FGVC2025/data/images/8903.png,75bc1abb00997d53f2396254bf71063276f4adb358995f026d9008d40b6c55a6,841297a934521e9a60036f0000ae2ca39767c0c761327ff2447d0d88eb68262f,8903,1,train,1
23512,8907,20,Delectopecten,/home/tahiti/MARINE_DATASETS/FathomNet_FGVC2025/data/rois/8907_23512.png,/home/tahiti/MARINE_DATASETS/FathomNet_FGVC2025/data/images/8907.png,000d495051694c8f7a212043ef79c3f156a976b4f2b3999b858a48f7058a6e1e,52736153ad6aa70dd12797ef6a24a81566697caf601a6312cadc20ab21c75669,8907,4,train,4
23513,8907,20,Delectopecten,/home/tahiti/MARINE_DATASETS/FathomNet_FGVC2025/data/rois/8907_23513.png,/home/tahiti/MARINE_DATASETS/FathomNet_FGVC2025/data/images/8907.png,9d671b1a15698f3ee5e33f74e0e87e19474e9503f02ac7dce32a9de276cb8822,52736153ad6aa70dd12797ef6a24a81566697caf601a6312cadc20ab21c75669,8907,4,train,4
23527,8907,20,Delectopecten,/home/tahiti/MARINE_DATASETS/FathomNet_FGVC2025/data/rois/8907_23527.png,/home/tahiti/MARINE_DATASETS/FathomNet_FGVC2025/data/images/8907.png,40d2cf465acd8fc2cc00a44e1a856ecbdcbb8eac3b51a087643c8de696107748,52736153ad6aa70dd12797ef6a24a81566697caf601a6312cadc20ab21c75669,8907,4,train,4
23531,8907,20,Delectopecten,/home/tahiti/MARINE_DATASETS/FathomNet_FGVC2025/data/rois/8907_23531.png,/home/tahiti/MARINE_DATASETS/FathomNet_FGVC2025/data/images/8907.png,6ee6da8a8b37397a685d3ca1d41f52fad135b5eafd403da15d0cdc2f9b5876b9,52736153ad6aa70dd12797ef6a24a81566697caf601a6312cadc20ab21c75669,8907,4,train,4
23553,8915,20,Delectopecten,/home/tahiti/MARINE_DATASETS/FathomNet_FGVC2025/data/rois/8915_23553.png,/home/tahiti/MARINE_DATASETS/FathomNet_FGVC2025/data/images/8915.png,2dbe8ea8c064b3cf65c18ba18a4ef3696e45b5b13b0d43b428411a44c405f7c9,91071a440415b13a54f460cdcbdbb425e51970d93769342734e17c6de2842908,8915,5,train,5
23557,8915,20,Delectopecten,/home/tahiti/MARINE_DATASETS/FathomNet_FGVC2025/data/rois/8915_23557.png,/home/tahiti/MARINE_DATASETS/FathomNet_FGVC2025/data/images/8915.png,b08fccb0b4eae375fe187f8f45f2685d381d831c3ac8fd5199b64e2fa6a227ac,91071a440415b13a54f460cdcbdbb425e51970d93769342734e17c6de2842908,8915,5,train,5
23593,8927,48,Ophiacanthidae,/home/tahiti/MARINE_DATASETS/FathomNet_FGVC2025/data/rois/8927_23593.png,/home/tahiti/MARINE_DATASETS/FathomNet_FGVC2025/data/images/8927.png,912be79bae2cb38d3f044e060636356d0860120c1e733a56700fbcc101e233f6,622dc17ad5bf5e2b99204e743908d2d16465dbb7c4932f98bf5f2f3401fd963b,8927,2,train,2
23612,8940,3,Acanthoptilum,/home/tahiti/MARINE_DATASETS/FathomNet_FGVC2025/data/rois/8940_23612.png,/home/tahiti/MARINE_DATASETS/FathomNet_FGVC2025/data/images/8940.png,6a3114aac5384bf8c78849c9c8d5411f74961ce4d39d0fe963b85d74f795dac2,c146b5f7d5ee720c0990acd72cf508d2bb7224eaca5cb74a9933b43ecdce2b3b,8940,0,train,0
23620,8946,61,Psathyrometra fragilis,/home/tahiti/MARINE_DATASETS/FathomNet_FGVC2025/data/rois/8946_23620.png,/home/tahiti/MARINE_DATASETS/FathomNet_FGVC2025/data/images/8946.png,982738a968368a8e1f510a21df6cc05158e14d0fbcf6b04acc927faafd1da4af,7c5456b708fd3da694beb71956c2ba8d6ecbcafe4ae8ad607a2202d17f6cc7d3,8946,0,train,0
23659,8967,61,Psathyrometra fragilis,/home/tahiti/MARINE_DATASETS/FathomNet_FGVC2025/data/rois/8967_23659.png,/home/tahiti/MARINE_DATASETS/FathomNet_FGVC2025/data/images/8967.png,dc6484dc75deab092449f9b5dc0d9d148842a2aa626505ce9180cc2bdce7777d,463918045a707a0060d37ba770007253853206c7bb2505ebc6a1d7a76eea22d6,8967,1,train,1
23686,8975,61,Psathyrometra fragilis,/home/tahiti/MARINE_DATASETS/FathomNet_FGVC2025/data/rois/8975_23686.png,/home/tahiti/MARINE_DATASETS/FathomNet_FGVC2025/data/images/8975.png,9eba32ca49c5c02a9b7b5e9dd43a66af45e5f64b269a0c3e7d67f1f68c6dea10,f3a8c29251dd7a4f6624ec31f0081de8a0a73fc7c85aee53865b185c01f35050,8975,1,train,1
