annotation_id,image_id,category_id,label,roi_path,source_path,roi_sha256,source_sha256,group_id,fold,split,fold_sensitivity
27,11,19,Crinoidea,/home/tahiti/MARINE_DATASETS/FathomNet_FGVC2025/data/rois/11_27.png,/home/tahiti/MARINE_DATASETS/FathomNet_FGVC2025/data/images/11.png,a41adda7c0782188991c1e2c0dd27554b75105b71f10b0411697fe5943382428,6341dd47ecf6f87a18f81c2031f6a17d42a5cd119947e8a6ea217c6de903fef3,11,4,train,4
56,20,49,Ophiuroidea,/home/tahiti/MARINE_DATASETS/FathomNet_FGVC2025/data/rois/20_56.png,/home/tahiti/MARINE_DATASETS/FathomNet_FGVC2025/data/images/20.png,45b35eed0b1889fc8298a6ad8f4d68f3d8c04f291a3b761afeb232b81e56ae7d,4231605caa62a8acec2ffcee33f7edf2132146ad28330502ce4ccaeeda19f63f,20,2,train,2
58,20,19,Crinoidea,/home/tahiti/MARINE_DATASETS/FathomNet_FGVC2025/data/rois/20_58.png,/home/tahiti/MARINE_DATASETS/FathomNet_FGVC2025/data/images/20.png,cd2b8eafc559b3573a70f200c85a90daccbca16054d492888d42322595c98fb5,4231605caa62a8acec2ffcee33f7edf2132146ad28330502ce4ccaeeda19f63f,20,2,train,2
66,25,35,Isididae,/home/tahiti/MARINE_DATASETS/FathomNet_FGVC2025/data/rois/25_66.png,/home/tahiti/MARINE_DATASETS/FathomNet_FGVC2025/data/images/25.png,c814cddd5aa76b19825b48f9d7cc9796d9b65ec171cd8f4d97f00451910b3207,883dbd208f72a0dd7be5699a0e2031f33c18af4adb45d1ef7001d30a88b0f170,25,4,train,4
86,35,44,Munidopsis,/home/tahiti/MARINE_DATASETS/FathomNet_FGVC2025/data/rois/35_86.png,/home/tahiti/MARINE_DATASETS/FathomNet_FGVC2025/data/images/35.png,140172e265807fc9ed6ba531b59d636d3a4f8fc4670578aecda8294caa2a2f27,767e0f0605aaafe4217ca66fabb23f326004293bc65d07d680666094a7a6bdbf,35,2,train,2
134,40,30,Hexactinellida,/home/tahiti/MARINE_DATASETS/FathomNet_FGVC2025/data/rois/40_134.png,/home/tahiti/MARINE_DATASETS/FathomNet_FGVC2025/data/images/40.png,a11a98b12bda496b11020116b84cb695efd7b27ec6eb13d342ec66d956edf288,68c22229eaa003a9e04eaaa6c859ca153239efca0bfff75223c47eb3b7952cf5,40,1,train,1
142,40,60,Porifera,/home/tahiti/MARINE_DATASETS/FathomNet_FGVC2025/data/rois/40_142.png,/home/tahiti/MARINE_DATASETS/FathomNet_FGVC2025/data/images/40.png,bb600bd966653abaad31b5cd07b320ed90d43ea1be16ce01c33f3da1c176620d,68c22229eaa003a9e04eaaa6c859ca153239efca0bfff75223c47eb3b7952cf5,40,1,train,1
143,41,4,Actinernus,/home/tahiti/MARINE_DATASETS/FathomNet_FGVC2025/data/rois/41_143.png,/home/tahiti/MARINE_DATASETS/FathomNet_FGVC2025/data/images/41.png,7cdf1d3f6b3937c4ec8b4478706b6e47ef64c189261880be75908e9960c934c6,7844c7c330f98280a21fddd51ab5a6a33a11daec0049397398f75e45f8664107,41,1,train,1
164,41,4,Actinernus,/home/tahiti/MARINE_DATASETS/FathomNet_FGVC2025/data/rois/41_164.png,/home/tahiti/MARINE_DATASETS/FathomNet_FGVC2025/data/images/41.png,69213142e4c921015ef0aebc97e8645e0f23fde88194aa827d8e2ac84a7010d1,7844c7c330f98280a21fddd51ab5a6a33a11daec0049397398f75e45f8664107,41,1,train,1
167,41,60,Porifera,/home/tahiti/MARINE_DATASETS/FathomNet_FGVC2025/data/rois/41_167.png,/home/tahiti/MARINE_DATASETS/FathomNet_FGVC2025/data/images/41.png,6758f97f55510ca93e0a0dac2aac6ff508aeb08ec7b1122858de2770283c44c7,7844c7c330f98280a21fddd51ab5a6a33a11daec0049397398f75e45f8664107,41,1,train,1
179,43,58,Peniagone,/home/tahiti/MARINE_DATASETS/FathomNet_FGVC2025/data/rois/43_179.png,/home/tahiti/MARINE_DATASETS/FathomNet_FGVC2025/data/images/43.png,aeecb08d6f4382b84dc28f4fe95723bd122075ec65a1e8fcf955352a5c3fb642,3de41178c6b14adfd10d0968b3c9c7deafaf9d63a96963d59a838301476bec93,43,5,train,5
181,44,16,Chionoecetes tanneri,/home/tahiti/MARINE_DATASETS/FathomNet_FGVC2025/data/rois/44_181.png,/home/tahiti/MARINE_DATASETS/FathomNet_FGVC2025/data/images/44.png,1e6f5e6d6d128cdd4ea0eedd9cb8b266a9a16c502034508c888636febad31e04,f33a2272ed008c869f3d4071de9b4cdebf5cb4d76566c897f05285859b3dceea,44,4,train,4
186,46,74,Strongylocentrotus fragilis,/home/tahiti/MARINE_DATASETS/FathomNet_FGVC2025/data/rois/46_186.png,/home/tahiti/MARINE_DATASETS/FathomNet_FGVC2025/data/images/46.png,f762e3177872cd905119382971e60b592e99abee89af277ec79550a533da54ca,0e3a77f5eb3817a78c45ab0d5e4837646cf9f5e4c09ce187b7fc2a7c92d81d5f,46,5,train,5
188,46,74,Strongylocentrotus fragilis,/home/tahiti/MARINE_DATASETS/FathomNet_FGVC2025/data/rois/46_188.png,/home/tahiti/MARINE_DATASETS/FathomNet_FGVC2025/data/images/46.png,4684440ccdec5772b77600857809fb870e8a1538467066f0793d3f948b404d43,0e3a77f5eb3817a78c45ab0d5e4837646cf9f5e4c09ce187b7fc2a7c92d81d5f,46,5,train,5
198,46,74,Strongylocentrotus fragilis,/home/tahiti/MARINE_DATASETS/FathomNet_FGVC2025/data/rois/46_198.png,/home/tahiti/MARINE_DATASETS/FathomNet_FGVC2025/data/images/46.png,bbe8ca61a1f1e58565b84f83f6e156c92e4376e6e7878998d14e1506c6d2e22f,0e3a77f5eb3817a78c45ab0d5e4837646cf9f5e4c09ce187b7fc2a7c92d81d5f,46,5,train,5
245,61,60,Porifera,/home/tahiti/MARINE_DATASETS/FathomNet_FGVC2025/data/rois/61_245.png,/home/tahiti/MARINE_DATASETS/FathomNet_FGVC2025/data/images/61.png,e3549ae4db50118054d5e6c184ac989b9f2ca8eff2d3c0fe29e93271a6e51d46,4df3dd2d6def1c2ca087ab3dbfec7a12f20cf391d93cf352007a0392264ec773,61,5,train,5
261,63,28,Heterochone calyx,/home/tahiti/MARINE_DATASETS/FathomNet_FGVC2025/data/rois/63_261.png,/home/tahiti/MARINE_DATASETS/FathomNet_FGVC2025/data/images/63.png,33aa1b2772b6615ff1fd7d44af4714cabcd4bbd4a7a89916b5ce7313ea89a284,41254b0a8de4a5f59f661a069d829b734d18ee5199ac9cb52849d8c3f21004ce,63,2,train,2
310,71,54,Paragorgia,/home/tahiti/MARINE_DATASETS/FathomNet_FGVC2025/data/rois/71_310.png,/home/tahiti/MARINE_DATASETS/FathomNet_FGVC2025/data/images/71.png,5f4fa024cf5120e5caf33dc5f4289c26ce7e8fa62dbaed505c36abfae5c8a732,37f1063b2ec82880651b4db337d6177849343f86ac650d152e9ed502051fd23e,71,5,train,5
350,87,55,Paragorgia arborea,/home/tahiti/MARINE_DATASETS/FathomNet_FGVC2025/data/rois/87_350.png,/home/tahiti/MARINE_DATASETS/FathomNet_FGVC2025/data/images/87.png,c7e10b81f7b8fafc037bf277e8badf87c96175fca974c87387090145b4928591,93eba8f1540cb64239cb54b7a7923d7e2fca6f8f9bcd372329ae16a4cddbbb25,87,4,train,4
353,89,44,Munidopsis,/home/tahiti/MARINE_DATASETS/FathomNet_FGVC2025/data/rois/89_353.png,/home/tahiti/MARINE_DATASETS/FathomNet_FGVC2025/data/images/89.png,e25ae9f73a4ff392dd8d65ed1a7a0b09361c5f20d0fae7eb9027a3f44d4606cb,78fd86999cc59577189f3a537d097b84d71344cfd4384b643ae07c6a6cb7c941,89,2,train,2
357,89,44,Munidopsis,/home/tahiti/MARINE_DATASETS/FathomNet_FGVC2025/data/rois/89_357.png,/home/tahiti/MARINE_DATASETS/FathomNet_FGVC2025/data/images/89.png,5b3954d9e029f0a5a714ce9ff7e9058c171a7d77b96dac95edb73e58d95ee0a9,78fd86999cc59577189f3a537d097b84d71344cfd4384b643ae07c6a6cb7c941,89,2,train,2
364,89,58,Peniagone,/home/tahiti/MARINE_DATASETS/FathomNet_FGVC2025/data/rois/89_364.png,/home/tahiti/MARINE_DATASETS/FathomNet_FGVC2025/data/images/89.png,ba9ea9d9a2c2587949819f4c5455a4627cdeb0dcc824c57ee96d2ef34e084b3d,78fd86999cc59577189f3a537d097b84d71344cfd4384b643ae07c6a6cb7c941,89,2,train,2
365,89,44,Munidopsis,/home/tahiti/MARINE_DATASETS/FathomNet_FGVC2025/data/rois/89_365.png,/home/tahiti/MARINE_DATASETS/FathomNet_FGVC2025/data/images/89.png,a8cf2db89dc3b937ac5f5b61f97e84ef3fff0abee4e0a619dfa66a3f783496e5,78fd86999cc59577189f3a537d097b84d71344cfd4384b643ae07c6a6cb7c941,89,2,train,2
366,89,58,Peniagone,/home/tahiti/MARINE_DATASETS/FathomNet_FGVC2025/data/rois/89_366.png,/home/tahiti/MARINE_DATASETS/FathomNet_FGVC2025/data/images/89.png,b649b292cccf3825a9fd2af589e88e55dc7b160f5d5ecf09cf2d93f51b058b73,78fd86999cc59577189f3a537d097b84d71344cfd4384b643ae07c6a6cb7c941,89,2,train,2
382,90,5,Actiniaria,/home/tahiti/MARINE_DATASETS/FathomNet_FGVC2025/data/rois/90_382.png,/home/tahiti/MARINE_DATASETS/FathomNet_FGVC2025/data/images/90.png,7695dc4a40f5c62efbed256cdb48e5719b966377273b1a806f926c5fcfffaa4e,9d249898b551f20f0dac7cbd66c6d80a6b8a16962d29dd9f9b96137f5434bb3b,90,0,train,0
390,94,49,Ophiuroidea,/home/tahiti/MARINE_DATASETS/FathomNet_FGVC2025/data/rois/94_390.png,/home/tahiti/MARINE_DATASETS/FathomNet_FGVC2025/data/images/94.png,b4039ffaa307d1ae730bfd4a8613c7ebb01b83b638b7b429980c8665a9d8f4c8,55fe6cf3dc816fe9cceccdf1e988ebe5d2de70e3d216c7c6a5291fcbf68347a4,94,1,train,1
410,97,49,Ophiuroidea,/home/tahiti/MARINE_DATASETS/FathomNet_FGVC2025/data/rois/97_410.png,/home/tahiti/MARINE_DATASETS/FathomNet_FGVC2025/data/images/97.png,f3f5349a22f18429efcc54c9ebfa8792591444c3878d9ddc5805a2fb8f2fcf2c,c1bc154edeba3c76b752b20c7f405614d98a1282c8e326bad6254ea23e9f46da,97,2,train,2
412,98,74,Strongylocentrotus fragilis,/home/tahiti/MARINE_DATASETS/FathomNet_FGVC2025/data/rois/98_412.png,/home/tahiti/MARINE_DATASETS/FathomNet_FGVC2025/data/images/98.png,54dda72eeb4b667655b44b244ec83756aeab3102563b38f473e1d885bf565aa9,510b7c3e877e3a83f0755c363cf676d7d0417ec5baaab92d64ea6fbb538cbf2f,98,2,train,2
419,98,74,Strongylocentrotus fragilis,/home/tahiti/MARINE_DATASETS/FathomNet_FGVC2025/data/rois/98_419.png,/home/tahiti/MARINE_DATASETS/FathomNet_FGVC2025/data/images/98.png,5339027cee895e8446c89892896a44ef68c3b72b516c7daded14c4cfaf547454,510b7c3e877e3a83f0755c363cf676d7d0417ec5baaab92d64ea6fbb538cbf2f,98,2,train,2
425,99,74,Strongylocentrotus fragilis,/home/tahiti/MARINE_DATASETS/FathomNet_FGVC2025/data/rois/99_425.png,/home/tahiti/MARINE_DATASETS/FathomNet_FGVC2025/data/images/99.png,33886e13142ca6db1d0e6ddd8d1ffcd278b871be58802f0a67db61c8b19a913a,904cd76776a56b31e2dcf68f8ccf360c33cbc1ff41182ffbb4a11f9dffc6108a,99,5,train,5
426,100,49,Ophiuroidea,/home/tahiti/MARINE_DATASETS/FathomNet_FGVC2025/data/rois/100_426.png,/home/tahiti/MARINE_DATASETS/FathomNet_FGVC2025/data/images/100.png,446e4c10fea0ff47011658f9d6b8aa55fc3038d45e6e1b8734c77a57c736a464,d4a5ee971c868e90f37958335f6948be2eadf59761ffd8ec3d08659580323deb,100,2,train,2
437,109,67,Scotoplanes,/home/tahiti/MARINE_DATASETS/FathomNet_FGVC2025/data/rois/109_437.png,/home/tahiti/MARINE_DATASETS/FathomNet_FGVC2025/data/images/109.png,d99ec47c6802b3a75a85062f1b8eb2c9358275493435f0f8fadfd6822fbb3ad5,8c96680d2313dd3a0e9d050fe65fc08f500f0acda36d7743aa22df6920d904f1,109,5,train,5
442,114,42,Metridium farcimen,/home/tahiti/MARINE_DATASETS/FathomNet_FGVC2025/data/rois/114_442.png,/home/tahiti/MARINE_DATASETS/FathomNet_FGVC2025/data/images/114.png,eecf6219be3591b1daecb4bbb35b1181dbd6c42a7d1f4a8fd0dbb34089f12530,495b38fe704d5d91e57d60a7cf45b533ac26effc966238e70aed465f192e05b1,114,4,train,4
463,119,24,Funiculina,/home/tahiti/MARINE_DATASETS/FathomNet_FGVC2025/data/rois/119_463.png,/home/tahiti/MARINE_DATASETS/FathomNet_FGVC2025/data/images/119.png,b594f1fbe872ce6d799f1549cd31fc80db476cb64916ee8b545d73d114b84b19,73b113852c892211b7707dee20d15f67db61ad360d73096a158a05add5ad1ee2,119,4,train,4
468,119,5,Actiniaria,/home/tahiti/MARINE_DATASETS/FathomNet_FGVC2025/data/rois/119_468.png,/home/tahiti/MARINE_DATASETS/FathomNet_FGVC2025/data/images/119.png,d348094e26cda1ded7509de5fcb101511e5d4320196f202b181905988828e908,73b113852c892211b7707dee20d15f67db61ad360d73096a158a05add5ad1ee2,119,4,train,4
475,122,28,Heterochone calyx,/home/tahiti/MARINE_DATASETS/FathomNet_FGVC2025/data/rois/122_475.png,/home/tahiti/MARINE_DATASETS/FathomNet_FGVC2025/data/images/122.png,78f35dfbdc0ec6ec7f987d466826923d20b542f3f8129eb84685a60659e635fa,aaec46313e18d985c1ed88b670865b4b390ae571a425f9158ebe1ec4712c1019,122,2,train,2
476,122,5,Actiniaria,/home/tahiti/MARINE_DATASETS/FathomNet_FGVC2025/data/rois/122_476.png,/home/tahiti/MARINE_DATASETS/FathomNet_FGVC2025/data/images/122.png,33a96ce0d5f5599e52012a20b51e39cdb95e75894d7868e49ac318891c2c8f7f,aaec46313e18d985c1ed88b670865b4b390ae571a425f9158ebe1ec4712c1019,122,2,train,2
494,127,65,Rathbunaster californicus,/home/tahiti/MARINE_DATASETS/FathomNet_FGVC2025/data/rois/127_494.png,/home/tahiti/MARINE_DATASETS/FathomNet_FGVC2025/data/images/127.png,b216a1fc9e2d96b71023e1ae4600937b4f79e75feea886e342cb628c8fba1ef9,622af578392d3904b2df4536109418ed7f3c7e32c7e0eb4c29e49b583adbc3df,127,1,train,1
521,138,47,Octopus rubescens,/home/tahiti/MARINE_DATASETS/FathomNet_FGVC2025/data/rois/138_521.png,/home/tahiti/MARINE_DATASETS/FathomNet_FGVC2025/data/images/138.png,aaee2c299df34fecf00934771c6b788be583436033fccb76e7d05b58656afa84,aee442916afa5501ab132dd95c5c7deddaa792b9ac408b7d93bb3748897ee57d,138,2,train,2
524,138,69,Sebastes,/home/tahiti/MARINE_DATASETS/FathomNet_FGVC2025/data/rois/138_524.png,/home/tahiti/MARINE_DATASETS/FathomNet_FGVC2025/data/images/138.png,4f1643547bc4ffbd7954e72011bd00846b940ce2cef8ecd12d0792c4e4973121,aee442916afa5501ab132dd95c5c7deddaa792b9ac408b7d93bb3748897ee57d,138,2,train,2
540,142,55,Paragorgia arborea,/home/tahiti/MARINE_DATASETS/FathomNet_FGVC2025/data/rois/142_540.png,/home/tahiti/MARINE_DATASETS/FathomNet_FGVC2025/data/images/142.png,17ff92acfe8f31b9ce9b71e093d42a2df823fd7958d9f3673e18155625dd5cef,6c45f58f128f661192fc23d05090f6f253be385cd0c19dda52a82141bc06ad68,142,4,train,4
551,147,74,Strongylocentrotus fragilis,/home/tahiti/MARINE_DATASETS/FathomNet_FGVC2025/data/rois/147_551.png,/home/tahiti/MARINE_DATASETS/FathomNet_FGVC2025/data/images/147.png,20619cd3df39f55c5b0c00ca46a87ea3af26f6976cefb4ad85b6aacb1d6d9458,f68b3355f3aa0b33185e475136c14c366e13ab42cd25dcc4a1e9a92440488218,147,1,train,1
556,147,74,Strongylocentrotus fragilis,/home/tahiti/MARINE_DATASETS/FathomNet_FGVC2025/data/rois/147_556.png,/home/tahiti/MARINE_DATASETS/FathomNet_FGVC2025/data/images/147.png,0e5a1b35a0bdc9085b4830a07b4b9f2a351f849e34ef3b409f980fced2fc24b9,f68b3355f3aa0b33185e475136c14c366e13ab42cd25dcc4a1e9a92440488218,147,1,train,1
565,149,74,Strongylocentrotus fragilis,/home/tahiti/MARINE_DATASETS/FathomNet_FGVC2025/data/rois/149_565.png,/home/tahiti/MARINE_DATASETS/FathomNet_FGVC2025/data/images/149.png,ef858e21ec3fbd7db38d6e0d1ce1e6f53dfc6b6a5c1028656a3445edc4400758,b1a5e1c2ca3d2e5baeae8d007cc77df52f19a2516db89852c9caaf701fcbc85e,149,4,train,4
595,158,67,Scotoplanes,/home/tahiti/MARINE_DATASETS/FathomNet_FGVC2025/data/rois/158_595.png,/home/tahiti/MARINE_DATASETS/FathomNet_FGVC2025/data/images/158.png,398083af52e94ce869224729ea2b2e058f859db5a26a67f29b663378bf8e27cd,c0ddd74bb0be1e3d83e5a91b801fcdc2bd9ef296ccbe741a6a8c49ab18f0b878,158,0,train,0
601,161,28,Heterochone calyx,/home/tahiti/MARINE_DATASETS/FathomNet_FGVC2025/data/rois/161_601.png,/home/tahiti/MARINE_DATASETS/FathomNet_FGVC2025/data/images/161.png,a79806b2cf28d84642ed3170010749b17cf56af485a11dc8a7851549f3323f32,4694deab0a77fb0b95fdc4443e5441a8558016c172164c706ef357b478614719,161,5,train,5
631,167,74,Strongylocentrotus fragilis,/home/tahiti/MARINE_DATASETS/FathomNet_FGVC2025/data/rois/167_631.png,/home/tahiti/MARINE_DATASETS/FathomNet_FGVC2025/data/images/167.png,10c414c2287a04f6af2b2974aa05a9e9840aeaf0c0815c2b9f7a025aacbbcd7b,c1d6271a0bca45e3c02ec28f5168e2ff31ad434af763487e4d6bf099bccb3520,167,1,train,1
646,167,74,Strongylocentrotus fragilis,/home/tahiti/MARINE_DATASETS/FathomNet_FGVC2025/data/rois/167_646.png,/home/tahiti/MARINE_DATASETS/FathomNet_FGVC2025/data/images/167.png,5bb9d48b6e3c7d2fb5066496d39f535d1c53d6c0ccaecbae2d170366051f0277,c1d6271a0bca45e3c02ec28f5168e2ff31ad434af763487e4d6bf099bccb3520,167,1,train,1
647,168,32,Holothuroidea,/home/tahiti/MARINE_DATASETS/FathomNet_FGVC2025/data/rois/168_647.png,/home/tahiti/MARINE_DATASETS/FathomNet_FGVC2025/data/images/168.png,f8a7b54ae569c5d2ffb8ff4c36412a41f4487ba9b123c12b940cc3edc9acb7b4,0d6d5b1b6a9e0f17e12e631f1f2eb0185130d722acc70c3bcd74d0c3924e6e96,168,0,train,0
677,170,16,Chionoecetes tanneri,/home/tahiti/MARINE_DATASETS/FathomNet_FGVC2025/data/rois/170_677.png,/home/tahiti/MARINE_DATASETS/FathomNet_FGVC2025/data/images/170.png,ced406343808f1f7c051eaa7e18e1713647a9396d9def48d5a3312bf5185c3b2,dd16611b1dbfcde7e9147a5572741d279027ed66f4c3d10eed1419b9cf35a86c,170,4,train,4
685,170,16,Chionoecetes tanneri,/home/tahiti/MARINE_DATASETS/FathomNet_FGVC2025/data/rois/170_685.png,/home/tahiti/MARINE_DATASETS/FathomNet_FGVC2025/data/images/170.png,bd509bd61b8d92144682ec4f6b231c0f155022526e7c11033a6b4f5b9a86c9d7,dd16611b1dbfcde7e9147a5572741d279027ed66f4c3d10eed1419b9cf35a86c,170,4,train,4
691,174,35,Isididae,/home/tahiti/MARINE_DATASETS/FathomNet_FGVC2025/data/rois/174_691.png,/home/tahiti/MARINE_DATASETS/FathomNet_FGVC2025/data/images/174.png,efd908f1a7daddc66f8693ce9fba5164ef59c96a28aae28999e12fad612c3b60,a0a28e1d5b50095eeff18ca73f96d36dfa0d09df1651c064216e941ed99057d3,174,5,train,5
695,176,25,Gastropoda,/home/tahiti/MARINE_DATASETS/FathomNet_FGVC2025/data/rois/176_695.png,/home/tahiti/MARINE_DATASETS/FathomNet_FGVC2025/data/images/176.png,bd00f32e3fead01808207f6754c55859e5b56f434a331a9f09a65f175c9e545a,d71abefa3a4541f165feeac21788d8f0360362f3fbfb6fc1f521ad342d3f02f9,176,2,train,2
776,199,74,Strongylocentrotus fragilis,/home/tahiti/MARINE_DATASETS/FathomNet_FGVC2025/data/rois/199_776.png,/home/tahiti/MARINE_DATASETS/FathomNet_FGVC2025/data/images/199.png,a4b6b44d568a12bcdbbbdc30f77e911064e602dfb1512c63c7c68bd7274af5dd,01a831a98b6b049a1e670c32181e7a1dd81a61f6eba53c7797eeb8b792d25480,199,2,train,2
777,199,74,Strongylocentrotus fragilis,/home/tahiti/MARINE_DATASETS/FathomNet_FGVC2025/data/rois/199_777.png,/home/tahiti/MARINE_DATASETS/FathomNet_FGVC2025/data/images/199.png,6b40fb10736ca74946a43de23d3e12df76308ddc0edc3429dfb873f99a1f9784,01a831a98b6b049a1e670c32181e7a1dd81a61f6eba53c7797eeb8b792d25480,199,2,train,2
808,225,60,Porifera,/home/tahiti/MARINE_DATASETS/FathomNet_FGVC2025/data/rois/225_808.png,/home/tahiti/MARINE_DATASETS/FathomNet_FGVC2025/data/images/225.png,fe893a8294dba1acbe044a087d1fd2fc2374e79864778df281fc43ec25e3502e,5b969bbabb44f517a40e1ee6f76acea485a85fa0d105de9bd9f61fc1835bdcb1,225,4,train,4
826,226,11,Asteroidea,/home/tahiti/MARINE_DATASETS/FathomNet_FGVC2025/data/rois/226_826.png,/home/tahiti/MARINE_DATASETS/FathomNet_FGVC2025/data/images/226.png,63701e4b9d948d336ea73ac76cdafe828f666f8c121a9d2101f130575e2b3aff,6d0e7e82fa146ef2ba5be25b97b26be7497e29de7c1136c329dd4ae00ef28e64,226,4,train,4
835,227,44,Munidopsis,/home/tahiti/MARINE_DATASETS/FathomNet_FGVC2025/data/rois/227_835.png,/home/tahiti/MARINE_DATASETS/FathomNet_FGVC2025/data/images/227.png,a64aa32a2ae9604bef9419c7e1310cd0e376abb036b42fc88a6fb9d971f9b6ef,7b907231c187bd8364576add8085e220234cfc4c588b93b58b7a75fa2245a273,227,1,train,1
846,229,60,Porifera,/home/tahiti/MARINE_DATASETS/FathomNet_FGVC2025/data/rois/229_846.png,/home/tahiti/MARINE_DATASETS/FathomNet_FGVC2025/data/images/229.png,3995132a2063c3b8e433698b0f265ad9e1b6999174db6bf79add792cd07476cb,c561badb7dcc5cc41dc4ebb12c4d99d32f1c56072d7ca80049a9713a3dab7f5a,229,1,train,1
847,229,60,Porifera,/home/tahiti/MARINE_DATASETS/FathomNet_FGVC2025/data/rois/229_847.png,/home/tahiti/MARINE_DATASETS/FathomNet_FGVC2025/data/images/229.png,88e331bf6dc9c1967223175ae78e9d32341db2b5b97a9ba4b1f1114601a60162,c561badb7dcc5cc41dc4ebb12c4d99d32f1c56072d7ca80049a9713a3dab7f5a,229,1,train,1
849,230,15,Ceriantharia,/home/tahiti/MARINE_DATASETS/FathomNet_FGVC2025/data/rois/230_849.png,/home/tahiti/MARINE_DATASETS/FathomNet_FGVC2025/data/images/230.png,894f942f3c2887b704fbb546584fa7b431eb211b79fc7f011d6155f8e2c0571d,b5e2810be32a52bc0307bff41be3312a92abd10f06db5bbdff785ce6e6d8bd31,230,4,train,4
871,240,75,Terebellidae,/home/tahiti/MARINE_DATASETS/FathomNet_FGVC2025/data/rois/240_871.png,/home/tahiti/MARINE_DATASETS/FathomNet_FGVC2025/data/images/240.png,1a311584c6672aea02591d737648436ad975868fc37523f6e0a6a3ac33a6988e,0b93333280041db414b60f9f1495ee66cf8c3542bcbbc91c66a08db2e6857091,240,5,train,5
883,245,49,Ophiuroidea,/home/tahiti/MARINE_DATASETS/FathomNet_FGVC2025/data/rois/245_883.png,/home/tahiti/MARINE_DATASETS/FathomNet_FGVC2025/data/images/245.png,a37109250e0e2510498cfdf0845ba4ec17a9a68286a85aa73ac4719cd8472ae1,92088c9cd346f38a4ade43862848f9a7b83802dabf59161d6f2fd17dcb896595,245,0,train,0
911,253,68,Scotoplanes globosa,/home/tahiti/MARINE_DATASETS/FathomNet_FGVC2025/data/rois/253_911.png,/home/tahiti/MARINE_DATASETS/FathomNet_FGVC2025/data/images/253.png,fe0e83299859a7b1b5b5ddb8d56bc93493586a0c00ee22a69d7448116ff3e8e3,98a0d56368b7ebb8e27b67330c780d93e369407fc1269aadaacbfad929a2df33,253,4,train,4
912,253,21,Elpidia,/home/tahiti/MARINE_DATASETS/FathomNet_FGVC2025/data/rois/253_912.png,/home/tahiti/MARINE_DATASETS/FathomNet_FGVC2025/data/images/253.png,27c3231d776cef1b66587d2097fd3dfdee5ad65543e53fddb5ca39aea4418438,98a0d56368b7ebb8e27b67330c780d93e369407fc1269aadaacbfad929a2df33,253,4,train,4
916,254,10,Asbestopluma monticola,/home/tahiti/MARINE_DATASETS/FathomNet_FGVC2025/data/rois/254_916.png,/home/tahiti/MARINE_DATASETS/FathomNet_FGVC2025/data/images/254.png,d153e4df39f3340f65f5a169d1488aec55a206ee3082ec3b4d001545e8a5f7b7,165ee45ee7f5f9c917a8a479a762dfc4d7a36fd24983b9fa8f0acc5d787a8531,254,5,train,5
919,255,54,Paragorgia,/home/tahiti/MARINE_DATASETS/FathomNet_FGVC2025/data/rois/255_919.png,/home/tahiti/MARINE_DATASETS/FathomNet_FGVC2025/data/images/255.png,f94ed91c617daa8b268c3a9b5949d644531bb6c546b056069b93e2922b942178,4051997ee5613338d90d02c8ad1e13ae3660d2dc81b650d4c123a356e691d8ed,255,4,train,4
923,255,73,Staurocalyptus,/home/tahiti/MARINE_DATASETS/FathomNet_FGVC2025/data/rois/255_923.png,/home/tahiti/MARINE_DATASETS/FathomNet_FGVC2025/data/images/255.png,19a0c28c80df95feae841e6ef8222cad217d88504e4574a34a67ea1af0b07538,4051997ee5613338d90d02c8ad1e13ae3660d2dc81b650d4c123a356e691d8ed,255,4,train,4
927,255,28,Heterochone calyx,/home/tahiti/MARINE_DATASETS/FathomNet_FGVC2025/data/rois/255_927.png,/home/tahiti/MARINE_DATASETS/FathomNet_FGVC2025/data/images/255.png,17a3065024f21fa885c50252646e22fc66e107937267b12d6cfe460ab1110a9e,4051997ee5613338d90d02c8ad1e13ae3660d2dc81b650d4c123a356e691d8ed,255,4,train,4
931,255,57,Parastenella,/home/tahiti/MARINE_DATASETS/FathomNet_FGVC2025/data/rois/255_931.png,/home/tahiti/MARINE_DATASETS/FathomNet_FGVC2025/data/images/255.png,e53449056a44420c2735739023f020d4b4ad731b3c85f79c127fec14e569d7a7,4051997ee5613338d90d02c8ad1e13ae3660d2dc81b650d4c123a356e691d8ed,255,4,train,4
932,255,2,Acanthascinae,/home/tahiti/MARINE_DATASETS/FathomNet_FGVC2025/data/rois/255_932.png,/home/tahiti/MARINE_DATASETS/FathomNet_FGVC2025/data/images/255.png,48e73d1fc4cf30f70144d5fea7b71c52fcefbc1f1e40dcf19a7544701b041352,4051997ee5613338d90d02c8ad1e13ae3660d2dc81b650d4c123a356e691d8ed,255,4,train,4
970,265,11,Asteroidea,/home/tahiti/MARINE_DATASETS/FathomNet_FGVC2025/data/rois/265_970.png,/home/tahiti/MARINE_DATASETS/FathomNet_FGVC2025/data/images/265.png,229785c0ef23344ddfb64872d8246f9dea25df14092197f319e32fdc99bfacf9,744289e34c928d77be43d201632c217ad03af0a48560b65d8e9b2c68a6aefeb2,265,4,train,4
979,267,62,Psolus squamatus,/home/tahiti/MARINE_DATASETS/FathomNet_FGVC2025/data/rois/267_979.png,/home/tahiti/MARINE_DATASETS/FathomNet_FGVC2025/data/images/267.png,941dd2b33b226f566047659e695b6959dd4e80bed4038f86e2b7d05e3c3f295a,b15c7cbbccb16de42adeeca6474e9edfa646cc7bb82a7ea3d1dcaed57549eba3,267,2,train,2
1024,277,74,Strongylocentrotus fragilis,/home/tahiti/MARINE_DATASETS/FathomNet_FGVC2025/data/rois/277_1024.png,/home/tahiti/MARINE_DATASETS/FathomNet_FGVC2025/data/images/277.png,1347312683fa270d64f537abf27b188d0019e9fc31a729292ef78c0bb0bf86f3,405b4e11d18ac61579f8fc1093f5ca9838ea0deabcc0842e984290ba371143e7,277,2,train,2
1027,279,49,Ophiuroidea,/home/tahiti/MARINE_DATASETS/FathomNet_FGVC2025/data/rois/279_1027.png,/home/tahiti/MARINE_DATASETS/FathomNet_FGVC2025/data/images/279.png,ff0cdce18ce9ed1a54dc684aa9802e8cbf7469f9a25722e35c8484b5992329b0,6e21ccedd2ea7a7cc2ba8b166f2f96fcf6ef52c4ab86b48c912b9bf33b159dde,279,4,train,4
1091,301,74,Strongylocentrotus fragilis,/home/tahiti/MARINE_DATASETS/FathomNet_FGVC2025/data/rois/301_1091.png,/home/tahiti/MARINE_DATASETS/FathomNet_FGVC2025/data/images/301.png,1cbb71a4cf37486305f6541e82c885d62ee82c7bd61633118144f4ea89e3b576,30621289d33cf4b0e8568c98c9dc91d708ba1b1aaf854105d673ec0b7f874773,301,0,train,0
1095,301,74,Strongylocentrotus fragilis,/home/tahiti/MARINE_DATASETS/FathomNet_FGVC2025/data/rois/301_1095.png,/home/tahiti/MARINE_DATASETS/FathomNet_FGVC2025/data/images/301.png,740c20a66d174681ec533f95ec7fd0f5f0e1ab9fd2a2f28b9a48612553514f45,30621289d33cf4b0e8568c98c9dc91d708ba1b1aaf854105d673ec0b7f874773,301,0,train,0
1126,308,68,Scotoplanes globosa,/home/tahiti/MARINE_DATASETS/FathomNet_FGVC2025/data/rois/308_1126.png,/home/tahiti/MARINE_DATASETS/FathomNet_FGVC2025/data/images/308.png,4ce6dab06198df081152ef802920874df28e5c1ba80ca704c0ab824a1ae2b35d,a4521a7d1cafaaae5b5a22ec7e066dd090722c1c9378ffa1406270d62321fc62,308,0,train,0
1157,313,28,Heterochone calyx,/home/tahiti/MARINE_DATASETS/FathomNet_FGVC2025/data/rois/313_1157.png,/home/tahiti/MARINE_DATASETS/FathomNet_FGVC2025/data/images/313.png,b8cd46abf3edc7ae1ce98f1b84bd72fd611dbebb3f84eab3488af4038cc719ac,46bec2574409b8b47f37e9d6f3b124e1a845753f370c90f91db386543cc03914,313,1,train,1
1161,313,28,Heterochone calyx,/home/tahiti/MARINE_DATASETS/FathomNet_FGVC2025/data/rois/313_1161.png,/home/tahiti/MARINE_DATASETS/FathomNet_FGVC2025/data/images/313.png,c5848d16b4f0238cca3d78b695a06298b899b3aa8b876e7eed22672a29ce6325,46bec2574409b8b47f37e9d6f3b124e1a845753f370c90f91db386543cc03914,313,1,train,1
1163,313,73,Staurocalyptus,/home/tahiti/MARINE_DATASETS/FathomNet_FGVC2025/data/rois/313_1163.png,/home/tahiti/MARINE_DATASETS/FathomNet_FGVC2025/data/images/313.png,67de81ba164e11df9564cb6190bbe30faa762b1e2b6b7e590bafd27021903763,46bec2574409b8b47f37e9d6f3b124e1a845753f370c90f91db386543cc03914,313,1,train,1
1165,313,73,Staurocalyptus,/home/tahiti/MARINE_DATASETS/FathomNet_FGVC2025/data/rois/313_1165.png,/home/tahiti/MARINE_DATASETS/FathomNet_FGVC2025/data/images/313.png,4d6dccf23b760a6ee07c24ce019d4507d54e4c7f890a078a26f165951b40110b,46bec2574409b8b47f37e9d6f3b124e1a845753f370c90f91db386543cc03914,313,1,train,1
1178,317,28,Heterochone calyx,/home/tahiti/MARINE_DATASETS/FathomNet_FGVC2025/data/rois/317_1178.png,/home/tahiti/MARINE_DATASETS/FathomNet_FGVC2025/data/images/317.png,f34645c409b206ad1f5d310bbbbd8ee7096624a9ebc9cf688d47c4c88185bbb0,2c86b5101ae9b3aeac94d97305e442b81d113285005f346c43c39f963e298a49,317,4,train,4
1188,318,65,Rathbunaster californicus,/home/tahiti/MARINE_DATASETS/FathomNet_FGVC2025/data/rois/318_1188.png,/home/tahiti/MARINE_DATASETS/FathomNet_FGVC2025/data/images/318.png,7743918e9639e61218bc22e3c8e54d46d5d4e67237c0c37626715a2e260873c0,a0a59a0c78826de68d493c1c9bda3d0b998a20a9d8207a356e76cdec00912a6c,318,5,train,5
1189,318,65,Rathbunaster californicus,/home/tahiti/MARINE_DATASETS/FathomNet_FGVC2025/data/rois/318_1189.png,/home/tahiti/MARINE_DATASETS/FathomNet_FGVC2025/data/images/318.png,1e4aff5b3c807222db797c9766e2a18237018c7fc29e32da3a1bda9e374e8585,a0a59a0c78826de68d493c1c9bda3d0b998a20a9d8207a356e76cdec00912a6c,318,5,train,5
1229,329,45,Munnopsidae,/home/tahiti/MARINE_DATASETS/FathomNet_FGVC2025/data/rois/329_1229.png,/home/tahiti/MARINE_DATASETS/FathomNet_FGVC2025/data/images/329.png,819bd72a0a96bcef660ad25f7151ce792b946d3af0f6650dec489d3512f02df9,e65f3131bd70480e4dbdb27ba92c8cce1007c848a2a5801254cb8e0faa937c97,329,4,train,4
1243,339,79,Zoantharia,/home/tahiti/MARINE_DATASETS/FathomNet_FGVC2025/data/rois/339_1243.png,/home/tahiti/MARINE_DATASETS/FathomNet_FGVC2025/data/images/339.png,34f9161d7ca3bee6828bcb7e9f6aaee57c7ede643370da48504ed071d1214b8b,a60862e5c141bdafd22821fb1eb63824b5a51709671a0317ee6acf3c0ef0cb32,339,2,train,2
1246,339,79,Zoantharia,/home/tahiti/MARINE_DATASETS/FathomNet_FGVC2025/data/rois/339_1246.png,/home/tahiti/MARINE_DATASETS/FathomNet_FGVC2025/data/images/339.png,ef64c8c0105c6fa38b84d6aa6e8e8d97cc44402b18dc8d946ccc9700eaded3ac,a60862e5c141bdafd22821fb1eb63824b5a51709671a0317ee6acf3c0ef0cb32,339,2,train,2
1248,339,79,Zoantharia,/home/tahiti/MARINE_DATASETS/FathomNet_FGVC2025/data/rois/339_1248.png,/home/tahiti/MARINE_DATASETS/FathomNet_FGVC2025/data/images/339.png,f1e320573406e85dbe209fd3cf4020407a0562a9e56629709a9b3680569cf34d,a60862e5c141bdafd22821fb1eb63824b5a51709671a0317ee6acf3c0ef0cb32,339,2,train,2
1265,339,79,Zoantharia,/home/tahiti/MARINE_DATASETS/FathomNet_FGVC2025/data/rois/339_1265.png,/home/tahiti/MARINE_DATASETS/FathomNet_FGVC2025/data/images/339.png,e5b598f4921d3dc7f57fb2f184c92a32eb97d63fc2062c4028c48f6d30108bf7,a60862e5c141bdafd22821fb1eb63824b5a51709671a0317ee6acf3c0ef0cb32,339,2,train,2
1267,339,79,Zoantharia,/home/tahiti/MARINE_DATASETS/FathomNet_FGVC2025/data/rois/339_1267.png,/home/tahiti/MARINE_DATASETS/FathomNet_FGVC2025/data/images/339.png,64a635da9ba9132f443f798ea8e893df14ea85c57cbe834b1c4b20d09f838289,a60862e5c141bdafd22821fb1eb63824b5a51709671a0317ee6acf3c0ef0cb32,339,2,train,2
1310,349,25,Gastropoda,/home/tahiti/MARINE_DATASETS/FathomNet_FGVC2025/data/rois/349_1310.png,/home/tahiti/MARINE_DATASETS/FathomNet_FGVC2025/data/images/349.png,b3fd68d068952d84a3f77f69be1726c3df2ba57798a4f7ef4d1cf3312927b2d9,70e2fbb1b3512054c62be8f862a07a3aaefbdf05c9e93f26c45c3cf5d8b433bd,349,0,train,0
1314,349,33,Hormathiidae,/home/tahiti/MARINE_DATASETS/FathomNet_FGVC2025/data/rois/349_1314.png,/home/tahiti/MARINE_DATASETS/FathomNet_FGVC2025/data/images/349.png,b978d0592dac881423e833ebe299998c6802d1f914c22f1ca46ed8e9848f4094,70e2fbb1b3512054c62be8f862a07a3aaefbdf05c9e93f26c45c3cf5d8b433bd,349,0,train,0
1330,353,29,Heteropolypus ritteri,/home/tahiti/MARINE_DATASETS/FathomNet_FGVC2025/data/rois/353_1330.png,/home/tahiti/MARINE_DATASETS/FathomNet_FGVC2025/data/images/353.png,3cdd36222c7896bd252ed73cd7031728a69464db6e23ab6082a419a5d8d55bd6,27fdd28ef29c3fc7fda88b7c4dc0aea3cd520306c13d3f87426615faa4279601,353,1,train,1
1331,353,70,Sebastes diploproa,/home/tahiti/MARINE_DATASETS/FathomNet_FGVC2025/data/rois/353_1331.png,/home/tahiti/MARINE_DATASETS/FathomNet_FGVC2025/data/images/353.png,117c7cdccf09ec8f5c8e493c7d8417b0fe62e6bea27ff6d5e0ebd0578dc75605,27fdd28ef29c3fc7fda88b7c4dc0aea3cd520306c13d3f87426615faa4279601,353,1,train,1
1339,357,22,Farrea,/home/tahiti/MARINE_DATASETS/FathomNet_FGVC2025/data/rois/357_1339.png,/home/tahiti/MARINE_DATASETS/FathomNet_FGVC2025/data/images/357.png,8302a5f2dede9f77fa920356b4620ebb4dbfc4c0457c1ebc57cdac8b55c91dc0,0ceedef08a6bfd665059b1146b10e52c384466ac133645e20b8246e61d461c1d,357,5,train,5
1343,357,4,Actinernus,/home/tahiti/MARINE_DATASETS/FathomNet_FGVC2025/data/rois/357_1343.png,/home/tahiti/MARINE_DATASETS/FathomNet_FGVC2025/data/images/357.png,211f1209ea53b5b379f33bd5aace3c8cdc84b88ce834eb463e85a76b5eef2648,0ceedef08a6bfd665059b1146b10e52c384466ac133645e20b8246e61d461c1d,357,5,train,5
1387,366,5,Actiniaria,/home/tahiti/MARINE_DATASETS/FathomNet_FGVC2025/data/rois/366_1387.png,/home/tahiti/MARINE_DATASETS/FathomNet_FGVC2025/data/images/366.png,0743e4fdf3464470b486eae357491eb39dd8c634435627c206cfd420034065b8,e585f482a169245952aad68e896a1c596a930160195bb74886475b13aded25f8,366,5,train,5
1391,366,33,Hormathiidae,/home/tahiti/MARINE_DATASETS/FathomNet_FGVC2025/data/rois/366_1391.png,/home/tahiti/MARINE_DATASETS/FathomNet_FGVC2025/data/images/366.png,1f20320dcca4c2018cba6262b6854c77431ec7ef81dbb105ec10baea3feaac57,e585f482a169245952aad68e896a1c596a930160195bb74886475b13aded25f8,366,5,train,5
1413,373,79,Zoantharia,/home/tahiti/MARINE_DATASETS/FathomNet_FGVC2025/data/rois/373_1413.png,/home/tahiti/MARINE_DATASETS/FathomNet_FGVC2025/data/images/373.png,6738ecdba24ecd7e86cd237b1f7d755b11150796e70611d32adfaeda201ef7fc,4d892a537a4b5a79427fadd552e7ef4cd0b2b4b86c0f78415c9fdc744c2ae6a2,373,0,train,0
1425,373,79,Zoantharia,/home/tahiti/MARINE_DATASETS/FathomNet_FGVC2025/data/rois/373_1425.png,/home/tahiti/MARINE_DATASETS/FathomNet_FGVC2025/data/images/373.png,0d7aca9d2248e01a0a0215e36ea265563efc4607dd154ee6e9f63822affb19cb,4d892a537a4b5a79427fadd552e7ef4cd0b2b4b86c0f78415c9fdc744c2ae6a2,373,0,train,0
1426,373,79,Zoantharia,/home/tahiti/MARINE_DATASETS/FathomNet_FGVC2025/data/rois/373_1426.png,/home/tahiti/MARINE_DATASETS/FathomNet_FGVC2025/data/images/373.png,421a4c174ba6cb83c09e99d4f0d4169f842c5fc4779e9953faad8efc061520d9,4d892a537a4b5a79427fadd552e7ef4cd0b2b4b86c0f78415c9fdc744c2ae6a2,373,0,train,0
1435,375,34,Isidella tentaculum,/home/tahiti/MARINE_DATASETS/FathomNet_FGVC2025/data/rois/375_1435.png,/home/tahiti/MARINE_DATASETS/FathomNet_FGVC2025/data/images/375.png,7bdf6ab0e36be60e1ce23f2813159c5d5a451dafc6978334a75d792acd55fc8e,c5314c7de2ebf0e3662bf93ea3eea66c287d5e55b1d8c917cab8fb901ca588b4,375,4,train,4
1450,377,58,Peniagone,/home/tahiti/MARINE_DATASETS/FathomNet_FGVC2025/data/rois/377_1450.png,/home/tahiti/MARINE_DATASETS/FathomNet_FGVC2025/data/images/377.png,f7f979ac2f72a81280cb964525655d105dad223da1a976df76270fe0d8293f9e,a6c50e1692393ea840d49007cb191244b9b52676c25f02e3fc2edc845e5b446e,377,4,train,4
1458,378,28,Heterochone calyx,/home/tahiti/MARINE_DATASETS/FathomNet_FGVC2025/data/rois/378_1458.png,/home/tahiti/MARINE_DATASETS/FathomNet_FGVC2025/data/images/378.png,1b21bfb404738eab9e2857c5b4755f9a82106f28fbd257a62c2976e25118e952,f06d449e8eab93411216e268fb8662d616f318a1f23b981819c13102ad282958,378,5,train,5
1459,378,28,Heterochone calyx,/home/tahiti/MARINE_DATASETS/FathomNet_FGVC2025/data/rois/378_1459.png,/home/tahiti/MARINE_DATASETS/FathomNet_FGVC2025/data/images/378.png,fe56bbf157d3f02a8bd2c8968d958c311d2fb1e4d4459156d0c0b6c077642e45,f06d449e8eab93411216e268fb8662d616f318a1f23b981819c13102ad282958,378,5,train,5
1470,378,28,Heterochone calyx,/home/tahiti/MARINE_DATASETS/FathomNet_FGVC2025/data/rois/378_1470.png,/home/tahiti/MARINE_DATASETS/FathomNet_FGVC2025/data/images/378.png,9835ba8203de662cff76f094a000005913e35417610ce9a08576a38d4c1fd245,f06d449e8eab93411216e268fb8662d616f318a1f23b981819c13102ad282958,378,5,train,5
1489,388,44,Munidopsis,/home/tahiti/MARINE_DATASETS/FathomNet_FGVC2025/data/rois/388_1489.png,/home/tahiti/MARINE_DATASETS/FathomNet_FGVC2025/data/images/388.png,b5052271d8df82c1497abf3d9c74349a1576dfdea7556aab1a2cd5a22e86a739,c6ef7cf4a0fbfaa2f7f5dec24733d7708f1d608b21ace423ac48cc77c1e404cb,388,5,train,5
1505,393,55,Paragorgia arborea,/home/tahiti/MARINE_DATASETS/FathomNet_FGVC2025/data/rois/393_1505.png,/home/tahiti/MARINE_DATASETS/FathomNet_FGVC2025/data/images/393.png,16f9edf9de47cbd8c6fa01f967d7f27ff35e369ba4de2b40500fd6bb41c4bcca,fddac54754a70fb6ace81f3c1257c9e85f1de045c532b01a86576646bee11b7e,393,5,train,5
1508,393,26,Gersemia juliepackardae,/home/tahiti/MARINE_DATASETS/FathomNet_FGVC2025/data/rois/393_1508.png,/home/tahiti/MARINE_DATASETS/FathomNet_FGVC2025/data/images/393.png,4a1523557a156522b8529f1b0150c9df3a9f65454e501cae9ae535542294b0fe,fddac54754a70fb6ace81f3c1257c9e85f1de045c532b01a86576646bee11b7e,393,5,train,5
1518,393,57,Parastenella,/home/tahiti/MARINE_DATASETS/FathomNet_FGVC2025/data/rois/393_1518.png,/home/tahiti/MARINE_DATASETS/FathomNet_FGVC2025/data/images/393.png,ede7baa6dbb0f84a2c7c2fda624b8caae4c5be73c6f9167a37bdf303912c9e41,fddac54754a70fb6ace81f3c1257c9e85f1de045c532b01a86576646bee11b7e,393,5,train,5
1524,393,57,Parastenella,/home/tahiti/MARINE_DATASETS/FathomNet_FGVC2025/data/rois/393_1524.png,/home/tahiti/MARINE_DATASETS/FathomNet_FGVC2025/data/images/393.png,aa555ba111b9af935540046eacc833af78780c9d9424dde49fbc39893f7063c7,fddac54754a70fb6ace81f3c1257c9e85f1de045c532b01a86576646bee11b7e,393,5,train,5
1527,393,57,Parastenella,/home/tahiti/MARINE_DATASETS/FathomNet_FGVC2025/data/rois/393_1527.png,/home/tahiti/MARINE_DATASETS/FathomNet_FGVC2025/data/images/393.png,aa555ba111b9af935540046eacc833af78780c9d9424dde49fbc39893f7063c7,fddac54754a70fb6ace81f3c1257c9e85f1de045c532b01a86576646bee11b7e,393,5,train,5
1532,393,5,Actiniaria,/home/tahiti/MARINE_DATASETS/FathomNet_FGVC2025/data/rois/393_1532.png,/home/tahiti/MARINE_DATASETS/FathomNet_FGVC2025/data/images/393.png,fbcd9ba41e415aff73e353847155ec1b123c8f469fcc4cd843514e640746633d,fddac54754a70fb6ace81f3c1257c9e85f1de045c532b01a86576646bee11b7e,393,5,train,5
1554,401,58,Peniagone,/home/tahiti/MARINE_DATASETS/FathomNet_FGVC2025/data/rois/401_1554.png,/home/tahiti/MARINE_DATASETS/FathomNet_FGVC2025/data/images/401.png,ea4c21d5d8d9daa93dbf9b5cd6b6826cff76f7931c42aa13f4554f2be38961d3,71451593875438e5b90f3f740092ea63a61739be31965467ed0ae8c64356818d,401,5,train,5
1654,412,30,Hexactinellida,/home/tahiti/MARINE_DATASETS/FathomNet_FGVC2025/data/rois/412_1654.png,/home/tahiti/MARINE_DATASETS/FathomNet_FGVC2025/data/images/412.png,61329768cf57f7a65912c188847bd82636206737b72442b5b635e2e69ec3c2bc,44f8ae5db0e42210217d3f0eb4ccf596559bd4193eb597bda8fe8a659088d48a,412,4,train,4
1658,412,30,Hexactinellida,/home/tahiti/MARINE_DATASETS/FathomNet_FGVC2025/data/rois/412_1658.png,/home/tahiti/MARINE_DATASETS/FathomNet_FGVC2025/data/images/412.png,9a8d0e397cf43e1be4e7318fd2c01ad48435f253890a803d19428b31b9cc6a69,44f8ae5db0e42210217d3f0eb4ccf596559bd4193eb597bda8fe8a659088d48a,412,4,train,4
1663,412,30,Hexactinellida,/home/tahiti/MARINE_DATASETS/FathomNet_FGVC2025/data/rois/412_1663.png,/home/tahiti/MARINE_DATASETS/FathomNet_FGVC2025/data/images/412.png,7a217577fbb104660017f1abcc707ba40525e6f1a1ca02c7d6aa425f623600ea,44f8ae5db0e42210217d3f0eb4ccf596559bd4193eb597bda8fe8a659088d48a,412,4,train,4
1665,412,29,Heteropolypus ritteri,/home/tahiti/MARINE_DATASETS/FathomNet_FGVC2025/data/rois/412_1665.png,/home/tahiti/MARINE_DATASETS/FathomNet_FGVC2025/data/images/412.png,ff005b4bbfde019ef545e98b22301bd015a45691cf7ae0e88cdb811f208d886f,44f8ae5db0e42210217d3f0eb4ccf596559bd4193eb597bda8fe8a659088d48a,412,4,train,4
1692,415,73,Staurocalyptus,/home/tahiti/MARINE_DATASETS/FathomNet_FGVC2025/data/rois/415_1692.png,/home/tahiti/MARINE_DATASETS/FathomNet_FGVC2025/data/images/415.png,f3515786a06ea40c5b628e457b327a8ebe9e1382e6220b8ae97aeba72f29d260,aafb603b7ab9660dc58295ca35689672513058fd1f3daa50fa77942d3103e7ec,415,2,train,2
1705,416,29,Heteropolypus ritteri,/home/tahiti/MARINE_DATASETS/FathomNet_FGVC2025/data/rois/416_1705.png,/home/tahiti/MARINE_DATASETS/FathomNet_FGVC2025/data/images/416.png,9b99997eff43c9e19d9ea41452ea4de8ef572335a620795fd49a1061949fe822,f14759aeb03b6e84f04ddb01e4f92033decc807a4fd82c41f03c3a8672e50655,416,5,train,5
1715,416,29,Heteropolypus ritteri,/home/tahiti/MARINE_DATASETS/FathomNet_FGVC2025/data/rois/416_1715.png,/home/tahiti/MARINE_DATASETS/FathomNet_FGVC2025/data/images/416.png,c1349bac290f2be1105c1d1afac4258761dce5f295aa3aeb72607ae6f2db5097,f14759aeb03b6e84f04ddb01e4f92033decc807a4fd82c41f03c3a8672e50655,416,5,train,5
1716,417,11,Asteroidea,/home/tahiti/MARINE_DATASETS/FathomNet_FGVC2025/data/rois/417_1716.png,/home/tahiti/MARINE_DATASETS/FathomNet_FGVC2025/data/images/417.png,aa6df0644964e7155c2023c40f69669c50f02d565dc1741fd3b97f5fa3c94589,04a3e8db4c539d5a1a0fcb9257534a11288c00dc0191af98378faf879c694e15,417,1,train,1
1733,420,49,Ophiuroidea,/home/tahiti/MARINE_DATASETS/FathomNet_FGVC2025/data/rois/420_1733.png,/home/tahiti/MARINE_DATASETS/FathomNet_FGVC2025/data/images/420.png,dc8ea8ca9f2668dfefa25bee3a2464a4efe3b010ea98b6c98df0bf6e26ed056c,2dd82fea183dff60826856562358fd60d433e576cd3318bea41af92ad6dced5a,420,0,train,0
1739,420,49,Ophiuroidea,/home/tahiti/MARINE_DATASETS/FathomNet_FGVC2025/data/rois/420_1739.png,/home/tahiti/MARINE_DATASETS/FathomNet_FGVC2025/data/images/420.png,a8b9b908b797b7d4b7a7b0711d9c146d99f82c4895ed14eaa8fe2feb9ceaef8a,2dd82fea183dff60826856562358fd60d433e576cd3318bea41af92ad6dced5a,420,0,train,0
1740,420,49,Ophiuroidea,/home/tahiti/MARINE_DATASETS/FathomNet_FGVC2025/data/rois/420_1740.png,/home/tahiti/MARINE_DATASETS/FathomNet_FGVC2025/data/images/420.png,b3d41e8f768f4496189d1b94714e725ed04f65b0e4e9ca7a2a9a929e15d2beab,2dd82fea183dff60826856562358fd60d433e576cd3318bea41af92ad6dced5a,420,0,train,0
1761,422,19,Crinoidea,/home/tahiti/MARINE_DATASETS/FathomNet_FGVC2025/data/rois/422_1761.png,/home/tahiti/MARINE_DATASETS/FathomNet_FGVC2025/data/images/422.png,36d1d816187c713d9ded1160ad10babd7c55285e2b89e64e7df7ae2b3c45a909,50f1b4194f22cc15e6f041c928941a9cb956f720ae77bcb60ce0af1d6ec72574,422,4,train,4
1762,422,19,Crinoidea,/home/tahiti/MARINE_DATASETS/FathomNet_FGVC2025/data/rois/422_1762.png,/home/tahiti/MARINE_DATASETS/FathomNet_FGVC2025/data/images/422.png,66ae4f08041cca67ab88e2c1b5cded72c548d2f5d98c163917050e8a24b0586d,50f1b4194f22cc15e6f041c928941a9cb956f720ae77bcb60ce0af1d6ec72574,422,4,train,4
1767,425,52,Pandalus platyceros,/home/tahiti/MARINE_DATASETS/FathomNet_FGVC2025/data/rois/425_1767.png,/home/tahiti/MARINE_DATASETS/FathomNet_FGVC2025/data/images/425.png,e266dc12a1270308c7a22e86f1d4b8d27e95ae267d9141dd78be9f88d2f6ad43,9c0514c3b67e47a83bbabaa2c2bb8dad86effbd84f3e1e2e263931260a0e6790,425,2,train,2
1791,425,47,Octopus rubescens,/home/tahiti/MARINE_DATASETS/FathomNet_FGVC2025/data/rois/425_1791.png,/home/tahiti/MARINE_DATASETS/FathomNet_FGVC2025/data/images/425.png,4b0668efabaead8fabf90f6a795c3a0b448a6bc18470d6c165b4d1dfe0dc4cce,9c0514c3b67e47a83bbabaa2c2bb8dad86effbd84f3e1e2e263931260a0e6790,425,2,train,2
1801,427,71,Sebastolobus,/home/tahiti/MARINE_DATASETS/FathomNet_FGVC2025/data/rois/427_1801.png,/home/tahiti/MARINE_DATASETS/FathomNet_FGVC2025/data/images/427.png,177bf86f0e370a6074ae97dc21e7473a4958d1bc57983903cb58408daba7937b,7e3f4c24f70f0a3b571b2a38a2ff75f938c251780c62f9d1b124a4a1742ce067,427,5,train,5
1809,429,37,Keratoisis,/home/tahiti/MARINE_DATASETS/FathomNet_FGVC2025/data/rois/429_1809.png,/home/tahiti/MARINE_DATASETS/FathomNet_FGVC2025/data/images/429.png,3ee83fecdbf722dad97b1bdc863495171f26ce5741fdab27c8de3f6b691115d8,e24037393f61870f5cb8421a64edb67a22660531ab8a59add687c882fcf65246,429,4,train,4
1812,430,19,Crinoidea,/home/tahiti/MARINE_DATASETS/FathomNet_FGVC2025/data/rois/430_1812.png,/home/tahiti/MARINE_DATASETS/FathomNet_FGVC2025/data/images/430.png,4577bdea6c610b7c8f5a5b4de6edeb1ad6bb765892f733136e62f66e7b95ce95,75a3590d6fe681002a15db9770fbb7177319d9cf045c5e8b14876d99804de577,430,0,train,0
1822,434,37,Keratoisis,/home/tahiti/MARINE_DATASETS/FathomNet_FGVC2025/data/rois/434_1822.png,/home/tahiti/MARINE_DATASETS/FathomNet_FGVC2025/data/images/434.png,4cc670cbd495e3357ebdaf52dbdc68d2bcaea34160c7793a5d013c2b0efb25fe,3869cbd470d7099ea63f7bf2357e779d25d1038d44146d7b2b51f88519d68e34,434,0,train,0
1853,442,6,Actinopterygii,/home/tahiti/MARINE_DATASETS/FathomNet_FGVC2025/data/rois/442_1853.png,/home/tahiti/MARINE_DATASETS/FathomNet_FGVC2025/data/images/442.png,5581fba5a1b54a1fa369dc9c75c885529dc9b6c3f3660eddd0b5e920148027be,23faf972eed7eb2b12d776ad33d575c4374262d8e6aadb50e0d5d6b697f42f34,442,2,train,2
1854,443,68,Scotoplanes globosa,/home/tahiti/MARINE_DATASETS/FathomNet_FGVC2025/data/rois/443_1854.png,/home/tahiti/MARINE_DATASETS/FathomNet_FGVC2025/data/images/443.png,adc34d5408c71fc373631f22213a56378f26a7d14c8f00f8d76ef7144d83e762,8eb13f6df551eaa7065cbc9af74d26f8be08a8286075d7c0382f4944e9f2adc5,443,1,train,1
1858,443,68,Scotoplanes globosa,/home/tahiti/MARINE_DATASETS/FathomNet_FGVC2025/data/rois/443_1858.png,/home/tahiti/MARINE_DATASETS/FathomNet_FGVC2025/data/images/443.png,4e64922fc8aa50d2faf5effb5c3599024244689485d9e80358b5fd482f1e047e,8eb13f6df551eaa7065cbc9af74d26f8be08a8286075d7c0382f4944e9f2adc5,443,1,train,1
1863,443,68,Scotoplanes globosa,/home/tahiti/MARINE_DATASETS/FathomNet_FGVC2025/data/rois/443_1863.png,/home/tahiti/MARINE_DATASETS/FathomNet_FGVC2025/data/images/443.png,531f30f91d766764f3c0e9f0c49c3d646e3641cdf132cd80382df75ac7e3ae90,8eb13f6df551eaa7065cbc9af74d26f8be08a8286075d7c0382f4944e9f2adc5,443,1,train,1
1867,446,33,Hormathiidae,/home/tahiti/MARINE_DATASETS/FathomNet_FGVC2025/data/rois/446_1867.png,/home/tahiti/MARINE_DATASETS/FathomNet_FGVC2025/data/images/446.png,6f81c77acfecb59b0cace56fb04e5bf2dde27ceb070100e86632541f74275224,79a36acb08ebecc7a2917259189b814becc09b60c1436615795319f8455e62b7,446,2,train,2
1869,447,58,Peniagone,/home/tahiti/MARINE_DATASETS/FathomNet_FGVC2025/data/rois/447_1869.png,/home/tahiti/MARINE_DATASETS/FathomNet_FGVC2025/data/images/447.png,0175bffbaba11ebe6ca11a7bdf52ac24237ddcdbc0e8190eb46b1eea1927dec4,6b7bf405c07a2d0749de38c9d5cc394362ee248f2d752c2d275cc7645154ceee,447,5,train,5
1888,458,49,Ophiuroidea,/home/tahiti/MARINE_DATASETS/FathomNet_FGVC2025/data/rois/458_1888.png,/home/tahiti/MARINE_DATASETS/FathomNet_FGVC2025/data/images/458.png,7727be33f517ea42d9b8c38f3b5fed986455057427cf5b9f056033bec7d01e9d,9e58ca2357dc8403bc6afd380ec2c8fe585ef910c600244edd227df1d2315fb4,458,4,train,4
1905,463,66,Scleractinia,/home/tahiti/MARINE_DATASETS/FathomNet_FGVC2025/data/rois/463_1905.png,/home/tahiti/MARINE_DATASETS/FathomNet_FGVC2025/data/images/463.png,45bbb4b1f8a5ee2f05d69438fcbfed279e9289ad630423d1ec55ab920948c60b,a4ccda7116dc7eb3a5ca8a1eb3b19349f4c3b2522dbc815da4936857ed3f1f2b,463,2,train,2
1915,463,66,Scleractinia,/home/tahiti/MARINE_DATASETS/FathomNet_FGVC2025/data/rois/463_1915.png,/home/tahiti/MARINE_DATASETS/FathomNet_FGVC2025/data/images/463.png,01c766d559d3bc7024eab21581bb79815d8de87ce3a51d94bddfc21985146bf9,a4ccda7116dc7eb3a5ca8a1eb3b19349f4c3b2522dbc815da4936857ed3f1f2b,463,2,train,2
1922,467,55,Paragorgia arborea,/home/tahiti/MARINE_DATASETS/FathomNet_FGVC2025/data/rois/467_1922.png,/home/tahiti/MARINE_DATASETS/FathomNet_FGVC2025/data/images/467.png,6901081aa1646ab1cdfb059fda5cfa0739943c485380bd1b1af3ca36857a68d0,a339fd5087d605c1a8f2be16f3b2d9f99a0855ee24a639d73da7885c2d42e3f4,467,4,train,4
1937,475,43,Microstomus pacificus,/home/tahiti/MARINE_DATASETS/FathomNet_FGVC2025/data/rois/475_1937.png,/home/tahiti/MARINE_DATASETS/FathomNet_FGVC2025/data/images/475.png,5275be2f054c03db1fec796669c7a90fb416ff7293280b3e269f2843573c9a1f,c63eb8d2f262a7804b6cc71d3e6d5b0ae96981582d4287b10cfc9045158ab37a,475,0,train,0
1950,480,62,Psolus squamatus,/home/tahiti/MARINE_DATASETS/FathomNet_FGVC2025/data/rois/480_1950.png,/home/tahiti/MARINE_DATASETS/FathomNet_FGVC2025/data/images/480.png,2f6f62aa23297c39990617bd6c680f4b1f7fb17c03505ca7eb32530631be61dc,090591e92d67a914522827ac5cac1b46551aa5d83e60296480bf0356a54ba274,480,1,train,1
1965,487,55,Paragorgia arborea,/home/tahiti/MARINE_DATASETS/FathomNet_FGVC2025/data/rois/487_1965.png,/home/tahiti/MARINE_DATASETS/FathomNet_FGVC2025/data/images/487.png,010e1b318885b1e4751e13e0c447543d36fc76e1524dcd8d46273ae24a1e1bcd,d57b81c120887e2195e02b3b8a41d3766582d6fec8a771a91363d5cbf6f18807,487,0,train,0
1980,493,49,Ophiuroidea,/home/tahiti/MARINE_DATASETS/FathomNet_FGVC2025/data/rois/493_1980.png,/home/tahiti/MARINE_DATASETS/FathomNet_FGVC2025/data/images/493.png,baaa14f1f475dd786879645897c084d530bd1fb9f0f16f30e2c5b526a49c76db,b5e2fbb93228a6ae1afdfe707f9086d6cb58c90a89c312256dfc028197270d53,493,4,train,4
1986,496,5,Actiniaria,/home/tahiti/MARINE_DATASETS/FathomNet_FGVC2025/data/rois/496_1986.png,/home/tahiti/MARINE_DATASETS/FathomNet_FGVC2025/data/images/496.png,ee1cee6d00e375f5f50a2180227534f3204b2f899b414d45fb35b5615c9753b2,7aa5cb614cc1b19ee6a4b80026bcffec73e40ea8b30effe4087991cd1dd3b4e7,496,0,train,0
1995,497,4,Actinernus,/home/tahiti/MARINE_DATASETS/FathomNet_FGVC2025/data/rois/497_1995.png,/home/tahiti/MARINE_DATASETS/FathomNet_FGVC2025/data/images/497.png,d4e80ff721133af13a4ecf7641fc07c3f00e2589bdd5420f75e0bee0816a55e6,c677a68d3b9fef909c5df3ef39564f518dd115549136a4a12e52270f8e95cd6a,497,2,train,2
2000,498,49,Ophiuroidea,/home/tahiti/MARINE_DATASETS/FathomNet_FGVC2025/data/rois/498_2000.png,/home/tahiti/MARINE_DATASETS/FathomNet_FGVC2025/data/images/498.png,93f169690fc15b884119ca02c8c0b5159feb93280a3e8ddb77c2d695a14f5918,9e56f6e026465bf772ebd25bdbfa11c9c4b038f08e8e467a918744825e09e513,498,5,train,5
2012,500,74,Strongylocentrotus fragilis,/home/tahiti/MARINE_DATASETS/FathomNet_FGVC2025/data/rois/500_2012.png,/home/tahiti/MARINE_DATASETS/FathomNet_FGVC2025/data/images/500.png,58e061f0f1aa6b7eaa25fd916c0a5fc6868d720011b40fcbd79f707c13b1bbdf,e8feaad569951ae1e9f2837704273d658cf4e056b21e13b7e0551552975fc32c,500,4,train,4
2016,500,74,Strongylocentrotus fragilis,/home/tahiti/MARINE_DATASETS/FathomNet_FGVC2025/data/rois/500_2016.png,/home/tahiti/MARINE_DATASETS/FathomNet_FGVC2025/data/images/500.png,09990140302f2ebb0ed5516dc4078e4166835e20e1c926caba27c67f773acb50,e8feaad569951ae1e9f2837704273d658cf4e056b21e13b7e0551552975fc32c,500,4,train,4
2019,500,74,Strongylocentrotus fragilis,/home/tahiti/MARINE_DATASETS/FathomNet_FGVC2025/data/rois/500_2019.png,/home/tahiti/MARINE_DATASETS/FathomNet_FGVC2025/data/images/500.png,b6603a6ec6c2a0c557c929a14c5ae263fe33b48c8f861311974ac3b4fe614d68,e8feaad569951ae1e9f2837704273d658cf4e056b21e13b7e0551552975fc32c,500,4,train,4
2028,500,74,Strongylocentrotus fragilis,/home/tahiti/MARINE_DATASETS/FathomNet_FGVC2025/data/rois/500_2028.png,/home/tahiti/MARINE_DATASETS/FathomNet_FGVC2025/data/images/500.png,540a6d3ec7be4078319982b16d42444d702b185b537a6183abf7e75036994683,e8feaad569951ae1e9f2837704273d658cf4e056b21e13b7e0551552975fc32c,500,4,train,4
2030,500,74,Strongylocentrotus fragilis,/home/tahiti/MARINE_DATASETS/FathomNet_FGVC2025/data/rois/500_2030.png,/home/tahiti/MARINE_DATASETS/FathomNet_FGVC2025/data/images/500.png,3fe17b9b122211fa3fa09a595f89f3504cb2c722b2eb275ca766665367ae9cca,e8feaad569951ae1e9f2837704273d658cf4e056b21e13b7e0551552975fc32c,500,4,train,4
2058,500,74,Strongylocentrotus fragilis,/home/tahiti/MARINE_DATASETS/FathomNet_FGVC2025/data/rois/500_2058.png,/home/tahiti/MARINE_DATASETS/FathomNet_FGVC2025/data/images/500.png,189f9b966a4faedec928689d2515f7face737325ef3581246657411d309470eb,e8feaad569951ae1e9f2837704273d658cf4e056b21e13b7e0551552975fc32c,500,4,train,4
2060,500,74,Strongylocentrotus fragilis,/home/tahiti/MARINE_DATASETS/FathomNet_FGVC2025/data/rois/500_2060.png,/home/tahiti/MARINE_DATASETS/FathomNet_FGVC2025/data/images/500.png,8f98c8de17d4d8ba540963302f267c20d801b247af0ae8b230daa8cc8cc169f2,e8feaad569951ae1e9f2837704273d658cf4e056b21e13b7e0551552975fc32c,500,4,train,4
2071,502,35,Isididae,/home/tahiti/MARINE_DATASETS/FathomNet_FGVC2025/data/rois/502_2071.png,/home/tahiti/MARINE_DATASETS/FathomNet_FGVC2025/data/images/502.png,3f439aed498be116682c5d3d1bcb142e0f6cefdf855e873e79f741cb78794f28,846d63195722879e76af67b73d7e9f9d2b2468cff684645c343a517b0cf0e68e,502,4,train,4
2074,505,49,Ophiuroidea,/home/tahiti/MARINE_DATASETS/FathomNet_FGVC2025/data/rois/505_2074.png,/home/tahiti/MARINE_DATASETS/FathomNet_FGVC2025/data/images/505.png,aefc5454d0b0a3f56989a35a15b8e7d3a51ab9d98af0f3df34a41b80e3e13b1c,510e5f9d453a0ce181fe76736dfce72d0b283c8134d3fe893e3358ccbfc00622,505,4,train,4
2083,505,49,Ophiuroidea,/home/tahiti/MARINE_DATASETS/FathomNet_FGVC2025/data/rois/505_2083.png,/home/tahiti/MARINE_DATASETS/FathomNet_FGVC2025/data/images/505.png,58ff1d084d2d7dd0a5be34a500f4880a7ca0c44d54b062879b357a79521fec9e,510e5f9d453a0ce181fe76736dfce72d0b283c8134d3fe893e3358ccbfc00622,505,4,train,4
2085,505,71,Sebastolobus,/home/tahiti/MARINE_DATASETS/FathomNet_FGVC2025/data/rois/505_2085.png,/home/tahiti/MARINE_DATASETS/FathomNet_FGVC2025/data/images/505.png,da8994923c60e7b8dcfd2de73cc3432f6e2a1f88d4a4c21f72fe3cb9c224c74a,510e5f9d453a0ce181fe76736dfce72d0b283c8134d3fe893e3358ccbfc00622,505,4,train,4
2091,505,49,Ophiuroidea,/home/tahiti/MARINE_DATASETS/FathomNet_FGVC2025/data/rois/505_2091.png,/home/tahiti/MARINE_DATASETS/FathomNet_FGVC2025/data/images/505.png,5c94940a4301f8236f85926e63f31b1691b28d3722e29707ad8521b997aaad5c,510e5f9d453a0ce181fe76736dfce72d0b283c8134d3fe893e3358ccbfc00622,505,4,train,4
2097,507,60,Porifera,/home/tahiti/MARINE_DATASETS/FathomNet_FGVC2025/data/rois/507_2097.png,/home/tahiti/MARINE_DATASETS/FathomNet_FGVC2025/data/images/507.png,b54c5abe16bce805d4b78f4548490a6271a891e9009a27a3ba23c9a309a9da24,639277841b95da6d7b635127bcfe4edd4fcc710261e43d008d5ed632e82d8d4c,507,2,train,2
2100,508,58,Peniagone,/home/tahiti/MARINE_DATASETS/FathomNet_FGVC2025/data/rois/508_2100.png,/home/tahiti/MARINE_DATASETS/FathomNet_FGVC2025/data/images/508.png,a29051b3417f38ec55ef832ca636c46b0f1ae0a255ac4256a92a871e500820b6,79fe8d993ec591553630d755cc72cb5d0ac9144f84c43d238e346e074799d922,508,4,train,4
2104,510,36,Isosicyonis,/home/tahiti/MARINE_DATASETS/FathomNet_FGVC2025/data/rois/510_2104.png,/home/tahiti/MARINE_DATASETS/FathomNet_FGVC2025/data/images/510.png,cf891c7309fd2bccc5bf162ec8b21de48d5315c170c9f73e206c36afeb0b731d,251d7be90fb58a049ad46ff1046e78d8354a5325ad3707403520675d9e9e6844,510,1,train,1
2128,521,71,Sebastolobus,/home/tahiti/MARINE_DATASETS/FathomNet_FGVC2025/data/rois/521_2128.png,/home/tahiti/MARINE_DATASETS/FathomNet_FGVC2025/data/images/521.png,7514468ff61e05f1a0e24b80e5c8cd25d542116aa42a6d3ea9a1b2fc13ad0587,55aa67ed853abcda8ebb0f7a37ea8a3e9bd32390248c966325e6ff7032f02572,521,5,train,5
2129,521,5,Actiniaria,/home/tahiti/MARINE_DATASETS/FathomNet_FGVC2025/data/rois/521_2129.png,/home/tahiti/MARINE_DATASETS/FathomNet_FGVC2025/data/images/521.png,99f73b7aef0548120c3a364da2186177fae6392925aeeed7cf6d04c5f7ff605c,55aa67ed853abcda8ebb0f7a37ea8a3e9bd32390248c966325e6ff7032f02572,521,5,train,5
2139,526,31,Hippasteria,/home/tahiti/MARINE_DATASETS/FathomNet_FGVC2025/data/rois/526_2139.png,/home/tahiti/MARINE_DATASETS/FathomNet_FGVC2025/data/images/526.png,1a5e2ecaaa22c524ece7239119b5b24fcd2968ecfaa9462f5f2e56061d6c865f,508d5ce0db747ffb958b0202ac740b4285634681ea02fdfb2096e1a84c8e191b,526,1,train,1
2154,534,35,Isididae,/home/tahiti/MARINE_DATASETS/FathomNet_FGVC2025/data/rois/534_2154.png,/home/tahiti/MARINE_DATASETS/FathomNet_FGVC2025/data/images/534.png,b2b5c38f980a4f60ea9b3a4bc2fa5423eb31815b69c4e6adddce535577b42d22,066bad74b8d61601e94dc0dd0b1c95acf51e65d30f9062e763a71dba01fca4a9,534,1,train,1
2168,537,14,Caridea,/home/tahiti/MARINE_DATASETS/FathomNet_FGVC2025/data/rois/537_2168.png,/home/tahiti/MARINE_DATASETS/FathomNet_FGVC2025/data/images/537.png,63480d0cbec47ebf5ebffa8acce7c4ec7c3c578c5d12478bdc28957d21c90b95,26a949e46dca87cfce36124684c0c0f54cb0cbab0758d521b7966850e6e19eab,537,0,train,0
2197,547,44,Munidopsis,/home/tahiti/MARINE_DATASETS/FathomNet_FGVC2025/data/rois/547_2197.png,/home/tahiti/MARINE_DATASETS/FathomNet_FGVC2025/data/images/547.png,4831de244c68a0c4b81e25bc5f9113cbea8f2d2c293aaae2f4ce1e49d3ba36cc,0eae47ddc828e3dd161fd6640165358b8311322acd562498c44d57c88ba6f8db,547,1,train,1
2199,548,70,Sebastes diploproa,/home/tahiti/MARINE_DATASETS/FathomNet_FGVC2025/data/rois/548_2199.png,/home/tahiti/MARINE_DATASETS/FathomNet_FGVC2025/data/images/548.png,4fbbfa1269d26d58ea4cc01e5ca0540d6bc625448975321c6fda665f84f90b89,dfdbb6aee6e3bbde36bc47abe29d32eac49d60d36f7f0b30a9906f140badd1c7,548,2,train,2
2205,551,72,Serpulidae,/home/tahiti/MARINE_DATASETS/FathomNet_FGVC2025/data/rois/551_2205.png,/home/tahiti/MARINE_DATASETS/FathomNet_FGVC2025/data/images/551.png,0caa09a3d8f919beaf2b624c179affe6df6eeeae549d4c35fbfc7f6b9bee3a29,e3de347e34fea3a2c2dc49b0d4b5495419d853a6287e8ec3703502752ca667a5,551,5,train,5
2210,551,72,Serpulidae,/home/tahiti/MARINE_DATASETS/FathomNet_FGVC2025/data/rois/551_2210.png,/home/tahiti/MARINE_DATASETS/FathomNet_FGVC2025/data/images/551.png,d7c04cd9b7b7af60da72b4f2bca455187693435c474bd2351b63a58d15185c74,e3de347e34fea3a2c2dc49b0d4b5495419d853a6287e8ec3703502752ca667a5,551,5,train,5
2212,551,72,Serpulidae,/home/tahiti/MARINE_DATASETS/FathomNet_FGVC2025/data/rois/551_2212.png,/home/tahiti/MARINE_DATASETS/FathomNet_FGVC2025/data/images/551.png,33e9b1dd7440bdb7455d4557598edbda9e8289828b9364e7422504661369d443,e3de347e34fea3a2c2dc49b0d4b5495419d853a6287e8ec3703502752ca667a5,551,5,train,5
2213,551,63,Ptychogastria polaris,/home/tahiti/MARINE_DATASETS/FathomNet_FGVC2025/data/rois/551_2213.png,/home/tahiti/MARINE_DATASETS/FathomNet_FGVC2025/data/images/551.png,10d25f7dcff4df7efc1f1e96a14fcb8a81eba0535fbc64099f7681433ef03a03,e3de347e34fea3a2c2dc49b0d4b5495419d853a6287e8ec3703502752ca667a5,551,5,train,5
2214,551,63,Ptychogastria polaris,/home/tahiti/MARINE_DATASETS/FathomNet_FGVC2025/data/rois/551_2214.png,/home/tahiti/MARINE_DATASETS/FathomNet_FGVC2025/data/images/551.png,7ddf9619e13c493372f8b759056ba376b824461915b6a1b94ae3abe6cb37e966,e3de347e34fea3a2c2dc49b0d4b5495419d853a6287e8ec3703502752ca667a5,551,5,train,5
2220,551,72,Serpulidae,/home/tahiti/MARINE_DATASETS/FathomNet_FGVC2025/data/rois/551_2220.png,/home/tahiti/MARINE_DATASETS/FathomNet_FGVC2025/data/images/551.png,0fe9c0f7665925e266aa71e5cb28b1f89d131b97eec1f2a893b9b331866bd511,e3de347e34fea3a2c2dc49b0d4b5495419d853a6287e8ec3703502752ca667a5,551,5,train,5
2221,551,72,Serpulidae,/home/tahiti/MARINE_DATASETS/FathomNet_FGVC2025/data/rois/551_2221.png,/home/tahiti/MARINE_DATASETS/FathomNet_FGVC2025/data/images/551.png,37b0b7deb640201d09b2eb7c688293a683790ba12dac8037457405bb98d315f8,e3de347e34fea3a2c2dc49b0d4b5495419d853a6287e8ec3703502752ca667a5,551,5,train,5
2237,551,63,Ptychogastria polaris,/home/tahiti/MARINE_DATASETS/FathomNet_FGVC2025/data/rois/551_2237.png,/home/tahiti/MARINE_DATASETS/FathomNet_FGVC2025/data/images/551.png,387f1c34fd854aba19a34575f5d45b16ccf056aa91f8367d5de3ded33f13bc11,e3de347e34fea3a2c2dc49b0d4b5495419d853a6287e8ec3703502752ca667a5,551,5,train,5
2259,551,72,Serpulidae,/home/tahiti/MARINE_DATASETS/FathomNet_FGVC2025/data/rois/551_2259.png,/home/tahiti/MARINE_DATASETS/FathomNet_FGVC2025/data/images/551.png,2cb89c6ba0d1239875546dba70061dc5ca2d0e06bafc3c7af0ce2d43cb2e22fb,e3de347e34fea3a2c2dc49b0d4b5495419d853a6287e8ec3703502752ca667a5,551,5,train,5
2287,553,2,Acanthascinae,/home/tahiti/MARINE_DATASETS/FathomNet_FGVC2025/data/rois/553_2287.png,/home/tahiti/MARINE_DATASETS/FathomNet_FGVC2025/data/images/553.png,2f8660d7245fcabadd5fb8d7f17143d2e3a7b00057f188e9313daae2e58ad05f,f606142b75348de0b6e0e3d7360a1877a0a7f842fc18aa251555da9f1c02a315,553,4,train,4
2318,559,5,Actiniaria,/home/tahiti/MARINE_DATASETS/FathomNet_FGVC2025/data/rois/559_2318.png,/home/tahiti/MARINE_DATASETS/FathomNet_FGVC2025/data/images/559.png,239dc2a17bba6caa290913c0be97a78508a8786fa8ea495714d9571ca8d23cec,f997a132a9821861e98c9d8de3cefb729fa7d22ab402c1dfae5514a869b1369d,559,5,train,5
2319,559,5,Actiniaria,/home/tahiti/MARINE_DATASETS/FathomNet_FGVC2025/data/rois/559_2319.png,/home/tahiti/MARINE_DATASETS/FathomNet_FGVC2025/data/images/559.png,5595cba4d35940834da7b57c3eb8ce686cf290fe8fe200772750c3f41b053741,f997a132a9821861e98c9d8de3cefb729fa7d22ab402c1dfae5514a869b1369d,559,5,train,5
2349,572,51,Pandalus amplus,/home/tahiti/MARINE_DATASETS/FathomNet_FGVC2025/data/rois/572_2349.png,/home/tahiti/MARINE_DATASETS/FathomNet_FGVC2025/data/images/572.png,60a19a4bff91d93dd62a81afee89fb59a75246ac9bd4691957b2f4ddeb681a6c,51dfc023f38eb654a156917712190ba09696aec2334842cec683f38eeb050248,572,0,train,0
2415,589,73,Staurocalyptus,/home/tahiti/MARINE_DATASETS/FathomNet_FGVC2025/data/rois/589_2415.png,/home/tahiti/MARINE_DATASETS/FathomNet_FGVC2025/data/images/589.png,2bf1541f319844c422d21a50407ba2377186459910b9d33101c2b5290fe4ed33,6308da118dbae7729ff18e84bf2e9a7bc9d9909172ee88b6ff35aee91ca2df54,589,4,train,4
2417,589,5,Actiniaria,/home/tahiti/MARINE_DATASETS/FathomNet_FGVC2025/data/rois/589_2417.png,/home/tahiti/MARINE_DATASETS/FathomNet_FGVC2025/data/images/589.png,6f0d6c927fff0b69757569a89244d8be31270d1c8a38bd0b52ac8579e71b5902,6308da118dbae7729ff18e84bf2e9a7bc9d9909172ee88b6ff35aee91ca2df54,589,4,train,4
2419,591,15,Ceriantharia,/home/tahiti/MARINE_DATASETS/FathomNet_FGVC2025/data/rois/591_2419.png,/home/tahiti/MARINE_DATASETS/FathomNet_FGVC2025/data/images/591.png,b2052b994d948056078f5fb25f6980ae22f79bb443c8d5871ee80c652c33644a,9a61d2db89e8133708e2d0998429e3e0ee0f86c51e3d9e513b6bd7f11e28ab85,591,2,train,2
2448,598,58,Peniagone,/home/tahiti/MARINE_DATASETS/FathomNet_FGVC2025/data/rois/598_2448.png,/home/tahiti/MARINE_DATASETS/FathomNet_FGVC2025/data/images/598.png,3d51d53f51f29dbee1128412308ab42df7a160ab54a60f4f9b17dc29654ea7ea,d0185d820955a6a34e211d621941d31c56fd190b445f38d5bb0b7ab8435a846c,598,0,train,0
2452,600,74,Strongylocentrotus fragilis,/home/tahiti/MARINE_DATASETS/FathomNet_FGVC2025/data/rois/600_2452.png,/home/tahiti/MARINE_DATASETS/FathomNet_FGVC2025/data/images/600.png,dd3cc170065898c152827dae319ad80440d24bd208723eee093784ac118ac982,a0de65fd4276683503c998975c6a4fcde92e001ea9dca9ba9360d49e50aea7a9,600,2,train,2
2463,600,74,Strongylocentrotus fragilis,/home/tahiti/MARINE_DATASETS/FathomNet_FGVC2025/data/rois/600_2463.png,/home/tahiti/MARINE_DATASETS/FathomNet_FGVC2025/data/images/600.png,76b462f3477db0d0453f36d957be33c0e625841bdab6e6240f60b373933f8678,a0de65fd4276683503c998975c6a4fcde92e001ea9dca9ba9360d49e50aea7a9,600,2,train,2
2465,600,74,Strongylocentrotus fragilis,/home/tahiti/MARINE_DATASETS/FathomNet_FGVC2025/data/rois/600_2465.png,/home/tahiti/MARINE_DATASETS/FathomNet_FGVC2025/data/images/600.png,598c2587c66979479fa6da94401bebf5153d4135b315eed58a4a17a1613f9bbb,a0de65fd4276683503c998975c6a4fcde92e001ea9dca9ba9360d49e50aea7a9,600,2,train,2
2505,619,67,Scotoplanes,/home/tahiti/MARINE_DATASETS/FathomNet_FGVC2025/data/rois/619_2505.png,/home/tahiti/MARINE_DATASETS/FathomNet_FGVC2025/data/images/619.png,d6a9b80864aa4bb81aa79db544fa5ccefdfc339f1fe9f294eae3fea16c7e8d16,d82be1f2247e9fee5510a1858fb8f02c2f431daf1d42a51f25dee911881fac64,619,5,train,5
2519,619,67,Scotoplanes,/home/tahiti/MARINE_DATASETS/FathomNet_FGVC2025/data/rois/619_2519.png,/home/tahiti/MARINE_DATASETS/FathomNet_FGVC2025/data/images/619.png,05be7faa1067f21d60cb186e04d263837fb47822eb7af060e819c8c40c2b408e,d82be1f2247e9fee5510a1858fb8f02c2f431daf1d42a51f25dee911881fac64,619,5,train,5
2530,620,5,Actiniaria,/home/tahiti/MARINE_DATASETS/FathomNet_FGVC2025/data/rois/620_2530.png,/home/tahiti/MARINE_DATASETS/FathomNet_FGVC2025/data/images/620.png,dce57e0fa6910a45050cd6f7f3827157d20e3a7683aa6b89676e0184867ace12,99a56703f45a08e7927ef1ea992028604fd69b74fd7c7a955fa2573f238a0129,620,2,train,2
2535,624,49,Ophiuroidea,/home/tahiti/MARINE_DATASETS/FathomNet_FGVC2025/data/rois/624_2535.png,/home/tahiti/MARINE_DATASETS/FathomNet_FGVC2025/data/images/624.png,9f8dc154c792e3cfc9b4868b864fb6ccb51a1b58b6af4b452163fe0279cedbd3,f7c18eb74484783dedd95b9e33f97c7ca2a2329de008421cd79e085832f7b9d2,624,2,train,2
2543,626,76,Tunicata,/home/tahiti/MARINE_DATASETS/FathomNet_FGVC2025/data/rois/626_2543.png,/home/tahiti/MARINE_DATASETS/FathomNet_FGVC2025/data/images/626.png,ae012ae1914cda4cb4123fdd64b349c21ddb5f0ec0040abc052c5c79507a764a,a2e40474372d1712cd69b3b864705c91887ad10649a91721c1dce6a5f475f150,626,2,train,2
2549,627,5,Actiniaria,/home/tahiti/MARINE_DATASETS/FathomNet_FGVC2025/data/rois/627_2549.png,/home/tahiti/MARINE_DATASETS/FathomNet_FGVC2025/data/images/627.png,000f0b1881261e347dc3bb057716c6236a15ca511ae90c5969a0d48c1b0ba6ec,0459011c9e7fc872bd629539ae83ca799a811a3a443f36d98f567158236dba12,627,5,train,5
2555,629,62,Psolus squamatus,/home/tahiti/MARINE_DATASETS/FathomNet_FGVC2025/data/rois/629_2555.png,/home/tahiti/MARINE_DATASETS/FathomNet_FGVC2025/data/images/629.png,dd6f205b720176b02fc5b05ea665b729e655020408bbf4b299034b96568f4247,e0aa3f2ac45b9c352d0295502a9f3f221f964ac992cc67d6264d8947708e8236,629,0,train,0
2562,630,14,Caridea,/home/tahiti/MARINE_DATASETS/FathomNet_FGVC2025/data/rois/630_2562.png,/home/tahiti/MARINE_DATASETS/FathomNet_FGVC2025/data/images/630.png,7e529b9160a9afa9a45d8986f020c405ca56586e156f3435123bd491955a3241,e489f5e4e8fe4ffc6b4479ef525ba7fcab49de2d5b53c87f318e685b3e58c761,630,1,train,1
2582,639,28,Heterochone calyx,/home/tahiti/MARINE_DATASETS/FathomNet_FGVC2025/data/rois/639_2582.png,/home/tahiti/MARINE_DATASETS/FathomNet_FGVC2025/data/images/639.png,e094dfb3d7278c095ca95c5bff9021d97c897befb30ffa281a2e2343f59226f9,0601f9aebf40e052c4597773b00a3c0fe79a3bd80ad800cda94bd2211a9ae097,639,2,train,2
2583,640,49,Ophiuroidea,/home/tahiti/MARINE_DATASETS/FathomNet_FGVC2025/data/rois/640_2583.png,/home/tahiti/MARINE_DATASETS/FathomNet_FGVC2025/data/images/640.png,ee7dbd52587054fd0fe62485d731679405b46ef868d37f4074a16344a7d9bc3b,8d0e6ccc1409fd453de463cf367314dd5fe53173de191382a4d80ef2671ee4e5,640,4,train,4
2588,640,32,Holothuroidea,/home/tahiti/MARINE_DATASETS/FathomNet_FGVC2025/data/rois/640_2588.png,/home/tahiti/MARINE_DATASETS/FathomNet_FGVC2025/data/images/640.png,27171695980e06e8faca940d9c54cb25ebe0b086bbfdbc6da061397928e96c64,8d0e6ccc1409fd453de463cf367314dd5fe53173de191382a4d80ef2671ee4e5,640,4,train,4
2589,640,19,Crinoidea,/home/tahiti/MARINE_DATASETS/FathomNet_FGVC2025/data/rois/640_2589.png,/home/tahiti/MARINE_DATASETS/FathomNet_FGVC2025/data/images/640.png,670f0e611b3e518dc0205c8b27896312a6a9728b2852165d301584b3082af984,8d0e6ccc1409fd453de463cf367314dd5fe53173de191382a4d80ef2671ee4e5,640,4,train,4
2609,644,51,Pandalus amplus,/home/tahiti/MARINE_DATASETS/FathomNet_FGVC2025/data/rois/644_2609.png,/home/tahiti/MARINE_DATASETS/FathomNet_FGVC2025/data/images/644.png,c8a27d2e955e9b43cc0284a1a7db182021a253459c069997335d8ac3b516d127,7e414a5912f1fc02dc44eb21dee16b613396422106939b93b86e9b3957310877,644,0,train,0
2618,646,69,Sebastes,/home/tahiti/MARINE_DATASETS/FathomNet_FGVC2025/data/rois/646_2618.png,/home/tahiti/MARINE_DATASETS/FathomNet_FGVC2025/data/images/646.png,9b0cea6f39957d92a52d2423996e01825ad4d177f62ee68cc237350c21767602,e4a68e63f5b86378643db4104090cb14476d9c184876b49675d53d6bf71bf966,646,4,train,4
2620,646,70,Sebastes diploproa,/home/tahiti/MARINE_DATASETS/FathomNet_FGVC2025/data/rois/646_2620.png,/home/tahiti/MARINE_DATASETS/FathomNet_FGVC2025/data/images/646.png,e39a9ff0e5b97986cee730a0d6c2b3c53050ec5d7d0cf8641bf978218a550015,e4a68e63f5b86378643db4104090cb14476d9c184876b49675d53d6bf71bf966,646,4,train,4
2633,649,33,Hormathiidae,/home/tahiti/MARINE_DATASETS/FathomNet_FGVC2025/data/rois/649_2633.png,/home/tahiti/MARINE_DATASETS/FathomNet_FGVC2025/data/images/649.png,4eed500c9650f66eee14a92cf3d1d6088dd8cd54c6fea492c537b46645205844,0fd3514b45996e29b61cf5dab2d77b9234936f453a4182f8854e0089af3c5223,649,1,train,1
2644,650,11,Asteroidea,/home/tahiti/MARINE_DATASETS/FathomNet_FGVC2025/data/rois/650_2644.png,/home/tahiti/MARINE_DATASETS/FathomNet_FGVC2025/data/images/650.png,c6b712803abce9ad6734b974311ee04aff417070942b53a8dab8da798f5b1304,75586ddd4158933a36fcd26d33c5ffe310e32a1e701f661adee454e273ce0547,650,0,train,0
2648,650,11,Asteroidea,/home/tahiti/MARINE_DATASETS/FathomNet_FGVC2025/data/rois/650_2648.png,/home/tahiti/MARINE_DATASETS/FathomNet_FGVC2025/data/images/650.png,c18507a6a43f5496550e11394f25ecdb9a3949dc26fef2e9dbac21c1716a3720,75586ddd4158933a36fcd26d33c5ffe310e32a1e701f661adee454e273ce0547,650,0,train,0
2659,656,26,Gersemia juliepackardae,/home/tahiti/MARINE_DATASETS/FathomNet_FGVC2025/data/rois/656_2659.png,/home/tahiti/MARINE_DATASETS/FathomNet_FGVC2025/data/images/656.png,105b26cb40270efcaaffbf41bf2abb03d875f41159b4fa7c4b18a3a6f1499531,204a45ed35762b9f40c54548bac741c68492ef87d09eb50637eef8c8c9b2da56,656,2,train,2
2662,657,58,Peniagone,/home/tahiti/MARINE_DATASETS/FathomNet_FGVC2025/data/rois/657_2662.png,/home/tahiti/MARINE_DATASETS/FathomNet_FGVC2025/data/images/657.png,6000388ddcd12523172e4e35c0a46338064d48607970c74a465a92d5d17df06d,2345ff1bb4934c1367a59996047693c37db4a68cbc5ce179ecdad4e66fa5dc65,657,0,train,0
2667,658,5,Actiniaria,/home/tahiti/MARINE_DATASETS/FathomNet_FGVC2025/data/rois/658_2667.png,/home/tahiti/MARINE_DATASETS/FathomNet_FGVC2025/data/images/658.png,19a49f33465c73defe67be451b10c00d7c9c062b7e05803df1c379c7c1adab49,5151a05e0bddb7f41675c77637de4fb2a356878bdd77a55f08502bc325551d89,658,5,train,5
2672,658,77,Umbellula,/home/tahiti/MARINE_DATASETS/FathomNet_FGVC2025/data/rois/658_2672.png,/home/tahiti/MARINE_DATASETS/FathomNet_FGVC2025/data/images/658.png,943080519a5ad7d9df29b57bab1552762945c442fa89638a5738705a8bb0c834,5151a05e0bddb7f41675c77637de4fb2a356878bdd77a55f08502bc325551d89,658,5,train,5
2704,668,30,Hexactinellida,/home/tahiti/MARINE_DATASETS/FathomNet_FGVC2025/data/rois/668_2704.png,/home/tahiti/MARINE_DATASETS/FathomNet_FGVC2025/data/images/668.png,5aace9725af8f50c1a176128ec5d3fc545c63f830ed72e9a2764f310ba5dd016,ee309a43ab9dff40c2fec8e4ef960c1d34f3a6e608a27299e4791f3800fbd7a0,668,4,train,4
2714,673,8,Apostichopus leukothele,/home/tahiti/MARINE_DATASETS/FathomNet_FGVC2025/data/rois/673_2714.png,/home/tahiti/MARINE_DATASETS/FathomNet_FGVC2025/data/images/673.png,8542f9a0d8637a98c7d53db1bd98ec0d339199f932d7cac034d4b8f0f2c1c00e,dc33b04eeb194e1c54e65207c26c7f92d9d9c616cd54f13d09a8424d87d43165,673,0,train,0
2744,683,73,Staurocalyptus,/home/tahiti/MARINE_DATASETS/FathomNet_FGVC2025/data/rois/683_2744.png,/home/tahiti/MARINE_DATASETS/FathomNet_FGVC2025/data/images/683.png,64c41451e0dd278625019ac5c14d2d591d737614564850de7151c2fe662c730c,c568dbb269bcc1768d63c569bc92bad46454993a573c91b719e95f735c1b766a,683,0,train,0
2767,687,54,Paragorgia,/home/tahiti/MARINE_DATASETS/FathomNet_FGVC2025/data/rois/687_2767.png,/home/tahiti/MARINE_DATASETS/FathomNet_FGVC2025/data/images/687.png,d30e998c7b15dc2c2392f4de26727c43a1bfe9a065eb135d6e7a563cc772cbbf,4a68808fe95484cda5ccc8faf4ebec261a318d9319f75e1652c7f3c575e7f2a4,687,4,train,4
2771,687,53,Pannychia moseleyi,/home/tahiti/MARINE_DATASETS/FathomNet_FGVC2025/data/rois/687_2771.png,/home/tahiti/MARINE_DATASETS/FathomNet_FGVC2025/data/images/687.png,84a19d561c9d43b52198f4a925c1908f7968ec297dbedcc5a8439084c791afdf,4a68808fe95484cda5ccc8faf4ebec261a318d9319f75e1652c7f3c575e7f2a4,687,4,train,4
2785,695,77,Umbellula,/home/tahiti/MARINE_DATASETS/FathomNet_FGVC2025/data/rois/695_2785.png,/home/tahiti/MARINE_DATASETS/FathomNet_FGVC2025/data/images/695.png,cad840ddd16673bd1077b31b5b64dcbcc783aafd21270ae63413930d0853664b,3b2f7e046ed10785ab892b805349130521dcc973d4e697eee105cbfb23fed144,695,4,train,4
2828,709,58,Peniagone,/home/tahiti/MARINE_DATASETS/FathomNet_FGVC2025/data/rois/709_2828.png,/home/tahiti/MARINE_DATASETS/FathomNet_FGVC2025/data/images/709.png,a14f3935d54d0b4e896fdd5a9a6389ca6f6a46d624410be74265ced25e22d198,31618e8dd98cdf662dbdc0a60ad44e39e8ee9de67de69abadd3a4b738c774ad7,709,2,train,2
2846,719,14,Caridea,/home/tahiti/MARINE_DATASETS/FathomNet_FGVC2025/data/rois/719_2846.png,/home/tahiti/MARINE_DATASETS/FathomNet_FGVC2025/data/images/719.png,2d4dc62e0bf960c08c09258d4fae23dcc4c98d1a69882dde865c55a4b1290b57,3366c99dbb5059a3c4cdf576b645a04d13ed26379a546f90b1cc660067081105,719,5,train,5
2852,722,15,Ceriantharia,/home/tahiti/MARINE_DATASETS/FathomNet_FGVC2025/data/rois/722_2852.png,/home/tahiti/MARINE_DATASETS/FathomNet_FGVC2025/data/images/722.png,e2c7555ca632d70e5fc20f234f6d7d2045ef2b2eaf6d6352dcf59e3d2b186aea,36e2dbad0afdee217be38beae76e2b70534859ef3c644cabbf076465616d314f,722,5,train,5
2861,727,49,Ophiuroidea,/home/tahiti/MARINE_DATASETS/FathomNet_FGVC2025/data/rois/727_2861.png,/home/tahiti/MARINE_DATASETS/FathomNet_FGVC2025/data/images/727.png,5f76e1e192d4bd27e282720317de1790568cb273e961776adce507d91bf404c2,4d6a4b12e40134390ff8837fb9866d22271741b7a7d0d0638576a64158fb91bf,727,0,train,0
2911,735,45,Munnopsidae,/home/tahiti/MARINE_DATASETS/FathomNet_FGVC2025/data/rois/735_2911.png,/home/tahiti/MARINE_DATASETS/FathomNet_FGVC2025/data/images/735.png,368b8fcbcb460a5a832154effb3c2cdd4ed42d475ecc327e6e4759e65e47b079,c5010b3f7290d31365b4c7bddd87e91b3092ffcd3bc5e86142457ef6518c48d7,735,2,train,2
2934,739,60,Porifera,/home/tahiti/MARINE_DATASETS/FathomNet_FGVC2025/data/rois/739_2934.png,/home/tahiti/MARINE_DATASETS/FathomNet_FGVC2025/data/images/739.png,a9022e6fd7203d00078b5904619feb405816dedbe1f9dcd3ee661647f23bcb30,5cf5439173d51881ce4931d3beef43853ce24c9271b7a6e2f2d2693a112fa9a1,739,2,train,2
2954,744,55,Paragorgia arborea,/home/tahiti/MARINE_DATASETS/FathomNet_FGVC2025/data/rois/744_2954.png,/home/tahiti/MARINE_DATASETS/FathomNet_FGVC2025/data/images/744.png,75de2cf5056b3c9b59eae0b85589853e85ff51df3dcec2948fcccc70654f5059,739c65534d051270c9d179b1abd6926d66b008ae3726c8bdd7743c44e3406fb0,744,1,train,1
2960,748,37,Keratoisis,/home/tahiti/MARINE_DATASETS/FathomNet_FGVC2025/data/rois/748_2960.png,/home/tahiti/MARINE_DATASETS/FathomNet_FGVC2025/data/images/748.png,d5158c9d203fc8ca993f67357aa9207d1e59cccb18f8abcd17bbe78ec9577a4e,f2a91fc47af325e7e08fd4b6d7326b4ad39828807eac607d607a8aaee701b41a,748,0,train,0
2967,749,31,Hippasteria,/home/tahiti/MARINE_DATASETS/FathomNet_FGVC2025/data/rois/749_2967.png,/home/tahiti/MARINE_DATASETS/FathomNet_FGVC2025/data/images/749.png,dd1b784e1a9ee6d811c81050d411cfadd07783058987efef7a87358972362e9f,2ce839df189fc1f5c5695769b117c68ece6e18ecefcb5702b3f26b6720682abb,749,1,train,1
2974,753,22,Farrea,/home/tahiti/MARINE_DATASETS/FathomNet_FGVC2025/data/rois/753_2974.png,/home/tahiti/MARINE_DATASETS/FathomNet_FGVC2025/data/images/753.png,008c6d4a706abb9a12bc27083a4ebd8f8cb9919b7bf12d64d2c65ff13cdb9867,b2a9ade84a4af6f7dda0ba9660c8698e46b93cf6483ba0068e8a41655a0e6400,753,5,train,5
3055,766,73,Staurocalyptus,/home/tahiti/MARINE_DATASETS/FathomNet_FGVC2025/data/rois/766_3055.png,/home/tahiti/MARINE_DATASETS/FathomNet_FGVC2025/data/images/766.png,48764871e4c12612cf1310f4694754ba1edc6882f7cf3e7614c125fdae3b2cb8,d74854ade035ad603e2c4f332bee6c83024942b2149dac4bed588b625c133525,766,2,train,2
3059,766,16,Chionoecetes tanneri,/home/tahiti/MARINE_DATASETS/FathomNet_FGVC2025/data/rois/766_3059.png,/home/tahiti/MARINE_DATASETS/FathomNet_FGVC2025/data/images/766.png,de913dc7048c940f49173fbc3f2b49e99622923b710342f31d49374228489bac,d74854ade035ad603e2c4f332bee6c83024942b2149dac4bed588b625c133525,766,2,train,2
3074,767,14,Caridea,/home/tahiti/MARINE_DATASETS/FathomNet_FGVC2025/data/rois/767_3074.png,/home/tahiti/MARINE_DATASETS/FathomNet_FGVC2025/data/images/767.png,e61e2dfc53d2aa38932e4512cbe2a1b95f2dca29f7c6dc1455a10d027e3b727e,22a819bbcae8ab05bcd99f2582e664b165dbcaaa4c60a2371053ab816fb28317,767,4,train,4
3082,768,43,Microstomus pacificus,/home/tahiti/MARINE_DATASETS/FathomNet_FGVC2025/data/rois/768_3082.png,/home/tahiti/MARINE_DATASETS/FathomNet_FGVC2025/data/images/768.png,6b3ce5698bced1bd6a9d441d5efdeac34833cc710d8ee3c2c9db606f6cd9eb3f,2d96e9a9da9a0b276b45677de1d2888cd3121b89889aa788efea058fc3b6ef64,768,0,train,0
3093,771,45,Munnopsidae,/home/tahiti/MARINE_DATASETS/FathomNet_FGVC2025/data/rois/771_3093.png,/home/tahiti/MARINE_DATASETS/FathomNet_FGVC2025/data/images/771.png,77336f0e23ae17009ffbfc94af3051e14ca6e4d2e35d5cca310d1a5b3b883f58,b1445b497819406c97a3a14ccf5fc5b2ad28c44d386261cc899d63d588080c19,771,1,train,1
3098,775,58,Peniagone,/home/tahiti/MARINE_DATASETS/FathomNet_FGVC2025/data/rois/775_3098.png,/home/tahiti/MARINE_DATASETS/FathomNet_FGVC2025/data/images/775.png,aff97f70cd35a8ed676bd6f84b76344b421989fd0a3cae7b96b6284c2b8954f3,bc1d95bd3cb6164a4704d7c58c4eadf43958c61fa749366e57f161b0b7e70193,775,1,train,1
3102,777,41,Merluccius productus,/home/tahiti/MARINE_DATASETS/FathomNet_FGVC2025/data/rois/777_3102.png,/home/tahiti/MARINE_DATASETS/FathomNet_FGVC2025/data/images/777.png,1d29dd7db650c27421ee470cdcd0b6ca701b27c887d27c28657b00d8e6dc9ada,79be2c9230af6ea1c4a56afea10cab9dfb02536d1f73d99121f2b44675d7ea09,777,5,train,5
3103,778,53,Pannychia moseleyi,/home/tahiti/MARINE_DATASETS/FathomNet_FGVC2025/data/rois/778_3103.png,/home/tahiti/MARINE_DATASETS/FathomNet_FGVC2025/data/images/778.png,1013c43c91a12718612f7ef354760641bf46ec0377a07c2bb424c54e29cba078,90ad4abd61000b265fcdf52cf44badc10ad7cbda90b53b3454641cc46afc75f2,778,4,train,4
3111,780,60,Porifera,/home/tahiti/MARINE_DATASETS/FathomNet_FGVC2025/data/rois/780_3111.png,/home/tahiti/MARINE_DATASETS/FathomNet_FGVC2025/data/images/780.png,492d01ca5241331563ccab4734d6c834e36bfe3fc0abd78ea615d37b6cab9335,eacda241b0a37aea81ab17678158b144b39b458b78f5fa4b15fcfa0645326b61,780,5,train,5
3160,798,29,Heteropolypus ritteri,/home/tahiti/MARINE_DATASETS/FathomNet_FGVC2025/data/rois/798_3160.png,/home/tahiti/MARINE_DATASETS/FathomNet_FGVC2025/data/images/798.png,d6fbc64a9089710cfc9fdd4d27d206284dc08b2346b36fffea74195bf7727fae,53ca6da3283121d627c2dd461cc18d2d1701ad6f1da3f030b80ed5730579953a,798,2,train,2
3174,800,22,Farrea,/home/tahiti/MARINE_DATASETS/FathomNet_FGVC2025/data/rois/800_3174.png,/home/tahiti/MARINE_DATASETS/FathomNet_FGVC2025/data/images/800.png,fc51879b2c54e4f6adc6b5684f2e401fd212a00344faf0f1e5bcb92ec5cfc827,3982bbe00aea1bb8aa16c18b5d5bc521096b01779e6d59a5bf49474edf24c6a3,800,5,train,5
3185,801,53,Pannychia moseleyi,/home/tahiti/MARINE_DATASETS/FathomNet_FGVC2025/data/rois/801_3185.png,/home/tahiti/MARINE_DATASETS/FathomNet_FGVC2025/data/images/801.png,7e31236d4eb686ea56e688afee83e068a63ab7ab52081bdb9ee88fe255154e61,b46a11d9aadc22174960a8c6c727b5a2076bc4fcb19788c1fdd397abe375f367,801,2,train,2
3190,802,25,Gastropoda,/home/tahiti/MARINE_DATASETS/FathomNet_FGVC2025/data/rois/802_3190.png,/home/tahiti/MARINE_DATASETS/FathomNet_FGVC2025/data/images/802.png,f92f62aa07d46035f8204ac26312c06b871662867121347e8722b360fc1d06e1,dc8aac518d035fa2b16c5679097456e23e0f0bc7c14d75720577c136521f3252,802,5,train,5
3199,808,50,Paelopatides confundens,/home/tahiti/MARINE_DATASETS/FathomNet_FGVC2025/data/rois/808_3199.png,/home/tahiti/MARINE_DATASETS/FathomNet_FGVC2025/data/images/808.png,8b45b0dfbed54869f81eeb13bfccb5e8e8d253415ed51958dd199d3929108cf2,13b437efe26f8f19ee87ab0f7bec52bc007bc930837c667ce52cad8bc1a670b7,808,1,train,1
3235,822,60,Porifera,/home/tahiti/MARINE_DATASETS/FathomNet_FGVC2025/data/rois/822_3235.png,/home/tahiti/MARINE_DATASETS/FathomNet_FGVC2025/data/images/822.png,98a3fcc0d250eb6b7f3dc2c69ff6ac01f63af0919362ba687185dd69ed7bad23,9794270223399b88d4e95e96d5279290d8c19084eda48bb7d342773752f62c5e,822,2,train,2
3244,824,67,Scotoplanes,/home/tahiti/MARINE_DATASETS/FathomNet_FGVC2025/data/rois/824_3244.png,/home/tahiti/MARINE_DATASETS/FathomNet_FGVC2025/data/images/824.png,6f5d62771948ebdd6202bdb2509c2397a9e462e54dc75c821bf366d22475e47b,d435d59dd65c2718a4e0f3b85f94a80ab34cd0f3f0413279286148f013a904fb,824,4,train,4
3256,829,57,Parastenella,/home/tahiti/MARINE_DATASETS/FathomNet_FGVC2025/data/rois/829_3256.png,/home/tahiti/MARINE_DATASETS/FathomNet_FGVC2025/data/images/829.png,603ccec6179ae5bd8c5c26a54fc436e48c1265234f57276afc6781637de6c5a2,1a1f27c394ea2cb25fc3a1258e21bc83d3820c9e57053eca61501173a96114e1,829,4,train,4
3259,832,57,Parastenella,/home/tahiti/MARINE_DATASETS/FathomNet_FGVC2025/data/rois/832_3259.png,/home/tahiti/MARINE_DATASETS/FathomNet_FGVC2025/data/images/832.png,a51e4780db81df087689a0e0d04f4433f7854f149ff517550740acea8b302fdd,ac8867e64be1c3896a3d9760a24e4cec50c9bd52e29a1bc16b77abefd756319e,832,4,train,4
3262,833,67,Scotoplanes,/home/tahiti/MARINE_DATASETS/FathomNet_FGVC2025/data/rois/833_3262.png,/home/tahiti/MARINE_DATASETS/FathomNet_FGVC2025/data/images/833.png,3720dba77139001c819317ed253a6110978cfb8730c074dda35408e9167994fc,22e1a348a233f579ad38f1ed3f35c5625a97a402fa4fd92679be83b7e3c2543d,833,4,train,4
3281,838,15,Ceriantharia,/home/tahiti/MARINE_DATASETS/FathomNet_FGVC2025/data/rois/838_3281.png,/home/tahiti/MARINE_DATASETS/FathomNet_FGVC2025/data/images/838.png,41e526c32dc335158347039fce4cd347fe1125714ceea80629e1e23db262adf7,bc6e36030e6c4e2dc3c1be91c2b23fc06d28beaa6d3858322913adf2f796889e,838,1,train,1
3307,848,38,Liponema brevicorne,/home/tahiti/MARINE_DATASETS/FathomNet_FGVC2025/data/rois/848_3307.png,/home/tahiti/MARINE_DATASETS/FathomNet_FGVC2025/data/images/848.png,00d3581060ebaa33a11e17c9c7a9654998c5b99fc05e325d63b3de9687671f4c,6c61c3e8098e4ee48194f106e00f4d3ef641344543b841fe8b4cdb818856f0cd,848,0,train,0
3310,849,43,Microstomus pacificus,/home/tahiti/MARINE_DATASETS/FathomNet_FGVC2025/data/rois/849_3310.png,/home/tahiti/MARINE_DATASETS/FathomNet_FGVC2025/data/images/849.png,4e7258b3d58bc5d4a2571aaf279c39f5d493f7772cfea61602e5f3be2b587cb8,60aad1026b3317da7633b1ecca71b98273d5796a6095a5ab6c46561ca6ff47b4,849,1,train,1
3318,853,53,Pannychia moseleyi,/home/tahiti/MARINE_DATASETS/FathomNet_FGVC2025/data/rois/853_3318.png,/home/tahiti/MARINE_DATASETS/FathomNet_FGVC2025/data/images/853.png,4d742db08893da3719140f22dc40b86463529cd1b34fd0832e9f586116d8484a,fff32cebd75790d695bd42a079deaecfa4d808beebd8e79f77c81791a5c9e541,853,1,train,1
3320,853,11,Asteroidea,/home/tahiti/MARINE_DATASETS/FathomNet_FGVC2025/data/rois/853_3320.png,/home/tahiti/MARINE_DATASETS/FathomNet_FGVC2025/data/images/853.png,ada0688a00ba5adba2e724e3d21e69baeae651636d8342f2d4292c15adc19e99,fff32cebd75790d695bd42a079deaecfa4d808beebd8e79f77c81791a5c9e541,853,1,train,1
3327,857,42,Metridium farcimen,/home/tahiti/MARINE_DATASETS/FathomNet_FGVC2025/data/rois/857_3327.png,/home/tahiti/MARINE_DATASETS/FathomNet_FGVC2025/data/images/857.png,286e8fbaf5e70b4e2ce47fe57cea8cdcf22330ac4b5c849e1252f05cda3f242a,0503d462c8c247ee2c663dfc1ec7eb0225eedeb3593528dea02a3fa7dd1c9b24,857,4,train,4
3343,859,58,Peniagone,/home/tahiti/MARINE_DATASETS/FathomNet_FGVC2025/data/rois/859_3343.png,/home/tahiti/MARINE_DATASETS/FathomNet_FGVC2025/data/images/859.png,975cb40d47576473037a9e582a317180b225bb5a6617256e70c58cece3ccb178,2df0c5fbd07762d8643329c23c4480a6680a5e41a162ab22ae1fd00e825842d1,859,5,train,5
3349,861,2,Acanthascinae,/home/tahiti/MARINE_DATASETS/FathomNet_FGVC2025/data/rois/861_3349.png,/home/tahiti/MARINE_DATASETS/FathomNet_FGVC2025/data/images/861.png,8e7af445eb5193e9b5fa693c81f013e3bb3cb6f2501e7849f220056d082bd0f3,0eee46cb64e8d2959a1827ba36d6f7fe48bc418fa64d6085191b486a7cba7449,861,5,train,5
3377,862,59,Pennatula phosphorea,/home/tahiti/MARINE_DATASETS/FathomNet_FGVC2025/data/rois/862_3377.png,/home/tahiti/MARINE_DATASETS/FathomNet_FGVC2025/data/images/862.png,cbbbf6894d8450dcf7ac7d45bfeb807ab198c100c99003c662b02ba39c0db7bd,79bbd32576c9dede6f7bad1fa144de4209f998c51db376d87ed558728d2f1834,862,1,train,1
3378,862,67,Scotoplanes,/home/tahiti/MARINE_DATASETS/FathomNet_FGVC2025/data/rois/862_3378.png,/home/tahiti/MARINE_DATASETS/FathomNet_FGVC2025/data/images/862.png,3c087aae4d520bd437ebbafccb949d885c2137d1270fed864cff5a5647b66770,79bbd32576c9dede6f7bad1fa144de4209f998c51db376d87ed558728d2f1834,862,1,train,1
3385,863,62,Psolus squamatus,/home/tahiti/MARINE_DATASETS/FathomNet_FGVC2025/data/rois/863_3385.png,/home/tahiti/MARINE_DATASETS/FathomNet_FGVC2025/data/images/863.png,148fdb6e10e7aebe6782ac7756540889efe4594c1491e07dfb81001fb5fd6bd1,88ab55114b11d29318614a08b904486c27510196c821b5dd87cb099edb583862,863,0,train,0
3387,863,62,Psolus squamatus,/home/tahiti/MARINE_DATASETS/FathomNet_FGVC2025/data/rois/863_3387.png,/home/tahiti/MARINE_DATASETS/FathomNet_FGVC2025/data/images/863.png,ec8f8905a990201d1b4cd12cd42ff0b69b3de92f2cdf6af960f214f843dd9bee,88ab55114b11d29318614a08b904486c27510196c821b5dd87cb099edb583862,863,0,train,0
3390,863,71,Sebastolobus,/home/tahiti/MARINE_DATASETS/FathomNet_FGVC2025/data/rois/863_3390.png,/home/tahiti/MARINE_DATASETS/FathomNet_FGVC2025/data/images/863.png,c5e5fa0f152bb848735d49111ec9dc182903cc4f17f17f7d731b4e5945a25cde,88ab55114b11d29318614a08b904486c27510196c821b5dd87cb099edb583862,863,0,train,0
3402,867,56,Paralomis multispina,/home/tahiti/MARINE_DATASETS/FathomNet_FGVC2025/data/rois/867_3402.png,/home/tahiti/MARINE_DATASETS/FathomNet_FGVC2025/data/images/867.png,95943b6004cadd1f9de74b77d7fc258d6e38e82f5f966bbd4e838d720d4bb8ad,c1b3dfdad94cdc452ffa4629060f54fddd15e0003aa2cddd5944928ac8fa2dd0,867,4,train,4
3414,870,16,Chionoecetes tanneri,/home/tahiti/MARINE_DATASETS/FathomNet_FGVC2025/data/rois/870_3414.png,/home/tahiti/MARINE_DATASETS/FathomNet_FGVC2025/data/images/870.png,1b1fcfb70d97278cde4afef89a6864b34d04477ffef3d095b4e1320d96eb60ea,0c62b41620aedd87cda48f510c17dd7af5bbbc41c7d12b227ecd69ab6a9f4dc3,870,4,train,4
3424,873,25,Gastropoda,/home/tahiti/MARINE_DATASETS/FathomNet_FGVC2025/data/rois/873_3424.png,/home/tahiti/MARINE_DATASETS/FathomNet_FGVC2025/data/images/873.png,ba2b5884c6df602a18988069d3d42207a9543517246dc12a9a17cabf7dfb671b,e1cd24cb8834c8fdcc87f549c30ed8a83a856098d9a0bbe85ead4f34f3a2e9ea,873,5,train,5
3460,884,8,Apostichopus leukothele,/home/tahiti/MARINE_DATASETS/FathomNet_FGVC2025/data/rois/884_3460.png,/home/tahiti/MARINE_DATASETS/FathomNet_FGVC2025/data/images/884.png,0e1a7aca6536b8b34cbc556a964137d44774457bee0bfb011e02af771aa2bbad,891baadd4c98a3535fde392057f6e37415f7a947b03c29c8bac6f9907f44a89f,884,1,train,1
3465,885,44,Munidopsis,/home/tahiti/MARINE_DATASETS/FathomNet_FGVC2025/data/rois/885_3465.png,/home/tahiti/MARINE_DATASETS/FathomNet_FGVC2025/data/images/885.png,58033347751de3951585d04ffe30c53f42b3e9b12b5389e541251ea8f1975b76,3e7caf5c2d0d55f0b1a4179f3a3d329addac2a7159918ecb9311e23b9249286d,885,4,train,4
3475,885,44,Munidopsis,/home/tahiti/MARINE_DATASETS/FathomNet_FGVC2025/data/rois/885_3475.png,/home/tahiti/MARINE_DATASETS/FathomNet_FGVC2025/data/images/885.png,47d0388afcc8182f34731e5409f62e3be539c8567b0006d7ba42b7545c32e1bf,3e7caf5c2d0d55f0b1a4179f3a3d329addac2a7159918ecb9311e23b9249286d,885,4,train,4
3479,885,44,Munidopsis,/home/tahiti/MARINE_DATASETS/FathomNet_FGVC2025/data/rois/885_3479.png,/home/tahiti/MARINE_DATASETS/FathomNet_FGVC2025/data/images/885.png,dae986860b66c182b3ec6ace578bc67b27edec7b100dd949bc4337c58f930176,3e7caf5c2d0d55f0b1a4179f3a3d329addac2a7159918ecb9311e23b9249286d,885,4,train,4
3482,885,44,Munidopsis,/home/tahiti/MARINE_DATASETS/FathomNet_FGVC2025/data/rois/885_3482.png,/home/tahiti/MARINE_DATASETS/FathomNet_FGVC2025/data/images/885.png,df40e7864a17ebe78c13e32609f9f3e754d724187200c5f1087b810958e98413,3e7caf5c2d0d55f0b1a4179f3a3d329addac2a7159918ecb9311e23b9249286d,885,4,train,4
3493,890,62,Psolus squamatus,/home/tahiti/MARINE_DATASETS/FathomNet_FGVC2025/data/rois/890_3493.png,/home/tahiti/MARINE_DATASETS/FathomNet_FGVC2025/data/images/890.png,928c3f3e1f7a77116cb048889a96cf4d6ab3ffb7ac32a47600957c280950a584,caea873383c537473d6f37730a6ab9febf3233195998e0a845452daf40a6b781,890,0,train,0
3501,893,31,Hippasteria,/home/tahiti/MARINE_DATASETS/FathomNet_FGVC2025/data/rois/893_3501.png,/home/tahiti/MARINE_DATASETS/FathomNet_FGVC2025/data/images/893.png,8814aecad0cbbf406453394eef761b264a2bd7fc7013e07ea9e2b623582f7f3d,bdd9c791dd045b4c4d80915fa2f91644f73466e0b042391dd6ef47fe1a66b3e0,893,2,train,2
3503,893,33,Hormathiidae,/home/tahiti/MARINE_DATASETS/FathomNet_FGVC2025/data/rois/893_3503.png,/home/tahiti/MARINE_DATASETS/FathomNet_FGVC2025/data/images/893.png,34663e2392cb02388aad820797f31d2d277a6016487e73da2b33f73073e42967,bdd9c791dd045b4c4d80915fa2f91644f73466e0b042391dd6ef47fe1a66b3e0,893,2,train,2
3506,893,31,Hippasteria,/home/tahiti/MARINE_DATASETS/FathomNet_FGVC2025/data/rois/893_3506.png,/home/tahiti/MARINE_DATASETS/FathomNet_FGVC2025/data/images/893.png,fae2e76cbd6f553a48cf02464aff2e2460911dbe0d4cc001219c99535f687856,bdd9c791dd045b4c4d80915fa2f91644f73466e0b042391dd6ef47fe1a66b3e0,893,2,train,2
3523,897,26,Gersemia juliepackardae,/home/tahiti/MARINE_DATASETS/FathomNet_FGVC2025/data/rois/897_3523.png,/home/tahiti/MARINE_DATASETS/FathomNet_FGVC2025/data/images/897.png,7b7b664ed4014b1ac4b3f2f2453298fce340334c87512df53ea01c38a0e96d1e,71aae1efe47ea6b6e1812a266c6a51c67d60569aec992203096961fc2cc5a7f0,897,4,train,4
3526,898,40,Mediaster aequalis,/home/tahiti/MARINE_DATASETS/FathomNet_FGVC2025/data/rois/898_3526.png,/home/tahiti/MARINE_DATASETS/FathomNet_FGVC2025/data/images/898.png,48333eea62ece846922081d0ab6e0c8c33fba9e872bcaa6184d73263ade49c00,55a098d8dc02c88c484d36a08be41d0b3ff850a4a8a8eb00682192f5ddce8f3c,898,0,train,0
3558,911,67,Scotoplanes,/home/tahiti/MARINE_DATASETS/FathomNet_FGVC2025/data/rois/911_3558.png,/home/tahiti/MARINE_DATASETS/FathomNet_FGVC2025/data/images/911.png,74577cf08821ac167eb2907a40fa3d3a466ef96345a20e038beb78615d6f6a4a,649915b197f9b7a7aec7b41cea21a88f7717b2533d7a5771e4050d5bb4998c5c,911,4,train,4
3661,944,73,Staurocalyptus,/home/tahiti/MARINE_DATASETS/FathomNet_FGVC2025/data/rois/944_3661.png,/home/tahiti/MARINE_DATASETS/FathomNet_FGVC2025/data/images/944.png,9dbc6077b216d4836ca8d6ff6b78ae7fd3b2c15d67ba337bb5bbc24bcbbb8e23,ac5b09151aa8be8cb3d92b8dc3a2fc9b9f683a98f575045dcca9392aefabff24,944,0,train,0
3668,944,30,Hexactinellida,/home/tahiti/MARINE_DATASETS/FathomNet_FGVC2025/data/rois/944_3668.png,/home/tahiti/MARINE_DATASETS/FathomNet_FGVC2025/data/images/944.png,6a507d0683e714ef93969705eb0cb7d3f632e7cbddd3bd284f114313d5e79342,ac5b09151aa8be8cb3d92b8dc3a2fc9b9f683a98f575045dcca9392aefabff24,944,0,train,0
3669,944,28,Heterochone calyx,/home/tahiti/MARINE_DATASETS/FathomNet_FGVC2025/data/rois/944_3669.png,/home/tahiti/MARINE_DATASETS/FathomNet_FGVC2025/data/images/944.png,3f4d7eb0fd9de5cb887bf9ae9d6f28db35856ed442483d139f5a6f9dcca2091d,ac5b09151aa8be8cb3d92b8dc3a2fc9b9f683a98f575045dcca9392aefabff24,944,0,train,0
3673,944,60,Porifera,/home/tahiti/MARINE_DATASETS/FathomNet_FGVC2025/data/rois/944_3673.png,/home/tahiti/MARINE_DATASETS/FathomNet_FGVC2025/data/images/944.png,a27074990e43aa1abb0ebe830e3e8d93de55f36279fbcb1a93c65cb727b2957a,ac5b09151aa8be8cb3d92b8dc3a2fc9b9f683a98f575045dcca9392aefabff24,944,0,train,0
3698,950,30,Hexactinellida,/home/tahiti/MARINE_DATASETS/FathomNet_FGVC2025/data/rois/950_3698.png,/home/tahiti/MARINE_DATASETS/FathomNet_FGVC2025/data/images/950.png,ec6914a485f4bd17a2a0a08c74efe58d3e8b1906b835f5ead543edc9436daf22,60eaf6c999eaa59877fbd69cf62f23e495f1cdec200801502c45722182320edc,950,0,train,0
3709,951,71,Sebastolobus,/home/tahiti/MARINE_DATASETS/FathomNet_FGVC2025/data/rois/951_3709.png,/home/tahiti/MARINE_DATASETS/FathomNet_FGVC2025/data/images/951.png,5b344b73632d6249a1767643eb40806fd5ee80b6a83a1e947278b6736cb4b8c3,5d2e4fe188b26558c05dfa16044441391dee7220859000be00ccf0956fad084d,951,5,train,5
3717,952,62,Psolus squamatus,/home/tahiti/MARINE_DATASETS/FathomNet_FGVC2025/data/rois/952_3717.png,/home/tahiti/MARINE_DATASETS/FathomNet_FGVC2025/data/images/952.png,bd7467270025f805afd9386cd6e146dc15fdda0748335e48d443a78c925d1fad,5e17b3722d9329d318dacce689ea92e42af4288f24624612e4b7c5ebde99fe43,952,4,train,4
3719,953,75,Terebellidae,/home/tahiti/MARINE_DATASETS/FathomNet_FGVC2025/data/rois/953_3719.png,/home/tahiti/MARINE_DATASETS/FathomNet_FGVC2025/data/images/953.png,0139c6e6e76657df54fb645855a31b4d3585cd0af6da29373558eb51233b2283,abef7290fcbfcbf81a20c34fe95a44b4d7d9c455ef4353fff855f5d9b8d5d6a4,953,4,train,4
3722,954,55,Paragorgia arborea,/home/tahiti/MARINE_DATASETS/FathomNet_FGVC2025/data/rois/954_3722.png,/home/tahiti/MARINE_DATASETS/FathomNet_FGVC2025/data/images/954.png,9f90a881807b7b8ed517fa785d1891f5a555b76d3fb1dcbece2162d65a667d05,180433d6b4d1a8d6ddea34e40b49a56ea045982bd63a125717a7d61978dd67dc,954,5,train,5
3768,968,71,Sebastolobus,/home/tahiti/MARINE_DATASETS/FathomNet_FGVC2025/data/rois/968_3768.png,/home/tahiti/MARINE_DATASETS/FathomNet_FGVC2025/data/images/968.png,d5d2aee25aac9161d9b3de7713e6fe271944b21a379d86220530061069dafa32,92cc5fc7805994bc405b34b56f8e253f6e7d1dac719097ec60d498822dc6b0d8,968,0,train,0
3802,980,11,Asteroidea,/home/tahiti/MARINE_DATASETS/FathomNet_FGVC2025/data/rois/980_3802.png,/home/tahiti/MARINE_DATASETS/FathomNet_FGVC2025/data/images/980.png,6bbcf24b24226ff8fd8667d05ba7164cd719875a3b7c4db7e00663c4cd1b693c,e07881acac426482c056475e82d39a95662a37e1459911809c05251d43c99ca8,980,5,train,5
3808,981,23,Florometra serratissima,/home/tahiti/MARINE_DATASETS/FathomNet_FGVC2025/data/rois/981_3808.png,/home/tahiti/MARINE_DATASETS/FathomNet_FGVC2025/data/images/981.png,74eb2c9bfcda47fdd57a2cbceb2c70528a6dd4e782d827b3f7b5632f1ed0c0bb,457bea547ae70ee3eaf7e963fc3a09778ece82809ffe131e576d6233ebf6f6d5,981,2,train,2
3817,982,65,Rathbunaster californicus,/home/tahiti/MARINE_DATASETS/FathomNet_FGVC2025/data/rois/982_3817.png,/home/tahiti/MARINE_DATASETS/FathomNet_FGVC2025/data/images/982.png,2c2b50621f743e0086bc350e7e7122da5d41e617fc232dd72df37973c2907034,6f298b659fb84423136368700323e8d480080e256cf24ef29b8d6b4b46fa6be3,982,2,train,2
3823,983,30,Hexactinellida,/home/tahiti/MARINE_DATASETS/FathomNet_FGVC2025/data/rois/983_3823.png,/home/tahiti/MARINE_DATASETS/FathomNet_FGVC2025/data/images/983.png,de1f43549409964134cd827440f8fdb8938a9c639214e630c99970fdbbce41d4,a12bb6314c8e75208c828bd62cb700a442b491a81bfd683ac814919c61c09031,983,1,train,1
3827,987,15,Ceriantharia,/home/tahiti/MARINE_DATASETS/FathomNet_FGVC2025/data/rois/987_3827.png,/home/tahiti/MARINE_DATASETS/FathomNet_FGVC2025/data/images/987.png,ff4c7afc2337ffecd2f2c3917b1788b795d8567da9cbcf8677e4016a6e902dcb,e7d36432910c6db36ac5c52d86cf4819690550bf0840d31a603a19ee88f20bb6,987,5,train,5
3861,999,24,Funiculina,/home/tahiti/MARINE_DATASETS/FathomNet_FGVC2025/data/rois/999_3861.png,/home/tahiti/MARINE_DATASETS/FathomNet_FGVC2025/data/images/999.png,012439793ebf8139713bd666dc8b1d915fdc1d5b53802cba8dc8fca23db46cc5,e5b223ddcae9f9f4b925d3c40b03a70bb6b5011e82ff404764b7e8021915903a,999,0,train,0
3863,999,24,Funiculina,/home/tahiti/MARINE_DATASETS/FathomNet_FGVC2025/data/rois/999_3863.png,/home/tahiti/MARINE_DATASETS/FathomNet_FGVC2025/data/images/999.png,707cb31d64374a1891debb51a763e016e5311b4bf6e0d2041437bda32d916d4e,e5b223ddcae9f9f4b925d3c40b03a70bb6b5011e82ff404764b7e8021915903a,999,0,train,0
3905,1006,75,Terebellidae,/home/tahiti/MARINE_DATASETS/FathomNet_FGVC2025/data/rois/1006_3905.png,/home/tahiti/MARINE_DATASETS/FathomNet_FGVC2025/data/images/1006.png,b5b02a61e74930695a1942f0026f2234460c6e11f229d2d86bcfe788394877af,82260dff8ce892bc41a5fc84b3e923b52385fa5ff98ac3bd420c233f71514d8f,1006,5,train,5
3927,1014,58,Peniagone,/home/tahiti/MARINE_DATASETS/FathomNet_FGVC2025/data/rois/1014_3927.png,/home/tahiti/MARINE_DATASETS/FathomNet_FGVC2025/data/images/1014.png,a8be03860eaacebed1f02bd9f84609a0b33eff762ccaf38ff8cc1b71f9c4419f,7ecca78c30b12a8af79415740c47d8f35df803726858ade275e5030389350679,1014,2,train,2
4018,1032,10,Asbestopluma monticola,/home/tahiti/MARINE_DATASETS/FathomNet_FGVC2025/data/rois/1032_4018.png,/home/tahiti/MARINE_DATASETS/FathomNet_FGVC2025/data/images/1032.png,3d71e248cd0a9479de75cd94f6e0662486c5092d7421b843f56a595eb59bb7ef,0a9fd54731c9f03fb63047195f535a7ac11e86fbe38bcce6d773e70b15970cf9,1032,0,train,0
4019,1032,16,Chionoecetes tanneri,/home/tahiti/MARINE_DATASETS/FathomNet_FGVC2025/data/rois/1032_4019.png,/home/tahiti/MARINE_DATASETS/FathomNet_FGVC2025/data/images/1032.png,21ed2b8a78ad8bafe9835bd59d95517adeaf26a8c0497d7ee1d7b10f1cb197da,0a9fd54731c9f03fb63047195f535a7ac11e86fbe38bcce6d773e70b15970cf9,1032,0,train,0
4049,1040,58,Peniagone,/home/tahiti/MARINE_DATASETS/FathomNet_FGVC2025/data/rois/1040_4049.png,/home/tahiti/MARINE_DATASETS/FathomNet_FGVC2025/data/images/1040.png,7c040b10e2d8f4c2f983b2cb36a027cfbc960659ad14862a6d1c3da7b29b385a,d435cbe55fd0ca3d52afd5be135b3f4c3c032f12e8d47efacd75b61ea510be2f,1040,5,train,5
4078,1057,16,Chionoecetes tanneri,/home/tahiti/MARINE_DATASETS/FathomNet_FGVC2025/data/rois/1057_4078.png,/home/tahiti/MARINE_DATASETS/FathomNet_FGVC2025/data/images/1057.png,9dff610696ba3813c754ee3df1b0e9c86da99bebfe493131ad446dcbeb508b15,e67064aa1bb1a2fa50ebf90567215e0469dafc3d44b9082ff945534b4f1f2751,1057,4,train,4
4084,1061,16,Chionoecetes tanneri,/home/tahiti/MARINE_DATASETS/FathomNet_FGVC2025/data/rois/1061_4084.png,/home/tahiti/MARINE_DATASETS/FathomNet_FGVC2025/data/images/1061.png,963e6a6652e68f53a6af967e2e891d457cc816bbac91ebafcc4d2173b5e5cd6d,d6e8f22da0290967d8a9e1a68739ca6ff174c77a731c5e44050c21c009ac9eb4,1061,2,train,2
4085,1062,70,Sebastes diploproa,/home/tahiti/MARINE_DATASETS/FathomNet_FGVC2025/data/rois/1062_4085.png,/home/tahiti/MARINE_DATASETS/FathomNet_FGVC2025/data/images/1062.png,9f027d6970aca98ad67a2dd1aae606b618afbe7102f21976607d5b5cc4e2a7eb,0db39c1f4ac3fa0f9c02b47a0d5c2c1a75d1ce376a2a554003344335b0f39e11,1062,4,train,4
4089,1064,34,Isidella tentaculum,/home/tahiti/MARINE_DATASETS/FathomNet_FGVC2025/data/rois/1064_4089.png,/home/tahiti/MARINE_DATASETS/FathomNet_FGVC2025/data/images/1064.png,1e5ebed71629b061b13e3e8f061c5e4c0eedf5344d93dbc40f08ff260b678438,1b78f6e66bd7ac3f53f4f8d7657815a13df2c9f5d1538498882576141343b2ba,1064,0,train,0
4119,1068,73,Staurocalyptus,/home/tahiti/MARINE_DATASETS/FathomNet_FGVC2025/data/rois/1068_4119.png,/home/tahiti/MARINE_DATASETS/FathomNet_FGVC2025/data/images/1068.png,8edc1e75500cb7df6c04c49b3ab328b099285727f579356febc8d0361a135557,669add8b54737d3910c6f04874ceb29a5267ddca63215bead634ff916347b626,1068,0,train,0
4127,1069,34,Isidella tentaculum,/home/tahiti/MARINE_DATASETS/FathomNet_FGVC2025/data/rois/1069_4127.png,/home/tahiti/MARINE_DATASETS/FathomNet_FGVC2025/data/images/1069.png,f864493ca1091516656fd960583c78af62d16b65c558fa4d6f971b46c8ee55f9,09afa48af3268f39b228b1d85c76338fa6b6e4db5fd556531ece88707c98f8d7,1069,4,train,4
4128,1069,53,Pannychia moseleyi,/home/tahiti/MARINE_DATASETS/FathomNet_FGVC2025/data/rois/1069_4128.png,/home/tahiti/MARINE_DATASETS/FathomNet_FGVC2025/data/images/1069.png,b7c11042a6597da435207c1889363eea0f3104f0b89d13d6396e730c2c9ac1e1,09afa48af3268f39b228b1d85c76338fa6b6e4db5fd556531ece88707c98f8d7,1069,4,train,4
4135,1072,71,Sebastolobus,/home/tahiti/MARINE_DATASETS/FathomNet_FGVC2025/data/rois/1072_4135.png,/home/tahiti/MARINE_DATASETS/FathomNet_FGVC2025/data/images/1072.png,762fb654646cc438d2eb358e9b1153eb8764c90ee77ee1d6c8de689078af0d2d,76160a8db51d95de9c5c2d3fc9fc94e0a46f6ae1a5e43c6061d49ffad54725de,1072,1,train,1
4138,1073,46,Mycale,/home/tahiti/MARINE_DATASETS/FathomNet_FGVC2025/data/rois/1073_4138.png,/home/tahiti/MARINE_DATASETS/FathomNet_FGVC2025/data/images/1073.png,f8ac4f25121c41b7973b5c6b73f0ad85b31ac6feb70aaa8be6e6a80ebb3ca005,ab6d186bd7e4acd4ac8b8bc9d87b4df8089bdaa8038308ca217e3f1c11a01d6d,1073,4,train,4
4139,1073,46,Mycale,/home/tahiti/MARINE_DATASETS/FathomNet_FGVC2025/data/rois/1073_4139.png,/home/tahiti/MARINE_DATASETS/FathomNet_FGVC2025/data/images/1073.png,7ca207f27b8ce7ecc0507b6a2905d7d493dc312bfe2a74a1dc203fb4ee682fed,ab6d186bd7e4acd4ac8b8bc9d87b4df8089bdaa8038308ca217e3f1c11a01d6d,1073,4,train,4
4148,1073,46,Mycale,/home/tahiti/MARINE_DATASETS/FathomNet_FGVC2025/data/rois/1073_4148.png,/home/tahiti/MARINE_DATASETS/FathomNet_FGVC2025/data/images/1073.png,341b3205dfe6b4f3abb31403d2bed2f870cba8a69d4c4e2917e501e3fc8c4e6c,ab6d186bd7e4acd4ac8b8bc9d87b4df8089bdaa8038308ca217e3f1c11a01d6d,1073,4,train,4
4152,1074,5,Actiniaria,/home/tahiti/MARINE_DATASETS/FathomNet_FGVC2025/data/rois/1074_4152.png,/home/tahiti/MARINE_DATASETS/FathomNet_FGVC2025/data/images/1074.png,f3f8b58e93aeb44ed7211dc7602c84007f266131103f0ad5d49d708d61d9890c,20848aea41f7c6a32fa8936d0593c615c31cbc2fd6404e3b91e9660c76a4649b,1074,0,train,0
4201,1098,47,Octopus rubescens,/home/tahiti/MARINE_DATASETS/FathomNet_FGVC2025/data/rois/1098_4201.png,/home/tahiti/MARINE_DATASETS/FathomNet_FGVC2025/data/images/1098.png,7206d4aa7ce519eae947536340113e39ddfa4b93e619a8a5d3f9441f30311c73,cace8c734a37ca835038196ee312a3eb98e1dff68b38c61dba78c4f61d514f76,1098,1,train,1
4204,1100,67,Scotoplanes,/home/tahiti/MARINE_DATASETS/FathomNet_FGVC2025/data/rois/1100_4204.png,/home/tahiti/MARINE_DATASETS/FathomNet_FGVC2025/data/images/1100.png,a7433fa193d97d385a437fc10ca0a6c9c1d99de318b23d01319926fedd4445fd,928da6f24c3b7b3dd639e9de5dfaf2e98383b623738402f0a2def7e7a512a26f,1100,0,train,0
4205,1101,79,Zoantharia,/home/tahiti/MARINE_DATASETS/FathomNet_FGVC2025/data/rois/1101_4205.png,/home/tahiti/MARINE_DATASETS/FathomNet_FGVC2025/data/images/1101.png,eb7e66eace9d6f5a231815ebebdffd8ec7421cdb112dc7429bc9313f5af8c89f,001a0be44fface022c24411631ba7b44088e380945dcd6431273768f10811471,1101,1,train,1
4244,1113,58,Peniagone,/home/tahiti/MARINE_DATASETS/FathomNet_FGVC2025/data/rois/1113_4244.png,/home/tahiti/MARINE_DATASETS/FathomNet_FGVC2025/data/images/1113.png,a7acb2c7f822e90b4834b1e4dc784d19761117c4947c842c6c95975349ff4c24,7f2a3c53316e789adbe7b647f4ab710c790cd36f5f7d58562f2ec4c3db52c97c,1113,1,train,1
4247,1113,58,Peniagone,/home/tahiti/MARINE_DATASETS/FathomNet_FGVC2025/data/rois/1113_4247.png,/home/tahiti/MARINE_DATASETS/FathomNet_FGVC2025/data/images/1113.png,bdc23be480471ea2da208e0515a2edc66df9070fc8b39cbc00221f3e96bc102b,7f2a3c53316e789adbe7b647f4ab710c790cd36f5f7d58562f2ec4c3db52c97c,1113,1,train,1
4264,1114,41,Merluccius productus,/home/tahiti/MARINE_DATASETS/FathomNet_FGVC2025/data/rois/1114_4264.png,/home/tahiti/MARINE_DATASETS/FathomNet_FGVC2025/data/images/1114.png,0b478e38f59b792a41d49b40164258e6cf683bc71ba66968a4228a5472b1a689,ffc172786d52c765cae10c20a204bcad5ff881a0f84d50da01ed637f76ad70b2,1114,1,train,1
4268,1118,71,Sebastolobus,/home/tahiti/MARINE_DATASETS/FathomNet_FGVC2025/data/rois/1118_4268.png,/home/tahiti/MARINE_DATASETS/FathomNet_FGVC2025/data/images/1118.png,39e540872c0c238ee60e2f4152d498773e09576d11bab24b015d7c93a068e6cd,43087d3bfa5536a829f59c046a524bb8089b0afa222f1c508bad79e29f093f22,1118,1,train,1
4271,1118,62,Psolus squamatus,/home/tahiti/MARINE_DATASETS/FathomNet_FGVC2025/data/rois/1118_4271.png,/home/tahiti/MARINE_DATASETS/FathomNet_FGVC2025/data/images/1118.png,71ddbc59720130c8d0064ae8591ae677d4ce43ac342099d0e69bdbe6dde52cf6,43087d3bfa5536a829f59c046a524bb8089b0afa222f1c508bad79e29f093f22,1118,1,train,1
4286,1120,73,Staurocalyptus,/home/tahiti/MARINE_DATASETS/FathomNet_FGVC2025/data/rois/1120_4286.png,/home/tahiti/MARINE_DATASETS/FathomNet_FGVC2025/data/images/1120.png,5c0446212d265e412a24adc6e2984bdc3182870f2d115c53955abd6e883aa0c2,b8cedcb6fde7c965cb1a466c2a0fd39e0f43fb09f2310c8ab26974bd48737a59,1120,0,train,0
4294,1121,35,Isididae,/home/tahiti/MARINE_DATASETS/FathomNet_FGVC2025/data/rois/1121_4294.png,/home/tahiti/MARINE_DATASETS/FathomNet_FGVC2025/data/images/1121.png,494b7705d4a6a09aa6517f36274dea566ca985506e47aa9f9d02796f45305c83,77e1c139e07dc54fa42aa1cfafa878b80b5e0090c694f438c6493fa85ba9f6f8,1121,1,train,1
4296,1122,42,Metridium farcimen,/home/tahiti/MARINE_DATASETS/FathomNet_FGVC2025/data/rois/1122_4296.png,/home/tahiti/MARINE_DATASETS/FathomNet_FGVC2025/data/images/1122.png,71b44fed7857fe5722f1625f01a7d16b74d9b28a1391c5edef1f4815745f1efc,72dbf4e318f6c4ed82149ff805771d3c02f29137c80840ffaff6bdbb8bca181d,1122,4,train,4
4336,1136,21,Elpidia,/home/tahiti/MARINE_DATASETS/FathomNet_FGVC2025/data/rois/1136_4336.png,/home/tahiti/MARINE_DATASETS/FathomNet_FGVC2025/data/images/1136.png,862ad4db71d918a2c9bc8866a982bce0131e75b8df4c76baeaff26620f558215,18d381b6f7765c839d5fb4da3ff87a5fc93988a63d99f1393e9282f7b0cc74d8,1136,0,train,0
4348,1139,14,Caridea,/home/tahiti/MARINE_DATASETS/FathomNet_FGVC2025/data/rois/1139_4348.png,/home/tahiti/MARINE_DATASETS/FathomNet_FGVC2025/data/images/1139.png,cfcc0e841f88c7f4ec945020e4b553b452676f3a6dec6b5a54a757d4ee7ee732,4d061a7b31479935db85c369285dabb7d27aed5397fe8253f70f0b665fcb7434,1139,5,train,5
4352,1139,60,Porifera,/home/tahiti/MARINE_DATASETS/FathomNet_FGVC2025/data/rois/1139_4352.png,/home/tahiti/MARINE_DATASETS/FathomNet_FGVC2025/data/images/1139.png,2f2d3db54b6bf96540469c35b1de0b3da4b4bc4b95fcda6f713f8484eddffdb2,4d061a7b31479935db85c369285dabb7d27aed5397fe8253f70f0b665fcb7434,1139,5,train,5
4366,1139,16,Chionoecetes tanneri,/home/tahiti/MARINE_DATASETS/FathomNet_FGVC2025/data/rois/1139_4366.png,/home/tahiti/MARINE_DATASETS/FathomNet_FGVC2025/data/images/1139.png,aaf96545beceac35f11cd7ec15ef55aeee7f93ec43f3eafaa158364d1c0ed355,4d061a7b31479935db85c369285dabb7d27aed5397fe8253f70f0b665fcb7434,1139,5,train,5
4372,1140,62,Psolus squamatus,/home/tahiti/MARINE_DATASETS/FathomNet_FGVC2025/data/rois/1140_4372.png,/home/tahiti/MARINE_DATASETS/FathomNet_FGVC2025/data/images/1140.png,5ab5e0dbb91f016790f18232f4ed838daab5b6dedad62f89405f8fb7c3a56f41,27577fb8f6ce59984333f39eccccb441828b1cf3eacb7f29704565db49606a2a,1140,0,train,0
4375,1141,37,Keratoisis,/home/tahiti/MARINE_DATASETS/FathomNet_FGVC2025/data/rois/1141_4375.png,/home/tahiti/MARINE_DATASETS/FathomNet_FGVC2025/data/images/1141.png,df5f76e008556308aa7445f509e00bf6c1b3b6a6b2fabc2ef844bd838e475fb2,a0b90e6ec81ab0ee07c7a61f82ce0aebca9583754e5ca0a1b0515cd1ec20cf05,1141,2,train,2
4381,1143,15,Ceriantharia,/home/tahiti/MARINE_DATASETS/FathomNet_FGVC2025/data/rois/1143_4381.png,/home/tahiti/MARINE_DATASETS/FathomNet_FGVC2025/data/images/1143.png,e9ee57b2cac857f9b20de97f90e7ed7f97b224c6ffb18902ee174661f8ad5791,3c4308f66bb1bd8cdc97872094fbd3e8701995697451b6feb0b4bff760d53ccc,1143,0,train,0
4382,1144,12,Benthocodon pedunculata,/home/tahiti/MARINE_DATASETS/FathomNet_FGVC2025/data/rois/1144_4382.png,/home/tahiti/MARINE_DATASETS/FathomNet_FGVC2025/data/images/1144.png,cad9923cfe94df8a30ddcade26607718f3e279fb1db4d4e7728be48321b8c3ea,07cb9bb7710d490bf2bf845c45aebd34b6262836a3b2a2950523355a44727f09,1144,4,train,4
4391,1147,22,Farrea,/home/tahiti/MARINE_DATASETS/FathomNet_FGVC2025/data/rois/1147_4391.png,/home/tahiti/MARINE_DATASETS/FathomNet_FGVC2025/data/images/1147.png,623e5e0069abea2f070fe51cef2bcfc2a58601a94c12409672ee6ad21f01644f,b9f88fbfb4999b751a8ed405e97bb0d8b622abd1fb49e6a479c040f0201692f8,1147,1,train,1
4412,1157,39,Lithodidae,/home/tahiti/MARINE_DATASETS/FathomNet_FGVC2025/data/rois/1157_4412.png,/home/tahiti/MARINE_DATASETS/FathomNet_FGVC2025/data/images/1157.png,8008e69591b7f19a45a04765cdb33173a01f0243dc707364621c004398b709d2,47a3165b69d394c2d486378587dae04fd0cf93534cc6e1a5eff917c9eddc4301,1157,1,train,1
4434,1163,16,Chionoecetes tanneri,/home/tahiti/MARINE_DATASETS/FathomNet_FGVC2025/data/rois/1163_4434.png,/home/tahiti/MARINE_DATASETS/FathomNet_FGVC2025/data/images/1163.png,8b09742e0efe85ffdb95c863876216ab858b9e65178cdbac27bc157f289b09c3,be03db0a8f465244a929d73bae88fb9487f100b940ca76692a279fe5be619911,1163,1,train,1
4451,1165,36,Isosicyonis,/home/tahiti/MARINE_DATASETS/FathomNet_FGVC2025/data/rois/1165_4451.png,/home/tahiti/MARINE_DATASETS/FathomNet_FGVC2025/data/images/1165.png,6bc78f4b11b7358d7e6a7a0b000397625680d62ca37201eecdbe7b13086d82b2,649d45ea4451ea5acf9d035085fe54313fdf3055a2b31dbbce644bd1e5e64fcb,1165,0,train,0
4453,1165,36,Isosicyonis,/home/tahiti/MARINE_DATASETS/FathomNet_FGVC2025/data/rois/1165_4453.png,/home/tahiti/MARINE_DATASETS/FathomNet_FGVC2025/data/images/1165.png,033d55bb09de4afd0ec3217d8269c6524c8950d3fd1895161e27b4693a6059fa,649d45ea4451ea5acf9d035085fe54313fdf3055a2b31dbbce644bd1e5e64fcb,1165,0,train,0
4467,1166,79,Zoantharia,/home/tahiti/MARINE_DATASETS/FathomNet_FGVC2025/data/rois/1166_4467.png,/home/tahiti/MARINE_DATASETS/FathomNet_FGVC2025/data/images/1166.png,ec5b52b2f4aa51fb5064844281a10838cf612b917e3627717a4968894704ebb6,5f8c1f4d959e7c3aa992f785b975e6f762e2f2b1c01c091cd36c7e3f9ff0c7d4,1166,4,train,4
4471,1166,79,Zoantharia,/home/tahiti/MARINE_DATASETS/FathomNet_FGVC2025/data/rois/1166_4471.png,/home/tahiti/MARINE_DATASETS/FathomNet_FGVC2025/data/images/1166.png,a2ef5113ea6690285a6d226c58321cae97e4517e5cc80753be1e8f06f6c48cdd,5f8c1f4d959e7c3aa992f785b975e6f762e2f2b1c01c091cd36c7e3f9ff0c7d4,1166,4,train,4
4477,1166,79,Zoantharia,/home/tahiti/MARINE_DATASETS/FathomNet_FGVC2025/data/rois/1166_4477.png,/home/tahiti/MARINE_DATASETS/FathomNet_FGVC2025/data/images/1166.png,57cc958db3aade417fce851af2e1c226044b355627dad03065559afd28764ef6,5f8c1f4d959e7c3aa992f785b975e6f762e2f2b1c01c091cd36c7e3f9ff0c7d4,1166,4,train,4
4483,1166,72,Serpulidae,/home/tahiti/MARINE_DATASETS/FathomNet_FGVC2025/data/rois/1166_4483.png,/home/tahiti/MARINE_DATASETS/FathomNet_FGVC2025/data/images/1166.png,20249a5086db87d9379ae830b5ee919411f71ff90373a65aa163611dae577049,5f8c1f4d959e7c3aa992f785b975e6f762e2f2b1c01c091cd36c7e3f9ff0c7d4,1166,4,train,4
4490,1166,79,Zoantharia,/home/tahiti/MARINE_DATASETS/FathomNet_FGVC2025/data/rois/1166_4490.png,/home/tahiti/MARINE_DATASETS/FathomNet_FGVC2025/data/images/1166.png,a1c4d9d90f0799bc7e1b9baa1bf923ad62c9b8fc2703156fa04b96acbde1fb3f,5f8c1f4d959e7c3aa992f785b975e6f762e2f2b1c01c091cd36c7e3f9ff0c7d4,1166,4,train,4
4493,1168,43,Microstomus pacificus,/home/tahiti/MARINE_DATASETS/FathomNet_FGVC2025/data/rois/1168_4493.png,/home/tahiti/MARINE_DATASETS/FathomNet_FGVC2025/data/images/1168.png,3cd18a62b0a26048f4f5616dfdc45214567d9c952a531dba4e35d0efec86ef66,01241a669178d4f0c1c5dc6478f4540bcafa88e00acc437f0bcda03adb0a97c5,1168,5,train,5
4510,1171,30,Hexactinellida,/home/tahiti/MARINE_DATASETS/FathomNet_FGVC2025/data/rois/1171_4510.png,/home/tahiti/MARINE_DATASETS/FathomNet_FGVC2025/data/images/1171.png,de28a49f5dd20da3198b35708aadffc628de504c836f2fb0b2d712dd03691a4c,a58c1e0e0ec36a028f3c32975e99355daf4029b37b95c411bea96f0fbbe7cbb8,1171,2,train,2
4514,1173,15,Ceriantharia,/home/tahiti/MARINE_DATASETS/FathomNet_FGVC2025/data/rois/1173_4514.png,/home/tahiti/MARINE_DATASETS/FathomNet_FGVC2025/data/images/1173.png,e0125e29901d6fb1aea0a94f85b3915ac6494b113f43e2815d15d1b63885d065,d91b757540393513fc93299511cbccbffbee6e997dec86c6bc7e858014bba90e,1173,5,train,5
4526,1180,35,Isididae,/home/tahiti/MARINE_DATASETS/FathomNet_FGVC2025/data/rois/1180_4526.png,/home/tahiti/MARINE_DATASETS/FathomNet_FGVC2025/data/images/1180.png,78c1505c7e38c1c1134fba765fe4156d07a06e6724b1c95e6894f7e57632cce0,0e8b03aec330e6ae1f450e3c9641b9b31204171aaa8b4829b1e2ecb792a46ee1,1180,4,train,4
4544,1188,20,Delectopecten,/home/tahiti/MARINE_DATASETS/FathomNet_FGVC2025/data/rois/1188_4544.png,/home/tahiti/MARINE_DATASETS/FathomNet_FGVC2025/data/images/1188.png,e03ece9a8de5dd7540f3d34a1fcb26635ad9f56734df9d1cb657950c02bc54b8,466be4a0019a260c2723834ea1b04abbba863c982b2ba098deeecd72b836b2bb,1188,4,train,4
4550,1188,72,Serpulidae,/home/tahiti/MARINE_DATASETS/FathomNet_FGVC2025/data/rois/1188_4550.png,/home/tahiti/MARINE_DATASETS/FathomNet_FGVC2025/data/images/1188.png,807619c8ca4985759a35df7fe26f7ed31389e7cab3a4718d4c1525886a676522,466be4a0019a260c2723834ea1b04abbba863c982b2ba098deeecd72b836b2bb,1188,4,train,4
4559,1188,20,Delectopecten,/home/tahiti/MARINE_DATASETS/FathomNet_FGVC2025/data/rois/1188_4559.png,/home/tahiti/MARINE_DATASETS/FathomNet_FGVC2025/data/images/1188.png,c2fecb6ac1a28564c711b88f9a4595f84a5d89cccf8cd33483b6cb7030e82670,466be4a0019a260c2723834ea1b04abbba863c982b2ba098deeecd72b836b2bb,1188,4,train,4
4568,1188,63,Ptychogastria polaris,/home/tahiti/MARINE_DATASETS/FathomNet_FGVC2025/data/rois/1188_4568.png,/home/tahiti/MARINE_DATASETS/FathomNet_FGVC2025/data/images/1188.png,18f55909846db2764ec78c46fcc626ec18297c8ea69e699724d95ff86fef9748,466be4a0019a260c2723834ea1b04abbba863c982b2ba098deeecd72b836b2bb,1188,4,train,4
4579,1191,55,Paragorgia arborea,/home/tahiti/MARINE_DATASETS/FathomNet_FGVC2025/data/rois/1191_4579.png,/home/tahiti/MARINE_DATASETS/FathomNet_FGVC2025/data/images/1191.png,2ddab59435737c0a5a9420df0dd9ba953b4ef5de794e188edbee696b8c9bd72f,4116516c2b4f87a19972327d78b289a808720b16908678db138b43a1dc48d39e,1191,0,train,0
4602,1201,65,Rathbunaster californicus,/home/tahiti/MARINE_DATASETS/FathomNet_FGVC2025/data/rois/1201_4602.png,/home/tahiti/MARINE_DATASETS/FathomNet_FGVC2025/data/images/1201.png,d789a8fd2e132a27982089ea0c61815c560d4ccb6fe24358c85b4ce407b08dbf,e0331f8bdae522831d3f05e56db4c9c06734f2a53cebc67ffdc0304946c37372,1201,4,train,4
4607,1204,19,Crinoidea,/home/tahiti/MARINE_DATASETS/FathomNet_FGVC2025/data/rois/1204_4607.png,/home/tahiti/MARINE_DATASETS/FathomNet_FGVC2025/data/images/1204.png,7d4d19bd7b026935c98a1b1ded4cec57ce593056e8b6608568da7323d3559697,7d34050539090f1e1d326e918266438d8fc879a7cd8eeb7bb3de635e3e19dfea,1204,2,train,2
4612,1205,77,Umbellula,/home/tahiti/MARINE_DATASETS/FathomNet_FGVC2025/data/rois/1205_4612.png,/home/tahiti/MARINE_DATASETS/FathomNet_FGVC2025/data/images/1205.png,3bdc3329c84d56e68e076e7683277eb2b7170b112164600df27f05eb555f74f0,eebc18d324090f86e38422fc89b756bff99917ae32eaf12997ee73801e1c09b1,1205,2,train,2
4614,1205,59,Pennatula phosphorea,/home/tahiti/MARINE_DATASETS/FathomNet_FGVC2025/data/rois/1205_4614.png,/home/tahiti/MARINE_DATASETS/FathomNet_FGVC2025/data/images/1205.png,d63095da6bff78d467675ec9bfb50de2485a7b1d14cbfba864790661a85325f1,eebc18d324090f86e38422fc89b756bff99917ae32eaf12997ee73801e1c09b1,1205,2,train,2
4636,1217,66,Scleractinia,/home/tahiti/MARINE_DATASETS/FathomNet_FGVC2025/data/rois/1217_4636.png,/home/tahiti/MARINE_DATASETS/FathomNet_FGVC2025/data/images/1217.png,db5de5821b62439e8ba3f47f0923bd7720241786b7773d9bc1fcda552350c4d9,4bca0b6ba99c7ee5821233e7c082f384137f0a59d3b72cc1d8cd28b980c1b7e0,1217,4,train,4
4663,1225,15,Ceriantharia,/home/tahiti/MARINE_DATASETS/FathomNet_FGVC2025/data/rois/1225_4663.png,/home/tahiti/MARINE_DATASETS/FathomNet_FGVC2025/data/images/1225.png,0456b0496942ae08a2c2fad9328b25ebecdb95d9831f73f3eb6a11485cf3133c,10e3177384721cf87f7d4db50a082ac3d8801709d40f0820ebf03870eb069eb2,1225,0,train,0
4695,1233,11,Asteroidea,/home/tahiti/MARINE_DATASETS/FathomNet_FGVC2025/data/rois/1233_4695.png,/home/tahiti/MARINE_DATASETS/FathomNet_FGVC2025/data/images/1233.png,284553bedefe0388025b5b3b4622f9fa49577e677c1e52c464ec0caf962f486a,a883bdd05bdd43f64978a3cc1d50dc2bb915106408c813140895cb96518ef8a9,1233,1,train,1
4727,1245,33,Hormathiidae,/home/tahiti/MARINE_DATASETS/FathomNet_FGVC2025/data/rois/1245_4727.png,/home/tahiti/MARINE_DATASETS/FathomNet_FGVC2025/data/images/1245.png,352f03e3f7be0f11c3cb39ac22ecb1f64596314b06c4caa1fc0fd82327c268fd,a661de36f1d5562811189f98cb36f025658d877a751666d8fc3a7f5d08d11987,1245,4,train,4
4732,1246,44,Munidopsis,/home/tahiti/MARINE_DATASETS/FathomNet_FGVC2025/data/rois/1246_4732.png,/home/tahiti/MARINE_DATASETS/FathomNet_FGVC2025/data/images/1246.png,70fb44cd7ff002dc315c2183e44c7c052e10e3d4944dbcc9793f138941466f98,2c563aa81d9116dba73bb897e3668d615e926f1079fd3d6be440c1d28c4778af,1246,2,train,2
4749,1251,47,Octopus rubescens,/home/tahiti/MARINE_DATASETS/FathomNet_FGVC2025/data/rois/1251_4749.png,/home/tahiti/MARINE_DATASETS/FathomNet_FGVC2025/data/images/1251.png,f9a33364de37fb012c8c12045e90fd1d487afe4caa49c51aff069304fa50fc52,6f9410046350e6628ca80ecedcf0fc8c891994484ff7e67bc89f5e5b274fcf0c,1251,5,train,5
4764,1254,71,Sebastolobus,/home/tahiti/MARINE_DATASETS/FathomNet_FGVC2025/data/rois/1254_4764.png,/home/tahiti/MARINE_DATASETS/FathomNet_FGVC2025/data/images/1254.png,a6de063f08d106e86eed99388cc0e8e624c3103abeb90525ad9aba6492a3b06a,a259c47fff8fb12d0cd3488a42d6885bbc2901445f2b5f7f37d8e5006b6dcf52,1254,5,train,5
4768,1257,16,Chionoecetes tanneri,/home/tahiti/MARINE_DATASETS/FathomNet_FGVC2025/data/rois/1257_4768.png,/home/tahiti/MARINE_DATASETS/FathomNet_FGVC2025/data/images/1257.png,0a5ecf7935323a594956448d005a22d334ca26f2bfd60564fa71a8cebe18387a,d4f9c13df0c566ee0db7d971eb7c76575cf21548a5e61b736b7e665e8c3457bf,1257,2,train,2
4792,1272,65,Rathbunaster californicus,/home/tahiti/MARINE_DATASETS/FathomNet_FGVC2025/data/rois/1272_4792.png,/home/tahiti/MARINE_DATASETS/FathomNet_FGVC2025/data/images/1272.png,cc6247eff216e71d689631385e5d34105fbbd46664df5c5d520d0a65e8f17b83,84549dd9b1bbd5d06e8568f089dda52f9de590b7e18127b41bd58de10563db99,1272,0,train,0
4796,1272,65,Rathbunaster californicus,/home/tahiti/MARINE_DATASETS/FathomNet_FGVC2025/data/rois/1272_4796.png,/home/tahiti/MARINE_DATASETS/FathomNet_FGVC2025/data/images/1272.png,7156cb7bbd35081f22bd81392f5e460cddfcd3feae2a503328c17e57ffa16bb5,84549dd9b1bbd5d06e8568f089dda52f9de590b7e18127b41bd58de10563db99,1272,0,train,0
4797,1272,65,Rathbunaster californicus,/home/tahiti/MARINE_DATASETS/FathomNet_FGVC2025/data/rois/1272_4797.png,/home/tahiti/MARINE_DATASETS/FathomNet_FGVC2025/data/images/1272.png,248660175297d83fafb2451a77530f71e7212dc2f6bcfa42b406a653f25399a9,84549dd9b1bbd5d06e8568f089dda52f9de590b7e18127b41bd58de10563db99,1272,0,train,0
4801,1274,71,Sebastolobus,/home/tahiti/MARINE_DATASETS/FathomNet_FGVC2025/data/rois/1274_4801.png,/home/tahiti/MARINE_DATASETS/FathomNet_FGVC2025/data/images/1274.png,eb531c517b550dd351483c431075b57fa4ccda1842bff104a46450ecba925771,bf948b792f39315bfd45142e0db48e26d728de9f8686beea3afe80b1eecfd00e,1274,4,train,4
4824,1274,16,Chionoecetes tanneri,/home/tahiti/MARINE_DATASETS/FathomNet_FGVC2025/data/rois/1274_4824.png,/home/tahiti/MARINE_DATASETS/FathomNet_FGVC2025/data/images/1274.png,821e3cdf5fd41984aab2e9da9b84d6ae3d12342c9e41238013113727785e4721,bf948b792f39315bfd45142e0db48e26d728de9f8686beea3afe80b1eecfd00e,1274,4,train,4
4826,1274,60,Porifera,/home/tahiti/MARINE_DATASETS/FathomNet_FGVC2025/data/rois/1274_4826.png,/home/tahiti/MARINE_DATASETS/FathomNet_FGVC2025/data/images/1274.png,c191944ebc5f0b078c431a83bd81c6d90d9affcff5771ebef01a66af9f4655b9,bf948b792f39315bfd45142e0db48e26d728de9f8686beea3afe80b1eecfd00e,1274,4,train,4
4848,1279,34,Isidella tentaculum,/home/tahiti/MARINE_DATASETS/FathomNet_FGVC2025/data/rois/1279_4848.png,/home/tahiti/MARINE_DATASETS/FathomNet_FGVC2025/data/images/1279.png,47772dc4bf4a01df156b16e8b51bf16b5c3167303d455cee68389e4ed9dc447a,af666edb55eaefe99231131c43d3a8f72ef2f58f2a8fe0f9d3d27ede0d7a14fe,1279,0,train,0
4861,1290,55,Paragorgia arborea,/home/tahiti/MARINE_DATASETS/FathomNet_FGVC2025/data/rois/1290_4861.png,/home/tahiti/MARINE_DATASETS/FathomNet_FGVC2025/data/images/1290.png,98eb6e578ccd2b565439b7d56d8925f884cfe40d43a444ac9ebba5d90991c555,41a0604584daccc32bd4b34f455c35f0cac4dfd73aaecef8c626a644dd91eb53,1290,0,train,0
4870,1296,4,Actinernus,/home/tahiti/MARINE_DATASETS/FathomNet_FGVC2025/data/rois/1296_4870.png,/home/tahiti/MARINE_DATASETS/FathomNet_FGVC2025/data/images/1296.png,088ebf748b8b67c9735b4de803bca83a3b46e7096dc73a4e11086ecda7350ecf,3fce392139377db79c3a221aad9a7adb3db92ac73721d8cfcd39051341aa8d33,1296,4,train,4
4876,1300,53,Pannychia moseleyi,/home/tahiti/MARINE_DATASETS/FathomNet_FGVC2025/data/rois/1300_4876.png,/home/tahiti/MARINE_DATASETS/FathomNet_FGVC2025/data/images/1300.png,5f3acd02b781bf53f98263a876ec4534de3651e5cddea25a456fae3be5d0ecbf,e4fe969d65e6a954692a7af647cbf889c0d1628d85b3bb972e6ed7ca7d1fe5a6,1300,2,train,2
4880,1300,53,Pannychia moseleyi,/home/tahiti/MARINE_DATASETS/FathomNet_FGVC2025/data/rois/1300_4880.png,/home/tahiti/MARINE_DATASETS/FathomNet_FGVC2025/data/images/1300.png,b45e7026a128c2452e765755df712b2cf31c26ecb2475fedffea09a55f63a92b,e4fe969d65e6a954692a7af647cbf889c0d1628d85b3bb972e6ed7ca7d1fe5a6,1300,2,train,2
4888,1303,35,Isididae,/home/tahiti/MARINE_DATASETS/FathomNet_FGVC2025/data/rois/1303_4888.png,/home/tahiti/MARINE_DATASETS/FathomNet_FGVC2025/data/images/1303.png,47aa068ccebe0638b8c132fe51c5835cde558cd66750618e08ba0f0a1a112698,4411c14a552e9e9a57101b6625009457317cce8c3d2d9ca5f018c92a8840db85,1303,5,train,5
4889,1304,60,Porifera,/home/tahiti/MARINE_DATASETS/FathomNet_FGVC2025/data/rois/1304_4889.png,/home/tahiti/MARINE_DATASETS/FathomNet_FGVC2025/data/images/1304.png,89d26af90758b09ca1d27272340901334004bab1c984e2e67630f199e95825d6,59995aa1a5bcb2fdd984d07004c9d99468fc1f06add6a9b0cc7b700b358b09fa,1304,1,train,1
4892,1304,30,Hexactinellida,/home/tahiti/MARINE_DATASETS/FathomNet_FGVC2025/data/rois/1304_4892.png,/home/tahiti/MARINE_DATASETS/FathomNet_FGVC2025/data/images/1304.png,305870c7b86edaabab6163c7010efad4e501a881b445498458db343fe9b60fa9,59995aa1a5bcb2fdd984d07004c9d99468fc1f06add6a9b0cc7b700b358b09fa,1304,1,train,1
4929,1311,62,Psolus squamatus,/home/tahiti/MARINE_DATASETS/FathomNet_FGVC2025/data/rois/1311_4929.png,/home/tahiti/MARINE_DATASETS/FathomNet_FGVC2025/data/images/1311.png,26b4b9f9ce86ba4d5ae85fa9e39ef524fe3f9ec1ee4728353b634d3791207f3e,064f01346b422978251171910e85164dc3cd2172b52f56ede52edfe3634d0f22,1311,4,train,4
4931,1311,62,Psolus squamatus,/home/tahiti/MARINE_DATASETS/FathomNet_FGVC2025/data/rois/1311_4931.png,/home/tahiti/MARINE_DATASETS/FathomNet_FGVC2025/data/images/1311.png,d294f93e99a622156e66a1a60951c059e0085296e6d2772e7e3c20d2093f0512,064f01346b422978251171910e85164dc3cd2172b52f56ede52edfe3634d0f22,1311,4,train,4
4936,1311,62,Psolus squamatus,/home/tahiti/MARINE_DATASETS/FathomNet_FGVC2025/data/rois/1311_4936.png,/home/tahiti/MARINE_DATASETS/FathomNet_FGVC2025/data/images/1311.png,49fb8e6536544224e3b87239d7d704d015e446a2ed57085702bb81688cb7ea66,064f01346b422978251171910e85164dc3cd2172b52f56ede52edfe3634d0f22,1311,4,train,4
4937,1311,62,Psolus squamatus,/home/tahiti/MARINE_DATASETS/FathomNet_FGVC2025/data/rois/1311_4937.png,/home/tahiti/MARINE_DATASETS/FathomNet_FGVC2025/data/images/1311.png,f7718114f3cc7a84d7e7129f459bce686f05fdbe46fbe55e95dc85e15024f8a4,064f01346b422978251171910e85164dc3cd2172b52f56ede52edfe3634d0f22,1311,4,train,4
4941,1311,62,Psolus squamatus,/home/tahiti/MARINE_DATASETS/FathomNet_FGVC2025/data/rois/1311_4941.png,/home/tahiti/MARINE_DATASETS/FathomNet_FGVC2025/data/images/1311.png,4402e537735be3b47ecf9258f213fa6f00b3b41fcb6b608a293e24a1c6c2e1e4,064f01346b422978251171910e85164dc3cd2172b52f56ede52edfe3634d0f22,1311,4,train,4
4956,1319,67,Scotoplanes,/home/tahiti/MARINE_DATASETS/FathomNet_FGVC2025/data/rois/1319_4956.png,/home/tahiti/MARINE_DATASETS/FathomNet_FGVC2025/data/images/1319.png,edb72762520db43b4896f063973910116801950f11af65be9d329de8fa9a657e,ec6d96975d302e9b4a7f3b2fe32bfafe3c236607c73295eba0935ac931a83371,1319,2,train,2
4972,1326,68,Scotoplanes globosa,/home/tahiti/MARINE_DATASETS/FathomNet_FGVC2025/data/rois/1326_4972.png,/home/tahiti/MARINE_DATASETS/FathomNet_FGVC2025/data/images/1326.png,52c28fe5c17b741e79ac88148ed2b1154a10486a4d5367eb86866b2f19796880,1481ab29b87303b20f452ba6a9f009b161ac08bc8c50a0f6e6d041131b672987,1326,1,train,1
4982,1330,60,Porifera,/home/tahiti/MARINE_DATASETS/FathomNet_FGVC2025/data/rois/1330_4982.png,/home/tahiti/MARINE_DATASETS/FathomNet_FGVC2025/data/images/1330.png,05915e7aaaf621feea3434f8342447f75bd4394bc91a58076f509a5ef0e9d80b,0093c954e2749cf7a29b4ea15a10f76a4f4e9c0064f16c80ccc7e44cd0f5217e,1330,0,train,0
4990,1330,30,Hexactinellida,/home/tahiti/MARINE_DATASETS/FathomNet_FGVC2025/data/rois/1330_4990.png,/home/tahiti/MARINE_DATASETS/FathomNet_FGVC2025/data/images/1330.png,13ad92a894da13e3edaa6f1dbbb38d38cbfe0e1be1a534610f044abf0538b718,0093c954e2749cf7a29b4ea15a10f76a4f4e9c0064f16c80ccc7e44cd0f5217e,1330,0,train,0
4992,1330,60,Porifera,/home/tahiti/MARINE_DATASETS/FathomNet_FGVC2025/data/rois/1330_4992.png,/home/tahiti/MARINE_DATASETS/FathomNet_FGVC2025/data/images/1330.png,77bf57b890a396e6ee2e400bbaccf967acd5bc2ef52d7849a8718e84a16f45e2,0093c954e2749cf7a29b4ea15a10f76a4f4e9c0064f16c80ccc7e44cd0f5217e,1330,0,train,0
5000,1330,60,Porifera,/home/tahiti/MARINE_DATASETS/FathomNet_FGVC2025/data/rois/1330_5000.png,/home/tahiti/MARINE_DATASETS/FathomNet_FGVC2025/data/images/1330.png,08d266aacc8c81ceb6de79423f351bba785b5adf19adfaaf922bfbc297427c4c,0093c954e2749cf7a29b4ea15a10f76a4f4e9c0064f16c80ccc7e44cd0f5217e,1330,0,train,0
5007,1330,60,Porifera,/home/tahiti/MARINE_DATASETS/FathomNet_FGVC2025/data/rois/1330_5007.png,/home/tahiti/MARINE_DATASETS/FathomNet_FGVC2025/data/images/1330.png,89a6287542842e4bc0f47cb545ab148ce678edb0d5a20de9bdb352baf904db69,0093c954e2749cf7a29b4ea15a10f76a4f4e9c0064f16c80ccc7e44cd0f5217e,1330,0,train,0
5040,1342,9,Asbestopluma,/home/tahiti/MARINE_DATASETS/FathomNet_FGVC2025/data/rois/1342_5040.png,/home/tahiti/MARINE_DATASETS/FathomNet_FGVC2025/data/images/1342.png,369c9d3af6fb608bca41781ceab16e1ae428b27be413cb1911768ca81dae9508,a4d1fea890e0085901662ff2627d3d1507d1ea5e81ef79a86f627b17ee13e7a3,1342,0,train,0
5052,1344,22,Farrea,/home/tahiti/MARINE_DATASETS/FathomNet_FGVC2025/data/rois/1344_5052.png,/home/tahiti/MARINE_DATASETS/FathomNet_FGVC2025/data/images/1344.png,af3c122c99a7b3bd616970d1270a1e6a9b7da675b52675c59efa92fe02adfc03,be8e814002e6765f9561d1ee95eab9efcf5e2ad782f15b9bc36920f2911113fb,1344,2,train,2
5065,1351,73,Staurocalyptus,/home/tahiti/MARINE_DATASETS/FathomNet_FGVC2025/data/rois/1351_5065.png,/home/tahiti/MARINE_DATASETS/FathomNet_FGVC2025/data/images/1351.png,a88da790e65c13c9fa266aefac61bac028b383c3f45c0032a185cc4a876cef44,f7ec98faba1c9e1dc65fb85a90aec9b999b70c3bd7174cfb2a34ff6a0e8c0689,1351,5,train,5
5084,1357,71,Sebastolobus,/home/tahiti/MARINE_DATASETS/FathomNet_FGVC2025/data/rois/1357_5084.png,/home/tahiti/MARINE_DATASETS/FathomNet_FGVC2025/data/images/1357.png,fcd5989ec1995c0809c9a095c84d2604fb76068c3f6662493404e31a71faa818,c55fdef9a6017c921422b89923c0aaa455c2eadd12224748c3479a0078711ffe,1357,1,train,1
5086,1358,23,Florometra serratissima,/home/tahiti/MARINE_DATASETS/FathomNet_FGVC2025/data/rois/1358_5086.png,/home/tahiti/MARINE_DATASETS/FathomNet_FGVC2025/data/images/1358.png,0e6f0eef97d654d71c4752bdd47b8c047bb1d4b292f0e5dd90315267e267b6bd,38fbb1ba702c3c27cb05b59053a40363fc86f0ac260c2c3e647a48b86e27c85a,1358,1,train,1
5087,1358,23,Florometra serratissima,/home/tahiti/MARINE_DATASETS/FathomNet_FGVC2025/data/rois/1358_5087.png,/home/tahiti/MARINE_DATASETS/FathomNet_FGVC2025/data/images/1358.png,73a8e849db2c993022c48716655652d9a53fb19b2a50f59009ca08b400124d82,38fbb1ba702c3c27cb05b59053a40363fc86f0ac260c2c3e647a48b86e27c85a,1358,1,train,1
5092,1360,28,Heterochone calyx,/home/tahiti/MARINE_DATASETS/FathomNet_FGVC2025/data/rois/1360_5092.png,/home/tahiti/MARINE_DATASETS/FathomNet_FGVC2025/data/images/1360.png,9d1295646df8a7147ec19d77e0e116b19be3da4eddb428bfe4c0d09e96c3c30d,1ec749a6dc13a9ac5902a01a03a8d6fc33d8454812a431c05d95748ffe5f22f6,1360,4,train,4
5096,1363,37,Keratoisis,/home/tahiti/MARINE_DATASETS/FathomNet_FGVC2025/data/rois/1363_5096.png,/home/tahiti/MARINE_DATASETS/FathomNet_FGVC2025/data/images/1363.png,82d0933c6b78d7c3c89a32fa7317452d8477cf25f96520ee7e5a6d8c32e1902b,f4d694489b9700caac8119461ccbe8aa3a8befde39f19583227b7821b04a6b4e,1363,4,train,4
5113,1368,15,Ceriantharia,/home/tahiti/MARINE_DATASETS/FathomNet_FGVC2025/data/rois/1368_5113.png,/home/tahiti/MARINE_DATASETS/FathomNet_FGVC2025/data/images/1368.png,7d8712f5efbda81c65da855ece89c1f2189ecefd5e98d0c2a8edf042baa736e1,4594ff8c1ccc72578a48e65cf8729157ca9fe44f5af5fb4634efc89d7b9abebd,1368,4,train,4
5115,1370,65,Rathbunaster californicus,/home/tahiti/MARINE_DATASETS/FathomNet_FGVC2025/data/rois/1370_5115.png,/home/tahiti/MARINE_DATASETS/FathomNet_FGVC2025/data/images/1370.png,1d45a677ce1715fead08a5b643c93c1ece614f9681fa45c915b993b7613e12be,000cbdb8b0d0f9be4d20f1ec8f82d64f46638bb9c948b9fe65d3f1b78a436d32,1370,5,train,5
5122,1370,65,Rathbunaster californicus,/home/tahiti/MARINE_DATASETS/FathomNet_FGVC2025/data/rois/1370_5122.png,/home/tahiti/MARINE_DATASETS/FathomNet_FGVC2025/data/images/1370.png,370a193d7fb2f407e0beebdac09ff3f3018c783462481849eec3df118a986f34,000cbdb8b0d0f9be4d20f1ec8f82d64f46638bb9c948b9fe65d3f1b78a436d32,1370,5,train,5
5145,1375,30,Hexactinellida,/home/tahiti/MARINE_DATASETS/FathomNet_FGVC2025/data/rois/1375_5145.png,/home/tahiti/MARINE_DATASETS/FathomNet_FGVC2025/data/images/1375.png,fb0fdbd802d9901d4e0f5bd45cdb359e815ffd09a4497dee65fc784edcc7d97f,64842b1fc407d573300b82ef250b1268e79915d8506c5a4c939c97d3ccd95c90,1375,2,train,2
5153,1376,62,Psolus squamatus,/home/tahiti/MARINE_DATASETS/FathomNet_FGVC2025/data/rois/1376_5153.png,/home/tahiti/MARINE_DATASETS/FathomNet_FGVC2025/data/images/1376.png,64e53348734e7ce0a807f0b1baad3c231ccf6769686ec29b6541081ed3be2a6b,d9bb16379f85a586a82ce110bccd85a256ca3c9477116afc5f2e480d0b82c945,1376,0,train,0
5154,1376,60,Porifera,/home/tahiti/MARINE_DATASETS/FathomNet_FGVC2025/data/rois/1376_5154.png,/home/tahiti/MARINE_DATASETS/FathomNet_FGVC2025/data/images/1376.png,8b8d0560388df0af987164df00ff543ec6a92fc9f3f85b6774c3a5e374b8287e,d9bb16379f85a586a82ce110bccd85a256ca3c9477116afc5f2e480d0b82c945,1376,0,train,0
5155,1376,73,Staurocalyptus,/home/tahiti/MARINE_DATASETS/FathomNet_FGVC2025/data/rois/1376_5155.png,/home/tahiti/MARINE_DATASETS/FathomNet_FGVC2025/data/images/1376.png,eeafbb16b1e73676eba32c484ab4eb116bec6decb5bf0a0b66b243186bec869c,d9bb16379f85a586a82ce110bccd85a256ca3c9477116afc5f2e480d0b82c945,1376,0,train,0
5173,1382,44,Munidopsis,/home/tahiti/MARINE_DATASETS/FathomNet_FGVC2025/data/rois/1382_5173.png,/home/tahiti/MARINE_DATASETS/FathomNet_FGVC2025/data/images/1382.png,36f07435642d83ec87aa7220ebd34502e976dc9420985009116a6fb409e3271f,38e74801760b549314af79470f92db7f7223a24855bf76f5b4c2bea4ea2f688b,1382,5,train,5
5184,1386,5,Actiniaria,/home/tahiti/MARINE_DATASETS/FathomNet_FGVC2025/data/rois/1386_5184.png,/home/tahiti/MARINE_DATASETS/FathomNet_FGVC2025/data/images/1386.png,781ed56d6ea6057b036161f992d66224d00134c75b49dcd27baee9fa5634e92c,4306c9384e4337aef80471330672958f99966399dd22362821dcfbedb12c1559,1386,1,train,1
5186,1386,30,Hexactinellida,/home/tahiti/MARINE_DATASETS/FathomNet_FGVC2025/data/rois/1386_5186.png,/home/tahiti/MARINE_DATASETS/FathomNet_FGVC2025/data/images/1386.png,d141a405ad02ac12314ff329693ac7af0342ba5d6f12c664e5430eaccc265d79,4306c9384e4337aef80471330672958f99966399dd22362821dcfbedb12c1559,1386,1,train,1
5191,1386,60,Porifera,/home/tahiti/MARINE_DATASETS/FathomNet_FGVC2025/data/rois/1386_5191.png,/home/tahiti/MARINE_DATASETS/FathomNet_FGVC2025/data/images/1386.png,73f8b235ebc641d295daa71b0e1ecef261e4f8d7334a46ecd51aeedcf3ce1b7d,4306c9384e4337aef80471330672958f99966399dd22362821dcfbedb12c1559,1386,1,train,1
5193,1386,5,Actiniaria,/home/tahiti/MARINE_DATASETS/FathomNet_FGVC2025/data/rois/1386_5193.png,/home/tahiti/MARINE_DATASETS/FathomNet_FGVC2025/data/images/1386.png,4e1c9b5e0101ff87418684ab9c92d7adc3455daf28048b347f2cce992c2962b9,4306c9384e4337aef80471330672958f99966399dd22362821dcfbedb12c1559,1386,1,train,1
5201,1386,16,Chionoecetes tanneri,/home/tahiti/MARINE_DATASETS/FathomNet_FGVC2025/data/rois/1386_5201.png,/home/tahiti/MARINE_DATASETS/FathomNet_FGVC2025/data/images/1386.png,39420fb630f6ec866a94deeb77887507c2143c86bef597434e4923185fc03029,4306c9384e4337aef80471330672958f99966399dd22362821dcfbedb12c1559,1386,1,train,1
5241,1396,37,Keratoisis,/home/tahiti/MARINE_DATASETS/FathomNet_FGVC2025/data/rois/1396_5241.png,/home/tahiti/MARINE_DATASETS/FathomNet_FGVC2025/data/images/1396.png,5b53c4f7f41b8fb2f19a44b03b5d9b41dfda932145ff5a1f35a6a7274c118f49,aaaba66325f487789bd79ab7681e14627f94d89e9f660281c00c44868fa9ac88,1396,2,train,2
5251,1399,22,Farrea,/home/tahiti/MARINE_DATASETS/FathomNet_FGVC2025/data/rois/1399_5251.png,/home/tahiti/MARINE_DATASETS/FathomNet_FGVC2025/data/images/1399.png,0e589798da957ce39b89ebd8e5a7af3ec0375a3d491c0080776bfbeb03ff991f,df624e0178e339d6c6014f42d7063afdfe0a9162e72d58f1139519a9a7404ec2,1399,5,train,5
5256,1399,16,Chionoecetes tanneri,/home/tahiti/MARINE_DATASETS/FathomNet_FGVC2025/data/rois/1399_5256.png,/home/tahiti/MARINE_DATASETS/FathomNet_FGVC2025/data/images/1399.png,2d18ab4c3240a88030ca451e9e0893a1484a82e0c3a65bae6f480c9e03c2b314,df624e0178e339d6c6014f42d7063afdfe0a9162e72d58f1139519a9a7404ec2,1399,5,train,5
5263,1401,37,Keratoisis,/home/tahiti/MARINE_DATASETS/FathomNet_FGVC2025/data/rois/1401_5263.png,/home/tahiti/MARINE_DATASETS/FathomNet_FGVC2025/data/images/1401.png,a450c540058fe10c50b209c5491622e23883d5c5e0e20ef507ee12b8b053fc23,dd8a581e7962b666901ee87fa17dd0223caebffd7e6beff90c1e9473b3bb5541,1401,5,train,5
5292,1414,62,Psolus squamatus,/home/tahiti/MARINE_DATASETS/FathomNet_FGVC2025/data/rois/1414_5292.png,/home/tahiti/MARINE_DATASETS/FathomNet_FGVC2025/data/images/1414.png,b3b17ca9f9d132213e2bd3ea806c483dfd1c89e326d7dc64c3253a6b1dedcfad,8fb0b5d4ebb1be49a757294de2f1d334d06e9a7bdcd8c8480774ea7b3d730c88,1414,4,train,4
5294,1414,14,Caridea,/home/tahiti/MARINE_DATASETS/FathomNet_FGVC2025/data/rois/1414_5294.png,/home/tahiti/MARINE_DATASETS/FathomNet_FGVC2025/data/images/1414.png,8d52f5c40895d00509cd8a3c53cdeb2ac558e8ec72c1cc919e4527c48f7730b1,8fb0b5d4ebb1be49a757294de2f1d334d06e9a7bdcd8c8480774ea7b3d730c88,1414,4,train,4
5299,1417,45,Munnopsidae,/home/tahiti/MARINE_DATASETS/FathomNet_FGVC2025/data/rois/1417_5299.png,/home/tahiti/MARINE_DATASETS/FathomNet_FGVC2025/data/images/1417.png,9391972e48c3fea02ec277d39e7c2ceb6e423bd79d8de6eea69f6fbd5f9a782a,5c4a188bd2701159d013064594cf66adfa3751d52a0f975a26d2dff1e6743987,1417,2,train,2
5313,1419,56,Paralomis multispina,/home/tahiti/MARINE_DATASETS/FathomNet_FGVC2025/data/rois/1419_5313.png,/home/tahiti/MARINE_DATASETS/FathomNet_FGVC2025/data/images/1419.png,3cb3f3b68b4ecdcba73a8939096c671e394d07dafb45662b99fd1cc9f226e3da,a9042ae760b9c0cbb8bf20d52c5120fa9b3e53852fba6672b7fc69f803e53feb,1419,4,train,4
5360,1432,31,Hippasteria,/home/tahiti/MARINE_DATASETS/FathomNet_FGVC2025/data/rois/1432_5360.png,/home/tahiti/MARINE_DATASETS/FathomNet_FGVC2025/data/images/1432.png,620299e0c55411acf7e726751bf90ab1949c975445a4a6e71c82c22344c486aa,786cb6ebff037ba23be0a3a055a8c8bdfa27d3718752b5d51600ded8ff1a97fd,1432,2,train,2
5372,1437,5,Actiniaria,/home/tahiti/MARINE_DATASETS/FathomNet_FGVC2025/data/rois/1437_5372.png,/home/tahiti/MARINE_DATASETS/FathomNet_FGVC2025/data/images/1437.png,7622ae12ef864f2cfd0887c881471462234ff2e2eeefe5f4bef06aea724012ef,aecd1baca00dfa55459fe624f8095e46532d8222df862395ef3c0e8f4c53454e,1437,5,train,5
5445,1460,67,Scotoplanes,/home/tahiti/MARINE_DATASETS/FathomNet_FGVC2025/data/rois/1460_5445.png,/home/tahiti/MARINE_DATASETS/FathomNet_FGVC2025/data/images/1460.png,905117b46ef67a3e3864bbdbfe7d818dc4405638d336c29aa931e7e1554b3247,0ebd82a28f6f174bc2a01dd34a740c0d758ede42887bb9ef2a3341ae286c8f69,1460,2,train,2
5447,1461,71,Sebastolobus,/home/tahiti/MARINE_DATASETS/FathomNet_FGVC2025/data/rois/1461_5447.png,/home/tahiti/MARINE_DATASETS/FathomNet_FGVC2025/data/images/1461.png,c066e238148fbf9f2e4cd8de76316b9133eb582ad0b15c389390daae36405445,d8c32113a9ee68b26f60f6d13fad837de6f87d5fe0af347847c007bd772ed884,1461,5,train,5
5457,1470,44,Munidopsis,/home/tahiti/MARINE_DATASETS/FathomNet_FGVC2025/data/rois/1470_5457.png,/home/tahiti/MARINE_DATASETS/FathomNet_FGVC2025/data/images/1470.png,d83e8be274ed0927b1bef70257d11d78df8a8adbf95cc71d015ef3b37d786cd1,4a39054af7a34a6713f11e4675b179c36ddb86f7de244176590933404988d457,1470,4,train,4
5472,1472,37,Keratoisis,/home/tahiti/MARINE_DATASETS/FathomNet_FGVC2025/data/rois/1472_5472.png,/home/tahiti/MARINE_DATASETS/FathomNet_FGVC2025/data/images/1472.png,17eee9e7524b1f969d745ba3700cd0421481d153e1ec4e0d9a01cfdf768ec80e,b519ee2b113ed86723b4d6766f3ac0f17e1e3b0b941303f38af638594b6fe94e,1472,5,train,5
5487,1478,38,Liponema brevicorne,/home/tahiti/MARINE_DATASETS/FathomNet_FGVC2025/data/rois/1478_5487.png,/home/tahiti/MARINE_DATASETS/FathomNet_FGVC2025/data/images/1478.png,3e15177bec9fb04b903dc9ba1b13fe06e9a976ab81921f50e1e4dc6a7a71c4a8,e69761742fedc9acc8455c9ab275366c121b5090b9dce0236f5bdad012a46f74,1478,1,train,1
5511,1486,22,Farrea,/home/tahiti/MARINE_DATASETS/FathomNet_FGVC2025/data/rois/1486_5511.png,/home/tahiti/MARINE_DATASETS/FathomNet_FGVC2025/data/images/1486.png,4727de64cc629c734cb52496daf3cc4a6c26cc8041233baf9ee50f0c98c6b486,9b5fb81da457d88efd1e6081f0029ba59aed46f85d456f41966c867e6b315d21,1486,2,train,2
5515,1487,67,Scotoplanes,/home/tahiti/MARINE_DATASETS/FathomNet_FGVC2025/data/rois/1487_5515.png,/home/tahiti/MARINE_DATASETS/FathomNet_FGVC2025/data/images/1487.png,10026887423f6a18e8766c1ed55f0d9f21e645ab9f57ea21c37502f6c48d3191,001100ba4e7d11c137c290ea9b1c284621e7b21f3163b6ed78aff7c8e6bba17f,1487,0,train,0
5523,1488,5,Actiniaria,/home/tahiti/MARINE_DATASETS/FathomNet_FGVC2025/data/rois/1488_5523.png,/home/tahiti/MARINE_DATASETS/FathomNet_FGVC2025/data/images/1488.png,cdbc94e9767f3f9db89a4cfc328146be058228d783ffddd035060b013bc313da,c7f445f9b222dffc7af8d223babf1669ae558acec845d4b5bb847f4c2c382cf2,1488,5,train,5
5537,1494,37,Keratoisis,/home/tahiti/MARINE_DATASETS/FathomNet_FGVC2025/data/rois/1494_5537.png,/home/tahiti/MARINE_DATASETS/FathomNet_FGVC2025/data/images/1494.png,0b282a0be64366d5fc455de939a707da60cdd80b095b68df72492aca2fba48b3,560d5b4a9e5cc365ae7b8adac0a28cda65bbdb71713ef3f10fdf53482839bc3f,1494,0,train,0
5570,1507,32,Holothuroidea,/home/tahiti/MARINE_DATASETS/FathomNet_FGVC2025/data/rois/1507_5570.png,/home/tahiti/MARINE_DATASETS/FathomNet_FGVC2025/data/images/1507.png,b1a6e43e9c49f9be59fea1eecb0debfd14336707cd87f8f4c51c629c113d8c1d,4386ae1c953040e2026d6707d8dd921f9aa63d73e4e3d5e7a29c94982e9574cb,1507,2,train,2
5580,1512,31,Hippasteria,/home/tahiti/MARINE_DATASETS/FathomNet_FGVC2025/data/rois/1512_5580.png,/home/tahiti/MARINE_DATASETS/FathomNet_FGVC2025/data/images/1512.png,62dee83749c0a5eeda578339ee506bed6b4376f4a6bb96f8d61c89abe81b2fa7,3c3a9135440ce254c846cfd958f3c768ee2ede828f4339d7e387d17035b416c3,1512,1,train,1
5602,1518,44,Munidopsis,/home/tahiti/MARINE_DATASETS/FathomNet_FGVC2025/data/rois/1518_5602.png,/home/tahiti/MARINE_DATASETS/FathomNet_FGVC2025/data/images/1518.png,d79be38f132e2c83b7f774d0157de491e96dcfdea7f71830b219a8804bc7a903,5e59c57bb0f400fb85ce5822805cbf02192b6f8618b98922fdcc2fba7ed0a3c0,1518,4,train,4
5606,1520,34,Isidella tentaculum,/home/tahiti/MARINE_DATASETS/FathomNet_FGVC2025/data/rois/1520_5606.png,/home/tahiti/MARINE_DATASETS/FathomNet_FGVC2025/data/images/1520.png,65534b7d764d7890d5cc4ce0214319ee54b28968641231fb3a0f1827593443ce,96a2e1428d05231b37ed4a12b20bb5b34f8be3d17ff9da7cbf1f141a6b931d82,1520,5,train,5
5612,1524,7,Amphipoda,/home/tahiti/MARINE_DATASETS/FathomNet_FGVC2025/data/rois/1524_5612.png,/home/tahiti/MARINE_DATASETS/FathomNet_FGVC2025/data/images/1524.png,b2df5a2b70be33788dc2fbaa4520686287f5f7f6322201c47088531b5b48e1af,852c237a002f2ffce646a9386577defde44ea980043a529081f78a0e13e6d09d,1524,2,train,2
5622,1524,7,Amphipoda,/home/tahiti/MARINE_DATASETS/FathomNet_FGVC2025/data/rois/1524_5622.png,/home/tahiti/MARINE_DATASETS/FathomNet_FGVC2025/data/images/1524.png,6988967a71612f62b3833770e1d27103eac8edd771faa007d9a113f35bb230db,852c237a002f2ffce646a9386577defde44ea980043a529081f78a0e13e6d09d,1524,2,train,2
5624,1524,7,Amphipoda,/home/tahiti/MARINE_DATASETS/FathomNet_FGVC2025/data/rois/1524_5624.png,/home/tahiti/MARINE_DATASETS/FathomNet_FGVC2025/data/images/1524.png,73334512d9e48a40ca6ce47a16d82c1940e17fb16e876c8607ac90e4117c5704,852c237a002f2ffce646a9386577defde44ea980043a529081f78a0e13e6d09d,1524,2,train,2
5636,1525,11,Asteroidea,/home/tahiti/MARINE_DATASETS/FathomNet_FGVC2025/data/rois/1525_5636.png,/home/tahiti/MARINE_DATASETS/FathomNet_FGVC2025/data/images/1525.png,bd891febdc4d7f123ba28964de53f34469bedd8410dd64c154d791e515e15aa2,3140ad855d4a5065ec64b8b7cfc26bc35fe5cab3cd831ecd41b3b0d61dac5a1f,1525,5,train,5
5650,1529,33,Hormathiidae,/home/tahiti/MARINE_DATASETS/FathomNet_FGVC2025/data/rois/1529_5650.png,/home/tahiti/MARINE_DATASETS/FathomNet_FGVC2025/data/images/1529.png,0f123f01f961ef2677e904adb81ce39c54ed17b83929eb0456845f20975e6f4c,3db1a6e5c2dc5820a59b99d8189405067694084d1578adc7a99394efdad3e1a6,1529,0,train,0
5665,1531,41,Merluccius productus,/home/tahiti/MARINE_DATASETS/FathomNet_FGVC2025/data/rois/1531_5665.png,/home/tahiti/MARINE_DATASETS/FathomNet_FGVC2025/data/images/1531.png,5e35d4aa9b28b8b0c5bf5a139fc2b4f9dad9229b62ccc7aec8a29d840ee05398,69e4d2e88f68ef32ded662d8bd1c3bde3e1da8697d7a76992969dcaaf674610c,1531,5,train,5
5683,1533,61,Psathyrometra fragilis,/home/tahiti/MARINE_DATASETS/FathomNet_FGVC2025/data/rois/1533_5683.png,/home/tahiti/MARINE_DATASETS/FathomNet_FGVC2025/data/images/1533.png,583624c02f2d689e08a922bcd5d50e117841b9ec1483adae8e02e741888f9c08,363f0a589497acd409520c5a38d50cd03f99ea3f573370b3e0832f51763762a3,1533,1,train,1
5698,1539,67,Scotoplanes,/home/tahiti/MARINE_DATASETS/FathomNet_FGVC2025/data/rois/1539_5698.png,/home/tahiti/MARINE_DATASETS/FathomNet_FGVC2025/data/images/1539.png,cc815d7a6a2a465f73e8e3e9d71520ad9d6f7287e41ccb770e926207160e8fcf,c9c61cafa9a5ac429a7d279f28411e3f127134577620a307c48a90285c312188,1539,0,train,0
5730,1553,43,Microstomus pacificus,/home/tahiti/MARINE_DATASETS/FathomNet_FGVC2025/data/rois/1553_5730.png,/home/tahiti/MARINE_DATASETS/FathomNet_FGVC2025/data/images/1553.png,be83ed1b310e97f7a191626982d1713394544e5f5cea8daefceaf974f8a073bb,255966f28ef70eb8340bc5c80d6e90f9131b6bf435761a76b82e1a51376b0dfd,1553,0,train,0
5758,1567,78,Vesicomyidae,/home/tahiti/MARINE_DATASETS/FathomNet_FGVC2025/data/rois/1567_5758.png,/home/tahiti/MARINE_DATASETS/FathomNet_FGVC2025/data/images/1567.png,adb1c29187f11846b1921d0c23760a901516600e56c2c1da8606277797f2e5a6,f3f78556c576dd644100fd1d8c5bc396ed00f3799ac595ec9e29bdfb35a5b09c,1567,5,train,5
5762,1569,67,Scotoplanes,/home/tahiti/MARINE_DATASETS/FathomNet_FGVC2025/data/rois/1569_5762.png,/home/tahiti/MARINE_DATASETS/FathomNet_FGVC2025/data/images/1569.png,af326b9e67e9ace9cfa6b81d5e4fe41dcd10e3fbad049287562c3bd3d2e5956a,faae489c561139589ec8bf441fa30a39312c77a34ebcd09b251d46c2d4829955,1569,0,train,0
5803,1583,41,Merluccius productus,/home/tahiti/MARINE_DATASETS/FathomNet_FGVC2025/data/rois/1583_5803.png,/home/tahiti/MARINE_DATASETS/FathomNet_FGVC2025/data/images/1583.png,913d88cab47cc988ae54977faac752ea2f6df4224a60b0f63b15b3f54cae279a,72896795af26b9b3f9820510df09b96b187eb6242608a17ef9ce3ecccd40f745,1583,0,train,0
5806,1583,41,Merluccius productus,/home/tahiti/MARINE_DATASETS/FathomNet_FGVC2025/data/rois/1583_5806.png,/home/tahiti/MARINE_DATASETS/FathomNet_FGVC2025/data/images/1583.png,61d0ec28a166608ae124aa10018066188237f8ae483278fc81923d627c87460f,72896795af26b9b3f9820510df09b96b187eb6242608a17ef9ce3ecccd40f745,1583,0,train,0
5824,1589,67,Scotoplanes,/home/tahiti/MARINE_DATASETS/FathomNet_FGVC2025/data/rois/1589_5824.png,/home/tahiti/MARINE_DATASETS/FathomNet_FGVC2025/data/images/1589.png,57c2333d74192bf251e0e05ba2c8f109dcb737c294cf9eb0d6d9df632c1b051d,8c70fdcf93d0bf969d207ef22e33baedd102282744dfdee571b0e8e8709ab47a,1589,5,train,5
5827,1590,47,Octopus rubescens,/home/tahiti/MARINE_DATASETS/FathomNet_FGVC2025/data/rois/1590_5827.png,/home/tahiti/MARINE_DATASETS/FathomNet_FGVC2025/data/images/1590.png,2e4966d33c9a36ddf68d88928ee03ff0220754551f8301ed56bd9724529d64be,07a55a22d355b1e19f42d98da58a876a45157a609fe4bba942be65aceee70013,1590,4,train,4
5859,1594,5,Actiniaria,/home/tahiti/MARINE_DATASETS/FathomNet_FGVC2025/data/rois/1594_5859.png,/home/tahiti/MARINE_DATASETS/FathomNet_FGVC2025/data/images/1594.png,f89499d2e973ac394c796bd416598f8f1c395bb55c18e49e8970efc4448be26f,4958382dcd37cae7e31d29f5d630d87e2cd3b23ecd513ea55195b10c76b701ea,1594,2,train,2
5881,1596,29,Heteropolypus ritteri,/home/tahiti/MARINE_DATASETS/FathomNet_FGVC2025/data/rois/1596_5881.png,/home/tahiti/MARINE_DATASETS/FathomNet_FGVC2025/data/images/1596.png,497a5d2b35924e334f8778d1a707e3bf75b9d6e741f6d49cabc30a1caae40c7d,1bf8820075f05eb2f699d543983cde8a5742773e68237972956b18e53536963c,1596,4,train,4
5955,1620,47,Octopus rubescens,/home/tahiti/MARINE_DATASETS/FathomNet_FGVC2025/data/rois/1620_5955.png,/home/tahiti/MARINE_DATASETS/FathomNet_FGVC2025/data/images/1620.png,57b26d4d846ee5128fac0674c76590d0dab32b175f0e1df933c12ddb46dfe9bb,3c429ac4cc6fab1169a82d50893c089cd59d40f2e443731f1c574aa0158348f9,1620,2,train,2
5959,1620,47,Octopus rubescens,/home/tahiti/MARINE_DATASETS/FathomNet_FGVC2025/data/rois/1620_5959.png,/home/tahiti/MARINE_DATASETS/FathomNet_FGVC2025/data/images/1620.png,5fa7b2fcb51022978bb226254aaf242a608e42f7cdcf6cb9960239c46c1a445e,3c429ac4cc6fab1169a82d50893c089cd59d40f2e443731f1c574aa0158348f9,1620,2,train,2
5970,1623,53,Pannychia moseleyi,/home/tahiti/MARINE_DATASETS/FathomNet_FGVC2025/data/rois/1623_5970.png,/home/tahiti/MARINE_DATASETS/FathomNet_FGVC2025/data/images/1623.png,68f4e4ab93af013b4ec9f54b3410165930fff32e2aae0b4e9857e6acc1a7f2e9,c41d95cda32d71166a816d836b35576cd44fd6bb77056b3d1cb13e94c8261e14,1623,0,train,0
5972,1624,58,Peniagone,/home/tahiti/MARINE_DATASETS/FathomNet_FGVC2025/data/rois/1624_5972.png,/home/tahiti/MARINE_DATASETS/FathomNet_FGVC2025/data/images/1624.png,f8b2a02a9ec482396bacf3102f14c0a4387aa5d2030b60fdd13c1d8ff35d56c4,dcbfe03d9a416cecdc5fad7ba20114863920ecc32227e05708c4ee5418ad55b2,1624,5,train,5
5977,1629,47,Octopus rubescens,/home/tahiti/MARINE_DATASETS/FathomNet_FGVC2025/data/rois/1629_5977.png,/home/tahiti/MARINE_DATASETS/FathomNet_FGVC2025/data/images/1629.png,c2422c717344169877a2f826b034775c1e0f63a186eac02e6984dce2fc607258,630b2614c949217a55d7d62794c4993e0823d04ea863a50f0bbeb1e960f74d77,1629,5,train,5
5997,1631,28,Heterochone calyx,/home/tahiti/MARINE_DATASETS/FathomNet_FGVC2025/data/rois/1631_5997.png,/home/tahiti/MARINE_DATASETS/FathomNet_FGVC2025/data/images/1631.png,c0c08551591d2326ed953168ff119a59688f9b86ffa5eec8d6d0a9936f0fca6c,1b50784e678378358b18ddeea1a84e1a1aa1f988f2cc3395f334df05c6c4bcf2,1631,0,train,0
6012,1638,66,Scleractinia,/home/tahiti/MARINE_DATASETS/FathomNet_FGVC2025/data/rois/1638_6012.png,/home/tahiti/MARINE_DATASETS/FathomNet_FGVC2025/data/images/1638.png,60c2bb58d254941345cb713dcc9e3dab35c5501b2cb0d31ea4e1907c97e8dc07,018e5976047733d388819653071eca04c32215ecc0c82dfe813193e2f23a0e09,1638,1,train,1
6013,1638,66,Scleractinia,/home/tahiti/MARINE_DATASETS/FathomNet_FGVC2025/data/rois/1638_6013.png,/home/tahiti/MARINE_DATASETS/FathomNet_FGVC2025/data/images/1638.png,77ec254be9e53eadedb815168f58501cabaca271a10a8de46356f9b903b37a50,018e5976047733d388819653071eca04c32215ecc0c82dfe813193e2f23a0e09,1638,1,train,1
6022,1642,58,Peniagone,/home/tahiti/MARINE_DATASETS/FathomNet_FGVC2025/data/rois/1642_6022.png,/home/tahiti/MARINE_DATASETS/FathomNet_FGVC2025/data/images/1642.png,e1cd54b5b4ead7806bf1f4a710a960d6e52a34121294a914d6d6b02a47bdba43,439b016da483f446dc091cefe92f7ec7bc46b687ecc4d156f92ff65e97c02fb3,1642,4,train,4
6048,1647,31,Hippasteria,/home/tahiti/MARINE_DATASETS/FathomNet_FGVC2025/data/rois/1647_6048.png,/home/tahiti/MARINE_DATASETS/FathomNet_FGVC2025/data/images/1647.png,ab674f7a5646d01b0f8dfd65770de0da2dac95ef0e40ea613deb85c461b912e8,c742c0381d235618d7f7d58a5f827774a851a4ecf8949b87c01130b08773839a,1647,4,train,4
6049,1648,62,Psolus squamatus,/home/tahiti/MARINE_DATASETS/FathomNet_FGVC2025/data/rois/1648_6049.png,/home/tahiti/MARINE_DATASETS/FathomNet_FGVC2025/data/images/1648.png,5467a84a3c88223974ffe763cb0feace6b2ca5b9268f2f84263efd9f02e94301,38aaad83f4a3d53728a1b08d6ae76dc093d44f962acbc31ceacd443844a7a387,1648,5,train,5
6076,1661,65,Rathbunaster californicus,/home/tahiti/MARINE_DATASETS/FathomNet_FGVC2025/data/rois/1661_6076.png,/home/tahiti/MARINE_DATASETS/FathomNet_FGVC2025/data/images/1661.png,226e66f52851b2a9a736550b56068a01c9cb30205e083af21a64f7f3c1ae0568,4c8bdcb3555b5347d904ba453eb6f6a1f7cf30a2aaf0a4e08a6239d93f92ecd3,1661,4,train,4
6106,1668,65,Rathbunaster californicus,/home/tahiti/MARINE_DATASETS/FathomNet_FGVC2025/data/rois/1668_6106.png,/home/tahiti/MARINE_DATASETS/FathomNet_FGVC2025/data/images/1668.png,ff6a57a6177f3df15aea646caac3b857aaae38350cf0fd5804399e754bf2fd6b,05fde291b25b379d36b0825492e52de6f979c8d5d75fdedcfe5ebe5b05b9f0cb,1668,4,train,4
6113,1673,1,Abyssocucumis abyssorum,/home/tahiti/MARINE_DATASETS/FathomNet_FGVC2025/data/rois/1673_6113.png,/home/tahiti/MARINE_DATASETS/FathomNet_FGVC2025/data/images/1673.png,28ea9911fa1d374915f0ee8af62d8d2d71fd0badabd50e98914c349aff8d7a58,ed812f92427499c62eb1ed031dadb265253037c92bd912bf5f411a787f7db45f,1673,4,train,4
6127,1679,16,Chionoecetes tanneri,/home/tahiti/MARINE_DATASETS/FathomNet_FGVC2025/data/rois/1679_6127.png,/home/tahiti/MARINE_DATASETS/FathomNet_FGVC2025/data/images/1679.png,c3f75c2255b1e91d65e817528448b1e44671a44a57aff9fb3ffb38fa519569a3,ec4c37ec1a5e1da9841d8c638d8a92eecdf194e10cd6c76adb286545a2f292b2,1679,0,train,0
6131,1683,37,Keratoisis,/home/tahiti/MARINE_DATASETS/FathomNet_FGVC2025/data/rois/1683_6131.png,/home/tahiti/MARINE_DATASETS/FathomNet_FGVC2025/data/images/1683.png,7d1ea4b1768b02928f08029906dea23f3926978493a675abafa60b579c92b8d5,2c0021f70b95716d02666b35afdcbc19613835619461fd71c37fb44683873948,1683,5,train,5
6134,1685,32,Holothuroidea,/home/tahiti/MARINE_DATASETS/FathomNet_FGVC2025/data/rois/1685_6134.png,/home/tahiti/MARINE_DATASETS/FathomNet_FGVC2025/data/images/1685.png,12087cc0133de13af517a4724e286728449ba65c75c999042f37e7bf4daead5a,79f23d0216e4f52d7026d5d423ae31581793f7008ce17a3d3623de6fea784a1e,1685,1,train,1
6137,1686,17,Chorilia longipes,/home/tahiti/MARINE_DATASETS/FathomNet_FGVC2025/data/rois/1686_6137.png,/home/tahiti/MARINE_DATASETS/FathomNet_FGVC2025/data/images/1686.png,94faa2e660d2e8fdd6c14b8e80b6fe2e793ce3c4bbfe5246a20c80a2cfd1003f,df75dc3d9886d6b9c32bb1ab89419cba72ac17035d3ddf13c8979fa092f446c4,1686,2,train,2
6149,1694,37,Keratoisis,/home/tahiti/MARINE_DATASETS/FathomNet_FGVC2025/data/rois/1694_6149.png,/home/tahiti/MARINE_DATASETS/FathomNet_FGVC2025/data/images/1694.png,8e2fa4ed56a08c920e9df36cfe8f2b4a1c0f913b9f2fa6f2093595dc2ee5af01,c0e21173cced522de978d689877890556f9b642b9e65323fe5afcdd687ad1164,1694,4,train,4
6196,1719,16,Chionoecetes tanneri,/home/tahiti/MARINE_DATASETS/FathomNet_FGVC2025/data/rois/1719_6196.png,/home/tahiti/MARINE_DATASETS/FathomNet_FGVC2025/data/images/1719.png,8f1e1d5930641bf6dae328e2ab1c2ae11713540ee9c5268e92c04f8e8329b82f,a24fbfac05b4704e0ebc72e391ddfabfada4758b0a563f3dde8f4450cabb0759,1719,1,train,1
6237,1738,53,Pannychia moseleyi,/home/tahiti/MARINE_DATASETS/FathomNet_FGVC2025/data/rois/1738_6237.png,/home/tahiti/MARINE_DATASETS/FathomNet_FGVC2025/data/images/1738.png,3a119446ccc74caead1f8e9023c82c0c2cf813effe6610c71af90307d960c357,302a1ec4939c1c956414cee956432261f0e76b809664ae59ea144c9c5a2c4136,1738,2,train,2
6252,1741,69,Sebastes,/home/tahiti/MARINE_DATASETS/FathomNet_FGVC2025/data/rois/1741_6252.png,/home/tahiti/MARINE_DATASETS/FathomNet_FGVC2025/data/images/1741.png,ea40a85624e744c07a5c1ad5716fc97b0be24e0904a70e96a06afd13816b1239,ea7723121a8983549a52e399fd8fc3cedd9e9907170b837906238412007bd0ac,1741,5,train,5
6256,1741,65,Rathbunaster californicus,/home/tahiti/MARINE_DATASETS/FathomNet_FGVC2025/data/rois/1741_6256.png,/home/tahiti/MARINE_DATASETS/FathomNet_FGVC2025/data/images/1741.png,677e5e6106988c0ce381a2c16a835b59cbf70484a8691e5937ca834b7ecee836,ea7723121a8983549a52e399fd8fc3cedd9e9907170b837906238412007bd0ac,1741,5,train,5
6344,1755,29,Heteropolypus ritteri,/home/tahiti/MARINE_DATASETS/FathomNet_FGVC2025/data/rois/1755_6344.png,/home/tahiti/MARINE_DATASETS/FathomNet_FGVC2025/data/images/1755.png,ff207324f73db3e82d08437f7f3e3f75340ba7681b9e53099e94c94838171270,a9cc9d26054d7d0ffb6ac6dd98ab8631f737313328be0ec92b5c8deb1e107bd3,1755,5,train,5
6370,1768,71,Sebastolobus,/home/tahiti/MARINE_DATASETS/FathomNet_FGVC2025/data/rois/1768_6370.png,/home/tahiti/MARINE_DATASETS/FathomNet_FGVC2025/data/images/1768.png,88ca8ee2cc7281dbf85770598cadbe4d58f08afd6f6d9cad1cec9e2dea725c30,0c8a6aaf27e760a0200bd8a759ef33e687e40bac19cee004ac0a01af97a96e2a,1768,0,train,0
6371,1768,71,Sebastolobus,/home/tahiti/MARINE_DATASETS/FathomNet_FGVC2025/data/rois/1768_6371.png,/home/tahiti/MARINE_DATASETS/FathomNet_FGVC2025/data/images/1768.png,7749fcb80afe5f8e36e74374aa63d019bfc5ecf1379fadb26e37741da221b485,0c8a6aaf27e760a0200bd8a759ef33e687e40bac19cee004ac0a01af97a96e2a,1768,0,train,0
6446,1787,79,Zoantharia,/home/tahiti/MARINE_DATASETS/FathomNet_FGVC2025/data/rois/1787_6446.png,/home/tahiti/MARINE_DATASETS/FathomNet_FGVC2025/data/images/1787.png,15ed7f506b0c2d17ab95bd935b10c8edbf1238964ae4b9c96685bd86108d577b,d19ff133c4ef23901b589254e333feb9bee0666505930709263aa620a956fdcb,1787,2,train,2
6457,1788,7,Amphipoda,/home/tahiti/MARINE_DATASETS/FathomNet_FGVC2025/data/rois/1788_6457.png,/home/tahiti/MARINE_DATASETS/FathomNet_FGVC2025/data/images/1788.png,2e686f24753599ca39a2fd3725d86e881486ab05fe44f58bf09e2e7078047d73,742e5c801367e5072aa31d8a5868d5179bdf273bbd55867c18c94d60ce39bea2,1788,1,train,1
6468,1792,3,Acanthoptilum,/home/tahiti/MARINE_DATASETS/FathomNet_FGVC2025/data/rois/1792_6468.png,/home/tahiti/MARINE_DATASETS/FathomNet_FGVC2025/data/images/1792.png,1e681b6f4fe3c73cbe7f2ddeb0f5e3a7ee4cc9c8bcd889feff9719f54ac40d52,992da593622ae5bc62c2b8467dbf2f90ffe94303862f1553c5547739271f0fa8,1792,4,train,4
6471,1792,3,Acanthoptilum,/home/tahiti/MARINE_DATASETS/FathomNet_FGVC2025/data/rois/1792_6471.png,/home/tahiti/MARINE_DATASETS/FathomNet_FGVC2025/data/images/1792.png,e071387528f2217c610521a50fa287ff5d5c04fc2493bd3cafca09f8aa00a365,992da593622ae5bc62c2b8467dbf2f90ffe94303862f1553c5547739271f0fa8,1792,4,train,4
6484,1795,68,Scotoplanes globosa,/home/tahiti/MARINE_DATASETS/FathomNet_FGVC2025/data/rois/1795_6484.png,/home/tahiti/MARINE_DATASETS/FathomNet_FGVC2025/data/images/1795.png,a0c28b39fe147bd45edb865595bbd7e278f99b40a1e6977894ee8542fc580123,2f03d7fc20fc2233c5c4f9539c8d922a95fda0958354863c7f9d454322eb4664,1795,0,train,0
6490,1796,5,Actiniaria,/home/tahiti/MARINE_DATASETS/FathomNet_FGVC2025/data/rois/1796_6490.png,/home/tahiti/MARINE_DATASETS/FathomNet_FGVC2025/data/images/1796.png,5e672013369975b20c018389fe20173295436e5576539371198504c538f1253d,284084e4af21253585481286056fd1fc3390eb706b1d7799f8afdda87de44ee7,1796,0,train,0
6494,1796,62,Psolus squamatus,/home/tahiti/MARINE_DATASETS/FathomNet_FGVC2025/data/rois/1796_6494.png,/home/tahiti/MARINE_DATASETS/FathomNet_FGVC2025/data/images/1796.png,4cb27f54e690b9c63d88b19e26af4042e2706cb97ca1327f683c629b50ac5de0,284084e4af21253585481286056fd1fc3390eb706b1d7799f8afdda87de44ee7,1796,0,train,0
6496,1796,62,Psolus squamatus,/home/tahiti/MARINE_DATASETS/FathomNet_FGVC2025/data/rois/1796_6496.png,/home/tahiti/MARINE_DATASETS/FathomNet_FGVC2025/data/images/1796.png,049aa723290f8b023c6589cf1546423e93a0ae447bedb61e11ad8d189d3ac301,284084e4af21253585481286056fd1fc3390eb706b1d7799f8afdda87de44ee7,1796,0,train,0
6504,1800,11,Asteroidea,/home/tahiti/MARINE_DATASETS/FathomNet_FGVC2025/data/rois/1800_6504.png,/home/tahiti/MARINE_DATASETS/FathomNet_FGVC2025/data/images/1800.png,b4e1d8be355b5214e54826e2f095ebda8becbf5b783a4227b83f35f13a02b6c1,5ff406786045f1cc29f73c2cb3ef4933731f6f542aaa32da5cad52fdfe1617b8,1800,1,train,1
6505,1800,11,Asteroidea,/home/tahiti/MARINE_DATASETS/FathomNet_FGVC2025/data/rois/1800_6505.png,/home/tahiti/MARINE_DATASETS/FathomNet_FGVC2025/data/images/1800.png,ad689ce1d2a924e1a9ab0a4d1e022395e0a4cc49d2c62f2582de187a5de1f5ba,5ff406786045f1cc29f73c2cb3ef4933731f6f542aaa32da5cad52fdfe1617b8,1800,1,train,1
6515,1802,5,Actiniaria,/home/tahiti/MARINE_DATASETS/FathomNet_FGVC2025/data/rois/1802_6515.png,/home/tahiti/MARINE_DATASETS/FathomNet_FGVC2025/data/images/1802.png,bf26a5caf6a6304f4291f91743ea19b8cba0c64adc4e4498a31299f720c88207,de2649ab2573fc2cdb04a6ce532bd6784cd3685639bf5cc58ba75b898f8ba16c,1802,2,train,2
6554,1816,71,Sebastolobus,/home/tahiti/MARINE_DATASETS/FathomNet_FGVC2025/data/rois/1816_6554.png,/home/tahiti/MARINE_DATASETS/FathomNet_FGVC2025/data/images/1816.png,863b29a3ba4cd3af126d82da8576ec89f510f28246855039ffd2fa388674c8e2,03a2d0519ed6b865467d581d084b1e6a99ff0641d5584da845ae2a6227783303,1816,2,train,2
6561,1816,24,Funiculina,/home/tahiti/MARINE_DATASETS/FathomNet_FGVC2025/data/rois/1816_6561.png,/home/tahiti/MARINE_DATASETS/FathomNet_FGVC2025/data/images/1816.png,b7cfa254044e8e47fe94389a8ad7007320d537bee6fc476c26cb190c38747790,03a2d0519ed6b865467d581d084b1e6a99ff0641d5584da845ae2a6227783303,1816,2,train,2
6563,1816,24,Funiculina,/home/tahiti/MARINE_DATASETS/FathomNet_FGVC2025/data/rois/1816_6563.png,/home/tahiti/MARINE_DATASETS/FathomNet_FGVC2025/data/images/1816.png,5bd253a8d677dd58538f6243d4a71823329997db2707e7a5fc92789e5229a0f3,03a2d0519ed6b865467d581d084b1e6a99ff0641d5584da845ae2a6227783303,1816,2,train,2
6601,1824,38,Liponema brevicorne,/home/tahiti/MARINE_DATASETS/FathomNet_FGVC2025/data/rois/1824_6601.png,/home/tahiti/MARINE_DATASETS/FathomNet_FGVC2025/data/images/1824.png,b8f76703fc1b204c5cf47fb3e30cdc29aa535d4741038adeffbb973c729036c0,94626dfbbbaa303a272d73d9ef237a5959c9de878ad0132e532c3870504d28d4,1824,0,train,0
6618,1828,36,Isosicyonis,/home/tahiti/MARINE_DATASETS/FathomNet_FGVC2025/data/rois/1828_6618.png,/home/tahiti/MARINE_DATASETS/FathomNet_FGVC2025/data/images/1828.png,d6cf788878efa92eb9336ffd2e7d0105ad20bed7caec8cc383e4a747a8fda156,63e8b66dc26d321a2b0b477514b8c3e78774b39e16165dd84dceb2f1e0857749,1828,2,train,2
6619,1829,37,Keratoisis,/home/tahiti/MARINE_DATASETS/FathomNet_FGVC2025/data/rois/1829_6619.png,/home/tahiti/MARINE_DATASETS/FathomNet_FGVC2025/data/images/1829.png,c6642f8130d3f27c56ff8d3a4cf240845c2796353db5e666cf7cf8ef8bc64e7e,0ff6b280c3eb4aa1f123b2ec6c7e0612ca3577a5c4076bcbd3fdabaf22b51b47,1829,1,train,1
6635,1831,11,Asteroidea,/home/tahiti/MARINE_DATASETS/FathomNet_FGVC2025/data/rois/1831_6635.png,/home/tahiti/MARINE_DATASETS/FathomNet_FGVC2025/data/images/1831.png,d49b9256d37563f60a0a3ae7775ae6064afef7d6252989450db6e1751f65e9a8,195bce7905589d5ddc0ac51d10c93e6f19ed4b61d16155b85979d80b5d147546,1831,0,train,0
6641,1834,22,Farrea,/home/tahiti/MARINE_DATASETS/FathomNet_FGVC2025/data/rois/1834_6641.png,/home/tahiti/MARINE_DATASETS/FathomNet_FGVC2025/data/images/1834.png,ac27e93aacf9d5b7010c0d53cdc0ad9deba61e89f3d993cb98f498530cdb1dfc,7d59ca7783844fb4a164887b03a79e66a3c11fb6430ae0dd68dfbf5d6d0eb669,1834,1,train,1
6643,1834,30,Hexactinellida,/home/tahiti/MARINE_DATASETS/FathomNet_FGVC2025/data/rois/1834_6643.png,/home/tahiti/MARINE_DATASETS/FathomNet_FGVC2025/data/images/1834.png,ed27c0274c721bb19ddffd3626e0fe099ede2ba9ab15ca496d1dd6f1cb967c0a,7d59ca7783844fb4a164887b03a79e66a3c11fb6430ae0dd68dfbf5d6d0eb669,1834,1,train,1
6644,1834,71,Sebastolobus,/home/tahiti/MARINE_DATASETS/FathomNet_FGVC2025/data/rois/1834_6644.png,/home/tahiti/MARINE_DATASETS/FathomNet_FGVC2025/data/images/1834.png,aaffd2105e2bc668236201b5bed4db57b0f7536a6b912af962f5049984de3679,7d59ca7783844fb4a164887b03a79e66a3c11fb6430ae0dd68dfbf5d6d0eb669,1834,1,train,1
6658,1840,71,Sebastolobus,/home/tahiti/MARINE_DATASETS/FathomNet_FGVC2025/data/rois/1840_6658.png,/home/tahiti/MARINE_DATASETS/FathomNet_FGVC2025/data/images/1840.png,88a59bc232bcfa439553958ad9ef029e667adc9bf51c276beed0f1ea69d59df7,130445a67f8b4d2599bdecf6b9cb46a408584e8b140a85250e49c82e8f212e46,1840,1,train,1
6661,1840,71,Sebastolobus,/home/tahiti/MARINE_DATASETS/FathomNet_FGVC2025/data/rois/1840_6661.png,/home/tahiti/MARINE_DATASETS/FathomNet_FGVC2025/data/images/1840.png,628a5b10ff854e49f9491747f84afc39109b410722071537968a185c54ba8428,130445a67f8b4d2599bdecf6b9cb46a408584e8b140a85250e49c82e8f212e46,1840,1,train,1
6665,1843,50,Paelopatides confundens,/home/tahiti/MARINE_DATASETS/FathomNet_FGVC2025/data/rois/1843_6665.png,/home/tahiti/MARINE_DATASETS/FathomNet_FGVC2025/data/images/1843.png,f316b7ddfa15227b37f7a820b9fdc03f93555fdcac7c36e89adea52080dd3555,899f4444cde7a482f4c806a652956b93091c0a99b1517f30e26c6651962ba780,1843,2,train,2
6668,1845,30,Hexactinellida,/home/tahiti/MARINE_DATASETS/FathomNet_FGVC2025/data/rois/1845_6668.png,/home/tahiti/MARINE_DATASETS/FathomNet_FGVC2025/data/images/1845.png,249bcf746d75a1c3589b1e3b5cf155da6ce522edb068e9ec22ea4047f1b13b7f,7137b6f3a39132804c9f0dfbef35d527ba2a5bb5fbcab410d90695cad4ff9527,1845,0,train,0
6672,1846,31,Hippasteria,/home/tahiti/MARINE_DATASETS/FathomNet_FGVC2025/data/rois/1846_6672.png,/home/tahiti/MARINE_DATASETS/FathomNet_FGVC2025/data/images/1846.png,1b44edf46d723e4c7f37b42dfcd34ee03678c62ae018d00ad4715d33f95eefc0,90bab31dfc5bf7524a1f3bdb80544d2c2d41177f67320673d229ab33d4b06b55,1846,0,train,0
6681,1850,3,Acanthoptilum,/home/tahiti/MARINE_DATASETS/FathomNet_FGVC2025/data/rois/1850_6681.png,/home/tahiti/MARINE_DATASETS/FathomNet_FGVC2025/data/images/1850.png,790a4529e9cbb6194ed6f9e2d1291d694474c4a29ba158d78e7fe2ea898c131c,d20107ba3b43d87b71b6ce1b58b2dba7b336d0960bf730eacae907f5e5d543dc,1850,4,train,4
6686,1851,35,Isididae,/home/tahiti/MARINE_DATASETS/FathomNet_FGVC2025/data/rois/1851_6686.png,/home/tahiti/MARINE_DATASETS/FathomNet_FGVC2025/data/images/1851.png,c2aef363a010a1b6f130e5d285e652d57ce9f81fbc6043231ccff53a65b540ab,79aefce41672c0f303b4bedf2daca9e16c768265e492bd4675b9bd163c9f6108,1851,1,train,1
6687,1852,41,Merluccius productus,/home/tahiti/MARINE_DATASETS/FathomNet_FGVC2025/data/rois/1852_6687.png,/home/tahiti/MARINE_DATASETS/FathomNet_FGVC2025/data/images/1852.png,163d9b243d5abd7678a9f353d59b8b1d72347b78faa65a395b6fd0ad019d046c,b9eefc46385d6b0189af7deebea25600d7ae9f15bf7309c8b57225ba55719ad1,1852,5,train,5
6709,1864,30,Hexactinellida,/home/tahiti/MARINE_DATASETS/FathomNet_FGVC2025/data/rois/1864_6709.png,/home/tahiti/MARINE_DATASETS/FathomNet_FGVC2025/data/images/1864.png,c7241146864b461bd50ad06f5a5a2698bb2d619cee17c90f1ccbe2c84227b18f,210ce8a3a20260dc3e36d8d8751737436162189ab57d85b80e5cbebbf77d4a20,1864,2,train,2
6740,1877,11,Asteroidea,/home/tahiti/MARINE_DATASETS/FathomNet_FGVC2025/data/rois/1877_6740.png,/home/tahiti/MARINE_DATASETS/FathomNet_FGVC2025/data/images/1877.png,5275cd2540e49342738938d9a7c99588ba9b3bd14d0093eebd4d2e249cab95b9,e0fdb45551de4923d87fd880f182d41e044a34648fb90509bcabe93249bfc34b,1877,5,train,5
6742,1877,51,Pandalus amplus,/home/tahiti/MARINE_DATASETS/FathomNet_FGVC2025/data/rois/1877_6742.png,/home/tahiti/MARINE_DATASETS/FathomNet_FGVC2025/data/images/1877.png,ba0a0ade7ce58f2eadf59a38bc462301cb9ae3e4d58a2da4e010af1808b62a18,e0fdb45551de4923d87fd880f182d41e044a34648fb90509bcabe93249bfc34b,1877,5,train,5
6789,1894,68,Scotoplanes globosa,/home/tahiti/MARINE_DATASETS/FathomNet_FGVC2025/data/rois/1894_6789.png,/home/tahiti/MARINE_DATASETS/FathomNet_FGVC2025/data/images/1894.png,fa5082f7aec384bc305d8f102063a63165fae564c574b7efbea87d6e34cc228d,0cc3edb29937ba48db7d5928dd4c2348f0eda910b6253e80a5f10da437994912,1894,1,train,1
6790,1894,68,Scotoplanes globosa,/home/tahiti/MARINE_DATASETS/FathomNet_FGVC2025/data/rois/1894_6790.png,/home/tahiti/MARINE_DATASETS/FathomNet_FGVC2025/data/images/1894.png,664f475c163ed1ad95a76f188ccc92f0ca268fbea84913ba41b20614ca3e044a,0cc3edb29937ba48db7d5928dd4c2348f0eda910b6253e80a5f10da437994912,1894,1,train,1
6809,1895,63,Ptychogastria polaris,/home/tahiti/MARINE_DATASETS/FathomNet_FGVC2025/data/rois/1895_6809.png,/home/tahiti/MARINE_DATASETS/FathomNet_FGVC2025/data/images/1895.png,6953d272ea66427ce7a9f2383b92dcffef710bfda6b9f5d4a035ece54bcda566,64771d081c328aea4acf9d6d8f6fa51ed0c58a81f008ec5ea0924b02d6d83f4c,1895,2,train,2
6814,1895,72,Serpulidae,/home/tahiti/MARINE_DATASETS/FathomNet_FGVC2025/data/rois/1895_6814.png,/home/tahiti/MARINE_DATASETS/FathomNet_FGVC2025/data/images/1895.png,000cb42162aba9485c084bda80b9585c1ebaded9b9aa0c073ba750a0da38d225,64771d081c328aea4acf9d6d8f6fa51ed0c58a81f008ec5ea0924b02d6d83f4c,1895,2,train,2
6817,1895,63,Ptychogastria polaris,/home/tahiti/MARINE_DATASETS/FathomNet_FGVC2025/data/rois/1895_6817.png,/home/tahiti/MARINE_DATASETS/FathomNet_FGVC2025/data/images/1895.png,d40002dfe01610730ddc724bad2006b6e71a8941408d50cff5f55c81902ae466,64771d081c328aea4acf9d6d8f6fa51ed0c58a81f008ec5ea0924b02d6d83f4c,1895,2,train,2
6825,1895,63,Ptychogastria polaris,/home/tahiti/MARINE_DATASETS/FathomNet_FGVC2025/data/rois/1895_6825.png,/home/tahiti/MARINE_DATASETS/FathomNet_FGVC2025/data/images/1895.png,1804c10776d3657a856ffc1aed1ccbc40b3ce85442660d8bb7473d88ca44858e,64771d081c328aea4acf9d6d8f6fa51ed0c58a81f008ec5ea0924b02d6d83f4c,1895,2,train,2
6828,1895,63,Ptychogastria polaris,/home/tahiti/MARINE_DATASETS/FathomNet_FGVC2025/data/rois/1895_6828.png,/home/tahiti/MARINE_DATASETS/FathomNet_FGVC2025/data/images/1895.png,b59d48c4196811d12dd088062a6a6886db6ddcfc78048c67c8b0fc186f84c9da,64771d081c328aea4acf9d6d8f6fa51ed0c58a81f008ec5ea0924b02d6d83f4c,1895,2,train,2
6849,1895,63,Ptychogastria polaris,/home/tahiti/MARINE_DATASETS/FathomNet_FGVC2025/data/rois/1895_6849.png,/home/tahiti/MARINE_DATASETS/FathomNet_FGVC2025/data/images/1895.png,fd38998e6d2f9489ef2672315a68d6727d7d0ce6f5eb5bb7940dd378ac1e5081,64771d081c328aea4acf9d6d8f6fa51ed0c58a81f008ec5ea0924b02d6d83f4c,1895,2,train,2
6859,1898,71,Sebastolobus,/home/tahiti/MARINE_DATASETS/FathomNet_FGVC2025/data/rois/1898_6859.png,/home/tahiti/MARINE_DATASETS/FathomNet_FGVC2025/data/images/1898.png,48a9e6194fcd5c083e951bdb39e89fc06c943a56f25488efebb9a6dd59daf7b0,97301fa2665ebb6228ff303d477da3f392e10511620afeb26f5a72ded7a0a05b,1898,2,train,2
6861,1899,58,Peniagone,/home/tahiti/MARINE_DATASETS/FathomNet_FGVC2025/data/rois/1899_6861.png,/home/tahiti/MARINE_DATASETS/FathomNet_FGVC2025/data/images/1899.png,b324db9c130036602958c8143020639aa042fe35d0e78413bcd6f5b0060cf24c,c0d9114dd8227c4a6d1c1dd35e22f3bb445f2f90829639eeebf165b6e09473a8,1899,0,train,0
6863,1901,71,Sebastolobus,/home/tahiti/MARINE_DATASETS/FathomNet_FGVC2025/data/rois/1901_6863.png,/home/tahiti/MARINE_DATASETS/FathomNet_FGVC2025/data/images/1901.png,a1237ff0c69a80e6895c15226b1fa6f51039a35036772247f7a9df4b15cdab77,5ffdcfdebaee163794efdecaca2d1246448e8e5ada4244af63f5e1ee3ad35a03,1901,4,train,4
6906,1923,46,Mycale,/home/tahiti/MARINE_DATASETS/FathomNet_FGVC2025/data/rois/1923_6906.png,/home/tahiti/MARINE_DATASETS/FathomNet_FGVC2025/data/images/1923.png,f6b46ca8be526b512f8d49f63dcaf3adec21f503e959bddf36c39bb7c184b218,92ddcfce582a61e8d489c4c0f4aeed3fe5bc0928a8923e2cb4f4918a084b775a,1923,0,train,0
6910,1923,46,Mycale,/home/tahiti/MARINE_DATASETS/FathomNet_FGVC2025/data/rois/1923_6910.png,/home/tahiti/MARINE_DATASETS/FathomNet_FGVC2025/data/images/1923.png,b14d007f671ec375211126e0762ced44be7d94d5ee3d91fa13269607bf22b450,92ddcfce582a61e8d489c4c0f4aeed3fe5bc0928a8923e2cb4f4918a084b775a,1923,0,train,0
6921,1931,25,Gastropoda,/home/tahiti/MARINE_DATASETS/FathomNet_FGVC2025/data/rois/1931_6921.png,/home/tahiti/MARINE_DATASETS/FathomNet_FGVC2025/data/images/1931.png,258b9e23e863bce822ac6c8b46bce29199a0d3d9cf05e91b4b6bec29c3795af7,cfb18c9d2f8cfdf98c1d94e75154e825c6bd487b62faf3218277f020774c5776,1931,5,train,5
6928,1933,62,Psolus squamatus,/home/tahiti/MARINE_DATASETS/FathomNet_FGVC2025/data/rois/1933_6928.png,/home/tahiti/MARINE_DATASETS/FathomNet_FGVC2025/data/images/1933.png,45c72c886246f08d6804b57f5d88930e05710e1f2cdcfb0591cc8496dbaf5265,2ecafac7ae0e05895e9c1504fa58c875cf5d76eb360590e3f513b9918eec86c0,1933,2,train,2
6930,1934,50,Paelopatides confundens,/home/tahiti/MARINE_DATASETS/FathomNet_FGVC2025/data/rois/1934_6930.png,/home/tahiti/MARINE_DATASETS/FathomNet_FGVC2025/data/images/1934.png,3087a0390c1d2f2853facff5f22f1fd4900c57cee3dbfaeff11fe8ac4bd50e47,c75be4719cffaa41a46dc42cb068c80afb933ad5d1bbced231e27710d965400b,1934,5,train,5
6931,1935,35,Isididae,/home/tahiti/MARINE_DATASETS/FathomNet_FGVC2025/data/rois/1935_6931.png,/home/tahiti/MARINE_DATASETS/FathomNet_FGVC2025/data/images/1935.png,12c6db4b1634ce2a28dc64a54ab2a270feb2b0eacffec08a886375a99ba96669,4ef52997e043f8673f81d568ebe5590a754939e97363cd2c941438858b9001c2,1935,5,train,5
6936,1937,37,Keratoisis,/home/tahiti/MARINE_DATASETS/FathomNet_FGVC2025/data/rois/1937_6936.png,/home/tahiti/MARINE_DATASETS/FathomNet_FGVC2025/data/images/1937.png,d1d5663d001c479879d9a022044d70ae0440376e9eea690d34f6a2be0a95d2cb,f1006aedb1ed1566574702efe141d746043a4488c8620f7e009c8a7d7d06f6d4,1937,5,train,5
6953,1945,4,Actinernus,/home/tahiti/MARINE_DATASETS/FathomNet_FGVC2025/data/rois/1945_6953.png,/home/tahiti/MARINE_DATASETS/FathomNet_FGVC2025/data/images/1945.png,0eaf4e7fd6c173cf277020af66d080c1e2e7f95188d66dd1f6524bdfc38f444f,02812c390072df25c0cf9086cc67eb88fdc60c0aaeded448f116a416f791d36f,1945,4,train,4
6971,1951,58,Peniagone,/home/tahiti/MARINE_DATASETS/FathomNet_FGVC2025/data/rois/1951_6971.png,/home/tahiti/MARINE_DATASETS/FathomNet_FGVC2025/data/images/1951.png,273e4e2053816dd5b97d4b5d2c1beb92ead958c9ea0d2f52226aea26b433653e,c98bbac9a120a4c401f05c7764923f686f4b95750305407b88e5ed94f7ee1aad,1951,0,train,0
6993,1960,58,Peniagone,/home/tahiti/MARINE_DATASETS/FathomNet_FGVC2025/data/rois/1960_6993.png,/home/tahiti/MARINE_DATASETS/FathomNet_FGVC2025/data/images/1960.png,ace53fe6f55ceb4c121b553196cbbb6dface03796f7e421002de6d4e35d08f53,04270df4c06e6d302f512940bfc1afadc7d51b9723832a747db3e0aa3c6ecc05,1960,0,train,0
7013,1962,28,Heterochone calyx,/home/tahiti/MARINE_DATASETS/FathomNet_FGVC2025/data/rois/1962_7013.png,/home/tahiti/MARINE_DATASETS/FathomNet_FGVC2025/data/images/1962.png,a4d0b6177774a56b20a76edf0975035551c7f8cd2f43ed6059953f380c1d5d56,5f71cad76e38563d51614c5458ab25f80ddf0664e36833ebbf419805f1abc1bf,1962,5,train,5
7041,1972,55,Paragorgia arborea,/home/tahiti/MARINE_DATASETS/FathomNet_FGVC2025/data/rois/1972_7041.png,/home/tahiti/MARINE_DATASETS/FathomNet_FGVC2025/data/images/1972.png,0ebd0b217883d3881ada2c34e7ab991547b6b2ed92051c15e4d9680f74376df8,2469e15078d94f308e6a55ef3f864c50b73bd1b0c712f749dee7338ae538ecd8,1972,1,train,1
7050,1977,35,Isididae,/home/tahiti/MARINE_DATASETS/FathomNet_FGVC2025/data/rois/1977_7050.png,/home/tahiti/MARINE_DATASETS/FathomNet_FGVC2025/data/images/1977.png,117917422f772e601b1d3c0cf08d2b13cb4e189be0d203132ba81c19a6615bab,1a958e61518ebed49623a10942ab904b75ba9f11febbdd77ab2f95236480c2a0,1977,0,train,0
7053,1980,58,Peniagone,/home/tahiti/MARINE_DATASETS/FathomNet_FGVC2025/data/rois/1980_7053.png,/home/tahiti/MARINE_DATASETS/FathomNet_FGVC2025/data/images/1980.png,3ef27578090405358f30b3742952e24b130c744342cc2f88d46630d8ec4bc0d6,597dda4ee1a7b99d6b47fb823b80c30b7b9b6ebb57fd499d87d4b07654ecb1a5,1980,4,train,4
7058,1982,62,Psolus squamatus,/home/tahiti/MARINE_DATASETS/FathomNet_FGVC2025/data/rois/1982_7058.png,/home/tahiti/MARINE_DATASETS/FathomNet_FGVC2025/data/images/1982.png,7185aa59b4aa6d978357f5f94ca3786436e1ee6f52772f6dee46c7e06f2e69d2,2b2a40f5bf00eaec9b55dc5141db5d18ede222f1854dce45cb9026a3c0e4c303,1982,4,train,4
7061,1982,62,Psolus squamatus,/home/tahiti/MARINE_DATASETS/FathomNet_FGVC2025/data/rois/1982_7061.png,/home/tahiti/MARINE_DATASETS/FathomNet_FGVC2025/data/images/1982.png,c6e19df3af0f1d886a29ca36af9e823062f56eb526a836558196e037d60d1169,2b2a40f5bf00eaec9b55dc5141db5d18ede222f1854dce45cb9026a3c0e4c303,1982,4,train,4
7062,1982,16,Chionoecetes tanneri,/home/tahiti/MARINE_DATASETS/FathomNet_FGVC2025/data/rois/1982_7062.png,/home/tahiti/MARINE_DATASETS/FathomNet_FGVC2025/data/images/1982.png,114c56a176ea71d8bfe35602d97f3c6c04d20455c8377eb111e55c90475e490f,2b2a40f5bf00eaec9b55dc5141db5d18ede222f1854dce45cb9026a3c0e4c303,1982,4,train,4
7132,1988,37,Keratoisis,/home/tahiti/MARINE_DATASETS/FathomNet_FGVC2025/data/rois/1988_7132.png,/home/tahiti/MARINE_DATASETS/FathomNet_FGVC2025/data/images/1988.png,32c63d13f4bc5790725366c2635889a4a26cea6f36f3a626f24c3e906f9028b1,3b6cf5ce3a748f5d029191664e0958b63346afda2d6b49d0717aa7fc6f86ebd7,1988,2,train,2
7134,1989,37,Keratoisis,/home/tahiti/MARINE_DATASETS/FathomNet_FGVC2025/data/rois/1989_7134.png,/home/tahiti/MARINE_DATASETS/FathomNet_FGVC2025/data/images/1989.png,f6843285a4564535ac7c2d67b59ead961fce35925944d90f25da640cd07bad84,c77e45008a8dbfaab0b8d1d3289e83ffcd7e9d69a22932746b4c5fe04218b21e,1989,4,train,4
7144,1995,53,Pannychia moseleyi,/home/tahiti/MARINE_DATASETS/FathomNet_FGVC2025/data/rois/1995_7144.png,/home/tahiti/MARINE_DATASETS/FathomNet_FGVC2025/data/images/1995.png,49a8c1cb91fbf9e60bfb51b99e5cdadeba36ba052de1c64f89a2bf1e5329943f,dfd1f14f9893c6ed26a4361175b95199c14e0907c0f71a7210150a5e9065c792,1995,0,train,0
7175,2009,21,Elpidia,/home/tahiti/MARINE_DATASETS/FathomNet_FGVC2025/data/rois/2009_7175.png,/home/tahiti/MARINE_DATASETS/FathomNet_FGVC2025/data/images/2009.png,2011550b41607e98258d35f952f93c942cfe17a45cc7e8330df0d9626dabf69b,c383c8cfa5391787a8639437aac6d9023571659fbd56473389e9f0bc3cb97121,2009,0,train,0
7226,2034,30,Hexactinellida,/home/tahiti/MARINE_DATASETS/FathomNet_FGVC2025/data/rois/2034_7226.png,/home/tahiti/MARINE_DATASETS/FathomNet_FGVC2025/data/images/2034.png,77203d10b111390e697251e6963b31975366c8769028e3d1d0c20e31af17bded,4bfd4b767781470eb5e9fe39a2b11a0456297f57cf7dab37a3bf732e79717a40,2034,5,train,5
7284,2055,22,Farrea,/home/tahiti/MARINE_DATASETS/FathomNet_FGVC2025/data/rois/2055_7284.png,/home/tahiti/MARINE_DATASETS/FathomNet_FGVC2025/data/images/2055.png,bdd78f966c2a987fec6d9fd5d3b842356183c620e675b951756ba3a99ff88187,4a27b43f9f661e4ab9398ce850051dfe794287f405254f6fbb20e45adc919d5b,2055,2,train,2
7289,2056,11,Asteroidea,/home/tahiti/MARINE_DATASETS/FathomNet_FGVC2025/data/rois/2056_7289.png,/home/tahiti/MARINE_DATASETS/FathomNet_FGVC2025/data/images/2056.png,ac3af63df1df9154f426c4f09391fee4d4f449f3f10fd06ae4353e2b39c7790a,0541e8f7cd2fba5370259d3dab273596f5e6bde80ad72e0df35744b0c7216c36,2056,4,train,4
7310,2065,51,Pandalus amplus,/home/tahiti/MARINE_DATASETS/FathomNet_FGVC2025/data/rois/2065_7310.png,/home/tahiti/MARINE_DATASETS/FathomNet_FGVC2025/data/images/2065.png,878016865c56a1ff4af9716d5c4b9aa62ff9003fab43597580afbc24c40b3ef6,7197b75b1f8bd5ba0a2ae50120709751ddeaa8bb43919bf50d51d9c8d2a61c00,2065,2,train,2
7315,2066,11,Asteroidea,/home/tahiti/MARINE_DATASETS/FathomNet_FGVC2025/data/rois/2066_7315.png,/home/tahiti/MARINE_DATASETS/FathomNet_FGVC2025/data/images/2066.png,ba7f9184854f39b5ddd5dff75d9fcb9ec66819e33d6099a460943babf333d017,d920acb125ae928dcdd52106af9fb364a65540c9f94d1214f64ae963cdb633c0,2066,5,train,5
7317,2067,71,Sebastolobus,/home/tahiti/MARINE_DATASETS/FathomNet_FGVC2025/data/rois/2067_7317.png,/home/tahiti/MARINE_DATASETS/FathomNet_FGVC2025/data/images/2067.png,852591f24df34fefc9c2fbc1d3a003cc54a0ea161ff2cfed2a94e084eab9e700,704d834fb26c8389cc7de961149ca3ce2b0e3448fb84f24001e9d7ed3313c147,2067,1,train,1
7370,2080,7,Amphipoda,/home/tahiti/MARINE_DATASETS/FathomNet_FGVC2025/data/rois/2080_7370.png,/home/tahiti/MARINE_DATASETS/FathomNet_FGVC2025/data/images/2080.png,01188e42a8ab78f8245163eba5db2d0a8dcfa934392e7957cb3574465c161835,ce59a6b86b6b14e9d359a4a49389d83a3bf1b801f66286f9cff167c1cf676189,2080,4,train,4
7376,2080,7,Amphipoda,/home/tahiti/MARINE_DATASETS/FathomNet_FGVC2025/data/rois/2080_7376.png,/home/tahiti/MARINE_DATASETS/FathomNet_FGVC2025/data/images/2080.png,4987da8c015b391002740ffdc44f2e798788afb94a43d24dd0b8a8ffe4679163,ce59a6b86b6b14e9d359a4a49389d83a3bf1b801f66286f9cff167c1cf676189,2080,4,train,4
7383,2081,54,Paragorgia,/home/tahiti/MARINE_DATASETS/FathomNet_FGVC2025/data/rois/2081_7383.png,/home/tahiti/MARINE_DATASETS/FathomNet_FGVC2025/data/images/2081.png,fab7e2997c57b839ff38db4e8d6dfe077c4a7ae02a5da819ab2987e940d858b1,55ae71ec7841f70b163909cd5b0b71410343aaa68ffb2c5fe5f6fcd7d0e6dd81,2081,4,train,4
7402,2088,11,Asteroidea,/home/tahiti/MARINE_DATASETS/FathomNet_FGVC2025/data/rois/2088_7402.png,/home/tahiti/MARINE_DATASETS/FathomNet_FGVC2025/data/images/2088.png,b6d8d7cfffb7cb57af63711c2d0a0262f2cd6babeebe3d4d8185efdf66502cf9,4047f1991a71b758ca26e1bf077cc2a453ac0beb5f20d92cebc55615f11dac2f,2088,1,train,1
7403,2088,62,Psolus squamatus,/home/tahiti/MARINE_DATASETS/FathomNet_FGVC2025/data/rois/2088_7403.png,/home/tahiti/MARINE_DATASETS/FathomNet_FGVC2025/data/images/2088.png,f35474aee97b9e8daef5dc0952a41ebc73af01716cab2a07451d54677451f4b0,4047f1991a71b758ca26e1bf077cc2a453ac0beb5f20d92cebc55615f11dac2f,2088,1,train,1
7411,2091,11,Asteroidea,/home/tahiti/MARINE_DATASETS/FathomNet_FGVC2025/data/rois/2091_7411.png,/home/tahiti/MARINE_DATASETS/FathomNet_FGVC2025/data/images/2091.png,2229024da82443b5bd3c4f3b867bbde86ddd68a5f17c8a271c6a45bdf09d9186,e54e2d94eea3d5c4e5927e6875b743d24dc0e58c2ec47b57298434883e51362c,2091,5,train,5
7425,2094,79,Zoantharia,/home/tahiti/MARINE_DATASETS/FathomNet_FGVC2025/data/rois/2094_7425.png,/home/tahiti/MARINE_DATASETS/FathomNet_FGVC2025/data/images/2094.png,cddaa815f63f5c09ac454d2e42694d8287215f1dbc0ba9452c8b94153f371a4d,38f339af8a38f51831acbfab22ad053b71575b393df0b86d82f556f30a4d3b5a,2094,4,train,4
7443,2098,22,Farrea,/home/tahiti/MARINE_DATASETS/FathomNet_FGVC2025/data/rois/2098_7443.png,/home/tahiti/MARINE_DATASETS/FathomNet_FGVC2025/data/images/2098.png,7b8d2f56dfb8d16ad228041f4df4b2a24ef1fddc32edeed6a4128558fde7cff6,f85d7039cef18b125ef2b3bddf6d075fc332c0aca6f070f08b0bf7cb23f480a2,2098,1,train,1
7454,2104,55,Paragorgia arborea,/home/tahiti/MARINE_DATASETS/FathomNet_FGVC2025/data/rois/2104_7454.png,/home/tahiti/MARINE_DATASETS/FathomNet_FGVC2025/data/images/2104.png,0096381388b02f233106ef942d7a7bf5458b863e1fccbd5576d5d9915b215ce2,be5e2430340637160faa9092dbc5b2067b8bea1eff223a777d5d0313433c55ea,2104,5,train,5
7467,2114,47,Octopus rubescens,/home/tahiti/MARINE_DATASETS/FathomNet_FGVC2025/data/rois/2114_7467.png,/home/tahiti/MARINE_DATASETS/FathomNet_FGVC2025/data/images/2114.png,a66a1e34eb776b188b3796d66f95d26e56f4dc18255b7cb8a54625ed0e84df04,f22a4fba10e9a8c4186732de447c89ca6f48aa7136814a4ac66f4c5e627f9e32,2114,0,train,0
7497,2121,25,Gastropoda,/home/tahiti/MARINE_DATASETS/FathomNet_FGVC2025/data/rois/2121_7497.png,/home/tahiti/MARINE_DATASETS/FathomNet_FGVC2025/data/images/2121.png,c7e18b989d1745e14e774444ebaa5644c0ed73a46f0ba1ecc79dd8f485bac6a7,9575c8ae64db9343a15dd35974a48f0a1e7dae106ccfb175b09e8c94ba68868d,2121,5,train,5
7519,2135,67,Scotoplanes,/home/tahiti/MARINE_DATASETS/FathomNet_FGVC2025/data/rois/2135_7519.png,/home/tahiti/MARINE_DATASETS/FathomNet_FGVC2025/data/images/2135.png,a71888b7b5f2fa9b9fa956501a18260cd924c46e282083c67f9c62b9d0f73575,057e3486f253599068bda2b41b6ce0c36d2082cc99815a9503b1ea470286f1ee,2135,1,train,1
7531,2143,35,Isididae,/home/tahiti/MARINE_DATASETS/FathomNet_FGVC2025/data/rois/2143_7531.png,/home/tahiti/MARINE_DATASETS/FathomNet_FGVC2025/data/images/2143.png,192d11ebab51d77c815164b73266fb7f5acaa52208be3342e05a4d79dec2557d,bf4276bb13b47e3a6b79b2e4cb81d05f0e4c2d1212bf63114121fd6ebc1c1dd1,2143,5,train,5
7547,2147,77,Umbellula,/home/tahiti/MARINE_DATASETS/FathomNet_FGVC2025/data/rois/2147_7547.png,/home/tahiti/MARINE_DATASETS/FathomNet_FGVC2025/data/images/2147.png,878513248eb5f8de84a573bc5dd3978f3d22681eb71231b4b1813e6cc3123d56,cfd9c04b7d7eb9aa840455f0b34d370f6400c81efb8e17ee9ab52b7cfb0cb5fb,2147,0,train,0
7556,2152,71,Sebastolobus,/home/tahiti/MARINE_DATASETS/FathomNet_FGVC2025/data/rois/2152_7556.png,/home/tahiti/MARINE_DATASETS/FathomNet_FGVC2025/data/images/2152.png,19e8de2f5b4e91e63ae1941e3e15a4112b7eb79d439d4263afee1d63d9f2ac83,8712be98b9eeabb1549218305d4e3dcb7b3145a3352479aceb9959799b6bba3a,2152,4,train,4
7564,2156,54,Paragorgia,/home/tahiti/MARINE_DATASETS/FathomNet_FGVC2025/data/rois/2156_7564.png,/home/tahiti/MARINE_DATASETS/FathomNet_FGVC2025/data/images/2156.png,2fd22b7de995119b77f4f1ad59a85ccfe3ea576124f18f2976b4f6735ba984f2,2f0079ee36d56f89a0b47d108ae0a65c7b228481a60f091105b8d952bf760698,2156,1,train,1
7584,2168,73,Staurocalyptus,/home/tahiti/MARINE_DATASETS/FathomNet_FGVC2025/data/rois/2168_7584.png,/home/tahiti/MARINE_DATASETS/FathomNet_FGVC2025/data/images/2168.png,11917e268ea6a8e75c76216647f4cf91b594e0c44866336112625bce983240e8,d214fdead39a5df04c34c47070421ebdbe238bb788463796348c47f748c5c213,2168,0,train,0
7611,2175,52,Pandalus platyceros,/home/tahiti/MARINE_DATASETS/FathomNet_FGVC2025/data/rois/2175_7611.png,/home/tahiti/MARINE_DATASETS/FathomNet_FGVC2025/data/images/2175.png,77a9e78ee251cf9597812c7aa46d59862a47f6cfaba3fc19170761f33637825c,227d2ff0410155d6e4c2d37e9dba8176018baee63ee928ff8dd9a100169f08ac,2175,2,train,2
7614,2175,47,Octopus rubescens,/home/tahiti/MARINE_DATASETS/FathomNet_FGVC2025/data/rois/2175_7614.png,/home/tahiti/MARINE_DATASETS/FathomNet_FGVC2025/data/images/2175.png,a60e117cfb4cb95768104a9f99f0f85b7d5edd704b194672bcd7820da47884bb,227d2ff0410155d6e4c2d37e9dba8176018baee63ee928ff8dd9a100169f08ac,2175,2,train,2
7637,2181,37,Keratoisis,/home/tahiti/MARINE_DATASETS/FathomNet_FGVC2025/data/rois/2181_7637.png,/home/tahiti/MARINE_DATASETS/FathomNet_FGVC2025/data/images/2181.png,e25abddc3580f4b40720e0176d0243e0fafdaec97ea1cc683e1673da25d573a2,77b4e125400efaf49345d11ebdbf2bc43c4511cc3a6e356199c361436bf161eb,2181,4,train,4
7640,2184,29,Heteropolypus ritteri,/home/tahiti/MARINE_DATASETS/FathomNet_FGVC2025/data/rois/2184_7640.png,/home/tahiti/MARINE_DATASETS/FathomNet_FGVC2025/data/images/2184.png,e9271090700906269cbabcdc8c46ae9e3cf223e477519eb32c5cad49b2948b25,20b8ed6a140c6f1c1748993ee1f678c7a28ea8d42ee3241357db12f8b0e85820,2184,2,train,2
7641,2184,11,Asteroidea,/home/tahiti/MARINE_DATASETS/FathomNet_FGVC2025/data/rois/2184_7641.png,/home/tahiti/MARINE_DATASETS/FathomNet_FGVC2025/data/images/2184.png,2cdb00e941abef835191394fef53ebf52c3d6b3a6a10c7e15e21867e35f95fcc,20b8ed6a140c6f1c1748993ee1f678c7a28ea8d42ee3241357db12f8b0e85820,2184,2,train,2
7661,2190,14,Caridea,/home/tahiti/MARINE_DATASETS/FathomNet_FGVC2025/data/rois/2190_7661.png,/home/tahiti/MARINE_DATASETS/FathomNet_FGVC2025/data/images/2190.png,bb14aafbf0a9a7ea8941adb005275d2bae9ce23e21a84591bd2fcd7abeaef055,ec73e94d6c64116718e65813b02ad1a9afdd4da8bebf844cd3426f18e7a0b1f9,2190,1,train,1
7697,2203,68,Scotoplanes globosa,/home/tahiti/MARINE_DATASETS/FathomNet_FGVC2025/data/rois/2203_7697.png,/home/tahiti/MARINE_DATASETS/FathomNet_FGVC2025/data/images/2203.png,4dfe418ac75dc0d9193b87ff3bb6d92a6e4ae1c302718f1835295b97f7ba5687,6b960092d97e59ee787390aff8ef95f8d0f8fd2c0cd398c9eefe04dc774ad2d0,2203,0,train,0
7703,2204,11,Asteroidea,/home/tahiti/MARINE_DATASETS/FathomNet_FGVC2025/data/rois/2204_7703.png,/home/tahiti/MARINE_DATASETS/FathomNet_FGVC2025/data/images/2204.png,8feced730e717eb97e36bd95253225f9df6bd71fdb04c653e4c7d7dcb10820b6,de5a53a37529a96f51f3f47a4b2d255587335a14a841441ef7c9dc461412c88d,2204,5,train,5
7708,2208,53,Pannychia moseleyi,/home/tahiti/MARINE_DATASETS/FathomNet_FGVC2025/data/rois/2208_7708.png,/home/tahiti/MARINE_DATASETS/FathomNet_FGVC2025/data/images/2208.png,971474b7c85a661c1e7431f800aaef23934fde7d5841bdc26c0631b941c0a6c0,371289bba3047a3294ec691caf06f0f183700bdff5bb3517995bee107e7b79ad,2208,0,train,0
7717,2212,73,Staurocalyptus,/home/tahiti/MARINE_DATASETS/FathomNet_FGVC2025/data/rois/2212_7717.png,/home/tahiti/MARINE_DATASETS/FathomNet_FGVC2025/data/images/2212.png,ec6bfb598aaef220c1d926ae435fb6e90e2d9bfdf422038ec2d19c60fa4fda41,6dede5458ab348d83d936511796202172d36187d82008ce8612d3e8820d5f517,2212,4,train,4
7734,2219,55,Paragorgia arborea,/home/tahiti/MARINE_DATASETS/FathomNet_FGVC2025/data/rois/2219_7734.png,/home/tahiti/MARINE_DATASETS/FathomNet_FGVC2025/data/images/2219.png,934992ce4ddb87b807d2ab024dd1414d17a8b2613f074e9c4ce8ed9007099b7a,fa16528d31f53b34979dc1139ea542eb2847d0b2ac2f8352015dfd6b340d29f6,2219,4,train,4
7755,2226,68,Scotoplanes globosa,/home/tahiti/MARINE_DATASETS/FathomNet_FGVC2025/data/rois/2226_7755.png,/home/tahiti/MARINE_DATASETS/FathomNet_FGVC2025/data/images/2226.png,19eeb6d348846d9bff6531d0c1537709cc9fa843b3bb9c257e3a7a91927cd3fb,e60a1efd14d6ec3f9babc75245e68cbc20d523b96fea2f8a7dd6860133652cf6,2226,0,train,0
7771,2236,51,Pandalus amplus,/home/tahiti/MARINE_DATASETS/FathomNet_FGVC2025/data/rois/2236_7771.png,/home/tahiti/MARINE_DATASETS/FathomNet_FGVC2025/data/images/2236.png,fc06c2ab0ba1a67061c4740388cd519b822f4210e51ed0d06171f94c672fd117,7007198ef06a6218f22fb4dbeaa1ce44feb124bc240fea4f75b989e6e69d05ad,2236,1,train,1
7784,2239,17,Chorilia longipes,/home/tahiti/MARINE_DATASETS/FathomNet_FGVC2025/data/rois/2239_7784.png,/home/tahiti/MARINE_DATASETS/FathomNet_FGVC2025/data/images/2239.png,69b85dd777b74d3e30aa5d90c455a9642b89e600857141b755905e2fac991314,93020b48c324b7904a5af494b9b3d3aa9ba1739b23f435d4c83ba2b9c466df61,2239,0,train,0
7789,2243,53,Pannychia moseleyi,/home/tahiti/MARINE_DATASETS/FathomNet_FGVC2025/data/rois/2243_7789.png,/home/tahiti/MARINE_DATASETS/FathomNet_FGVC2025/data/images/2243.png,b17cc72a8112aa67539292bbd918b29985fab3773c3bdbcaf2e32efa331e3aae,c72c0e8b4b10cba31950bef9912e07e80bd42a4b58fd72a2f8d3ddc36c5ae98d,2243,2,train,2
7795,2247,16,Chionoecetes tanneri,/home/tahiti/MARINE_DATASETS/FathomNet_FGVC2025/data/rois/2247_7795.png,/home/tahiti/MARINE_DATASETS/FathomNet_FGVC2025/data/images/2247.png,a1b6f7bef97806e0de57bc87ef4a9823a56c088a036f7b9df0a2f64573e2aa82,bae78f67e9e395aea2428c73a0b1a49a95a5f3716b6ac0e5d0883fc849f3b80c,2247,2,train,2
7798,2249,65,Rathbunaster californicus,/home/tahiti/MARINE_DATASETS/FathomNet_FGVC2025/data/rois/2249_7798.png,/home/tahiti/MARINE_DATASETS/FathomNet_FGVC2025/data/images/2249.png,848969df5bbd52ace5911b688c21ab9d4993488c2ae660eca05df42ec79352a9,ba886b3c7421e312f4a7f1748c6770b9bfd05b7d154f704a092ee0a40d21d675,2249,2,train,2
7814,2253,31,Hippasteria,/home/tahiti/MARINE_DATASETS/FathomNet_FGVC2025/data/rois/2253_7814.png,/home/tahiti/MARINE_DATASETS/FathomNet_FGVC2025/data/images/2253.png,b4723599e6d68d33a9707648d13578933f8e36f3783c9b1199440c5f579df1e1,cbd904aac0d5d5ac8e74dbbb357a1e3030b9eee5979bd9df129a80671accb333,2253,2,train,2
7818,2254,23,Florometra serratissima,/home/tahiti/MARINE_DATASETS/FathomNet_FGVC2025/data/rois/2254_7818.png,/home/tahiti/MARINE_DATASETS/FathomNet_FGVC2025/data/images/2254.png,54148f304d9e642555dded9b1fd23b148b6f77f93c79b27f2754ca36420a6953,db1374d9be15b668c636fec079e133358b94b4941cdf19ca8c2f7154b6db35b2,2254,1,train,1
7820,2255,72,Serpulidae,/home/tahiti/MARINE_DATASETS/FathomNet_FGVC2025/data/rois/2255_7820.png,/home/tahiti/MARINE_DATASETS/FathomNet_FGVC2025/data/images/2255.png,a6bb6280f3fa48aea87f4b1ef642251392c178ccdc59a81d16dfefb534346348,e96dd030722c52f8b79c98f9b9b3f6fcd2be6d7f1ba8eeae51e1547068ae466a,2255,4,train,4
7853,2266,33,Hormathiidae,/home/tahiti/MARINE_DATASETS/FathomNet_FGVC2025/data/rois/2266_7853.png,/home/tahiti/MARINE_DATASETS/FathomNet_FGVC2025/data/images/2266.png,fa9e8e460a15b756cba40ce4fc27225a7605042618ab519252037460e5b153e6,cf30cc7dd2f9ab5e089029fcd0d2146cdd01b1efaa3e48274eabedfce9b6eb67,2266,4,train,4
7855,2267,35,Isididae,/home/tahiti/MARINE_DATASETS/FathomNet_FGVC2025/data/rois/2267_7855.png,/home/tahiti/MARINE_DATASETS/FathomNet_FGVC2025/data/images/2267.png,f749816a71eda7868d1c3bca6c2aa67e33ff4cfed196af1282dcc6a9dff66719,8fbbc6c3804ed29614c1d40493e00eb11b49ceb0199cf1b51e40694cc4ab4926,2267,0,train,0
7868,2275,68,Scotoplanes globosa,/home/tahiti/MARINE_DATASETS/FathomNet_FGVC2025/data/rois/2275_7868.png,/home/tahiti/MARINE_DATASETS/FathomNet_FGVC2025/data/images/2275.png,4b9745ee9941616bec9229bfca3aa4e75ddd8aa182cbc5387c91ba0a8ca50ba5,78c7af8706747dfd4fc72116e409253f5ade430d15ec7adad491aea3ba3bfd05,2275,4,train,4
7887,2281,55,Paragorgia arborea,/home/tahiti/MARINE_DATASETS/FathomNet_FGVC2025/data/rois/2281_7887.png,/home/tahiti/MARINE_DATASETS/FathomNet_FGVC2025/data/images/2281.png,44a719b60d595fbe340afcb2e5d6ad56cec31f2f310ab187492c474fb5076d0e,e2a348db17523ec45d454b146b76233db367952f114badc427f6cef415d1c0b3,2281,0,train,0
7952,2306,8,Apostichopus leukothele,/home/tahiti/MARINE_DATASETS/FathomNet_FGVC2025/data/rois/2306_7952.png,/home/tahiti/MARINE_DATASETS/FathomNet_FGVC2025/data/images/2306.png,a379d7c1d7aa5ab17d9b1c043cc0f6d7d68d7e0c630bde7e4e822bf710679b94,80b3fcc9c448084b8c87fa198e642b6d977598aa45cae512ddcebbbc6fa24aae,2306,2,train,2
7961,2311,73,Staurocalyptus,/home/tahiti/MARINE_DATASETS/FathomNet_FGVC2025/data/rois/2311_7961.png,/home/tahiti/MARINE_DATASETS/FathomNet_FGVC2025/data/images/2311.png,5c02e1408e7d221ccd19ae8a9ab71b8c787e1c8c594003285f96103066bc7ff5,3650da770cfa3124940248fca08d262bd78a0374653504892c1193e7d92f45b0,2311,0,train,0
7966,2311,73,Staurocalyptus,/home/tahiti/MARINE_DATASETS/FathomNet_FGVC2025/data/rois/2311_7966.png,/home/tahiti/MARINE_DATASETS/FathomNet_FGVC2025/data/images/2311.png,7261685acec10baa747377fab971b78fbefe86c9ed831c56f15901d3bbee4b56,3650da770cfa3124940248fca08d262bd78a0374653504892c1193e7d92f45b0,2311,0,train,0
7972,2317,35,Isididae,/home/tahiti/MARINE_DATASETS/FathomNet_FGVC2025/data/rois/2317_7972.png,/home/tahiti/MARINE_DATASETS/FathomNet_FGVC2025/data/images/2317.png,40871a2b46236e59865f37fb89560efea0ffb093efa8d6a752ff9ca242b0a29f,f6daa1527ed45164805a1359b445aa565c7e3d28230c6e314758fcdca0f11410,2317,4,train,4
7978,2321,1,Abyssocucumis abyssorum,/home/tahiti/MARINE_DATASETS/FathomNet_FGVC2025/data/rois/2321_7978.png,/home/tahiti/MARINE_DATASETS/FathomNet_FGVC2025/data/images/2321.png,80480169a934a94557bd93fe81c4524b880ee3c7c4b7182206743ef73dc0e4f4,13810c46401c9a674d70ee78d713dea587d3889380c4a3040001b71b2dc0fbf3,2321,0,train,0
7979,2322,56,Paralomis multispina,/home/tahiti/MARINE_DATASETS/FathomNet_FGVC2025/data/rois/2322_7979.png,/home/tahiti/MARINE_DATASETS/FathomNet_FGVC2025/data/images/2322.png,47d84270f60a094180c5566ca69f11548db2f08b38e2c0cc20c85728fe9d33e8,f88671dfc71b1db91be66e9b5a556cf4129f648801f271ad7090d01246034523,2322,2,train,2
8005,2334,37,Keratoisis,/home/tahiti/MARINE_DATASETS/FathomNet_FGVC2025/data/rois/2334_8005.png,/home/tahiti/MARINE_DATASETS/FathomNet_FGVC2025/data/images/2334.png,d037270aabfa5590c584212e904262d68ad4b4d2bdaae71b6ff87b7fc8562946,db2cd53a85ca4c9dfb443906b3d939da1c1289c5ee70d655fc0275be97871e3a,2334,4,train,4
8013,2340,45,Munnopsidae,/home/tahiti/MARINE_DATASETS/FathomNet_FGVC2025/data/rois/2340_8013.png,/home/tahiti/MARINE_DATASETS/FathomNet_FGVC2025/data/images/2340.png,4fc440db6659aa55588ca987799f77ac92ce3060ad9111cf9f373aa9a765b720,7c0925cc35a0bb7f41d75c7dd888bcf81cb6059fba3580ab28e8d3f5e0791ad3,2340,4,train,4
8018,2342,31,Hippasteria,/home/tahiti/MARINE_DATASETS/FathomNet_FGVC2025/data/rois/2342_8018.png,/home/tahiti/MARINE_DATASETS/FathomNet_FGVC2025/data/images/2342.png,bc0ac825e5a74da0854f33e1998b828911f4074209969e43661a59dab53a1d9d,36a4851a7c06648d19969ac5f09e19a3cb0bd820bf74a1c2aece210d44d9cccd,2342,0,train,0
8054,2361,55,Paragorgia arborea,/home/tahiti/MARINE_DATASETS/FathomNet_FGVC2025/data/rois/2361_8054.png,/home/tahiti/MARINE_DATASETS/FathomNet_FGVC2025/data/images/2361.png,f438de1b73c6d5de54466686fde577b663c8375533f3e647a549f270eac5c06a,4f628737efd4797a251594d1400c2d3cfe6bab935bce366db58c1569ea62d6bc,2361,5,train,5
8115,2385,20,Delectopecten,/home/tahiti/MARINE_DATASETS/FathomNet_FGVC2025/data/rois/2385_8115.png,/home/tahiti/MARINE_DATASETS/FathomNet_FGVC2025/data/images/2385.png,2e3851e4e2f24d6a90c1e183ca48de2234fd52ff4d921e8014c2bae5458153dd,3e0281643a639b56c3cd256b84c5ea4f9134358112968cd35d6917a9b836f1bb,2385,2,train,2
8124,2390,28,Heterochone calyx,/home/tahiti/MARINE_DATASETS/FathomNet_FGVC2025/data/rois/2390_8124.png,/home/tahiti/MARINE_DATASETS/FathomNet_FGVC2025/data/images/2390.png,adb4ac29d37ceecb6a5f0576ed2043e06ac920de6fa04430f1fa7520cf3282bc,ab441ff81b7da745d64ff7b666339d7ea8b6993baaff0bcb1a5e9cc55d0a302d,2390,1,train,1
8126,2390,10,Asbestopluma monticola,/home/tahiti/MARINE_DATASETS/FathomNet_FGVC2025/data/rois/2390_8126.png,/home/tahiti/MARINE_DATASETS/FathomNet_FGVC2025/data/images/2390.png,d9d8cfaae98689356231a40ce113573acc60e486be0d992aa7e26176c8b95aa4,ab441ff81b7da745d64ff7b666339d7ea8b6993baaff0bcb1a5e9cc55d0a302d,2390,1,train,1
8129,2390,16,Chionoecetes tanneri,/home/tahiti/MARINE_DATASETS/FathomNet_FGVC2025/data/rois/2390_8129.png,/home/tahiti/MARINE_DATASETS/FathomNet_FGVC2025/data/images/2390.png,a6646ece1d9638a071d33fc1ecb4b1fe0150ba05b3bd6ea416275a92dd644ff1,ab441ff81b7da745d64ff7b666339d7ea8b6993baaff0bcb1a5e9cc55d0a302d,2390,1,train,1
8133,2390,16,Chionoecetes tanneri,/home/tahiti/MARINE_DATASETS/FathomNet_FGVC2025/data/rois/2390_8133.png,/home/tahiti/MARINE_DATASETS/FathomNet_FGVC2025/data/images/2390.png,a0a0754c5b1d59ab385daf0ed3fcf1a1ba9819a8a7cba4acba917cb5bbf01284,ab441ff81b7da745d64ff7b666339d7ea8b6993baaff0bcb1a5e9cc55d0a302d,2390,1,train,1
8136,2390,10,Asbestopluma monticola,/home/tahiti/MARINE_DATASETS/FathomNet_FGVC2025/data/rois/2390_8136.png,/home/tahiti/MARINE_DATASETS/FathomNet_FGVC2025/data/images/2390.png,1ee3f807e49de56c1002d82692278cd7760645292df7e2791af0f9178b128591,ab441ff81b7da745d64ff7b666339d7ea8b6993baaff0bcb1a5e9cc55d0a302d,2390,1,train,1
8154,2393,38,Liponema brevicorne,/home/tahiti/MARINE_DATASETS/FathomNet_FGVC2025/data/rois/2393_8154.png,/home/tahiti/MARINE_DATASETS/FathomNet_FGVC2025/data/images/2393.png,823e4106220320c8d773498b5e0dd7f8fb59efde96ea71e32aacf80e580394c7,a274f511f9d4f251a2a9f9f5f34f14f7ec3b1c91ebb341c2834c32d413ae05b7,2393,5,train,5
8155,2393,65,Rathbunaster californicus,/home/tahiti/MARINE_DATASETS/FathomNet_FGVC2025/data/rois/2393_8155.png,/home/tahiti/MARINE_DATASETS/FathomNet_FGVC2025/data/images/2393.png,113512e333308e26191295b8cea4da6997c23d1a036f3348c931ee642a11d653,a274f511f9d4f251a2a9f9f5f34f14f7ec3b1c91ebb341c2834c32d413ae05b7,2393,5,train,5
8163,2395,77,Umbellula,/home/tahiti/MARINE_DATASETS/FathomNet_FGVC2025/data/rois/2395_8163.png,/home/tahiti/MARINE_DATASETS/FathomNet_FGVC2025/data/images/2395.png,34ec581fb510fc556e6f9b60358d5658158eaba9548ef8c0b69d88365117387f,fa58f499453aa3b9a7438212d8e54e095aa77834ea7a8887961edd354c009129,2395,1,train,1
8175,2395,10,Asbestopluma monticola,/home/tahiti/MARINE_DATASETS/FathomNet_FGVC2025/data/rois/2395_8175.png,/home/tahiti/MARINE_DATASETS/FathomNet_FGVC2025/data/images/2395.png,6787f7d0a8b9fd53f3756db3784e60071642f39daecedb798c3e983de3318323,fa58f499453aa3b9a7438212d8e54e095aa77834ea7a8887961edd354c009129,2395,1,train,1
8182,2395,29,Heteropolypus ritteri,/home/tahiti/MARINE_DATASETS/FathomNet_FGVC2025/data/rois/2395_8182.png,/home/tahiti/MARINE_DATASETS/FathomNet_FGVC2025/data/images/2395.png,bceda2677deba028fc0c19e8ce6a71ba599e0faac1b817e204ca2ae45716f936,fa58f499453aa3b9a7438212d8e54e095aa77834ea7a8887961edd354c009129,2395,1,train,1
8188,2398,24,Funiculina,/home/tahiti/MARINE_DATASETS/FathomNet_FGVC2025/data/rois/2398_8188.png,/home/tahiti/MARINE_DATASETS/FathomNet_FGVC2025/data/images/2398.png,c04d03201694af4eba6062e9ea6fe2cb359bcc02c90edb70be2c8e3d34fcf594,3eadddfee98d75aebffc9d424dd4bca1d680e0d89dc69198d340fdcd50b58dbf,2398,0,train,0
8206,2405,52,Pandalus platyceros,/home/tahiti/MARINE_DATASETS/FathomNet_FGVC2025/data/rois/2405_8206.png,/home/tahiti/MARINE_DATASETS/FathomNet_FGVC2025/data/images/2405.png,a047971811a88d32c68f0b9decbb7ef217d1b520b132cf6bacf70703ae74c4f6,f3aab4ac6804a509af3dd14251f8349d5a53edb935c2724f2be9840af2ba7054,2405,1,train,1
8212,2405,52,Pandalus platyceros,/home/tahiti/MARINE_DATASETS/FathomNet_FGVC2025/data/rois/2405_8212.png,/home/tahiti/MARINE_DATASETS/FathomNet_FGVC2025/data/images/2405.png,ba070902a26c4168107f9565e220ff8e83bafaaa7735ff1d649a5bf63d8910ab,f3aab4ac6804a509af3dd14251f8349d5a53edb935c2724f2be9840af2ba7054,2405,1,train,1
8222,2406,28,Heterochone calyx,/home/tahiti/MARINE_DATASETS/FathomNet_FGVC2025/data/rois/2406_8222.png,/home/tahiti/MARINE_DATASETS/FathomNet_FGVC2025/data/images/2406.png,0e33d55d7a20485eb7daf62c19bd8b94425b7f7ebbc2bcfa06db8044ce13e3f5,55a569de0a3e5271b8bbbd85ba460dd00b761382706cc4360b3c8ac2efca4f87,2406,2,train,2
8239,2411,16,Chionoecetes tanneri,/home/tahiti/MARINE_DATASETS/FathomNet_FGVC2025/data/rois/2411_8239.png,/home/tahiti/MARINE_DATASETS/FathomNet_FGVC2025/data/images/2411.png,dda9de1bbd991cf19cb09f261692e956bae048cdd8e240f1b6d9909b43edb09e,e9c7fa0ee0565a49a57dc0391c1b62cad66e22877b98bfe6ed26135045930b58,2411,1,train,1
8242,2411,34,Isidella tentaculum,/home/tahiti/MARINE_DATASETS/FathomNet_FGVC2025/data/rois/2411_8242.png,/home/tahiti/MARINE_DATASETS/FathomNet_FGVC2025/data/images/2411.png,6560c7fe4f8aeb612c20854bbe69d1097a51679f8ae515b25f7f45ba41c2a666,e9c7fa0ee0565a49a57dc0391c1b62cad66e22877b98bfe6ed26135045930b58,2411,1,train,1
8245,2412,16,Chionoecetes tanneri,/home/tahiti/MARINE_DATASETS/FathomNet_FGVC2025/data/rois/2412_8245.png,/home/tahiti/MARINE_DATASETS/FathomNet_FGVC2025/data/images/2412.png,e52fdf00867263cd2b1dbc8086f8b226a1ec8d7303b19816666d484303a56421,0d49fba3ae28072d17df68347e131b1bef905e0e028048e2488309414b587841,2412,5,train,5
8249,2412,57,Parastenella,/home/tahiti/MARINE_DATASETS/FathomNet_FGVC2025/data/rois/2412_8249.png,/home/tahiti/MARINE_DATASETS/FathomNet_FGVC2025/data/images/2412.png,037b5143667dd9988cb0ba7a8c0b79cda445505d4de5a5b92b5652fec1f59d9f,0d49fba3ae28072d17df68347e131b1bef905e0e028048e2488309414b587841,2412,5,train,5
8261,2415,28,Heterochone calyx,/home/tahiti/MARINE_DATASETS/FathomNet_FGVC2025/data/rois/2415_8261.png,/home/tahiti/MARINE_DATASETS/FathomNet_FGVC2025/data/images/2415.png,27e2613b686ffae085826220e1ef926aeccfee83248b241df048b984e01732fe,5f80189790dea6594efc0eec0ea521926cc1c44802c8ea0d5622b11ddaec4054,2415,2,train,2
8264,2416,65,Rathbunaster californicus,/home/tahiti/MARINE_DATASETS/FathomNet_FGVC2025/data/rois/2416_8264.png,/home/tahiti/MARINE_DATASETS/FathomNet_FGVC2025/data/images/2416.png,dc302deb52a3bfd0f0b708878544ee388b6f08e72e111e683d538d784825021a,9f795a460f50129c6f48560bc81735382ad93beff3358aefc7bf8d65606d412c,2416,5,train,5
8271,2419,44,Munidopsis,/home/tahiti/MARINE_DATASETS/FathomNet_FGVC2025/data/rois/2419_8271.png,/home/tahiti/MARINE_DATASETS/FathomNet_FGVC2025/data/images/2419.png,821f6a1b8b9f967de0b28bd670ce93e2a7f3828d5a41436e0cea698fa5afea85,448284a5cac4fa51b05ec64a922d8c91ff35129d2ac37785adab9fb8484c0938,2419,4,train,4
8317,2434,42,Metridium farcimen,/home/tahiti/MARINE_DATASETS/FathomNet_FGVC2025/data/rois/2434_8317.png,/home/tahiti/MARINE_DATASETS/FathomNet_FGVC2025/data/images/2434.png,d11d6a8392e3a2ec9376d0c5e9d47c25e7e80a5360ac6ea4d537c1a4b77b3c3d,fc94b68793d2edc176636375eb686fcee67479c13674a09fc2aeba0db4fdc9ff,2434,1,train,1
8337,2444,31,Hippasteria,/home/tahiti/MARINE_DATASETS/FathomNet_FGVC2025/data/rois/2444_8337.png,/home/tahiti/MARINE_DATASETS/FathomNet_FGVC2025/data/images/2444.png,eb7ffb30c4eb4374d4e3d6e6030eda21ed60c42e7b41f515105795219cae5619,fc9a0d7d568f89d1814eaf5885744e1bb8ee4a67ceeb63c9925061693cdea270,2444,5,train,5
8350,2444,22,Farrea,/home/tahiti/MARINE_DATASETS/FathomNet_FGVC2025/data/rois/2444_8350.png,/home/tahiti/MARINE_DATASETS/FathomNet_FGVC2025/data/images/2444.png,81e680c3cbeccaab81b2bfbdfba94fe05cee1c9da89b2121f68630961cf28485,fc9a0d7d568f89d1814eaf5885744e1bb8ee4a67ceeb63c9925061693cdea270,2444,5,train,5
8355,2445,55,Paragorgia arborea,/home/tahiti/MARINE_DATASETS/FathomNet_FGVC2025/data/rois/2445_8355.png,/home/tahiti/MARINE_DATASETS/FathomNet_FGVC2025/data/images/2445.png,b66affbd4c7c6e5801540a3652d3ce85e025b627c0b9eb11b0baa5a537e50de3,14bf1bce87a36cd5813b00915ec5ca84c9d9c1f45610988d85758651946c3e86,2445,2,train,2
8376,2451,24,Funiculina,/home/tahiti/MARINE_DATASETS/FathomNet_FGVC2025/data/rois/2451_8376.png,/home/tahiti/MARINE_DATASETS/FathomNet_FGVC2025/data/images/2451.png,29c9c6ff17cecc1aa1b49b7120b10496491b9d73a34f718b36ac7761e4aaa8bb,afb17890e4c251b471a786da88a1fcab59e27227bfd15c483baaacf30f8924d2,2451,4,train,4
8385,2451,24,Funiculina,/home/tahiti/MARINE_DATASETS/FathomNet_FGVC2025/data/rois/2451_8385.png,/home/tahiti/MARINE_DATASETS/FathomNet_FGVC2025/data/images/2451.png,7a4fd4e302a6c60be85bc5af746eb40ffb3b85716d647ec564a87b1d2adc3891,afb17890e4c251b471a786da88a1fcab59e27227bfd15c483baaacf30f8924d2,2451,4,train,4
8391,2451,24,Funiculina,/home/tahiti/MARINE_DATASETS/FathomNet_FGVC2025/data/rois/2451_8391.png,/home/tahiti/MARINE_DATASETS/FathomNet_FGVC2025/data/images/2451.png,610e4a3901a85633a7e5eae71abbd4dedde0c0534dced117bfc62576e4912bfe,afb17890e4c251b471a786da88a1fcab59e27227bfd15c483baaacf30f8924d2,2451,4,train,4
8490,2473,55,Paragorgia arborea,/home/tahiti/MARINE_DATASETS/FathomNet_FGVC2025/data/rois/2473_8490.png,/home/tahiti/MARINE_DATASETS/FathomNet_FGVC2025/data/images/2473.png,cf08d99961a0d169e9b1907459f78f4edbde091f5997e52ef5e38c7fec7794b3,777b705cdbd37a932b4116a1a0d60f6f2a8d8a234cafe994b99329a74dcc6481,2473,2,train,2
8492,2473,35,Isididae,/home/tahiti/MARINE_DATASETS/FathomNet_FGVC2025/data/rois/2473_8492.png,/home/tahiti/MARINE_DATASETS/FathomNet_FGVC2025/data/images/2473.png,e0ceae206b064da17dd15102c06ed9e5c5edb93f17517b8f05947336ebf9f914,777b705cdbd37a932b4116a1a0d60f6f2a8d8a234cafe994b99329a74dcc6481,2473,2,train,2
8493,2474,57,Parastenella,/home/tahiti/MARINE_DATASETS/FathomNet_FGVC2025/data/rois/2474_8493.png,/home/tahiti/MARINE_DATASETS/FathomNet_FGVC2025/data/images/2474.png,d756c81429ab298b478b71752eb76e734f13e18f520b62a9a702ab23ba335133,5354e041addf7e929b954c5da9bb6760bc09e6fc772ab9b9343db8fa834fcacd,2474,5,train,5
8495,2475,68,Scotoplanes globosa,/home/tahiti/MARINE_DATASETS/FathomNet_FGVC2025/data/rois/2475_8495.png,/home/tahiti/MARINE_DATASETS/FathomNet_FGVC2025/data/images/2475.png,ad840a968b967bd02155c628fd7a8f45879a527247cd1ea571c8ac800d6b12c6,8cd004584e8193c44a36d2443ab494e16fb285137897f38cedceb9330ce38021,2475,4,train,4
8501,2478,68,Scotoplanes globosa,/home/tahiti/MARINE_DATASETS/FathomNet_FGVC2025/data/rois/2478_8501.png,/home/tahiti/MARINE_DATASETS/FathomNet_FGVC2025/data/images/2478.png,c97c416721db8bb9175b3cda457132a89fe59f0f4f8cc836576ef16d61de49c9,d91f9c1649a5c9d51d777e84d01b9f815009c678ee90f92de2306d934dbe0473,2478,4,train,4
8508,2481,13,Brisingida,/home/tahiti/MARINE_DATASETS/FathomNet_FGVC2025/data/rois/2481_8508.png,/home/tahiti/MARINE_DATASETS/FathomNet_FGVC2025/data/images/2481.png,a3c0bd6ef955f54d5ab9d813b2a1d9f41c18affaa8052380f462dba3d22b67c1,9cb8310dc0565eb4f803d12b4feb4cedc1a4afb2f236b68a4231a1c24a645751,2481,2,train,2
8509,2482,41,Merluccius productus,/home/tahiti/MARINE_DATASETS/FathomNet_FGVC2025/data/rois/2482_8509.png,/home/tahiti/MARINE_DATASETS/FathomNet_FGVC2025/data/images/2482.png,f18ca4651fd206897f06d239977519f19d2f31841a6c46947d6f507c17531f57,ba1e169e76f7f14cf582e5959ee5859dbdce5c891e7b6bcaf1aa10214754ce3a,2482,1,train,1
8511,2484,50,Paelopatides confundens,/home/tahiti/MARINE_DATASETS/FathomNet_FGVC2025/data/rois/2484_8511.png,/home/tahiti/MARINE_DATASETS/FathomNet_FGVC2025/data/images/2484.png,f349ebc805b4601c89ab08bd691fb0a620ab3ff4ab3e3c966203f96ae3809381,ce579211924eb8527457da75675df8d63f5a4677b5a06d10f6e78c9731e07821,2484,5,train,5
8532,2495,75,Terebellidae,/home/tahiti/MARINE_DATASETS/FathomNet_FGVC2025/data/rois/2495_8532.png,/home/tahiti/MARINE_DATASETS/FathomNet_FGVC2025/data/images/2495.png,382f555e943ba96240fb3645e2ebd8aa1d983740152656e0d58bab727aff540e,240b3ede6cab1c2186ee9e744a3e237aa3354db4d920944e049c875f26a5b799,2495,1,train,1
8538,2495,75,Terebellidae,/home/tahiti/MARINE_DATASETS/FathomNet_FGVC2025/data/rois/2495_8538.png,/home/tahiti/MARINE_DATASETS/FathomNet_FGVC2025/data/images/2495.png,48c972d2818b26801271c2ac2bb618cd0620017174c92195382d1f9d2b891c49,240b3ede6cab1c2186ee9e744a3e237aa3354db4d920944e049c875f26a5b799,2495,1,train,1
8539,2496,37,Keratoisis,/home/tahiti/MARINE_DATASETS/FathomNet_FGVC2025/data/rois/2496_8539.png,/home/tahiti/MARINE_DATASETS/FathomNet_FGVC2025/data/images/2496.png,ffee1e23aa6280e98eaaac7d486d10df44167209be0fc7f44d656ce9059eb226,38e93a11db1e306f6d8367144da73f96bd777075a6d2caa8023f9cb64f33070c,2496,4,train,4
8552,2506,44,Munidopsis,/home/tahiti/MARINE_DATASETS/FathomNet_FGVC2025/data/rois/2506_8552.png,/home/tahiti/MARINE_DATASETS/FathomNet_FGVC2025/data/images/2506.png,a7a9511cf2ce1d75015f43b722e8dba736b82c92476c33b2df82063e8e8d750e,7336b81eb2b5dfdaab480d7fb89804deb35182145dd6b8185817a6ee47fa6d64,2506,2,train,2
8553,2506,44,Munidopsis,/home/tahiti/MARINE_DATASETS/FathomNet_FGVC2025/data/rois/2506_8553.png,/home/tahiti/MARINE_DATASETS/FathomNet_FGVC2025/data/images/2506.png,d5ea3691f234991e9ffa6297d5c314fc9941c05e845affc855f42218b012b82d,7336b81eb2b5dfdaab480d7fb89804deb35182145dd6b8185817a6ee47fa6d64,2506,2,train,2
8556,2508,15,Ceriantharia,/home/tahiti/MARINE_DATASETS/FathomNet_FGVC2025/data/rois/2508_8556.png,/home/tahiti/MARINE_DATASETS/FathomNet_FGVC2025/data/images/2508.png,860bcdff2bef17a241a009bb206e68db982a24dcc4dfb1248831277a9fc01ef8,8fa066ddd9cd18f73558eaeb5144ea0899467764b8b02423725bf4db10f5ebd0,2508,0,train,0
8567,2514,42,Metridium farcimen,/home/tahiti/MARINE_DATASETS/FathomNet_FGVC2025/data/rois/2514_8567.png,/home/tahiti/MARINE_DATASETS/FathomNet_FGVC2025/data/images/2514.png,f019dadeacd5a29c802992745803b78ab491f96b02dcfe1ed6274b608b8339de,54de13dd00a9ecc5d1b550fba2578e4e91b8edab22a8a780a91b2882f8de813a,2514,1,train,1
8603,2528,41,Merluccius productus,/home/tahiti/MARINE_DATASETS/FathomNet_FGVC2025/data/rois/2528_8603.png,/home/tahiti/MARINE_DATASETS/FathomNet_FGVC2025/data/images/2528.png,d3076b64847975fa4d7f3c2900b887d33397844bedbaa3b2b05d693268b2ee7a,429ae3662aaf21a39ec20229b3f8444850324a427eb212ca591e32f9021c094e,2528,1,train,1
8613,2534,70,Sebastes diploproa,/home/tahiti/MARINE_DATASETS/FathomNet_FGVC2025/data/rois/2534_8613.png,/home/tahiti/MARINE_DATASETS/FathomNet_FGVC2025/data/images/2534.png,9733e50c1cdebf60d6ce8b73e16e8b7734164ab5e49837a77e0fc7cb26f4c888,2611163ba44f604b9fe1e77eb47ce550d16f9ac388853bc0556aaa06bfd02b65,2534,4,train,4
8616,2535,38,Liponema brevicorne,/home/tahiti/MARINE_DATASETS/FathomNet_FGVC2025/data/rois/2535_8616.png,/home/tahiti/MARINE_DATASETS/FathomNet_FGVC2025/data/images/2535.png,562e9fbb9f72d3518d06b990abb40f532c052fd7032ad044d6678fe8dbe76f62,3657c7cf9e763ca3167df7ff7ca415b123f50c9aad196efb1a5c84b7f7c6156b,2535,4,train,4
8617,2535,43,Microstomus pacificus,/home/tahiti/MARINE_DATASETS/FathomNet_FGVC2025/data/rois/2535_8617.png,/home/tahiti/MARINE_DATASETS/FathomNet_FGVC2025/data/images/2535.png,fd6e254c1297e9da06dd9629d795a63d0cc0ed3c85d3bc5253844ab8a804ce2e,3657c7cf9e763ca3167df7ff7ca415b123f50c9aad196efb1a5c84b7f7c6156b,2535,4,train,4
8620,2537,33,Hormathiidae,/home/tahiti/MARINE_DATASETS/FathomNet_FGVC2025/data/rois/2537_8620.png,/home/tahiti/MARINE_DATASETS/FathomNet_FGVC2025/data/images/2537.png,0db89118b1f493f33eb45b865e19e89e2d12836d26e477c7b375808f652804a0,91da7870a2f274d9d1c8197ed68db25c1e372d07c0917313b7d612bd3b30917e,2537,2,train,2
8622,2537,33,Hormathiidae,/home/tahiti/MARINE_DATASETS/FathomNet_FGVC2025/data/rois/2537_8622.png,/home/tahiti/MARINE_DATASETS/FathomNet_FGVC2025/data/images/2537.png,bbab8dace9e14ebc693fdc2cc160d16841a4cb465c0b43d5cd08a60f4c27c729,91da7870a2f274d9d1c8197ed68db25c1e372d07c0917313b7d612bd3b30917e,2537,2,train,2
8634,2537,33,Hormathiidae,/home/tahiti/MARINE_DATASETS/FathomNet_FGVC2025/data/rois/2537_8634.png,/home/tahiti/MARINE_DATASETS/FathomNet_FGVC2025/data/images/2537.png,460d1a5864892f4ca45e01691c710f11b7bf06f58ed6bd464d64cada2942c207,91da7870a2f274d9d1c8197ed68db25c1e372d07c0917313b7d612bd3b30917e,2537,2,train,2
8637,2537,33,Hormathiidae,/home/tahiti/MARINE_DATASETS/FathomNet_FGVC2025/data/rois/2537_8637.png,/home/tahiti/MARINE_DATASETS/FathomNet_FGVC2025/data/images/2537.png,aa713559d84aeed316568b7641b0510e521fb15a9cbafd6a1099a450b131dc4c,91da7870a2f274d9d1c8197ed68db25c1e372d07c0917313b7d612bd3b30917e,2537,2,train,2
8646,2537,33,Hormathiidae,/home/tahiti/MARINE_DATASETS/FathomNet_FGVC2025/data/rois/2537_8646.png,/home/tahiti/MARINE_DATASETS/FathomNet_FGVC2025/data/images/2537.png,cae2becd1cd0ae9d09aa3cd5c19137b51fa45ac879874cc8d30fd7cc7043983e,91da7870a2f274d9d1c8197ed68db25c1e372d07c0917313b7d612bd3b30917e,2537,2,train,2
8668,2551,75,Terebellidae,/home/tahiti/MARINE_DATASETS/FathomNet_FGVC2025/data/rois/2551_8668.png,/home/tahiti/MARINE_DATASETS/FathomNet_FGVC2025/data/images/2551.png,54e1de51b7e440f1550e8817f2fcc2e5932c5bde3d11edceec27d99a1c274cd5,a76205acfbaa4a5daf80af1a908972d0a50d5c3f559910903c81c938ff6e5f25,2551,1,train,1
8709,2570,25,Gastropoda,/home/tahiti/MARINE_DATASETS/FathomNet_FGVC2025/data/rois/2570_8709.png,/home/tahiti/MARINE_DATASETS/FathomNet_FGVC2025/data/images/2570.png,c4b0b2525336f0246336b9cfe3bb1675c8cd52b3eafdf2cc1a9e0ec0f44bce2e,de1be97155d8c0d2f55792d0c8191476c3e701842bc21bcd5d4632d6c6139ba9,2570,0,train,0
8722,2575,30,Hexactinellida,/home/tahiti/MARINE_DATASETS/FathomNet_FGVC2025/data/rois/2575_8722.png,/home/tahiti/MARINE_DATASETS/FathomNet_FGVC2025/data/images/2575.png,f09bff6b8e5287f47f2ad34f93facd35e1a3cc67970cd6de2cf2c29525409463,6c069954a16b047f2f11789f2847cb9716d170f5e07b30a1d16f25a190152443,2575,1,train,1
8727,2576,72,Serpulidae,/home/tahiti/MARINE_DATASETS/FathomNet_FGVC2025/data/rois/2576_8727.png,/home/tahiti/MARINE_DATASETS/FathomNet_FGVC2025/data/images/2576.png,39254bf8ba3b4d3af17a7f99a68ec616fce36a8ee3f1f423d5e35e93ff28d9ae,1331abe571dcdccc8e17b7451be1f670af698d9428826ee46d6787da9a677b3b,2576,2,train,2
8732,2576,72,Serpulidae,/home/tahiti/MARINE_DATASETS/FathomNet_FGVC2025/data/rois/2576_8732.png,/home/tahiti/MARINE_DATASETS/FathomNet_FGVC2025/data/images/2576.png,b517948f214aad34868fa4d6b2995d4279c25e02a97991a726031e367619fd65,1331abe571dcdccc8e17b7451be1f670af698d9428826ee46d6787da9a677b3b,2576,2,train,2
8752,2576,72,Serpulidae,/home/tahiti/MARINE_DATASETS/FathomNet_FGVC2025/data/rois/2576_8752.png,/home/tahiti/MARINE_DATASETS/FathomNet_FGVC2025/data/images/2576.png,953d33cd52ad9bcbc1425790cf4247f62d59d7f64fd41e370169ef2f4aba64dc,1331abe571dcdccc8e17b7451be1f670af698d9428826ee46d6787da9a677b3b,2576,2,train,2
8753,2576,72,Serpulidae,/home/tahiti/MARINE_DATASETS/FathomNet_FGVC2025/data/rois/2576_8753.png,/home/tahiti/MARINE_DATASETS/FathomNet_FGVC2025/data/images/2576.png,7634b78bc0694dc2d0355af84cbd6a6c9c6aac555d45204047167f3233a09ad2,1331abe571dcdccc8e17b7451be1f670af698d9428826ee46d6787da9a677b3b,2576,2,train,2
8754,2576,72,Serpulidae,/home/tahiti/MARINE_DATASETS/FathomNet_FGVC2025/data/rois/2576_8754.png,/home/tahiti/MARINE_DATASETS/FathomNet_FGVC2025/data/images/2576.png,aa8d9b234186ba3ab6a74847424b30a67f354a127b233ecb324a6f7c32ef7538,1331abe571dcdccc8e17b7451be1f670af698d9428826ee46d6787da9a677b3b,2576,2,train,2
8758,2576,20,Delectopecten,/home/tahiti/MARINE_DATASETS/FathomNet_FGVC2025/data/rois/2576_8758.png,/home/tahiti/MARINE_DATASETS/FathomNet_FGVC2025/data/images/2576.png,55d30e943e5d07a55007853f6f4696ae6c4d79db8e525e8307ab6d5438b35a69,1331abe571dcdccc8e17b7451be1f670af698d9428826ee46d6787da9a677b3b,2576,2,train,2
8776,2576,72,Serpulidae,/home/tahiti/MARINE_DATASETS/FathomNet_FGVC2025/data/rois/2576_8776.png,/home/tahiti/MARINE_DATASETS/FathomNet_FGVC2025/data/images/2576.png,f24266fadd81d7b997bff26f3ab1b43b65d67591c62be445b6705550c3d2916c,1331abe571dcdccc8e17b7451be1f670af698d9428826ee46d6787da9a677b3b,2576,2,train,2
8783,2576,72,Serpulidae,/home/tahiti/MARINE_DATASETS/FathomNet_FGVC2025/data/rois/2576_8783.png,/home/tahiti/MARINE_DATASETS/FathomNet_FGVC2025/data/images/2576.png,e1f666fe0095f79b353288bcfd4943dbfbc7449df5b6c3e19670d82f9c5ee0f7,1331abe571dcdccc8e17b7451be1f670af698d9428826ee46d6787da9a677b3b,2576,2,train,2
8799,2576,72,Serpulidae,/home/tahiti/MARINE_DATASETS/FathomNet_FGVC2025/data/rois/2576_8799.png,/home/tahiti/MARINE_DATASETS/FathomNet_FGVC2025/data/images/2576.png,05b1ec936c9ca672436cd31ebf0849259ca418fbee9c6ff176f73919c31181aa,1331abe571dcdccc8e17b7451be1f670af698d9428826ee46d6787da9a677b3b,2576,2,train,2
8802,2576,72,Serpulidae,/home/tahiti/MARINE_DATASETS/FathomNet_FGVC2025/data/rois/2576_8802.png,/home/tahiti/MARINE_DATASETS/FathomNet_FGVC2025/data/images/2576.png,720c434c9ce5038da491771e7ea75171cf7becc2ecddbe4bdf7493377e940870,1331abe571dcdccc8e17b7451be1f670af698d9428826ee46d6787da9a677b3b,2576,2,train,2
8826,2576,72,Serpulidae,/home/tahiti/MARINE_DATASETS/FathomNet_FGVC2025/data/rois/2576_8826.png,/home/tahiti/MARINE_DATASETS/FathomNet_FGVC2025/data/images/2576.png,a6277d04f412abae7e82eb42a6c224536fee261d1e40529fa6a1d755e8186f5d,1331abe571dcdccc8e17b7451be1f670af698d9428826ee46d6787da9a677b3b,2576,2,train,2
8830,2576,72,Serpulidae,/home/tahiti/MARINE_DATASETS/FathomNet_FGVC2025/data/rois/2576_8830.png,/home/tahiti/MARINE_DATASETS/FathomNet_FGVC2025/data/images/2576.png,ee7f9c30525582a1fa67ec274efd04b49a411070dd046c0b74de006b81eb57a0,1331abe571dcdccc8e17b7451be1f670af698d9428826ee46d6787da9a677b3b,2576,2,train,2
8845,2585,45,Munnopsidae,/home/tahiti/MARINE_DATASETS/FathomNet_FGVC2025/data/rois/2585_8845.png,/home/tahiti/MARINE_DATASETS/FathomNet_FGVC2025/data/images/2585.png,63737ca5773a1d5a3f82965ba3db112e0d02bcd22c4bda76da931dcc170a4d61,732a9f8b7f046a5fc85b557df0b3517ee606223c301ef1530697acd5b20296ea,2585,2,train,2
8868,2596,57,Parastenella,/home/tahiti/MARINE_DATASETS/FathomNet_FGVC2025/data/rois/2596_8868.png,/home/tahiti/MARINE_DATASETS/FathomNet_FGVC2025/data/images/2596.png,007febe25498c9864351fba1e22b3ca817dc166f239ffcc9fe5bb04627b90835,f056b9226be6d38d693ab501dfe6b47d11006153dae11e267482279fdbe0ef71,2596,0,train,0
8869,2596,57,Parastenella,/home/tahiti/MARINE_DATASETS/FathomNet_FGVC2025/data/rois/2596_8869.png,/home/tahiti/MARINE_DATASETS/FathomNet_FGVC2025/data/images/2596.png,0de70f2b14331966165cac4c6aee8a649fcf4af924e911cfc6c47ef31bd65940,f056b9226be6d38d693ab501dfe6b47d11006153dae11e267482279fdbe0ef71,2596,0,train,0
8871,2596,30,Hexactinellida,/home/tahiti/MARINE_DATASETS/FathomNet_FGVC2025/data/rois/2596_8871.png,/home/tahiti/MARINE_DATASETS/FathomNet_FGVC2025/data/images/2596.png,c1ee24e8401c3d1df67a84520cbf3fb6a91f7bbe5cecea9eb42df42d81fc8010,f056b9226be6d38d693ab501dfe6b47d11006153dae11e267482279fdbe0ef71,2596,0,train,0
8905,2607,12,Benthocodon pedunculata,/home/tahiti/MARINE_DATASETS/FathomNet_FGVC2025/data/rois/2607_8905.png,/home/tahiti/MARINE_DATASETS/FathomNet_FGVC2025/data/images/2607.png,1dc5a77765f8f61d56f1415d435f1066d2872eeffa40d9405f85c30e24e859dc,d3686d518cdcda400638bafcf2c7c56df4f1d428db4f0f9d83c769fedb8d24cd,2607,4,train,4
8936,2613,69,Sebastes,/home/tahiti/MARINE_DATASETS/FathomNet_FGVC2025/data/rois/2613_8936.png,/home/tahiti/MARINE_DATASETS/FathomNet_FGVC2025/data/images/2613.png,3813c485804844c9ddc04fba7c1c330cdb797690875c7772a1613125193e406c,c8b633bef7b49361fb39ecceb2e5779a5bd1b4b1e852b63e0434b859fe3e7b3b,2613,5,train,5
8946,2615,64,Pyrosoma atlanticum,/home/tahiti/MARINE_DATASETS/FathomNet_FGVC2025/data/rois/2615_8946.png,/home/tahiti/MARINE_DATASETS/FathomNet_FGVC2025/data/images/2615.png,07149bae2c06a2cb782b52715600f575aac539689440a62532084b12990bd394,4c7e0b077d1cb406be560e4497d9de0d6f26fc44010ab6033db539a0ff674a27,2615,2,train,2
8954,2620,42,Metridium farcimen,/home/tahiti/MARINE_DATASETS/FathomNet_FGVC2025/data/rois/2620_8954.png,/home/tahiti/MARINE_DATASETS/FathomNet_FGVC2025/data/images/2620.png,8ae9b479ec1553d0774c82ac82c87c0a02eb112125846424bc034cfd9f01ff6b,49f65c6e4390599bc910b7ca305acbf4cbd65ade3fd0d89795cf1d1b9cf13633,2620,0,train,0
8959,2622,45,Munnopsidae,/home/tahiti/MARINE_DATASETS/FathomNet_FGVC2025/data/rois/2622_8959.png,/home/tahiti/MARINE_DATASETS/FathomNet_FGVC2025/data/images/2622.png,118fc54fe2924ba0a62ba6f9ac62b5240dacf6d9ba221a0201a698ff69045418,4ac6b1202f737af25b02b83523046d23c50df31eddfd2a34739bf7e050142a89,2622,5,train,5
8960,2623,45,Munnopsidae,/home/tahiti/MARINE_DATASETS/FathomNet_FGVC2025/data/rois/2623_8960.png,/home/tahiti/MARINE_DATASETS/FathomNet_FGVC2025/data/images/2623.png,5490214b57da0f95a9834a13b96bcdccb7ab57e4a45ef84b0cb9b022932c4304,80260ae1fd1cfcb4cced6eab1b8fae46a4a918bda6f63a8f0a48c0d9dd4a50eb,2623,1,train,1
8966,2628,42,Metridium farcimen,/home/tahiti/MARINE_DATASETS/FathomNet_FGVC2025/data/rois/2628_8966.png,/home/tahiti/MARINE_DATASETS/FathomNet_FGVC2025/data/images/2628.png,ade201a26d32d32950b5816a3c4bbacb43b4fd4c1e6c310e9ec91bedd12f434d,5de7e89ccc0dbefd3d66557ed134623ea1e465888ee3dc5fd80b14aa12720784,2628,4,train,4
8987,2637,45,Munnopsidae,/home/tahiti/MARINE_DATASETS/FathomNet_FGVC2025/data/rois/2637_8987.png,/home/tahiti/MARINE_DATASETS/FathomNet_FGVC2025/data/images/2637.png,a8307443ce157f4f8afbd38b733b3bc64155d8617a6739add4c05886a16e1b66,009f540bc338a916da63b2c947f50a3f69e2ac03da824928ba494fd27f5c089a,2637,2,train,2
8998,2640,78,Vesicomyidae,/home/tahiti/MARINE_DATASETS/FathomNet_FGVC2025/data/rois/2640_8998.png,/home/tahiti/MARINE_DATASETS/FathomNet_FGVC2025/data/images/2640.png,3f56436c28b6af1c9739300672b3a48a402defb89b244c0c333b2913f57d83df,72c8b53552a9a16eae53a41a5edd1107907c4419c72a53209298d24ab641c7eb,2640,1,train,1
9044,2655,37,Keratoisis,/home/tahiti/MARINE_DATASETS/FathomNet_FGVC2025/data/rois/2655_9044.png,/home/tahiti/MARINE_DATASETS/FathomNet_FGVC2025/data/images/2655.png,875bed9f7663752b8795e3104294b0132a722727e00ac904dd7924e4dff6cd29,94059886df56972fb620dd2f9dbbdb9991928d09562a27fd66bacc6c531e164c,2655,4,train,4
9045,2655,37,Keratoisis,/home/tahiti/MARINE_DATASETS/FathomNet_FGVC2025/data/rois/2655_9045.png,/home/tahiti/MARINE_DATASETS/FathomNet_FGVC2025/data/images/2655.png,f392bfbee1caa3ca1f0ef0f119c457b61e2b8cc751ce71fd483ac5ebdc9f1dcf,94059886df56972fb620dd2f9dbbdb9991928d09562a27fd66bacc6c531e164c,2655,4,train,4
9053,2657,27,Heterocarpus,/home/tahiti/MARINE_DATASETS/FathomNet_FGVC2025/data/rois/2657_9053.png,/home/tahiti/MARINE_DATASETS/FathomNet_FGVC2025/data/images/2657.png,5b768afc2e8b73c14134554779b393e47ae7cc3578e81f20ccf8556fe86b9b07,ddf5c80bd66741283a479a49ff5da9b882873bcc9d647e209e3fef6a1f120e3c,2657,1,train,1
9061,2659,67,Scotoplanes,/home/tahiti/MARINE_DATASETS/FathomNet_FGVC2025/data/rois/2659_9061.png,/home/tahiti/MARINE_DATASETS/FathomNet_FGVC2025/data/images/2659.png,b3b18e1b3198e4f694fc2e7f7d73a0985386fb5fb2a2ef21d48f23f6b47fed2a,1624e3626c044b1ca6d22e6b4460f02460dd70941fc910734ae75e97319348b3,2659,1,train,1
9105,2676,19,Crinoidea,/home/tahiti/MARINE_DATASETS/FathomNet_FGVC2025/data/rois/2676_9105.png,/home/tahiti/MARINE_DATASETS/FathomNet_FGVC2025/data/images/2676.png,bfcbe6918db63a86d30011916d7d962b0e861ea7655d001a5a1c058557daae2d,82fd5e6a21bb4a4cbaddf356ccd8d44fff7994520a82087b36d91b6438ec05a4,2676,2,train,2
9116,2683,65,Rathbunaster californicus,/home/tahiti/MARINE_DATASETS/FathomNet_FGVC2025/data/rois/2683_9116.png,/home/tahiti/MARINE_DATASETS/FathomNet_FGVC2025/data/images/2683.png,07ef68d15a68de2e5107d315e0516ae6270666371e5dc00515cee3ef39edbd4b,7f5af032374b646009a08bbb4b5855f582744d959381429d2bec45cea6519f8c,2683,0,train,0
9117,2684,53,Pannychia moseleyi,/home/tahiti/MARINE_DATASETS/FathomNet_FGVC2025/data/rois/2684_9117.png,/home/tahiti/MARINE_DATASETS/FathomNet_FGVC2025/data/images/2684.png,071761b1c19390e450614d77f0886a79910951f72869e44c8aeec34ecbb90908,ca758b3b7bf267a6a7e80721bd7adc8a1d90194d2e17bfa39b3e7a7d1da7bbc4,2684,1,train,1
9134,2691,65,Rathbunaster californicus,/home/tahiti/MARINE_DATASETS/FathomNet_FGVC2025/data/rois/2691_9134.png,/home/tahiti/MARINE_DATASETS/FathomNet_FGVC2025/data/images/2691.png,33f2273867931fc8e49b30e5a2fe384b7346516201d6e51ae3f22a5ddc199547,9ffa59094f5ae948160b63bb78b4b2da28161259c15a4c9403bb488d53f286fb,2691,2,train,2
9145,2699,76,Tunicata,/home/tahiti/MARINE_DATASETS/FathomNet_FGVC2025/data/rois/2699_9145.png,/home/tahiti/MARINE_DATASETS/FathomNet_FGVC2025/data/images/2699.png,43101a4784b9d5d6db71ed6ac9c56ac9700a4a0a0c13f886deade803854bcfe9,ceccc3d99b04123bede6b1d13ef0a305366236768a1022de04bf0ba756dd3328,2699,5,train,5
9164,2707,16,Chionoecetes tanneri,/home/tahiti/MARINE_DATASETS/FathomNet_FGVC2025/data/rois/2707_9164.png,/home/tahiti/MARINE_DATASETS/FathomNet_FGVC2025/data/images/2707.png,0cdb2b2f3881860687f29f74873aca3a8eda4e00c505f467b712fa04a6c8802f,9624a65e5c1d691e878d31875549fc02ad5194160f6d477893d080c7f1df897e,2707,2,train,2
9220,2726,79,Zoantharia,/home/tahiti/MARINE_DATASETS/FathomNet_FGVC2025/data/rois/2726_9220.png,/home/tahiti/MARINE_DATASETS/FathomNet_FGVC2025/data/images/2726.png,a8683b6a2b28bcae4274378e08b75010ed6f0993aad55cf470954098d1f57a43,e9758e66ec59a8c3a0738e98e2693381416d8170435966ce129987508db1bc22,2726,5,train,5
9224,2726,79,Zoantharia,/home/tahiti/MARINE_DATASETS/FathomNet_FGVC2025/data/rois/2726_9224.png,/home/tahiti/MARINE_DATASETS/FathomNet_FGVC2025/data/images/2726.png,295fc1bd4f9dca41fd3b0936a5e00a953d419a8bbfc419d7d08429b7820fccbb,e9758e66ec59a8c3a0738e98e2693381416d8170435966ce129987508db1bc22,2726,5,train,5
9250,2733,50,Paelopatides confundens,/home/tahiti/MARINE_DATASETS/FathomNet_FGVC2025/data/rois/2733_9250.png,/home/tahiti/MARINE_DATASETS/FathomNet_FGVC2025/data/images/2733.png,9d40bfb8ea9b34beda817ba1464b16be8dfa807ae969a5af4b481f9496f84eb0,b75862159746f3356d0fab87b56f8fcf92d21ad380ff95cf38fa79105aedf75b,2733,1,train,1
9254,2734,73,Staurocalyptus,/home/tahiti/MARINE_DATASETS/FathomNet_FGVC2025/data/rois/2734_9254.png,/home/tahiti/MARINE_DATASETS/FathomNet_FGVC2025/data/images/2734.png,2fc8f8e0c9590638ddf47f2c966083a5d46279bac07e537f45cd39afc5830ca3,d088da028315ca469e50f6017e6c4908351a5d7a63d4cbfe35de7bbbc8e1d30c,2734,1,train,1
9259,2737,65,Rathbunaster californicus,/home/tahiti/MARINE_DATASETS/FathomNet_FGVC2025/data/rois/2737_9259.png,/home/tahiti/MARINE_DATASETS/FathomNet_FGVC2025/data/images/2737.png,ccb97ff192e50d22690cd5bbf931972f3ee3b6daf7bdfe4df77fbd862bcf6149,684b03e06d41aba2a1a75032119a369eb7365df46336194f652b6d0a8a42145e,2737,0,train,0
9263,2740,47,Octopus rubescens,/home/tahiti/MARINE_DATASETS/FathomNet_FGVC2025/data/rois/2740_9263.png,/home/tahiti/MARINE_DATASETS/FathomNet_FGVC2025/data/images/2740.png,040c93b4af9788e76b1836de672bb78c1749ff0b2cc1d295e26cde6db4affa2c,81d9b9339a00b6d7780e1e0bd1db3145f4c4b2a9d06585450555081038ac6968,2740,2,train,2
9275,2741,28,Heterochone calyx,/home/tahiti/MARINE_DATASETS/FathomNet_FGVC2025/data/rois/2741_9275.png,/home/tahiti/MARINE_DATASETS/FathomNet_FGVC2025/data/images/2741.png,48f14630b33b8a3f7d6d6214cae55a1ab6a667f62dd24956e8bb0803c41c827a,4679dbdbb2970c44a024a4773f4c85337814f08696adccdf1b7ab42be1da3096,2741,2,train,2
9302,2751,14,Caridea,/home/tahiti/MARINE_DATASETS/FathomNet_FGVC2025/data/rois/2751_9302.png,/home/tahiti/MARINE_DATASETS/FathomNet_FGVC2025/data/images/2751.png,d66abed32aaceca2679982fd4b302187f8066dc7b253e71dba7cbe9a0515dd4f,d1b99641b7579f0d7d89daf6d07f0b535a21fb84f6167506f05a3c880b403f7c,2751,4,train,4
9315,2758,37,Keratoisis,/home/tahiti/MARINE_DATASETS/FathomNet_FGVC2025/data/rois/2758_9315.png,/home/tahiti/MARINE_DATASETS/FathomNet_FGVC2025/data/images/2758.png,d10cc6da14ce0e5f2da7ed23509038d0bdd652edcce372d1f6fad961ec537a56,8d4e56c351c7de758592b27a78edbddec926838a3655efe78fd3ccd22981f7bf,2758,5,train,5
9318,2759,59,Pennatula phosphorea,/home/tahiti/MARINE_DATASETS/FathomNet_FGVC2025/data/rois/2759_9318.png,/home/tahiti/MARINE_DATASETS/FathomNet_FGVC2025/data/images/2759.png,84f6d4423ae78e02d327043b9a15272fda47ef084ffa9694321ffba083017d29,f4f2bbf0a2e465f571504dc86119eb736a7b4379bcde2ac6234bb91a07c27224,2759,0,train,0
9337,2763,40,Mediaster aequalis,/home/tahiti/MARINE_DATASETS/FathomNet_FGVC2025/data/rois/2763_9337.png,/home/tahiti/MARINE_DATASETS/FathomNet_FGVC2025/data/images/2763.png,46002e199ed119dcf129e945cad6d9360eb8fd5e6142cef24f5a94bc2fbf358a,e07cb57b9fd0136be1cbb55e77783d8359c3953026186877633f4a2972bcb7e8,2763,1,train,1
9345,2768,7,Amphipoda,/home/tahiti/MARINE_DATASETS/FathomNet_FGVC2025/data/rois/2768_9345.png,/home/tahiti/MARINE_DATASETS/FathomNet_FGVC2025/data/images/2768.png,53fd470059a8f364e41479a0000ec77bc87c1d05679ae814d66984dcd57382f2,e2845d7b328f53ee4ec99b9456ff9389687b098e4200957f83f55ac8f9947656,2768,4,train,4
9387,2782,67,Scotoplanes,/home/tahiti/MARINE_DATASETS/FathomNet_FGVC2025/data/rois/2782_9387.png,/home/tahiti/MARINE_DATASETS/FathomNet_FGVC2025/data/images/2782.png,45e9da75a2d769a449ddd1d512aa3b271332c86d6cd387a782bfa3c425e183e4,8fb458bbb9b3200d21da28448b73b8d7c3bde5974f851267b49a6a5bc990b641,2782,0,train,0
9405,2791,41,Merluccius productus,/home/tahiti/MARINE_DATASETS/FathomNet_FGVC2025/data/rois/2791_9405.png,/home/tahiti/MARINE_DATASETS/FathomNet_FGVC2025/data/images/2791.png,a5eb8e98e7b6fa7c514340c551b5a0be8d09521ee49d0e2136baf00980d6b92f,df254937b6912b785f457e65e2a9a38fb893a38c451100f2b77548c8cd10ff13,2791,4,train,4
9439,2815,37,Keratoisis,/home/tahiti/MARINE_DATASETS/FathomNet_FGVC2025/data/rois/2815_9439.png,/home/tahiti/MARINE_DATASETS/FathomNet_FGVC2025/data/images/2815.png,c4e6b27980a1488c612289008d03d8b9b5bb4bcd7820009720d222e20c1c3dec,cf710a7517ffdc0ab40effa4b34d965f29ab5537e681993901cdbf4ded6d820b,2815,5,train,5
9451,2821,45,Munnopsidae,/home/tahiti/MARINE_DATASETS/FathomNet_FGVC2025/data/rois/2821_9451.png,/home/tahiti/MARINE_DATASETS/FathomNet_FGVC2025/data/images/2821.png,e7777e71089c4530c009f9b6ab1fb003bff5cfda4c41dd17864233f68aae961c,1bb054ecff4b5fc3d94efb40562b9918ce82dbeb49efa5252f1aeab49b652d0d,2821,4,train,4
9471,2828,39,Lithodidae,/home/tahiti/MARINE_DATASETS/FathomNet_FGVC2025/data/rois/2828_9471.png,/home/tahiti/MARINE_DATASETS/FathomNet_FGVC2025/data/images/2828.png,74fae85b102d44d381e6ab14b77238226acbe36f165f5e69f73d514213046a56,469edc9492b2d970a198a57fb7342c5ce04af4b7a7d9a74d37b60f4591edac3f,2828,2,train,2
9474,2829,37,Keratoisis,/home/tahiti/MARINE_DATASETS/FathomNet_FGVC2025/data/rois/2829_9474.png,/home/tahiti/MARINE_DATASETS/FathomNet_FGVC2025/data/images/2829.png,e5e231d3bc53da62020118e1c77c0a2b6e7833987e63356bbc9c555d8454dda5,86909919624f210e451ed2ca7d3a3bfd4ea46f458a53fa6437d817a6ca5dbd57,2829,2,train,2
9549,2866,42,Metridium farcimen,/home/tahiti/MARINE_DATASETS/FathomNet_FGVC2025/data/rois/2866_9549.png,/home/tahiti/MARINE_DATASETS/FathomNet_FGVC2025/data/images/2866.png,b859b2f89a3fff001808483d5d2702d1421c1a2be18355700f0495eac0747d09,0e94d7f6e8736f2553bd0ee52782f9753995e1bf3323ffbfdf761c4cd73be5c2,2866,4,train,4
9555,2870,28,Heterochone calyx,/home/tahiti/MARINE_DATASETS/FathomNet_FGVC2025/data/rois/2870_9555.png,/home/tahiti/MARINE_DATASETS/FathomNet_FGVC2025/data/images/2870.png,5895317cb3d48744f6298e5c3fd53f08ad747719491529409ad55c8ca298dd2f,015b6bfc7b7a7a388f73cadffed53483318c6614cd3bdb8181787a1d75e7aecd,2870,1,train,1
9569,2874,52,Pandalus platyceros,/home/tahiti/MARINE_DATASETS/FathomNet_FGVC2025/data/rois/2874_9569.png,/home/tahiti/MARINE_DATASETS/FathomNet_FGVC2025/data/images/2874.png,0cb077010d632a5b32b9d30f4a49abf31264564719ecca7546025aae88468784,b6a984ee1a6ba9cd82f5de41c7b79bd441ba351b0323d4f2ddf9589806eebdce,2874,1,train,1
9579,2874,52,Pandalus platyceros,/home/tahiti/MARINE_DATASETS/FathomNet_FGVC2025/data/rois/2874_9579.png,/home/tahiti/MARINE_DATASETS/FathomNet_FGVC2025/data/images/2874.png,0d46afe92828b8789c627380de58f61919180a5fbbbcd7b7de9d8c5f74160ac7,b6a984ee1a6ba9cd82f5de41c7b79bd441ba351b0323d4f2ddf9589806eebdce,2874,1,train,1
9591,2877,29,Heteropolypus ritteri,/home/tahiti/MARINE_DATASETS/FathomNet_FGVC2025/data/rois/2877_9591.png,/home/tahiti/MARINE_DATASETS/FathomNet_FGVC2025/data/images/2877.png,5c15f4c9a96a5ee0a1b329a7b85298c367845fcf092e38c2a242871c0d11280b,c35480c82e38b0b9c60ed7bd98942ad9704559ed1a5fa341480519802dfdd289,2877,1,train,1
9593,2877,29,Heteropolypus ritteri,/home/tahiti/MARINE_DATASETS/FathomNet_FGVC2025/data/rois/2877_9593.png,/home/tahiti/MARINE_DATASETS/FathomNet_FGVC2025/data/images/2877.png,88964df6ef6e80bc78b36f425e362e4fa2c4e2357c740ad9125a89511145b629,c35480c82e38b0b9c60ed7bd98942ad9704559ed1a5fa341480519802dfdd289,2877,1,train,1
9602,2880,28,Heterochone calyx,/home/tahiti/MARINE_DATASETS/FathomNet_FGVC2025/data/rois/2880_9602.png,/home/tahiti/MARINE_DATASETS/FathomNet_FGVC2025/data/images/2880.png,bf37a90b5a4fc6c7e632685cb201e46db31a38c07e3e75222caefe53627765c0,a415d639a96e7b39feb6f4ce1c7c105e56c25766e35af730285f249bc8d66d60,2880,5,train,5
9610,2883,14,Caridea,/home/tahiti/MARINE_DATASETS/FathomNet_FGVC2025/data/rois/2883_9610.png,/home/tahiti/MARINE_DATASETS/FathomNet_FGVC2025/data/images/2883.png,9a2323914d7cd7d9d8bfcfca7b9fe048e6417da396197d22d6298ad455e10c32,a8934db73c218a48ea1d25c06546dedd5e2f9d38bb6cd6ab69ee7684adadf061,2883,4,train,4
9612,2883,77,Umbellula,/home/tahiti/MARINE_DATASETS/FathomNet_FGVC2025/data/rois/2883_9612.png,/home/tahiti/MARINE_DATASETS/FathomNet_FGVC2025/data/images/2883.png,847448424748a1bc26b122c7809268cb04644937650fbcf8be2dea34ba1c63c2,a8934db73c218a48ea1d25c06546dedd5e2f9d38bb6cd6ab69ee7684adadf061,2883,4,train,4
9620,2888,65,Rathbunaster californicus,/home/tahiti/MARINE_DATASETS/FathomNet_FGVC2025/data/rois/2888_9620.png,/home/tahiti/MARINE_DATASETS/FathomNet_FGVC2025/data/images/2888.png,88b4d01ad2aea0960ebf86ad60502ea913c0ee3606ffe2c91906f3c641002041,1c63f856c1909cbb38daac913a9a3a3d4754be5f65777b1d5b5b1918b110e079,2888,5,train,5
9621,2889,21,Elpidia,/home/tahiti/MARINE_DATASETS/FathomNet_FGVC2025/data/rois/2889_9621.png,/home/tahiti/MARINE_DATASETS/FathomNet_FGVC2025/data/images/2889.png,d6a19e144051a769a00dd33c3e30c5cd4dad11021c43241577906d6730f64e1e,4e8b0bdbe02c21a83241f6ba18fe5bb004bc0fb7346fc7275c399bc88c541665,2889,4,train,4
9628,2892,28,Heterochone calyx,/home/tahiti/MARINE_DATASETS/FathomNet_FGVC2025/data/rois/2892_9628.png,/home/tahiti/MARINE_DATASETS/FathomNet_FGVC2025/data/images/2892.png,22250faf1a7a9a82a66f0c27e7f4aa1672fcfd0c78089ff6fe98105077913b67,7ffee10ccb6a32fed18b58ae64d574d67e6f9d59210a31bf73ffa221a513bc6a,2892,5,train,5
9629,2893,30,Hexactinellida,/home/tahiti/MARINE_DATASETS/FathomNet_FGVC2025/data/rois/2893_9629.png,/home/tahiti/MARINE_DATASETS/FathomNet_FGVC2025/data/images/2893.png,ab7c19d59739ece40fb4b9530437be41b13a2fe16974cc8a212a6c72492a45e8,5c9450a10053ec82a786d9dc72b1dbab7dac6dc0c982f2211a7efe7165a1aa00,2893,0,train,0
9639,2896,65,Rathbunaster californicus,/home/tahiti/MARINE_DATASETS/FathomNet_FGVC2025/data/rois/2896_9639.png,/home/tahiti/MARINE_DATASETS/FathomNet_FGVC2025/data/images/2896.png,f3bcf314a1e768c3765313a15f1dff2bf7e588099d05369f4c10decce1390acd,db24a5ac5b1a5f01b632058e9c438d1027449c99d0e85275a33bd5a6196029ca,2896,5,train,5
9644,2896,65,Rathbunaster californicus,/home/tahiti/MARINE_DATASETS/FathomNet_FGVC2025/data/rois/2896_9644.png,/home/tahiti/MARINE_DATASETS/FathomNet_FGVC2025/data/images/2896.png,a7d282236e5130d6958364e92a456c0c523afdc0f574ecb25927bdfc2419770c,db24a5ac5b1a5f01b632058e9c438d1027449c99d0e85275a33bd5a6196029ca,2896,5,train,5
9649,2896,65,Rathbunaster californicus,/home/tahiti/MARINE_DATASETS/FathomNet_FGVC2025/data/rois/2896_9649.png,/home/tahiti/MARINE_DATASETS/FathomNet_FGVC2025/data/images/2896.png,7f8494def1d0fc6b95806f59c346db89290417ca69aed42ff546ad1cfe1dec6a,db24a5ac5b1a5f01b632058e9c438d1027449c99d0e85275a33bd5a6196029ca,2896,5,train,5
9667,2901,23,Florometra serratissima,/home/tahiti/MARINE_DATASETS/FathomNet_FGVC2025/data/rois/2901_9667.png,/home/tahiti/MARINE_DATASETS/FathomNet_FGVC2025/data/images/2901.png,cee6fb99daf63615c954adc9fa08fc21f8dccc95de834ac0a72e7cfd8ab22719,f5efd9a1a2fb07f386512cc3cfc688c5e4c571aca59957d473c4145a7a740b94,2901,4,train,4
9688,2915,41,Merluccius productus,/home/tahiti/MARINE_DATASETS/FathomNet_FGVC2025/data/rois/2915_9688.png,/home/tahiti/MARINE_DATASETS/FathomNet_FGVC2025/data/images/2915.png,3d9d31b1da41d98eab11878b22868f510f8930d72b44d3e529c19f273445a8c3,219d29d0fa800a7346dcd768c17aba145bba670531fa241f8c57e331351ccdae,2915,1,train,1
9692,2917,21,Elpidia,/home/tahiti/MARINE_DATASETS/FathomNet_FGVC2025/data/rois/2917_9692.png,/home/tahiti/MARINE_DATASETS/FathomNet_FGVC2025/data/images/2917.png,d41008cbc6e7a0edd2e73892facef6439db658b2d7e9498c4d26f512a5bd12c5,439f74bee75c2434934bd7d7788fd3c9a3bda0be97d71bf9c79b0b36374dafe0,2917,2,train,2
9720,2927,36,Isosicyonis,/home/tahiti/MARINE_DATASETS/FathomNet_FGVC2025/data/rois/2927_9720.png,/home/tahiti/MARINE_DATASETS/FathomNet_FGVC2025/data/images/2927.png,09f212be7e7ffc561b54631f2f91a1f61ed28eb8064b31637e1882ca9c617654,8ca5c6f9052e42992eef7719acf2d7e7f1d52c0f881a8508b2c325f13faf42fa,2927,0,train,0
9722,2927,36,Isosicyonis,/home/tahiti/MARINE_DATASETS/FathomNet_FGVC2025/data/rois/2927_9722.png,/home/tahiti/MARINE_DATASETS/FathomNet_FGVC2025/data/images/2927.png,0b547543ca332556c4e13c36f604d4cf488f8b372b7a74d06dce9aceaec37f1b,8ca5c6f9052e42992eef7719acf2d7e7f1d52c0f881a8508b2c325f13faf42fa,2927,0,train,0
9784,2936,50,Paelopatides confundens,/home/tahiti/MARINE_DATASETS/FathomNet_FGVC2025/data/rois/2936_9784.png,/home/tahiti/MARINE_DATASETS/FathomNet_FGVC2025/data/images/2936.png,49c87aa30991d6b0c85e68d6105e9fac78d9e2442c8397c61ecb9cb20ae9e286,ef73778ac9c6e0833a0c26bf3bce05fa0987c76e97c79c265346f75fa5f5002b,2936,5,train,5
9811,2945,54,Paragorgia,/home/tahiti/MARINE_DATASETS/FathomNet_FGVC2025/data/rois/2945_9811.png,/home/tahiti/MARINE_DATASETS/FathomNet_FGVC2025/data/images/2945.png,f86fb0e1c4cc84594645ced6685c087a2aa4880fcacf8c2a9a2437097a91d5e6,e3e5b33ad3dc769f10a6ebd1234716a4a232ed9f6bdb58ceb8981e7ca097699c,2945,5,train,5
9833,2946,24,Funiculina,/home/tahiti/MARINE_DATASETS/FathomNet_FGVC2025/data/rois/2946_9833.png,/home/tahiti/MARINE_DATASETS/FathomNet_FGVC2025/data/images/2946.png,31330157883ffb36140693e8739deb1dd10c05bdebe1a6cf56bce383abfc7d64,ecbbbac399c5e05c8aa9c1e72f8cf9c9ba1868fb18eb38c5422379ef025f60e1,2946,4,train,4
9837,2946,24,Funiculina,/home/tahiti/MARINE_DATASETS/FathomNet_FGVC2025/data/rois/2946_9837.png,/home/tahiti/MARINE_DATASETS/FathomNet_FGVC2025/data/images/2946.png,5689f6974ccda3c418c50cb29f0398bdae24ebb851118cda3b1b56432856165c,ecbbbac399c5e05c8aa9c1e72f8cf9c9ba1868fb18eb38c5422379ef025f60e1,2946,4,train,4
9845,2946,24,Funiculina,/home/tahiti/MARINE_DATASETS/FathomNet_FGVC2025/data/rois/2946_9845.png,/home/tahiti/MARINE_DATASETS/FathomNet_FGVC2025/data/images/2946.png,43b312e25c3d865fa7ab2487a431e305364592f007f36271a0b3a83c8e5f2375,ecbbbac399c5e05c8aa9c1e72f8cf9c9ba1868fb18eb38c5422379ef025f60e1,2946,4,train,4
9847,2946,24,Funiculina,/home/tahiti/MARINE_DATASETS/FathomNet_FGVC2025/data/rois/2946_9847.png,/home/tahiti/MARINE_DATASETS/FathomNet_FGVC2025/data/images/2946.png,268e8dded30a90f03a9b171bc091268fd2713969f8d07a9ebf6f5a84929a49d8,ecbbbac399c5e05c8aa9c1e72f8cf9c9ba1868fb18eb38c5422379ef025f60e1,2946,4,train,4
9857,2946,77,Umbellula,/home/tahiti/MARINE_DATASETS/FathomNet_FGVC2025/data/rois/2946_9857.png,/home/tahiti/MARINE_DATASETS/FathomNet_FGVC2025/data/images/2946.png,4275b2c6c365774af3036b606c29c47a52e2e7a9caf1a57b132f2e79ffbbc6db,ecbbbac399c5e05c8aa9c1e72f8cf9c9ba1868fb18eb38c5422379ef025f60e1,2946,4,train,4
9865,2949,76,Tunicata,/home/tahiti/MARINE_DATASETS/FathomNet_FGVC2025/data/rois/2949_9865.png,/home/tahiti/MARINE_DATASETS/FathomNet_FGVC2025/data/images/2949.png,ac2e779de9a491d3374a5011f452a430c66a325ba27371ccdf68a8f292ead7b5,677279899e7eb9bf2400056dd380a5a33c1ec6ef722eccd13650d4bd20022f9f,2949,0,train,0
9868,2949,76,Tunicata,/home/tahiti/MARINE_DATASETS/FathomNet_FGVC2025/data/rois/2949_9868.png,/home/tahiti/MARINE_DATASETS/FathomNet_FGVC2025/data/images/2949.png,691fefc47d4499b8b2fa0212e33a9db895013ded2e3339c88b2c735910d3f6dc,677279899e7eb9bf2400056dd380a5a33c1ec6ef722eccd13650d4bd20022f9f,2949,0,train,0
9943,2968,19,Crinoidea,/home/tahiti/MARINE_DATASETS/FathomNet_FGVC2025/data/rois/2968_9943.png,/home/tahiti/MARINE_DATASETS/FathomNet_FGVC2025/data/images/2968.png,880c1e014e98d7b5bb44049eb0c066994ea3b783fe2ea27723f556a6f5d2e82e,69cc19d05e8335ea7788f03a7865ecc6edc81bc7656b9e490a4f3c745f296bed,2968,5,train,5
9961,2974,54,Paragorgia,/home/tahiti/MARINE_DATASETS/FathomNet_FGVC2025/data/rois/2974_9961.png,/home/tahiti/MARINE_DATASETS/FathomNet_FGVC2025/data/images/2974.png,32691aad425730e4eb09e2c29186aae31c93fcae5fa45339dfa3ec76cf1fa7ab,418aae6f5872813389a1cfc5d20039431cf09dc76ecdf25dd806b91749faac45,2974,0,train,0
9985,2977,77,Umbellula,/home/tahiti/MARINE_DATASETS/FathomNet_FGVC2025/data/rois/2977_9985.png,/home/tahiti/MARINE_DATASETS/FathomNet_FGVC2025/data/images/2977.png,c1623bf5556f2bead15a3712c7712bdc7e9b7151edf37049c2037548168ab732,a6f25187d683d8dcc1ed3bfd4a66b514ec233138b25e3f54956ed1c5dae1311f,2977,1,train,1
9987,2977,24,Funiculina,/home/tahiti/MARINE_DATASETS/FathomNet_FGVC2025/data/rois/2977_9987.png,/home/tahiti/MARINE_DATASETS/FathomNet_FGVC2025/data/images/2977.png,9bcd51289bda60ddf32e4e244769385d9818a5691c670c987ae9b6116a72c374,a6f25187d683d8dcc1ed3bfd4a66b514ec233138b25e3f54956ed1c5dae1311f,2977,1,train,1
9988,2977,24,Funiculina,/home/tahiti/MARINE_DATASETS/FathomNet_FGVC2025/data/rois/2977_9988.png,/home/tahiti/MARINE_DATASETS/FathomNet_FGVC2025/data/images/2977.png,900cf131796aae7fc1fdbf411efd654a83cf07537daedbab0706feb99c88c128,a6f25187d683d8dcc1ed3bfd4a66b514ec233138b25e3f54956ed1c5dae1311f,2977,1,train,1
9990,2977,24,Funiculina,/home/tahiti/MARINE_DATASETS/FathomNet_FGVC2025/data/rois/2977_9990.png,/home/tahiti/MARINE_DATASETS/FathomNet_FGVC2025/data/images/2977.png,0918d1d2d6a1870d39cf93a5806d1bd60dbc77366f5b54a958a819914e7002b7,a6f25187d683d8dcc1ed3bfd4a66b514ec233138b25e3f54956ed1c5dae1311f,2977,1,train,1
9991,2977,77,Umbellula,/home/tahiti/MARINE_DATASETS/FathomNet_FGVC2025/data/rois/2977_9991.png,/home/tahiti/MARINE_DATASETS/FathomNet_FGVC2025/data/images/2977.png,f9f94d2797aef4ad7fc9cc545fa7cb753519143017720c83afc968e393dd08e9,a6f25187d683d8dcc1ed3bfd4a66b514ec233138b25e3f54956ed1c5dae1311f,2977,1,train,1
9997,2977,24,Funiculina,/home/tahiti/MARINE_DATASETS/FathomNet_FGVC2025/data/rois/2977_9997.png,/home/tahiti/MARINE_DATASETS/FathomNet_FGVC2025/data/images/2977.png,038af1d237f7561215f1ccf156c6f48b6b8644d699728c128ad4262b42e96e36,a6f25187d683d8dcc1ed3bfd4a66b514ec233138b25e3f54956ed1c5dae1311f,2977,1,train,1
10008,2977,24,Funiculina,/home/tahiti/MARINE_DATASETS/FathomNet_FGVC2025/data/rois/2977_10008.png,/home/tahiti/MARINE_DATASETS/FathomNet_FGVC2025/data/images/2977.png,1294f0a41ca78bf2fb0fc016c3ae1b8d6eab974cb82e7e227514a524db39f92e,a6f25187d683d8dcc1ed3bfd4a66b514ec233138b25e3f54956ed1c5dae1311f,2977,1,train,1
10009,2978,77,Umbellula,/home/tahiti/MARINE_DATASETS/FathomNet_FGVC2025/data/rois/2978_10009.png,/home/tahiti/MARINE_DATASETS/FathomNet_FGVC2025/data/images/2978.png,e0a237c5933ca04c8fd5a7d923618e739465c6c28e0772ece88ef292eb263893,10bbf4da8b15572271dfa774a0954e8cf9cd6f821c5116e35e888954aca76c61,2978,4,train,4
10058,2995,76,Tunicata,/home/tahiti/MARINE_DATASETS/FathomNet_FGVC2025/data/rois/2995_10058.png,/home/tahiti/MARINE_DATASETS/FathomNet_FGVC2025/data/images/2995.png,ec9d11af9950b333e15ad5166e484f4348bdfef6859ad53a6065854b9a69a4e0,3859744c7a5c07aa3ed387987ae1b88598f117e5482a549fe8fc7e07060b03b0,2995,0,train,0
10060,2995,76,Tunicata,/home/tahiti/MARINE_DATASETS/FathomNet_FGVC2025/data/rois/2995_10060.png,/home/tahiti/MARINE_DATASETS/FathomNet_FGVC2025/data/images/2995.png,0e668ea2cdeac92b052b7006fd5273b822676c06bfdbfa0c01ff1ab867e350f3,3859744c7a5c07aa3ed387987ae1b88598f117e5482a549fe8fc7e07060b03b0,2995,0,train,0
10069,2997,41,Merluccius productus,/home/tahiti/MARINE_DATASETS/FathomNet_FGVC2025/data/rois/2997_10069.png,/home/tahiti/MARINE_DATASETS/FathomNet_FGVC2025/data/images/2997.png,8524f7c21bb3a0a37c885e3cb456fb0607e71e05df23f26fc2c484a8a585c535,1f1c7f0d8366f2d58a5c121639e1d4a3ac748954d07ae14c4ca607b101f7dc9e,2997,2,train,2
10072,2998,67,Scotoplanes,/home/tahiti/MARINE_DATASETS/FathomNet_FGVC2025/data/rois/2998_10072.png,/home/tahiti/MARINE_DATASETS/FathomNet_FGVC2025/data/images/2998.png,2a5eb2de2bcf80da29bb641dce1879951a457fab7f1c3e4c933920cb3db8606e,11f1ceec61d3c49426f4888c2f0a800d1ab7b6ddfe6f0755e5e914fe97121031,2998,2,train,2
10083,3003,46,Mycale,/home/tahiti/MARINE_DATASETS/FathomNet_FGVC2025/data/rois/3003_10083.png,/home/tahiti/MARINE_DATASETS/FathomNet_FGVC2025/data/images/3003.png,549e542bd2b095b812e6b239cf8eb024ffac1fcba7a7f38423ee2887a75df898,dc80dc31571bd292fc645c9e63bc58ede08d886b85fdf0f2487bb6861ef98406,3003,0,train,0
10093,3006,15,Ceriantharia,/home/tahiti/MARINE_DATASETS/FathomNet_FGVC2025/data/rois/3006_10093.png,/home/tahiti/MARINE_DATASETS/FathomNet_FGVC2025/data/images/3006.png,ea069a8a80fc600a6494a4541b29ab754ae40909ad8fb0650e37c2b90e9fed41,eaa3d0cc75ae68c2a321891ec42115c9a8db8f5746f51e2f5c2ce098efc09923,3006,2,train,2
10108,3008,12,Benthocodon pedunculata,/home/tahiti/MARINE_DATASETS/FathomNet_FGVC2025/data/rois/3008_10108.png,/home/tahiti/MARINE_DATASETS/FathomNet_FGVC2025/data/images/3008.png,27507ae90f8fd51ff4aa8da0430983a45e32b6ba047990ee912c1f643baf72a6,e84d29af49aa7ccbd29bc89959b9b41d122e57645c128b2f204caaa580a981dd,3008,4,train,4
10114,3008,12,Benthocodon pedunculata,/home/tahiti/MARINE_DATASETS/FathomNet_FGVC2025/data/rois/3008_10114.png,/home/tahiti/MARINE_DATASETS/FathomNet_FGVC2025/data/images/3008.png,91e1261f41e2cb6a313ca864ac1a37ec85b31298266784b8e56c1bac4b52573a,e84d29af49aa7ccbd29bc89959b9b41d122e57645c128b2f204caaa580a981dd,3008,4,train,4
10138,3022,78,Vesicomyidae,/home/tahiti/MARINE_DATASETS/FathomNet_FGVC2025/data/rois/3022_10138.png,/home/tahiti/MARINE_DATASETS/FathomNet_FGVC2025/data/images/3022.png,5e83d1ff7ffb24ea727750cbb499fbee1b10a5bd67916a06f8a1d6dcf65e2361,50895eb3f98ee96c5a2d196a21e37f8340a3f886ffb69b3bb89e0c190de105f3,3022,4,train,4
10147,3022,78,Vesicomyidae,/home/tahiti/MARINE_DATASETS/FathomNet_FGVC2025/data/rois/3022_10147.png,/home/tahiti/MARINE_DATASETS/FathomNet_FGVC2025/data/images/3022.png,fd5130a8b117e87c044e73dc7b65e987b9b87f7905d24fe2aaf362cba165d19a,50895eb3f98ee96c5a2d196a21e37f8340a3f886ffb69b3bb89e0c190de105f3,3022,4,train,4
10154,3026,33,Hormathiidae,/home/tahiti/MARINE_DATASETS/FathomNet_FGVC2025/data/rois/3026_10154.png,/home/tahiti/MARINE_DATASETS/FathomNet_FGVC2025/data/images/3026.png,fc8d37b160f48421a2db36ea502db968400710e9dc8aca40d2db121f9fb1e018,0070a79a4b398424aaa69e8b0107c9d76b83e125dcb6fd831a4322b75be7c68c,3026,5,train,5
10164,3031,35,Isididae,/home/tahiti/MARINE_DATASETS/FathomNet_FGVC2025/data/rois/3031_10164.png,/home/tahiti/MARINE_DATASETS/FathomNet_FGVC2025/data/images/3031.png,36890a93553ae2c5d4b08667d8ce36389ed353e202654fc9601f1ba33f1a5153,78c9a9cd0e9dcf5f7986d4c1860e38040e566a6c1dd26e1bc90ab07cdcff5ceb,3031,2,train,2
10172,3034,38,Liponema brevicorne,/home/tahiti/MARINE_DATASETS/FathomNet_FGVC2025/data/rois/3034_10172.png,/home/tahiti/MARINE_DATASETS/FathomNet_FGVC2025/data/images/3034.png,e9df663a2e075222452b2484ac2eb3e2017fd2ebd6f427a1b48b546932676f38,4a5d9440e3d9b2d3ee9ad9f2e756ec3a483c10f6ca245f0d7f5bc0e413d07314,3034,1,train,1
10178,3035,27,Heterocarpus,/home/tahiti/MARINE_DATASETS/FathomNet_FGVC2025/data/rois/3035_10178.png,/home/tahiti/MARINE_DATASETS/FathomNet_FGVC2025/data/images/3035.png,dbabf029ccafddcdd3f8156e8e9ca8878bbb722f3a3ad7c811fbcdb51791cd60,f00ade101a10bc78cf025f33722b47f4a766adad1dfa10d2a3cc1db415f22de4,3035,0,train,0
10187,3040,55,Paragorgia arborea,/home/tahiti/MARINE_DATASETS/FathomNet_FGVC2025/data/rois/3040_10187.png,/home/tahiti/MARINE_DATASETS/FathomNet_FGVC2025/data/images/3040.png,874930fa7154402ff692faec277c38608cf76d18e62762a5614204bc081f8cd3,268044dc26ca4edd43e7ae1d18c3e30b32625303989d237f25c24a1122a8546e,3040,4,train,4
10236,3044,72,Serpulidae,/home/tahiti/MARINE_DATASETS/FathomNet_FGVC2025/data/rois/3044_10236.png,/home/tahiti/MARINE_DATASETS/FathomNet_FGVC2025/data/images/3044.png,86edb9851aefc2133fe7d02dbc7b47bd7efc03cabb1dd4004a2f398221f7afb5,25d4b273853803197af57517857df938fe35f598b1a47f9b4210a17e506b52df,3044,1,train,1
10240,3044,20,Delectopecten,/home/tahiti/MARINE_DATASETS/FathomNet_FGVC2025/data/rois/3044_10240.png,/home/tahiti/MARINE_DATASETS/FathomNet_FGVC2025/data/images/3044.png,428a0e518cb26e1083730ada59711ef8b4b722daf225286f231664b5aad4c7d4,25d4b273853803197af57517857df938fe35f598b1a47f9b4210a17e506b52df,3044,1,train,1
10241,3044,63,Ptychogastria polaris,/home/tahiti/MARINE_DATASETS/FathomNet_FGVC2025/data/rois/3044_10241.png,/home/tahiti/MARINE_DATASETS/FathomNet_FGVC2025/data/images/3044.png,fb91f671d293093f847b7aa9620e827db699153c25b67fb4f9f41c293ccd4314,25d4b273853803197af57517857df938fe35f598b1a47f9b4210a17e506b52df,3044,1,train,1
10244,3046,35,Isididae,/home/tahiti/MARINE_DATASETS/FathomNet_FGVC2025/data/rois/3046_10244.png,/home/tahiti/MARINE_DATASETS/FathomNet_FGVC2025/data/images/3046.png,247f30c7ec7078015efdc70af1a0f45ae5fe49ab6cd8b5a5c8ca5753c6212a6b,d3bb8b4ba116d6d5130ac54c61b9458ce08c87908d8be29f631e7c1e870167d1,3046,1,train,1
10248,3048,30,Hexactinellida,/home/tahiti/MARINE_DATASETS/FathomNet_FGVC2025/data/rois/3048_10248.png,/home/tahiti/MARINE_DATASETS/FathomNet_FGVC2025/data/images/3048.png,ea01601c4678f7a0a2e4d085e22a6eeceeb1819c6b82afd6ed8c06776a79ee7a,026109e49a87b6e5a1331f2f2da8917000f6c9620026f600c6412464c5faf72f,3048,1,train,1
10257,3053,42,Metridium farcimen,/home/tahiti/MARINE_DATASETS/FathomNet_FGVC2025/data/rois/3053_10257.png,/home/tahiti/MARINE_DATASETS/FathomNet_FGVC2025/data/images/3053.png,cdd7f1904310b6f054f8f66d9cf9e43f73dd8ffebd6083d68d81eb2da3714cce,74de1196b5ee24829e51b2c7402d7b68e110da82ab2a81a79769942f45ae7ab5,3053,0,train,0
10258,3053,42,Metridium farcimen,/home/tahiti/MARINE_DATASETS/FathomNet_FGVC2025/data/rois/3053_10258.png,/home/tahiti/MARINE_DATASETS/FathomNet_FGVC2025/data/images/3053.png,6878313f5cbeb7976d202f5fe14044de3c03e9684d1d28dfe9c23172a2ab6629,74de1196b5ee24829e51b2c7402d7b68e110da82ab2a81a79769942f45ae7ab5,3053,0,train,0
10265,3054,41,Merluccius productus,/home/tahiti/MARINE_DATASETS/FathomNet_FGVC2025/data/rois/3054_10265.png,/home/tahiti/MARINE_DATASETS/FathomNet_FGVC2025/data/images/3054.png,f16c735e9b1ee3856674e1b116776d094b8cfa11e4dcf5884104b726dde5d9c9,0997ba78fe11660653a77bc44bc89ef91a26d077860222152e59f0141e27abd6,3054,2,train,2
10266,3054,41,Merluccius productus,/home/tahiti/MARINE_DATASETS/FathomNet_FGVC2025/data/rois/3054_10266.png,/home/tahiti/MARINE_DATASETS/FathomNet_FGVC2025/data/images/3054.png,3f940cc026bd39785dda0cba9ef03a591044b02c536e28e00a73168beb3e4fb1,0997ba78fe11660653a77bc44bc89ef91a26d077860222152e59f0141e27abd6,3054,2,train,2
10285,3054,41,Merluccius productus,/home/tahiti/MARINE_DATASETS/FathomNet_FGVC2025/data/rois/3054_10285.png,/home/tahiti/MARINE_DATASETS/FathomNet_FGVC2025/data/images/3054.png,f345883de9b17fd3e3b5df43dbafad0451a00ebb4e1c5aad99218a57223b545b,0997ba78fe11660653a77bc44bc89ef91a26d077860222152e59f0141e27abd6,3054,2,train,2
10286,3054,41,Merluccius productus,/home/tahiti/MARINE_DATASETS/FathomNet_FGVC2025/data/rois/3054_10286.png,/home/tahiti/MARINE_DATASETS/FathomNet_FGVC2025/data/images/3054.png,0ace814464e6eaff90a2af207af5c1a310514ff6659b2e3e9e22c21549284ad3,0997ba78fe11660653a77bc44bc89ef91a26d077860222152e59f0141e27abd6,3054,2,train,2
10306,3064,76,Tunicata,/home/tahiti/MARINE_DATASETS/FathomNet_FGVC2025/data/rois/3064_10306.png,/home/tahiti/MARINE_DATASETS/FathomNet_FGVC2025/data/images/3064.png,facb9bd083990b8a1876d80e2cf8a6886b475fa3563792b58e72d55c3888c15b,cff80a43858dc8bfdd05146430f4441bef9d94014d7d8b2748239e980f640168,3064,5,train,5
10321,3068,30,Hexactinellida,/home/tahiti/MARINE_DATASETS/FathomNet_FGVC2025/data/rois/3068_10321.png,/home/tahiti/MARINE_DATASETS/FathomNet_FGVC2025/data/images/3068.png,c55583391ead547ec1e953324e74b1b34dfb07deabb429a197f7d2d49d7384ea,4ab15bb58f77f629131175fa98489fedff1315c6ebcf5a67a784d1097f0ef553,3068,1,train,1
10332,3071,44,Munidopsis,/home/tahiti/MARINE_DATASETS/FathomNet_FGVC2025/data/rois/3071_10332.png,/home/tahiti/MARINE_DATASETS/FathomNet_FGVC2025/data/images/3071.png,13c8c15df79cf388a7f61542ead579aab678879a130f55863a3632def0ce7cff,0210dfd8f7660a18ccff69278db5dbd1d8b2a6275349d1f881f74d051b2d46c6,3071,4,train,4
10348,3082,55,Paragorgia arborea,/home/tahiti/MARINE_DATASETS/FathomNet_FGVC2025/data/rois/3082_10348.png,/home/tahiti/MARINE_DATASETS/FathomNet_FGVC2025/data/images/3082.png,117b58a78411cbf264ce1bb01ccc6b62e6d765bd4ca388bc6575f38e98b83fa7,a03a3e3d69c6042691e6f66e923db209a5b120d79cfa7d30a528dfeaa9f2bd4f,3082,5,train,5
10364,3088,19,Crinoidea,/home/tahiti/MARINE_DATASETS/FathomNet_FGVC2025/data/rois/3088_10364.png,/home/tahiti/MARINE_DATASETS/FathomNet_FGVC2025/data/images/3088.png,97fe3db9212d760f0af7015c97f13c4bed152979b1af00b4fd4aafe605908551,01779ee1bbcd5afc66b22221219cb78178542375f368bccd373d5683e6c95338,3088,1,train,1
10383,3094,20,Delectopecten,/home/tahiti/MARINE_DATASETS/FathomNet_FGVC2025/data/rois/3094_10383.png,/home/tahiti/MARINE_DATASETS/FathomNet_FGVC2025/data/images/3094.png,3bb85de264ce4a814426792e6b8ccd427805f1b5fbe5fd0c75e481e519b78eb8,dfdfe9476005b348afe8dbd216cdaed69a90bd7baa538060cfd8ff56269bf096,3094,0,train,0
10423,3108,70,Sebastes diploproa,/home/tahiti/MARINE_DATASETS/FathomNet_FGVC2025/data/rois/3108_10423.png,/home/tahiti/MARINE_DATASETS/FathomNet_FGVC2025/data/images/3108.png,d9f1846e25feb0556557b7bde0fae781bcfa2cac023f2b122e84b38255576346,c441fdf65c6d59ad6f72b1e6670eaccf0179b3c239fd3f0c7ac73123b33c7c91,3108,2,train,2
10435,3113,69,Sebastes,/home/tahiti/MARINE_DATASETS/FathomNet_FGVC2025/data/rois/3113_10435.png,/home/tahiti/MARINE_DATASETS/FathomNet_FGVC2025/data/images/3113.png,c60aa2e9db6beff581f15f78688c5861b6bd5fd5fe250cc9455b806be3236e63,1acfc22855c224eeba4a70ae6a2f0c8127936eeb27f7ccad022a0984d55c18c4,3113,2,train,2
10442,3114,73,Staurocalyptus,/home/tahiti/MARINE_DATASETS/FathomNet_FGVC2025/data/rois/3114_10442.png,/home/tahiti/MARINE_DATASETS/FathomNet_FGVC2025/data/images/3114.png,3bdd4d412e7e70bd452895aac6b4c936854e82e284e54941947ec3a346844c81,99098a6cdaae1aa36078119fb1df7783d5ef6a3f00196b39a83b034ba7228854,3114,1,train,1
10444,3114,73,Staurocalyptus,/home/tahiti/MARINE_DATASETS/FathomNet_FGVC2025/data/rois/3114_10444.png,/home/tahiti/MARINE_DATASETS/FathomNet_FGVC2025/data/images/3114.png,406e1e2a18ae5220f52316f3ed425c9b52a3da645f698a4f872df0144fc2d8a8,99098a6cdaae1aa36078119fb1df7783d5ef6a3f00196b39a83b034ba7228854,3114,1,train,1
10447,3114,2,Acanthascinae,/home/tahiti/MARINE_DATASETS/FathomNet_FGVC2025/data/rois/3114_10447.png,/home/tahiti/MARINE_DATASETS/FathomNet_FGVC2025/data/images/3114.png,152ada3c27bfe3f9248c3e2618acdceb76d893da1617b6ea4bf2cc9cd7111418,99098a6cdaae1aa36078119fb1df7783d5ef6a3f00196b39a83b034ba7228854,3114,1,train,1
10470,3126,67,Scotoplanes,/home/tahiti/MARINE_DATASETS/FathomNet_FGVC2025/data/rois/3126_10470.png,/home/tahiti/MARINE_DATASETS/FathomNet_FGVC2025/data/images/3126.png,4cafdd662a178cf34274c0e845aa45f95a03b022a17092cc7404b5a24b49ba9a,5859a7769850e70b5e07cd1deedc45703f30e66f03c758b74dc636e88a3ba5f5,3126,4,train,4
10474,3129,55,Paragorgia arborea,/home/tahiti/MARINE_DATASETS/FathomNet_FGVC2025/data/rois/3129_10474.png,/home/tahiti/MARINE_DATASETS/FathomNet_FGVC2025/data/images/3129.png,b45d22f6ee429ac797c3f43f7c94155e89167a27c6951cf8bf0e9a9f66842a14,7a89918d1a2d7aac6cafab502518972f4a4681a12c278e381812e16f3ee22cde,3129,2,train,2
10480,3134,55,Paragorgia arborea,/home/tahiti/MARINE_DATASETS/FathomNet_FGVC2025/data/rois/3134_10480.png,/home/tahiti/MARINE_DATASETS/FathomNet_FGVC2025/data/images/3134.png,91d136fe47357e4f2296538e0e4653121335976e697096af730d9bafc680d066,60acc54c72f24a3d97eaf77db1063c74ac8d66e0d3be2d5ecaec88382de2e3f4,3134,0,train,0
10507,3153,69,Sebastes,/home/tahiti/MARINE_DATASETS/FathomNet_FGVC2025/data/rois/3153_10507.png,/home/tahiti/MARINE_DATASETS/FathomNet_FGVC2025/data/images/3153.png,2ba6a68618134a08524984e43e15a2da94fcaea3069eebd6ce8df495c20059a7,b5b19b1a8deee5e73308031a86d4f8cd4c3220d32e78cdb7db89a8fcaeea5736,3153,0,train,0
10531,3170,6,Actinopterygii,/home/tahiti/MARINE_DATASETS/FathomNet_FGVC2025/data/rois/3170_10531.png,/home/tahiti/MARINE_DATASETS/FathomNet_FGVC2025/data/images/3170.png,16030447f658982dfd6a75a2e9aabd009a9d1c7c39e2fd4448fb590f9e4e0c8d,9e25bc05f32873e86befa5f8d3f68906d1281f6f9730d23accc5bdfbd068d823,3170,0,train,0
10534,3170,25,Gastropoda,/home/tahiti/MARINE_DATASETS/FathomNet_FGVC2025/data/rois/3170_10534.png,/home/tahiti/MARINE_DATASETS/FathomNet_FGVC2025/data/images/3170.png,7f80f04e207a07428e673e77044261e49b9b58af3844baba87fc91f26ed590a8,9e25bc05f32873e86befa5f8d3f68906d1281f6f9730d23accc5bdfbd068d823,3170,0,train,0
10536,3170,77,Umbellula,/home/tahiti/MARINE_DATASETS/FathomNet_FGVC2025/data/rois/3170_10536.png,/home/tahiti/MARINE_DATASETS/FathomNet_FGVC2025/data/images/3170.png,ff54f7a49628fd0680f0d79d9ec80159200d95d6b94567e6f448dcb76a2d0910,9e25bc05f32873e86befa5f8d3f68906d1281f6f9730d23accc5bdfbd068d823,3170,0,train,0
10545,3174,43,Microstomus pacificus,/home/tahiti/MARINE_DATASETS/FathomNet_FGVC2025/data/rois/3174_10545.png,/home/tahiti/MARINE_DATASETS/FathomNet_FGVC2025/data/images/3174.png,817246b3a313dcd94c12c9bb4dd86f5edad474d4bd8b3df7ab000f6104b0dff4,490dc2bbe024d2e69c8395f02710df24f3fdba65c74d59df557fa9841ff33dfa,3174,2,train,2
10557,3179,41,Merluccius productus,/home/tahiti/MARINE_DATASETS/FathomNet_FGVC2025/data/rois/3179_10557.png,/home/tahiti/MARINE_DATASETS/FathomNet_FGVC2025/data/images/3179.png,0407491099d24490b61ffa34e054289d6e31b03248b692cf370827a49cc39edd,77deb5ed08efb3ca370e9851495697248ea22c93f76e28f397c20e4ee798045c,3179,5,train,5
10559,3181,41,Merluccius productus,/home/tahiti/MARINE_DATASETS/FathomNet_FGVC2025/data/rois/3181_10559.png,/home/tahiti/MARINE_DATASETS/FathomNet_FGVC2025/data/images/3181.png,979ec2c3936d232ae11bdfb65e9efa6db93eed8e49e46cd62220c0bfa87bc4bf,aa6530336610a53cfbaa7acfe6aef13f3562047ae386729d201bc7e292cded1e,3181,4,train,4
10560,3181,41,Merluccius productus,/home/tahiti/MARINE_DATASETS/FathomNet_FGVC2025/data/rois/3181_10560.png,/home/tahiti/MARINE_DATASETS/FathomNet_FGVC2025/data/images/3181.png,6de8fb7f242dee97e1585d4abf67d7210f6686201cc9a495526742fd0fa887fd,aa6530336610a53cfbaa7acfe6aef13f3562047ae386729d201bc7e292cded1e,3181,4,train,4
10565,3181,41,Merluccius productus,/home/tahiti/MARINE_DATASETS/FathomNet_FGVC2025/data/rois/3181_10565.png,/home/tahiti/MARINE_DATASETS/FathomNet_FGVC2025/data/images/3181.png,964aceb8ca6d48d06135fa6123ab15f244fff2332b4858b70ef394c496a92aec,aa6530336610a53cfbaa7acfe6aef13f3562047ae386729d201bc7e292cded1e,3181,4,train,4
10571,3181,41,Merluccius productus,/home/tahiti/MARINE_DATASETS/FathomNet_FGVC2025/data/rois/3181_10571.png,/home/tahiti/MARINE_DATASETS/FathomNet_FGVC2025/data/images/3181.png,e0960f7f5985c356712c1fb8728d43b29e84688397a7e0d24069170a71191e60,aa6530336610a53cfbaa7acfe6aef13f3562047ae386729d201bc7e292cded1e,3181,4,train,4
10577,3184,45,Munnopsidae,/home/tahiti/MARINE_DATASETS/FathomNet_FGVC2025/data/rois/3184_10577.png,/home/tahiti/MARINE_DATASETS/FathomNet_FGVC2025/data/images/3184.png,b5ed5ad48619698e951618b8e2e79af22e25d46964383d495e278e2e56a25684,20a6f20fd7dae25293f90989c875b4820351009637ddbd3ae92f929a194e4ec4,3184,2,train,2
10589,3190,21,Elpidia,/home/tahiti/MARINE_DATASETS/FathomNet_FGVC2025/data/rois/3190_10589.png,/home/tahiti/MARINE_DATASETS/FathomNet_FGVC2025/data/images/3190.png,521ae54dcb83bde19d9fd3e4885b163dcc73f9eab5db418d5383fb41ffa9dd4f,e9a04f4954726a209e1f87a3d5050df5a9d8e9d630bc43888f0172f27e26321b,3190,1,train,1
10594,3195,47,Octopus rubescens,/home/tahiti/MARINE_DATASETS/FathomNet_FGVC2025/data/rois/3195_10594.png,/home/tahiti/MARINE_DATASETS/FathomNet_FGVC2025/data/images/3195.png,ace1146a0d81510e395a342344d3e29bc4f888424a27a7de33191550f248f21f,021c598cfde72506728d314810a2e7564578440a67424f5dfe4bb4f2a8eb1dd8,3195,1,train,1
10605,3201,73,Staurocalyptus,/home/tahiti/MARINE_DATASETS/FathomNet_FGVC2025/data/rois/3201_10605.png,/home/tahiti/MARINE_DATASETS/FathomNet_FGVC2025/data/images/3201.png,7518debe022188dcb68fb5ab1ec01d2a99e1eba52be533fc6712ac857d419a38,7189656c172c2af35f290f1cf9fb59c9c64cb3a286254f5d2fa08e55e89f2fff,3201,4,train,4
10609,3202,44,Munidopsis,/home/tahiti/MARINE_DATASETS/FathomNet_FGVC2025/data/rois/3202_10609.png,/home/tahiti/MARINE_DATASETS/FathomNet_FGVC2025/data/images/3202.png,436f9f262073cf74a70f49691dbb1c7e5b56fd83df941d861ab408dca0e84684,e3aa13c9e9d5d8f22a96ad6b5dd4d01734609c9d2ecbd79222e76de218f25181,3202,5,train,5
10612,3204,56,Paralomis multispina,/home/tahiti/MARINE_DATASETS/FathomNet_FGVC2025/data/rois/3204_10612.png,/home/tahiti/MARINE_DATASETS/FathomNet_FGVC2025/data/images/3204.png,7c52ddb1dd2fb62df55897791a09ffdf4a68a3d0affea7d0ac8ac84224202185,769b5dada642c7eaafc9d731d9c67796f588385b8613a4255e20e820dfd26ac8,3204,1,train,1
10625,3207,41,Merluccius productus,/home/tahiti/MARINE_DATASETS/FathomNet_FGVC2025/data/rois/3207_10625.png,/home/tahiti/MARINE_DATASETS/FathomNet_FGVC2025/data/images/3207.png,2036f54f0c0e7d3f20b797ec6d9c1eda5922a7851eef4894a157c5d59c4face1,ca17e00ef638f6d7edacc890ef954cf109a023f111edf8ca151a524928e763b6,3207,5,train,5
10637,3211,24,Funiculina,/home/tahiti/MARINE_DATASETS/FathomNet_FGVC2025/data/rois/3211_10637.png,/home/tahiti/MARINE_DATASETS/FathomNet_FGVC2025/data/images/3211.png,7a85fa632a59e9cd9efd4a2d5dac6824a25898548bb073d9eeaca302809b9ba6,943858f4fa7294cd24e0d5fe39ebd38295745cfbad2833e679704fe9a3af883f,3211,1,train,1
10645,3211,24,Funiculina,/home/tahiti/MARINE_DATASETS/FathomNet_FGVC2025/data/rois/3211_10645.png,/home/tahiti/MARINE_DATASETS/FathomNet_FGVC2025/data/images/3211.png,6a80ff280ad0202f9e37514213eaa3661bb9a7509c4f314a9c8b89137601cb90,943858f4fa7294cd24e0d5fe39ebd38295745cfbad2833e679704fe9a3af883f,3211,1,train,1
10657,3216,50,Paelopatides confundens,/home/tahiti/MARINE_DATASETS/FathomNet_FGVC2025/data/rois/3216_10657.png,/home/tahiti/MARINE_DATASETS/FathomNet_FGVC2025/data/images/3216.png,82d7106d0b9728874641cba3c139fcec84151652f92135e8e5d32e1e249f7906,d0d6a31259e3ec8f579a7c59b4182bb337caec5ed53f4f80837af7e71ec2f46a,3216,0,train,0
10663,3221,35,Isididae,/home/tahiti/MARINE_DATASETS/FathomNet_FGVC2025/data/rois/3221_10663.png,/home/tahiti/MARINE_DATASETS/FathomNet_FGVC2025/data/images/3221.png,3932b944c530c6719a34e1de21ce4447610819db789235b3d935a646a3be66a6,3ee02033d95c675c42bb6ddbea0a35becd2845887b3c7e4e18f79470e0c7ce48,3221,5,train,5
10677,3225,19,Crinoidea,/home/tahiti/MARINE_DATASETS/FathomNet_FGVC2025/data/rois/3225_10677.png,/home/tahiti/MARINE_DATASETS/FathomNet_FGVC2025/data/images/3225.png,def9d714314047576c9a8a01bc72481db8ab63702c5378d32bacdaf7fbd6a1a4,49cdfce39dece94e1f8e08a1d7d29866c122344a8e99b54a02828ccc4cf0e22d,3225,0,train,0
10680,3225,22,Farrea,/home/tahiti/MARINE_DATASETS/FathomNet_FGVC2025/data/rois/3225_10680.png,/home/tahiti/MARINE_DATASETS/FathomNet_FGVC2025/data/images/3225.png,d747cabc626f83d1a817ff1cc1ab71463c3d565773c1358e54fa5ac7e6b23fd0,49cdfce39dece94e1f8e08a1d7d29866c122344a8e99b54a02828ccc4cf0e22d,3225,0,train,0
10690,3227,73,Staurocalyptus,/home/tahiti/MARINE_DATASETS/FathomNet_FGVC2025/data/rois/3227_10690.png,/home/tahiti/MARINE_DATASETS/FathomNet_FGVC2025/data/images/3227.png,2bbeb8c94d16f40e79cb4239b31e0ae472fa616bb772f2f15bb985e594b0bee0,d884f924f0743d4367121052c7a9eee1cea57194cb621bcd38e4b155d47f28bd,3227,1,train,1
10784,3272,9,Asbestopluma,/home/tahiti/MARINE_DATASETS/FathomNet_FGVC2025/data/rois/3272_10784.png,/home/tahiti/MARINE_DATASETS/FathomNet_FGVC2025/data/images/3272.png,4b41c0af1a9ef29c2bde9edf0d4455a45df958ff164b483cf2ed2fbc203035cf,cbc12dd04af5a16c4fca713a1f5c71e980daef8e7667fd46e2ae9fd49548b11b,3272,0,train,0
10796,3280,45,Munnopsidae,/home/tahiti/MARINE_DATASETS/FathomNet_FGVC2025/data/rois/3280_10796.png,/home/tahiti/MARINE_DATASETS/FathomNet_FGVC2025/data/images/3280.png,0097a00d1d31d9d8d5f106f317155b50cd5a73d9a3696eabb941964e2fb1b5ac,2689219f18faf998dbb02ca20251cf4a183c725aa62f63bf2b8cd09e5fce9ca4,3280,4,train,4
10839,3296,29,Heteropolypus ritteri,/home/tahiti/MARINE_DATASETS/FathomNet_FGVC2025/data/rois/3296_10839.png,/home/tahiti/MARINE_DATASETS/FathomNet_FGVC2025/data/images/3296.png,766eb2eeeda6c678533b74b615446cd5f6a67013ac92b4f92221f0acc8f3b16b,c3e3e64042f110ad23eb7fc80289f83bb4d18fd8ee54406d933eda17dabe5976,3296,0,train,0
10844,3297,68,Scotoplanes globosa,/home/tahiti/MARINE_DATASETS/FathomNet_FGVC2025/data/rois/3297_10844.png,/home/tahiti/MARINE_DATASETS/FathomNet_FGVC2025/data/images/3297.png,ed6e74b389713dd1f153fd2032883e68e4e7dab82601aed73fc8733f124fac3c,d52d43bae27b26508eff51d32ff0850a7040f356e495419a3ada11e6c8675130,3297,0,train,0
10846,3297,68,Scotoplanes globosa,/home/tahiti/MARINE_DATASETS/FathomNet_FGVC2025/data/rois/3297_10846.png,/home/tahiti/MARINE_DATASETS/FathomNet_FGVC2025/data/images/3297.png,0ad4497ab1c9e710013fa07221ea2ef3a03501f9011b5be0ffd38980ab530e0f,d52d43bae27b26508eff51d32ff0850a7040f356e495419a3ada11e6c8675130,3297,0,train,0
10873,3306,45,Munnopsidae,/home/tahiti/MARINE_DATASETS/FathomNet_FGVC2025/data/rois/3306_10873.png,/home/tahiti/MARINE_DATASETS/FathomNet_FGVC2025/data/images/3306.png,9a397cc16aca7ca0ecbc0039400f5e32291d80630b58f61d8c4b7debe660f47e,1c33ed345c4650f268a3cc5a6545c027014c235cb09c45d88d11bda91c06231c,3306,4,train,4
10879,3308,15,Ceriantharia,/home/tahiti/MARINE_DATASETS/FathomNet_FGVC2025/data/rois/3308_10879.png,/home/tahiti/MARINE_DATASETS/FathomNet_FGVC2025/data/images/3308.png,315ffc3b20c91caf0f2cee65a1035b3a89861ac5e2e55644075adc2dbc263cf3,2dfd12779b01f86d1f9b216efad858d9f0a3867dd7caed4fdf929d89389af8c2,3308,2,train,2
10883,3311,34,Isidella tentaculum,/home/tahiti/MARINE_DATASETS/FathomNet_FGVC2025/data/rois/3311_10883.png,/home/tahiti/MARINE_DATASETS/FathomNet_FGVC2025/data/images/3311.png,8914e38c5befc23aca4b80888bf26e3c7727cd542392d126e5d83deb875b06b6,cfff2f332cd0eefcab5e9dbc0f74752a61bd7cdb863cb05a15115e2d930aa1d6,3311,5,train,5
10930,3340,34,Isidella tentaculum,/home/tahiti/MARINE_DATASETS/FathomNet_FGVC2025/data/rois/3340_10930.png,/home/tahiti/MARINE_DATASETS/FathomNet_FGVC2025/data/images/3340.png,e8296132831bcdd70651a1ba995be29f6347a7ed5f9aa931bc170223ab8706e4,30049dafc42fe3d2a275c238487d7ad5f279067bed79fd11f6aa1f33ce5c34b2,3340,5,train,5
10939,3344,43,Microstomus pacificus,/home/tahiti/MARINE_DATASETS/FathomNet_FGVC2025/data/rois/3344_10939.png,/home/tahiti/MARINE_DATASETS/FathomNet_FGVC2025/data/images/3344.png,3bab4fa7657d8dd01555918e82aa3ecb77e36bbf274a9eac1b2dc7461f176b13,081b9ed5ade9d2cf2bcee5bfbc4d7429007e70bb5c971384457f531c6647b0bf,3344,2,train,2
10957,3349,3,Acanthoptilum,/home/tahiti/MARINE_DATASETS/FathomNet_FGVC2025/data/rois/3349_10957.png,/home/tahiti/MARINE_DATASETS/FathomNet_FGVC2025/data/images/3349.png,0583284539db790021482f28b86d93009ee53f7502e1d922a79a7a92304e332f,6a5dd9ee89c93c32dbea00b4741099436f8b1faa64a16692d8ff1e644a36d1d2,3349,4,train,4
10966,3354,41,Merluccius productus,/home/tahiti/MARINE_DATASETS/FathomNet_FGVC2025/data/rois/3354_10966.png,/home/tahiti/MARINE_DATASETS/FathomNet_FGVC2025/data/images/3354.png,3433d4ca754a3f3bb2478409f7b8945e10ffbe232211d12977f36fa96a9b5c20,4d7d6ba460c49667e395c3298d03f515ae88cdf49f9bb4edc5c927c7faa468d6,3354,4,train,4
10990,3368,35,Isididae,/home/tahiti/MARINE_DATASETS/FathomNet_FGVC2025/data/rois/3368_10990.png,/home/tahiti/MARINE_DATASETS/FathomNet_FGVC2025/data/images/3368.png,4b304a49aad1ac15f26659f16f2cb1753b79bb864cdb8daf143557172e0de425,cd60b56abf9679bb52cc120b52526a22aeefeb11d5dd79af15e8cab8c16fa502,3368,5,train,5
10994,3369,31,Hippasteria,/home/tahiti/MARINE_DATASETS/FathomNet_FGVC2025/data/rois/3369_10994.png,/home/tahiti/MARINE_DATASETS/FathomNet_FGVC2025/data/images/3369.png,8c31ba949f7b64024fd5c128ee34c955e721199596d03570433de2731b1ba6ce,619a58268e506e8128ec689213df3b0a61c6bf5485948558fa7aadaea3917e48,3369,5,train,5
10999,3370,41,Merluccius productus,/home/tahiti/MARINE_DATASETS/FathomNet_FGVC2025/data/rois/3370_10999.png,/home/tahiti/MARINE_DATASETS/FathomNet_FGVC2025/data/images/3370.png,74f5362325293b91fd567f6867576f648f6032d9cb40b00dd9b8f295b475eafa,49563114a7cee0b8ba006f8bc19dc30c2627f6bb0bfff67881690ee69347983a,3370,2,train,2
11012,3372,42,Metridium farcimen,/home/tahiti/MARINE_DATASETS/FathomNet_FGVC2025/data/rois/3372_11012.png,/home/tahiti/MARINE_DATASETS/FathomNet_FGVC2025/data/images/3372.png,1a7b5a8cc89d2922466c610da5c3d09b13e3b5290a2198f5432d0f97db58a43f,2ec394bbd8503ef2da295ca49d6d9693b7fe53a1ec5796cc8e850b054562ca49,3372,0,train,0
11024,3379,56,Paralomis multispina,/home/tahiti/MARINE_DATASETS/FathomNet_FGVC2025/data/rois/3379_11024.png,/home/tahiti/MARINE_DATASETS/FathomNet_FGVC2025/data/images/3379.png,d1e4f06d4931d2f1886999b7852baa6ba4a483944d5bb7ae07647036928989cb,9d4e16220a783e9c283e07cfaf9deba2e602ac16efa4b2ffd78ff5ab71886cd0,3379,4,train,4
11049,3386,73,Staurocalyptus,/home/tahiti/MARINE_DATASETS/FathomNet_FGVC2025/data/rois/3386_11049.png,/home/tahiti/MARINE_DATASETS/FathomNet_FGVC2025/data/images/3386.png,44494433351bdd2f0dd55497f7e04346a98e3476e55359ac679f1073b462362f,8e57b62e7ca83f6ca4aaf0f597fec30facfb73ee5def57a461b88b556bbf161e,3386,4,train,4
11064,3395,44,Munidopsis,/home/tahiti/MARINE_DATASETS/FathomNet_FGVC2025/data/rois/3395_11064.png,/home/tahiti/MARINE_DATASETS/FathomNet_FGVC2025/data/images/3395.png,1349f85c25c61dcc701216463552f3f19ed70f87fd162aab95adc157be738cd2,cacd3c0130a2a239db2d0185f6e37f07f52f0795be4246f8c73d4753f360b247,3395,5,train,5
11069,3396,14,Caridea,/home/tahiti/MARINE_DATASETS/FathomNet_FGVC2025/data/rois/3396_11069.png,/home/tahiti/MARINE_DATASETS/FathomNet_FGVC2025/data/images/3396.png,531f8f295ec4c30e7633f0a40075fe3a43f7344336a07523591fb361b6e52c3e,2f638b4642a216e89e50f8ed42c38431b4cff842c844b93d9f58a56dfc6579d1,3396,1,train,1
11092,3407,12,Benthocodon pedunculata,/home/tahiti/MARINE_DATASETS/FathomNet_FGVC2025/data/rois/3407_11092.png,/home/tahiti/MARINE_DATASETS/FathomNet_FGVC2025/data/images/3407.png,394dcb9b932e88dcf58c7a6ffec9202efd486f08d05c0de15158039b0adf2fd2,65c52185c504b15e4154815986c589ccc2e34acff6cabe26a51154dd242b321f,3407,4,train,4
11093,3408,27,Heterocarpus,/home/tahiti/MARINE_DATASETS/FathomNet_FGVC2025/data/rois/3408_11093.png,/home/tahiti/MARINE_DATASETS/FathomNet_FGVC2025/data/images/3408.png,ca3112ba1d30bfe09cbf1cd5b966eb1443f3f674e1d19cc84eaf1f6b26030832,0cda48c59693d7b39fc0373bd02b6ba48859f0d720fb57ee8d557228cc4e342b,3408,4,train,4
11102,3413,35,Isididae,/home/tahiti/MARINE_DATASETS/FathomNet_FGVC2025/data/rois/3413_11102.png,/home/tahiti/MARINE_DATASETS/FathomNet_FGVC2025/data/images/3413.png,3d49c8bf6820359f106de4b5f14fc4e22beca85cce5b5b71e3439092abe50ab2,f71e89f1a8479cf42faa2c8a75d9d7102702c0d9b2ffeeb7e49d397834d438c4,3413,0,train,0
11120,3422,54,Paragorgia,/home/tahiti/MARINE_DATASETS/FathomNet_FGVC2025/data/rois/3422_11120.png,/home/tahiti/MARINE_DATASETS/FathomNet_FGVC2025/data/images/3422.png,8ec559fa14f985c1114b48f3f5788099229eb3c79050ecd867a9002fbc189c09,4baf8931744680b2d5b62166eaf90b3327a0475dd1d91bf54f6be31c8bd23beb,3422,4,train,4
11121,3422,54,Paragorgia,/home/tahiti/MARINE_DATASETS/FathomNet_FGVC2025/data/rois/3422_11121.png,/home/tahiti/MARINE_DATASETS/FathomNet_FGVC2025/data/images/3422.png,cbd805d4f99a636bae356f29be99c854f2c12137f000ebeb2f1be0d550b753e2,4baf8931744680b2d5b62166eaf90b3327a0475dd1d91bf54f6be31c8bd23beb,3422,4,train,4
11125,3423,45,Munnopsidae,/home/tahiti/MARINE_DATASETS/FathomNet_FGVC2025/data/rois/3423_11125.png,/home/tahiti/MARINE_DATASETS/FathomNet_FGVC2025/data/images/3423.png,ae618c6520aec94c722d3f020713e037079daf1a6158698a677bdca2d4496fde,ec2d3b2b0af613ca28a9787d4754eb3beb7fb5376097bfa17e7ef0bbed1d8e92,3423,1,train,1
11148,3431,33,Hormathiidae,/home/tahiti/MARINE_DATASETS/FathomNet_FGVC2025/data/rois/3431_11148.png,/home/tahiti/MARINE_DATASETS/FathomNet_FGVC2025/data/images/3431.png,27589c350070a3332fb31aaf23715c589dfb16c982583a3a8529a390735ffefa,c6a3369fe2829b29647ba1b62d43252670e64dc33d60f183e195798eaed94594,3431,2,train,2
11149,3431,25,Gastropoda,/home/tahiti/MARINE_DATASETS/FathomNet_FGVC2025/data/rois/3431_11149.png,/home/tahiti/MARINE_DATASETS/FathomNet_FGVC2025/data/images/3431.png,8d0f112be55d154af9f0d97c86031d2aef26ead26467f27d93da861cae223d64,c6a3369fe2829b29647ba1b62d43252670e64dc33d60f183e195798eaed94594,3431,2,train,2
11157,3431,19,Crinoidea,/home/tahiti/MARINE_DATASETS/FathomNet_FGVC2025/data/rois/3431_11157.png,/home/tahiti/MARINE_DATASETS/FathomNet_FGVC2025/data/images/3431.png,98aa49357ab690a4bcd965799ff2c57293e2fa626b80f0d1a6a76429939b244b,c6a3369fe2829b29647ba1b62d43252670e64dc33d60f183e195798eaed94594,3431,2,train,2
11161,3434,34,Isidella tentaculum,/home/tahiti/MARINE_DATASETS/FathomNet_FGVC2025/data/rois/3434_11161.png,/home/tahiti/MARINE_DATASETS/FathomNet_FGVC2025/data/images/3434.png,a5a45a5a837daee18b702cf8c38697fc18f13abf5f33b923d1da2d8d35d9c517,a9caf3818f07feb261be870c47e272310364a6fad8a94faedcda6a764902d771,3434,5,train,5
11171,3437,39,Lithodidae,/home/tahiti/MARINE_DATASETS/FathomNet_FGVC2025/data/rois/3437_11171.png,/home/tahiti/MARINE_DATASETS/FathomNet_FGVC2025/data/images/3437.png,6c218f308cfbb78ae7027cfa71ba0c1440d866e9ca87447206a68ab4044b714b,b709d477dbe7a0268273f077eb5e3097f79eee0450b1100549dd560a2ee0fd2f,3437,1,train,1
11202,3441,41,Merluccius productus,/home/tahiti/MARINE_DATASETS/FathomNet_FGVC2025/data/rois/3441_11202.png,/home/tahiti/MARINE_DATASETS/FathomNet_FGVC2025/data/images/3441.png,e1b56b569668d6b6d59310caf95142cb963cc89b79d5bab99c68f4baf4967c2a,747ff6d6516b7e8451205ee1bd220261f60a1dc5bf28fac9dfa62421cc307ecb,3441,4,train,4
11218,3441,41,Merluccius productus,/home/tahiti/MARINE_DATASETS/FathomNet_FGVC2025/data/rois/3441_11218.png,/home/tahiti/MARINE_DATASETS/FathomNet_FGVC2025/data/images/3441.png,9899d301415fbd3cca46c8ac8cb374f76d56d99cfe2f7d1149311c63c0ed6aae,747ff6d6516b7e8451205ee1bd220261f60a1dc5bf28fac9dfa62421cc307ecb,3441,4,train,4
11277,3448,2,Acanthascinae,/home/tahiti/MARINE_DATASETS/FathomNet_FGVC2025/data/rois/3448_11277.png,/home/tahiti/MARINE_DATASETS/FathomNet_FGVC2025/data/images/3448.png,2061e3c27906f4bb4a356714149a24c37168b5420fa2782c7b65c145459738da,126797b91456e553fbbb1c97a1c54f9395a66b7909db444b65931df16f825f7e,3448,4,train,4
11284,3454,8,Apostichopus leukothele,/home/tahiti/MARINE_DATASETS/FathomNet_FGVC2025/data/rois/3454_11284.png,/home/tahiti/MARINE_DATASETS/FathomNet_FGVC2025/data/images/3454.png,c6957dff7dc06da75733c67da4610e21b2fa32520a2d37981bfcfe3c90bbb632,2839b8247baea41fc766e22cbfd19d6f0a0bd8ea3c487ca0ec473739c2cec76c,3454,2,train,2
11329,3469,4,Actinernus,/home/tahiti/MARINE_DATASETS/FathomNet_FGVC2025/data/rois/3469_11329.png,/home/tahiti/MARINE_DATASETS/FathomNet_FGVC2025/data/images/3469.png,289b0ffe5b416fc1aeb60b5762dcb39906b7ebd5ae54f1ec371eddeb6c32cbfc,41dd9ea3765e7a632b5980f5677725f838f4883f5735c8538289dabd2ad3b6a9,3469,4,train,4
11346,3482,56,Paralomis multispina,/home/tahiti/MARINE_DATASETS/FathomNet_FGVC2025/data/rois/3482_11346.png,/home/tahiti/MARINE_DATASETS/FathomNet_FGVC2025/data/images/3482.png,3c16505c5e2489c815857ac84a54363b2685f4410329a8d704cbbd9b98cf0080,10181547f489b0ca15e14bbea13a1b918734c723949d3d8b55167f47b5122a11,3482,4,train,4
11347,3482,44,Munidopsis,/home/tahiti/MARINE_DATASETS/FathomNet_FGVC2025/data/rois/3482_11347.png,/home/tahiti/MARINE_DATASETS/FathomNet_FGVC2025/data/images/3482.png,95f92b893b2438a13f823c196396f303647ece4484eefdc4cfef3680ece4fbec,10181547f489b0ca15e14bbea13a1b918734c723949d3d8b55167f47b5122a11,3482,4,train,4
11351,3482,56,Paralomis multispina,/home/tahiti/MARINE_DATASETS/FathomNet_FGVC2025/data/rois/3482_11351.png,/home/tahiti/MARINE_DATASETS/FathomNet_FGVC2025/data/images/3482.png,3e344b9fb5827ae2e757fb26e04b0ab88d5be81f68949114cb2a70bb2912124c,10181547f489b0ca15e14bbea13a1b918734c723949d3d8b55167f47b5122a11,3482,4,train,4
11353,3482,56,Paralomis multispina,/home/tahiti/MARINE_DATASETS/FathomNet_FGVC2025/data/rois/3482_11353.png,/home/tahiti/MARINE_DATASETS/FathomNet_FGVC2025/data/images/3482.png,0aa8a1147d5f5a756ba363e67c2015fa837d1f86849e5d9dabec4b0c3450ba8b,10181547f489b0ca15e14bbea13a1b918734c723949d3d8b55167f47b5122a11,3482,4,train,4
11358,3484,53,Pannychia moseleyi,/home/tahiti/MARINE_DATASETS/FathomNet_FGVC2025/data/rois/3484_11358.png,/home/tahiti/MARINE_DATASETS/FathomNet_FGVC2025/data/images/3484.png,bbfd457bac49c2ed8f851aa1c995b555ab8b185af51ad3f2bbfd6a1844da1ab9,2620fa61751dbdf64a03ccb56cf7321b18cf76cd4b0f90240ee216107686f606,3484,2,train,2
11373,3492,36,Isosicyonis,/home/tahiti/MARINE_DATASETS/FathomNet_FGVC2025/data/rois/3492_11373.png,/home/tahiti/MARINE_DATASETS/FathomNet_FGVC2025/data/images/3492.png,4c4f72128a22e5b7d4d763230f2cd8d1ce1fb29c82fd02094753b67252bf6a6f,542589d91e450b5545b69ac6479bcc222faf2e1a20715b1df3819372bc2c3b00,3492,0,train,0
11374,3492,36,Isosicyonis,/home/tahiti/MARINE_DATASETS/FathomNet_FGVC2025/data/rois/3492_11374.png,/home/tahiti/MARINE_DATASETS/FathomNet_FGVC2025/data/images/3492.png,6841fbea08df2d8e667fd6a111f85efb7620475f00b50f81f99d7c7c5b3530dc,542589d91e450b5545b69ac6479bcc222faf2e1a20715b1df3819372bc2c3b00,3492,0,train,0
11375,3492,36,Isosicyonis,/home/tahiti/MARINE_DATASETS/FathomNet_FGVC2025/data/rois/3492_11375.png,/home/tahiti/MARINE_DATASETS/FathomNet_FGVC2025/data/images/3492.png,2010fe01bb92be0d27159f6afd62c6985449f32bc64806ffae3b0f0ac60ecad3,542589d91e450b5545b69ac6479bcc222faf2e1a20715b1df3819372bc2c3b00,3492,0,train,0
11378,3492,36,Isosicyonis,/home/tahiti/MARINE_DATASETS/FathomNet_FGVC2025/data/rois/3492_11378.png,/home/tahiti/MARINE_DATASETS/FathomNet_FGVC2025/data/images/3492.png,7359a54f2b130966c610fcabf850988daa0260bf81d5f63d3039c76ffca2adf9,542589d91e450b5545b69ac6479bcc222faf2e1a20715b1df3819372bc2c3b00,3492,0,train,0
11383,3492,36,Isosicyonis,/home/tahiti/MARINE_DATASETS/FathomNet_FGVC2025/data/rois/3492_11383.png,/home/tahiti/MARINE_DATASETS/FathomNet_FGVC2025/data/images/3492.png,1e80e251ffd6b12a439bf9ef208f83258331f0d7d712fe250573aad6b379777b,542589d91e450b5545b69ac6479bcc222faf2e1a20715b1df3819372bc2c3b00,3492,0,train,0
11385,3492,36,Isosicyonis,/home/tahiti/MARINE_DATASETS/FathomNet_FGVC2025/data/rois/3492_11385.png,/home/tahiti/MARINE_DATASETS/FathomNet_FGVC2025/data/images/3492.png,18c8427746c11814a82ec76711f945d82b19bb974c86d04a382905c383057368,542589d91e450b5545b69ac6479bcc222faf2e1a20715b1df3819372bc2c3b00,3492,0,train,0
11387,3493,50,Paelopatides confundens,/home/tahiti/MARINE_DATASETS/FathomNet_FGVC2025/data/rois/3493_11387.png,/home/tahiti/MARINE_DATASETS/FathomNet_FGVC2025/data/images/3493.png,d158445e3711f21805f06cb7ff210d883b58937c316b5358f8006b4f5797c4a9,a348af669a87dc4a4f77327a97a4e0f3956105dca81fdeb2124b903f1fdcf797,3493,4,train,4
11397,3497,73,Staurocalyptus,/home/tahiti/MARINE_DATASETS/FathomNet_FGVC2025/data/rois/3497_11397.png,/home/tahiti/MARINE_DATASETS/FathomNet_FGVC2025/data/images/3497.png,3d4f25de7e96717e3f58ce8c2c084565479bc8b393cd9b3e580c9da455e8b179,8d51890097b5719518df48fa4a0efeb5b8a51e20faf96090384796504dcbdaa3,3497,5,train,5
11405,3501,2,Acanthascinae,/home/tahiti/MARINE_DATASETS/FathomNet_FGVC2025/data/rois/3501_11405.png,/home/tahiti/MARINE_DATASETS/FathomNet_FGVC2025/data/images/3501.png,2e59ee24a9f91aecf44aade263cb8e9334759ae0a09bd7ff31100720eabdbd4f,f8eaa6c76c9cb9682eaafa701941da18d3a581d316ba44e5b55ccb65e6f27e43,3501,4,train,4
11407,3501,29,Heteropolypus ritteri,/home/tahiti/MARINE_DATASETS/FathomNet_FGVC2025/data/rois/3501_11407.png,/home/tahiti/MARINE_DATASETS/FathomNet_FGVC2025/data/images/3501.png,510029e65b651fc6ab446669250270f910fcdf530e5e9039d0b3f1e3adff211f,f8eaa6c76c9cb9682eaafa701941da18d3a581d316ba44e5b55ccb65e6f27e43,3501,4,train,4
11408,3501,29,Heteropolypus ritteri,/home/tahiti/MARINE_DATASETS/FathomNet_FGVC2025/data/rois/3501_11408.png,/home/tahiti/MARINE_DATASETS/FathomNet_FGVC2025/data/images/3501.png,44a15eae49d1b123f440d15aad0434de7d0d8de79f41125dc3f17565ab36d746,f8eaa6c76c9cb9682eaafa701941da18d3a581d316ba44e5b55ccb65e6f27e43,3501,4,train,4
11414,3506,7,Amphipoda,/home/tahiti/MARINE_DATASETS/FathomNet_FGVC2025/data/rois/3506_11414.png,/home/tahiti/MARINE_DATASETS/FathomNet_FGVC2025/data/images/3506.png,4241281aa68887feb190481e2863c408f1462af6a540d42e1d976a13b7c27e47,5260decf2bf7046256bb6f393355cad590765b74bbf09fab6ae40bcbba815dc1,3506,1,train,1
11429,3518,75,Terebellidae,/home/tahiti/MARINE_DATASETS/FathomNet_FGVC2025/data/rois/3518_11429.png,/home/tahiti/MARINE_DATASETS/FathomNet_FGVC2025/data/images/3518.png,97da15c0ea10d5e623f04dc3a3411fdda6cb7674251bf1bb71cc71a94aaa8fef,ff77fc5d17e6e856af9a575f71c502e70d2a30d00df7f5571f7bba1588e3e45d,3518,0,train,0
11438,3524,55,Paragorgia arborea,/home/tahiti/MARINE_DATASETS/FathomNet_FGVC2025/data/rois/3524_11438.png,/home/tahiti/MARINE_DATASETS/FathomNet_FGVC2025/data/images/3524.png,88023b78dbcdf70117006cd71e7a41598a6ef932cff0dbe7bd4225ed399812ef,2594ab7bb41a40db2ebe3a0a91b15062f2b36536a99764ef2e3897bd7dc3076a,3524,0,train,0
11441,3526,75,Terebellidae,/home/tahiti/MARINE_DATASETS/FathomNet_FGVC2025/data/rois/3526_11441.png,/home/tahiti/MARINE_DATASETS/FathomNet_FGVC2025/data/images/3526.png,ae3e4b496d31033fa66de5be4a274a91b168b7ce66edea38e4a073a259f50be3,caa54cf76e64e3cc85f1e53949e0204d95218980cbb410eec8c0907e30ae93df,3526,2,train,2
11442,3527,68,Scotoplanes globosa,/home/tahiti/MARINE_DATASETS/FathomNet_FGVC2025/data/rois/3527_11442.png,/home/tahiti/MARINE_DATASETS/FathomNet_FGVC2025/data/images/3527.png,50a23c9936ff0ac75f1d0db94c77b3e0cdb48481299280a8fd1a70be940d7bd1,d041a4590908e166212ef159cff89aa030c1d9f4770ad58cf889d4ffa59a17cb,3527,4,train,4
11471,3542,21,Elpidia,/home/tahiti/MARINE_DATASETS/FathomNet_FGVC2025/data/rois/3542_11471.png,/home/tahiti/MARINE_DATASETS/FathomNet_FGVC2025/data/images/3542.png,fb3451247b7aa2bfa7841dcfc4472cc6cf084f5cbe2ca17f060a397689ffee18,ef29ababed993d932958d2aaf0ef099b9667078fbc2c025be7f1902c9e8d8eec,3542,0,train,0
11481,3547,14,Caridea,/home/tahiti/MARINE_DATASETS/FathomNet_FGVC2025/data/rois/3547_11481.png,/home/tahiti/MARINE_DATASETS/FathomNet_FGVC2025/data/images/3547.png,73749abaad994c693a2503b5da94dfb3a1777916a459fd7ffed6b6f329c78104,f7c76ccf68a08967dcd70c0f96d7bb496299183c18220bdbc5e9d86d775754f4,3547,5,train,5
11503,3563,32,Holothuroidea,/home/tahiti/MARINE_DATASETS/FathomNet_FGVC2025/data/rois/3563_11503.png,/home/tahiti/MARINE_DATASETS/FathomNet_FGVC2025/data/images/3563.png,902a5323dfaecb18440d29ab00ce39caf632ce9622c84d593afa39f1893d23d8,f0c1a3b8b0d9ac2a3f0b51a4f5392a85123f053e75990484712f240eae5ca3c7,3563,5,train,5
11539,3573,39,Lithodidae,/home/tahiti/MARINE_DATASETS/FathomNet_FGVC2025/data/rois/3573_11539.png,/home/tahiti/MARINE_DATASETS/FathomNet_FGVC2025/data/images/3573.png,e8788fe258f223a754e52c4346c7c4687b238208a572ca1abed1b61ed0c3d297,bed8ce2af52ae490cce9855351f9352a6466bc79a4d71090ef33f8f2086db4ae,3573,0,train,0
11584,3596,35,Isididae,/home/tahiti/MARINE_DATASETS/FathomNet_FGVC2025/data/rois/3596_11584.png,/home/tahiti/MARINE_DATASETS/FathomNet_FGVC2025/data/images/3596.png,88e6c92a6428672fc33c46589964bb8566ebe26015e35eaa26ace43e3974fa2c,ff27f7bb09ff133725e10615e729aa92d1b3bf14ac3685987976bdf63969f7e1,3596,2,train,2
11595,3601,43,Microstomus pacificus,/home/tahiti/MARINE_DATASETS/FathomNet_FGVC2025/data/rois/3601_11595.png,/home/tahiti/MARINE_DATASETS/FathomNet_FGVC2025/data/images/3601.png,83176bdeac99c5c5b07584390f73d707e28abf1c8df65ef4c215ab589e0c8b83,55a2c84ed0cff7f1dfd7a67213e860f1e8f448a009b4e58c65763bd709e94a4f,3601,4,train,4
11648,3626,29,Heteropolypus ritteri,/home/tahiti/MARINE_DATASETS/FathomNet_FGVC2025/data/rois/3626_11648.png,/home/tahiti/MARINE_DATASETS/FathomNet_FGVC2025/data/images/3626.png,9d460d6c9e0691a293fd790bcd0433b04dfb0c50b19852feafe8da8ec2ee701a,95a33da28eef7f3cf2f0379c63c04ea51ac7a9162a02884504d76a20205c9d7e,3626,4,train,4
11658,3630,59,Pennatula phosphorea,/home/tahiti/MARINE_DATASETS/FathomNet_FGVC2025/data/rois/3630_11658.png,/home/tahiti/MARINE_DATASETS/FathomNet_FGVC2025/data/images/3630.png,80fe46be55cf67b93806517c1b9fe8f5675c073d236e92d4cb4537f363a403fa,a226ccaa0e6657f12775762159efee0fa9a652db436b26ba03fe909f857b1597,3630,2,train,2
11666,3630,59,Pennatula phosphorea,/home/tahiti/MARINE_DATASETS/FathomNet_FGVC2025/data/rois/3630_11666.png,/home/tahiti/MARINE_DATASETS/FathomNet_FGVC2025/data/images/3630.png,393e2e70a21cf42a5b0c1d5744212e15b908aa66a7784d6a7e44d97e2a3a70c4,a226ccaa0e6657f12775762159efee0fa9a652db436b26ba03fe909f857b1597,3630,2,train,2
11667,3630,59,Pennatula phosphorea,/home/tahiti/MARINE_DATASETS/FathomNet_FGVC2025/data/rois/3630_11667.png,/home/tahiti/MARINE_DATASETS/FathomNet_FGVC2025/data/images/3630.png,f415d42a139e2a2082b2bcfa3456527f378f881747d2bfbbfa365537d0305047,a226ccaa0e6657f12775762159efee0fa9a652db436b26ba03fe909f857b1597,3630,2,train,2
11671,3632,14,Caridea,/home/tahiti/MARINE_DATASETS/FathomNet_FGVC2025/data/rois/3632_11671.png,/home/tahiti/MARINE_DATASETS/FathomNet_FGVC2025/data/images/3632.png,9167c434cde2fde78146ac7c3db530b6c2928591e5bfd4e6b0784f0a49526653,30dad9dcd44c8d3b1df3a57fd6a1a2f6f6c75f1da0b062581870092211a95874,3632,5,train,5
11676,3637,46,Mycale,/home/tahiti/MARINE_DATASETS/FathomNet_FGVC2025/data/rois/3637_11676.png,/home/tahiti/MARINE_DATASETS/FathomNet_FGVC2025/data/images/3637.png,f087b38c394f157e33e3280e2ddd12b21293fa5c061febd2ebc87e4895110d6f,fb3c7b418be365064c261595a45672f98b99d3b13fb237465801ef60f385e5ec,3637,2,train,2
11728,3655,68,Scotoplanes globosa,/home/tahiti/MARINE_DATASETS/FathomNet_FGVC2025/data/rois/3655_11728.png,/home/tahiti/MARINE_DATASETS/FathomNet_FGVC2025/data/images/3655.png,62abf8477f2d8b34ddab73e9d3a345425216bbca26c687a8ea393d1964fdf784,10e32fb53d099cc7afbee7b4f548d69a646d953dfb9c2222ac3b2b06b0ab9225,3655,4,train,4
11729,3655,68,Scotoplanes globosa,/home/tahiti/MARINE_DATASETS/FathomNet_FGVC2025/data/rois/3655_11729.png,/home/tahiti/MARINE_DATASETS/FathomNet_FGVC2025/data/images/3655.png,78fe71222d55853c4196d92aae756240784e0eccef1610882ae4628ccc341dcc,10e32fb53d099cc7afbee7b4f548d69a646d953dfb9c2222ac3b2b06b0ab9225,3655,4,train,4
11746,3662,79,Zoantharia,/home/tahiti/MARINE_DATASETS/FathomNet_FGVC2025/data/rois/3662_11746.png,/home/tahiti/MARINE_DATASETS/FathomNet_FGVC2025/data/images/3662.png,d92667168e85df6861e3b542aeea10c18fa643d063a3136911808ca517876e49,d6fcf278d409c4b21787803bcf192b401d2da7885234be41ca00aa2718bc2e3a,3662,2,train,2
11753,3662,79,Zoantharia,/home/tahiti/MARINE_DATASETS/FathomNet_FGVC2025/data/rois/3662_11753.png,/home/tahiti/MARINE_DATASETS/FathomNet_FGVC2025/data/images/3662.png,c8a061c0ec1b320f0b3c157a9682e430492f5f89640a50c2a90c13888ed8e2e4,d6fcf278d409c4b21787803bcf192b401d2da7885234be41ca00aa2718bc2e3a,3662,2,train,2
11782,3675,18,Corallimorphus pilatus,/home/tahiti/MARINE_DATASETS/FathomNet_FGVC2025/data/rois/3675_11782.png,/home/tahiti/MARINE_DATASETS/FathomNet_FGVC2025/data/images/3675.png,f725f576bad994a49e33456d40d69a29aa85c0f305b502fdd633bffe60d04ce5,0506a92cde2d7608df3951b91050d88ef49f88b88f88d22247111c5be3ae0e5c,3675,0,train,0
11785,3676,29,Heteropolypus ritteri,/home/tahiti/MARINE_DATASETS/FathomNet_FGVC2025/data/rois/3676_11785.png,/home/tahiti/MARINE_DATASETS/FathomNet_FGVC2025/data/images/3676.png,1a066943139ab2947a4e4ba0a9aa018e66eec5da1a920648d3edd157ed6dc9f1,543261554ea3935909babddadfdcb099ec7dfc7e4bb60d37f6fb0f6ceef8aa83,3676,4,train,4
11802,3684,77,Umbellula,/home/tahiti/MARINE_DATASETS/FathomNet_FGVC2025/data/rois/3684_11802.png,/home/tahiti/MARINE_DATASETS/FathomNet_FGVC2025/data/images/3684.png,a7cb4f4a2df79d217f15a9c46c01e844b01c730db867a592eb366dd3f608845f,b92c14badcd3a4f42129c922898b30ccef46d9d209c020c390926740735d41c1,3684,2,train,2
11831,3699,33,Hormathiidae,/home/tahiti/MARINE_DATASETS/FathomNet_FGVC2025/data/rois/3699_11831.png,/home/tahiti/MARINE_DATASETS/FathomNet_FGVC2025/data/images/3699.png,0e24732dd0071f7dc3ce605cf4b076796e45c67a22c36f7bbd3e51303f1f559f,42a2c4d1ed96a9c20ef4935e176169f784f32a0004f8182e0bd457a5bffbb5e6,3699,1,train,1
11841,3700,24,Funiculina,/home/tahiti/MARINE_DATASETS/FathomNet_FGVC2025/data/rois/3700_11841.png,/home/tahiti/MARINE_DATASETS/FathomNet_FGVC2025/data/images/3700.png,880f639a591b77442b1f4bfb3185019572a82c7590ca7eadae287a8dd914dcbb,e9e0e4b5a83a75d47a84cd3ec438e3fe4f9b37051929dd4dc81a0d0c26508fbe,3700,5,train,5
11842,3701,50,Paelopatides confundens,/home/tahiti/MARINE_DATASETS/FathomNet_FGVC2025/data/rois/3701_11842.png,/home/tahiti/MARINE_DATASETS/FathomNet_FGVC2025/data/images/3701.png,5d1ebaeb02ac57d30f68f510461505c8d889c7d348b376959578ed9baec7ad1a,8419965b2fa861160ea0dcb9ea9172bd2367cfea2630daab8061fc9773e03268,3701,5,train,5
11843,3701,50,Paelopatides confundens,/home/tahiti/MARINE_DATASETS/FathomNet_FGVC2025/data/rois/3701_11843.png,/home/tahiti/MARINE_DATASETS/FathomNet_FGVC2025/data/images/3701.png,791c8ee2ebe2c25c583aee85e1fccf846b4c0ee2ebc3d2f0ba44dccb21c12c19,8419965b2fa861160ea0dcb9ea9172bd2367cfea2630daab8061fc9773e03268,3701,5,train,5
11858,3708,68,Scotoplanes globosa,/home/tahiti/MARINE_DATASETS/FathomNet_FGVC2025/data/rois/3708_11858.png,/home/tahiti/MARINE_DATASETS/FathomNet_FGVC2025/data/images/3708.png,0cf95df3c3f191359a30c81474b594efbca9622efe1b65f3f8d10a0f3710400c,3d1b553c8cae28a44028d9302c2784b920f905983ed82c12eaa293158ff552ad,3708,2,train,2
11893,3724,7,Amphipoda,/home/tahiti/MARINE_DATASETS/FathomNet_FGVC2025/data/rois/3724_11893.png,/home/tahiti/MARINE_DATASETS/FathomNet_FGVC2025/data/images/3724.png,92b02b1033039b5447620c33d50e7f8b7dbe37f3c3ff2dcb8b97d211edf4e8df,8eb0b97c30e66babacfe96b538f70c04320fc9c37c4f3b12ec17f8ab71d609a6,3724,1,train,1
11905,3727,26,Gersemia juliepackardae,/home/tahiti/MARINE_DATASETS/FathomNet_FGVC2025/data/rois/3727_11905.png,/home/tahiti/MARINE_DATASETS/FathomNet_FGVC2025/data/images/3727.png,40a26f2e64bd6a28595bb104b3fcb53f7347e647b0f58ca56d1e487df6fc8f65,3130ad10c3537bfff84dd7666c4624ac534975bbad1d83da808b19d5efe32a4a,3727,5,train,5
11908,3728,67,Scotoplanes,/home/tahiti/MARINE_DATASETS/FathomNet_FGVC2025/data/rois/3728_11908.png,/home/tahiti/MARINE_DATASETS/FathomNet_FGVC2025/data/images/3728.png,8afb6c5665a2d0c49ededba3d1914c620ec5372db7bf0ec460fc57f0426a9808,b7761039ca799791d1868934bf67308a64890dda7e3df1782d34d79e3abd9444,3728,1,train,1
11915,3728,67,Scotoplanes,/home/tahiti/MARINE_DATASETS/FathomNet_FGVC2025/data/rois/3728_11915.png,/home/tahiti/MARINE_DATASETS/FathomNet_FGVC2025/data/images/3728.png,2ff8a5e69aa04c92a3f1c8de64ad6bc9a0e6547c82a1c457fe0f4b06753e105d,b7761039ca799791d1868934bf67308a64890dda7e3df1782d34d79e3abd9444,3728,1,train,1
11916,3729,51,Pandalus amplus,/home/tahiti/MARINE_DATASETS/FathomNet_FGVC2025/data/rois/3729_11916.png,/home/tahiti/MARINE_DATASETS/FathomNet_FGVC2025/data/images/3729.png,95a857e955f956eeed8fcbc96ce67d0fd44f4295abe53a63f562a0b334e7b53e,4d54ac9bdd74f309911d580fd5a0c0c222185ee84b7e22cac082835f066e2924,3729,0,train,0
11950,3748,38,Liponema brevicorne,/home/tahiti/MARINE_DATASETS/FathomNet_FGVC2025/data/rois/3748_11950.png,/home/tahiti/MARINE_DATASETS/FathomNet_FGVC2025/data/images/3748.png,896131cf9b50e4e2f4fe5464e7bf36d6ee3c136a6b70f14abbf229c98e2f951f,284a311fe241e492c7b4f55c770985ba469bda85d5a3ffdf7d38c41b50047e2e,3748,1,train,1
11975,3765,31,Hippasteria,/home/tahiti/MARINE_DATASETS/FathomNet_FGVC2025/data/rois/3765_11975.png,/home/tahiti/MARINE_DATASETS/FathomNet_FGVC2025/data/images/3765.png,8910f73271c5dbf147083d8e7d33deaf31cfad80518aab408bd1c963eafc7bde,430d744c6410c08d7122b60d2b7b7615a13cc4b0ec8cf712f3e927200e47169f,3765,4,train,4
12000,3774,19,Crinoidea,/home/tahiti/MARINE_DATASETS/FathomNet_FGVC2025/data/rois/3774_12000.png,/home/tahiti/MARINE_DATASETS/FathomNet_FGVC2025/data/images/3774.png,5a4a11a8754508d8584b695459dad0b764e635e8a9a12b72877cd31ebc7005e3,b51cba0b1805dedba15906fb72265f59cd9fb48b1fb46223882d5e279db21bef,3774,2,train,2
12002,3774,32,Holothuroidea,/home/tahiti/MARINE_DATASETS/FathomNet_FGVC2025/data/rois/3774_12002.png,/home/tahiti/MARINE_DATASETS/FathomNet_FGVC2025/data/images/3774.png,a1e75513ef6e6b64c9e40830186808bff489df0b4489a27cf9faeb1cbd0c514f,b51cba0b1805dedba15906fb72265f59cd9fb48b1fb46223882d5e279db21bef,3774,2,train,2
12026,3786,52,Pandalus platyceros,/home/tahiti/MARINE_DATASETS/FathomNet_FGVC2025/data/rois/3786_12026.png,/home/tahiti/MARINE_DATASETS/FathomNet_FGVC2025/data/images/3786.png,72f8c8f2f91560d83a10eb4c6275c312f4065aa8154522a1fa5b406a63f987fb,17d05f894e33344b340baea6819397029667e256446b9778489745c1ab226336,3786,1,train,1
12027,3787,43,Microstomus pacificus,/home/tahiti/MARINE_DATASETS/FathomNet_FGVC2025/data/rois/3787_12027.png,/home/tahiti/MARINE_DATASETS/FathomNet_FGVC2025/data/images/3787.png,6a911932ea0494639118f0872e4eab4bf9bde9a7d0fbd7189cf052421bd01b4a,73015276dcb3d402e8fdd00ff7fb9d9d1842b82c7636d9e955f6a2d0fbe84b16,3787,5,train,5
12042,3794,45,Munnopsidae,/home/tahiti/MARINE_DATASETS/FathomNet_FGVC2025/data/rois/3794_12042.png,/home/tahiti/MARINE_DATASETS/FathomNet_FGVC2025/data/images/3794.png,6dd2baa3f00b28b4da153754776228f7526110b49be7d967f4dfe7934aa4d43c,6f328fb4b463f909c5bdc2c94973f3af93dbbdff0ca72ad9b054e68a57184109,3794,5,train,5
12047,3797,19,Crinoidea,/home/tahiti/MARINE_DATASETS/FathomNet_FGVC2025/data/rois/3797_12047.png,/home/tahiti/MARINE_DATASETS/FathomNet_FGVC2025/data/images/3797.png,89b6e35c64eeccf55a91c0e516545f9c609df7e7c38c5bff7405c24cf2b3f4c7,07dd1e81f9d7acdc30174aa0be5bdf31e6a4b099daa2e835e27c1fb8761fb085,3797,1,train,1
12052,3799,34,Isidella tentaculum,/home/tahiti/MARINE_DATASETS/FathomNet_FGVC2025/data/rois/3799_12052.png,/home/tahiti/MARINE_DATASETS/FathomNet_FGVC2025/data/images/3799.png,ad8f05b9ecbcf77a786b457611c67f2c20805ee293016f94b9296468a969c53c,4308d30b15d25da81806d6d1068384cc46d3e9d01aeb442bc0965328f2ac60e0,3799,4,train,4
12070,3804,52,Pandalus platyceros,/home/tahiti/MARINE_DATASETS/FathomNet_FGVC2025/data/rois/3804_12070.png,/home/tahiti/MARINE_DATASETS/FathomNet_FGVC2025/data/images/3804.png,08469147b291f9f24b5f1bd12713d93f0bfee0e088b718dd6a15d96db4346412,d22e3043dea473de1824ae118a41b956a1a24e9aad1ad564917fab901401d6bb,3804,2,train,2
12071,3804,52,Pandalus platyceros,/home/tahiti/MARINE_DATASETS/FathomNet_FGVC2025/data/rois/3804_12071.png,/home/tahiti/MARINE_DATASETS/FathomNet_FGVC2025/data/images/3804.png,cf20ddfa6be3afd66b7abd9326031223f49e1e133d75599c745a949088b1c63b,d22e3043dea473de1824ae118a41b956a1a24e9aad1ad564917fab901401d6bb,3804,2,train,2
12092,3812,12,Benthocodon pedunculata,/home/tahiti/MARINE_DATASETS/FathomNet_FGVC2025/data/rois/3812_12092.png,/home/tahiti/MARINE_DATASETS/FathomNet_FGVC2025/data/images/3812.png,2d45a9e44978c500d219c05f1e09d301853de51542fe5538fe9b1eee25d64b5a,f86ba40c4f6b9f3a257a80107fd2dc7022c9b31134cfede2539c271ce6bca308,3812,0,train,0
12095,3814,19,Crinoidea,/home/tahiti/MARINE_DATASETS/FathomNet_FGVC2025/data/rois/3814_12095.png,/home/tahiti/MARINE_DATASETS/FathomNet_FGVC2025/data/images/3814.png,e20873cdf68fda812fff06b249126341a49aa670b1433cff9d2d9e193061330d,d76ba0eb012e189c9b06f79e9302eec213d33ee86c93e6ca59d7344f0336a639,3814,2,train,2
12096,3814,19,Crinoidea,/home/tahiti/MARINE_DATASETS/FathomNet_FGVC2025/data/rois/3814_12096.png,/home/tahiti/MARINE_DATASETS/FathomNet_FGVC2025/data/images/3814.png,44325ba23f3b42a62ecc2333aa972563da68e4ef31b7d18636f3797bc3152cab,d76ba0eb012e189c9b06f79e9302eec213d33ee86c93e6ca59d7344f0336a639,3814,2,train,2
12136,3830,31,Hippasteria,/home/tahiti/MARINE_DATASETS/FathomNet_FGVC2025/data/rois/3830_12136.png,/home/tahiti/MARINE_DATASETS/FathomNet_FGVC2025/data/images/3830.png,e926cfd196d3e8c34b118f86696a78bf560a1297ea62b496685ee4c2cf9f5d30,ed737119c11928214109692a8abef2e43ac6664d15229dfc5370261edcf99298,3830,2,train,2
12156,3841,45,Munnopsidae,/home/tahiti/MARINE_DATASETS/FathomNet_FGVC2025/data/rois/3841_12156.png,/home/tahiti/MARINE_DATASETS/FathomNet_FGVC2025/data/images/3841.png,b11fc95a5b3b889f5d8fe95653a1531a2f50b8df6c9a3a7b1e7d3661b29470b4,83cbc1187e84ee14f2223aa06b197847ce335cbd2ba96ad7563256c19893a113,3841,4,train,4
12234,3855,53,Pannychia moseleyi,/home/tahiti/MARINE_DATASETS/FathomNet_FGVC2025/data/rois/3855_12234.png,/home/tahiti/MARINE_DATASETS/FathomNet_FGVC2025/data/images/3855.png,afab4995c4d46aadeb1dab1380c814696a8bde5ec4576ae66a0dc22ad17f1b3c,f3e0354d8d81ce36be323c63f0e763004782370633fe4a8d96743930ba4f412f,3855,5,train,5
12235,3856,19,Crinoidea,/home/tahiti/MARINE_DATASETS/FathomNet_FGVC2025/data/rois/3856_12235.png,/home/tahiti/MARINE_DATASETS/FathomNet_FGVC2025/data/images/3856.png,dc8c43097041b7ab170e5559ef31a0177a95894fc94fba41c18a76bfb08796f5,6503284b5ef1db62708733e0f30f4077d51c69035f219af5e187663c2099a1b6,3856,1,train,1
12246,3865,15,Ceriantharia,/home/tahiti/MARINE_DATASETS/FathomNet_FGVC2025/data/rois/3865_12246.png,/home/tahiti/MARINE_DATASETS/FathomNet_FGVC2025/data/images/3865.png,c61ef7f5df7a481aae652b49e871d452857ab31a8d640f3514c1bfd34ff888bb,2fed179fee9976cad791fd3b66ef7d4156cf789ee5b3ef1543973031e25385a7,3865,0,train,0
12248,3865,56,Paralomis multispina,/home/tahiti/MARINE_DATASETS/FathomNet_FGVC2025/data/rois/3865_12248.png,/home/tahiti/MARINE_DATASETS/FathomNet_FGVC2025/data/images/3865.png,ce7da2870564a2b70a6eb37e563f2d60a2590e2093d6804b6af11ea8a574665e,2fed179fee9976cad791fd3b66ef7d4156cf789ee5b3ef1543973031e25385a7,3865,0,train,0
12250,3866,47,Octopus rubescens,/home/tahiti/MARINE_DATASETS/FathomNet_FGVC2025/data/rois/3866_12250.png,/home/tahiti/MARINE_DATASETS/FathomNet_FGVC2025/data/images/3866.png,093ea9b0a72cacd55fe60d2d2d052bfa2362cca18ff9f83bd17aa4eb4df892bf,8309a933541ec3a73107fd107c23bff986682b2e49195e9da914c8517c5a6638,3866,0,train,0
12256,3866,52,Pandalus platyceros,/home/tahiti/MARINE_DATASETS/FathomNet_FGVC2025/data/rois/3866_12256.png,/home/tahiti/MARINE_DATASETS/FathomNet_FGVC2025/data/images/3866.png,8f16e24409ee4c7c24a6c1c10c24a3a0c47a1d1b071d3a2e270fd0f8c2cf2889,8309a933541ec3a73107fd107c23bff986682b2e49195e9da914c8517c5a6638,3866,0,train,0
12259,3867,33,Hormathiidae,/home/tahiti/MARINE_DATASETS/FathomNet_FGVC2025/data/rois/3867_12259.png,/home/tahiti/MARINE_DATASETS/FathomNet_FGVC2025/data/images/3867.png,764556d13842466bc2fd126313a6a35746d754b0422991cab04e6aec6489ef5a,936b063221a2b22006f741670ab430bf3268a038360ed5c267f52e76d5df8346,3867,0,train,0
12260,3867,17,Chorilia longipes,/home/tahiti/MARINE_DATASETS/FathomNet_FGVC2025/data/rois/3867_12260.png,/home/tahiti/MARINE_DATASETS/FathomNet_FGVC2025/data/images/3867.png,83fd9c0cd8457380fe8a94f007b155884f3589ba41ca6a6967816257bf52251e,936b063221a2b22006f741670ab430bf3268a038360ed5c267f52e76d5df8346,3867,0,train,0
12274,3873,45,Munnopsidae,/home/tahiti/MARINE_DATASETS/FathomNet_FGVC2025/data/rois/3873_12274.png,/home/tahiti/MARINE_DATASETS/FathomNet_FGVC2025/data/images/3873.png,6a74710f5accba48c804ad1041e72446eae0a7055afdb9e004cee2725ebdf1a6,2dd76451f13f8349ec1480af58449db3baf9f935f17f0bd65b090a4448081683,3873,1,train,1
12283,3875,77,Umbellula,/home/tahiti/MARINE_DATASETS/FathomNet_FGVC2025/data/rois/3875_12283.png,/home/tahiti/MARINE_DATASETS/FathomNet_FGVC2025/data/images/3875.png,8301eb17349d0f6d679e7f9b52e6225a51436c245615b48a65ec46135e9884df,7f2be52af8cdd003bf4d0c6e082858e6d566f13471fc630b69b4da03aa41373e,3875,4,train,4
12284,3876,67,Scotoplanes,/home/tahiti/MARINE_DATASETS/FathomNet_FGVC2025/data/rois/3876_12284.png,/home/tahiti/MARINE_DATASETS/FathomNet_FGVC2025/data/images/3876.png,16500e4fbd8d1d3ea6c53ecfb5e74ae38171ac63432c98dff5863e44ad43efff,59196d866f9a83e7d5e7b83ac85227d44e6c306752ad0f6de54a4fdda9f35900,3876,2,train,2
12361,3896,51,Pandalus amplus,/home/tahiti/MARINE_DATASETS/FathomNet_FGVC2025/data/rois/3896_12361.png,/home/tahiti/MARINE_DATASETS/FathomNet_FGVC2025/data/images/3896.png,270c201d96d3d68fc9c30f88b826ff53065c2c5b0c1ced8dfa1b57ab5c1bc9af,cc6c5b1e7e809df6a372f83a551ac36675ac271886c1f1efd392c5d56e46384e,3896,5,train,5
12401,3911,47,Octopus rubescens,/home/tahiti/MARINE_DATASETS/FathomNet_FGVC2025/data/rois/3911_12401.png,/home/tahiti/MARINE_DATASETS/FathomNet_FGVC2025/data/images/3911.png,b80081e14f3838f91fe54ce647818a747cbc882c3e09205012f9bb19435e954e,ad61f4b69e97d4c21279bd517e3af693dbec69665dfaab7c80b7f6571885eaef,3911,1,train,1
12422,3919,42,Metridium farcimen,/home/tahiti/MARINE_DATASETS/FathomNet_FGVC2025/data/rois/3919_12422.png,/home/tahiti/MARINE_DATASETS/FathomNet_FGVC2025/data/images/3919.png,14c74de5108b33d627a167a54ad811c9eb0b09a29ff138c6c5f3d529e7f1bf52,30278dc54b8dacd2b2f1b29e9459d3fce4723eb65615b30e9da8294d85cd8145,3919,2,train,2
12432,3923,33,Hormathiidae,/home/tahiti/MARINE_DATASETS/FathomNet_FGVC2025/data/rois/3923_12432.png,/home/tahiti/MARINE_DATASETS/FathomNet_FGVC2025/data/images/3923.png,654b1be1434b0ede79a2b959341b0dc470fc823107b9a89d019bb9c3052aeb87,c112bc6eb0fffda301a5df30902701c8328b1b3cf559553778e1963b036be0fe,3923,4,train,4
12469,3940,45,Munnopsidae,/home/tahiti/MARINE_DATASETS/FathomNet_FGVC2025/data/rois/3940_12469.png,/home/tahiti/MARINE_DATASETS/FathomNet_FGVC2025/data/images/3940.png,11adc722eb1cdf79972061406764d3c32e23c29a5c494941ca2256a177c179dd,0886f38ea43cac289965549442920f599c10f4a6cc756a7e1174d384ff825e76,3940,5,train,5
12477,3942,51,Pandalus amplus,/home/tahiti/MARINE_DATASETS/FathomNet_FGVC2025/data/rois/3942_12477.png,/home/tahiti/MARINE_DATASETS/FathomNet_FGVC2025/data/images/3942.png,a977329dff269c8224fd3d5b10b2fe503b97977ce9ac66a76d23493205067b3c,7771a3aadf518f473cb7782876b509747bc60dccd0358d99bb906af85f63c7d0,3942,2,train,2
12491,3947,12,Benthocodon pedunculata,/home/tahiti/MARINE_DATASETS/FathomNet_FGVC2025/data/rois/3947_12491.png,/home/tahiti/MARINE_DATASETS/FathomNet_FGVC2025/data/images/3947.png,4620e2291f057c662420ba49419a41249e1bbe754b3e7d92ceabc8cbe9667e68,12fa91ce6d900b0d768c2b84dc3241b9316deeb12be67413200af01623362893,3947,2,train,2
12507,3956,3,Acanthoptilum,/home/tahiti/MARINE_DATASETS/FathomNet_FGVC2025/data/rois/3956_12507.png,/home/tahiti/MARINE_DATASETS/FathomNet_FGVC2025/data/images/3956.png,2d421c121d25b7955348710c320419c959251bbf9688f3e72666bd30d983a151,533153ab15218e712bf9bb8f76d0dd2e7db99c7747c1c8d4d1bbfd17e1a1ff79,3956,5,train,5
12511,3959,13,Brisingida,/home/tahiti/MARINE_DATASETS/FathomNet_FGVC2025/data/rois/3959_12511.png,/home/tahiti/MARINE_DATASETS/FathomNet_FGVC2025/data/images/3959.png,0a811d5af17fabb494f1120920b706373beab731cd4859ca93955e37e8727823,78034d0f8199d5a12b8f897f732d9d97f68e2109bfbd83d7652ba0d39c9dc985,3959,4,train,4
12513,3961,43,Microstomus pacificus,/home/tahiti/MARINE_DATASETS/FathomNet_FGVC2025/data/rois/3961_12513.png,/home/tahiti/MARINE_DATASETS/FathomNet_FGVC2025/data/images/3961.png,1be5d45255d7ecbdf0a2a4866a468e5fbf2b0be6aef2e9ab8e846719aa7b71f1,0b7ffa3b2b84884e5905b7dccd259ba6f5fc2c7aeb4be30f594edae26a37af25,3961,1,train,1
12519,3963,66,Scleractinia,/home/tahiti/MARINE_DATASETS/FathomNet_FGVC2025/data/rois/3963_12519.png,/home/tahiti/MARINE_DATASETS/FathomNet_FGVC2025/data/images/3963.png,e5039b0ba7264fd27a95c1c432e7d2390898845fc3e421918d45ae46c36e7111,7fc5b6813955192fcf7b8ad928e022967bde8891e808afc1b4fce1be41d8b4ff,3963,4,train,4
12520,3964,25,Gastropoda,/home/tahiti/MARINE_DATASETS/FathomNet_FGVC2025/data/rois/3964_12520.png,/home/tahiti/MARINE_DATASETS/FathomNet_FGVC2025/data/images/3964.png,5f6f9951fe0dd9371c2d9c39e4f988835c848cf60df158233f6d3636ecc925aa,eaa1b41290671bd387261d25e1038bdc80668a816345beeab202142782a48383,3964,4,train,4
12554,3974,29,Heteropolypus ritteri,/home/tahiti/MARINE_DATASETS/FathomNet_FGVC2025/data/rois/3974_12554.png,/home/tahiti/MARINE_DATASETS/FathomNet_FGVC2025/data/images/3974.png,8eeb02999073ffc7c8468a0a86a38252702117c7a841cac76c6b6d06ad1b113e,c44ba925f1e27f757a787c905ac4f69c9248cc34448fc5332f40019b07c8e41f,3974,2,train,2
12555,3975,48,Ophiacanthidae,/home/tahiti/MARINE_DATASETS/FathomNet_FGVC2025/data/rois/3975_12555.png,/home/tahiti/MARINE_DATASETS/FathomNet_FGVC2025/data/images/3975.png,650b3484ae49cf71053b8876fb569d4af6c158ba59302becde94e1276deb2701,b1e62306c773dcb1494095d0b475638bf2a502d8f53271834e43760070153ac0,3975,5,train,5
12568,3981,47,Octopus rubescens,/home/tahiti/MARINE_DATASETS/FathomNet_FGVC2025/data/rois/3981_12568.png,/home/tahiti/MARINE_DATASETS/FathomNet_FGVC2025/data/images/3981.png,95e761b226088b1b6c1dfecf740d84cf19999977200ddbb2d764b1c7b6ba82e7,664f70caabe0d23f7ffe96b9f13d93f3362c2e01b1d7446280af2871c51de855,3981,0,train,0
12570,3981,47,Octopus rubescens,/home/tahiti/MARINE_DATASETS/FathomNet_FGVC2025/data/rois/3981_12570.png,/home/tahiti/MARINE_DATASETS/FathomNet_FGVC2025/data/images/3981.png,1eeab9fdf73826998bd356311e3fd4dd7b53aaa5eabef65822e884ad08cf53b2,664f70caabe0d23f7ffe96b9f13d93f3362c2e01b1d7446280af2871c51de855,3981,0,train,0
12572,3981,47,Octopus rubescens,/home/tahiti/MARINE_DATASETS/FathomNet_FGVC2025/data/rois/3981_12572.png,/home/tahiti/MARINE_DATASETS/FathomNet_FGVC2025/data/images/3981.png,af58f85d43a386117a1019167496023c657da6f1f0b26e7e07f516e9db53d26c,664f70caabe0d23f7ffe96b9f13d93f3362c2e01b1d7446280af2871c51de855,3981,0,train,0
12587,3981,47,Octopus rubescens,/home/tahiti/MARINE_DATASETS/FathomNet_FGVC2025/data/rois/3981_12587.png,/home/tahiti/MARINE_DATASETS/FathomNet_FGVC2025/data/images/3981.png,e04ad9a8509c4b9b0b9fcd630f3ed58be62c55df7d26db53cf74a17cbeafc752,664f70caabe0d23f7ffe96b9f13d93f3362c2e01b1d7446280af2871c51de855,3981,0,train,0
12602,3982,25,Gastropoda,/home/tahiti/MARINE_DATASETS/FathomNet_FGVC2025/data/rois/3982_12602.png,/home/tahiti/MARINE_DATASETS/FathomNet_FGVC2025/data/images/3982.png,042adce43b730f6612ac94518421ae1ac8ce320ed8c60b5c7f762c64b335b7d0,5615548d7b3afb8d5e99e5143c9a7be07bc91cb75a57b512affb81f4963511eb,3982,4,train,4
12609,3985,25,Gastropoda,/home/tahiti/MARINE_DATASETS/FathomNet_FGVC2025/data/rois/3985_12609.png,/home/tahiti/MARINE_DATASETS/FathomNet_FGVC2025/data/images/3985.png,ae50e7b6a2e2a02ed2853db0dbaeb3fd7d0e8806e04109b6e787e00b2cb8f0f9,ff91b7be6af1a43acbc6f6988017e34d8b6fb9c8c808372609387580b4e6740b,3985,4,train,4
12613,3989,32,Holothuroidea,/home/tahiti/MARINE_DATASETS/FathomNet_FGVC2025/data/rois/3989_12613.png,/home/tahiti/MARINE_DATASETS/FathomNet_FGVC2025/data/images/3989.png,7ceb167934f52cf3f0b029b750ba112a17c64ea7e48b3053414a18be7eb390f4,626e0e4018f457a895ab6fd384a65173d31d4c83874f4e30b085d3130fcbea60,3989,1,train,1
12659,4013,35,Isididae,/home/tahiti/MARINE_DATASETS/FathomNet_FGVC2025/data/rois/4013_12659.png,/home/tahiti/MARINE_DATASETS/FathomNet_FGVC2025/data/images/4013.png,399cedf982eb3924e19ab443570a6dbb739d2dda5eab4acc0776501991553a0a,08d57dc6bad515612d0bc557103a075b1268a4699c16e5812f87418ef2889aa7,4013,5,train,5
12669,4018,29,Heteropolypus ritteri,/home/tahiti/MARINE_DATASETS/FathomNet_FGVC2025/data/rois/4018_12669.png,/home/tahiti/MARINE_DATASETS/FathomNet_FGVC2025/data/images/4018.png,f1b4c4c6b8162e4dd51165d92353a6221f5960196f9594613eec36b5e4ea21ca,0beec7ba499928ba1124546d66ae0e31c5d579339b4b4bc182c64229086bf35e,4018,1,train,1
12681,4023,45,Munnopsidae,/home/tahiti/MARINE_DATASETS/FathomNet_FGVC2025/data/rois/4023_12681.png,/home/tahiti/MARINE_DATASETS/FathomNet_FGVC2025/data/images/4023.png,5c97e4cf675ceebacd735fd80ecf84cba05aaed9d941b30b353d85a3e91965bc,e6b5297bec86f2ed5155d343cd9bd04da7bd86415789202a3dec9e1b3014a824,4023,0,train,0
12691,4026,61,Psathyrometra fragilis,/home/tahiti/MARINE_DATASETS/FathomNet_FGVC2025/data/rois/4026_12691.png,/home/tahiti/MARINE_DATASETS/FathomNet_FGVC2025/data/images/4026.png,adadbd5c32e9589a9768b7e19bd4a451d05c3a711944b083496f3f85c5760f8d,d06d62d51d177caff0587fb432f20f5c56b26755510ce89eb02013bfb4010b12,4026,4,train,4
12720,4039,69,Sebastes,/home/tahiti/MARINE_DATASETS/FathomNet_FGVC2025/data/rois/4039_12720.png,/home/tahiti/MARINE_DATASETS/FathomNet_FGVC2025/data/images/4039.png,6cf87e11cf3fa60943d5be1339405959f5f2f149c9e0176935f3594a76e94b2e,4adba713bf8691f139ec17408c986a7b607dab0e8571e8db57ce26667616bf25,4039,4,train,4
12751,4053,36,Isosicyonis,/home/tahiti/MARINE_DATASETS/FathomNet_FGVC2025/data/rois/4053_12751.png,/home/tahiti/MARINE_DATASETS/FathomNet_FGVC2025/data/images/4053.png,38640e5746f0f3549f9b1a7b6a524e9d40e91d0456e1956ec3dbbd5b3535fce5,28c03d091e171ab28c08ca5efa1be06b477ee83754965f4c0ebafae34475ce80,4053,5,train,5
12753,4054,43,Microstomus pacificus,/home/tahiti/MARINE_DATASETS/FathomNet_FGVC2025/data/rois/4054_12753.png,/home/tahiti/MARINE_DATASETS/FathomNet_FGVC2025/data/images/4054.png,49ca33510a0dc65c514390a72e064dc2fb6d4cfd7e2fc8877ce57714042583c9,8eaaf91b2f0a495c56341e691f9767652715b250c4a5b62a01fdc0320f75d157,4054,2,train,2
12758,4058,69,Sebastes,/home/tahiti/MARINE_DATASETS/FathomNet_FGVC2025/data/rois/4058_12758.png,/home/tahiti/MARINE_DATASETS/FathomNet_FGVC2025/data/images/4058.png,9288a0cc4569a8743d08c231e7d4d254715c06eb7dd3374e62d19c3186c4b1b9,8b0a098dca33457da01b315033cf1d3a29876f81b06e7a8445bc615a034bd94b,4058,4,train,4
12781,4068,38,Liponema brevicorne,/home/tahiti/MARINE_DATASETS/FathomNet_FGVC2025/data/rois/4068_12781.png,/home/tahiti/MARINE_DATASETS/FathomNet_FGVC2025/data/images/4068.png,426510cc1945f9b59e193aeb2cf9fb627db7874fecad75307497ae0affa25bc2,eca0cc8710e4e667074685a3a7cdb9c384f2f011ddf712225f80d13998eb0507,4068,5,train,5
12795,4073,57,Parastenella,/home/tahiti/MARINE_DATASETS/FathomNet_FGVC2025/data/rois/4073_12795.png,/home/tahiti/MARINE_DATASETS/FathomNet_FGVC2025/data/images/4073.png,8aa178a20055cca11a60b8b65d24c6890340e262a8ad80ceb16c3117a7a72a92,0f08925e978f6613f0d52ac351273aa84bc0912713c9b0cc447a70bd17e5fc9f,4073,5,train,5
12798,4074,22,Farrea,/home/tahiti/MARINE_DATASETS/FathomNet_FGVC2025/data/rois/4074_12798.png,/home/tahiti/MARINE_DATASETS/FathomNet_FGVC2025/data/images/4074.png,5fbb6664e92aefabafb2b9aa327340f2f3eb03db3c6cfb9766ea1aa3838ae1d7,6df689ccd2e0e9fa81cdb816a69a2eb070fa3753e87ca916382e02d348d8a751,4074,2,train,2
12810,4082,6,Actinopterygii,/home/tahiti/MARINE_DATASETS/FathomNet_FGVC2025/data/rois/4082_12810.png,/home/tahiti/MARINE_DATASETS/FathomNet_FGVC2025/data/images/4082.png,473a2f39a5d146acb9ed86ee8b95f31913042d3431ac5487f9a136896d20a9f6,b34389ac0d66392ae5c8900800e31152acf7ecdab9affba0e649b45b5b37f703,4082,1,train,1
12826,4090,17,Chorilia longipes,/home/tahiti/MARINE_DATASETS/FathomNet_FGVC2025/data/rois/4090_12826.png,/home/tahiti/MARINE_DATASETS/FathomNet_FGVC2025/data/images/4090.png,7344f5b98cc45e0dfc576c120f6ce2ec6a782b6e5f2b92218f7545cdfcd26b0a,b1db7608c4c0ae7dd31fb0f14fa3ba914c2bb5cc0dc55ee7cdd4b6e1fad53601,4090,2,train,2
12832,4090,54,Paragorgia,/home/tahiti/MARINE_DATASETS/FathomNet_FGVC2025/data/rois/4090_12832.png,/home/tahiti/MARINE_DATASETS/FathomNet_FGVC2025/data/images/4090.png,49be84d4f4669c992ebbe6158d6d252eae2129100ff52a30b58f160239768816,b1db7608c4c0ae7dd31fb0f14fa3ba914c2bb5cc0dc55ee7cdd4b6e1fad53601,4090,2,train,2
12833,4090,17,Chorilia longipes,/home/tahiti/MARINE_DATASETS/FathomNet_FGVC2025/data/rois/4090_12833.png,/home/tahiti/MARINE_DATASETS/FathomNet_FGVC2025/data/images/4090.png,b3b4c098b96c091fc0d12d494d3108a6e9067dde71301bcfdac005cc4430482c,b1db7608c4c0ae7dd31fb0f14fa3ba914c2bb5cc0dc55ee7cdd4b6e1fad53601,4090,2,train,2
12846,4099,54,Paragorgia,/home/tahiti/MARINE_DATASETS/FathomNet_FGVC2025/data/rois/4099_12846.png,/home/tahiti/MARINE_DATASETS/FathomNet_FGVC2025/data/images/4099.png,ea737b1e21be3e08ee694ea96d54eafb7372c626cff9b6486e101ed8c762fdc5,c86c9da1757aebb083904f19d0f4c3b39feab1b55f5b55fcfcca76eb791cdb4c,4099,2,train,2
12850,4101,53,Pannychia moseleyi,/home/tahiti/MARINE_DATASETS/FathomNet_FGVC2025/data/rois/4101_12850.png,/home/tahiti/MARINE_DATASETS/FathomNet_FGVC2025/data/images/4101.png,0cd038d3554aa7af51a2aff581854f228dd98d309730ac662da8eb6101016dda,56640d88b656245c7cb99acddc2aca59bbece27a207301f6ce88776c844c1e1e,4101,1,train,1
12853,4101,53,Pannychia moseleyi,/home/tahiti/MARINE_DATASETS/FathomNet_FGVC2025/data/rois/4101_12853.png,/home/tahiti/MARINE_DATASETS/FathomNet_FGVC2025/data/images/4101.png,0519ad9926557b4b6d32b47721f6fbb3d18333f8df5041c2f78b2ca90909ea1d,56640d88b656245c7cb99acddc2aca59bbece27a207301f6ce88776c844c1e1e,4101,1,train,1
12858,4103,14,Caridea,/home/tahiti/MARINE_DATASETS/FathomNet_FGVC2025/data/rois/4103_12858.png,/home/tahiti/MARINE_DATASETS/FathomNet_FGVC2025/data/images/4103.png,5a3053438c14a331e5a279f338fc3f8441c7566837b652440ed3c7a126884924,ef3d7079c9416e87e5746d2e32b8f59b038e9952fe4e4224b14e02042c48fddb,4103,5,train,5
12864,4107,35,Isididae,/home/tahiti/MARINE_DATASETS/FathomNet_FGVC2025/data/rois/4107_12864.png,/home/tahiti/MARINE_DATASETS/FathomNet_FGVC2025/data/images/4107.png,b977ce36579f74c8b7711e0cfd7dccc7b2778c8ac9788deb4093715984118e4e,79d573a83be80c8704b4c9934b5b759c20427199294f9c0ce5fe451be2d890d3,4107,0,train,0
12877,4113,39,Lithodidae,/home/tahiti/MARINE_DATASETS/FathomNet_FGVC2025/data/rois/4113_12877.png,/home/tahiti/MARINE_DATASETS/FathomNet_FGVC2025/data/images/4113.png,e3a357444d2dec6fb0eafc1541978832bde36444f209d37ff560ac00e8e710e7,7af5e8c9d9c30fe0b424e8ea8b6b2af110a8eb1a87416b7844755a6a7b1e72e3,4113,2,train,2
12896,4121,7,Amphipoda,/home/tahiti/MARINE_DATASETS/FathomNet_FGVC2025/data/rois/4121_12896.png,/home/tahiti/MARINE_DATASETS/FathomNet_FGVC2025/data/images/4121.png,2e72ce0e38b30256e19eb65eaf0145c484014a3a277e9a987fee8124c223575f,2092c30f0736c88b3647f509ff2f11aae5a7dd425e12b4daf2716c5343c5dcaf,4121,2,train,2
12915,4125,9,Asbestopluma,/home/tahiti/MARINE_DATASETS/FathomNet_FGVC2025/data/rois/4125_12915.png,/home/tahiti/MARINE_DATASETS/FathomNet_FGVC2025/data/images/4125.png,dd1f429e6ce29c4d7819a5f85bfc963f3a031a6a849e9b9e56995941a9e4d3de,0bc2c543cf4b4c3e85b2af9aed3f8935d16fbe6bd94cbe85f8be459537f2d058,4125,5,train,5
12918,4126,38,Liponema brevicorne,/home/tahiti/MARINE_DATASETS/FathomNet_FGVC2025/data/rois/4126_12918.png,/home/tahiti/MARINE_DATASETS/FathomNet_FGVC2025/data/images/4126.png,e27ba84c9b31030ec5f95e7f1836c8b48f4c35cd7f00de352d0e9d997d95cfca,837462278cd1927954879db39a986982b12191773d69713718cf2daa3328d2c4,4126,0,train,0
12920,4128,48,Ophiacanthidae,/home/tahiti/MARINE_DATASETS/FathomNet_FGVC2025/data/rois/4128_12920.png,/home/tahiti/MARINE_DATASETS/FathomNet_FGVC2025/data/images/4128.png,eed4df4aa38ddc259a3f8aa7867ab3aab6d5c165e08e5f1c92c64b1b61a65f60,a9a8ece107dc3408e39d5a4ca44cc64db19d7cd230400a8037696bb760189e60,4128,2,train,2
12952,4141,32,Holothuroidea,/home/tahiti/MARINE_DATASETS/FathomNet_FGVC2025/data/rois/4141_12952.png,/home/tahiti/MARINE_DATASETS/FathomNet_FGVC2025/data/images/4141.png,8c3b170ac5556bf924c51c4e9958e7515600ef53c07cbf921f494dbb22796546,6b246830ecacf90d925b594c43f78a03083a3e113cb39e5ece31066a931b06ae,4141,5,train,5
12969,4150,36,Isosicyonis,/home/tahiti/MARINE_DATASETS/FathomNet_FGVC2025/data/rois/4150_12969.png,/home/tahiti/MARINE_DATASETS/FathomNet_FGVC2025/data/images/4150.png,f66d7b66241d9c0791fef450040277f9212f27459f2cac2ed20f7b589636fcdc,2fcb7738543b88ce068f0656f8c5721d01cf64193aa2eaf959af4cec5b24901b,4150,2,train,2
13016,4169,22,Farrea,/home/tahiti/MARINE_DATASETS/FathomNet_FGVC2025/data/rois/4169_13016.png,/home/tahiti/MARINE_DATASETS/FathomNet_FGVC2025/data/images/4169.png,a23acf4f50b5a35414b542a35c0f904d3738b94aaaa08ee120685ba3682420e4,10611878ca46ae32c378aab287a2b6247457ae992e697070f80b3d9faa86eda7,4169,0,train,0
13025,4173,47,Octopus rubescens,/home/tahiti/MARINE_DATASETS/FathomNet_FGVC2025/data/rois/4173_13025.png,/home/tahiti/MARINE_DATASETS/FathomNet_FGVC2025/data/images/4173.png,7427b7f265e014369136888d2285f9ca6eef676b342a9aa2abd819ccc33e4bc6,0ed549a450a6418e1550fe8064cd3997b0ab591b91a0976ff8a67a67beaf3093,4173,4,train,4
13038,4178,42,Metridium farcimen,/home/tahiti/MARINE_DATASETS/FathomNet_FGVC2025/data/rois/4178_13038.png,/home/tahiti/MARINE_DATASETS/FathomNet_FGVC2025/data/images/4178.png,6a0eed3bd39e7a0a3394ca20fb804ce05223ad4675cda2b41937c1576b1872a6,050134c3300e745019a7b5695a4cd56e5afecff39e4b46cb67428ec4d31f1c59,4178,2,train,2
13039,4178,42,Metridium farcimen,/home/tahiti/MARINE_DATASETS/FathomNet_FGVC2025/data/rois/4178_13039.png,/home/tahiti/MARINE_DATASETS/FathomNet_FGVC2025/data/images/4178.png,123e21624e13fad4fd3c542caef93bf8d25cec733b1a5a7aed91f1a171ee6723,050134c3300e745019a7b5695a4cd56e5afecff39e4b46cb67428ec4d31f1c59,4178,2,train,2
13043,4178,42,Metridium farcimen,/home/tahiti/MARINE_DATASETS/FathomNet_FGVC2025/data/rois/4178_13043.png,/home/tahiti/MARINE_DATASETS/FathomNet_FGVC2025/data/images/4178.png,625e00ec6a786519a2bdc8047d6edc6a131d65ddcf36f14e85c6c662baeab76b,050134c3300e745019a7b5695a4cd56e5afecff39e4b46cb67428ec4d31f1c59,4178,2,train,2
13044,4178,42,Metridium farcimen,/home/tahiti/MARINE_DATASETS/FathomNet_FGVC2025/data/rois/4178_13044.png,/home/tahiti/MARINE_DATASETS/FathomNet_FGVC2025/data/images/4178.png,1eb4e163fc3686f7445fa696b8cd2d6984bfe777e300d8633b04689533872ac0,050134c3300e745019a7b5695a4cd56e5afecff39e4b46cb67428ec4d31f1c59,4178,2,train,2
13052,4182,34,Isidella tentaculum,/home/tahiti/MARINE_DATASETS/FathomNet_FGVC2025/data/rois/4182_13052.png,/home/tahiti/MARINE_DATASETS/FathomNet_FGVC2025/data/images/4182.png,23570c018789b11358bfdaf03dd6a9393db1f1f89ed6bf51384e6a39d2cc2360,e3f36d4997b33c075124f229b6c6d0b31119c17eb293bfd54d515716fdc5857f,4182,0,train,0
13064,4191,32,Holothuroidea,/home/tahiti/MARINE_DATASETS/FathomNet_FGVC2025/data/rois/4191_13064.png,/home/tahiti/MARINE_DATASETS/FathomNet_FGVC2025/data/images/4191.png,f4cccf58d52d444eb1f675e0235cfd34265a0b15c34a9622cb164d1f9df68f15,afa3892cf390c06648312e3b331a14add38b1bde998df768e2bdff6e36f7d21c,4191,2,train,2
13074,4194,14,Caridea,/home/tahiti/MARINE_DATASETS/FathomNet_FGVC2025/data/rois/4194_13074.png,/home/tahiti/MARINE_DATASETS/FathomNet_FGVC2025/data/images/4194.png,04137e636c5b3e742cf8c6c8305ac60ca051dad517e82ff8bae9b8f4a1cbe165,92f72df49e7914f9497252a694629420a1b97c9cbadbb0b0982738d1d4b29939,4194,4,train,4
13115,4203,19,Crinoidea,/home/tahiti/MARINE_DATASETS/FathomNet_FGVC2025/data/rois/4203_13115.png,/home/tahiti/MARINE_DATASETS/FathomNet_FGVC2025/data/images/4203.png,b1e8963aad95712023fa94ab8e23692b89354a52aeb7022c628d13ab331d7084,994b7729532511e39d85b0b42fd698e1a89eac46f192080815453ce494c8fd5c,4203,0,train,0
13136,4214,19,Crinoidea,/home/tahiti/MARINE_DATASETS/FathomNet_FGVC2025/data/rois/4214_13136.png,/home/tahiti/MARINE_DATASETS/FathomNet_FGVC2025/data/images/4214.png,e11b60c6f090e7b5b811cfb55362f1663f2ee08359b359ba0f343b921725274f,6712b94071108192901d29901dd868aa96d6154f5b6db8f2eb2f68425bb1afc5,4214,0,train,0
13139,4216,1,Abyssocucumis abyssorum,/home/tahiti/MARINE_DATASETS/FathomNet_FGVC2025/data/rois/4216_13139.png,/home/tahiti/MARINE_DATASETS/FathomNet_FGVC2025/data/images/4216.png,3f44567ef5fed6d53844b944381f05df1db86d1c45c9d7ef81d3ceae6aedff1d,8410097118e58d4526fd11128916b19fad32f177de5ae39ba96e1e07dc845086,4216,2,train,2
13157,4225,66,Scleractinia,/home/tahiti/MARINE_DATASETS/FathomNet_FGVC2025/data/rois/4225_13157.png,/home/tahiti/MARINE_DATASETS/FathomNet_FGVC2025/data/images/4225.png,f3bdea0bc68ba8f3b90336d1c914b173d06de9f6890be735956e88815ec3057f,9bdf01de421b1225f7ea37d2b708c64e79399079d317cbb597279b0750145d81,4225,0,train,0
13158,4225,66,Scleractinia,/home/tahiti/MARINE_DATASETS/FathomNet_FGVC2025/data/rois/4225_13158.png,/home/tahiti/MARINE_DATASETS/FathomNet_FGVC2025/data/images/4225.png,493262fc9ae7dd1b92273cbd5a9acf30e23f74875599595d500b37f373225c58,9bdf01de421b1225f7ea37d2b708c64e79399079d317cbb597279b0750145d81,4225,0,train,0
13170,4225,66,Scleractinia,/home/tahiti/MARINE_DATASETS/FathomNet_FGVC2025/data/rois/4225_13170.png,/home/tahiti/MARINE_DATASETS/FathomNet_FGVC2025/data/images/4225.png,9ff14186ef866e72edcc2c8f0eb7b678600304123b70fd74a7023703ff238284,9bdf01de421b1225f7ea37d2b708c64e79399079d317cbb597279b0750145d81,4225,0,train,0
13173,4225,66,Scleractinia,/home/tahiti/MARINE_DATASETS/FathomNet_FGVC2025/data/rois/4225_13173.png,/home/tahiti/MARINE_DATASETS/FathomNet_FGVC2025/data/images/4225.png,8adda5d44e2943d6425abc399312e00f6d97e707f8cfd48efc832fd81f56d735,9bdf01de421b1225f7ea37d2b708c64e79399079d317cbb597279b0750145d81,4225,0,train,0
13184,4225,66,Scleractinia,/home/tahiti/MARINE_DATASETS/FathomNet_FGVC2025/data/rois/4225_13184.png,/home/tahiti/MARINE_DATASETS/FathomNet_FGVC2025/data/images/4225.png,3db3eeb47031f5f9caa14fc895162e8665ededeff67a49a037427cdb37be5fa9,9bdf01de421b1225f7ea37d2b708c64e79399079d317cbb597279b0750145d81,4225,0,train,0
13201,4232,64,Pyrosoma atlanticum,/home/tahiti/MARINE_DATASETS/FathomNet_FGVC2025/data/rois/4232_13201.png,/home/tahiti/MARINE_DATASETS/FathomNet_FGVC2025/data/images/4232.png,392bf8002ab54dcc381d3f08344e86796025dc141d0044458fa357748fb6c1dd,b2815b0287b91b3d0e02c42f694a8ddb3394de0f3d00380f7286a4a2bf09b8ca,4232,4,train,4
13220,4232,64,Pyrosoma atlanticum,/home/tahiti/MARINE_DATASETS/FathomNet_FGVC2025/data/rois/4232_13220.png,/home/tahiti/MARINE_DATASETS/FathomNet_FGVC2025/data/images/4232.png,5480292e0f79825ff0e5801b1154ac2825f84c9c6878994a75f9cab13d55fe95,b2815b0287b91b3d0e02c42f694a8ddb3394de0f3d00380f7286a4a2bf09b8ca,4232,4,train,4
13221,4232,64,Pyrosoma atlanticum,/home/tahiti/MARINE_DATASETS/FathomNet_FGVC2025/data/rois/4232_13221.png,/home/tahiti/MARINE_DATASETS/FathomNet_FGVC2025/data/images/4232.png,e74ec6d4ae4fcb55ac99aeb288e4d478f90d08a150f7012bcabd55f62acbde1b,b2815b0287b91b3d0e02c42f694a8ddb3394de0f3d00380f7286a4a2bf09b8ca,4232,4,train,4
13229,4232,64,Pyrosoma atlanticum,/home/tahiti/MARINE_DATASETS/FathomNet_FGVC2025/data/rois/4232_13229.png,/home/tahiti/MARINE_DATASETS/FathomNet_FGVC2025/data/images/4232.png,39c83e0463e1f066d9e3b87f689fa3ab1c557419be354a210c4b7b5f4d45dc90,b2815b0287b91b3d0e02c42f694a8ddb3394de0f3d00380f7286a4a2bf09b8ca,4232,4,train,4
13239,4237,17,Chorilia longipes,/home/tahiti/MARINE_DATASETS/FathomNet_FGVC2025/data/rois/4237_13239.png,/home/tahiti/MARINE_DATASETS/FathomNet_FGVC2025/data/images/4237.png,afb594e299a6d784860d1df2663831f4fb473230aa3b764629c2e1ccba14b32e,8281c32fa8d6e7afcc62be826da767bcd58f99afba72ba70030ac5153bd1c07c,4237,4,train,4
13271,4253,35,Isididae,/home/tahiti/MARINE_DATASETS/FathomNet_FGVC2025/data/rois/4253_13271.png,/home/tahiti/MARINE_DATASETS/FathomNet_FGVC2025/data/images/4253.png,dd314e4126f39361db107474940777af864f04bf2cbbc4e3d26a4f673994d541,faf13118668538d1067710bb430c1e525a21ddea809b4925c1b18342267f1abc,4253,1,train,1
13283,4257,25,Gastropoda,/home/tahiti/MARINE_DATASETS/FathomNet_FGVC2025/data/rois/4257_13283.png,/home/tahiti/MARINE_DATASETS/FathomNet_FGVC2025/data/images/4257.png,1215124da48cb91b18f7fa2cb260af486dec8fb9c602da34a5095e4f9a036fe8,fad60c44c1daec830e70779565e9c7c4caa6dc0071430580ceeb349ab7a866d1,4257,5,train,5
13300,4263,38,Liponema brevicorne,/home/tahiti/MARINE_DATASETS/FathomNet_FGVC2025/data/rois/4263_13300.png,/home/tahiti/MARINE_DATASETS/FathomNet_FGVC2025/data/images/4263.png,0b6ca3c775c0f444c5218196cc19cd99ec452ddff2ecffbefa2b24c1cbfb6dcf,3520fb42159accc97ded0b03940dfe578087f8a5b6eba817595e16b43f3e887c,4263,2,train,2
13394,4302,53,Pannychia moseleyi,/home/tahiti/MARINE_DATASETS/FathomNet_FGVC2025/data/rois/4302_13394.png,/home/tahiti/MARINE_DATASETS/FathomNet_FGVC2025/data/images/4302.png,7d5bc53eafee1daa34e1bc92b95bfdf1f5da9e8d95c7b4e7b243ecdf3fd8f0af,0c28609365a8d937315d872d28516e8c1dfb58a602e19c0bef6917fbe0dd1c2c,4302,0,train,0
13397,4304,32,Holothuroidea,/home/tahiti/MARINE_DATASETS/FathomNet_FGVC2025/data/rois/4304_13397.png,/home/tahiti/MARINE_DATASETS/FathomNet_FGVC2025/data/images/4304.png,c1d2b04c9a51fe7c999a0849333d87e31f5633702ffb0f87583aff488988b9f4,e9f2cedf4629880504ac1d65e7b4e8d2db3f980a0886a365b4269a2c1809c306,4304,1,train,1
13421,4316,33,Hormathiidae,/home/tahiti/MARINE_DATASETS/FathomNet_FGVC2025/data/rois/4316_13421.png,/home/tahiti/MARINE_DATASETS/FathomNet_FGVC2025/data/images/4316.png,40a4d8aaaeae8acc197fc8ed4bc56e0e267b862186b5d3ae1b36d46b198aa12b,1573b78a67cfbc259800c844860bee3edd205c2bebad50811caf779347c416c2,4316,5,train,5
13425,4319,53,Pannychia moseleyi,/home/tahiti/MARINE_DATASETS/FathomNet_FGVC2025/data/rois/4319_13425.png,/home/tahiti/MARINE_DATASETS/FathomNet_FGVC2025/data/images/4319.png,9c99b1d1c4ce455d4b9ea5bdd2f9f7a02206b2dbecfbc2be9680ed59eb1a239f,12831ccde08acff334dad209e7ffe0fd328c880b4d452c9e70c8fd70f267a23c,4319,1,train,1
13429,4319,53,Pannychia moseleyi,/home/tahiti/MARINE_DATASETS/FathomNet_FGVC2025/data/rois/4319_13429.png,/home/tahiti/MARINE_DATASETS/FathomNet_FGVC2025/data/images/4319.png,c3d0fe6330dfd96efa904245be5a3531136e857e79cb4abc6cd8a4ddc749edf7,12831ccde08acff334dad209e7ffe0fd328c880b4d452c9e70c8fd70f267a23c,4319,1,train,1
13448,4332,25,Gastropoda,/home/tahiti/MARINE_DATASETS/FathomNet_FGVC2025/data/rois/4332_13448.png,/home/tahiti/MARINE_DATASETS/FathomNet_FGVC2025/data/images/4332.png,6d78acdf03e5cda18e472a74866b1ed3f9a53edff2713f3b4403511b4a1af4a4,929d2b5ac92491c4863cdde308e3bdfeba10685cdd08e8730eff7ffd1b8c4f68,4332,1,train,1
13461,4340,78,Vesicomyidae,/home/tahiti/MARINE_DATASETS/FathomNet_FGVC2025/data/rois/4340_13461.png,/home/tahiti/MARINE_DATASETS/FathomNet_FGVC2025/data/images/4340.png,7d539ac368fcaa690daa2936d461941c404a6a0f670c20a82597ba7116c23e87,84d2d4d29bcade133f72b3f9a02c36a2f61973e87b2de3c3953fb0092259942e,4340,1,train,1
13467,4340,78,Vesicomyidae,/home/tahiti/MARINE_DATASETS/FathomNet_FGVC2025/data/rois/4340_13467.png,/home/tahiti/MARINE_DATASETS/FathomNet_FGVC2025/data/images/4340.png,3f13d6451d66605bdb62ab39b599d2abfffd04e1fa2c79f37c2ebd817106037a,84d2d4d29bcade133f72b3f9a02c36a2f61973e87b2de3c3953fb0092259942e,4340,1,train,1
13469,4340,78,Vesicomyidae,/home/tahiti/MARINE_DATASETS/FathomNet_FGVC2025/data/rois/4340_13469.png,/home/tahiti/MARINE_DATASETS/FathomNet_FGVC2025/data/images/4340.png,37fdd9fe5461089ab531402d1e10047c2533026e3d9c0b7794e6cdb6bbab1be3,84d2d4d29bcade133f72b3f9a02c36a2f61973e87b2de3c3953fb0092259942e,4340,1,train,1
13474,4341,19,Crinoidea,/home/tahiti/MARINE_DATASETS/FathomNet_FGVC2025/data/rois/4341_13474.png,/home/tahiti/MARINE_DATASETS/FathomNet_FGVC2025/data/images/4341.png,74c37f83ccfa508f91d1b09c4b513d8fb78bf9aeec70ba52e69d644cc570f37e,c3623f1c6f472c2b57c94c2ea6c55001d96198287d56f87cc96f9145dd2397a4,4341,4,train,4
13483,4344,26,Gersemia juliepackardae,/home/tahiti/MARINE_DATASETS/FathomNet_FGVC2025/data/rois/4344_13483.png,/home/tahiti/MARINE_DATASETS/FathomNet_FGVC2025/data/images/4344.png,05e65941a58d44c381a54056b4ead4347621de948d67d9721cb52c7e8cb3af81,ec530f1a3ae7163f073dce4a77b785d3dfe1bd767d9c81c93aec5ef21838db9d,4344,0,train,0
13497,4351,63,Ptychogastria polaris,/home/tahiti/MARINE_DATASETS/FathomNet_FGVC2025/data/rois/4351_13497.png,/home/tahiti/MARINE_DATASETS/FathomNet_FGVC2025/data/images/4351.png,ea4fec680e4a2a576827e1b7b67c7d0afff2a1f828d296e460f90252be6f24ec,e1951483b15cb71d2c11031027270456bdc7cd2602dd41c57084851d9f36dbce,4351,2,train,2
13498,4351,63,Ptychogastria polaris,/home/tahiti/MARINE_DATASETS/FathomNet_FGVC2025/data/rois/4351_13498.png,/home/tahiti/MARINE_DATASETS/FathomNet_FGVC2025/data/images/4351.png,5d892b3156fdaa67984d8709236c72a5403f70da985450c891a8cca57ea7623d,e1951483b15cb71d2c11031027270456bdc7cd2602dd41c57084851d9f36dbce,4351,2,train,2
13501,4351,76,Tunicata,/home/tahiti/MARINE_DATASETS/FathomNet_FGVC2025/data/rois/4351_13501.png,/home/tahiti/MARINE_DATASETS/FathomNet_FGVC2025/data/images/4351.png,1ea2b64fd7e545435aa76905b45c28d1272fc63a1c68364d49649ec0e7159225,e1951483b15cb71d2c11031027270456bdc7cd2602dd41c57084851d9f36dbce,4351,2,train,2
13536,4359,43,Microstomus pacificus,/home/tahiti/MARINE_DATASETS/FathomNet_FGVC2025/data/rois/4359_13536.png,/home/tahiti/MARINE_DATASETS/FathomNet_FGVC2025/data/images/4359.png,2399241a31f20d406043f9bf71e56f115891a7a2f68a884b55512df8f965e0b0,82b5651f8cd1600c3a1f5a9ba4536e32790d59f171e3e4c290d9248a7a90006f,4359,2,train,2
13547,4367,36,Isosicyonis,/home/tahiti/MARINE_DATASETS/FathomNet_FGVC2025/data/rois/4367_13547.png,/home/tahiti/MARINE_DATASETS/FathomNet_FGVC2025/data/images/4367.png,e8cdfd1f8c23c2c09f346026ed6aa33cdc54aa664f7c13f1d5c915424cb2adf2,241bb3da1a441b2611181ce38ac787618e418754104cf07a5a59add51be38786,4367,0,train,0
13561,4371,10,Asbestopluma monticola,/home/tahiti/MARINE_DATASETS/FathomNet_FGVC2025/data/rois/4371_13561.png,/home/tahiti/MARINE_DATASETS/FathomNet_FGVC2025/data/images/4371.png,c7c6fb6b23e35a4e156e8526be87371056d06809008e4e0b605c0f2eb8e7bf2f,e7ab79d0eb1d1dbe649e11064e70df91632d084d4af681a75bd07cb9a2dd3627,4371,2,train,2
13566,4371,10,Asbestopluma monticola,/home/tahiti/MARINE_DATASETS/FathomNet_FGVC2025/data/rois/4371_13566.png,/home/tahiti/MARINE_DATASETS/FathomNet_FGVC2025/data/images/4371.png,d4b77b1bd2e981908b8e9ba086501688232c4baea1eb51a7d194440e1dedfaff,e7ab79d0eb1d1dbe649e11064e70df91632d084d4af681a75bd07cb9a2dd3627,4371,2,train,2
13581,4371,10,Asbestopluma monticola,/home/tahiti/MARINE_DATASETS/FathomNet_FGVC2025/data/rois/4371_13581.png,/home/tahiti/MARINE_DATASETS/FathomNet_FGVC2025/data/images/4371.png,4f65f1f34479660bec4868f9f09e72c46a5336af7eb3499329db79a08485ff65,e7ab79d0eb1d1dbe649e11064e70df91632d084d4af681a75bd07cb9a2dd3627,4371,2,train,2
13633,4398,77,Umbellula,/home/tahiti/MARINE_DATASETS/FathomNet_FGVC2025/data/rois/4398_13633.png,/home/tahiti/MARINE_DATASETS/FathomNet_FGVC2025/data/images/4398.png,3909cc285a1157a42b20e297594032fce78416f2574d0ae0b74de5e6c4fde5d5,85677288521cc328fffacf410971c66ee0fb578074a89dc878dc1b50990a4b9d,4398,4,train,4
13649,4409,14,Caridea,/home/tahiti/MARINE_DATASETS/FathomNet_FGVC2025/data/rois/4409_13649.png,/home/tahiti/MARINE_DATASETS/FathomNet_FGVC2025/data/images/4409.png,c28ab8065305beefc2434fcc06d7bc2c443e513fae9f9e12b3401eda075fdc1a,49f06ca074755ae6b25f2c6e76195ae12a869b90a4b212a52f21060fd80d4a70,4409,1,train,1
13677,4418,45,Munnopsidae,/home/tahiti/MARINE_DATASETS/FathomNet_FGVC2025/data/rois/4418_13677.png,/home/tahiti/MARINE_DATASETS/FathomNet_FGVC2025/data/images/4418.png,614a92fd916bbf34f3abe78e7d58e4ea8da33fa468231fe8b4ab538c561298c5,638e35d2768cc29c8b9b34e8c8cc0eb41be0da42b7f74a62fd03d28fb5c76bb7,4418,1,train,1
13705,4430,76,Tunicata,/home/tahiti/MARINE_DATASETS/FathomNet_FGVC2025/data/rois/4430_13705.png,/home/tahiti/MARINE_DATASETS/FathomNet_FGVC2025/data/images/4430.png,9e0f2dcc1944f1031b17b54e39ce5c6b55f130989ec00aab2ab5b234e1137859,d9be363a86fd00e64294b0bf9e03f28caedd5c392ee037b9c4f26f41d65a9c72,4430,0,train,0
13708,4432,23,Florometra serratissima,/home/tahiti/MARINE_DATASETS/FathomNet_FGVC2025/data/rois/4432_13708.png,/home/tahiti/MARINE_DATASETS/FathomNet_FGVC2025/data/images/4432.png,8f7a926771c3761ae601d3967af19482192daca71a9c493f45959e2a80f4ccef,44cba2da4eda11b90e6ad36fa05d741b341e482412a7bafe289ac4b48c49ce95,4432,5,train,5
13727,4441,47,Octopus rubescens,/home/tahiti/MARINE_DATASETS/FathomNet_FGVC2025/data/rois/4441_13727.png,/home/tahiti/MARINE_DATASETS/FathomNet_FGVC2025/data/images/4441.png,063d28a66e878c615b0b6accc661fa7de6f6b97adef0bbdf81d82479b02db816,21c87134323201cdc7241d95fd8d88dd275ba943e7fbaf56abf0c58051bfc735,4441,0,train,0
13745,4444,56,Paralomis multispina,/home/tahiti/MARINE_DATASETS/FathomNet_FGVC2025/data/rois/4444_13745.png,/home/tahiti/MARINE_DATASETS/FathomNet_FGVC2025/data/images/4444.png,6d6bd8ef0ccc790c85605209cb78277d372da6a2f6af1b4cd21da654a0016b3d,23a269ab326b985cf0cb6d8bdc326efe96803d610237ff77cf7a849515e2a3b2,4444,2,train,2
13750,4445,53,Pannychia moseleyi,/home/tahiti/MARINE_DATASETS/FathomNet_FGVC2025/data/rois/4445_13750.png,/home/tahiti/MARINE_DATASETS/FathomNet_FGVC2025/data/images/4445.png,b7175cb7d632783130a9020905949dc7c9fc4bcb129edbca89b815ff284cfc7f,43454b5570c62f7dd54ce250e709e47c7683200eedcb8c9a0eb02fc19b6cf737,4445,5,train,5
13753,4446,43,Microstomus pacificus,/home/tahiti/MARINE_DATASETS/FathomNet_FGVC2025/data/rois/4446_13753.png,/home/tahiti/MARINE_DATASETS/FathomNet_FGVC2025/data/images/4446.png,0fdc5cf0cebdd72ec7db1dd6cd1e379696e467630d70f4bcac884bc4eb169866,ed1c29734094880bc2af70e482d6c3ebcda56065cb295b2c619882fa007d92b9,4446,1,train,1
13785,4456,24,Funiculina,/home/tahiti/MARINE_DATASETS/FathomNet_FGVC2025/data/rois/4456_13785.png,/home/tahiti/MARINE_DATASETS/FathomNet_FGVC2025/data/images/4456.png,74ee85ebd93be2a8b8f9b71d818db91296f9c6f2061147e3ab970a4394ae4f50,853c091c938fb30028aede6dd2301f423b94410126a0f6ad819aa27f13978795,4456,0,train,0
13796,4460,22,Farrea,/home/tahiti/MARINE_DATASETS/FathomNet_FGVC2025/data/rois/4460_13796.png,/home/tahiti/MARINE_DATASETS/FathomNet_FGVC2025/data/images/4460.png,af2b70e8f2521f062988bd01267f13cd5333e454083d52509185ee6f4e3f13fd,d7ff5efa97e328307fbad72c2f8036af3739e7fd4837809f5a54052746262989,4460,1,train,1
13810,4465,2,Acanthascinae,/home/tahiti/MARINE_DATASETS/FathomNet_FGVC2025/data/rois/4465_13810.png,/home/tahiti/MARINE_DATASETS/FathomNet_FGVC2025/data/images/4465.png,e53da6754b11d2553b47c75640172e7198e524252cd314c380a3c61d281b0886,c9db90d793a6cd79b4a0ef16050339dfcdfee51190aa47c0810a99fe4d580f06,4465,2,train,2
13826,4475,27,Heterocarpus,/home/tahiti/MARINE_DATASETS/FathomNet_FGVC2025/data/rois/4475_13826.png,/home/tahiti/MARINE_DATASETS/FathomNet_FGVC2025/data/images/4475.png,ebaaec0bd1b29e01227334367ae2a1f656e0a795d3bae8601d923415d8a7f0aa,6751ff5f3984b7941bdf42a3db2c2b6b824bcd6f1a90b7d58ac25c5bad013270,4475,5,train,5
13828,4475,25,Gastropoda,/home/tahiti/MARINE_DATASETS/FathomNet_FGVC2025/data/rois/4475_13828.png,/home/tahiti/MARINE_DATASETS/FathomNet_FGVC2025/data/images/4475.png,ab82d3ed38567e71da6e97ca6562f9e366ba0eb5894b0183a2597760f774f93e,6751ff5f3984b7941bdf42a3db2c2b6b824bcd6f1a90b7d58ac25c5bad013270,4475,5,train,5
13844,4483,76,Tunicata,/home/tahiti/MARINE_DATASETS/FathomNet_FGVC2025/data/rois/4483_13844.png,/home/tahiti/MARINE_DATASETS/FathomNet_FGVC2025/data/images/4483.png,ff187e83c95a4b90863a4eb0f725b10fd245c7e830c10a545f7481504ed95ff7,d48d2d0a456f3378c6c7563e9569f59310fea56fbe84e3852291002615c5ad4f,4483,2,train,2
13856,4486,47,Octopus rubescens,/home/tahiti/MARINE_DATASETS/FathomNet_FGVC2025/data/rois/4486_13856.png,/home/tahiti/MARINE_DATASETS/FathomNet_FGVC2025/data/images/4486.png,21c70928b679cee0ace4e177eee804e185855667d11ad44b95af897ec3be22e2,9aa75ee44a8f470b67fa963f9a220ba2fb6af507c097e5e81923f1846f846297,4486,5,train,5
13877,4499,36,Isosicyonis,/home/tahiti/MARINE_DATASETS/FathomNet_FGVC2025/data/rois/4499_13877.png,/home/tahiti/MARINE_DATASETS/FathomNet_FGVC2025/data/images/4499.png,311c9200a0debca0afcce74ff043281d71f520b531f83103c6126dbb5243e76c,52e1d7bc0305514a75f540af61fecf1a57f41c62a0f274f1bb657f06851e5ced,4499,5,train,5
13886,4504,48,Ophiacanthidae,/home/tahiti/MARINE_DATASETS/FathomNet_FGVC2025/data/rois/4504_13886.png,/home/tahiti/MARINE_DATASETS/FathomNet_FGVC2025/data/images/4504.png,c5cfc2348b4158af7b744e3df970d54330286e6e61c558084c0fb1f9f6ef68ad,473685126035f6186f453907adf128a0aae3ce49fcf7c7783b4fe468ab7a44e1,4504,0,train,0
13927,4523,25,Gastropoda,/home/tahiti/MARINE_DATASETS/FathomNet_FGVC2025/data/rois/4523_13927.png,/home/tahiti/MARINE_DATASETS/FathomNet_FGVC2025/data/images/4523.png,7cc4b92fd6b72f7f4ccdd858e0b26ecc480b769a7f0fc7c57bfe1392e2224c49,f58429869c5be8e2df1677fb265736959e6753156d25317a8d2b5e107885985c,4523,4,train,4
13934,4526,76,Tunicata,/home/tahiti/MARINE_DATASETS/FathomNet_FGVC2025/data/rois/4526_13934.png,/home/tahiti/MARINE_DATASETS/FathomNet_FGVC2025/data/images/4526.png,4e9aaa43f68a3f42b64c5a7742f23390acc20edf295ace8b17d1aea4557e4ac1,0d240ff55fffe14b3fd045be8a5e89f6f7a3f81c8dc3c2166c0f1d66dc6657e7,4526,5,train,5
13941,4526,76,Tunicata,/home/tahiti/MARINE_DATASETS/FathomNet_FGVC2025/data/rois/4526_13941.png,/home/tahiti/MARINE_DATASETS/FathomNet_FGVC2025/data/images/4526.png,86e350635f69eb46b63e4aa6ab11cdf87447c273dcd0daff1153afac5040e979,0d240ff55fffe14b3fd045be8a5e89f6f7a3f81c8dc3c2166c0f1d66dc6657e7,4526,5,train,5
13948,4531,26,Gersemia juliepackardae,/home/tahiti/MARINE_DATASETS/FathomNet_FGVC2025/data/rois/4531_13948.png,/home/tahiti/MARINE_DATASETS/FathomNet_FGVC2025/data/images/4531.png,4c8dedb69a53052d19b8bb13adb438cd9d3817b586dfe028fd3c9849e0577d5c,9284750b0adf76ba9b89753bf0d894817c9180427f6470dd0b27a9793b4d85c4,4531,5,train,5
13951,4531,26,Gersemia juliepackardae,/home/tahiti/MARINE_DATASETS/FathomNet_FGVC2025/data/rois/4531_13951.png,/home/tahiti/MARINE_DATASETS/FathomNet_FGVC2025/data/images/4531.png,6871d09fd0a3230b9c37eda7d5f03d6964c7fca59712a594a7f6ea5239569894,9284750b0adf76ba9b89753bf0d894817c9180427f6470dd0b27a9793b4d85c4,4531,5,train,5
13952,4531,26,Gersemia juliepackardae,/home/tahiti/MARINE_DATASETS/FathomNet_FGVC2025/data/rois/4531_13952.png,/home/tahiti/MARINE_DATASETS/FathomNet_FGVC2025/data/images/4531.png,05d8cb1478ba200ad258dd924df9fa582d9debdc26f03d7cc3e4d22f13a28a61,9284750b0adf76ba9b89753bf0d894817c9180427f6470dd0b27a9793b4d85c4,4531,5,train,5
13981,4541,77,Umbellula,/home/tahiti/MARINE_DATASETS/FathomNet_FGVC2025/data/rois/4541_13981.png,/home/tahiti/MARINE_DATASETS/FathomNet_FGVC2025/data/images/4541.png,f4c0d944f525038f53ffb31997e621391c8de418c7a5b912e7a8dd272de60fb9,494afcbab136e8cb9e4c74c4eebbb43b75ca284ab3288d24d29363d7aff6c9df,4541,1,train,1
13990,4544,40,Mediaster aequalis,/home/tahiti/MARINE_DATASETS/FathomNet_FGVC2025/data/rois/4544_13990.png,/home/tahiti/MARINE_DATASETS/FathomNet_FGVC2025/data/images/4544.png,a7f4021ec6f0e299672a090c9f4e50912c2e19011fee4c0e478487f08c69e523,7631ae8d186c514ff37eeb625e87513f08af622b6d2a86860e6284798e6094c7,4544,5,train,5
14009,4551,66,Scleractinia,/home/tahiti/MARINE_DATASETS/FathomNet_FGVC2025/data/rois/4551_14009.png,/home/tahiti/MARINE_DATASETS/FathomNet_FGVC2025/data/images/4551.png,8ebf374be9f6e8a1060121a6fb3f092f7ea8214e2d33c522ccb25031d65bff1b,de60d3b1e9ac0645dcc4d09df41a29e3c7935ebec546135fa9404bdfaae8d16d,4551,5,train,5
14014,4551,66,Scleractinia,/home/tahiti/MARINE_DATASETS/FathomNet_FGVC2025/data/rois/4551_14014.png,/home/tahiti/MARINE_DATASETS/FathomNet_FGVC2025/data/images/4551.png,4083dc36ec9a8336e4bdbf2b4cf7ef069c72bac2cd71296cdfb3ed02a4131ee6,de60d3b1e9ac0645dcc4d09df41a29e3c7935ebec546135fa9404bdfaae8d16d,4551,5,train,5
14051,4560,54,Paragorgia,/home/tahiti/MARINE_DATASETS/FathomNet_FGVC2025/data/rois/4560_14051.png,/home/tahiti/MARINE_DATASETS/FathomNet_FGVC2025/data/images/4560.png,19549a33575ab88400f0aecbb0564d943c29078ea809fd73196e91b874e62807,68abbf076b868ab84c1a7ac1efc3e6e8a74e4342f415136fdd97492b0aa5073a,4560,1,train,1
14067,4565,23,Florometra serratissima,/home/tahiti/MARINE_DATASETS/FathomNet_FGVC2025/data/rois/4565_14067.png,/home/tahiti/MARINE_DATASETS/FathomNet_FGVC2025/data/images/4565.png,18bdc778fadaa8292340ddbe89fd85aa459f1d396e5f38d9e1fe36a70bd839ad,9bf2adff48d0ed4cb478468d4df6eb98b74635c2a9aaa7659567aa9b7bb06499,4565,0,train,0
14069,4566,45,Munnopsidae,/home/tahiti/MARINE_DATASETS/FathomNet_FGVC2025/data/rois/4566_14069.png,/home/tahiti/MARINE_DATASETS/FathomNet_FGVC2025/data/images/4566.png,5cdb1220115013537701a9635726b1ee2b22f23eb2d1c7b8b234ea3ddbd8021d,a578eed1b6a46f8d65520ef8c78871604fbed0effb3b3dc5dafed1837a333618,4566,0,train,0
14095,4575,29,Heteropolypus ritteri,/home/tahiti/MARINE_DATASETS/FathomNet_FGVC2025/data/rois/4575_14095.png,/home/tahiti/MARINE_DATASETS/FathomNet_FGVC2025/data/images/4575.png,11c72fe6eb627393cdfd67ce27cfdd4ad23c6aa0f2092291d4392d673ae939c3,94297a42f564aec7d9002da4202c5c8738e3779062e51d86c5913aa1a1197cec,4575,1,train,1
14103,4580,14,Caridea,/home/tahiti/MARINE_DATASETS/FathomNet_FGVC2025/data/rois/4580_14103.png,/home/tahiti/MARINE_DATASETS/FathomNet_FGVC2025/data/images/4580.png,ddd3c4265d2522892c5d995f400088927e465068ca18ddc0ee2fc2054a15019a,88ad722eaaaf139b03404a8d5dc98a24c21abbc19d7900603adf1cc5a5f4ccbf,4580,5,train,5
14108,4582,31,Hippasteria,/home/tahiti/MARINE_DATASETS/FathomNet_FGVC2025/data/rois/4582_14108.png,/home/tahiti/MARINE_DATASETS/FathomNet_FGVC2025/data/images/4582.png,ee104f3ae14c471fe957c1ef0553cd7d49759b4e8753cc1986cd3ce7c579efb6,8a40c7fdd738b550daf4d0e3a4d93f29fe352492c56699d8332f9f19f2e9e382,4582,0,train,0
14146,4598,51,Pandalus amplus,/home/tahiti/MARINE_DATASETS/FathomNet_FGVC2025/data/rois/4598_14146.png,/home/tahiti/MARINE_DATASETS/FathomNet_FGVC2025/data/images/4598.png,a9da2fda4f6cb8730cd323dcab5741fa7eca991577b7542b7bd5f6c7c7347bc7,78abf2f0ae9c51c92714359043c09b6dfc3d33422c050ba9409a28747b30a043,4598,4,train,4
14152,4600,29,Heteropolypus ritteri,/home/tahiti/MARINE_DATASETS/FathomNet_FGVC2025/data/rois/4600_14152.png,/home/tahiti/MARINE_DATASETS/FathomNet_FGVC2025/data/images/4600.png,66ee62c396cc747d129a8559509bb1c4889ab8e6f5b6376de47b74a256721c24,1213e9093d24f85c995dd6b1779363e6154b422f2ae4b7a55215d0fe807ee074,4600,2,train,2
14161,4604,18,Corallimorphus pilatus,/home/tahiti/MARINE_DATASETS/FathomNet_FGVC2025/data/rois/4604_14161.png,/home/tahiti/MARINE_DATASETS/FathomNet_FGVC2025/data/images/4604.png,75c505d661583504b13675e211c309d3d8df2f4a4883cb3dbd9bf88713b88146,a0c87596bca503524cb9efe60f89a2a1e0e40f05e4ec7400090031a43c0450e2,4604,1,train,1
14174,4604,18,Corallimorphus pilatus,/home/tahiti/MARINE_DATASETS/FathomNet_FGVC2025/data/rois/4604_14174.png,/home/tahiti/MARINE_DATASETS/FathomNet_FGVC2025/data/images/4604.png,7d8d3b89549141813aaf6bed231b1fe7a54cb3c5e0972d0039b468c41d720be4,a0c87596bca503524cb9efe60f89a2a1e0e40f05e4ec7400090031a43c0450e2,4604,1,train,1
14179,4604,18,Corallimorphus pilatus,/home/tahiti/MARINE_DATASETS/FathomNet_FGVC2025/data/rois/4604_14179.png,/home/tahiti/MARINE_DATASETS/FathomNet_FGVC2025/data/images/4604.png,62ab522495126b35479f28a90a8d6eb367703608d065918f18e63285ea4607c6,a0c87596bca503524cb9efe60f89a2a1e0e40f05e4ec7400090031a43c0450e2,4604,1,train,1
14200,4607,50,Paelopatides confundens,/home/tahiti/MARINE_DATASETS/FathomNet_FGVC2025/data/rois/4607_14200.png,/home/tahiti/MARINE_DATASETS/FathomNet_FGVC2025/data/images/4607.png,66a9e40a9919ad99a0e4f492a127f3556451ead84653e5d0ba01536ff071e540,8e0d586554d0499d74a90df9cea594cd2cc3fd4d9fb771323176374be63a53b1,4607,5,train,5
14209,4613,43,Microstomus pacificus,/home/tahiti/MARINE_DATASETS/FathomNet_FGVC2025/data/rois/4613_14209.png,/home/tahiti/MARINE_DATASETS/FathomNet_FGVC2025/data/images/4613.png,800ab9f57793cfe0555456ca62041e70681b592e64726c893fab9b9727797cc9,b2ddf055d5b4e5e88feceedaf539bf361dbb7a771e5f691e29d5c938e76457f4,4613,2,train,2
14230,4625,47,Octopus rubescens,/home/tahiti/MARINE_DATASETS/FathomNet_FGVC2025/data/rois/4625_14230.png,/home/tahiti/MARINE_DATASETS/FathomNet_FGVC2025/data/images/4625.png,34536ab4893d0743fa82cd7d32d1176a1441fbc2e7541847b94f55731be9ad40,034814cb9b91b26e4e58ed92ee9625059a5b82467a864b5b727c1bc33a9fb4c6,4625,5,train,5
14232,4625,52,Pandalus platyceros,/home/tahiti/MARINE_DATASETS/FathomNet_FGVC2025/data/rois/4625_14232.png,/home/tahiti/MARINE_DATASETS/FathomNet_FGVC2025/data/images/4625.png,2580760ec4ee0c65c449519e3c1cdbb983c7accd22cd8c4d851843b9d89edaff,034814cb9b91b26e4e58ed92ee9625059a5b82467a864b5b727c1bc33a9fb4c6,4625,5,train,5
14241,4626,45,Munnopsidae,/home/tahiti/MARINE_DATASETS/FathomNet_FGVC2025/data/rois/4626_14241.png,/home/tahiti/MARINE_DATASETS/FathomNet_FGVC2025/data/images/4626.png,a155b7064244b9cbccb39910eccb639447e9ef01b542449be5182112c98865ca,a8401e347cc9f76dba094141c6c6038a4df52186e6a205c43f14bd77d26bb417,4626,2,train,2
14248,4629,76,Tunicata,/home/tahiti/MARINE_DATASETS/FathomNet_FGVC2025/data/rois/4629_14248.png,/home/tahiti/MARINE_DATASETS/FathomNet_FGVC2025/data/images/4629.png,d0728926dfc1465aeed4ae61e2a2478c6658c3ceef84b52e50ea2f063440782d,be1f6f65265c162c77dfe7c1fc468fdb1edf0816fd80b8c7b7445a83be48d46c,4629,4,train,4
14272,4648,8,Apostichopus leukothele,/home/tahiti/MARINE_DATASETS/FathomNet_FGVC2025/data/rois/4648_14272.png,/home/tahiti/MARINE_DATASETS/FathomNet_FGVC2025/data/images/4648.png,441eced6a194337e18713140846f443437ba1e24146c63101a862bb8f5649c24,bde2142c588ac9c5a5800067d86b6d4337d8d6f62665e706233d82af532f2a66,4648,4,train,4
14279,4653,51,Pandalus amplus,/home/tahiti/MARINE_DATASETS/FathomNet_FGVC2025/data/rois/4653_14279.png,/home/tahiti/MARINE_DATASETS/FathomNet_FGVC2025/data/images/4653.png,7b80eb6987950a34ee1eb997dfab242b3b2e287a6cd65a3a636655840585d226,e42a280e1d2d0da61d52ccac5875522372fb9085e1d96b9dc1df3b624fb3765f,4653,5,train,5
14292,4655,43,Microstomus pacificus,/home/tahiti/MARINE_DATASETS/FathomNet_FGVC2025/data/rois/4655_14292.png,/home/tahiti/MARINE_DATASETS/FathomNet_FGVC2025/data/images/4655.png,c87f83d7e801ca1dab012923954bb98af096a77829c97f61c346f3e862dcbc60,852ec8e75d5ec983147a87725929bf0f7329da99f1938ac51c55f7b824e7e290,4655,4,train,4
14360,4676,64,Pyrosoma atlanticum,/home/tahiti/MARINE_DATASETS/FathomNet_FGVC2025/data/rois/4676_14360.png,/home/tahiti/MARINE_DATASETS/FathomNet_FGVC2025/data/images/4676.png,287aff3949b7d233f7f9bcf7a299f25190c2b98dffc7f4498dab8cf879bf7433,dbe8cfd244382c55fc9e4f13e5a42310f458a167a5b20b3fbb8800850e3045e2,4676,2,train,2
14379,4685,3,Acanthoptilum,/home/tahiti/MARINE_DATASETS/FathomNet_FGVC2025/data/rois/4685_14379.png,/home/tahiti/MARINE_DATASETS/FathomNet_FGVC2025/data/images/4685.png,e1d90bfb7cd9d7b60149dd8494d7417f8434183347ca37a9889ef1767f96f14c,5c987f7603c99ab357a3bfc9a885dfb181151fb051f3b46870698d8ee311b825,4685,1,train,1
14390,4688,42,Metridium farcimen,/home/tahiti/MARINE_DATASETS/FathomNet_FGVC2025/data/rois/4688_14390.png,/home/tahiti/MARINE_DATASETS/FathomNet_FGVC2025/data/images/4688.png,5584605cb80e135f316429a708292832aab153e3fe590562a86e7f08a5ed90a6,9133d9ab59c3784f1e7b2dd38ba9e1069a291e2c49cde0ee21a1ec1c8bf96cd6,4688,2,train,2
14393,4689,77,Umbellula,/home/tahiti/MARINE_DATASETS/FathomNet_FGVC2025/data/rois/4689_14393.png,/home/tahiti/MARINE_DATASETS/FathomNet_FGVC2025/data/images/4689.png,c19707d2e80a8a44141fc7a49caafb1e90cb1e322919cbdd6fc2f08d91685940,3ff72490f296c8fd85424628ed296394aff2c5e696864d4eca9b621c4067cfb7,4689,1,train,1
14405,4694,29,Heteropolypus ritteri,/home/tahiti/MARINE_DATASETS/FathomNet_FGVC2025/data/rois/4694_14405.png,/home/tahiti/MARINE_DATASETS/FathomNet_FGVC2025/data/images/4694.png,60c6a6e6e74d54279fa955382810d48d327b640702c8e71a212dc6ea68994310,bf759c1485efd99b4a7e5a958e413910163b3afcae1106e6de0ca55f8cb1d5aa,4694,1,train,1
14430,4709,25,Gastropoda,/home/tahiti/MARINE_DATASETS/FathomNet_FGVC2025/data/rois/4709_14430.png,/home/tahiti/MARINE_DATASETS/FathomNet_FGVC2025/data/images/4709.png,1f52e80dca255e0b1c037fe4b25bfca0ac22c9901dbe9b84a68eb1990885fb41,6d2688c1573a322f6cf78d99bd0d7edabfca95ae8bc1d633d8a8e8317e28c311,4709,0,train,0
14454,4711,29,Heteropolypus ritteri,/home/tahiti/MARINE_DATASETS/FathomNet_FGVC2025/data/rois/4711_14454.png,/home/tahiti/MARINE_DATASETS/FathomNet_FGVC2025/data/images/4711.png,19143ab9f2404fb0ac7186b8e6ac21dde4619fddea4211ce7e9f7516999f0302,67e5e014b64843c375cdc3c94d2c3356b60e0fd58de9f36a5b390711a8cdbd7b,4711,5,train,5
14468,4716,64,Pyrosoma atlanticum,/home/tahiti/MARINE_DATASETS/FathomNet_FGVC2025/data/rois/4716_14468.png,/home/tahiti/MARINE_DATASETS/FathomNet_FGVC2025/data/images/4716.png,85a4b592e29de4fbfe417d5e664cba04c25478142a91c1918c22a9b03f1f9d2b,9bf410c25cde2c940dc08bffe3d6e9fdd840fae5924267460ff6098a291644de,4716,0,train,0
14476,4721,32,Holothuroidea,/home/tahiti/MARINE_DATASETS/FathomNet_FGVC2025/data/rois/4721_14476.png,/home/tahiti/MARINE_DATASETS/FathomNet_FGVC2025/data/images/4721.png,7c8704a135d9043ddb902ac221945558b75a56f4164d8959f99850bbdf6ad5bb,d6264ac5d85d0f7a88a8cb58e225f3f235acca0e461804c22ea55b5c6cdb3c34,4721,2,train,2
14483,4724,10,Asbestopluma monticola,/home/tahiti/MARINE_DATASETS/FathomNet_FGVC2025/data/rois/4724_14483.png,/home/tahiti/MARINE_DATASETS/FathomNet_FGVC2025/data/images/4724.png,87123022fd0d1f2b74ef6476ff14ef28004f0b3b3a21eaba03e9584068a90491,0085536bfbeb0548f04315aa755c453ed2971c500f57c2e15754e3c0768b3df3,4724,0,train,0
14496,4731,32,Holothuroidea,/home/tahiti/MARINE_DATASETS/FathomNet_FGVC2025/data/rois/4731_14496.png,/home/tahiti/MARINE_DATASETS/FathomNet_FGVC2025/data/images/4731.png,addad7101ede86d50cc87b87e83fb990a5e6aa61467f5b1d171b8d0ff5a1f3b5,7eb48203910dde590875f8af0182c386732700eb26de49bd2d2691e413d423ba,4731,0,train,0
14516,4741,43,Microstomus pacificus,/home/tahiti/MARINE_DATASETS/FathomNet_FGVC2025/data/rois/4741_14516.png,/home/tahiti/MARINE_DATASETS/FathomNet_FGVC2025/data/images/4741.png,f1674c4f53a4483ae7da3cf1994c6b1da5121cd6bc0afa5c2a72ec19723d47aa,070b319a47698a94ed2b80529212fe3d0ee544849b2f90eb30d50d6be7be17b9,4741,2,train,2
14517,4741,53,Pannychia moseleyi,/home/tahiti/MARINE_DATASETS/FathomNet_FGVC2025/data/rois/4741_14517.png,/home/tahiti/MARINE_DATASETS/FathomNet_FGVC2025/data/images/4741.png,b84b4f64cf1b9bf21ccecaadcc870676f873b6ab3e262bc35360c62777c0216c,070b319a47698a94ed2b80529212fe3d0ee544849b2f90eb30d50d6be7be17b9,4741,2,train,2
14548,4759,19,Crinoidea,/home/tahiti/MARINE_DATASETS/FathomNet_FGVC2025/data/rois/4759_14548.png,/home/tahiti/MARINE_DATASETS/FathomNet_FGVC2025/data/images/4759.png,8a761f6b6edff68372827c263cffdf3f034772eb4bb0db76967df8145e782201,f277202506223ba1aaa6d77123ca6b2ad2a49839633eb8572d3a5a7a3aadf48c,4759,2,train,2
14565,4766,54,Paragorgia,/home/tahiti/MARINE_DATASETS/FathomNet_FGVC2025/data/rois/4766_14565.png,/home/tahiti/MARINE_DATASETS/FathomNet_FGVC2025/data/images/4766.png,9c42257cc7edf4ff3e7806b520e651ffae8a30f05cd850460de49d8cc5546d6b,079a6786e4415d79213780584f18c95f3d2fcac01f38cd3a1ab7ae5b92766ac8,4766,2,train,2
14582,4776,3,Acanthoptilum,/home/tahiti/MARINE_DATASETS/FathomNet_FGVC2025/data/rois/4776_14582.png,/home/tahiti/MARINE_DATASETS/FathomNet_FGVC2025/data/images/4776.png,be892913f25659c232efaf73a977bb0e5d3728d1e107af53dfa965dce1a57367,db8b26e4cd99a1399c8a5b360776fbb7795093cec689a30a88bdadfe667fde76,4776,5,train,5
14588,4778,51,Pandalus amplus,/home/tahiti/MARINE_DATASETS/FathomNet_FGVC2025/data/rois/4778_14588.png,/home/tahiti/MARINE_DATASETS/FathomNet_FGVC2025/data/images/4778.png,eaaa751e50e0df9a5835a94ef1ef1a8cb4b2a7dd06023a068eb8a1baa6cc91f4,2552b3cbc3137a889fa7e6f0edff3ab01ae978ec1cd95692b490fee72f26f140,4778,1,train,1
14628,4791,63,Ptychogastria polaris,/home/tahiti/MARINE_DATASETS/FathomNet_FGVC2025/data/rois/4791_14628.png,/home/tahiti/MARINE_DATASETS/FathomNet_FGVC2025/data/images/4791.png,65e7a8d5562c3835b578c671fb348c24ce3f242cf62519a84b9c78a1d2563ba1,cca784edd9463a76272574185ea007ede64f8fb50533ed153b99e59ca5725838,4791,4,train,4
14643,4791,63,Ptychogastria polaris,/home/tahiti/MARINE_DATASETS/FathomNet_FGVC2025/data/rois/4791_14643.png,/home/tahiti/MARINE_DATASETS/FathomNet_FGVC2025/data/images/4791.png,052567d3f3e33b3ce1c040da1f020033a057c7f35eece20b6160586ffab53160,cca784edd9463a76272574185ea007ede64f8fb50533ed153b99e59ca5725838,4791,4,train,4
14672,4797,61,Psathyrometra fragilis,/home/tahiti/MARINE_DATASETS/FathomNet_FGVC2025/data/rois/4797_14672.png,/home/tahiti/MARINE_DATASETS/FathomNet_FGVC2025/data/images/4797.png,4f0651b50ffc11b27c6cb073fa19599e76e921068e57fe2419aefa653302282c,4f355ce3c31c8ed3a55abec9a2177c6554da1a1e10f5255e0e68a652f09f48e9,4797,4,train,4
14674,4798,54,Paragorgia,/home/tahiti/MARINE_DATASETS/FathomNet_FGVC2025/data/rois/4798_14674.png,/home/tahiti/MARINE_DATASETS/FathomNet_FGVC2025/data/images/4798.png,e40b8efdc4d3fdf161ae30fd8411521f5cb152e06cb993af803a473b57812018,33a930b2132d7a8135f8e86484c2bba8d094f27c4e5fdae20caea12c36f43a8b,4798,1,train,1
14675,4799,38,Liponema brevicorne,/home/tahiti/MARINE_DATASETS/FathomNet_FGVC2025/data/rois/4799_14675.png,/home/tahiti/MARINE_DATASETS/FathomNet_FGVC2025/data/images/4799.png,39b589b520cd5c2eb53e1c51fc6816fcb5c51fdc269f0d85dc07c08e21d8cff0,764dbe789e939efb597d7e3e91e1aebb568bc494c8e17bf0a9b5b52ca8b6b25e,4799,0,train,0
14695,4809,76,Tunicata,/home/tahiti/MARINE_DATASETS/FathomNet_FGVC2025/data/rois/4809_14695.png,/home/tahiti/MARINE_DATASETS/FathomNet_FGVC2025/data/images/4809.png,dde68d1b1719c2d4096b30613a591c4cf8c9b082012bb63f3d87fefb8590eb90,10b520801fcd42447168edfa11c755c2fefa4544231d8b34ff404e13ef48608f,4809,4,train,4
14703,4815,25,Gastropoda,/home/tahiti/MARINE_DATASETS/FathomNet_FGVC2025/data/rois/4815_14703.png,/home/tahiti/MARINE_DATASETS/FathomNet_FGVC2025/data/images/4815.png,1c71a4221ab6520626b32e09a4a665f5959b81b6f327c80044591ea1a224715e,b3f603d0208c6d19a65752590a35285ca8c155051684febc01b8bffce92f06ec,4815,5,train,5
14709,4818,69,Sebastes,/home/tahiti/MARINE_DATASETS/FathomNet_FGVC2025/data/rois/4818_14709.png,/home/tahiti/MARINE_DATASETS/FathomNet_FGVC2025/data/images/4818.png,bd48f0fd433d91cca592caefe1ab7910b2d633c680173be89339a0290ac75e3a,0dd8b4b08c0ff2a9615a67653abe74d077a8a16193a37348bb510765d1e08192,4818,0,train,0
14721,4824,32,Holothuroidea,/home/tahiti/MARINE_DATASETS/FathomNet_FGVC2025/data/rois/4824_14721.png,/home/tahiti/MARINE_DATASETS/FathomNet_FGVC2025/data/images/4824.png,df30a9650e9dd6f27c4751d16f7f7e88b75bff10ace0b82976f1495d1ede8c95,0c618781abb08dd100ecdd53237a955452b7b61dc5f2a6b0aeb22be962460bb4,4824,5,train,5
14732,4831,32,Holothuroidea,/home/tahiti/MARINE_DATASETS/FathomNet_FGVC2025/data/rois/4831_14732.png,/home/tahiti/MARINE_DATASETS/FathomNet_FGVC2025/data/images/4831.png,da1bece4d344069b06cc3b0f5b57843d0676f56a3eafba821441926fd182bc48,51dcdcf400123a6b3e28b462357857f5a07e41e1ec772047181b19d0842e91a6,4831,5,train,5
14746,4836,63,Ptychogastria polaris,/home/tahiti/MARINE_DATASETS/FathomNet_FGVC2025/data/rois/4836_14746.png,/home/tahiti/MARINE_DATASETS/FathomNet_FGVC2025/data/images/4836.png,3dc7140fa2b296cd9671bbb92139981d72692289304eb473ba32f6ed2f6b8e23,e933b596a9ab72ea119f92c748cdfa04b767f2a5e639ce906268def3e9a72c25,4836,5,train,5
14752,4836,20,Delectopecten,/home/tahiti/MARINE_DATASETS/FathomNet_FGVC2025/data/rois/4836_14752.png,/home/tahiti/MARINE_DATASETS/FathomNet_FGVC2025/data/images/4836.png,9ba83d5cac10f11e4dacc37e3da26ba3f9724535089df232636620b875ffd81b,e933b596a9ab72ea119f92c748cdfa04b767f2a5e639ce906268def3e9a72c25,4836,5,train,5
14764,4841,19,Crinoidea,/home/tahiti/MARINE_DATASETS/FathomNet_FGVC2025/data/rois/4841_14764.png,/home/tahiti/MARINE_DATASETS/FathomNet_FGVC2025/data/images/4841.png,c8b7c29a6afa385b69b8c1a5cbf0db59bfbad5f2f69d98521ea90e985fc291b1,60fb38388d3c606e9f85cb6c52814901b9712f4aac78acdbb63dc84eeb1c2154,4841,0,train,0
14811,4870,76,Tunicata,/home/tahiti/MARINE_DATASETS/FathomNet_FGVC2025/data/rois/4870_14811.png,/home/tahiti/MARINE_DATASETS/FathomNet_FGVC2025/data/images/4870.png,0068b97c854fe483c5ec1cbeb0b6aef396a16686c45e3a421d6c2aa0ad98b7d0,70c8a2f7058a40139e5ea4792aca106e95144a59e6d35e3dca1143ecd10c4474,4870,2,train,2
14823,4876,17,Chorilia longipes,/home/tahiti/MARINE_DATASETS/FathomNet_FGVC2025/data/rois/4876_14823.png,/home/tahiti/MARINE_DATASETS/FathomNet_FGVC2025/data/images/4876.png,34e9ce7e4a01f0be289953612f24be427808b276ba52dcfaeb23e0d2e0e6f3a1,49a9830115a5da902635431accb44684cfaa1b5b1b6ab203e6049fff8c8efcea,4876,1,train,1
14826,4877,21,Elpidia,/home/tahiti/MARINE_DATASETS/FathomNet_FGVC2025/data/rois/4877_14826.png,/home/tahiti/MARINE_DATASETS/FathomNet_FGVC2025/data/images/4877.png,56091a16b3d1f308b49575a80dcc61a21446332cea5778f98f2f6b800d2ffd76,165f2249cb990d51988deff440f029e35466aac20ab43d01740d88c5436f01ac,4877,0,train,0
14841,4885,21,Elpidia,/home/tahiti/MARINE_DATASETS/FathomNet_FGVC2025/data/rois/4885_14841.png,/home/tahiti/MARINE_DATASETS/FathomNet_FGVC2025/data/images/4885.png,2ded59115de7db40e925b026b2306f8b13a1a7c7fa782a932bbc29dce8f28820,32724b02a9c4ce6d3e678854e04baf99e8da82ba59b170e39327c65eedfa17d5,4885,5,train,5
14870,4903,69,Sebastes,/home/tahiti/MARINE_DATASETS/FathomNet_FGVC2025/data/rois/4903_14870.png,/home/tahiti/MARINE_DATASETS/FathomNet_FGVC2025/data/images/4903.png,602a03afee10a9065fb4c46bdf790e20dc0e0fdb890e70586fb17c588ea19691,6f040aa14c3bb3c58f5cc63317669bb39f6ba7f8dea2d77de121da3c96ff3b35,4903,4,train,4
14886,4915,54,Paragorgia,/home/tahiti/MARINE_DATASETS/FathomNet_FGVC2025/data/rois/4915_14886.png,/home/tahiti/MARINE_DATASETS/FathomNet_FGVC2025/data/images/4915.png,8a34198af4a84a7b6678c12f94e7399bd99e25b91fa1ae740a14b4679124fcda,4175efec397bd9b57988034de3483105747c0ab88718fd49b91b2b5074e2cc62,4915,4,train,4
14891,4915,9,Asbestopluma,/home/tahiti/MARINE_DATASETS/FathomNet_FGVC2025/data/rois/4915_14891.png,/home/tahiti/MARINE_DATASETS/FathomNet_FGVC2025/data/images/4915.png,33e24e7f37395a82ba47b15c311abc7e6dca34ccb6e8ff495c3cae1f916a8468,4175efec397bd9b57988034de3483105747c0ab88718fd49b91b2b5074e2cc62,4915,4,train,4
14894,4917,54,Paragorgia,/home/tahiti/MARINE_DATASETS/FathomNet_FGVC2025/data/rois/4917_14894.png,/home/tahiti/MARINE_DATASETS/FathomNet_FGVC2025/data/images/4917.png,ea55b45c0749745760f80b55f2ec39bc4c9a053ed4170f2936d57ef623b9f301,6d2fe1c3753aa90979e50c95e324d3e1a0f60dbcea420abe391684ae95da1a31,4917,0,train,0
14901,4919,36,Isosicyonis,/home/tahiti/MARINE_DATASETS/FathomNet_FGVC2025/data/rois/4919_14901.png,/home/tahiti/MARINE_DATASETS/FathomNet_FGVC2025/data/images/4919.png,6e24e7a5a90fccaaa2a3cf51cc2bf0a119332fd81a2dd512cf8534c7c3c34976,8f9ff5b196f841730fbc1fd6efb2d46b605a344d9f57e49488dcfba98b9d1200,4919,1,train,1
14928,4933,14,Caridea,/home/tahiti/MARINE_DATASETS/FathomNet_FGVC2025/data/rois/4933_14928.png,/home/tahiti/MARINE_DATASETS/FathomNet_FGVC2025/data/images/4933.png,572347de709a9eb3944bcaec9308b5636bc139910d1450dda9e6ca787e6aa793,30724da641d6d074e9c449a3111096d2afd35db0e76243565369ed2a423f4c00,4933,4,train,4
14929,4933,15,Ceriantharia,/home/tahiti/MARINE_DATASETS/FathomNet_FGVC2025/data/rois/4933_14929.png,/home/tahiti/MARINE_DATASETS/FathomNet_FGVC2025/data/images/4933.png,0924c3cf0f8b2b2ea9797fe80e6c898560469b43172fc5523793a1a9e93b96a9,30724da641d6d074e9c449a3111096d2afd35db0e76243565369ed2a423f4c00,4933,4,train,4
14948,4944,12,Benthocodon pedunculata,/home/tahiti/MARINE_DATASETS/FathomNet_FGVC2025/data/rois/4944_14948.png,/home/tahiti/MARINE_DATASETS/FathomNet_FGVC2025/data/images/4944.png,07305c2bb3f65d37cfa2810c32c211f344277cbf8a076e16676a36430a0ec02c,15a2aac9c1f085dac187e97e369deb55494274e30afeb21e735b39871e1c8312,4944,2,train,2
14950,4944,12,Benthocodon pedunculata,/home/tahiti/MARINE_DATASETS/FathomNet_FGVC2025/data/rois/4944_14950.png,/home/tahiti/MARINE_DATASETS/FathomNet_FGVC2025/data/images/4944.png,6b948b5859f86d2d7d5f12ada23cd279f17ed2c528e93cf40f955cda16aa1207,15a2aac9c1f085dac187e97e369deb55494274e30afeb21e735b39871e1c8312,4944,2,train,2
14961,4953,77,Umbellula,/home/tahiti/MARINE_DATASETS/FathomNet_FGVC2025/data/rois/4953_14961.png,/home/tahiti/MARINE_DATASETS/FathomNet_FGVC2025/data/images/4953.png,a8c749cb9b5850156338755d11d18c88d9654c2aea49414fbdb271ba796f3321,73e84398d5c7e6fb75768cb1d3410bd8166a38f0791d1e76b0652cbee21c5b6c,4953,0,train,0
14968,4957,9,Asbestopluma,/home/tahiti/MARINE_DATASETS/FathomNet_FGVC2025/data/rois/4957_14968.png,/home/tahiti/MARINE_DATASETS/FathomNet_FGVC2025/data/images/4957.png,42f0758dab6d4d150d3e15599036460624af4e0246259b4b989dc80d5ed804d7,cdaf4fda13811fddbd9fa18cb56808b587fb621a0802e17943bee0efae2ea596,4957,5,train,5
14969,4957,9,Asbestopluma,/home/tahiti/MARINE_DATASETS/FathomNet_FGVC2025/data/rois/4957_14969.png,/home/tahiti/MARINE_DATASETS/FathomNet_FGVC2025/data/images/4957.png,525593986744b201a970c5f419fd257abd59f9c795bc96aa840047a44c04f296,cdaf4fda13811fddbd9fa18cb56808b587fb621a0802e17943bee0efae2ea596,4957,5,train,5
14972,4957,9,Asbestopluma,/home/tahiti/MARINE_DATASETS/FathomNet_FGVC2025/data/rois/4957_14972.png,/home/tahiti/MARINE_DATASETS/FathomNet_FGVC2025/data/images/4957.png,bfa8d56ee120b41077a95a7f419a98a0646ee2f35c790b0cf876979675d729b6,cdaf4fda13811fddbd9fa18cb56808b587fb621a0802e17943bee0efae2ea596,4957,5,train,5
14989,4961,22,Farrea,/home/tahiti/MARINE_DATASETS/FathomNet_FGVC2025/data/rois/4961_14989.png,/home/tahiti/MARINE_DATASETS/FathomNet_FGVC2025/data/images/4961.png,91624337e4223d06a4e32925be0d96f169ba6c69d69554398d3435c608421409,25b79020aa9259f50feaee52cfd8c6395f13ebb0bd34d1e57e931b483b210fd4,4961,1,train,1
15011,4965,48,Ophiacanthidae,/home/tahiti/MARINE_DATASETS/FathomNet_FGVC2025/data/rois/4965_15011.png,/home/tahiti/MARINE_DATASETS/FathomNet_FGVC2025/data/images/4965.png,c59777bc5497be061c708ab68fc5bb9bae65a7c04a8386cdaa6ac3f9aaa8767f,bcf053fc894d51d37b1e77d6d09665ddfb5987a1f6bc9a435a0d338d33ab0a59,4965,1,train,1
15031,4971,46,Mycale,/home/tahiti/MARINE_DATASETS/FathomNet_FGVC2025/data/rois/4971_15031.png,/home/tahiti/MARINE_DATASETS/FathomNet_FGVC2025/data/images/4971.png,80262f070f2f77db509cdfcbb42f0e27882c3313b15d9f33ef6ea93d4316a0cd,cd923792770a2b8543f139f26c7ef3fe85500eb3fd487de40626064723c3cb34,4971,0,train,0
15035,4971,46,Mycale,/home/tahiti/MARINE_DATASETS/FathomNet_FGVC2025/data/rois/4971_15035.png,/home/tahiti/MARINE_DATASETS/FathomNet_FGVC2025/data/images/4971.png,7bc4ec2ebbed1611e9511d43e923e24317c0a9f4b569f873cf8f0ad70849290c,cd923792770a2b8543f139f26c7ef3fe85500eb3fd487de40626064723c3cb34,4971,0,train,0
15036,4971,46,Mycale,/home/tahiti/MARINE_DATASETS/FathomNet_FGVC2025/data/rois/4971_15036.png,/home/tahiti/MARINE_DATASETS/FathomNet_FGVC2025/data/images/4971.png,16845a8f477d7c8104098a5ab16dca289cba5496bd38a793df3ddad4dbfbe938,cd923792770a2b8543f139f26c7ef3fe85500eb3fd487de40626064723c3cb34,4971,0,train,0
15048,4976,2,Acanthascinae,/home/tahiti/MARINE_DATASETS/FathomNet_FGVC2025/data/rois/4976_15048.png,/home/tahiti/MARINE_DATASETS/FathomNet_FGVC2025/data/images/4976.png,61f8444434bb33ab2832c509d315b9427d913531146442835b13ff399894a08f,b39e1015312f7640f2d97ce207e2f1e9145dcae3db5807cb39908f83e749910f,4976,0,train,0
15083,4988,76,Tunicata,/home/tahiti/MARINE_DATASETS/FathomNet_FGVC2025/data/rois/4988_15083.png,/home/tahiti/MARINE_DATASETS/FathomNet_FGVC2025/data/images/4988.png,d2bed09525b7b0090863673bf599e1604bf07e24a40614fd286ad7864b570111,823d6925a616f075c98f5cb74b808189349bb9258f3123a3ac7516c80f48ab6a,4988,2,train,2
15118,4998,46,Mycale,/home/tahiti/MARINE_DATASETS/FathomNet_FGVC2025/data/rois/4998_15118.png,/home/tahiti/MARINE_DATASETS/FathomNet_FGVC2025/data/images/4998.png,f6f35e3846796f948435e618eafa09efa04fbecf5f7621714f37f73ab82932c2,ca94b42ce15021c0291402df493fa1564af62aace40595b2181903cc24f539de,4998,0,train,0
15128,5003,38,Liponema brevicorne,/home/tahiti/MARINE_DATASETS/FathomNet_FGVC2025/data/rois/5003_15128.png,/home/tahiti/MARINE_DATASETS/FathomNet_FGVC2025/data/images/5003.png,2a75fdddc5790e3eb660213d93bf715c07c6f5fc734e7362e58370cd1c0ccfcb,82e7469117265f0f115c04c04a54bebfe68451e0ac2931ed63e922192eab8516,5003,4,train,4
15140,5009,17,Chorilia longipes,/home/tahiti/MARINE_DATASETS/FathomNet_FGVC2025/data/rois/5009_15140.png,/home/tahiti/MARINE_DATASETS/FathomNet_FGVC2025/data/images/5009.png,920e3a77487a1dcd0284787c9cf6b735c175ffc62fb2e148cd2d45996afa4ce4,898258583fce9eb1e18b9394a99241583a4c083be90067bbab8b90ab2531494d,5009,2,train,2
15143,5010,6,Actinopterygii,/home/tahiti/MARINE_DATASETS/FathomNet_FGVC2025/data/rois/5010_15143.png,/home/tahiti/MARINE_DATASETS/FathomNet_FGVC2025/data/images/5010.png,8203ae0cc6057a7c7e14e1794adead5f321b53c235448ece300dc3a69bed0188,d11f0f7dc265d5c3f1b5e4e23165f70857b534594dfd9b67fcc3fc7dc01d158f,5010,1,train,1
15205,5028,69,Sebastes,/home/tahiti/MARINE_DATASETS/FathomNet_FGVC2025/data/rois/5028_15205.png,/home/tahiti/MARINE_DATASETS/FathomNet_FGVC2025/data/images/5028.png,88aa7fd0a21bb93749cc5e3019b2ada79ba72f14df04a6fcbb1ea9687645d2d2,836e8722b09a9dbbee31034ed07fafb5fc8216471208adc5c0b67725eec14340,5028,1,train,1
15206,5029,36,Isosicyonis,/home/tahiti/MARINE_DATASETS/FathomNet_FGVC2025/data/rois/5029_15206.png,/home/tahiti/MARINE_DATASETS/FathomNet_FGVC2025/data/images/5029.png,5d51a5d43373bd2c63883176f8815c0168ad9039b70e21a4f923b24e409d1781,35aaa06f80d819d4940b1b9fdc27bb9977a546cfde65017d08190e8c8e56612a,5029,1,train,1
15211,5031,38,Liponema brevicorne,/home/tahiti/MARINE_DATASETS/FathomNet_FGVC2025/data/rois/5031_15211.png,/home/tahiti/MARINE_DATASETS/FathomNet_FGVC2025/data/images/5031.png,180cb3ac5398f906d1d15ffa518d6ff4c87d50f870bdae6402fdb3c7e5c72cff,94b83e1270e7c0bab68995b12196d1fd24bec898252864417998895951fefcb0,5031,5,train,5
15213,5031,22,Farrea,/home/tahiti/MARINE_DATASETS/FathomNet_FGVC2025/data/rois/5031_15213.png,/home/tahiti/MARINE_DATASETS/FathomNet_FGVC2025/data/images/5031.png,b1728c6bb394090f4de296d997f2974cbbd539f36dd84dc7bd006759a6a35e81,94b83e1270e7c0bab68995b12196d1fd24bec898252864417998895951fefcb0,5031,5,train,5
15220,5031,76,Tunicata,/home/tahiti/MARINE_DATASETS/FathomNet_FGVC2025/data/rois/5031_15220.png,/home/tahiti/MARINE_DATASETS/FathomNet_FGVC2025/data/images/5031.png,2779b935d0e23e82d1e9edeed2f2483a123e62ef1827e00eea637af225ed57bd,94b83e1270e7c0bab68995b12196d1fd24bec898252864417998895951fefcb0,5031,5,train,5
15223,5032,6,Actinopterygii,/home/tahiti/MARINE_DATASETS/FathomNet_FGVC2025/data/rois/5032_15223.png,/home/tahiti/MARINE_DATASETS/FathomNet_FGVC2025/data/images/5032.png,8a0fc13fc508e0d1b721d64c3d5885f1e317e4aaacb2dc0816cb47bcd23bc476,5fb14504637a6e45f9504ceaa76c4b91ff7ca4b7d3284d62efa73f09643375a5,5032,2,train,2
15230,5036,38,Liponema brevicorne,/home/tahiti/MARINE_DATASETS/FathomNet_FGVC2025/data/rois/5036_15230.png,/home/tahiti/MARINE_DATASETS/FathomNet_FGVC2025/data/images/5036.png,97e488ae93d0bc51adf081ec35b2f0cf7dae3da66661d57f196cac9e708ade64,62531dec29ff2e69bc84ef3dda201f7bdce9d36dc1ad2a5ad956147b5a0dd34c,5036,2,train,2
15242,5041,31,Hippasteria,/home/tahiti/MARINE_DATASETS/FathomNet_FGVC2025/data/rois/5041_15242.png,/home/tahiti/MARINE_DATASETS/FathomNet_FGVC2025/data/images/5041.png,82d094c0f1b11b437c0400fc224456f1c684c1f857e4098cbce2eb99833f0bee,4a1e125d618a88585ab64718f68780c4691b0cd659f9d52ea0c909154caf57a6,5041,2,train,2
15255,5048,69,Sebastes,/home/tahiti/MARINE_DATASETS/FathomNet_FGVC2025/data/rois/5048_15255.png,/home/tahiti/MARINE_DATASETS/FathomNet_FGVC2025/data/images/5048.png,b7b9301c865c31240c9d6b49ba4c32b1092c659c6768ef7ed534a1dd2fa34ac2,33efcde116a8bd556fc929ee1456b76a1de830fbc2703c1e80c33d1a70ad41f7,5048,0,train,0
15262,5049,69,Sebastes,/home/tahiti/MARINE_DATASETS/FathomNet_FGVC2025/data/rois/5049_15262.png,/home/tahiti/MARINE_DATASETS/FathomNet_FGVC2025/data/images/5049.png,f385bb3732763799f8a82e032d5c75218c08df1881f240c18b0a02f82ed9f66b,e13a20fcd7d50a307f980aa324f1278fd290a4485160103389131c3862331ed8,5049,1,train,1
15282,5057,46,Mycale,/home/tahiti/MARINE_DATASETS/FathomNet_FGVC2025/data/rois/5057_15282.png,/home/tahiti/MARINE_DATASETS/FathomNet_FGVC2025/data/images/5057.png,0921b5a2f688e4d92323a09aceed040acfcdea3f487ab1f50a17ac870672c915,3ff0c0d2e91554567c7780f8ffe1abe600e07292def672f5f123c5badaced11d,5057,4,train,4
15297,5063,23,Florometra serratissima,/home/tahiti/MARINE_DATASETS/FathomNet_FGVC2025/data/rois/5063_15297.png,/home/tahiti/MARINE_DATASETS/FathomNet_FGVC2025/data/images/5063.png,0fd25ac6d5fc8f71da6c8fd7b4ab1f8a1dff37f5e2b601f257467cbd61ddc1c0,0fc8dcffb4f7bcc32410b28efba0d440aa34fd96c95d51a8203880105ca97de6,5063,5,train,5
15305,5066,38,Liponema brevicorne,/home/tahiti/MARINE_DATASETS/FathomNet_FGVC2025/data/rois/5066_15305.png,/home/tahiti/MARINE_DATASETS/FathomNet_FGVC2025/data/images/5066.png,1bc230a54318201341b9cb1d224285a57207cd52b8252535db849cf95f8fff6c,30c33f3d8b3dcaadba48075d76d4eec2ebb89c1f44289e2a4ea8a83eae4168dc,5066,5,train,5
15312,5070,69,Sebastes,/home/tahiti/MARINE_DATASETS/FathomNet_FGVC2025/data/rois/5070_15312.png,/home/tahiti/MARINE_DATASETS/FathomNet_FGVC2025/data/images/5070.png,42240477dec3c8971c2453368a1aeff9f87d5bf8ce246d0c750d67fce44efa58,49003607668cf2fba471d97e4f328332259aa1db312b8f8ab4a2f6e0a8e10d1d,5070,5,train,5
15326,5078,54,Paragorgia,/home/tahiti/MARINE_DATASETS/FathomNet_FGVC2025/data/rois/5078_15326.png,/home/tahiti/MARINE_DATASETS/FathomNet_FGVC2025/data/images/5078.png,07316c4c1d955957b1dd7afd51c311236fbee9a8f4d879d591a72f8e0d283035,9f0c39ece42803149c05e359599bcfec3642a216ece55f6a92c4bed620d3a720,5078,4,train,4
15333,5082,36,Isosicyonis,/home/tahiti/MARINE_DATASETS/FathomNet_FGVC2025/data/rois/5082_15333.png,/home/tahiti/MARINE_DATASETS/FathomNet_FGVC2025/data/images/5082.png,e58206646b4e23c70141c3e2ec4707327da5e0e3c8cd88c53aa8748549cd8d71,9a67cab27a34a6737c3ae19d43381c4b051d80eda151f0ebac5d5faee5697c8f,5082,5,train,5
15340,5083,12,Benthocodon pedunculata,/home/tahiti/MARINE_DATASETS/FathomNet_FGVC2025/data/rois/5083_15340.png,/home/tahiti/MARINE_DATASETS/FathomNet_FGVC2025/data/images/5083.png,75f66577613dd7d8137bd86b73d6d6cee97b6f1c0c0aba4f19c587401842cc71,b2b1993284b74517618ceaadf54b9b493604cc876b16b6187ce128a458b7e00b,5083,0,train,0
15357,5088,52,Pandalus platyceros,/home/tahiti/MARINE_DATASETS/FathomNet_FGVC2025/data/rois/5088_15357.png,/home/tahiti/MARINE_DATASETS/FathomNet_FGVC2025/data/images/5088.png,3ef52b9fe5eb6ab814c24e77c87552591ce996ea591a319d7ddb333e3b2b89ab,12f9aaace752d36f092e0ae9ed20ec24d781aaf64e789221e8e242f9f4e1d1f4,5088,4,train,4
15375,5090,48,Ophiacanthidae,/home/tahiti/MARINE_DATASETS/FathomNet_FGVC2025/data/rois/5090_15375.png,/home/tahiti/MARINE_DATASETS/FathomNet_FGVC2025/data/images/5090.png,d520b85919cfade66745e05e4e2d752b4e645fc227ca44e582a41acbf642c0a1,33ad05d25098f6f6a505d684b5c9d312600c199632e3293b63a891739d94691f,5090,1,train,1
15379,5092,9,Asbestopluma,/home/tahiti/MARINE_DATASETS/FathomNet_FGVC2025/data/rois/5092_15379.png,/home/tahiti/MARINE_DATASETS/FathomNet_FGVC2025/data/images/5092.png,9eac1fb1961f08e0c6b1430be09976e97da560c3be868559bad068f5dd1f33aa,f4f223df2906ff73c5920d872ec84e5f3d3773d08618ab829fc672139e56a93a,5092,1,train,1
15393,5105,34,Isidella tentaculum,/home/tahiti/MARINE_DATASETS/FathomNet_FGVC2025/data/rois/5105_15393.png,/home/tahiti/MARINE_DATASETS/FathomNet_FGVC2025/data/images/5105.png,b5eabbaf732d510b4e01c5737c6ecd041f72a0d5a4adafcf68954fe403fb5c06,9ff6427b248e1b1f1b946db786ac07b5c5d4ded577d4aec03cb78eeae5e9903e,5105,0,train,0
15399,5107,2,Acanthascinae,/home/tahiti/MARINE_DATASETS/FathomNet_FGVC2025/data/rois/5107_15399.png,/home/tahiti/MARINE_DATASETS/FathomNet_FGVC2025/data/images/5107.png,b163b5316ec1e935438a16b69da5c6122218bed2b5dd85077dca9c564914f17f,d966c9b0fc9558f4490d4bb3cabd1c50b2a28c01cec880486a8c5d2684a7994f,5107,4,train,4
15400,5107,57,Parastenella,/home/tahiti/MARINE_DATASETS/FathomNet_FGVC2025/data/rois/5107_15400.png,/home/tahiti/MARINE_DATASETS/FathomNet_FGVC2025/data/images/5107.png,94d86c504b78218499454f5df72a3d13ad7aed48dc7fba6b31ee36363ff4c637,d966c9b0fc9558f4490d4bb3cabd1c50b2a28c01cec880486a8c5d2684a7994f,5107,4,train,4
15451,5119,63,Ptychogastria polaris,/home/tahiti/MARINE_DATASETS/FathomNet_FGVC2025/data/rois/5119_15451.png,/home/tahiti/MARINE_DATASETS/FathomNet_FGVC2025/data/images/5119.png,b3d8dc1c7ca45feff9d282a56b07f6495ef1e04c3c2bd4047271483e334efaf0,c2eb7eba566166cfaa853677b8b4ba81c83b887a8c9891230e254f0529ac3e11,5119,0,train,0
15461,5123,8,Apostichopus leukothele,/home/tahiti/MARINE_DATASETS/FathomNet_FGVC2025/data/rois/5123_15461.png,/home/tahiti/MARINE_DATASETS/FathomNet_FGVC2025/data/images/5123.png,1afe8ec730ead421b2844c87d219a3b0eaca7f4f072814c02eadf87167358df5,bbc41e0fdcb7e77658aab7cd37baf0a67e6a6a2219f69c9ccc982b18b0b84bd8,5123,4,train,4
15462,5124,22,Farrea,/home/tahiti/MARINE_DATASETS/FathomNet_FGVC2025/data/rois/5124_15462.png,/home/tahiti/MARINE_DATASETS/FathomNet_FGVC2025/data/images/5124.png,2fd0ead1f22d974ec3da083cc9d86ae3a33d87fe05e6d07fc479d72b49538a6c,66f7e156135d9b8d774743436421ca860123fa19ebaa9529d1f98f65c5711a06,5124,2,train,2
15467,5129,42,Metridium farcimen,/home/tahiti/MARINE_DATASETS/FathomNet_FGVC2025/data/rois/5129_15467.png,/home/tahiti/MARINE_DATASETS/FathomNet_FGVC2025/data/images/5129.png,51d16f69395622ab1204484c6f33b4ed23a276c7efda347d6c5c8e0b2257201d,0039b947545c7591a6aeab6da08c0899bc1740de34f75271d3f7357f7e17ea92,5129,5,train,5
15478,5132,40,Mediaster aequalis,/home/tahiti/MARINE_DATASETS/FathomNet_FGVC2025/data/rois/5132_15478.png,/home/tahiti/MARINE_DATASETS/FathomNet_FGVC2025/data/images/5132.png,cf32058b779bef2dfc47d8813a7b65761586ffcb99a0483cb5c046fe8b62aeec,a50dd01190fe5c3352b168ebad432b4bb32b9c99565c471a893d0f37a9dd84e9,5132,2,train,2
15498,5144,1,Abyssocucumis abyssorum,/home/tahiti/MARINE_DATASETS/FathomNet_FGVC2025/data/rois/5144_15498.png,/home/tahiti/MARINE_DATASETS/FathomNet_FGVC2025/data/images/5144.png,84fa86ea03286132ee6d41a36afff15627932e94de7d7af43a7553223d1edc6a,eb459ad5eb73cef658c2b269a8149469919609f210789ee9406c32fee95cf262,5144,4,train,4
15514,5153,25,Gastropoda,/home/tahiti/MARINE_DATASETS/FathomNet_FGVC2025/data/rois/5153_15514.png,/home/tahiti/MARINE_DATASETS/FathomNet_FGVC2025/data/images/5153.png,e29def331243949a584e437ea6dcbe496f490860bb942a62654a17a86f8dd7be,3d2ece00d1c49095f1cb04b5bcfa8c0bc567434bbfdc133d09f097348344eb51,5153,1,train,1
15516,5155,22,Farrea,/home/tahiti/MARINE_DATASETS/FathomNet_FGVC2025/data/rois/5155_15516.png,/home/tahiti/MARINE_DATASETS/FathomNet_FGVC2025/data/images/5155.png,a96c885725bc4f27c9b7b8bb51bd4287413f802381b181442eb642aec407bb21,c3ff6b5396a5f5b075e9a87812ec1de42901256f68caad41bc2cbccdf2c56711,5155,1,train,1
15517,5155,22,Farrea,/home/tahiti/MARINE_DATASETS/FathomNet_FGVC2025/data/rois/5155_15517.png,/home/tahiti/MARINE_DATASETS/FathomNet_FGVC2025/data/images/5155.png,ed7236b7361ca4b626e110cdf26aefaff8e1c9a752c1c98f0ccfe9fa09a178bf,c3ff6b5396a5f5b075e9a87812ec1de42901256f68caad41bc2cbccdf2c56711,5155,1,train,1
15547,5168,32,Holothuroidea,/home/tahiti/MARINE_DATASETS/FathomNet_FGVC2025/data/rois/5168_15547.png,/home/tahiti/MARINE_DATASETS/FathomNet_FGVC2025/data/images/5168.png,2eb6ea4ceea349548d18a52509ea7986b32ddb6b046b230b2e947053a8fec11e,45c9dbaeca111025ef20d974d52bf5d97eb051fd43b8a7d627e4d4c614b1ccff,5168,4,train,4
15552,5169,56,Paralomis multispina,/home/tahiti/MARINE_DATASETS/FathomNet_FGVC2025/data/rois/5169_15552.png,/home/tahiti/MARINE_DATASETS/FathomNet_FGVC2025/data/images/5169.png,c964c7b350c20a597f256b667509606215e9494a7fdae9c6b62f124132d7e43e,58c7c4228aa552199951a602dcf7c9920def81054a82e7df20af1988f7e8a50d,5169,1,train,1
15553,5169,56,Paralomis multispina,/home/tahiti/MARINE_DATASETS/FathomNet_FGVC2025/data/rois/5169_15553.png,/home/tahiti/MARINE_DATASETS/FathomNet_FGVC2025/data/images/5169.png,edd148fd9bc5cd319ef1c7f89c55f208e2004adbad6a8bd1e7799cf877abe7be,58c7c4228aa552199951a602dcf7c9920def81054a82e7df20af1988f7e8a50d,5169,1,train,1
15561,5169,56,Paralomis multispina,/home/tahiti/MARINE_DATASETS/FathomNet_FGVC2025/data/rois/5169_15561.png,/home/tahiti/MARINE_DATASETS/FathomNet_FGVC2025/data/images/5169.png,afa4c22b8257349d3ff8f72fdf7154e87153dc9cfb363e245420abd1f331bab6,58c7c4228aa552199951a602dcf7c9920def81054a82e7df20af1988f7e8a50d,5169,1,train,1
15585,5186,22,Farrea,/home/tahiti/MARINE_DATASETS/FathomNet_FGVC2025/data/rois/5186_15585.png,/home/tahiti/MARINE_DATASETS/FathomNet_FGVC2025/data/images/5186.png,a379f71703bbccc786a1a1ef4fbe1382ab217923e72d2bf9ca6a4b6a965d6f16,47e29b1a1e1df81078935926609ffd574a78867697a5f375953e0a60052e7f2f,5186,5,train,5
15597,5191,38,Liponema brevicorne,/home/tahiti/MARINE_DATASETS/FathomNet_FGVC2025/data/rois/5191_15597.png,/home/tahiti/MARINE_DATASETS/FathomNet_FGVC2025/data/images/5191.png,a14b8d7b5aa38e0206d94036d8d6128592e4f82f40aacb6e3a51348c3463864a,97a305f22fc85bcd69e4e15fdbe95d3e26244cb3dbc779b40810459c5dbe7bac,5191,2,train,2
15604,5197,36,Isosicyonis,/home/tahiti/MARINE_DATASETS/FathomNet_FGVC2025/data/rois/5197_15604.png,/home/tahiti/MARINE_DATASETS/FathomNet_FGVC2025/data/images/5197.png,6af5d611500fcf965f2794706e8e7ea7b5812dcb82341c650f1dc09ce352db52,b9a6ae6779469009e25277e4f7b6fb4872ef43f7f913162f39484dcf7f2f8da7,5197,1,train,1
15608,5197,77,Umbellula,/home/tahiti/MARINE_DATASETS/FathomNet_FGVC2025/data/rois/5197_15608.png,/home/tahiti/MARINE_DATASETS/FathomNet_FGVC2025/data/images/5197.png,480bf7c708919be5bcdc04b5709f45714d4f2007b5ed9ce844c411409cea7e1d,b9a6ae6779469009e25277e4f7b6fb4872ef43f7f913162f39484dcf7f2f8da7,5197,1,train,1
15631,5205,78,Vesicomyidae,/home/tahiti/MARINE_DATASETS/FathomNet_FGVC2025/data/rois/5205_15631.png,/home/tahiti/MARINE_DATASETS/FathomNet_FGVC2025/data/images/5205.png,1af812180b5fd035823fbb0de972a544946df48102843b5916877fd1c023c08b,6c8db4110bd9e90fe9d25140a530ab91ba9e2eda204406c4a640b771f002a15f,5205,2,train,2
15638,5205,78,Vesicomyidae,/home/tahiti/MARINE_DATASETS/FathomNet_FGVC2025/data/rois/5205_15638.png,/home/tahiti/MARINE_DATASETS/FathomNet_FGVC2025/data/images/5205.png,b9b9630b796814e0dd295c8f7014f54555a1b229e99a0caa4c0027442985d314,6c8db4110bd9e90fe9d25140a530ab91ba9e2eda204406c4a640b771f002a15f,5205,2,train,2
15657,5215,32,Holothuroidea,/home/tahiti/MARINE_DATASETS/FathomNet_FGVC2025/data/rois/5215_15657.png,/home/tahiti/MARINE_DATASETS/FathomNet_FGVC2025/data/images/5215.png,eb226d4847613368bb10df487ad5067c058c8ec47d4c47b253851cbda121ec86,4614a2480596efe866c45eb46c681d7d8fc1449394dc87b8c7f41921a8d15fa1,5215,1,train,1
15696,5218,14,Caridea,/home/tahiti/MARINE_DATASETS/FathomNet_FGVC2025/data/rois/5218_15696.png,/home/tahiti/MARINE_DATASETS/FathomNet_FGVC2025/data/images/5218.png,6604a163994095be96dc9d14588a447e71fda1323b1d67ec86f8c4e3ea261732,47724b1c5785f8dda58145edbf41829cc4e06ab673579066ee13afcd628d7d5d,5218,5,train,5
15708,5220,34,Isidella tentaculum,/home/tahiti/MARINE_DATASETS/FathomNet_FGVC2025/data/rois/5220_15708.png,/home/tahiti/MARINE_DATASETS/FathomNet_FGVC2025/data/images/5220.png,cbe7ab6ac5d277c6eae6dcac58679e9580a3f12bc69375a6cab830f3ac523d16,bff3a612142bd03fd0955682ecce42e7a325c3e036c07135d193412624fae3d8,5220,1,train,1
15710,5220,17,Chorilia longipes,/home/tahiti/MARINE_DATASETS/FathomNet_FGVC2025/data/rois/5220_15710.png,/home/tahiti/MARINE_DATASETS/FathomNet_FGVC2025/data/images/5220.png,efc17041b256850948f6a8d51446a5aa7a66cce1411ba601ea5c6ec684dc9e26,bff3a612142bd03fd0955682ecce42e7a325c3e036c07135d193412624fae3d8,5220,1,train,1
15711,5220,57,Parastenella,/home/tahiti/MARINE_DATASETS/FathomNet_FGVC2025/data/rois/5220_15711.png,/home/tahiti/MARINE_DATASETS/FathomNet_FGVC2025/data/images/5220.png,fd6939b1ba52383917bd9824dd0bed2632d3b3a049b959e955934fda7e73f260,bff3a612142bd03fd0955682ecce42e7a325c3e036c07135d193412624fae3d8,5220,1,train,1
15713,5222,66,Scleractinia,/home/tahiti/MARINE_DATASETS/FathomNet_FGVC2025/data/rois/5222_15713.png,/home/tahiti/MARINE_DATASETS/FathomNet_FGVC2025/data/images/5222.png,fcc6d617f63d4af57212c9358591ed4a0d67fc9a8176e433dc2f6fb2c769419d,8ed7dce6cf0a0637396b70bab2193f02aa5ea4bb568a035a7b89166129bf1f6b,5222,4,train,4
15721,5228,64,Pyrosoma atlanticum,/home/tahiti/MARINE_DATASETS/FathomNet_FGVC2025/data/rois/5228_15721.png,/home/tahiti/MARINE_DATASETS/FathomNet_FGVC2025/data/images/5228.png,3296c1ba56cbe8d3d0680259a54ba1b1ec715b689e257905af9eb83593421bb1,be58168a6a5b8b93034962fcd1781920a0f4af3d14fc8247c1886c0ad2d14b40,5228,2,train,2
15725,5228,64,Pyrosoma atlanticum,/home/tahiti/MARINE_DATASETS/FathomNet_FGVC2025/data/rois/5228_15725.png,/home/tahiti/MARINE_DATASETS/FathomNet_FGVC2025/data/images/5228.png,a75153fde7dcbb4aac399ae5ef0a38bd09f2be7717bda3d6b82fdb26fd9f32d7,be58168a6a5b8b93034962fcd1781920a0f4af3d14fc8247c1886c0ad2d14b40,5228,2,train,2
15736,5232,48,Ophiacanthidae,/home/tahiti/MARINE_DATASETS/FathomNet_FGVC2025/data/rois/5232_15736.png,/home/tahiti/MARINE_DATASETS/FathomNet_FGVC2025/data/images/5232.png,e9e8b1402cf4c60c56f745ef239aea6fcd2c48d3ffb14e8ce3a33eb444993180,958308f6e258e1d999b571c541ecdf8a07b872a022224a467473d34a25e387cd,5232,0,train,0
15749,5236,77,Umbellula,/home/tahiti/MARINE_DATASETS/FathomNet_FGVC2025/data/rois/5236_15749.png,/home/tahiti/MARINE_DATASETS/FathomNet_FGVC2025/data/images/5236.png,5611c385753e1045712cfbb1583e67fea7e60eb89b3a45bf1b6e436218d73b2d,7c08a1d3e421490cb2308087c1c733229442d7caafe7d0980c6729961c46c65d,5236,0,train,0
15750,5236,77,Umbellula,/home/tahiti/MARINE_DATASETS/FathomNet_FGVC2025/data/rois/5236_15750.png,/home/tahiti/MARINE_DATASETS/FathomNet_FGVC2025/data/images/5236.png,85a0a04a0c8cd52d3f8f2b466bbe3afdf20d9f077fc6eeb3d9faf07d56f06b5f,7c08a1d3e421490cb2308087c1c733229442d7caafe7d0980c6729961c46c65d,5236,0,train,0
15768,5244,78,Vesicomyidae,/home/tahiti/MARINE_DATASETS/FathomNet_FGVC2025/data/rois/5244_15768.png,/home/tahiti/MARINE_DATASETS/FathomNet_FGVC2025/data/images/5244.png,f51f13a24d9354cbace064d9b29d2ac5f132d9dcfe338622933bb89d9053079c,0ad0a1c0d436d100278a6d005610db3e1a2d399594f4a97c029b89a81b1f6d65,5244,1,train,1
15775,5248,69,Sebastes,/home/tahiti/MARINE_DATASETS/FathomNet_FGVC2025/data/rois/5248_15775.png,/home/tahiti/MARINE_DATASETS/FathomNet_FGVC2025/data/images/5248.png,aa5e297c64836fe1e4914a06fa54e75830c6014d49d413cfa31420861f247957,397b5c059a2190dd83b6333404a952870ac049733ca2fe4d6a79a70b1059585d,5248,4,train,4
15782,5252,4,Actinernus,/home/tahiti/MARINE_DATASETS/FathomNet_FGVC2025/data/rois/5252_15782.png,/home/tahiti/MARINE_DATASETS/FathomNet_FGVC2025/data/images/5252.png,fc65fbceb5703d421e6b96a3f436100bf548ef8e7d1c2012510754dba968d63e,2b06ab61e281b02b0f82708106a038008100e003f732d3d1b297ce347120cc8c,5252,4,train,4
15790,5255,56,Paralomis multispina,/home/tahiti/MARINE_DATASETS/FathomNet_FGVC2025/data/rois/5255_15790.png,/home/tahiti/MARINE_DATASETS/FathomNet_FGVC2025/data/images/5255.png,5182b5154421535f31c22f2fad052b2144f67f51c90263f5eadd29465530d971,03cb526447d979eebc2ec79510ffe3bfe01bd86b6610790d26749b3347aad052,5255,2,train,2
15796,5260,56,Paralomis multispina,/home/tahiti/MARINE_DATASETS/FathomNet_FGVC2025/data/rois/5260_15796.png,/home/tahiti/MARINE_DATASETS/FathomNet_FGVC2025/data/images/5260.png,50ed1758277f4f4d2ddfc1d88c51eeb871535c382018c42232693cd9a8155831,e050c1618480fd9c02fb59078ead0a5dbab734e7773d00b5eb4b3bb9123846aa,5260,0,train,0
15808,5264,76,Tunicata,/home/tahiti/MARINE_DATASETS/FathomNet_FGVC2025/data/rois/5264_15808.png,/home/tahiti/MARINE_DATASETS/FathomNet_FGVC2025/data/images/5264.png,765ee914ab3bc96ac7a3de56ae98d00bf29ff7f06064c33b50e1b82830cfcc8a,b4d2797f51f7b8a02229cf15e220be81891e576bfe0db5ae92072fb826800323,5264,0,train,0
15812,5267,50,Paelopatides confundens,/home/tahiti/MARINE_DATASETS/FathomNet_FGVC2025/data/rois/5267_15812.png,/home/tahiti/MARINE_DATASETS/FathomNet_FGVC2025/data/images/5267.png,ed0c6cd5223d93f91e38446f2c22afe52332b0dbf5a0ecaebf99a3ecf3e28464,a194903bcb0a185c6192ddfe9df258276691b5fb989b41cb0523470d10fd926e,5267,4,train,4
15838,5280,56,Paralomis multispina,/home/tahiti/MARINE_DATASETS/FathomNet_FGVC2025/data/rois/5280_15838.png,/home/tahiti/MARINE_DATASETS/FathomNet_FGVC2025/data/images/5280.png,aa029ee6727bd96160d393e5d03564e9d175f225af54b0b9300e07890874bfd8,e54a650d9ff2e8bf3463025ea3f618a694d3810bd7347b5e5e10fd3a5a3af735,5280,2,train,2
15847,5286,32,Holothuroidea,/home/tahiti/MARINE_DATASETS/FathomNet_FGVC2025/data/rois/5286_15847.png,/home/tahiti/MARINE_DATASETS/FathomNet_FGVC2025/data/images/5286.png,d194592b89e1f840206e169c60cd91daaa281926e89b148caa6a0f423c0bdccd,cc0a9531829a76443d0afdca21f1e2624478c68e56995db753c33d076e7a9ea5,5286,5,train,5
15851,5289,50,Paelopatides confundens,/home/tahiti/MARINE_DATASETS/FathomNet_FGVC2025/data/rois/5289_15851.png,/home/tahiti/MARINE_DATASETS/FathomNet_FGVC2025/data/images/5289.png,675132cf195e315a514ec69379311321c720e3f53c23eaf7c19cba35d2cacf80,79d83191981d5d521527fc6dd9b1c6a7b5d090a9191a44772d7259a939db5d0b,5289,5,train,5
15858,5292,64,Pyrosoma atlanticum,/home/tahiti/MARINE_DATASETS/FathomNet_FGVC2025/data/rois/5292_15858.png,/home/tahiti/MARINE_DATASETS/FathomNet_FGVC2025/data/images/5292.png,749855337dff798345fbc7bb9fe7cfa69c82135579dea18892ee3d74507ce77c,391d04a573af1d4b30568cba2574ca2cdb19bf4bcc45f0126adb8e144871fa4c,5292,5,train,5
15860,5292,64,Pyrosoma atlanticum,/home/tahiti/MARINE_DATASETS/FathomNet_FGVC2025/data/rois/5292_15860.png,/home/tahiti/MARINE_DATASETS/FathomNet_FGVC2025/data/images/5292.png,145737c8f4b98c67462d58511fc9fbabd15e4595f534a833bf67e39d4d3d0a7c,391d04a573af1d4b30568cba2574ca2cdb19bf4bcc45f0126adb8e144871fa4c,5292,5,train,5
15863,5292,64,Pyrosoma atlanticum,/home/tahiti/MARINE_DATASETS/FathomNet_FGVC2025/data/rois/5292_15863.png,/home/tahiti/MARINE_DATASETS/FathomNet_FGVC2025/data/images/5292.png,d2d203b0f34a2eb3a6cfd52913081b50de47cc216afcd8bf238f5a99e3f0d392,391d04a573af1d4b30568cba2574ca2cdb19bf4bcc45f0126adb8e144871fa4c,5292,5,train,5
15891,5299,31,Hippasteria,/home/tahiti/MARINE_DATASETS/FathomNet_FGVC2025/data/rois/5299_15891.png,/home/tahiti/MARINE_DATASETS/FathomNet_FGVC2025/data/images/5299.png,d062dea5e4356eeec6123418c41599ea55f14635f98529d5edb4a290b165300f,0778a02e7de79ee83449cf7e1767b6a20fb4339f9fa68c77f7c36f03b1ba42bd,5299,2,train,2
15897,5301,36,Isosicyonis,/home/tahiti/MARINE_DATASETS/FathomNet_FGVC2025/data/rois/5301_15897.png,/home/tahiti/MARINE_DATASETS/FathomNet_FGVC2025/data/images/5301.png,d013d548c78d604b9a459b1741e364e591cf0e69551852db162c170d2a222b05,e23c3fbe9fed289b0ac7f1ac6fadb4a3327e8ad1be4b0ca73e2b1dca5f110deb,5301,2,train,2
15900,5302,59,Pennatula phosphorea,/home/tahiti/MARINE_DATASETS/FathomNet_FGVC2025/data/rois/5302_15900.png,/home/tahiti/MARINE_DATASETS/FathomNet_FGVC2025/data/images/5302.png,fcc2c1d3e3fc45082e2a2baf3f19fdf8375d9264fd7012ecdf87704998b30248,76d6926ff3d6ab7fb2e0f1c9fa5e428f6591af0a592f0fbd137f7d88a2ae5b71,5302,5,train,5
15904,5302,59,Pennatula phosphorea,/home/tahiti/MARINE_DATASETS/FathomNet_FGVC2025/data/rois/5302_15904.png,/home/tahiti/MARINE_DATASETS/FathomNet_FGVC2025/data/images/5302.png,f323d5b2fc6a85f9936fa900b9329a5bd8b7022e2f95c6a515d2baec1e0ba940,76d6926ff3d6ab7fb2e0f1c9fa5e428f6591af0a592f0fbd137f7d88a2ae5b71,5302,5,train,5
15911,5308,17,Chorilia longipes,/home/tahiti/MARINE_DATASETS/FathomNet_FGVC2025/data/rois/5308_15911.png,/home/tahiti/MARINE_DATASETS/FathomNet_FGVC2025/data/images/5308.png,21bfb981331a70eae98dcf1026f4d4f9fe7f535f2b282132675d9c5175742911,6dda64d27682284578f6a0370a3172904a071e042e4b08e884d4dde0b4b8800e,5308,5,train,5
15931,5320,4,Actinernus,/home/tahiti/MARINE_DATASETS/FathomNet_FGVC2025/data/rois/5320_15931.png,/home/tahiti/MARINE_DATASETS/FathomNet_FGVC2025/data/images/5320.png,35a744bb6ac2ccffdfac084fd5c772ad4affaa5ecb8c6ac4a9e8073455ad1076,aec3444318dbf5d109c51c74ae90031d77dcddd9312dabd792613bdebdd64f55,5320,5,train,5
15936,5323,21,Elpidia,/home/tahiti/MARINE_DATASETS/FathomNet_FGVC2025/data/rois/5323_15936.png,/home/tahiti/MARINE_DATASETS/FathomNet_FGVC2025/data/images/5323.png,ec65ca679a537b9906c26d731038d96b6875670988bcdd60d725b9d3e9a3a069,8c4fabcf73128dc06999f5009e04b0fad0c2e35b32a986b9f2a7412d30b82cde,5323,0,train,0
15974,5342,14,Caridea,/home/tahiti/MARINE_DATASETS/FathomNet_FGVC2025/data/rois/5342_15974.png,/home/tahiti/MARINE_DATASETS/FathomNet_FGVC2025/data/images/5342.png,9479f5a09ef531f4ab3dde1596f5719046bd44103338a46ff7cb0d21a9c1361e,29bbe3b00242a981bb019ffc362f561247e4139b8434c48a5732059a8efd51c7,5342,0,train,0
15981,5344,51,Pandalus amplus,/home/tahiti/MARINE_DATASETS/FathomNet_FGVC2025/data/rois/5344_15981.png,/home/tahiti/MARINE_DATASETS/FathomNet_FGVC2025/data/images/5344.png,9ebc8bb5abf73f847d3cf49f80a5900f84ef6b958f1aac5abd8d478c7e1c472f,a9f17071f2bfbd3a0e0a46000bcae6d1a580ade79d02ef03e77fe96eefccff64,5344,1,train,1
15995,5349,36,Isosicyonis,/home/tahiti/MARINE_DATASETS/FathomNet_FGVC2025/data/rois/5349_15995.png,/home/tahiti/MARINE_DATASETS/FathomNet_FGVC2025/data/images/5349.png,5f17d5255f0d52ef0549080a37d301b57b5f8f7673153409d422242cb56eb7e7,0a86e5e24b76215edc0755dffee412593d4d24c9ad1c671ff50aa50b92d73b1c,5349,2,train,2
16008,5352,52,Pandalus platyceros,/home/tahiti/MARINE_DATASETS/FathomNet_FGVC2025/data/rois/5352_16008.png,/home/tahiti/MARINE_DATASETS/FathomNet_FGVC2025/data/images/5352.png,5d553c432afeb9bac5c6f25b361b89caf2844b811a98eefd629fb7f231c75370,94617e2635b7200ad10563fe645b9c1cf1849bd5104176925701126f54a4f923,5352,2,train,2
16009,5352,52,Pandalus platyceros,/home/tahiti/MARINE_DATASETS/FathomNet_FGVC2025/data/rois/5352_16009.png,/home/tahiti/MARINE_DATASETS/FathomNet_FGVC2025/data/images/5352.png,f59579875a8fdcd9b748a1d4898e2405e8d2ff735e460582656fb1c48cc89b3f,94617e2635b7200ad10563fe645b9c1cf1849bd5104176925701126f54a4f923,5352,2,train,2
16012,5354,15,Ceriantharia,/home/tahiti/MARINE_DATASETS/FathomNet_FGVC2025/data/rois/5354_16012.png,/home/tahiti/MARINE_DATASETS/FathomNet_FGVC2025/data/images/5354.png,b58832464b47b120c5d587452c0c6722415dd047742d7929d656d393cfa0a824,c317292bd6e29050cdb2c616cd02d67620797d7d6545465281450b714d4b21b5,5354,2,train,2
16021,5359,77,Umbellula,/home/tahiti/MARINE_DATASETS/FathomNet_FGVC2025/data/rois/5359_16021.png,/home/tahiti/MARINE_DATASETS/FathomNet_FGVC2025/data/images/5359.png,bb0a03ad329dd98739a2300e81d2a3fbec17f67a91d03374a6d119c34a1e1be6,74e3b529aa51d2bc1ba5affa79a72fa2b13e1bd5579e274dc0c61b2d77376598,5359,5,train,5
16025,5361,3,Acanthoptilum,/home/tahiti/MARINE_DATASETS/FathomNet_FGVC2025/data/rois/5361_16025.png,/home/tahiti/MARINE_DATASETS/FathomNet_FGVC2025/data/images/5361.png,094705bbeca5e51bbe22a5a6f557619a29315911c0f50b2cc6b14f78116324eb,b616c0e8b2463abcc4774170be90b22dbf2c81736baf192ce5e2378a06750950,5361,4,train,4
16047,5369,18,Corallimorphus pilatus,/home/tahiti/MARINE_DATASETS/FathomNet_FGVC2025/data/rois/5369_16047.png,/home/tahiti/MARINE_DATASETS/FathomNet_FGVC2025/data/images/5369.png,42bc804296c92e5eda83e23ab27eda4ee6c597a7a703cba7698cc0419ffa58d1,111917d87233f565903d307a6b2344c80a9090b8ff15a91a8e57ba73dc5e841e,5369,1,train,1
16058,5369,18,Corallimorphus pilatus,/home/tahiti/MARINE_DATASETS/FathomNet_FGVC2025/data/rois/5369_16058.png,/home/tahiti/MARINE_DATASETS/FathomNet_FGVC2025/data/images/5369.png,83b917f7f3e0a0cd0534a14106e9faced8ecbea932ae7b47fe7f2e0bed8de056,111917d87233f565903d307a6b2344c80a9090b8ff15a91a8e57ba73dc5e841e,5369,1,train,1
16062,5369,18,Corallimorphus pilatus,/home/tahiti/MARINE_DATASETS/FathomNet_FGVC2025/data/rois/5369_16062.png,/home/tahiti/MARINE_DATASETS/FathomNet_FGVC2025/data/images/5369.png,f84bd59f8fb2dce4f6ec09047ec5685a4b5703005ac3c8ab4c9e55488d752c60,111917d87233f565903d307a6b2344c80a9090b8ff15a91a8e57ba73dc5e841e,5369,1,train,1
16075,5369,18,Corallimorphus pilatus,/home/tahiti/MARINE_DATASETS/FathomNet_FGVC2025/data/rois/5369_16075.png,/home/tahiti/MARINE_DATASETS/FathomNet_FGVC2025/data/images/5369.png,c33a48f297184e334a2508f21e78c5cb224a26630f2413ea400aced387eae07f,111917d87233f565903d307a6b2344c80a9090b8ff15a91a8e57ba73dc5e841e,5369,1,train,1
16086,5373,1,Abyssocucumis abyssorum,/home/tahiti/MARINE_DATASETS/FathomNet_FGVC2025/data/rois/5373_16086.png,/home/tahiti/MARINE_DATASETS/FathomNet_FGVC2025/data/images/5373.png,7be444f1e5fdd516294e2f4a5feb5d1831ed75d0b71d3c5780646ff447ce7fa9,9f75105f11e271173cbd06c67364b6c25a14044112d650d496ebd4f7d6172afe,5373,4,train,4
16102,5386,32,Holothuroidea,/home/tahiti/MARINE_DATASETS/FathomNet_FGVC2025/data/rois/5386_16102.png,/home/tahiti/MARINE_DATASETS/FathomNet_FGVC2025/data/images/5386.png,72a076bc936c8be201232b03f4978bc99fd3eb318f3d8d49a4345a13049ad25a,2c5c3ccb01d4a2d64b673b6b5f5612e1cfe2df5f03cb471b2420b610dc6689c1,5386,1,train,1
16120,5394,51,Pandalus amplus,/home/tahiti/MARINE_DATASETS/FathomNet_FGVC2025/data/rois/5394_16120.png,/home/tahiti/MARINE_DATASETS/FathomNet_FGVC2025/data/images/5394.png,c65787da5ca5efb1a3a992d907e2c7ed0a32d6a9196305c36ef736069235c825,54e204761dbddb03eb2a7556eaad17cefa3c4d31f492fa6321e2d0a8a0ba5246,5394,2,train,2
16126,5395,56,Paralomis multispina,/home/tahiti/MARINE_DATASETS/FathomNet_FGVC2025/data/rois/5395_16126.png,/home/tahiti/MARINE_DATASETS/FathomNet_FGVC2025/data/images/5395.png,dbfd7eaab0dfb80d7827bdfe6c8b725531dc6ff9234a0a55bf420fb0c8129993,e26a05510318c1dc023463448f7576a9775af2ad14fc118c0f511265f45ffc89,5395,2,train,2
16154,5405,12,Benthocodon pedunculata,/home/tahiti/MARINE_DATASETS/FathomNet_FGVC2025/data/rois/5405_16154.png,/home/tahiti/MARINE_DATASETS/FathomNet_FGVC2025/data/images/5405.png,e1b3dfd83587f8022311341c597df8979937a93c76c164cbeae1b70194268f24,3df10bdc2826bff0c44c59fa8ead81932fadaa1be7a393b9ac60434b1fda7bb3,5405,2,train,2
16166,5411,64,Pyrosoma atlanticum,/home/tahiti/MARINE_DATASETS/FathomNet_FGVC2025/data/rois/5411_16166.png,/home/tahiti/MARINE_DATASETS/FathomNet_FGVC2025/data/images/5411.png,4ce1c3b220567726de0794efc8d44347bbc340f1903e161fac17c6913b7ebc65,548122a96c8858473338020ceecd9cf85ed9911fb49eb1c339dcdb1a68d168c8,5411,1,train,1
16203,5418,38,Liponema brevicorne,/home/tahiti/MARINE_DATASETS/FathomNet_FGVC2025/data/rois/5418_16203.png,/home/tahiti/MARINE_DATASETS/FathomNet_FGVC2025/data/images/5418.png,22bf2638f3d1a02b0706433aabc807eda85f23327836cbff0c2dc83155554b49,88b662ca38b388eca2b52a7b18064bf609b0bdc35b0056f791786588019fdc25,5418,4,train,4
16207,5422,38,Liponema brevicorne,/home/tahiti/MARINE_DATASETS/FathomNet_FGVC2025/data/rois/5422_16207.png,/home/tahiti/MARINE_DATASETS/FathomNet_FGVC2025/data/images/5422.png,a74577b98d9ef9fff882beec8577eb09b36016b100218d35e7c40c6da0716173,05cf8e71f311b33033cfa9e68d75ea6f6ea0bf1a9b442b7750acbbafee63d169,5422,0,train,0
16215,5428,46,Mycale,/home/tahiti/MARINE_DATASETS/FathomNet_FGVC2025/data/rois/5428_16215.png,/home/tahiti/MARINE_DATASETS/FathomNet_FGVC2025/data/images/5428.png,5cd64d83f1cfa604a3ca17605b67c40735ed01392cca6c5e2482d71017703baf,57e21b814e6f590ddc9ac8b2e1cec5daf5bd07d05609e356583fa9fb366c230f,5428,4,train,4
16233,5433,64,Pyrosoma atlanticum,/home/tahiti/MARINE_DATASETS/FathomNet_FGVC2025/data/rois/5433_16233.png,/home/tahiti/MARINE_DATASETS/FathomNet_FGVC2025/data/images/5433.png,29d96eb0c4dbf5f0c078cf3b774479fa9f71401d7e236ec008a8dcd0f1caa4ab,a2f901a2b5dc7228c1d7a344a50202cbfc7eccbfc4e614fddbba10da76247b67,5433,1,train,1
16250,5437,70,Sebastes diploproa,/home/tahiti/MARINE_DATASETS/FathomNet_FGVC2025/data/rois/5437_16250.png,/home/tahiti/MARINE_DATASETS/FathomNet_FGVC2025/data/images/5437.png,8af2edc1dd7a4bb6c47b39d63b47bf2d38854f19a8b1725b7e1d21941048081f,ba2161bdf3e852dcafc2bc956b1b152fbc682fb33606e57dabad32ecb3c1fbda,5437,0,train,0
16259,5438,61,Psathyrometra fragilis,/home/tahiti/MARINE_DATASETS/FathomNet_FGVC2025/data/rois/5438_16259.png,/home/tahiti/MARINE_DATASETS/FathomNet_FGVC2025/data/images/5438.png,33499ddf2c5112b4d3e55ed8295e0c81ff5e9aa2227816d9130e544432098841,06a5eb702b54554550a9eef227bacf3371b3e45750c80db1e421a26105e6838e,5438,4,train,4
16266,5444,21,Elpidia,/home/tahiti/MARINE_DATASETS/FathomNet_FGVC2025/data/rois/5444_16266.png,/home/tahiti/MARINE_DATASETS/FathomNet_FGVC2025/data/images/5444.png,358f548efdd34318b95e5730e89c398f63ca1b0629721ce1bfe2499ac01db398,a1b61f2e10dfa76aa92f0d7786605cad9d439a9d56cc7c34e1bad7a5b979b405,5444,2,train,2
16278,5452,54,Paragorgia,/home/tahiti/MARINE_DATASETS/FathomNet_FGVC2025/data/rois/5452_16278.png,/home/tahiti/MARINE_DATASETS/FathomNet_FGVC2025/data/images/5452.png,62592ba1b589c9ca0db0850313e66c7e057e50fd8a34348681047ab10e89418c,05918910446282e555700189e2f2fad15ba5fd88c3f723efe9693c4f9748c18d,5452,1,train,1
16287,5455,42,Metridium farcimen,/home/tahiti/MARINE_DATASETS/FathomNet_FGVC2025/data/rois/5455_16287.png,/home/tahiti/MARINE_DATASETS/FathomNet_FGVC2025/data/images/5455.png,e786403c93bd25aad6e861dc4eaaeae4aa29822c9172cb808d4c79f213b9f048,3ddd04172f5ddf5b3975b29a1c3229e42367fb80fd7e33b583d64b48e92a9610,5455,4,train,4
16295,5460,14,Caridea,/home/tahiti/MARINE_DATASETS/FathomNet_FGVC2025/data/rois/5460_16295.png,/home/tahiti/MARINE_DATASETS/FathomNet_FGVC2025/data/images/5460.png,367a2f5a0cc8dbb6ae7db999a38150894d30a45e48e730b298a28b8e0bce025f,ceabce6aaf4bfa0b24451be724f491a6a862fe4c68ebd0725a1ace858fda3c50,5460,1,train,1
16306,5463,76,Tunicata,/home/tahiti/MARINE_DATASETS/FathomNet_FGVC2025/data/rois/5463_16306.png,/home/tahiti/MARINE_DATASETS/FathomNet_FGVC2025/data/images/5463.png,6ecec1340c30d03f9b7a27e44e9feaec6eef53f301c2a2a5996da661dd5fc777,17a02448bb56eaf7a388956ab3a92032a7c3cd2cfcb66b32e1f9c20ea67a4f41,5463,2,train,2
16307,5463,76,Tunicata,/home/tahiti/MARINE_DATASETS/FathomNet_FGVC2025/data/rois/5463_16307.png,/home/tahiti/MARINE_DATASETS/FathomNet_FGVC2025/data/images/5463.png,cb8318eb7a36eba99a13a5986e0618eaa0338c37bb21c63330fefd0a8bb0659c,17a02448bb56eaf7a388956ab3a92032a7c3cd2cfcb66b32e1f9c20ea67a4f41,5463,2,train,2
16356,5490,78,Vesicomyidae,/home/tahiti/MARINE_DATASETS/FathomNet_FGVC2025/data/rois/5490_16356.png,/home/tahiti/MARINE_DATASETS/FathomNet_FGVC2025/data/images/5490.png,d12c242ce18e21a575e18c499d17142de09576ce1b1af67d2da9c79c21822c45,2ad35f61abc696563b0205251e5909643e7d3c02ca48b3f5b8ddd72009ce9fd0,5490,4,train,4
16362,5490,78,Vesicomyidae,/home/tahiti/MARINE_DATASETS/FathomNet_FGVC2025/data/rois/5490_16362.png,/home/tahiti/MARINE_DATASETS/FathomNet_FGVC2025/data/images/5490.png,03037b527d608dfa1a61104ee8661030f9c8e2a8bde44a7d61030afac0190a5a,2ad35f61abc696563b0205251e5909643e7d3c02ca48b3f5b8ddd72009ce9fd0,5490,4,train,4
16367,5490,78,Vesicomyidae,/home/tahiti/MARINE_DATASETS/FathomNet_FGVC2025/data/rois/5490_16367.png,/home/tahiti/MARINE_DATASETS/FathomNet_FGVC2025/data/images/5490.png,bb0c02b5a0606ea46946511e74c8659cb0010049a253b283fb3c95ac2498565b,2ad35f61abc696563b0205251e5909643e7d3c02ca48b3f5b8ddd72009ce9fd0,5490,4,train,4
16372,5490,78,Vesicomyidae,/home/tahiti/MARINE_DATASETS/FathomNet_FGVC2025/data/rois/5490_16372.png,/home/tahiti/MARINE_DATASETS/FathomNet_FGVC2025/data/images/5490.png,3c5620d37eae68e576d26a251094f18707ae7b2b31840e31d0276d8dc222a4ee,2ad35f61abc696563b0205251e5909643e7d3c02ca48b3f5b8ddd72009ce9fd0,5490,4,train,4
16401,5502,59,Pennatula phosphorea,/home/tahiti/MARINE_DATASETS/FathomNet_FGVC2025/data/rois/5502_16401.png,/home/tahiti/MARINE_DATASETS/FathomNet_FGVC2025/data/images/5502.png,e8f70daf9a369ca72a980b30869657b34fa43a9e85e366227ab26f7f99119675,352467a79ab1921734fa51d6e14f3db0daf2fc03421ffa6d736ac3976fd785e1,5502,1,train,1
16408,5506,23,Florometra serratissima,/home/tahiti/MARINE_DATASETS/FathomNet_FGVC2025/data/rois/5506_16408.png,/home/tahiti/MARINE_DATASETS/FathomNet_FGVC2025/data/images/5506.png,50e501f28b7ce5e419ccef0d8971c5349a54407671b13fba9e4875749a76bf61,72b970ce7687b1132419d3d413def13f7487b37d7bca79d685adc4b64d944b26,5506,5,train,5
16415,5508,36,Isosicyonis,/home/tahiti/MARINE_DATASETS/FathomNet_FGVC2025/data/rois/5508_16415.png,/home/tahiti/MARINE_DATASETS/FathomNet_FGVC2025/data/images/5508.png,6d1a899aa48e935772da76eed86804e676d6be9bfa150a7204399bcc0606970f,533a4d6ec05b78e7c0dd8cbb1ecaa0e3680b7e7f711dc9e19242073d9745dd75,5508,5,train,5
16453,5526,69,Sebastes,/home/tahiti/MARINE_DATASETS/FathomNet_FGVC2025/data/rois/5526_16453.png,/home/tahiti/MARINE_DATASETS/FathomNet_FGVC2025/data/images/5526.png,6650fb3805b9ceb793318fffa46b24e46aae61663e106be83f04272a0ade2b30,8d91b87add8779ea41dcbf9c24b64a4255a1e45df2be0b9a4b6d6d1e47739643,5526,5,train,5
16459,5531,7,Amphipoda,/home/tahiti/MARINE_DATASETS/FathomNet_FGVC2025/data/rois/5531_16459.png,/home/tahiti/MARINE_DATASETS/FathomNet_FGVC2025/data/images/5531.png,6c74ff98249e7647170ff5cba56e11537aa9a4b402fe2c7bc2c8b8ffc1ffe574,e9a415ce4dd4954621b0e921ea1b118eb93a70032ff3ce59cbd87b69464c9d10,5531,1,train,1
16486,5546,1,Abyssocucumis abyssorum,/home/tahiti/MARINE_DATASETS/FathomNet_FGVC2025/data/rois/5546_16486.png,/home/tahiti/MARINE_DATASETS/FathomNet_FGVC2025/data/images/5546.png,48c0bac5781a4d82fd749b53ef9e3c33eadad296a84fc0e085c5bd948abe42d7,e1bcbd88e6e04e8be4eef1abc40bf2dcc1cfb86cc4dd53a176e8aa8a8382ecc1,5546,0,train,0
16530,5567,33,Hormathiidae,/home/tahiti/MARINE_DATASETS/FathomNet_FGVC2025/data/rois/5567_16530.png,/home/tahiti/MARINE_DATASETS/FathomNet_FGVC2025/data/images/5567.png,56e66b04658e5dd33f95d0cc9bd4b6b2513de7159183e9fa735aa4b2cd68a6f5,2bad9a8572f5db46c0937b2836f9e8fbd0fd308e19bdf6f492c1eba79efceabf,5567,4,train,4
16548,5574,42,Metridium farcimen,/home/tahiti/MARINE_DATASETS/FathomNet_FGVC2025/data/rois/5574_16548.png,/home/tahiti/MARINE_DATASETS/FathomNet_FGVC2025/data/images/5574.png,190a5380060bc4cd0a0364117aed3d3bab63e3e5d8e3c092267225f51e03989c,bda1219c0a6f1a54ad1506c32a0c51cf942cb55ef29d8698fa13c13aedb57806,5574,2,train,2
16549,5574,42,Metridium farcimen,/home/tahiti/MARINE_DATASETS/FathomNet_FGVC2025/data/rois/5574_16549.png,/home/tahiti/MARINE_DATASETS/FathomNet_FGVC2025/data/images/5574.png,754025e12731251407c3894e32effe113e3aaf972450efaf89e4ab10f71847e1,bda1219c0a6f1a54ad1506c32a0c51cf942cb55ef29d8698fa13c13aedb57806,5574,2,train,2
16557,5578,32,Holothuroidea,/home/tahiti/MARINE_DATASETS/FathomNet_FGVC2025/data/rois/5578_16557.png,/home/tahiti/MARINE_DATASETS/FathomNet_FGVC2025/data/images/5578.png,f3e88913961a52555dbe9bf962d341d0f12f28f069f04489fa7ca56789b6248d,a27a821cd7d39195b25cbb8922c15b92e2dc847280d2162b0ae46eb56d3e2afd,5578,0,train,0
16563,5581,7,Amphipoda,/home/tahiti/MARINE_DATASETS/FathomNet_FGVC2025/data/rois/5581_16563.png,/home/tahiti/MARINE_DATASETS/FathomNet_FGVC2025/data/images/5581.png,47f7ce4d9f260daa91f8e928eb0e815534f56e902389c62044d1ec7bb636f37d,20e9bc15781612e2d97460c6d49fb2c1430b2f3ded96705fdd9150d7d9ed9243,5581,4,train,4
16580,5593,63,Ptychogastria polaris,/home/tahiti/MARINE_DATASETS/FathomNet_FGVC2025/data/rois/5593_16580.png,/home/tahiti/MARINE_DATASETS/FathomNet_FGVC2025/data/images/5593.png,f1fafe6b303a118fd3b5d88091da81de89ab13a18804b2df2af87bdf384beb9e,f5cdacda0c9be2532ab2936ff8a2a8f264ded23eea554f5183eafb38ced7bf18,5593,2,train,2
16581,5593,63,Ptychogastria polaris,/home/tahiti/MARINE_DATASETS/FathomNet_FGVC2025/data/rois/5593_16581.png,/home/tahiti/MARINE_DATASETS/FathomNet_FGVC2025/data/images/5593.png,d620849b3b741a094af4c3320ca2cda6f2e979e8820799060ee8797b22916a4d,f5cdacda0c9be2532ab2936ff8a2a8f264ded23eea554f5183eafb38ced7bf18,5593,2,train,2
16583,5593,76,Tunicata,/home/tahiti/MARINE_DATASETS/FathomNet_FGVC2025/data/rois/5593_16583.png,/home/tahiti/MARINE_DATASETS/FathomNet_FGVC2025/data/images/5593.png,f72c0c836baacd63b1a63c5039492c6eacd684ccce4659fc56b9fb9f1b4a3029,f5cdacda0c9be2532ab2936ff8a2a8f264ded23eea554f5183eafb38ced7bf18,5593,2,train,2
16599,5593,63,Ptychogastria polaris,/home/tahiti/MARINE_DATASETS/FathomNet_FGVC2025/data/rois/5593_16599.png,/home/tahiti/MARINE_DATASETS/FathomNet_FGVC2025/data/images/5593.png,862ce0ba37e8608cf080eb55a4f5179c5767e16561dd9838d980fc558654cd6f,f5cdacda0c9be2532ab2936ff8a2a8f264ded23eea554f5183eafb38ced7bf18,5593,2,train,2
16614,5593,63,Ptychogastria polaris,/home/tahiti/MARINE_DATASETS/FathomNet_FGVC2025/data/rois/5593_16614.png,/home/tahiti/MARINE_DATASETS/FathomNet_FGVC2025/data/images/5593.png,a212db62336adb64874ab0ae84a6959681d7c87baf2352f451ad6a93d783ee06,f5cdacda0c9be2532ab2936ff8a2a8f264ded23eea554f5183eafb38ced7bf18,5593,2,train,2
16634,5593,63,Ptychogastria polaris,/home/tahiti/MARINE_DATASETS/FathomNet_FGVC2025/data/rois/5593_16634.png,/home/tahiti/MARINE_DATASETS/FathomNet_FGVC2025/data/images/5593.png,cb5ed5516a0720077ba07769cda005dbca3cc602e4ca57f0d6ca09cc640d3a23,f5cdacda0c9be2532ab2936ff8a2a8f264ded23eea554f5183eafb38ced7bf18,5593,2,train,2
16659,5593,63,Ptychogastria polaris,/home/tahiti/MARINE_DATASETS/FathomNet_FGVC2025/data/rois/5593_16659.png,/home/tahiti/MARINE_DATASETS/FathomNet_FGVC2025/data/images/5593.png,25c680db9701312036cd1bb2e76a4fa234851dccac3adbda8c054cd398ba220c,f5cdacda0c9be2532ab2936ff8a2a8f264ded23eea554f5183eafb38ced7bf18,5593,2,train,2
16671,5593,63,Ptychogastria polaris,/home/tahiti/MARINE_DATASETS/FathomNet_FGVC2025/data/rois/5593_16671.png,/home/tahiti/MARINE_DATASETS/FathomNet_FGVC2025/data/images/5593.png,9b252d1058ca8ad73d052ae93e0a4c012675c42acd29995143b8dc08ff5c8195,f5cdacda0c9be2532ab2936ff8a2a8f264ded23eea554f5183eafb38ced7bf18,5593,2,train,2
16675,5593,63,Ptychogastria polaris,/home/tahiti/MARINE_DATASETS/FathomNet_FGVC2025/data/rois/5593_16675.png,/home/tahiti/MARINE_DATASETS/FathomNet_FGVC2025/data/images/5593.png,b6546a8ca03ba46c53388094cd1544e9cbe8ce523408b6d2fc8ae19c8c543f9e,f5cdacda0c9be2532ab2936ff8a2a8f264ded23eea554f5183eafb38ced7bf18,5593,2,train,2
16705,5608,57,Parastenella,/home/tahiti/MARINE_DATASETS/FathomNet_FGVC2025/data/rois/5608_16705.png,/home/tahiti/MARINE_DATASETS/FathomNet_FGVC2025/data/images/5608.png,38b7cb132b3f3de95cfb646fa5af1a66ea5e54c25e508e06b5220f4a8314f8c4,e66d8e04a90f903577c1e7e499968d2e379af1cbe4673c68abe1779118d3625f,5608,5,train,5
16712,5612,17,Chorilia longipes,/home/tahiti/MARINE_DATASETS/FathomNet_FGVC2025/data/rois/5612_16712.png,/home/tahiti/MARINE_DATASETS/FathomNet_FGVC2025/data/images/5612.png,3ee55894fd1c84cc4fd4c0ee418783d4bf90e460b397c6cab4517bb578949a44,49fd5109ff10276283a43d417aa5339229e239ee6c5ccdd80aac5e0bb0779b53,5612,5,train,5
16739,5626,40,Mediaster aequalis,/home/tahiti/MARINE_DATASETS/FathomNet_FGVC2025/data/rois/5626_16739.png,/home/tahiti/MARINE_DATASETS/FathomNet_FGVC2025/data/images/5626.png,3d447a4ca87a46ec62b8e4d37d65285455ec3dd838295aaba5a3839871769dcf,4438c8214254d304ccdc8338b1d62f98de1ef6c710ddaff4dcf4818e0a700af9,5626,2,train,2
16741,5627,27,Heterocarpus,/home/tahiti/MARINE_DATASETS/FathomNet_FGVC2025/data/rois/5627_16741.png,/home/tahiti/MARINE_DATASETS/FathomNet_FGVC2025/data/images/5627.png,6c6fef251f985fc583e27b34636935bad1dcb6c4e0eaf5b22424d1e8c004159f,fb1ff2ff5104b7b682b85a2ea0d057df7208f6af78b3e1fa287e2dc66aa57857,5627,5,train,5
16749,5631,64,Pyrosoma atlanticum,/home/tahiti/MARINE_DATASETS/FathomNet_FGVC2025/data/rois/5631_16749.png,/home/tahiti/MARINE_DATASETS/FathomNet_FGVC2025/data/images/5631.png,26285edc069d4efaab9eee64b293050f3d7c64614c7101be5b061486b21c9b06,891468f707dad2e36c7573c712170040a18005f61bca46b18f7275071a650b25,5631,4,train,4
16750,5632,38,Liponema brevicorne,/home/tahiti/MARINE_DATASETS/FathomNet_FGVC2025/data/rois/5632_16750.png,/home/tahiti/MARINE_DATASETS/FathomNet_FGVC2025/data/images/5632.png,966c489e9b4c4d71aff6f225001c064f8d78fc4826160a867a019a0b8210add6,acaf53af64aaa96773823b4ea3b0e91ab417625e8726a20e080a85c063bab3d8,5632,2,train,2
16755,5634,69,Sebastes,/home/tahiti/MARINE_DATASETS/FathomNet_FGVC2025/data/rois/5634_16755.png,/home/tahiti/MARINE_DATASETS/FathomNet_FGVC2025/data/images/5634.png,0f3272c1e4fe8e05a1b311be6fba027c96f27c7c9005e924a7bcda67ebae2d31,126b7c2dea082d9aeb2e82967e70d0bc733bb0dde7d6e1754441851dd43c9d9a,5634,2,train,2
16785,5648,59,Pennatula phosphorea,/home/tahiti/MARINE_DATASETS/FathomNet_FGVC2025/data/rois/5648_16785.png,/home/tahiti/MARINE_DATASETS/FathomNet_FGVC2025/data/images/5648.png,0403e80cae288cef78f51f77f5d863aa0033a053dafd1082793d442145ab19e7,9b0aa70a924c187aa236606b5fd9e615b0c218ee76e6adfca7a97637ec361221,5648,2,train,2
16799,5653,17,Chorilia longipes,/home/tahiti/MARINE_DATASETS/FathomNet_FGVC2025/data/rois/5653_16799.png,/home/tahiti/MARINE_DATASETS/FathomNet_FGVC2025/data/images/5653.png,ec05a4643156a8749f359c4ff81bb456afeb1a672eb26e19fb48a5089f539e14,093a4b2385f3724207ac43e827a2166b17435b29ceeddbbe0934db62d88d72b9,5653,5,train,5
16808,5657,69,Sebastes,/home/tahiti/MARINE_DATASETS/FathomNet_FGVC2025/data/rois/5657_16808.png,/home/tahiti/MARINE_DATASETS/FathomNet_FGVC2025/data/images/5657.png,99cf5d04964113eda7ba79f559b46d693ffd041eb4f7e50a41b1794b4b20ba26,fce62ee347592cbf7a7719058a1c0811b648b0537347f2cff84e3cd61a6e879e,5657,1,train,1
16818,5664,4,Actinernus,/home/tahiti/MARINE_DATASETS/FathomNet_FGVC2025/data/rois/5664_16818.png,/home/tahiti/MARINE_DATASETS/FathomNet_FGVC2025/data/images/5664.png,5c4ee58e576ce5a1c6eca8f929569c97c2fd8f9f42289e92df50f04c4a6dd64d,e1de973c128df66af083844e08eb3779fce7747f4462c28eb757596048153c83,5664,2,train,2
16822,5664,4,Actinernus,/home/tahiti/MARINE_DATASETS/FathomNet_FGVC2025/data/rois/5664_16822.png,/home/tahiti/MARINE_DATASETS/FathomNet_FGVC2025/data/images/5664.png,aa7eb63f89ccd61e0e4be9294f31e56d9fcac5c6f50828373d8f58c847b52aef,e1de973c128df66af083844e08eb3779fce7747f4462c28eb757596048153c83,5664,2,train,2
16827,5666,23,Florometra serratissima,/home/tahiti/MARINE_DATASETS/FathomNet_FGVC2025/data/rois/5666_16827.png,/home/tahiti/MARINE_DATASETS/FathomNet_FGVC2025/data/images/5666.png,c5976b68ea04d47fde98fa4f366e39d8dbfc5a0562aa24615ab725f5efc00acc,8816144abef103edd4c51abdb3f9c7c113719813a60f44221b6f0861cbc88ac6,5666,0,train,0
16833,5669,25,Gastropoda,/home/tahiti/MARINE_DATASETS/FathomNet_FGVC2025/data/rois/5669_16833.png,/home/tahiti/MARINE_DATASETS/FathomNet_FGVC2025/data/images/5669.png,297800b5a870f4da47409096707b2d6b0dbeeaeff8588fdf931bb42ab6c44f5b,5638e55e1a62c8cf264f1530b1d75ea8012ef75e9699d06dbc8593f31b143857,5669,5,train,5
16849,5678,34,Isidella tentaculum,/home/tahiti/MARINE_DATASETS/FathomNet_FGVC2025/data/rois/5678_16849.png,/home/tahiti/MARINE_DATASETS/FathomNet_FGVC2025/data/images/5678.png,f31af49d1d73793f6f08a7c7d17ef011ff43b4cfb9e8a82788163de95f0e2786,af23d19134ffe14b1a8a8f14192bc37deb9c096669a98d1653e778c81544c1a9,5678,2,train,2
16869,5683,54,Paragorgia,/home/tahiti/MARINE_DATASETS/FathomNet_FGVC2025/data/rois/5683_16869.png,/home/tahiti/MARINE_DATASETS/FathomNet_FGVC2025/data/images/5683.png,a5a6907e188278d90b2cf244ee777d6db884867b11cac01738ff3013b377e9ca,002b88d9f4f6fb12280cf592dfc65a3dac3543ffacceabcd7433f99b470cb33e,5683,1,train,1
16879,5684,77,Umbellula,/home/tahiti/MARINE_DATASETS/FathomNet_FGVC2025/data/rois/5684_16879.png,/home/tahiti/MARINE_DATASETS/FathomNet_FGVC2025/data/images/5684.png,486265b2fc998ef80c6219d5208ad848dbf3c36efeeb1377f814af59cf72a387,0acbd0e730ac143e14b3c9fbde62bf23d25e5030079a67288aa1ee9e87b25e88,5684,5,train,5
16887,5685,38,Liponema brevicorne,/home/tahiti/MARINE_DATASETS/FathomNet_FGVC2025/data/rois/5685_16887.png,/home/tahiti/MARINE_DATASETS/FathomNet_FGVC2025/data/images/5685.png,41d69f66455a7d93b2328d79c75a4a4f721ce90c5967458059621bc933b3e8eb,f3a455504e097bf02e39c066c014ff6583aa2d3aa20cb4df95011c6a35d2b70d,5685,0,train,0
16892,5686,38,Liponema brevicorne,/home/tahiti/MARINE_DATASETS/FathomNet_FGVC2025/data/rois/5686_16892.png,/home/tahiti/MARINE_DATASETS/FathomNet_FGVC2025/data/images/5686.png,a207f84d56dc425606db4c584591d475571e931f6f1703ab11c136a4554ed0dc,da44bf52dfd8f23bdebf151c1eaadcc7805f8a721866da4386014431cdf0d95a,5686,1,train,1
16899,5689,76,Tunicata,/home/tahiti/MARINE_DATASETS/FathomNet_FGVC2025/data/rois/5689_16899.png,/home/tahiti/MARINE_DATASETS/FathomNet_FGVC2025/data/images/5689.png,efbc3612bdee38ba27cc9061864f4db7dd462744a8b99876b0a93913c7a65ae3,368e2d8434129afdf399b515db9ed1fdfe92ae669da704d2742507c9740ecd4d,5689,4,train,4
16948,5713,39,Lithodidae,/home/tahiti/MARINE_DATASETS/FathomNet_FGVC2025/data/rois/5713_16948.png,/home/tahiti/MARINE_DATASETS/FathomNet_FGVC2025/data/images/5713.png,941df85e79d97020d43326a3b5c9457343217f2c97f127adef9990d3b8b59e2b,38d634174e7dd12bb8e0b2b5c0368d0e9d168015772cfc41026209ec446861ec,5713,0,train,0
16961,5720,54,Paragorgia,/home/tahiti/MARINE_DATASETS/FathomNet_FGVC2025/data/rois/5720_16961.png,/home/tahiti/MARINE_DATASETS/FathomNet_FGVC2025/data/images/5720.png,1138a6576bc5f537fd82e5a7e17e6b77fc95bd209eb678206c0232c626e24f82,ca19db2a38041ddc44056db709df603906f288ed5811a0288e5731b0a5535b5d,5720,1,train,1
16971,5724,40,Mediaster aequalis,/home/tahiti/MARINE_DATASETS/FathomNet_FGVC2025/data/rois/5724_16971.png,/home/tahiti/MARINE_DATASETS/FathomNet_FGVC2025/data/images/5724.png,f8b3c477710fd3e2a14c5b06fc750a0e15738b466ab70d5ad5f64bfc59653b24,e021bb8c0931da43c8a41e699d20d2b75bd75c506a62a56d85ebcc49267b1c65,5724,1,train,1
17002,5746,32,Holothuroidea,/home/tahiti/MARINE_DATASETS/FathomNet_FGVC2025/data/rois/5746_17002.png,/home/tahiti/MARINE_DATASETS/FathomNet_FGVC2025/data/images/5746.png,f61e36151eae866b523b2bc0c32d8faeb3bc66d5fe92028a5bd66281ece08ec0,d56c5fc2c40fa335cd36d466acced64ca627ec8f1b2518fec7885781b1835d68,5746,4,train,4
17024,5759,32,Holothuroidea,/home/tahiti/MARINE_DATASETS/FathomNet_FGVC2025/data/rois/5759_17024.png,/home/tahiti/MARINE_DATASETS/FathomNet_FGVC2025/data/images/5759.png,b84c4f25c8133b1d01f23ffb9c61eb378740fbad9b17f06e149ad07ab358ca2d,ab9926881b51fd3dde123ab5962e1b4a1c18dbb6b5f0f39d2062c07eb84e2404,5759,0,train,0
17048,5770,56,Paralomis multispina,/home/tahiti/MARINE_DATASETS/FathomNet_FGVC2025/data/rois/5770_17048.png,/home/tahiti/MARINE_DATASETS/FathomNet_FGVC2025/data/images/5770.png,27c4609aad866495d0d0ed01de8f05c09d917433611ecbad7fe7f5718b084c32,716495bbf5244fa55c96040daec7f15638999b1a75320824b77a71d365e163df,5770,2,train,2
17049,5771,32,Holothuroidea,/home/tahiti/MARINE_DATASETS/FathomNet_FGVC2025/data/rois/5771_17049.png,/home/tahiti/MARINE_DATASETS/FathomNet_FGVC2025/data/images/5771.png,1f2adf9d2494f765aec860c75f3d579107af0fd832c8dd504ef1b3045715415f,3815e0e8ffd24512dade216f11886adbe5516ade92fe0eea08f31d1f9b273540,5771,1,train,1
17054,5773,6,Actinopterygii,/home/tahiti/MARINE_DATASETS/FathomNet_FGVC2025/data/rois/5773_17054.png,/home/tahiti/MARINE_DATASETS/FathomNet_FGVC2025/data/images/5773.png,8de88c503b57d6a99316e7ecf35d443dff3c77c9b8e56b023a1c5581325f62ca,68e7846cfcc9bf2a18bf942965fabf1471c59c68d8a9f0cfa7ad00c99afc562a,5773,2,train,2
17055,5774,38,Liponema brevicorne,/home/tahiti/MARINE_DATASETS/FathomNet_FGVC2025/data/rois/5774_17055.png,/home/tahiti/MARINE_DATASETS/FathomNet_FGVC2025/data/images/5774.png,833e25d44d0227956228fbf5ed8eb92a227f6cbf36ca5b73ee73a679b0620637,facc2b2acf670a527f1433e12b956652b6b3d39b1333b87196e1ebdb8040be15,5774,4,train,4
17077,5790,39,Lithodidae,/home/tahiti/MARINE_DATASETS/FathomNet_FGVC2025/data/rois/5790_17077.png,/home/tahiti/MARINE_DATASETS/FathomNet_FGVC2025/data/images/5790.png,dfc78c0f896e37cdb6a7596d7cba64921a586792f4061baf2eecdbedc44ab2c2,7536ead17a3c845b138ab9a94b3fc1b3518ae48c611e9662973639f4b07a5160,5790,0,train,0
17090,5801,52,Pandalus platyceros,/home/tahiti/MARINE_DATASETS/FathomNet_FGVC2025/data/rois/5801_17090.png,/home/tahiti/MARINE_DATASETS/FathomNet_FGVC2025/data/images/5801.png,2a8668a98d1ffe0f12e3162b01b74e3cf1338ecfefac77d693ba6d3a3c9fa396,198217516cb90c1c33446fdd5936b443e6899513b84ce01962f33d6b4d477de3,5801,1,train,1
17104,5803,25,Gastropoda,/home/tahiti/MARINE_DATASETS/FathomNet_FGVC2025/data/rois/5803_17104.png,/home/tahiti/MARINE_DATASETS/FathomNet_FGVC2025/data/images/5803.png,f141e4277bc7407404d1c25bb16b66c09273b94d4f199c9aa15baca2e9bab5c8,859159ded313cd288cc0317e5120fe4704688b8718394be43e38e8f948289443,5803,4,train,4
17132,5811,33,Hormathiidae,/home/tahiti/MARINE_DATASETS/FathomNet_FGVC2025/data/rois/5811_17132.png,/home/tahiti/MARINE_DATASETS/FathomNet_FGVC2025/data/images/5811.png,d185a35b8310eec9995a81fc88f2322a25866a7f536b075a82a4706b70a0734e,494aa6c6758b14e4f1f04a778af3f8cfc1632c89ba6a8980575cc76efc9dd11c,5811,0,train,0
17145,5821,12,Benthocodon pedunculata,/home/tahiti/MARINE_DATASETS/FathomNet_FGVC2025/data/rois/5821_17145.png,/home/tahiti/MARINE_DATASETS/FathomNet_FGVC2025/data/images/5821.png,b367e0b37eaf9a07c6da6e956720898793ed64302d56fd10a0b0f5a202d910e8,26a179df9049f00e4dbed76e9d5c058574ca19d798f30e35d6ee197e978ede4e,5821,4,train,4
17187,5833,2,Acanthascinae,/home/tahiti/MARINE_DATASETS/FathomNet_FGVC2025/data/rois/5833_17187.png,/home/tahiti/MARINE_DATASETS/FathomNet_FGVC2025/data/images/5833.png,06990c62b3b6e10d729f5370defaf3758a01dd98719ea3fe2b75e47d636c53b7,ff13bbf13d80ea28fabcf31f27eb3f27cf9a3bb23704dc0c398add24ef3015db,5833,2,train,2
17216,5855,54,Paragorgia,/home/tahiti/MARINE_DATASETS/FathomNet_FGVC2025/data/rois/5855_17216.png,/home/tahiti/MARINE_DATASETS/FathomNet_FGVC2025/data/images/5855.png,23d71a9238fc95562c64c396ec29402997e9cb027551adb93243cdb138e77e7b,3af569bc9d6c17d7c4c9391c04acd60108e80591cb6727ee7ff7e95983c6a7ef,5855,4,train,4
17264,5875,57,Parastenella,/home/tahiti/MARINE_DATASETS/FathomNet_FGVC2025/data/rois/5875_17264.png,/home/tahiti/MARINE_DATASETS/FathomNet_FGVC2025/data/images/5875.png,07577f57e83d555b077e3389c9f3c814bb2d8dac577cd8a9652acc2e66f0d1c8,c2f619afa4fb8cfdfdac150f87e6b67a2d5060748ca55bdab66f0098cb3f5cd3,5875,1,train,1
17311,5882,69,Sebastes,/home/tahiti/MARINE_DATASETS/FathomNet_FGVC2025/data/rois/5882_17311.png,/home/tahiti/MARINE_DATASETS/FathomNet_FGVC2025/data/images/5882.png,d46ea9b67f237ddc7922797f77f349ee24616d2c33fcfa5b752c12fb995f1fda,134ce97c90442c586b728826cf6b23c9cc8b8c1f530863914e5381513d9dc5f2,5882,1,train,1
17321,5882,18,Corallimorphus pilatus,/home/tahiti/MARINE_DATASETS/FathomNet_FGVC2025/data/rois/5882_17321.png,/home/tahiti/MARINE_DATASETS/FathomNet_FGVC2025/data/images/5882.png,8420f36e9f41e4bc16494614858254edd52e2841e926fa5c4fc9b3494db75c46,134ce97c90442c586b728826cf6b23c9cc8b8c1f530863914e5381513d9dc5f2,5882,1,train,1
17335,5886,69,Sebastes,/home/tahiti/MARINE_DATASETS/FathomNet_FGVC2025/data/rois/5886_17335.png,/home/tahiti/MARINE_DATASETS/FathomNet_FGVC2025/data/images/5886.png,741a7595df0cd5f219c92e000d94c73225e891807b6b439f4e013f3765cafa1e,c0d521a2c17805b731bb707415422b0509766f8413482eb20df225e6f1e0cc51,5886,0,train,0
17339,5889,9,Asbestopluma,/home/tahiti/MARINE_DATASETS/FathomNet_FGVC2025/data/rois/5889_17339.png,/home/tahiti/MARINE_DATASETS/FathomNet_FGVC2025/data/images/5889.png,c4961eab38388ac14d0c8bba89ec5eb27e4f6377cea4b6c6293654c8dd398dde,17eca82e63eb23b637ffd721d22d84bf77549ced51a04cfa56bb1d7b2f4a502e,5889,5,train,5
17378,5905,51,Pandalus amplus,/home/tahiti/MARINE_DATASETS/FathomNet_FGVC2025/data/rois/5905_17378.png,/home/tahiti/MARINE_DATASETS/FathomNet_FGVC2025/data/images/5905.png,3ef50cedb66f02593f7932dd949307d73b5850f9968f437d66f60c6b2699d9e6,6d40c6cccab7f1c92a5b5af7e322c1ef48779adb881ac7c1f82913b649b55f9d,5905,4,train,4
17383,5908,17,Chorilia longipes,/home/tahiti/MARINE_DATASETS/FathomNet_FGVC2025/data/rois/5908_17383.png,/home/tahiti/MARINE_DATASETS/FathomNet_FGVC2025/data/images/5908.png,acd1818c3f4a7da178b3c42ba4c586faa8e1ae3d81a36f8b79efd70e670b3ea5,c3c6f68f21f618a0d29d185ad55b67ac2e5d04bb9d9a0d7ab8b17ffb675f3881,5908,4,train,4
17393,5915,10,Asbestopluma monticola,/home/tahiti/MARINE_DATASETS/FathomNet_FGVC2025/data/rois/5915_17393.png,/home/tahiti/MARINE_DATASETS/FathomNet_FGVC2025/data/images/5915.png,10ad9e226aa6e31871bd1a6924c20c2e0e533c14eb94c90c662f08a9b0afb5cc,420cecf6fbd27f7ca83f1f427cd4713f6c0bde5e0954677922541ce6275462dd,5915,0,train,0
17396,5917,17,Chorilia longipes,/home/tahiti/MARINE_DATASETS/FathomNet_FGVC2025/data/rois/5917_17396.png,/home/tahiti/MARINE_DATASETS/FathomNet_FGVC2025/data/images/5917.png,4127389a762d9e0bff9e146f17b28556650583ff63ee6ccb43397b276970bb2f,e0003a709f268a089cff70338bf4bb967681f55192ec9d0bdd160bc871183930,5917,2,train,2
17399,5918,25,Gastropoda,/home/tahiti/MARINE_DATASETS/FathomNet_FGVC2025/data/rois/5918_17399.png,/home/tahiti/MARINE_DATASETS/FathomNet_FGVC2025/data/images/5918.png,bc88fe808faf47303e781b6783a856627659935448f45a85e6b32b1583e3bf4b,4953ba15e9c32a9c1b8d487cf014e3f12f26ba952049b2b22c6afa517cf7938f,5918,1,train,1
17400,5918,43,Microstomus pacificus,/home/tahiti/MARINE_DATASETS/FathomNet_FGVC2025/data/rois/5918_17400.png,/home/tahiti/MARINE_DATASETS/FathomNet_FGVC2025/data/images/5918.png,07587973f007095214f13e40b9deea58ea4e404b5b6cc39e795efa53da78c224,4953ba15e9c32a9c1b8d487cf014e3f12f26ba952049b2b22c6afa517cf7938f,5918,1,train,1
17415,5926,46,Mycale,/home/tahiti/MARINE_DATASETS/FathomNet_FGVC2025/data/rois/5926_17415.png,/home/tahiti/MARINE_DATASETS/FathomNet_FGVC2025/data/images/5926.png,19d8e7f5e1b5ba039dbaa8dbca7355b91cacd63697b5f174a473aa0a54b8c739,5092aa12e1693f37140c03b18b37f3815d6920e29e728044fd06c6813c64570f,5926,1,train,1
17449,5949,56,Paralomis multispina,/home/tahiti/MARINE_DATASETS/FathomNet_FGVC2025/data/rois/5949_17449.png,/home/tahiti/MARINE_DATASETS/FathomNet_FGVC2025/data/images/5949.png,6be5650e3c3518673f016a87c140a812599a24c315d990ce832ef284b29b3177,0bfe164b44021a7faefec4941d0d4cf1e2b2fd1a7dc9f066eb43ffd63b398309,5949,5,train,5
17501,5979,54,Paragorgia,/home/tahiti/MARINE_DATASETS/FathomNet_FGVC2025/data/rois/5979_17501.png,/home/tahiti/MARINE_DATASETS/FathomNet_FGVC2025/data/images/5979.png,4009109fb2872cc78f0012ce5b7fdae09b0c1f055035e71575b1b53b7ff5189e,bf3d270e6d179cba9e94e2004e36a6351527410921a89b5b5cd4fcafe1c3a161,5979,4,train,4
17504,5980,14,Caridea,/home/tahiti/MARINE_DATASETS/FathomNet_FGVC2025/data/rois/5980_17504.png,/home/tahiti/MARINE_DATASETS/FathomNet_FGVC2025/data/images/5980.png,33ce2b29084276521e6888fed778718c5aabb144baf5d8ebb71717f5945c83b1,3ba9c5628ca6b32f863a68d7e792daeecfb48252c09bf6d3958692298d1d56e1,5980,1,train,1
17509,5982,31,Hippasteria,/home/tahiti/MARINE_DATASETS/FathomNet_FGVC2025/data/rois/5982_17509.png,/home/tahiti/MARINE_DATASETS/FathomNet_FGVC2025/data/images/5982.png,d47139ab5f349986aac42af2453d166c13d85830be325abb8cad6cf581ddb935,8e5f22e4da1936a65986bc1bf60750af49da4ea0f76c4daeca6d1189c8713d85,5982,5,train,5
17524,5989,2,Acanthascinae,/home/tahiti/MARINE_DATASETS/FathomNet_FGVC2025/data/rois/5989_17524.png,/home/tahiti/MARINE_DATASETS/FathomNet_FGVC2025/data/images/5989.png,53914a034b9d3a54ab1ec83ae2254f87bd40d017267ac9f71799e77792032be6,21e788eaa8fe6e80ecbd8001bb30b406beb0efa252b74d45471a8d3fa6ae8427,5989,4,train,4
17533,5994,39,Lithodidae,/home/tahiti/MARINE_DATASETS/FathomNet_FGVC2025/data/rois/5994_17533.png,/home/tahiti/MARINE_DATASETS/FathomNet_FGVC2025/data/images/5994.png,17de36a1930ffd0bfc82364a2473795be40f7707ebc0a93fcd1ad2403a2e840b,a8aa9fc2010be7bd52c67a617588d9db2783c2e9a698cda21553f5baf083c71a,5994,0,train,0
17574,6018,32,Holothuroidea,/home/tahiti/MARINE_DATASETS/FathomNet_FGVC2025/data/rois/6018_17574.png,/home/tahiti/MARINE_DATASETS/FathomNet_FGVC2025/data/images/6018.png,993c45b598108c052fcb9d38f4f59500e17de542b4a0af4e7845e8349ae344f5,3cd1c69ca2318383c4e2f282ed7efea935f10bb9cda2b5c018cada319f89e4ae,6018,2,train,2
17577,6020,4,Actinernus,/home/tahiti/MARINE_DATASETS/FathomNet_FGVC2025/data/rois/6020_17577.png,/home/tahiti/MARINE_DATASETS/FathomNet_FGVC2025/data/images/6020.png,b2e62732e4b08896e36d9eaeec2a5eba6ccfa25a341594733ec22ea1885c781c,27dedff2b3e0f4bb1468ea4e44665742016beeeabfd0b32b037c0cd0126b332f,6020,1,train,1
17591,6026,4,Actinernus,/home/tahiti/MARINE_DATASETS/FathomNet_FGVC2025/data/rois/6026_17591.png,/home/tahiti/MARINE_DATASETS/FathomNet_FGVC2025/data/images/6026.png,74c3c03b3b6b1fc007a26e69afb92ff468f29e7128504b8e68b1f00bab3aab4e,1389ce29fa41db22663d871acc7b1fa01d6ddf289df15b0138664d270d5df07b,6026,2,train,2
17594,6026,4,Actinernus,/home/tahiti/MARINE_DATASETS/FathomNet_FGVC2025/data/rois/6026_17594.png,/home/tahiti/MARINE_DATASETS/FathomNet_FGVC2025/data/images/6026.png,411453db5c75e926d880b788da133ecb80d8382a202f723173443925d649bd60,1389ce29fa41db22663d871acc7b1fa01d6ddf289df15b0138664d270d5df07b,6026,2,train,2
17596,6027,8,Apostichopus leukothele,/home/tahiti/MARINE_DATASETS/FathomNet_FGVC2025/data/rois/6027_17596.png,/home/tahiti/MARINE_DATASETS/FathomNet_FGVC2025/data/images/6027.png,ebf225ddfe5e49ce09f735da458298c0c464a937278ec3f60d546e3d386b35ce,c7f3e4812f8c9bd7d2f515189c406d37e4532af4546bf3aaba3671dfc041949a,6027,1,train,1
17605,6033,31,Hippasteria,/home/tahiti/MARINE_DATASETS/FathomNet_FGVC2025/data/rois/6033_17605.png,/home/tahiti/MARINE_DATASETS/FathomNet_FGVC2025/data/images/6033.png,6bbfefde5f7bd96430e310c8f71ef23e04571eea1c2932b798ef8d1fb174aa11,3fd179894f173954cfac1f117afae46bdb1638973ac9390dada69e95a51db47e,6033,5,train,5
17639,6055,40,Mediaster aequalis,/home/tahiti/MARINE_DATASETS/FathomNet_FGVC2025/data/rois/6055_17639.png,/home/tahiti/MARINE_DATASETS/FathomNet_FGVC2025/data/images/6055.png,721a1ae9aab7faaeab142d8cb5fefe7d10c2f2818714e0aa4099b253db807b35,38366a797b0b688165d09069a812ec8cdac307be7ac740331e2db3425d530988,6055,1,train,1
17662,6065,6,Actinopterygii,/home/tahiti/MARINE_DATASETS/FathomNet_FGVC2025/data/rois/6065_17662.png,/home/tahiti/MARINE_DATASETS/FathomNet_FGVC2025/data/images/6065.png,7992ca3da27944302c3a07fb0084d0cab14e8054e15c8d8c180a4d3823c942f3,a30d3b34f2ba0f44df0f7fb57ec0b6d813f3d8891f35ee2bdb8262ad006594de,6065,0,train,0
17684,6072,50,Paelopatides confundens,/home/tahiti/MARINE_DATASETS/FathomNet_FGVC2025/data/rois/6072_17684.png,/home/tahiti/MARINE_DATASETS/FathomNet_FGVC2025/data/images/6072.png,b5247af5c12981180c1b6034b2ef135564e5ff90511d4159ee51bf49cb568402,2f2eb620fc6cc09a92ae83c50d1aa1464bf8e9fc9f630932b09dadb82c971726,6072,1,train,1
17685,6073,20,Delectopecten,/home/tahiti/MARINE_DATASETS/FathomNet_FGVC2025/data/rois/6073_17685.png,/home/tahiti/MARINE_DATASETS/FathomNet_FGVC2025/data/images/6073.png,ecaa72321184f7a8372f425d9d9d1a7abdb5694833341b140f219233349b8dc4,3c50019a5ac0281ca910ab3da01691e7d8aa35f60ebed1df76b26fd70da2c6f8,6073,4,train,4
17689,6074,46,Mycale,/home/tahiti/MARINE_DATASETS/FathomNet_FGVC2025/data/rois/6074_17689.png,/home/tahiti/MARINE_DATASETS/FathomNet_FGVC2025/data/images/6074.png,fee14331b5c9dece1520e69b603520090f18ad54ee243a2ce65c4c144efba321,cf2643a7663355d0ab356fc7217e17031994c319bbe0b48800c5ea4102141c2e,6074,5,train,5
17741,6096,2,Acanthascinae,/home/tahiti/MARINE_DATASETS/FathomNet_FGVC2025/data/rois/6096_17741.png,/home/tahiti/MARINE_DATASETS/FathomNet_FGVC2025/data/images/6096.png,e543fa13cfc591610fc292daaa8484adb9d0c3a25d7bdf22724ac34ea258f90d,5a01c21bb48f8d16da34c69ccc5d814cf66d2d57c4cdac213d40a1a10895d2aa,6096,4,train,4
17761,6106,9,Asbestopluma,/home/tahiti/MARINE_DATASETS/FathomNet_FGVC2025/data/rois/6106_17761.png,/home/tahiti/MARINE_DATASETS/FathomNet_FGVC2025/data/images/6106.png,b862851b1754abb19a3c08298a534c7a464802253439f5fc50014f4012ad56ee,f05f1936b68cd4128a65ba6dcbd05881416909f7cc0a5153119e2aa281371ae4,6106,4,train,4
17768,6108,10,Asbestopluma monticola,/home/tahiti/MARINE_DATASETS/FathomNet_FGVC2025/data/rois/6108_17768.png,/home/tahiti/MARINE_DATASETS/FathomNet_FGVC2025/data/images/6108.png,aa431feb512c5610084c8970e13cd1e997d355be80ff34c7cd14c44101f61185,b1d829bdf0652f86df5e6a57692f6fe4b7702461351693f9850e092c80fab6d6,6108,1,train,1
17779,6110,4,Actinernus,/home/tahiti/MARINE_DATASETS/FathomNet_FGVC2025/data/rois/6110_17779.png,/home/tahiti/MARINE_DATASETS/FathomNet_FGVC2025/data/images/6110.png,8c6e34c1e4c44aa52b0295803cbcec82300f668821f4aa74b0be8fc240242838,6f1c0180e3b6f312262b15710af18539dae72cfb97d9462a191e645a6ef6a75f,6110,2,train,2
17789,6112,75,Terebellidae,/home/tahiti/MARINE_DATASETS/FathomNet_FGVC2025/data/rois/6112_17789.png,/home/tahiti/MARINE_DATASETS/FathomNet_FGVC2025/data/images/6112.png,35f7aed4b58ab4a0aeea040567fde3dc743bc80cb716a135379ddf72a963492a,5a5bb3de092d332e8a5226a1919f0ad100c493af6ff84931f985a86b0bccade7,6112,4,train,4
17809,6118,48,Ophiacanthidae,/home/tahiti/MARINE_DATASETS/FathomNet_FGVC2025/data/rois/6118_17809.png,/home/tahiti/MARINE_DATASETS/FathomNet_FGVC2025/data/images/6118.png,64f9b909fdf7b3e5960883c30e45b23143bd29f84958e99c70af925956340fc4,7a98e7a6209330f52e3cac7c72514da774715208c8ed75255e04bd9bcf936956,6118,2,train,2
17830,6125,48,Ophiacanthidae,/home/tahiti/MARINE_DATASETS/FathomNet_FGVC2025/data/rois/6125_17830.png,/home/tahiti/MARINE_DATASETS/FathomNet_FGVC2025/data/images/6125.png,501cd93bcf294d4ebc1dd6db6ff9e73f7b247a8827d830cb3728995c16beae5b,daf20b40054dfbe33337ebc44408e499fc0e4ff475494f777f0191e1d1261e79,6125,0,train,0
17832,6126,51,Pandalus amplus,/home/tahiti/MARINE_DATASETS/FathomNet_FGVC2025/data/rois/6126_17832.png,/home/tahiti/MARINE_DATASETS/FathomNet_FGVC2025/data/images/6126.png,d17178ff0ac7fd34a2cdabad48ebb480ced6c90649b77bec87862ddc5e275c5d,a566db1cbdf4b76158484a123c634d467c7e2931a0bf1d3a16dc69ac8a6de76b,6126,4,train,4
17900,6151,78,Vesicomyidae,/home/tahiti/MARINE_DATASETS/FathomNet_FGVC2025/data/rois/6151_17900.png,/home/tahiti/MARINE_DATASETS/FathomNet_FGVC2025/data/images/6151.png,1d23d99c922c738e8a97aa7b51aa8c808b89116a0c78d6a6d246139b32ebd2c9,b18d831e8f3728866a3ee836c3c13ac868722b7e4b58137487bb4b6a23b370ed,6151,1,train,1
17910,6151,78,Vesicomyidae,/home/tahiti/MARINE_DATASETS/FathomNet_FGVC2025/data/rois/6151_17910.png,/home/tahiti/MARINE_DATASETS/FathomNet_FGVC2025/data/images/6151.png,d2193f5f8da7a2986db47e485cc17e7676e711bd91ead364c7c774f29559814c,b18d831e8f3728866a3ee836c3c13ac868722b7e4b58137487bb4b6a23b370ed,6151,1,train,1
17947,6170,40,Mediaster aequalis,/home/tahiti/MARINE_DATASETS/FathomNet_FGVC2025/data/rois/6170_17947.png,/home/tahiti/MARINE_DATASETS/FathomNet_FGVC2025/data/images/6170.png,01d2d63947a8092e588d6e433a7e0924fa52e9752aa42be09511cfe07824d43e,4a385bd93d9f7f9cfe3e5f7d494948bbe78c4e0afe96f1e32d88b90b8e2b8610,6170,4,train,4
17976,6183,23,Florometra serratissima,/home/tahiti/MARINE_DATASETS/FathomNet_FGVC2025/data/rois/6183_17976.png,/home/tahiti/MARINE_DATASETS/FathomNet_FGVC2025/data/images/6183.png,6439280aefb05d01b27b116d2947dc2fbbe517ca66d3b02076ea61fadcbc5c13,5bcd8150b5230ba5c4bd61eb33882b3b2762b896ca40fb300c83fc8fe87495a9,6183,2,train,2
17984,6183,23,Florometra serratissima,/home/tahiti/MARINE_DATASETS/FathomNet_FGVC2025/data/rois/6183_17984.png,/home/tahiti/MARINE_DATASETS/FathomNet_FGVC2025/data/images/6183.png,3819d8792e5b2407174902694466c3a8485d5ce7beffc03a2901297d587f449d,5bcd8150b5230ba5c4bd61eb33882b3b2762b896ca40fb300c83fc8fe87495a9,6183,2,train,2
17993,6184,64,Pyrosoma atlanticum,/home/tahiti/MARINE_DATASETS/FathomNet_FGVC2025/data/rois/6184_17993.png,/home/tahiti/MARINE_DATASETS/FathomNet_FGVC2025/data/images/6184.png,a35f996e1cc0154233438211f72077b8fd20be4023fca3e06a648f16cf017b96,c575804a790e928b5f5b608074706b3f6e8a1c948dea255852c8975491ebf654,6184,5,train,5
17996,6186,13,Brisingida,/home/tahiti/MARINE_DATASETS/FathomNet_FGVC2025/data/rois/6186_17996.png,/home/tahiti/MARINE_DATASETS/FathomNet_FGVC2025/data/images/6186.png,71d043d177dfa000544ab852ef5e40631ae68b976a29428c3b252ff501234734,5efaf1e99e5e151fbe68e7905ad6cdbc89efb7f7476bbbc62057a607fce468bd,6186,0,train,0
18007,6194,23,Florometra serratissima,/home/tahiti/MARINE_DATASETS/FathomNet_FGVC2025/data/rois/6194_18007.png,/home/tahiti/MARINE_DATASETS/FathomNet_FGVC2025/data/images/6194.png,83e6bf6c87f22b5e1b5772252bbfac18d0e19c67d980e69e660b061d87111e90,e73f244fff806d82a6bbc59a0cc796caa94b22bb261981c11edb8bd7ceb8199f,6194,5,train,5
18012,6197,51,Pandalus amplus,/home/tahiti/MARINE_DATASETS/FathomNet_FGVC2025/data/rois/6197_18012.png,/home/tahiti/MARINE_DATASETS/FathomNet_FGVC2025/data/images/6197.png,9fc32e150b11f952edfc522f296f3330bf500dc9966e741ab50a1e3d0b5da462,eba57f2101d881dac6f7e51907b9839c1e6ca82d3598110a5a74b0d4edafd8c5,6197,2,train,2
18024,6203,17,Chorilia longipes,/home/tahiti/MARINE_DATASETS/FathomNet_FGVC2025/data/rois/6203_18024.png,/home/tahiti/MARINE_DATASETS/FathomNet_FGVC2025/data/images/6203.png,f6f71ce07556befeed09ff5637cfbfdc53c0559f73f43f984b539fdcf215f848,a4a67098f703db2125d0ea83a917fdc380d6ea9f18a10c38c89e558fe13a9c02,6203,4,train,4
18091,6228,7,Amphipoda,/home/tahiti/MARINE_DATASETS/FathomNet_FGVC2025/data/rois/6228_18091.png,/home/tahiti/MARINE_DATASETS/FathomNet_FGVC2025/data/images/6228.png,3e43bd78feb474769ced5fccc0f3d1e542a75e1e9f9ca074ba0ea3aac8be9683,ef5f6a7df4dbbbc0f12b45ec225e3aee111bdf98016f9bdf0486a7d99e3ddcfe,6228,0,train,0
18115,6232,20,Delectopecten,/home/tahiti/MARINE_DATASETS/FathomNet_FGVC2025/data/rois/6232_18115.png,/home/tahiti/MARINE_DATASETS/FathomNet_FGVC2025/data/images/6232.png,244403842bc4b7e8b2f3b715256d497c2a318bee93ab2604a509668356bfe6c7,0b9fa2e669fc414f422181f388a73f0b0de18afb502be99b92bcf53e2f502891,6232,2,train,2
18119,6232,20,Delectopecten,/home/tahiti/MARINE_DATASETS/FathomNet_FGVC2025/data/rois/6232_18119.png,/home/tahiti/MARINE_DATASETS/FathomNet_FGVC2025/data/images/6232.png,24f4856a95a23df0957b881757fa0017145ab1019effb9fe9b06363de6e3b79c,0b9fa2e669fc414f422181f388a73f0b0de18afb502be99b92bcf53e2f502891,6232,2,train,2
18138,6236,33,Hormathiidae,/home/tahiti/MARINE_DATASETS/FathomNet_FGVC2025/data/rois/6236_18138.png,/home/tahiti/MARINE_DATASETS/FathomNet_FGVC2025/data/images/6236.png,d6022ba3d6e07d78cc3e0187dbb18e3758794ba27ae882faaa15b44839505684,9ee8099773a6eef6fe32e91431a8cc136270bbcdcf371c67f63dbd7d52633f1e,6236,1,train,1
18160,6249,52,Pandalus platyceros,/home/tahiti/MARINE_DATASETS/FathomNet_FGVC2025/data/rois/6249_18160.png,/home/tahiti/MARINE_DATASETS/FathomNet_FGVC2025/data/images/6249.png,18eea22432bb02bf2dd7098a079adf8787c665a13fb1f36f2532aebe42af6ffa,c82dcd0626a4a130510125201279947cb271f505fe9a41397178d3221c743905,6249,5,train,5
18168,6254,43,Microstomus pacificus,/home/tahiti/MARINE_DATASETS/FathomNet_FGVC2025/data/rois/6254_18168.png,/home/tahiti/MARINE_DATASETS/FathomNet_FGVC2025/data/images/6254.png,dcda78a4aafeb97effa5b39ac7da10304aa94004717866fffe3603e94c2f0295,1b1d4c24054311582b1f65656313341e945b95d2403a9b4ee7a31f6a0203f9be,6254,4,train,4
18211,6279,46,Mycale,/home/tahiti/MARINE_DATASETS/FathomNet_FGVC2025/data/rois/6279_18211.png,/home/tahiti/MARINE_DATASETS/FathomNet_FGVC2025/data/images/6279.png,ffc1506e13dcf00fedbbb71eb3c0d4f53b1d31751ab4d3e325db36050a2edfa6,91bef5eab00dc237756675e51819ee50e78e236c514ce9c2c0f30eb1b1876ff3,6279,2,train,2
18226,6290,43,Microstomus pacificus,/home/tahiti/MARINE_DATASETS/FathomNet_FGVC2025/data/rois/6290_18226.png,/home/tahiti/MARINE_DATASETS/FathomNet_FGVC2025/data/images/6290.png,4797bd97d7f66deb0be27a64cc4b6083466d3ef7660f1a4575e7394da02f8196,26d4e2a97fba7b83364937493041bfc2c90cc079d1c342977e33302bc4bb3538,6290,1,train,1
18275,6302,26,Gersemia juliepackardae,/home/tahiti/MARINE_DATASETS/FathomNet_FGVC2025/data/rois/6302_18275.png,/home/tahiti/MARINE_DATASETS/FathomNet_FGVC2025/data/images/6302.png,13c7e7bf8bba0d5addac4ab348e73fa3ffe889e95291e487d70857e4f86a65d0,15ff88b171e61a731808e81151a3b01abe50a2568ea807a53122640137a4f09d,6302,2,train,2
18276,6303,64,Pyrosoma atlanticum,/home/tahiti/MARINE_DATASETS/FathomNet_FGVC2025/data/rois/6303_18276.png,/home/tahiti/MARINE_DATASETS/FathomNet_FGVC2025/data/images/6303.png,6da3f7f8b969551f6cd638b3e55edca2f7d627e5033ffce52e26947297e00358,1c136e0ba084ec58f9605c08c0b9c905ac3b007839d8bb3ac79ee9f25146a6e3,6303,4,train,4
18291,6309,32,Holothuroidea,/home/tahiti/MARINE_DATASETS/FathomNet_FGVC2025/data/rois/6309_18291.png,/home/tahiti/MARINE_DATASETS/FathomNet_FGVC2025/data/images/6309.png,f8525a521e710ade0293068905714a299b6df55b0b6dd751b41ccaefce5fc2fd,dcdec7ef02c96cdd1969071a0f7e7de9ca2f67a422722ef230ff5cef3a180f27,6309,5,train,5
18332,6331,33,Hormathiidae,/home/tahiti/MARINE_DATASETS/FathomNet_FGVC2025/data/rois/6331_18332.png,/home/tahiti/MARINE_DATASETS/FathomNet_FGVC2025/data/images/6331.png,2c1dba87b1106be1e4e6b4ffc6699d920bed38005dd790b938fd6a50b3bb4f42,b7436ebbf2eae7026d8c3b4c379dd7d8831a13646e58e07bf659ad2acbb1ee0f,6331,2,train,2
18339,6337,7,Amphipoda,/home/tahiti/MARINE_DATASETS/FathomNet_FGVC2025/data/rois/6337_18339.png,/home/tahiti/MARINE_DATASETS/FathomNet_FGVC2025/data/images/6337.png,ffa527bd6ca3be4e5db2896c9556a52a5774ccec8880cd36b54c776dbb51df73,1996d67cbc02f23c9f7b208f9da04deacdab6151979eeb4f49705ccc660d8642,6337,2,train,2
18368,6353,12,Benthocodon pedunculata,/home/tahiti/MARINE_DATASETS/FathomNet_FGVC2025/data/rois/6353_18368.png,/home/tahiti/MARINE_DATASETS/FathomNet_FGVC2025/data/images/6353.png,ace44d14d000497f5a54f50be8c7c286bb8434f00e521666a2e3d27fbf8fbe7e,5037d7a6428d70056bd4239f25b58cc0419a2138db31ad66651bba0b56d12c9d,6353,2,train,2
18371,6355,51,Pandalus amplus,/home/tahiti/MARINE_DATASETS/FathomNet_FGVC2025/data/rois/6355_18371.png,/home/tahiti/MARINE_DATASETS/FathomNet_FGVC2025/data/images/6355.png,0674843b01d6807c5b33841d7135a593e2ea1bbb6235e811ff3137912d120cc5,a9a8e9886bee42c5d2a5c8f050576fc0d1564ec83cc1c237ab5f28c7dc54967e,6355,2,train,2
18378,6360,21,Elpidia,/home/tahiti/MARINE_DATASETS/FathomNet_FGVC2025/data/rois/6360_18378.png,/home/tahiti/MARINE_DATASETS/FathomNet_FGVC2025/data/images/6360.png,b805405dbbb29002233dbe13871303e9b696998718fd0b456ae41410983663b3,44d426b3f9851cef8917c351986e5e00c48370f8464e946b27715d14b2e64a54,6360,1,train,1
18393,6367,9,Asbestopluma,/home/tahiti/MARINE_DATASETS/FathomNet_FGVC2025/data/rois/6367_18393.png,/home/tahiti/MARINE_DATASETS/FathomNet_FGVC2025/data/images/6367.png,205f1bf113a7e9197776ef47c6b0b9b207cbfd6037197a4b9a5e527c893abb36,c7dc2a3e49677e998489a511a1eb8ec1a9fb356a064714ab92868f77599c52a7,6367,5,train,5
18400,6371,27,Heterocarpus,/home/tahiti/MARINE_DATASETS/FathomNet_FGVC2025/data/rois/6371_18400.png,/home/tahiti/MARINE_DATASETS/FathomNet_FGVC2025/data/images/6371.png,39e7944e2942c68079157a4ab589dedc2afc1fb7ef8d82976864c53cbfcebf3f,9df24488dd16ffdbaef566e32199c0c941ca39201ecaebdbc0fe10fcc1506f59,6371,2,train,2
18442,6393,70,Sebastes diploproa,/home/tahiti/MARINE_DATASETS/FathomNet_FGVC2025/data/rois/6393_18442.png,/home/tahiti/MARINE_DATASETS/FathomNet_FGVC2025/data/images/6393.png,9a1293ede8ee379a2ff05228a81d5511076f342cc43171d6dedf9d325a6a6c17,a2c01377e4ea05e456ec0e967b6a084859e92a7d476a806ca1c6dd59835904d0,6393,5,train,5
18467,6397,31,Hippasteria,/home/tahiti/MARINE_DATASETS/FathomNet_FGVC2025/data/rois/6397_18467.png,/home/tahiti/MARINE_DATASETS/FathomNet_FGVC2025/data/images/6397.png,3739c2a8cae7ada452ab08443bd890c7a796ca19329fc8419654f205a3ad213b,6f328f1a5bcba0beffb39475e49d1b00fc615d894f242d8c86ce484dde9f4792,6397,0,train,0
18472,6397,31,Hippasteria,/home/tahiti/MARINE_DATASETS/FathomNet_FGVC2025/data/rois/6397_18472.png,/home/tahiti/MARINE_DATASETS/FathomNet_FGVC2025/data/images/6397.png,3165b7945f12c00ec7de035681164dc55e646eb80b72019b75a4ca2c8c5aa882,6f328f1a5bcba0beffb39475e49d1b00fc615d894f242d8c86ce484dde9f4792,6397,0,train,0
18478,6401,1,Abyssocucumis abyssorum,/home/tahiti/MARINE_DATASETS/FathomNet_FGVC2025/data/rois/6401_18478.png,/home/tahiti/MARINE_DATASETS/FathomNet_FGVC2025/data/images/6401.png,fd1c4ef9cc9346f9997d3d13cc8e448fef749cd25346315720d0c9de417eb530,f1b2f86f5290dbec6f8fe8c6f09a06078aab3348b07c41a609ef072d1b4b29ee,6401,1,train,1
18484,6406,1,Abyssocucumis abyssorum,/home/tahiti/MARINE_DATASETS/FathomNet_FGVC2025/data/rois/6406_18484.png,/home/tahiti/MARINE_DATASETS/FathomNet_FGVC2025/data/images/6406.png,840afeb38bd8f3fa4826ac00fdf6d3d2a51753a0fe67e6ea2b971bbf7f222550,2320f6614a4a0d21ea61112cba4094cbeb8703e6f0e26a66cc1e3ffd13bf5d28,6406,0,train,0
18494,6411,43,Microstomus pacificus,/home/tahiti/MARINE_DATASETS/FathomNet_FGVC2025/data/rois/6411_18494.png,/home/tahiti/MARINE_DATASETS/FathomNet_FGVC2025/data/images/6411.png,29cdfa5c1f302686491a5a2f40fbdd10f007757cb51b65b6a1f53d3cd3d2d9b7,c5d385855a8c2e562c8e0e8ac75cfa4659659d2f3aa880654fc78c51af23ae41,6411,4,train,4
18512,6420,66,Scleractinia,/home/tahiti/MARINE_DATASETS/FathomNet_FGVC2025/data/rois/6420_18512.png,/home/tahiti/MARINE_DATASETS/FathomNet_FGVC2025/data/images/6420.png,708cc3f75e426e214e3be94be0ea3daf06f45e534aa977e4062019517572fb79,bc6cebb0a104b400e36d187a2cd2b0be307c3989cceda340e0573841e149d2ab,6420,0,train,0
18514,6421,2,Acanthascinae,/home/tahiti/MARINE_DATASETS/FathomNet_FGVC2025/data/rois/6421_18514.png,/home/tahiti/MARINE_DATASETS/FathomNet_FGVC2025/data/images/6421.png,7c6b58dbb3f4248a46b8aa44e221d4c8c0169d6fa9d9c83ff98c7612476a1072,07400128c32d4af65819c50be73ee10e496fb213b9d77a71104dd52628b1d218,6421,2,train,2
18531,6434,51,Pandalus amplus,/home/tahiti/MARINE_DATASETS/FathomNet_FGVC2025/data/rois/6434_18531.png,/home/tahiti/MARINE_DATASETS/FathomNet_FGVC2025/data/images/6434.png,9874621803f42e71d2b48613916f59f989ecdd6e9e7855dc8d98e3ad74e29bfd,bb76960b882acbd8bb0f289ccd4770bb3bfbd5b04051769ccee9cf7cd27ffe73,6434,1,train,1
18546,6441,3,Acanthoptilum,/home/tahiti/MARINE_DATASETS/FathomNet_FGVC2025/data/rois/6441_18546.png,/home/tahiti/MARINE_DATASETS/FathomNet_FGVC2025/data/images/6441.png,b39d1f1f71a7fb45ed0a7ee7505a0f7bf24a55d9bf0f9e3c85100a731d6e2ab7,d36de67a98b34fd5482d72c4a3bbc4841909dbd82e2bc1f8d39f771d3c3bbb97,6441,0,train,0
18554,6444,23,Florometra serratissima,/home/tahiti/MARINE_DATASETS/FathomNet_FGVC2025/data/rois/6444_18554.png,/home/tahiti/MARINE_DATASETS/FathomNet_FGVC2025/data/images/6444.png,50f63800fa903040fa7b6147b23accea4da07c61a69134ad6f96f3124a71d16d,ba31d511b1936c813d9ab32e46167c7ceda0d1cb371fbf0880676ef97b8266ea,6444,5,train,5
18570,6455,66,Scleractinia,/home/tahiti/MARINE_DATASETS/FathomNet_FGVC2025/data/rois/6455_18570.png,/home/tahiti/MARINE_DATASETS/FathomNet_FGVC2025/data/images/6455.png,87996359a3e16360b7ddb3b1d9fe8f8c6cfde16fedbcc9f176dfe8c071d44661,89975bfb1e55016daf1ca60894d651aa021cb366577a0c64776a6accad0200c5,6455,5,train,5
18572,6455,66,Scleractinia,/home/tahiti/MARINE_DATASETS/FathomNet_FGVC2025/data/rois/6455_18572.png,/home/tahiti/MARINE_DATASETS/FathomNet_FGVC2025/data/images/6455.png,ff2711df9a21db91f974ed179fbdc9f18199fb584da89584690614fb579a5b47,89975bfb1e55016daf1ca60894d651aa021cb366577a0c64776a6accad0200c5,6455,5,train,5
18588,6457,13,Brisingida,/home/tahiti/MARINE_DATASETS/FathomNet_FGVC2025/data/rois/6457_18588.png,/home/tahiti/MARINE_DATASETS/FathomNet_FGVC2025/data/images/6457.png,302b82c67602bc250b5ac091fe40e631fe4f891ec272c3f863fa7976c1a124b2,9613f46222efe94cc2e1b6dc12a740ba926bcfc470f3de9ea0a20b5ad092fc2b,6457,5,train,5
18603,6468,59,Pennatula phosphorea,/home/tahiti/MARINE_DATASETS/FathomNet_FGVC2025/data/rois/6468_18603.png,/home/tahiti/MARINE_DATASETS/FathomNet_FGVC2025/data/images/6468.png,1589ee9f4e752e54e540f0ec159e809119c9d3f8bc7764b90d45956940bb04df,400935dd435ca469bd86732d7121830c712443bfc5735a8b484758084da3129c,6468,5,train,5
18614,6473,21,Elpidia,/home/tahiti/MARINE_DATASETS/FathomNet_FGVC2025/data/rois/6473_18614.png,/home/tahiti/MARINE_DATASETS/FathomNet_FGVC2025/data/images/6473.png,3863ddfb8ca737bccffbce665a3e74e1da0d0d8deb01701111cd799e449eac5a,413301a0d959e6232df468c14729d893fd17e2338881009d9b5f567ba79f936f,6473,1,train,1
18628,6478,38,Liponema brevicorne,/home/tahiti/MARINE_DATASETS/FathomNet_FGVC2025/data/rois/6478_18628.png,/home/tahiti/MARINE_DATASETS/FathomNet_FGVC2025/data/images/6478.png,fbe9b38836ee368695c39bc8aebba640588cbcc7cec33f2e389e3e74f703b491,fd8635cd184a15a6399170db4188a3a0886dffe80445081f99f548ebf148829b,6478,0,train,0
18635,6481,9,Asbestopluma,/home/tahiti/MARINE_DATASETS/FathomNet_FGVC2025/data/rois/6481_18635.png,/home/tahiti/MARINE_DATASETS/FathomNet_FGVC2025/data/images/6481.png,67ca02e9d168aba5c7433539550094fdb078cd6a2c996fee8e87967602ea3dcd,1f4ec92803298c401c5f2fb2f8cb3f2d0692bd3fb01ad00c0e3a6bcacc2bea32,6481,4,train,4
18642,6481,9,Asbestopluma,/home/tahiti/MARINE_DATASETS/FathomNet_FGVC2025/data/rois/6481_18642.png,/home/tahiti/MARINE_DATASETS/FathomNet_FGVC2025/data/images/6481.png,fca98505aa80d039f61d87a472f5f93d8368a02cb3fd65a42966f65dfd06e48f,1f4ec92803298c401c5f2fb2f8cb3f2d0692bd3fb01ad00c0e3a6bcacc2bea32,6481,4,train,4
18649,6484,13,Brisingida,/home/tahiti/MARINE_DATASETS/FathomNet_FGVC2025/data/rois/6484_18649.png,/home/tahiti/MARINE_DATASETS/FathomNet_FGVC2025/data/images/6484.png,efd09f71261b4c8a860f09d88f204ed99ed4b3838ad1b564e08fe6485113e14b,d6c43091557267432949e61f8d0c21bd394d4fe0a0280868ae6bd95e63a3e153,6484,2,train,2
18663,6490,64,Pyrosoma atlanticum,/home/tahiti/MARINE_DATASETS/FathomNet_FGVC2025/data/rois/6490_18663.png,/home/tahiti/MARINE_DATASETS/FathomNet_FGVC2025/data/images/6490.png,e804abe5438c4ce4845e6331ab43d2d0e59cce45978e6f328e835da8767cc6e3,9baab0b8b9de09d377a739f7bb217a67e8f21215378973fb5ecbf463b320f73a,6490,5,train,5
18724,6528,14,Caridea,/home/tahiti/MARINE_DATASETS/FathomNet_FGVC2025/data/rois/6528_18724.png,/home/tahiti/MARINE_DATASETS/FathomNet_FGVC2025/data/images/6528.png,dce7c2d4a96bbefd2e64ffcfbb6612a01c52fee0623f17608d7598e3700d5b4e,878326dfbd6617dc0e47c035b308a0c5a6665a9c7b97d5f0e9c7ae0c4fe72fa0,6528,0,train,0
18730,6533,57,Parastenella,/home/tahiti/MARINE_DATASETS/FathomNet_FGVC2025/data/rois/6533_18730.png,/home/tahiti/MARINE_DATASETS/FathomNet_FGVC2025/data/images/6533.png,1b9ddf73af29e56e3a67373ad2d344d8313ed10a2adc55ba6c410058b39cc3ad,7ee076a36c5ad78dc34e5b281ec8bf77b627b55bc1f5f78f03338bacaea8e26d,6533,1,train,1
18731,6533,2,Acanthascinae,/home/tahiti/MARINE_DATASETS/FathomNet_FGVC2025/data/rois/6533_18731.png,/home/tahiti/MARINE_DATASETS/FathomNet_FGVC2025/data/images/6533.png,79d91a08c21225b93d830a31e9d797b0e1ae320fa61d7ab449528f0d40f33d26,7ee076a36c5ad78dc34e5b281ec8bf77b627b55bc1f5f78f03338bacaea8e26d,6533,1,train,1
18760,6550,8,Apostichopus leukothele,/home/tahiti/MARINE_DATASETS/FathomNet_FGVC2025/data/rois/6550_18760.png,/home/tahiti/MARINE_DATASETS/FathomNet_FGVC2025/data/images/6550.png,bee7c8833cc5a4855b96aee145ed0ff33144f13b0f02e14ca9da7cc07679ee7b,92589507ade8e5b1df2b38ea20f6198f4aae8b9feb3393d21e79fc9bb9de08b3,6550,1,train,1
18776,6559,21,Elpidia,/home/tahiti/MARINE_DATASETS/FathomNet_FGVC2025/data/rois/6559_18776.png,/home/tahiti/MARINE_DATASETS/FathomNet_FGVC2025/data/images/6559.png,dd6e84e6275e02157aaaea367eadd141c7f55a1efe8a30727f1df375422bca30,f2957bd6c1f63ec6c02fd833fabd1808a7c27203eb20a9476584ba1e41628ac7,6559,4,train,4
18799,6573,17,Chorilia longipes,/home/tahiti/MARINE_DATASETS/FathomNet_FGVC2025/data/rois/6573_18799.png,/home/tahiti/MARINE_DATASETS/FathomNet_FGVC2025/data/images/6573.png,f8cfe9003219aade79287c7b4bca0d7feab4dcf6a5fb2ee80a052fd68838853a,aac59a318ef0ef9a0b75ec9899c16ba16daa390bf19f402a7398e6e3eeca4570,6573,1,train,1
18800,6573,34,Isidella tentaculum,/home/tahiti/MARINE_DATASETS/FathomNet_FGVC2025/data/rois/6573_18800.png,/home/tahiti/MARINE_DATASETS/FathomNet_FGVC2025/data/images/6573.png,29cc6311e79b79995c8fcc3ac653aa2a3cb46b251ab2e9bf7250a0de3a35f561,aac59a318ef0ef9a0b75ec9899c16ba16daa390bf19f402a7398e6e3eeca4570,6573,1,train,1
18801,6573,34,Isidella tentaculum,/home/tahiti/MARINE_DATASETS/FathomNet_FGVC2025/data/rois/6573_18801.png,/home/tahiti/MARINE_DATASETS/FathomNet_FGVC2025/data/images/6573.png,78c1275e4757ec5e03af528a9c7e36ee7c95c5269f6cbc9eaa5a00a58d47b903,aac59a318ef0ef9a0b75ec9899c16ba16daa390bf19f402a7398e6e3eeca4570,6573,1,train,1
18823,6587,56,Paralomis multispina,/home/tahiti/MARINE_DATASETS/FathomNet_FGVC2025/data/rois/6587_18823.png,/home/tahiti/MARINE_DATASETS/FathomNet_FGVC2025/data/images/6587.png,b7d371d9065db729806c7bd66f9616c14ca7a43534a3a5c502e5badcbf703dce,33e54388b61b0d869ca2c66bb0019c7cb058858ffc7eff61ba505517b495f65d,6587,4,train,4
18825,6589,69,Sebastes,/home/tahiti/MARINE_DATASETS/FathomNet_FGVC2025/data/rois/6589_18825.png,/home/tahiti/MARINE_DATASETS/FathomNet_FGVC2025/data/images/6589.png,673a6092abad3714d501f47e9d3b857b30cb8fc4e40c30bd33fa9db2a770c5c1,8a35f1f672add03607b811b398d0b1a8958f9ad972f22478f92777a332e612ea,6589,0,train,0
18828,6591,1,Abyssocucumis abyssorum,/home/tahiti/MARINE_DATASETS/FathomNet_FGVC2025/data/rois/6591_18828.png,/home/tahiti/MARINE_DATASETS/FathomNet_FGVC2025/data/images/6591.png,8ecc4f63427247cd148f518ddf4e0e672838bcf317582c40d71ccfadb4435097,66554484783bcef7835b19b2bb852b293c5cb668416a0ec2560c8717a0a63721,6591,0,train,0
18837,6592,78,Vesicomyidae,/home/tahiti/MARINE_DATASETS/FathomNet_FGVC2025/data/rois/6592_18837.png,/home/tahiti/MARINE_DATASETS/FathomNet_FGVC2025/data/images/6592.png,63a72c20a41b1718e3dd7827622bd1a687fa9825322bad0174365362480f4b0f,4af9dba217adda075486178735de5780111e54fcc91f7c7d174362cad8fa8719,6592,5,train,5
18840,6595,4,Actinernus,/home/tahiti/MARINE_DATASETS/FathomNet_FGVC2025/data/rois/6595_18840.png,/home/tahiti/MARINE_DATASETS/FathomNet_FGVC2025/data/images/6595.png,7c5f735c9490afe6b3655dd11e47b0ab159b4edc847c7dbe45473bc3479c4b08,d468c9190a757b1c47cd2999ed143b92bf60fdab6df0c6690ec1f1a8565c0c54,6595,4,train,4
18868,6609,31,Hippasteria,/home/tahiti/MARINE_DATASETS/FathomNet_FGVC2025/data/rois/6609_18868.png,/home/tahiti/MARINE_DATASETS/FathomNet_FGVC2025/data/images/6609.png,72bd3694f68d460a5f970e312d8c38bfbf261076e5ae2e9bd6467529f8d15a87,bbfcc8dc6674457e4bf3df45b2424bc0b3a0652d02cf406b3c1424ac9202f6e8,6609,1,train,1
18870,6610,69,Sebastes,/home/tahiti/MARINE_DATASETS/FathomNet_FGVC2025/data/rois/6610_18870.png,/home/tahiti/MARINE_DATASETS/FathomNet_FGVC2025/data/images/6610.png,a17ad24556f949c0ddfaf3acc4d9959abe8a01a222fc5c2afd61bfc7b7c0feaf,c8dd1a691ef7ecbecf1228fa63cbd8ba5f4d1f79a89055e33d8cb50f3982803a,6610,1,train,1
18880,6618,10,Asbestopluma monticola,/home/tahiti/MARINE_DATASETS/FathomNet_FGVC2025/data/rois/6618_18880.png,/home/tahiti/MARINE_DATASETS/FathomNet_FGVC2025/data/images/6618.png,1be8eea44335555ab6b3915cbe5ab9caf1b1a2a441f97b1647b03046e62bf75a,f56dcda864eb7acb20cf39d3b91170053ed4468fbb20ef01b68b0869a09be985,6618,5,train,5
18884,6619,17,Chorilia longipes,/home/tahiti/MARINE_DATASETS/FathomNet_FGVC2025/data/rois/6619_18884.png,/home/tahiti/MARINE_DATASETS/FathomNet_FGVC2025/data/images/6619.png,edccf7ab971403c36787827059539f724fb34d706a75afa6cd7bfa3e8decfb36,90fff43eff80d13c353399cec8744d1c27998a434ee1492d6f81e4b83f6624c7,6619,4,train,4
18898,6626,78,Vesicomyidae,/home/tahiti/MARINE_DATASETS/FathomNet_FGVC2025/data/rois/6626_18898.png,/home/tahiti/MARINE_DATASETS/FathomNet_FGVC2025/data/images/6626.png,488b3d02860255aea3d98e88e99f43f471e9ac7f55a289e304383bc0c55d3833,bff05d123a2a6f482603ee9c3c5a6e869910a35bfb69063cc0a6e99880fd6c10,6626,5,train,5
18943,6640,23,Florometra serratissima,/home/tahiti/MARINE_DATASETS/FathomNet_FGVC2025/data/rois/6640_18943.png,/home/tahiti/MARINE_DATASETS/FathomNet_FGVC2025/data/images/6640.png,ce7b2d621f579e2eea9066746e4a141c50a9983041c4438011a594ebf664f039,06678f832a277e42f853e56e649ed2003f3b8df1ac242acc951b7172b7b0258d,6640,2,train,2
18978,6663,7,Amphipoda,/home/tahiti/MARINE_DATASETS/FathomNet_FGVC2025/data/rois/6663_18978.png,/home/tahiti/MARINE_DATASETS/FathomNet_FGVC2025/data/images/6663.png,43c6c981810bab553e76e517f8289ebbdaef1ab9870388ccaab75105497c0743,ef0c0f838d7a032406bd452d465bac014741f3a60839eb6398824c0fd03b413c,6663,1,train,1
18987,6666,4,Actinernus,/home/tahiti/MARINE_DATASETS/FathomNet_FGVC2025/data/rois/6666_18987.png,/home/tahiti/MARINE_DATASETS/FathomNet_FGVC2025/data/images/6666.png,c8e90f9ce296c61d029432f737c4fe9785b75e3206fc61bfc641689c4007d1de,e944016b041315136d069460a6159301c7991b8ab9b1efc87194ff3c86e86e41,6666,0,train,0
18997,6669,4,Actinernus,/home/tahiti/MARINE_DATASETS/FathomNet_FGVC2025/data/rois/6669_18997.png,/home/tahiti/MARINE_DATASETS/FathomNet_FGVC2025/data/images/6669.png,c514ddaf57a8b96fc4fac917b7c064961bfb888eed1ddf60f17bbd1ed9cb57dd,780d8b624b6b95c41e72cf4985caf93d1798a64b071ba04d904b0c0217c0bf32,6669,2,train,2
19003,6671,64,Pyrosoma atlanticum,/home/tahiti/MARINE_DATASETS/FathomNet_FGVC2025/data/rois/6671_19003.png,/home/tahiti/MARINE_DATASETS/FathomNet_FGVC2025/data/images/6671.png,71dd71e33e75a45931dc74ae2083c5f1ac61f6b8d004e0e4a59abb9ea6b13f06,740c8e10ea8268f2cdbba4819cccbaaa863af7ffbc75c970d36b795d9e1ae102,6671,1,train,1
19005,6671,64,Pyrosoma atlanticum,/home/tahiti/MARINE_DATASETS/FathomNet_FGVC2025/data/rois/6671_19005.png,/home/tahiti/MARINE_DATASETS/FathomNet_FGVC2025/data/images/6671.png,5cf405cb85e7ac24b8a163e67efa53485e0c38c1ec4344229371aee37944a19e,740c8e10ea8268f2cdbba4819cccbaaa863af7ffbc75c970d36b795d9e1ae102,6671,1,train,1
19006,6671,64,Pyrosoma atlanticum,/home/tahiti/MARINE_DATASETS/FathomNet_FGVC2025/data/rois/6671_19006.png,/home/tahiti/MARINE_DATASETS/FathomNet_FGVC2025/data/images/6671.png,8574418d1f6176e265f81f75df0e094397caac6324b1c371ff3bde1f1b9f5fcf,740c8e10ea8268f2cdbba4819cccbaaa863af7ffbc75c970d36b795d9e1ae102,6671,1,train,1
19016,6672,15,Ceriantharia,/home/tahiti/MARINE_DATASETS/FathomNet_FGVC2025/data/rois/6672_19016.png,/home/tahiti/MARINE_DATASETS/FathomNet_FGVC2025/data/images/6672.png,0194ba8b905a5b119496f9f9837621cab94d17cd4c18c3524665747a796c3f9d,77565ae89f5e0dfaf2ece1dfac1111e30be023589582dc033434771990254fe9,6672,0,train,0
19020,6676,78,Vesicomyidae,/home/tahiti/MARINE_DATASETS/FathomNet_FGVC2025/data/rois/6676_19020.png,/home/tahiti/MARINE_DATASETS/FathomNet_FGVC2025/data/images/6676.png,eea52ac427b46e3206a0d648da2380f57689e24303d059583154775ef6c1e4c0,70622832653ac9cdead978a137e983cc5d7f45856a833dd9b00696802a7f527b,6676,5,train,5
19023,6676,78,Vesicomyidae,/home/tahiti/MARINE_DATASETS/FathomNet_FGVC2025/data/rois/6676_19023.png,/home/tahiti/MARINE_DATASETS/FathomNet_FGVC2025/data/images/6676.png,a655e65e10daf31e03449ea9a430d6ece1796b64155edc8ab38998b27d2e530c,70622832653ac9cdead978a137e983cc5d7f45856a833dd9b00696802a7f527b,6676,5,train,5
19042,6689,3,Acanthoptilum,/home/tahiti/MARINE_DATASETS/FathomNet_FGVC2025/data/rois/6689_19042.png,/home/tahiti/MARINE_DATASETS/FathomNet_FGVC2025/data/images/6689.png,f819c69d2a7f1bd6275f281fd9f07608b30627534400670c7cffb029645e2bd5,2e44a31c49a1284701e4ceb82232b380c2cb6cb7ae74539db308b219f624e24f,6689,1,train,1
19044,6690,8,Apostichopus leukothele,/home/tahiti/MARINE_DATASETS/FathomNet_FGVC2025/data/rois/6690_19044.png,/home/tahiti/MARINE_DATASETS/FathomNet_FGVC2025/data/images/6690.png,e66b5ced6a62c6000f814147a5d38473f41fbccbbdc569967c0a004a6c79bf9f,b82adb615b09d81215f21c9e619e0f5031432c563ecfc8539501f790da6a4a89,6690,0,train,0
19064,6698,40,Mediaster aequalis,/home/tahiti/MARINE_DATASETS/FathomNet_FGVC2025/data/rois/6698_19064.png,/home/tahiti/MARINE_DATASETS/FathomNet_FGVC2025/data/images/6698.png,560ce435ae4ee7882aa1317db41bb4675f7c65818a7c69313d69f9ffce728c09,f35010aed486aaf23b50336947f764a1a64d19bddc5aa150c45dda7856256c7a,6698,4,train,4
19081,6699,52,Pandalus platyceros,/home/tahiti/MARINE_DATASETS/FathomNet_FGVC2025/data/rois/6699_19081.png,/home/tahiti/MARINE_DATASETS/FathomNet_FGVC2025/data/images/6699.png,faa2718fa8e286b427077136d0ed3f7bf7e6cf2847c5e709a0ffceced652a1f9,7945c3681350e88945a057f23e0bca5484382e5afc3951d4572f79b56bb90826,6699,4,train,4
19094,6703,7,Amphipoda,/home/tahiti/MARINE_DATASETS/FathomNet_FGVC2025/data/rois/6703_19094.png,/home/tahiti/MARINE_DATASETS/FathomNet_FGVC2025/data/images/6703.png,cff5f679f564a3e0bb684d437565923acb5f415b27764fecb4211f49c7162261,83310761a6871945c2cf33095c88438e6d57210755fd626a55560caaaa26b032,6703,2,train,2
19102,6703,7,Amphipoda,/home/tahiti/MARINE_DATASETS/FathomNet_FGVC2025/data/rois/6703_19102.png,/home/tahiti/MARINE_DATASETS/FathomNet_FGVC2025/data/images/6703.png,bd2c8c17ee8be0a73fdbf1ce37fc051091359c34bad111624fdb2df102df08f3,83310761a6871945c2cf33095c88438e6d57210755fd626a55560caaaa26b032,6703,2,train,2
19111,6709,20,Delectopecten,/home/tahiti/MARINE_DATASETS/FathomNet_FGVC2025/data/rois/6709_19111.png,/home/tahiti/MARINE_DATASETS/FathomNet_FGVC2025/data/images/6709.png,255c1efa492aeb0ba278dbc7ceaefbf2ef9487fdff8a83f0b3d57c1fd651da73,7e654a0c1efca220dc8bc39c6b95e44eb2ae794a1dd6044a85c5af385f81908f,6709,2,train,2
19114,6712,2,Acanthascinae,/home/tahiti/MARINE_DATASETS/FathomNet_FGVC2025/data/rois/6712_19114.png,/home/tahiti/MARINE_DATASETS/FathomNet_FGVC2025/data/images/6712.png,3801df67e0e2afab959c350f50ecc8fb7ce8615e026844c063de8b221678514e,bc57b95e1d461b192fd647bd0e9b9a5a99628737677a7217c24ef475bdb98c75,6712,1,train,1
19118,6714,66,Scleractinia,/home/tahiti/MARINE_DATASETS/FathomNet_FGVC2025/data/rois/6714_19118.png,/home/tahiti/MARINE_DATASETS/FathomNet_FGVC2025/data/images/6714.png,51a6f5a5303bb040615dcf86d9676e5dd8d350b03c0b8fc3245f74e6bc1b6aba,6a251f27f5e73fdeaa130da951b49b6bc606a08326fb729a9986f08f4b0b3054,6714,5,train,5
19120,6716,1,Abyssocucumis abyssorum,/home/tahiti/MARINE_DATASETS/FathomNet_FGVC2025/data/rois/6716_19120.png,/home/tahiti/MARINE_DATASETS/FathomNet_FGVC2025/data/images/6716.png,e323d869da17bc8f404732ab6912877c7e0bb58a7c6df29036f6f89c0b6535da,43ffd5cb10b3fca58702dbe8ec63d36f88f582dca6bece2bcf8304685ce1bae9,6716,4,train,4
19123,6719,64,Pyrosoma atlanticum,/home/tahiti/MARINE_DATASETS/FathomNet_FGVC2025/data/rois/6719_19123.png,/home/tahiti/MARINE_DATASETS/FathomNet_FGVC2025/data/images/6719.png,0f7e65098f5d7280137033dfc73f0ac831436e71f2533b9c44d30cdebfedb58d,90b1b382dd5946d63e7d5d5f2b0cf83ce8d4e78a727be70afe0edc2ecb9506c2,6719,1,train,1
19131,6723,23,Florometra serratissima,/home/tahiti/MARINE_DATASETS/FathomNet_FGVC2025/data/rois/6723_19131.png,/home/tahiti/MARINE_DATASETS/FathomNet_FGVC2025/data/images/6723.png,8334f94ad5720a0ceea710689bc9dd7d655a8ce62fc65f2c205a7cae8c13a549,3f5a88db63a50c7c4bf60087230cbc147ddcf5d3d9c997c71a687ea8b69f1fa5,6723,5,train,5
19133,6723,23,Florometra serratissima,/home/tahiti/MARINE_DATASETS/FathomNet_FGVC2025/data/rois/6723_19133.png,/home/tahiti/MARINE_DATASETS/FathomNet_FGVC2025/data/images/6723.png,b994c410fd8205a3bd1e4d3f9775f7ce511b13a4758be4d9a2a20352c20fa652,3f5a88db63a50c7c4bf60087230cbc147ddcf5d3d9c997c71a687ea8b69f1fa5,6723,5,train,5
19135,6723,8,Apostichopus leukothele,/home/tahiti/MARINE_DATASETS/FathomNet_FGVC2025/data/rois/6723_19135.png,/home/tahiti/MARINE_DATASETS/FathomNet_FGVC2025/data/images/6723.png,3572a72c1d9a7dd5592370edfa764a303a714d1542893207229d304ad1463f7c,3f5a88db63a50c7c4bf60087230cbc147ddcf5d3d9c997c71a687ea8b69f1fa5,6723,5,train,5
19155,6735,69,Sebastes,/home/tahiti/MARINE_DATASETS/FathomNet_FGVC2025/data/rois/6735_19155.png,/home/tahiti/MARINE_DATASETS/FathomNet_FGVC2025/data/images/6735.png,93da822c94912bca39bc023fccb33c777e5562e223ea2640df5d861f148afaea,d6aa707d8b4408e9a100ef4b1705f068110021af518c436246a4c7a21ec7fd54,6735,1,train,1
19177,6747,39,Lithodidae,/home/tahiti/MARINE_DATASETS/FathomNet_FGVC2025/data/rois/6747_19177.png,/home/tahiti/MARINE_DATASETS/FathomNet_FGVC2025/data/images/6747.png,aed4f6725f4a092a72bc0e735f07725f357590ca771ffcae31f29c2cb3968103,16bd809270728060952b1ab8ce2b64bca09cafb0df65961d7c87366ba8373a97,6747,5,train,5
19181,6751,51,Pandalus amplus,/home/tahiti/MARINE_DATASETS/FathomNet_FGVC2025/data/rois/6751_19181.png,/home/tahiti/MARINE_DATASETS/FathomNet_FGVC2025/data/images/6751.png,f6f30c7a1c52dfaa93d6176bdf318e51d6aef7b7855d13f3ab901d666de913d2,599af406907b625fd28a9f02a963403031a93eac01f25a15eb224d45dae558c4,6751,0,train,0
19198,6762,7,Amphipoda,/home/tahiti/MARINE_DATASETS/FathomNet_FGVC2025/data/rois/6762_19198.png,/home/tahiti/MARINE_DATASETS/FathomNet_FGVC2025/data/images/6762.png,16b580996cc045590eb0a1ead61aa77f474c9054b625bdffd350c2069b9ffd89,91cfd993fa193fcaf412fe30e933ac3dd82e70f64c92cfba5cebfcb4c986c8d0,6762,1,train,1
19206,6762,7,Amphipoda,/home/tahiti/MARINE_DATASETS/FathomNet_FGVC2025/data/rois/6762_19206.png,/home/tahiti/MARINE_DATASETS/FathomNet_FGVC2025/data/images/6762.png,7e74b7043fa9a2f1afc273905ac48fc8e24599fd2c3edaa4c25690b4d7a6c4df,91cfd993fa193fcaf412fe30e933ac3dd82e70f64c92cfba5cebfcb4c986c8d0,6762,1,train,1
19207,6762,7,Amphipoda,/home/tahiti/MARINE_DATASETS/FathomNet_FGVC2025/data/rois/6762_19207.png,/home/tahiti/MARINE_DATASETS/FathomNet_FGVC2025/data/images/6762.png,4b72865ae973512e5c23ce060355960b2118ed70769ee7de53892993c5b617fd,91cfd993fa193fcaf412fe30e933ac3dd82e70f64c92cfba5cebfcb4c986c8d0,6762,1,train,1
19209,6762,7,Amphipoda,/home/tahiti/MARINE_DATASETS/FathomNet_FGVC2025/data/rois/6762_19209.png,/home/tahiti/MARINE_DATASETS/FathomNet_FGVC2025/data/images/6762.png,923ef08873c6ca33d4ee6222f3aefb28a2f27c3d702ff8c3e1dcfff50b5e22cc,91cfd993fa193fcaf412fe30e933ac3dd82e70f64c92cfba5cebfcb4c986c8d0,6762,1,train,1
19216,6762,7,Amphipoda,/home/tahiti/MARINE_DATASETS/FathomNet_FGVC2025/data/rois/6762_19216.png,/home/tahiti/MARINE_DATASETS/FathomNet_FGVC2025/data/images/6762.png,6698e1183fc3a5219e0f45d21b03d2d2256dc11a27413f3cdf703ff4f40839c8,91cfd993fa193fcaf412fe30e933ac3dd82e70f64c92cfba5cebfcb4c986c8d0,6762,1,train,1
19221,6764,21,Elpidia,/home/tahiti/MARINE_DATASETS/FathomNet_FGVC2025/data/rois/6764_19221.png,/home/tahiti/MARINE_DATASETS/FathomNet_FGVC2025/data/images/6764.png,d66edacd4365e72a38804fa41e36c05db0975f04d7f8bda2168bbef7c2ea153b,498ff855460beb50671a6d5071d7a01d93f37f95984b9e72b77f157c1c8f9624,6764,4,train,4
19234,6771,56,Paralomis multispina,/home/tahiti/MARINE_DATASETS/FathomNet_FGVC2025/data/rois/6771_19234.png,/home/tahiti/MARINE_DATASETS/FathomNet_FGVC2025/data/images/6771.png,f5d0e4568b7c8291ca4a205692685e6de7f065ce4ffa200faff621b347e5cbb8,f0987502ea2f7ad2950db5193c392c775a56a4d89cc31ac5444835edea0b112e,6771,1,train,1
19248,6784,13,Brisingida,/home/tahiti/MARINE_DATASETS/FathomNet_FGVC2025/data/rois/6784_19248.png,/home/tahiti/MARINE_DATASETS/FathomNet_FGVC2025/data/images/6784.png,bfce2c014e514418825038d20a29d5d0aa85c37aaec111e036ab4b28133f1f18,739ca8deefdf69e07cfce6c425854a49683eeee195eb51cf188e1ad121159088,6784,1,train,1
19257,6790,57,Parastenella,/home/tahiti/MARINE_DATASETS/FathomNet_FGVC2025/data/rois/6790_19257.png,/home/tahiti/MARINE_DATASETS/FathomNet_FGVC2025/data/images/6790.png,8ff17f61dc99a413c00fae17f15d764fe583d7d1ba395dd91bfa277ef5e735d2,c951198df4fce4a5d1f05db3dbb5ae1b6369f36694a3957681ea05c137a6d277,6790,4,train,4
19260,6791,50,Paelopatides confundens,/home/tahiti/MARINE_DATASETS/FathomNet_FGVC2025/data/rois/6791_19260.png,/home/tahiti/MARINE_DATASETS/FathomNet_FGVC2025/data/images/6791.png,91c47c7dcee767aa8ed22fb5560984edba3fc67bab41ce6a20df59a166468f01,0a23fc1637c78317469a9e36bf693ee9b261afc70a825d968b22b8f1244becf9,6791,2,train,2
19265,6794,21,Elpidia,/home/tahiti/MARINE_DATASETS/FathomNet_FGVC2025/data/rois/6794_19265.png,/home/tahiti/MARINE_DATASETS/FathomNet_FGVC2025/data/images/6794.png,d2f2495974c68d9af3d47bbfe970201e457680a357a07e36c6c2110ae3c92bac,4e1b3653d4848f4e7dde5ded6acbe6473de0d898548c6d35fee846fbf51ed1a9,6794,1,train,1
19278,6802,40,Mediaster aequalis,/home/tahiti/MARINE_DATASETS/FathomNet_FGVC2025/data/rois/6802_19278.png,/home/tahiti/MARINE_DATASETS/FathomNet_FGVC2025/data/images/6802.png,26ed33ab679c64ab5bf0989c9ae58e26dd4a9d3d496a7ba4d6cdcbfb61745af3,ffd09eab0c7fcfb03c34c7f8008e47121db62ace2e367f6fd2b5ac4cc114f5ff,6802,0,train,0
19279,6802,23,Florometra serratissima,/home/tahiti/MARINE_DATASETS/FathomNet_FGVC2025/data/rois/6802_19279.png,/home/tahiti/MARINE_DATASETS/FathomNet_FGVC2025/data/images/6802.png,73dec9a5a2a0cbbcd7c81e7db40b9ed5c267f5b8e9883f4eab105138c9459006,ffd09eab0c7fcfb03c34c7f8008e47121db62ace2e367f6fd2b5ac4cc114f5ff,6802,0,train,0
19283,6803,15,Ceriantharia,/home/tahiti/MARINE_DATASETS/FathomNet_FGVC2025/data/rois/6803_19283.png,/home/tahiti/MARINE_DATASETS/FathomNet_FGVC2025/data/images/6803.png,e908ca7ff69aa6767b2073d72516708cb442043deb3afd20446a39bd655cdfde,9ef01048572c9163aaab57701664bfd0ae80320e3ca453bb0d1c28b005b35af7,6803,5,train,5
19291,6808,1,Abyssocucumis abyssorum,/home/tahiti/MARINE_DATASETS/FathomNet_FGVC2025/data/rois/6808_19291.png,/home/tahiti/MARINE_DATASETS/FathomNet_FGVC2025/data/images/6808.png,8bc7e49d65610ff5ed227cc06cd8173cd5c347e35a710bd1f1b8845d043d29fb,f7fc41b9e2605c29dc4f08b06d8d77f39839fed292bd93f7cb3c78b359c8316a,6808,2,train,2
19297,6814,34,Isidella tentaculum,/home/tahiti/MARINE_DATASETS/FathomNet_FGVC2025/data/rois/6814_19297.png,/home/tahiti/MARINE_DATASETS/FathomNet_FGVC2025/data/images/6814.png,f6dffed2559e9bfc6059f1ce339b793eab694eecc85a0472a0c638e9ec09f112,41941455593c1e58724822f7acb1b2b54412b8039a771e2f74dc392668f6fb1d,6814,4,train,4
19371,6854,10,Asbestopluma monticola,/home/tahiti/MARINE_DATASETS/FathomNet_FGVC2025/data/rois/6854_19371.png,/home/tahiti/MARINE_DATASETS/FathomNet_FGVC2025/data/images/6854.png,1f7109c33ef1e8ad5f03de76b7bf09bb4a669fc47724be6bcc6e545fb9f7706b,f8a604f6fcd2f4a2f81a419705a2a8cea7c0b7054bbb765b1f1e72903b60faa8,6854,0,train,0
19384,6854,10,Asbestopluma monticola,/home/tahiti/MARINE_DATASETS/FathomNet_FGVC2025/data/rois/6854_19384.png,/home/tahiti/MARINE_DATASETS/FathomNet_FGVC2025/data/images/6854.png,8becf058ba4e0c26ec3067fdaa0bdd624f074db404f6b7af21609ea5dcd2de8c,f8a604f6fcd2f4a2f81a419705a2a8cea7c0b7054bbb765b1f1e72903b60faa8,6854,0,train,0
19393,6858,9,Asbestopluma,/home/tahiti/MARINE_DATASETS/FathomNet_FGVC2025/data/rois/6858_19393.png,/home/tahiti/MARINE_DATASETS/FathomNet_FGVC2025/data/images/6858.png,dd3eebc5fcd2dc0dca56e67f5194b24ba66982b40a6ae392b09e93a4fca45041,4389a1432ac042b31f1304cf38c8ff8d0abaf7df9c67f563dc030115c4814014,6858,2,train,2
19424,6871,46,Mycale,/home/tahiti/MARINE_DATASETS/FathomNet_FGVC2025/data/rois/6871_19424.png,/home/tahiti/MARINE_DATASETS/FathomNet_FGVC2025/data/images/6871.png,a38573f4e39233c79e7e8629078d0a7fc8ca6c2e73b59643c69c6f56ea93de5a,70af1159839faf3d901836deba5a229025a343025ce67fbf7702f3c508644a96,6871,2,train,2
19436,6878,34,Isidella tentaculum,/home/tahiti/MARINE_DATASETS/FathomNet_FGVC2025/data/rois/6878_19436.png,/home/tahiti/MARINE_DATASETS/FathomNet_FGVC2025/data/images/6878.png,21896fe22bdd483443a99558af2350c7a371a315b3160038d31a6b2cf1987788,4e78731b28ec9d7f07b6b528b420db4ed25a4db92871b4c89baec6ab5e1e8bdb,6878,0,train,0
19445,6884,70,Sebastes diploproa,/home/tahiti/MARINE_DATASETS/FathomNet_FGVC2025/data/rois/6884_19445.png,/home/tahiti/MARINE_DATASETS/FathomNet_FGVC2025/data/images/6884.png,5c0a2a3c835ac83717c8e2136840125b5bc802e20e84989676c80248afd762e5,e3d348ce37603a97421d388101e56789c641fa1896933a1e17646cc1f95b550b,6884,5,train,5
19448,6886,39,Lithodidae,/home/tahiti/MARINE_DATASETS/FathomNet_FGVC2025/data/rois/6886_19448.png,/home/tahiti/MARINE_DATASETS/FathomNet_FGVC2025/data/images/6886.png,39eb75306c756231caa53bbb744431cc3adcaeba75bc60de0949ace58cade2f7,9c84ee71defc686345d88014d7a9970ee536a833970d23f00d303250274f8a35,6886,4,train,4
19468,6896,34,Isidella tentaculum,/home/tahiti/MARINE_DATASETS/FathomNet_FGVC2025/data/rois/6896_19468.png,/home/tahiti/MARINE_DATASETS/FathomNet_FGVC2025/data/images/6896.png,d37b72d0478c02b9458d97ef8a0c68e48d1d3cc5bac5b44106753a518845ed0c,f5520e1489301b5ee28240f7bb1252b233ac555817e99d53ec2f574e4290f6ea,6896,0,train,0
19472,6898,43,Microstomus pacificus,/home/tahiti/MARINE_DATASETS/FathomNet_FGVC2025/data/rois/6898_19472.png,/home/tahiti/MARINE_DATASETS/FathomNet_FGVC2025/data/images/6898.png,6f99fbf958c4feb94811fa3daa5da43d421943f040b6db423c888adbd665de45,a78bfe8fb30a3a71e9ed0e470633d4102f5489d44dd8b635fae5d4104a02a0d6,6898,4,train,4
19474,6899,51,Pandalus amplus,/home/tahiti/MARINE_DATASETS/FathomNet_FGVC2025/data/rois/6899_19474.png,/home/tahiti/MARINE_DATASETS/FathomNet_FGVC2025/data/images/6899.png,6e40fe254e813e2441a52e5e8e52cb9845971327fc5b01a5ca37ffddd4cb224f,a6cbc9cc7d748bb5750d0b99bc02bf3312c61cb89ccc340a5fc4edde21109f50,6899,5,train,5
19482,6903,39,Lithodidae,/home/tahiti/MARINE_DATASETS/FathomNet_FGVC2025/data/rois/6903_19482.png,/home/tahiti/MARINE_DATASETS/FathomNet_FGVC2025/data/images/6903.png,5c4448d256dbbffb35c431dded60abfc94971c2251cdc99cc16225ef4c11d0a6,a8c815c147abbe6a1ca17c0faead47f225a8fcf59ff6e9157a78cab3ecceb21c,6903,4,train,4
19487,6906,8,Apostichopus leukothele,/home/tahiti/MARINE_DATASETS/FathomNet_FGVC2025/data/rois/6906_19487.png,/home/tahiti/MARINE_DATASETS/FathomNet_FGVC2025/data/images/6906.png,f1f7bebe935ebf218f9d9dd8bfa21925e70d3cdfff42490fc1aad7c1339d9ed6,70105860f98e29b055edd12b580dce1041dec8095cf9fb55dd2fca753eaecd84,6906,1,train,1
19509,6914,10,Asbestopluma monticola,/home/tahiti/MARINE_DATASETS/FathomNet_FGVC2025/data/rois/6914_19509.png,/home/tahiti/MARINE_DATASETS/FathomNet_FGVC2025/data/images/6914.png,299744cb84f0f1377c1d34f4b3868404af25c3d4c82a135e7624d0ee1711818f,ddf3214a871065b7acf1265d5cfb9c4bf02f9a6077c0fd1ed00c1a1337a7d447,6914,4,train,4
19512,6915,51,Pandalus amplus,/home/tahiti/MARINE_DATASETS/FathomNet_FGVC2025/data/rois/6915_19512.png,/home/tahiti/MARINE_DATASETS/FathomNet_FGVC2025/data/images/6915.png,c4f23b72ecac738782625d3ff92cd40d1d51dbec8530480354107cd0a53eb946,e833f82c9af8a461ac1ba39ed7e3f196bbaa786c65c636332fade770be252f18,6915,0,train,0
19519,6918,8,Apostichopus leukothele,/home/tahiti/MARINE_DATASETS/FathomNet_FGVC2025/data/rois/6918_19519.png,/home/tahiti/MARINE_DATASETS/FathomNet_FGVC2025/data/images/6918.png,a7a6df4530bbc5688cb4dd7216d262cf458b8e18faa03ea13e6a803a3a831fb9,dfb703e312c80ad3a3ceb7c1cd945c91be6b86f65a3805f086de39f3066e70ea,6918,0,train,0
19577,6944,18,Corallimorphus pilatus,/home/tahiti/MARINE_DATASETS/FathomNet_FGVC2025/data/rois/6944_19577.png,/home/tahiti/MARINE_DATASETS/FathomNet_FGVC2025/data/images/6944.png,99897fd69aad596d8ee62cdf4d34cbc5b1b855f406966a8943a79624b7f99de8,69911b959d5af2ca88b5adadebd60ed507d0a10cc99ae55982669283c9f9dc4b,6944,0,train,0
19581,6944,43,Microstomus pacificus,/home/tahiti/MARINE_DATASETS/FathomNet_FGVC2025/data/rois/6944_19581.png,/home/tahiti/MARINE_DATASETS/FathomNet_FGVC2025/data/images/6944.png,04ded290a91eb523ddb483cf440cb5bffdac5654fc5e4ba3474f9dcdf49fe416,69911b959d5af2ca88b5adadebd60ed507d0a10cc99ae55982669283c9f9dc4b,6944,0,train,0
19588,6945,26,Gersemia juliepackardae,/home/tahiti/MARINE_DATASETS/FathomNet_FGVC2025/data/rois/6945_19588.png,/home/tahiti/MARINE_DATASETS/FathomNet_FGVC2025/data/images/6945.png,ca6b2d3a0253db8b9c1d546cfd2baf40989f9064037cee960c176cfa2829473d,d3fde58d1828f7e68013e66a4ff61f78b4fa14e0c17db1ec55e489328dd52253,6945,0,train,0
19597,6950,52,Pandalus platyceros,/home/tahiti/MARINE_DATASETS/FathomNet_FGVC2025/data/rois/6950_19597.png,/home/tahiti/MARINE_DATASETS/FathomNet_FGVC2025/data/images/6950.png,54043d3ce50f91e9f47526dfdf15aefa6b0b9aacfc0c77d556b935f969f38c69,550e6cf40b1f572f0b18fdde859a18a9cbe5bc200e4153a5c504ec8423662477,6950,5,train,5
19601,6952,15,Ceriantharia,/home/tahiti/MARINE_DATASETS/FathomNet_FGVC2025/data/rois/6952_19601.png,/home/tahiti/MARINE_DATASETS/FathomNet_FGVC2025/data/images/6952.png,cf756c2139d22ba05d28d1ee8ac9874fda36165c3a474975fd69924224e3f62c,3d17130850b27af103ebba0d1f4da7f4c98c23074269eadce7f20a83b0d604b4,6952,5,train,5
19603,6954,13,Brisingida,/home/tahiti/MARINE_DATASETS/FathomNet_FGVC2025/data/rois/6954_19603.png,/home/tahiti/MARINE_DATASETS/FathomNet_FGVC2025/data/images/6954.png,b4ef7d2a351e0f73b4999d5fe7091246f503e7c13e82f0a14a2082d0354e79c3,de3694edc142c4ffde1e77be7e077ab9d37a309de10a4924a915aeaccdd4b711,6954,4,train,4
19624,6964,6,Actinopterygii,/home/tahiti/MARINE_DATASETS/FathomNet_FGVC2025/data/rois/6964_19624.png,/home/tahiti/MARINE_DATASETS/FathomNet_FGVC2025/data/images/6964.png,81735c237ec5c2ef129bb82ff3ba0cbf216e1583044a0474b63292e92103d354,8d53691e33a570e329836b58273396229ae38827e47c102bf8288a6de49a84bb,6964,2,train,2
19629,6967,13,Brisingida,/home/tahiti/MARINE_DATASETS/FathomNet_FGVC2025/data/rois/6967_19629.png,/home/tahiti/MARINE_DATASETS/FathomNet_FGVC2025/data/images/6967.png,3eac5e65dfbb78a207ddd75ccac6d990744d4570d7cfe3b9c8e6f3faa885d3a8,f45ffa4a1984d8bc366bfe81b67817365d5c2dce2312e75e31c0eda930e5aeb7,6967,0,train,0
19632,6969,10,Asbestopluma monticola,/home/tahiti/MARINE_DATASETS/FathomNet_FGVC2025/data/rois/6969_19632.png,/home/tahiti/MARINE_DATASETS/FathomNet_FGVC2025/data/images/6969.png,33d827d63335d60c411e753fe98151bfbb866161790b3830da5bf8af7fe6c4b7,64fc00cfdeea749f0e51bcc78e56f8fb40814326dadc8e0f656d8e841c884f58,6969,1,train,1
19638,6974,7,Amphipoda,/home/tahiti/MARINE_DATASETS/FathomNet_FGVC2025/data/rois/6974_19638.png,/home/tahiti/MARINE_DATASETS/FathomNet_FGVC2025/data/images/6974.png,9502cb4c53c64bd4660ac7af332e3109afced15697bb0f688c9571b9327d6497,e2ddb8dde1c5353e71cc7197e30ffbcf31549ac883c79af334a4933177cd2d2d,6974,2,train,2
19648,6978,26,Gersemia juliepackardae,/home/tahiti/MARINE_DATASETS/FathomNet_FGVC2025/data/rois/6978_19648.png,/home/tahiti/MARINE_DATASETS/FathomNet_FGVC2025/data/images/6978.png,0bd5cb4f0a92303f7c3d807ea212de52ad052878c14a5af8a9107356c7762599,2c7b1f0a7f90dc9e6f046294a0c3af8020bdfe0d79fcbf4efda2f541f28c1519,6978,0,train,0
19679,6999,9,Asbestopluma,/home/tahiti/MARINE_DATASETS/FathomNet_FGVC2025/data/rois/6999_19679.png,/home/tahiti/MARINE_DATASETS/FathomNet_FGVC2025/data/images/6999.png,523deadecf8f002888ac8c6c3e49d01318b4004e28c9c9d72371f689d460ffea,b9fba8e10077c7df36399f306b125a6088bce7efd79bfd50ea519079781f232a,6999,5,train,5
19690,7004,56,Paralomis multispina,/home/tahiti/MARINE_DATASETS/FathomNet_FGVC2025/data/rois/7004_19690.png,/home/tahiti/MARINE_DATASETS/FathomNet_FGVC2025/data/images/7004.png,babd640f24a967f7e295545b958208d3e81c65a49cb5a2c23394061bced13a07,d713859714a0332a5a04ed5b8fe505ffcb8069b3796027b45ebf2fae461c4df8,7004,4,train,4
19704,7009,9,Asbestopluma,/home/tahiti/MARINE_DATASETS/FathomNet_FGVC2025/data/rois/7009_19704.png,/home/tahiti/MARINE_DATASETS/FathomNet_FGVC2025/data/images/7009.png,7b4c3940acf55514d5c5f052eb8bd7f5d85e7a779f7d2a4fd83e71ca5a37f7fd,a9070c58856e42f0f7f0213621adeeeed538bace5e2cef061a5c999652eb690a,7009,4,train,4
19707,7009,9,Asbestopluma,/home/tahiti/MARINE_DATASETS/FathomNet_FGVC2025/data/rois/7009_19707.png,/home/tahiti/MARINE_DATASETS/FathomNet_FGVC2025/data/images/7009.png,29b8b12a10965e80f0c07d9630765f5bd5d8392204101a239b8f55366f785d3b,a9070c58856e42f0f7f0213621adeeeed538bace5e2cef061a5c999652eb690a,7009,4,train,4
19717,7012,8,Apostichopus leukothele,/home/tahiti/MARINE_DATASETS/FathomNet_FGVC2025/data/rois/7012_19717.png,/home/tahiti/MARINE_DATASETS/FathomNet_FGVC2025/data/images/7012.png,26a5c48e9a150e1756afd75b7b64ae8bc72a07357b154d10d7ac95054a7d4649,8934e8cc161f7c39346f846bc78e682cc86fa63e449357776077eafa474bf036,7012,1,train,1
19718,7013,21,Elpidia,/home/tahiti/MARINE_DATASETS/FathomNet_FGVC2025/data/rois/7013_19718.png,/home/tahiti/MARINE_DATASETS/FathomNet_FGVC2025/data/images/7013.png,e9d165acce149a5f3186da3626aad3247ca70b9ed093f0fcc744576dea65403c,83ab1c9e8d1aa1bd4cdb6c85b14a4eb3a29f9e0bcbdad1ff3d0e6c5d7db674dd,7013,2,train,2
19742,7030,8,Apostichopus leukothele,/home/tahiti/MARINE_DATASETS/FathomNet_FGVC2025/data/rois/7030_19742.png,/home/tahiti/MARINE_DATASETS/FathomNet_FGVC2025/data/images/7030.png,a82cef1f7e8d2e0df3c4f479a554936777d5fb8e7d6953719d4f1f2530e2f426,9c73299f377cdae60b67f3bc35f0d1f3b0720d74b94d92fa1544a1e0e8ca1c7a,7030,0,train,0
19743,7030,8,Apostichopus leukothele,/home/tahiti/MARINE_DATASETS/FathomNet_FGVC2025/data/rois/7030_19743.png,/home/tahiti/MARINE_DATASETS/FathomNet_FGVC2025/data/images/7030.png,acc298ebd561669c1aeeb0a781d4dc7962bb542338c333d0e4ecdbec108ffc44,9c73299f377cdae60b67f3bc35f0d1f3b0720d74b94d92fa1544a1e0e8ca1c7a,7030,0,train,0
19745,7030,8,Apostichopus leukothele,/home/tahiti/MARINE_DATASETS/FathomNet_FGVC2025/data/rois/7030_19745.png,/home/tahiti/MARINE_DATASETS/FathomNet_FGVC2025/data/images/7030.png,0740cfa3550e3be4d3b65e8348879f66cdf98038bc1a8aa21397533bce9b904e,9c73299f377cdae60b67f3bc35f0d1f3b0720d74b94d92fa1544a1e0e8ca1c7a,7030,0,train,0
19752,7034,34,Isidella tentaculum,/home/tahiti/MARINE_DATASETS/FathomNet_FGVC2025/data/rois/7034_19752.png,/home/tahiti/MARINE_DATASETS/FathomNet_FGVC2025/data/images/7034.png,b79f7b5016cbd3a264be4933d41187a46e115194c4feb6ee41e2b89b28945742,3aa2aca53c67631fa3eaba4902cb714b48a2cb360d289fbd53bd2c861e421c3c,7034,4,train,4
19755,7034,34,Isidella tentaculum,/home/tahiti/MARINE_DATASETS/FathomNet_FGVC2025/data/rois/7034_19755.png,/home/tahiti/MARINE_DATASETS/FathomNet_FGVC2025/data/images/7034.png,280afe0c60d151ba24c8aeb6bb9d67e6f8ee3b5de1ee2a83744c5d3517eae5e4,3aa2aca53c67631fa3eaba4902cb714b48a2cb360d289fbd53bd2c861e421c3c,7034,4,train,4
19762,7038,66,Scleractinia,/home/tahiti/MARINE_DATASETS/FathomNet_FGVC2025/data/rois/7038_19762.png,/home/tahiti/MARINE_DATASETS/FathomNet_FGVC2025/data/images/7038.png,532c8a607848e958465db3d9945d5293f39501bb64139051b3f97da99f5ec65b,eaebd62fc57807bccccb6074db3236c404cbcbd05d83821216affbbf5b5cd6f1,7038,5,train,5
19773,7043,40,Mediaster aequalis,/home/tahiti/MARINE_DATASETS/FathomNet_FGVC2025/data/rois/7043_19773.png,/home/tahiti/MARINE_DATASETS/FathomNet_FGVC2025/data/images/7043.png,06746719333f8d0357eda82a4d1fa3909a1d402e08417af86d03a70c1a412171,14752e74e29ee40e363b788edeae59641f47798eba9074b0c5eea0b5dd9131ca,7043,5,train,5
19776,7043,40,Mediaster aequalis,/home/tahiti/MARINE_DATASETS/FathomNet_FGVC2025/data/rois/7043_19776.png,/home/tahiti/MARINE_DATASETS/FathomNet_FGVC2025/data/images/7043.png,7a7d711f7cae1f66962ad4a1b077a92c67bbe7de0a81a237b63ef580de2d94a7,14752e74e29ee40e363b788edeae59641f47798eba9074b0c5eea0b5dd9131ca,7043,5,train,5
19778,7045,57,Parastenella,/home/tahiti/MARINE_DATASETS/FathomNet_FGVC2025/data/rois/7045_19778.png,/home/tahiti/MARINE_DATASETS/FathomNet_FGVC2025/data/images/7045.png,58856f53a032fd07ec7679a8582d658120bd560355a1cc359ea2ea7778a20487,b152414f3bf9c2a3f73cc5c8fd5df253ac7934c55ec5b2d042145a47943c5bb8,7045,0,train,0
19835,7069,66,Scleractinia,/home/tahiti/MARINE_DATASETS/FathomNet_FGVC2025/data/rois/7069_19835.png,/home/tahiti/MARINE_DATASETS/FathomNet_FGVC2025/data/images/7069.png,4223f14f50abc3c1be5a8bb45a7f9fd607a39304cdc1e1451deccfef24e48c0e,d64b21b06627bab90d0a6c1d5dc55c799262a5f513b7daf679a046c755f0e50b,7069,2,train,2
19839,7069,66,Scleractinia,/home/tahiti/MARINE_DATASETS/FathomNet_FGVC2025/data/rois/7069_19839.png,/home/tahiti/MARINE_DATASETS/FathomNet_FGVC2025/data/images/7069.png,61825df2ed4a1d588acca8b85713d550d563f9427ba7132aff441cff0d9a61e6,d64b21b06627bab90d0a6c1d5dc55c799262a5f513b7daf679a046c755f0e50b,7069,2,train,2
19879,7092,9,Asbestopluma,/home/tahiti/MARINE_DATASETS/FathomNet_FGVC2025/data/rois/7092_19879.png,/home/tahiti/MARINE_DATASETS/FathomNet_FGVC2025/data/images/7092.png,5d6ede76a28e7167fcccdfc903d080389caa492177471681934132620f486dfd,7f81310a7f755f870bb836c884549985762517124fc63a6b400776cf3df9f56d,7092,0,train,0
19892,7101,13,Brisingida,/home/tahiti/MARINE_DATASETS/FathomNet_FGVC2025/data/rois/7101_19892.png,/home/tahiti/MARINE_DATASETS/FathomNet_FGVC2025/data/images/7101.png,9182ffc3168da14c0669d2dfe615876f0dc9f11b0a0b0e64c82f5b9f8d1d3e3a,3d0d06a9eb066eb0633e3d8fc88c279c690641bfdbd5182069dcd516512caecc,7101,1,train,1
19896,7104,57,Parastenella,/home/tahiti/MARINE_DATASETS/FathomNet_FGVC2025/data/rois/7104_19896.png,/home/tahiti/MARINE_DATASETS/FathomNet_FGVC2025/data/images/7104.png,23b784b5cdaf1348b32bb09cc2aaa1175d57c39f76d729a70043887d878ad1ab,454a0e814f1bc632f9b944cbd51a371bc969f966fddac4ccb8c112b8a0bf7583,7104,5,train,5
19903,7108,6,Actinopterygii,/home/tahiti/MARINE_DATASETS/FathomNet_FGVC2025/data/rois/7108_19903.png,/home/tahiti/MARINE_DATASETS/FathomNet_FGVC2025/data/images/7108.png,cf285967b887462ebf3e9c959de36a431bf015baef465593bb3618f335f42c0f,20193fd64f0995614f12d5efb1043295cc00abe160bb1cf1cef3672b37963181,7108,0,train,0
19914,7111,9,Asbestopluma,/home/tahiti/MARINE_DATASETS/FathomNet_FGVC2025/data/rois/7111_19914.png,/home/tahiti/MARINE_DATASETS/FathomNet_FGVC2025/data/images/7111.png,5fc2413e9dfb141bbeb5be9ee20bbed0dcc3b4acf968d3aed733136bf65e96b5,ad714f32cc1e56b7fc63ba689525fa0580d35eec82f7b496eae77c57668f9395,7111,2,train,2
19938,7120,61,Psathyrometra fragilis,/home/tahiti/MARINE_DATASETS/FathomNet_FGVC2025/data/rois/7120_19938.png,/home/tahiti/MARINE_DATASETS/FathomNet_FGVC2025/data/images/7120.png,3e2719e266123341ec5fc17fd80cde139aa0b3d8f3882ef3283895f23d0bf2e5,6a0d552fdbef50caaa1e7b0c9536d417a644f1300c03efd7c42673843d65a800,7120,2,train,2
19961,7128,59,Pennatula phosphorea,/home/tahiti/MARINE_DATASETS/FathomNet_FGVC2025/data/rois/7128_19961.png,/home/tahiti/MARINE_DATASETS/FathomNet_FGVC2025/data/images/7128.png,36fa6d8890fdca6d1903303cb432255f73b97c57d925b57cbfe7c8421685aa51,de58f45cd8b063051082d2e92d7be180cfe19f314150f204005fbd7b63f7233d,7128,4,train,4
19967,7128,59,Pennatula phosphorea,/home/tahiti/MARINE_DATASETS/FathomNet_FGVC2025/data/rois/7128_19967.png,/home/tahiti/MARINE_DATASETS/FathomNet_FGVC2025/data/images/7128.png,b0c249c20a9847f772f2b214fb5b2f08f6545207c808922a705f73e77a460b2e,de58f45cd8b063051082d2e92d7be180cfe19f314150f204005fbd7b63f7233d,7128,4,train,4
20031,7166,27,Heterocarpus,/home/tahiti/MARINE_DATASETS/FathomNet_FGVC2025/data/rois/7166_20031.png,/home/tahiti/MARINE_DATASETS/FathomNet_FGVC2025/data/images/7166.png,753fd5068b67999784fe062e8c60fe763717adf9c54036ce92995891f1b38b6c,73f123637459704299e1c6e1a8d06cdd382ec3037a5dce74569d990468b029f3,7166,2,train,2
20050,7176,20,Delectopecten,/home/tahiti/MARINE_DATASETS/FathomNet_FGVC2025/data/rois/7176_20050.png,/home/tahiti/MARINE_DATASETS/FathomNet_FGVC2025/data/images/7176.png,8c9116587f9eac1f42a633d540fbd9fc94675725c0dfb0f8ac16057a05a944c1,6a307ceb4a7a8ae192d28ece8847eedc2b7bb76837f802b15dd4cf0eaaf86e45,7176,4,train,4
20083,7193,15,Ceriantharia,/home/tahiti/MARINE_DATASETS/FathomNet_FGVC2025/data/rois/7193_20083.png,/home/tahiti/MARINE_DATASETS/FathomNet_FGVC2025/data/images/7193.png,920acfc80c9e9e96c0ebc5525cfe91572ade962b06cb7467808c51f18a90ee96,69cd3a3114a997b97b2eb374528ad0ce7d8a0f2f2235ae6619c09c36e03b9015,7193,5,train,5
20094,7204,70,Sebastes diploproa,/home/tahiti/MARINE_DATASETS/FathomNet_FGVC2025/data/rois/7204_20094.png,/home/tahiti/MARINE_DATASETS/FathomNet_FGVC2025/data/images/7204.png,ba6fd396543e1c0e39840b7e40d00cd1b187cb968bd0e975e710f647f65ef7d5,4373edc1fc1fedbdddbd1590508cde53b7c575882ac5f157aff323d96a899918,7204,5,train,5
20102,7209,15,Ceriantharia,/home/tahiti/MARINE_DATASETS/FathomNet_FGVC2025/data/rois/7209_20102.png,/home/tahiti/MARINE_DATASETS/FathomNet_FGVC2025/data/images/7209.png,de899b4fd11f5bdd4ef240e61ed84bd0d7cfa672d86c8a04e61c6f06d085e869,f63e1770475565f0f55f33ef58a4362901a7d443ab7cf76df2c824f832e0e2d0,7209,2,train,2
20125,7220,10,Asbestopluma monticola,/home/tahiti/MARINE_DATASETS/FathomNet_FGVC2025/data/rois/7220_20125.png,/home/tahiti/MARINE_DATASETS/FathomNet_FGVC2025/data/images/7220.png,f9b6e9437ccca48e90acbfaf2a944c9a721b2972d2671bd0c633b874d459c057,bade04f9499e377eaa52d32fb118372b7a793e861556b8d2390b6adf20fbc609,7220,5,train,5
20126,7220,10,Asbestopluma monticola,/home/tahiti/MARINE_DATASETS/FathomNet_FGVC2025/data/rois/7220_20126.png,/home/tahiti/MARINE_DATASETS/FathomNet_FGVC2025/data/images/7220.png,18267425c44fff1ae283e9ae7c9ca762faaf5a2e89de97080fe247536f2a8f76,bade04f9499e377eaa52d32fb118372b7a793e861556b8d2390b6adf20fbc609,7220,5,train,5
20216,7261,57,Parastenella,/home/tahiti/MARINE_DATASETS/FathomNet_FGVC2025/data/rois/7261_20216.png,/home/tahiti/MARINE_DATASETS/FathomNet_FGVC2025/data/images/7261.png,e352eecb4b75c2456fcb27b684a5dafab4a3a729b0229f32237ad8dbb9d84386,2621d555e041b7ec32126a686daa6ad127a86e8e05b8c175d549810e7e274ed4,7261,2,train,2
20232,7265,15,Ceriantharia,/home/tahiti/MARINE_DATASETS/FathomNet_FGVC2025/data/rois/7265_20232.png,/home/tahiti/MARINE_DATASETS/FathomNet_FGVC2025/data/images/7265.png,5374da741eb3284d885a2e80901bcca195ec91fe717a3212c6aff1524a256023,b0a2f58dab360a070a88aa5044ddb5f66c9030ef3f1b694ee88a3a37fa4859b0,7265,1,train,1
20249,7271,78,Vesicomyidae,/home/tahiti/MARINE_DATASETS/FathomNet_FGVC2025/data/rois/7271_20249.png,/home/tahiti/MARINE_DATASETS/FathomNet_FGVC2025/data/images/7271.png,401eddc167b9447a2b43053e11272936241e6b667ca794a7430a5bff3a2da88e,96e80fe046f187a5e0001f51cf824ce26d8d70907a985cd594fc0e89004ca110,7271,4,train,4
20257,7272,48,Ophiacanthidae,/home/tahiti/MARINE_DATASETS/FathomNet_FGVC2025/data/rois/7272_20257.png,/home/tahiti/MARINE_DATASETS/FathomNet_FGVC2025/data/images/7272.png,66ecf8d2aa2275b6eb6d4a00d074a41f0719c2fb73cfd7d74a5a2484339d29f2,d518de3001922a74da6091a586d4521f00a278cf60cfca0add2036d42aa176ff,7272,0,train,0
20284,7288,3,Acanthoptilum,/home/tahiti/MARINE_DATASETS/FathomNet_FGVC2025/data/rois/7288_20284.png,/home/tahiti/MARINE_DATASETS/FathomNet_FGVC2025/data/images/7288.png,dd41153d1e30759b37f902c1dc20983d69eb83eb001f83d10632adefaa8fb907,d0fc42639ec6182fbbb0a92ce32d3f038f36366dc51db7aeecbe61a368c548b8,7288,5,train,5
20314,7299,66,Scleractinia,/home/tahiti/MARINE_DATASETS/FathomNet_FGVC2025/data/rois/7299_20314.png,/home/tahiti/MARINE_DATASETS/FathomNet_FGVC2025/data/images/7299.png,13898ed2cf7cce77372f49dc53c2ad7453df97905d7faf831e639c10ae70972f,bbf83a7ad420882a3bbfd7e2a57026da1c6e8428a0f06359451d107a4818850b,7299,1,train,1
20333,7311,6,Actinopterygii,/home/tahiti/MARINE_DATASETS/FathomNet_FGVC2025/data/rois/7311_20333.png,/home/tahiti/MARINE_DATASETS/FathomNet_FGVC2025/data/images/7311.png,9a760998b6b880062fe55eb96f15f7e22a6999564a3c059cc3154df4a3081fa5,c520085332cbcc0576da12a0b430082b00989c7b48b053524d8e2c4734f581bf,7311,2,train,2
20339,7313,26,Gersemia juliepackardae,/home/tahiti/MARINE_DATASETS/FathomNet_FGVC2025/data/rois/7313_20339.png,/home/tahiti/MARINE_DATASETS/FathomNet_FGVC2025/data/images/7313.png,855d46842a5cd3b5dd207d73301a5d329b42be56a0ea240a1bd5a091a2215e28,15fece70781034516c2865935bf8c9509a9871da21e86de7b1ef2c30caa74fdc,7313,5,train,5
20345,7313,57,Parastenella,/home/tahiti/MARINE_DATASETS/FathomNet_FGVC2025/data/rois/7313_20345.png,/home/tahiti/MARINE_DATASETS/FathomNet_FGVC2025/data/images/7313.png,073f81314fcd88fe846c6d97abc3d97e15a09f0714511cb699f21efa1a68973a,15fece70781034516c2865935bf8c9509a9871da21e86de7b1ef2c30caa74fdc,7313,5,train,5
20350,7313,26,Gersemia juliepackardae,/home/tahiti/MARINE_DATASETS/FathomNet_FGVC2025/data/rois/7313_20350.png,/home/tahiti/MARINE_DATASETS/FathomNet_FGVC2025/data/images/7313.png,b9b9a45f24efe4a72563a39e39705db7195bc2ddfc1564c51d4d0bc39a9673d1,15fece70781034516c2865935bf8c9509a9871da21e86de7b1ef2c30caa74fdc,7313,5,train,5
20354,7313,26,Gersemia juliepackardae,/home/tahiti/MARINE_DATASETS/FathomNet_FGVC2025/data/rois/7313_20354.png,/home/tahiti/MARINE_DATASETS/FathomNet_FGVC2025/data/images/7313.png,ff65b3cd4a983dfb1abacfd055ab20c36ceeeb09bfdbf5b28927bcf677506dd6,15fece70781034516c2865935bf8c9509a9871da21e86de7b1ef2c30caa74fdc,7313,5,train,5
20370,7323,57,Parastenella,/home/tahiti/MARINE_DATASETS/FathomNet_FGVC2025/data/rois/7323_20370.png,/home/tahiti/MARINE_DATASETS/FathomNet_FGVC2025/data/images/7323.png,0c086f41d7c8bcf1ff8da0da55456849686d6fd20cf5865967e4693f94b5e571,f19bcb5416b65ec21bd76cd191437f965085884b96c9618ba8c162f2b2169873,7323,0,train,0
20411,7341,48,Ophiacanthidae,/home/tahiti/MARINE_DATASETS/FathomNet_FGVC2025/data/rois/7341_20411.png,/home/tahiti/MARINE_DATASETS/FathomNet_FGVC2025/data/images/7341.png,194c93d47cc513096bf0b6e8f5ae7408581495307722f9270c653c35e3fe2144,445d4a236756af44cb34447e55c7ea20a3b24a1c1cfa1706aa31cf4f5940979a,7341,5,train,5
20412,7341,48,Ophiacanthidae,/home/tahiti/MARINE_DATASETS/FathomNet_FGVC2025/data/rois/7341_20412.png,/home/tahiti/MARINE_DATASETS/FathomNet_FGVC2025/data/images/7341.png,d1e0afc27c799ed364236ce637cd845dd062d925a2a3ba46aecc2b672c0af5f5,445d4a236756af44cb34447e55c7ea20a3b24a1c1cfa1706aa31cf4f5940979a,7341,5,train,5
20428,7350,46,Mycale,/home/tahiti/MARINE_DATASETS/FathomNet_FGVC2025/data/rois/7350_20428.png,/home/tahiti/MARINE_DATASETS/FathomNet_FGVC2025/data/images/7350.png,eb2affe4f4ad65d3b1194432a2d87435ff23fe457e434f45d5a752df71bf0727,fe3043ebefec5cd561f1b74cb02c1c461bf6487045c875fe55bfc5952f8523c2,7350,0,train,0
20454,7362,1,Abyssocucumis abyssorum,/home/tahiti/MARINE_DATASETS/FathomNet_FGVC2025/data/rois/7362_20454.png,/home/tahiti/MARINE_DATASETS/FathomNet_FGVC2025/data/images/7362.png,e3604ab959b905055194b296bab6b9d63fb9f549419141f0363e655fdc72f0b7,5189e43c2edbc6026765980746d6a477e805c5beb81c6a7a326a6ca00473c5a0,7362,1,train,1
20457,7364,48,Ophiacanthidae,/home/tahiti/MARINE_DATASETS/FathomNet_FGVC2025/data/rois/7364_20457.png,/home/tahiti/MARINE_DATASETS/FathomNet_FGVC2025/data/images/7364.png,90071269ee007eea0acf9fc9c17333ec660addd10b0cbbfd590636e68574042d,33855b0fe0eee36d8fee48361a3146d37bd256a26b2f5c89b6ce13894cc7203d,7364,0,train,0
20474,7371,9,Asbestopluma,/home/tahiti/MARINE_DATASETS/FathomNet_FGVC2025/data/rois/7371_20474.png,/home/tahiti/MARINE_DATASETS/FathomNet_FGVC2025/data/images/7371.png,5556b5dc996c48af352c7c95349dfed0eccb0e5e851f7283b31c172b8969f0eb,d9801ad51b6b2bb9fce699e552630680e611523fa7d298b4886a2203ae008c9d,7371,4,train,4
20485,7379,39,Lithodidae,/home/tahiti/MARINE_DATASETS/FathomNet_FGVC2025/data/rois/7379_20485.png,/home/tahiti/MARINE_DATASETS/FathomNet_FGVC2025/data/images/7379.png,cebdd19d3e94c74b6ed7115e9246b80a8773212dbbcbe5648a4053c253a1516f,41e020ab467f54f54ab6d9cf0fabeb0e1c64c0ade8a8eba816d2887a27cedc9d,7379,1,train,1
20527,7392,27,Heterocarpus,/home/tahiti/MARINE_DATASETS/FathomNet_FGVC2025/data/rois/7392_20527.png,/home/tahiti/MARINE_DATASETS/FathomNet_FGVC2025/data/images/7392.png,93dea3e472d29fc8b6b38aa29b3a7776ee09327e8b8b91fd3ac23de67ee6a4e1,aa932585cdd4ff5075dc624864465c6205955ca244294ae1a463be191ff3afc0,7392,2,train,2
20531,7394,1,Abyssocucumis abyssorum,/home/tahiti/MARINE_DATASETS/FathomNet_FGVC2025/data/rois/7394_20531.png,/home/tahiti/MARINE_DATASETS/FathomNet_FGVC2025/data/images/7394.png,c76b2554772e35adb1d9da585390f52a60182958ec5a2c17858b5e992b8e6b73,91b8784a318beaf1f3f2674633aeef33e1402ed17530c6971a3ea1546b65bb10,7394,2,train,2
20534,7396,17,Chorilia longipes,/home/tahiti/MARINE_DATASETS/FathomNet_FGVC2025/data/rois/7396_20534.png,/home/tahiti/MARINE_DATASETS/FathomNet_FGVC2025/data/images/7396.png,1b5c3055930125727100b1e2a26ff0bf643a09b742cd66e01765ed324309e293,28e7d10c7f4d39ea1aae99afa8d76ffb9a121c89bf47d9a97299bbadc0a870ff,7396,5,train,5
20544,7399,26,Gersemia juliepackardae,/home/tahiti/MARINE_DATASETS/FathomNet_FGVC2025/data/rois/7399_20544.png,/home/tahiti/MARINE_DATASETS/FathomNet_FGVC2025/data/images/7399.png,eaf6e8ef029cc9701f73bad6d61d11c9e68d05f0adb3e45af9d9b048203a89d3,1faae489ab0dfb7deec93c0e36528e380e1a9fa36648fb5291e16514d9c3e359,7399,0,train,0
20546,7400,21,Elpidia,/home/tahiti/MARINE_DATASETS/FathomNet_FGVC2025/data/rois/7400_20546.png,/home/tahiti/MARINE_DATASETS/FathomNet_FGVC2025/data/images/7400.png,0f92db3acb0749259f3819572ad35f9657c74bb1809c24f3d61108ee2b618d53,375aa773b0e805facbec1f024135262535070e65c72108c0414e9ac4cf576830,7400,1,train,1
20553,7404,61,Psathyrometra fragilis,/home/tahiti/MARINE_DATASETS/FathomNet_FGVC2025/data/rois/7404_20553.png,/home/tahiti/MARINE_DATASETS/FathomNet_FGVC2025/data/images/7404.png,313a751fefd540e69794f66e1f1d0ce86a78f499f7bf1f2848d7e61cef66c765,1faf67b4b8c6e4a7dfa72dd33a2ae0be789f28f95b1558d03b81ee001ee9d13e,7404,0,train,0
20559,7409,21,Elpidia,/home/tahiti/MARINE_DATASETS/FathomNet_FGVC2025/data/rois/7409_20559.png,/home/tahiti/MARINE_DATASETS/FathomNet_FGVC2025/data/images/7409.png,5191b0c1136bf4420ff83fec70828f78d46e6fa51565e260db147a532cbef0e8,6ab15f16a8c585409527f8a6f2d94cdcf4d45de3c1f91242956f53f9d9f104b3,7409,2,train,2
20575,7420,1,Abyssocucumis abyssorum,/home/tahiti/MARINE_DATASETS/FathomNet_FGVC2025/data/rois/7420_20575.png,/home/tahiti/MARINE_DATASETS/FathomNet_FGVC2025/data/images/7420.png,ac4253dd8de01bd0a4dc1812928d64f02f813a5818801efe1adba364c37417a2,ff618d0686201592b1ff4fd758cd232e70e5914fb7f0a37e0691d390c7484458,7420,4,train,4
20580,7424,50,Paelopatides confundens,/home/tahiti/MARINE_DATASETS/FathomNet_FGVC2025/data/rois/7424_20580.png,/home/tahiti/MARINE_DATASETS/FathomNet_FGVC2025/data/images/7424.png,35db36c0a394f969ab1ced353b604240627e39ff5dcaf5f79f9e6fd53ece7dd8,cafdf921d9d1f1efa82c5499e22b71bb68f0cd4fd328f7a50abdb2bf229f4ffc,7424,4,train,4
20595,7434,13,Brisingida,/home/tahiti/MARINE_DATASETS/FathomNet_FGVC2025/data/rois/7434_20595.png,/home/tahiti/MARINE_DATASETS/FathomNet_FGVC2025/data/images/7434.png,2e9431bff472da0c29498226485eb6d3c1f9e341d7584a4c3ac769cf9beb6053,2f992cd94aeb0b0a0d059d020c07db8ba6ae54b95a37a903b7d1a1083fe7c8ee,7434,5,train,5
20634,7446,3,Acanthoptilum,/home/tahiti/MARINE_DATASETS/FathomNet_FGVC2025/data/rois/7446_20634.png,/home/tahiti/MARINE_DATASETS/FathomNet_FGVC2025/data/images/7446.png,f747cc087e28113362eea686e6f752878f2ab4e7bd59634c65a12e0bb655a63b,e1c53b414d905d71f6db9c65208c0e926ff9d859ee202d307c5acf3b4b8a310a,7446,4,train,4
20635,7446,3,Acanthoptilum,/home/tahiti/MARINE_DATASETS/FathomNet_FGVC2025/data/rois/7446_20635.png,/home/tahiti/MARINE_DATASETS/FathomNet_FGVC2025/data/images/7446.png,fb7e73a4e70c7242a0033dd4fd024306ca031cac7678334fcbea69f7cd89d43f,e1c53b414d905d71f6db9c65208c0e926ff9d859ee202d307c5acf3b4b8a310a,7446,4,train,4
20647,7447,7,Amphipoda,/home/tahiti/MARINE_DATASETS/FathomNet_FGVC2025/data/rois/7447_20647.png,/home/tahiti/MARINE_DATASETS/FathomNet_FGVC2025/data/images/7447.png,0979844eafab03638ac1c1503ab287a641eff4f2691ba99460dba9057d7f5315,f0361b0f547ebf8e7bc4fa6ee02c06e903987cc97bb5895ea579d64e37473410,7447,4,train,4
20658,7447,7,Amphipoda,/home/tahiti/MARINE_DATASETS/FathomNet_FGVC2025/data/rois/7447_20658.png,/home/tahiti/MARINE_DATASETS/FathomNet_FGVC2025/data/images/7447.png,db16440a670c2a3ed22d7ed94466fe98daeab2dfce29da1b65694b063593cac7,f0361b0f547ebf8e7bc4fa6ee02c06e903987cc97bb5895ea579d64e37473410,7447,4,train,4
20696,7453,78,Vesicomyidae,/home/tahiti/MARINE_DATASETS/FathomNet_FGVC2025/data/rois/7453_20696.png,/home/tahiti/MARINE_DATASETS/FathomNet_FGVC2025/data/images/7453.png,40aef0fa8b10e9765a9ce3529524232ac5d0bffb0b8e827a79aae09cc60bd499,c9b441a64f7bd30e6f4672601b1a9944b65eb89dc5d35ae07a479f6cf1f39efd,7453,2,train,2
20712,7459,75,Terebellidae,/home/tahiti/MARINE_DATASETS/FathomNet_FGVC2025/data/rois/7459_20712.png,/home/tahiti/MARINE_DATASETS/FathomNet_FGVC2025/data/images/7459.png,d049ca726bd13425f0846e6a1f072f419df7fad2a9e2a4383c546f69e5b3b01e,183fa5772fa96ddd2ae35ad3c891bdef3690653f42d3a6ae7917ed0972cd9845,7459,4,train,4
20735,7468,52,Pandalus platyceros,/home/tahiti/MARINE_DATASETS/FathomNet_FGVC2025/data/rois/7468_20735.png,/home/tahiti/MARINE_DATASETS/FathomNet_FGVC2025/data/images/7468.png,a9547f1125067fbb59b8554af4525ff2a3a1e881e7f1669a50daf8273d2da87a,1560b2bfb72ae39fbd9561711edb7b43295e05b7cf54457e94a243da34bde7dc,7468,4,train,4
20736,7468,52,Pandalus platyceros,/home/tahiti/MARINE_DATASETS/FathomNet_FGVC2025/data/rois/7468_20736.png,/home/tahiti/MARINE_DATASETS/FathomNet_FGVC2025/data/images/7468.png,8e6c72d55df4afd29bd5f86eee8c5ce80bf718b55a17740e870176db152b2cc7,1560b2bfb72ae39fbd9561711edb7b43295e05b7cf54457e94a243da34bde7dc,7468,4,train,4
20737,7468,52,Pandalus platyceros,/home/tahiti/MARINE_DATASETS/FathomNet_FGVC2025/data/rois/7468_20737.png,/home/tahiti/MARINE_DATASETS/FathomNet_FGVC2025/data/images/7468.png,d7acaf8489d0a19f4546ca8c2203528c74e19ff3432c893b3f980f22c716f104,1560b2bfb72ae39fbd9561711edb7b43295e05b7cf54457e94a243da34bde7dc,7468,4,train,4
20759,7473,3,Acanthoptilum,/home/tahiti/MARINE_DATASETS/FathomNet_FGVC2025/data/rois/7473_20759.png,/home/tahiti/MARINE_DATASETS/FathomNet_FGVC2025/data/images/7473.png,7d8a12243db0020031ce5e3e583d0858ae98a396743c3aed83c8c2a05fe19243,0e4bca0b3fdbc5c861312e259da2db88f3ac058c51c4af81dc3a8b49452dbb46,7473,5,train,5
20780,7479,75,Terebellidae,/home/tahiti/MARINE_DATASETS/FathomNet_FGVC2025/data/rois/7479_20780.png,/home/tahiti/MARINE_DATASETS/FathomNet_FGVC2025/data/images/7479.png,f2ee39cc71edc8d0eacf528a3d5b26b7783bc59aa51f470481959046cb93667d,27ec8882016ff465be81a6b621fcf243ff6cdef6f82afa959dca12fd7506118a,7479,2,train,2
20794,7490,50,Paelopatides confundens,/home/tahiti/MARINE_DATASETS/FathomNet_FGVC2025/data/rois/7490_20794.png,/home/tahiti/MARINE_DATASETS/FathomNet_FGVC2025/data/images/7490.png,ccd608753f0dae20dbefadab7fa370ae056264708786a67c28b2653549404e00,78e3adb2742671215052286edb7319af68fdcc75c59c1e8f734be574d81a62c2,7490,2,train,2
20801,7492,27,Heterocarpus,/home/tahiti/MARINE_DATASETS/FathomNet_FGVC2025/data/rois/7492_20801.png,/home/tahiti/MARINE_DATASETS/FathomNet_FGVC2025/data/images/7492.png,1581ac95451a6bb8314ed50dee94ff3e742f853c34ba4a078f33a9ab8a0e5b8a,58b98164dd9814b63d3fd29daa58085bc0f88aff0e054d127de62dbe5e148f61,7492,0,train,0
20880,7523,12,Benthocodon pedunculata,/home/tahiti/MARINE_DATASETS/FathomNet_FGVC2025/data/rois/7523_20880.png,/home/tahiti/MARINE_DATASETS/FathomNet_FGVC2025/data/images/7523.png,0d13432e0e1491d42d1a6a8846885c6fb161e074c112fafa30b7d61105d2f21d,36a9f07d71510cb7a2b616728cd35aebed82f5f9e7a239899251b5c6e1456c8b,7523,0,train,0
20888,7526,15,Ceriantharia,/home/tahiti/MARINE_DATASETS/FathomNet_FGVC2025/data/rois/7526_20888.png,/home/tahiti/MARINE_DATASETS/FathomNet_FGVC2025/data/images/7526.png,a132c5210fb1b01c4879627dbfec8a12d36217227bb127f697c058f372f49aa7,8a9801e5cf0be37221e42dbbd446dd28d3fb2f24aab14fb4d2173ca521bb6c87,7526,0,train,0
20906,7539,12,Benthocodon pedunculata,/home/tahiti/MARINE_DATASETS/FathomNet_FGVC2025/data/rois/7539_20906.png,/home/tahiti/MARINE_DATASETS/FathomNet_FGVC2025/data/images/7539.png,5d1d561f06490299175d84fd78a074ffe128e213b5f4536851e38bab47377467,e67967dfaab76292e2d32b286712028b2827aa3150e01b90392f5d982d16be78,7539,2,train,2
20909,7541,15,Ceriantharia,/home/tahiti/MARINE_DATASETS/FathomNet_FGVC2025/data/rois/7541_20909.png,/home/tahiti/MARINE_DATASETS/FathomNet_FGVC2025/data/images/7541.png,f2934dab1dfc5f074bca85afd847641078e718a85b9e3ba76430536df0d8ec80,05431e3dc2062186a3bdc8aae7ed0eedff5b51158cb8bf8a1f66649bc85b1b27,7541,2,train,2
20914,7545,1,Abyssocucumis abyssorum,/home/tahiti/MARINE_DATASETS/FathomNet_FGVC2025/data/rois/7545_20914.png,/home/tahiti/MARINE_DATASETS/FathomNet_FGVC2025/data/images/7545.png,d5bda194d094fb7dc7aafdf1579e1b9c754b0a2673f724e9b52e01db1f15d283,55dbf3e4a45b0c7198daa7dab1ca82f6d751b9fd4483baac293aef131f73a58f,7545,1,train,1
20926,7556,8,Apostichopus leukothele,/home/tahiti/MARINE_DATASETS/FathomNet_FGVC2025/data/rois/7556_20926.png,/home/tahiti/MARINE_DATASETS/FathomNet_FGVC2025/data/images/7556.png,349146b7df162bd7ce2102e94d88fd0631e05aafa5b59ab0a7720df3159f126c,333b61d1962771e7aedb148230eefc3db8bf8dd9626403366e3b655ea82ac3c5,7556,5,train,5
20974,7581,57,Parastenella,/home/tahiti/MARINE_DATASETS/FathomNet_FGVC2025/data/rois/7581_20974.png,/home/tahiti/MARINE_DATASETS/FathomNet_FGVC2025/data/images/7581.png,09bc516d041fdb4c2f9f669c96398c2df635edca086eb9af70e2c036b06dea46,eabc99f8c83671aeceaee35c499858062b8c95ca89cf52917ecd52093d4795b6,7581,1,train,1
20984,7581,9,Asbestopluma,/home/tahiti/MARINE_DATASETS/FathomNet_FGVC2025/data/rois/7581_20984.png,/home/tahiti/MARINE_DATASETS/FathomNet_FGVC2025/data/images/7581.png,e0cc022be6665bf6f82b7450dc3caf8305a73d6ed722bdc31469d7d952638c38,eabc99f8c83671aeceaee35c499858062b8c95ca89cf52917ecd52093d4795b6,7581,1,train,1
20994,7582,2,Acanthascinae,/home/tahiti/MARINE_DATASETS/FathomNet_FGVC2025/data/rois/7582_20994.png,/home/tahiti/MARINE_DATASETS/FathomNet_FGVC2025/data/images/7582.png,a0d26237089da2e1f84b9e6311975d9e0a870c9f85574c83ef8b4a07bf5e79d8,49e7b74e23575808691683cb167fba7f0242d81ef84a564f29661d9a543c2bd9,7582,5,train,5
21015,7595,21,Elpidia,/home/tahiti/MARINE_DATASETS/FathomNet_FGVC2025/data/rois/7595_21015.png,/home/tahiti/MARINE_DATASETS/FathomNet_FGVC2025/data/images/7595.png,b20454c4a8897c5f183202d0dcac438585f4b6d0427a23975e4611943edba045,fd4698a0eb65cabb9ae2e847d0b7f46cb61630709920bf9e152b2ac98924ece6,7595,5,train,5
21025,7602,70,Sebastes diploproa,/home/tahiti/MARINE_DATASETS/FathomNet_FGVC2025/data/rois/7602_21025.png,/home/tahiti/MARINE_DATASETS/FathomNet_FGVC2025/data/images/7602.png,6270073ccefafa88f46b486d3c3d47517768b836305cf9a04eee796896bdf907,d9687a3d58f04de8d87d5c9c97b6e9ad20138e8c5a179b8c5dc1d9ab2631cdd0,7602,0,train,0
21080,7611,1,Abyssocucumis abyssorum,/home/tahiti/MARINE_DATASETS/FathomNet_FGVC2025/data/rois/7611_21080.png,/home/tahiti/MARINE_DATASETS/FathomNet_FGVC2025/data/images/7611.png,4cfeec01498a5f0f68020aac9883b4fca8b31ee763c1e0b5e71f4d489b0502b0,39c4a0cc8eacc4e4dd4567bf2bc0a6b31cf87183dd933ce5cf532e3c03d55463,7611,0,train,0
21083,7613,61,Psathyrometra fragilis,/home/tahiti/MARINE_DATASETS/FathomNet_FGVC2025/data/rois/7613_21083.png,/home/tahiti/MARINE_DATASETS/FathomNet_FGVC2025/data/images/7613.png,32f31505956b9173698001027b831b75eefe75604c2aa52a8c2721f80c0bf947,6d5945a2f5a148d8f12e44e8a4706ca26499e7c1af96c1b937dce93213ffbd7f,7613,2,train,2
21087,7614,17,Chorilia longipes,/home/tahiti/MARINE_DATASETS/FathomNet_FGVC2025/data/rois/7614_21087.png,/home/tahiti/MARINE_DATASETS/FathomNet_FGVC2025/data/images/7614.png,5d757d336363a34088e21fdc4f805c9bdd7bd5d42949a097275c520d860172a4,9916d5d5406d8d48a1159a69efcc72c6a3b08c4811288007ae6d2c97af245c44,7614,5,train,5
21110,7625,12,Benthocodon pedunculata,/home/tahiti/MARINE_DATASETS/FathomNet_FGVC2025/data/rois/7625_21110.png,/home/tahiti/MARINE_DATASETS/FathomNet_FGVC2025/data/images/7625.png,110839f71dab53109d15e77cc5e304f72261e1020658fc9c0bd3fff3b5f7d177,fb9ec92aa2bec9be7280e79ed0f13d24346c089f18cdfcee915de57e5d029a19,7625,0,train,0
21123,7631,9,Asbestopluma,/home/tahiti/MARINE_DATASETS/FathomNet_FGVC2025/data/rois/7631_21123.png,/home/tahiti/MARINE_DATASETS/FathomNet_FGVC2025/data/images/7631.png,721510cc6157fc3fd857f3b53e8115ca42277fed02a1968ab88a55ad405b8210,5296b3ea365f4af751ba3f6b7cb101cc7e5060b29534a80fe55f5bf94194f6ef,7631,4,train,4
21132,7634,13,Brisingida,/home/tahiti/MARINE_DATASETS/FathomNet_FGVC2025/data/rois/7634_21132.png,/home/tahiti/MARINE_DATASETS/FathomNet_FGVC2025/data/images/7634.png,b3c713616521b1f5807368d78b41012be1b68d3e21899ff2da731d0d44ed7c5a,ce84a0d1261b56e01128415c86ea02396755c8bd6cf546268f99cd8adba8c610,7634,5,train,5
21151,7645,48,Ophiacanthidae,/home/tahiti/MARINE_DATASETS/FathomNet_FGVC2025/data/rois/7645_21151.png,/home/tahiti/MARINE_DATASETS/FathomNet_FGVC2025/data/images/7645.png,2c1c152585c5542390bbaf71fcdedea38d3d09c3a095e21115d0bb555c1f658f,0c94c547c1c24abb6c0514b8052858f7dd5433bdaa36cdb58fe0b1a19e8917f1,7645,0,train,0
21158,7649,21,Elpidia,/home/tahiti/MARINE_DATASETS/FathomNet_FGVC2025/data/rois/7649_21158.png,/home/tahiti/MARINE_DATASETS/FathomNet_FGVC2025/data/images/7649.png,94f75aeaef68e2ea93405a26fe0029bf51257ffea27a648e7c3fa52e645aa75a,fecc31d4ac0992a197fac00b9b83fc2b9c05a216e0cfc041ebf010a3f5087e59,7649,0,train,0
21180,7661,1,Abyssocucumis abyssorum,/home/tahiti/MARINE_DATASETS/FathomNet_FGVC2025/data/rois/7661_21180.png,/home/tahiti/MARINE_DATASETS/FathomNet_FGVC2025/data/images/7661.png,11ef154995be4f705ce817ee091832144619f5da22613834a2ce23706ca9107a,0b91995e105cc5723da63556434e6f8eee320b4324b8aaa75c56e40e3b565c54,7661,0,train,0
21190,7663,26,Gersemia juliepackardae,/home/tahiti/MARINE_DATASETS/FathomNet_FGVC2025/data/rois/7663_21190.png,/home/tahiti/MARINE_DATASETS/FathomNet_FGVC2025/data/images/7663.png,e34f7c91b9373ff29d2ffb37b7aa72e97f8b20679779a87bedfe1adc4416aa39,4da15d43797ae6eb062ab99e92276c99c23a82df33a890d3f625b31dfa94b3c7,7663,2,train,2
21194,7666,21,Elpidia,/home/tahiti/MARINE_DATASETS/FathomNet_FGVC2025/data/rois/7666_21194.png,/home/tahiti/MARINE_DATASETS/FathomNet_FGVC2025/data/images/7666.png,71cb0aeb64788f009c5e09dac1629f8f935d3569b4c4932394c9afc5e401c046,f2a171445b23be6bb465698d883169fcc03ea620aa9df4062ec7462a4d479614,7666,0,train,0
21212,7680,50,Paelopatides confundens,/home/tahiti/MARINE_DATASETS/FathomNet_FGVC2025/data/rois/7680_21212.png,/home/tahiti/MARINE_DATASETS/FathomNet_FGVC2025/data/images/7680.png,b687c22fb5b524a5aa9d27ecc6dfdae747c65f0a4bda2ba45572fe3e7f48591a,f5b562881d67bd2d86682818728d955dff92babf788f51a2361da7ff9a555eb7,7680,0,train,0
21228,7687,61,Psathyrometra fragilis,/home/tahiti/MARINE_DATASETS/FathomNet_FGVC2025/data/rois/7687_21228.png,/home/tahiti/MARINE_DATASETS/FathomNet_FGVC2025/data/images/7687.png,197cd493a23ec20428115794a6f1a14112d5a2236b6a6af3641bc4cbf69ed035,1335e3d3ff2b5d52139ebc97e7615978530be9ba1ca3b26ed1b7fe2c9d1ef857,7687,4,train,4
21240,7689,8,Apostichopus leukothele,/home/tahiti/MARINE_DATASETS/FathomNet_FGVC2025/data/rois/7689_21240.png,/home/tahiti/MARINE_DATASETS/FathomNet_FGVC2025/data/images/7689.png,50ee6e284da37b2a7ef00ca709c114e46858832ce4a76db8c0315f963c0d76c8,da89d4111c70d5fe2d3d98ae1c04dceddffcad255102ba63370cd1a4ba687995,7689,0,train,0
21256,7696,48,Ophiacanthidae,/home/tahiti/MARINE_DATASETS/FathomNet_FGVC2025/data/rois/7696_21256.png,/home/tahiti/MARINE_DATASETS/FathomNet_FGVC2025/data/images/7696.png,1dabb7ab1d5b77f7911080960dc64cae14793d8cb7f2809c2a4e173a6f497213,a2d695d02a9e34d5efcba2d0aa0b1129d1ccef09bc2b5122d60d1f94a5c7cef6,7696,5,train,5
21268,7702,39,Lithodidae,/home/tahiti/MARINE_DATASETS/FathomNet_FGVC2025/data/rois/7702_21268.png,/home/tahiti/MARINE_DATASETS/FathomNet_FGVC2025/data/images/7702.png,5f5465e39ebc699339e0f0eceabe393fcc5d7439b08e8b9bb839cfedf3a0d921,9e4c27d6e28a07d8a795ea01e51c4431ebaa6dcf8e841822b3a8cd0f36ba3ac8,7702,2,train,2
21273,7706,27,Heterocarpus,/home/tahiti/MARINE_DATASETS/FathomNet_FGVC2025/data/rois/7706_21273.png,/home/tahiti/MARINE_DATASETS/FathomNet_FGVC2025/data/images/7706.png,6d2c44378d4b9c7ee14e4e5e503b2cd50616a32f65aa2c033034cb52250b1fc3,2735083b306ac5fb0541124cb95e24bd9b3fd3970338029f2670417bc08a5bd6,7706,1,train,1
21297,7717,61,Psathyrometra fragilis,/home/tahiti/MARINE_DATASETS/FathomNet_FGVC2025/data/rois/7717_21297.png,/home/tahiti/MARINE_DATASETS/FathomNet_FGVC2025/data/images/7717.png,4471428b8271dd773f4b2288ebeebc47d13b34e4c61f4d10638d0c2f3358b9ba,1190f3ba0771d44e45d1ba75c0bf3f15417e0b84887b7c2c0efe78bc9d7cc523,7717,1,train,1
21298,7717,61,Psathyrometra fragilis,/home/tahiti/MARINE_DATASETS/FathomNet_FGVC2025/data/rois/7717_21298.png,/home/tahiti/MARINE_DATASETS/FathomNet_FGVC2025/data/images/7717.png,3d01507be0439125213d6e8cb17ba095d4c9c041807f1d445c95cb2c01a844a6,1190f3ba0771d44e45d1ba75c0bf3f15417e0b84887b7c2c0efe78bc9d7cc523,7717,1,train,1
21305,7719,26,Gersemia juliepackardae,/home/tahiti/MARINE_DATASETS/FathomNet_FGVC2025/data/rois/7719_21305.png,/home/tahiti/MARINE_DATASETS/FathomNet_FGVC2025/data/images/7719.png,0fed1d01fd7d2f53ecd9121d4d2aacbd13608d3a3b02b916727633986af70b1e,e65589462cc648f649b9025bc07a3a855a1b17d1e0499547af20cf33d88a3e1d,7719,2,train,2
21332,7727,39,Lithodidae,/home/tahiti/MARINE_DATASETS/FathomNet_FGVC2025/data/rois/7727_21332.png,/home/tahiti/MARINE_DATASETS/FathomNet_FGVC2025/data/images/7727.png,509c6647f5701f38b27956ca7d869ad7dfadae90535cb87e0d67241367b0b54f,823cb7d49bb2427239807bccb753a73d3d237484948af5c18247cd07cef69249,7727,1,train,1
21336,7731,13,Brisingida,/home/tahiti/MARINE_DATASETS/FathomNet_FGVC2025/data/rois/7731_21336.png,/home/tahiti/MARINE_DATASETS/FathomNet_FGVC2025/data/images/7731.png,cb8bfdf9b68f8eb014836c06ceac19f252a7c5a1cacf99555d94788727fa00ab,88f10b143126633562df89d8461598523d557f2765e49edf1884fe79978083f7,7731,0,train,0
21339,7732,23,Florometra serratissima,/home/tahiti/MARINE_DATASETS/FathomNet_FGVC2025/data/rois/7732_21339.png,/home/tahiti/MARINE_DATASETS/FathomNet_FGVC2025/data/images/7732.png,a13e9a99f6bc5f8ea6b3c85bb63f6df45ba638c1df43cdd760b0377b8725d79a,b2e1a74368ea74ab9d52fbb09531d36d44d02e5f4d01e49e927da52b6846fdbf,7732,5,train,5
21347,7738,23,Florometra serratissima,/home/tahiti/MARINE_DATASETS/FathomNet_FGVC2025/data/rois/7738_21347.png,/home/tahiti/MARINE_DATASETS/FathomNet_FGVC2025/data/images/7738.png,7fb88bf84ca11d2919f1e4e280a76a73515ca7aa596184af3da0a8f9b3b58301,5a631113c00052f1da45a06f0e848d7938b090130dae8da5ad495569e9fa59e0,7738,1,train,1
21348,7739,1,Abyssocucumis abyssorum,/home/tahiti/MARINE_DATASETS/FathomNet_FGVC2025/data/rois/7739_21348.png,/home/tahiti/MARINE_DATASETS/FathomNet_FGVC2025/data/images/7739.png,7e886653e45e2422d5a8045ac2cbfe5de015301e08809728799f35900d54ef3c,a2ee1dce4b0ff6944caad9e271afbafd0cc8b57e6d6d8c671b4df248d8da905a,7739,2,train,2
21353,7744,70,Sebastes diploproa,/home/tahiti/MARINE_DATASETS/FathomNet_FGVC2025/data/rois/7744_21353.png,/home/tahiti/MARINE_DATASETS/FathomNet_FGVC2025/data/images/7744.png,76882005ccfe42c87751e59464e2bb1b4eb2c318019e1bc60a7fe55a618b4892,8561f13a15e9b6d79f97aa1782448fa8e6c582fcf8292e7c72cd10afdc6eaf49,7744,0,train,0
21361,7750,26,Gersemia juliepackardae,/home/tahiti/MARINE_DATASETS/FathomNet_FGVC2025/data/rois/7750_21361.png,/home/tahiti/MARINE_DATASETS/FathomNet_FGVC2025/data/images/7750.png,354b30c7b0af0dc4b846ba1506ed64b87db372f56acbffd7e4a8a04c77c7de78,0781139bd65075a477d237996f02242441c144dcad87616361238b6ee3def5fc,7750,1,train,1
21377,7759,23,Florometra serratissima,/home/tahiti/MARINE_DATASETS/FathomNet_FGVC2025/data/rois/7759_21377.png,/home/tahiti/MARINE_DATASETS/FathomNet_FGVC2025/data/images/7759.png,d994268cd4fb9e8a709735241ade660c4fc5af104162c43597a449b6b8860cf1,bf6691d0a448035b2284774fc0c826fbcb3c3d4151d3783dc6f601a6a54b59c8,7759,1,train,1
21394,7768,75,Terebellidae,/home/tahiti/MARINE_DATASETS/FathomNet_FGVC2025/data/rois/7768_21394.png,/home/tahiti/MARINE_DATASETS/FathomNet_FGVC2025/data/images/7768.png,ffff5046a8b4ad39c417407530b08d49fe910589c5ba1ce6276123e4088d381e,b8b4eab2990de8502f28e3f31c8d5dab51e6b394bb16bad17ecc8f3f45074c50,7768,5,train,5
21412,7785,46,Mycale,/home/tahiti/MARINE_DATASETS/FathomNet_FGVC2025/data/rois/7785_21412.png,/home/tahiti/MARINE_DATASETS/FathomNet_FGVC2025/data/images/7785.png,3f8b8d4298b91f2f28a8edf5d0a9249c20d250d49c97621dfee45f14704ccf7e,eedd185cbd8399b2b4c768ba0820d9109fb6581adcffd8d685b5ecc8ba6f0cf8,7785,4,train,4
21464,7820,39,Lithodidae,/home/tahiti/MARINE_DATASETS/FathomNet_FGVC2025/data/rois/7820_21464.png,/home/tahiti/MARINE_DATASETS/FathomNet_FGVC2025/data/images/7820.png,eadf796ab660fdf76441c5b9c913150a97d0dd845a4691ce1b4339d0cf51dbd6,d57bafd06c0c7ab84cb01d1f6f5a6d599fdf3b0fc2d7f5ca2a7f88e30393f09c,7820,0,train,0
21518,7845,61,Psathyrometra fragilis,/home/tahiti/MARINE_DATASETS/FathomNet_FGVC2025/data/rois/7845_21518.png,/home/tahiti/MARINE_DATASETS/FathomNet_FGVC2025/data/images/7845.png,5e9b5c066a2c7177ddea91bb90b6299ee7244ccc1db206aed617846a23bd9c0a,07be172deb6003f9c1fb2dc5706297ed0f7ea11fd9eb68597a783fc521063f88,7845,4,train,4
21526,7848,17,Chorilia longipes,/home/tahiti/MARINE_DATASETS/FathomNet_FGVC2025/data/rois/7848_21526.png,/home/tahiti/MARINE_DATASETS/FathomNet_FGVC2025/data/images/7848.png,06c6e715c2c3e36cff929a17259c1653d7cc59d02e9ae20ff410ff059c8ff8b8,c978e6855e336e2c5fba8fdf51cb2ad2e7abd001a18c72097d449260912902a3,7848,2,train,2
21537,7857,10,Asbestopluma monticola,/home/tahiti/MARINE_DATASETS/FathomNet_FGVC2025/data/rois/7857_21537.png,/home/tahiti/MARINE_DATASETS/FathomNet_FGVC2025/data/images/7857.png,9f95280120a6af943932cb246fc99333dca247c5aadd705cc73ec735f46f08e9,742387476217da1c6fd730d854624035078845e70c3d974a64fb32dd900f6a4c,7857,4,train,4
21548,7863,1,Abyssocucumis abyssorum,/home/tahiti/MARINE_DATASETS/FathomNet_FGVC2025/data/rois/7863_21548.png,/home/tahiti/MARINE_DATASETS/FathomNet_FGVC2025/data/images/7863.png,aae3de08af361cec83d04c127877eb28ee2a0c80f75d90c8e97a68ce248e62df,852e111c5ac76ce47045d554d2903042f55bc3d028282edc4fe45b88b0968034,7863,2,train,2
21557,7867,50,Paelopatides confundens,/home/tahiti/MARINE_DATASETS/FathomNet_FGVC2025/data/rois/7867_21557.png,/home/tahiti/MARINE_DATASETS/FathomNet_FGVC2025/data/images/7867.png,b3ca4f490e0c7134ce1480cd59e9bbe0f2e51aa2aeb5af4f3697f3961849a336,5e874be3354e7095bed5a95e2894de8e671861fcdb8a106ba906644c2e776ef0,7867,4,train,4
21583,7884,50,Paelopatides confundens,/home/tahiti/MARINE_DATASETS/FathomNet_FGVC2025/data/rois/7884_21583.png,/home/tahiti/MARINE_DATASETS/FathomNet_FGVC2025/data/images/7884.png,6cd1f56338e0d333619676f225271c6eda5c09b3330c33302084664138f0c6f7,4f15941f998b4c6e9c260ef94de13c79978bb2ac8492814dc60006ab67dc638f,7884,1,train,1
21608,7893,12,Benthocodon pedunculata,/home/tahiti/MARINE_DATASETS/FathomNet_FGVC2025/data/rois/7893_21608.png,/home/tahiti/MARINE_DATASETS/FathomNet_FGVC2025/data/images/7893.png,77f3fc34daacbfcc598f5442efec2132f4244f72831fb69c611f85195cf431fe,273e790d714666f0b719e270fb38a52b36fdfdcdcd16d8cba93ec2f43619cc1a,7893,2,train,2
21611,7893,12,Benthocodon pedunculata,/home/tahiti/MARINE_DATASETS/FathomNet_FGVC2025/data/rois/7893_21611.png,/home/tahiti/MARINE_DATASETS/FathomNet_FGVC2025/data/images/7893.png,92a68e01fe6d61253af72ea81984ad21681919bb0f5c29856265480e5152c7b5,273e790d714666f0b719e270fb38a52b36fdfdcdcd16d8cba93ec2f43619cc1a,7893,2,train,2
21615,7894,27,Heterocarpus,/home/tahiti/MARINE_DATASETS/FathomNet_FGVC2025/data/rois/7894_21615.png,/home/tahiti/MARINE_DATASETS/FathomNet_FGVC2025/data/images/7894.png,271a7a3e36a3951c92287ac465054825bd6fd642685721dd71250021274018bc,d23f49606086cbefd4eedd5641514a99ae7c8dc7d2b80cb3d3b6f960155fe693,7894,4,train,4
21627,7903,13,Brisingida,/home/tahiti/MARINE_DATASETS/FathomNet_FGVC2025/data/rois/7903_21627.png,/home/tahiti/MARINE_DATASETS/FathomNet_FGVC2025/data/images/7903.png,c8e3347c739986e77fc418d4efe2d7e98960ff33713f528eb6b5a7f13f376958,8fc4050f7b05ba824c5004017784165ebf1e66b51d5fa6ac8cdf8e4c613af517,7903,0,train,0
21643,7905,75,Terebellidae,/home/tahiti/MARINE_DATASETS/FathomNet_FGVC2025/data/rois/7905_21643.png,/home/tahiti/MARINE_DATASETS/FathomNet_FGVC2025/data/images/7905.png,f1e69f8ba0339e2166717e24d019f328885fdb5cb355d70bf5e700113c0a6aeb,ef0e6ab4b0bc05f27c20321e4b50542bff7601e124dcc296a43b77ee2a56a648,7905,1,train,1
21657,7911,23,Florometra serratissima,/home/tahiti/MARINE_DATASETS/FathomNet_FGVC2025/data/rois/7911_21657.png,/home/tahiti/MARINE_DATASETS/FathomNet_FGVC2025/data/images/7911.png,c44f61716a91c5ce9fefbbabc76f9306ee930be038b56dd1441b00b7e4d59e6b,f834c36765d61d87956393b6bb0c63ac6b3e301b27343f7e9e7b5ee38df3d678,7911,2,train,2
21658,7911,23,Florometra serratissima,/home/tahiti/MARINE_DATASETS/FathomNet_FGVC2025/data/rois/7911_21658.png,/home/tahiti/MARINE_DATASETS/FathomNet_FGVC2025/data/images/7911.png,ecb9ccf3b80e41bbaa6c156ef23f519d31af23fd37579ef4eeb96e0a8c102be1,f834c36765d61d87956393b6bb0c63ac6b3e301b27343f7e9e7b5ee38df3d678,7911,2,train,2
21667,7920,48,Ophiacanthidae,/home/tahiti/MARINE_DATASETS/FathomNet_FGVC2025/data/rois/7920_21667.png,/home/tahiti/MARINE_DATASETS/FathomNet_FGVC2025/data/images/7920.png,03c2b622fec745e92bf736845dcb305455ed68f2e344d7f62fa330c4e2542324,05b7451381f9faece051375da99ecee03bc4ca3e7dc025e20241b554a91bc5b0,7920,1,train,1
21673,7924,50,Paelopatides confundens,/home/tahiti/MARINE_DATASETS/FathomNet_FGVC2025/data/rois/7924_21673.png,/home/tahiti/MARINE_DATASETS/FathomNet_FGVC2025/data/images/7924.png,79cd3d8430691c919546de89e21daecf40086326655ff76161b26996ec3ba690,56b6b34f68d76b1c1fd69b8c2870f34cf46098b4ea1e8d69bfadef4dda9c8b69,7924,2,train,2
21680,7930,3,Acanthoptilum,/home/tahiti/MARINE_DATASETS/FathomNet_FGVC2025/data/rois/7930_21680.png,/home/tahiti/MARINE_DATASETS/FathomNet_FGVC2025/data/images/7930.png,853863a9766fa863bd85fc2ff2d929b8346732fdc8fa0e1771268515c8225738,b97f89017d8a3c77d00e3a4e8d4f8766826a193d0ed423aad1d0d83bb4964aa2,7930,1,train,1
21691,7936,13,Brisingida,/home/tahiti/MARINE_DATASETS/FathomNet_FGVC2025/data/rois/7936_21691.png,/home/tahiti/MARINE_DATASETS/FathomNet_FGVC2025/data/images/7936.png,1bc0af0c4eb95bf75c2ab53b6d5f4e5869d54e112cbf83263e7fc089e0d70bed,914c44cbad0c2bae4830a319fb092ce61d2300e60eb99f344f28357ae37ea577,7936,4,train,4
21706,7942,61,Psathyrometra fragilis,/home/tahiti/MARINE_DATASETS/FathomNet_FGVC2025/data/rois/7942_21706.png,/home/tahiti/MARINE_DATASETS/FathomNet_FGVC2025/data/images/7942.png,5050e3dae34b9159b23ed6abc0a9a7ea7a5db581a72890f01b1830e7bd6f3e9a,f63448f3f7c0bf40622436e2b200d667420d9638625cddc5bf5b7ee4a10257c6,7942,0,train,0
21713,7949,17,Chorilia longipes,/home/tahiti/MARINE_DATASETS/FathomNet_FGVC2025/data/rois/7949_21713.png,/home/tahiti/MARINE_DATASETS/FathomNet_FGVC2025/data/images/7949.png,00e20dc6ebbd40971d49fa30dfde048ff44ac5071ba6578ce2edac1256637ae8,05cd690e3aea8147ad3e8b99a26d7f416da3ba02583a89b611c855668a1cf173,7949,1,train,1
21723,7952,70,Sebastes diploproa,/home/tahiti/MARINE_DATASETS/FathomNet_FGVC2025/data/rois/7952_21723.png,/home/tahiti/MARINE_DATASETS/FathomNet_FGVC2025/data/images/7952.png,11baf4c3f956c151b7273b2697d15c24fdfe340f20bc52c34a96f7168d57d89b,eddf617d475bb395c98300bacd2a4b8e8efa121f8769aa6bad0d656a971e3d8a,7952,0,train,0
21725,7954,50,Paelopatides confundens,/home/tahiti/MARINE_DATASETS/FathomNet_FGVC2025/data/rois/7954_21725.png,/home/tahiti/MARINE_DATASETS/FathomNet_FGVC2025/data/images/7954.png,f94ab86afe81ac4148051cc194598d178d6388c304112c60d0aad625c8ffc525,be07bd62e8025a662c84bee9ece2988a91c172f572a4dd3021c450fe86a02862,7954,4,train,4
21758,7976,12,Benthocodon pedunculata,/home/tahiti/MARINE_DATASETS/FathomNet_FGVC2025/data/rois/7976_21758.png,/home/tahiti/MARINE_DATASETS/FathomNet_FGVC2025/data/images/7976.png,76575bbee9914a79c3ab9dc154ff55ae7345f3ca2fd88c77e55ad54e00705a9b,6464ebebd624843ea8f290184233a3526d1fcf92ce75009df2f57ac46dd70ac4,7976,1,train,1
21792,7991,3,Acanthoptilum,/home/tahiti/MARINE_DATASETS/FathomNet_FGVC2025/data/rois/7991_21792.png,/home/tahiti/MARINE_DATASETS/FathomNet_FGVC2025/data/images/7991.png,b30beb0d1512ec05628f2e301cddedf3bae4c60e80583048b1171585ecaf3af4,a33c53f1b739af23457fd45475772d08388236559f140d3d1c4bad52c9984425,7991,2,train,2
21802,7997,2,Acanthascinae,/home/tahiti/MARINE_DATASETS/FathomNet_FGVC2025/data/rois/7997_21802.png,/home/tahiti/MARINE_DATASETS/FathomNet_FGVC2025/data/images/7997.png,5599b594f0e099bc826fea0f8812c0d72cb59f1943065acde30fd189cdea4c9c,3c94f466787f77984f9749243bd39aac733d2df5f42d72fae5ca78b22dc935da,7997,2,train,2
21808,8002,17,Chorilia longipes,/home/tahiti/MARINE_DATASETS/FathomNet_FGVC2025/data/rois/8002_21808.png,/home/tahiti/MARINE_DATASETS/FathomNet_FGVC2025/data/images/8002.png,8a4787a6e40c5d0503c6af404fe887b6ea20a19a2f577c18bece07a595f4e9c7,049febcbf0f325345860bb61faeca5b566223ee634e9697afba8192238215351,8002,5,train,5
21813,8006,20,Delectopecten,/home/tahiti/MARINE_DATASETS/FathomNet_FGVC2025/data/rois/8006_21813.png,/home/tahiti/MARINE_DATASETS/FathomNet_FGVC2025/data/images/8006.png,fac9f1f9de297e6dc427b55244bc26fb8b933acbe0b3e37068db4258661c5533,88d7b204133afa3321c9c5d1fc22a41251df818a6081ddfdcf887996146d5f86,8006,0,train,0
21825,8006,20,Delectopecten,/home/tahiti/MARINE_DATASETS/FathomNet_FGVC2025/data/rois/8006_21825.png,/home/tahiti/MARINE_DATASETS/FathomNet_FGVC2025/data/images/8006.png,1f7da948472e480efa4bfd3d2c7c3fa2e0e1f6903482d4749f15a177b6812fec,88d7b204133afa3321c9c5d1fc22a41251df818a6081ddfdcf887996146d5f86,8006,0,train,0
21843,8013,39,Lithodidae,/home/tahiti/MARINE_DATASETS/FathomNet_FGVC2025/data/rois/8013_21843.png,/home/tahiti/MARINE_DATASETS/FathomNet_FGVC2025/data/images/8013.png,3336bff1ed0e87a690d4f2ec97028234356be817ab979dd76937618df218c3f1,47bb0f003a9d7361e9f7a8709e0b5154e527be4103a0f8451e4b1f3837a32813,8013,4,train,4
21867,8027,6,Actinopterygii,/home/tahiti/MARINE_DATASETS/FathomNet_FGVC2025/data/rois/8027_21867.png,/home/tahiti/MARINE_DATASETS/FathomNet_FGVC2025/data/images/8027.png,d2a1041c234d134265c15ce6d2c1a5e1d60867e9427b4b11a4f41d73bd0a6d73,0b36746d5281f4fa19263cccd22ce912dfa1642cfa26db8e97e941021614381c,8027,0,train,0
21875,8031,70,Sebastes diploproa,/home/tahiti/MARINE_DATASETS/FathomNet_FGVC2025/data/rois/8031_21875.png,/home/tahiti/MARINE_DATASETS/FathomNet_FGVC2025/data/images/8031.png,0e6d49b533087e563a374a1f37af6866e3b833a31b40873fb74e1bd4e6025667,ed49ffe58efc14ab1dcc098cdd83fe7f5e52460fbc81c042e966694314dafffe,8031,4,train,4
21893,8038,1,Abyssocucumis abyssorum,/home/tahiti/MARINE_DATASETS/FathomNet_FGVC2025/data/rois/8038_21893.png,/home/tahiti/MARINE_DATASETS/FathomNet_FGVC2025/data/images/8038.png,e852ed11ccf35437ae64bb172ccfc4219fec2c4596fd8dddc7f3fa6e0f1af7e7,b26257ab35cd67f3ac961b0638f8b8c53d80711e6a951698b345acac95dec148,8038,4,train,4
21955,8073,75,Terebellidae,/home/tahiti/MARINE_DATASETS/FathomNet_FGVC2025/data/rois/8073_21955.png,/home/tahiti/MARINE_DATASETS/FathomNet_FGVC2025/data/images/8073.png,f8d3a133310965de772a5e98548a09be7decdfd6f3761f2fc697658c91dec3ef,5b607b88005b3e7c1743ab374b034c5b1d67ac00fd28009377e9a434351dcff0,8073,5,train,5
21971,8086,27,Heterocarpus,/home/tahiti/MARINE_DATASETS/FathomNet_FGVC2025/data/rois/8086_21971.png,/home/tahiti/MARINE_DATASETS/FathomNet_FGVC2025/data/images/8086.png,837eba48f622b07f22454db0a3056d558c3c8153ab7b7eae21e1d22c21e6ec1b,de175124eacab0f3ea33bad2f4a089edfeb0b32b591b959b3a09e291668a9087,8086,4,train,4
22011,8111,39,Lithodidae,/home/tahiti/MARINE_DATASETS/FathomNet_FGVC2025/data/rois/8111_22011.png,/home/tahiti/MARINE_DATASETS/FathomNet_FGVC2025/data/images/8111.png,145665169e57e5382c406beee3259c02f3be3acbd759ca4fe931da6a58003b50,be178794c11908a1a1502c545b0c8776bdcafebe57af9779002ff546aaed4e50,8111,5,train,5
22014,8112,13,Brisingida,/home/tahiti/MARINE_DATASETS/FathomNet_FGVC2025/data/rois/8112_22014.png,/home/tahiti/MARINE_DATASETS/FathomNet_FGVC2025/data/images/8112.png,0ddd7cdebec703132c64015f7a5e65ef7f1b569a20dafa1df5452e982c374f4f,472d2dd42b131c06ddecca19b8300762337f46c0a29acd353fea488ef15c0239,8112,0,train,0
22029,8119,26,Gersemia juliepackardae,/home/tahiti/MARINE_DATASETS/FathomNet_FGVC2025/data/rois/8119_22029.png,/home/tahiti/MARINE_DATASETS/FathomNet_FGVC2025/data/images/8119.png,97f753b1bd1cda4135e8c51c45ffc18392bbb80061b49a149ffbd7d4fd28356e,f1941ee9300158b51512a56d29d7483b7db4ecc53ca829732138dc50bf8c833c,8119,4,train,4
22049,8125,18,Corallimorphus pilatus,/home/tahiti/MARINE_DATASETS/FathomNet_FGVC2025/data/rois/8125_22049.png,/home/tahiti/MARINE_DATASETS/FathomNet_FGVC2025/data/images/8125.png,795aed1080a8e75b3eab63ab67c31ee68c79a2622a8e746d9c6570eb4a448dda,4ad3c4849a24c1c0b66c992bc3afb4f5d53ac84d2f288325623d9f0584d3215e,8125,0,train,0
22066,8140,46,Mycale,/home/tahiti/MARINE_DATASETS/FathomNet_FGVC2025/data/rois/8140_22066.png,/home/tahiti/MARINE_DATASETS/FathomNet_FGVC2025/data/images/8140.png,95a22a8fb2348230ba902d0be9385367a755c326feba9a1de1addbd08efa03f9,fd695688f3f2f131dbe2111a43157f62e302d98e5b72b0a64691928bd50af92b,8140,5,train,5
22082,8147,12,Benthocodon pedunculata,/home/tahiti/MARINE_DATASETS/FathomNet_FGVC2025/data/rois/8147_22082.png,/home/tahiti/MARINE_DATASETS/FathomNet_FGVC2025/data/images/8147.png,0eb952bb0bf8c834cdd1b8719d42ad7fe3560b15294bcd0d6ee9f3a300b13e04,11272e703a886729091ec4ce207b30ffc35adc5aab9576b65cbc34c5427abb49,8147,5,train,5
22090,8147,12,Benthocodon pedunculata,/home/tahiti/MARINE_DATASETS/FathomNet_FGVC2025/data/rois/8147_22090.png,/home/tahiti/MARINE_DATASETS/FathomNet_FGVC2025/data/images/8147.png,229113a7f6744981df4ad0b1940ff6d30a71a82881d407399cf779c7f0f97427,11272e703a886729091ec4ce207b30ffc35adc5aab9576b65cbc34c5427abb49,8147,5,train,5
22091,8147,12,Benthocodon pedunculata,/home/tahiti/MARINE_DATASETS/FathomNet_FGVC2025/data/rois/8147_22091.png,/home/tahiti/MARINE_DATASETS/FathomNet_FGVC2025/data/images/8147.png,6d3414e5bb6083496fe64b2c5437cdafbc3111d781a5ab00481307f965786779,11272e703a886729091ec4ce207b30ffc35adc5aab9576b65cbc34c5427abb49,8147,5,train,5
22093,8147,12,Benthocodon pedunculata,/home/tahiti/MARINE_DATASETS/FathomNet_FGVC2025/data/rois/8147_22093.png,/home/tahiti/MARINE_DATASETS/FathomNet_FGVC2025/data/images/8147.png,347d06d176fb77dac168fd8422d4c8f87b42c1353b27b9f0f33c3c6e0ae55f91,11272e703a886729091ec4ce207b30ffc35adc5aab9576b65cbc34c5427abb49,8147,5,train,5
22101,8147,12,Benthocodon pedunculata,/home/tahiti/MARINE_DATASETS/FathomNet_FGVC2025/data/rois/8147_22101.png,/home/tahiti/MARINE_DATASETS/FathomNet_FGVC2025/data/images/8147.png,d1b3c4bd94e0e59bb35b19823ed191748758fd8f9d5bb665607f2e7659dfec5a,11272e703a886729091ec4ce207b30ffc35adc5aab9576b65cbc34c5427abb49,8147,5,train,5
22104,8150,70,Sebastes diploproa,/home/tahiti/MARINE_DATASETS/FathomNet_FGVC2025/data/rois/8150_22104.png,/home/tahiti/MARINE_DATASETS/FathomNet_FGVC2025/data/images/8150.png,10987698388a49180f02cc4ea01c186d8cb8ce28814cb2280d0dd506b4a41b3d,b69ce9e1ea503f603f3980dee5415db0ebed2bdfd848b1444a2a0ba3bbb3b3e3,8150,1,train,1
22120,8162,61,Psathyrometra fragilis,/home/tahiti/MARINE_DATASETS/FathomNet_FGVC2025/data/rois/8162_22120.png,/home/tahiti/MARINE_DATASETS/FathomNet_FGVC2025/data/images/8162.png,fa7b03dd6c26387da1c326ac98b72718654f70ca09f870e13922e943da2d74a1,f534b5667dabf0a16e231141a02312e28b51fdc3bcac2fcc51d7e4d13ead7076,8162,0,train,0
22126,8165,2,Acanthascinae,/home/tahiti/MARINE_DATASETS/FathomNet_FGVC2025/data/rois/8165_22126.png,/home/tahiti/MARINE_DATASETS/FathomNet_FGVC2025/data/images/8165.png,118533451c35860e9bf22076d1e95a6f16d127c6a87296186cdd61ff79b508b0,b8c47bb043949af804986565780437fbfe7db3459a2503c265d2f9ab86c16624,8165,1,train,1
22134,8171,75,Terebellidae,/home/tahiti/MARINE_DATASETS/FathomNet_FGVC2025/data/rois/8171_22134.png,/home/tahiti/MARINE_DATASETS/FathomNet_FGVC2025/data/images/8171.png,3ccc1ca035dde94f7c339abf02a673c2b87f42e96d16861677cea5c61a692d50,4aeac5a2a61c83bbe4765eab30b7078b97d09e8c796d2a462e0ad9aa1815649c,8171,2,train,2
22149,8182,75,Terebellidae,/home/tahiti/MARINE_DATASETS/FathomNet_FGVC2025/data/rois/8182_22149.png,/home/tahiti/MARINE_DATASETS/FathomNet_FGVC2025/data/images/8182.png,29dba2c7f6c113960be75bff7ce0b637d21dcc4ee1eb15de222188d9ca995f3e,d6c98de4adbb0643e388b3d1a2691fd8f585b3feeee7632eb544697cf6e209a8,8182,2,train,2
22150,8182,75,Terebellidae,/home/tahiti/MARINE_DATASETS/FathomNet_FGVC2025/data/rois/8182_22150.png,/home/tahiti/MARINE_DATASETS/FathomNet_FGVC2025/data/images/8182.png,2fb99e578a30b6ccc1102ad0c3f515b3cab40de5044c425e54d29e1542833199,d6c98de4adbb0643e388b3d1a2691fd8f585b3feeee7632eb544697cf6e209a8,8182,2,train,2
22164,8190,39,Lithodidae,/home/tahiti/MARINE_DATASETS/FathomNet_FGVC2025/data/rois/8190_22164.png,/home/tahiti/MARINE_DATASETS/FathomNet_FGVC2025/data/images/8190.png,d756a6ee4f565b55d0337fb494a64d1fe793ad7754cd2a01b8ed8177e6cc32d8,307ac82aa67df8b2ea5aa13dbbc741996bf2ceb1cc457882c686c9ce254e13bc,8190,0,train,0
22166,8191,2,Acanthascinae,/home/tahiti/MARINE_DATASETS/FathomNet_FGVC2025/data/rois/8191_22166.png,/home/tahiti/MARINE_DATASETS/FathomNet_FGVC2025/data/images/8191.png,ae1ace8c46b2c20c62570365d14731abc3d8f2518e25f1eacfb9e6d6e4c1373a,3a6b28b5b9716220c9c345240b0d1a10d8330db4ce9740e2d7ff4c5bfbb5fbd6,8191,2,train,2
22193,8207,2,Acanthascinae,/home/tahiti/MARINE_DATASETS/FathomNet_FGVC2025/data/rois/8207_22193.png,/home/tahiti/MARINE_DATASETS/FathomNet_FGVC2025/data/images/8207.png,17b7388988739dca11e8072e36901e16102bda2846e2751471e909f6f1d27f67,1b7760be483c694db8dea99b11fc624dfda80c8f9b15a6c2b9c60506a74b6a24,8207,2,train,2
22194,8207,2,Acanthascinae,/home/tahiti/MARINE_DATASETS/FathomNet_FGVC2025/data/rois/8207_22194.png,/home/tahiti/MARINE_DATASETS/FathomNet_FGVC2025/data/images/8207.png,8308a26acce4e95cc98dbcd7eee15ed537619e76f51303574a068c981b8a67d2,1b7760be483c694db8dea99b11fc624dfda80c8f9b15a6c2b9c60506a74b6a24,8207,2,train,2
22219,8219,1,Abyssocucumis abyssorum,/home/tahiti/MARINE_DATASETS/FathomNet_FGVC2025/data/rois/8219_22219.png,/home/tahiti/MARINE_DATASETS/FathomNet_FGVC2025/data/images/8219.png,355472a07db6507940449adb9680763016d647779e4ea68a9a7f25c4ceacd263,147c5e8971095a5023914656d2c057dc1de72291b7f6b05b791b1cdc558e3f77,8219,0,train,0
22221,8221,13,Brisingida,/home/tahiti/MARINE_DATASETS/FathomNet_FGVC2025/data/rois/8221_22221.png,/home/tahiti/MARINE_DATASETS/FathomNet_FGVC2025/data/images/8221.png,5ac295eabe917d8a43de4ac1cc0d1df5afab2b0801a60f7b42684597a7215687,f3b0aa81ed76257de282b81d678215b8419b25f52addb33fb6739d48ff79f835,8221,0,train,0
22232,8231,1,Abyssocucumis abyssorum,/home/tahiti/MARINE_DATASETS/FathomNet_FGVC2025/data/rois/8231_22232.png,/home/tahiti/MARINE_DATASETS/FathomNet_FGVC2025/data/images/8231.png,8774f0f14bba5649fbfbcc51992104e1ba71f45b9b2921d0fde453aca6172f90,dc556fc7a8b0cc2dddc6f403d8ef1893693398e305c93ff076deaf5a6833d691,8231,5,train,5
22245,8237,26,Gersemia juliepackardae,/home/tahiti/MARINE_DATASETS/FathomNet_FGVC2025/data/rois/8237_22245.png,/home/tahiti/MARINE_DATASETS/FathomNet_FGVC2025/data/images/8237.png,e04360ee14a8245766c5be34349dec7f8a7d4ab10a6b481d0908c651670c7587,bb4aae0a47e90a072d6d8dc9d1cf933a4de9bedf8077c8fc6ae8a1d7ef9a3616,8237,5,train,5
22273,8254,39,Lithodidae,/home/tahiti/MARINE_DATASETS/FathomNet_FGVC2025/data/rois/8254_22273.png,/home/tahiti/MARINE_DATASETS/FathomNet_FGVC2025/data/images/8254.png,d6b2207f84e2b129b2b677fa7bc18ecdff405a2ee9c844d88f845559f5256bdd,c010ca1fcfc39888dd949960c755ddc90474462ca5f38e1437d212aaf2d38136,8254,0,train,0
22280,8259,6,Actinopterygii,/home/tahiti/MARINE_DATASETS/FathomNet_FGVC2025/data/rois/8259_22280.png,/home/tahiti/MARINE_DATASETS/FathomNet_FGVC2025/data/images/8259.png,b7974f7ad33704fe414f2e8f0a8b889e7017e78124762986dc79e204cb64e90b,8e3f64ea3d7676761db252f0c5c42997d6baf673954105511e679748d6ab54fc,8259,2,train,2
22284,8263,40,Mediaster aequalis,/home/tahiti/MARINE_DATASETS/FathomNet_FGVC2025/data/rois/8263_22284.png,/home/tahiti/MARINE_DATASETS/FathomNet_FGVC2025/data/images/8263.png,4aa812b4780a38c8f9aa7ea31373a973e647e2640d7fe53177551111edf430a6,5a096b0c9cdb13b8140f0bcd02a5a0f2561c94eb9b55cbb2bec9f0e157755545,8263,4,train,4
22307,8274,13,Brisingida,/home/tahiti/MARINE_DATASETS/FathomNet_FGVC2025/data/rois/8274_22307.png,/home/tahiti/MARINE_DATASETS/FathomNet_FGVC2025/data/images/8274.png,713024767cb217a7f7a29caaa1df664e3381dd7332bd6283e753851dc84153f4,606f6e24c59e5db38283485870cc903b52db700c14ba00304abf3cb8b32fda0c,8274,1,train,1
22323,8283,46,Mycale,/home/tahiti/MARINE_DATASETS/FathomNet_FGVC2025/data/rois/8283_22323.png,/home/tahiti/MARINE_DATASETS/FathomNet_FGVC2025/data/images/8283.png,05c8a258d7e490172d403ff46e69083d4d2c4c576ffbf7070229abb861bc8f78,d471ff45235c810afaa924c3b2c39695b0769e83c3caf59a85376d8794766b38,8283,5,train,5
22325,8284,13,Brisingida,/home/tahiti/MARINE_DATASETS/FathomNet_FGVC2025/data/rois/8284_22325.png,/home/tahiti/MARINE_DATASETS/FathomNet_FGVC2025/data/images/8284.png,313760f428309a69b32ea35eed78e1552a3ea29b44cfdb39596854fa20b8d3c7,38b63ae4b126d9394afb13e9b837791da84923f1918acaf38d0335f7d05e1d80,8284,4,train,4
22360,8301,3,Acanthoptilum,/home/tahiti/MARINE_DATASETS/FathomNet_FGVC2025/data/rois/8301_22360.png,/home/tahiti/MARINE_DATASETS/FathomNet_FGVC2025/data/images/8301.png,5d782b4f3d2970ee8fdb08351be192e2fdcb159bc43cc93a842acbf85aaeece2,2d2c40396a88250bd907d4dbf7a33f9be88ff6c8256a13f0d44610b71988427f,8301,5,train,5
22369,8305,46,Mycale,/home/tahiti/MARINE_DATASETS/FathomNet_FGVC2025/data/rois/8305_22369.png,/home/tahiti/MARINE_DATASETS/FathomNet_FGVC2025/data/images/8305.png,ede317d5daa4f177cf062de8803f2a632c0696ef15cf20f19aa6f49d2793a9b5,663817f04da291e2e960215483dee23ec059c0590e9a8ab79eba975a2705fe8c,8305,1,train,1
22374,8310,75,Terebellidae,/home/tahiti/MARINE_DATASETS/FathomNet_FGVC2025/data/rois/8310_22374.png,/home/tahiti/MARINE_DATASETS/FathomNet_FGVC2025/data/images/8310.png,62d88d5aec96a780b4f0b53aa7478b7f1356bed1810779a7e670093f8aa27ef4,234ba1e8764e37c60aca88d2541d2b8dc12ce3b96c1b1b13cc1b4d8d2bb232c6,8310,4,train,4
22398,8318,8,Apostichopus leukothele,/home/tahiti/MARINE_DATASETS/FathomNet_FGVC2025/data/rois/8318_22398.png,/home/tahiti/MARINE_DATASETS/FathomNet_FGVC2025/data/images/8318.png,f57a5e8cd304665c400b075b818057f91cb1b10f66b2337ea5f28b4806221554,01ceddc891e6322f05f13aa452ed2ec4d2392cb509ffab93c7b8c2f488032cf4,8318,2,train,2
22421,8332,20,Delectopecten,/home/tahiti/MARINE_DATASETS/FathomNet_FGVC2025/data/rois/8332_22421.png,/home/tahiti/MARINE_DATASETS/FathomNet_FGVC2025/data/images/8332.png,94bff004847a05bfdc0f1045bcf5025392371813a916bbab73ec1ce95fac00f8,09df6ea1eb7de1966ea46c4aa999119c7662ccb3e06c987b053d5c4b5f27b6f8,8332,4,train,4
22492,8364,20,Delectopecten,/home/tahiti/MARINE_DATASETS/FathomNet_FGVC2025/data/rois/8364_22492.png,/home/tahiti/MARINE_DATASETS/FathomNet_FGVC2025/data/images/8364.png,7cf384cd825be2d60e3b552e83c8b4e586cb23ce474ca2a35191e22d555e8db9,267c9126dbee13cbd60cf2235230d0e559c453a9cb05393e9ae12a559b812b64,8364,1,train,1
22535,8383,59,Pennatula phosphorea,/home/tahiti/MARINE_DATASETS/FathomNet_FGVC2025/data/rois/8383_22535.png,/home/tahiti/MARINE_DATASETS/FathomNet_FGVC2025/data/images/8383.png,00a9f73e97d9ae84186e7e206e77e8ec032f456b616f9f53d687229f8679c4ed,af4fa3c76fbfaaacdc8058d076178b1be7647944b8478132bdc44f0eadca2d83,8383,2,train,2
22560,8398,27,Heterocarpus,/home/tahiti/MARINE_DATASETS/FathomNet_FGVC2025/data/rois/8398_22560.png,/home/tahiti/MARINE_DATASETS/FathomNet_FGVC2025/data/images/8398.png,c987cdf8b14ba354a608dacdc972a24ba56e97115dd09f4179db13badfc8eb58,a439383e436d8a260431e152f6940fdd5b9f32a888f16f886801913a59fd4318,8398,1,train,1
22569,8406,40,Mediaster aequalis,/home/tahiti/MARINE_DATASETS/FathomNet_FGVC2025/data/rois/8406_22569.png,/home/tahiti/MARINE_DATASETS/FathomNet_FGVC2025/data/images/8406.png,bba3c9ba74495b1f13621c9e709254f376de63a1439bddc388a1bf73216e278c,c22f8692682d5a2b0591f91d95fc2f98737c6de1fe8c4772f46c958c0aa0bc4e,8406,1,train,1
22572,8409,39,Lithodidae,/home/tahiti/MARINE_DATASETS/FathomNet_FGVC2025/data/rois/8409_22572.png,/home/tahiti/MARINE_DATASETS/FathomNet_FGVC2025/data/images/8409.png,6a1b927a10135927a7cba81e2579b8a6bc7806378aaebd322abe0a5dd90d22b2,55ae50d9b15d530f52a9b2ea94d2886f76fbe295090eee39ca4b31c09087509f,8409,2,train,2
22588,8418,39,Lithodidae,/home/tahiti/MARINE_DATASETS/FathomNet_FGVC2025/data/rois/8418_22588.png,/home/tahiti/MARINE_DATASETS/FathomNet_FGVC2025/data/images/8418.png,bb24325c7390a952ed2630909b0ee2db4f57c5fd151f35a21bbcbc0fa4430ec8,a02dec92a114e63c31fc6be51f07901ee8e756798b2307d7261db60744b4f194,8418,1,train,1
22607,8429,27,Heterocarpus,/home/tahiti/MARINE_DATASETS/FathomNet_FGVC2025/data/rois/8429_22607.png,/home/tahiti/MARINE_DATASETS/FathomNet_FGVC2025/data/images/8429.png,dd17e51b1fcab7fa6f95d53aa325a75a64d833976dece7fa9413b2d3f84a9a5e,b29fb355a976ce795b0aa4b457f1473b178488d12bd8f33485aa00e53efd3147,8429,1,train,1
22661,8451,8,Apostichopus leukothele,/home/tahiti/MARINE_DATASETS/FathomNet_FGVC2025/data/rois/8451_22661.png,/home/tahiti/MARINE_DATASETS/FathomNet_FGVC2025/data/images/8451.png,67f6a339baf4b68326804bf431c3995023f57dbb2a29c3f65fb7f9d3f54b5f18,ca79e71cc0c0cdefb0ca7fa0ca7a03a1aa9b4a7af08d064fd4f802cc1bcbf8d0,8451,4,train,4
22662,8451,40,Mediaster aequalis,/home/tahiti/MARINE_DATASETS/FathomNet_FGVC2025/data/rois/8451_22662.png,/home/tahiti/MARINE_DATASETS/FathomNet_FGVC2025/data/images/8451.png,ef0a8f7cac9a238fb879a89ccb3a1464cab8dc4d4ef33942cb4e409edbf42dac,ca79e71cc0c0cdefb0ca7fa0ca7a03a1aa9b4a7af08d064fd4f802cc1bcbf8d0,8451,4,train,4
22681,8458,8,Apostichopus leukothele,/home/tahiti/MARINE_DATASETS/FathomNet_FGVC2025/data/rois/8458_22681.png,/home/tahiti/MARINE_DATASETS/FathomNet_FGVC2025/data/images/8458.png,38fcb9b2af4bdbe499855134e7e955831e31682da9f8c36b7558e2779c5ea9ec,30220bd7b85d59867e895db6cc078c5e8035ba3e8e9fedd36d729d3c8164ad63,8458,1,train,1
22683,8460,48,Ophiacanthidae,/home/tahiti/MARINE_DATASETS/FathomNet_FGVC2025/data/rois/8460_22683.png,/home/tahiti/MARINE_DATASETS/FathomNet_FGVC2025/data/images/8460.png,0a17b40e892ae2a3a3c78fbdefc5406edf03b46f932e51b69fcd9c606fdec7b5,5337e40fdcf1fc8bc7e712e161a9daf25129e83451eb1b1ee491a0f6bf526218,8460,2,train,2
22691,8464,18,Corallimorphus pilatus,/home/tahiti/MARINE_DATASETS/FathomNet_FGVC2025/data/rois/8464_22691.png,/home/tahiti/MARINE_DATASETS/FathomNet_FGVC2025/data/images/8464.png,466b3199880844c33dd8aeb311fd8f0ebc096b79616dc40bd52965ecaeedf561,25b9f2dc43ed0a63bff04701db4fdcde809836c3b605a3ebb6f7f6d6de61a5a1,8464,5,train,5
22692,8465,70,Sebastes diploproa,/home/tahiti/MARINE_DATASETS/FathomNet_FGVC2025/data/rois/8465_22692.png,/home/tahiti/MARINE_DATASETS/FathomNet_FGVC2025/data/images/8465.png,8a1c0b6f77dd97ec7a68231a15ac485498713df702313e8ba7edf6d95babf4b0,379714829573cd24b5088f9e727da9530725114797a0e81659da7cc6a993c4fd,8465,4,train,4
22718,8483,13,Brisingida,/home/tahiti/MARINE_DATASETS/FathomNet_FGVC2025/data/rois/8483_22718.png,/home/tahiti/MARINE_DATASETS/FathomNet_FGVC2025/data/images/8483.png,844e3dd1a3343fb858e3c1589ba2606503e72fe53b9625b420fa9a8d89119281,e5d7ec1791d5571b600d49112adbf39e127a566a9575749eb47b7761c4994f07,8483,4,train,4
22752,8508,40,Mediaster aequalis,/home/tahiti/MARINE_DATASETS/FathomNet_FGVC2025/data/rois/8508_22752.png,/home/tahiti/MARINE_DATASETS/FathomNet_FGVC2025/data/images/8508.png,907e8f09fb77b35a6fe8b42290ca5290358928dfc02a07a695707e18e44e7716,b9e9c7096e3d6a5db7066891a7f9a2f68a3164bf93ab26fab4313e696ad548a7,8508,1,train,1
22785,8524,13,Brisingida,/home/tahiti/MARINE_DATASETS/FathomNet_FGVC2025/data/rois/8524_22785.png,/home/tahiti/MARINE_DATASETS/FathomNet_FGVC2025/data/images/8524.png,eecc367c7ef411ecff7fd1cb41e5029785e7526f1f14124193b794b819bf0eac,99243c934dec433874c4d1fe204439a705f35adcd6c695890059587bb6e69b25,8524,0,train,0
22787,8524,13,Brisingida,/home/tahiti/MARINE_DATASETS/FathomNet_FGVC2025/data/rois/8524_22787.png,/home/tahiti/MARINE_DATASETS/FathomNet_FGVC2025/data/images/8524.png,8857a9813cd22297ad86f75c9dfd0a8e1e379d1336b4a0225139f8a08e1c7c3f,99243c934dec433874c4d1fe204439a705f35adcd6c695890059587bb6e69b25,8524,0,train,0
22793,8529,6,Actinopterygii,/home/tahiti/MARINE_DATASETS/FathomNet_FGVC2025/data/rois/8529_22793.png,/home/tahiti/MARINE_DATASETS/FathomNet_FGVC2025/data/images/8529.png,c13165be0a4564574abd891c32ea5682b58380860bec7351b67d6f937642c630,1c02df69d0e33fa886a7839d0dadef58459545c152f21a192a0c4a7b434364dc,8529,5,train,5
22794,8530,48,Ophiacanthidae,/home/tahiti/MARINE_DATASETS/FathomNet_FGVC2025/data/rois/8530_22794.png,/home/tahiti/MARINE_DATASETS/FathomNet_FGVC2025/data/images/8530.png,09e20ae2399a1c6fef65ae0b6589cb48df34c35e3c70393b3fe7a85202f26fd2,091ff65b196e5fa730bda854cc12c253d62f6343ad7b6f58bf3b516583b3c5bc,8530,1,train,1
22798,8533,6,Actinopterygii,/home/tahiti/MARINE_DATASETS/FathomNet_FGVC2025/data/rois/8533_22798.png,/home/tahiti/MARINE_DATASETS/FathomNet_FGVC2025/data/images/8533.png,d67739a2bb1af1974c4ab15432b0c961072d4a415a80a81b526f835849853333,95c703b13be2f9bc6f79fb765bc597155ae30406f7d24d000ee28b540345c17f,8533,4,train,4
22813,8544,27,Heterocarpus,/home/tahiti/MARINE_DATASETS/FathomNet_FGVC2025/data/rois/8544_22813.png,/home/tahiti/MARINE_DATASETS/FathomNet_FGVC2025/data/images/8544.png,f412877d0a36d3546de4b743e81def3d69e82cb21d20987288c28cf2fdd1cc90,771489ca4740e0c920dbaa4677d47d3ecaf3c84ca5580cc6ec04c42c0376269b,8544,2,train,2
22820,8548,27,Heterocarpus,/home/tahiti/MARINE_DATASETS/FathomNet_FGVC2025/data/rois/8548_22820.png,/home/tahiti/MARINE_DATASETS/FathomNet_FGVC2025/data/images/8548.png,d7a70cb58043ab08782d322f4ad1c6554aeab244ead9c536821f4fe7753ed679,7dac1c5857abe8a77eafa61eb3bf6ab5059a5249e73c134a5d728c2e715cad15,8548,5,train,5
22835,8556,27,Heterocarpus,/home/tahiti/MARINE_DATASETS/FathomNet_FGVC2025/data/rois/8556_22835.png,/home/tahiti/MARINE_DATASETS/FathomNet_FGVC2025/data/images/8556.png,b16bdb796f6306a0960d0a9b96400516c350e56b888bdc74fcb687fd01438121,7296bdcfabeeedec55d43f5cd1fd7b34182f50da070d53388f0218022432e79c,8556,4,train,4
22842,8559,13,Brisingida,/home/tahiti/MARINE_DATASETS/FathomNet_FGVC2025/data/rois/8559_22842.png,/home/tahiti/MARINE_DATASETS/FathomNet_FGVC2025/data/images/8559.png,b8a3d2078760abeb59ce28f51edbb05dd485e6d63518a36ebc76f585f758950b,a3a50190546286695ef032652a8d4264275a9d7c4f07a437a6f36af68ecf1c45,8559,5,train,5
22848,8564,40,Mediaster aequalis,/home/tahiti/MARINE_DATASETS/FathomNet_FGVC2025/data/rois/8564_22848.png,/home/tahiti/MARINE_DATASETS/FathomNet_FGVC2025/data/images/8564.png,b229ec4e5b410b77e46aadd6fe6ab4896e355d8876f69125cd5c620df2db759f,79aee7674d35f265eb7be08d21ad1ce0208fd546a4e514543cb6fc36650e4bee,8564,5,train,5
22858,8572,8,Apostichopus leukothele,/home/tahiti/MARINE_DATASETS/FathomNet_FGVC2025/data/rois/8572_22858.png,/home/tahiti/MARINE_DATASETS/FathomNet_FGVC2025/data/images/8572.png,70624fe08dab432d9aa2d60cbb249968a7d94992dfa32207c255cec3e80ffaa7,e64488115e05f6298fb1ee80c8fae69f7db4950ca0be47b721fde09bf352dfef,8572,2,train,2
22869,8583,40,Mediaster aequalis,/home/tahiti/MARINE_DATASETS/FathomNet_FGVC2025/data/rois/8583_22869.png,/home/tahiti/MARINE_DATASETS/FathomNet_FGVC2025/data/images/8583.png,7ce294c008c500cc337775a716f66c6017f2d1a5d3c900b76f01785889207cc9,6cffb81bb1b63cc796eb970f40cc412809cc120f23e38a81fb02e5ae0013829b,8583,2,train,2
22915,8605,39,Lithodidae,/home/tahiti/MARINE_DATASETS/FathomNet_FGVC2025/data/rois/8605_22915.png,/home/tahiti/MARINE_DATASETS/FathomNet_FGVC2025/data/images/8605.png,10e09cd985da16d50994d16a17c1b6eb3215c0fd90245e7d4a54e3300cb16c16,5ede0acfddc3a2d6a8ff81cd7e61faf6cabd9226650835552579768720db6c5e,8605,1,train,1
22961,8634,46,Mycale,/home/tahiti/MARINE_DATASETS/FathomNet_FGVC2025/data/rois/8634_22961.png,/home/tahiti/MARINE_DATASETS/FathomNet_FGVC2025/data/images/8634.png,ac23ae6bb5f30937b061317e390f3304b3f7bf22a7a729ba3b9739b5354fb6b1,b33cede3dba41cfffe7e9bef7fcd9d395caee0fcdfaa6d082ca1a4bb1d13a925,8634,1,train,1
22969,8636,70,Sebastes diploproa,/home/tahiti/MARINE_DATASETS/FathomNet_FGVC2025/data/rois/8636_22969.png,/home/tahiti/MARINE_DATASETS/FathomNet_FGVC2025/data/images/8636.png,5c63b05603c7fae49e984e59f96688f81837f620d07b835f82bb8b4efd97ffce,cf51729bf299b0decd09efe9f2de9b694933bee61ebfee5671b21b69aac8035c,8636,1,train,1
22991,8648,59,Pennatula phosphorea,/home/tahiti/MARINE_DATASETS/FathomNet_FGVC2025/data/rois/8648_22991.png,/home/tahiti/MARINE_DATASETS/FathomNet_FGVC2025/data/images/8648.png,aceb126bdae61087c6233837514ebd9ac01cd1ad545c80dd2ec79386d562f7ce,d21809619e9b3eafb3bb09546d2cef16df3da54e3ce36e4d580646fda536fbff,8648,0,train,0
22992,8648,59,Pennatula phosphorea,/home/tahiti/MARINE_DATASETS/FathomNet_FGVC2025/data/rois/8648_22992.png,/home/tahiti/MARINE_DATASETS/FathomNet_FGVC2025/data/images/8648.png,d10c3e62363e4481dc363aff4fbdbd5e8851be1107a44c901d172a87fe9ef84a,d21809619e9b3eafb3bb09546d2cef16df3da54e3ce36e4d580646fda536fbff,8648,0,train,0
23006,8654,27,Heterocarpus,/home/tahiti/MARINE_DATASETS/FathomNet_FGVC2025/data/rois/8654_23006.png,/home/tahiti/MARINE_DATASETS/FathomNet_FGVC2025/data/images/8654.png,ceba57a3a055c27543d1841faa84084af04db00e6f10c6bb9675d170eec0ec67,f298f6a242f28d94ce679ef4f592e47b88a71c843df886dd9a77230f75f36b17,8654,0,train,0
23020,8661,6,Actinopterygii,/home/tahiti/MARINE_DATASETS/FathomNet_FGVC2025/data/rois/8661_23020.png,/home/tahiti/MARINE_DATASETS/FathomNet_FGVC2025/data/images/8661.png,023e289b8203a9fab8a6c90f888a1dc8e7374856d8e3353a3a14b487354ecba9,ee0eaa8c684be3154703751d3b041a3edcd539f9b7594c3647f75f24b9bf4055,8661,4,train,4
23037,8671,3,Acanthoptilum,/home/tahiti/MARINE_DATASETS/FathomNet_FGVC2025/data/rois/8671_23037.png,/home/tahiti/MARINE_DATASETS/FathomNet_FGVC2025/data/images/8671.png,141d63819a75348e81bba2f5878fa6cfb2b5561c786128c97d0a155dc6a12979,173931cc8b77941f0a633fd8f95541519dff55881bc1fa0728f5c74a6c1e2668,8671,5,train,5
23038,8672,40,Mediaster aequalis,/home/tahiti/MARINE_DATASETS/FathomNet_FGVC2025/data/rois/8672_23038.png,/home/tahiti/MARINE_DATASETS/FathomNet_FGVC2025/data/images/8672.png,a00f29c577b9d7d5d8e63e71b043a39ef10dd7efd880f4359caeaeb718a8eb58,7e0b45eb48b9230238b97a36ffab00f675890a9668d2ed759a7844ed95e88fc6,8672,0,train,0
23041,8673,70,Sebastes diploproa,/home/tahiti/MARINE_DATASETS/FathomNet_FGVC2025/data/rois/8673_23041.png,/home/tahiti/MARINE_DATASETS/FathomNet_FGVC2025/data/images/8673.png,7c084bfcb30224001e4fb2ee94acffca4409c012f9c817683d0484d6484d7fff,ef87aa0e6cb2cce761ee11588c9aae15eb32f80b357069ed6f9ddefa1871233e,8673,5,train,5
23043,8675,40,Mediaster aequalis,/home/tahiti/MARINE_DATASETS/FathomNet_FGVC2025/data/rois/8675_23043.png,/home/tahiti/MARINE_DATASETS/FathomNet_FGVC2025/data/images/8675.png,e1a652efe616444ebb5ebd3b293372f7bb90622d85fb7f9ef9f4fd55d1bfaa56,bef3be3fbcfb7880ad0a0d4e31d9cb6f20ccb1dd705589bc1995b331a23a9e98,8675,1,train,1
23046,8677,46,Mycale,/home/tahiti/MARINE_DATASETS/FathomNet_FGVC2025/data/rois/8677_23046.png,/home/tahiti/MARINE_DATASETS/FathomNet_FGVC2025/data/images/8677.png,f7b684443026b5dfbfc2d101da69b60e4dbc1eae5faad88c7f9bf9ac548afb23,4f12c6ce8859506acfa8b2f7e7edcb908de808ea1153a83cbe0b4571abe456d0,8677,0,train,0
23060,8684,18,Corallimorphus pilatus,/home/tahiti/MARINE_DATASETS/FathomNet_FGVC2025/data/rois/8684_23060.png,/home/tahiti/MARINE_DATASETS/FathomNet_FGVC2025/data/images/8684.png,8a79317044c53f5dadd7817b9cfcd32fb965264aa6361d40635c56de158f6246,6f442e6f492e5a6957bd1cd3fd7026eef79a7954cdb0afc0cd6c8e8e6b34584b,8684,5,train,5
23071,8692,27,Heterocarpus,/home/tahiti/MARINE_DATASETS/FathomNet_FGVC2025/data/rois/8692_23071.png,/home/tahiti/MARINE_DATASETS/FathomNet_FGVC2025/data/images/8692.png,3a90a086237992a95f4a5d867baaeb31dcabc7f35580132e08afcef7e1c88943,0c1619746369b4f988f4761a496350ed7cfca07d5354369597fa0946d86bbcaf,8692,1,train,1
23072,8692,27,Heterocarpus,/home/tahiti/MARINE_DATASETS/FathomNet_FGVC2025/data/rois/8692_23072.png,/home/tahiti/MARINE_DATASETS/FathomNet_FGVC2025/data/images/8692.png,6d80ca374ba6c2f48f2b9889cde25e42034af738d7c0b7e133aee64d6cbcb43d,0c1619746369b4f988f4761a496350ed7cfca07d5354369597fa0946d86bbcaf,8692,1,train,1
23073,8692,27,Heterocarpus,/home/tahiti/MARINE_DATASETS/FathomNet_FGVC2025/data/rois/8692_23073.png,/home/tahiti/MARINE_DATASETS/FathomNet_FGVC2025/data/images/8692.png,cd0a97a2bcff45d4c02f3fd741d65ec80119b2bfa9d38505554d562579ceb79d,0c1619746369b4f988f4761a496350ed7cfca07d5354369597fa0946d86bbcaf,8692,1,train,1
23100,8711,48,Ophiacanthidae,/home/tahiti/MARINE_DATASETS/FathomNet_FGVC2025/data/rois/8711_23100.png,/home/tahiti/MARINE_DATASETS/FathomNet_FGVC2025/data/images/8711.png,cfe3b10e660d06b1a427abcc00f371c64fbf4ac39e39a94e8b26e19e40ce07bd,321d30e7cd2e87c60756d688c5c54a4bb08e68d6b7ceb8e029986680ed7020fb,8711,1,train,1
23116,8718,70,Sebastes diploproa,/home/tahiti/MARINE_DATASETS/FathomNet_FGVC2025/data/rois/8718_23116.png,/home/tahiti/MARINE_DATASETS/FathomNet_FGVC2025/data/images/8718.png,a755daa77a230130be9949f9d65b7da34e41a292ad24eb33d05538542ee3c3bf,6a9484d4cb5e5871e678ad07ca14533150816686a953db94a6f8081724682bdf,8718,5,train,5
23120,8720,27,Heterocarpus,/home/tahiti/MARINE_DATASETS/FathomNet_FGVC2025/data/rois/8720_23120.png,/home/tahiti/MARINE_DATASETS/FathomNet_FGVC2025/data/images/8720.png,2862d40361da8d685dcddb78a4463072a8c14edffa02526a357acb8662340f72,881c54039641d61733716930eef8943d9358bb0eb0743c917c8ded8aabc36472,8720,0,train,0
23121,8721,27,Heterocarpus,/home/tahiti/MARINE_DATASETS/FathomNet_FGVC2025/data/rois/8721_23121.png,/home/tahiti/MARINE_DATASETS/FathomNet_FGVC2025/data/images/8721.png,1b011b29e412d64841ff02e0066ae229badb1554ee012701a6c289cabd1879d2,4d4daa643dfe3e19c83aa12c0206e34156bc2f334bf539085dc328ae7b67f98d,8721,1,train,1
23136,8725,18,Corallimorphus pilatus,/home/tahiti/MARINE_DATASETS/FathomNet_FGVC2025/data/rois/8725_23136.png,/home/tahiti/MARINE_DATASETS/FathomNet_FGVC2025/data/images/8725.png,5d9672cfe82c355edf5ad0e22c433191422629b2adcfc01a2b598537dfe2f079,980b9ef230d8008f6744c8673b716f87f4a42a08d3c023371b6eab7e7e0ff180,8725,5,train,5
23159,8730,18,Corallimorphus pilatus,/home/tahiti/MARINE_DATASETS/FathomNet_FGVC2025/data/rois/8730_23159.png,/home/tahiti/MARINE_DATASETS/FathomNet_FGVC2025/data/images/8730.png,0bd581f9463703490addf94210366a9e3044cf80e7f62ff1200d293bddd38ac7,e0e8854eea2cd73175dc53a150e6e90c7af7cfe6b5cbd81915451b49fbc64e06,8730,0,train,0
23171,8740,18,Corallimorphus pilatus,/home/tahiti/MARINE_DATASETS/FathomNet_FGVC2025/data/rois/8740_23171.png,/home/tahiti/MARINE_DATASETS/FathomNet_FGVC2025/data/images/8740.png,0e2eb22df8609ad2f74eaaf45722b237ea30a49df252d7ce65950b3ab5277785,fe295204494fe0458e3f2dc4f767213fc81e0de561d917ba114cbacd4b3d8fe2,8740,4,train,4
23176,8740,18,Corallimorphus pilatus,/home/tahiti/MARINE_DATASETS/FathomNet_FGVC2025/data/rois/8740_23176.png,/home/tahiti/MARINE_DATASETS/FathomNet_FGVC2025/data/images/8740.png,4fe9a792c3c8824ff5bb8571e347df759155cdcbd2d970bace9f0efe3b485b00,fe295204494fe0458e3f2dc4f767213fc81e0de561d917ba114cbacd4b3d8fe2,8740,4,train,4
23229,8769,6,Actinopterygii,/home/tahiti/MARINE_DATASETS/FathomNet_FGVC2025/data/rois/8769_23229.png,/home/tahiti/MARINE_DATASETS/FathomNet_FGVC2025/data/images/8769.png,e321cd28bd63bb2d35f9f9e036c2fd74d1f0df312fd9e12df961b4da47e12a30,4eaec35ead18b546e8c6899f0fde8cc390643977e99e57fb98d939838efd0afa,8769,2,train,2
23237,8773,3,Acanthoptilum,/home/tahiti/MARINE_DATASETS/FathomNet_FGVC2025/data/rois/8773_23237.png,/home/tahiti/MARINE_DATASETS/FathomNet_FGVC2025/data/images/8773.png,fe586207fd609a65f5c2d2f92e4c6c4ac308ef3602e465897bc333a65f9a021c,4a79e3bf311b37f033722eeb05c4a977ee9b0900783f25fd3970c01276f88605,8773,2,train,2
23247,8778,61,Psathyrometra fragilis,/home/tahiti/MARINE_DATASETS/FathomNet_FGVC2025/data/rois/8778_23247.png,/home/tahiti/MARINE_DATASETS/FathomNet_FGVC2025/data/images/8778.png,1278680345c1eae91630b0919e6aacef58a63d696d0d793269d6af7c99accbd8,a0a41544fc01db6c42ba3d44ad846d8da06310ab950aa85e959a4fea3d5f38fc,8778,5,train,5
23280,8794,6,Actinopterygii,/home/tahiti/MARINE_DATASETS/FathomNet_FGVC2025/data/rois/8794_23280.png,/home/tahiti/MARINE_DATASETS/FathomNet_FGVC2025/data/images/8794.png,1129f673e1f4526dc65ac6dbccd48aaa55597618585493513fe7ac6ef586d5e4,6c0075ba9f180667a9fc7a748a79af8858dbc78a8f7f92a2e807be1373233888,8794,0,train,0
23295,8805,61,Psathyrometra fragilis,/home/tahiti/MARINE_DATASETS/FathomNet_FGVC2025/data/rois/8805_23295.png,/home/tahiti/MARINE_DATASETS/FathomNet_FGVC2025/data/images/8805.png,2077fcaab7c17f2fc63a9e56e0b10a11ee36781a66dbbb95dc67d05d3674f74c,20673e4189eca88380b3e2248fb58205177a7c9c1742e80d17ce6a634d226595,8805,2,train,2
23321,8820,59,Pennatula phosphorea,/home/tahiti/MARINE_DATASETS/FathomNet_FGVC2025/data/rois/8820_23321.png,/home/tahiti/MARINE_DATASETS/FathomNet_FGVC2025/data/images/8820.png,8a163fe61b0db7eb684b7347fefcbbf2f5e9bc5d5e494df131eecbc1caf2401a,01dd15fef7706dc19e70e86907b9a93abf40aec77d27dbf816756ddea62ec37f,8820,5,train,5
23354,8837,6,Actinopterygii,/home/tahiti/MARINE_DATASETS/FathomNet_FGVC2025/data/rois/8837_23354.png,/home/tahiti/MARINE_DATASETS/FathomNet_FGVC2025/data/images/8837.png,50019f02df08e55274370a8cc648c750188b2ecbf34bc9a6beb2326139b29999,9bbdb7261d65951ab54c6fb33b929899c65a3bb615b443f9c2d70f5e5fd56c81,8837,5,train,5
23355,8838,48,Ophiacanthidae,/home/tahiti/MARINE_DATASETS/FathomNet_FGVC2025/data/rois/8838_23355.png,/home/tahiti/MARINE_DATASETS/FathomNet_FGVC2025/data/images/8838.png,a7cbfa800d41a4d2753015f4e0956197399da58060b46ad524037ae97972a797,8c6217905e9791f9c14522d756c31356e946ba47103c4f1ebcfca1d1a12d2b76,8838,0,train,0
23365,8843,48,Ophiacanthidae,/home/tahiti/MARINE_DATASETS/FathomNet_FGVC2025/data/rois/8843_23365.png,/home/tahiti/MARINE_DATASETS/FathomNet_FGVC2025/data/images/8843.png,ae36e0d96a886f535c9066ad049894b7bd796190cf407ba39c577079f2f5d784,1753903ad5dc12bbcc35724d527bdc89d9678ec8dab66a41282b65ed9c0a71e8,8843,0,train,0
23368,8846,6,Actinopterygii,/home/tahiti/MARINE_DATASETS/FathomNet_FGVC2025/data/rois/8846_23368.png,/home/tahiti/MARINE_DATASETS/FathomNet_FGVC2025/data/images/8846.png,3edb2ed165d288fed22eaf52f6c30c635c508ac4a8f78c390db991a58a3a3d9f,f93b4f56a81989af5e8a33c5a5afbc6ae3b103dc866fb5e9ab14f585fbc0bdca,8846,1,train,1
23382,8856,18,Corallimorphus pilatus,/home/tahiti/MARINE_DATASETS/FathomNet_FGVC2025/data/rois/8856_23382.png,/home/tahiti/MARINE_DATASETS/FathomNet_FGVC2025/data/images/8856.png,318c6e10cd44b8db9294e9fb27525ac150c115b296040b796f24d7e83aeac29f,54e2142f9d9a4c3cce86d761643824533acadeb0ac41a4292f497a758f4b90da,8856,0,train,0
23383,8856,18,Corallimorphus pilatus,/home/tahiti/MARINE_DATASETS/FathomNet_FGVC2025/data/rois/8856_23383.png,/home/tahiti/MARINE_DATASETS/FathomNet_FGVC2025/data/images/8856.png,eb746f3af8dca3b09f1c62325707465c78355f64e8925ab0cb5d1631ffe75a85,54e2142f9d9a4c3cce86d761643824533acadeb0ac41a4292f497a758f4b90da,8856,0,train,0
23384,8856,18,Corallimorphus pilatus,/home/tahiti/MARINE_DATASETS/FathomNet_FGVC2025/data/rois/8856_23384.png,/home/tahiti/MARINE_DATASETS/FathomNet_FGVC2025/data/images/8856.png,31c9b25b5ca20b1306c9b95455b7010a5291fce35c6831ce00f2d87cc3f95730,54e2142f9d9a4c3cce86d761643824533acadeb0ac41a4292f497a758f4b90da,8856,0,train,0
23387,8856,18,Corallimorphus pilatus,/home/tahiti/MARINE_DATASETS/FathomNet_FGVC2025/data/rois/8856_23387.png,/home/tahiti/MARINE_DATASETS/FathomNet_FGVC2025/data/images/8856.png,d2ff0fb21af062928cd9d58dd242f3cbcb3edf9532873c242804c583fc3a1cba,54e2142f9d9a4c3cce86d761643824533acadeb0ac41a4292f497a758f4b90da,8856,0,train,0
23440,8885,61,Psathyrometra fragilis,/home/tahiti/MARINE_DATASETS/FathomNet_FGVC2025/data/rois/8885_23440.png,/home/tahiti/MARINE_DATASETS/FathomNet_FGVC2025/data/images/8885.png,141195146525a90e6710043f3904b4451f6582494f8b2d19d2e90880737565ac,33ef94c3f29bc44958bdb0fe8300d4b945500930f4cc17377001d8e813e87d4e,8885,0,train,0
23458,8887,59,Pennatula phosphorea,/home/tahiti/MARINE_DATASETS/FathomNet_FGVC2025/data/rois/8887_23458.png,/home/tahiti/MARINE_DATASETS/FathomNet_FGVC2025/data/images/8887.png,014192d0a3516639d6509e18fb9843a1b4799932320f66f68dc99468eda6f08a,5df14cb5a7cdaeb3449b18233100a4f3ff33a81013377633ba9bc58a9779e647,8887,2,train,2
23459,8887,59,Pennatula phosphorea,/home/tahiti/MARINE_DATASETS/FathomNet_FGVC2025/data/rois/8887_23459.png,/home/tahiti/MARINE_DATASETS/FathomNet_FGVC2025/data/images/8887.png,7338aa36dcb1a9f2fb4b3dccf2ac030650e7d07a0cc94d6a9c9995a8217d5e57,5df14cb5a7cdaeb3449b18233100a4f3ff33a81013377633ba9bc58a9779e647,8887,2,train,2
23474,8894,61,Psathyrometra fragilis,/home/tahiti/MARINE_DATASETS/FathomNet_FGVC2025/data/rois/8894_23474.png,/home/tahiti/MARINE_DATASETS/FathomNet_FGVC2025/data/images/8894.png,10c58e573d266610cdce6b85c0e0cf91357d6528f71c20391647cbc9aa8d9864,842acc83ecbd7c392e5764e54aa617d88742849bebc2092ffb4b65c835b30e17,8894,0,train,0
23475,8894,61,Psathyrometra fragilis,/home/tahiti/MARINE_DATASETS/FathomNet_FGVC2025/data/rois/8894_23475.png,/home/tahiti/MARINE_DATASETS/FathomNet_FGVC2025/data/images/8894.png,763e68c66fadb131faa88673a8f7d006ca5ce5c5635758af19e15edf1694acf1,842acc83ecbd7c392e5764e54aa617d88742849bebc2092ffb4b65c835b30e17,8894,0,train,0
23481,8896,40,Mediaster aequalis,/home/tahiti/MARINE_DATASETS/FathomNet_FGVC2025/data/rois/8896_23481.png,/home/tahiti/MARINE_DATASETS/FathomNet_FGVC2025/data/images/8896.png,930856f3f2727e6df63c47cf45ed967baaac080fb08800d5c810687c15dadd9a,214547f79a04e1d2fd2942cb5b5951cd393293c0a3fb8230c0cb12f674cd7347,8896,5,train,5
23507,8903,40,Mediaster aequalis,/home/tahiti/MARINE_DATASETS/FathomNet_FGVC2025/data/rois/8903_23507.png,/home/tahiti/MARINE_DATASETS/FathomNet_FGVC2025/data/images/8903.png,75bc1abb00997d53f2396254bf71063276f4adb358995f026d9008d40b6c55a6,841297a934521e9a60036f0000ae2ca39767c0c761327ff2447d0d88eb68262f,8903,1,train,1
23508,8904,6,Actinopterygii,/home/tahiti/MARINE_DATASETS/FathomNet_FGVC2025/data/rois/8904_23508.png,/home/tahiti/MARINE_DATASETS/FathomNet_FGVC2025/data/images/8904.png,02ca19320229b172f39918cd44388bdcb401f90336d8913d9c8e5f5c58b27218,bc477d2c029261bfa801ea1c9e6bde76b15107268865a3f0e22e5da8d6b062dd,8904,4,train,4
23512,8907,20,Delectopecten,/home/tahiti/MARINE_DATASETS/FathomNet_FGVC2025/data/rois/8907_23512.png,/home/tahiti/MARINE_DATASETS/FathomNet_FGVC2025/data/images/8907.png,000d495051694c8f7a212043ef79c3f156a976b4f2b3999b858a48f7058a6e1e,52736153ad6aa70dd12797ef6a24a81566697caf601a6312cadc20ab21c75669,8907,4,train,4
23519,8907,20,Delectopecten,/home/tahiti/MARINE_DATASETS/FathomNet_FGVC2025/data/rois/8907_23519.png,/home/tahiti/MARINE_DATASETS/FathomNet_FGVC2025/data/images/8907.png,d2dccb73fd10b586dfd32e675739b720213888eca80ce24e357db3d1f4ba2323,52736153ad6aa70dd12797ef6a24a81566697caf601a6312cadc20ab21c75669,8907,4,train,4
23525,8907,20,Delectopecten,/home/tahiti/MARINE_DATASETS/FathomNet_FGVC2025/data/rois/8907_23525.png,/home/tahiti/MARINE_DATASETS/FathomNet_FGVC2025/data/images/8907.png,1c5c17c9f521b90ae7ff0e4414479dc745fb8c8b9591e9ce552cd381bbfeff01,52736153ad6aa70dd12797ef6a24a81566697caf601a6312cadc20ab21c75669,8907,4,train,4
23531,8907,20,Delectopecten,/home/tahiti/MARINE_DATASETS/FathomNet_FGVC2025/data/rois/8907_23531.png,/home/tahiti/MARINE_DATASETS/FathomNet_FGVC2025/data/images/8907.png,6ee6da8a8b37397a685d3ca1d41f52fad135b5eafd403da15d0cdc2f9b5876b9,52736153ad6aa70dd12797ef6a24a81566697caf601a6312cadc20ab21c75669,8907,4,train,4
23540,8912,61,Psathyrometra fragilis,/home/tahiti/MARINE_DATASETS/FathomNet_FGVC2025/data/rois/8912_23540.png,/home/tahiti/MARINE_DATASETS/FathomNet_FGVC2025/data/images/8912.png,b5c65bd37897df84110777417e02a6ada8d5dc8c3c0cb06940cc3cb2242bed03,4073967fd33407d7492e5885dbe3482810f38a5de88f3496a16b93198f80082b,8912,2,train,2
23547,8915,20,Delectopecten,/home/tahiti/MARINE_DATASETS/FathomNet_FGVC2025/data/rois/8915_23547.png,/home/tahiti/MARINE_DATASETS/FathomNet_FGVC2025/data/images/8915.png,2670ebb88870dc9e7d8938555a7d4fe04352618c8c1b4ed9d9bf90d97e189822,91071a440415b13a54f460cdcbdbb425e51970d93769342734e17c6de2842908,8915,5,train,5
23552,8915,20,Delectopecten,/home/tahiti/MARINE_DATASETS/FathomNet_FGVC2025/data/rois/8915_23552.png,/home/tahiti/MARINE_DATASETS/FathomNet_FGVC2025/data/images/8915.png,bedab4cd3226e6c103b55d18efe26c015aea34238fb2eb82c5067d4174f49f05,91071a440415b13a54f460cdcbdbb425e51970d93769342734e17c6de2842908,8915,5,train,5
23564,8920,48,Ophiacanthidae,/home/tahiti/MARINE_DATASETS/FathomNet_FGVC2025/data/rois/8920_23564.png,/home/tahiti/MARINE_DATASETS/FathomNet_FGVC2025/data/images/8920.png,cd4875843077217d499f8db4a8f33a56d81084b3cca11e9dbf0f6b3d7c0e0972,7c0724bf3aaab012bb9097dd80206e54119908895946e3b87d89ce35e6e20cc4,8920,4,train,4
23570,8922,3,Acanthoptilum,/home/tahiti/MARINE_DATASETS/FathomNet_FGVC2025/data/rois/8922_23570.png,/home/tahiti/MARINE_DATASETS/FathomNet_FGVC2025/data/images/8922.png,7b43d4f189a29a2b0adea822557685b71ed22019ab7e6a2b7cd51741be80e336,b2e5f39b9190d78b33cae8f0aba356d5986cdb5f01a351082e8d054df2d3605d,8922,1,train,1
23592,8926,6,Actinopterygii,/home/tahiti/MARINE_DATASETS/FathomNet_FGVC2025/data/rois/8926_23592.png,/home/tahiti/MARINE_DATASETS/FathomNet_FGVC2025/data/images/8926.png,74cb72105224c7c26f37ebbd71103d2c5e782c66dc679d48707ecc06bf3d8c3c,e6162e5ffa3860ff5ae4bb2259895b160b70a8799166f1fb8d653bdd32f7e407,8926,2,train,2
23596,8927,48,Ophiacanthidae,/home/tahiti/MARINE_DATASETS/FathomNet_FGVC2025/data/rois/8927_23596.png,/home/tahiti/MARINE_DATASETS/FathomNet_FGVC2025/data/images/8927.png,579e7fcffe543486969e9d6f93f07ea5608440b710bfca1b3261d48d7d399b83,622dc17ad5bf5e2b99204e743908d2d16465dbb7c4932f98bf5f2f3401fd963b,8927,2,train,2
23600,8930,61,Psathyrometra fragilis,/home/tahiti/MARINE_DATASETS/FathomNet_FGVC2025/data/rois/8930_23600.png,/home/tahiti/MARINE_DATASETS/FathomNet_FGVC2025/data/images/8930.png,3ad01c730cd3fb7ca17681f8af51a81f9c81850135076a936cac6f15ca702417,e7020699ff33a0ac25d6fff2da7b63caa02b0a1d58277e2dff4a393c3376c0eb,8930,0,train,0
23607,8936,6,Actinopterygii,/home/tahiti/MARINE_DATASETS/FathomNet_FGVC2025/data/rois/8936_23607.png,/home/tahiti/MARINE_DATASETS/FathomNet_FGVC2025/data/images/8936.png,0e346b3b1efb774ea2a8fd705f801cc5eb0fd627d98983589557b8dac2d0ef92,497e7ee298f59586bc0c152df1aab32b782b530026bb718d301de652616bc7f2,8936,0,train,0
23629,8950,61,Psathyrometra fragilis,/home/tahiti/MARINE_DATASETS/FathomNet_FGVC2025/data/rois/8950_23629.png,/home/tahiti/MARINE_DATASETS/FathomNet_FGVC2025/data/images/8950.png,d2dad55968313aa26f93c4c7e0671e8882fb4d42134843a944dd1a98ac4d55a9,69f12a74654d5bd5338536bb8a044671310259ef1051082fe7491b3fb36f2cb3,8950,0,train,0
23650,8961,61,Psathyrometra fragilis,/home/tahiti/MARINE_DATASETS/FathomNet_FGVC2025/data/rois/8961_23650.png,/home/tahiti/MARINE_DATASETS/FathomNet_FGVC2025/data/images/8961.png,7916a171352d51a19b676c894938252fbeee907de4617e7a44deb92512bb31cd,4862b9d20f286b2c2197d8785036c72b1fdac424ab446dc07ca92e6d21a4d99c,8961,5,train,5
23658,8966,61,Psathyrometra fragilis,/home/tahiti/MARINE_DATASETS/FathomNet_FGVC2025/data/rois/8966_23658.png,/home/tahiti/MARINE_DATASETS/FathomNet_FGVC2025/data/images/8966.png,9fdc97e9849feffb71b6a84045e61895c3d01eb6c76c90144f4ad6c6fbefc027,4dc286b28c9e5e3e7ed507888a562695c8975a83f555942ce98007df384dd5c7,8966,4,train,4
23669,8970,3,Acanthoptilum,/home/tahiti/MARINE_DATASETS/FathomNet_FGVC2025/data/rois/8970_23669.png,/home/tahiti/MARINE_DATASETS/FathomNet_FGVC2025/data/images/8970.png,0ec6be471f7cbb7e8028c89027f9e60f7340412890a6cf744a6d0d137baabcde,3eeefef7638fdabd8ed511d91ffc320ea0e79ad2f3103ef5148048a4631df7f9,8970,2,train,2
23688,8976,61,Psathyrometra fragilis,/home/tahiti/MARINE_DATASETS/FathomNet_FGVC2025/data/rois/8976_23688.png,/home/tahiti/MARINE_DATASETS/FathomNet_FGVC2025/data/images/8976.png,06eeee8aaf2a512ae98c33b435cc78f7f5ed2f20342269ffd0c58feb8ce1935e,de97c5b51a22eb46453178b2f74cf0f51ff7858f320d17469589b54ab58127c5,8976,0,train,0
