annotation_id,image_id,category_id,label,roi_path,source_path,roi_sha256,source_sha256,group_id,fold,split,fold_sensitivity
20,9,44,Munidopsis,/home/tahiti/MARINE_DATASETS/FathomNet_FGVC2025/data/rois/9_20.png,/home/tahiti/MARINE_DATASETS/FathomNet_FGVC2025/data/images/9.png,c9e54feaa41a21146f64291e278e68a9d7466566f6c82461e91146e3e947be2a,a2de5c70535060eb66571b0723b8ac242dcf7d36f18210b988abe89476ad573c,9,4,train,4
24,10,72,Serpulidae,/home/tahiti/MARINE_DATASETS/FathomNet_FGVC2025/data/rois/10_24.png,/home/tahiti/MARINE_DATASETS/FathomNet_FGVC2025/data/images/10.png,0c3ce5cc1f2d2eabc9559178e1df608336b85068542c44cc2cbe8825206ae79a,3065d926b118ba49b5c640ad8aa19b3d10bd7f4d53c4514c87fcd7bf102a5a7a,10,0,train,0
29,11,19,Crinoidea,/home/tahiti/MARINE_DATASETS/FathomNet_FGVC2025/data/rois/11_29.png,/home/tahiti/MARINE_DATASETS/FathomNet_FGVC2025/data/images/11.png,6ef6fbed7aa363d52275d047268a1926e474c02a7385f620a7e51e18da01ee9d,6341dd47ecf6f87a18f81c2031f6a17d42a5cd119947e8a6ea217c6de903fef3,11,4,train,4
32,11,11,Asteroidea,/home/tahiti/MARINE_DATASETS/FathomNet_FGVC2025/data/rois/11_32.png,/home/tahiti/MARINE_DATASETS/FathomNet_FGVC2025/data/images/11.png,7c27949a1d72fa53f91527d1330eb572eeb3131e668c1bf1a9bc2d39ae3b84f2,6341dd47ecf6f87a18f81c2031f6a17d42a5cd119947e8a6ea217c6de903fef3,11,4,train,4
46,15,55,Paragorgia arborea,/home/tahiti/MARINE_DATASETS/FathomNet_FGVC2025/data/rois/15_46.png,/home/tahiti/MARINE_DATASETS/FathomNet_FGVC2025/data/images/15.png,c205fe3f64b100a0327ebdfee540eb2909e58df0d1d8e267472a0f825fb93cee,c837ec480911d974cb9f8374289c7656005c2a78be1935e7b1ec001ac7745319,15,5,train,5
94,35,44,Munidopsis,/home/tahiti/MARINE_DATASETS/FathomNet_FGVC2025/data/rois/35_94.png,/home/tahiti/MARINE_DATASETS/FathomNet_FGVC2025/data/images/35.png,4b2f7ff77ad8c3c2a22a7fc0aef4dd915418303099442eed90d2743a6d982d5c,767e0f0605aaafe4217ca66fabb23f326004293bc65d07d680666094a7a6bdbf,35,2,train,2
124,40,60,Porifera,/home/tahiti/MARINE_DATASETS/FathomNet_FGVC2025/data/rois/40_124.png,/home/tahiti/MARINE_DATASETS/FathomNet_FGVC2025/data/images/40.png,c352a1ea9517bb533aeab2365e11ef2efbeb1fc271849a84c133786620c16382,68c22229eaa003a9e04eaaa6c859ca153239efca0bfff75223c47eb3b7952cf5,40,1,train,1
126,40,38,Liponema brevicorne,/home/tahiti/MARINE_DATASETS/FathomNet_FGVC2025/data/rois/40_126.png,/home/tahiti/MARINE_DATASETS/FathomNet_FGVC2025/data/images/40.png,72e86ca8f0756b0c1b130696130be08866df80ce557bb39c964a230165522a3f,68c22229eaa003a9e04eaaa6c859ca153239efca0bfff75223c47eb3b7952cf5,40,1,train,1
132,40,11,Asteroidea,/home/tahiti/MARINE_DATASETS/FathomNet_FGVC2025/data/rois/40_132.png,/home/tahiti/MARINE_DATASETS/FathomNet_FGVC2025/data/images/40.png,85ae4ee5cdef10e612ce68e3f0a6148a06f73bea1f05cc72d8238a3b4c08cba4,68c22229eaa003a9e04eaaa6c859ca153239efca0bfff75223c47eb3b7952cf5,40,1,train,1
141,40,60,Porifera,/home/tahiti/MARINE_DATASETS/FathomNet_FGVC2025/data/rois/40_141.png,/home/tahiti/MARINE_DATASETS/FathomNet_FGVC2025/data/images/40.png,ca298f129fb61f7cc67516528e67040a14e8fc5fe8de7cfb9da1c2a68952eaac,68c22229eaa003a9e04eaaa6c859ca153239efca0bfff75223c47eb3b7952cf5,40,1,train,1
144,41,49,Ophiuroidea,/home/tahiti/MARINE_DATASETS/FathomNet_FGVC2025/data/rois/41_144.png,/home/tahiti/MARINE_DATASETS/FathomNet_FGVC2025/data/images/41.png,0c1474afdbffed89c94fda920eda71ffe6e53240380637f5f3d0c327dc1a217c,7844c7c330f98280a21fddd51ab5a6a33a11daec0049397398f75e45f8664107,41,1,train,1
145,41,76,Tunicata,/home/tahiti/MARINE_DATASETS/FathomNet_FGVC2025/data/rois/41_145.png,/home/tahiti/MARINE_DATASETS/FathomNet_FGVC2025/data/images/41.png,a0e42b3308fb1f6bb4025f4511461716109519be466fb102c69b3d292b49f7c5,7844c7c330f98280a21fddd51ab5a6a33a11daec0049397398f75e45f8664107,41,1,train,1
170,42,25,Gastropoda,/home/tahiti/MARINE_DATASETS/FathomNet_FGVC2025/data/rois/42_170.png,/home/tahiti/MARINE_DATASETS/FathomNet_FGVC2025/data/images/42.png,77cf7ca14a16f3c53564ae0287f5baed1e3175789e47ddd437914f7b900328d1,8efed53c7a1bbd0074da0f71b82f125524d20b5c28d56ef1bc95fd657057b965,42,2,train,2
176,43,58,Peniagone,/home/tahiti/MARINE_DATASETS/FathomNet_FGVC2025/data/rois/43_176.png,/home/tahiti/MARINE_DATASETS/FathomNet_FGVC2025/data/images/43.png,3ffa09b28b0a8f06d83f99c486c241fba16947e93c409e648993c4caefa7fc42,3de41178c6b14adfd10d0968b3c9c7deafaf9d63a96963d59a838301476bec93,43,5,train,5
188,46,74,Strongylocentrotus fragilis,/home/tahiti/MARINE_DATASETS/FathomNet_FGVC2025/data/rois/46_188.png,/home/tahiti/MARINE_DATASETS/FathomNet_FGVC2025/data/images/46.png,4684440ccdec5772b77600857809fb870e8a1538467066f0793d3f948b404d43,0e3a77f5eb3817a78c45ab0d5e4837646cf9f5e4c09ce187b7fc2a7c92d81d5f,46,5,train,5
268,67,58,Peniagone,/home/tahiti/MARINE_DATASETS/FathomNet_FGVC2025/data/rois/67_268.png,/home/tahiti/MARINE_DATASETS/FathomNet_FGVC2025/data/images/67.png,3a8be3b0e5a215aae1a4d3a650d0127536a7351e931df7498d5967d44b7f23c8,9f8a74715fd3b270a0478cd6f779493fa11d73d7517209e33019175e1adb1336,67,5,train,5
271,67,68,Scotoplanes globosa,/home/tahiti/MARINE_DATASETS/FathomNet_FGVC2025/data/rois/67_271.png,/home/tahiti/MARINE_DATASETS/FathomNet_FGVC2025/data/images/67.png,df5869d3529c1109c920ad3a1c2d4b7dfd1b40c0ab4a5964d1d67f4b35f359ee,9f8a74715fd3b270a0478cd6f779493fa11d73d7517209e33019175e1adb1336,67,5,train,5
274,69,49,Ophiuroidea,/home/tahiti/MARINE_DATASETS/FathomNet_FGVC2025/data/rois/69_274.png,/home/tahiti/MARINE_DATASETS/FathomNet_FGVC2025/data/images/69.png,f819d7cbe7c033bfbac5756ebb9545164e327a556d706fea2c0f951920ac2a2b,a8b2cd98d2d4684768022b1a46ded939be456746f0d0275331acd5868851285f,69,4,train,4
281,69,49,Ophiuroidea,/home/tahiti/MARINE_DATASETS/FathomNet_FGVC2025/data/rois/69_281.png,/home/tahiti/MARINE_DATASETS/FathomNet_FGVC2025/data/images/69.png,6847a74cc38203aca557c9a722ac4b216a1b594d4afc84a459912bc397eab327,a8b2cd98d2d4684768022b1a46ded939be456746f0d0275331acd5868851285f,69,4,train,4
305,69,49,Ophiuroidea,/home/tahiti/MARINE_DATASETS/FathomNet_FGVC2025/data/rois/69_305.png,/home/tahiti/MARINE_DATASETS/FathomNet_FGVC2025/data/images/69.png,69b68228c8a36b9b2b399a6df68bf53c5de020a30354678f620a571c345b966a,a8b2cd98d2d4684768022b1a46ded939be456746f0d0275331acd5868851285f,69,4,train,4
308,70,33,Hormathiidae,/home/tahiti/MARINE_DATASETS/FathomNet_FGVC2025/data/rois/70_308.png,/home/tahiti/MARINE_DATASETS/FathomNet_FGVC2025/data/images/70.png,2ed3cf4fc8c056a1b81b152d9133468c72f9e7bdca38e5ad94cad3fbdc43e9aa,0a1077b38efa05d10a6af97fda7f6e7932fad989b9bfea76ddac117dfc990fcb,70,4,train,4
331,80,71,Sebastolobus,/home/tahiti/MARINE_DATASETS/FathomNet_FGVC2025/data/rois/80_331.png,/home/tahiti/MARINE_DATASETS/FathomNet_FGVC2025/data/images/80.png,d65807792af657e5d4c12ddcdb12f923c9d127bf5f3c864b74fcf90ad86504cf,14b2a041d3b06c02c500d6608951d0878112f5a03e2f634c8700abfd52e94404,80,1,train,1
358,89,44,Munidopsis,/home/tahiti/MARINE_DATASETS/FathomNet_FGVC2025/data/rois/89_358.png,/home/tahiti/MARINE_DATASETS/FathomNet_FGVC2025/data/images/89.png,78d9bd6e1efd75ba15897f56297330adffb15db44210b1d0d9573860dbbb6a9d,78fd86999cc59577189f3a537d097b84d71344cfd4384b643ae07c6a6cb7c941,89,2,train,2
361,89,68,Scotoplanes globosa,/home/tahiti/MARINE_DATASETS/FathomNet_FGVC2025/data/rois/89_361.png,/home/tahiti/MARINE_DATASETS/FathomNet_FGVC2025/data/images/89.png,9cf5910a07b02bbbe7aa4543690a2c0f0389c5116851499da8f71baf3608c1d8,78fd86999cc59577189f3a537d097b84d71344cfd4384b643ae07c6a6cb7c941,89,2,train,2
369,89,44,Munidopsis,/home/tahiti/MARINE_DATASETS/FathomNet_FGVC2025/data/rois/89_369.png,/home/tahiti/MARINE_DATASETS/FathomNet_FGVC2025/data/images/89.png,cf652f3f16431b6276adf6f7319b60039c2645e6af27a30507b1ef648db988a0,78fd86999cc59577189f3a537d097b84d71344cfd4384b643ae07c6a6cb7c941,89,2,train,2
375,90,36,Isosicyonis,/home/tahiti/MARINE_DATASETS/FathomNet_FGVC2025/data/rois/90_375.png,/home/tahiti/MARINE_DATASETS/FathomNet_FGVC2025/data/images/90.png,a47d03fac54cca1985fcca871773185756a36e2f629c30fcbb125a021bebd73c,9d249898b551f20f0dac7cbd66c6d80a6b8a16962d29dd9f9b96137f5434bb3b,90,0,train,0
392,94,67,Scotoplanes,/home/tahiti/MARINE_DATASETS/FathomNet_FGVC2025/data/rois/94_392.png,/home/tahiti/MARINE_DATASETS/FathomNet_FGVC2025/data/images/94.png,e3debb74da1bd812683553e0b1a55108100b55fc75a84cce5a561b4d60b6f3be,55fe6cf3dc816fe9cceccdf1e988ebe5d2de70e3d216c7c6a5291fcbf68347a4,94,1,train,1
393,94,67,Scotoplanes,/home/tahiti/MARINE_DATASETS/FathomNet_FGVC2025/data/rois/94_393.png,/home/tahiti/MARINE_DATASETS/FathomNet_FGVC2025/data/images/94.png,879c813f74aa6a59234ed6955262368d4e55835719369a30db7d260db2b41d0b,55fe6cf3dc816fe9cceccdf1e988ebe5d2de70e3d216c7c6a5291fcbf68347a4,94,1,train,1
406,96,45,Munnopsidae,/home/tahiti/MARINE_DATASETS/FathomNet_FGVC2025/data/rois/96_406.png,/home/tahiti/MARINE_DATASETS/FathomNet_FGVC2025/data/images/96.png,33c1d3668fe6082757160704957d8f69751a3dfb2aadd08a04e7b75ed7dbc947,7ae05f659f322f5e646601c320b004b380a7f6a4e58a180d95899726b8a33c04,96,4,train,4
415,98,74,Strongylocentrotus fragilis,/home/tahiti/MARINE_DATASETS/FathomNet_FGVC2025/data/rois/98_415.png,/home/tahiti/MARINE_DATASETS/FathomNet_FGVC2025/data/images/98.png,c52769e5381b49ed94dffd5890eae5afc5eee4449f6e5e5b9cc21cd1561a3018,510b7c3e877e3a83f0755c363cf676d7d0417ec5baaab92d64ea6fbb538cbf2f,98,2,train,2
418,98,74,Strongylocentrotus fragilis,/home/tahiti/MARINE_DATASETS/FathomNet_FGVC2025/data/rois/98_418.png,/home/tahiti/MARINE_DATASETS/FathomNet_FGVC2025/data/images/98.png,d62d6a0c251ad475b99e66385f990fc8685242a747993355bf0ce4286d1b8623,510b7c3e877e3a83f0755c363cf676d7d0417ec5baaab92d64ea6fbb538cbf2f,98,2,train,2
436,109,67,Scotoplanes,/home/tahiti/MARINE_DATASETS/FathomNet_FGVC2025/data/rois/109_436.png,/home/tahiti/MARINE_DATASETS/FathomNet_FGVC2025/data/images/109.png,519d3b7ad4bd808db1a5c8a5da1f731b502fd2b7f021f07b1040a8012ee3dbbc,8c96680d2313dd3a0e9d050fe65fc08f500f0acda36d7743aa22df6920d904f1,109,5,train,5
468,119,5,Actiniaria,/home/tahiti/MARINE_DATASETS/FathomNet_FGVC2025/data/rois/119_468.png,/home/tahiti/MARINE_DATASETS/FathomNet_FGVC2025/data/images/119.png,d348094e26cda1ded7509de5fcb101511e5d4320196f202b181905988828e908,73b113852c892211b7707dee20d15f67db61ad360d73096a158a05add5ad1ee2,119,4,train,4
471,120,53,Pannychia moseleyi,/home/tahiti/MARINE_DATASETS/FathomNet_FGVC2025/data/rois/120_471.png,/home/tahiti/MARINE_DATASETS/FathomNet_FGVC2025/data/images/120.png,169d2f62412b9680711ca9011416aa59c18af31a6c36412cafbb069569b06092,d2ad852ff7a1c803c46c2990b94b694a369e3b1181bc99defe712a38f61f367d,120,2,train,2
474,121,58,Peniagone,/home/tahiti/MARINE_DATASETS/FathomNet_FGVC2025/data/rois/121_474.png,/home/tahiti/MARINE_DATASETS/FathomNet_FGVC2025/data/images/121.png,75e0ccc159aa45618f050507bf6853d3f376a1e07362e0312ab61f686eeaadef,6f5afc41d40bc068b2474e72d6537e038577df5b0423ba0cc8628f5634fdc1db,121,4,train,4
476,122,5,Actiniaria,/home/tahiti/MARINE_DATASETS/FathomNet_FGVC2025/data/rois/122_476.png,/home/tahiti/MARINE_DATASETS/FathomNet_FGVC2025/data/images/122.png,33a96ce0d5f5599e52012a20b51e39cdb95e75894d7868e49ac318891c2c8f7f,aaec46313e18d985c1ed88b670865b4b390ae571a425f9158ebe1ec4712c1019,122,2,train,2
478,122,34,Isidella tentaculum,/home/tahiti/MARINE_DATASETS/FathomNet_FGVC2025/data/rois/122_478.png,/home/tahiti/MARINE_DATASETS/FathomNet_FGVC2025/data/images/122.png,3c93ebcbe164baf11507c7eeb285e5584c7ba38eccefc7740a64e89f4bbd0fda,aaec46313e18d985c1ed88b670865b4b390ae571a425f9158ebe1ec4712c1019,122,2,train,2
482,122,28,Heterochone calyx,/home/tahiti/MARINE_DATASETS/FathomNet_FGVC2025/data/rois/122_482.png,/home/tahiti/MARINE_DATASETS/FathomNet_FGVC2025/data/images/122.png,bf763f4c5c1a4a7b23989215971ef8239b9f2b16c3d5e19c07724432698b553f,aaec46313e18d985c1ed88b670865b4b390ae571a425f9158ebe1ec4712c1019,122,2,train,2
485,122,73,Staurocalyptus,/home/tahiti/MARINE_DATASETS/FathomNet_FGVC2025/data/rois/122_485.png,/home/tahiti/MARINE_DATASETS/FathomNet_FGVC2025/data/images/122.png,7155dce58bf9bff0df110bdd97c379da2b47ae20911e81bf3891e51b36be3a42,aaec46313e18d985c1ed88b670865b4b390ae571a425f9158ebe1ec4712c1019,122,2,train,2
486,122,16,Chionoecetes tanneri,/home/tahiti/MARINE_DATASETS/FathomNet_FGVC2025/data/rois/122_486.png,/home/tahiti/MARINE_DATASETS/FathomNet_FGVC2025/data/images/122.png,189311fab50b75f21a80252175bdb62121194005938ccd55e9a04bb7cd9bd78d,aaec46313e18d985c1ed88b670865b4b390ae571a425f9158ebe1ec4712c1019,122,2,train,2
495,128,53,Pannychia moseleyi,/home/tahiti/MARINE_DATASETS/FathomNet_FGVC2025/data/rois/128_495.png,/home/tahiti/MARINE_DATASETS/FathomNet_FGVC2025/data/images/128.png,f6e890d3310af4735be08c6df0837d6f7194bd508d7379528881bf3671a5684d,2d3ca2a5233ec394acd1908d090a57fbad581a898a720d0994795d1c96edba16,128,5,train,5
504,134,64,Pyrosoma atlanticum,/home/tahiti/MARINE_DATASETS/FathomNet_FGVC2025/data/rois/134_504.png,/home/tahiti/MARINE_DATASETS/FathomNet_FGVC2025/data/images/134.png,de30f01ad357cc295349cefd496311f415c83fb80e698e34b3fa4d37a763bbe1,5215df242226ed22b06e4a9f37f47ebddff4fe15fe315e0e85f938b7fd533896,134,1,train,1
514,137,36,Isosicyonis,/home/tahiti/MARINE_DATASETS/FathomNet_FGVC2025/data/rois/137_514.png,/home/tahiti/MARINE_DATASETS/FathomNet_FGVC2025/data/images/137.png,96d6f6c558b400a27d9e8b8f0c7b3a12ef0922476779a162fa12def6bdfe5f60,0799ba7e61b3bdeb5a5b9c1d0581e1384b05f4c4e476d7dd4c8cf7ba70c2c50f,137,4,train,4
515,137,36,Isosicyonis,/home/tahiti/MARINE_DATASETS/FathomNet_FGVC2025/data/rois/137_515.png,/home/tahiti/MARINE_DATASETS/FathomNet_FGVC2025/data/images/137.png,ec6daca0754bfda618d3ede62d020977f10d854ee3a12f0b699ccbac8d94082f,0799ba7e61b3bdeb5a5b9c1d0581e1384b05f4c4e476d7dd4c8cf7ba70c2c50f,137,4,train,4
520,138,74,Strongylocentrotus fragilis,/home/tahiti/MARINE_DATASETS/FathomNet_FGVC2025/data/rois/138_520.png,/home/tahiti/MARINE_DATASETS/FathomNet_FGVC2025/data/images/138.png,9f6ca155b8be4af5b0313b0d8bb3be738ac4b48c803faf87c42dc870a127e7bc,aee442916afa5501ab132dd95c5c7deddaa792b9ac408b7d93bb3748897ee57d,138,2,train,2
526,138,47,Octopus rubescens,/home/tahiti/MARINE_DATASETS/FathomNet_FGVC2025/data/rois/138_526.png,/home/tahiti/MARINE_DATASETS/FathomNet_FGVC2025/data/images/138.png,7c4d8fdb9ef4da6376bda4edc8caf943de07f2e7f6ac1418213082bf0099ebed,aee442916afa5501ab132dd95c5c7deddaa792b9ac408b7d93bb3748897ee57d,138,2,train,2
530,140,62,Psolus squamatus,/home/tahiti/MARINE_DATASETS/FathomNet_FGVC2025/data/rois/140_530.png,/home/tahiti/MARINE_DATASETS/FathomNet_FGVC2025/data/images/140.png,7d59891cb9a9032364d29dd05cc543fb8ba9b1e6d1615df48989bf6a42e60661,cddbf46ed420b0e9c068ad46bfa34d87cdf1b15350a9bc5e7002b5c560956c91,140,4,train,4
551,147,74,Strongylocentrotus fragilis,/home/tahiti/MARINE_DATASETS/FathomNet_FGVC2025/data/rois/147_551.png,/home/tahiti/MARINE_DATASETS/FathomNet_FGVC2025/data/images/147.png,20619cd3df39f55c5b0c00ca46a87ea3af26f6976cefb4ad85b6aacb1d6d9458,f68b3355f3aa0b33185e475136c14c366e13ab42cd25dcc4a1e9a92440488218,147,1,train,1
566,150,3,Acanthoptilum,/home/tahiti/MARINE_DATASETS/FathomNet_FGVC2025/data/rois/150_566.png,/home/tahiti/MARINE_DATASETS/FathomNet_FGVC2025/data/images/150.png,4184e5a4192e463cd10aa86e3ead28b7d2c87ae5bee89fc7e881c7db5cda85c1,ebe1317f3aaea12bd2a0b3818f6b6eeb41f9fa42f60ca811e51311712ea09b98,150,0,train,0
579,153,37,Keratoisis,/home/tahiti/MARINE_DATASETS/FathomNet_FGVC2025/data/rois/153_579.png,/home/tahiti/MARINE_DATASETS/FathomNet_FGVC2025/data/images/153.png,ea36b482c7ab494504ec535d3338b1f9d0b8000c81fc4108b7fe24618e186911,9701cb845229426dd866a5258ce1d05b2a91ffbdfe7398180a695e1fdd3b65eb,153,1,train,1
583,157,65,Rathbunaster californicus,/home/tahiti/MARINE_DATASETS/FathomNet_FGVC2025/data/rois/157_583.png,/home/tahiti/MARINE_DATASETS/FathomNet_FGVC2025/data/images/157.png,d1991f0e6e31be1bd4a210b9e29ec398efaa796347194c701b0ceb2a07f4f9a5,3d5207e88b9acb1b54086c65e66c7c3f40f6b3479bb28c48284b249fdaf62924,157,4,train,4
629,167,74,Strongylocentrotus fragilis,/home/tahiti/MARINE_DATASETS/FathomNet_FGVC2025/data/rois/167_629.png,/home/tahiti/MARINE_DATASETS/FathomNet_FGVC2025/data/images/167.png,8a3ba9bdb18952205cac6f1f82399bc09acbf21d683b01a61bb0aa4592ef60df,c1d6271a0bca45e3c02ec28f5168e2ff31ad434af763487e4d6bf099bccb3520,167,1,train,1
645,167,74,Strongylocentrotus fragilis,/home/tahiti/MARINE_DATASETS/FathomNet_FGVC2025/data/rois/167_645.png,/home/tahiti/MARINE_DATASETS/FathomNet_FGVC2025/data/images/167.png,a3c3f833faed1e5d4914cff9d509ea0e0b3832e5966ecc5eed217f7c7ae4450e,c1d6271a0bca45e3c02ec28f5168e2ff31ad434af763487e4d6bf099bccb3520,167,1,train,1
663,170,16,Chionoecetes tanneri,/home/tahiti/MARINE_DATASETS/FathomNet_FGVC2025/data/rois/170_663.png,/home/tahiti/MARINE_DATASETS/FathomNet_FGVC2025/data/images/170.png,b6cb1e0103bf4609882dc797c0947179eaccb06ae5d393928d9a9cc40f3c28d6,dd16611b1dbfcde7e9147a5572741d279027ed66f4c3d10eed1419b9cf35a86c,170,4,train,4
665,170,16,Chionoecetes tanneri,/home/tahiti/MARINE_DATASETS/FathomNet_FGVC2025/data/rois/170_665.png,/home/tahiti/MARINE_DATASETS/FathomNet_FGVC2025/data/images/170.png,ec4001de8734b3c3fec3a3ae40ff885cf47719e5fc3977f42bc34440f924dcc9,dd16611b1dbfcde7e9147a5572741d279027ed66f4c3d10eed1419b9cf35a86c,170,4,train,4
670,170,16,Chionoecetes tanneri,/home/tahiti/MARINE_DATASETS/FathomNet_FGVC2025/data/rois/170_670.png,/home/tahiti/MARINE_DATASETS/FathomNet_FGVC2025/data/images/170.png,11a6b3a4c9302b993174029edd74cf17c706b737766a6d1c5bfe2277dcabef43,dd16611b1dbfcde7e9147a5572741d279027ed66f4c3d10eed1419b9cf35a86c,170,4,train,4
687,171,32,Holothuroidea,/home/tahiti/MARINE_DATASETS/FathomNet_FGVC2025/data/rois/171_687.png,/home/tahiti/MARINE_DATASETS/FathomNet_FGVC2025/data/images/171.png,c300ab6e2c90c814ad76e829b2122a2b59d37efc096cba5be7d4407523c2e53b,dca258aea2c598080ddb25d169e0d1f324be102ad104862b428949fa5780721f,171,2,train,2
692,174,31,Hippasteria,/home/tahiti/MARINE_DATASETS/FathomNet_FGVC2025/data/rois/174_692.png,/home/tahiti/MARINE_DATASETS/FathomNet_FGVC2025/data/images/174.png,9e6fdea61c4772b56043eb936363e650588dc7da6ee352b04b12e0bd53957f6f,a0a28e1d5b50095eeff18ca73f96d36dfa0d09df1651c064216e941ed99057d3,174,5,train,5
693,175,37,Keratoisis,/home/tahiti/MARINE_DATASETS/FathomNet_FGVC2025/data/rois/175_693.png,/home/tahiti/MARINE_DATASETS/FathomNet_FGVC2025/data/images/175.png,ddc5c1f7eef3fdc2c21b20ed1319af231f9c1d6385f80bb0e93d67c29cfca474,93d7e2d2ca89538298a0f9ab609ed7b093382dca46b6b693c858a436ede3b7fc,175,1,train,1
715,183,11,Asteroidea,/home/tahiti/MARINE_DATASETS/FathomNet_FGVC2025/data/rois/183_715.png,/home/tahiti/MARINE_DATASETS/FathomNet_FGVC2025/data/images/183.png,a96f1123b5b65915796c6897995ac9fc097daa9830fe1451f06abd0000615670,9a247818a7b88cd8402324c5076f63ae8c5877bcd78225d823b5bd7a9c6199b5,183,0,train,0
730,189,49,Ophiuroidea,/home/tahiti/MARINE_DATASETS/FathomNet_FGVC2025/data/rois/189_730.png,/home/tahiti/MARINE_DATASETS/FathomNet_FGVC2025/data/images/189.png,d1d867e1f954481ef3d78d0af45c0c5843a26de501ff37a2a08548c556790d90,9c26eaf80343acde3a3439d9748a150973d9c1803dfe70bbc97242f83aeb18ba,189,2,train,2
751,193,65,Rathbunaster californicus,/home/tahiti/MARINE_DATASETS/FathomNet_FGVC2025/data/rois/193_751.png,/home/tahiti/MARINE_DATASETS/FathomNet_FGVC2025/data/images/193.png,262ef6a2ec8abefd5694c37d4502a3d3d3317d2a130af3b67980dced9a15c971,737dc29879839453ceca5b34dd50c6f936bc31fa468c00ec3f03c5f3895e4834,193,2,train,2
778,199,74,Strongylocentrotus fragilis,/home/tahiti/MARINE_DATASETS/FathomNet_FGVC2025/data/rois/199_778.png,/home/tahiti/MARINE_DATASETS/FathomNet_FGVC2025/data/images/199.png,6ca8e3ef728404491942a1a4c880d90be4a7a383ac87f4b22b16c4ae6f91efc4,01a831a98b6b049a1e670c32181e7a1dd81a61f6eba53c7797eeb8b792d25480,199,2,train,2
785,204,49,Ophiuroidea,/home/tahiti/MARINE_DATASETS/FathomNet_FGVC2025/data/rois/204_785.png,/home/tahiti/MARINE_DATASETS/FathomNet_FGVC2025/data/images/204.png,54ef768259be59c52e5e7ce5cf61c4550817533d13a9e2bf42136d3423cbf169,30918ddcdca8f42625bf2eeabd44102dd18cca9498787bc52fa0b653c2f19432,204,4,train,4
787,206,19,Crinoidea,/home/tahiti/MARINE_DATASETS/FathomNet_FGVC2025/data/rois/206_787.png,/home/tahiti/MARINE_DATASETS/FathomNet_FGVC2025/data/images/206.png,8e17a1d77312cc4dc81a6584bc19b64fb4c462dc3fcfb720f817c3f712338eb5,21dfa5eaf7676541cdc9b3c50b7859f2f75588f4a30a0d287067214cf373ae64,206,0,train,0
809,225,60,Porifera,/home/tahiti/MARINE_DATASETS/FathomNet_FGVC2025/data/rois/225_809.png,/home/tahiti/MARINE_DATASETS/FathomNet_FGVC2025/data/images/225.png,35eae554106e3ad5da0ca3ad245d31fe867d258a938a7f64e79c4237f3139800,5b969bbabb44f517a40e1ee6f76acea485a85fa0d105de9bd9f61fc1835bdcb1,225,4,train,4
810,225,71,Sebastolobus,/home/tahiti/MARINE_DATASETS/FathomNet_FGVC2025/data/rois/225_810.png,/home/tahiti/MARINE_DATASETS/FathomNet_FGVC2025/data/images/225.png,e987fd61f4136c11acba0c70fa502c842c0a3c3556abe1e8e0e7016701a1179c,5b969bbabb44f517a40e1ee6f76acea485a85fa0d105de9bd9f61fc1835bdcb1,225,4,train,4
814,226,65,Rathbunaster californicus,/home/tahiti/MARINE_DATASETS/FathomNet_FGVC2025/data/rois/226_814.png,/home/tahiti/MARINE_DATASETS/FathomNet_FGVC2025/data/images/226.png,26cfa84a1c0e9e0e0440b06c9dfab99e3a0124715c767b791e8659434507808c,6d0e7e82fa146ef2ba5be25b97b26be7497e29de7c1136c329dd4ae00ef28e64,226,4,train,4
819,226,74,Strongylocentrotus fragilis,/home/tahiti/MARINE_DATASETS/FathomNet_FGVC2025/data/rois/226_819.png,/home/tahiti/MARINE_DATASETS/FathomNet_FGVC2025/data/images/226.png,4e23e0883ee266b019e9036bab81858a54b94e4193b370dd231acb1072e587f6,6d0e7e82fa146ef2ba5be25b97b26be7497e29de7c1136c329dd4ae00ef28e64,226,4,train,4
821,226,46,Mycale,/home/tahiti/MARINE_DATASETS/FathomNet_FGVC2025/data/rois/226_821.png,/home/tahiti/MARINE_DATASETS/FathomNet_FGVC2025/data/images/226.png,d481da16ed9c0537a41f6e75bb215301f7d8ff069b7fadf733b2d8297951f729,6d0e7e82fa146ef2ba5be25b97b26be7497e29de7c1136c329dd4ae00ef28e64,226,4,train,4
822,226,74,Strongylocentrotus fragilis,/home/tahiti/MARINE_DATASETS/FathomNet_FGVC2025/data/rois/226_822.png,/home/tahiti/MARINE_DATASETS/FathomNet_FGVC2025/data/images/226.png,9045b5d9c7e4ee3c63a459ff61e0f16fb228d3e4cf94ec5c027e53ceee43eb46,6d0e7e82fa146ef2ba5be25b97b26be7497e29de7c1136c329dd4ae00ef28e64,226,4,train,4
850,231,67,Scotoplanes,/home/tahiti/MARINE_DATASETS/FathomNet_FGVC2025/data/rois/231_850.png,/home/tahiti/MARINE_DATASETS/FathomNet_FGVC2025/data/images/231.png,c6a747e85d1e16bfe45049024048d62e3d7f517c22fb60d841a80dbaba29c6c1,4c9b1f5b8d3fe7856cd5f9c9db28092406ddf6096030a98db24fe73a79b1cd58,231,5,train,5
857,236,62,Psolus squamatus,/home/tahiti/MARINE_DATASETS/FathomNet_FGVC2025/data/rois/236_857.png,/home/tahiti/MARINE_DATASETS/FathomNet_FGVC2025/data/images/236.png,24a2612803e1c6270fae7cce255703477c1ca1e5665cfa1d9fe787be75c31107,ff3aedf72a478f14db0e17181dc1a29f086236f854d1d2540526d1b2651c6e7e,236,2,train,2
858,236,62,Psolus squamatus,/home/tahiti/MARINE_DATASETS/FathomNet_FGVC2025/data/rois/236_858.png,/home/tahiti/MARINE_DATASETS/FathomNet_FGVC2025/data/images/236.png,5ac279e4d1b955c77ecc8b989b3542019159ebab812ab3c3498090ef83c8a00f,ff3aedf72a478f14db0e17181dc1a29f086236f854d1d2540526d1b2651c6e7e,236,2,train,2
872,240,75,Terebellidae,/home/tahiti/MARINE_DATASETS/FathomNet_FGVC2025/data/rois/240_872.png,/home/tahiti/MARINE_DATASETS/FathomNet_FGVC2025/data/images/240.png,8921a6b89ae2bb10a2bff5ac1815a1b469d0be8fc86e1dfb31b13918c78091c4,0b93333280041db414b60f9f1495ee66cf8c3542bcbbc91c66a08db2e6857091,240,5,train,5
878,244,68,Scotoplanes globosa,/home/tahiti/MARINE_DATASETS/FathomNet_FGVC2025/data/rois/244_878.png,/home/tahiti/MARINE_DATASETS/FathomNet_FGVC2025/data/images/244.png,534b73c6d6e2fd2af1b410f24637c9fb4b7b4ef03c26b6250a7d2282317a6413,20ef26fcb6e260bef46311a568b27261330b119bae0bf3de826cc10917d349ed,244,5,train,5
884,245,49,Ophiuroidea,/home/tahiti/MARINE_DATASETS/FathomNet_FGVC2025/data/rois/245_884.png,/home/tahiti/MARINE_DATASETS/FathomNet_FGVC2025/data/images/245.png,0cc7acb4017d642e19af1287b268c9273b5d8a572f96ae2f32edb3ca971c55e6,92088c9cd346f38a4ade43862848f9a7b83802dabf59161d6f2fd17dcb896595,245,0,train,0
885,245,49,Ophiuroidea,/home/tahiti/MARINE_DATASETS/FathomNet_FGVC2025/data/rois/245_885.png,/home/tahiti/MARINE_DATASETS/FathomNet_FGVC2025/data/images/245.png,ee082986c2e97866fb63d90a723609a17cdfe08edb70cc4bad65dd152075ff9c,92088c9cd346f38a4ade43862848f9a7b83802dabf59161d6f2fd17dcb896595,245,0,train,0
897,248,40,Mediaster aequalis,/home/tahiti/MARINE_DATASETS/FathomNet_FGVC2025/data/rois/248_897.png,/home/tahiti/MARINE_DATASETS/FathomNet_FGVC2025/data/images/248.png,a6b6ece2fe17b43fac10cce9910c89b1627b76f9dafbb5df058af573ed4e8052,58424e064f7e5e0dde47e02867d2a0fb2340b3b0f62f98bbd9cff011f14d93e5,248,0,train,0
917,255,30,Hexactinellida,/home/tahiti/MARINE_DATASETS/FathomNet_FGVC2025/data/rois/255_917.png,/home/tahiti/MARINE_DATASETS/FathomNet_FGVC2025/data/images/255.png,98c9b41cea61c7b566177ca2114cea522b346370c321e6ffec4133a60a9f18fb,4051997ee5613338d90d02c8ad1e13ae3660d2dc81b650d4c123a356e691d8ed,255,4,train,4
936,255,71,Sebastolobus,/home/tahiti/MARINE_DATASETS/FathomNet_FGVC2025/data/rois/255_936.png,/home/tahiti/MARINE_DATASETS/FathomNet_FGVC2025/data/images/255.png,a8c68f73a5e3dbc52b4b2b00143a2105ffda1eaefb6028c3e9514dd9f95ba68c,4051997ee5613338d90d02c8ad1e13ae3660d2dc81b650d4c123a356e691d8ed,255,4,train,4
946,257,42,Metridium farcimen,/home/tahiti/MARINE_DATASETS/FathomNet_FGVC2025/data/rois/257_946.png,/home/tahiti/MARINE_DATASETS/FathomNet_FGVC2025/data/images/257.png,54103e160c59d8b7b5de007d4bdf181fba897333fd4dd7969aeb3723509d487b,538f2304685a7a35d1e40bb296800a69713b94c292e82cc080ffee9fc67891d3,257,4,train,4
948,259,49,Ophiuroidea,/home/tahiti/MARINE_DATASETS/FathomNet_FGVC2025/data/rois/259_948.png,/home/tahiti/MARINE_DATASETS/FathomNet_FGVC2025/data/images/259.png,0b49189ffed1c7263aa394daddffdeef9702b3d176a3a194fc7cfc7175f0da03,25c0aa508a55b69ae580c888fcf6247be59e1b23c4be1ee7eaf93a2c7bc5a7e7,259,0,train,0
954,261,62,Psolus squamatus,/home/tahiti/MARINE_DATASETS/FathomNet_FGVC2025/data/rois/261_954.png,/home/tahiti/MARINE_DATASETS/FathomNet_FGVC2025/data/images/261.png,24ec3ecd607c65dd3c5d9f9865c72f74616c3c9570eca41b1618dfa30f93f2bf,ee918ca35173dd6acad9d429c25d41402847ff36e48432b694acae3f783e2d5a,261,1,train,1
961,264,71,Sebastolobus,/home/tahiti/MARINE_DATASETS/FathomNet_FGVC2025/data/rois/264_961.png,/home/tahiti/MARINE_DATASETS/FathomNet_FGVC2025/data/images/264.png,2b6b9e1c60eb3f95dfc6f434478286609a1141f162da54bd294023ea47974fe6,48a3456e4bd83467da806bb790608eb25d711e52ceb1c5a9c2fbf27514b8b845,264,0,train,0
962,264,16,Chionoecetes tanneri,/home/tahiti/MARINE_DATASETS/FathomNet_FGVC2025/data/rois/264_962.png,/home/tahiti/MARINE_DATASETS/FathomNet_FGVC2025/data/images/264.png,2984be46e3ed81709c8368a5982379b5f0228425904d6bb1cfc3bca64c56c50c,48a3456e4bd83467da806bb790608eb25d711e52ceb1c5a9c2fbf27514b8b845,264,0,train,0
969,265,71,Sebastolobus,/home/tahiti/MARINE_DATASETS/FathomNet_FGVC2025/data/rois/265_969.png,/home/tahiti/MARINE_DATASETS/FathomNet_FGVC2025/data/images/265.png,120a06793874688d6a76b50003b2551a8860fb61939d42fc00959c0400c43369,744289e34c928d77be43d201632c217ad03af0a48560b65d8e9b2c68a6aefeb2,265,4,train,4
1028,279,32,Holothuroidea,/home/tahiti/MARINE_DATASETS/FathomNet_FGVC2025/data/rois/279_1028.png,/home/tahiti/MARINE_DATASETS/FathomNet_FGVC2025/data/images/279.png,92a77029deeab9321add56f8314993a9aaa364d307d9093ec424657c922b2bdf,6e21ccedd2ea7a7cc2ba8b166f2f96fcf6ef52c4ab86b48c912b9bf33b159dde,279,4,train,4
1029,280,5,Actiniaria,/home/tahiti/MARINE_DATASETS/FathomNet_FGVC2025/data/rois/280_1029.png,/home/tahiti/MARINE_DATASETS/FathomNet_FGVC2025/data/images/280.png,8ddd5c0650af254a75c1081623144cb4636943e24a56c335ef028bf3dc21476e,985651f95b79938760accc6d26770538936058015394d5830374a9404f184762,280,1,train,1
1036,283,45,Munnopsidae,/home/tahiti/MARINE_DATASETS/FathomNet_FGVC2025/data/rois/283_1036.png,/home/tahiti/MARINE_DATASETS/FathomNet_FGVC2025/data/images/283.png,cf87842346eda3d6643d6b60cbdb17ce15b4ef37bfc3474c82d1ab6ce0d9620d,a1569b393f761ad47fc145b9494a41c0fa8bf25f3a5fc559f8a311e612bd06db,283,4,train,4
1071,290,44,Munidopsis,/home/tahiti/MARINE_DATASETS/FathomNet_FGVC2025/data/rois/290_1071.png,/home/tahiti/MARINE_DATASETS/FathomNet_FGVC2025/data/images/290.png,03b6673a5b4e6e51456572d63f73b4a464b7b39e5fcc4607c403b13718025f6f,d7f61ed84796320f9ad8de7a0bf68bd25321e04b38e661f349214166bbd39552,290,0,train,0
1081,295,74,Strongylocentrotus fragilis,/home/tahiti/MARINE_DATASETS/FathomNet_FGVC2025/data/rois/295_1081.png,/home/tahiti/MARINE_DATASETS/FathomNet_FGVC2025/data/images/295.png,5b630a3e94343fa70b40f1a7488a7a228265c1dde3223df7f63ea735840055aa,813faa06470e5cdf460d0c866fa157fed83627e7c363ee64f61e00bc7a13c0f9,295,1,train,1
1082,296,11,Asteroidea,/home/tahiti/MARINE_DATASETS/FathomNet_FGVC2025/data/rois/296_1082.png,/home/tahiti/MARINE_DATASETS/FathomNet_FGVC2025/data/images/296.png,7e99fae084b9ae8b419447ccec4f6b4d504e2d5b520d80a652b6d15709d238ad,aba1fc05296d9d19b2c9f75acfb3979f3030503cc600dfb90f0112d6979bb94e,296,5,train,5
1085,297,5,Actiniaria,/home/tahiti/MARINE_DATASETS/FathomNet_FGVC2025/data/rois/297_1085.png,/home/tahiti/MARINE_DATASETS/FathomNet_FGVC2025/data/images/297.png,3ad9d2436f3c38162a194b84c4b5bf5a3b2743cb069827a5d5910f874b4b8905,0f161a9eefa45a47ad4c1b9e6e9023c9ef2441e850adca04daba96af171d4c06,297,5,train,5
1098,301,74,Strongylocentrotus fragilis,/home/tahiti/MARINE_DATASETS/FathomNet_FGVC2025/data/rois/301_1098.png,/home/tahiti/MARINE_DATASETS/FathomNet_FGVC2025/data/images/301.png,acb985fef75ea19cee7378007c83a5041c6ae69978455e5240b1906f0a3c0fdc,30621289d33cf4b0e8568c98c9dc91d708ba1b1aaf854105d673ec0b7f874773,301,0,train,0
1099,301,74,Strongylocentrotus fragilis,/home/tahiti/MARINE_DATASETS/FathomNet_FGVC2025/data/rois/301_1099.png,/home/tahiti/MARINE_DATASETS/FathomNet_FGVC2025/data/images/301.png,c259bfbc805350b5589fe5548326264feddc3c67ba935ffedf4f5b6f7043ddf8,30621289d33cf4b0e8568c98c9dc91d708ba1b1aaf854105d673ec0b7f874773,301,0,train,0
1115,306,74,Strongylocentrotus fragilis,/home/tahiti/MARINE_DATASETS/FathomNet_FGVC2025/data/rois/306_1115.png,/home/tahiti/MARINE_DATASETS/FathomNet_FGVC2025/data/images/306.png,678f853a1e70218174b02a04be39bf74578dc478b412aaf253703d85bf396567,4dea7c7cf13208c94911b18036fba962b67bf46e35ed9dc2c04d694df571bc2f,306,0,train,0
1150,313,28,Heterochone calyx,/home/tahiti/MARINE_DATASETS/FathomNet_FGVC2025/data/rois/313_1150.png,/home/tahiti/MARINE_DATASETS/FathomNet_FGVC2025/data/images/313.png,99465f8af7127f426b9ba87e9dedcc902be23aaafd764a3754018343f1def1a7,46bec2574409b8b47f37e9d6f3b124e1a845753f370c90f91db386543cc03914,313,1,train,1
1151,313,73,Staurocalyptus,/home/tahiti/MARINE_DATASETS/FathomNet_FGVC2025/data/rois/313_1151.png,/home/tahiti/MARINE_DATASETS/FathomNet_FGVC2025/data/images/313.png,a2c7696b71597a4d1b22c5078f1d9f8928a1b0cb3b96f0bbf15a0d0ff1d4c43e,46bec2574409b8b47f37e9d6f3b124e1a845753f370c90f91db386543cc03914,313,1,train,1
1187,318,60,Porifera,/home/tahiti/MARINE_DATASETS/FathomNet_FGVC2025/data/rois/318_1187.png,/home/tahiti/MARINE_DATASETS/FathomNet_FGVC2025/data/images/318.png,6469af81756ff19bc8c3a4864474dcd58177f399c30925ea2a1159326d2241ee,a0a59a0c78826de68d493c1c9bda3d0b998a20a9d8207a356e76cdec00912a6c,318,5,train,5
1240,338,58,Peniagone,/home/tahiti/MARINE_DATASETS/FathomNet_FGVC2025/data/rois/338_1240.png,/home/tahiti/MARINE_DATASETS/FathomNet_FGVC2025/data/images/338.png,663e7248b0ee5c6881316f0d865a85bd6dacb993d023b7dae98911f190aeba6c,0d8ead7abd5e6b45bd7beaccda5b4da06976f8bb1c60280e154a9d4f88b03d8f,338,2,train,2
1245,339,79,Zoantharia,/home/tahiti/MARINE_DATASETS/FathomNet_FGVC2025/data/rois/339_1245.png,/home/tahiti/MARINE_DATASETS/FathomNet_FGVC2025/data/images/339.png,086a257c26d898fbf719b79060a46e1349125d6ad929010b9151dadb24cbc2bc,a60862e5c141bdafd22821fb1eb63824b5a51709671a0317ee6acf3c0ef0cb32,339,2,train,2
1246,339,79,Zoantharia,/home/tahiti/MARINE_DATASETS/FathomNet_FGVC2025/data/rois/339_1246.png,/home/tahiti/MARINE_DATASETS/FathomNet_FGVC2025/data/images/339.png,ef64c8c0105c6fa38b84d6aa6e8e8d97cc44402b18dc8d946ccc9700eaded3ac,a60862e5c141bdafd22821fb1eb63824b5a51709671a0317ee6acf3c0ef0cb32,339,2,train,2
1253,339,79,Zoantharia,/home/tahiti/MARINE_DATASETS/FathomNet_FGVC2025/data/rois/339_1253.png,/home/tahiti/MARINE_DATASETS/FathomNet_FGVC2025/data/images/339.png,299a74eadb5b58c6a9aa5030c3631352effd4a896a576ee524d4b82b3e463fe9,a60862e5c141bdafd22821fb1eb63824b5a51709671a0317ee6acf3c0ef0cb32,339,2,train,2
1257,339,79,Zoantharia,/home/tahiti/MARINE_DATASETS/FathomNet_FGVC2025/data/rois/339_1257.png,/home/tahiti/MARINE_DATASETS/FathomNet_FGVC2025/data/images/339.png,d93234e0ccf677293c5333025e57028b6851b056eb96806eaa40f2c7174ccebe,a60862e5c141bdafd22821fb1eb63824b5a51709671a0317ee6acf3c0ef0cb32,339,2,train,2
1288,345,62,Psolus squamatus,/home/tahiti/MARINE_DATASETS/FathomNet_FGVC2025/data/rois/345_1288.png,/home/tahiti/MARINE_DATASETS/FathomNet_FGVC2025/data/images/345.png,c9928c075b6149c293539bf13ef801f0334828357498e14abe49a93b1820688e,7e06acb4fd2b604843e260cf324dd74b6485ae03686f8bbf59e7d43ef3b50426,345,4,train,4
1314,349,33,Hormathiidae,/home/tahiti/MARINE_DATASETS/FathomNet_FGVC2025/data/rois/349_1314.png,/home/tahiti/MARINE_DATASETS/FathomNet_FGVC2025/data/images/349.png,b978d0592dac881423e833ebe299998c6802d1f914c22f1ca46ed8e9848f4094,70e2fbb1b3512054c62be8f862a07a3aaefbdf05c9e93f26c45c3cf5d8b433bd,349,0,train,0
1318,349,65,Rathbunaster californicus,/home/tahiti/MARINE_DATASETS/FathomNet_FGVC2025/data/rois/349_1318.png,/home/tahiti/MARINE_DATASETS/FathomNet_FGVC2025/data/images/349.png,c2f05b0e82b78603bcac0578f2e15661e79861a28eeb791fddb67a4c57607e0b,70e2fbb1b3512054c62be8f862a07a3aaefbdf05c9e93f26c45c3cf5d8b433bd,349,0,train,0
1351,357,60,Porifera,/home/tahiti/MARINE_DATASETS/FathomNet_FGVC2025/data/rois/357_1351.png,/home/tahiti/MARINE_DATASETS/FathomNet_FGVC2025/data/images/357.png,f815fa721aa3f4d32a42240f5e147b972902cdba004fc7619da5218afd7d89f8,0ceedef08a6bfd665059b1146b10e52c384466ac133645e20b8246e61d461c1d,357,5,train,5
1356,357,22,Farrea,/home/tahiti/MARINE_DATASETS/FathomNet_FGVC2025/data/rois/357_1356.png,/home/tahiti/MARINE_DATASETS/FathomNet_FGVC2025/data/images/357.png,2b4e27eaad9d7529419d155e67c8c15152c5b1b7f8d9a884029b7dad6518716e,0ceedef08a6bfd665059b1146b10e52c384466ac133645e20b8246e61d461c1d,357,5,train,5
1370,359,42,Metridium farcimen,/home/tahiti/MARINE_DATASETS/FathomNet_FGVC2025/data/rois/359_1370.png,/home/tahiti/MARINE_DATASETS/FathomNet_FGVC2025/data/images/359.png,98c7dcb407ef81029e5490aa5f04204abc25b579f2a667b283a7964d8d3a24a7,63fb1f4bda1d8b0e3690b8c205471411b2414d641051ab11bcfe51f6f81b1589,359,2,train,2
1371,360,55,Paragorgia arborea,/home/tahiti/MARINE_DATASETS/FathomNet_FGVC2025/data/rois/360_1371.png,/home/tahiti/MARINE_DATASETS/FathomNet_FGVC2025/data/images/360.png,a0854103385ac6482019270ddbfdc7593a1a0af84176c647adae73db620f8ca5,233a1fe77056f67169bcd0ddc1fb78c700c774f120ce5831416a0a407a68bf47,360,2,train,2
1396,367,29,Heteropolypus ritteri,/home/tahiti/MARINE_DATASETS/FathomNet_FGVC2025/data/rois/367_1396.png,/home/tahiti/MARINE_DATASETS/FathomNet_FGVC2025/data/images/367.png,bc40f9e352e6368b2263ef800568703d1de669b74c18653f72c16fd2d93be99d,cac6d5a53073986e2ef0172aa50d6e472d95ff424e65a4f6f06e62b2b35772ef,367,2,train,2
1425,373,79,Zoantharia,/home/tahiti/MARINE_DATASETS/FathomNet_FGVC2025/data/rois/373_1425.png,/home/tahiti/MARINE_DATASETS/FathomNet_FGVC2025/data/images/373.png,0d7aca9d2248e01a0a0215e36ea265563efc4607dd154ee6e9f63822affb19cb,4d892a537a4b5a79427fadd552e7ef4cd0b2b4b86c0f78415c9fdc744c2ae6a2,373,0,train,0
1426,373,79,Zoantharia,/home/tahiti/MARINE_DATASETS/FathomNet_FGVC2025/data/rois/373_1426.png,/home/tahiti/MARINE_DATASETS/FathomNet_FGVC2025/data/images/373.png,421a4c174ba6cb83c09e99d4f0d4169f842c5fc4779e9953faad8efc061520d9,4d892a537a4b5a79427fadd552e7ef4cd0b2b4b86c0f78415c9fdc744c2ae6a2,373,0,train,0
1458,378,28,Heterochone calyx,/home/tahiti/MARINE_DATASETS/FathomNet_FGVC2025/data/rois/378_1458.png,/home/tahiti/MARINE_DATASETS/FathomNet_FGVC2025/data/images/378.png,1b21bfb404738eab9e2857c5b4755f9a82106f28fbd257a62c2976e25118e952,f06d449e8eab93411216e268fb8662d616f318a1f23b981819c13102ad282958,378,5,train,5
1459,378,28,Heterochone calyx,/home/tahiti/MARINE_DATASETS/FathomNet_FGVC2025/data/rois/378_1459.png,/home/tahiti/MARINE_DATASETS/FathomNet_FGVC2025/data/images/378.png,fe56bbf157d3f02a8bd2c8968d958c311d2fb1e4d4459156d0c0b6c077642e45,f06d449e8eab93411216e268fb8662d616f318a1f23b981819c13102ad282958,378,5,train,5
1461,378,28,Heterochone calyx,/home/tahiti/MARINE_DATASETS/FathomNet_FGVC2025/data/rois/378_1461.png,/home/tahiti/MARINE_DATASETS/FathomNet_FGVC2025/data/images/378.png,fa97877de198bbaa3e90715ceb50474e213d1631e139cdbe348f511ceff5b74a,f06d449e8eab93411216e268fb8662d616f318a1f23b981819c13102ad282958,378,5,train,5
1466,378,28,Heterochone calyx,/home/tahiti/MARINE_DATASETS/FathomNet_FGVC2025/data/rois/378_1466.png,/home/tahiti/MARINE_DATASETS/FathomNet_FGVC2025/data/images/378.png,e641d55e80af28a1f64dc211091a5c8c4a9ec0af60bde48d3ac36a0f4c62f0c3,f06d449e8eab93411216e268fb8662d616f318a1f23b981819c13102ad282958,378,5,train,5
1486,388,44,Munidopsis,/home/tahiti/MARINE_DATASETS/FathomNet_FGVC2025/data/rois/388_1486.png,/home/tahiti/MARINE_DATASETS/FathomNet_FGVC2025/data/images/388.png,40849d209241393061b7bd73e1b024d2040f70aaec89c15ee88c3ecaf6d434bc,c6ef7cf4a0fbfaa2f7f5dec24733d7708f1d608b21ace423ac48cc77c1e404cb,388,5,train,5
1509,393,55,Paragorgia arborea,/home/tahiti/MARINE_DATASETS/FathomNet_FGVC2025/data/rois/393_1509.png,/home/tahiti/MARINE_DATASETS/FathomNet_FGVC2025/data/images/393.png,c3c449ee233cf95f56a210eb56e08a164ba5f3de32d13f7e6b9cfdd06a80b925,fddac54754a70fb6ace81f3c1257c9e85f1de045c532b01a86576646bee11b7e,393,5,train,5
1534,393,26,Gersemia juliepackardae,/home/tahiti/MARINE_DATASETS/FathomNet_FGVC2025/data/rois/393_1534.png,/home/tahiti/MARINE_DATASETS/FathomNet_FGVC2025/data/images/393.png,093a10a741666a3bae27a806ae243aafe4b12877c53325e7b7c4ea4c84be35c8,fddac54754a70fb6ace81f3c1257c9e85f1de045c532b01a86576646bee11b7e,393,5,train,5
1537,393,57,Parastenella,/home/tahiti/MARINE_DATASETS/FathomNet_FGVC2025/data/rois/393_1537.png,/home/tahiti/MARINE_DATASETS/FathomNet_FGVC2025/data/images/393.png,6a90d774be1ae26cf1c6b81e3cb74c000b5deaab6074ce483df1e84079bd523b,fddac54754a70fb6ace81f3c1257c9e85f1de045c532b01a86576646bee11b7e,393,5,train,5
1549,400,51,Pandalus amplus,/home/tahiti/MARINE_DATASETS/FathomNet_FGVC2025/data/rois/400_1549.png,/home/tahiti/MARINE_DATASETS/FathomNet_FGVC2025/data/images/400.png,7c75537085a7f72eb397c058910683cee49d0576e508920ead63208690c97c62,835f5eaec6edcacc891c60d04660c3ec18b604a91b370f89a1eb61fbb92ff83d,400,5,train,5
1578,407,71,Sebastolobus,/home/tahiti/MARINE_DATASETS/FathomNet_FGVC2025/data/rois/407_1578.png,/home/tahiti/MARINE_DATASETS/FathomNet_FGVC2025/data/images/407.png,b687f35f10afa2806fc53a498dbcc1dd79c745cc54e9426e297119cb9afe6443,bdfa997a26fe7513581c3865ce0dc3b095cab03190c598760c226da1a9630213,407,5,train,5
1661,412,16,Chionoecetes tanneri,/home/tahiti/MARINE_DATASETS/FathomNet_FGVC2025/data/rois/412_1661.png,/home/tahiti/MARINE_DATASETS/FathomNet_FGVC2025/data/images/412.png,ce5670bfc250966362c2a700f1223ddd3d781051ff039b640409dd294986c0cb,44f8ae5db0e42210217d3f0eb4ccf596559bd4193eb597bda8fe8a659088d48a,412,4,train,4
1712,416,62,Psolus squamatus,/home/tahiti/MARINE_DATASETS/FathomNet_FGVC2025/data/rois/416_1712.png,/home/tahiti/MARINE_DATASETS/FathomNet_FGVC2025/data/images/416.png,e69dc32c4eea614f1db7d37ef862d3dd9ed4f59c457280d5765014eb51a5eea5,f14759aeb03b6e84f04ddb01e4f92033decc807a4fd82c41f03c3a8672e50655,416,5,train,5
1715,416,29,Heteropolypus ritteri,/home/tahiti/MARINE_DATASETS/FathomNet_FGVC2025/data/rois/416_1715.png,/home/tahiti/MARINE_DATASETS/FathomNet_FGVC2025/data/images/416.png,c1349bac290f2be1105c1d1afac4258761dce5f295aa3aeb72607ae6f2db5097,f14759aeb03b6e84f04ddb01e4f92033decc807a4fd82c41f03c3a8672e50655,416,5,train,5
1727,420,49,Ophiuroidea,/home/tahiti/MARINE_DATASETS/FathomNet_FGVC2025/data/rois/420_1727.png,/home/tahiti/MARINE_DATASETS/FathomNet_FGVC2025/data/images/420.png,9631ca9aa23e2e062e9a644624070a07410bd1f299538f347259e66e1fdfe655,2dd82fea183dff60826856562358fd60d433e576cd3318bea41af92ad6dced5a,420,0,train,0
1742,420,49,Ophiuroidea,/home/tahiti/MARINE_DATASETS/FathomNet_FGVC2025/data/rois/420_1742.png,/home/tahiti/MARINE_DATASETS/FathomNet_FGVC2025/data/images/420.png,9f125f21f0d15919d5bbc03720ce8644312910792ff2f3e757d4af794e73dec8,2dd82fea183dff60826856562358fd60d433e576cd3318bea41af92ad6dced5a,420,0,train,0
1743,420,49,Ophiuroidea,/home/tahiti/MARINE_DATASETS/FathomNet_FGVC2025/data/rois/420_1743.png,/home/tahiti/MARINE_DATASETS/FathomNet_FGVC2025/data/images/420.png,22ef7a2f5dfbd75ddb43255525b99e91f65c65c666e009359e295295db898855,2dd82fea183dff60826856562358fd60d433e576cd3318bea41af92ad6dced5a,420,0,train,0
1754,422,19,Crinoidea,/home/tahiti/MARINE_DATASETS/FathomNet_FGVC2025/data/rois/422_1754.png,/home/tahiti/MARINE_DATASETS/FathomNet_FGVC2025/data/images/422.png,891585f1b6a511970d689522924e50d87511e1e9bf1dfcb9e8f110cba6c32fbb,50f1b4194f22cc15e6f041c928941a9cb956f720ae77bcb60ce0af1d6ec72574,422,4,train,4
1757,422,19,Crinoidea,/home/tahiti/MARINE_DATASETS/FathomNet_FGVC2025/data/rois/422_1757.png,/home/tahiti/MARINE_DATASETS/FathomNet_FGVC2025/data/images/422.png,17277e037de0293315678c1fcbf8d4e3afcc16d7b4cfc1c8763a7d6324b05a80,50f1b4194f22cc15e6f041c928941a9cb956f720ae77bcb60ce0af1d6ec72574,422,4,train,4
1766,425,52,Pandalus platyceros,/home/tahiti/MARINE_DATASETS/FathomNet_FGVC2025/data/rois/425_1766.png,/home/tahiti/MARINE_DATASETS/FathomNet_FGVC2025/data/images/425.png,cc321b44d2f4110c4d3a088b0cbfadf4b8403e7f18cd60b75b5c05768b8b4a69,9c0514c3b67e47a83bbabaa2c2bb8dad86effbd84f3e1e2e263931260a0e6790,425,2,train,2
1775,425,52,Pandalus platyceros,/home/tahiti/MARINE_DATASETS/FathomNet_FGVC2025/data/rois/425_1775.png,/home/tahiti/MARINE_DATASETS/FathomNet_FGVC2025/data/images/425.png,589dab7de83196ae3cbbec40306e6dafe48d6f22086b03cfea4a72147f48ab3a,9c0514c3b67e47a83bbabaa2c2bb8dad86effbd84f3e1e2e263931260a0e6790,425,2,train,2
1780,425,47,Octopus rubescens,/home/tahiti/MARINE_DATASETS/FathomNet_FGVC2025/data/rois/425_1780.png,/home/tahiti/MARINE_DATASETS/FathomNet_FGVC2025/data/images/425.png,1cb620c1107b11dbc3ebbce706fd35314375e2ed7e4e1450c3aedf77eca9b90e,9c0514c3b67e47a83bbabaa2c2bb8dad86effbd84f3e1e2e263931260a0e6790,425,2,train,2
1803,427,29,Heteropolypus ritteri,/home/tahiti/MARINE_DATASETS/FathomNet_FGVC2025/data/rois/427_1803.png,/home/tahiti/MARINE_DATASETS/FathomNet_FGVC2025/data/images/427.png,7920b66094fb4fd93bc2b6b3d7727360edd91c8794b5abacdcd2bc9aab2a6291,7e3f4c24f70f0a3b571b2a38a2ff75f938c251780c62f9d1b124a4a1742ce067,427,5,train,5
1816,434,16,Chionoecetes tanneri,/home/tahiti/MARINE_DATASETS/FathomNet_FGVC2025/data/rois/434_1816.png,/home/tahiti/MARINE_DATASETS/FathomNet_FGVC2025/data/images/434.png,cf368f0654deabc508e42ea8ae4ad5d2c6e659f88e5ffff8e57ea99f204bff33,3869cbd470d7099ea63f7bf2357e779d25d1038d44146d7b2b51f88519d68e34,434,0,train,0
1821,434,16,Chionoecetes tanneri,/home/tahiti/MARINE_DATASETS/FathomNet_FGVC2025/data/rois/434_1821.png,/home/tahiti/MARINE_DATASETS/FathomNet_FGVC2025/data/images/434.png,01f0d93b1a673f05c07f249424be2fa1be189f5c94eeb436df7b3f6e1b0645d3,3869cbd470d7099ea63f7bf2357e779d25d1038d44146d7b2b51f88519d68e34,434,0,train,0
1852,441,55,Paragorgia arborea,/home/tahiti/MARINE_DATASETS/FathomNet_FGVC2025/data/rois/441_1852.png,/home/tahiti/MARINE_DATASETS/FathomNet_FGVC2025/data/images/441.png,592ac153ec744d971b6a56fdc9e55e9ba881bed76bdcd7fc135c0ef9c88f0197,1e39e98fab93f35451308a476484b71ca8120cef5b29ea8aacb4c761b1f0b0fa,441,4,train,4
1854,443,68,Scotoplanes globosa,/home/tahiti/MARINE_DATASETS/FathomNet_FGVC2025/data/rois/443_1854.png,/home/tahiti/MARINE_DATASETS/FathomNet_FGVC2025/data/images/443.png,adc34d5408c71fc373631f22213a56378f26a7d14c8f00f8d76ef7144d83e762,8eb13f6df551eaa7065cbc9af74d26f8be08a8286075d7c0382f4944e9f2adc5,443,1,train,1
1857,443,68,Scotoplanes globosa,/home/tahiti/MARINE_DATASETS/FathomNet_FGVC2025/data/rois/443_1857.png,/home/tahiti/MARINE_DATASETS/FathomNet_FGVC2025/data/images/443.png,5df1ceee8e44e6a4ca56a6302bed6e462d759a601d04cac4ad7a9e3e0becd73b,8eb13f6df551eaa7065cbc9af74d26f8be08a8286075d7c0382f4944e9f2adc5,443,1,train,1
1881,454,47,Octopus rubescens,/home/tahiti/MARINE_DATASETS/FathomNet_FGVC2025/data/rois/454_1881.png,/home/tahiti/MARINE_DATASETS/FathomNet_FGVC2025/data/images/454.png,b0b3089ebd8f889fe6d4be7f1ec43e9b522e26786f449a29a5202f1e5bb87898,65d179b193ddcef91976e10d39847237144edb282897c13c2997ec4f43010a55,454,4,train,4
1889,459,36,Isosicyonis,/home/tahiti/MARINE_DATASETS/FathomNet_FGVC2025/data/rois/459_1889.png,/home/tahiti/MARINE_DATASETS/FathomNet_FGVC2025/data/images/459.png,435becd43984e26ad3e6f5a0b466b624faab4b131b5e095ad2fffb3ddde5d16a,576d0491a8483485a44ef15a7a0c403c51ddb3a9519b78d8f6a05742fe9ee9a1,459,1,train,1
1895,460,5,Actiniaria,/home/tahiti/MARINE_DATASETS/FathomNet_FGVC2025/data/rois/460_1895.png,/home/tahiti/MARINE_DATASETS/FathomNet_FGVC2025/data/images/460.png,a46687815b13d52af013d9e05f1027b8e41cc25c612457ca9e2a16477df52e73,0390fb489705e55c64e385100942611f0c33f90d534002a7d0d2878d000ef620,460,1,train,1
1912,463,66,Scleractinia,/home/tahiti/MARINE_DATASETS/FathomNet_FGVC2025/data/rois/463_1912.png,/home/tahiti/MARINE_DATASETS/FathomNet_FGVC2025/data/images/463.png,221caca54a240e1202b7bcb0e567364e96c2bc0e75131dc07f5d3d64bae42f50,a4ccda7116dc7eb3a5ca8a1eb3b19349f4c3b2522dbc815da4936857ed3f1f2b,463,2,train,2
1921,466,74,Strongylocentrotus fragilis,/home/tahiti/MARINE_DATASETS/FathomNet_FGVC2025/data/rois/466_1921.png,/home/tahiti/MARINE_DATASETS/FathomNet_FGVC2025/data/images/466.png,d701d7143e422f5c680ce791b11247cfc43362cd413c1cb7253a459091bd1d81,a0ad89b52b232d271f3cc34b807539a6460ef5232d2dbd7ab89ac2677fe6df0f,466,0,train,0
1923,468,37,Keratoisis,/home/tahiti/MARINE_DATASETS/FathomNet_FGVC2025/data/rois/468_1923.png,/home/tahiti/MARINE_DATASETS/FathomNet_FGVC2025/data/images/468.png,4e5911fd07ced5e1c66d44d9ac481cb0e64518f32dc16027165f66866c8e520a,0cc53c586ccd6e966183de2e7ce636e6b3e23d27bd5602fbb5c5f683c680a229,468,0,train,0
1926,469,65,Rathbunaster californicus,/home/tahiti/MARINE_DATASETS/FathomNet_FGVC2025/data/rois/469_1926.png,/home/tahiti/MARINE_DATASETS/FathomNet_FGVC2025/data/images/469.png,b1a9f7b4e37d8879f505070eeca3ea7b8400c3cfba10ecdecf9239c361abfdd1,670fe473717592a80e59e8bc6c5369ca651fba61259c6a6696e1a1b0c9f7ab72,469,0,train,0
1932,473,53,Pannychia moseleyi,/home/tahiti/MARINE_DATASETS/FathomNet_FGVC2025/data/rois/473_1932.png,/home/tahiti/MARINE_DATASETS/FathomNet_FGVC2025/data/images/473.png,aa238cf3f95c5b68b92d2ea7bf8ae2b865371c3d02b1bb0f47a15002d513a768,c642101cbd34f2cca7a63e7a90bf3a2d69f274ba4c59abe1d1ad93e231cb5890,473,0,train,0
1989,497,4,Actinernus,/home/tahiti/MARINE_DATASETS/FathomNet_FGVC2025/data/rois/497_1989.png,/home/tahiti/MARINE_DATASETS/FathomNet_FGVC2025/data/images/497.png,ce3457b7473a69a9521041c267bc19a88516c4313cb88d295a2262b3b787b105,c677a68d3b9fef909c5df3ef39564f518dd115549136a4a12e52270f8e95cd6a,497,2,train,2
1992,497,5,Actiniaria,/home/tahiti/MARINE_DATASETS/FathomNet_FGVC2025/data/rois/497_1992.png,/home/tahiti/MARINE_DATASETS/FathomNet_FGVC2025/data/images/497.png,d01b23975bcc6d2aa0d26da608eaf42d17e96e9302e020324092098f6cae5db2,c677a68d3b9fef909c5df3ef39564f518dd115549136a4a12e52270f8e95cd6a,497,2,train,2
2008,500,43,Microstomus pacificus,/home/tahiti/MARINE_DATASETS/FathomNet_FGVC2025/data/rois/500_2008.png,/home/tahiti/MARINE_DATASETS/FathomNet_FGVC2025/data/images/500.png,de3e9b6e49ac17e9f79c15ede024e0e5c268cc48532ae35482385558490dc6c6,e8feaad569951ae1e9f2837704273d658cf4e056b21e13b7e0551552975fc32c,500,4,train,4
2017,500,74,Strongylocentrotus fragilis,/home/tahiti/MARINE_DATASETS/FathomNet_FGVC2025/data/rois/500_2017.png,/home/tahiti/MARINE_DATASETS/FathomNet_FGVC2025/data/images/500.png,9df828865400e8e9b3277aee4a671306fb251156f2e69d64aeac27eb9c7e084a,e8feaad569951ae1e9f2837704273d658cf4e056b21e13b7e0551552975fc32c,500,4,train,4
2024,500,74,Strongylocentrotus fragilis,/home/tahiti/MARINE_DATASETS/FathomNet_FGVC2025/data/rois/500_2024.png,/home/tahiti/MARINE_DATASETS/FathomNet_FGVC2025/data/images/500.png,556b65c5c24080ac301f1e39d8b984b99f900b4e76802191ef3d6602600ce038,e8feaad569951ae1e9f2837704273d658cf4e056b21e13b7e0551552975fc32c,500,4,train,4
2027,500,74,Strongylocentrotus fragilis,/home/tahiti/MARINE_DATASETS/FathomNet_FGVC2025/data/rois/500_2027.png,/home/tahiti/MARINE_DATASETS/FathomNet_FGVC2025/data/images/500.png,c7e776237656b57559f70342df4f5c252171e4a15cc8702c9706e1843f067d88,e8feaad569951ae1e9f2837704273d658cf4e056b21e13b7e0551552975fc32c,500,4,train,4
2028,500,74,Strongylocentrotus fragilis,/home/tahiti/MARINE_DATASETS/FathomNet_FGVC2025/data/rois/500_2028.png,/home/tahiti/MARINE_DATASETS/FathomNet_FGVC2025/data/images/500.png,540a6d3ec7be4078319982b16d42444d702b185b537a6183abf7e75036994683,e8feaad569951ae1e9f2837704273d658cf4e056b21e13b7e0551552975fc32c,500,4,train,4
2032,500,74,Strongylocentrotus fragilis,/home/tahiti/MARINE_DATASETS/FathomNet_FGVC2025/data/rois/500_2032.png,/home/tahiti/MARINE_DATASETS/FathomNet_FGVC2025/data/images/500.png,b22bae477102e2054b792c3112bf212467f11dfa53429f12b9ff77b8034351cc,e8feaad569951ae1e9f2837704273d658cf4e056b21e13b7e0551552975fc32c,500,4,train,4
2035,500,74,Strongylocentrotus fragilis,/home/tahiti/MARINE_DATASETS/FathomNet_FGVC2025/data/rois/500_2035.png,/home/tahiti/MARINE_DATASETS/FathomNet_FGVC2025/data/images/500.png,27ff5e6d5d9932a50a4a410abc722d3e3b9730236a8f6aee08ac87a73734583a,e8feaad569951ae1e9f2837704273d658cf4e056b21e13b7e0551552975fc32c,500,4,train,4
2055,500,11,Asteroidea,/home/tahiti/MARINE_DATASETS/FathomNet_FGVC2025/data/rois/500_2055.png,/home/tahiti/MARINE_DATASETS/FathomNet_FGVC2025/data/images/500.png,a1f8aa069a0b51a9045b875abd7b7db27dba63c125045ae1c6b80ef49921bf3e,e8feaad569951ae1e9f2837704273d658cf4e056b21e13b7e0551552975fc32c,500,4,train,4
2071,502,35,Isididae,/home/tahiti/MARINE_DATASETS/FathomNet_FGVC2025/data/rois/502_2071.png,/home/tahiti/MARINE_DATASETS/FathomNet_FGVC2025/data/images/502.png,3f439aed498be116682c5d3d1bcb142e0f6cefdf855e873e79f741cb78794f28,846d63195722879e76af67b73d7e9f9d2b2468cff684645c343a517b0cf0e68e,502,4,train,4
2098,507,60,Porifera,/home/tahiti/MARINE_DATASETS/FathomNet_FGVC2025/data/rois/507_2098.png,/home/tahiti/MARINE_DATASETS/FathomNet_FGVC2025/data/images/507.png,634c1c8b239ded2beaaeef12b0e3018acb16863266a89dc8bee0f4c23f3d8a55,639277841b95da6d7b635127bcfe4edd4fcc710261e43d008d5ed632e82d8d4c,507,2,train,2
2125,519,25,Gastropoda,/home/tahiti/MARINE_DATASETS/FathomNet_FGVC2025/data/rois/519_2125.png,/home/tahiti/MARINE_DATASETS/FathomNet_FGVC2025/data/images/519.png,4b67cfda2b580d0c64dfd64ba593c3b204dade953e55b8bab3b587b676696e36,9c207d03eba81c83e6d6e01ecff745912b2b71f13f8ff87ec1b1a12931062358,519,2,train,2
2138,526,31,Hippasteria,/home/tahiti/MARINE_DATASETS/FathomNet_FGVC2025/data/rois/526_2138.png,/home/tahiti/MARINE_DATASETS/FathomNet_FGVC2025/data/images/526.png,03d3a76f93d35ee3dd818f6202418f20ab5dcb74aa37710f63b6a842038a8001,508d5ce0db747ffb958b0202ac740b4285634681ea02fdfb2096e1a84c8e191b,526,1,train,1
2140,527,45,Munnopsidae,/home/tahiti/MARINE_DATASETS/FathomNet_FGVC2025/data/rois/527_2140.png,/home/tahiti/MARINE_DATASETS/FathomNet_FGVC2025/data/images/527.png,2a55ebcfc5208fb64acdfe9b9d063db2cdf404e57dd7bf575c4b3d7373d47b3b,2a3b0cfaf57be6e5fa9f982e511b399390f53441720367375e7442376ee5dc8d,527,4,train,4
2150,531,5,Actiniaria,/home/tahiti/MARINE_DATASETS/FathomNet_FGVC2025/data/rois/531_2150.png,/home/tahiti/MARINE_DATASETS/FathomNet_FGVC2025/data/images/531.png,8d71eae3e4bb4b84ec76411e5d42f63e6d5d959a225f654acd7680b53bc7931d,f6072c375bca1389ba9b735e66f31abdab98baeff42bd5475f1840cd17c323f6,531,0,train,0
2151,531,5,Actiniaria,/home/tahiti/MARINE_DATASETS/FathomNet_FGVC2025/data/rois/531_2151.png,/home/tahiti/MARINE_DATASETS/FathomNet_FGVC2025/data/images/531.png,6af5417323182c661a8c5c5e65e2d1e6336a06c05a0e46406d3060ead39a68ed,f6072c375bca1389ba9b735e66f31abdab98baeff42bd5475f1840cd17c323f6,531,0,train,0
2177,540,31,Hippasteria,/home/tahiti/MARINE_DATASETS/FathomNet_FGVC2025/data/rois/540_2177.png,/home/tahiti/MARINE_DATASETS/FathomNet_FGVC2025/data/images/540.png,8cc34cb888c06dc0abc5835100a483137f71c67769690ab541bef9cde6bb7141,23268c0b26bb163f20223f4948b22003651cf6cbd6c92c998f9645a43b991543,540,2,train,2
2188,542,62,Psolus squamatus,/home/tahiti/MARINE_DATASETS/FathomNet_FGVC2025/data/rois/542_2188.png,/home/tahiti/MARINE_DATASETS/FathomNet_FGVC2025/data/images/542.png,79f47c5fecb2a4be13aa74af4a25b210e859c8948139a0b430b9a800368b5b36,818425994f76b783a8e3462ac200c905b9eacc6ac917eb2945c348a05562728f,542,4,train,4
2193,544,32,Holothuroidea,/home/tahiti/MARINE_DATASETS/FathomNet_FGVC2025/data/rois/544_2193.png,/home/tahiti/MARINE_DATASETS/FathomNet_FGVC2025/data/images/544.png,24c8af76aedd9c52209359ef00e1257e8ffd2562a4e3eaa9c3679afdbc8eb295,4e2e41b6a766f0656a7347a350e2b635317e8932e7af3849e6064dca473f0bab,544,2,train,2
2202,548,70,Sebastes diploproa,/home/tahiti/MARINE_DATASETS/FathomNet_FGVC2025/data/rois/548_2202.png,/home/tahiti/MARINE_DATASETS/FathomNet_FGVC2025/data/images/548.png,6643da8d60acce2c3e39dc9551fc5d56929a7c2e166821068b808fdb3ebe3021,dfdbb6aee6e3bbde36bc47abe29d32eac49d60d36f7f0b30a9906f140badd1c7,548,2,train,2
2212,551,72,Serpulidae,/home/tahiti/MARINE_DATASETS/FathomNet_FGVC2025/data/rois/551_2212.png,/home/tahiti/MARINE_DATASETS/FathomNet_FGVC2025/data/images/551.png,33e9b1dd7440bdb7455d4557598edbda9e8289828b9364e7422504661369d443,e3de347e34fea3a2c2dc49b0d4b5495419d853a6287e8ec3703502752ca667a5,551,5,train,5
2220,551,72,Serpulidae,/home/tahiti/MARINE_DATASETS/FathomNet_FGVC2025/data/rois/551_2220.png,/home/tahiti/MARINE_DATASETS/FathomNet_FGVC2025/data/images/551.png,0fe9c0f7665925e266aa71e5cb28b1f89d131b97eec1f2a893b9b331866bd511,e3de347e34fea3a2c2dc49b0d4b5495419d853a6287e8ec3703502752ca667a5,551,5,train,5
2232,551,63,Ptychogastria polaris,/home/tahiti/MARINE_DATASETS/FathomNet_FGVC2025/data/rois/551_2232.png,/home/tahiti/MARINE_DATASETS/FathomNet_FGVC2025/data/images/551.png,ebaee0ff159839b5840e0750ccebcbfa49436c577021d2bc1ab71f45f4be57f1,e3de347e34fea3a2c2dc49b0d4b5495419d853a6287e8ec3703502752ca667a5,551,5,train,5
2236,551,63,Ptychogastria polaris,/home/tahiti/MARINE_DATASETS/FathomNet_FGVC2025/data/rois/551_2236.png,/home/tahiti/MARINE_DATASETS/FathomNet_FGVC2025/data/images/551.png,9c93aade3b114025279392d4b6fef5905a1c50d75ca7f4e6af457e9fb04ac59a,e3de347e34fea3a2c2dc49b0d4b5495419d853a6287e8ec3703502752ca667a5,551,5,train,5
2259,551,72,Serpulidae,/home/tahiti/MARINE_DATASETS/FathomNet_FGVC2025/data/rois/551_2259.png,/home/tahiti/MARINE_DATASETS/FathomNet_FGVC2025/data/images/551.png,2cb89c6ba0d1239875546dba70061dc5ca2d0e06bafc3c7af0ce2d43cb2e22fb,e3de347e34fea3a2c2dc49b0d4b5495419d853a6287e8ec3703502752ca667a5,551,5,train,5
2271,551,72,Serpulidae,/home/tahiti/MARINE_DATASETS/FathomNet_FGVC2025/data/rois/551_2271.png,/home/tahiti/MARINE_DATASETS/FathomNet_FGVC2025/data/images/551.png,93c12987311e65319504088b76c537b9f735e0836a9fb485191ed38ff1401247,e3de347e34fea3a2c2dc49b0d4b5495419d853a6287e8ec3703502752ca667a5,551,5,train,5
2286,553,57,Parastenella,/home/tahiti/MARINE_DATASETS/FathomNet_FGVC2025/data/rois/553_2286.png,/home/tahiti/MARINE_DATASETS/FathomNet_FGVC2025/data/images/553.png,33699584544981b3776a49f5e563dd9e4db19eaa26f8b26107a59e4c4f6f494e,f606142b75348de0b6e0e3d7360a1877a0a7f842fc18aa251555da9f1c02a315,553,4,train,4
2287,553,2,Acanthascinae,/home/tahiti/MARINE_DATASETS/FathomNet_FGVC2025/data/rois/553_2287.png,/home/tahiti/MARINE_DATASETS/FathomNet_FGVC2025/data/images/553.png,2f8660d7245fcabadd5fb8d7f17143d2e3a7b00057f188e9313daae2e58ad05f,f606142b75348de0b6e0e3d7360a1877a0a7f842fc18aa251555da9f1c02a315,553,4,train,4
2288,553,29,Heteropolypus ritteri,/home/tahiti/MARINE_DATASETS/FathomNet_FGVC2025/data/rois/553_2288.png,/home/tahiti/MARINE_DATASETS/FathomNet_FGVC2025/data/images/553.png,75c8e28e929f55d70fff007aa5b5885bf34675b98d9539e7de663e21f8281aef,f606142b75348de0b6e0e3d7360a1877a0a7f842fc18aa251555da9f1c02a315,553,4,train,4
2299,555,36,Isosicyonis,/home/tahiti/MARINE_DATASETS/FathomNet_FGVC2025/data/rois/555_2299.png,/home/tahiti/MARINE_DATASETS/FathomNet_FGVC2025/data/images/555.png,a491b575851c3e3feca1dcafb5a78b86a4b8878435070ff4695b30303de9f65a,4f9d14ec90053b2c80244b9e07e620aa33604cf6aa958196482a36a098c3dab0,555,2,train,2
2306,557,35,Isididae,/home/tahiti/MARINE_DATASETS/FathomNet_FGVC2025/data/rois/557_2306.png,/home/tahiti/MARINE_DATASETS/FathomNet_FGVC2025/data/images/557.png,87c8500af79324a22b08a8b58c62537c1e698295f220d4b3c4d26ca0ea92f709,d172de996de30b32c52d7e715fea3319cfb4e05f2205cbf4d5f070921b1a9c6b,557,5,train,5
2310,558,74,Strongylocentrotus fragilis,/home/tahiti/MARINE_DATASETS/FathomNet_FGVC2025/data/rois/558_2310.png,/home/tahiti/MARINE_DATASETS/FathomNet_FGVC2025/data/images/558.png,a6cdd74d698739628d9d1741bbd3f8dc017e0ad013f60776dfa8845c1b07c127,488e2ed2aa5d56b892ed2ea3cdbdb3ac220ef86918ff83854dc93202a4aba3d2,558,5,train,5
2311,558,74,Strongylocentrotus fragilis,/home/tahiti/MARINE_DATASETS/FathomNet_FGVC2025/data/rois/558_2311.png,/home/tahiti/MARINE_DATASETS/FathomNet_FGVC2025/data/images/558.png,b0f492eaddfdf2395e49fa8cd36bd92430ff6958ca1090183bd38775b895898b,488e2ed2aa5d56b892ed2ea3cdbdb3ac220ef86918ff83854dc93202a4aba3d2,558,5,train,5
2324,563,55,Paragorgia arborea,/home/tahiti/MARINE_DATASETS/FathomNet_FGVC2025/data/rois/563_2324.png,/home/tahiti/MARINE_DATASETS/FathomNet_FGVC2025/data/images/563.png,a209fa6b7661bd8085f996158884e970ca02a98403e51f027c7122a827cb5226,a3fd986e80a2425844a71dc7dcf17d1e371bee3c5c115e30e7e10917ba08307d,563,5,train,5
2366,579,37,Keratoisis,/home/tahiti/MARINE_DATASETS/FathomNet_FGVC2025/data/rois/579_2366.png,/home/tahiti/MARINE_DATASETS/FathomNet_FGVC2025/data/images/579.png,da491124dcd912923aa183d369e7513be4b4d02736c658970976bf732a54ad40,ee081ede2b27cbe31f0c19e8909150a1ca54e166ebc17d9e06726de81e4d95f0,579,0,train,0
2373,579,37,Keratoisis,/home/tahiti/MARINE_DATASETS/FathomNet_FGVC2025/data/rois/579_2373.png,/home/tahiti/MARINE_DATASETS/FathomNet_FGVC2025/data/images/579.png,e0e82e8846ab94662188f3c82578e30fd1a803f5c1ec33aed239aac5d3d5d41e,ee081ede2b27cbe31f0c19e8909150a1ca54e166ebc17d9e06726de81e4d95f0,579,0,train,0
2383,585,26,Gersemia juliepackardae,/home/tahiti/MARINE_DATASETS/FathomNet_FGVC2025/data/rois/585_2383.png,/home/tahiti/MARINE_DATASETS/FathomNet_FGVC2025/data/images/585.png,6295fcdc7f8d53824f8b1b5089010821d6d3d914b65ecaab639de36a783e5009,36636d1f33ed6f4eb2f237b3487075a75929fd2512d700298b4b4d073410c6ef,585,4,train,4
2437,594,41,Merluccius productus,/home/tahiti/MARINE_DATASETS/FathomNet_FGVC2025/data/rois/594_2437.png,/home/tahiti/MARINE_DATASETS/FathomNet_FGVC2025/data/images/594.png,08d37dd47df2e45d307639b6be279740f77c5b668f17f6e5eec10239b15513b6,2b90b8c757985c78e1d474662d24d27ee7c11f095ad1283b999b9ff99abb47a0,594,5,train,5
2438,594,41,Merluccius productus,/home/tahiti/MARINE_DATASETS/FathomNet_FGVC2025/data/rois/594_2438.png,/home/tahiti/MARINE_DATASETS/FathomNet_FGVC2025/data/images/594.png,8dee0e5aaec9f71a5d893e0586cba6b9dea1ef3ed3285514e71299e4554ce2f6,2b90b8c757985c78e1d474662d24d27ee7c11f095ad1283b999b9ff99abb47a0,594,5,train,5
2441,595,48,Ophiacanthidae,/home/tahiti/MARINE_DATASETS/FathomNet_FGVC2025/data/rois/595_2441.png,/home/tahiti/MARINE_DATASETS/FathomNet_FGVC2025/data/images/595.png,07b819461e784205ccfbda833ea4e54aac175782c8f81c903aa77ac133f86a4b,7add5f4dbefdde3ed31772b98f331548a64fd8eedcdfa14ea957b2198a95318d,595,1,train,1
2447,598,58,Peniagone,/home/tahiti/MARINE_DATASETS/FathomNet_FGVC2025/data/rois/598_2447.png,/home/tahiti/MARINE_DATASETS/FathomNet_FGVC2025/data/images/598.png,a35c38f0a3d956c05f95c31ea6be77eb2fe71d93871c9be977a673fbfe42e24c,d0185d820955a6a34e211d621941d31c56fd190b445f38d5bb0b7ab8435a846c,598,0,train,0
2458,600,74,Strongylocentrotus fragilis,/home/tahiti/MARINE_DATASETS/FathomNet_FGVC2025/data/rois/600_2458.png,/home/tahiti/MARINE_DATASETS/FathomNet_FGVC2025/data/images/600.png,87465d40b08db349e8ca0b2b606345ecf70efe0ccbface0c9850e9d71a2a44d5,a0de65fd4276683503c998975c6a4fcde92e001ea9dca9ba9360d49e50aea7a9,600,2,train,2
2460,600,74,Strongylocentrotus fragilis,/home/tahiti/MARINE_DATASETS/FathomNet_FGVC2025/data/rois/600_2460.png,/home/tahiti/MARINE_DATASETS/FathomNet_FGVC2025/data/images/600.png,8db03eb6ba7611323077b60c6d5c50e1bfa56750cab8e2349994e5a02ea403fb,a0de65fd4276683503c998975c6a4fcde92e001ea9dca9ba9360d49e50aea7a9,600,2,train,2
2463,600,74,Strongylocentrotus fragilis,/home/tahiti/MARINE_DATASETS/FathomNet_FGVC2025/data/rois/600_2463.png,/home/tahiti/MARINE_DATASETS/FathomNet_FGVC2025/data/images/600.png,76b462f3477db0d0453f36d957be33c0e625841bdab6e6240f60b373933f8678,a0de65fd4276683503c998975c6a4fcde92e001ea9dca9ba9360d49e50aea7a9,600,2,train,2
2489,613,55,Paragorgia arborea,/home/tahiti/MARINE_DATASETS/FathomNet_FGVC2025/data/rois/613_2489.png,/home/tahiti/MARINE_DATASETS/FathomNet_FGVC2025/data/images/613.png,630ece712924a51fc2c966c54503ab710413dbc7eba971021b86ebebd25e4783,2e90fbb7430829364048e256d4658e8265619ffadad5a7d9ccfe75639afdd78c,613,1,train,1
2501,619,49,Ophiuroidea,/home/tahiti/MARINE_DATASETS/FathomNet_FGVC2025/data/rois/619_2501.png,/home/tahiti/MARINE_DATASETS/FathomNet_FGVC2025/data/images/619.png,43bb4c622f5e136f39a9912015ef9d850d1c07ea22465fad8e07800a6cdd2f57,d82be1f2247e9fee5510a1858fb8f02c2f431daf1d42a51f25dee911881fac64,619,5,train,5
2512,619,67,Scotoplanes,/home/tahiti/MARINE_DATASETS/FathomNet_FGVC2025/data/rois/619_2512.png,/home/tahiti/MARINE_DATASETS/FathomNet_FGVC2025/data/images/619.png,456844e7bfe216a6bc1aa77edf70515e1f32cd466d784c14782cd1917b71c475,d82be1f2247e9fee5510a1858fb8f02c2f431daf1d42a51f25dee911881fac64,619,5,train,5
2518,619,49,Ophiuroidea,/home/tahiti/MARINE_DATASETS/FathomNet_FGVC2025/data/rois/619_2518.png,/home/tahiti/MARINE_DATASETS/FathomNet_FGVC2025/data/images/619.png,75c81ffe1febc97ade17763f0ff1c67eea200c8685c3ee6ca07c2a5fa660a668,d82be1f2247e9fee5510a1858fb8f02c2f431daf1d42a51f25dee911881fac64,619,5,train,5
2537,624,49,Ophiuroidea,/home/tahiti/MARINE_DATASETS/FathomNet_FGVC2025/data/rois/624_2537.png,/home/tahiti/MARINE_DATASETS/FathomNet_FGVC2025/data/images/624.png,bc727b56442c8985d343316d1313dadd748aa7d4237ef7b3bc53ea0091c38861,f7c18eb74484783dedd95b9e33f97c7ca2a2329de008421cd79e085832f7b9d2,624,2,train,2
2539,624,49,Ophiuroidea,/home/tahiti/MARINE_DATASETS/FathomNet_FGVC2025/data/rois/624_2539.png,/home/tahiti/MARINE_DATASETS/FathomNet_FGVC2025/data/images/624.png,146ba99f0e0bd544f7a4aaaa1cd5697976fc7ad795de1c9d78ab4f8136b00ba3,f7c18eb74484783dedd95b9e33f97c7ca2a2329de008421cd79e085832f7b9d2,624,2,train,2
2542,626,76,Tunicata,/home/tahiti/MARINE_DATASETS/FathomNet_FGVC2025/data/rois/626_2542.png,/home/tahiti/MARINE_DATASETS/FathomNet_FGVC2025/data/images/626.png,7f00a2e26c9af94383143abe8c95ed4db0d531abf240e0fefd88957afaa38791,a2e40474372d1712cd69b3b864705c91887ad10649a91721c1dce6a5f475f150,626,2,train,2
2544,626,76,Tunicata,/home/tahiti/MARINE_DATASETS/FathomNet_FGVC2025/data/rois/626_2544.png,/home/tahiti/MARINE_DATASETS/FathomNet_FGVC2025/data/images/626.png,4163ce06f00e4fd41ef7f5845309158cbedb575d6df2be839b89b357f22b9927,a2e40474372d1712cd69b3b864705c91887ad10649a91721c1dce6a5f475f150,626,2,train,2
2554,629,62,Psolus squamatus,/home/tahiti/MARINE_DATASETS/FathomNet_FGVC2025/data/rois/629_2554.png,/home/tahiti/MARINE_DATASETS/FathomNet_FGVC2025/data/images/629.png,1a250097766c8032e7d56aff3459265e1223cbf3f5677c12a52db8f23a3d3abe,e0aa3f2ac45b9c352d0295502a9f3f221f964ac992cc67d6264d8947708e8236,629,0,train,0
2555,629,62,Psolus squamatus,/home/tahiti/MARINE_DATASETS/FathomNet_FGVC2025/data/rois/629_2555.png,/home/tahiti/MARINE_DATASETS/FathomNet_FGVC2025/data/images/629.png,dd6f205b720176b02fc5b05ea665b729e655020408bbf4b299034b96568f4247,e0aa3f2ac45b9c352d0295502a9f3f221f964ac992cc67d6264d8947708e8236,629,0,train,0
2571,634,33,Hormathiidae,/home/tahiti/MARINE_DATASETS/FathomNet_FGVC2025/data/rois/634_2571.png,/home/tahiti/MARINE_DATASETS/FathomNet_FGVC2025/data/images/634.png,2caabb8ecc10b5a85fd04f48024926ade5fdba953bfcc525db6ba54da4f30ec7,cc0e61c92938c1f7c92abee0687689713ec2c6ee8b623de97dfa85417250c8da,634,2,train,2
2592,640,49,Ophiuroidea,/home/tahiti/MARINE_DATASETS/FathomNet_FGVC2025/data/rois/640_2592.png,/home/tahiti/MARINE_DATASETS/FathomNet_FGVC2025/data/images/640.png,4b02cafda2b7ad1f641efcf06b79c14109827cb2a72c2fc9974ee1ffb77874cd,8d0e6ccc1409fd453de463cf367314dd5fe53173de191382a4d80ef2671ee4e5,640,4,train,4
2651,652,58,Peniagone,/home/tahiti/MARINE_DATASETS/FathomNet_FGVC2025/data/rois/652_2651.png,/home/tahiti/MARINE_DATASETS/FathomNet_FGVC2025/data/images/652.png,9481ce805052c27807fd2f56ccd8d3c1cc7d18f577f1996d32f079362e4bcb3b,596d4dc111462971bcd7f8c4309cd29f9f55b3bc55907a036c8f8519bb90a524,652,2,train,2
2663,657,44,Munidopsis,/home/tahiti/MARINE_DATASETS/FathomNet_FGVC2025/data/rois/657_2663.png,/home/tahiti/MARINE_DATASETS/FathomNet_FGVC2025/data/images/657.png,7a05c2ced596212cf3cd31f9f7bc15a0636c78dd99047a3a28b237375df03cf7,2345ff1bb4934c1367a59996047693c37db4a68cbc5ce179ecdad4e66fa5dc65,657,0,train,0
2666,658,25,Gastropoda,/home/tahiti/MARINE_DATASETS/FathomNet_FGVC2025/data/rois/658_2666.png,/home/tahiti/MARINE_DATASETS/FathomNet_FGVC2025/data/images/658.png,ee950079ece4160e5e47f714dfc40b8d27489fd99537b467787842993b814bc3,5151a05e0bddb7f41675c77637de4fb2a356878bdd77a55f08502bc325551d89,658,5,train,5
2667,658,5,Actiniaria,/home/tahiti/MARINE_DATASETS/FathomNet_FGVC2025/data/rois/658_2667.png,/home/tahiti/MARINE_DATASETS/FathomNet_FGVC2025/data/images/658.png,19a49f33465c73defe67be451b10c00d7c9c062b7e05803df1c379c7c1adab49,5151a05e0bddb7f41675c77637de4fb2a356878bdd77a55f08502bc325551d89,658,5,train,5
2687,664,21,Elpidia,/home/tahiti/MARINE_DATASETS/FathomNet_FGVC2025/data/rois/664_2687.png,/home/tahiti/MARINE_DATASETS/FathomNet_FGVC2025/data/images/664.png,ee7187f397b1757b5b194be4284bda20f857a917b1d21a5a06200f711d5318fc,744d04ef5edb84dee2549a877a786a61650122f241a3453ff9efb1b750460dc0,664,2,train,2
2703,668,5,Actiniaria,/home/tahiti/MARINE_DATASETS/FathomNet_FGVC2025/data/rois/668_2703.png,/home/tahiti/MARINE_DATASETS/FathomNet_FGVC2025/data/images/668.png,bda8aea065beb84d94742db4b422eaf994f0522fa79c39d2d81f3bbaffc528a5,ee309a43ab9dff40c2fec8e4ef960c1d34f3a6e608a27299e4791f3800fbd7a0,668,4,train,4
2712,673,23,Florometra serratissima,/home/tahiti/MARINE_DATASETS/FathomNet_FGVC2025/data/rois/673_2712.png,/home/tahiti/MARINE_DATASETS/FathomNet_FGVC2025/data/images/673.png,e09254ff014d5650f3e8b503a5ece7841b3080f8a9ec9c9b4000eb8f90291ae0,dc33b04eeb194e1c54e65207c26c7f92d9d9c616cd54f13d09a8424d87d43165,673,0,train,0
2715,673,23,Florometra serratissima,/home/tahiti/MARINE_DATASETS/FathomNet_FGVC2025/data/rois/673_2715.png,/home/tahiti/MARINE_DATASETS/FathomNet_FGVC2025/data/images/673.png,c352e75456e73de515cf5d142c8a65c1b1f4e522874dfd4dda6779d7ad1f16a6,dc33b04eeb194e1c54e65207c26c7f92d9d9c616cd54f13d09a8424d87d43165,673,0,train,0
2734,680,43,Microstomus pacificus,/home/tahiti/MARINE_DATASETS/FathomNet_FGVC2025/data/rois/680_2734.png,/home/tahiti/MARINE_DATASETS/FathomNet_FGVC2025/data/images/680.png,2f51b27fd3a05a85e6d1c7f6acbdc67b0327dfcedf21c63efee7d3242848e1f1,ea37acd1b0e75242eddd3760f60f50decbae0c8027d18346c1518ee0359d8bb3,680,5,train,5
2740,682,33,Hormathiidae,/home/tahiti/MARINE_DATASETS/FathomNet_FGVC2025/data/rois/682_2740.png,/home/tahiti/MARINE_DATASETS/FathomNet_FGVC2025/data/images/682.png,043351e3edbe32762805ea624a0835817a90d53fbb6bc9b7cc16270a574fa9a5,3c0716b0aecfc7e268095e2c997be85e4def20cb39ca7cb1a23d3e52bc475dc3,682,1,train,1
2746,683,71,Sebastolobus,/home/tahiti/MARINE_DATASETS/FathomNet_FGVC2025/data/rois/683_2746.png,/home/tahiti/MARINE_DATASETS/FathomNet_FGVC2025/data/images/683.png,a828ac34d4fbf4554702b8d61ca6124f397f7454219da5a188f74e895c32095f,c568dbb269bcc1768d63c569bc92bad46454993a573c91b719e95f735c1b766a,683,0,train,0
2764,685,58,Peniagone,/home/tahiti/MARINE_DATASETS/FathomNet_FGVC2025/data/rois/685_2764.png,/home/tahiti/MARINE_DATASETS/FathomNet_FGVC2025/data/images/685.png,8b3241c67300656083600a2231d9db8ef9df3d032636fedcb37696daba797455,1c3a4598e65583690e04b7568301f373d1aaa76bf0c9e1bc79186c68707e9770,685,1,train,1
2766,686,67,Scotoplanes,/home/tahiti/MARINE_DATASETS/FathomNet_FGVC2025/data/rois/686_2766.png,/home/tahiti/MARINE_DATASETS/FathomNet_FGVC2025/data/images/686.png,6a7198a2e76f91533aaf5ab4b048d4c7c74c78972c59305eecd4e8a8815b7e2c,578d6a0d17cbf157b0866a8c3deee5d2279f0c8c8dc2f60540912c7d1dfa13e7,686,0,train,0
2767,687,54,Paragorgia,/home/tahiti/MARINE_DATASETS/FathomNet_FGVC2025/data/rois/687_2767.png,/home/tahiti/MARINE_DATASETS/FathomNet_FGVC2025/data/images/687.png,d30e998c7b15dc2c2392f4de26727c43a1bfe9a065eb135d6e7a563cc772cbbf,4a68808fe95484cda5ccc8faf4ebec261a318d9319f75e1652c7f3c575e7f2a4,687,4,train,4
2777,690,22,Farrea,/home/tahiti/MARINE_DATASETS/FathomNet_FGVC2025/data/rois/690_2777.png,/home/tahiti/MARINE_DATASETS/FathomNet_FGVC2025/data/images/690.png,5e228b8d5535f68bb5a9cdcf0951b09099d48a64060b9aa0feea4bb081d58a4b,69e9524ffe57d83f0793a6f05cc0a13779bd92bd3517d8bf441f0be9e8c620fc,690,0,train,0
2789,698,38,Liponema brevicorne,/home/tahiti/MARINE_DATASETS/FathomNet_FGVC2025/data/rois/698_2789.png,/home/tahiti/MARINE_DATASETS/FathomNet_FGVC2025/data/images/698.png,b4bf3b81de9963159e18492f64709ee777d036f152cbd9dd4899d99fc9360248,858f77e74ee0b74fd87a4b94c6cbbcc5ae31dea1fa2d0014ea91b998cec90a97,698,5,train,5
2794,699,45,Munnopsidae,/home/tahiti/MARINE_DATASETS/FathomNet_FGVC2025/data/rois/699_2794.png,/home/tahiti/MARINE_DATASETS/FathomNet_FGVC2025/data/images/699.png,6206d38883e6cc6bcf1d1322a88a53481bdfffaf3093c0fef070b13f4676ae21,94a3f41306ef24c8030b1dc7d230c6ee8da75a8ce84f93db08d0a5ed7af31bd2,699,1,train,1
2805,704,11,Asteroidea,/home/tahiti/MARINE_DATASETS/FathomNet_FGVC2025/data/rois/704_2805.png,/home/tahiti/MARINE_DATASETS/FathomNet_FGVC2025/data/images/704.png,a2812fbce565d8518505938de3df14a0d88dc902ca235f99e1228648b0482a60,db495f5d102cb87aaae4037a5a5fd3bef3e5532f90a14da72cb874d277d2b05f,704,5,train,5
2814,706,68,Scotoplanes globosa,/home/tahiti/MARINE_DATASETS/FathomNet_FGVC2025/data/rois/706_2814.png,/home/tahiti/MARINE_DATASETS/FathomNet_FGVC2025/data/images/706.png,ab6bfd23fe326fb3b856fee65c2a8d7077853a13410e864af1ff873f6f9f5efa,89ddc7a9c5d850ed9c2d0fde58a9f35409b1eccbb96fd0e0658d1ba0d193ec16,706,1,train,1
2848,719,14,Caridea,/home/tahiti/MARINE_DATASETS/FathomNet_FGVC2025/data/rois/719_2848.png,/home/tahiti/MARINE_DATASETS/FathomNet_FGVC2025/data/images/719.png,78c5b6dd9aad40cbc3631387abf7b6674ab5d3e14aad685103a88e258febd352,3366c99dbb5059a3c4cdf576b645a04d13ed26379a546f90b1cc660067081105,719,5,train,5
2886,731,55,Paragorgia arborea,/home/tahiti/MARINE_DATASETS/FathomNet_FGVC2025/data/rois/731_2886.png,/home/tahiti/MARINE_DATASETS/FathomNet_FGVC2025/data/images/731.png,39e5a65539e51291175bbe5c55c37747743f266f4c2fc5ef8918bfdeb965c7a0,87094c7cf27d4c66992e743426304f52c69af8ddf3a2ee34888ed715be2e56d3,731,2,train,2
2911,735,45,Munnopsidae,/home/tahiti/MARINE_DATASETS/FathomNet_FGVC2025/data/rois/735_2911.png,/home/tahiti/MARINE_DATASETS/FathomNet_FGVC2025/data/images/735.png,368b8fcbcb460a5a832154effb3c2cdd4ed42d475ecc327e6e4759e65e47b079,c5010b3f7290d31365b4c7bddd87e91b3092ffcd3bc5e86142457ef6518c48d7,735,2,train,2
2913,736,44,Munidopsis,/home/tahiti/MARINE_DATASETS/FathomNet_FGVC2025/data/rois/736_2913.png,/home/tahiti/MARINE_DATASETS/FathomNet_FGVC2025/data/images/736.png,8093866070d7ddab34655f33b221fc7529429a7fd99957df2d4a1b81eb17319b,92fae5f7d478faeeddab9c74d9dfd424a65e7ba398f84ab1011024d55644645a,736,5,train,5
2926,739,60,Porifera,/home/tahiti/MARINE_DATASETS/FathomNet_FGVC2025/data/rois/739_2926.png,/home/tahiti/MARINE_DATASETS/FathomNet_FGVC2025/data/images/739.png,da0192fe4626f790a0a4a3c983090266d040800c74c2288d4e71932f462256e4,5cf5439173d51881ce4931d3beef43853ce24c9271b7a6e2f2d2693a112fa9a1,739,2,train,2
2934,739,60,Porifera,/home/tahiti/MARINE_DATASETS/FathomNet_FGVC2025/data/rois/739_2934.png,/home/tahiti/MARINE_DATASETS/FathomNet_FGVC2025/data/images/739.png,a9022e6fd7203d00078b5904619feb405816dedbe1f9dcd3ee661647f23bcb30,5cf5439173d51881ce4931d3beef43853ce24c9271b7a6e2f2d2693a112fa9a1,739,2,train,2
2947,742,42,Metridium farcimen,/home/tahiti/MARINE_DATASETS/FathomNet_FGVC2025/data/rois/742_2947.png,/home/tahiti/MARINE_DATASETS/FathomNet_FGVC2025/data/images/742.png,804d3f166402cff69b55671dc6356dc6262c7191c44f83b240ad12c839f11145,624a57ba577556995db77e2f8acfc163738c1d1687f00a4c599bf6dd2a790ac2,742,2,train,2
2960,748,37,Keratoisis,/home/tahiti/MARINE_DATASETS/FathomNet_FGVC2025/data/rois/748_2960.png,/home/tahiti/MARINE_DATASETS/FathomNet_FGVC2025/data/images/748.png,d5158c9d203fc8ca993f67357aa9207d1e59cccb18f8abcd17bbe78ec9577a4e,f2a91fc47af325e7e08fd4b6d7326b4ad39828807eac607d607a8aaee701b41a,748,0,train,0
2965,749,31,Hippasteria,/home/tahiti/MARINE_DATASETS/FathomNet_FGVC2025/data/rois/749_2965.png,/home/tahiti/MARINE_DATASETS/FathomNet_FGVC2025/data/images/749.png,97eafafcb4eb77fd5449c8c8152c256b8e4b3e31b4330c58c6e3726dcd08de2d,2ce839df189fc1f5c5695769b117c68ece6e18ecefcb5702b3f26b6720682abb,749,1,train,1
2972,751,58,Peniagone,/home/tahiti/MARINE_DATASETS/FathomNet_FGVC2025/data/rois/751_2972.png,/home/tahiti/MARINE_DATASETS/FathomNet_FGVC2025/data/images/751.png,a21934b430be94a2bc1342801948508bde949ded779d8e8410d6052c214102b4,a42aad309000d3f3d923e78c8f1d7595dba2c7859fe67e6d953c31d833a19155,751,5,train,5
2995,756,5,Actiniaria,/home/tahiti/MARINE_DATASETS/FathomNet_FGVC2025/data/rois/756_2995.png,/home/tahiti/MARINE_DATASETS/FathomNet_FGVC2025/data/images/756.png,846132c5e3c27c4c0057fd41a83f3c0eb757fab226e61388f1d97f12e942aa42,a167611b286943b6a92d99b010ac10c646d96525e78e30c4e6c4efceda69facf,756,5,train,5
3041,762,73,Staurocalyptus,/home/tahiti/MARINE_DATASETS/FathomNet_FGVC2025/data/rois/762_3041.png,/home/tahiti/MARINE_DATASETS/FathomNet_FGVC2025/data/images/762.png,a82a996b319186a8d3da25146ffb6bbea603c7453281a1ee30a4c94ce1b582ee,7a26977f720ecc8cf635e1ca7ac69425befae088cf84087a91a67651f781790f,762,2,train,2
3049,766,16,Chionoecetes tanneri,/home/tahiti/MARINE_DATASETS/FathomNet_FGVC2025/data/rois/766_3049.png,/home/tahiti/MARINE_DATASETS/FathomNet_FGVC2025/data/images/766.png,677b58d3c2794e56ce5c7798d6669ba6894f4b2356853256c22f347c21ce5061,d74854ade035ad603e2c4f332bee6c83024942b2149dac4bed588b625c133525,766,2,train,2
3074,767,14,Caridea,/home/tahiti/MARINE_DATASETS/FathomNet_FGVC2025/data/rois/767_3074.png,/home/tahiti/MARINE_DATASETS/FathomNet_FGVC2025/data/images/767.png,e61e2dfc53d2aa38932e4512cbe2a1b95f2dca29f7c6dc1455a10d027e3b727e,22a819bbcae8ab05bcd99f2582e664b165dbcaaa4c60a2371053ab816fb28317,767,4,train,4
3124,787,37,Keratoisis,/home/tahiti/MARINE_DATASETS/FathomNet_FGVC2025/data/rois/787_3124.png,/home/tahiti/MARINE_DATASETS/FathomNet_FGVC2025/data/images/787.png,babea6551bed02604a4cfa4b0cac442a994426aac5a1c8b6da22e9deaa13abc0,353792986489f1eb648adaf86d1532562b70322966d1dcb00003f2c93311a86c,787,0,train,0
3149,794,62,Psolus squamatus,/home/tahiti/MARINE_DATASETS/FathomNet_FGVC2025/data/rois/794_3149.png,/home/tahiti/MARINE_DATASETS/FathomNet_FGVC2025/data/images/794.png,77f496fde7916f2d573985041f19b5c0798ea26e8432020b8d18b56551bff7b8,90c6beaef5fef10fbf32a1adbbcbcc9f267cd6c5cc73e8376a55370764aa1317,794,2,train,2
3155,795,71,Sebastolobus,/home/tahiti/MARINE_DATASETS/FathomNet_FGVC2025/data/rois/795_3155.png,/home/tahiti/MARINE_DATASETS/FathomNet_FGVC2025/data/images/795.png,a738e314f1c89196c10c73da35409129a2c9065ab8795864a0a3207748658aa1,5bb7c12f85da82681cd0a12fcec28c3733cede9d809f52ee3eba4ddf48e7333c,795,5,train,5
3175,800,5,Actiniaria,/home/tahiti/MARINE_DATASETS/FathomNet_FGVC2025/data/rois/800_3175.png,/home/tahiti/MARINE_DATASETS/FathomNet_FGVC2025/data/images/800.png,871e6a13dcedb36235fe481afc80b3fb22e4383c7d0db8898adc7c0568167df5,3982bbe00aea1bb8aa16c18b5d5bc521096b01779e6d59a5bf49474edf24c6a3,800,5,train,5
3185,801,53,Pannychia moseleyi,/home/tahiti/MARINE_DATASETS/FathomNet_FGVC2025/data/rois/801_3185.png,/home/tahiti/MARINE_DATASETS/FathomNet_FGVC2025/data/images/801.png,7e31236d4eb686ea56e688afee83e068a63ab7ab52081bdb9ee88fe255154e61,b46a11d9aadc22174960a8c6c727b5a2076bc4fcb19788c1fdd397abe375f367,801,2,train,2
3186,801,39,Lithodidae,/home/tahiti/MARINE_DATASETS/FathomNet_FGVC2025/data/rois/801_3186.png,/home/tahiti/MARINE_DATASETS/FathomNet_FGVC2025/data/images/801.png,963b17454f948822b9b1af85d29e5e11787b72ec8c2ec1e2879e2db5c1081540,b46a11d9aadc22174960a8c6c727b5a2076bc4fcb19788c1fdd397abe375f367,801,2,train,2
3189,801,53,Pannychia moseleyi,/home/tahiti/MARINE_DATASETS/FathomNet_FGVC2025/data/rois/801_3189.png,/home/tahiti/MARINE_DATASETS/FathomNet_FGVC2025/data/images/801.png,64e3fc3859e4cef85db83511b95b75091a4326ea1c26b9b96a6d9b96fb8c7f10,b46a11d9aadc22174960a8c6c727b5a2076bc4fcb19788c1fdd397abe375f367,801,2,train,2
3190,802,25,Gastropoda,/home/tahiti/MARINE_DATASETS/FathomNet_FGVC2025/data/rois/802_3190.png,/home/tahiti/MARINE_DATASETS/FathomNet_FGVC2025/data/images/802.png,f92f62aa07d46035f8204ac26312c06b871662867121347e8722b360fc1d06e1,dc8aac518d035fa2b16c5679097456e23e0f0bc7c14d75720577c136521f3252,802,5,train,5
3208,813,55,Paragorgia arborea,/home/tahiti/MARINE_DATASETS/FathomNet_FGVC2025/data/rois/813_3208.png,/home/tahiti/MARINE_DATASETS/FathomNet_FGVC2025/data/images/813.png,9016549e8ac8df422606942fd280c152d01795139732bde45e252a5af6e88277,c563364dab9d4341768b2c3661c164a00dc4ccccdd9cef571a93dcc3590b12bc,813,0,train,0
3220,820,71,Sebastolobus,/home/tahiti/MARINE_DATASETS/FathomNet_FGVC2025/data/rois/820_3220.png,/home/tahiti/MARINE_DATASETS/FathomNet_FGVC2025/data/images/820.png,ead9ae7be0eb2a549873632aa236bef758261f9ebeb360d5cbdd23b94e5ea7f8,99947cac679d78b6725f9dab91cc1b11ddd7d7b08ee7fe3f54952b835dd29102,820,0,train,0
3224,822,73,Staurocalyptus,/home/tahiti/MARINE_DATASETS/FathomNet_FGVC2025/data/rois/822_3224.png,/home/tahiti/MARINE_DATASETS/FathomNet_FGVC2025/data/images/822.png,47fb4542c7b55f79fc4d56c64b81d49bac5fbaab1d5f680a8309369558c2598f,9794270223399b88d4e95e96d5279290d8c19084eda48bb7d342773752f62c5e,822,2,train,2
3226,822,5,Actiniaria,/home/tahiti/MARINE_DATASETS/FathomNet_FGVC2025/data/rois/822_3226.png,/home/tahiti/MARINE_DATASETS/FathomNet_FGVC2025/data/images/822.png,789e85d0ec0c0b27955b63f85bc927656a66b5ac19004fc1ba6fb83f6ce43381,9794270223399b88d4e95e96d5279290d8c19084eda48bb7d342773752f62c5e,822,2,train,2
3236,822,60,Porifera,/home/tahiti/MARINE_DATASETS/FathomNet_FGVC2025/data/rois/822_3236.png,/home/tahiti/MARINE_DATASETS/FathomNet_FGVC2025/data/images/822.png,abfa561b445e685e0b07a80977511d38b59593549b7125b55648c2eb1711dd87,9794270223399b88d4e95e96d5279290d8c19084eda48bb7d342773752f62c5e,822,2,train,2
3253,828,37,Keratoisis,/home/tahiti/MARINE_DATASETS/FathomNet_FGVC2025/data/rois/828_3253.png,/home/tahiti/MARINE_DATASETS/FathomNet_FGVC2025/data/images/828.png,51a3db605f75cac95f46ed3cdeca310217b41addec79e03241b53dba0013b544,d4d5aa5f77a5ee2e68e243fa07007412861d5ac42d7badbf6691def87f5e4695,828,5,train,5
3289,840,58,Peniagone,/home/tahiti/MARINE_DATASETS/FathomNet_FGVC2025/data/rois/840_3289.png,/home/tahiti/MARINE_DATASETS/FathomNet_FGVC2025/data/images/840.png,3d568d3394f4ef06b6776e001319c20e9ec87bc93e976c003006390efd81c4d2,c6332439d45693974316195125e2fd3c99caf6149c8521cea96fbd551ad44fab,840,4,train,4
3291,841,55,Paragorgia arborea,/home/tahiti/MARINE_DATASETS/FathomNet_FGVC2025/data/rois/841_3291.png,/home/tahiti/MARINE_DATASETS/FathomNet_FGVC2025/data/images/841.png,fe0b34d0195e41717ad592847c1d65923d40703c88d4265056fd0ac1084bb7dc,6e272576e977101e96ca492100a407c93416c7dbca04d5f7c66f03d4d1a7e893,841,1,train,1
3296,842,65,Rathbunaster californicus,/home/tahiti/MARINE_DATASETS/FathomNet_FGVC2025/data/rois/842_3296.png,/home/tahiti/MARINE_DATASETS/FathomNet_FGVC2025/data/images/842.png,c9b29e50cef7cf37ca757c5e8a1cd900af59aa2512dbf35f91f18e5ab63b618a,36754faf2c8579360e84fe7b964e24e4f76733cf636481865202501c13b4e0a1,842,4,train,4
3312,851,45,Munnopsidae,/home/tahiti/MARINE_DATASETS/FathomNet_FGVC2025/data/rois/851_3312.png,/home/tahiti/MARINE_DATASETS/FathomNet_FGVC2025/data/images/851.png,d4d25b27bfe4df28b49cb410c159f9a169c0ec434079b16ba5bfb01cd5e79c94,209e0d3fab880941bb03b0d9a6fd80c7e2b6d96cc59c36c0aecd54b832355839,851,1,train,1
3329,857,42,Metridium farcimen,/home/tahiti/MARINE_DATASETS/FathomNet_FGVC2025/data/rois/857_3329.png,/home/tahiti/MARINE_DATASETS/FathomNet_FGVC2025/data/images/857.png,6512d1d23b754ccebdb8f08d3f7efce3a93155c2de8dd6facbddeb1c7b2e24f8,0503d462c8c247ee2c663dfc1ec7eb0225eedeb3593528dea02a3fa7dd1c9b24,857,4,train,4
3352,861,54,Paragorgia,/home/tahiti/MARINE_DATASETS/FathomNet_FGVC2025/data/rois/861_3352.png,/home/tahiti/MARINE_DATASETS/FathomNet_FGVC2025/data/images/861.png,17e1bd8ad8ac4200a6d962889a48ef943a914c1c0b8c74e1230667b0ca8168a2,0eee46cb64e8d2959a1827ba36d6f7fe48bc418fa64d6085191b486a7cba7449,861,5,train,5
3362,862,67,Scotoplanes,/home/tahiti/MARINE_DATASETS/FathomNet_FGVC2025/data/rois/862_3362.png,/home/tahiti/MARINE_DATASETS/FathomNet_FGVC2025/data/images/862.png,d3f292cdf712da4aa1c95bb6b283c65b08fe752d3587a5ffc6c628f539b9abc2,79bbd32576c9dede6f7bad1fa144de4209f998c51db376d87ed558728d2f1834,862,1,train,1
3366,862,59,Pennatula phosphorea,/home/tahiti/MARINE_DATASETS/FathomNet_FGVC2025/data/rois/862_3366.png,/home/tahiti/MARINE_DATASETS/FathomNet_FGVC2025/data/images/862.png,5eb5024d7c3e3a33a45148b54bd470e9085200fac75d88508903a414e63403e0,79bbd32576c9dede6f7bad1fa144de4209f998c51db376d87ed558728d2f1834,862,1,train,1
3459,884,43,Microstomus pacificus,/home/tahiti/MARINE_DATASETS/FathomNet_FGVC2025/data/rois/884_3459.png,/home/tahiti/MARINE_DATASETS/FathomNet_FGVC2025/data/images/884.png,5dfe6928438a8eb14b064182018c9f9fef6d915abd44f91cb579418a499f74a3,891baadd4c98a3535fde392057f6e37415f7a947b03c29c8bac6f9907f44a89f,884,1,train,1
3473,885,44,Munidopsis,/home/tahiti/MARINE_DATASETS/FathomNet_FGVC2025/data/rois/885_3473.png,/home/tahiti/MARINE_DATASETS/FathomNet_FGVC2025/data/images/885.png,9ae2c399ef2c6742e640c45860cd003cf956d49b5a22642cfec5763c0d21945f,3e7caf5c2d0d55f0b1a4179f3a3d329addac2a7159918ecb9311e23b9249286d,885,4,train,4
3484,885,44,Munidopsis,/home/tahiti/MARINE_DATASETS/FathomNet_FGVC2025/data/rois/885_3484.png,/home/tahiti/MARINE_DATASETS/FathomNet_FGVC2025/data/images/885.png,f1290a7a05a44cf27abf4d696491a423ed2cd2c05fab1fc9940c09fed00b0bad,3e7caf5c2d0d55f0b1a4179f3a3d329addac2a7159918ecb9311e23b9249286d,885,4,train,4
3486,886,68,Scotoplanes globosa,/home/tahiti/MARINE_DATASETS/FathomNet_FGVC2025/data/rois/886_3486.png,/home/tahiti/MARINE_DATASETS/FathomNet_FGVC2025/data/images/886.png,1b5a9cbdf5f3c01576e73ea28f002a563d8c28b47a47def8dd500e71a610238b,19cd04d8841e9234e31ac38ada1c6f4e7b85aff8f3fc017c3f5f2838778a1ea2,886,2,train,2
3490,887,35,Isididae,/home/tahiti/MARINE_DATASETS/FathomNet_FGVC2025/data/rois/887_3490.png,/home/tahiti/MARINE_DATASETS/FathomNet_FGVC2025/data/images/887.png,2bd07cdc6609f7e8d248cc33ece84b3b51d46fe94437c625c0fae6df6e42c089,26f3c31f1e02ccdd06c016582ec6744c757c3e894ef4d7ec15f8e5c4357b3a9c,887,4,train,4
3498,892,11,Asteroidea,/home/tahiti/MARINE_DATASETS/FathomNet_FGVC2025/data/rois/892_3498.png,/home/tahiti/MARINE_DATASETS/FathomNet_FGVC2025/data/images/892.png,9bc4bf062770a7119b1df160bceac4f65f6d3d5ee1f99ca1568de9a17af2411e,ff8a7a52eda5b967673c94ef682da1dfcb8a8697065c9694a52ab54b43cc1491,892,5,train,5
3517,897,26,Gersemia juliepackardae,/home/tahiti/MARINE_DATASETS/FathomNet_FGVC2025/data/rois/897_3517.png,/home/tahiti/MARINE_DATASETS/FathomNet_FGVC2025/data/images/897.png,8b691d28593b1936312d0f08d9efffb36fcfbf0ed69ca36d8f5e71df33ef9c63,71aae1efe47ea6b6e1812a266c6a51c67d60569aec992203096961fc2cc5a7f0,897,4,train,4
3520,897,26,Gersemia juliepackardae,/home/tahiti/MARINE_DATASETS/FathomNet_FGVC2025/data/rois/897_3520.png,/home/tahiti/MARINE_DATASETS/FathomNet_FGVC2025/data/images/897.png,783d1c20ec8923c6a0823a99bba601d4a44326ef318cddff68cf28d0343958ee,71aae1efe47ea6b6e1812a266c6a51c67d60569aec992203096961fc2cc5a7f0,897,4,train,4
3531,899,58,Peniagone,/home/tahiti/MARINE_DATASETS/FathomNet_FGVC2025/data/rois/899_3531.png,/home/tahiti/MARINE_DATASETS/FathomNet_FGVC2025/data/images/899.png,b21d5ad1db8d74bfec5830781f12264a293c3b99e697c6a3c31c055498c7c76a,b85ecb875f0e0726f783e3def9541927a0277b5ffc83d4640f32867f40574693,899,2,train,2
3569,914,34,Isidella tentaculum,/home/tahiti/MARINE_DATASETS/FathomNet_FGVC2025/data/rois/914_3569.png,/home/tahiti/MARINE_DATASETS/FathomNet_FGVC2025/data/images/914.png,93931b1921413ffe16785a040a9cd6df325d3b1c4ae2651e84de7fbb9ca1b2c3,2de760e8313760c974ff7fd415f4604aed5d05317fe832f3e6bdbcee0a521f2c,914,5,train,5
3614,930,49,Ophiuroidea,/home/tahiti/MARINE_DATASETS/FathomNet_FGVC2025/data/rois/930_3614.png,/home/tahiti/MARINE_DATASETS/FathomNet_FGVC2025/data/images/930.png,46c428a5dcb035303ad93917ea41e82f486b0c0086909ab2bed0a9b88bed4c15,cbaf5878d3d197a0bd78254e60542a5122ab7407d0d7687755a02b8168251b3f,930,2,train,2
3616,931,27,Heterocarpus,/home/tahiti/MARINE_DATASETS/FathomNet_FGVC2025/data/rois/931_3616.png,/home/tahiti/MARINE_DATASETS/FathomNet_FGVC2025/data/images/931.png,124ce7571b8dfb291db545e0d9b813e760fa1803bfb8705017d3ffcf96e6e515,5843d7aa80819a852a7934fb146260a81167e873085cc90e45b4f783af121558,931,4,train,4
3651,941,73,Staurocalyptus,/home/tahiti/MARINE_DATASETS/FathomNet_FGVC2025/data/rois/941_3651.png,/home/tahiti/MARINE_DATASETS/FathomNet_FGVC2025/data/images/941.png,5de811f36359db4ad908c8ad56971e4d551d1ca7df1daa5a1f27982f0e644126,8e6f31b14a5c6585f39089b10525691bab317f01fb455b42d714d7ff3511fd0d,941,0,train,0
3666,944,60,Porifera,/home/tahiti/MARINE_DATASETS/FathomNet_FGVC2025/data/rois/944_3666.png,/home/tahiti/MARINE_DATASETS/FathomNet_FGVC2025/data/images/944.png,d2ce5ac6baa1f18fb4a8fc757e25f62e144fa76f3cf653faa19e448594de5b59,ac5b09151aa8be8cb3d92b8dc3a2fc9b9f683a98f575045dcca9392aefabff24,944,0,train,0
3695,948,8,Apostichopus leukothele,/home/tahiti/MARINE_DATASETS/FathomNet_FGVC2025/data/rois/948_3695.png,/home/tahiti/MARINE_DATASETS/FathomNet_FGVC2025/data/images/948.png,871b37123891b00b617ef616083961349ee1c81b7b559be2a9d88c78c0454e97,e7d87bbbc5af7eadc0febb776d6cabe96b62ffe30f86096d8fb6c0d93e5b89fb,948,2,train,2
3698,950,30,Hexactinellida,/home/tahiti/MARINE_DATASETS/FathomNet_FGVC2025/data/rois/950_3698.png,/home/tahiti/MARINE_DATASETS/FathomNet_FGVC2025/data/images/950.png,ec6914a485f4bd17a2a0a08c74efe58d3e8b1906b835f5ead543edc9436daf22,60eaf6c999eaa59877fbd69cf62f23e495f1cdec200801502c45722182320edc,950,0,train,0
3708,951,11,Asteroidea,/home/tahiti/MARINE_DATASETS/FathomNet_FGVC2025/data/rois/951_3708.png,/home/tahiti/MARINE_DATASETS/FathomNet_FGVC2025/data/images/951.png,45e4cff7bc4d8b6321e663c39ed89d9ef1e178814318922b33cef031278e694d,5d2e4fe188b26558c05dfa16044441391dee7220859000be00ccf0956fad084d,951,5,train,5
3745,959,21,Elpidia,/home/tahiti/MARINE_DATASETS/FathomNet_FGVC2025/data/rois/959_3745.png,/home/tahiti/MARINE_DATASETS/FathomNet_FGVC2025/data/images/959.png,b33542405b43a4986bd1b53357ca167a088b378a1a11d1439f4c8d36d23c3c4b,e11edb7efce3f0610bf474483ae5feab7ea76215b7e79ea136ada396f2dc0283,959,4,train,4
3761,966,24,Funiculina,/home/tahiti/MARINE_DATASETS/FathomNet_FGVC2025/data/rois/966_3761.png,/home/tahiti/MARINE_DATASETS/FathomNet_FGVC2025/data/images/966.png,5e2095a6466ba020f1c6fef00233da5acaa729c687ff44ebc210d764cd8a9f0a,48fd9dbec1829cde6480ecd6694e9f45502dc34972c6927e0945d2340165cc39,966,1,train,1
3763,966,24,Funiculina,/home/tahiti/MARINE_DATASETS/FathomNet_FGVC2025/data/rois/966_3763.png,/home/tahiti/MARINE_DATASETS/FathomNet_FGVC2025/data/images/966.png,0d5ab7b7b00534a1a7667a7d3b7c31f353488b7fc3346fbd68c022d2616e7f06,48fd9dbec1829cde6480ecd6694e9f45502dc34972c6927e0945d2340165cc39,966,1,train,1
3765,966,24,Funiculina,/home/tahiti/MARINE_DATASETS/FathomNet_FGVC2025/data/rois/966_3765.png,/home/tahiti/MARINE_DATASETS/FathomNet_FGVC2025/data/images/966.png,739364f462403b6d128c6d87123f09cfcf021cd487d0858a22af0a8249ea713a,48fd9dbec1829cde6480ecd6694e9f45502dc34972c6927e0945d2340165cc39,966,1,train,1
3766,966,33,Hormathiidae,/home/tahiti/MARINE_DATASETS/FathomNet_FGVC2025/data/rois/966_3766.png,/home/tahiti/MARINE_DATASETS/FathomNet_FGVC2025/data/images/966.png,1dbfaa727ca0e2bc99fdffc0d3df37fe43841229a825cc2ded82e8d42352372d,48fd9dbec1829cde6480ecd6694e9f45502dc34972c6927e0945d2340165cc39,966,1,train,1
3781,972,11,Asteroidea,/home/tahiti/MARINE_DATASETS/FathomNet_FGVC2025/data/rois/972_3781.png,/home/tahiti/MARINE_DATASETS/FathomNet_FGVC2025/data/images/972.png,7726aa09503e3964398d87867f94648473703ff1d3f97232e9b7875df1fa144b,a759f16c5367b5ca31d0e9dcdf4e4dc266606e0a2ab293f6620baab1acd64e27,972,2,train,2
3783,973,58,Peniagone,/home/tahiti/MARINE_DATASETS/FathomNet_FGVC2025/data/rois/973_3783.png,/home/tahiti/MARINE_DATASETS/FathomNet_FGVC2025/data/images/973.png,2088bf8b7810725b41cf6de7bf358648ef4f6d7d77a6ee943ff43f881ef7d717,09b9d46f17c5a10de5f130db60d08e36c328918ed81801ce8b401334e7c5e0fa,973,4,train,4
3803,981,23,Florometra serratissima,/home/tahiti/MARINE_DATASETS/FathomNet_FGVC2025/data/rois/981_3803.png,/home/tahiti/MARINE_DATASETS/FathomNet_FGVC2025/data/images/981.png,08f2c553efe4b925057ab58a4d80efd172e25d84270f6d4af33638ffba400c32,457bea547ae70ee3eaf7e963fc3a09778ece82809ffe131e576d6233ebf6f6d5,981,2,train,2
3821,983,29,Heteropolypus ritteri,/home/tahiti/MARINE_DATASETS/FathomNet_FGVC2025/data/rois/983_3821.png,/home/tahiti/MARINE_DATASETS/FathomNet_FGVC2025/data/images/983.png,34ba82923f6b44dcf599979078138da8e1fff541422798508aeb21c0deeaa3ca,a12bb6314c8e75208c828bd62cb700a442b491a81bfd683ac814919c61c09031,983,1,train,1
3827,987,15,Ceriantharia,/home/tahiti/MARINE_DATASETS/FathomNet_FGVC2025/data/rois/987_3827.png,/home/tahiti/MARINE_DATASETS/FathomNet_FGVC2025/data/images/987.png,ff4c7afc2337ffecd2f2c3917b1788b795d8567da9cbcf8677e4016a6e902dcb,e7d36432910c6db36ac5c52d86cf4819690550bf0840d31a603a19ee88f20bb6,987,5,train,5
3864,999,24,Funiculina,/home/tahiti/MARINE_DATASETS/FathomNet_FGVC2025/data/rois/999_3864.png,/home/tahiti/MARINE_DATASETS/FathomNet_FGVC2025/data/images/999.png,9a19332a1cce9bc9f6c75442b7784395d86453f43771b5c0c5bea9b87a12f204,e5b223ddcae9f9f4b925d3c40b03a70bb6b5011e82ff404764b7e8021915903a,999,0,train,0
3872,1001,64,Pyrosoma atlanticum,/home/tahiti/MARINE_DATASETS/FathomNet_FGVC2025/data/rois/1001_3872.png,/home/tahiti/MARINE_DATASETS/FathomNet_FGVC2025/data/images/1001.png,f7d0465980749482e08eba917a85d6b7ae7ee0c75f5cd109dbe48af20588d778,2adb710e6b2a82a8e365d7accd5c40197f120660336387d363748451f8cfc03c,1001,0,train,0
3876,1002,58,Peniagone,/home/tahiti/MARINE_DATASETS/FathomNet_FGVC2025/data/rois/1002_3876.png,/home/tahiti/MARINE_DATASETS/FathomNet_FGVC2025/data/images/1002.png,d63b6ac93b2f1cb13c00838426c74aa6c75ef28772f6477b4139719f667aa54c,007384852c5cab5e0aaac7d587245b789ea8b10cbaed59a585ebc201dcbb43fe,1002,2,train,2
3902,1006,11,Asteroidea,/home/tahiti/MARINE_DATASETS/FathomNet_FGVC2025/data/rois/1006_3902.png,/home/tahiti/MARINE_DATASETS/FathomNet_FGVC2025/data/images/1006.png,187671a2f48f46123e389d97bbe5de03d7876bf8062bc7e4a3ba0188401c8faa,82260dff8ce892bc41a5fc84b3e923b52385fa5ff98ac3bd420c233f71514d8f,1006,5,train,5
3923,1013,60,Porifera,/home/tahiti/MARINE_DATASETS/FathomNet_FGVC2025/data/rois/1013_3923.png,/home/tahiti/MARINE_DATASETS/FathomNet_FGVC2025/data/images/1013.png,5c443604d952ba9220f2efb68ba555f24049028f9a2bbb09e107c67d8b67d523,0a03d68e96d1d434e2545822e769b1142d3e6c834cfb2e717e571a3fe9317735,1013,1,train,1
3930,1017,68,Scotoplanes globosa,/home/tahiti/MARINE_DATASETS/FathomNet_FGVC2025/data/rois/1017_3930.png,/home/tahiti/MARINE_DATASETS/FathomNet_FGVC2025/data/images/1017.png,ef394f4b0873d77722ea38cb81745067e2d504949cfa85282b0af1c48c4d664b,6aeeed0c5d9d6f21bcd072f0862abc71349c75fb7fc157e3202ec589a72f638c,1017,1,train,1
3939,1019,5,Actiniaria,/home/tahiti/MARINE_DATASETS/FathomNet_FGVC2025/data/rois/1019_3939.png,/home/tahiti/MARINE_DATASETS/FathomNet_FGVC2025/data/images/1019.png,46d611d203916ba112a874d0a9035e86f34c6bef1414a0bc061127ef1ad11af6,08c8fa281724c2607fd884e928b4db9f0a391180480539b1c8d9e739aa5df4d4,1019,2,train,2
3950,1022,13,Brisingida,/home/tahiti/MARINE_DATASETS/FathomNet_FGVC2025/data/rois/1022_3950.png,/home/tahiti/MARINE_DATASETS/FathomNet_FGVC2025/data/images/1022.png,4577bae69a20f554b5beb36e5eeb844e76e5f9909adbefd6d148b377c015b101,098d35e709527437983feff33065adc67756d694a18cd8c077b13cb2ecf54a49,1022,4,train,4
3991,1027,58,Peniagone,/home/tahiti/MARINE_DATASETS/FathomNet_FGVC2025/data/rois/1027_3991.png,/home/tahiti/MARINE_DATASETS/FathomNet_FGVC2025/data/images/1027.png,7a456982ba27fe4dbed389e9a01c97f23bd2eadb0ba2253de829e0a3d4ef7062,d080d59a2f622be3803fbfed697d4916a90a953f2562f9eb328db062f65069ac,1027,5,train,5
4012,1032,60,Porifera,/home/tahiti/MARINE_DATASETS/FathomNet_FGVC2025/data/rois/1032_4012.png,/home/tahiti/MARINE_DATASETS/FathomNet_FGVC2025/data/images/1032.png,c4ed7858b8fba24a417d57d42da1ecaf82d9e1661ae9d33d23157c5c7cc9d852,0a9fd54731c9f03fb63047195f535a7ac11e86fbe38bcce6d773e70b15970cf9,1032,0,train,0
4065,1049,62,Psolus squamatus,/home/tahiti/MARINE_DATASETS/FathomNet_FGVC2025/data/rois/1049_4065.png,/home/tahiti/MARINE_DATASETS/FathomNet_FGVC2025/data/images/1049.png,c824e7ff1f3c71629627075b12a3dadfae2518d50466d06ea31e20285d85977e,8c84ffab3b86773dfd98ed74793fa5d5e83017b196868c006921d5e99d9bb416,1049,1,train,1
4066,1050,53,Pannychia moseleyi,/home/tahiti/MARINE_DATASETS/FathomNet_FGVC2025/data/rois/1050_4066.png,/home/tahiti/MARINE_DATASETS/FathomNet_FGVC2025/data/images/1050.png,1bb8adb39eb07336f8b917d00df7f61c487c6be9de738235b613b49ebc0b7f9d,78ff1e29bbdc733be0be3f1a105dbfc50a051e4f7d81aa90519ff6e7c04909a2,1050,5,train,5
4078,1057,16,Chionoecetes tanneri,/home/tahiti/MARINE_DATASETS/FathomNet_FGVC2025/data/rois/1057_4078.png,/home/tahiti/MARINE_DATASETS/FathomNet_FGVC2025/data/images/1057.png,9dff610696ba3813c754ee3df1b0e9c86da99bebfe493131ad446dcbeb508b15,e67064aa1bb1a2fa50ebf90567215e0469dafc3d44b9082ff945534b4f1f2751,1057,4,train,4
4080,1059,50,Paelopatides confundens,/home/tahiti/MARINE_DATASETS/FathomNet_FGVC2025/data/rois/1059_4080.png,/home/tahiti/MARINE_DATASETS/FathomNet_FGVC2025/data/images/1059.png,5edb47f8511671624b9f9861edaf757563398ccf48560320fb6a5d315432f3bb,076059aae3ff2092f2076df688d4b0dc9e0c57561cf762ad570f9ee595933290,1059,4,train,4
4089,1064,34,Isidella tentaculum,/home/tahiti/MARINE_DATASETS/FathomNet_FGVC2025/data/rois/1064_4089.png,/home/tahiti/MARINE_DATASETS/FathomNet_FGVC2025/data/images/1064.png,1e5ebed71629b061b13e3e8f061c5e4c0eedf5344d93dbc40f08ff260b678438,1b78f6e66bd7ac3f53f4f8d7657815a13df2c9f5d1538498882576141343b2ba,1064,0,train,0
4090,1065,37,Keratoisis,/home/tahiti/MARINE_DATASETS/FathomNet_FGVC2025/data/rois/1065_4090.png,/home/tahiti/MARINE_DATASETS/FathomNet_FGVC2025/data/images/1065.png,f9afb9029f47b7bf2e5bf2e4b4494c72f144604bba0f668eb2bb696395086233,060eefd52f79e01c6831e1e8c22159acf94d8a3a1ce603792d0148b0270d9e7e,1065,5,train,5
4098,1067,5,Actiniaria,/home/tahiti/MARINE_DATASETS/FathomNet_FGVC2025/data/rois/1067_4098.png,/home/tahiti/MARINE_DATASETS/FathomNet_FGVC2025/data/images/1067.png,8da903f61aa3a6665f37ad65699aaaaf39d206ef0c3d38aef3bcde42a853401d,e5b90c8542039fede0e3b0e9f0c1c4fb903282424ebbbcc65271b43fbd01f335,1067,0,train,0
4100,1067,33,Hormathiidae,/home/tahiti/MARINE_DATASETS/FathomNet_FGVC2025/data/rois/1067_4100.png,/home/tahiti/MARINE_DATASETS/FathomNet_FGVC2025/data/images/1067.png,4b31a97532209e51b3fb13a6f7f5f34e9c58f80b0a00678e5446cfa9d8864bf9,e5b90c8542039fede0e3b0e9f0c1c4fb903282424ebbbcc65271b43fbd01f335,1067,0,train,0
4106,1068,60,Porifera,/home/tahiti/MARINE_DATASETS/FathomNet_FGVC2025/data/rois/1068_4106.png,/home/tahiti/MARINE_DATASETS/FathomNet_FGVC2025/data/images/1068.png,3750f24986aecc4f46fae4ec072d7970fa42fb0f4ed7d383f8b6e6cabd2465e2,669add8b54737d3910c6f04874ceb29a5267ddca63215bead634ff916347b626,1068,0,train,0
4121,1068,46,Mycale,/home/tahiti/MARINE_DATASETS/FathomNet_FGVC2025/data/rois/1068_4121.png,/home/tahiti/MARINE_DATASETS/FathomNet_FGVC2025/data/images/1068.png,f2f95255817430a5caee04be9d77de90b924d319b46ff54a7dcb8ecff8a31c74,669add8b54737d3910c6f04874ceb29a5267ddca63215bead634ff916347b626,1068,0,train,0
4137,1072,11,Asteroidea,/home/tahiti/MARINE_DATASETS/FathomNet_FGVC2025/data/rois/1072_4137.png,/home/tahiti/MARINE_DATASETS/FathomNet_FGVC2025/data/images/1072.png,b61b86d573cae55de92d574ccabff4bd7f133e0cb532ad287f3e40a614b4ec31,76160a8db51d95de9c5c2d3fc9fc94e0a46f6ae1a5e43c6061d49ffad54725de,1072,1,train,1
4151,1073,46,Mycale,/home/tahiti/MARINE_DATASETS/FathomNet_FGVC2025/data/rois/1073_4151.png,/home/tahiti/MARINE_DATASETS/FathomNet_FGVC2025/data/images/1073.png,8b0855249c3e6ac40a55c272340f60fe4a2709e6db64ece66008f81686a1eadb,ab6d186bd7e4acd4ac8b8bc9d87b4df8089bdaa8038308ca217e3f1c11a01d6d,1073,4,train,4
4157,1076,25,Gastropoda,/home/tahiti/MARINE_DATASETS/FathomNet_FGVC2025/data/rois/1076_4157.png,/home/tahiti/MARINE_DATASETS/FathomNet_FGVC2025/data/images/1076.png,b824c7adda0d8e6b0c01478002c3e3575f7585d4a28fdfc69fb4ff0719b2b4e4,0c30cc9a67762078bfcddcde430dea84759453ced12246673cde21c25f7cefe5,1076,0,train,0
4173,1081,37,Keratoisis,/home/tahiti/MARINE_DATASETS/FathomNet_FGVC2025/data/rois/1081_4173.png,/home/tahiti/MARINE_DATASETS/FathomNet_FGVC2025/data/images/1081.png,25480f42dd6f1d9aeacab2726d694a814aad6c7e1980f6cf9ad603cce81285c9,a9e8019ad8171906a9006fb26fe6318c1c66c5ef88d9ced80a7a976f4e68868e,1081,2,train,2
4176,1083,21,Elpidia,/home/tahiti/MARINE_DATASETS/FathomNet_FGVC2025/data/rois/1083_4176.png,/home/tahiti/MARINE_DATASETS/FathomNet_FGVC2025/data/images/1083.png,01d8a7724069b010dea445e6c9ea0b2b38f9fa456294633176b8187b6c171f38,d3ded4e99ebfc95e562ab5db13bfa17efa8553f3dca1d1bfc352adab17a1bf0d,1083,0,train,0
4204,1100,67,Scotoplanes,/home/tahiti/MARINE_DATASETS/FathomNet_FGVC2025/data/rois/1100_4204.png,/home/tahiti/MARINE_DATASETS/FathomNet_FGVC2025/data/images/1100.png,a7433fa193d97d385a437fc10ca0a6c9c1d99de318b23d01319926fedd4445fd,928da6f24c3b7b3dd639e9de5dfaf2e98383b623738402f0a2def7e7a512a26f,1100,0,train,0
4213,1104,58,Peniagone,/home/tahiti/MARINE_DATASETS/FathomNet_FGVC2025/data/rois/1104_4213.png,/home/tahiti/MARINE_DATASETS/FathomNet_FGVC2025/data/images/1104.png,c50047000b018c707252d21a03da0f0be062fdab5aa2bb2c20e2e295aa623901,a156393a404fd008b33c377b10b90417c962fef399a1ff70ef6c7f8a35396cb8,1104,2,train,2
4219,1109,66,Scleractinia,/home/tahiti/MARINE_DATASETS/FathomNet_FGVC2025/data/rois/1109_4219.png,/home/tahiti/MARINE_DATASETS/FathomNet_FGVC2025/data/images/1109.png,11ff375a14ede94c0f118664d7dc346f3b87d0af77ab76c414987acb8177b8bd,2ca63a4a9f2744f574c45e3079407275c8052943978f20dd3ef7f3c5444a0f9e,1109,2,train,2
4248,1113,58,Peniagone,/home/tahiti/MARINE_DATASETS/FathomNet_FGVC2025/data/rois/1113_4248.png,/home/tahiti/MARINE_DATASETS/FathomNet_FGVC2025/data/images/1113.png,c191cc63da78cf3a88dfadf6e2f0cfdb13973108ce324162a704f55bcacc2e72,7f2a3c53316e789adbe7b647f4ab710c790cd36f5f7d58562f2ec4c3db52c97c,1113,1,train,1
4264,1114,41,Merluccius productus,/home/tahiti/MARINE_DATASETS/FathomNet_FGVC2025/data/rois/1114_4264.png,/home/tahiti/MARINE_DATASETS/FathomNet_FGVC2025/data/images/1114.png,0b478e38f59b792a41d49b40164258e6cf683bc71ba66968a4228a5472b1a689,ffc172786d52c765cae10c20a204bcad5ff881a0f84d50da01ed637f76ad70b2,1114,1,train,1
4282,1120,71,Sebastolobus,/home/tahiti/MARINE_DATASETS/FathomNet_FGVC2025/data/rois/1120_4282.png,/home/tahiti/MARINE_DATASETS/FathomNet_FGVC2025/data/images/1120.png,31eab79807c8b08e7d733df2873bc89abb88536763e2b5a0913a1fbb17c66e5d,b8cedcb6fde7c965cb1a466c2a0fd39e0f43fb09f2310c8ab26974bd48737a59,1120,0,train,0
4305,1124,71,Sebastolobus,/home/tahiti/MARINE_DATASETS/FathomNet_FGVC2025/data/rois/1124_4305.png,/home/tahiti/MARINE_DATASETS/FathomNet_FGVC2025/data/images/1124.png,3f7eea9bff4241b2f79b76f366108821495b4a3c29de67ed1b16beeeb4c66f96,ea5549634b20387317d836bc500a840e0b5a4910256c3a1dc09d4558427e967d,1124,2,train,2
4327,1133,65,Rathbunaster californicus,/home/tahiti/MARINE_DATASETS/FathomNet_FGVC2025/data/rois/1133_4327.png,/home/tahiti/MARINE_DATASETS/FathomNet_FGVC2025/data/images/1133.png,95a5baaef9099e641b67af66bb979b37dbc489e3fa6657fa5dfca994b9a444b4,70bae428931856b2771dde004f36fd7b94767c63cadd4235b1c6f7f031047e9b,1133,4,train,4
4341,1139,73,Staurocalyptus,/home/tahiti/MARINE_DATASETS/FathomNet_FGVC2025/data/rois/1139_4341.png,/home/tahiti/MARINE_DATASETS/FathomNet_FGVC2025/data/images/1139.png,42803b98f9f82c642cc785a10296af74a7498428ff88f9f2234942d8d111e623,4d061a7b31479935db85c369285dabb7d27aed5397fe8253f70f0b665fcb7434,1139,5,train,5
4350,1139,73,Staurocalyptus,/home/tahiti/MARINE_DATASETS/FathomNet_FGVC2025/data/rois/1139_4350.png,/home/tahiti/MARINE_DATASETS/FathomNet_FGVC2025/data/images/1139.png,ce8cb0b99f215e174006856510702b7949a8ca22c56717ea7002a94a0016dec9,4d061a7b31479935db85c369285dabb7d27aed5397fe8253f70f0b665fcb7434,1139,5,train,5
4351,1139,71,Sebastolobus,/home/tahiti/MARINE_DATASETS/FathomNet_FGVC2025/data/rois/1139_4351.png,/home/tahiti/MARINE_DATASETS/FathomNet_FGVC2025/data/images/1139.png,a3fd3edcbbe81236dddafc8700816159b30d8ff6c7cfb3a3a661568b0ce5c7f4,4d061a7b31479935db85c369285dabb7d27aed5397fe8253f70f0b665fcb7434,1139,5,train,5
4353,1139,16,Chionoecetes tanneri,/home/tahiti/MARINE_DATASETS/FathomNet_FGVC2025/data/rois/1139_4353.png,/home/tahiti/MARINE_DATASETS/FathomNet_FGVC2025/data/images/1139.png,47f2dc527ff55440ce3da326956ee1c15f732b7683e5898214fd034b072ddaff,4d061a7b31479935db85c369285dabb7d27aed5397fe8253f70f0b665fcb7434,1139,5,train,5
4378,1143,15,Ceriantharia,/home/tahiti/MARINE_DATASETS/FathomNet_FGVC2025/data/rois/1143_4378.png,/home/tahiti/MARINE_DATASETS/FathomNet_FGVC2025/data/images/1143.png,f3c7c827819a8016cb559f05f7d62a911080731cf6a6274b1608e3f1fb0d6aba,3c4308f66bb1bd8cdc97872094fbd3e8701995697451b6feb0b4bff760d53ccc,1143,0,train,0
4384,1146,38,Liponema brevicorne,/home/tahiti/MARINE_DATASETS/FathomNet_FGVC2025/data/rois/1146_4384.png,/home/tahiti/MARINE_DATASETS/FathomNet_FGVC2025/data/images/1146.png,1d220cc894cb865c310842d77e32cc2eba2817f418ff3869feef9687f6d4b612,d60b8ede00ff81095bdd6c6d1c378a0e9ee8303522b47eb0a7bc408a98fa70ed,1146,0,train,0
4396,1151,4,Actinernus,/home/tahiti/MARINE_DATASETS/FathomNet_FGVC2025/data/rois/1151_4396.png,/home/tahiti/MARINE_DATASETS/FathomNet_FGVC2025/data/images/1151.png,3a122eebdd8e3e309217c70f8d7e5602e4e15356783faa2d14450f3773f03fa4,49438cdee67ed7add13b79f8bf642dd6c7f46ca45f9e4d18086bd2fc8ba64911,1151,5,train,5
4416,1158,65,Rathbunaster californicus,/home/tahiti/MARINE_DATASETS/FathomNet_FGVC2025/data/rois/1158_4416.png,/home/tahiti/MARINE_DATASETS/FathomNet_FGVC2025/data/images/1158.png,aaf4eaca5d4a4eefb6e94ea0a51bd08ab519bf5db3b4dbd95ccb8b5f507059c1,626c9eb3ff773524cd9714a80f026c08826d5570cdfb7a0aee2c8b9838881ebb,1158,0,train,0
4418,1159,24,Funiculina,/home/tahiti/MARINE_DATASETS/FathomNet_FGVC2025/data/rois/1159_4418.png,/home/tahiti/MARINE_DATASETS/FathomNet_FGVC2025/data/images/1159.png,f17f155879fec49cb084747b43d2f2c6c1d830006626a1a1c1c443b7590da5ba,06404e393e44a3395ddd150131f338537cbf506d4dc68a5c51dd09b99e0a08db,1159,4,train,4
4419,1159,67,Scotoplanes,/home/tahiti/MARINE_DATASETS/FathomNet_FGVC2025/data/rois/1159_4419.png,/home/tahiti/MARINE_DATASETS/FathomNet_FGVC2025/data/images/1159.png,48ba20b571c0b28baee5c4e86e2f97ab83afc651a94f11fc37e904559e1258c0,06404e393e44a3395ddd150131f338537cbf506d4dc68a5c51dd09b99e0a08db,1159,4,train,4
4427,1163,22,Farrea,/home/tahiti/MARINE_DATASETS/FathomNet_FGVC2025/data/rois/1163_4427.png,/home/tahiti/MARINE_DATASETS/FathomNet_FGVC2025/data/images/1163.png,3a67c414916888b73a562496818ef72b27b463f7866e9ca9142e60a595d5e7f8,be03db0a8f465244a929d73bae88fb9487f100b940ca76692a279fe5be619911,1163,1,train,1
4434,1163,16,Chionoecetes tanneri,/home/tahiti/MARINE_DATASETS/FathomNet_FGVC2025/data/rois/1163_4434.png,/home/tahiti/MARINE_DATASETS/FathomNet_FGVC2025/data/images/1163.png,8b09742e0efe85ffdb95c863876216ab858b9e65178cdbac27bc157f289b09c3,be03db0a8f465244a929d73bae88fb9487f100b940ca76692a279fe5be619911,1163,1,train,1
4443,1165,36,Isosicyonis,/home/tahiti/MARINE_DATASETS/FathomNet_FGVC2025/data/rois/1165_4443.png,/home/tahiti/MARINE_DATASETS/FathomNet_FGVC2025/data/images/1165.png,c2528de1687e69f87c88baa33bc4872c6d3b9812afad7b8c1b4adadd9db25cb0,649d45ea4451ea5acf9d035085fe54313fdf3055a2b31dbbce644bd1e5e64fcb,1165,0,train,0
4464,1166,72,Serpulidae,/home/tahiti/MARINE_DATASETS/FathomNet_FGVC2025/data/rois/1166_4464.png,/home/tahiti/MARINE_DATASETS/FathomNet_FGVC2025/data/images/1166.png,e20764116b18d2ac327356fd3c30a3047ae183cf98e5b7781d2814edce0d1951,5f8c1f4d959e7c3aa992f785b975e6f762e2f2b1c01c091cd36c7e3f9ff0c7d4,1166,4,train,4
4468,1166,79,Zoantharia,/home/tahiti/MARINE_DATASETS/FathomNet_FGVC2025/data/rois/1166_4468.png,/home/tahiti/MARINE_DATASETS/FathomNet_FGVC2025/data/images/1166.png,c39d466ea2a821e7ba7716d36aafb36ef79e8682f56fe169323eb001a5942eaf,5f8c1f4d959e7c3aa992f785b975e6f762e2f2b1c01c091cd36c7e3f9ff0c7d4,1166,4,train,4
4473,1166,79,Zoantharia,/home/tahiti/MARINE_DATASETS/FathomNet_FGVC2025/data/rois/1166_4473.png,/home/tahiti/MARINE_DATASETS/FathomNet_FGVC2025/data/images/1166.png,6e39ceea1d126a4aea7ea68f2207366ad7a957b9d5e2ef6b5420b62fbccc19f9,5f8c1f4d959e7c3aa992f785b975e6f762e2f2b1c01c091cd36c7e3f9ff0c7d4,1166,4,train,4
4481,1166,72,Serpulidae,/home/tahiti/MARINE_DATASETS/FathomNet_FGVC2025/data/rois/1166_4481.png,/home/tahiti/MARINE_DATASETS/FathomNet_FGVC2025/data/images/1166.png,4d34fd154fff25c493908d3f1410cd7c53dfe4b3ea3d471a32086e2952b60c5d,5f8c1f4d959e7c3aa992f785b975e6f762e2f2b1c01c091cd36c7e3f9ff0c7d4,1166,4,train,4
4531,1184,5,Actiniaria,/home/tahiti/MARINE_DATASETS/FathomNet_FGVC2025/data/rois/1184_4531.png,/home/tahiti/MARINE_DATASETS/FathomNet_FGVC2025/data/images/1184.png,e4add086121a91966fcc632d3b806f18782ed9239ee5191f2b3c0ed25d8c1230,419de93a222f8f27c4794c984ecd462ecf3fb01968566675caaf0d8eca9f3328,1184,1,train,1
4537,1186,30,Hexactinellida,/home/tahiti/MARINE_DATASETS/FathomNet_FGVC2025/data/rois/1186_4537.png,/home/tahiti/MARINE_DATASETS/FathomNet_FGVC2025/data/images/1186.png,346cb743b808e41fe57f03cb5b6f13b67f244cc659470b0fdf61facdffbcbaab,82dc9bbe5b9ccb0ba8e28f15a5b45a9806838ac2d52d16a05847eb2b56bfb5cf,1186,2,train,2
4539,1187,48,Ophiacanthidae,/home/tahiti/MARINE_DATASETS/FathomNet_FGVC2025/data/rois/1187_4539.png,/home/tahiti/MARINE_DATASETS/FathomNet_FGVC2025/data/images/1187.png,4946c904a97d837a6e66375e5ce2137b45863252f3a9f3535483edeefd264979,f8034e8f0232a962a1aaada18aa08e26f42b78729f7beb3021dcb51957006e64,1187,0,train,0
4551,1188,72,Serpulidae,/home/tahiti/MARINE_DATASETS/FathomNet_FGVC2025/data/rois/1188_4551.png,/home/tahiti/MARINE_DATASETS/FathomNet_FGVC2025/data/images/1188.png,beda7ddeea67b778f920549b0c208b73c72cfc818abd313093990bd3507cccdf,466be4a0019a260c2723834ea1b04abbba863c982b2ba098deeecd72b836b2bb,1188,4,train,4
4586,1194,58,Peniagone,/home/tahiti/MARINE_DATASETS/FathomNet_FGVC2025/data/rois/1194_4586.png,/home/tahiti/MARINE_DATASETS/FathomNet_FGVC2025/data/images/1194.png,ffea8b0e092ce7483e3f974aed4fc9860ef3bbeace89075993e3ca536e684c93,77722cf5e1739792997609937ee268d52775d516c0db9513209af64ab6b805aa,1194,1,train,1
4590,1197,19,Crinoidea,/home/tahiti/MARINE_DATASETS/FathomNet_FGVC2025/data/rois/1197_4590.png,/home/tahiti/MARINE_DATASETS/FathomNet_FGVC2025/data/images/1197.png,d1e6742326388cc3489803680ef80e64ca96610b639f3c4bd662b6bbb99b5475,c45dcd66c665d6ffd61ca586a41870a1344bb3c032e6f0d168be13198aa8e0cf,1197,5,train,5
4604,1201,65,Rathbunaster californicus,/home/tahiti/MARINE_DATASETS/FathomNet_FGVC2025/data/rois/1201_4604.png,/home/tahiti/MARINE_DATASETS/FathomNet_FGVC2025/data/images/1201.png,e1ffa41a5f6df89126731a2f93fb0e50efaa9f48b8b60464ab53ac0b4b749101,e0331f8bdae522831d3f05e56db4c9c06734f2a53cebc67ffdc0304946c37372,1201,4,train,4
4646,1220,67,Scotoplanes,/home/tahiti/MARINE_DATASETS/FathomNet_FGVC2025/data/rois/1220_4646.png,/home/tahiti/MARINE_DATASETS/FathomNet_FGVC2025/data/images/1220.png,0b86367145e6a395de5da18cc746b425fe0b0e3846270890245226306054c0d0,92640c0639b7b9ff7401eb258f3ae8aa0167d46d06f10ed29fbad9d1478fb354,1220,5,train,5
4664,1225,15,Ceriantharia,/home/tahiti/MARINE_DATASETS/FathomNet_FGVC2025/data/rois/1225_4664.png,/home/tahiti/MARINE_DATASETS/FathomNet_FGVC2025/data/images/1225.png,7db4f9211b1ad7965df2b078408cf1e56516fc156c44b174bc07d812b0c40603,10e3177384721cf87f7d4db50a082ac3d8801709d40f0820ebf03870eb069eb2,1225,0,train,0
4688,1231,35,Isididae,/home/tahiti/MARINE_DATASETS/FathomNet_FGVC2025/data/rois/1231_4688.png,/home/tahiti/MARINE_DATASETS/FathomNet_FGVC2025/data/images/1231.png,81a64f530e998864dbcfdbcf00397fc8e7d0ffc2c95682582d5abd5a40110d84,f25e2049a593d5c6f3a0d6894826e71fba9afd292ea0526bd5ea7110107910f4,1231,0,train,0
4690,1232,37,Keratoisis,/home/tahiti/MARINE_DATASETS/FathomNet_FGVC2025/data/rois/1232_4690.png,/home/tahiti/MARINE_DATASETS/FathomNet_FGVC2025/data/images/1232.png,6b63efaacae567cef733e388edde05e9e5e3f8bd83c511ab84068be7260bdd37,6faccd2c9a1b7c727b2e4b0199b047ddb737591130e64f29e7e67f300d37a3c4,1232,0,train,0
4725,1243,45,Munnopsidae,/home/tahiti/MARINE_DATASETS/FathomNet_FGVC2025/data/rois/1243_4725.png,/home/tahiti/MARINE_DATASETS/FathomNet_FGVC2025/data/images/1243.png,e19eeeb9e135fae15fe23217863d60a42cea46e5130d8e4acddad19073e47ee9,eebd21bfc33a37b7dbb5b3fd1c73145d834b5b36ce01e0f43bb119ee59c632b7,1243,5,train,5
4729,1245,51,Pandalus amplus,/home/tahiti/MARINE_DATASETS/FathomNet_FGVC2025/data/rois/1245_4729.png,/home/tahiti/MARINE_DATASETS/FathomNet_FGVC2025/data/images/1245.png,b85c3de53dc544a0162d05dc2ab099a62be759d64417419c573c6d02d8da3454,a661de36f1d5562811189f98cb36f025658d877a751666d8fc3a7f5d08d11987,1245,4,train,4
4736,1248,60,Porifera,/home/tahiti/MARINE_DATASETS/FathomNet_FGVC2025/data/rois/1248_4736.png,/home/tahiti/MARINE_DATASETS/FathomNet_FGVC2025/data/images/1248.png,63646ea7197ef2a39d34e18d887d6b38cc9cd121b3aba9277566b4b996c68d86,95583ff75d747c1df65f8e6e173299a7c84e02f6882bc53a3c631c5beb32ea28,1248,1,train,1
4753,1251,47,Octopus rubescens,/home/tahiti/MARINE_DATASETS/FathomNet_FGVC2025/data/rois/1251_4753.png,/home/tahiti/MARINE_DATASETS/FathomNet_FGVC2025/data/images/1251.png,da45bd2f129334530f4a1d3f1b6dec899a3b6c50db616ea5148d7dd515752be8,6f9410046350e6628ca80ecedcf0fc8c891994484ff7e67bc89f5e5b274fcf0c,1251,5,train,5
4759,1254,71,Sebastolobus,/home/tahiti/MARINE_DATASETS/FathomNet_FGVC2025/data/rois/1254_4759.png,/home/tahiti/MARINE_DATASETS/FathomNet_FGVC2025/data/images/1254.png,dca6b8110cf1f3a0f0b81d7f0081c6f5cbed0a867feb4e9bab2b979f437dbf89,a259c47fff8fb12d0cd3488a42d6885bbc2901445f2b5f7f37d8e5006b6dcf52,1254,5,train,5
4765,1255,71,Sebastolobus,/home/tahiti/MARINE_DATASETS/FathomNet_FGVC2025/data/rois/1255_4765.png,/home/tahiti/MARINE_DATASETS/FathomNet_FGVC2025/data/images/1255.png,cb73c584c0fd09fc34c0e50a2d9955a44ecda9d48f63564de2e74d7fbf2d6d65,2ca592013233f29c8819a7cf8b24febdb6b9f52156563fee4d64e805ee18f529,1255,0,train,0
4785,1268,5,Actiniaria,/home/tahiti/MARINE_DATASETS/FathomNet_FGVC2025/data/rois/1268_4785.png,/home/tahiti/MARINE_DATASETS/FathomNet_FGVC2025/data/images/1268.png,c8f06b209e79351ca2426f5d5a255b8cd4566b69adf6d4fee0c8e5f22c5d060e,5d7cb005fbba3a58065861afa5fd9e98edfce404890780d9b5ef62a4057e38ba,1268,2,train,2
4786,1268,38,Liponema brevicorne,/home/tahiti/MARINE_DATASETS/FathomNet_FGVC2025/data/rois/1268_4786.png,/home/tahiti/MARINE_DATASETS/FathomNet_FGVC2025/data/images/1268.png,3e9bf37d02cf4d759c6e39919cb229cd03416278c38a20bb2ac2d53d0c7cb936,5d7cb005fbba3a58065861afa5fd9e98edfce404890780d9b5ef62a4057e38ba,1268,2,train,2
4788,1269,77,Umbellula,/home/tahiti/MARINE_DATASETS/FathomNet_FGVC2025/data/rois/1269_4788.png,/home/tahiti/MARINE_DATASETS/FathomNet_FGVC2025/data/images/1269.png,d84e21b29fc716d335fcd773777dfd6afdedd797150de73ebb17dade32329e90,481c5ea854c650477d76a4a2806f6791a1e5b4b449dcdc938310dcdd9c2df020,1269,1,train,1
4795,1272,65,Rathbunaster californicus,/home/tahiti/MARINE_DATASETS/FathomNet_FGVC2025/data/rois/1272_4795.png,/home/tahiti/MARINE_DATASETS/FathomNet_FGVC2025/data/images/1272.png,05d998a39924731532d0d304c89b46084dcada0ae41733f557543a2398ec5383,84549dd9b1bbd5d06e8568f089dda52f9de590b7e18127b41bd58de10563db99,1272,0,train,0
4796,1272,65,Rathbunaster californicus,/home/tahiti/MARINE_DATASETS/FathomNet_FGVC2025/data/rois/1272_4796.png,/home/tahiti/MARINE_DATASETS/FathomNet_FGVC2025/data/images/1272.png,7156cb7bbd35081f22bd81392f5e460cddfcd3feae2a503328c17e57ffa16bb5,84549dd9b1bbd5d06e8568f089dda52f9de590b7e18127b41bd58de10563db99,1272,0,train,0
4809,1274,16,Chionoecetes tanneri,/home/tahiti/MARINE_DATASETS/FathomNet_FGVC2025/data/rois/1274_4809.png,/home/tahiti/MARINE_DATASETS/FathomNet_FGVC2025/data/images/1274.png,0379aee10ddafcb84d3fb6de68d00cb07547cf9173278bdd4e382999b71983e4,bf948b792f39315bfd45142e0db48e26d728de9f8686beea3afe80b1eecfd00e,1274,4,train,4
4817,1274,73,Staurocalyptus,/home/tahiti/MARINE_DATASETS/FathomNet_FGVC2025/data/rois/1274_4817.png,/home/tahiti/MARINE_DATASETS/FathomNet_FGVC2025/data/images/1274.png,1f34e361686d7c0d0bf8ed4a199488ab718f69af0dd8c22bfa323fa70e2c78c9,bf948b792f39315bfd45142e0db48e26d728de9f8686beea3afe80b1eecfd00e,1274,4,train,4
4833,1276,69,Sebastes,/home/tahiti/MARINE_DATASETS/FathomNet_FGVC2025/data/rois/1276_4833.png,/home/tahiti/MARINE_DATASETS/FathomNet_FGVC2025/data/images/1276.png,f6acd7c61a7d46424a88214e0acccf09bafb5c508acd58e76654f7573960e760,ff5ce07e2d396daebdc4557c3d535e15c3d9efac3fe9cdd272216b77bd45c682,1276,0,train,0
4841,1277,54,Paragorgia,/home/tahiti/MARINE_DATASETS/FathomNet_FGVC2025/data/rois/1277_4841.png,/home/tahiti/MARINE_DATASETS/FathomNet_FGVC2025/data/images/1277.png,33807c4ebf8ab5d3420aa7ac868b4adee7977bcce2de146e62df0ceda8e875be,4d291e11d4e278a371f5bc39bb224762e303e58ee91829abba9fb8b7762923df,1277,5,train,5
4844,1277,28,Heterochone calyx,/home/tahiti/MARINE_DATASETS/FathomNet_FGVC2025/data/rois/1277_4844.png,/home/tahiti/MARINE_DATASETS/FathomNet_FGVC2025/data/images/1277.png,76f6a330943980496c120d89b006c5745b9b486a55518ede0fb8997f1d724981,4d291e11d4e278a371f5bc39bb224762e303e58ee91829abba9fb8b7762923df,1277,5,train,5
4853,1283,11,Asteroidea,/home/tahiti/MARINE_DATASETS/FathomNet_FGVC2025/data/rois/1283_4853.png,/home/tahiti/MARINE_DATASETS/FathomNet_FGVC2025/data/images/1283.png,47de01630b2a02d5ccd90dc960f531c30b031a21218b0d7670645537a979b54f,3826aea0562153fdec318f8aa2949d67b355aa9bc984f2c02aefdc7606999df3,1283,0,train,0
4895,1304,39,Lithodidae,/home/tahiti/MARINE_DATASETS/FathomNet_FGVC2025/data/rois/1304_4895.png,/home/tahiti/MARINE_DATASETS/FathomNet_FGVC2025/data/images/1304.png,0cd51b590aa31fac8400e46a9d849946644aa720817224b8ccc68cb7c9d0443a,59995aa1a5bcb2fdd984d07004c9d99468fc1f06add6a9b0cc7b700b358b09fa,1304,1,train,1
4900,1306,11,Asteroidea,/home/tahiti/MARINE_DATASETS/FathomNet_FGVC2025/data/rois/1306_4900.png,/home/tahiti/MARINE_DATASETS/FathomNet_FGVC2025/data/images/1306.png,64ecbf8e863c37015fb2dc7c5049e33202159f77f1a22567d2d0e074003be1ef,c8da89ac7a06ad10b544fdc015ba0c364ca8ffb16532290b44075d0607a616da,1306,4,train,4
4902,1307,47,Octopus rubescens,/home/tahiti/MARINE_DATASETS/FathomNet_FGVC2025/data/rois/1307_4902.png,/home/tahiti/MARINE_DATASETS/FathomNet_FGVC2025/data/images/1307.png,758a337dcbd5e9ae50feb3e72315cb0fd5bf3710b22b6f1cd07b32b1f2a17dbc,66d9346a51c5e571af8ac3f0b8ef1fa48cdbe0bd79e009bf562ebcde87bb2c00,1307,1,train,1
4916,1311,62,Psolus squamatus,/home/tahiti/MARINE_DATASETS/FathomNet_FGVC2025/data/rois/1311_4916.png,/home/tahiti/MARINE_DATASETS/FathomNet_FGVC2025/data/images/1311.png,c756bed43f96a131ccef6175b806d412a99fbf6864452dfcfb01113e353251f9,064f01346b422978251171910e85164dc3cd2172b52f56ede52edfe3634d0f22,1311,4,train,4
4924,1311,62,Psolus squamatus,/home/tahiti/MARINE_DATASETS/FathomNet_FGVC2025/data/rois/1311_4924.png,/home/tahiti/MARINE_DATASETS/FathomNet_FGVC2025/data/images/1311.png,a97ccf9395f8bd642395a5e3b75409983fb4b1d0cd91e2ce30c125f5bfbe6a67,064f01346b422978251171910e85164dc3cd2172b52f56ede52edfe3634d0f22,1311,4,train,4
4942,1311,30,Hexactinellida,/home/tahiti/MARINE_DATASETS/FathomNet_FGVC2025/data/rois/1311_4942.png,/home/tahiti/MARINE_DATASETS/FathomNet_FGVC2025/data/images/1311.png,dbd775fe067dbc7b0cacc6e72254f4490a9cc39396153f38aa44117760c48a5b,064f01346b422978251171910e85164dc3cd2172b52f56ede52edfe3634d0f22,1311,4,train,4
4952,1317,58,Peniagone,/home/tahiti/MARINE_DATASETS/FathomNet_FGVC2025/data/rois/1317_4952.png,/home/tahiti/MARINE_DATASETS/FathomNet_FGVC2025/data/images/1317.png,7edc576677588ede33d066d19db50e66d7307470085a4ef8dca02a923824a51b,5a370346401cb93c16608b90df6ecc61355181e634cd89269cf3969f5b8160ad,1317,5,train,5
4954,1318,60,Porifera,/home/tahiti/MARINE_DATASETS/FathomNet_FGVC2025/data/rois/1318_4954.png,/home/tahiti/MARINE_DATASETS/FathomNet_FGVC2025/data/images/1318.png,4d268c7c55f63f3a7421db3a0b73f5749115f75de734003a491cbd9bddecde66,5b7617f169c56f129593ace16789bc58808fde4fed18e12490aa80bf47bda9e4,1318,0,train,0
4986,1330,28,Heterochone calyx,/home/tahiti/MARINE_DATASETS/FathomNet_FGVC2025/data/rois/1330_4986.png,/home/tahiti/MARINE_DATASETS/FathomNet_FGVC2025/data/images/1330.png,96aaafc9b3b2e3e5a759f212d0e7d3834dc53e0f708e5b051d674c0399b52c64,0093c954e2749cf7a29b4ea15a10f76a4f4e9c0064f16c80ccc7e44cd0f5217e,1330,0,train,0
4998,1330,60,Porifera,/home/tahiti/MARINE_DATASETS/FathomNet_FGVC2025/data/rois/1330_4998.png,/home/tahiti/MARINE_DATASETS/FathomNet_FGVC2025/data/images/1330.png,f02f54043e6dfe04fda56913857c8e4d76faa6245d851512310b8fe5c83de974,0093c954e2749cf7a29b4ea15a10f76a4f4e9c0064f16c80ccc7e44cd0f5217e,1330,0,train,0
5003,1330,60,Porifera,/home/tahiti/MARINE_DATASETS/FathomNet_FGVC2025/data/rois/1330_5003.png,/home/tahiti/MARINE_DATASETS/FathomNet_FGVC2025/data/images/1330.png,af8651c679fc381ab1731ebd0edc7fc34bd111dbdd6bcef00158f21ca7aa90fa,0093c954e2749cf7a29b4ea15a10f76a4f4e9c0064f16c80ccc7e44cd0f5217e,1330,0,train,0
5020,1330,22,Farrea,/home/tahiti/MARINE_DATASETS/FathomNet_FGVC2025/data/rois/1330_5020.png,/home/tahiti/MARINE_DATASETS/FathomNet_FGVC2025/data/images/1330.png,ebcfe72754515b9dd2c2fc5b9f42b39d47601f89f5a8064df234ef95bf73b59f,0093c954e2749cf7a29b4ea15a10f76a4f4e9c0064f16c80ccc7e44cd0f5217e,1330,0,train,0
5027,1333,25,Gastropoda,/home/tahiti/MARINE_DATASETS/FathomNet_FGVC2025/data/rois/1333_5027.png,/home/tahiti/MARINE_DATASETS/FathomNet_FGVC2025/data/images/1333.png,acb923d4d20e646883ccb079c824d8bc65a72daf00c7ec8fcd42c93126a9f421,e5d3868198084f0ffd7f756971173ce453bdd1cb7987f4512c541cb84eba229f,1333,5,train,5
5031,1336,58,Peniagone,/home/tahiti/MARINE_DATASETS/FathomNet_FGVC2025/data/rois/1336_5031.png,/home/tahiti/MARINE_DATASETS/FathomNet_FGVC2025/data/images/1336.png,d67efa46ac1ea38dbb0bbbde81f568ce2f0538919a46932f7cd11e76ade92df7,9a5e60c6a3ba57b535d613f209ca5987a8d75d7f36b2d2f7b71f0e8c386f3c1d,1336,1,train,1
5042,1342,26,Gersemia juliepackardae,/home/tahiti/MARINE_DATASETS/FathomNet_FGVC2025/data/rois/1342_5042.png,/home/tahiti/MARINE_DATASETS/FathomNet_FGVC2025/data/images/1342.png,a9b1e5d35895d0d86a698659958222f21e289a93d96a0fabe754d10bd33a64df,a4d1fea890e0085901662ff2627d3d1507d1ea5e81ef79a86f627b17ee13e7a3,1342,0,train,0
5060,1346,45,Munnopsidae,/home/tahiti/MARINE_DATASETS/FathomNet_FGVC2025/data/rois/1346_5060.png,/home/tahiti/MARINE_DATASETS/FathomNet_FGVC2025/data/images/1346.png,bfb355172ca02e5e9e3835954f51e9d5611dbcec5ecd135b454f0d888ea2ead5,86e4c9dce77fe93cf92361f40b75869295de948fe03757c9bbf1d32891fac398,1346,5,train,5
5065,1351,73,Staurocalyptus,/home/tahiti/MARINE_DATASETS/FathomNet_FGVC2025/data/rois/1351_5065.png,/home/tahiti/MARINE_DATASETS/FathomNet_FGVC2025/data/images/1351.png,a88da790e65c13c9fa266aefac61bac028b383c3f45c0032a185cc4a876cef44,f7ec98faba1c9e1dc65fb85a90aec9b999b70c3bd7174cfb2a34ff6a0e8c0689,1351,5,train,5
5071,1352,41,Merluccius productus,/home/tahiti/MARINE_DATASETS/FathomNet_FGVC2025/data/rois/1352_5071.png,/home/tahiti/MARINE_DATASETS/FathomNet_FGVC2025/data/images/1352.png,90fa1e7386f0d335e4c8d8bbb87c56320f8ae0b93a9a174fdf541f364b4dee60,dc0754bddca1ceb5245aee3c12f18df57cee3ca0bd5c28b7c25549b78d1f6aa5,1352,0,train,0
5087,1358,23,Florometra serratissima,/home/tahiti/MARINE_DATASETS/FathomNet_FGVC2025/data/rois/1358_5087.png,/home/tahiti/MARINE_DATASETS/FathomNet_FGVC2025/data/images/1358.png,73a8e849db2c993022c48716655652d9a53fb19b2a50f59009ca08b400124d82,38fbb1ba702c3c27cb05b59053a40363fc86f0ac260c2c3e647a48b86e27c85a,1358,1,train,1
5101,1365,25,Gastropoda,/home/tahiti/MARINE_DATASETS/FathomNet_FGVC2025/data/rois/1365_5101.png,/home/tahiti/MARINE_DATASETS/FathomNet_FGVC2025/data/images/1365.png,0ab860e5dad3810cf4988004f913d63240a6262b4feaf1f2cc764b5c1d7c8d9e,1de39814d0ffda3cccf17769d697080bcb4778e48255877fa038b03ed5bee024,1365,4,train,4
5112,1367,34,Isidella tentaculum,/home/tahiti/MARINE_DATASETS/FathomNet_FGVC2025/data/rois/1367_5112.png,/home/tahiti/MARINE_DATASETS/FathomNet_FGVC2025/data/images/1367.png,5fcd5270e90e524a0f38aae9bb326d6594c579b3d7e3b387ca22fc49d990e8d5,f9c217cf47232c86884fb2fce18ef66d75067ec5866ee499875622910073f513,1367,4,train,4
5118,1370,65,Rathbunaster californicus,/home/tahiti/MARINE_DATASETS/FathomNet_FGVC2025/data/rois/1370_5118.png,/home/tahiti/MARINE_DATASETS/FathomNet_FGVC2025/data/images/1370.png,6f71a829caddca5d2f87e0c7e96bfc9ff02988077288199d34dae0072fd60404,000cbdb8b0d0f9be4d20f1ec8f82d64f46638bb9c948b9fe65d3f1b78a436d32,1370,5,train,5
5137,1371,16,Chionoecetes tanneri,/home/tahiti/MARINE_DATASETS/FathomNet_FGVC2025/data/rois/1371_5137.png,/home/tahiti/MARINE_DATASETS/FathomNet_FGVC2025/data/images/1371.png,a54f0a47ddd5cf97080417d4380657e58bb07b13d67eb53a387554be3c50b755,ade52a1795681568c22440e43f0829bfdeb1435d766aae859fd6a2aed1889911,1371,1,train,1
5146,1375,50,Paelopatides confundens,/home/tahiti/MARINE_DATASETS/FathomNet_FGVC2025/data/rois/1375_5146.png,/home/tahiti/MARINE_DATASETS/FathomNet_FGVC2025/data/images/1375.png,748ce8c0c6d9623d1ce97c1bf8e3a471ed7dd6894f37645dbc6ab149486ad082,64842b1fc407d573300b82ef250b1268e79915d8506c5a4c939c97d3ccd95c90,1375,2,train,2
5161,1376,57,Parastenella,/home/tahiti/MARINE_DATASETS/FathomNet_FGVC2025/data/rois/1376_5161.png,/home/tahiti/MARINE_DATASETS/FathomNet_FGVC2025/data/images/1376.png,6b61f86bede5cd70a9e7e32486599cdbaf3fe4c6904e9639a54a1f8d0fa82621,d9bb16379f85a586a82ce110bccd85a256ca3c9477116afc5f2e480d0b82c945,1376,0,train,0
5165,1376,16,Chionoecetes tanneri,/home/tahiti/MARINE_DATASETS/FathomNet_FGVC2025/data/rois/1376_5165.png,/home/tahiti/MARINE_DATASETS/FathomNet_FGVC2025/data/images/1376.png,69bacd1a68ec402573c5e9196a488ab8ba2a13939ebd9969eed77ee3a2d558ad,d9bb16379f85a586a82ce110bccd85a256ca3c9477116afc5f2e480d0b82c945,1376,0,train,0
5182,1386,30,Hexactinellida,/home/tahiti/MARINE_DATASETS/FathomNet_FGVC2025/data/rois/1386_5182.png,/home/tahiti/MARINE_DATASETS/FathomNet_FGVC2025/data/images/1386.png,ad702631c96879dcf30b380e5bbbe9c07fb961f02a8a55568b5232e441698fed,4306c9384e4337aef80471330672958f99966399dd22362821dcfbedb12c1559,1386,1,train,1
5197,1386,30,Hexactinellida,/home/tahiti/MARINE_DATASETS/FathomNet_FGVC2025/data/rois/1386_5197.png,/home/tahiti/MARINE_DATASETS/FathomNet_FGVC2025/data/images/1386.png,6a3d68c5719d7e7e55dd8a7c9265b6d84a63836bce89d6120951381659b06024,4306c9384e4337aef80471330672958f99966399dd22362821dcfbedb12c1559,1386,1,train,1
5210,1387,73,Staurocalyptus,/home/tahiti/MARINE_DATASETS/FathomNet_FGVC2025/data/rois/1387_5210.png,/home/tahiti/MARINE_DATASETS/FathomNet_FGVC2025/data/images/1387.png,bc63d7c44630444ebbdf46e4d07f75f8d367aafd55547ae5c2b417beb06d5f81,630629307b22c29188edb21542e928b137d73a8657e85ada81e1380fbaf36b2e,1387,2,train,2
5233,1394,64,Pyrosoma atlanticum,/home/tahiti/MARINE_DATASETS/FathomNet_FGVC2025/data/rois/1394_5233.png,/home/tahiti/MARINE_DATASETS/FathomNet_FGVC2025/data/images/1394.png,e36ed5cdb11035b5587d889e53246942f7710783616890865897e7326b04bf1f,30f2e6178b7a12628231dd383d89bd98d09966851d8380ef9664345b2b0ddfc8,1394,4,train,4
5267,1403,29,Heteropolypus ritteri,/home/tahiti/MARINE_DATASETS/FathomNet_FGVC2025/data/rois/1403_5267.png,/home/tahiti/MARINE_DATASETS/FathomNet_FGVC2025/data/images/1403.png,9fef214e88f5cf0f780b6ba308bca29de158027485bc77b83a26fbefb5cbf064,232b6f5b490914a92443c3b741a5e0ef50c746fb14d4fc4494dc24bd64e08bc1,1403,0,train,0
5301,1418,60,Porifera,/home/tahiti/MARINE_DATASETS/FathomNet_FGVC2025/data/rois/1418_5301.png,/home/tahiti/MARINE_DATASETS/FathomNet_FGVC2025/data/images/1418.png,cdda03b2ae8fc59cff8029bd06d2648a00232d7f6a15ae2f6768ec508ae072f5,d1d25d6e822f4aaec7b71886c7b8d2c79b22d316bbada0fcb2e36e3dd6ca400a,1418,5,train,5
5308,1419,56,Paralomis multispina,/home/tahiti/MARINE_DATASETS/FathomNet_FGVC2025/data/rois/1419_5308.png,/home/tahiti/MARINE_DATASETS/FathomNet_FGVC2025/data/images/1419.png,3eb6df6967170dc78d3ba0a3970665c33d295b41c2144cb91bd9298839576e37,a9042ae760b9c0cbb8bf20d52c5120fa9b3e53852fba6672b7fc69f803e53feb,1419,4,train,4
5311,1419,56,Paralomis multispina,/home/tahiti/MARINE_DATASETS/FathomNet_FGVC2025/data/rois/1419_5311.png,/home/tahiti/MARINE_DATASETS/FathomNet_FGVC2025/data/images/1419.png,5c06911eee2e272e86fc3e5f71e586d9509930474a914a7fa33bd257987124ae,a9042ae760b9c0cbb8bf20d52c5120fa9b3e53852fba6672b7fc69f803e53feb,1419,4,train,4
5360,1432,31,Hippasteria,/home/tahiti/MARINE_DATASETS/FathomNet_FGVC2025/data/rois/1432_5360.png,/home/tahiti/MARINE_DATASETS/FathomNet_FGVC2025/data/images/1432.png,620299e0c55411acf7e726751bf90ab1949c975445a4a6e71c82c22344c486aa,786cb6ebff037ba23be0a3a055a8c8bdfa27d3718752b5d51600ded8ff1a97fd,1432,2,train,2
5369,1437,77,Umbellula,/home/tahiti/MARINE_DATASETS/FathomNet_FGVC2025/data/rois/1437_5369.png,/home/tahiti/MARINE_DATASETS/FathomNet_FGVC2025/data/images/1437.png,1fb26d9d74b889024aec30b90fb102d63ec34fcd8b8f82192a1cc7b1dd06ac95,aecd1baca00dfa55459fe624f8095e46532d8222df862395ef3c0e8f4c53454e,1437,5,train,5
5373,1437,5,Actiniaria,/home/tahiti/MARINE_DATASETS/FathomNet_FGVC2025/data/rois/1437_5373.png,/home/tahiti/MARINE_DATASETS/FathomNet_FGVC2025/data/images/1437.png,5e91d12e5bd6e475f5698ccd742e9697fd2d5ac3f2292b3cc9c3558c1b394c9a,aecd1baca00dfa55459fe624f8095e46532d8222df862395ef3c0e8f4c53454e,1437,5,train,5
5447,1461,71,Sebastolobus,/home/tahiti/MARINE_DATASETS/FathomNet_FGVC2025/data/rois/1461_5447.png,/home/tahiti/MARINE_DATASETS/FathomNet_FGVC2025/data/images/1461.png,c066e238148fbf9f2e4cd8de76316b9133eb582ad0b15c389390daae36405445,d8c32113a9ee68b26f60f6d13fad837de6f87d5fe0af347847c007bd772ed884,1461,5,train,5
5486,1477,75,Terebellidae,/home/tahiti/MARINE_DATASETS/FathomNet_FGVC2025/data/rois/1477_5486.png,/home/tahiti/MARINE_DATASETS/FathomNet_FGVC2025/data/images/1477.png,e9a37b5bb4700fcc73da455b2ff3092b02ce069f9b763f39e59bf18c01c39d7b,a841daf70411203b865fe56e987d8f4bc5fe9b65838b776ddef9afd9c9231037,1477,4,train,4
5488,1479,71,Sebastolobus,/home/tahiti/MARINE_DATASETS/FathomNet_FGVC2025/data/rois/1479_5488.png,/home/tahiti/MARINE_DATASETS/FathomNet_FGVC2025/data/images/1479.png,92a262545b91cede659ea88ba135bbded8e22f6d41bb387cf3be23317f11ad88,fcfbc1e4f0d1f29dd7d361321433ca1d9b31d1444bb42f172a0476f45c3f4458,1479,4,train,4
5491,1479,43,Microstomus pacificus,/home/tahiti/MARINE_DATASETS/FathomNet_FGVC2025/data/rois/1479_5491.png,/home/tahiti/MARINE_DATASETS/FathomNet_FGVC2025/data/images/1479.png,f7827c05b0407ea69cf06853fb3b5090109f8fd852a9183213f11d9ea6e96a0c,fcfbc1e4f0d1f29dd7d361321433ca1d9b31d1444bb42f172a0476f45c3f4458,1479,4,train,4
5511,1486,22,Farrea,/home/tahiti/MARINE_DATASETS/FathomNet_FGVC2025/data/rois/1486_5511.png,/home/tahiti/MARINE_DATASETS/FathomNet_FGVC2025/data/images/1486.png,4727de64cc629c734cb52496daf3cc4a6c26cc8041233baf9ee50f0c98c6b486,9b5fb81da457d88efd1e6081f0029ba59aed46f85d456f41966c867e6b315d21,1486,2,train,2
5514,1486,22,Farrea,/home/tahiti/MARINE_DATASETS/FathomNet_FGVC2025/data/rois/1486_5514.png,/home/tahiti/MARINE_DATASETS/FathomNet_FGVC2025/data/images/1486.png,0375083aec2aa3d8cc967e9267821fc7af639d56b0dee5be0a5dd364e60d5e1f,9b5fb81da457d88efd1e6081f0029ba59aed46f85d456f41966c867e6b315d21,1486,2,train,2
5516,1488,43,Microstomus pacificus,/home/tahiti/MARINE_DATASETS/FathomNet_FGVC2025/data/rois/1488_5516.png,/home/tahiti/MARINE_DATASETS/FathomNet_FGVC2025/data/images/1488.png,210895bb6da14fbc18ec6291319db88ced1cf9e6cfe0f92ab3fc7795566e30ec,c7f445f9b222dffc7af8d223babf1669ae558acec845d4b5bb847f4c2c382cf2,1488,5,train,5
5520,1488,69,Sebastes,/home/tahiti/MARINE_DATASETS/FathomNet_FGVC2025/data/rois/1488_5520.png,/home/tahiti/MARINE_DATASETS/FathomNet_FGVC2025/data/images/1488.png,9c7049f03395c8576aeb817dc75082cfe7814eaf04d204b84748078ee79323d6,c7f445f9b222dffc7af8d223babf1669ae558acec845d4b5bb847f4c2c382cf2,1488,5,train,5
5566,1506,47,Octopus rubescens,/home/tahiti/MARINE_DATASETS/FathomNet_FGVC2025/data/rois/1506_5566.png,/home/tahiti/MARINE_DATASETS/FathomNet_FGVC2025/data/images/1506.png,49f23e19cbe0296c3e75e9c7a4169f87253ebcd46bd63e0c98a99c012ec49817,90339f5206738cdb55040b8ea5ff0dada0c8df3c3bb96d05f28fbfd5bf0be838,1506,4,train,4
5580,1512,31,Hippasteria,/home/tahiti/MARINE_DATASETS/FathomNet_FGVC2025/data/rois/1512_5580.png,/home/tahiti/MARINE_DATASETS/FathomNet_FGVC2025/data/images/1512.png,62dee83749c0a5eeda578339ee506bed6b4376f4a6bb96f8d61c89abe81b2fa7,3c3a9135440ce254c846cfd958f3c768ee2ede828f4339d7e387d17035b416c3,1512,1,train,1
5598,1516,42,Metridium farcimen,/home/tahiti/MARINE_DATASETS/FathomNet_FGVC2025/data/rois/1516_5598.png,/home/tahiti/MARINE_DATASETS/FathomNet_FGVC2025/data/images/1516.png,bc1e4bd3769ec06e17421eda5a51a7dc6cb8e12f77a440c7247111aaede30fa4,4fd4793da933e63955d4b51d94659546bfc03d13ba7524109ad13c0afa155aef,1516,2,train,2
5601,1518,44,Munidopsis,/home/tahiti/MARINE_DATASETS/FathomNet_FGVC2025/data/rois/1518_5601.png,/home/tahiti/MARINE_DATASETS/FathomNet_FGVC2025/data/images/1518.png,e61b58cedc2347e5a4cb9ca8ede4353ab747f2184aee4b611e78547ae06b12ec,5e59c57bb0f400fb85ce5822805cbf02192b6f8618b98922fdcc2fba7ed0a3c0,1518,4,train,4
5610,1523,15,Ceriantharia,/home/tahiti/MARINE_DATASETS/FathomNet_FGVC2025/data/rois/1523_5610.png,/home/tahiti/MARINE_DATASETS/FathomNet_FGVC2025/data/images/1523.png,7605cd53882c4b9151abf5036b4e629f4ae3a0a46ded0a58cfbd52a7bf1df966,12824d475ea5a77bcba60bcf509bd395c4376e9e15d06a9344a8091f1e809019,1523,5,train,5
5613,1524,7,Amphipoda,/home/tahiti/MARINE_DATASETS/FathomNet_FGVC2025/data/rois/1524_5613.png,/home/tahiti/MARINE_DATASETS/FathomNet_FGVC2025/data/images/1524.png,984e794212273d80221d85b53dbbafb1609ef86b18cbc8ca7cde8272f7e7e4bb,852c237a002f2ffce646a9386577defde44ea980043a529081f78a0e13e6d09d,1524,2,train,2
5617,1524,7,Amphipoda,/home/tahiti/MARINE_DATASETS/FathomNet_FGVC2025/data/rois/1524_5617.png,/home/tahiti/MARINE_DATASETS/FathomNet_FGVC2025/data/images/1524.png,cef762f541706a5a4d913b66e98c7dd9eb83ed9c76cd2ed288638755edff2f21,852c237a002f2ffce646a9386577defde44ea980043a529081f78a0e13e6d09d,1524,2,train,2
5618,1524,7,Amphipoda,/home/tahiti/MARINE_DATASETS/FathomNet_FGVC2025/data/rois/1524_5618.png,/home/tahiti/MARINE_DATASETS/FathomNet_FGVC2025/data/images/1524.png,bb7e321388958c618cf05b381c14150e180583ec58db6a5b9e333b8042fd029f,852c237a002f2ffce646a9386577defde44ea980043a529081f78a0e13e6d09d,1524,2,train,2
5623,1524,7,Amphipoda,/home/tahiti/MARINE_DATASETS/FathomNet_FGVC2025/data/rois/1524_5623.png,/home/tahiti/MARINE_DATASETS/FathomNet_FGVC2025/data/images/1524.png,731af5aab86fc2841870551856d07bdd460d9a016ec6b22936b012a393c5d580,852c237a002f2ffce646a9386577defde44ea980043a529081f78a0e13e6d09d,1524,2,train,2
5640,1526,42,Metridium farcimen,/home/tahiti/MARINE_DATASETS/FathomNet_FGVC2025/data/rois/1526_5640.png,/home/tahiti/MARINE_DATASETS/FathomNet_FGVC2025/data/images/1526.png,970054e966c0129349541e82a8638a79da4314bee84bd3b1ade3bb9220b53fde,371fec7138d48fbd11474011a16d4ec167d7ad1ffe3dd95192a41549a1e12a5a,1526,4,train,4
5642,1527,58,Peniagone,/home/tahiti/MARINE_DATASETS/FathomNet_FGVC2025/data/rois/1527_5642.png,/home/tahiti/MARINE_DATASETS/FathomNet_FGVC2025/data/images/1527.png,d20679691edd7afe1d6c4e41400c3a171807221044d00841b8257868a575ebed,61271c5bf18d81f53dc56c61aaa4a5d77606e24a058c75b386307d79f45171f8,1527,0,train,0
5696,1539,36,Isosicyonis,/home/tahiti/MARINE_DATASETS/FathomNet_FGVC2025/data/rois/1539_5696.png,/home/tahiti/MARINE_DATASETS/FathomNet_FGVC2025/data/images/1539.png,60265afb09154fff802afca8ea447759e8c5ccbc531067db5cef4152af285459,c9c61cafa9a5ac429a7d279f28411e3f127134577620a307c48a90285c312188,1539,0,train,0
5702,1543,39,Lithodidae,/home/tahiti/MARINE_DATASETS/FathomNet_FGVC2025/data/rois/1543_5702.png,/home/tahiti/MARINE_DATASETS/FathomNet_FGVC2025/data/images/1543.png,a019972c9f0fb5e29a6464b4ab80ed59b0f4d6b2fb16de38fbddc47fd425d691,08a75628c19dcb4edbc1bfc7b687b2a5cc3acc7d2d519adb02b2822bafdd579b,1543,1,train,1
5708,1546,73,Staurocalyptus,/home/tahiti/MARINE_DATASETS/FathomNet_FGVC2025/data/rois/1546_5708.png,/home/tahiti/MARINE_DATASETS/FathomNet_FGVC2025/data/images/1546.png,5f5a52b89b5ee2e194b74f3673879fa2d7f356fa3b3930ecd43c5f7853af9165,07d3a7739f74a28ab1add04de1f0861cb3f3cea225c1a73bdd83627a08c7402e,1546,4,train,4
5715,1546,28,Heterochone calyx,/home/tahiti/MARINE_DATASETS/FathomNet_FGVC2025/data/rois/1546_5715.png,/home/tahiti/MARINE_DATASETS/FathomNet_FGVC2025/data/images/1546.png,ce6eeb80dc05f485b6c19abcc48f63b8a1881a09944dc0b56f4d8f17a99b9bb2,07d3a7739f74a28ab1add04de1f0861cb3f3cea225c1a73bdd83627a08c7402e,1546,4,train,4
5725,1552,47,Octopus rubescens,/home/tahiti/MARINE_DATASETS/FathomNet_FGVC2025/data/rois/1552_5725.png,/home/tahiti/MARINE_DATASETS/FathomNet_FGVC2025/data/images/1552.png,860b1d10a83367074954e4de19082250b2dce0b9d660a5ebd69eb4884ff2cee1,4559f6995c71ccde4997a7c743cdb0b6227d7582c498faba1474aa994ae623c9,1552,1,train,1
5729,1553,53,Pannychia moseleyi,/home/tahiti/MARINE_DATASETS/FathomNet_FGVC2025/data/rois/1553_5729.png,/home/tahiti/MARINE_DATASETS/FathomNet_FGVC2025/data/images/1553.png,ffe9542905364b80af1db8f3119da65a13d4d26aeef9d9fb124fb96711d7be17,255966f28ef70eb8340bc5c80d6e90f9131b6bf435761a76b82e1a51376b0dfd,1553,0,train,0
5749,1565,65,Rathbunaster californicus,/home/tahiti/MARINE_DATASETS/FathomNet_FGVC2025/data/rois/1565_5749.png,/home/tahiti/MARINE_DATASETS/FathomNet_FGVC2025/data/images/1565.png,eebc03cb7293ed5458827d7db10813b5029e9a672276691dc01dfd9f670a2c39,cc6b2cbac607c19cb9de53c849e8786bd1c9edfc1052d2fde188010a58b0717e,1565,0,train,0
5750,1565,65,Rathbunaster californicus,/home/tahiti/MARINE_DATASETS/FathomNet_FGVC2025/data/rois/1565_5750.png,/home/tahiti/MARINE_DATASETS/FathomNet_FGVC2025/data/images/1565.png,cafa0b83f0b8a99c2bfb4a15a78c6c874d60f8424938d7fe2c086f8169afb59b,cc6b2cbac607c19cb9de53c849e8786bd1c9edfc1052d2fde188010a58b0717e,1565,0,train,0
5761,1569,67,Scotoplanes,/home/tahiti/MARINE_DATASETS/FathomNet_FGVC2025/data/rois/1569_5761.png,/home/tahiti/MARINE_DATASETS/FathomNet_FGVC2025/data/images/1569.png,4847a8d98ab3c2fc6de8d09d226c884b1394fa49a0ae68cf67e22f4383cc8167,faae489c561139589ec8bf441fa30a39312c77a34ebcd09b251d46c2d4829955,1569,0,train,0
5777,1576,28,Heterochone calyx,/home/tahiti/MARINE_DATASETS/FathomNet_FGVC2025/data/rois/1576_5777.png,/home/tahiti/MARINE_DATASETS/FathomNet_FGVC2025/data/images/1576.png,749168999269b781d9d4616f5a716c42f2ba78197cdc96dd12438f60eb65aac6,e93e01f5e92cfa6d87851ba6a4c2fdcbea0351d66a7dc6e4338cbf77b692c114,1576,4,train,4
5797,1583,41,Merluccius productus,/home/tahiti/MARINE_DATASETS/FathomNet_FGVC2025/data/rois/1583_5797.png,/home/tahiti/MARINE_DATASETS/FathomNet_FGVC2025/data/images/1583.png,3aa6f7dd0f48e2a66e121639b87a8423fa0d57d7f0a97f77f6e093d0be260d3e,72896795af26b9b3f9820510df09b96b187eb6242608a17ef9ce3ecccd40f745,1583,0,train,0
5817,1587,60,Porifera,/home/tahiti/MARINE_DATASETS/FathomNet_FGVC2025/data/rois/1587_5817.png,/home/tahiti/MARINE_DATASETS/FathomNet_FGVC2025/data/images/1587.png,b35566a0a744c89468863204a910169593828da45f0ec5a53337c5a151471a1a,430aea3e0a005520943a808c23c94bb3da7092367053e0d443039a526b20bd2e,1587,0,train,0
5819,1587,60,Porifera,/home/tahiti/MARINE_DATASETS/FathomNet_FGVC2025/data/rois/1587_5819.png,/home/tahiti/MARINE_DATASETS/FathomNet_FGVC2025/data/images/1587.png,12339707cc58a2534dc28c6491b6453fe2f049c0ea8afb1ae565244ce58692b0,430aea3e0a005520943a808c23c94bb3da7092367053e0d443039a526b20bd2e,1587,0,train,0
5821,1588,21,Elpidia,/home/tahiti/MARINE_DATASETS/FathomNet_FGVC2025/data/rois/1588_5821.png,/home/tahiti/MARINE_DATASETS/FathomNet_FGVC2025/data/images/1588.png,47a7172df0811db4eef586aa2ae5573b0fbb37b12c8b70077fba28796c2222d2,2f83e2a74291ae4094db590bc9b7d3abae000b6e47ddb7cb753e0761f2d514d2,1588,4,train,4
5858,1594,5,Actiniaria,/home/tahiti/MARINE_DATASETS/FathomNet_FGVC2025/data/rois/1594_5858.png,/home/tahiti/MARINE_DATASETS/FathomNet_FGVC2025/data/images/1594.png,fd0a11ed080c1568eaba37315b38d57a1d0a9816e4757ea7fe38c3a71ab3e027,4958382dcd37cae7e31d29f5d630d87e2cd3b23ecd513ea55195b10c76b701ea,1594,2,train,2
5866,1595,36,Isosicyonis,/home/tahiti/MARINE_DATASETS/FathomNet_FGVC2025/data/rois/1595_5866.png,/home/tahiti/MARINE_DATASETS/FathomNet_FGVC2025/data/images/1595.png,4723238e82cb9488dcac900d7ec755bdcd664790c96755b7d6eb26e1994a6027,f9effc1114fe6fcb640042501b3d5de70bdc0516d7bc658b02eed301c531fa7a,1595,4,train,4
5873,1596,69,Sebastes,/home/tahiti/MARINE_DATASETS/FathomNet_FGVC2025/data/rois/1596_5873.png,/home/tahiti/MARINE_DATASETS/FathomNet_FGVC2025/data/images/1596.png,9f237ffa9a6b4ade0f8786679e629fbb7ae8df95604f41989e5391e071296de0,1bf8820075f05eb2f699d543983cde8a5742773e68237972956b18e53536963c,1596,4,train,4
5874,1596,69,Sebastes,/home/tahiti/MARINE_DATASETS/FathomNet_FGVC2025/data/rois/1596_5874.png,/home/tahiti/MARINE_DATASETS/FathomNet_FGVC2025/data/images/1596.png,2c1b0f524f6c8d73adcd36cc99530d0c36af5cf3464c200ad2d3890fe8ee1169,1bf8820075f05eb2f699d543983cde8a5742773e68237972956b18e53536963c,1596,4,train,4
5882,1596,5,Actiniaria,/home/tahiti/MARINE_DATASETS/FathomNet_FGVC2025/data/rois/1596_5882.png,/home/tahiti/MARINE_DATASETS/FathomNet_FGVC2025/data/images/1596.png,a6418260ed02e0c852480a075c77eadf91fca3f39cbfc3fb9891022f1c6a5154,1bf8820075f05eb2f699d543983cde8a5742773e68237972956b18e53536963c,1596,4,train,4
5911,1611,73,Staurocalyptus,/home/tahiti/MARINE_DATASETS/FathomNet_FGVC2025/data/rois/1611_5911.png,/home/tahiti/MARINE_DATASETS/FathomNet_FGVC2025/data/images/1611.png,93ee30343883eed81b53ced57e8bb1455d7fa4e6c6cfe377dbabbf8049ef05e7,adab2aba0cfaa2f49704a69d22c3305718c61496e559ea53649d1a220ce2fba6,1611,2,train,2
5919,1613,67,Scotoplanes,/home/tahiti/MARINE_DATASETS/FathomNet_FGVC2025/data/rois/1613_5919.png,/home/tahiti/MARINE_DATASETS/FathomNet_FGVC2025/data/images/1613.png,021c4af6349f3f7ebec633a21ca879e554275ceffb484105c824ae10cae6d714,1b4247067ed361aaf2215d1985b3750d0d382525cba9493b2f7186bbe50e8f48,1613,5,train,5
5942,1620,47,Octopus rubescens,/home/tahiti/MARINE_DATASETS/FathomNet_FGVC2025/data/rois/1620_5942.png,/home/tahiti/MARINE_DATASETS/FathomNet_FGVC2025/data/images/1620.png,c92123944d1693329cdff41397d8d9dc064657366e96506201a75561f833765a,3c429ac4cc6fab1169a82d50893c089cd59d40f2e443731f1c574aa0158348f9,1620,2,train,2
5944,1620,47,Octopus rubescens,/home/tahiti/MARINE_DATASETS/FathomNet_FGVC2025/data/rois/1620_5944.png,/home/tahiti/MARINE_DATASETS/FathomNet_FGVC2025/data/images/1620.png,a82e2eb57b9d8e5005de5d9fe35da8161d6b4136a0d840a2b2a382f419e31283,3c429ac4cc6fab1169a82d50893c089cd59d40f2e443731f1c574aa0158348f9,1620,2,train,2
5947,1620,47,Octopus rubescens,/home/tahiti/MARINE_DATASETS/FathomNet_FGVC2025/data/rois/1620_5947.png,/home/tahiti/MARINE_DATASETS/FathomNet_FGVC2025/data/images/1620.png,83a78a4822e184ce51c311ffcefe8471ace9251b586cc8bc69af89c64aa1a2a6,3c429ac4cc6fab1169a82d50893c089cd59d40f2e443731f1c574aa0158348f9,1620,2,train,2
5952,1620,47,Octopus rubescens,/home/tahiti/MARINE_DATASETS/FathomNet_FGVC2025/data/rois/1620_5952.png,/home/tahiti/MARINE_DATASETS/FathomNet_FGVC2025/data/images/1620.png,54da93f1a76cd347c07c4cfed5dc3099f5f9f859f19cb8df4664ae771e58ac1b,3c429ac4cc6fab1169a82d50893c089cd59d40f2e443731f1c574aa0158348f9,1620,2,train,2
5972,1624,58,Peniagone,/home/tahiti/MARINE_DATASETS/FathomNet_FGVC2025/data/rois/1624_5972.png,/home/tahiti/MARINE_DATASETS/FathomNet_FGVC2025/data/images/1624.png,f8b2a02a9ec482396bacf3102f14c0a4387aa5d2030b60fdd13c1d8ff35d56c4,dcbfe03d9a416cecdc5fad7ba20114863920ecc32227e05708c4ee5418ad55b2,1624,5,train,5
5975,1627,73,Staurocalyptus,/home/tahiti/MARINE_DATASETS/FathomNet_FGVC2025/data/rois/1627_5975.png,/home/tahiti/MARINE_DATASETS/FathomNet_FGVC2025/data/images/1627.png,9de1ea2f70fcc367aac01887b2cd222119ba6b2bfde3a54721ba02f6f6d2b536,e4b05c4e15e082519566763b1536041b1e3db9fe28dbce90dab86971db0b073b,1627,2,train,2
5978,1630,37,Keratoisis,/home/tahiti/MARINE_DATASETS/FathomNet_FGVC2025/data/rois/1630_5978.png,/home/tahiti/MARINE_DATASETS/FathomNet_FGVC2025/data/images/1630.png,fb051f40a40edb5b3878bd212fc73f10e91346386ec57c460b64ee875ec875ae,723e8a08cd573e1b3f106697e545a6778889d15aac6a471a3499077f8fa0e967,1630,4,train,4
5980,1631,73,Staurocalyptus,/home/tahiti/MARINE_DATASETS/FathomNet_FGVC2025/data/rois/1631_5980.png,/home/tahiti/MARINE_DATASETS/FathomNet_FGVC2025/data/images/1631.png,27c18d71c6bfb36db573bac7d2f71ff6bcce0a965a72bfb9b1485233b1b48b65,1b50784e678378358b18ddeea1a84e1a1aa1f988f2cc3395f334df05c6c4bcf2,1631,0,train,0
5993,1631,71,Sebastolobus,/home/tahiti/MARINE_DATASETS/FathomNet_FGVC2025/data/rois/1631_5993.png,/home/tahiti/MARINE_DATASETS/FathomNet_FGVC2025/data/images/1631.png,0623d82ba7a17756d3bd4b72ced4010a52deee7ad35a54afb92b99ef5eed78ed,1b50784e678378358b18ddeea1a84e1a1aa1f988f2cc3395f334df05c6c4bcf2,1631,0,train,0
5999,1632,11,Asteroidea,/home/tahiti/MARINE_DATASETS/FathomNet_FGVC2025/data/rois/1632_5999.png,/home/tahiti/MARINE_DATASETS/FathomNet_FGVC2025/data/images/1632.png,321870d7c1738a4ab0cd0252f6fb44e20f3d416739194440d852488d5fdd2a48,740251feea84a02e6cdfafd64fe136b6c220462096271288c0fbbe3ae51c04f9,1632,1,train,1
6003,1636,29,Heteropolypus ritteri,/home/tahiti/MARINE_DATASETS/FathomNet_FGVC2025/data/rois/1636_6003.png,/home/tahiti/MARINE_DATASETS/FathomNet_FGVC2025/data/images/1636.png,8d50fa270406113a1df7345a71f180a6e06fa0de99e34cf55eba81753e274b65,978be9eeaf7fc60e70314b08e882f32a04135a3466cb582e541b5f4ab39cd06f,1636,0,train,0
6021,1641,38,Liponema brevicorne,/home/tahiti/MARINE_DATASETS/FathomNet_FGVC2025/data/rois/1641_6021.png,/home/tahiti/MARINE_DATASETS/FathomNet_FGVC2025/data/images/1641.png,4fabb7d1efcdde387dd371658a65952a9e41a371bf52a96e544970264b537a56,43644bdff2716bb8ea03107f4c33012af0101987ba221ef41713138916d2525b,1641,4,train,4
6044,1645,16,Chionoecetes tanneri,/home/tahiti/MARINE_DATASETS/FathomNet_FGVC2025/data/rois/1645_6044.png,/home/tahiti/MARINE_DATASETS/FathomNet_FGVC2025/data/images/1645.png,84d5fd51ebab45fe9a6bccfd1afb48368c55adb7ecdd1bdc62401f82d4ba95f2,3e4ecdf3caa35fcc2815b5c99d85e16bc8475d4d4bf10ba1a23b03e5fbc1e65e,1645,4,train,4
6048,1647,31,Hippasteria,/home/tahiti/MARINE_DATASETS/FathomNet_FGVC2025/data/rois/1647_6048.png,/home/tahiti/MARINE_DATASETS/FathomNet_FGVC2025/data/images/1647.png,ab674f7a5646d01b0f8dfd65770de0da2dac95ef0e40ea613deb85c461b912e8,c742c0381d235618d7f7d58a5f827774a851a4ecf8949b87c01130b08773839a,1647,4,train,4
6097,1667,62,Psolus squamatus,/home/tahiti/MARINE_DATASETS/FathomNet_FGVC2025/data/rois/1667_6097.png,/home/tahiti/MARINE_DATASETS/FathomNet_FGVC2025/data/images/1667.png,7d53d544c9255986149784072aa4837a3c888394ebd04fe8a302fc074ef79ca0,67ec6f6b449d35587c8dc472af65404b517813e6d8c0df881a1ef04759036219,1667,0,train,0
6101,1667,16,Chionoecetes tanneri,/home/tahiti/MARINE_DATASETS/FathomNet_FGVC2025/data/rois/1667_6101.png,/home/tahiti/MARINE_DATASETS/FathomNet_FGVC2025/data/images/1667.png,049d0f8dd59dff8c741bc1b9b8418bb7c5278c0c4fc55e0054f3612d311d88c8,67ec6f6b449d35587c8dc472af65404b517813e6d8c0df881a1ef04759036219,1667,0,train,0
6114,1673,32,Holothuroidea,/home/tahiti/MARINE_DATASETS/FathomNet_FGVC2025/data/rois/1673_6114.png,/home/tahiti/MARINE_DATASETS/FathomNet_FGVC2025/data/images/1673.png,286ac7691497ee45e4ffb22a2669d784118ab8a277bbbae9688b17c0408b0299,ed812f92427499c62eb1ed031dadb265253037c92bd912bf5f411a787f7db45f,1673,4,train,4
6137,1686,17,Chorilia longipes,/home/tahiti/MARINE_DATASETS/FathomNet_FGVC2025/data/rois/1686_6137.png,/home/tahiti/MARINE_DATASETS/FathomNet_FGVC2025/data/images/1686.png,94faa2e660d2e8fdd6c14b8e80b6fe2e793ce3c4bbfe5246a20c80a2cfd1003f,df75dc3d9886d6b9c32bb1ab89419cba72ac17035d3ddf13c8979fa092f446c4,1686,2,train,2
6156,1700,58,Peniagone,/home/tahiti/MARINE_DATASETS/FathomNet_FGVC2025/data/rois/1700_6156.png,/home/tahiti/MARINE_DATASETS/FathomNet_FGVC2025/data/images/1700.png,758c69e8e521030930e989395a45dbd07d28b30f5249974f25688a4ea407209a,c1dca3b2bcd9d2efddd1d1d949e08b0faa95c8546b2beac3a0b9bf75e4aaaf6e,1700,0,train,0
6171,1705,53,Pannychia moseleyi,/home/tahiti/MARINE_DATASETS/FathomNet_FGVC2025/data/rois/1705_6171.png,/home/tahiti/MARINE_DATASETS/FathomNet_FGVC2025/data/images/1705.png,d23f429905b1f5bce0f64c92fc393af5d069eaba25443e70987d37ca4c5d3b3b,ab9b6102e50adc9c8cd3cde2c9fbd6744f5af67e32265d1cf5fb8e5b48dca3f2,1705,0,train,0
6196,1719,16,Chionoecetes tanneri,/home/tahiti/MARINE_DATASETS/FathomNet_FGVC2025/data/rois/1719_6196.png,/home/tahiti/MARINE_DATASETS/FathomNet_FGVC2025/data/images/1719.png,8f1e1d5930641bf6dae328e2ab1c2ae11713540ee9c5268e92c04f8e8329b82f,a24fbfac05b4704e0ebc72e391ddfabfada4758b0a563f3dde8f4450cabb0759,1719,1,train,1
6201,1723,21,Elpidia,/home/tahiti/MARINE_DATASETS/FathomNet_FGVC2025/data/rois/1723_6201.png,/home/tahiti/MARINE_DATASETS/FathomNet_FGVC2025/data/images/1723.png,0d938c6bab894f80a61e9baa8654f4c56777d66a4486ff73d930e025fa9a0b20,2fb8c9c1ac4bf9787a511588a8ae461916828c25d8ac4e9dc4744ba048b886c2,1723,0,train,0
6202,1724,1,Abyssocucumis abyssorum,/home/tahiti/MARINE_DATASETS/FathomNet_FGVC2025/data/rois/1724_6202.png,/home/tahiti/MARINE_DATASETS/FathomNet_FGVC2025/data/images/1724.png,9a0facf0f4b2cb1ebac54eea6b84c9aeb7bfb3350653244988faf83195431e51,b8742de2fc05fa2acfac2789ffc41feb851e807bfd3b41a556d17c995aa72fca,1724,2,train,2
6206,1727,19,Crinoidea,/home/tahiti/MARINE_DATASETS/FathomNet_FGVC2025/data/rois/1727_6206.png,/home/tahiti/MARINE_DATASETS/FathomNet_FGVC2025/data/images/1727.png,54818d8788c05b369aa74831fe365a326d726bed99a5f7f5d22df40802d8e226,82aadefdf8ddd1db67f27f1ce959b41b699d66aaea155b4087099a8c98143eaf,1727,5,train,5
6211,1732,43,Microstomus pacificus,/home/tahiti/MARINE_DATASETS/FathomNet_FGVC2025/data/rois/1732_6211.png,/home/tahiti/MARINE_DATASETS/FathomNet_FGVC2025/data/images/1732.png,b193b1d350b77dd075573acd021896da1a758ec704426f837aacfec8863cf55d,a3fd9f71a5a8a6a01b48db4346903f6bd68b8f3f434adda2ce13eb29aa8fcf0f,1732,1,train,1
6216,1734,40,Mediaster aequalis,/home/tahiti/MARINE_DATASETS/FathomNet_FGVC2025/data/rois/1734_6216.png,/home/tahiti/MARINE_DATASETS/FathomNet_FGVC2025/data/images/1734.png,240412a6b3f935f15af43dad4c83f68cd28f7894e58591368b1bd5046865eaec,c3bcb888f25fdf4995a1f1e6d7dd88c5fe55f1c01bb36f34076ec2db7780ecd5,1734,0,train,0
6243,1741,65,Rathbunaster californicus,/home/tahiti/MARINE_DATASETS/FathomNet_FGVC2025/data/rois/1741_6243.png,/home/tahiti/MARINE_DATASETS/FathomNet_FGVC2025/data/images/1741.png,f72e02b0418cfdd1029cd8c339869fee8154203f01409a84364a39e281820df1,ea7723121a8983549a52e399fd8fc3cedd9e9907170b837906238412007bd0ac,1741,5,train,5
6245,1741,70,Sebastes diploproa,/home/tahiti/MARINE_DATASETS/FathomNet_FGVC2025/data/rois/1741_6245.png,/home/tahiti/MARINE_DATASETS/FathomNet_FGVC2025/data/images/1741.png,e0d01ad3faa2f2787836db98c6dd5802f1e6b334e42a6247014b708a501f0f4b,ea7723121a8983549a52e399fd8fc3cedd9e9907170b837906238412007bd0ac,1741,5,train,5
6250,1741,65,Rathbunaster californicus,/home/tahiti/MARINE_DATASETS/FathomNet_FGVC2025/data/rois/1741_6250.png,/home/tahiti/MARINE_DATASETS/FathomNet_FGVC2025/data/images/1741.png,d6e6a5237f408a7e519b215b6b8e101597fe990bf0565a6b64803081d41f3e65,ea7723121a8983549a52e399fd8fc3cedd9e9907170b837906238412007bd0ac,1741,5,train,5
6265,1741,11,Asteroidea,/home/tahiti/MARINE_DATASETS/FathomNet_FGVC2025/data/rois/1741_6265.png,/home/tahiti/MARINE_DATASETS/FathomNet_FGVC2025/data/images/1741.png,28d533d65bfbb8701d816e11320047ecbfe6c8be0f5193cbc78a405f38cc9907,ea7723121a8983549a52e399fd8fc3cedd9e9907170b837906238412007bd0ac,1741,5,train,5
6266,1741,65,Rathbunaster californicus,/home/tahiti/MARINE_DATASETS/FathomNet_FGVC2025/data/rois/1741_6266.png,/home/tahiti/MARINE_DATASETS/FathomNet_FGVC2025/data/images/1741.png,13335581d8d58d7381927d1c1d4ceeec244844a874e95a4b15b8c4be63fe6302,ea7723121a8983549a52e399fd8fc3cedd9e9907170b837906238412007bd0ac,1741,5,train,5
6357,1761,41,Merluccius productus,/home/tahiti/MARINE_DATASETS/FathomNet_FGVC2025/data/rois/1761_6357.png,/home/tahiti/MARINE_DATASETS/FathomNet_FGVC2025/data/images/1761.png,d036283e8b7d8220b66eb3021e036fdafada97717e393ed854172d76f336fb98,0c5c5c9a8c47165724f694ddd58f2699df022a531ad5465c402fb756d31abe9f,1761,2,train,2
6364,1766,6,Actinopterygii,/home/tahiti/MARINE_DATASETS/FathomNet_FGVC2025/data/rois/1766_6364.png,/home/tahiti/MARINE_DATASETS/FathomNet_FGVC2025/data/images/1766.png,b261f32bfa016584da5955492f3ca9c7a19adb9c3c51cb83731a49a44332f35a,d67d9f6bc393018f33ad7377245f812ea7f3216c33e3fcb296ff3e1273c97218,1766,5,train,5
6372,1768,53,Pannychia moseleyi,/home/tahiti/MARINE_DATASETS/FathomNet_FGVC2025/data/rois/1768_6372.png,/home/tahiti/MARINE_DATASETS/FathomNet_FGVC2025/data/images/1768.png,d10117e2d3d24c6c217ddbaca312cad68e201931a389dda77810f2defefa2d86,0c8a6aaf27e760a0200bd8a759ef33e687e40bac19cee004ac0a01af97a96e2a,1768,0,train,0
6381,1772,31,Hippasteria,/home/tahiti/MARINE_DATASETS/FathomNet_FGVC2025/data/rois/1772_6381.png,/home/tahiti/MARINE_DATASETS/FathomNet_FGVC2025/data/images/1772.png,fe0bf4b33dffb59ed728fc0730a24ae55f42d7d45ac6458fe76aab27ce0ee41c,42158c9065a75b878f6ef91bd1b3d059d68acfedb016c854af97623125c21b10,1772,1,train,1
6387,1773,54,Paragorgia,/home/tahiti/MARINE_DATASETS/FathomNet_FGVC2025/data/rois/1773_6387.png,/home/tahiti/MARINE_DATASETS/FathomNet_FGVC2025/data/images/1773.png,da798f4a2f06721c3b5cfc54c3cfee467d736732d55626234efbf3782255b62a,5117fff4331a035d97d247d5197b5bae75bc456c094336566449d8f9a91a65bd,1773,1,train,1
6390,1773,16,Chionoecetes tanneri,/home/tahiti/MARINE_DATASETS/FathomNet_FGVC2025/data/rois/1773_6390.png,/home/tahiti/MARINE_DATASETS/FathomNet_FGVC2025/data/images/1773.png,4d2e050f01bf5e9d477e22617c2576fb13129026b2df23ee54c0f6eec80dbcc7,5117fff4331a035d97d247d5197b5bae75bc456c094336566449d8f9a91a65bd,1773,1,train,1
6436,1787,79,Zoantharia,/home/tahiti/MARINE_DATASETS/FathomNet_FGVC2025/data/rois/1787_6436.png,/home/tahiti/MARINE_DATASETS/FathomNet_FGVC2025/data/images/1787.png,64376e97046f258f2c8ef98a47d85f55920c2dc267c7f238e69352f790f44a01,d19ff133c4ef23901b589254e333feb9bee0666505930709263aa620a956fdcb,1787,2,train,2
6448,1787,79,Zoantharia,/home/tahiti/MARINE_DATASETS/FathomNet_FGVC2025/data/rois/1787_6448.png,/home/tahiti/MARINE_DATASETS/FathomNet_FGVC2025/data/images/1787.png,7a84670ce3fa4265fcda2f70dd198d5aa6489c06a5b21cdf790b4dc18edf3743,d19ff133c4ef23901b589254e333feb9bee0666505930709263aa620a956fdcb,1787,2,train,2
6453,1787,79,Zoantharia,/home/tahiti/MARINE_DATASETS/FathomNet_FGVC2025/data/rois/1787_6453.png,/home/tahiti/MARINE_DATASETS/FathomNet_FGVC2025/data/images/1787.png,48a6d204cd750ccfeb3be752c08baa355c1f7974bd9e6d9ae8a32023d123950d,d19ff133c4ef23901b589254e333feb9bee0666505930709263aa620a956fdcb,1787,2,train,2
6469,1792,3,Acanthoptilum,/home/tahiti/MARINE_DATASETS/FathomNet_FGVC2025/data/rois/1792_6469.png,/home/tahiti/MARINE_DATASETS/FathomNet_FGVC2025/data/images/1792.png,ea0b5bffa90331f05126347548be827bffc83ce7ad01858c643a752fb04adb51,992da593622ae5bc62c2b8467dbf2f90ffe94303862f1553c5547739271f0fa8,1792,4,train,4
6479,1794,73,Staurocalyptus,/home/tahiti/MARINE_DATASETS/FathomNet_FGVC2025/data/rois/1794_6479.png,/home/tahiti/MARINE_DATASETS/FathomNet_FGVC2025/data/images/1794.png,c56a67aa8281ddfeab56486f72f0eb7ebc155b71d56805518b9432f0ab142bab,40e35284925f861ba69397db3777ca9d46f55f34b139958d3873e8318a27421c,1794,0,train,0
6488,1796,33,Hormathiidae,/home/tahiti/MARINE_DATASETS/FathomNet_FGVC2025/data/rois/1796_6488.png,/home/tahiti/MARINE_DATASETS/FathomNet_FGVC2025/data/images/1796.png,1670862a671b943cad29f2dbe950535be9a1274b98b506341990381f1b701059,284084e4af21253585481286056fd1fc3390eb706b1d7799f8afdda87de44ee7,1796,0,train,0
6498,1797,35,Isididae,/home/tahiti/MARINE_DATASETS/FathomNet_FGVC2025/data/rois/1797_6498.png,/home/tahiti/MARINE_DATASETS/FathomNet_FGVC2025/data/images/1797.png,86c9416b692d5dffb9ffb6503d808d9939059f01107829362a857bd1f33631eb,ad7930f693a9fd2ba8305462d7b4253fa03c543dd227889d06fa411f554693f0,1797,2,train,2
6518,1802,5,Actiniaria,/home/tahiti/MARINE_DATASETS/FathomNet_FGVC2025/data/rois/1802_6518.png,/home/tahiti/MARINE_DATASETS/FathomNet_FGVC2025/data/images/1802.png,e293f05dbe9e4c5f4b1265c8f42b5fdb6a097031c3b33f90ed168740834753b7,de2649ab2573fc2cdb04a6ce532bd6784cd3685639bf5cc58ba75b898f8ba16c,1802,2,train,2
6526,1806,30,Hexactinellida,/home/tahiti/MARINE_DATASETS/FathomNet_FGVC2025/data/rois/1806_6526.png,/home/tahiti/MARINE_DATASETS/FathomNet_FGVC2025/data/images/1806.png,949fb909bcfb8c2dadbea5adbe205ffbf466f40599ce6572d21e5821fa9addcd,b92142a2615af25d47f836bec69e5602b88e9d81378bd959cc4211c9f5b186b2,1806,4,train,4
6529,1806,71,Sebastolobus,/home/tahiti/MARINE_DATASETS/FathomNet_FGVC2025/data/rois/1806_6529.png,/home/tahiti/MARINE_DATASETS/FathomNet_FGVC2025/data/images/1806.png,23971e7a445a8d6aa196cd887cad5396ecbe2b69f0f54ca3f7d86ca06d1b6b65,b92142a2615af25d47f836bec69e5602b88e9d81378bd959cc4211c9f5b186b2,1806,4,train,4
6544,1810,35,Isididae,/home/tahiti/MARINE_DATASETS/FathomNet_FGVC2025/data/rois/1810_6544.png,/home/tahiti/MARINE_DATASETS/FathomNet_FGVC2025/data/images/1810.png,f14ab0c15e9af6c41bb205700ae7dedc252cd0e1238408628f9175211fd254a1,ac061b69213d4907e461a2e6608f03a8c5b7106cf106a845d66848cbdd264ce8,1810,4,train,4
6550,1814,56,Paralomis multispina,/home/tahiti/MARINE_DATASETS/FathomNet_FGVC2025/data/rois/1814_6550.png,/home/tahiti/MARINE_DATASETS/FathomNet_FGVC2025/data/images/1814.png,3a54574dfe14221ba5beb51e464ffb9ef5317ad1e427798cec319549ff52787f,d41037a1fcec6645eb2bdb84f95405a3f7d568a90644ec0856caff098c7d382f,1814,0,train,0
6552,1816,77,Umbellula,/home/tahiti/MARINE_DATASETS/FathomNet_FGVC2025/data/rois/1816_6552.png,/home/tahiti/MARINE_DATASETS/FathomNet_FGVC2025/data/images/1816.png,5d323dc39ba5e66d71eeaf79eac6a736e2c296a8ac4a3acdd606c8223e7367e3,03a2d0519ed6b865467d581d084b1e6a99ff0641d5584da845ae2a6227783303,1816,2,train,2
6562,1816,24,Funiculina,/home/tahiti/MARINE_DATASETS/FathomNet_FGVC2025/data/rois/1816_6562.png,/home/tahiti/MARINE_DATASETS/FathomNet_FGVC2025/data/images/1816.png,91b4ca6074d095bc277562b223e6923981c8ee293fba7aee3950c048a297fe35,03a2d0519ed6b865467d581d084b1e6a99ff0641d5584da845ae2a6227783303,1816,2,train,2
6565,1816,24,Funiculina,/home/tahiti/MARINE_DATASETS/FathomNet_FGVC2025/data/rois/1816_6565.png,/home/tahiti/MARINE_DATASETS/FathomNet_FGVC2025/data/images/1816.png,a01c270b30277a85423f8ee712f4a796ec72b3a8be3f84a782ef1a52e258085d,03a2d0519ed6b865467d581d084b1e6a99ff0641d5584da845ae2a6227783303,1816,2,train,2
6592,1821,62,Psolus squamatus,/home/tahiti/MARINE_DATASETS/FathomNet_FGVC2025/data/rois/1821_6592.png,/home/tahiti/MARINE_DATASETS/FathomNet_FGVC2025/data/images/1821.png,c77170e5a1d35ddfe19f7fb722b8b507dc1df780a38d16f6ad4506f5feb418b8,44eae2078afee9507be32abff748d394d615acee16f4a236446713ce5af252a3,1821,1,train,1
6599,1823,37,Keratoisis,/home/tahiti/MARINE_DATASETS/FathomNet_FGVC2025/data/rois/1823_6599.png,/home/tahiti/MARINE_DATASETS/FathomNet_FGVC2025/data/images/1823.png,17d7c9815ea126cec1ef59cd5da7f0030a325147eedcc9498d4a2256884a1b02,4f1a1fe8d0299fc7d1edc48a778bfae51c530c3c42f01b3e42c9afd1399ee92d,1823,5,train,5
6611,1827,62,Psolus squamatus,/home/tahiti/MARINE_DATASETS/FathomNet_FGVC2025/data/rois/1827_6611.png,/home/tahiti/MARINE_DATASETS/FathomNet_FGVC2025/data/images/1827.png,5a96335eb9ba2b5259cebbde8b5282aabf57e7548403e2f6894976b0d62a3e94,91413459032c5200a1964c99b7b47bbb013b109ff2f5623ff14de36b241a5c74,1827,0,train,0
6614,1827,31,Hippasteria,/home/tahiti/MARINE_DATASETS/FathomNet_FGVC2025/data/rois/1827_6614.png,/home/tahiti/MARINE_DATASETS/FathomNet_FGVC2025/data/images/1827.png,20bf299a5cee4a1d20c5f67d7a7038601fe0d4f9f1c0588b226ab76ebb27d191,91413459032c5200a1964c99b7b47bbb013b109ff2f5623ff14de36b241a5c74,1827,0,train,0
6615,1827,62,Psolus squamatus,/home/tahiti/MARINE_DATASETS/FathomNet_FGVC2025/data/rois/1827_6615.png,/home/tahiti/MARINE_DATASETS/FathomNet_FGVC2025/data/images/1827.png,e5c88ecf88cafd9ceefbf1d1d996f3545f090ddb88bf9b482b8376f3cc7f4aba,91413459032c5200a1964c99b7b47bbb013b109ff2f5623ff14de36b241a5c74,1827,0,train,0
6632,1831,62,Psolus squamatus,/home/tahiti/MARINE_DATASETS/FathomNet_FGVC2025/data/rois/1831_6632.png,/home/tahiti/MARINE_DATASETS/FathomNet_FGVC2025/data/images/1831.png,222386716c69beaaead55f92a53f1d9da6efbc3c359741f90a4d4894d77c5cb2,195bce7905589d5ddc0ac51d10c93e6f19ed4b61d16155b85979d80b5d147546,1831,0,train,0
6654,1838,39,Lithodidae,/home/tahiti/MARINE_DATASETS/FathomNet_FGVC2025/data/rois/1838_6654.png,/home/tahiti/MARINE_DATASETS/FathomNet_FGVC2025/data/images/1838.png,86d1cd80d42930a6daf2d21fcdb67d39db4761ec24556df20ac95d837bfbc178,14448bbd9dbef3be185d8136d93cbe39135ba6637793b799b5a39faaac80f581,1838,2,train,2
6661,1840,71,Sebastolobus,/home/tahiti/MARINE_DATASETS/FathomNet_FGVC2025/data/rois/1840_6661.png,/home/tahiti/MARINE_DATASETS/FathomNet_FGVC2025/data/images/1840.png,628a5b10ff854e49f9491747f84afc39109b410722071537968a185c54ba8428,130445a67f8b4d2599bdecf6b9cb46a408584e8b140a85250e49c82e8f212e46,1840,1,train,1
6678,1848,32,Holothuroidea,/home/tahiti/MARINE_DATASETS/FathomNet_FGVC2025/data/rois/1848_6678.png,/home/tahiti/MARINE_DATASETS/FathomNet_FGVC2025/data/images/1848.png,cff82097d44c10a1eedd63fee168ff58fd41416192c897aa39e119452127c258,c4af3175a02eadb5c11b5fbdb63c0cfa0411d267c8432cf3ae5efe6052f40481,1848,4,train,4
6693,1858,53,Pannychia moseleyi,/home/tahiti/MARINE_DATASETS/FathomNet_FGVC2025/data/rois/1858_6693.png,/home/tahiti/MARINE_DATASETS/FathomNet_FGVC2025/data/images/1858.png,0764c58920560a5e8859335c437c6882ac4ce153dbc498fc49485785e6423412,760ea79c1ee924703339eff154ebd687c45155a455cb67d339c4a685526e360b,1858,2,train,2
6697,1860,19,Crinoidea,/home/tahiti/MARINE_DATASETS/FathomNet_FGVC2025/data/rois/1860_6697.png,/home/tahiti/MARINE_DATASETS/FathomNet_FGVC2025/data/images/1860.png,390ff62b5023ef33f5c1040f6ab4b14001ac138104134ea6ccee37ac008da0dc,51bdb4e7b11a7a949f82df9ff29a0e36888d0415f31739a2f419b9ed92bbc29a,1860,2,train,2
6709,1864,30,Hexactinellida,/home/tahiti/MARINE_DATASETS/FathomNet_FGVC2025/data/rois/1864_6709.png,/home/tahiti/MARINE_DATASETS/FathomNet_FGVC2025/data/images/1864.png,c7241146864b461bd50ad06f5a5a2698bb2d619cee17c90f1ccbe2c84227b18f,210ce8a3a20260dc3e36d8d8751737436162189ab57d85b80e5cbebbf77d4a20,1864,2,train,2
6719,1868,45,Munnopsidae,/home/tahiti/MARINE_DATASETS/FathomNet_FGVC2025/data/rois/1868_6719.png,/home/tahiti/MARINE_DATASETS/FathomNet_FGVC2025/data/images/1868.png,987b0ceb0acc8d41ab2d473885c6ccb7f10718f955fb0222a5f9303f86fd22a2,36a24fb32445a6623bdd2fe031136dd80fbe3c37172acad0ce2c6e978266bd4c,1868,1,train,1
6772,1886,24,Funiculina,/home/tahiti/MARINE_DATASETS/FathomNet_FGVC2025/data/rois/1886_6772.png,/home/tahiti/MARINE_DATASETS/FathomNet_FGVC2025/data/images/1886.png,6615b2d6f0d96339970488a5ddae6a8938937f41e143385a3ca9cd04596b0cf5,7645b13fa42b3a46f2f94360e3cd74557eb0497acfeed8827c1895986984bcaf,1886,2,train,2
6773,1886,24,Funiculina,/home/tahiti/MARINE_DATASETS/FathomNet_FGVC2025/data/rois/1886_6773.png,/home/tahiti/MARINE_DATASETS/FathomNet_FGVC2025/data/images/1886.png,e2fcb0390afe6f2a346b91c2973d2a92faa66ef75a7a80bdb3cb9638eb5946b5,7645b13fa42b3a46f2f94360e3cd74557eb0497acfeed8827c1895986984bcaf,1886,2,train,2
6789,1894,68,Scotoplanes globosa,/home/tahiti/MARINE_DATASETS/FathomNet_FGVC2025/data/rois/1894_6789.png,/home/tahiti/MARINE_DATASETS/FathomNet_FGVC2025/data/images/1894.png,fa5082f7aec384bc305d8f102063a63165fae564c574b7efbea87d6e34cc228d,0cc3edb29937ba48db7d5928dd4c2348f0eda910b6253e80a5f10da437994912,1894,1,train,1
6802,1895,63,Ptychogastria polaris,/home/tahiti/MARINE_DATASETS/FathomNet_FGVC2025/data/rois/1895_6802.png,/home/tahiti/MARINE_DATASETS/FathomNet_FGVC2025/data/images/1895.png,c68bea4c0bd23e5eddf61e48ca1c4b27d4d29650da843c47dc29d84445f58cb0,64771d081c328aea4acf9d6d8f6fa51ed0c58a81f008ec5ea0924b02d6d83f4c,1895,2,train,2
6808,1895,63,Ptychogastria polaris,/home/tahiti/MARINE_DATASETS/FathomNet_FGVC2025/data/rois/1895_6808.png,/home/tahiti/MARINE_DATASETS/FathomNet_FGVC2025/data/images/1895.png,c4a151e8975c07301e109b8b57d72b05772584c707deda6bf470db04134a7e6f,64771d081c328aea4acf9d6d8f6fa51ed0c58a81f008ec5ea0924b02d6d83f4c,1895,2,train,2
6824,1895,63,Ptychogastria polaris,/home/tahiti/MARINE_DATASETS/FathomNet_FGVC2025/data/rois/1895_6824.png,/home/tahiti/MARINE_DATASETS/FathomNet_FGVC2025/data/images/1895.png,bd5ee725fd09551f381f46fadcf7a8488fa1f85f962e33f0e30cbe3d829a9d3d,64771d081c328aea4acf9d6d8f6fa51ed0c58a81f008ec5ea0924b02d6d83f4c,1895,2,train,2
6834,1895,63,Ptychogastria polaris,/home/tahiti/MARINE_DATASETS/FathomNet_FGVC2025/data/rois/1895_6834.png,/home/tahiti/MARINE_DATASETS/FathomNet_FGVC2025/data/images/1895.png,528a2b765783eee24177eb74db2c9f011b309cea5ca3432e223f7489a9c55cd2,64771d081c328aea4acf9d6d8f6fa51ed0c58a81f008ec5ea0924b02d6d83f4c,1895,2,train,2
6836,1895,63,Ptychogastria polaris,/home/tahiti/MARINE_DATASETS/FathomNet_FGVC2025/data/rois/1895_6836.png,/home/tahiti/MARINE_DATASETS/FathomNet_FGVC2025/data/images/1895.png,4ac011845d45bebcee51f070ecf998d93cb5d1f3ea433b3a67d30d8d1d55e6d5,64771d081c328aea4acf9d6d8f6fa51ed0c58a81f008ec5ea0924b02d6d83f4c,1895,2,train,2
6841,1895,63,Ptychogastria polaris,/home/tahiti/MARINE_DATASETS/FathomNet_FGVC2025/data/rois/1895_6841.png,/home/tahiti/MARINE_DATASETS/FathomNet_FGVC2025/data/images/1895.png,e8b321b9b174376f99bf18125cb3e6971d3c47b1433f1483e6cbb05de2a5999e,64771d081c328aea4acf9d6d8f6fa51ed0c58a81f008ec5ea0924b02d6d83f4c,1895,2,train,2
6849,1895,63,Ptychogastria polaris,/home/tahiti/MARINE_DATASETS/FathomNet_FGVC2025/data/rois/1895_6849.png,/home/tahiti/MARINE_DATASETS/FathomNet_FGVC2025/data/images/1895.png,fd38998e6d2f9489ef2672315a68d6727d7d0ce6f5eb5bb7940dd378ac1e5081,64771d081c328aea4acf9d6d8f6fa51ed0c58a81f008ec5ea0924b02d6d83f4c,1895,2,train,2
6853,1895,63,Ptychogastria polaris,/home/tahiti/MARINE_DATASETS/FathomNet_FGVC2025/data/rois/1895_6853.png,/home/tahiti/MARINE_DATASETS/FathomNet_FGVC2025/data/images/1895.png,ce771a9cd35ee9b4f90247501ada40770f58c0ca251ee5587bfc160b057f04ca,64771d081c328aea4acf9d6d8f6fa51ed0c58a81f008ec5ea0924b02d6d83f4c,1895,2,train,2
6886,1911,19,Crinoidea,/home/tahiti/MARINE_DATASETS/FathomNet_FGVC2025/data/rois/1911_6886.png,/home/tahiti/MARINE_DATASETS/FathomNet_FGVC2025/data/images/1911.png,3d77cb57eabb9c99129ac7292eb120b2919fb291bdb0585a23f25c7fb4871821,2a4da1a7f3034248cc37edbf3b991d132431bc614ccc075c46865c0d5b816345,1911,2,train,2
6888,1912,62,Psolus squamatus,/home/tahiti/MARINE_DATASETS/FathomNet_FGVC2025/data/rois/1912_6888.png,/home/tahiti/MARINE_DATASETS/FathomNet_FGVC2025/data/images/1912.png,c2b7039eb726f955a4902b9ebcf1876935dfe59c314f13663c4afa8dfc76c4c8,c655f073132dfad339dd86edea09f335470210ec8c77645869ee7f7456202b58,1912,0,train,0
6898,1921,58,Peniagone,/home/tahiti/MARINE_DATASETS/FathomNet_FGVC2025/data/rois/1921_6898.png,/home/tahiti/MARINE_DATASETS/FathomNet_FGVC2025/data/images/1921.png,8c9885b1cbf0f8eaa1278aa725bd10a4bf42c07817dc248a3c7acb0eccee7458,11015f6c557834f0552e3222e7f84cd2293e9aeb8a89887e91ee95ea5d772908,1921,2,train,2
6917,1928,33,Hormathiidae,/home/tahiti/MARINE_DATASETS/FathomNet_FGVC2025/data/rois/1928_6917.png,/home/tahiti/MARINE_DATASETS/FathomNet_FGVC2025/data/images/1928.png,261c451ef296609f3dc77604b6d4302b25a734e085ef8e7d61c5f780ac377bda,10e26da296ca6d3e00336f45c37fb486a463a31dfbdc6a794cd6eb2cbe36eace,1928,2,train,2
6923,1931,36,Isosicyonis,/home/tahiti/MARINE_DATASETS/FathomNet_FGVC2025/data/rois/1931_6923.png,/home/tahiti/MARINE_DATASETS/FathomNet_FGVC2025/data/images/1931.png,23125d9354e3dbee5067179cb362020dc7bd2cbbe0ce4b336aa91a15df038419,cfb18c9d2f8cfdf98c1d94e75154e825c6bd487b62faf3218277f020774c5776,1931,5,train,5
6924,1931,25,Gastropoda,/home/tahiti/MARINE_DATASETS/FathomNet_FGVC2025/data/rois/1931_6924.png,/home/tahiti/MARINE_DATASETS/FathomNet_FGVC2025/data/images/1931.png,79c0ee2978e25967899b409f6960ccfbae02ed4919c5bbc45f321cabe799fca6,cfb18c9d2f8cfdf98c1d94e75154e825c6bd487b62faf3218277f020774c5776,1931,5,train,5
6934,1936,37,Keratoisis,/home/tahiti/MARINE_DATASETS/FathomNet_FGVC2025/data/rois/1936_6934.png,/home/tahiti/MARINE_DATASETS/FathomNet_FGVC2025/data/images/1936.png,621c42b463fe5e9b2111599387f45ecf736c1f0a3e424eabbd803699ab4a51e9,7c839446d43a0d53c94377aed1c28d11e3c40ddab2d7602d46faccb5092e918c,1936,1,train,1
6937,1938,71,Sebastolobus,/home/tahiti/MARINE_DATASETS/FathomNet_FGVC2025/data/rois/1938_6937.png,/home/tahiti/MARINE_DATASETS/FathomNet_FGVC2025/data/images/1938.png,17920b9caf582bdd864636347009a3d58cc33de717cc49a854e85f8b9b1d6281,dd8f5253efb366b2c508e1a816cf1d42a95edeace23baa9163d923a9db5565e4,1938,4,train,4
6959,1947,45,Munnopsidae,/home/tahiti/MARINE_DATASETS/FathomNet_FGVC2025/data/rois/1947_6959.png,/home/tahiti/MARINE_DATASETS/FathomNet_FGVC2025/data/images/1947.png,4f4f27d29081942f7cabeb40da29a278e502c4b77e3515b17d6d68b3055a015d,30cfa6f937b73a6a9c0457dcd5c43c385d2d6273579baedd2aaff72166a31e88,1947,4,train,4
6973,1953,44,Munidopsis,/home/tahiti/MARINE_DATASETS/FathomNet_FGVC2025/data/rois/1953_6973.png,/home/tahiti/MARINE_DATASETS/FathomNet_FGVC2025/data/images/1953.png,b95643307d6ad1437696b4626479725376cd4345005731c32075072403f0671b,7b67f41c831d26329d7336adf70c9a1177383d140bffb069330831fc40fcc189,1953,0,train,0
6974,1954,35,Isididae,/home/tahiti/MARINE_DATASETS/FathomNet_FGVC2025/data/rois/1954_6974.png,/home/tahiti/MARINE_DATASETS/FathomNet_FGVC2025/data/images/1954.png,16463d17ef185762bf06aba5b5c3fac10281d7a3bafb23cce4db7dd2be6c3d44,104c60c8113940113075561ba26b577e555efb888d3331a0d6bc0527907011f9,1954,5,train,5
7005,1962,73,Staurocalyptus,/home/tahiti/MARINE_DATASETS/FathomNet_FGVC2025/data/rois/1962_7005.png,/home/tahiti/MARINE_DATASETS/FathomNet_FGVC2025/data/images/1962.png,3c0ac837c4e83be89f38ce9eadd7fda10afed49d0e9cc1304b5c5a9b9df616c8,5f71cad76e38563d51614c5458ab25f80ddf0664e36833ebbf419805f1abc1bf,1962,5,train,5
7011,1962,28,Heterochone calyx,/home/tahiti/MARINE_DATASETS/FathomNet_FGVC2025/data/rois/1962_7011.png,/home/tahiti/MARINE_DATASETS/FathomNet_FGVC2025/data/images/1962.png,3c3b16a1dcf2bff8e594302e213e1b7b1251b5b5b4c826ba134cd870d9ceb818,5f71cad76e38563d51614c5458ab25f80ddf0664e36833ebbf419805f1abc1bf,1962,5,train,5
7013,1962,28,Heterochone calyx,/home/tahiti/MARINE_DATASETS/FathomNet_FGVC2025/data/rois/1962_7013.png,/home/tahiti/MARINE_DATASETS/FathomNet_FGVC2025/data/images/1962.png,a4d0b6177774a56b20a76edf0975035551c7f8cd2f43ed6059953f380c1d5d56,5f71cad76e38563d51614c5458ab25f80ddf0664e36833ebbf419805f1abc1bf,1962,5,train,5
7041,1972,55,Paragorgia arborea,/home/tahiti/MARINE_DATASETS/FathomNet_FGVC2025/data/rois/1972_7041.png,/home/tahiti/MARINE_DATASETS/FathomNet_FGVC2025/data/images/1972.png,0ebd0b217883d3881ada2c34e7ab991547b6b2ed92051c15e4d9680f74376df8,2469e15078d94f308e6a55ef3f864c50b73bd1b0c712f749dee7338ae538ecd8,1972,1,train,1
7046,1974,11,Asteroidea,/home/tahiti/MARINE_DATASETS/FathomNet_FGVC2025/data/rois/1974_7046.png,/home/tahiti/MARINE_DATASETS/FathomNet_FGVC2025/data/images/1974.png,c0e48d865617b32ef92457be2cd570763600ca70fdc914d818195dbfcb5dbacc,be061aeae86dc74d77acbb2e49636e8528b18e5b148a85ca4a98aa81ea27d33a,1974,0,train,0
7048,1976,41,Merluccius productus,/home/tahiti/MARINE_DATASETS/FathomNet_FGVC2025/data/rois/1976_7048.png,/home/tahiti/MARINE_DATASETS/FathomNet_FGVC2025/data/images/1976.png,7ceaad46fcdad93012ad312b3f9af2935c33fa55a107ae579acaaf0dd8842151,9b1fe5b1ad41f6bf5284cc68464a0416a06068c9707a7b956db7b0c5ab0ea2e8,1976,2,train,2
7054,1981,44,Munidopsis,/home/tahiti/MARINE_DATASETS/FathomNet_FGVC2025/data/rois/1981_7054.png,/home/tahiti/MARINE_DATASETS/FathomNet_FGVC2025/data/images/1981.png,06cf8a6209da5874b2da2bea7559f3bcd8e40977e6e1348f266c58187be43efe,94737b0d9c04d84dffcc823a5c779bb1a2a2757650d391b118c68892e9f34ff2,1981,5,train,5
7055,1981,1,Abyssocucumis abyssorum,/home/tahiti/MARINE_DATASETS/FathomNet_FGVC2025/data/rois/1981_7055.png,/home/tahiti/MARINE_DATASETS/FathomNet_FGVC2025/data/images/1981.png,c749fb1b424d7cef821d825c6c0a0ac8f1c93c3c0a847fc4a8449543764f32e6,94737b0d9c04d84dffcc823a5c779bb1a2a2757650d391b118c68892e9f34ff2,1981,5,train,5
7134,1989,37,Keratoisis,/home/tahiti/MARINE_DATASETS/FathomNet_FGVC2025/data/rois/1989_7134.png,/home/tahiti/MARINE_DATASETS/FathomNet_FGVC2025/data/images/1989.png,f6843285a4564535ac7c2d67b59ead961fce35925944d90f25da640cd07bad84,c77e45008a8dbfaab0b8d1d3289e83ffcd7e9d69a22932746b4c5fe04218b21e,1989,4,train,4
7149,1999,32,Holothuroidea,/home/tahiti/MARINE_DATASETS/FathomNet_FGVC2025/data/rois/1999_7149.png,/home/tahiti/MARINE_DATASETS/FathomNet_FGVC2025/data/images/1999.png,b1524cc3ec7628c2fff9702211dd0f4d273b3ccfc8da7f8679c6cfaf363cf678,79ff2d051e6d6b8edcd8a9796546869e3324d5c95f76acaf87ce21749924d4a2,1999,4,train,4
7154,2002,51,Pandalus amplus,/home/tahiti/MARINE_DATASETS/FathomNet_FGVC2025/data/rois/2002_7154.png,/home/tahiti/MARINE_DATASETS/FathomNet_FGVC2025/data/images/2002.png,e0bd8b872e6372633cb724ae265b820e558579c96716da9ac132a6a09322d8a1,416f4ca295e981b133f709e8fe3d224d41f20090ee24e914c722d503a010d9aa,2002,0,train,0
7159,2005,44,Munidopsis,/home/tahiti/MARINE_DATASETS/FathomNet_FGVC2025/data/rois/2005_7159.png,/home/tahiti/MARINE_DATASETS/FathomNet_FGVC2025/data/images/2005.png,4982ef7b84c71ad7ecec2e2e785651a4c8120e4d72576490c162a29fe4fa2985,285c517d34c9e09057b3db54f12bd51dffaa28a3f48a67bf4b356474f2420a96,2005,5,train,5
7214,2026,19,Crinoidea,/home/tahiti/MARINE_DATASETS/FathomNet_FGVC2025/data/rois/2026_7214.png,/home/tahiti/MARINE_DATASETS/FathomNet_FGVC2025/data/images/2026.png,2a735e343fff6faf4f9c6ea929a04299d9f1f3ad991d4f087c7e382b428102e1,fe2cfdb0be61cf0d3ead5faeb57e6142f4123de4e76897eeabc65ffb9bf7ec9d,2026,1,train,1
7231,2034,16,Chionoecetes tanneri,/home/tahiti/MARINE_DATASETS/FathomNet_FGVC2025/data/rois/2034_7231.png,/home/tahiti/MARINE_DATASETS/FathomNet_FGVC2025/data/images/2034.png,7e5b3e7768883f948e2285e157b6b278e42761bf1b06edb7ac05eba60dc952a7,4bfd4b767781470eb5e9fe39a2b11a0456297f57cf7dab37a3bf732e79717a40,2034,5,train,5
7238,2036,6,Actinopterygii,/home/tahiti/MARINE_DATASETS/FathomNet_FGVC2025/data/rois/2036_7238.png,/home/tahiti/MARINE_DATASETS/FathomNet_FGVC2025/data/images/2036.png,52f9906e18df24af7050979e1f0a5fd2246efacdcfb6816903c047db1924508e,f35cda6c898487cc31e170e5b0e08efa68f8b10f8051efc4148a9b5cedc682a0,2036,2,train,2
7282,2055,22,Farrea,/home/tahiti/MARINE_DATASETS/FathomNet_FGVC2025/data/rois/2055_7282.png,/home/tahiti/MARINE_DATASETS/FathomNet_FGVC2025/data/images/2055.png,b82027a8a9f09b3735d9759022bddd374d8e7092b3f25a3f1926ba178ea858ea,4a27b43f9f661e4ab9398ce850051dfe794287f405254f6fbb20e45adc919d5b,2055,2,train,2
7283,2055,28,Heterochone calyx,/home/tahiti/MARINE_DATASETS/FathomNet_FGVC2025/data/rois/2055_7283.png,/home/tahiti/MARINE_DATASETS/FathomNet_FGVC2025/data/images/2055.png,f32285f789af5e45b6de0c80d9c51ca347ddacf64c0efec3050f6daeb2aa8387,4a27b43f9f661e4ab9398ce850051dfe794287f405254f6fbb20e45adc919d5b,2055,2,train,2
7300,2061,68,Scotoplanes globosa,/home/tahiti/MARINE_DATASETS/FathomNet_FGVC2025/data/rois/2061_7300.png,/home/tahiti/MARINE_DATASETS/FathomNet_FGVC2025/data/images/2061.png,e4addef4bc8630d300ebb4dd6d04299ce3fae054e39940a539e20a9c6b51ef72,281cb52fd7f567d08aff461ea969310699c9e35ed5b06b4d8afcbc6521c2ec43,2061,1,train,1
7314,2065,9,Asbestopluma,/home/tahiti/MARINE_DATASETS/FathomNet_FGVC2025/data/rois/2065_7314.png,/home/tahiti/MARINE_DATASETS/FathomNet_FGVC2025/data/images/2065.png,a0ed9c56497265c41d7403f58720b78b7089e23091a813e10d35975e2ecc0c98,7197b75b1f8bd5ba0a2ae50120709751ddeaa8bb43919bf50d51d9c8d2a61c00,2065,2,train,2
7324,2069,29,Heteropolypus ritteri,/home/tahiti/MARINE_DATASETS/FathomNet_FGVC2025/data/rois/2069_7324.png,/home/tahiti/MARINE_DATASETS/FathomNet_FGVC2025/data/images/2069.png,bf069d07a69ac8e37af74da19275fa7987cd67963e9fa9dc7db9359975403256,50174a3ec4f8418a1b1ae657cb4c5a1962361e7ca7d7fe2c4e166377702f1fb0,2069,5,train,5
7355,2077,22,Farrea,/home/tahiti/MARINE_DATASETS/FathomNet_FGVC2025/data/rois/2077_7355.png,/home/tahiti/MARINE_DATASETS/FathomNet_FGVC2025/data/images/2077.png,85414c8c7fe7b477c76c4b12ed4268ad2a950ae35d07ed92e6d7cbf37870e98d,e848a943cc8903317dd2522853b5c2da0cc4a3fbff7c2e7c0bea7248982b06d0,2077,4,train,4
7356,2077,28,Heterochone calyx,/home/tahiti/MARINE_DATASETS/FathomNet_FGVC2025/data/rois/2077_7356.png,/home/tahiti/MARINE_DATASETS/FathomNet_FGVC2025/data/images/2077.png,f69e6bfea243014452a75fefe843e248f054eb9a6f5127960da6153a4b83b468,e848a943cc8903317dd2522853b5c2da0cc4a3fbff7c2e7c0bea7248982b06d0,2077,4,train,4
7359,2077,17,Chorilia longipes,/home/tahiti/MARINE_DATASETS/FathomNet_FGVC2025/data/rois/2077_7359.png,/home/tahiti/MARINE_DATASETS/FathomNet_FGVC2025/data/images/2077.png,f84b263fc63158a8f45c0789d985f1b1fcf0277da2f1f5e6a614f39abf05e5fb,e848a943cc8903317dd2522853b5c2da0cc4a3fbff7c2e7c0bea7248982b06d0,2077,4,train,4
7364,2078,19,Crinoidea,/home/tahiti/MARINE_DATASETS/FathomNet_FGVC2025/data/rois/2078_7364.png,/home/tahiti/MARINE_DATASETS/FathomNet_FGVC2025/data/images/2078.png,9cfc127f4f3ace1d2dcd589c3e86ba9e8e6071a15b880f6c8b2851681e7a570d,b654cf48c75dcbc3cf5baf98d3bd243422eaedcd8b9680f75a92d2c764b00a31,2078,5,train,5
7366,2079,11,Asteroidea,/home/tahiti/MARINE_DATASETS/FathomNet_FGVC2025/data/rois/2079_7366.png,/home/tahiti/MARINE_DATASETS/FathomNet_FGVC2025/data/images/2079.png,f3f5ec2df6b3843aed4f08eaa59aade4c335505cf4618ca8fce10981a26cf1cb,265498477c565320ee1e7b49db56c73d500e2a8c0b4d36f4c31d880d638ce5e9,2079,0,train,0
7378,2080,7,Amphipoda,/home/tahiti/MARINE_DATASETS/FathomNet_FGVC2025/data/rois/2080_7378.png,/home/tahiti/MARINE_DATASETS/FathomNet_FGVC2025/data/images/2080.png,ab4088a15b18356978edec97b346db766df66077176f29378bb0336b38b05392,ce59a6b86b6b14e9d359a4a49389d83a3bf1b801f66286f9cff167c1cf676189,2080,4,train,4
7381,2080,7,Amphipoda,/home/tahiti/MARINE_DATASETS/FathomNet_FGVC2025/data/rois/2080_7381.png,/home/tahiti/MARINE_DATASETS/FathomNet_FGVC2025/data/images/2080.png,7324c03565713ba20207c7e8e38da4142072b3c642725f8c9fe5843d498b2bf7,ce59a6b86b6b14e9d359a4a49389d83a3bf1b801f66286f9cff167c1cf676189,2080,4,train,4
7398,2088,62,Psolus squamatus,/home/tahiti/MARINE_DATASETS/FathomNet_FGVC2025/data/rois/2088_7398.png,/home/tahiti/MARINE_DATASETS/FathomNet_FGVC2025/data/images/2088.png,3b002f9a90604a285bd3d90f2801ecd3c373964ce4ea2258b6c18c8226cd020f,4047f1991a71b758ca26e1bf077cc2a453ac0beb5f20d92cebc55615f11dac2f,2088,1,train,1
7409,2089,21,Elpidia,/home/tahiti/MARINE_DATASETS/FathomNet_FGVC2025/data/rois/2089_7409.png,/home/tahiti/MARINE_DATASETS/FathomNet_FGVC2025/data/images/2089.png,97681b28ba739f92892613ee76e9d201be8a1ea9f8814312830b2ba503d58670,b02bce7f7a665214bcf57303c0d6d2e781ce68c5153460e23f8facb702911b0c,2089,1,train,1
7412,2091,11,Asteroidea,/home/tahiti/MARINE_DATASETS/FathomNet_FGVC2025/data/rois/2091_7412.png,/home/tahiti/MARINE_DATASETS/FathomNet_FGVC2025/data/images/2091.png,5c73b2400460bece9196b7130b6111d863ad1bce27a2ddb584a48498b224fa69,e54e2d94eea3d5c4e5927e6875b743d24dc0e58c2ec47b57298434883e51362c,2091,5,train,5
7414,2091,75,Terebellidae,/home/tahiti/MARINE_DATASETS/FathomNet_FGVC2025/data/rois/2091_7414.png,/home/tahiti/MARINE_DATASETS/FathomNet_FGVC2025/data/images/2091.png,1b2eec26f0309b756a53d93eacb25dc6988cc4cbb38666ef213fae58632edc0c,e54e2d94eea3d5c4e5927e6875b743d24dc0e58c2ec47b57298434883e51362c,2091,5,train,5
7419,2094,79,Zoantharia,/home/tahiti/MARINE_DATASETS/FathomNet_FGVC2025/data/rois/2094_7419.png,/home/tahiti/MARINE_DATASETS/FathomNet_FGVC2025/data/images/2094.png,1e77bdd7c1a3a5d6be40143475b977654793d24cd7224ab3f21ed362f7fce7f1,38f339af8a38f51831acbfab22ad053b71575b393df0b86d82f556f30a4d3b5a,2094,4,train,4
7420,2094,79,Zoantharia,/home/tahiti/MARINE_DATASETS/FathomNet_FGVC2025/data/rois/2094_7420.png,/home/tahiti/MARINE_DATASETS/FathomNet_FGVC2025/data/images/2094.png,4c3491c5080c88cf1b7c3e7a97a1e173e19ece270559ee9cfa5290aa485b9e99,38f339af8a38f51831acbfab22ad053b71575b393df0b86d82f556f30a4d3b5a,2094,4,train,4
7448,2101,62,Psolus squamatus,/home/tahiti/MARINE_DATASETS/FathomNet_FGVC2025/data/rois/2101_7448.png,/home/tahiti/MARINE_DATASETS/FathomNet_FGVC2025/data/images/2101.png,5f287f4a3699c9b06e907847e4d6f056c5468ddabc7eed36974ae821e98b2162,8203444c00e275a6b50ccf7c885fa0fbfaea8239424992ee1d862e6c59737129,2101,4,train,4
7450,2101,62,Psolus squamatus,/home/tahiti/MARINE_DATASETS/FathomNet_FGVC2025/data/rois/2101_7450.png,/home/tahiti/MARINE_DATASETS/FathomNet_FGVC2025/data/images/2101.png,b01bea3bd39642761a63ac98c054152f863afcc8a7169caa13f0b437881d9997,8203444c00e275a6b50ccf7c885fa0fbfaea8239424992ee1d862e6c59737129,2101,4,train,4
7454,2104,55,Paragorgia arborea,/home/tahiti/MARINE_DATASETS/FathomNet_FGVC2025/data/rois/2104_7454.png,/home/tahiti/MARINE_DATASETS/FathomNet_FGVC2025/data/images/2104.png,0096381388b02f233106ef942d7a7bf5458b863e1fccbd5576d5d9915b215ce2,be5e2430340637160faa9092dbc5b2067b8bea1eff223a777d5d0313433c55ea,2104,5,train,5
7460,2107,62,Psolus squamatus,/home/tahiti/MARINE_DATASETS/FathomNet_FGVC2025/data/rois/2107_7460.png,/home/tahiti/MARINE_DATASETS/FathomNet_FGVC2025/data/images/2107.png,8460ead154a5030f5798821ad4fc086223647cad95beef9460f64a0b4399d9c6,367168a5b2552d165e4db03276b076dc2fd72e8d413d31c06d4624b9688e4add,2107,0,train,0
7498,2121,25,Gastropoda,/home/tahiti/MARINE_DATASETS/FathomNet_FGVC2025/data/rois/2121_7498.png,/home/tahiti/MARINE_DATASETS/FathomNet_FGVC2025/data/images/2121.png,d0f5a705eff3cb2dc5c8656476462e92b9761c0f47e068ca01b1bfd67448a977,9575c8ae64db9343a15dd35974a48f0a1e7dae106ccfb175b09e8c94ba68868d,2121,5,train,5
7506,2125,13,Brisingida,/home/tahiti/MARINE_DATASETS/FathomNet_FGVC2025/data/rois/2125_7506.png,/home/tahiti/MARINE_DATASETS/FathomNet_FGVC2025/data/images/2125.png,41b42dd1e3d4a3349aa57f6e75dbf1cc6982ed1920e4a36e24fda89bb6d6e033,1a651bce3393ded2f858b8487709a90024706bfa15a0b53b5cc53f417a86256f,2125,0,train,0
7513,2130,71,Sebastolobus,/home/tahiti/MARINE_DATASETS/FathomNet_FGVC2025/data/rois/2130_7513.png,/home/tahiti/MARINE_DATASETS/FathomNet_FGVC2025/data/images/2130.png,13a0b8ed74d9d39f54504790a1012f07cefcac984cc659c2a35d486becb53329,bac420f1324b233e1d8e277a7dd52d8e323809bc3a9da2fa8865528a41e51088,2130,1,train,1
7525,2140,42,Metridium farcimen,/home/tahiti/MARINE_DATASETS/FathomNet_FGVC2025/data/rois/2140_7525.png,/home/tahiti/MARINE_DATASETS/FathomNet_FGVC2025/data/images/2140.png,9b8bbfa04ca359746144b398284537e601b26bef974a4994b80112576994a1b6,16e0eeccff28e8f318f3781fcb320c4166421086088dfed75bae19fc16979738,2140,2,train,2
7531,2143,35,Isididae,/home/tahiti/MARINE_DATASETS/FathomNet_FGVC2025/data/rois/2143_7531.png,/home/tahiti/MARINE_DATASETS/FathomNet_FGVC2025/data/images/2143.png,192d11ebab51d77c815164b73266fb7f5acaa52208be3342e05a4d79dec2557d,bf4276bb13b47e3a6b79b2e4cb81d05f0e4c2d1212bf63114121fd6ebc1c1dd1,2143,5,train,5
7556,2152,71,Sebastolobus,/home/tahiti/MARINE_DATASETS/FathomNet_FGVC2025/data/rois/2152_7556.png,/home/tahiti/MARINE_DATASETS/FathomNet_FGVC2025/data/images/2152.png,19e8de2f5b4e91e63ae1941e3e15a4112b7eb79d439d4263afee1d63d9f2ac83,8712be98b9eeabb1549218305d4e3dcb7b3145a3352479aceb9959799b6bba3a,2152,4,train,4
7582,2166,7,Amphipoda,/home/tahiti/MARINE_DATASETS/FathomNet_FGVC2025/data/rois/2166_7582.png,/home/tahiti/MARINE_DATASETS/FathomNet_FGVC2025/data/images/2166.png,4539088d8bbe3cfcc0b40acaef9e5c5290b878520d9e649d3dd5fbf556437a30,65ddd6f453f3ef41a95220f808eed6f9c4ece718ce74a1547d745d81b1c29d5e,2166,5,train,5
7584,2168,73,Staurocalyptus,/home/tahiti/MARINE_DATASETS/FathomNet_FGVC2025/data/rois/2168_7584.png,/home/tahiti/MARINE_DATASETS/FathomNet_FGVC2025/data/images/2168.png,11917e268ea6a8e75c76216647f4cf91b594e0c44866336112625bce983240e8,d214fdead39a5df04c34c47070421ebdbe238bb788463796348c47f748c5c213,2168,0,train,0
7598,2173,55,Paragorgia arborea,/home/tahiti/MARINE_DATASETS/FathomNet_FGVC2025/data/rois/2173_7598.png,/home/tahiti/MARINE_DATASETS/FathomNet_FGVC2025/data/images/2173.png,cf6ac7e32261cca8315c171955b69d48b0aa94ce937ee780488a7253fd047353,2b4f08cb82686982b9ce79fb85fc4266dbb9eb1d68ea64c3077563a4ae89b319,2173,4,train,4
7608,2175,52,Pandalus platyceros,/home/tahiti/MARINE_DATASETS/FathomNet_FGVC2025/data/rois/2175_7608.png,/home/tahiti/MARINE_DATASETS/FathomNet_FGVC2025/data/images/2175.png,f4f60b9f4a711e72f2135dcbb153be271ff0c3c0bdd8fc49a1449b3e52978ad9,227d2ff0410155d6e4c2d37e9dba8176018baee63ee928ff8dd9a100169f08ac,2175,2,train,2
7611,2175,52,Pandalus platyceros,/home/tahiti/MARINE_DATASETS/FathomNet_FGVC2025/data/rois/2175_7611.png,/home/tahiti/MARINE_DATASETS/FathomNet_FGVC2025/data/images/2175.png,77a9e78ee251cf9597812c7aa46d59862a47f6cfaba3fc19170761f33637825c,227d2ff0410155d6e4c2d37e9dba8176018baee63ee928ff8dd9a100169f08ac,2175,2,train,2
7612,2175,52,Pandalus platyceros,/home/tahiti/MARINE_DATASETS/FathomNet_FGVC2025/data/rois/2175_7612.png,/home/tahiti/MARINE_DATASETS/FathomNet_FGVC2025/data/images/2175.png,5d3b71d6f395e2213871a6da9366c028764c4e86795defe5da812c6be22e1a56,227d2ff0410155d6e4c2d37e9dba8176018baee63ee928ff8dd9a100169f08ac,2175,2,train,2
7644,2184,30,Hexactinellida,/home/tahiti/MARINE_DATASETS/FathomNet_FGVC2025/data/rois/2184_7644.png,/home/tahiti/MARINE_DATASETS/FathomNet_FGVC2025/data/images/2184.png,77dec175cebb06e47d1df9d0d728d06219215fa3931bd210bbc6ad19da0505c2,20b8ed6a140c6f1c1748993ee1f678c7a28ea8d42ee3241357db12f8b0e85820,2184,2,train,2
7646,2184,30,Hexactinellida,/home/tahiti/MARINE_DATASETS/FathomNet_FGVC2025/data/rois/2184_7646.png,/home/tahiti/MARINE_DATASETS/FathomNet_FGVC2025/data/images/2184.png,53a9ecd6b2fd6c25430aa823f89510a3c9a957d52f04f9d19fcfb9a8e98cb49b,20b8ed6a140c6f1c1748993ee1f678c7a28ea8d42ee3241357db12f8b0e85820,2184,2,train,2
7651,2185,37,Keratoisis,/home/tahiti/MARINE_DATASETS/FathomNet_FGVC2025/data/rois/2185_7651.png,/home/tahiti/MARINE_DATASETS/FathomNet_FGVC2025/data/images/2185.png,21e1e6693a7d1b178283ffa8c7401ce947f46c04bd42a2090e12663bb06b89c0,477e4039baebf559a320631a4e7599ee4e658aa74e2b55981a1c5ff87933a5c9,2185,0,train,0
7655,2186,75,Terebellidae,/home/tahiti/MARINE_DATASETS/FathomNet_FGVC2025/data/rois/2186_7655.png,/home/tahiti/MARINE_DATASETS/FathomNet_FGVC2025/data/images/2186.png,aed82caf9434840aacf86cf77108067ef1ac8631507618dec23002f256282be5,09ea36653195f7e998c5438e8b2b052e95545ead0cab87b1731b219a8c6b7e21,2186,0,train,0
7683,2196,3,Acanthoptilum,/home/tahiti/MARINE_DATASETS/FathomNet_FGVC2025/data/rois/2196_7683.png,/home/tahiti/MARINE_DATASETS/FathomNet_FGVC2025/data/images/2196.png,af0ffbb4da9f3faa8deb9cd097dae16b6b5419f59099d993c7d37b4cd855fafe,2422d3fcf88a1bcc3948be2db8da3bc5b85ad92bc80c71beae0973b3d39b8164,2196,4,train,4
7684,2196,42,Metridium farcimen,/home/tahiti/MARINE_DATASETS/FathomNet_FGVC2025/data/rois/2196_7684.png,/home/tahiti/MARINE_DATASETS/FathomNet_FGVC2025/data/images/2196.png,9fc57290d84b3cf058e62bcb6baf4f9e774688786820f3085d1d53e0335a6f62,2422d3fcf88a1bcc3948be2db8da3bc5b85ad92bc80c71beae0973b3d39b8164,2196,4,train,4
7697,2203,68,Scotoplanes globosa,/home/tahiti/MARINE_DATASETS/FathomNet_FGVC2025/data/rois/2203_7697.png,/home/tahiti/MARINE_DATASETS/FathomNet_FGVC2025/data/images/2203.png,4dfe418ac75dc0d9193b87ff3bb6d92a6e4ae1c302718f1835295b97f7ba5687,6b960092d97e59ee787390aff8ef95f8d0f8fd2c0cd398c9eefe04dc774ad2d0,2203,0,train,0
7705,2206,35,Isididae,/home/tahiti/MARINE_DATASETS/FathomNet_FGVC2025/data/rois/2206_7705.png,/home/tahiti/MARINE_DATASETS/FathomNet_FGVC2025/data/images/2206.png,6d3f108447c40e9dd19b3840c6c705acbd9854c9a2fbf7b8803044fad22ce03a,8ded848362eb87a8fdefc8305571f1ab8226e56d4df71cc65ceae118c5197e36,2206,0,train,0
7715,2212,11,Asteroidea,/home/tahiti/MARINE_DATASETS/FathomNet_FGVC2025/data/rois/2212_7715.png,/home/tahiti/MARINE_DATASETS/FathomNet_FGVC2025/data/images/2212.png,3a1ec40bc8bebabb6b693b815efc1742f4b97e0ba2ed63044a0323dcc7b670e2,6dede5458ab348d83d936511796202172d36187d82008ce8612d3e8820d5f517,2212,4,train,4
7716,2212,73,Staurocalyptus,/home/tahiti/MARINE_DATASETS/FathomNet_FGVC2025/data/rois/2212_7716.png,/home/tahiti/MARINE_DATASETS/FathomNet_FGVC2025/data/images/2212.png,947b8ee2b348ec30396519aae5374a007ef77e18a9440ffd76f4539669749ef7,6dede5458ab348d83d936511796202172d36187d82008ce8612d3e8820d5f517,2212,4,train,4
7729,2216,69,Sebastes,/home/tahiti/MARINE_DATASETS/FathomNet_FGVC2025/data/rois/2216_7729.png,/home/tahiti/MARINE_DATASETS/FathomNet_FGVC2025/data/images/2216.png,a7d0e43b72cad1dc8c5422f25202a1f84ce4e115ea7667035812b81a6d810cb1,888952cc807283a984e7a63dc85d0bb90483175a864a912b7e29991ec73a4cf7,2216,4,train,4
7734,2219,55,Paragorgia arborea,/home/tahiti/MARINE_DATASETS/FathomNet_FGVC2025/data/rois/2219_7734.png,/home/tahiti/MARINE_DATASETS/FathomNet_FGVC2025/data/images/2219.png,934992ce4ddb87b807d2ab024dd1414d17a8b2613f074e9c4ce8ed9007099b7a,fa16528d31f53b34979dc1139ea542eb2847d0b2ac2f8352015dfd6b340d29f6,2219,4,train,4
7758,2228,37,Keratoisis,/home/tahiti/MARINE_DATASETS/FathomNet_FGVC2025/data/rois/2228_7758.png,/home/tahiti/MARINE_DATASETS/FathomNet_FGVC2025/data/images/2228.png,013775cf83abfafefeef1bc9b06d23a23d897aece181140db922b3eb5da5b210,1aa7965917c7eb0cdcd83171b16697018982a19e1b8bb16a3b99900829580cdb,2228,5,train,5
7811,2252,35,Isididae,/home/tahiti/MARINE_DATASETS/FathomNet_FGVC2025/data/rois/2252_7811.png,/home/tahiti/MARINE_DATASETS/FathomNet_FGVC2025/data/images/2252.png,c175eaf413f610ecbf432825ab44606b880625f4e99ff406f35c021b86153952,cce9eb16f8627e42eb8e3a9be29d6dc2ca31bddd24f8aaa733708a07037c971f,2252,4,train,4
7828,2257,64,Pyrosoma atlanticum,/home/tahiti/MARINE_DATASETS/FathomNet_FGVC2025/data/rois/2257_7828.png,/home/tahiti/MARINE_DATASETS/FathomNet_FGVC2025/data/images/2257.png,f1df9528cd7bc9b01e5a3693a9bda5ce6c28fe659e169f90b51ec0f254b45b9a,5818434e7737eb84f9b2d3fe9045b2e19177f59fe93a953964cbee83c90b47ef,2257,4,train,4
7850,2265,27,Heterocarpus,/home/tahiti/MARINE_DATASETS/FathomNet_FGVC2025/data/rois/2265_7850.png,/home/tahiti/MARINE_DATASETS/FathomNet_FGVC2025/data/images/2265.png,a4999167f1069f0e66fc87c42ec5ca3196a177a8283a0af32d1e900ad5f0c10c,011ae00c0c86c050b24bfbbe899a973c798ff66866598b8b0d51123add0b6ace,2265,2,train,2
7855,2267,35,Isididae,/home/tahiti/MARINE_DATASETS/FathomNet_FGVC2025/data/rois/2267_7855.png,/home/tahiti/MARINE_DATASETS/FathomNet_FGVC2025/data/images/2267.png,f749816a71eda7868d1c3bca6c2aa67e33ff4cfed196af1282dcc6a9dff66719,8fbbc6c3804ed29614c1d40493e00eb11b49ceb0199cf1b51e40694cc4ab4926,2267,0,train,0
7871,2276,15,Ceriantharia,/home/tahiti/MARINE_DATASETS/FathomNet_FGVC2025/data/rois/2276_7871.png,/home/tahiti/MARINE_DATASETS/FathomNet_FGVC2025/data/images/2276.png,96ca4f8482e2e37f5dded557b1c1542a7fd344147009b84ac553fa9be5c42cb4,ff1cfe6faf99321a54f956a959617d48bebc73c94a15a9d73c42c479b860978b,2276,0,train,0
7873,2276,19,Crinoidea,/home/tahiti/MARINE_DATASETS/FathomNet_FGVC2025/data/rois/2276_7873.png,/home/tahiti/MARINE_DATASETS/FathomNet_FGVC2025/data/images/2276.png,16e3abf1b9968cb13575ba33c873bc80a2cc39139af1bf0b1cf0bd98c140bb80,ff1cfe6faf99321a54f956a959617d48bebc73c94a15a9d73c42c479b860978b,2276,0,train,0
7885,2281,55,Paragorgia arborea,/home/tahiti/MARINE_DATASETS/FathomNet_FGVC2025/data/rois/2281_7885.png,/home/tahiti/MARINE_DATASETS/FathomNet_FGVC2025/data/images/2281.png,9ac8d01715548b221072c3e0fd819955358036e06efb342c756e5336119ef253,e2a348db17523ec45d454b146b76233db367952f114badc427f6cef415d1c0b3,2281,0,train,0
7949,2303,35,Isididae,/home/tahiti/MARINE_DATASETS/FathomNet_FGVC2025/data/rois/2303_7949.png,/home/tahiti/MARINE_DATASETS/FathomNet_FGVC2025/data/images/2303.png,03795f933ebbb58b1b2d3d734f575e7cfc21f309c94ff408329d41a58fb71576,cf4acf704452abfce5ee3c476b6fcbce26ed9b0bee2bf703f2c2738fa419179e,2303,0,train,0
7951,2305,21,Elpidia,/home/tahiti/MARINE_DATASETS/FathomNet_FGVC2025/data/rois/2305_7951.png,/home/tahiti/MARINE_DATASETS/FathomNet_FGVC2025/data/images/2305.png,afbda7e0a2a87091f3dc7a770660c059cdcb724472e4fda4b599108d9af414e0,1ea48814321290822c9a27282ed62665bdc937510e00a207ab0e966e9a7cca30,2305,1,train,1
7952,2306,8,Apostichopus leukothele,/home/tahiti/MARINE_DATASETS/FathomNet_FGVC2025/data/rois/2306_7952.png,/home/tahiti/MARINE_DATASETS/FathomNet_FGVC2025/data/images/2306.png,a379d7c1d7aa5ab17d9b1c043cc0f6d7d68d7e0c630bde7e4e822bf710679b94,80b3fcc9c448084b8c87fa198e642b6d977598aa45cae512ddcebbbc6fa24aae,2306,2,train,2
7958,2309,53,Pannychia moseleyi,/home/tahiti/MARINE_DATASETS/FathomNet_FGVC2025/data/rois/2309_7958.png,/home/tahiti/MARINE_DATASETS/FathomNet_FGVC2025/data/images/2309.png,30c050619eb304e76825476b7ad1dae93165fe718726f8a61e0777005585ba92,831683f5d30790b8a424545c47fbcc687e311615218f71ea6179c43c2bf03a1f,2309,0,train,0
7974,2318,68,Scotoplanes globosa,/home/tahiti/MARINE_DATASETS/FathomNet_FGVC2025/data/rois/2318_7974.png,/home/tahiti/MARINE_DATASETS/FathomNet_FGVC2025/data/images/2318.png,e79dc3ea4f9b1fb794ef98e5afd24aa7f51064afdf2cd3bf2d7b4590044e0744,812d1fdf3b3ea3a17b865e77afe065f0bb6ff0cff9e176d1f896c50fd409418d,2318,0,train,0
7976,2320,7,Amphipoda,/home/tahiti/MARINE_DATASETS/FathomNet_FGVC2025/data/rois/2320_7976.png,/home/tahiti/MARINE_DATASETS/FathomNet_FGVC2025/data/images/2320.png,b4e61171360eb62980a9cff1eb64fadb16890894e0b8b265af2f7a4e6528c6a2,c66c54081de4234506330861a26c5503395a6794857ce7f6f2b575648a560a05,2320,4,train,4
8005,2334,37,Keratoisis,/home/tahiti/MARINE_DATASETS/FathomNet_FGVC2025/data/rois/2334_8005.png,/home/tahiti/MARINE_DATASETS/FathomNet_FGVC2025/data/images/2334.png,d037270aabfa5590c584212e904262d68ad4b4d2bdaae71b6ff87b7fc8562946,db2cd53a85ca4c9dfb443906b3d939da1c1289c5ee70d655fc0275be97871e3a,2334,4,train,4
8052,2361,28,Heterochone calyx,/home/tahiti/MARINE_DATASETS/FathomNet_FGVC2025/data/rois/2361_8052.png,/home/tahiti/MARINE_DATASETS/FathomNet_FGVC2025/data/images/2361.png,5708d537fb48e752bbf7a57abf91eab68956004ef321d8f7cf523c158b6b377f,4f628737efd4797a251594d1400c2d3cfe6bab935bce366db58c1569ea62d6bc,2361,5,train,5
8073,2372,30,Hexactinellida,/home/tahiti/MARINE_DATASETS/FathomNet_FGVC2025/data/rois/2372_8073.png,/home/tahiti/MARINE_DATASETS/FathomNet_FGVC2025/data/images/2372.png,9842d7e231ae10397d1f4a072a22675b56be34fb928c5f3073cea7224037502e,61af89b7cc518dce4e13a37f05bde6445cb288f876bd470279dc3ca257280aa3,2372,0,train,0
8093,2377,28,Heterochone calyx,/home/tahiti/MARINE_DATASETS/FathomNet_FGVC2025/data/rois/2377_8093.png,/home/tahiti/MARINE_DATASETS/FathomNet_FGVC2025/data/images/2377.png,00bcee21b64ff55faec8243f1700a5e441b5755689a8effd231e14250900fe73,f497a5776bf1cc8cac96aee172a80ec8a7a3b490c2e157dbce1bf1ba06e440a6,2377,1,train,1
8110,2385,20,Delectopecten,/home/tahiti/MARINE_DATASETS/FathomNet_FGVC2025/data/rois/2385_8110.png,/home/tahiti/MARINE_DATASETS/FathomNet_FGVC2025/data/images/2385.png,b76c06754d2afad5e9231fdcf96d4af9723cb50b2942c8ee4a88f7f74dc67354,3e0281643a639b56c3cd256b84c5ea4f9134358112968cd35d6917a9b836f1bb,2385,2,train,2
8118,2386,8,Apostichopus leukothele,/home/tahiti/MARINE_DATASETS/FathomNet_FGVC2025/data/rois/2386_8118.png,/home/tahiti/MARINE_DATASETS/FathomNet_FGVC2025/data/images/2386.png,f110f6a5f6e26db1d3d3d3cc293592c9b12157635faae50dfd8b63c755224f5f,cbd9ee93bf6791ede9be7be5791bb9d4366238720fc9944c0bc7b4bd2d771751,2386,5,train,5
8119,2387,41,Merluccius productus,/home/tahiti/MARINE_DATASETS/FathomNet_FGVC2025/data/rois/2387_8119.png,/home/tahiti/MARINE_DATASETS/FathomNet_FGVC2025/data/images/2387.png,5a483598d28b33bee570b69b12dd6800d6a153f68efed49e7bd9e30dec6f9d19,733dc5e59b7ec83bd7ed0884fc03b4419bb208ea1085b5c274d56b996630a69a,2387,0,train,0
8124,2390,28,Heterochone calyx,/home/tahiti/MARINE_DATASETS/FathomNet_FGVC2025/data/rois/2390_8124.png,/home/tahiti/MARINE_DATASETS/FathomNet_FGVC2025/data/images/2390.png,adb4ac29d37ceecb6a5f0576ed2043e06ac920de6fa04430f1fa7520cf3282bc,ab441ff81b7da745d64ff7b666339d7ea8b6993baaff0bcb1a5e9cc55d0a302d,2390,1,train,1
8138,2390,16,Chionoecetes tanneri,/home/tahiti/MARINE_DATASETS/FathomNet_FGVC2025/data/rois/2390_8138.png,/home/tahiti/MARINE_DATASETS/FathomNet_FGVC2025/data/images/2390.png,474b3d46d91ea2b90f9437c923c35b88858ba5f4ef72cd963e8539334e72c069,ab441ff81b7da745d64ff7b666339d7ea8b6993baaff0bcb1a5e9cc55d0a302d,2390,1,train,1
8151,2393,65,Rathbunaster californicus,/home/tahiti/MARINE_DATASETS/FathomNet_FGVC2025/data/rois/2393_8151.png,/home/tahiti/MARINE_DATASETS/FathomNet_FGVC2025/data/images/2393.png,4f4c26d1d1069d65989c67cf7f262d2e93918437000802b87e55ae9c63c07ef8,a274f511f9d4f251a2a9f9f5f34f14f7ec3b1c91ebb341c2834c32d413ae05b7,2393,5,train,5
8166,2395,10,Asbestopluma monticola,/home/tahiti/MARINE_DATASETS/FathomNet_FGVC2025/data/rois/2395_8166.png,/home/tahiti/MARINE_DATASETS/FathomNet_FGVC2025/data/images/2395.png,01f2d26483dfe98976c3b35ef21ac25812e07b93d018840214e01308bb18e6d9,fa58f499453aa3b9a7438212d8e54e095aa77834ea7a8887961edd354c009129,2395,1,train,1
8177,2395,29,Heteropolypus ritteri,/home/tahiti/MARINE_DATASETS/FathomNet_FGVC2025/data/rois/2395_8177.png,/home/tahiti/MARINE_DATASETS/FathomNet_FGVC2025/data/images/2395.png,d0f079f13333c00fbfc0dfbcb8ab9dd41d336fcd3414a053400f9adc31314d8f,fa58f499453aa3b9a7438212d8e54e095aa77834ea7a8887961edd354c009129,2395,1,train,1
8224,2408,77,Umbellula,/home/tahiti/MARINE_DATASETS/FathomNet_FGVC2025/data/rois/2408_8224.png,/home/tahiti/MARINE_DATASETS/FathomNet_FGVC2025/data/images/2408.png,303f9eeb35953c1c7d2b7d07f741f73aa295207307b948236fed1b6bae64d285,b64f7eac5704d302bed42d4e600602a89f736b361f24edb328c566906a998cd2,2408,0,train,0
8243,2411,16,Chionoecetes tanneri,/home/tahiti/MARINE_DATASETS/FathomNet_FGVC2025/data/rois/2411_8243.png,/home/tahiti/MARINE_DATASETS/FathomNet_FGVC2025/data/images/2411.png,4baa4be455e40114506a1d1f6b3f7b79660401d71b4a265fa1e97204bbcdba90,e9c7fa0ee0565a49a57dc0391c1b62cad66e22877b98bfe6ed26135045930b58,2411,1,train,1
8258,2414,22,Farrea,/home/tahiti/MARINE_DATASETS/FathomNet_FGVC2025/data/rois/2414_8258.png,/home/tahiti/MARINE_DATASETS/FathomNet_FGVC2025/data/images/2414.png,9f06454d40af8400c8af473a0c6264ee84d3c372d5d4233e33135b33bb736c0d,3af27f66f2ca96968c42327f504520b483ce5947571a22ad41a8f87d7a984060,2414,4,train,4
8290,2423,59,Pennatula phosphorea,/home/tahiti/MARINE_DATASETS/FathomNet_FGVC2025/data/rois/2423_8290.png,/home/tahiti/MARINE_DATASETS/FathomNet_FGVC2025/data/images/2423.png,c21d518ec44206bef0348aba268cffff03fb2b80c9fcf3bbdfc8c9411826edcb,07c18d7199b6d2cdd65702c3da52ab116873ea15065ed76c66cefb36998b9d7d,2423,1,train,1
8342,2444,31,Hippasteria,/home/tahiti/MARINE_DATASETS/FathomNet_FGVC2025/data/rois/2444_8342.png,/home/tahiti/MARINE_DATASETS/FathomNet_FGVC2025/data/images/2444.png,7cf93bdfc873cda2e28fc97344a98834cb9f3e93a62b88725a1a22cd21fcef69,fc9a0d7d568f89d1814eaf5885744e1bb8ee4a67ceeb63c9925061693cdea270,2444,5,train,5
8345,2444,31,Hippasteria,/home/tahiti/MARINE_DATASETS/FathomNet_FGVC2025/data/rois/2444_8345.png,/home/tahiti/MARINE_DATASETS/FathomNet_FGVC2025/data/images/2444.png,37b273c3165ba3245e811a3b0cd395df13efda18ce0f5dc72b6e82f30e7084c1,fc9a0d7d568f89d1814eaf5885744e1bb8ee4a67ceeb63c9925061693cdea270,2444,5,train,5
8349,2444,73,Staurocalyptus,/home/tahiti/MARINE_DATASETS/FathomNet_FGVC2025/data/rois/2444_8349.png,/home/tahiti/MARINE_DATASETS/FathomNet_FGVC2025/data/images/2444.png,f9e626350e9e9a85f4868ead81b59d5fa50906b21fb2879a0ab30ae27576fcaa,fc9a0d7d568f89d1814eaf5885744e1bb8ee4a67ceeb63c9925061693cdea270,2444,5,train,5
8353,2444,31,Hippasteria,/home/tahiti/MARINE_DATASETS/FathomNet_FGVC2025/data/rois/2444_8353.png,/home/tahiti/MARINE_DATASETS/FathomNet_FGVC2025/data/images/2444.png,8bf47f9c31012792f566860117406c6721f76ef35831a1b4c387e236bc987b2e,fc9a0d7d568f89d1814eaf5885744e1bb8ee4a67ceeb63c9925061693cdea270,2444,5,train,5
8373,2451,24,Funiculina,/home/tahiti/MARINE_DATASETS/FathomNet_FGVC2025/data/rois/2451_8373.png,/home/tahiti/MARINE_DATASETS/FathomNet_FGVC2025/data/images/2451.png,efba879a765a0de0812b092a369bb820fd87565a7133f57e6094873f94798750,afb17890e4c251b471a786da88a1fcab59e27227bfd15c483baaacf30f8924d2,2451,4,train,4
8437,2454,67,Scotoplanes,/home/tahiti/MARINE_DATASETS/FathomNet_FGVC2025/data/rois/2454_8437.png,/home/tahiti/MARINE_DATASETS/FathomNet_FGVC2025/data/images/2454.png,a52d80ba4f28a3310d3290fb7870fdee49b8b604c29fc4f6f54865e6f67d633f,41f585637b255b1f261efea641e60fa71026f5f45bcacd9a1d4566ebd647366d,2454,0,train,0
8488,2471,53,Pannychia moseleyi,/home/tahiti/MARINE_DATASETS/FathomNet_FGVC2025/data/rois/2471_8488.png,/home/tahiti/MARINE_DATASETS/FathomNet_FGVC2025/data/images/2471.png,5706194f65c0bf769b6b89b60ea7592d0b02b9375baca706efda713c1961875f,94f8c57873851baac675e60d9e7472f4c7faf5d59e035bc65e84db7d1308e1ed,2471,5,train,5
8494,2474,54,Paragorgia,/home/tahiti/MARINE_DATASETS/FathomNet_FGVC2025/data/rois/2474_8494.png,/home/tahiti/MARINE_DATASETS/FathomNet_FGVC2025/data/images/2474.png,38af68a87cc0c63c0cd0efd981955bea520804547a7016746d36e224de2eab8c,5354e041addf7e929b954c5da9bb6760bc09e6fc772ab9b9343db8fa834fcacd,2474,5,train,5
8526,2492,35,Isididae,/home/tahiti/MARINE_DATASETS/FathomNet_FGVC2025/data/rois/2492_8526.png,/home/tahiti/MARINE_DATASETS/FathomNet_FGVC2025/data/images/2492.png,63a710c8e8fe2ebc9bb9f30408bdb229bbce376220f8fbf8921b7f8994094a40,5fbcb803f93c41fde964f7ec415c18d605a671be294b6586942ece7babf46440,2492,2,train,2
8581,2517,16,Chionoecetes tanneri,/home/tahiti/MARINE_DATASETS/FathomNet_FGVC2025/data/rois/2517_8581.png,/home/tahiti/MARINE_DATASETS/FathomNet_FGVC2025/data/images/2517.png,6ba8ac3a7985df27b9ba0352f00d3de8dfe2e2b6743b44c3dea6566f1ca8514a,39ec68bae5662670a0c426231cef59911dd0494e264785118ed0cbc34de5be05,2517,1,train,1
8596,2523,54,Paragorgia,/home/tahiti/MARINE_DATASETS/FathomNet_FGVC2025/data/rois/2523_8596.png,/home/tahiti/MARINE_DATASETS/FathomNet_FGVC2025/data/images/2523.png,de3ce6c21a7fb9852627cbb8eee2b9ac9e5de079bce908bc5b64174399237f90,8579437ec9ff48639481b40bbcfb92760ff28ab30375a7d7d24ac1c9998fc76d,2523,1,train,1
8606,2530,30,Hexactinellida,/home/tahiti/MARINE_DATASETS/FathomNet_FGVC2025/data/rois/2530_8606.png,/home/tahiti/MARINE_DATASETS/FathomNet_FGVC2025/data/images/2530.png,229d6092ed6906bd1c086ea1ac72030af9a323e5eb21c6478cbcad23aef28562,542800edadd945bae1ce0413d172c2f4b777ec5533e2f4687800bbf0db216c06,2530,4,train,4
8621,2537,33,Hormathiidae,/home/tahiti/MARINE_DATASETS/FathomNet_FGVC2025/data/rois/2537_8621.png,/home/tahiti/MARINE_DATASETS/FathomNet_FGVC2025/data/images/2537.png,ca298e0a984376c1c3ee53c79dcc0fc34639ef10e81b5f88b99c280e19f0b087,91da7870a2f274d9d1c8197ed68db25c1e372d07c0917313b7d612bd3b30917e,2537,2,train,2
8634,2537,33,Hormathiidae,/home/tahiti/MARINE_DATASETS/FathomNet_FGVC2025/data/rois/2537_8634.png,/home/tahiti/MARINE_DATASETS/FathomNet_FGVC2025/data/images/2537.png,460d1a5864892f4ca45e01691c710f11b7bf06f58ed6bd464d64cada2942c207,91da7870a2f274d9d1c8197ed68db25c1e372d07c0917313b7d612bd3b30917e,2537,2,train,2
8652,2542,27,Heterocarpus,/home/tahiti/MARINE_DATASETS/FathomNet_FGVC2025/data/rois/2542_8652.png,/home/tahiti/MARINE_DATASETS/FathomNet_FGVC2025/data/images/2542.png,d4095b2ee9e2ff023be07122aa01b110c40ef144d15ec3c1086361ebb2a8fec3,936a815b97b7d2e052c11f42af6deb07bb4ae7ad9c141734339d932c3c6cc3ba,2542,4,train,4
8659,2546,68,Scotoplanes globosa,/home/tahiti/MARINE_DATASETS/FathomNet_FGVC2025/data/rois/2546_8659.png,/home/tahiti/MARINE_DATASETS/FathomNet_FGVC2025/data/images/2546.png,380b0d7bc5932033b2d7b12ad7ab9fe7c790f16533f284b5aebb8b9bca469397,a13413550a77f6df8481034e37b3bad25cdaeeb6ddc32d9acce5100c6248a951,2546,0,train,0
8666,2551,75,Terebellidae,/home/tahiti/MARINE_DATASETS/FathomNet_FGVC2025/data/rois/2551_8666.png,/home/tahiti/MARINE_DATASETS/FathomNet_FGVC2025/data/images/2551.png,21e3f16e6be796761542cf79f667c88dee26b754b7c335745c7ad177a84248df,a76205acfbaa4a5daf80af1a908972d0a50d5c3f559910903c81c938ff6e5f25,2551,1,train,1
8671,2553,44,Munidopsis,/home/tahiti/MARINE_DATASETS/FathomNet_FGVC2025/data/rois/2553_8671.png,/home/tahiti/MARINE_DATASETS/FathomNet_FGVC2025/data/images/2553.png,019cb176a9d0b1303e18d84f2765c4fc903babe05764d1123ace6757c2e59f97,a79d3e6b25b21c000fcb80039c786c9c9a30b7ca4e15c9fc69f69f3798f42687,2553,0,train,0
8697,2566,29,Heteropolypus ritteri,/home/tahiti/MARINE_DATASETS/FathomNet_FGVC2025/data/rois/2566_8697.png,/home/tahiti/MARINE_DATASETS/FathomNet_FGVC2025/data/images/2566.png,72a65ca92a6b613cde95ac3f0703ecda4814cbf7228cf1045d40c3930adf062d,0c8b49761f60a74a3296e8d76b10528c88bbe5a0b35823ce9b27b552a93a3023,2566,4,train,4
8722,2575,30,Hexactinellida,/home/tahiti/MARINE_DATASETS/FathomNet_FGVC2025/data/rois/2575_8722.png,/home/tahiti/MARINE_DATASETS/FathomNet_FGVC2025/data/images/2575.png,f09bff6b8e5287f47f2ad34f93facd35e1a3cc67970cd6de2cf2c29525409463,6c069954a16b047f2f11789f2847cb9716d170f5e07b30a1d16f25a190152443,2575,1,train,1
8723,2575,30,Hexactinellida,/home/tahiti/MARINE_DATASETS/FathomNet_FGVC2025/data/rois/2575_8723.png,/home/tahiti/MARINE_DATASETS/FathomNet_FGVC2025/data/images/2575.png,00e924530f1454db0dc6c57388f9729ecd56bbc27e2a1ca95fdd24706b5575a0,6c069954a16b047f2f11789f2847cb9716d170f5e07b30a1d16f25a190152443,2575,1,train,1
8743,2576,72,Serpulidae,/home/tahiti/MARINE_DATASETS/FathomNet_FGVC2025/data/rois/2576_8743.png,/home/tahiti/MARINE_DATASETS/FathomNet_FGVC2025/data/images/2576.png,6de9e3b452e0e5fc3f7cdd497a0751d1721fbc470c5e14cad53d6bddd6733fa5,1331abe571dcdccc8e17b7451be1f670af698d9428826ee46d6787da9a677b3b,2576,2,train,2
8746,2576,72,Serpulidae,/home/tahiti/MARINE_DATASETS/FathomNet_FGVC2025/data/rois/2576_8746.png,/home/tahiti/MARINE_DATASETS/FathomNet_FGVC2025/data/images/2576.png,1e3dc95b18e7ec31065a2a1b1c64c64f8caa2c8f290c73ac903baacc786da136,1331abe571dcdccc8e17b7451be1f670af698d9428826ee46d6787da9a677b3b,2576,2,train,2
8750,2576,72,Serpulidae,/home/tahiti/MARINE_DATASETS/FathomNet_FGVC2025/data/rois/2576_8750.png,/home/tahiti/MARINE_DATASETS/FathomNet_FGVC2025/data/images/2576.png,92434d2ebd01413cec302fe477c399571d00f94970427ba25135529f8c9c8245,1331abe571dcdccc8e17b7451be1f670af698d9428826ee46d6787da9a677b3b,2576,2,train,2
8752,2576,72,Serpulidae,/home/tahiti/MARINE_DATASETS/FathomNet_FGVC2025/data/rois/2576_8752.png,/home/tahiti/MARINE_DATASETS/FathomNet_FGVC2025/data/images/2576.png,953d33cd52ad9bcbc1425790cf4247f62d59d7f64fd41e370169ef2f4aba64dc,1331abe571dcdccc8e17b7451be1f670af698d9428826ee46d6787da9a677b3b,2576,2,train,2
8756,2576,72,Serpulidae,/home/tahiti/MARINE_DATASETS/FathomNet_FGVC2025/data/rois/2576_8756.png,/home/tahiti/MARINE_DATASETS/FathomNet_FGVC2025/data/images/2576.png,adc9b84b9f60bf72f68fc60ef705f965d5ccd04c4842db04867caa3445b85cdf,1331abe571dcdccc8e17b7451be1f670af698d9428826ee46d6787da9a677b3b,2576,2,train,2
8763,2576,72,Serpulidae,/home/tahiti/MARINE_DATASETS/FathomNet_FGVC2025/data/rois/2576_8763.png,/home/tahiti/MARINE_DATASETS/FathomNet_FGVC2025/data/images/2576.png,4707d1c27c8a799cf48ef56e329cb2cbd944b15575505644799d356d8b3c7aa2,1331abe571dcdccc8e17b7451be1f670af698d9428826ee46d6787da9a677b3b,2576,2,train,2
8766,2576,72,Serpulidae,/home/tahiti/MARINE_DATASETS/FathomNet_FGVC2025/data/rois/2576_8766.png,/home/tahiti/MARINE_DATASETS/FathomNet_FGVC2025/data/images/2576.png,d309c2e3b995bb201b072843f4f42937b8512762f3f815e50d07db5136e5ea77,1331abe571dcdccc8e17b7451be1f670af698d9428826ee46d6787da9a677b3b,2576,2,train,2
8781,2576,72,Serpulidae,/home/tahiti/MARINE_DATASETS/FathomNet_FGVC2025/data/rois/2576_8781.png,/home/tahiti/MARINE_DATASETS/FathomNet_FGVC2025/data/images/2576.png,445fc038afac8bd9bfb6056c6c85b14865d47207fd73d5a58f7fbad2dc97d694,1331abe571dcdccc8e17b7451be1f670af698d9428826ee46d6787da9a677b3b,2576,2,train,2
8798,2576,72,Serpulidae,/home/tahiti/MARINE_DATASETS/FathomNet_FGVC2025/data/rois/2576_8798.png,/home/tahiti/MARINE_DATASETS/FathomNet_FGVC2025/data/images/2576.png,fa5b185d9045bd49013fc8c9d6aa31f871796b707fbeb6ee44dcde0e838ca7d7,1331abe571dcdccc8e17b7451be1f670af698d9428826ee46d6787da9a677b3b,2576,2,train,2
8811,2576,72,Serpulidae,/home/tahiti/MARINE_DATASETS/FathomNet_FGVC2025/data/rois/2576_8811.png,/home/tahiti/MARINE_DATASETS/FathomNet_FGVC2025/data/images/2576.png,2b699683c1c2400a2c7455cb8e02b040927f37464cc0be8700075d613d92b1ea,1331abe571dcdccc8e17b7451be1f670af698d9428826ee46d6787da9a677b3b,2576,2,train,2
8817,2576,72,Serpulidae,/home/tahiti/MARINE_DATASETS/FathomNet_FGVC2025/data/rois/2576_8817.png,/home/tahiti/MARINE_DATASETS/FathomNet_FGVC2025/data/images/2576.png,47780a9106b7d5e9609a930654b7932ca9f8cf2fd7b98400841a71a1d8c1f3af,1331abe571dcdccc8e17b7451be1f670af698d9428826ee46d6787da9a677b3b,2576,2,train,2
8831,2577,55,Paragorgia arborea,/home/tahiti/MARINE_DATASETS/FathomNet_FGVC2025/data/rois/2577_8831.png,/home/tahiti/MARINE_DATASETS/FathomNet_FGVC2025/data/images/2577.png,2a658540f344218ff80663349f26cba0e8eee53c716e4c1ed9e4a9892f7c856a,fa76ba8ff539e12279d254a335f2ff93e4349e0bb0bb377c858efca1b9e46bcf,2577,1,train,1
8865,2594,2,Acanthascinae,/home/tahiti/MARINE_DATASETS/FathomNet_FGVC2025/data/rois/2594_8865.png,/home/tahiti/MARINE_DATASETS/FathomNet_FGVC2025/data/images/2594.png,2e0a3c33fa5c6b4a9bce738c0847ac8c74eff09b61535ed8b8e8733c371e21d5,0c1630936af4b8b3b8d5b64843723850e88adc2a30f7c0de9dbeeeb1df7cd341,2594,5,train,5
8872,2596,30,Hexactinellida,/home/tahiti/MARINE_DATASETS/FathomNet_FGVC2025/data/rois/2596_8872.png,/home/tahiti/MARINE_DATASETS/FathomNet_FGVC2025/data/images/2596.png,25058cc892c8e1932cdb0b58ed3f616c47eb5cb38c1516b53412b369899293b1,f056b9226be6d38d693ab501dfe6b47d11006153dae11e267482279fdbe0ef71,2596,0,train,0
8881,2597,38,Liponema brevicorne,/home/tahiti/MARINE_DATASETS/FathomNet_FGVC2025/data/rois/2597_8881.png,/home/tahiti/MARINE_DATASETS/FathomNet_FGVC2025/data/images/2597.png,398a781fbed0000764de25c548b8e1c084535bfd8e4efa1df9b499832cbf9178,2f21b3163ca9ad16c45f1ec30ceda8e9a14215221ddf081ab9bda72810483b5a,2597,4,train,4
8888,2601,28,Heterochone calyx,/home/tahiti/MARINE_DATASETS/FathomNet_FGVC2025/data/rois/2601_8888.png,/home/tahiti/MARINE_DATASETS/FathomNet_FGVC2025/data/images/2601.png,5683a9b1a8c31b65a0bb8157389b8cc80eb6f6db1e82d125879e8eda834358c7,678eb8b44e7ec7e17d5da30932d62f53e9df136345b389fde104a16d2d405718,2601,4,train,4
8927,2611,47,Octopus rubescens,/home/tahiti/MARINE_DATASETS/FathomNet_FGVC2025/data/rois/2611_8927.png,/home/tahiti/MARINE_DATASETS/FathomNet_FGVC2025/data/images/2611.png,ca4869d180f7cffdfccf4fb614df868e481715d3db85d941450890e1e97e0436,97b12a82ba2383de42455a24178a3012ab458ce431b15b3521be77400e4d6f37,2611,5,train,5
8934,2613,69,Sebastes,/home/tahiti/MARINE_DATASETS/FathomNet_FGVC2025/data/rois/2613_8934.png,/home/tahiti/MARINE_DATASETS/FathomNet_FGVC2025/data/images/2613.png,3d42c8884699ee4b211cd7806309040c9c62373900bb55521b67ea9bd6dc2173,c8b633bef7b49361fb39ecceb2e5779a5bd1b4b1e852b63e0434b859fe3e7b3b,2613,5,train,5
8941,2613,69,Sebastes,/home/tahiti/MARINE_DATASETS/FathomNet_FGVC2025/data/rois/2613_8941.png,/home/tahiti/MARINE_DATASETS/FathomNet_FGVC2025/data/images/2613.png,3970372f630d13c882fe6e2b8f2d9a036011d5cfa09293b6e132f32a5670f4da,c8b633bef7b49361fb39ecceb2e5779a5bd1b4b1e852b63e0434b859fe3e7b3b,2613,5,train,5
8953,2620,42,Metridium farcimen,/home/tahiti/MARINE_DATASETS/FathomNet_FGVC2025/data/rois/2620_8953.png,/home/tahiti/MARINE_DATASETS/FathomNet_FGVC2025/data/images/2620.png,f151413c40b3320af9cf25d12637079d8437b376c3e5333390b977ab724110ed,49f65c6e4390599bc910b7ca305acbf4cbd65ade3fd0d89795cf1d1b9cf13633,2620,0,train,0
8966,2628,42,Metridium farcimen,/home/tahiti/MARINE_DATASETS/FathomNet_FGVC2025/data/rois/2628_8966.png,/home/tahiti/MARINE_DATASETS/FathomNet_FGVC2025/data/images/2628.png,ade201a26d32d32950b5816a3c4bbacb43b4fd4c1e6c310e9ec91bedd12f434d,5de7e89ccc0dbefd3d66557ed134623ea1e465888ee3dc5fd80b14aa12720784,2628,4,train,4
8985,2636,28,Heterochone calyx,/home/tahiti/MARINE_DATASETS/FathomNet_FGVC2025/data/rois/2636_8985.png,/home/tahiti/MARINE_DATASETS/FathomNet_FGVC2025/data/images/2636.png,e9bbcb07e67b74d21edcb3c08554cf8f5984c8d15f4f86181bfba9be15cf1eeb,951cf291312653276563d91f92e2eb3381a06c1273bf7d5519eada2b0cd34071,2636,4,train,4
9002,2640,78,Vesicomyidae,/home/tahiti/MARINE_DATASETS/FathomNet_FGVC2025/data/rois/2640_9002.png,/home/tahiti/MARINE_DATASETS/FathomNet_FGVC2025/data/images/2640.png,c5e5e514602db2f61781fc7237eaeb59558767070272274ade385453e9ddac0a,72c8b53552a9a16eae53a41a5edd1107907c4419c72a53209298d24ab641c7eb,2640,1,train,1
9021,2643,35,Isididae,/home/tahiti/MARINE_DATASETS/FathomNet_FGVC2025/data/rois/2643_9021.png,/home/tahiti/MARINE_DATASETS/FathomNet_FGVC2025/data/images/2643.png,657bab4034ab0c8e9623a3c8a21f706737f1e45e7d6f439cc66e6c0b5b0ae7c6,e378fbdda367d83ae82510c20be603df7d726a4b42af9ea7fe120805cae6a21a,2643,1,train,1
9045,2655,37,Keratoisis,/home/tahiti/MARINE_DATASETS/FathomNet_FGVC2025/data/rois/2655_9045.png,/home/tahiti/MARINE_DATASETS/FathomNet_FGVC2025/data/images/2655.png,f392bfbee1caa3ca1f0ef0f119c457b61e2b8cc751ce71fd483ac5ebdc9f1dcf,94059886df56972fb620dd2f9dbbdb9991928d09562a27fd66bacc6c531e164c,2655,4,train,4
9057,2658,44,Munidopsis,/home/tahiti/MARINE_DATASETS/FathomNet_FGVC2025/data/rois/2658_9057.png,/home/tahiti/MARINE_DATASETS/FathomNet_FGVC2025/data/images/2658.png,dd277617914e57791b9d2cc0c0feadfecd4bad47555b3b6739227bfb6d4bd644,b0754bf6221430c2c8f5891661a6401217ed7cfc97e55721d9704a85ff424b01,2658,0,train,0
9059,2658,68,Scotoplanes globosa,/home/tahiti/MARINE_DATASETS/FathomNet_FGVC2025/data/rois/2658_9059.png,/home/tahiti/MARINE_DATASETS/FathomNet_FGVC2025/data/images/2658.png,d1f0fe59389629d3ec0f08a39870f91bd8a5eb62746804d1a0574e085651c6df,b0754bf6221430c2c8f5891661a6401217ed7cfc97e55721d9704a85ff424b01,2658,0,train,0
9061,2659,67,Scotoplanes,/home/tahiti/MARINE_DATASETS/FathomNet_FGVC2025/data/rois/2659_9061.png,/home/tahiti/MARINE_DATASETS/FathomNet_FGVC2025/data/images/2659.png,b3b18e1b3198e4f694fc2e7f7d73a0985386fb5fb2a2ef21d48f23f6b47fed2a,1624e3626c044b1ca6d22e6b4460f02460dd70941fc910734ae75e97319348b3,2659,1,train,1
9065,2661,65,Rathbunaster californicus,/home/tahiti/MARINE_DATASETS/FathomNet_FGVC2025/data/rois/2661_9065.png,/home/tahiti/MARINE_DATASETS/FathomNet_FGVC2025/data/images/2661.png,0b95be4bc0f274b592e9a625d88abf616f08f2a988a56c0f8a396c537749117f,78f87f2898e7ac1af0f4b9738e91ae9d5ca0ecef2d488818f03c68494d448cf1,2661,4,train,4
9067,2663,69,Sebastes,/home/tahiti/MARINE_DATASETS/FathomNet_FGVC2025/data/rois/2663_9067.png,/home/tahiti/MARINE_DATASETS/FathomNet_FGVC2025/data/images/2663.png,d0127edc848b34d9940ee4b66f539ec2a97fb74432b27cef25e46f4c7e6c5222,df5a7a98940c5d573aa9974d989557cac8505583c42b5c0cb29b02613dc53144,2663,0,train,0
9071,2665,65,Rathbunaster californicus,/home/tahiti/MARINE_DATASETS/FathomNet_FGVC2025/data/rois/2665_9071.png,/home/tahiti/MARINE_DATASETS/FathomNet_FGVC2025/data/images/2665.png,9faf342a11eff787e1e984197335970e70a54c52df1d2a10b6bd7e754407ef9d,50be6126ad237e36b23050ead1aee9f04a9e9cbc909bf740956c78e62e16a070,2665,2,train,2
9086,2670,65,Rathbunaster californicus,/home/tahiti/MARINE_DATASETS/FathomNet_FGVC2025/data/rois/2670_9086.png,/home/tahiti/MARINE_DATASETS/FathomNet_FGVC2025/data/images/2670.png,805483e2e779ea4dd23bc599ee61d8480efffbecf3c1006f5dccfe004791f99e,552da7c14da383d7b98b2ed3117087e5fa8eab017140c099835630461ed9f9f9,2670,1,train,1
9087,2670,19,Crinoidea,/home/tahiti/MARINE_DATASETS/FathomNet_FGVC2025/data/rois/2670_9087.png,/home/tahiti/MARINE_DATASETS/FathomNet_FGVC2025/data/images/2670.png,54a48348d12e14990e675bdbc33dc1424226c910cbc1688f2ec6d5cd4eb72db4,552da7c14da383d7b98b2ed3117087e5fa8eab017140c099835630461ed9f9f9,2670,1,train,1
9088,2670,56,Paralomis multispina,/home/tahiti/MARINE_DATASETS/FathomNet_FGVC2025/data/rois/2670_9088.png,/home/tahiti/MARINE_DATASETS/FathomNet_FGVC2025/data/images/2670.png,36b403a24f1efe0bb60011c9f58c717091b20c50d81433ea21d3421905d4c017,552da7c14da383d7b98b2ed3117087e5fa8eab017140c099835630461ed9f9f9,2670,1,train,1
9106,2676,32,Holothuroidea,/home/tahiti/MARINE_DATASETS/FathomNet_FGVC2025/data/rois/2676_9106.png,/home/tahiti/MARINE_DATASETS/FathomNet_FGVC2025/data/images/2676.png,8993a129d68a80df286cb3661f42cff29c091becfc6863674786249d224c32a5,82fd5e6a21bb4a4cbaddf356ccd8d44fff7994520a82087b36d91b6438ec05a4,2676,2,train,2
9112,2682,37,Keratoisis,/home/tahiti/MARINE_DATASETS/FathomNet_FGVC2025/data/rois/2682_9112.png,/home/tahiti/MARINE_DATASETS/FathomNet_FGVC2025/data/images/2682.png,1de896cfd3c1c6a6c0c90e19c5853ff05e2608f56c26babeda8a2b8bf29fca4f,f9426982cae8e364aab719386e71b319d4214a16c4b51da0e953b9c09e37c1ea,2682,0,train,0
9145,2699,76,Tunicata,/home/tahiti/MARINE_DATASETS/FathomNet_FGVC2025/data/rois/2699_9145.png,/home/tahiti/MARINE_DATASETS/FathomNet_FGVC2025/data/images/2699.png,43101a4784b9d5d6db71ed6ac9c56ac9700a4a0a0c13f886deade803854bcfe9,ceccc3d99b04123bede6b1d13ef0a305366236768a1022de04bf0ba756dd3328,2699,5,train,5
9208,2724,19,Crinoidea,/home/tahiti/MARINE_DATASETS/FathomNet_FGVC2025/data/rois/2724_9208.png,/home/tahiti/MARINE_DATASETS/FathomNet_FGVC2025/data/images/2724.png,c8d58810ea630e61c031e500e725cc5e9037eda6900fb0393ff9878cbb7f0b1b,3f9d2df4eda863bdd377021e13c5d3c5446c5c9b64f70c1065772cd004bce0ed,2724,1,train,1
9215,2726,79,Zoantharia,/home/tahiti/MARINE_DATASETS/FathomNet_FGVC2025/data/rois/2726_9215.png,/home/tahiti/MARINE_DATASETS/FathomNet_FGVC2025/data/images/2726.png,665f7335958758e122b44a12e6879904449fe54afbabc8bee399faccfe023889,e9758e66ec59a8c3a0738e98e2693381416d8170435966ce129987508db1bc22,2726,5,train,5
9218,2726,79,Zoantharia,/home/tahiti/MARINE_DATASETS/FathomNet_FGVC2025/data/rois/2726_9218.png,/home/tahiti/MARINE_DATASETS/FathomNet_FGVC2025/data/images/2726.png,285ad8bd6475265b33492dcb35e0b5bb2bb3eae86dcc5024e82154364aa4bbd4,e9758e66ec59a8c3a0738e98e2693381416d8170435966ce129987508db1bc22,2726,5,train,5
9242,2726,79,Zoantharia,/home/tahiti/MARINE_DATASETS/FathomNet_FGVC2025/data/rois/2726_9242.png,/home/tahiti/MARINE_DATASETS/FathomNet_FGVC2025/data/images/2726.png,69cf2030c7fea5c872d236ad29cceb80af42e9da8c25c25f7d4a9f76711635a6,e9758e66ec59a8c3a0738e98e2693381416d8170435966ce129987508db1bc22,2726,5,train,5
9251,2734,28,Heterochone calyx,/home/tahiti/MARINE_DATASETS/FathomNet_FGVC2025/data/rois/2734_9251.png,/home/tahiti/MARINE_DATASETS/FathomNet_FGVC2025/data/images/2734.png,1bdda4cac281af833e48e155fdf0cc13d2cceddf8b74f08938011b3903a26992,d088da028315ca469e50f6017e6c4908351a5d7a63d4cbfe35de7bbbc8e1d30c,2734,1,train,1
9257,2736,14,Caridea,/home/tahiti/MARINE_DATASETS/FathomNet_FGVC2025/data/rois/2736_9257.png,/home/tahiti/MARINE_DATASETS/FathomNet_FGVC2025/data/images/2736.png,a4ec05498fb9a82e87c97139de7c95874c2b0e1a29bfd13ef48c8cac0f481520,285b22c3f1a89821f00c5dd94561318bfb785a6438d837e7cd417748d08a2098,2736,2,train,2
9302,2751,14,Caridea,/home/tahiti/MARINE_DATASETS/FathomNet_FGVC2025/data/rois/2751_9302.png,/home/tahiti/MARINE_DATASETS/FathomNet_FGVC2025/data/images/2751.png,d66abed32aaceca2679982fd4b302187f8066dc7b253e71dba7cbe9a0515dd4f,d1b99641b7579f0d7d89daf6d07f0b535a21fb84f6167506f05a3c880b403f7c,2751,4,train,4
9310,2754,33,Hormathiidae,/home/tahiti/MARINE_DATASETS/FathomNet_FGVC2025/data/rois/2754_9310.png,/home/tahiti/MARINE_DATASETS/FathomNet_FGVC2025/data/images/2754.png,302438b6251eceb223418a32336a027bb4ad6f126a75181a06a80d644cef6c0f,83593bc089a88914f5629cd8cd31bb3aefc5927a69f4c94605186f8bf000f5af,2754,2,train,2
9318,2759,59,Pennatula phosphorea,/home/tahiti/MARINE_DATASETS/FathomNet_FGVC2025/data/rois/2759_9318.png,/home/tahiti/MARINE_DATASETS/FathomNet_FGVC2025/data/images/2759.png,84f6d4423ae78e02d327043b9a15272fda47ef084ffa9694321ffba083017d29,f4f2bbf0a2e465f571504dc86119eb736a7b4379bcde2ac6234bb91a07c27224,2759,0,train,0
9325,2761,50,Paelopatides confundens,/home/tahiti/MARINE_DATASETS/FathomNet_FGVC2025/data/rois/2761_9325.png,/home/tahiti/MARINE_DATASETS/FathomNet_FGVC2025/data/images/2761.png,9a37071522679ffe776bb826e83268c851245931814adb3870b200e269fae518,204a87e73ed0f730edeadb031a58718a2110471713a52abb0d8d88a8fbf0a7e1,2761,1,train,1
9335,2763,65,Rathbunaster californicus,/home/tahiti/MARINE_DATASETS/FathomNet_FGVC2025/data/rois/2763_9335.png,/home/tahiti/MARINE_DATASETS/FathomNet_FGVC2025/data/images/2763.png,6a04bcc54e507fc369d777a51eb6b7a1422431b17cfeb963cc12da41a3ab5445,e07cb57b9fd0136be1cbb55e77783d8359c3953026186877633f4a2972bcb7e8,2763,1,train,1
9338,2763,65,Rathbunaster californicus,/home/tahiti/MARINE_DATASETS/FathomNet_FGVC2025/data/rois/2763_9338.png,/home/tahiti/MARINE_DATASETS/FathomNet_FGVC2025/data/images/2763.png,74121f7fb46474d536d7824d61a4e9cdbbcfbf72e6f4088cd7d8763d1b6efb4b,e07cb57b9fd0136be1cbb55e77783d8359c3953026186877633f4a2972bcb7e8,2763,1,train,1
9342,2765,55,Paragorgia arborea,/home/tahiti/MARINE_DATASETS/FathomNet_FGVC2025/data/rois/2765_9342.png,/home/tahiti/MARINE_DATASETS/FathomNet_FGVC2025/data/images/2765.png,f4f934e171ac03e4fc66fa4749ce251f19d1497c8c31cafadf51d07b0c251127,7ff49eec27ac063693606d9ed9a72b677db64404750aa9506f8d600343676ab2,2765,4,train,4
9359,2771,72,Serpulidae,/home/tahiti/MARINE_DATASETS/FathomNet_FGVC2025/data/rois/2771_9359.png,/home/tahiti/MARINE_DATASETS/FathomNet_FGVC2025/data/images/2771.png,1bfb79d084b8cdfd4d6faa3623ea3b6d6e90c420fff965615d27eea8a2472b58,2b17cb4245d81be3217b2c44ac0313672feec4c463d027d6dbb9aba2b70989c3,2771,5,train,5
9360,2771,72,Serpulidae,/home/tahiti/MARINE_DATASETS/FathomNet_FGVC2025/data/rois/2771_9360.png,/home/tahiti/MARINE_DATASETS/FathomNet_FGVC2025/data/images/2771.png,e7c8a7a6de51686fcc9fa66416e5a6c903a6233b06b1a92565b1f1dc59976a29,2b17cb4245d81be3217b2c44ac0313672feec4c463d027d6dbb9aba2b70989c3,2771,5,train,5
9414,2799,34,Isidella tentaculum,/home/tahiti/MARINE_DATASETS/FathomNet_FGVC2025/data/rois/2799_9414.png,/home/tahiti/MARINE_DATASETS/FathomNet_FGVC2025/data/images/2799.png,167093e308ea929e13e1298c4601a4ef375b36479624444fda9a5bb8d6fcea64,3d0eda6ac418ebaad69889821c1060264d0726653cd090e86971b43487317351,2799,1,train,1
9417,2800,37,Keratoisis,/home/tahiti/MARINE_DATASETS/FathomNet_FGVC2025/data/rois/2800_9417.png,/home/tahiti/MARINE_DATASETS/FathomNet_FGVC2025/data/images/2800.png,ef3b0a11cd1f4a2483008abb74a02ada4a5d3a026919857e50251a9a9de8c39e,fb22a110be17642b7a27fae1be7d6466d892077ef6aca7e285f6f83aefadb1df,2800,5,train,5
9467,2824,44,Munidopsis,/home/tahiti/MARINE_DATASETS/FathomNet_FGVC2025/data/rois/2824_9467.png,/home/tahiti/MARINE_DATASETS/FathomNet_FGVC2025/data/images/2824.png,c7f297ff88c158485475644e223f6127adc9cec2efba3ddd080f036f3eca1adc,50fe642ab4286be8e78d56dccc0f8835005281493aec646ec10f65feb6e65c88,2824,5,train,5
9469,2826,13,Brisingida,/home/tahiti/MARINE_DATASETS/FathomNet_FGVC2025/data/rois/2826_9469.png,/home/tahiti/MARINE_DATASETS/FathomNet_FGVC2025/data/images/2826.png,9c83aa3905183efbb358d9c2c6a2b9b07abb9f4982bbaee07360f4102c97102d,a8212b276107a27fda70926aa844f5bc5a0666898c8d80c52dc252ec71a65e16,2826,4,train,4
9470,2827,37,Keratoisis,/home/tahiti/MARINE_DATASETS/FathomNet_FGVC2025/data/rois/2827_9470.png,/home/tahiti/MARINE_DATASETS/FathomNet_FGVC2025/data/images/2827.png,99bea338a69f52a33eac56f2ef881eb8c339fcd2ed41619055af31c16ec9974a,790d20b4f8f694349bee784650f10141f3abd1eb7643700628e510a06d565939,2827,1,train,1
9475,2829,56,Paralomis multispina,/home/tahiti/MARINE_DATASETS/FathomNet_FGVC2025/data/rois/2829_9475.png,/home/tahiti/MARINE_DATASETS/FathomNet_FGVC2025/data/images/2829.png,c451005180ef07ebe5c925f4daad72a761c55beb6ba68d979b8964c30fba78cf,86909919624f210e451ed2ca7d3a3bfd4ea46f458a53fa6437d817a6ca5dbd57,2829,2,train,2
9479,2833,25,Gastropoda,/home/tahiti/MARINE_DATASETS/FathomNet_FGVC2025/data/rois/2833_9479.png,/home/tahiti/MARINE_DATASETS/FathomNet_FGVC2025/data/images/2833.png,4e1d94432b732f59cd1946368f3ea228067ea39f13fa80c54bfc36d15d7b3cdb,dd2da12bb7375f58b57ae1ecff5cb10201d925f14fe0ba59ba8efe31c42494dc,2833,0,train,0
9503,2844,37,Keratoisis,/home/tahiti/MARINE_DATASETS/FathomNet_FGVC2025/data/rois/2844_9503.png,/home/tahiti/MARINE_DATASETS/FathomNet_FGVC2025/data/images/2844.png,2600b535943109e5237fa2733feb9f7897d3ebfbac3a404a2973379b17f5ce63,661ea8554522fc78b7a3977ca099c60ee62e7b2ed710140100d8a5443e5e329b,2844,0,train,0
9507,2848,55,Paragorgia arborea,/home/tahiti/MARINE_DATASETS/FathomNet_FGVC2025/data/rois/2848_9507.png,/home/tahiti/MARINE_DATASETS/FathomNet_FGVC2025/data/images/2848.png,d09af649d2bdb319b2f50e3a80e20271e036b27cacf2dfeb9109e91888ce8abd,cdfd485fc37a7407270d132f0e3ce3d8a29a0378e5542a3b34ed1ca6a9d61902,2848,4,train,4
9508,2849,79,Zoantharia,/home/tahiti/MARINE_DATASETS/FathomNet_FGVC2025/data/rois/2849_9508.png,/home/tahiti/MARINE_DATASETS/FathomNet_FGVC2025/data/images/2849.png,07574157267ced95dc5f93b67b054f8569b721af6c3f7bc6b22f874acae516a1,64e18ccae658b5bd84bf07f86314768eb89ca8f4cf74679a6a446fd52ef4dd54,2849,5,train,5
9519,2856,50,Paelopatides confundens,/home/tahiti/MARINE_DATASETS/FathomNet_FGVC2025/data/rois/2856_9519.png,/home/tahiti/MARINE_DATASETS/FathomNet_FGVC2025/data/images/2856.png,74d0f77ab81f79ae89c4cc62bdf6c2f68d085f67abcebd8b0bb90c5d228cc27f,32945422338562efa780df63f34be48fd674ca776c162ee2dcb49c6bd7ae7735,2856,2,train,2
9528,2857,41,Merluccius productus,/home/tahiti/MARINE_DATASETS/FathomNet_FGVC2025/data/rois/2857_9528.png,/home/tahiti/MARINE_DATASETS/FathomNet_FGVC2025/data/images/2857.png,a5e602cd9446519604204ec1f9bf05058570cabc758d0277a5c45cf4c7221d41,c15cb9d176c4aa6d5e1ed9f2446f64ef2988ed367320979c71e81627b767aa92,2857,2,train,2
9542,2864,55,Paragorgia arborea,/home/tahiti/MARINE_DATASETS/FathomNet_FGVC2025/data/rois/2864_9542.png,/home/tahiti/MARINE_DATASETS/FathomNet_FGVC2025/data/images/2864.png,e0a561af722d9c4abe7be1c7004a34e4726058b535ba3220ac05d6c98c66078f,3e2cd011b8133d05bf0bdd7ecda88ca6c18543dd09d51d711381412d101718a6,2864,5,train,5
9563,2873,25,Gastropoda,/home/tahiti/MARINE_DATASETS/FathomNet_FGVC2025/data/rois/2873_9563.png,/home/tahiti/MARINE_DATASETS/FathomNet_FGVC2025/data/images/2873.png,a435cd6de5ae00f3e0121568d867f012432b339f9d8c5d1eea5be9a70d08a539,3997c8bf2aa49d621387631255eb803190baa6ef54187a4d2e5231dc2827358d,2873,5,train,5
9581,2875,53,Pannychia moseleyi,/home/tahiti/MARINE_DATASETS/FathomNet_FGVC2025/data/rois/2875_9581.png,/home/tahiti/MARINE_DATASETS/FathomNet_FGVC2025/data/images/2875.png,766953baadd2b6bbb92befc7aeb1b03bba5015e404600d64bc8ac0f3320a48a4,a1d5a63cf2beeca8511dac2484360208828c01ffbc72f8780ef01d50b610f4c0,2875,4,train,4
9588,2876,42,Metridium farcimen,/home/tahiti/MARINE_DATASETS/FathomNet_FGVC2025/data/rois/2876_9588.png,/home/tahiti/MARINE_DATASETS/FathomNet_FGVC2025/data/images/2876.png,38a866d644c939cb4a75bc3f1907f79c6ac55b9323e3a50f395a8b74e8a75de9,a4c88713d33838ecbd3f7026d9875815b07ea52b824b807d29f0f5393b653042,2876,0,train,0
9612,2883,77,Umbellula,/home/tahiti/MARINE_DATASETS/FathomNet_FGVC2025/data/rois/2883_9612.png,/home/tahiti/MARINE_DATASETS/FathomNet_FGVC2025/data/images/2883.png,847448424748a1bc26b122c7809268cb04644937650fbcf8be2dea34ba1c63c2,a8934db73c218a48ea1d25c06546dedd5e2f9d38bb6cd6ab69ee7684adadf061,2883,4,train,4
9628,2892,28,Heterochone calyx,/home/tahiti/MARINE_DATASETS/FathomNet_FGVC2025/data/rois/2892_9628.png,/home/tahiti/MARINE_DATASETS/FathomNet_FGVC2025/data/images/2892.png,22250faf1a7a9a82a66f0c27e7f4aa1672fcfd0c78089ff6fe98105077913b67,7ffee10ccb6a32fed18b58ae64d574d67e6f9d59210a31bf73ffa221a513bc6a,2892,5,train,5
9630,2893,30,Hexactinellida,/home/tahiti/MARINE_DATASETS/FathomNet_FGVC2025/data/rois/2893_9630.png,/home/tahiti/MARINE_DATASETS/FathomNet_FGVC2025/data/images/2893.png,fd913c95e75945b306e3cf1d5e2a93cfd2f65e6c94b468548e0ae3f7879a8dc2,5c9450a10053ec82a786d9dc72b1dbab7dac6dc0c982f2211a7efe7165a1aa00,2893,0,train,0
9667,2901,23,Florometra serratissima,/home/tahiti/MARINE_DATASETS/FathomNet_FGVC2025/data/rois/2901_9667.png,/home/tahiti/MARINE_DATASETS/FathomNet_FGVC2025/data/images/2901.png,cee6fb99daf63615c954adc9fa08fc21f8dccc95de834ac0a72e7cfd8ab22719,f5efd9a1a2fb07f386512cc3cfc688c5e4c571aca59957d473c4145a7a740b94,2901,4,train,4
9668,2901,8,Apostichopus leukothele,/home/tahiti/MARINE_DATASETS/FathomNet_FGVC2025/data/rois/2901_9668.png,/home/tahiti/MARINE_DATASETS/FathomNet_FGVC2025/data/images/2901.png,8bb1ae1c7d63bdf59699b2eec502312e5b6d7d694c28e861b4bd4a116c00d45b,f5efd9a1a2fb07f386512cc3cfc688c5e4c571aca59957d473c4145a7a740b94,2901,4,train,4
9686,2915,41,Merluccius productus,/home/tahiti/MARINE_DATASETS/FathomNet_FGVC2025/data/rois/2915_9686.png,/home/tahiti/MARINE_DATASETS/FathomNet_FGVC2025/data/images/2915.png,b31d36933b79cf05759ffc2ad2aee3d0496b3d030ace56c1d20ccdf5a8cb7e2e,219d29d0fa800a7346dcd768c17aba145bba670531fa241f8c57e331351ccdae,2915,1,train,1
9795,2939,36,Isosicyonis,/home/tahiti/MARINE_DATASETS/FathomNet_FGVC2025/data/rois/2939_9795.png,/home/tahiti/MARINE_DATASETS/FathomNet_FGVC2025/data/images/2939.png,531361383216f0f9b5833290335ff5657e18090ca604575179707009532c895e,0b79a62a863cc2e3b0132d7a7ae615368b4882274f78e1c4a0e9d473d6903600,2939,4,train,4
9823,2946,24,Funiculina,/home/tahiti/MARINE_DATASETS/FathomNet_FGVC2025/data/rois/2946_9823.png,/home/tahiti/MARINE_DATASETS/FathomNet_FGVC2025/data/images/2946.png,bf71892525a31bbdb954b79cf5de0880b9e700bec012ea8f9ce789d7d4d378a9,ecbbbac399c5e05c8aa9c1e72f8cf9c9ba1868fb18eb38c5422379ef025f60e1,2946,4,train,4
9828,2946,24,Funiculina,/home/tahiti/MARINE_DATASETS/FathomNet_FGVC2025/data/rois/2946_9828.png,/home/tahiti/MARINE_DATASETS/FathomNet_FGVC2025/data/images/2946.png,60dc3de72362f45d93f89fcd999bdff2b988d6d5a24b14a6e190c910c737a327,ecbbbac399c5e05c8aa9c1e72f8cf9c9ba1868fb18eb38c5422379ef025f60e1,2946,4,train,4
9837,2946,24,Funiculina,/home/tahiti/MARINE_DATASETS/FathomNet_FGVC2025/data/rois/2946_9837.png,/home/tahiti/MARINE_DATASETS/FathomNet_FGVC2025/data/images/2946.png,5689f6974ccda3c418c50cb29f0398bdae24ebb851118cda3b1b56432856165c,ecbbbac399c5e05c8aa9c1e72f8cf9c9ba1868fb18eb38c5422379ef025f60e1,2946,4,train,4
9847,2946,24,Funiculina,/home/tahiti/MARINE_DATASETS/FathomNet_FGVC2025/data/rois/2946_9847.png,/home/tahiti/MARINE_DATASETS/FathomNet_FGVC2025/data/images/2946.png,268e8dded30a90f03a9b171bc091268fd2713969f8d07a9ebf6f5a84929a49d8,ecbbbac399c5e05c8aa9c1e72f8cf9c9ba1868fb18eb38c5422379ef025f60e1,2946,4,train,4
9872,2950,28,Heterochone calyx,/home/tahiti/MARINE_DATASETS/FathomNet_FGVC2025/data/rois/2950_9872.png,/home/tahiti/MARINE_DATASETS/FathomNet_FGVC2025/data/images/2950.png,b608b107f9b6b7ca7a36296a8c7e506f93847806edd23744032c215803f9a799,7899f833690ba76c2a5b51908da5665f01c9e54e05ebc3080cf827f2a5d62275,2950,2,train,2
9902,2953,35,Isididae,/home/tahiti/MARINE_DATASETS/FathomNet_FGVC2025/data/rois/2953_9902.png,/home/tahiti/MARINE_DATASETS/FathomNet_FGVC2025/data/images/2953.png,66d9cefeef5d5743b87381050e7b52f9a6fa58b6ec936f183bc8ae5bff0365f4,15b22477ee0adf6d6e32cd4284d4618d09778d8a186c7c3736568cb6697cca71,2953,1,train,1
9926,2962,53,Pannychia moseleyi,/home/tahiti/MARINE_DATASETS/FathomNet_FGVC2025/data/rois/2962_9926.png,/home/tahiti/MARINE_DATASETS/FathomNet_FGVC2025/data/images/2962.png,918e069dede8116e415e6841bc83b33c0ba49f227bd6c62f9a04888bcdfb2069,0f96208e7201e1594040d98a231388cc605afd798af539aa6dda9937fe304f79,2962,5,train,5
9929,2964,15,Ceriantharia,/home/tahiti/MARINE_DATASETS/FathomNet_FGVC2025/data/rois/2964_9929.png,/home/tahiti/MARINE_DATASETS/FathomNet_FGVC2025/data/images/2964.png,fd88fc522790ba2b0f6a4515037fa3544aa6ed8b7001c34f81f771143c01b1a9,28d50485b0f4c4bfc7afed2307284e62d00e6e7d77f68e2a2b76be91d60fefa4,2964,1,train,1
9952,2973,24,Funiculina,/home/tahiti/MARINE_DATASETS/FathomNet_FGVC2025/data/rois/2973_9952.png,/home/tahiti/MARINE_DATASETS/FathomNet_FGVC2025/data/images/2973.png,91ddb3134ddd5edc5b94366959801e4da5dbc78227a7721f052445f19cd8d911,bb1f47b29036521640a04d85d7adfc28f51eee494e366c6a7ac0e95c070ef7f0,2973,0,train,0
9971,2974,73,Staurocalyptus,/home/tahiti/MARINE_DATASETS/FathomNet_FGVC2025/data/rois/2974_9971.png,/home/tahiti/MARINE_DATASETS/FathomNet_FGVC2025/data/images/2974.png,754b89796f915f65c3e25ec0c09e9de2b1407d2bc03f0e6877e8655366ca6c73,418aae6f5872813389a1cfc5d20039431cf09dc76ecdf25dd806b91749faac45,2974,0,train,0
9972,2974,54,Paragorgia,/home/tahiti/MARINE_DATASETS/FathomNet_FGVC2025/data/rois/2974_9972.png,/home/tahiti/MARINE_DATASETS/FathomNet_FGVC2025/data/images/2974.png,af1d4360e73584d254daec4392399dd9110ca2b2747377c0ae16818c33030e21,418aae6f5872813389a1cfc5d20039431cf09dc76ecdf25dd806b91749faac45,2974,0,train,0
9993,2977,24,Funiculina,/home/tahiti/MARINE_DATASETS/FathomNet_FGVC2025/data/rois/2977_9993.png,/home/tahiti/MARINE_DATASETS/FathomNet_FGVC2025/data/images/2977.png,32d9600db0fc1833d7eba5ad4e4547ff33cab3668324d531ed99c5dee03b01b6,a6f25187d683d8dcc1ed3bfd4a66b514ec233138b25e3f54956ed1c5dae1311f,2977,1,train,1
9995,2977,24,Funiculina,/home/tahiti/MARINE_DATASETS/FathomNet_FGVC2025/data/rois/2977_9995.png,/home/tahiti/MARINE_DATASETS/FathomNet_FGVC2025/data/images/2977.png,8ea7bf33e04ee549fb4862bdab0f24c8b97a1ae088577d18d57a9554ace71253,a6f25187d683d8dcc1ed3bfd4a66b514ec233138b25e3f54956ed1c5dae1311f,2977,1,train,1
10011,2980,44,Munidopsis,/home/tahiti/MARINE_DATASETS/FathomNet_FGVC2025/data/rois/2980_10011.png,/home/tahiti/MARINE_DATASETS/FathomNet_FGVC2025/data/images/2980.png,dc9d1dd0f11782bde98826e5982134269e00c462418df7fb7ee7ed717f791d25,048d298dbf9aef3faec0681b92dd5d5095b25588cc29f57d3c1597cedec032d5,2980,1,train,1
10013,2981,30,Hexactinellida,/home/tahiti/MARINE_DATASETS/FathomNet_FGVC2025/data/rois/2981_10013.png,/home/tahiti/MARINE_DATASETS/FathomNet_FGVC2025/data/images/2981.png,e69e2bd10ac5a7addb36ab2623f9f73cc53c7e65b8622cdbb746b698d4f4b44e,4d66d75552a77f3a267506974962a8b674b00657f15abf1b4dc5325ac330bcbb,2981,2,train,2
10016,2983,66,Scleractinia,/home/tahiti/MARINE_DATASETS/FathomNet_FGVC2025/data/rois/2983_10016.png,/home/tahiti/MARINE_DATASETS/FathomNet_FGVC2025/data/images/2983.png,8a1cd97edd721a725cac8c5e736dbbd7abbb5d0f90e67ec8332625c152957653,677930291286c0c33d4b3b298c16d35f94136a61fe61990e9d206264461fbfa1,2983,4,train,4
10020,2985,67,Scotoplanes,/home/tahiti/MARINE_DATASETS/FathomNet_FGVC2025/data/rois/2985_10020.png,/home/tahiti/MARINE_DATASETS/FathomNet_FGVC2025/data/images/2985.png,59858f29eb06e788c391bc5f38901a64508589512347b97b9da227bf2babb4c6,4661e5c315bedd1bbb5cdeabd1b07cb5ff21e355ce996cbb0511bc209da4e4c5,2985,5,train,5
10054,2995,76,Tunicata,/home/tahiti/MARINE_DATASETS/FathomNet_FGVC2025/data/rois/2995_10054.png,/home/tahiti/MARINE_DATASETS/FathomNet_FGVC2025/data/images/2995.png,e8e96cb1542ff79f13f44595a3a2906db559a9e30b819c92120b01e081f10284,3859744c7a5c07aa3ed387987ae1b88598f117e5482a549fe8fc7e07060b03b0,2995,0,train,0
10058,2995,76,Tunicata,/home/tahiti/MARINE_DATASETS/FathomNet_FGVC2025/data/rois/2995_10058.png,/home/tahiti/MARINE_DATASETS/FathomNet_FGVC2025/data/images/2995.png,ec9d11af9950b333e15ad5166e484f4348bdfef6859ad53a6065854b9a69a4e0,3859744c7a5c07aa3ed387987ae1b88598f117e5482a549fe8fc7e07060b03b0,2995,0,train,0
10064,2995,4,Actinernus,/home/tahiti/MARINE_DATASETS/FathomNet_FGVC2025/data/rois/2995_10064.png,/home/tahiti/MARINE_DATASETS/FathomNet_FGVC2025/data/images/2995.png,b02dddbf5390defe5f0bb28e292c4f73e7cd835b271eb7939045d45c738ecde7,3859744c7a5c07aa3ed387987ae1b88598f117e5482a549fe8fc7e07060b03b0,2995,0,train,0
10072,2998,67,Scotoplanes,/home/tahiti/MARINE_DATASETS/FathomNet_FGVC2025/data/rois/2998_10072.png,/home/tahiti/MARINE_DATASETS/FathomNet_FGVC2025/data/images/2998.png,2a5eb2de2bcf80da29bb641dce1879951a457fab7f1c3e4c933920cb3db8606e,11f1ceec61d3c49426f4888c2f0a800d1ab7b6ddfe6f0755e5e914fe97121031,2998,2,train,2
10086,3003,46,Mycale,/home/tahiti/MARINE_DATASETS/FathomNet_FGVC2025/data/rois/3003_10086.png,/home/tahiti/MARINE_DATASETS/FathomNet_FGVC2025/data/images/3003.png,1d1b44e71352d0962e23fb252ccf3e9e56e5e0c6f495a4b28eee017370c1d8e7,dc80dc31571bd292fc645c9e63bc58ede08d886b85fdf0f2487bb6861ef98406,3003,0,train,0
10090,3004,1,Abyssocucumis abyssorum,/home/tahiti/MARINE_DATASETS/FathomNet_FGVC2025/data/rois/3004_10090.png,/home/tahiti/MARINE_DATASETS/FathomNet_FGVC2025/data/images/3004.png,2549af957a6818cdbc84076f86e6eb372833d85e86edc480eb5a9d98348feba8,69bb7656ecaec09037ef808e0b5b76173c37301b1bb8084f299a4b8fa52b7998,3004,2,train,2
10095,3008,12,Benthocodon pedunculata,/home/tahiti/MARINE_DATASETS/FathomNet_FGVC2025/data/rois/3008_10095.png,/home/tahiti/MARINE_DATASETS/FathomNet_FGVC2025/data/images/3008.png,c34c587ae97716505ec6e7226c85424dfd74e0783764eafc72f8479bf5ecd4a6,e84d29af49aa7ccbd29bc89959b9b41d122e57645c128b2f204caaa580a981dd,3008,4,train,4
10099,3008,12,Benthocodon pedunculata,/home/tahiti/MARINE_DATASETS/FathomNet_FGVC2025/data/rois/3008_10099.png,/home/tahiti/MARINE_DATASETS/FathomNet_FGVC2025/data/images/3008.png,76d3f20e0e3d60ca84281b5682c5f5f3a367b292f3b01e52c4c7ecbd31f1db7a,e84d29af49aa7ccbd29bc89959b9b41d122e57645c128b2f204caaa580a981dd,3008,4,train,4
10100,3008,12,Benthocodon pedunculata,/home/tahiti/MARINE_DATASETS/FathomNet_FGVC2025/data/rois/3008_10100.png,/home/tahiti/MARINE_DATASETS/FathomNet_FGVC2025/data/images/3008.png,2367ab3d427e48ce3a7b265cbda7534f40195b82c89e4f1452e764e35b66696b,e84d29af49aa7ccbd29bc89959b9b41d122e57645c128b2f204caaa580a981dd,3008,4,train,4
10104,3008,12,Benthocodon pedunculata,/home/tahiti/MARINE_DATASETS/FathomNet_FGVC2025/data/rois/3008_10104.png,/home/tahiti/MARINE_DATASETS/FathomNet_FGVC2025/data/images/3008.png,484c6f0df505372de72b8e1f4d867cbd6b595484524c716ad5cc6d09f2f4c779,e84d29af49aa7ccbd29bc89959b9b41d122e57645c128b2f204caaa580a981dd,3008,4,train,4
10107,3008,12,Benthocodon pedunculata,/home/tahiti/MARINE_DATASETS/FathomNet_FGVC2025/data/rois/3008_10107.png,/home/tahiti/MARINE_DATASETS/FathomNet_FGVC2025/data/images/3008.png,a6859dfa2c4022a56ef962fefe872fe497828b6f54228ab221791edff5690f5e,e84d29af49aa7ccbd29bc89959b9b41d122e57645c128b2f204caaa580a981dd,3008,4,train,4
10137,3022,78,Vesicomyidae,/home/tahiti/MARINE_DATASETS/FathomNet_FGVC2025/data/rois/3022_10137.png,/home/tahiti/MARINE_DATASETS/FathomNet_FGVC2025/data/images/3022.png,5d82c40b9487b4eef17dad9c96f3007f957f77b2bf23db07ae6fa46fc0ff4093,50895eb3f98ee96c5a2d196a21e37f8340a3f886ffb69b3bb89e0c190de105f3,3022,4,train,4
10138,3022,78,Vesicomyidae,/home/tahiti/MARINE_DATASETS/FathomNet_FGVC2025/data/rois/3022_10138.png,/home/tahiti/MARINE_DATASETS/FathomNet_FGVC2025/data/images/3022.png,5e83d1ff7ffb24ea727750cbb499fbee1b10a5bd67916a06f8a1d6dcf65e2361,50895eb3f98ee96c5a2d196a21e37f8340a3f886ffb69b3bb89e0c190de105f3,3022,4,train,4
10141,3022,78,Vesicomyidae,/home/tahiti/MARINE_DATASETS/FathomNet_FGVC2025/data/rois/3022_10141.png,/home/tahiti/MARINE_DATASETS/FathomNet_FGVC2025/data/images/3022.png,4a8dd902c79c5635e47567d1573abb7c5ff8ea9b6e764598158d6bc1d2501a7e,50895eb3f98ee96c5a2d196a21e37f8340a3f886ffb69b3bb89e0c190de105f3,3022,4,train,4
10150,3025,30,Hexactinellida,/home/tahiti/MARINE_DATASETS/FathomNet_FGVC2025/data/rois/3025_10150.png,/home/tahiti/MARINE_DATASETS/FathomNet_FGVC2025/data/images/3025.png,877635cd9c7341545576f5d7b3a1cda6546949a0f211589f71581fe78dd5b00e,8c758677f4504a9eaa09623afb9a0357224061ace4f1dd782911426669ffd0b4,3025,0,train,0
10162,3030,15,Ceriantharia,/home/tahiti/MARINE_DATASETS/FathomNet_FGVC2025/data/rois/3030_10162.png,/home/tahiti/MARINE_DATASETS/FathomNet_FGVC2025/data/images/3030.png,0423fed17a142392fa37db0998b15bd2d42c3563468993a5b504b695a18f1b71,803e95fa9fc7afe0aabdb1e2d8d1b9d78f3b94986008ea2d7ef7a3a3214bdbed,3030,1,train,1
10205,3044,72,Serpulidae,/home/tahiti/MARINE_DATASETS/FathomNet_FGVC2025/data/rois/3044_10205.png,/home/tahiti/MARINE_DATASETS/FathomNet_FGVC2025/data/images/3044.png,79ebf35ddd54bb588648b0a3d7a6e06a4fcb8147f432c796fc312e6aa75af7ff,25d4b273853803197af57517857df938fe35f598b1a47f9b4210a17e506b52df,3044,1,train,1
10222,3044,63,Ptychogastria polaris,/home/tahiti/MARINE_DATASETS/FathomNet_FGVC2025/data/rois/3044_10222.png,/home/tahiti/MARINE_DATASETS/FathomNet_FGVC2025/data/images/3044.png,2ce3d76b723a4ecb0749cd3bd537b179cbc10d9ee536fdbd69874074c43ccecf,25d4b273853803197af57517857df938fe35f598b1a47f9b4210a17e506b52df,3044,1,train,1
10250,3050,8,Apostichopus leukothele,/home/tahiti/MARINE_DATASETS/FathomNet_FGVC2025/data/rois/3050_10250.png,/home/tahiti/MARINE_DATASETS/FathomNet_FGVC2025/data/images/3050.png,6c6bcbf2f6ff4c1c00f932fb1294c6ea1f66cf0d689067795d5040491b5bd262,793892cacd33820c9897cfe0385f02f0a38df58665731c3c5bc86f137389c2b3,3050,4,train,4
10270,3054,41,Merluccius productus,/home/tahiti/MARINE_DATASETS/FathomNet_FGVC2025/data/rois/3054_10270.png,/home/tahiti/MARINE_DATASETS/FathomNet_FGVC2025/data/images/3054.png,228039ce0647898fc5b60d29758bf7ada80d6999aa9cc0c7938df45acf7cc297,0997ba78fe11660653a77bc44bc89ef91a26d077860222152e59f0141e27abd6,3054,2,train,2
10272,3054,41,Merluccius productus,/home/tahiti/MARINE_DATASETS/FathomNet_FGVC2025/data/rois/3054_10272.png,/home/tahiti/MARINE_DATASETS/FathomNet_FGVC2025/data/images/3054.png,e88857b92d555410008279ccc9af14d74d55f829184d339a42983fe284ccc8b9,0997ba78fe11660653a77bc44bc89ef91a26d077860222152e59f0141e27abd6,3054,2,train,2
10274,3054,41,Merluccius productus,/home/tahiti/MARINE_DATASETS/FathomNet_FGVC2025/data/rois/3054_10274.png,/home/tahiti/MARINE_DATASETS/FathomNet_FGVC2025/data/images/3054.png,0a615b1d974f4e86a5b00bc57900aa12852395dd3bc9a564b84af1215d5afb1f,0997ba78fe11660653a77bc44bc89ef91a26d077860222152e59f0141e27abd6,3054,2,train,2
10295,3060,38,Liponema brevicorne,/home/tahiti/MARINE_DATASETS/FathomNet_FGVC2025/data/rois/3060_10295.png,/home/tahiti/MARINE_DATASETS/FathomNet_FGVC2025/data/images/3060.png,aa6ab3e53cd04b1bfb923b2afa7a011335d21eb9ea0c7ac04063f107994ad9a2,fa137422d3eec858fd15b2e8acaacf00d1ed811c78e166e4eac0cbee149cffcf,3060,0,train,0
10297,3061,55,Paragorgia arborea,/home/tahiti/MARINE_DATASETS/FathomNet_FGVC2025/data/rois/3061_10297.png,/home/tahiti/MARINE_DATASETS/FathomNet_FGVC2025/data/images/3061.png,b4bdfa62b3a3e42cf110ec91f7955ba102bb462156fd9980b5f7a1989fd58a4c,4e5c67fda5ffafd428a7727769e8faffce18dc4257b10ac4ac93b7077eccd880,3061,0,train,0
10321,3068,30,Hexactinellida,/home/tahiti/MARINE_DATASETS/FathomNet_FGVC2025/data/rois/3068_10321.png,/home/tahiti/MARINE_DATASETS/FathomNet_FGVC2025/data/images/3068.png,c55583391ead547ec1e953324e74b1b34dfb07deabb429a197f7d2d49d7384ea,4ab15bb58f77f629131175fa98489fedff1315c6ebcf5a67a784d1097f0ef553,3068,1,train,1
10323,3070,6,Actinopterygii,/home/tahiti/MARINE_DATASETS/FathomNet_FGVC2025/data/rois/3070_10323.png,/home/tahiti/MARINE_DATASETS/FathomNet_FGVC2025/data/images/3070.png,5fc77f1d5ec14c162abd71f6a22570c2d8a05a244941c0ccd4c85276376fdbcd,0c2698d05c6405d938420fbcaeeff0f7cd8db9a17447e7554dfa4e2d970f2253,3070,0,train,0
10325,3071,19,Crinoidea,/home/tahiti/MARINE_DATASETS/FathomNet_FGVC2025/data/rois/3071_10325.png,/home/tahiti/MARINE_DATASETS/FathomNet_FGVC2025/data/images/3071.png,e7eb3f35f8d24f6f382610e6925562b5744a0010f7ac30e6f4b11bc9e892f8a4,0210dfd8f7660a18ccff69278db5dbd1d8b2a6275349d1f881f74d051b2d46c6,3071,4,train,4
10340,3077,44,Munidopsis,/home/tahiti/MARINE_DATASETS/FathomNet_FGVC2025/data/rois/3077_10340.png,/home/tahiti/MARINE_DATASETS/FathomNet_FGVC2025/data/images/3077.png,0c8dfebe0a4b8021a888a493b0fa3cd93e21b587714f853db79d04a3e3c5566d,1188640fa0e32603fb195920874b35144a886f411f3736afcdbf491303c04571,3077,0,train,0
10348,3082,55,Paragorgia arborea,/home/tahiti/MARINE_DATASETS/FathomNet_FGVC2025/data/rois/3082_10348.png,/home/tahiti/MARINE_DATASETS/FathomNet_FGVC2025/data/images/3082.png,117b58a78411cbf264ce1bb01ccc6b62e6d765bd4ca388bc6575f38e98b83fa7,a03a3e3d69c6042691e6f66e923db209a5b120d79cfa7d30a528dfeaa9f2bd4f,3082,5,train,5
10349,3083,53,Pannychia moseleyi,/home/tahiti/MARINE_DATASETS/FathomNet_FGVC2025/data/rois/3083_10349.png,/home/tahiti/MARINE_DATASETS/FathomNet_FGVC2025/data/images/3083.png,3a8db30992de4dffa9e420f0f44cd91430bdf3ac52343e360ed603a899f8f5ee,4aae135f56a35966d89a6773f401be8bb69551653294cc2a82bc08978ecc1b62,3083,2,train,2
10356,3086,30,Hexactinellida,/home/tahiti/MARINE_DATASETS/FathomNet_FGVC2025/data/rois/3086_10356.png,/home/tahiti/MARINE_DATASETS/FathomNet_FGVC2025/data/images/3086.png,ae0c5a6431b34f87039fe4832097a8a924373c87e5139e661d8cd2fb2cb38e64,ffbaae3d795415cb407e3618de7d1b8e75db7ebc95f20042de2f31037008d7bc,3086,1,train,1
10359,3086,46,Mycale,/home/tahiti/MARINE_DATASETS/FathomNet_FGVC2025/data/rois/3086_10359.png,/home/tahiti/MARINE_DATASETS/FathomNet_FGVC2025/data/images/3086.png,1f25b4dc2fbea97db9061232e0970081b3073935af5aa7b95a2aa49be7619135,ffbaae3d795415cb407e3618de7d1b8e75db7ebc95f20042de2f31037008d7bc,3086,1,train,1
10361,3086,46,Mycale,/home/tahiti/MARINE_DATASETS/FathomNet_FGVC2025/data/rois/3086_10361.png,/home/tahiti/MARINE_DATASETS/FathomNet_FGVC2025/data/images/3086.png,76de3e30241f1d57a925d7bd9e6930cf5b9fe180c09e811b6af76b4125a781c2,ffbaae3d795415cb407e3618de7d1b8e75db7ebc95f20042de2f31037008d7bc,3086,1,train,1
10362,3087,69,Sebastes,/home/tahiti/MARINE_DATASETS/FathomNet_FGVC2025/data/rois/3087_10362.png,/home/tahiti/MARINE_DATASETS/FathomNet_FGVC2025/data/images/3087.png,9d216eb7b0f97ecef5560a35ae0a8b4e7c356f007c67416de080b217ce7ed9ee,b055d5a17cfb208cb44cae30af947247912e80e8476187a8a86db1c0a7c4d0e2,3087,5,train,5
10382,3094,20,Delectopecten,/home/tahiti/MARINE_DATASETS/FathomNet_FGVC2025/data/rois/3094_10382.png,/home/tahiti/MARINE_DATASETS/FathomNet_FGVC2025/data/images/3094.png,f3409e48b80559a9d0b61158f776993b9a86e8731177a70fd3b611c4b7a1ad1c,dfdfe9476005b348afe8dbd216cdaed69a90bd7baa538060cfd8ff56269bf096,3094,0,train,0
10388,3096,14,Caridea,/home/tahiti/MARINE_DATASETS/FathomNet_FGVC2025/data/rois/3096_10388.png,/home/tahiti/MARINE_DATASETS/FathomNet_FGVC2025/data/images/3096.png,6b3cd355c191b1c6b9d1452004733bbb288d1c6fbb6b4fc713238493fafb619b,99c6aa1cd1c834b7fe316618347523ca0541e3f389954c0a414f22db9838a6fb,3096,1,train,1
10390,3097,29,Heteropolypus ritteri,/home/tahiti/MARINE_DATASETS/FathomNet_FGVC2025/data/rois/3097_10390.png,/home/tahiti/MARINE_DATASETS/FathomNet_FGVC2025/data/images/3097.png,ad4ffc69b8ee3019f7fe28d1eabbfc89d3a5190e703c242808822d5c5c37d812,c1d747e83f975384aba5482cc54b2454e95623a3b44296c31e6e6649b8bb287c,3097,5,train,5
10440,3113,69,Sebastes,/home/tahiti/MARINE_DATASETS/FathomNet_FGVC2025/data/rois/3113_10440.png,/home/tahiti/MARINE_DATASETS/FathomNet_FGVC2025/data/images/3113.png,a7c952da593876edcbf01e1194cd7fdd55723673b9e6f01ce28149b88348fe61,1acfc22855c224eeba4a70ae6a2f0c8127936eeb27f7ccad022a0984d55c18c4,3113,2,train,2
10442,3114,73,Staurocalyptus,/home/tahiti/MARINE_DATASETS/FathomNet_FGVC2025/data/rois/3114_10442.png,/home/tahiti/MARINE_DATASETS/FathomNet_FGVC2025/data/images/3114.png,3bdd4d412e7e70bd452895aac6b4c936854e82e284e54941947ec3a346844c81,99098a6cdaae1aa36078119fb1df7783d5ef6a3f00196b39a83b034ba7228854,3114,1,train,1
10448,3114,30,Hexactinellida,/home/tahiti/MARINE_DATASETS/FathomNet_FGVC2025/data/rois/3114_10448.png,/home/tahiti/MARINE_DATASETS/FathomNet_FGVC2025/data/images/3114.png,6886a6f6651ea6cb5acd65e1483ff225620e2bf867e361435aafedfdc6e6fbf3,99098a6cdaae1aa36078119fb1df7783d5ef6a3f00196b39a83b034ba7228854,3114,1,train,1
10496,3147,18,Corallimorphus pilatus,/home/tahiti/MARINE_DATASETS/FathomNet_FGVC2025/data/rois/3147_10496.png,/home/tahiti/MARINE_DATASETS/FathomNet_FGVC2025/data/images/3147.png,61fc6500759886332729938a9957b4278a1b9d20fd9b1f5aa45503f24eac36c5,0716480086141699bb37cef29cf1165e5b7eff2350e55baa087ad229b43ddfbf,3147,5,train,5
10498,3147,78,Vesicomyidae,/home/tahiti/MARINE_DATASETS/FathomNet_FGVC2025/data/rois/3147_10498.png,/home/tahiti/MARINE_DATASETS/FathomNet_FGVC2025/data/images/3147.png,942ef993e6a817a6a20d609970cae70dd4964d88d4dad45b49689b6549d62680,0716480086141699bb37cef29cf1165e5b7eff2350e55baa087ad229b43ddfbf,3147,5,train,5
10505,3152,43,Microstomus pacificus,/home/tahiti/MARINE_DATASETS/FathomNet_FGVC2025/data/rois/3152_10505.png,/home/tahiti/MARINE_DATASETS/FathomNet_FGVC2025/data/images/3152.png,033b0284e55ba84e70aeaec3fed0afb4be63ba16fe91c71319b547e2c9af0416,5dad1dae0327e1aa43276ccbc7c45bfee7c736f1f0e19f37ea3c6c471f1bd166,3152,2,train,2
10522,3164,45,Munnopsidae,/home/tahiti/MARINE_DATASETS/FathomNet_FGVC2025/data/rois/3164_10522.png,/home/tahiti/MARINE_DATASETS/FathomNet_FGVC2025/data/images/3164.png,e9fc896a7268826448f224662d1826478bf9476fde8d1d972ba2dd72e9f37c90,e1439efeb41de4403e8bef5d24b66cd141a0be8930971aa6ecbf56bc9b6c3185,3164,2,train,2
10524,3165,35,Isididae,/home/tahiti/MARINE_DATASETS/FathomNet_FGVC2025/data/rois/3165_10524.png,/home/tahiti/MARINE_DATASETS/FathomNet_FGVC2025/data/images/3165.png,3d3a2b8af6904106bc198ee6b4be504e3046e6199025b2902030d96a2d70580e,936f0b9ecd3a577a50d9aa8f51e31ad2e54a5cdb3268a3fa21ff491cbd3a03b6,3165,1,train,1
10540,3170,77,Umbellula,/home/tahiti/MARINE_DATASETS/FathomNet_FGVC2025/data/rois/3170_10540.png,/home/tahiti/MARINE_DATASETS/FathomNet_FGVC2025/data/images/3170.png,ab195d4d52a4c7c42c3280aad2d0c46e5090cc9ad459fbdf837eb670ea379e09,9e25bc05f32873e86befa5f8d3f68906d1281f6f9730d23accc5bdfbd068d823,3170,0,train,0
10556,3179,41,Merluccius productus,/home/tahiti/MARINE_DATASETS/FathomNet_FGVC2025/data/rois/3179_10556.png,/home/tahiti/MARINE_DATASETS/FathomNet_FGVC2025/data/images/3179.png,bf1415a1192ce782850ed84860ce578036b59ac75e23c7fa511b200baf4128b1,77deb5ed08efb3ca370e9851495697248ea22c93f76e28f397c20e4ee798045c,3179,5,train,5
10561,3181,41,Merluccius productus,/home/tahiti/MARINE_DATASETS/FathomNet_FGVC2025/data/rois/3181_10561.png,/home/tahiti/MARINE_DATASETS/FathomNet_FGVC2025/data/images/3181.png,c0014c6cf04fedf921a642ba3f4b9a31187e804fe69cc674394083f9f02395a7,aa6530336610a53cfbaa7acfe6aef13f3562047ae386729d201bc7e292cded1e,3181,4,train,4
10571,3181,41,Merluccius productus,/home/tahiti/MARINE_DATASETS/FathomNet_FGVC2025/data/rois/3181_10571.png,/home/tahiti/MARINE_DATASETS/FathomNet_FGVC2025/data/images/3181.png,e0960f7f5985c356712c1fb8728d43b29e84688397a7e0d24069170a71191e60,aa6530336610a53cfbaa7acfe6aef13f3562047ae386729d201bc7e292cded1e,3181,4,train,4
10598,3196,12,Benthocodon pedunculata,/home/tahiti/MARINE_DATASETS/FathomNet_FGVC2025/data/rois/3196_10598.png,/home/tahiti/MARINE_DATASETS/FathomNet_FGVC2025/data/images/3196.png,d9c8e1d821f27ce0c587a2d1ed8d200eb6e747e736d13cc0d9e9b712f2c7cd49,e8fd25da79b980030597b3958cd45546297863b734f9c89a7b6ee423a6060fea,3196,1,train,1
10599,3197,55,Paragorgia arborea,/home/tahiti/MARINE_DATASETS/FathomNet_FGVC2025/data/rois/3197_10599.png,/home/tahiti/MARINE_DATASETS/FathomNet_FGVC2025/data/images/3197.png,017ea7ba205a9b81425b6543f87eb77af8b97257f5bd526940efaceef2462bdd,f75b65cebc8aa79e28baa71bce793cc169eadf5baf8efebd2eb9adf3655ccaac,3197,5,train,5
10616,3207,41,Merluccius productus,/home/tahiti/MARINE_DATASETS/FathomNet_FGVC2025/data/rois/3207_10616.png,/home/tahiti/MARINE_DATASETS/FathomNet_FGVC2025/data/images/3207.png,e393d9d13ef1e5b75b494f0c51ba40adcca730aeb20aae2e6d01289c5f03cc3f,ca17e00ef638f6d7edacc890ef954cf109a023f111edf8ca151a524928e763b6,3207,5,train,5
10635,3210,56,Paralomis multispina,/home/tahiti/MARINE_DATASETS/FathomNet_FGVC2025/data/rois/3210_10635.png,/home/tahiti/MARINE_DATASETS/FathomNet_FGVC2025/data/images/3210.png,876e2a7aee0bf35ef495c17000f6c42f63f3cf52a542380c7db260cb0fc7c85d,ff0358d0bcb2e9e8dece97a0844651a27bd49e72bd75057b3eb80f8d883ccc91,3210,0,train,0
10669,3224,29,Heteropolypus ritteri,/home/tahiti/MARINE_DATASETS/FathomNet_FGVC2025/data/rois/3224_10669.png,/home/tahiti/MARINE_DATASETS/FathomNet_FGVC2025/data/images/3224.png,3ea49b4fa40a3e7d2efe0f9963a30be9f3a30d77f94127e8b4b8f0afb9398491,4735de8e69f88437429dccf8d0b5650f2b71cd4052e47babc89fb206dd515538,3224,2,train,2
10671,3224,29,Heteropolypus ritteri,/home/tahiti/MARINE_DATASETS/FathomNet_FGVC2025/data/rois/3224_10671.png,/home/tahiti/MARINE_DATASETS/FathomNet_FGVC2025/data/images/3224.png,e0f1c7652b6a8f390446b3c95e7dd92c4fc46d8dda330fc023f8c82d6a235163,4735de8e69f88437429dccf8d0b5650f2b71cd4052e47babc89fb206dd515538,3224,2,train,2
10687,3227,30,Hexactinellida,/home/tahiti/MARINE_DATASETS/FathomNet_FGVC2025/data/rois/3227_10687.png,/home/tahiti/MARINE_DATASETS/FathomNet_FGVC2025/data/images/3227.png,ed65a70281928b64c9d1e0b970bada869ab32d11744f45cea52b67960cdaf34b,d884f924f0743d4367121052c7a9eee1cea57194cb621bcd38e4b155d47f28bd,3227,1,train,1
10690,3227,73,Staurocalyptus,/home/tahiti/MARINE_DATASETS/FathomNet_FGVC2025/data/rois/3227_10690.png,/home/tahiti/MARINE_DATASETS/FathomNet_FGVC2025/data/images/3227.png,2bbeb8c94d16f40e79cb4239b31e0ae472fa616bb772f2f15bb985e594b0bee0,d884f924f0743d4367121052c7a9eee1cea57194cb621bcd38e4b155d47f28bd,3227,1,train,1
10701,3229,41,Merluccius productus,/home/tahiti/MARINE_DATASETS/FathomNet_FGVC2025/data/rois/3229_10701.png,/home/tahiti/MARINE_DATASETS/FathomNet_FGVC2025/data/images/3229.png,bdd749a853a4c2b1dad71826cc0a8244b91538f35565cf3b4bf01a84004cd3d4,dd8cc290bd35314dcd6038dd947386dd5c156785f20cb530a79d8459d9fdb856,3229,4,train,4
10768,3263,44,Munidopsis,/home/tahiti/MARINE_DATASETS/FathomNet_FGVC2025/data/rois/3263_10768.png,/home/tahiti/MARINE_DATASETS/FathomNet_FGVC2025/data/images/3263.png,adc9a28a2425b299a782d1984112f7013b239a1e6933c24d1464bc57515cdb49,dfd10dc63d4287d9bdbf6b70f960f483b83c4fe6b64982aa44a86b95bb453b8a,3263,2,train,2
10771,3265,51,Pandalus amplus,/home/tahiti/MARINE_DATASETS/FathomNet_FGVC2025/data/rois/3265_10771.png,/home/tahiti/MARINE_DATASETS/FathomNet_FGVC2025/data/images/3265.png,a85c3f05d70d7d69c129b991fd91d13b916d1a0f850be8120d6d609b4d8ceff6,9b5c61af41e2c23fca3bced8c4d095c0f1eb9e365ab52840e9b1ddc3ea64df5e,3265,5,train,5
10777,3266,64,Pyrosoma atlanticum,/home/tahiti/MARINE_DATASETS/FathomNet_FGVC2025/data/rois/3266_10777.png,/home/tahiti/MARINE_DATASETS/FathomNet_FGVC2025/data/images/3266.png,99f2a7e037d1deb4bac92f51d688f41548256b89816d096f19687b4a9a3996c5,68845e466a0a1cc818965e93fb4f6484da85fd9491e8c5879d57536610fa57d2,3266,2,train,2
10783,3271,78,Vesicomyidae,/home/tahiti/MARINE_DATASETS/FathomNet_FGVC2025/data/rois/3271_10783.png,/home/tahiti/MARINE_DATASETS/FathomNet_FGVC2025/data/images/3271.png,718a8099ef849eee4fd24ad268466392b9f5dbb06c3b0a2e6971bb41043486b2,1ee0773479ad47cdda5730e74c14160055eb1ee0a1e1e9b153e95294036fa175,3271,2,train,2
10787,3275,19,Crinoidea,/home/tahiti/MARINE_DATASETS/FathomNet_FGVC2025/data/rois/3275_10787.png,/home/tahiti/MARINE_DATASETS/FathomNet_FGVC2025/data/images/3275.png,6fb05998a9aef329ef931dd6dc1a08f7b16b58efd714985c8260bb0deeb558f7,8b21d01c92c5004e1c3e674f1c0c7d2999746177e5b84fb44b23a14ddd9d0fe6,3275,0,train,0
10793,3279,36,Isosicyonis,/home/tahiti/MARINE_DATASETS/FathomNet_FGVC2025/data/rois/3279_10793.png,/home/tahiti/MARINE_DATASETS/FathomNet_FGVC2025/data/images/3279.png,c0af7f297e14506886bd31442c193be741655a9c8f1b15283bbfcfdaf8f11ab9,0fbb5de8b261e861fdd4749a39fab4348a23005ed4c99419d3a81cffed2cdee8,3279,1,train,1
10800,3281,46,Mycale,/home/tahiti/MARINE_DATASETS/FathomNet_FGVC2025/data/rois/3281_10800.png,/home/tahiti/MARINE_DATASETS/FathomNet_FGVC2025/data/images/3281.png,91ddbdf0e06bc171c1611351418289cc15b087cc7041e1d435e144bce88d092c,8bae398d6496903d2f719840f674f78a54813501dfcfd03fafae3fd91b2e86c4,3281,4,train,4
10806,3283,67,Scotoplanes,/home/tahiti/MARINE_DATASETS/FathomNet_FGVC2025/data/rois/3283_10806.png,/home/tahiti/MARINE_DATASETS/FathomNet_FGVC2025/data/images/3283.png,784b0bcb29334924130f0d96d5139e3860acefa4d73969c1e7024ccc7631c671,ffe3ea7f773c4c00e07f07efc9c4abffc63f1abea60954a0076aafa94bf1ea6d,3283,2,train,2
10837,3294,67,Scotoplanes,/home/tahiti/MARINE_DATASETS/FathomNet_FGVC2025/data/rois/3294_10837.png,/home/tahiti/MARINE_DATASETS/FathomNet_FGVC2025/data/images/3294.png,9eab9f95f770b437cf861054e79462d7900bfb5cf4863903d60ad2e064612496,9d8e046840f3586e37dc177c016c5664815147d60415e35d383783ddf291b3a2,3294,5,train,5
10858,3302,68,Scotoplanes globosa,/home/tahiti/MARINE_DATASETS/FathomNet_FGVC2025/data/rois/3302_10858.png,/home/tahiti/MARINE_DATASETS/FathomNet_FGVC2025/data/images/3302.png,a489f1a1c6783647d9a5445c8b198fb1e074b3f8f733dadfb5c1a07dc0fc2d29,6652ef2fa3be9bc933b13d6241ea2546bf73e8360f83c9d8c848b80f6d5ab8ac,3302,5,train,5
10860,3302,68,Scotoplanes globosa,/home/tahiti/MARINE_DATASETS/FathomNet_FGVC2025/data/rois/3302_10860.png,/home/tahiti/MARINE_DATASETS/FathomNet_FGVC2025/data/images/3302.png,9af841751474368bf0c35b8dfe44603e9fbefe88f97afae4ca04c9d30e8a6e41,6652ef2fa3be9bc933b13d6241ea2546bf73e8360f83c9d8c848b80f6d5ab8ac,3302,5,train,5
10868,3304,41,Merluccius productus,/home/tahiti/MARINE_DATASETS/FathomNet_FGVC2025/data/rois/3304_10868.png,/home/tahiti/MARINE_DATASETS/FathomNet_FGVC2025/data/images/3304.png,cd47238785bfab9de7dea06186f297522ceebbdbf5856ddcba6af7cbe09e5e33,56141e90902e4f37a4a360540addd8909f1f3c71dc065061f895b16ab699c307,3304,2,train,2
10870,3304,41,Merluccius productus,/home/tahiti/MARINE_DATASETS/FathomNet_FGVC2025/data/rois/3304_10870.png,/home/tahiti/MARINE_DATASETS/FathomNet_FGVC2025/data/images/3304.png,7bcfbcc1b9ff5fd4027597de778be7e8e9a3551309975c7c11286f245d8ef922,56141e90902e4f37a4a360540addd8909f1f3c71dc065061f895b16ab699c307,3304,2,train,2
10874,3306,45,Munnopsidae,/home/tahiti/MARINE_DATASETS/FathomNet_FGVC2025/data/rois/3306_10874.png,/home/tahiti/MARINE_DATASETS/FathomNet_FGVC2025/data/images/3306.png,c1723ee99e387bd3ab42e9c3371aebc1e40084c9706fe5bdd84303e8989812e7,1c33ed345c4650f268a3cc5a6545c027014c235cb09c45d88d11bda91c06231c,3306,4,train,4
10884,3312,73,Staurocalyptus,/home/tahiti/MARINE_DATASETS/FathomNet_FGVC2025/data/rois/3312_10884.png,/home/tahiti/MARINE_DATASETS/FathomNet_FGVC2025/data/images/3312.png,3df153ede1a0379bdc3e44ea1b6600d511d1dda1e2918437c682f5bbb1912310,088c305889800f9cfbd9b62f666b67cb4f8d14f0ae647d63ba4c96aa0da4afe1,3312,1,train,1
10926,3336,54,Paragorgia,/home/tahiti/MARINE_DATASETS/FathomNet_FGVC2025/data/rois/3336_10926.png,/home/tahiti/MARINE_DATASETS/FathomNet_FGVC2025/data/images/3336.png,528cec9ccb33241a2b352f649326ff4e506a6e9aff80122f0ebe7659bf681a6c,f3dbad8b44224bf6754dbf1e6489503717d77a8034ea795850fc1e1a8dd48492,3336,2,train,2
10928,3338,44,Munidopsis,/home/tahiti/MARINE_DATASETS/FathomNet_FGVC2025/data/rois/3338_10928.png,/home/tahiti/MARINE_DATASETS/FathomNet_FGVC2025/data/images/3338.png,bd8c5a9916e83e5f3a9e7dda166b67a5015c3446a6bce0a625830a1d080727ab,e3b5c547ad2190d3fdc6cc4a96a9af6f5458413ec67beb58c3c2c0b3de01eafc,3338,1,train,1
10939,3344,43,Microstomus pacificus,/home/tahiti/MARINE_DATASETS/FathomNet_FGVC2025/data/rois/3344_10939.png,/home/tahiti/MARINE_DATASETS/FathomNet_FGVC2025/data/images/3344.png,3bab4fa7657d8dd01555918e82aa3ecb77e36bbf274a9eac1b2dc7461f176b13,081b9ed5ade9d2cf2bcee5bfbc4d7429007e70bb5c971384457f531c6647b0bf,3344,2,train,2
10985,3363,38,Liponema brevicorne,/home/tahiti/MARINE_DATASETS/FathomNet_FGVC2025/data/rois/3363_10985.png,/home/tahiti/MARINE_DATASETS/FathomNet_FGVC2025/data/images/3363.png,9584143156ed3a9c2bbde48efeb5334a04f4beea016951f617a83c2f32b070a9,ab1ec60eeb750383e75c67b0f9951d5083c68d7a7a4bd45f7a044757e492d2f9,3363,4,train,4
10986,3364,68,Scotoplanes globosa,/home/tahiti/MARINE_DATASETS/FathomNet_FGVC2025/data/rois/3364_10986.png,/home/tahiti/MARINE_DATASETS/FathomNet_FGVC2025/data/images/3364.png,8f195f21e91aff24787ac1c71cfb5a0e5eb247f5c4991930c70fd4bd3d24b237,dfa43378f726cefa249940d05c233b32b864bb489eb85fac8e79480ef7de2538,3364,0,train,0
10989,3367,14,Caridea,/home/tahiti/MARINE_DATASETS/FathomNet_FGVC2025/data/rois/3367_10989.png,/home/tahiti/MARINE_DATASETS/FathomNet_FGVC2025/data/images/3367.png,0d8ae783bf8845408204b6d3438a8a6115e38b8bd4fc17707f5ae398be1f6ef3,de88195f8618f0c6ad55761010e2ec6725923c3e0a4e5202f47cbca9d28bce8c,3367,1,train,1
11003,3370,41,Merluccius productus,/home/tahiti/MARINE_DATASETS/FathomNet_FGVC2025/data/rois/3370_11003.png,/home/tahiti/MARINE_DATASETS/FathomNet_FGVC2025/data/images/3370.png,fc3ca5d5a8b7e1795f8ad335eedc3852d8e0d32a32e06b1f1253a2d8853e3072,49563114a7cee0b8ba006f8bc19dc30c2627f6bb0bfff67881690ee69347983a,3370,2,train,2
11044,3386,17,Chorilia longipes,/home/tahiti/MARINE_DATASETS/FathomNet_FGVC2025/data/rois/3386_11044.png,/home/tahiti/MARINE_DATASETS/FathomNet_FGVC2025/data/images/3386.png,7259cac3045dbc132fa0827885fdb30d563e55a6e3e3db23739d22512c1510e7,8e57b62e7ca83f6ca4aaf0f597fec30facfb73ee5def57a461b88b556bbf161e,3386,4,train,4
11045,3386,29,Heteropolypus ritteri,/home/tahiti/MARINE_DATASETS/FathomNet_FGVC2025/data/rois/3386_11045.png,/home/tahiti/MARINE_DATASETS/FathomNet_FGVC2025/data/images/3386.png,d4f984853be4cb71113bd88c0a9b15afa79cbd488636d6c0f8ef2a7eb912c385,8e57b62e7ca83f6ca4aaf0f597fec30facfb73ee5def57a461b88b556bbf161e,3386,4,train,4
11057,3389,32,Holothuroidea,/home/tahiti/MARINE_DATASETS/FathomNet_FGVC2025/data/rois/3389_11057.png,/home/tahiti/MARINE_DATASETS/FathomNet_FGVC2025/data/images/3389.png,4afb837269df4b22c8bfb7811a63c2b247768f98582b615fdbc6ae613121265c,ab71db832551f4286b6f52c9c08f3b4d70aa1d2fdef25474a170b44b39787f92,3389,1,train,1
11067,3396,14,Caridea,/home/tahiti/MARINE_DATASETS/FathomNet_FGVC2025/data/rois/3396_11067.png,/home/tahiti/MARINE_DATASETS/FathomNet_FGVC2025/data/images/3396.png,2f592dcbec0a0a6c8408cd4f905fd48ad222de79eacf0f3f7787452fce52fcd9,2f638b4642a216e89e50f8ed42c38431b4cff842c844b93d9f58a56dfc6579d1,3396,1,train,1
11082,3401,32,Holothuroidea,/home/tahiti/MARINE_DATASETS/FathomNet_FGVC2025/data/rois/3401_11082.png,/home/tahiti/MARINE_DATASETS/FathomNet_FGVC2025/data/images/3401.png,7203dc48c4d05ce4295cf5e863e5364a00e2e2b242cb3cfbeaecca0958b9264a,1a1205aaa5f1b75557c2604397bcf85194b609ffadb3e01e0576521433d8bef5,3401,0,train,0
11105,3414,4,Actinernus,/home/tahiti/MARINE_DATASETS/FathomNet_FGVC2025/data/rois/3414_11105.png,/home/tahiti/MARINE_DATASETS/FathomNet_FGVC2025/data/images/3414.png,3bd932d43a7f91a80247287346aaeda748c3a34a574ea0ef39899811d39228e4,833455c092a7eae07ef6afd0825191f4a47cdaa65671dabf802ba836c1ae0124,3414,2,train,2
11125,3423,45,Munnopsidae,/home/tahiti/MARINE_DATASETS/FathomNet_FGVC2025/data/rois/3423_11125.png,/home/tahiti/MARINE_DATASETS/FathomNet_FGVC2025/data/images/3423.png,ae618c6520aec94c722d3f020713e037079daf1a6158698a677bdca2d4496fde,ec2d3b2b0af613ca28a9787d4754eb3beb7fb5376097bfa17e7ef0bbed1d8e92,3423,1,train,1
11148,3431,33,Hormathiidae,/home/tahiti/MARINE_DATASETS/FathomNet_FGVC2025/data/rois/3431_11148.png,/home/tahiti/MARINE_DATASETS/FathomNet_FGVC2025/data/images/3431.png,27589c350070a3332fb31aaf23715c589dfb16c982583a3a8529a390735ffefa,c6a3369fe2829b29647ba1b62d43252670e64dc33d60f183e195798eaed94594,3431,2,train,2
11158,3432,45,Munnopsidae,/home/tahiti/MARINE_DATASETS/FathomNet_FGVC2025/data/rois/3432_11158.png,/home/tahiti/MARINE_DATASETS/FathomNet_FGVC2025/data/images/3432.png,53ce322a15c119c1572323c989a7d99367fbc449dc035484b4d967670411f90f,9e523af3efdd9b0ce8bedd3b529e531858bf7b38aeb0d37e01cd4efabe75b927,3432,1,train,1
11161,3434,34,Isidella tentaculum,/home/tahiti/MARINE_DATASETS/FathomNet_FGVC2025/data/rois/3434_11161.png,/home/tahiti/MARINE_DATASETS/FathomNet_FGVC2025/data/images/3434.png,a5a45a5a837daee18b702cf8c38697fc18f13abf5f33b923d1da2d8d35d9c517,a9caf3818f07feb261be870c47e272310364a6fad8a94faedcda6a764902d771,3434,5,train,5
11183,3441,41,Merluccius productus,/home/tahiti/MARINE_DATASETS/FathomNet_FGVC2025/data/rois/3441_11183.png,/home/tahiti/MARINE_DATASETS/FathomNet_FGVC2025/data/images/3441.png,ce028a4c6adf142c848975fb509586e43087bfcc6e25013d76cf02f4b844dc10,747ff6d6516b7e8451205ee1bd220261f60a1dc5bf28fac9dfa62421cc307ecb,3441,4,train,4
11200,3441,41,Merluccius productus,/home/tahiti/MARINE_DATASETS/FathomNet_FGVC2025/data/rois/3441_11200.png,/home/tahiti/MARINE_DATASETS/FathomNet_FGVC2025/data/images/3441.png,f419e3488933af58933f29567efaf0585c05f466a699c3817a4067135c9825c5,747ff6d6516b7e8451205ee1bd220261f60a1dc5bf28fac9dfa62421cc307ecb,3441,4,train,4
11201,3441,41,Merluccius productus,/home/tahiti/MARINE_DATASETS/FathomNet_FGVC2025/data/rois/3441_11201.png,/home/tahiti/MARINE_DATASETS/FathomNet_FGVC2025/data/images/3441.png,bf3676ded75b6c40eafda970c23e2a2907a9ddac48789c2ce3398601f13abb30,747ff6d6516b7e8451205ee1bd220261f60a1dc5bf28fac9dfa62421cc307ecb,3441,4,train,4
11205,3441,41,Merluccius productus,/home/tahiti/MARINE_DATASETS/FathomNet_FGVC2025/data/rois/3441_11205.png,/home/tahiti/MARINE_DATASETS/FathomNet_FGVC2025/data/images/3441.png,fc33e55331ea532ca46b31a3a2e0fbe2e5f4106f10bbefdeb2d99c23363e7735,747ff6d6516b7e8451205ee1bd220261f60a1dc5bf28fac9dfa62421cc307ecb,3441,4,train,4
11316,3465,67,Scotoplanes,/home/tahiti/MARINE_DATASETS/FathomNet_FGVC2025/data/rois/3465_11316.png,/home/tahiti/MARINE_DATASETS/FathomNet_FGVC2025/data/images/3465.png,448c9652617b71dc81c98710522dbda28a2a9d72427110a052cf344cbc87b7d3,f10a8445615a5ef93b37767eeaf07bfce84b444694a09bb3303c21d467fbcd8c,3465,0,train,0
11347,3482,44,Munidopsis,/home/tahiti/MARINE_DATASETS/FathomNet_FGVC2025/data/rois/3482_11347.png,/home/tahiti/MARINE_DATASETS/FathomNet_FGVC2025/data/images/3482.png,95f92b893b2438a13f823c196396f303647ece4484eefdc4cfef3680ece4fbec,10181547f489b0ca15e14bbea13a1b918734c723949d3d8b55167f47b5122a11,3482,4,train,4
11370,3490,23,Florometra serratissima,/home/tahiti/MARINE_DATASETS/FathomNet_FGVC2025/data/rois/3490_11370.png,/home/tahiti/MARINE_DATASETS/FathomNet_FGVC2025/data/images/3490.png,f96b5bba8799b5aecbd7a59ed484c97a984dd7f0c45f5de8be99a2c2651cfc6e,7afaacaef52cabefe387acfb8cf59a7389fec6868b8fd64664fb563b14ea938c,3490,2,train,2
11386,3492,36,Isosicyonis,/home/tahiti/MARINE_DATASETS/FathomNet_FGVC2025/data/rois/3492_11386.png,/home/tahiti/MARINE_DATASETS/FathomNet_FGVC2025/data/images/3492.png,0689d697421aefeedbbf3119976c670bca4aadc2f7c9d61c5b22fa3ce9f91e04,542589d91e450b5545b69ac6479bcc222faf2e1a20715b1df3819372bc2c3b00,3492,0,train,0
11398,3498,38,Liponema brevicorne,/home/tahiti/MARINE_DATASETS/FathomNet_FGVC2025/data/rois/3498_11398.png,/home/tahiti/MARINE_DATASETS/FathomNet_FGVC2025/data/images/3498.png,226f88731daba58e11ef2a2a49e58f229e380fdf4489f9a9ef952ccee261ff0c,7005b41ae10c19b38bdaa85da881d6ef11e21d778794510555820c140f8a6b37,3498,4,train,4
11400,3500,67,Scotoplanes,/home/tahiti/MARINE_DATASETS/FathomNet_FGVC2025/data/rois/3500_11400.png,/home/tahiti/MARINE_DATASETS/FathomNet_FGVC2025/data/images/3500.png,4c95a80aeda7f855408065aee524ae58b7cc77d974e71901b84422f0ba506c4b,2efd934704c440301b6ca33dbb365283361b0908014986f0ab236488acb49f5d,3500,0,train,0
11406,3501,2,Acanthascinae,/home/tahiti/MARINE_DATASETS/FathomNet_FGVC2025/data/rois/3501_11406.png,/home/tahiti/MARINE_DATASETS/FathomNet_FGVC2025/data/images/3501.png,54711478eabda0e0d30e6b6d6ad9f8e0ab0547bbce6868ebe65081d0bcd53de7,f8eaa6c76c9cb9682eaafa701941da18d3a581d316ba44e5b55ccb65e6f27e43,3501,4,train,4
11460,3537,53,Pannychia moseleyi,/home/tahiti/MARINE_DATASETS/FathomNet_FGVC2025/data/rois/3537_11460.png,/home/tahiti/MARINE_DATASETS/FathomNet_FGVC2025/data/images/3537.png,d2e0405b6cd7754eb34ae7f5a1ac385654cb2f78dad7fbefbe856a33594f4acd,f853ed16bb7379e870ccc19f60c15f41a5f1b236c344324b315eca6c08c4c9ee,3537,5,train,5
11470,3541,43,Microstomus pacificus,/home/tahiti/MARINE_DATASETS/FathomNet_FGVC2025/data/rois/3541_11470.png,/home/tahiti/MARINE_DATASETS/FathomNet_FGVC2025/data/images/3541.png,c0b789cb35c3d157fd454f2e066e799999bbd5662ac5e06dfffaa77dc2494e03,ebf159cd3a1084f14abd531f9ccc2980be154da7595aa58efae1f837445d0c00,3541,4,train,4
11496,3560,2,Acanthascinae,/home/tahiti/MARINE_DATASETS/FathomNet_FGVC2025/data/rois/3560_11496.png,/home/tahiti/MARINE_DATASETS/FathomNet_FGVC2025/data/images/3560.png,e5c83111a848a49ab30914e28a98d071767b7c677007c880a7037c73c738e476,c2e6c193e25e8f55780fe717e9e93455a7d104de47d4806895819a89d8869083,3560,0,train,0
11497,3560,17,Chorilia longipes,/home/tahiti/MARINE_DATASETS/FathomNet_FGVC2025/data/rois/3560_11497.png,/home/tahiti/MARINE_DATASETS/FathomNet_FGVC2025/data/images/3560.png,dbed514bb0d492b01a57efdda7fce966929685f57f660e78864c8d95466daf25,c2e6c193e25e8f55780fe717e9e93455a7d104de47d4806895819a89d8869083,3560,0,train,0
11498,3560,54,Paragorgia,/home/tahiti/MARINE_DATASETS/FathomNet_FGVC2025/data/rois/3560_11498.png,/home/tahiti/MARINE_DATASETS/FathomNet_FGVC2025/data/images/3560.png,7d2d6162a165b54052489a38e0c461ffa2aecb653dd5a0bf1b772b8df9dfab2f,c2e6c193e25e8f55780fe717e9e93455a7d104de47d4806895819a89d8869083,3560,0,train,0
11534,3570,23,Florometra serratissima,/home/tahiti/MARINE_DATASETS/FathomNet_FGVC2025/data/rois/3570_11534.png,/home/tahiti/MARINE_DATASETS/FathomNet_FGVC2025/data/images/3570.png,1a291ec9943528f5192755281ba244b38b836a7aabb08e17472932a00e2b064e,16b94d4814ea2769236d2fe6f9baa54b78c2533e13c4c8b0f1c6cfecad17d16b,3570,1,train,1
11552,3580,22,Farrea,/home/tahiti/MARINE_DATASETS/FathomNet_FGVC2025/data/rois/3580_11552.png,/home/tahiti/MARINE_DATASETS/FathomNet_FGVC2025/data/images/3580.png,7d8e772b8429458c144cf4670c47f9cccbc8632ecda611fa1d2eb48aac343554,0c7b228d0ce73968f4fe61d7ebbf844cc87322a7edd7fc64e73b05e56e47b783,3580,1,train,1
11575,3590,29,Heteropolypus ritteri,/home/tahiti/MARINE_DATASETS/FathomNet_FGVC2025/data/rois/3590_11575.png,/home/tahiti/MARINE_DATASETS/FathomNet_FGVC2025/data/images/3590.png,d64b71f05e5c8b7cb9a1e5311c67c5b00ab748298ac5e4c72bf3e5bc3c30ef4c,8fcbf8849c69c77180e6fbbc31a6a45ae91d34ac6bda4db3cc372389275ebcab,3590,4,train,4
11587,3597,64,Pyrosoma atlanticum,/home/tahiti/MARINE_DATASETS/FathomNet_FGVC2025/data/rois/3597_11587.png,/home/tahiti/MARINE_DATASETS/FathomNet_FGVC2025/data/images/3597.png,d6835746da8d8d5a21d9268fec8fd67a4585648b402c2ce830c331780d4573d4,e93ed7d24e85fb3ce06b33f3dd204fa1cf926c9e225edf473e70b56842015dfa,3597,5,train,5
11607,3605,43,Microstomus pacificus,/home/tahiti/MARINE_DATASETS/FathomNet_FGVC2025/data/rois/3605_11607.png,/home/tahiti/MARINE_DATASETS/FathomNet_FGVC2025/data/images/3605.png,830eb5680c86b57c3d2c74e3fea3fb68b056c37e925a027c9f2fadbab5b52ad8,f96c2a5cd693cd6ecfcb3c21a25c7c00e791baf5048b79028af07c205201aed8,3605,0,train,0
11622,3615,22,Farrea,/home/tahiti/MARINE_DATASETS/FathomNet_FGVC2025/data/rois/3615_11622.png,/home/tahiti/MARINE_DATASETS/FathomNet_FGVC2025/data/images/3615.png,d1110d8d616de5d4e1600c1afe687b28389d6c6a91d772b71d84bc20913538a7,08eea38693a752a37f37f15bc5ad5773fd8a91e2fef2ffbc23e5e7dbdfc19973,3615,4,train,4
11660,3630,59,Pennatula phosphorea,/home/tahiti/MARINE_DATASETS/FathomNet_FGVC2025/data/rois/3630_11660.png,/home/tahiti/MARINE_DATASETS/FathomNet_FGVC2025/data/images/3630.png,afa8dc426c6d894e4b5800edc84795279b60f9cafa8e8c5605bbdfd807705e29,a226ccaa0e6657f12775762159efee0fa9a652db436b26ba03fe909f857b1597,3630,2,train,2
11666,3630,59,Pennatula phosphorea,/home/tahiti/MARINE_DATASETS/FathomNet_FGVC2025/data/rois/3630_11666.png,/home/tahiti/MARINE_DATASETS/FathomNet_FGVC2025/data/images/3630.png,393e2e70a21cf42a5b0c1d5744212e15b908aa66a7784d6a7e44d97e2a3a70c4,a226ccaa0e6657f12775762159efee0fa9a652db436b26ba03fe909f857b1597,3630,2,train,2
11698,3641,27,Heterocarpus,/home/tahiti/MARINE_DATASETS/FathomNet_FGVC2025/data/rois/3641_11698.png,/home/tahiti/MARINE_DATASETS/FathomNet_FGVC2025/data/images/3641.png,b5648ecde41d83d4c3c4e74dcd675a2af6bc426ebdf6e60a82a76d3c9c5bbb0e,af7dbb50ba546a312675118319e66faa3f9cc397c3710d8bfa888c039eeab7be,3641,0,train,0
11719,3647,32,Holothuroidea,/home/tahiti/MARINE_DATASETS/FathomNet_FGVC2025/data/rois/3647_11719.png,/home/tahiti/MARINE_DATASETS/FathomNet_FGVC2025/data/images/3647.png,d8243b61b77ce079d75ac96a68865b67f64e30f0e883c3b1c5e53cda33396df2,1d02dd20d3da0f4345f6d64c0e77aad06f9fc8390a95fcf8339a128432be5963,3647,0,train,0
11723,3651,76,Tunicata,/home/tahiti/MARINE_DATASETS/FathomNet_FGVC2025/data/rois/3651_11723.png,/home/tahiti/MARINE_DATASETS/FathomNet_FGVC2025/data/images/3651.png,7d273fdf7ebd8bfbf23c9cb71e7e5d6d5c92c2c821621234a763d4df45ed57c4,8107d13eecaa653b82d88594572384177d5c2bab20f9455f9eed3e25b7e93846,3651,0,train,0
11731,3655,68,Scotoplanes globosa,/home/tahiti/MARINE_DATASETS/FathomNet_FGVC2025/data/rois/3655_11731.png,/home/tahiti/MARINE_DATASETS/FathomNet_FGVC2025/data/images/3655.png,495a4d08365f5a170b0c1ec10520d736f26608e65dadeec6eb7b8f3bf996086a,10e32fb53d099cc7afbee7b4f548d69a646d953dfb9c2222ac3b2b06b0ab9225,3655,4,train,4
11760,3663,19,Crinoidea,/home/tahiti/MARINE_DATASETS/FathomNet_FGVC2025/data/rois/3663_11760.png,/home/tahiti/MARINE_DATASETS/FathomNet_FGVC2025/data/images/3663.png,3c01893926e9f38d307ecbafdb0829e8612e60d514023f07fbd0645e4e78bf01,a9d706906502113e1e2ead5a3b20185e5ddcfa8dea6167881c7a9f155f35ace7,3663,2,train,2
11768,3669,68,Scotoplanes globosa,/home/tahiti/MARINE_DATASETS/FathomNet_FGVC2025/data/rois/3669_11768.png,/home/tahiti/MARINE_DATASETS/FathomNet_FGVC2025/data/images/3669.png,b3a27116878c4ac230179bd87edd5e471d3538a33a6e8688ede117a8cb25ac93,ad1849a923e5f02d24612c6d5a2cd10cf99c4fed64d9851868ca1b5639448a42,3669,5,train,5
11778,3675,18,Corallimorphus pilatus,/home/tahiti/MARINE_DATASETS/FathomNet_FGVC2025/data/rois/3675_11778.png,/home/tahiti/MARINE_DATASETS/FathomNet_FGVC2025/data/images/3675.png,049bb0a76b151b808be3c9148be700636beccb53a52215090483a926904de734,0506a92cde2d7608df3951b91050d88ef49f88b88f88d22247111c5be3ae0e5c,3675,0,train,0
11785,3676,29,Heteropolypus ritteri,/home/tahiti/MARINE_DATASETS/FathomNet_FGVC2025/data/rois/3676_11785.png,/home/tahiti/MARINE_DATASETS/FathomNet_FGVC2025/data/images/3676.png,1a066943139ab2947a4e4ba0a9aa018e66eec5da1a920648d3edd157ed6dc9f1,543261554ea3935909babddadfdcb099ec7dfc7e4bb60d37f6fb0f6ceef8aa83,3676,4,train,4
11799,3683,53,Pannychia moseleyi,/home/tahiti/MARINE_DATASETS/FathomNet_FGVC2025/data/rois/3683_11799.png,/home/tahiti/MARINE_DATASETS/FathomNet_FGVC2025/data/images/3683.png,a9d6410f00d7618d7868dd8c1a710e0b4c244ba49cd76ff0b3bc6c77cc86e039,7af28dff69b443aa7ff3341daf6ebd307096f52a46bce7edb6a58729b6890016,3683,0,train,0
11801,3684,77,Umbellula,/home/tahiti/MARINE_DATASETS/FathomNet_FGVC2025/data/rois/3684_11801.png,/home/tahiti/MARINE_DATASETS/FathomNet_FGVC2025/data/images/3684.png,53d1bda62d093697dbda97aff67b6d6de74c45d0ad9b508807a7850ff866ee85,b92c14badcd3a4f42129c922898b30ccef46d9d209c020c390926740735d41c1,3684,2,train,2
11832,3699,13,Brisingida,/home/tahiti/MARINE_DATASETS/FathomNet_FGVC2025/data/rois/3699_11832.png,/home/tahiti/MARINE_DATASETS/FathomNet_FGVC2025/data/images/3699.png,d0c0be1120bf1daa885d24802b9ea4169e158f8ae4a88c95a53f007fa035f027,42a2c4d1ed96a9c20ef4935e176169f784f32a0004f8182e0bd457a5bffbb5e6,3699,1,train,1
11836,3700,24,Funiculina,/home/tahiti/MARINE_DATASETS/FathomNet_FGVC2025/data/rois/3700_11836.png,/home/tahiti/MARINE_DATASETS/FathomNet_FGVC2025/data/images/3700.png,0a9fa881574ae61d81a639d03434ea37de671059b2b27a8ddded6631e37f17b3,e9e0e4b5a83a75d47a84cd3ec438e3fe4f9b37051929dd4dc81a0d0c26508fbe,3700,5,train,5
11852,3704,56,Paralomis multispina,/home/tahiti/MARINE_DATASETS/FathomNet_FGVC2025/data/rois/3704_11852.png,/home/tahiti/MARINE_DATASETS/FathomNet_FGVC2025/data/images/3704.png,287501035dd660530dbd70ee7031224d102dde6739f8607f6904236b83c24b74,1fd22816eec819072ff06e8282ab37468cd66a2d99e0666b4aefe8c6169e833f,3704,0,train,0
11858,3708,68,Scotoplanes globosa,/home/tahiti/MARINE_DATASETS/FathomNet_FGVC2025/data/rois/3708_11858.png,/home/tahiti/MARINE_DATASETS/FathomNet_FGVC2025/data/images/3708.png,0cf95df3c3f191359a30c81474b594efbca9622efe1b65f3f8d10a0f3710400c,3d1b553c8cae28a44028d9302c2784b920f905983ed82c12eaa293158ff552ad,3708,2,train,2
11866,3714,14,Caridea,/home/tahiti/MARINE_DATASETS/FathomNet_FGVC2025/data/rois/3714_11866.png,/home/tahiti/MARINE_DATASETS/FathomNet_FGVC2025/data/images/3714.png,24177f0c65110484e0108a05e79f99bb104c229d2900b1866316d10564f7d5b9,525331c842fab6e29e49e5f509cfb78731ca0f99d9e6192820c6670f740db21b,3714,0,train,0
11890,3721,14,Caridea,/home/tahiti/MARINE_DATASETS/FathomNet_FGVC2025/data/rois/3721_11890.png,/home/tahiti/MARINE_DATASETS/FathomNet_FGVC2025/data/images/3721.png,267df4ccdeeb6533bb51462dc4d55d505ce18a18c329b200c5131bba42bafa51,933e554d189119025b45e3ef4cbfa694fa14aacc9a9c26346c8a0d0487de724a,3721,2,train,2
11900,3727,26,Gersemia juliepackardae,/home/tahiti/MARINE_DATASETS/FathomNet_FGVC2025/data/rois/3727_11900.png,/home/tahiti/MARINE_DATASETS/FathomNet_FGVC2025/data/images/3727.png,b84eea08145e349456060f1738db0dfd2efd3a8c5afd052d74acaa7c108fb60e,3130ad10c3537bfff84dd7666c4624ac534975bbad1d83da808b19d5efe32a4a,3727,5,train,5
11908,3728,67,Scotoplanes,/home/tahiti/MARINE_DATASETS/FathomNet_FGVC2025/data/rois/3728_11908.png,/home/tahiti/MARINE_DATASETS/FathomNet_FGVC2025/data/images/3728.png,8afb6c5665a2d0c49ededba3d1914c620ec5372db7bf0ec460fc57f0426a9808,b7761039ca799791d1868934bf67308a64890dda7e3df1782d34d79e3abd9444,3728,1,train,1
11925,3734,50,Paelopatides confundens,/home/tahiti/MARINE_DATASETS/FathomNet_FGVC2025/data/rois/3734_11925.png,/home/tahiti/MARINE_DATASETS/FathomNet_FGVC2025/data/images/3734.png,cb201d9ce0eedb0663ec7103207c225d39fd5c4ef12907e399268f619d29bc63,f76e6f6da4f8dfa4709f66b95c20435f71730a9cc3aba22103e1b6bcdfaaa0c3,3734,4,train,4
11933,3741,45,Munnopsidae,/home/tahiti/MARINE_DATASETS/FathomNet_FGVC2025/data/rois/3741_11933.png,/home/tahiti/MARINE_DATASETS/FathomNet_FGVC2025/data/images/3741.png,4f30966d50c519ac83f0a45d1d6ef8e704843cfb95aa6f5dc57c47755cf3dd54,dbd03c9e73f77796abeb4f054df02fbc75c380400c369fe7514a0900a81ad7a7,3741,0,train,0
11935,3741,45,Munnopsidae,/home/tahiti/MARINE_DATASETS/FathomNet_FGVC2025/data/rois/3741_11935.png,/home/tahiti/MARINE_DATASETS/FathomNet_FGVC2025/data/images/3741.png,740a659a12e253eb8d49b75382b060191c0c0873c9df34c9ecf30865a6755d19,dbd03c9e73f77796abeb4f054df02fbc75c380400c369fe7514a0900a81ad7a7,3741,0,train,0
11937,3743,32,Holothuroidea,/home/tahiti/MARINE_DATASETS/FathomNet_FGVC2025/data/rois/3743_11937.png,/home/tahiti/MARINE_DATASETS/FathomNet_FGVC2025/data/images/3743.png,0549278a845b9c6a43bea91229a3b8fd0415473a24b056070b0205d3a54961f2,9def23a5a135af49abcd879380a1099ff0576f8758f3d58e5a2c781551708d2e,3743,0,train,0
11960,3756,67,Scotoplanes,/home/tahiti/MARINE_DATASETS/FathomNet_FGVC2025/data/rois/3756_11960.png,/home/tahiti/MARINE_DATASETS/FathomNet_FGVC2025/data/images/3756.png,4bf31845b21daeffff75b7e4ba25c13a3cd1f0bacd2745c20806172f8369d5bd,f1010a4a09200e970bd9433881ef72eec984d832224eff7ea16b1a1fbbe87dc8,3756,5,train,5
11996,3771,1,Abyssocucumis abyssorum,/home/tahiti/MARINE_DATASETS/FathomNet_FGVC2025/data/rois/3771_11996.png,/home/tahiti/MARINE_DATASETS/FathomNet_FGVC2025/data/images/3771.png,97c2b26b3cc27c129eb0533cd2a7c5f1b8262ffd861c79048e438afc751b4154,08d4dc3d3f06666a2de6fe30e740527e32c8773abdccc65fa88eed12fd625883,3771,4,train,4
12014,3781,38,Liponema brevicorne,/home/tahiti/MARINE_DATASETS/FathomNet_FGVC2025/data/rois/3781_12014.png,/home/tahiti/MARINE_DATASETS/FathomNet_FGVC2025/data/images/3781.png,717188b0352102ddf479b835160add5c84e1fa142bc5078e13a952b32193a80b,03e241e287d38eca0ff1a3174707c7d7690dfdbccd3c29952dcc67d80efad9c8,3781,1,train,1
12020,3784,29,Heteropolypus ritteri,/home/tahiti/MARINE_DATASETS/FathomNet_FGVC2025/data/rois/3784_12020.png,/home/tahiti/MARINE_DATASETS/FathomNet_FGVC2025/data/images/3784.png,e9869b2d386930df0fd48a7170ed1c883034c90495589a28e1a68c594c0d478c,6474b7d7ff4365ec6b728ccbccc77a249395bce19c0b63146b7f0560f05f753c,3784,5,train,5
12021,3785,35,Isididae,/home/tahiti/MARINE_DATASETS/FathomNet_FGVC2025/data/rois/3785_12021.png,/home/tahiti/MARINE_DATASETS/FathomNet_FGVC2025/data/images/3785.png,bafe39f1716959d15d5d8452e1eececb8cdd05d5fcc779eb111d5a3111e24cd5,536a2907d6585a1f95acda2ba0bca17e769b6419492196cdc36c7505c98a5653,3785,5,train,5
12023,3786,23,Florometra serratissima,/home/tahiti/MARINE_DATASETS/FathomNet_FGVC2025/data/rois/3786_12023.png,/home/tahiti/MARINE_DATASETS/FathomNet_FGVC2025/data/images/3786.png,118304f19bd6fbc0a29d4947bef182c18bff76e1e37e2ade00eac2222a7b5dd3,17d05f894e33344b340baea6819397029667e256446b9778489745c1ab226336,3786,1,train,1
12024,3786,23,Florometra serratissima,/home/tahiti/MARINE_DATASETS/FathomNet_FGVC2025/data/rois/3786_12024.png,/home/tahiti/MARINE_DATASETS/FathomNet_FGVC2025/data/images/3786.png,1d12e104bca32dd9807ae14ac175a0f35e212a4ad3f09cfccb80956e378ecbc0,17d05f894e33344b340baea6819397029667e256446b9778489745c1ab226336,3786,1,train,1
12025,3786,52,Pandalus platyceros,/home/tahiti/MARINE_DATASETS/FathomNet_FGVC2025/data/rois/3786_12025.png,/home/tahiti/MARINE_DATASETS/FathomNet_FGVC2025/data/images/3786.png,19341b1fa03c839cfd5f43f8a515f94da14bdcc595870256ad9ff9eee6fc04df,17d05f894e33344b340baea6819397029667e256446b9778489745c1ab226336,3786,1,train,1
12047,3797,19,Crinoidea,/home/tahiti/MARINE_DATASETS/FathomNet_FGVC2025/data/rois/3797_12047.png,/home/tahiti/MARINE_DATASETS/FathomNet_FGVC2025/data/images/3797.png,89b6e35c64eeccf55a91c0e516545f9c609df7e7c38c5bff7405c24cf2b3f4c7,07dd1e81f9d7acdc30174aa0be5bdf31e6a4b099daa2e835e27c1fb8761fb085,3797,1,train,1
12057,3800,23,Florometra serratissima,/home/tahiti/MARINE_DATASETS/FathomNet_FGVC2025/data/rois/3800_12057.png,/home/tahiti/MARINE_DATASETS/FathomNet_FGVC2025/data/images/3800.png,f6030ab64b495eb0cb86fc40b6085ba64110ebb20bbdc01477481d61ad65debf,e164ae2afd657bf79d12720d1ab1ff835b07378201a0a013bb7973056dd6dac0,3800,1,train,1
12067,3802,69,Sebastes,/home/tahiti/MARINE_DATASETS/FathomNet_FGVC2025/data/rois/3802_12067.png,/home/tahiti/MARINE_DATASETS/FathomNet_FGVC2025/data/images/3802.png,e912e77900224fd8f4739515695e3fe2214d8b04fcd164524a314d52e6fa97f0,2696822c77f32e4b4bac2a298c320317ecee6630b6387733e2423156df3c6c5a,3802,0,train,0
12090,3811,35,Isididae,/home/tahiti/MARINE_DATASETS/FathomNet_FGVC2025/data/rois/3811_12090.png,/home/tahiti/MARINE_DATASETS/FathomNet_FGVC2025/data/images/3811.png,f73ce3f09cd1ee28efbbc34290dec2f09cd3b8c90339c6f9fb7e7ce01e7be796,9a94ccc6cd828e8984e69a7a0797a454f03e0424c289f14d04747b140881c4b6,3811,5,train,5
12092,3812,12,Benthocodon pedunculata,/home/tahiti/MARINE_DATASETS/FathomNet_FGVC2025/data/rois/3812_12092.png,/home/tahiti/MARINE_DATASETS/FathomNet_FGVC2025/data/images/3812.png,2d45a9e44978c500d219c05f1e09d301853de51542fe5538fe9b1eee25d64b5a,f86ba40c4f6b9f3a257a80107fd2dc7022c9b31134cfede2539c271ce6bca308,3812,0,train,0
12097,3815,29,Heteropolypus ritteri,/home/tahiti/MARINE_DATASETS/FathomNet_FGVC2025/data/rois/3815_12097.png,/home/tahiti/MARINE_DATASETS/FathomNet_FGVC2025/data/images/3815.png,7ddd4b1d87773a30a799cac5671207325a1874b2ba09981d273a4f11b44a80bd,da89ee3bcd5cf956dd02ce98488e222aa6c93a6bdc4c2b632d118f7f24e1dede,3815,4,train,4
12099,3816,42,Metridium farcimen,/home/tahiti/MARINE_DATASETS/FathomNet_FGVC2025/data/rois/3816_12099.png,/home/tahiti/MARINE_DATASETS/FathomNet_FGVC2025/data/images/3816.png,28203b3bca49c87dffd291f8894216ed20b545e0defada7bcff74aa16214395d,8f8b937d6c2c2bc3e7dd73ed1fccaf441ec496cd402171cce50a1e0c87adcca0,3816,1,train,1
12121,3825,24,Funiculina,/home/tahiti/MARINE_DATASETS/FathomNet_FGVC2025/data/rois/3825_12121.png,/home/tahiti/MARINE_DATASETS/FathomNet_FGVC2025/data/images/3825.png,652cccbb30f374de287cfd776b714ba52bdc24e17b430c2204ee75311a949e1a,cdd9537f2e1b490107c2356845599bc554808f90031d1a6a14ee5be900b87d60,3825,0,train,0
12127,3825,24,Funiculina,/home/tahiti/MARINE_DATASETS/FathomNet_FGVC2025/data/rois/3825_12127.png,/home/tahiti/MARINE_DATASETS/FathomNet_FGVC2025/data/images/3825.png,df267286acb447d2331c856dee9bf279f6ce601bc4caac2ae0f8913eab1d66b5,cdd9537f2e1b490107c2356845599bc554808f90031d1a6a14ee5be900b87d60,3825,0,train,0
12130,3826,67,Scotoplanes,/home/tahiti/MARINE_DATASETS/FathomNet_FGVC2025/data/rois/3826_12130.png,/home/tahiti/MARINE_DATASETS/FathomNet_FGVC2025/data/images/3826.png,2670d8519b8f74bb05f9a6475e510b2e6306043ab2ce6f2000dc43604903c933,76f6dfd8a3250c66df1846243b25e7eb2e893794a7df59dc73ddf103ed51cfd3,3826,5,train,5
12133,3828,13,Brisingida,/home/tahiti/MARINE_DATASETS/FathomNet_FGVC2025/data/rois/3828_12133.png,/home/tahiti/MARINE_DATASETS/FathomNet_FGVC2025/data/images/3828.png,80790e0057d7b1a9b0672efb6661caf8fdf57b05f81558d3d2301cc4a5227ded,fa890f2070160bb9e6d788515c2ec5ea53068a2a50771679f604b9a3a5709b93,3828,2,train,2
12156,3841,45,Munnopsidae,/home/tahiti/MARINE_DATASETS/FathomNet_FGVC2025/data/rois/3841_12156.png,/home/tahiti/MARINE_DATASETS/FathomNet_FGVC2025/data/images/3841.png,b11fc95a5b3b889f5d8fe95653a1531a2f50b8df6c9a3a7b1e7d3661b29470b4,83cbc1187e84ee14f2223aa06b197847ce335cbd2ba96ad7563256c19893a113,3841,4,train,4
12172,3850,25,Gastropoda,/home/tahiti/MARINE_DATASETS/FathomNet_FGVC2025/data/rois/3850_12172.png,/home/tahiti/MARINE_DATASETS/FathomNet_FGVC2025/data/images/3850.png,4a54d84c00e8d4874faa5773fd114a4773bea0444257c3dd9b8f03140be264ed,2415e2afb3d29025ff61436088752704965a806fd04348ef8555f776c27b5e95,3850,4,train,4
12235,3856,19,Crinoidea,/home/tahiti/MARINE_DATASETS/FathomNet_FGVC2025/data/rois/3856_12235.png,/home/tahiti/MARINE_DATASETS/FathomNet_FGVC2025/data/images/3856.png,dc8c43097041b7ab170e5559ef31a0177a95894fc94fba41c18a76bfb08796f5,6503284b5ef1db62708733e0f30f4077d51c69035f219af5e187663c2099a1b6,3856,1,train,1
12238,3859,32,Holothuroidea,/home/tahiti/MARINE_DATASETS/FathomNet_FGVC2025/data/rois/3859_12238.png,/home/tahiti/MARINE_DATASETS/FathomNet_FGVC2025/data/images/3859.png,2c69bf7dc964d57f4a978c94c0402b6881396444faea3168d24db3c4e855c0bf,607ea1ed9d1480eb8485e78c0b0cb24619d37322a46b0320dbd83c99343cf9c3,3859,1,train,1
12340,3893,53,Pannychia moseleyi,/home/tahiti/MARINE_DATASETS/FathomNet_FGVC2025/data/rois/3893_12340.png,/home/tahiti/MARINE_DATASETS/FathomNet_FGVC2025/data/images/3893.png,44ca84390a6f0e9baf8fce26a48b0a2ac56770c31d35170976c62ca967c45a28,a0a7a2c6f3432d0d46088005005ff68be581bb4626deee275d3c5ab9014af42c,3893,2,train,2
12449,3927,19,Crinoidea,/home/tahiti/MARINE_DATASETS/FathomNet_FGVC2025/data/rois/3927_12449.png,/home/tahiti/MARINE_DATASETS/FathomNet_FGVC2025/data/images/3927.png,a5bdecb1f966d39d8863d304e53fa62659dab38b52f6049e44ded6c62dabfab5,884310a1ccb180f8a889bb49bc1632d857e0d5143fb374ab226acd74b8cdce63,3927,1,train,1
12461,3937,47,Octopus rubescens,/home/tahiti/MARINE_DATASETS/FathomNet_FGVC2025/data/rois/3937_12461.png,/home/tahiti/MARINE_DATASETS/FathomNet_FGVC2025/data/images/3937.png,c90dddc472f6c31604a75cdcdf1392d39933ab78fd6c6f709b3fcad691646e1a,ed880494602859e01b62a13251389b8db95d7f88f3e59308185390ac2bc59bc9,3937,2,train,2
12470,3941,9,Asbestopluma,/home/tahiti/MARINE_DATASETS/FathomNet_FGVC2025/data/rois/3941_12470.png,/home/tahiti/MARINE_DATASETS/FathomNet_FGVC2025/data/images/3941.png,9999df151a9d3011db51afd02e70373d8ef9241d2ea0dfdecd760762106751e1,2ccd1d4956ee816e561075630132f42cc0fa7b65571eed7792331db60374dc23,3941,2,train,2
12474,3941,29,Heteropolypus ritteri,/home/tahiti/MARINE_DATASETS/FathomNet_FGVC2025/data/rois/3941_12474.png,/home/tahiti/MARINE_DATASETS/FathomNet_FGVC2025/data/images/3941.png,b9661b368ea8d0b41606f431b2d3713825ded0be5682ca97c04b111999386d57,2ccd1d4956ee816e561075630132f42cc0fa7b65571eed7792331db60374dc23,3941,2,train,2
12476,3942,51,Pandalus amplus,/home/tahiti/MARINE_DATASETS/FathomNet_FGVC2025/data/rois/3942_12476.png,/home/tahiti/MARINE_DATASETS/FathomNet_FGVC2025/data/images/3942.png,add9d8e403c6ddbbc71b130fe68f370b9d600cbe563da8e317df1a3e24a0c09e,7771a3aadf518f473cb7782876b509747bc60dccd0358d99bb906af85f63c7d0,3942,2,train,2
12477,3942,51,Pandalus amplus,/home/tahiti/MARINE_DATASETS/FathomNet_FGVC2025/data/rois/3942_12477.png,/home/tahiti/MARINE_DATASETS/FathomNet_FGVC2025/data/images/3942.png,a977329dff269c8224fd3d5b10b2fe503b97977ce9ac66a76d23493205067b3c,7771a3aadf518f473cb7782876b509747bc60dccd0358d99bb906af85f63c7d0,3942,2,train,2
12485,3946,31,Hippasteria,/home/tahiti/MARINE_DATASETS/FathomNet_FGVC2025/data/rois/3946_12485.png,/home/tahiti/MARINE_DATASETS/FathomNet_FGVC2025/data/images/3946.png,08127a1ddc36d9b9212f8f0718516f2267e9906efe8b9e8a898af4438bea5c26,5e9bd09d483f85bd2251bd289892e4bf0a01279582587d264bcd23cd1811c168,3946,5,train,5
12489,3946,31,Hippasteria,/home/tahiti/MARINE_DATASETS/FathomNet_FGVC2025/data/rois/3946_12489.png,/home/tahiti/MARINE_DATASETS/FathomNet_FGVC2025/data/images/3946.png,31b4d5df332c1c29c656340f8cdeb8c51ecef2068b54802f4cb9c97cdbed07c6,5e9bd09d483f85bd2251bd289892e4bf0a01279582587d264bcd23cd1811c168,3946,5,train,5
12492,3948,54,Paragorgia,/home/tahiti/MARINE_DATASETS/FathomNet_FGVC2025/data/rois/3948_12492.png,/home/tahiti/MARINE_DATASETS/FathomNet_FGVC2025/data/images/3948.png,e1720f6112ae213c5d468bf13d0889d7f0cafc2177b01bed1aaabb28fe7d3ac9,aa9ad03a6f7a32cdb4e2c07eb74afb87d697e37071aebc08d053408fd22c9e53,3948,4,train,4
12497,3950,2,Acanthascinae,/home/tahiti/MARINE_DATASETS/FathomNet_FGVC2025/data/rois/3950_12497.png,/home/tahiti/MARINE_DATASETS/FathomNet_FGVC2025/data/images/3950.png,b20ce93294143f2725d54079165e8d64d7bd85f50a52a340174a14a01be7c438,f7f1cde2c3df73def6f690c46c2b1cec1cb3fb6be02de020462d408019696c39,3950,0,train,0
12502,3953,54,Paragorgia,/home/tahiti/MARINE_DATASETS/FathomNet_FGVC2025/data/rois/3953_12502.png,/home/tahiti/MARINE_DATASETS/FathomNet_FGVC2025/data/images/3953.png,6f910176bd8b2a0c38327e25b722d9e4589a389c23b1349778beea8c1bb1a141,715dfd6a2ae5fdf2adb222f54833a25c5c5868b753600b13aed1f1a80881fa92,3953,2,train,2
12517,3963,66,Scleractinia,/home/tahiti/MARINE_DATASETS/FathomNet_FGVC2025/data/rois/3963_12517.png,/home/tahiti/MARINE_DATASETS/FathomNet_FGVC2025/data/images/3963.png,061f43b893810012f1a87b377c793687e56d6e8ae5c4cb5c5ed8892e68942e98,7fc5b6813955192fcf7b8ad928e022967bde8891e808afc1b4fce1be41d8b4ff,3963,4,train,4
12519,3963,66,Scleractinia,/home/tahiti/MARINE_DATASETS/FathomNet_FGVC2025/data/rois/3963_12519.png,/home/tahiti/MARINE_DATASETS/FathomNet_FGVC2025/data/images/3963.png,e5039b0ba7264fd27a95c1c432e7d2390898845fc3e421918d45ae46c36e7111,7fc5b6813955192fcf7b8ad928e022967bde8891e808afc1b4fce1be41d8b4ff,3963,4,train,4
12531,3968,47,Octopus rubescens,/home/tahiti/MARINE_DATASETS/FathomNet_FGVC2025/data/rois/3968_12531.png,/home/tahiti/MARINE_DATASETS/FathomNet_FGVC2025/data/images/3968.png,b050c9f06af968cb96b967ec190c3d86afa13ac9fe30c9095098b2b18a105daa,6749c6e299b80c80f66f3b78e05fa5f002b891798cf0a298c051a5cc52a90c7b,3968,0,train,0
12565,3981,47,Octopus rubescens,/home/tahiti/MARINE_DATASETS/FathomNet_FGVC2025/data/rois/3981_12565.png,/home/tahiti/MARINE_DATASETS/FathomNet_FGVC2025/data/images/3981.png,736bfee48997e0263214edc961b8aa50004f9356dbfcea8e902ad6308bc22ed6,664f70caabe0d23f7ffe96b9f13d93f3362c2e01b1d7446280af2871c51de855,3981,0,train,0
12570,3981,47,Octopus rubescens,/home/tahiti/MARINE_DATASETS/FathomNet_FGVC2025/data/rois/3981_12570.png,/home/tahiti/MARINE_DATASETS/FathomNet_FGVC2025/data/images/3981.png,1eeab9fdf73826998bd356311e3fd4dd7b53aaa5eabef65822e884ad08cf53b2,664f70caabe0d23f7ffe96b9f13d93f3362c2e01b1d7446280af2871c51de855,3981,0,train,0
12581,3981,47,Octopus rubescens,/home/tahiti/MARINE_DATASETS/FathomNet_FGVC2025/data/rois/3981_12581.png,/home/tahiti/MARINE_DATASETS/FathomNet_FGVC2025/data/images/3981.png,7a9d3953513a9500e4fd53f0f81e62bfd52f8f9618a57252f2fb2adb01a3023e,664f70caabe0d23f7ffe96b9f13d93f3362c2e01b1d7446280af2871c51de855,3981,0,train,0
12586,3981,47,Octopus rubescens,/home/tahiti/MARINE_DATASETS/FathomNet_FGVC2025/data/rois/3981_12586.png,/home/tahiti/MARINE_DATASETS/FathomNet_FGVC2025/data/images/3981.png,9fe2548508837fdd2f7b7a7e892e7885fd37cec6ca390380c131fc5c0532b1f1,664f70caabe0d23f7ffe96b9f13d93f3362c2e01b1d7446280af2871c51de855,3981,0,train,0
12593,3981,47,Octopus rubescens,/home/tahiti/MARINE_DATASETS/FathomNet_FGVC2025/data/rois/3981_12593.png,/home/tahiti/MARINE_DATASETS/FathomNet_FGVC2025/data/images/3981.png,1343a507a4d3a2ae30c69175c7683113eecb0597d308f308fd987801d2ee4908,664f70caabe0d23f7ffe96b9f13d93f3362c2e01b1d7446280af2871c51de855,3981,0,train,0
12594,3981,47,Octopus rubescens,/home/tahiti/MARINE_DATASETS/FathomNet_FGVC2025/data/rois/3981_12594.png,/home/tahiti/MARINE_DATASETS/FathomNet_FGVC2025/data/images/3981.png,69c4dd615efc2cecc07f3d15352b24f66442bcc7128ff1c6568bb367236b2512,664f70caabe0d23f7ffe96b9f13d93f3362c2e01b1d7446280af2871c51de855,3981,0,train,0
12611,3987,14,Caridea,/home/tahiti/MARINE_DATASETS/FathomNet_FGVC2025/data/rois/3987_12611.png,/home/tahiti/MARINE_DATASETS/FathomNet_FGVC2025/data/images/3987.png,116be88dac80dac5a6134692fb4701fa87b8ecde6e797b0774ec4007c3278376,76e36dfcc7831c139d82d6e8bda8ff30a6932f7e1ad8799d9d7a923da0903245,3987,4,train,4
12617,3993,39,Lithodidae,/home/tahiti/MARINE_DATASETS/FathomNet_FGVC2025/data/rois/3993_12617.png,/home/tahiti/MARINE_DATASETS/FathomNet_FGVC2025/data/images/3993.png,44f530526fb7d4829810b9a72b3e8e915acbc61368b076c27d2b6d5f0ad4e0b2,90d3efd65cf624281fe6b0198af6aa851be7adb30f3e48cbd086afaa14f5a2d9,3993,2,train,2
12626,3996,35,Isididae,/home/tahiti/MARINE_DATASETS/FathomNet_FGVC2025/data/rois/3996_12626.png,/home/tahiti/MARINE_DATASETS/FathomNet_FGVC2025/data/images/3996.png,b4034f2817ce77ec7c40af8e73a5b348f567d28d030c73099ae491b65c3c28a1,ca0c4a0849e47d0c7fffa1f4ef65612ca46e166944829ea268385d5a5f35af35,3996,1,train,1
12659,4013,35,Isididae,/home/tahiti/MARINE_DATASETS/FathomNet_FGVC2025/data/rois/4013_12659.png,/home/tahiti/MARINE_DATASETS/FathomNet_FGVC2025/data/images/4013.png,399cedf982eb3924e19ab443570a6dbb739d2dda5eab4acc0776501991553a0a,08d57dc6bad515612d0bc557103a075b1268a4699c16e5812f87418ef2889aa7,4013,5,train,5
12675,4021,53,Pannychia moseleyi,/home/tahiti/MARINE_DATASETS/FathomNet_FGVC2025/data/rois/4021_12675.png,/home/tahiti/MARINE_DATASETS/FathomNet_FGVC2025/data/images/4021.png,0631bf5de61b915fe812df86f00399330853ad25250a9be6522002aa9db34e63,f2a0c4b0ac467d7a2a65f78e83b2feeebafe34cae974c7ddb9212b39fd269cac,4021,5,train,5
12682,4024,76,Tunicata,/home/tahiti/MARINE_DATASETS/FathomNet_FGVC2025/data/rois/4024_12682.png,/home/tahiti/MARINE_DATASETS/FathomNet_FGVC2025/data/images/4024.png,587398178cb341b4a84c3ee65ece6aac6750302156e80d951dd70ed92638f218,11caaf56a6bc8fa41bedc182f004dbec85747a0257722401021697f32441f3e9,4024,2,train,2
12719,4039,69,Sebastes,/home/tahiti/MARINE_DATASETS/FathomNet_FGVC2025/data/rois/4039_12719.png,/home/tahiti/MARINE_DATASETS/FathomNet_FGVC2025/data/images/4039.png,db0f6e9e4ac8d3520cc0e51fc9c09ec815823ea491bf2b888c2a855ff30f0729,4adba713bf8691f139ec17408c986a7b607dab0e8571e8db57ce26667616bf25,4039,4,train,4
12721,4040,22,Farrea,/home/tahiti/MARINE_DATASETS/FathomNet_FGVC2025/data/rois/4040_12721.png,/home/tahiti/MARINE_DATASETS/FathomNet_FGVC2025/data/images/4040.png,b7cdf37b0a9ba5aa4a9904e7cbdd3a1e9dd8b6c868ddf974fb0fc4889dbf080f,1823d706cabc1f1baaa272c9413f53b1fc186ca58deb4c30be11a6f476db38e4,4040,1,train,1
12724,4041,54,Paragorgia,/home/tahiti/MARINE_DATASETS/FathomNet_FGVC2025/data/rois/4041_12724.png,/home/tahiti/MARINE_DATASETS/FathomNet_FGVC2025/data/images/4041.png,2122251e6b6f3aa195740523fe26d2ed6f33010ad5af369f4211822bdd61eada,88349e53bead1bb3ef19ec6bdd6038dcf27e9112481ac9aef3965cb23811e276,4041,1,train,1
12727,4043,38,Liponema brevicorne,/home/tahiti/MARINE_DATASETS/FathomNet_FGVC2025/data/rois/4043_12727.png,/home/tahiti/MARINE_DATASETS/FathomNet_FGVC2025/data/images/4043.png,2e6ae96e9eda63b83cf97a0141eac002299e05d24737f1573d8829c616d5a6c3,0f9bdc4d7261ea8e80f6a4add9018ac313abcf0d9bd69c179b4a9c1f5131647e,4043,0,train,0
12728,4044,42,Metridium farcimen,/home/tahiti/MARINE_DATASETS/FathomNet_FGVC2025/data/rois/4044_12728.png,/home/tahiti/MARINE_DATASETS/FathomNet_FGVC2025/data/images/4044.png,f69539765f3189286c2378ed64fe7559836de1298af61247cef3d51ec5248ec3,033fe263cf546d4506952a1c97ba219519ed5afdc965c93cf943f7487f24a0c1,4044,5,train,5
12734,4048,22,Farrea,/home/tahiti/MARINE_DATASETS/FathomNet_FGVC2025/data/rois/4048_12734.png,/home/tahiti/MARINE_DATASETS/FathomNet_FGVC2025/data/images/4048.png,1b1414ce1e394ee53ec9b49479cc6ac21085df9ea85f258e09a77b69a536f977,2ff903291a89f39d04cceb45bc19b8c5b43c30b66a6fb85e18ca237597e0a767,4048,1,train,1
12768,4063,52,Pandalus platyceros,/home/tahiti/MARINE_DATASETS/FathomNet_FGVC2025/data/rois/4063_12768.png,/home/tahiti/MARINE_DATASETS/FathomNet_FGVC2025/data/images/4063.png,54602fadf86387b47f29a3bf503bd94961f08bccab69b6e3ff90e6936c001d57,bbd3fcfe3faf80cfde021d93f9fb8ac2e97b75570c6ffdc7caa43fd75f26acd2,4063,1,train,1
12775,4064,40,Mediaster aequalis,/home/tahiti/MARINE_DATASETS/FathomNet_FGVC2025/data/rois/4064_12775.png,/home/tahiti/MARINE_DATASETS/FathomNet_FGVC2025/data/images/4064.png,ff6286bb12f53c577e269d0efdc61320242892a7ff207adc8c330af67aa20eb7,093d2a44477e3e5f5ee7172efab9cc8bff5ee6ab9f0350ef152824921aa7adcb,4064,4,train,4
12781,4068,38,Liponema brevicorne,/home/tahiti/MARINE_DATASETS/FathomNet_FGVC2025/data/rois/4068_12781.png,/home/tahiti/MARINE_DATASETS/FathomNet_FGVC2025/data/images/4068.png,426510cc1945f9b59e193aeb2cf9fb627db7874fecad75307497ae0affa25bc2,eca0cc8710e4e667074685a3a7cdb9c384f2f011ddf712225f80d13998eb0507,4068,5,train,5
12803,4078,45,Munnopsidae,/home/tahiti/MARINE_DATASETS/FathomNet_FGVC2025/data/rois/4078_12803.png,/home/tahiti/MARINE_DATASETS/FathomNet_FGVC2025/data/images/4078.png,49f36dcab896eb4fea8eaaeef75f60cb423b54edad1e405e90330d8d4df015d5,02eda15910760f6e736958f471e5224098aa1b3ad967d12efdb775ea62b2ab06,4078,5,train,5
12804,4078,45,Munnopsidae,/home/tahiti/MARINE_DATASETS/FathomNet_FGVC2025/data/rois/4078_12804.png,/home/tahiti/MARINE_DATASETS/FathomNet_FGVC2025/data/images/4078.png,8984153b7a5d29f6f3e57b5b6d327c77093df1df26cb84fe087c790d3a4fc249,02eda15910760f6e736958f471e5224098aa1b3ad967d12efdb775ea62b2ab06,4078,5,train,5
12852,4101,13,Brisingida,/home/tahiti/MARINE_DATASETS/FathomNet_FGVC2025/data/rois/4101_12852.png,/home/tahiti/MARINE_DATASETS/FathomNet_FGVC2025/data/images/4101.png,c8cde261b7c67162840c498e213827d28db1f53a6fe0afe642d698125f4ba69d,56640d88b656245c7cb99acddc2aca59bbece27a207301f6ce88776c844c1e1e,4101,1,train,1
12858,4103,14,Caridea,/home/tahiti/MARINE_DATASETS/FathomNet_FGVC2025/data/rois/4103_12858.png,/home/tahiti/MARINE_DATASETS/FathomNet_FGVC2025/data/images/4103.png,5a3053438c14a331e5a279f338fc3f8441c7566837b652440ed3c7a126884924,ef3d7079c9416e87e5746d2e32b8f59b038e9952fe4e4224b14e02042c48fddb,4103,5,train,5
12862,4106,45,Munnopsidae,/home/tahiti/MARINE_DATASETS/FathomNet_FGVC2025/data/rois/4106_12862.png,/home/tahiti/MARINE_DATASETS/FathomNet_FGVC2025/data/images/4106.png,fa17b52b32ca0aab48940d8c7067a9ee402a7f3ba7331e851466963fbec4b4f2,80a7c41918a15379fe84f56ee43c4f854cb172b7aec0f19435a308457a3b744f,4106,0,train,0
12870,4111,35,Isididae,/home/tahiti/MARINE_DATASETS/FathomNet_FGVC2025/data/rois/4111_12870.png,/home/tahiti/MARINE_DATASETS/FathomNet_FGVC2025/data/images/4111.png,e2abc787b47c37ccc7b554157efec6662a4081cdcd6b028ced8f891cbaf7ee54,3502192929bd29f0fe0d1234522d6c1788551a3df533420288ef44fa9af3d001,4111,2,train,2
12877,4113,39,Lithodidae,/home/tahiti/MARINE_DATASETS/FathomNet_FGVC2025/data/rois/4113_12877.png,/home/tahiti/MARINE_DATASETS/FathomNet_FGVC2025/data/images/4113.png,e3a357444d2dec6fb0eafc1541978832bde36444f209d37ff560ac00e8e710e7,7af5e8c9d9c30fe0b424e8ea8b6b2af110a8eb1a87416b7844755a6a7b1e72e3,4113,2,train,2
12891,4120,50,Paelopatides confundens,/home/tahiti/MARINE_DATASETS/FathomNet_FGVC2025/data/rois/4120_12891.png,/home/tahiti/MARINE_DATASETS/FathomNet_FGVC2025/data/images/4120.png,dac746caaee45c88ec845c537185b9c8456748894caecdd5ef1f7bff1b123d42,6bef7884a446a099a854b8d1372ff4108430eb8aaa9b56f10cc37383d3d08678,4120,1,train,1
12892,4121,7,Amphipoda,/home/tahiti/MARINE_DATASETS/FathomNet_FGVC2025/data/rois/4121_12892.png,/home/tahiti/MARINE_DATASETS/FathomNet_FGVC2025/data/images/4121.png,bef837c94a42eb420cf215a531ddd4b95fea0f58076511a47e4ef405606d84a1,2092c30f0736c88b3647f509ff2f11aae5a7dd425e12b4daf2716c5343c5dcaf,4121,2,train,2
12922,4129,48,Ophiacanthidae,/home/tahiti/MARINE_DATASETS/FathomNet_FGVC2025/data/rois/4129_12922.png,/home/tahiti/MARINE_DATASETS/FathomNet_FGVC2025/data/images/4129.png,f2372d5dbbce2ef07a1c7a55c12a06da35260066407a414c0eff4bc957bdfa0f,983007d7045bcea6650391bee1bb6387d55d4ce8878f204bd626815618252a52,4129,0,train,0
12928,4130,70,Sebastes diploproa,/home/tahiti/MARINE_DATASETS/FathomNet_FGVC2025/data/rois/4130_12928.png,/home/tahiti/MARINE_DATASETS/FathomNet_FGVC2025/data/images/4130.png,63873a55b6ad73430bf38809197ed1c61da5c5a89785c04b91be9a5669e267e8,e6377528a78d40b7a00b6278adbc57a60e07afcdd0f22f12e08a8351a39b5321,4130,4,train,4
12949,4139,21,Elpidia,/home/tahiti/MARINE_DATASETS/FathomNet_FGVC2025/data/rois/4139_12949.png,/home/tahiti/MARINE_DATASETS/FathomNet_FGVC2025/data/images/4139.png,5bc2b38dac9d1218426bc1ab5f687aca761e538fb1967d229f0ba878bdd414c0,ba05e9527a057f0524a41f03a44b4b176512b5eb56b4fafa20994fda89cd582e,4139,0,train,0
12986,4156,26,Gersemia juliepackardae,/home/tahiti/MARINE_DATASETS/FathomNet_FGVC2025/data/rois/4156_12986.png,/home/tahiti/MARINE_DATASETS/FathomNet_FGVC2025/data/images/4156.png,8a1e0c57faeed631fb5cfdb4373a406ed45a6553f33826f3bca21d9360d93762,5436b7b9c80e3fc1885a97867cb191c9b0c53dff72b7e789b8f009009cfb9fde,4156,0,train,0
12989,4158,64,Pyrosoma atlanticum,/home/tahiti/MARINE_DATASETS/FathomNet_FGVC2025/data/rois/4158_12989.png,/home/tahiti/MARINE_DATASETS/FathomNet_FGVC2025/data/images/4158.png,71a8a4f2e1eac5c79c24f576db58682da08a9111c180ca274b179d8fdce1c7cd,89ca747ca15f30c31d8a481a7789c51a40f7400f28f30eda6ddf9b8b618295ca,4158,2,train,2
13032,4175,19,Crinoidea,/home/tahiti/MARINE_DATASETS/FathomNet_FGVC2025/data/rois/4175_13032.png,/home/tahiti/MARINE_DATASETS/FathomNet_FGVC2025/data/images/4175.png,5aeb33ff08e805a008391dee5b253f2da90bf3ae6cb66ee3ca08e7a49d0389c3,0b393f4b6324990718bea26078f20e7f1c3ed62977d6664a152212a0e4319f7e,4175,5,train,5
13044,4178,42,Metridium farcimen,/home/tahiti/MARINE_DATASETS/FathomNet_FGVC2025/data/rois/4178_13044.png,/home/tahiti/MARINE_DATASETS/FathomNet_FGVC2025/data/images/4178.png,1eb4e163fc3686f7445fa696b8cd2d6984bfe777e300d8633b04689533872ac0,050134c3300e745019a7b5695a4cd56e5afecff39e4b46cb67428ec4d31f1c59,4178,2,train,2
13052,4182,34,Isidella tentaculum,/home/tahiti/MARINE_DATASETS/FathomNet_FGVC2025/data/rois/4182_13052.png,/home/tahiti/MARINE_DATASETS/FathomNet_FGVC2025/data/images/4182.png,23570c018789b11358bfdaf03dd6a9393db1f1f89ed6bf51384e6a39d2cc2360,e3f36d4997b33c075124f229b6c6d0b31119c17eb293bfd54d515716fdc5857f,4182,0,train,0
13075,4194,14,Caridea,/home/tahiti/MARINE_DATASETS/FathomNet_FGVC2025/data/rois/4194_13075.png,/home/tahiti/MARINE_DATASETS/FathomNet_FGVC2025/data/images/4194.png,98dd26ac77f078043cee7cf94c2da62e4ffacf311b3d7fad119e4ed1caadd710,92f72df49e7914f9497252a694629420a1b97c9cbadbb0b0982738d1d4b29939,4194,4,train,4
13078,4195,22,Farrea,/home/tahiti/MARINE_DATASETS/FathomNet_FGVC2025/data/rois/4195_13078.png,/home/tahiti/MARINE_DATASETS/FathomNet_FGVC2025/data/images/4195.png,2fdc1714a42d6706bb8a8cd5cb468322acc244d7fbcfe01d9a67434df882fd33,1d4e5df77c27cd43a790064d75c3b148c1c157bdda5d321a0d9196ea552ba6d2,4195,5,train,5
13116,4204,25,Gastropoda,/home/tahiti/MARINE_DATASETS/FathomNet_FGVC2025/data/rois/4204_13116.png,/home/tahiti/MARINE_DATASETS/FathomNet_FGVC2025/data/images/4204.png,b8993c5ccc45485083a7fb783369e578603beae792e2b0a8f35f41c24518631a,514fa4c9a6129a1d2820d92199842d6905e6a86ba3f0b692817138275c74f9c9,4204,2,train,2
13147,4223,76,Tunicata,/home/tahiti/MARINE_DATASETS/FathomNet_FGVC2025/data/rois/4223_13147.png,/home/tahiti/MARINE_DATASETS/FathomNet_FGVC2025/data/images/4223.png,d1911758c5403abd7dba4c02ed89a28059fdfe5f60ae528fe3b92dbe1aa1e6f1,01ba9bec72ced8bba059fb7c91e6c5d2dbc9a2e470fdc482ebb4fb85a88c84cb,4223,5,train,5
13150,4225,66,Scleractinia,/home/tahiti/MARINE_DATASETS/FathomNet_FGVC2025/data/rois/4225_13150.png,/home/tahiti/MARINE_DATASETS/FathomNet_FGVC2025/data/images/4225.png,a6a32914d3fcc860744df71d0e9f80d76167dfcb6c42e517b996d483f2964d62,9bdf01de421b1225f7ea37d2b708c64e79399079d317cbb597279b0750145d81,4225,0,train,0
13151,4225,66,Scleractinia,/home/tahiti/MARINE_DATASETS/FathomNet_FGVC2025/data/rois/4225_13151.png,/home/tahiti/MARINE_DATASETS/FathomNet_FGVC2025/data/images/4225.png,437fc997d4f9b78bb693377b8eaaf2bed2d58717c0ad243bbe1b14a822f67a81,9bdf01de421b1225f7ea37d2b708c64e79399079d317cbb597279b0750145d81,4225,0,train,0
13159,4225,66,Scleractinia,/home/tahiti/MARINE_DATASETS/FathomNet_FGVC2025/data/rois/4225_13159.png,/home/tahiti/MARINE_DATASETS/FathomNet_FGVC2025/data/images/4225.png,1dd1069d4f9004c2d7614741d34c0d74b767169b1b119890e560e56fb088af3f,9bdf01de421b1225f7ea37d2b708c64e79399079d317cbb597279b0750145d81,4225,0,train,0
13160,4225,66,Scleractinia,/home/tahiti/MARINE_DATASETS/FathomNet_FGVC2025/data/rois/4225_13160.png,/home/tahiti/MARINE_DATASETS/FathomNet_FGVC2025/data/images/4225.png,11e307032e8035fd7a992c39391872ba1e92b4e50898dd654046f3f47feb9eed,9bdf01de421b1225f7ea37d2b708c64e79399079d317cbb597279b0750145d81,4225,0,train,0
13168,4225,66,Scleractinia,/home/tahiti/MARINE_DATASETS/FathomNet_FGVC2025/data/rois/4225_13168.png,/home/tahiti/MARINE_DATASETS/FathomNet_FGVC2025/data/images/4225.png,a8a99fcd2fd3af0b989b5ad341a67db7403a1c798d1b5e2d1d1abded376ae060,9bdf01de421b1225f7ea37d2b708c64e79399079d317cbb597279b0750145d81,4225,0,train,0
13173,4225,66,Scleractinia,/home/tahiti/MARINE_DATASETS/FathomNet_FGVC2025/data/rois/4225_13173.png,/home/tahiti/MARINE_DATASETS/FathomNet_FGVC2025/data/images/4225.png,8adda5d44e2943d6425abc399312e00f6d97e707f8cfd48efc832fd81f56d735,9bdf01de421b1225f7ea37d2b708c64e79399079d317cbb597279b0750145d81,4225,0,train,0
13175,4225,66,Scleractinia,/home/tahiti/MARINE_DATASETS/FathomNet_FGVC2025/data/rois/4225_13175.png,/home/tahiti/MARINE_DATASETS/FathomNet_FGVC2025/data/images/4225.png,0ba2594530aebede284e541358bbb46fc35954823584e286bb1c951ef52a9c26,9bdf01de421b1225f7ea37d2b708c64e79399079d317cbb597279b0750145d81,4225,0,train,0
13193,4228,13,Brisingida,/home/tahiti/MARINE_DATASETS/FathomNet_FGVC2025/data/rois/4228_13193.png,/home/tahiti/MARINE_DATASETS/FathomNet_FGVC2025/data/images/4228.png,45e25ea46d27f78a2b6516e510864f4c724b2d15e991cb052bd8488408d554e6,f1113384a6899a38f199c1b54d49dedf0fbd7cc6017bdd18107d66d36960a28d,4228,4,train,4
13207,4232,64,Pyrosoma atlanticum,/home/tahiti/MARINE_DATASETS/FathomNet_FGVC2025/data/rois/4232_13207.png,/home/tahiti/MARINE_DATASETS/FathomNet_FGVC2025/data/images/4232.png,0e3ab2d65b044adea221fa09e48e7ed283a7d848ef181b47123caaf4d0dd8ef6,b2815b0287b91b3d0e02c42f694a8ddb3394de0f3d00380f7286a4a2bf09b8ca,4232,4,train,4
13209,4232,64,Pyrosoma atlanticum,/home/tahiti/MARINE_DATASETS/FathomNet_FGVC2025/data/rois/4232_13209.png,/home/tahiti/MARINE_DATASETS/FathomNet_FGVC2025/data/images/4232.png,008b39bab5beb7b13b1241a1647fd3b4511fe1c4b5eafe9fb2d4175dbcffa71d,b2815b0287b91b3d0e02c42f694a8ddb3394de0f3d00380f7286a4a2bf09b8ca,4232,4,train,4
13215,4232,64,Pyrosoma atlanticum,/home/tahiti/MARINE_DATASETS/FathomNet_FGVC2025/data/rois/4232_13215.png,/home/tahiti/MARINE_DATASETS/FathomNet_FGVC2025/data/images/4232.png,189d9db901af481e2726e4c5cb442862809c429bae90893f930a29131e14dd9c,b2815b0287b91b3d0e02c42f694a8ddb3394de0f3d00380f7286a4a2bf09b8ca,4232,4,train,4
13217,4232,64,Pyrosoma atlanticum,/home/tahiti/MARINE_DATASETS/FathomNet_FGVC2025/data/rois/4232_13217.png,/home/tahiti/MARINE_DATASETS/FathomNet_FGVC2025/data/images/4232.png,71c02b8696f9ab33795de84ca5957a5865072b7793b977eafab948056ca3ccd2,b2815b0287b91b3d0e02c42f694a8ddb3394de0f3d00380f7286a4a2bf09b8ca,4232,4,train,4
13225,4232,64,Pyrosoma atlanticum,/home/tahiti/MARINE_DATASETS/FathomNet_FGVC2025/data/rois/4232_13225.png,/home/tahiti/MARINE_DATASETS/FathomNet_FGVC2025/data/images/4232.png,4124856e6af7b8ad46c0e49d97b7465cadc6f4b47fe94a92c1ca61e7969ac35b,b2815b0287b91b3d0e02c42f694a8ddb3394de0f3d00380f7286a4a2bf09b8ca,4232,4,train,4
13232,4234,53,Pannychia moseleyi,/home/tahiti/MARINE_DATASETS/FathomNet_FGVC2025/data/rois/4234_13232.png,/home/tahiti/MARINE_DATASETS/FathomNet_FGVC2025/data/images/4234.png,45b71551c0ea1b629bfa858b3c49c62123252eeea697ffc03ea1692bd81b46bf,769b409a472b96695e59820fd30da3dd77c311e08696728501453c85c18980bb,4234,4,train,4
13265,4250,50,Paelopatides confundens,/home/tahiti/MARINE_DATASETS/FathomNet_FGVC2025/data/rois/4250_13265.png,/home/tahiti/MARINE_DATASETS/FathomNet_FGVC2025/data/images/4250.png,d0314f0a86e339562cfb3ad0b995e36a45656df198a11733fb28bf5ea28ac361,19148c18625dc03f0c8d4645a1dd74e0f8aaa7a81edb44433f558d3ad537bf38,4250,2,train,2
13275,4254,50,Paelopatides confundens,/home/tahiti/MARINE_DATASETS/FathomNet_FGVC2025/data/rois/4254_13275.png,/home/tahiti/MARINE_DATASETS/FathomNet_FGVC2025/data/images/4254.png,8a890a0c6319dd0b7c19916ababff6b3c783acbd9737e75b0a4b32d39b2fa5b1,7937fdff1f92afb5617ece0e2438c7949078e8e72cb01ff12a35e141ad8bd4d1,4254,5,train,5
13300,4263,38,Liponema brevicorne,/home/tahiti/MARINE_DATASETS/FathomNet_FGVC2025/data/rois/4263_13300.png,/home/tahiti/MARINE_DATASETS/FathomNet_FGVC2025/data/images/4263.png,0b6ca3c775c0f444c5218196cc19cd99ec452ddff2ecffbefa2b24c1cbfb6dcf,3520fb42159accc97ded0b03940dfe578087f8a5b6eba817595e16b43f3e887c,4263,2,train,2
13303,4263,38,Liponema brevicorne,/home/tahiti/MARINE_DATASETS/FathomNet_FGVC2025/data/rois/4263_13303.png,/home/tahiti/MARINE_DATASETS/FathomNet_FGVC2025/data/images/4263.png,6caa60c6e5807d6a3d2e9bc1a514caead81aabc58d3974c5e06bc3ae5a11c5ba,3520fb42159accc97ded0b03940dfe578087f8a5b6eba817595e16b43f3e887c,4263,2,train,2
13308,4266,13,Brisingida,/home/tahiti/MARINE_DATASETS/FathomNet_FGVC2025/data/rois/4266_13308.png,/home/tahiti/MARINE_DATASETS/FathomNet_FGVC2025/data/images/4266.png,8e6734a1cb97b5fb811cd12e58845f41c42c21a2cc3d45a05ff1f2983837d152,3a911bea1387507b820860599f1f899d63cb5856f3168748a731e3584ad8cd85,4266,1,train,1
13311,4268,35,Isididae,/home/tahiti/MARINE_DATASETS/FathomNet_FGVC2025/data/rois/4268_13311.png,/home/tahiti/MARINE_DATASETS/FathomNet_FGVC2025/data/images/4268.png,10fb12f7742acc8ea42325f9b32ca7abb62dd84e9c5e6c4248313ea1541f7ad1,b9716e5a9a39ac62577633fff22b4a0c2697e3ed62a0ccc9e35f81634941b098,4268,2,train,2
13312,4269,10,Asbestopluma monticola,/home/tahiti/MARINE_DATASETS/FathomNet_FGVC2025/data/rois/4269_13312.png,/home/tahiti/MARINE_DATASETS/FathomNet_FGVC2025/data/images/4269.png,c0e517214dc71e1a7757400f8d848f80db767a185355a3e663b039ba0806ca6b,ec14c473a054a818d16916526ef52c92ce49a620f4106765c72ea5709bd60a8f,4269,4,train,4
13315,4271,69,Sebastes,/home/tahiti/MARINE_DATASETS/FathomNet_FGVC2025/data/rois/4271_13315.png,/home/tahiti/MARINE_DATASETS/FathomNet_FGVC2025/data/images/4271.png,2be3f5dc634a0e9c7ae5bf2f4590ebc8a2510fdb3bc7eb52093f7a3d99e0cebc,65513f22491ecf156b92ee630ebb541e89e4e93551b975182d620bbe85f49418,4271,4,train,4
13325,4273,56,Paralomis multispina,/home/tahiti/MARINE_DATASETS/FathomNet_FGVC2025/data/rois/4273_13325.png,/home/tahiti/MARINE_DATASETS/FathomNet_FGVC2025/data/images/4273.png,475655b39ab81739a6a28435f9af41cbfc5a290effc3bd8ff412af37f92df7c6,dacb6aa50d775910fcce0c75415aad6eef3ef5126bbccd49515b5b40856fe116,4273,4,train,4
13328,4274,23,Florometra serratissima,/home/tahiti/MARINE_DATASETS/FathomNet_FGVC2025/data/rois/4274_13328.png,/home/tahiti/MARINE_DATASETS/FathomNet_FGVC2025/data/images/4274.png,d1976bcb5e45a3fba4eb2fcf546bc6a89f70d0e426a735d4564baf64224873dc,52db6192c7e2dde0ed500224cb6fa3b16e812db5d873b296494c537d5017b18e,4274,5,train,5
13340,4277,51,Pandalus amplus,/home/tahiti/MARINE_DATASETS/FathomNet_FGVC2025/data/rois/4277_13340.png,/home/tahiti/MARINE_DATASETS/FathomNet_FGVC2025/data/images/4277.png,3e98b0e850a8d24f22d0ff52f6f2d637de774b715b28772fc6bc4ebcaa7f7b89,40c724ea67dbcb8e0b1703cf67dd6bd632b95ea24415f107bd5bc0d188bc3c41,4277,5,train,5
13355,4288,42,Metridium farcimen,/home/tahiti/MARINE_DATASETS/FathomNet_FGVC2025/data/rois/4288_13355.png,/home/tahiti/MARINE_DATASETS/FathomNet_FGVC2025/data/images/4288.png,eeba585d985591828d230ecc9648871c649915859ef54086e45eb6678e67d8db,5ec88706f18648f8cc195a8e7d5f2e6a467bd216f9f38415248ced6ae9bbf4e7,4288,2,train,2
13380,4294,79,Zoantharia,/home/tahiti/MARINE_DATASETS/FathomNet_FGVC2025/data/rois/4294_13380.png,/home/tahiti/MARINE_DATASETS/FathomNet_FGVC2025/data/images/4294.png,be21e212cf8a802b99f189e1e9fbadb0c8a8e8d9bb5ed332dcef1eb6c2be16ef,c407525074ad8a08c1be997ca4cfde4c870dc3f21e2a4c305f0c1839810f6dd5,4294,1,train,1
13381,4294,79,Zoantharia,/home/tahiti/MARINE_DATASETS/FathomNet_FGVC2025/data/rois/4294_13381.png,/home/tahiti/MARINE_DATASETS/FathomNet_FGVC2025/data/images/4294.png,948b77e6404e129866beffbfc2eb5ae238acf38313ab6c289cbb5181e18b07ad,c407525074ad8a08c1be997ca4cfde4c870dc3f21e2a4c305f0c1839810f6dd5,4294,1,train,1
13437,4325,47,Octopus rubescens,/home/tahiti/MARINE_DATASETS/FathomNet_FGVC2025/data/rois/4325_13437.png,/home/tahiti/MARINE_DATASETS/FathomNet_FGVC2025/data/images/4325.png,d8d5cab509094124531ec3240d1dd18bf36f149f2fb8a37df89140b0646ac7d4,11cc8b3e21ab97b7ca3b0cc9de7f33658cb3d4bef1fed5f8212f18c16fc5ac19,4325,2,train,2
13439,4327,53,Pannychia moseleyi,/home/tahiti/MARINE_DATASETS/FathomNet_FGVC2025/data/rois/4327_13439.png,/home/tahiti/MARINE_DATASETS/FathomNet_FGVC2025/data/images/4327.png,5328b8b0f93230913411705e8ca69b248e763e6e2e7b090f2a622df635e34ac8,941361dd7d1a3bb702507c315066a5d76f98cf07ff8fe7cd88fca6a8db2843ed,4327,4,train,4
13447,4331,22,Farrea,/home/tahiti/MARINE_DATASETS/FathomNet_FGVC2025/data/rois/4331_13447.png,/home/tahiti/MARINE_DATASETS/FathomNet_FGVC2025/data/images/4331.png,25bb286ab93ac5f145cbdb38917bf03460da57a890dbfc020051c27badda1ee7,4f571617481bfb99e6a4d33a0707599f6032c057f5477d4b82a77b709c991eee,4331,2,train,2
13464,4340,78,Vesicomyidae,/home/tahiti/MARINE_DATASETS/FathomNet_FGVC2025/data/rois/4340_13464.png,/home/tahiti/MARINE_DATASETS/FathomNet_FGVC2025/data/images/4340.png,5d63b970fc564a1348defa77e6eb641f2d1cd16d415a6e56175bcdd29f7c0c40,84d2d4d29bcade133f72b3f9a02c36a2f61973e87b2de3c3953fb0092259942e,4340,1,train,1
13478,4341,18,Corallimorphus pilatus,/home/tahiti/MARINE_DATASETS/FathomNet_FGVC2025/data/rois/4341_13478.png,/home/tahiti/MARINE_DATASETS/FathomNet_FGVC2025/data/images/4341.png,e3b91a33c2cf8568e594d0983fd3ff2bfb3e5d8f9cbca93f96938937f23bd6a4,c3623f1c6f472c2b57c94c2ea6c55001d96198287d56f87cc96f9145dd2397a4,4341,4,train,4
13500,4351,20,Delectopecten,/home/tahiti/MARINE_DATASETS/FathomNet_FGVC2025/data/rois/4351_13500.png,/home/tahiti/MARINE_DATASETS/FathomNet_FGVC2025/data/images/4351.png,ba0ddb590d4e68a883e52e6f5f90e2a8dd2b2974755b23a346885fd13444349c,e1951483b15cb71d2c11031027270456bdc7cd2602dd41c57084851d9f36dbce,4351,2,train,2
13501,4351,76,Tunicata,/home/tahiti/MARINE_DATASETS/FathomNet_FGVC2025/data/rois/4351_13501.png,/home/tahiti/MARINE_DATASETS/FathomNet_FGVC2025/data/images/4351.png,1ea2b64fd7e545435aa76905b45c28d1272fc63a1c68364d49649ec0e7159225,e1951483b15cb71d2c11031027270456bdc7cd2602dd41c57084851d9f36dbce,4351,2,train,2
13503,4351,20,Delectopecten,/home/tahiti/MARINE_DATASETS/FathomNet_FGVC2025/data/rois/4351_13503.png,/home/tahiti/MARINE_DATASETS/FathomNet_FGVC2025/data/images/4351.png,d640899144acb808fccb7e56177c9d5b12c078f4cb422238b92f969e26573f11,e1951483b15cb71d2c11031027270456bdc7cd2602dd41c57084851d9f36dbce,4351,2,train,2
13540,4361,24,Funiculina,/home/tahiti/MARINE_DATASETS/FathomNet_FGVC2025/data/rois/4361_13540.png,/home/tahiti/MARINE_DATASETS/FathomNet_FGVC2025/data/images/4361.png,72cba91c9b89d065c488d7666e5f18c1f104b2c43480ea04251f0e7d75bcc921,8fb025a5a3f5947456b8a17e43f3b30886759c3476b124d4244176e90aa809c0,4361,0,train,0
13554,4370,29,Heteropolypus ritteri,/home/tahiti/MARINE_DATASETS/FathomNet_FGVC2025/data/rois/4370_13554.png,/home/tahiti/MARINE_DATASETS/FathomNet_FGVC2025/data/images/4370.png,61ccf52cacaa4a412b655ec461c4a74490851f9e68040d4894ed7e81fb0f5a1b,44a368ceaeba8647b4e5ac1f62144d4e48a051047811e1744b73c84185733205,4370,5,train,5
13565,4371,10,Asbestopluma monticola,/home/tahiti/MARINE_DATASETS/FathomNet_FGVC2025/data/rois/4371_13565.png,/home/tahiti/MARINE_DATASETS/FathomNet_FGVC2025/data/images/4371.png,37d09d3deb510eb3eb319cae42c2c2314019ef71410526a3c232d0afdbb3fa64,e7ab79d0eb1d1dbe649e11064e70df91632d084d4af681a75bd07cb9a2dd3627,4371,2,train,2
13568,4371,10,Asbestopluma monticola,/home/tahiti/MARINE_DATASETS/FathomNet_FGVC2025/data/rois/4371_13568.png,/home/tahiti/MARINE_DATASETS/FathomNet_FGVC2025/data/images/4371.png,5a692faa73962f4aa1922e05a94460c9723c6ed77b35d07df4fdcd742c821d74,e7ab79d0eb1d1dbe649e11064e70df91632d084d4af681a75bd07cb9a2dd3627,4371,2,train,2
13574,4371,10,Asbestopluma monticola,/home/tahiti/MARINE_DATASETS/FathomNet_FGVC2025/data/rois/4371_13574.png,/home/tahiti/MARINE_DATASETS/FathomNet_FGVC2025/data/images/4371.png,b611458c6c07f65c8f59bd80b1ca3c7bb3f31a79a0b0382f1cc03af26e727631,e7ab79d0eb1d1dbe649e11064e70df91632d084d4af681a75bd07cb9a2dd3627,4371,2,train,2
13609,4386,35,Isididae,/home/tahiti/MARINE_DATASETS/FathomNet_FGVC2025/data/rois/4386_13609.png,/home/tahiti/MARINE_DATASETS/FathomNet_FGVC2025/data/images/4386.png,038cfc8153a86e002087ec6994b7743953f61c3a9876fc70af7c5c6de84c869d,3a7cc09b7d3bb7ae46318e1d188eb0af985cca5d5d5a16a5b89bb067cbebbed0,4386,0,train,0
13625,4394,77,Umbellula,/home/tahiti/MARINE_DATASETS/FathomNet_FGVC2025/data/rois/4394_13625.png,/home/tahiti/MARINE_DATASETS/FathomNet_FGVC2025/data/images/4394.png,8caebf8cacd55087bdd9ef836350df1071e00119af0d471c57f8ca73f7731c52,5183cbfb97a691462dfa226a600f7e88eb003ba7f6adfb1d02c1829cabad62f6,4394,2,train,2
13629,4396,51,Pandalus amplus,/home/tahiti/MARINE_DATASETS/FathomNet_FGVC2025/data/rois/4396_13629.png,/home/tahiti/MARINE_DATASETS/FathomNet_FGVC2025/data/images/4396.png,f233837e367f06765993435b0982b391ea1b491b3f6b19a46cb357c7c6809fcf,49ab066dc38b2493b8bd688348c307ec5d88307dc3c4eb27ecb663b724752f0f,4396,4,train,4
13631,4398,77,Umbellula,/home/tahiti/MARINE_DATASETS/FathomNet_FGVC2025/data/rois/4398_13631.png,/home/tahiti/MARINE_DATASETS/FathomNet_FGVC2025/data/images/4398.png,e8f501ea909f7d4ff1c5d0978d74b40ea7b16c5e2ea5b6b4e007563a11ef9284,85677288521cc328fffacf410971c66ee0fb578074a89dc878dc1b50990a4b9d,4398,4,train,4
13653,4409,14,Caridea,/home/tahiti/MARINE_DATASETS/FathomNet_FGVC2025/data/rois/4409_13653.png,/home/tahiti/MARINE_DATASETS/FathomNet_FGVC2025/data/images/4409.png,64a4d9ff2e753df053f10811753d171aa312265a091d539580837f88f1e7c44e,49f06ca074755ae6b25f2c6e76195ae12a869b90a4b212a52f21060fd80d4a70,4409,1,train,1
13703,4429,31,Hippasteria,/home/tahiti/MARINE_DATASETS/FathomNet_FGVC2025/data/rois/4429_13703.png,/home/tahiti/MARINE_DATASETS/FathomNet_FGVC2025/data/images/4429.png,3e6ca6dd71e9b43ddeb736f6a379c137204779de9ed5343834ad5d22257ff86f,f9cb1e6783555204e7dcc07d3b051050c967c431549c082cf6a214214edd5982,4429,5,train,5
13743,4444,56,Paralomis multispina,/home/tahiti/MARINE_DATASETS/FathomNet_FGVC2025/data/rois/4444_13743.png,/home/tahiti/MARINE_DATASETS/FathomNet_FGVC2025/data/images/4444.png,2566ae936b9c09a0a52964b6038630a586ce975e87f2ba6347f9a84b56de6f78,23a269ab326b985cf0cb6d8bdc326efe96803d610237ff77cf7a849515e2a3b2,4444,2,train,2
13749,4445,19,Crinoidea,/home/tahiti/MARINE_DATASETS/FathomNet_FGVC2025/data/rois/4445_13749.png,/home/tahiti/MARINE_DATASETS/FathomNet_FGVC2025/data/images/4445.png,5bd8496b6fc910695d0ae7379b00b781914b767eb9f4b8bcfe9a5caa745d41d3,43454b5570c62f7dd54ce250e709e47c7683200eedcb8c9a0eb02fc19b6cf737,4445,5,train,5
13794,4458,53,Pannychia moseleyi,/home/tahiti/MARINE_DATASETS/FathomNet_FGVC2025/data/rois/4458_13794.png,/home/tahiti/MARINE_DATASETS/FathomNet_FGVC2025/data/images/4458.png,9369a1bbb3828a6b97465ceb9bb55f1c56ed8cc90e81769dbae79d56d26a9eb6,11955363c5e8667ccbe32c7f9b222e9e2efd5c9679d4a35bf4404b8d278979bb,4458,0,train,0
13797,4461,69,Sebastes,/home/tahiti/MARINE_DATASETS/FathomNet_FGVC2025/data/rois/4461_13797.png,/home/tahiti/MARINE_DATASETS/FathomNet_FGVC2025/data/images/4461.png,a8d0f626060286034b49a064439499188075f0bcf2205551a0f1419d9297b7a8,3ddf570c8f59f3714c89740aa02d3a3a952602901060c056c6828a8f58ca702a,4461,2,train,2
13804,4465,22,Farrea,/home/tahiti/MARINE_DATASETS/FathomNet_FGVC2025/data/rois/4465_13804.png,/home/tahiti/MARINE_DATASETS/FathomNet_FGVC2025/data/images/4465.png,112d8f5a1a54c4357d2660102c00ec017d86f583cd5be2153da47eb8ebd1e768,c9db90d793a6cd79b4a0ef16050339dfcdfee51190aa47c0810a99fe4d580f06,4465,2,train,2
13808,4465,22,Farrea,/home/tahiti/MARINE_DATASETS/FathomNet_FGVC2025/data/rois/4465_13808.png,/home/tahiti/MARINE_DATASETS/FathomNet_FGVC2025/data/images/4465.png,7d816c4b7767d9e0ea5859e982cbdc9290f05a8929c050fb8de88f81a81129fd,c9db90d793a6cd79b4a0ef16050339dfcdfee51190aa47c0810a99fe4d580f06,4465,2,train,2
13833,4477,24,Funiculina,/home/tahiti/MARINE_DATASETS/FathomNet_FGVC2025/data/rois/4477_13833.png,/home/tahiti/MARINE_DATASETS/FathomNet_FGVC2025/data/images/4477.png,7b7cafeea955e8019839e7650c9ea834f2b4bce8c07023ea9714ed2f34218a7c,eeded923a0c221a3f79f7c8bc7c1cbcbef805645218b91093fcca667d3bfe1d1,4477,4,train,4
13842,4482,25,Gastropoda,/home/tahiti/MARINE_DATASETS/FathomNet_FGVC2025/data/rois/4482_13842.png,/home/tahiti/MARINE_DATASETS/FathomNet_FGVC2025/data/images/4482.png,b04ad7c94ec948e990135e1256d83a61764b9fefc6abff31f31f868e25206bf5,04539e5323e91be8063972b0f680a84aef631b0f89baca1c4e9381db5755a4cf,4482,4,train,4
13846,4483,76,Tunicata,/home/tahiti/MARINE_DATASETS/FathomNet_FGVC2025/data/rois/4483_13846.png,/home/tahiti/MARINE_DATASETS/FathomNet_FGVC2025/data/images/4483.png,660a865d1445b3977e0b3de2a80bf6807b6c1d431fd0a3385830b5158351cd0d,d48d2d0a456f3378c6c7563e9569f59310fea56fbe84e3852291002615c5ad4f,4483,2,train,2
13866,4494,75,Terebellidae,/home/tahiti/MARINE_DATASETS/FathomNet_FGVC2025/data/rois/4494_13866.png,/home/tahiti/MARINE_DATASETS/FathomNet_FGVC2025/data/images/4494.png,3ce35e6bbb9d6113c37b1bf9ef2aadb7616a6925ae17fd73ba04fcab8bac3bfe,8d17faa7466e46dedf0435f53d9ac6bb6ccc1a1ce6a098ac7e7c58c84081d152,4494,1,train,1
13868,4496,66,Scleractinia,/home/tahiti/MARINE_DATASETS/FathomNet_FGVC2025/data/rois/4496_13868.png,/home/tahiti/MARINE_DATASETS/FathomNet_FGVC2025/data/images/4496.png,ae8ed91b40838b6b49696e49460492bbb9d793cd013aa29bacb177ddb851dc93,90ccbf6998d33dd69ecb2453ad4b3d9c4fb74b3cbdcaa2433ecb28ec6ef981e8,4496,1,train,1
13925,4521,36,Isosicyonis,/home/tahiti/MARINE_DATASETS/FathomNet_FGVC2025/data/rois/4521_13925.png,/home/tahiti/MARINE_DATASETS/FathomNet_FGVC2025/data/images/4521.png,5a97947b93d709cd13c7cdf705f9fbb9e423ec31f717fd8fd56546ca32c50509,954af3b2f4f1a2a02cd6408183ea94f5776e08b29067faf7f2ac24fb08faa736,4521,0,train,0
13928,4524,31,Hippasteria,/home/tahiti/MARINE_DATASETS/FathomNet_FGVC2025/data/rois/4524_13928.png,/home/tahiti/MARINE_DATASETS/FathomNet_FGVC2025/data/images/4524.png,ebd5eda2fa42fc1c493e4293a6e8e62666513642a00f414cc02a6528675117e3,1daae8ca5ff1b8c08465a84f50db42eb940bd8f7eced1724ac1a059b3bb3ea9f,4524,4,train,4
13943,4527,15,Ceriantharia,/home/tahiti/MARINE_DATASETS/FathomNet_FGVC2025/data/rois/4527_13943.png,/home/tahiti/MARINE_DATASETS/FathomNet_FGVC2025/data/images/4527.png,3220252c09fa57e3b2d3174f404705aa9f5abd8b262ba58e34484fcdf71a61b5,692189c43115197a5173e82bd5eab072a5d5888ea0ee100ae5c8aaf5e94d9c7f,4527,4,train,4
13948,4531,26,Gersemia juliepackardae,/home/tahiti/MARINE_DATASETS/FathomNet_FGVC2025/data/rois/4531_13948.png,/home/tahiti/MARINE_DATASETS/FathomNet_FGVC2025/data/images/4531.png,4c8dedb69a53052d19b8bb13adb438cd9d3817b586dfe028fd3c9849e0577d5c,9284750b0adf76ba9b89753bf0d894817c9180427f6470dd0b27a9793b4d85c4,4531,5,train,5
13969,4537,50,Paelopatides confundens,/home/tahiti/MARINE_DATASETS/FathomNet_FGVC2025/data/rois/4537_13969.png,/home/tahiti/MARINE_DATASETS/FathomNet_FGVC2025/data/images/4537.png,ab96fad209c19a18abefb71b4759817504a473ba40ed5afd1e9b59fe047370e8,e274f6464195e13561cb494e932526ed59b5905ddfc2b13edc71d4ea2dcf17d6,4537,1,train,1
13983,4543,78,Vesicomyidae,/home/tahiti/MARINE_DATASETS/FathomNet_FGVC2025/data/rois/4543_13983.png,/home/tahiti/MARINE_DATASETS/FathomNet_FGVC2025/data/images/4543.png,792bb381333b5d30744460f0f76d8a34d528a2100a2e6abda736e59e4b953872,0dd2920ddf8abbb3e7cfbab48841e30ff5ebdabbc967f39860658354e1e7cce0,4543,0,train,0
13989,4544,29,Heteropolypus ritteri,/home/tahiti/MARINE_DATASETS/FathomNet_FGVC2025/data/rois/4544_13989.png,/home/tahiti/MARINE_DATASETS/FathomNet_FGVC2025/data/images/4544.png,cb57170c005ba9b9f780c0ccfc0a736ef4bf861700e13b6b7656cbbb4e352206,7631ae8d186c514ff37eeb625e87513f08af622b6d2a86860e6284798e6094c7,4544,5,train,5
14013,4551,66,Scleractinia,/home/tahiti/MARINE_DATASETS/FathomNet_FGVC2025/data/rois/4551_14013.png,/home/tahiti/MARINE_DATASETS/FathomNet_FGVC2025/data/images/4551.png,3f55679dc7a2909a613a00b57aad1a0cb517e02973c2e116e55bb9919925013b,de60d3b1e9ac0645dcc4d09df41a29e3c7935ebec546135fa9404bdfaae8d16d,4551,5,train,5
14019,4553,25,Gastropoda,/home/tahiti/MARINE_DATASETS/FathomNet_FGVC2025/data/rois/4553_14019.png,/home/tahiti/MARINE_DATASETS/FathomNet_FGVC2025/data/images/4553.png,bf26d57b4121b139d6b1fac2d603ff3118355464240b618b94be728b7de9f4e8,ab475c24acfe8aa87e5b9417f684d0d223fae87eafcbe223a5d69b3871d14063,4553,5,train,5
14031,4555,51,Pandalus amplus,/home/tahiti/MARINE_DATASETS/FathomNet_FGVC2025/data/rois/4555_14031.png,/home/tahiti/MARINE_DATASETS/FathomNet_FGVC2025/data/images/4555.png,bb6821d8c3ddc60a0e8b7ee98ee680e2a9322d999755d18638dc153cd13f2bd4,afefc544c73b13a6771dfc51bb9c5eb06b1289e3c25c9df43a1205fd9449564e,4555,1,train,1
14044,4560,22,Farrea,/home/tahiti/MARINE_DATASETS/FathomNet_FGVC2025/data/rois/4560_14044.png,/home/tahiti/MARINE_DATASETS/FathomNet_FGVC2025/data/images/4560.png,7d530196e60042e2caed30961914b6716e0efd63f5dddda5c85da487ee19840d,68abbf076b868ab84c1a7ac1efc3e6e8a74e4342f415136fdd97492b0aa5073a,4560,1,train,1
14049,4560,39,Lithodidae,/home/tahiti/MARINE_DATASETS/FathomNet_FGVC2025/data/rois/4560_14049.png,/home/tahiti/MARINE_DATASETS/FathomNet_FGVC2025/data/images/4560.png,060798ab41e36f29297cd54506004ddccc14b22bc95019c389da4b5e3537b143,68abbf076b868ab84c1a7ac1efc3e6e8a74e4342f415136fdd97492b0aa5073a,4560,1,train,1
14062,4564,50,Paelopatides confundens,/home/tahiti/MARINE_DATASETS/FathomNet_FGVC2025/data/rois/4564_14062.png,/home/tahiti/MARINE_DATASETS/FathomNet_FGVC2025/data/images/4564.png,d6fa3e24e0d4b28a603e7802d88dc7663c225ee00e8e0806fddf1f90233e27e7,4703e159fba3d2e83b2cd0e5578f2e5fee1977e0d3da867787b641865a6f4e63,4564,5,train,5
14084,4568,21,Elpidia,/home/tahiti/MARINE_DATASETS/FathomNet_FGVC2025/data/rois/4568_14084.png,/home/tahiti/MARINE_DATASETS/FathomNet_FGVC2025/data/images/4568.png,e3b633eec843a8b89ba0ea426c732d8ca32756b95f522fddedc49461034f2ae1,0fd9226d21f91c4034994f09df4befcb5c4a126546fd1fd67f91784b7623f597,4568,5,train,5
14094,4575,43,Microstomus pacificus,/home/tahiti/MARINE_DATASETS/FathomNet_FGVC2025/data/rois/4575_14094.png,/home/tahiti/MARINE_DATASETS/FathomNet_FGVC2025/data/images/4575.png,eb5324633104ad1bcd178b12069ae63cee6f29db461501fb0f308a168236d291,94297a42f564aec7d9002da4202c5c8738e3779062e51d86c5913aa1a1197cec,4575,1,train,1
14102,4580,45,Munnopsidae,/home/tahiti/MARINE_DATASETS/FathomNet_FGVC2025/data/rois/4580_14102.png,/home/tahiti/MARINE_DATASETS/FathomNet_FGVC2025/data/images/4580.png,a210c5ee5dfa92a71c889136aac0894c4396ec11793fd54d25f319d8df46c668,88ad722eaaaf139b03404a8d5dc98a24c21abbc19d7900603adf1cc5a5f4ccbf,4580,5,train,5
14135,4592,2,Acanthascinae,/home/tahiti/MARINE_DATASETS/FathomNet_FGVC2025/data/rois/4592_14135.png,/home/tahiti/MARINE_DATASETS/FathomNet_FGVC2025/data/images/4592.png,d6d52f457dd88416ea9234de2d13c986aec5591ae425b206f5ac8172ca0f7a72,ba16543ccdcfae8107b492ac684f3722c1b9c85f73c593569dd5cd79b0b12bee,4592,4,train,4
14140,4594,36,Isosicyonis,/home/tahiti/MARINE_DATASETS/FathomNet_FGVC2025/data/rois/4594_14140.png,/home/tahiti/MARINE_DATASETS/FathomNet_FGVC2025/data/images/4594.png,159fc38a3777fbdcda189a50aeecbc9c145f8497b9b2da876920804fa12c0867,fe3599166b7feab738af40325ac0071658a66d737ef38aad621d30b02fa10a79,4594,2,train,2
14163,4604,18,Corallimorphus pilatus,/home/tahiti/MARINE_DATASETS/FathomNet_FGVC2025/data/rois/4604_14163.png,/home/tahiti/MARINE_DATASETS/FathomNet_FGVC2025/data/images/4604.png,663d01add8220f01743b9068aa19ce72eceba268e5e83b7f012345f55aef11cb,a0c87596bca503524cb9efe60f89a2a1e0e40f05e4ec7400090031a43c0450e2,4604,1,train,1
14172,4604,31,Hippasteria,/home/tahiti/MARINE_DATASETS/FathomNet_FGVC2025/data/rois/4604_14172.png,/home/tahiti/MARINE_DATASETS/FathomNet_FGVC2025/data/images/4604.png,93b23317024110587339595b5b937e1a32a7441735bd836ad9f792bbe68bc836,a0c87596bca503524cb9efe60f89a2a1e0e40f05e4ec7400090031a43c0450e2,4604,1,train,1
14187,4604,69,Sebastes,/home/tahiti/MARINE_DATASETS/FathomNet_FGVC2025/data/rois/4604_14187.png,/home/tahiti/MARINE_DATASETS/FathomNet_FGVC2025/data/images/4604.png,e89dbf85400d2687e281990de2263d324d4ff44dd36f0b82ed17b1e957f024f1,a0c87596bca503524cb9efe60f89a2a1e0e40f05e4ec7400090031a43c0450e2,4604,1,train,1
14190,4604,18,Corallimorphus pilatus,/home/tahiti/MARINE_DATASETS/FathomNet_FGVC2025/data/rois/4604_14190.png,/home/tahiti/MARINE_DATASETS/FathomNet_FGVC2025/data/images/4604.png,846111456b1740f28bc6228391f90d5376fc915a1b1ff6543a9829a330485b45,a0c87596bca503524cb9efe60f89a2a1e0e40f05e4ec7400090031a43c0450e2,4604,1,train,1
14208,4612,38,Liponema brevicorne,/home/tahiti/MARINE_DATASETS/FathomNet_FGVC2025/data/rois/4612_14208.png,/home/tahiti/MARINE_DATASETS/FathomNet_FGVC2025/data/images/4612.png,05250ff008a7d60a202d741a0b64083b9189a3db15637f381d0ba4b3f98ffd9b,e540f07a4c9d904ff029745d24d33b661138e51d21f6c3d052688742b038ca10,4612,4,train,4
14221,4621,22,Farrea,/home/tahiti/MARINE_DATASETS/FathomNet_FGVC2025/data/rois/4621_14221.png,/home/tahiti/MARINE_DATASETS/FathomNet_FGVC2025/data/images/4621.png,4839c6a46ebb4c8eb1966160c7ee3c8928dc77c56abf6b8d458bdc1010e34f23,3aeb2b157cb0a3a8e5e43027b3f70796b25578dcaffb06168ae69973a9504557,4621,1,train,1
14223,4621,51,Pandalus amplus,/home/tahiti/MARINE_DATASETS/FathomNet_FGVC2025/data/rois/4621_14223.png,/home/tahiti/MARINE_DATASETS/FathomNet_FGVC2025/data/images/4621.png,fb8b601f8733b23e3759ff28930ec14e95c529c4baaaebedafdfe9db8e176318,3aeb2b157cb0a3a8e5e43027b3f70796b25578dcaffb06168ae69973a9504557,4621,1,train,1
14225,4623,1,Abyssocucumis abyssorum,/home/tahiti/MARINE_DATASETS/FathomNet_FGVC2025/data/rois/4623_14225.png,/home/tahiti/MARINE_DATASETS/FathomNet_FGVC2025/data/images/4623.png,c297c86a61ee003dd74a28f39867b1a9eb29034d3aacd58b99d7e3b611b9d6d5,de9e285935c7d8fc09978c74a0bde450c18c2fa6996914e7915e18858a9b0bf3,4623,1,train,1
14234,4625,52,Pandalus platyceros,/home/tahiti/MARINE_DATASETS/FathomNet_FGVC2025/data/rois/4625_14234.png,/home/tahiti/MARINE_DATASETS/FathomNet_FGVC2025/data/images/4625.png,fa99aa4698253f54059b2777b9bbeebb1bbc5ec56a75441ce18b7d5f0938f720,034814cb9b91b26e4e58ed92ee9625059a5b82467a864b5b727c1bc33a9fb4c6,4625,5,train,5
14272,4648,8,Apostichopus leukothele,/home/tahiti/MARINE_DATASETS/FathomNet_FGVC2025/data/rois/4648_14272.png,/home/tahiti/MARINE_DATASETS/FathomNet_FGVC2025/data/images/4648.png,441eced6a194337e18713140846f443437ba1e24146c63101a862bb8f5649c24,bde2142c588ac9c5a5800067d86b6d4337d8d6f62665e706233d82af532f2a66,4648,4,train,4
14274,4650,29,Heteropolypus ritteri,/home/tahiti/MARINE_DATASETS/FathomNet_FGVC2025/data/rois/4650_14274.png,/home/tahiti/MARINE_DATASETS/FathomNet_FGVC2025/data/images/4650.png,abcf0fea83964b91e457999c0566946622fc29c38a92105f52e19d30295b70ff,adad1ef8a323568dd1225d5a7607e9a1d81d8a7eca70bfb977fda519f24b599e,4650,5,train,5
14275,4651,19,Crinoidea,/home/tahiti/MARINE_DATASETS/FathomNet_FGVC2025/data/rois/4651_14275.png,/home/tahiti/MARINE_DATASETS/FathomNet_FGVC2025/data/images/4651.png,0d98b53fe59b925bbc0beff32d20f8ae61e13ed09d32f79df345d1fccf3a2890,b37bb4e7ffddf5a07980cab866e284f3ad4b8a15ac1c1fce2f8918e71fd97ead,4651,1,train,1
14358,4674,33,Hormathiidae,/home/tahiti/MARINE_DATASETS/FathomNet_FGVC2025/data/rois/4674_14358.png,/home/tahiti/MARINE_DATASETS/FathomNet_FGVC2025/data/images/4674.png,88bbd52d07842067f8b85f572ea17141f9ecb52949a707aef1c78e34513db8a7,3f510beb1309fa9528c1a4e0f1e7c71c9d3eb8f8d840d68d6feaa35168d496d5,4674,4,train,4
14371,4681,42,Metridium farcimen,/home/tahiti/MARINE_DATASETS/FathomNet_FGVC2025/data/rois/4681_14371.png,/home/tahiti/MARINE_DATASETS/FathomNet_FGVC2025/data/images/4681.png,b5699bc1f6e31eae76390338916e642e5c6dd939aa6b20c40280cec0fcb16945,323603d433c54ebf053c1e14efd551e9d32b957b023a199fae34554ba8062b61,4681,5,train,5
14390,4688,42,Metridium farcimen,/home/tahiti/MARINE_DATASETS/FathomNet_FGVC2025/data/rois/4688_14390.png,/home/tahiti/MARINE_DATASETS/FathomNet_FGVC2025/data/images/4688.png,5584605cb80e135f316429a708292832aab153e3fe590562a86e7f08a5ed90a6,9133d9ab59c3784f1e7b2dd38ba9e1069a291e2c49cde0ee21a1ec1c8bf96cd6,4688,2,train,2
14396,4689,43,Microstomus pacificus,/home/tahiti/MARINE_DATASETS/FathomNet_FGVC2025/data/rois/4689_14396.png,/home/tahiti/MARINE_DATASETS/FathomNet_FGVC2025/data/images/4689.png,889b02dce4e6e07b617eb3d59572ae496ce60ea818b730000ba660cb35bc96c1,3ff72490f296c8fd85424628ed296394aff2c5e696864d4eca9b621c4067cfb7,4689,1,train,1
14415,4698,36,Isosicyonis,/home/tahiti/MARINE_DATASETS/FathomNet_FGVC2025/data/rois/4698_14415.png,/home/tahiti/MARINE_DATASETS/FathomNet_FGVC2025/data/images/4698.png,8beb3481ecc4c2a1c06f2b14de98c650114c44beaafb6ae19b04faf5b43b8448,bf693e1145ca458bd58f2aeefb1e678451aee208a69df2dda7aeffada3b16ea2,4698,4,train,4
14430,4709,25,Gastropoda,/home/tahiti/MARINE_DATASETS/FathomNet_FGVC2025/data/rois/4709_14430.png,/home/tahiti/MARINE_DATASETS/FathomNet_FGVC2025/data/images/4709.png,1f52e80dca255e0b1c037fe4b25bfca0ac22c9901dbe9b84a68eb1990885fb41,6d2688c1573a322f6cf78d99bd0d7edabfca95ae8bc1d633d8a8e8317e28c311,4709,0,train,0
14450,4711,43,Microstomus pacificus,/home/tahiti/MARINE_DATASETS/FathomNet_FGVC2025/data/rois/4711_14450.png,/home/tahiti/MARINE_DATASETS/FathomNet_FGVC2025/data/images/4711.png,171fd2a59fba94b99e8cdcdf18c17bf14d91897b76af645995dadcb2725ec41f,67e5e014b64843c375cdc3c94d2c3356b60e0fd58de9f36a5b390711a8cdbd7b,4711,5,train,5
14455,4711,9,Asbestopluma,/home/tahiti/MARINE_DATASETS/FathomNet_FGVC2025/data/rois/4711_14455.png,/home/tahiti/MARINE_DATASETS/FathomNet_FGVC2025/data/images/4711.png,a1b31d3d00c40409062be51e4cb4143f29b1a9daaf9b041091538f74f3cac3ac,67e5e014b64843c375cdc3c94d2c3356b60e0fd58de9f36a5b390711a8cdbd7b,4711,5,train,5
14480,4723,21,Elpidia,/home/tahiti/MARINE_DATASETS/FathomNet_FGVC2025/data/rois/4723_14480.png,/home/tahiti/MARINE_DATASETS/FathomNet_FGVC2025/data/images/4723.png,a1c4cfa518f75c2ef77d1faac90fae5d4e2a74e3487e91fa48ed9e3650f453b2,c405282f60b37526577520217b8de40a2817a77ca3b27ae698207f4672ffe4e1,4723,0,train,0
14514,4739,47,Octopus rubescens,/home/tahiti/MARINE_DATASETS/FathomNet_FGVC2025/data/rois/4739_14514.png,/home/tahiti/MARINE_DATASETS/FathomNet_FGVC2025/data/images/4739.png,357c100cc16df74832f2354799393fe4bd7ebd6bb21739fdc3014b626e11008b,5e6c7140ff41827e1d762ef58a0493ae3a03186802e8d86dbb6b106f0019cea0,4739,2,train,2
14531,4749,25,Gastropoda,/home/tahiti/MARINE_DATASETS/FathomNet_FGVC2025/data/rois/4749_14531.png,/home/tahiti/MARINE_DATASETS/FathomNet_FGVC2025/data/images/4749.png,676b139fce457e467d06aab3f5f56f891bea7302f699ee2a27bb68b3370fdea7,7d4e414cc489ac8ef3f510a1ce2e560a10505539f12badd22b2ec3b083f73088,4749,2,train,2
14542,4755,6,Actinopterygii,/home/tahiti/MARINE_DATASETS/FathomNet_FGVC2025/data/rois/4755_14542.png,/home/tahiti/MARINE_DATASETS/FathomNet_FGVC2025/data/images/4755.png,caa69a0c60d115e0be08bb21d5f57565e18d1706971b1b62f5e81cfb73765865,1144742b6d769b2ec0307723c92fb3cf4674ab5f68a48527c7d5540f293f065c,4755,2,train,2
14543,4756,78,Vesicomyidae,/home/tahiti/MARINE_DATASETS/FathomNet_FGVC2025/data/rois/4756_14543.png,/home/tahiti/MARINE_DATASETS/FathomNet_FGVC2025/data/images/4756.png,1e8701b83f1b454fe6cce5a8a5e6e4812dd92e00f7b371586e57c7eaf03a66f5,154a7d96bf5e640775cd8075951b33b768e41f62ff445ff322ba657ead22a107,4756,5,train,5
14583,4776,3,Acanthoptilum,/home/tahiti/MARINE_DATASETS/FathomNet_FGVC2025/data/rois/4776_14583.png,/home/tahiti/MARINE_DATASETS/FathomNet_FGVC2025/data/images/4776.png,995515a918cd5d2b98f4bfacb7de083a5d8935ff5db1628abbc6ee07a1b010b3,db8b26e4cd99a1399c8a5b360776fbb7795093cec689a30a88bdadfe667fde76,4776,5,train,5
14597,4781,52,Pandalus platyceros,/home/tahiti/MARINE_DATASETS/FathomNet_FGVC2025/data/rois/4781_14597.png,/home/tahiti/MARINE_DATASETS/FathomNet_FGVC2025/data/images/4781.png,afb1822aad157ee74f01ca298e4092b1ec59b2d6cfee22175945f0536363b68e,6919bc0f91ed18085918231a4a9d831afb24e711902b6b00b061502cdb2e9bd0,4781,2,train,2
14643,4791,63,Ptychogastria polaris,/home/tahiti/MARINE_DATASETS/FathomNet_FGVC2025/data/rois/4791_14643.png,/home/tahiti/MARINE_DATASETS/FathomNet_FGVC2025/data/images/4791.png,052567d3f3e33b3ce1c040da1f020033a057c7f35eece20b6160586ffab53160,cca784edd9463a76272574185ea007ede64f8fb50533ed153b99e59ca5725838,4791,4,train,4
14646,4791,63,Ptychogastria polaris,/home/tahiti/MARINE_DATASETS/FathomNet_FGVC2025/data/rois/4791_14646.png,/home/tahiti/MARINE_DATASETS/FathomNet_FGVC2025/data/images/4791.png,d2363eead96af45c7d8258c76f720a4107d45601bc85fb741e940736b9785997,cca784edd9463a76272574185ea007ede64f8fb50533ed153b99e59ca5725838,4791,4,train,4
14648,4791,63,Ptychogastria polaris,/home/tahiti/MARINE_DATASETS/FathomNet_FGVC2025/data/rois/4791_14648.png,/home/tahiti/MARINE_DATASETS/FathomNet_FGVC2025/data/images/4791.png,022eb23f46ec01a7141d70bc1e18f4dbbd24bc5bb409952bd7492289b9db8368,cca784edd9463a76272574185ea007ede64f8fb50533ed153b99e59ca5725838,4791,4,train,4
14649,4791,63,Ptychogastria polaris,/home/tahiti/MARINE_DATASETS/FathomNet_FGVC2025/data/rois/4791_14649.png,/home/tahiti/MARINE_DATASETS/FathomNet_FGVC2025/data/images/4791.png,ff9e3cd10c3f2410eda54072c9a32fd03d98471f6eef5f0f0a3b1f627f76b550,cca784edd9463a76272574185ea007ede64f8fb50533ed153b99e59ca5725838,4791,4,train,4
14665,4794,51,Pandalus amplus,/home/tahiti/MARINE_DATASETS/FathomNet_FGVC2025/data/rois/4794_14665.png,/home/tahiti/MARINE_DATASETS/FathomNet_FGVC2025/data/images/4794.png,c873bd4f1bcf350c0d27eb5f3c85c730c45410b986a45535b20ae99faf49d449,609d724b4ab3e660f4f70f65935f0f1d399d696f75892e6fa42260396d75a1be,4794,1,train,1
14678,4800,36,Isosicyonis,/home/tahiti/MARINE_DATASETS/FathomNet_FGVC2025/data/rois/4800_14678.png,/home/tahiti/MARINE_DATASETS/FathomNet_FGVC2025/data/images/4800.png,8046b83e7be8ddc843fefed9173136560aeb0d89dc2e24859a5da6b51557cdb0,351d9d77bd3a831b2a1a7367c01602db6e3d02208f3a12111fe0592c5b65fe9a,4800,5,train,5
14691,4805,25,Gastropoda,/home/tahiti/MARINE_DATASETS/FathomNet_FGVC2025/data/rois/4805_14691.png,/home/tahiti/MARINE_DATASETS/FathomNet_FGVC2025/data/images/4805.png,e57ccb105fb83d6d322a6fe8b0181076b2152ca88ea99072326419769cb209a9,cbff684b8cf9c9f4bfe889c499db685ca6c35d059214a9e7b05695f505ecec2e,4805,2,train,2
14745,4836,63,Ptychogastria polaris,/home/tahiti/MARINE_DATASETS/FathomNet_FGVC2025/data/rois/4836_14745.png,/home/tahiti/MARINE_DATASETS/FathomNet_FGVC2025/data/images/4836.png,6a4b25c2d49088f5ca1f7e7eb1431cc71985fdd24dfbf80e70fd5c98e4e8ff75,e933b596a9ab72ea119f92c748cdfa04b767f2a5e639ce906268def3e9a72c25,4836,5,train,5
14746,4836,63,Ptychogastria polaris,/home/tahiti/MARINE_DATASETS/FathomNet_FGVC2025/data/rois/4836_14746.png,/home/tahiti/MARINE_DATASETS/FathomNet_FGVC2025/data/images/4836.png,3dc7140fa2b296cd9671bbb92139981d72692289304eb473ba32f6ed2f6b8e23,e933b596a9ab72ea119f92c748cdfa04b767f2a5e639ce906268def3e9a72c25,4836,5,train,5
14765,4842,7,Amphipoda,/home/tahiti/MARINE_DATASETS/FathomNet_FGVC2025/data/rois/4842_14765.png,/home/tahiti/MARINE_DATASETS/FathomNet_FGVC2025/data/images/4842.png,862d1e7d19141f26e94b74619ba9bc98cfbe4ad29641d4c7671ecb507f0a59d0,6ee168f42fa9c5f83dd21bf46d9a6f6ebb344a99d9c95a299aa6438f435cf7fd,4842,4,train,4
14803,4865,64,Pyrosoma atlanticum,/home/tahiti/MARINE_DATASETS/FathomNet_FGVC2025/data/rois/4865_14803.png,/home/tahiti/MARINE_DATASETS/FathomNet_FGVC2025/data/images/4865.png,164cebb3538300629beacce0d87b1757b4ccc4d079b2891dd8664be175fff8db,073af1af5c6ad5bd12a60747d92e5168b50a30aa9cc3afa40a4cd6aefe142f45,4865,1,train,1
14806,4866,25,Gastropoda,/home/tahiti/MARINE_DATASETS/FathomNet_FGVC2025/data/rois/4866_14806.png,/home/tahiti/MARINE_DATASETS/FathomNet_FGVC2025/data/images/4866.png,3ecdde69cd1c14ae762f7364212a71474e46f5970a80966479b6b12781e72402,84e42c4b24a6684f23d5ab6f778a9f2c61f8efe259b21bc62254b049a0906859,4866,0,train,0
14815,4873,1,Abyssocucumis abyssorum,/home/tahiti/MARINE_DATASETS/FathomNet_FGVC2025/data/rois/4873_14815.png,/home/tahiti/MARINE_DATASETS/FathomNet_FGVC2025/data/images/4873.png,ea63cfa79476ed4b71885be78df6f946c8edd13eb22fc6a45f317e5ebc0dbab3,0686d5ab9c26175397101ba58d5890b13bd7c556d33fb45d71c1f1ddc793c467,4873,4,train,4
14828,4879,61,Psathyrometra fragilis,/home/tahiti/MARINE_DATASETS/FathomNet_FGVC2025/data/rois/4879_14828.png,/home/tahiti/MARINE_DATASETS/FathomNet_FGVC2025/data/images/4879.png,652bf778f465d3fe90ae75c7dd464624547bb29de539901383703f433f7e1b81,e92d203330818fdb9c423feef74478070b9032e306c68d64d3dbe144f5a340dc,4879,4,train,4
14841,4885,21,Elpidia,/home/tahiti/MARINE_DATASETS/FathomNet_FGVC2025/data/rois/4885_14841.png,/home/tahiti/MARINE_DATASETS/FathomNet_FGVC2025/data/images/4885.png,2ded59115de7db40e925b026b2306f8b13a1a7c7fa782a932bbc29dce8f28820,32724b02a9c4ce6d3e678854e04baf99e8da82ba59b170e39327c65eedfa17d5,4885,5,train,5
14847,4889,42,Metridium farcimen,/home/tahiti/MARINE_DATASETS/FathomNet_FGVC2025/data/rois/4889_14847.png,/home/tahiti/MARINE_DATASETS/FathomNet_FGVC2025/data/images/4889.png,10859da4a652ea55d682a9657036d8e0db86c1ed6902767fbfdaf67787f3c8da,a0e0cb92c1f5fd9650a1aa27c287fa2dda497da2a249685577241a32df2690cb,4889,4,train,4
14853,4894,43,Microstomus pacificus,/home/tahiti/MARINE_DATASETS/FathomNet_FGVC2025/data/rois/4894_14853.png,/home/tahiti/MARINE_DATASETS/FathomNet_FGVC2025/data/images/4894.png,b12f46c1ba7ab3d926a9c0cf75b373ebba232bb9afd92872b427c30beb5c99ea,7856548dc26e33c90c439b0350f54ed1a6bf23fa0a70742cfccd9e6c8ae9d5a7,4894,0,train,0
14899,4918,45,Munnopsidae,/home/tahiti/MARINE_DATASETS/FathomNet_FGVC2025/data/rois/4918_14899.png,/home/tahiti/MARINE_DATASETS/FathomNet_FGVC2025/data/images/4918.png,0389410d3428cf9923f2db1407ed8b422fc54821457633fc80f3165338ee5e9f,cd793c647acd94e1e02397f87fe3e4866ba6066c2ddff19489a6633fde8ce4e0,4918,0,train,0
14925,4930,32,Holothuroidea,/home/tahiti/MARINE_DATASETS/FathomNet_FGVC2025/data/rois/4930_14925.png,/home/tahiti/MARINE_DATASETS/FathomNet_FGVC2025/data/images/4930.png,77b76dd35aef2b86cab4e873d181f9a30a38e3cd3b24cc54b52d16fafbc0c75d,c8cf94dc0b817759f6d3cadd540897397da0f285eee103cbf26369ffd7c0132b,4930,0,train,0
14974,4957,22,Farrea,/home/tahiti/MARINE_DATASETS/FathomNet_FGVC2025/data/rois/4957_14974.png,/home/tahiti/MARINE_DATASETS/FathomNet_FGVC2025/data/images/4957.png,8e9d18eff65bbb39227dfd5f71704be88a825e907e7ed0590b00e9a3f417b95d,cdaf4fda13811fddbd9fa18cb56808b587fb621a0802e17943bee0efae2ea596,4957,5,train,5
14977,4957,9,Asbestopluma,/home/tahiti/MARINE_DATASETS/FathomNet_FGVC2025/data/rois/4957_14977.png,/home/tahiti/MARINE_DATASETS/FathomNet_FGVC2025/data/images/4957.png,98aec8c295ffbbc47964b6188c480fc059ba6fae98fd84b7dbf95aa121a86c17,cdaf4fda13811fddbd9fa18cb56808b587fb621a0802e17943bee0efae2ea596,4957,5,train,5
14978,4957,22,Farrea,/home/tahiti/MARINE_DATASETS/FathomNet_FGVC2025/data/rois/4957_14978.png,/home/tahiti/MARINE_DATASETS/FathomNet_FGVC2025/data/images/4957.png,92d8b0c30c56fc0a79b378c16418e13baf437236c3720430ab437b72e3178533,cdaf4fda13811fddbd9fa18cb56808b587fb621a0802e17943bee0efae2ea596,4957,5,train,5
14982,4959,2,Acanthascinae,/home/tahiti/MARINE_DATASETS/FathomNet_FGVC2025/data/rois/4959_14982.png,/home/tahiti/MARINE_DATASETS/FathomNet_FGVC2025/data/images/4959.png,699808f3755df3b2c0a2ee5a0dcf92d8c3d78a76e9794d6b4b3399f38c2db793,f8af1ae7b5f3fdb0c44677178e20f8e4fca1e82e51bd6bb34456061330ebbed1,4959,4,train,4
14984,4960,77,Umbellula,/home/tahiti/MARINE_DATASETS/FathomNet_FGVC2025/data/rois/4960_14984.png,/home/tahiti/MARINE_DATASETS/FathomNet_FGVC2025/data/images/4960.png,ac562a9f5d8dcad51f3b7c439a3771599f3ee3da8c20f471b070b3b89e00f582,ca1fa5af33045b5c6d9d4cb26bec7fdfbcca1d0f38575c33305b96fa3cd839f3,4960,2,train,2
15033,4971,46,Mycale,/home/tahiti/MARINE_DATASETS/FathomNet_FGVC2025/data/rois/4971_15033.png,/home/tahiti/MARINE_DATASETS/FathomNet_FGVC2025/data/images/4971.png,5e11624fa6359aed882803d63065169f2bd7dd93ddad6c4c3194a7833c97b3ad,cd923792770a2b8543f139f26c7ef3fe85500eb3fd487de40626064723c3cb34,4971,0,train,0
15082,4988,76,Tunicata,/home/tahiti/MARINE_DATASETS/FathomNet_FGVC2025/data/rois/4988_15082.png,/home/tahiti/MARINE_DATASETS/FathomNet_FGVC2025/data/images/4988.png,917db9df50eb22111ce623f1ebeeea5b1b906a531a66eb4c324a3a2ff80c7477,823d6925a616f075c98f5cb74b808189349bb9258f3123a3ac7516c80f48ab6a,4988,2,train,2
15084,4988,76,Tunicata,/home/tahiti/MARINE_DATASETS/FathomNet_FGVC2025/data/rois/4988_15084.png,/home/tahiti/MARINE_DATASETS/FathomNet_FGVC2025/data/images/4988.png,7532e3bd703e3358e01f73ab8928cab694f6d37a527f99d36a63579dd3421227,823d6925a616f075c98f5cb74b808189349bb9258f3123a3ac7516c80f48ab6a,4988,2,train,2
15089,4988,76,Tunicata,/home/tahiti/MARINE_DATASETS/FathomNet_FGVC2025/data/rois/4988_15089.png,/home/tahiti/MARINE_DATASETS/FathomNet_FGVC2025/data/images/4988.png,08c04ba8f3a253a311210a876177fad214d0a33177136bf5d4640a7121a9a1bf,823d6925a616f075c98f5cb74b808189349bb9258f3123a3ac7516c80f48ab6a,4988,2,train,2
15106,4994,75,Terebellidae,/home/tahiti/MARINE_DATASETS/FathomNet_FGVC2025/data/rois/4994_15106.png,/home/tahiti/MARINE_DATASETS/FathomNet_FGVC2025/data/images/4994.png,f0d11a5be69ff107b8da5b6dfb5f609f4653bd83843b68ce37ed53a21550e872,53d47492f38d2392fd1a67c550ab7bd21ff2291eb0f438474666e02af6215669,4994,0,train,0
15113,4998,9,Asbestopluma,/home/tahiti/MARINE_DATASETS/FathomNet_FGVC2025/data/rois/4998_15113.png,/home/tahiti/MARINE_DATASETS/FathomNet_FGVC2025/data/images/4998.png,2cf1f9a6824d8d8d0357b4235355423b376ee23650154cd562f3bf2ff5fa77fb,ca94b42ce15021c0291402df493fa1564af62aace40595b2181903cc24f539de,4998,0,train,0
15114,4998,9,Asbestopluma,/home/tahiti/MARINE_DATASETS/FathomNet_FGVC2025/data/rois/4998_15114.png,/home/tahiti/MARINE_DATASETS/FathomNet_FGVC2025/data/images/4998.png,cfcaf9659ff17314937e18c6f94f6fee291b7a73f2c7a89f9b15fabfc58b5e57,ca94b42ce15021c0291402df493fa1564af62aace40595b2181903cc24f539de,4998,0,train,0
15143,5010,6,Actinopterygii,/home/tahiti/MARINE_DATASETS/FathomNet_FGVC2025/data/rois/5010_15143.png,/home/tahiti/MARINE_DATASETS/FathomNet_FGVC2025/data/images/5010.png,8203ae0cc6057a7c7e14e1794adead5f321b53c235448ece300dc3a69bed0188,d11f0f7dc265d5c3f1b5e4e23165f70857b534594dfd9b67fcc3fc7dc01d158f,5010,1,train,1
15155,5017,54,Paragorgia,/home/tahiti/MARINE_DATASETS/FathomNet_FGVC2025/data/rois/5017_15155.png,/home/tahiti/MARINE_DATASETS/FathomNet_FGVC2025/data/images/5017.png,3f000e170ece63d11784bb5fe464aaa77a2ccc4a59fef44fdc96e6885059ef28,cc548f24dcb58517789a4b7a0184a0d869be6c6555252f1d98935d66726c4ffc,5017,5,train,5
15202,5027,40,Mediaster aequalis,/home/tahiti/MARINE_DATASETS/FathomNet_FGVC2025/data/rois/5027_15202.png,/home/tahiti/MARINE_DATASETS/FathomNet_FGVC2025/data/images/5027.png,728afdf83fbbcef26886474b51503153d48d5f94c8ca1681998d1d6c261fa9af,39375ea672883bbcdccfb94fccbc0d14dc78418374ac4d3278a06583f9fc73df,5027,4,train,4
15208,5029,36,Isosicyonis,/home/tahiti/MARINE_DATASETS/FathomNet_FGVC2025/data/rois/5029_15208.png,/home/tahiti/MARINE_DATASETS/FathomNet_FGVC2025/data/images/5029.png,1944c5432593928b04165cd350b609a6c11413f52046c088a8dfb007e7099765,35aaa06f80d819d4940b1b9fdc27bb9977a546cfde65017d08190e8c8e56612a,5029,1,train,1
15212,5031,76,Tunicata,/home/tahiti/MARINE_DATASETS/FathomNet_FGVC2025/data/rois/5031_15212.png,/home/tahiti/MARINE_DATASETS/FathomNet_FGVC2025/data/images/5031.png,f675162a5239b3347b0dfda8ae3b0033f3fb94d2a0f0f65483d430fa940ecf1a,94b83e1270e7c0bab68995b12196d1fd24bec898252864417998895951fefcb0,5031,5,train,5
15230,5036,38,Liponema brevicorne,/home/tahiti/MARINE_DATASETS/FathomNet_FGVC2025/data/rois/5036_15230.png,/home/tahiti/MARINE_DATASETS/FathomNet_FGVC2025/data/images/5036.png,97e488ae93d0bc51adf081ec35b2f0cf7dae3da66661d57f196cac9e708ade64,62531dec29ff2e69bc84ef3dda201f7bdce9d36dc1ad2a5ad956147b5a0dd34c,5036,2,train,2
15242,5041,31,Hippasteria,/home/tahiti/MARINE_DATASETS/FathomNet_FGVC2025/data/rois/5041_15242.png,/home/tahiti/MARINE_DATASETS/FathomNet_FGVC2025/data/images/5041.png,82d094c0f1b11b437c0400fc224456f1c684c1f857e4098cbce2eb99833f0bee,4a1e125d618a88585ab64718f68780c4691b0cd659f9d52ea0c909154caf57a6,5041,2,train,2
15262,5049,69,Sebastes,/home/tahiti/MARINE_DATASETS/FathomNet_FGVC2025/data/rois/5049_15262.png,/home/tahiti/MARINE_DATASETS/FathomNet_FGVC2025/data/images/5049.png,f385bb3732763799f8a82e032d5c75218c08df1881f240c18b0a02f82ed9f66b,e13a20fcd7d50a307f980aa324f1278fd290a4485160103389131c3862331ed8,5049,1,train,1
15274,5056,34,Isidella tentaculum,/home/tahiti/MARINE_DATASETS/FathomNet_FGVC2025/data/rois/5056_15274.png,/home/tahiti/MARINE_DATASETS/FathomNet_FGVC2025/data/images/5056.png,9b76551f367ec9405ade2fe5e61fc558fac0fd2c51e5006752afeff75b1b9255,2fdf8cd783aa56f2aec2bcf9f9a29ca1fa823bca90ee2f7b4cb3a49a3d89a056,5056,1,train,1
15307,5067,50,Paelopatides confundens,/home/tahiti/MARINE_DATASETS/FathomNet_FGVC2025/data/rois/5067_15307.png,/home/tahiti/MARINE_DATASETS/FathomNet_FGVC2025/data/images/5067.png,936ae9b25e896fa48c627f6c8ab16013b0bbec45db52f72c39a363d6a04ba0ac,b65d5ace9b98602762f046a747ac0a9d1daed6d6f247e455a73f367ec82c1178,5067,5,train,5
15328,5080,14,Caridea,/home/tahiti/MARINE_DATASETS/FathomNet_FGVC2025/data/rois/5080_15328.png,/home/tahiti/MARINE_DATASETS/FathomNet_FGVC2025/data/images/5080.png,a076e2a1ce16e5d497304c8842506e449ef9c742049cf912e02c3c9b67b0611b,aec593398fe25f2b78b0086f9b5b43af6cf1d9a6f8d58716fdf1596dad03f365,5080,1,train,1
15335,5082,36,Isosicyonis,/home/tahiti/MARINE_DATASETS/FathomNet_FGVC2025/data/rois/5082_15335.png,/home/tahiti/MARINE_DATASETS/FathomNet_FGVC2025/data/images/5082.png,77405730cb0458b39f99bfb793a857f88eb9bacb4df8750e3bdef6753b2cf677,9a67cab27a34a6737c3ae19d43381c4b051d80eda151f0ebac5d5faee5697c8f,5082,5,train,5
15349,5083,12,Benthocodon pedunculata,/home/tahiti/MARINE_DATASETS/FathomNet_FGVC2025/data/rois/5083_15349.png,/home/tahiti/MARINE_DATASETS/FathomNet_FGVC2025/data/images/5083.png,c5dde4c20ba2e5b176f8d3e2c18264321f7b20bfe3aa7c0c4961bfdb7b8872f3,b2b1993284b74517618ceaadf54b9b493604cc876b16b6187ce128a458b7e00b,5083,0,train,0
15357,5088,52,Pandalus platyceros,/home/tahiti/MARINE_DATASETS/FathomNet_FGVC2025/data/rois/5088_15357.png,/home/tahiti/MARINE_DATASETS/FathomNet_FGVC2025/data/images/5088.png,3ef52b9fe5eb6ab814c24e77c87552591ce996ea591a319d7ddb333e3b2b89ab,12f9aaace752d36f092e0ae9ed20ec24d781aaf64e789221e8e242f9f4e1d1f4,5088,4,train,4
15377,5092,2,Acanthascinae,/home/tahiti/MARINE_DATASETS/FathomNet_FGVC2025/data/rois/5092_15377.png,/home/tahiti/MARINE_DATASETS/FathomNet_FGVC2025/data/images/5092.png,a1357543aecbefe91a1120d06162b1106a25c86367dad617f0499dd8eb34f189,f4f223df2906ff73c5920d872ec84e5f3d3773d08618ab829fc672139e56a93a,5092,1,train,1
15379,5092,9,Asbestopluma,/home/tahiti/MARINE_DATASETS/FathomNet_FGVC2025/data/rois/5092_15379.png,/home/tahiti/MARINE_DATASETS/FathomNet_FGVC2025/data/images/5092.png,9eac1fb1961f08e0c6b1430be09976e97da560c3be868559bad068f5dd1f33aa,f4f223df2906ff73c5920d872ec84e5f3d3773d08618ab829fc672139e56a93a,5092,1,train,1
15390,5102,34,Isidella tentaculum,/home/tahiti/MARINE_DATASETS/FathomNet_FGVC2025/data/rois/5102_15390.png,/home/tahiti/MARINE_DATASETS/FathomNet_FGVC2025/data/images/5102.png,662c8b94f14420902938748dab30507101f0409d9f57c3324d137a19329993fb,ae69c46ca86073adaef905f2e290e58cda024b9edfe8a77948f260088005c011,5102,4,train,4
15428,5116,32,Holothuroidea,/home/tahiti/MARINE_DATASETS/FathomNet_FGVC2025/data/rois/5116_15428.png,/home/tahiti/MARINE_DATASETS/FathomNet_FGVC2025/data/images/5116.png,94948bcac94cb33d9a5a85dd91e5e53411a9c51f84182291edb70abf40900cad,352802085ba7d6643a1b043c4f01b2d4b2e49d1832cc9bd7ee8eef59318d6cd5,5116,5,train,5
15460,5123,69,Sebastes,/home/tahiti/MARINE_DATASETS/FathomNet_FGVC2025/data/rois/5123_15460.png,/home/tahiti/MARINE_DATASETS/FathomNet_FGVC2025/data/images/5123.png,b4b428e77344bd0a3cb1c35d32351a61c1a8208ec9203413c5857e22ab82058e,bbc41e0fdcb7e77658aab7cd37baf0a67e6a6a2219f69c9ccc982b18b0b84bd8,5123,4,train,4
15464,5126,8,Apostichopus leukothele,/home/tahiti/MARINE_DATASETS/FathomNet_FGVC2025/data/rois/5126_15464.png,/home/tahiti/MARINE_DATASETS/FathomNet_FGVC2025/data/images/5126.png,86684fdc226063026280bfaf92926acc3186d14d3e08023a067e2134a00f3195,515a86e8d8dc25a045991a9090cbb96bfb03d0e72ccdf2b91215b837cb67bf07,5126,4,train,4
15491,5140,56,Paralomis multispina,/home/tahiti/MARINE_DATASETS/FathomNet_FGVC2025/data/rois/5140_15491.png,/home/tahiti/MARINE_DATASETS/FathomNet_FGVC2025/data/images/5140.png,2b21ae42e8128d1f7bc9bae977cabe7954bf08e318db33498510242c6543f163,5cec24f4411ed703e6e82d1b6f82da6380ca17c7b2ce614ead7e894cefc09bed,5140,1,train,1
15496,5142,70,Sebastes diploproa,/home/tahiti/MARINE_DATASETS/FathomNet_FGVC2025/data/rois/5142_15496.png,/home/tahiti/MARINE_DATASETS/FathomNet_FGVC2025/data/images/5142.png,1f4dc35988613bcc751c1641d2ffce3b59391290a3526acdce86eafac05ef6c6,03329c2c3b8ba7f64595b92652f2106bfc8086a0ebf91d08f492e1c4a7f0be23,5142,0,train,0
15525,5158,36,Isosicyonis,/home/tahiti/MARINE_DATASETS/FathomNet_FGVC2025/data/rois/5158_15525.png,/home/tahiti/MARINE_DATASETS/FathomNet_FGVC2025/data/images/5158.png,cdf90435ba03cdcd8baed942f33e9c58cc1697db74adf51199cbb8115f8ad4d3,f15ec6d14793ea23b7ec503423c9ddb8cb9760c48dc0f08d383a8340da4a32c4,5158,5,train,5
15529,5160,6,Actinopterygii,/home/tahiti/MARINE_DATASETS/FathomNet_FGVC2025/data/rois/5160_15529.png,/home/tahiti/MARINE_DATASETS/FathomNet_FGVC2025/data/images/5160.png,253f121bf31530bf4a9dab6ee4feeb64c6a4ea4d362db637e8e454a8b40714c8,5eeb237eec56a12921d02e46a1d73c57a896d46066a8f35730ab257598955b46,5160,5,train,5
15590,5189,39,Lithodidae,/home/tahiti/MARINE_DATASETS/FathomNet_FGVC2025/data/rois/5189_15590.png,/home/tahiti/MARINE_DATASETS/FathomNet_FGVC2025/data/images/5189.png,a02835105bc7f70e857ff640a25b9932add72d9621711900f89b94b3089e52c8,f88047abd6d4816a60cd8a2f2a6231d236ca3a862a0b1206b324be5ef941b012,5189,0,train,0
15591,5189,17,Chorilia longipes,/home/tahiti/MARINE_DATASETS/FathomNet_FGVC2025/data/rois/5189_15591.png,/home/tahiti/MARINE_DATASETS/FathomNet_FGVC2025/data/images/5189.png,914ecbc7138fee6458138783b50afb28e32c79c4e52ac6e4bfffb2c296e4c690,f88047abd6d4816a60cd8a2f2a6231d236ca3a862a0b1206b324be5ef941b012,5189,0,train,0
15596,5191,76,Tunicata,/home/tahiti/MARINE_DATASETS/FathomNet_FGVC2025/data/rois/5191_15596.png,/home/tahiti/MARINE_DATASETS/FathomNet_FGVC2025/data/images/5191.png,b475cf9fe0763aebe7ded26cdb663e40a566dd96b15254c296c71a0841fb4128,97a305f22fc85bcd69e4e15fdbe95d3e26244cb3dbc779b40810459c5dbe7bac,5191,2,train,2
15605,5197,77,Umbellula,/home/tahiti/MARINE_DATASETS/FathomNet_FGVC2025/data/rois/5197_15605.png,/home/tahiti/MARINE_DATASETS/FathomNet_FGVC2025/data/images/5197.png,fa82668c2a8c1a0335d90cee1f913e11ac1c3a2279796b8934b379e265f967a1,b9a6ae6779469009e25277e4f7b6fb4872ef43f7f913162f39484dcf7f2f8da7,5197,1,train,1
15614,5197,77,Umbellula,/home/tahiti/MARINE_DATASETS/FathomNet_FGVC2025/data/rois/5197_15614.png,/home/tahiti/MARINE_DATASETS/FathomNet_FGVC2025/data/images/5197.png,5e4622f5944570c52933d2a876658b1f57a00385892ec1a20318b6ffaa7f4304,b9a6ae6779469009e25277e4f7b6fb4872ef43f7f913162f39484dcf7f2f8da7,5197,1,train,1
15627,5204,38,Liponema brevicorne,/home/tahiti/MARINE_DATASETS/FathomNet_FGVC2025/data/rois/5204_15627.png,/home/tahiti/MARINE_DATASETS/FathomNet_FGVC2025/data/images/5204.png,ce0d15355e5a9553c490898593421b6e2f89b390995e2fd158d52ba52e3f75de,b7c2572810e93c7b785f814e163e8203ae13ea35b7df9de91c290691b078375c,5204,1,train,1
15647,5208,15,Ceriantharia,/home/tahiti/MARINE_DATASETS/FathomNet_FGVC2025/data/rois/5208_15647.png,/home/tahiti/MARINE_DATASETS/FathomNet_FGVC2025/data/images/5208.png,30a8d948b1d6630f5e03bcd2463a146c7388afad140f52c65f88bb168938c9dc,0fe9604b27d12df62115496dc38e9c8942b4616e081f072123f9514e756ac83b,5208,4,train,4
15659,5215,32,Holothuroidea,/home/tahiti/MARINE_DATASETS/FathomNet_FGVC2025/data/rois/5215_15659.png,/home/tahiti/MARINE_DATASETS/FathomNet_FGVC2025/data/images/5215.png,a908966b4e8ebc720ce117b78472dfea360c19828c27fa20762b52dd164f90bd,4614a2480596efe866c45eb46c681d7d8fc1449394dc87b8c7f41921a8d15fa1,5215,1,train,1
15694,5218,66,Scleractinia,/home/tahiti/MARINE_DATASETS/FathomNet_FGVC2025/data/rois/5218_15694.png,/home/tahiti/MARINE_DATASETS/FathomNet_FGVC2025/data/images/5218.png,bb91fcf3d527b86c3dbf650132f645f87d4af79943c3b7983bab06c72e6f7883,47724b1c5785f8dda58145edbf41829cc4e06ab673579066ee13afcd628d7d5d,5218,5,train,5
15702,5220,57,Parastenella,/home/tahiti/MARINE_DATASETS/FathomNet_FGVC2025/data/rois/5220_15702.png,/home/tahiti/MARINE_DATASETS/FathomNet_FGVC2025/data/images/5220.png,055e53fe881c51f51392f5920e24bbbcbd476da5a338b2b3b6f0f8db67d7c963,bff3a612142bd03fd0955682ecce42e7a325c3e036c07135d193412624fae3d8,5220,1,train,1
15706,5220,54,Paragorgia,/home/tahiti/MARINE_DATASETS/FathomNet_FGVC2025/data/rois/5220_15706.png,/home/tahiti/MARINE_DATASETS/FathomNet_FGVC2025/data/images/5220.png,6bd4a8d7bbb65a59fd03352d32e1d498b522ed80a123201814c138abeca2f2cc,bff3a612142bd03fd0955682ecce42e7a325c3e036c07135d193412624fae3d8,5220,1,train,1
15782,5252,4,Actinernus,/home/tahiti/MARINE_DATASETS/FathomNet_FGVC2025/data/rois/5252_15782.png,/home/tahiti/MARINE_DATASETS/FathomNet_FGVC2025/data/images/5252.png,fc65fbceb5703d421e6b96a3f436100bf548ef8e7d1c2012510754dba968d63e,2b06ab61e281b02b0f82708106a038008100e003f732d3d1b297ce347120cc8c,5252,4,train,4
15796,5260,56,Paralomis multispina,/home/tahiti/MARINE_DATASETS/FathomNet_FGVC2025/data/rois/5260_15796.png,/home/tahiti/MARINE_DATASETS/FathomNet_FGVC2025/data/images/5260.png,50ed1758277f4f4d2ddfc1d88c51eeb871535c382018c42232693cd9a8155831,e050c1618480fd9c02fb59078ead0a5dbab734e7773d00b5eb4b3bb9123846aa,5260,0,train,0
15800,5262,76,Tunicata,/home/tahiti/MARINE_DATASETS/FathomNet_FGVC2025/data/rois/5262_15800.png,/home/tahiti/MARINE_DATASETS/FathomNet_FGVC2025/data/images/5262.png,024756e7ea379d34b32f98f1eb3248a368e81618afc497f1cd396ddef35d0e5a,088f6d1378cac22a4f822b937cdda6e4bc1bb1cd835c67ed1f452c599bd28f67,5262,0,train,0
15804,5264,39,Lithodidae,/home/tahiti/MARINE_DATASETS/FathomNet_FGVC2025/data/rois/5264_15804.png,/home/tahiti/MARINE_DATASETS/FathomNet_FGVC2025/data/images/5264.png,fbb27234d47a3ba3b0c63608a36196110d28afd1beef8eff089b3dcb63e4ed96,b4d2797f51f7b8a02229cf15e220be81891e576bfe0db5ae92072fb826800323,5264,0,train,0
15807,5264,76,Tunicata,/home/tahiti/MARINE_DATASETS/FathomNet_FGVC2025/data/rois/5264_15807.png,/home/tahiti/MARINE_DATASETS/FathomNet_FGVC2025/data/images/5264.png,658e7f47d9cad4b8407476d28b747fe3abc6de15153d956d520d541e34d59d2b,b4d2797f51f7b8a02229cf15e220be81891e576bfe0db5ae92072fb826800323,5264,0,train,0
15813,5268,33,Hormathiidae,/home/tahiti/MARINE_DATASETS/FathomNet_FGVC2025/data/rois/5268_15813.png,/home/tahiti/MARINE_DATASETS/FathomNet_FGVC2025/data/images/5268.png,df478ad9a57a9a8ce54cbab9b81f130bfd49ee314e5d36083fc2354c8a037d75,bfca432ca3e13aef7ed10e0f183ae00dd0bcd665e9ae6c19042f76c61d09dba6,5268,0,train,0
15829,5280,56,Paralomis multispina,/home/tahiti/MARINE_DATASETS/FathomNet_FGVC2025/data/rois/5280_15829.png,/home/tahiti/MARINE_DATASETS/FathomNet_FGVC2025/data/images/5280.png,801ee83110168c7ccfe3aeaf5aca768337eae5535d908a5df0ea504431abf1fa,e54a650d9ff2e8bf3463025ea3f618a694d3810bd7347b5e5e10fd3a5a3af735,5280,2,train,2
15831,5280,56,Paralomis multispina,/home/tahiti/MARINE_DATASETS/FathomNet_FGVC2025/data/rois/5280_15831.png,/home/tahiti/MARINE_DATASETS/FathomNet_FGVC2025/data/images/5280.png,3fef98da6af726d86129666bb3dcf549a6c4efb992a8b5612587f46b72edb722,e54a650d9ff2e8bf3463025ea3f618a694d3810bd7347b5e5e10fd3a5a3af735,5280,2,train,2
15838,5280,56,Paralomis multispina,/home/tahiti/MARINE_DATASETS/FathomNet_FGVC2025/data/rois/5280_15838.png,/home/tahiti/MARINE_DATASETS/FathomNet_FGVC2025/data/images/5280.png,aa029ee6727bd96160d393e5d03564e9d175f225af54b0b9300e07890874bfd8,e54a650d9ff2e8bf3463025ea3f618a694d3810bd7347b5e5e10fd3a5a3af735,5280,2,train,2
15840,5281,15,Ceriantharia,/home/tahiti/MARINE_DATASETS/FathomNet_FGVC2025/data/rois/5281_15840.png,/home/tahiti/MARINE_DATASETS/FathomNet_FGVC2025/data/images/5281.png,08dc16a796a8939ec47d6eb92cc5401365e6ae83f3513bc3063992f14f4da2ca,52bf9d857e698a04abf71b61cfac1b895439e4f094e560099cec89e47b748c06,5281,2,train,2
15841,5281,14,Caridea,/home/tahiti/MARINE_DATASETS/FathomNet_FGVC2025/data/rois/5281_15841.png,/home/tahiti/MARINE_DATASETS/FathomNet_FGVC2025/data/images/5281.png,fa98590cf6dc6741b50d6ed2ae3807aa751df70e71d7508bd8c02afaadd5bf71,52bf9d857e698a04abf71b61cfac1b895439e4f094e560099cec89e47b748c06,5281,2,train,2
15842,5282,51,Pandalus amplus,/home/tahiti/MARINE_DATASETS/FathomNet_FGVC2025/data/rois/5282_15842.png,/home/tahiti/MARINE_DATASETS/FathomNet_FGVC2025/data/images/5282.png,8e1a8b218742defd23a98ba1e9e94319882a33d4d372a884c005f144d5d141be,670c81a890b575d5908173d3444538cc8ff78cdb89f05caeea023155904e9a25,5282,0,train,0
15860,5292,64,Pyrosoma atlanticum,/home/tahiti/MARINE_DATASETS/FathomNet_FGVC2025/data/rois/5292_15860.png,/home/tahiti/MARINE_DATASETS/FathomNet_FGVC2025/data/images/5292.png,145737c8f4b98c67462d58511fc9fbabd15e4595f534a833bf67e39d4d3d0a7c,391d04a573af1d4b30568cba2574ca2cdb19bf4bcc45f0126adb8e144871fa4c,5292,5,train,5
15909,5306,32,Holothuroidea,/home/tahiti/MARINE_DATASETS/FathomNet_FGVC2025/data/rois/5306_15909.png,/home/tahiti/MARINE_DATASETS/FathomNet_FGVC2025/data/images/5306.png,39e0b05072e342b10b46b5d9f8e8554802106343335810e8bfb8d4cc32c65e3d,4d2c7cc626073a9067435b7237754893f6190033a3f7b0b716b6c8032a5bbdaa,5306,1,train,1
15916,5312,43,Microstomus pacificus,/home/tahiti/MARINE_DATASETS/FathomNet_FGVC2025/data/rois/5312_15916.png,/home/tahiti/MARINE_DATASETS/FathomNet_FGVC2025/data/images/5312.png,177a9f5587a5063fe737ccc26caa4a44f46b53ff9fb938b55562b542d4b4f4c8,2532f0312e6c424058f8a9effc98ff109f321b081a6e2e02c5fd87e2b9120649,5312,4,train,4
15918,5314,66,Scleractinia,/home/tahiti/MARINE_DATASETS/FathomNet_FGVC2025/data/rois/5314_15918.png,/home/tahiti/MARINE_DATASETS/FathomNet_FGVC2025/data/images/5314.png,b323660c527308bc9344958272ca356a56a8b94fb7204f77b6426723ee9a5b05,54f3284716d8ce1dc155b722e18e8fbc0b76a4c405eeb7c95ea6d4b621027df1,5314,5,train,5
15944,5328,69,Sebastes,/home/tahiti/MARINE_DATASETS/FathomNet_FGVC2025/data/rois/5328_15944.png,/home/tahiti/MARINE_DATASETS/FathomNet_FGVC2025/data/images/5328.png,c74636a829bbd525bd563a9cc68180f2eec28745299e98ce3a8d6f72f884eed0,023340c20cda4279da3885ba381f93c8e007fca243766ba29050bf21ff8cf4c6,5328,1,train,1
15948,5329,42,Metridium farcimen,/home/tahiti/MARINE_DATASETS/FathomNet_FGVC2025/data/rois/5329_15948.png,/home/tahiti/MARINE_DATASETS/FathomNet_FGVC2025/data/images/5329.png,52b614f35b86570d989aaefcfb71690b6c43f2544267a827aa0fc27595a4e4ad,560ea70b90d52de7ce6a37ea102e66567c52cc2a2f4c7727111595bc8309e204,5329,4,train,4
15949,5329,42,Metridium farcimen,/home/tahiti/MARINE_DATASETS/FathomNet_FGVC2025/data/rois/5329_15949.png,/home/tahiti/MARINE_DATASETS/FathomNet_FGVC2025/data/images/5329.png,0ad3e8c4345b96e4affa8d6a3778f01fd178348e576f6bba3a09efad286b6a41,560ea70b90d52de7ce6a37ea102e66567c52cc2a2f4c7727111595bc8309e204,5329,4,train,4
15979,5344,51,Pandalus amplus,/home/tahiti/MARINE_DATASETS/FathomNet_FGVC2025/data/rois/5344_15979.png,/home/tahiti/MARINE_DATASETS/FathomNet_FGVC2025/data/images/5344.png,53ff16cfb83a59912234e5b9973fa16ae74515da0ce5e62a56e72fef5d2321f4,a9f17071f2bfbd3a0e0a46000bcae6d1a580ade79d02ef03e77fe96eefccff64,5344,1,train,1
16001,5352,52,Pandalus platyceros,/home/tahiti/MARINE_DATASETS/FathomNet_FGVC2025/data/rois/5352_16001.png,/home/tahiti/MARINE_DATASETS/FathomNet_FGVC2025/data/images/5352.png,ec8cf3fd4ca6d88c0a080126b9212893c21a60e419087a16f00d218bcd69a51d,94617e2635b7200ad10563fe645b9c1cf1849bd5104176925701126f54a4f923,5352,2,train,2
16020,5359,2,Acanthascinae,/home/tahiti/MARINE_DATASETS/FathomNet_FGVC2025/data/rois/5359_16020.png,/home/tahiti/MARINE_DATASETS/FathomNet_FGVC2025/data/images/5359.png,d075b59aa5ff47cb9b1cb3f68b01f99c29483dd493c76f3e4becc5c92a9c7e16,74e3b529aa51d2bc1ba5affa79a72fa2b13e1bd5579e274dc0c61b2d77376598,5359,5,train,5
16021,5359,77,Umbellula,/home/tahiti/MARINE_DATASETS/FathomNet_FGVC2025/data/rois/5359_16021.png,/home/tahiti/MARINE_DATASETS/FathomNet_FGVC2025/data/images/5359.png,bb0a03ad329dd98739a2300e81d2a3fbec17f67a91d03374a6d119c34a1e1be6,74e3b529aa51d2bc1ba5affa79a72fa2b13e1bd5579e274dc0c61b2d77376598,5359,5,train,5
16031,5363,31,Hippasteria,/home/tahiti/MARINE_DATASETS/FathomNet_FGVC2025/data/rois/5363_16031.png,/home/tahiti/MARINE_DATASETS/FathomNet_FGVC2025/data/images/5363.png,1e5b833b6cab4a450a527cd549b9e0eafbd3e507c61d31faa815c2cd3f45f397,93e73243cd31b9dd816fe56a87e9c8054a594e41e1081bb65054c6b56782f288,5363,0,train,0
16043,5369,18,Corallimorphus pilatus,/home/tahiti/MARINE_DATASETS/FathomNet_FGVC2025/data/rois/5369_16043.png,/home/tahiti/MARINE_DATASETS/FathomNet_FGVC2025/data/images/5369.png,4fc1c71e2d157569e840cd4675d92fbcf8dd1a818910c48611b44f7b64509675,111917d87233f565903d307a6b2344c80a9090b8ff15a91a8e57ba73dc5e841e,5369,1,train,1
16046,5369,18,Corallimorphus pilatus,/home/tahiti/MARINE_DATASETS/FathomNet_FGVC2025/data/rois/5369_16046.png,/home/tahiti/MARINE_DATASETS/FathomNet_FGVC2025/data/images/5369.png,ff183b31252f28f7daf85bd0709dd63fc4763c3fe6f5639ab945b43229e0b7a2,111917d87233f565903d307a6b2344c80a9090b8ff15a91a8e57ba73dc5e841e,5369,1,train,1
16064,5369,18,Corallimorphus pilatus,/home/tahiti/MARINE_DATASETS/FathomNet_FGVC2025/data/rois/5369_16064.png,/home/tahiti/MARINE_DATASETS/FathomNet_FGVC2025/data/images/5369.png,c14e88d223648e7160e655aab77b1ce190679c9d2fbbbdd9ebef03b5fa37491d,111917d87233f565903d307a6b2344c80a9090b8ff15a91a8e57ba73dc5e841e,5369,1,train,1
16065,5369,46,Mycale,/home/tahiti/MARINE_DATASETS/FathomNet_FGVC2025/data/rois/5369_16065.png,/home/tahiti/MARINE_DATASETS/FathomNet_FGVC2025/data/images/5369.png,cc83a8adf14150358457293b3d60daba5e44f4fa2d6b54cfead3627603577424,111917d87233f565903d307a6b2344c80a9090b8ff15a91a8e57ba73dc5e841e,5369,1,train,1
16070,5369,18,Corallimorphus pilatus,/home/tahiti/MARINE_DATASETS/FathomNet_FGVC2025/data/rois/5369_16070.png,/home/tahiti/MARINE_DATASETS/FathomNet_FGVC2025/data/images/5369.png,6b4c20211457b8c9fed6e1cf6a40eeb979b59a7d85dc588ff1eb5b2c8ac0f9fa,111917d87233f565903d307a6b2344c80a9090b8ff15a91a8e57ba73dc5e841e,5369,1,train,1
16080,5371,57,Parastenella,/home/tahiti/MARINE_DATASETS/FathomNet_FGVC2025/data/rois/5371_16080.png,/home/tahiti/MARINE_DATASETS/FathomNet_FGVC2025/data/images/5371.png,cdcde7579030baa4b3b92c57688d74656cba7289fac5f9ad588e0ddddbdc4fc8,b8a31abae81a3bcf2552f8db4e4107bf2b808a8c3b6747e46acde20eed2214d0,5371,1,train,1
16085,5373,1,Abyssocucumis abyssorum,/home/tahiti/MARINE_DATASETS/FathomNet_FGVC2025/data/rois/5373_16085.png,/home/tahiti/MARINE_DATASETS/FathomNet_FGVC2025/data/images/5373.png,96dbba9978894d09923d9808ae16e7f189eeac988a59cc3c670b5703d60f22bd,9f75105f11e271173cbd06c67364b6c25a14044112d650d496ebd4f7d6172afe,5373,4,train,4
16098,5384,77,Umbellula,/home/tahiti/MARINE_DATASETS/FathomNet_FGVC2025/data/rois/5384_16098.png,/home/tahiti/MARINE_DATASETS/FathomNet_FGVC2025/data/images/5384.png,d5e3d48ffcf3df404ffc97437b37a82975a87ffeb20e8729b68fc8f461e306da,4be756ea99e9e0925de2e7bc942c4f1fb4c0f157be107871ae03680a3d2a65f7,5384,0,train,0
16100,5386,32,Holothuroidea,/home/tahiti/MARINE_DATASETS/FathomNet_FGVC2025/data/rois/5386_16100.png,/home/tahiti/MARINE_DATASETS/FathomNet_FGVC2025/data/images/5386.png,e1b8f2bab4698ecd20a7ddb5c08532fe4ca9b12525bb09d7f19596b32475fc4d,2c5c3ccb01d4a2d64b673b6b5f5612e1cfe2df5f03cb471b2420b610dc6689c1,5386,1,train,1
16114,5392,32,Holothuroidea,/home/tahiti/MARINE_DATASETS/FathomNet_FGVC2025/data/rois/5392_16114.png,/home/tahiti/MARINE_DATASETS/FathomNet_FGVC2025/data/images/5392.png,c66d4039d98b643e76c809d139411644b6f2f5c33ecef2a9527666ea144ff9c8,977a5c6aae73b4cec6ffa65e6bb692a54b50a98492103f42b3088a5d83e9b4a6,5392,2,train,2
16132,5399,25,Gastropoda,/home/tahiti/MARINE_DATASETS/FathomNet_FGVC2025/data/rois/5399_16132.png,/home/tahiti/MARINE_DATASETS/FathomNet_FGVC2025/data/images/5399.png,5501d79a3e49d22275d41dbe130c4d4b927bfbf62d75f4fe64b1427ca1a28201,d9f5e4e6443df3dd2e5cd2f165427fef3334502cc5603e9eb6543e6ff66cce22,5399,4,train,4
16135,5399,25,Gastropoda,/home/tahiti/MARINE_DATASETS/FathomNet_FGVC2025/data/rois/5399_16135.png,/home/tahiti/MARINE_DATASETS/FathomNet_FGVC2025/data/images/5399.png,c00f7af871a9220ac008ed1e0b1a24374df5dcca917826dac19aec5d65ecc412,d9f5e4e6443df3dd2e5cd2f165427fef3334502cc5603e9eb6543e6ff66cce22,5399,4,train,4
16140,5399,25,Gastropoda,/home/tahiti/MARINE_DATASETS/FathomNet_FGVC2025/data/rois/5399_16140.png,/home/tahiti/MARINE_DATASETS/FathomNet_FGVC2025/data/images/5399.png,af6e3cd4bc7193c2160cf49eabbf63ab25565809505d96d75bfd915e1fded4e4,d9f5e4e6443df3dd2e5cd2f165427fef3334502cc5603e9eb6543e6ff66cce22,5399,4,train,4
16144,5400,77,Umbellula,/home/tahiti/MARINE_DATASETS/FathomNet_FGVC2025/data/rois/5400_16144.png,/home/tahiti/MARINE_DATASETS/FathomNet_FGVC2025/data/images/5400.png,c4a89b4890c328f9a950ce7d4f2f72d6c33eafb2ce45d63ad07a226e085af6a9,07bbc9ff00aad21c3ea2d3a705ec8d9fa0078450f6f039049290d42bea7c711d,5400,5,train,5
16153,5405,12,Benthocodon pedunculata,/home/tahiti/MARINE_DATASETS/FathomNet_FGVC2025/data/rois/5405_16153.png,/home/tahiti/MARINE_DATASETS/FathomNet_FGVC2025/data/images/5405.png,06e1bf5a90e8323b97a1d904d21443faf8bb49c13c7064e172a389c32f9d7f44,3df10bdc2826bff0c44c59fa8ead81932fadaa1be7a393b9ac60434b1fda7bb3,5405,2,train,2
16222,5432,36,Isosicyonis,/home/tahiti/MARINE_DATASETS/FathomNet_FGVC2025/data/rois/5432_16222.png,/home/tahiti/MARINE_DATASETS/FathomNet_FGVC2025/data/images/5432.png,8f6ec6c7421e7014651a9b379dea829d615e8030fdabee217252470dcbaeec26,ade4e6bf0369fd5e9393928e117ddec4bc5a91039ffc41cf951560d52664c2d5,5432,0,train,0
16227,5433,64,Pyrosoma atlanticum,/home/tahiti/MARINE_DATASETS/FathomNet_FGVC2025/data/rois/5433_16227.png,/home/tahiti/MARINE_DATASETS/FathomNet_FGVC2025/data/images/5433.png,1b575c9231de8f0f7dd0ffe276de3b206d60b2881abcb0aa1635950ef6d7deaf,a2f901a2b5dc7228c1d7a344a50202cbfc7eccbfc4e614fddbba10da76247b67,5433,1,train,1
16248,5436,38,Liponema brevicorne,/home/tahiti/MARINE_DATASETS/FathomNet_FGVC2025/data/rois/5436_16248.png,/home/tahiti/MARINE_DATASETS/FathomNet_FGVC2025/data/images/5436.png,da3ee0f843183326a5ec0e06ff059a32f807bfecc9977c0d3367632cc2c92800,af843f7456e675ffed006517a000fcf9dd109baf20926e712b27cdc9e54a4b4f,5436,5,train,5
16252,5437,70,Sebastes diploproa,/home/tahiti/MARINE_DATASETS/FathomNet_FGVC2025/data/rois/5437_16252.png,/home/tahiti/MARINE_DATASETS/FathomNet_FGVC2025/data/images/5437.png,ca7ae6022e6863bc63498fa46789b0bc8092be84f927edc2e8aed5892e1f6295,ba2161bdf3e852dcafc2bc956b1b152fbc682fb33606e57dabad32ecb3c1fbda,5437,0,train,0
16266,5444,21,Elpidia,/home/tahiti/MARINE_DATASETS/FathomNet_FGVC2025/data/rois/5444_16266.png,/home/tahiti/MARINE_DATASETS/FathomNet_FGVC2025/data/images/5444.png,358f548efdd34318b95e5730e89c398f63ca1b0629721ce1bfe2499ac01db398,a1b61f2e10dfa76aa92f0d7786605cad9d439a9d56cc7c34e1bad7a5b979b405,5444,2,train,2
16313,5463,76,Tunicata,/home/tahiti/MARINE_DATASETS/FathomNet_FGVC2025/data/rois/5463_16313.png,/home/tahiti/MARINE_DATASETS/FathomNet_FGVC2025/data/images/5463.png,d737a3b7991a7b710d7d50616d9dc359e3584685025dcd6570dc5b3c838899eb,17a02448bb56eaf7a388956ab3a92032a7c3cd2cfcb66b32e1f9c20ea67a4f41,5463,2,train,2
16334,5475,56,Paralomis multispina,/home/tahiti/MARINE_DATASETS/FathomNet_FGVC2025/data/rois/5475_16334.png,/home/tahiti/MARINE_DATASETS/FathomNet_FGVC2025/data/images/5475.png,9454b0f03bf79090b58e163c0665cf1ff71f1a98563ef68a291b225d9dc138fd,72f9d76df7f8023df6075c74285d15b37f96a377ee18e1dfc22be7eac311a885,5475,0,train,0
16337,5478,34,Isidella tentaculum,/home/tahiti/MARINE_DATASETS/FathomNet_FGVC2025/data/rois/5478_16337.png,/home/tahiti/MARINE_DATASETS/FathomNet_FGVC2025/data/images/5478.png,c2ac414ad803259c84e26bd410152e75ee88a4c15e96299016f44d27b3ebe816,9f749039103e13eae8e58e201f4ce0b8a99dc1d920a45b94dda0bb2eb4dce73d,5478,5,train,5
16342,5481,42,Metridium farcimen,/home/tahiti/MARINE_DATASETS/FathomNet_FGVC2025/data/rois/5481_16342.png,/home/tahiti/MARINE_DATASETS/FathomNet_FGVC2025/data/images/5481.png,8668b8ca851e29cd7b58afb6231568b11ee530a46d6d9236145c62246572b63b,4bd2b5daad184e9a343da9c7a47a4c6f274a5d42d312d056c5f7b0441089afd0,5481,4,train,4
16351,5488,43,Microstomus pacificus,/home/tahiti/MARINE_DATASETS/FathomNet_FGVC2025/data/rois/5488_16351.png,/home/tahiti/MARINE_DATASETS/FathomNet_FGVC2025/data/images/5488.png,a9c834e95eebaa25a568c7ecd076ea367f0ea59597e8f0ee0aea64391fa34b39,4b97dff04b3b519cbbdb21289548c99b246dfffea0c655054f4c39e20aafe5b0,5488,0,train,0
16370,5490,78,Vesicomyidae,/home/tahiti/MARINE_DATASETS/FathomNet_FGVC2025/data/rois/5490_16370.png,/home/tahiti/MARINE_DATASETS/FathomNet_FGVC2025/data/images/5490.png,99363abe032e28651511c343a6343352ff1121f082de2e14e3ae887f8096d01c,2ad35f61abc696563b0205251e5909643e7d3c02ca48b3f5b8ddd72009ce9fd0,5490,4,train,4
16372,5490,78,Vesicomyidae,/home/tahiti/MARINE_DATASETS/FathomNet_FGVC2025/data/rois/5490_16372.png,/home/tahiti/MARINE_DATASETS/FathomNet_FGVC2025/data/images/5490.png,3c5620d37eae68e576d26a251094f18707ae7b2b31840e31d0276d8dc222a4ee,2ad35f61abc696563b0205251e5909643e7d3c02ca48b3f5b8ddd72009ce9fd0,5490,4,train,4
16407,5506,23,Florometra serratissima,/home/tahiti/MARINE_DATASETS/FathomNet_FGVC2025/data/rois/5506_16407.png,/home/tahiti/MARINE_DATASETS/FathomNet_FGVC2025/data/images/5506.png,d7bf01413b4d60f574b9f3514eec69481cc2bc4b55a957d00b6fe972d5f54a8e,72b970ce7687b1132419d3d413def13f7487b37d7bca79d685adc4b64d944b26,5506,5,train,5
16408,5506,23,Florometra serratissima,/home/tahiti/MARINE_DATASETS/FathomNet_FGVC2025/data/rois/5506_16408.png,/home/tahiti/MARINE_DATASETS/FathomNet_FGVC2025/data/images/5506.png,50e501f28b7ce5e419ccef0d8971c5349a54407671b13fba9e4875749a76bf61,72b970ce7687b1132419d3d413def13f7487b37d7bca79d685adc4b64d944b26,5506,5,train,5
16414,5508,36,Isosicyonis,/home/tahiti/MARINE_DATASETS/FathomNet_FGVC2025/data/rois/5508_16414.png,/home/tahiti/MARINE_DATASETS/FathomNet_FGVC2025/data/images/5508.png,24476f6333aa515b839a8258f5eddd27ed83ff93e61eeb8e183f9be8009fda91,533a4d6ec05b78e7c0dd8cbb1ecaa0e3680b7e7f711dc9e19242073d9745dd75,5508,5,train,5
16456,5528,1,Abyssocucumis abyssorum,/home/tahiti/MARINE_DATASETS/FathomNet_FGVC2025/data/rois/5528_16456.png,/home/tahiti/MARINE_DATASETS/FathomNet_FGVC2025/data/images/5528.png,2b5f5944c6d8f71ea1f5560d4da4ef3366b8f7590fb2c3226230fc66da672411,e9f3577b17bf577e790deeb25eb2e3b971d8ec56c34217e3c96d9ada807e516f,5528,5,train,5
16457,5529,77,Umbellula,/home/tahiti/MARINE_DATASETS/FathomNet_FGVC2025/data/rois/5529_16457.png,/home/tahiti/MARINE_DATASETS/FathomNet_FGVC2025/data/images/5529.png,c7a5e542d2d7ef8f56238bd8b4a6ec100014a842d5d2252d62af0bba1fef9af7,8d069e8dc82fc82f4fdd14e136868ca60f2085c7f771e3d6cf6b75a79728be35,5529,4,train,4
16459,5531,7,Amphipoda,/home/tahiti/MARINE_DATASETS/FathomNet_FGVC2025/data/rois/5531_16459.png,/home/tahiti/MARINE_DATASETS/FathomNet_FGVC2025/data/images/5531.png,6c74ff98249e7647170ff5cba56e11537aa9a4b402fe2c7bc2c8b8ffc1ffe574,e9a415ce4dd4954621b0e921ea1b118eb93a70032ff3ce59cbd87b69464c9d10,5531,1,train,1
16466,5533,77,Umbellula,/home/tahiti/MARINE_DATASETS/FathomNet_FGVC2025/data/rois/5533_16466.png,/home/tahiti/MARINE_DATASETS/FathomNet_FGVC2025/data/images/5533.png,73856423ffc746eab86d342c13ceefaa220f5e6ff0feb6adc5da53571e45167e,2b64c63f5e70eb927a83c0f7b0ac9edb40164a3071dcea73689203c8de9078ba,5533,1,train,1
16469,5535,52,Pandalus platyceros,/home/tahiti/MARINE_DATASETS/FathomNet_FGVC2025/data/rois/5535_16469.png,/home/tahiti/MARINE_DATASETS/FathomNet_FGVC2025/data/images/5535.png,61483c963f0d1a413e0f272a62a49440e090b65f6a99665f094abfc25a3bcd0c,f8c70415c8c4b375772e40f4122b89ab866fd63318edbe746fb50636a17e680f,5535,1,train,1
16486,5546,1,Abyssocucumis abyssorum,/home/tahiti/MARINE_DATASETS/FathomNet_FGVC2025/data/rois/5546_16486.png,/home/tahiti/MARINE_DATASETS/FathomNet_FGVC2025/data/images/5546.png,48c0bac5781a4d82fd749b53ef9e3c33eadad296a84fc0e085c5bd948abe42d7,e1bcbd88e6e04e8be4eef1abc40bf2dcc1cfb86cc4dd53a176e8aa8a8382ecc1,5546,0,train,0
16491,5548,39,Lithodidae,/home/tahiti/MARINE_DATASETS/FathomNet_FGVC2025/data/rois/5548_16491.png,/home/tahiti/MARINE_DATASETS/FathomNet_FGVC2025/data/images/5548.png,a3789391465fab3ca5568d1de1a9b39067f17776b2a0fa831afcc24caad4e0b1,24e8a4bf230f94c717db5c02c5888271d6d38226f2715957023e045a8750632d,5548,5,train,5
16495,5550,13,Brisingida,/home/tahiti/MARINE_DATASETS/FathomNet_FGVC2025/data/rois/5550_16495.png,/home/tahiti/MARINE_DATASETS/FathomNet_FGVC2025/data/images/5550.png,48b5dbe95a91431f956eb5f85fad680fcca23b8309d6645e5c78fc3d42d2ab5f,c44f4697bb21f9f216f7c007b2bb1fcaf4715ad4f09af7e7c832dab29bd0145c,5550,1,train,1
16499,5553,36,Isosicyonis,/home/tahiti/MARINE_DATASETS/FathomNet_FGVC2025/data/rois/5553_16499.png,/home/tahiti/MARINE_DATASETS/FathomNet_FGVC2025/data/images/5553.png,7c5774d309384d1a6f61e6661ab130aefb036d596daba15c8d9921f56a073455,59507d6c7479123678b9eed6f1e155cd7f269ce75a1966801f3b4b34fc8189e2,5553,1,train,1
16545,5572,43,Microstomus pacificus,/home/tahiti/MARINE_DATASETS/FathomNet_FGVC2025/data/rois/5572_16545.png,/home/tahiti/MARINE_DATASETS/FathomNet_FGVC2025/data/images/5572.png,f2d5ac16c6e0c886de6d7b833b67085d3d24bba1fbc41c848989713a7269e4f4,13606615ada601d42789c9606229f8e818d868325d1c58b4b4edde7e96189644,5572,1,train,1
16565,5583,14,Caridea,/home/tahiti/MARINE_DATASETS/FathomNet_FGVC2025/data/rois/5583_16565.png,/home/tahiti/MARINE_DATASETS/FathomNet_FGVC2025/data/images/5583.png,066c524658d6697072a6910e2aa9a890de18078a1534dd15b22234668bf06f73,46f774cd00f728e2db4033a8930b5b85f91894a537629afe738cbd18e809c6ba,5583,4,train,4
16571,5587,32,Holothuroidea,/home/tahiti/MARINE_DATASETS/FathomNet_FGVC2025/data/rois/5587_16571.png,/home/tahiti/MARINE_DATASETS/FathomNet_FGVC2025/data/images/5587.png,ce9ac3146ea532bf53e504f879d391d5338ab200efe383d24a3ec186c2a5d3d0,a9e1c658bf303ae88c4cf2231378195965a6d4bc08be61158be6bacc1102e71b,5587,5,train,5
16577,5592,52,Pandalus platyceros,/home/tahiti/MARINE_DATASETS/FathomNet_FGVC2025/data/rois/5592_16577.png,/home/tahiti/MARINE_DATASETS/FathomNet_FGVC2025/data/images/5592.png,7f30580ee8c4cd2803a6fa0afd31a23797ceabf7a551633c00e11b5a288b4885,8232aad9a0abd1c7e8043bd68ef914561502bf948158ff4ab4b84414ee6536bc,5592,0,train,0
16613,5593,63,Ptychogastria polaris,/home/tahiti/MARINE_DATASETS/FathomNet_FGVC2025/data/rois/5593_16613.png,/home/tahiti/MARINE_DATASETS/FathomNet_FGVC2025/data/images/5593.png,b569245d04f773e96374075ab0076a503e04cea10c1c2acf1dae4b6b7dff7e70,f5cdacda0c9be2532ab2936ff8a2a8f264ded23eea554f5183eafb38ced7bf18,5593,2,train,2
16626,5593,63,Ptychogastria polaris,/home/tahiti/MARINE_DATASETS/FathomNet_FGVC2025/data/rois/5593_16626.png,/home/tahiti/MARINE_DATASETS/FathomNet_FGVC2025/data/images/5593.png,03d8c86f74d2be5cb03c6243a22f832fedfb5f6cf3bbee8906473d8401e54342,f5cdacda0c9be2532ab2936ff8a2a8f264ded23eea554f5183eafb38ced7bf18,5593,2,train,2
16645,5593,63,Ptychogastria polaris,/home/tahiti/MARINE_DATASETS/FathomNet_FGVC2025/data/rois/5593_16645.png,/home/tahiti/MARINE_DATASETS/FathomNet_FGVC2025/data/images/5593.png,164e94ab152a24292656b6f137c33ec4f690861967451cfdc49359a881f25dfe,f5cdacda0c9be2532ab2936ff8a2a8f264ded23eea554f5183eafb38ced7bf18,5593,2,train,2
16648,5593,76,Tunicata,/home/tahiti/MARINE_DATASETS/FathomNet_FGVC2025/data/rois/5593_16648.png,/home/tahiti/MARINE_DATASETS/FathomNet_FGVC2025/data/images/5593.png,a0b08e12c0ae0256ee1c7581794902f5ecdf96f6269e2aaf51f1c1d6717ef530,f5cdacda0c9be2532ab2936ff8a2a8f264ded23eea554f5183eafb38ced7bf18,5593,2,train,2
16661,5593,63,Ptychogastria polaris,/home/tahiti/MARINE_DATASETS/FathomNet_FGVC2025/data/rois/5593_16661.png,/home/tahiti/MARINE_DATASETS/FathomNet_FGVC2025/data/images/5593.png,7e20a631789275f1966b05094ef8f00b0c47951fcf414776f10d6184f0ed12bb,f5cdacda0c9be2532ab2936ff8a2a8f264ded23eea554f5183eafb38ced7bf18,5593,2,train,2
16666,5593,63,Ptychogastria polaris,/home/tahiti/MARINE_DATASETS/FathomNet_FGVC2025/data/rois/5593_16666.png,/home/tahiti/MARINE_DATASETS/FathomNet_FGVC2025/data/images/5593.png,4e9fd378dc8da9c3563b70c1824206dc6f67ec45222742bfadc653a112532ccd,f5cdacda0c9be2532ab2936ff8a2a8f264ded23eea554f5183eafb38ced7bf18,5593,2,train,2
16670,5593,63,Ptychogastria polaris,/home/tahiti/MARINE_DATASETS/FathomNet_FGVC2025/data/rois/5593_16670.png,/home/tahiti/MARINE_DATASETS/FathomNet_FGVC2025/data/images/5593.png,40c29866539e6d1f5cc4ed089109a2615d4103bbff49e2c6c3ee787eeb14d5ea,f5cdacda0c9be2532ab2936ff8a2a8f264ded23eea554f5183eafb38ced7bf18,5593,2,train,2
16675,5593,63,Ptychogastria polaris,/home/tahiti/MARINE_DATASETS/FathomNet_FGVC2025/data/rois/5593_16675.png,/home/tahiti/MARINE_DATASETS/FathomNet_FGVC2025/data/images/5593.png,b6546a8ca03ba46c53388094cd1544e9cbe8ce523408b6d2fc8ae19c8c543f9e,f5cdacda0c9be2532ab2936ff8a2a8f264ded23eea554f5183eafb38ced7bf18,5593,2,train,2
16682,5598,54,Paragorgia,/home/tahiti/MARINE_DATASETS/FathomNet_FGVC2025/data/rois/5598_16682.png,/home/tahiti/MARINE_DATASETS/FathomNet_FGVC2025/data/images/5598.png,fb69af5777a1ac4603990d96bcb92dfbaa3eb0f801611948a461925aa3dcf668,e1c03eb061281a32bc8f0f03d651f42b1c293fe87e1d4783e420b5bf1e6ce7ff,5598,5,train,5
16687,5600,14,Caridea,/home/tahiti/MARINE_DATASETS/FathomNet_FGVC2025/data/rois/5600_16687.png,/home/tahiti/MARINE_DATASETS/FathomNet_FGVC2025/data/images/5600.png,7f80141ddcbab53e3ebbb32046f77ed3b7372fdad070ba2d85fea3bda5de208e,2864224c74c435a8ae278933b4b3e2eb43bb143b088705daef35e49b6699f44d,5600,1,train,1
16709,5611,38,Liponema brevicorne,/home/tahiti/MARINE_DATASETS/FathomNet_FGVC2025/data/rois/5611_16709.png,/home/tahiti/MARINE_DATASETS/FathomNet_FGVC2025/data/images/5611.png,1e706ba7c4659354da395f723a1f0944cfd53dea33d2d89678918ee0ab08100f,1b7a90b1291a604274ad5b42ca7e0a9f9bbd1d5cfb569ef440fb93943d298eb7,5611,2,train,2
16710,5612,39,Lithodidae,/home/tahiti/MARINE_DATASETS/FathomNet_FGVC2025/data/rois/5612_16710.png,/home/tahiti/MARINE_DATASETS/FathomNet_FGVC2025/data/images/5612.png,a2523f3274273e47dbdf44bb3d62cf9e33437b44d1f09fbc237f9a1a683aefbd,49fd5109ff10276283a43d417aa5339229e239ee6c5ccdd80aac5e0bb0779b53,5612,5,train,5
16715,5613,31,Hippasteria,/home/tahiti/MARINE_DATASETS/FathomNet_FGVC2025/data/rois/5613_16715.png,/home/tahiti/MARINE_DATASETS/FathomNet_FGVC2025/data/images/5613.png,f2c2c2e4c07e1111cd5caa68f1e6c879df678d9932f64dbc076c060af3f2b0e0,c37c14518a97ffdf7e42456017264e1f0e15e63f0f600501aaa9f38275cf2235,5613,1,train,1
16731,5625,48,Ophiacanthidae,/home/tahiti/MARINE_DATASETS/FathomNet_FGVC2025/data/rois/5625_16731.png,/home/tahiti/MARINE_DATASETS/FathomNet_FGVC2025/data/images/5625.png,1fa60d688f7295d19f9e334f61d0030f341acba6acabaebdfd7c9c51a206da9f,7301ec4d5e6c53de2be139806656ac734150fddd8bd0c48ed271ecfcf7ae00a9,5625,5,train,5
16732,5626,8,Apostichopus leukothele,/home/tahiti/MARINE_DATASETS/FathomNet_FGVC2025/data/rois/5626_16732.png,/home/tahiti/MARINE_DATASETS/FathomNet_FGVC2025/data/images/5626.png,7a153dbe626c78e8e9fa0fad1c40b736f5db49918b41081c577ab0a40956ec0e,4438c8214254d304ccdc8338b1d62f98de1ef6c710ddaff4dcf4818e0a700af9,5626,2,train,2
16735,5626,69,Sebastes,/home/tahiti/MARINE_DATASETS/FathomNet_FGVC2025/data/rois/5626_16735.png,/home/tahiti/MARINE_DATASETS/FathomNet_FGVC2025/data/images/5626.png,2478472eba4d79591a172b5036250fbcbe5f37bd071353b4ddf786d90c9ed516,4438c8214254d304ccdc8338b1d62f98de1ef6c710ddaff4dcf4818e0a700af9,5626,2,train,2
16780,5648,59,Pennatula phosphorea,/home/tahiti/MARINE_DATASETS/FathomNet_FGVC2025/data/rois/5648_16780.png,/home/tahiti/MARINE_DATASETS/FathomNet_FGVC2025/data/images/5648.png,239511cbaa48087007c353ed7a231afbd5cca6d42fcdd62bbaab86e67aeec1c1,9b0aa70a924c187aa236606b5fd9e615b0c218ee76e6adfca7a97637ec361221,5648,2,train,2
16796,5651,36,Isosicyonis,/home/tahiti/MARINE_DATASETS/FathomNet_FGVC2025/data/rois/5651_16796.png,/home/tahiti/MARINE_DATASETS/FathomNet_FGVC2025/data/images/5651.png,dbc194006af976903b26ffbbbee8dff019d65bb5bbcf18338648e73074399c02,c5de8f8439468b29d0ed0672fd4d1f0638d8ef677a222dddbf67cf915de77e7f,5651,1,train,1
16801,5653,17,Chorilia longipes,/home/tahiti/MARINE_DATASETS/FathomNet_FGVC2025/data/rois/5653_16801.png,/home/tahiti/MARINE_DATASETS/FathomNet_FGVC2025/data/images/5653.png,53c1560b458c9e0ac8bff5b6e7b18fc09742f425a8e9e361fc9a1661f20b5a50,093a4b2385f3724207ac43e827a2166b17435b29ceeddbbe0934db62d88d72b9,5653,5,train,5
16804,5655,15,Ceriantharia,/home/tahiti/MARINE_DATASETS/FathomNet_FGVC2025/data/rois/5655_16804.png,/home/tahiti/MARINE_DATASETS/FathomNet_FGVC2025/data/images/5655.png,0770cdfc26be1fbc1bbd9517ac42b169db4427316d426cb7ef59622e5947eb2d,c734e4bdd53623abfe473e498269ac5280c882dc2ce93f28d4818f2da1ef24a6,5655,4,train,4
16806,5657,40,Mediaster aequalis,/home/tahiti/MARINE_DATASETS/FathomNet_FGVC2025/data/rois/5657_16806.png,/home/tahiti/MARINE_DATASETS/FathomNet_FGVC2025/data/images/5657.png,e57679b4b85687e83e86fd9ea157eab02cfeafccb1eb94d1b929dd963b5e94cc,fce62ee347592cbf7a7719058a1c0811b648b0537347f2cff84e3cd61a6e879e,5657,1,train,1
16813,5660,38,Liponema brevicorne,/home/tahiti/MARINE_DATASETS/FathomNet_FGVC2025/data/rois/5660_16813.png,/home/tahiti/MARINE_DATASETS/FathomNet_FGVC2025/data/images/5660.png,c82470e45c54389c7c243f2d2f416892f9a512594617d93c126a3d1cfdac5808,f7c5e028384ed20d1e716638dced201ce9664cbfbdf6b8f487d03caeb5202d57,5660,1,train,1
16821,5664,4,Actinernus,/home/tahiti/MARINE_DATASETS/FathomNet_FGVC2025/data/rois/5664_16821.png,/home/tahiti/MARINE_DATASETS/FathomNet_FGVC2025/data/images/5664.png,00ad6f5cdd2989e244b95b491c4a48f27d64185627888202e15785a69c94783f,e1de973c128df66af083844e08eb3779fce7747f4462c28eb757596048153c83,5664,2,train,2
16828,5666,23,Florometra serratissima,/home/tahiti/MARINE_DATASETS/FathomNet_FGVC2025/data/rois/5666_16828.png,/home/tahiti/MARINE_DATASETS/FathomNet_FGVC2025/data/images/5666.png,a5c373d5d773cc8f32bfdba665ff9bf385888fb63ef6e3c0cd8fc590d6f75114,8816144abef103edd4c51abdb3f9c7c113719813a60f44221b6f0861cbc88ac6,5666,0,train,0
16834,5669,77,Umbellula,/home/tahiti/MARINE_DATASETS/FathomNet_FGVC2025/data/rois/5669_16834.png,/home/tahiti/MARINE_DATASETS/FathomNet_FGVC2025/data/images/5669.png,da13371e301d4719a22f5cde905e047c06230cdfc4b06893f512c8b633fe8294,5638e55e1a62c8cf264f1530b1d75ea8012ef75e9699d06dbc8593f31b143857,5669,5,train,5
16840,5672,54,Paragorgia,/home/tahiti/MARINE_DATASETS/FathomNet_FGVC2025/data/rois/5672_16840.png,/home/tahiti/MARINE_DATASETS/FathomNet_FGVC2025/data/images/5672.png,3e55d010dca01d95cd0fb891ee821cafc93244ab4ce649915cfba1229bd4e670,74d60d8aa8f709d6e2aff63c8519a305c3a0eea9d7f34a823b63a5cd94ca4edc,5672,1,train,1
16855,5680,76,Tunicata,/home/tahiti/MARINE_DATASETS/FathomNet_FGVC2025/data/rois/5680_16855.png,/home/tahiti/MARINE_DATASETS/FathomNet_FGVC2025/data/images/5680.png,6aa5b93874ad44188ce9eb2f267e07cd527e8d082089194e93ed3fc00e57e431,8d9fdd644d9772125ad11abd8b08040a82d6de82d9f303f6f275649544813983,5680,2,train,2
16865,5682,76,Tunicata,/home/tahiti/MARINE_DATASETS/FathomNet_FGVC2025/data/rois/5682_16865.png,/home/tahiti/MARINE_DATASETS/FathomNet_FGVC2025/data/images/5682.png,061a9cc480c06095468a46c7a64be2e2469969df32508f8d7216c6085ca8e064,31042eb759b99563ae3c400cb34e0f18ae17281852508305073db8d2926c4891,5682,1,train,1
16876,5684,77,Umbellula,/home/tahiti/MARINE_DATASETS/FathomNet_FGVC2025/data/rois/5684_16876.png,/home/tahiti/MARINE_DATASETS/FathomNet_FGVC2025/data/images/5684.png,f73dbbdcff3f178bb07f286833370eee65bbf1d6d39b54f69318bede134dfa9a,0acbd0e730ac143e14b3c9fbde62bf23d25e5030079a67288aa1ee9e87b25e88,5684,5,train,5
16905,5689,33,Hormathiidae,/home/tahiti/MARINE_DATASETS/FathomNet_FGVC2025/data/rois/5689_16905.png,/home/tahiti/MARINE_DATASETS/FathomNet_FGVC2025/data/images/5689.png,285a36382a345bd204b0e35a5b7cfbfc8541f423111ed99fe49edf9761fb87e9,368e2d8434129afdf399b515db9ed1fdfe92ae669da704d2742507c9740ecd4d,5689,4,train,4
16909,5690,77,Umbellula,/home/tahiti/MARINE_DATASETS/FathomNet_FGVC2025/data/rois/5690_16909.png,/home/tahiti/MARINE_DATASETS/FathomNet_FGVC2025/data/images/5690.png,55e174c87e5c1fb9f9843d2cf013382f7bf4271627ee9e0a6f24fa1ed4f5e311,218d699df3dd2c90cb836f074553fbf9cb5e1bc80186151c928b2bfd385b7622,5690,2,train,2
16913,5691,32,Holothuroidea,/home/tahiti/MARINE_DATASETS/FathomNet_FGVC2025/data/rois/5691_16913.png,/home/tahiti/MARINE_DATASETS/FathomNet_FGVC2025/data/images/5691.png,a629c5cfa37ddebf6f8573b57139e4ea4938bc3f80c9585fa96380f1e0abd309,95139ac4b5d6af0a5a09895e004b6bc209d0d961adbc7a8d0682ce165d457565,5691,2,train,2
16917,5693,21,Elpidia,/home/tahiti/MARINE_DATASETS/FathomNet_FGVC2025/data/rois/5693_16917.png,/home/tahiti/MARINE_DATASETS/FathomNet_FGVC2025/data/images/5693.png,34511a173f998ecf9396b4e8e4f4917f72344e08b6a08e8a258f68c704850087,d349af4bc6bef5ee06c8c9a7a208536b19d98d3788b7f54fd5ed7150db9447d5,5693,2,train,2
16928,5701,51,Pandalus amplus,/home/tahiti/MARINE_DATASETS/FathomNet_FGVC2025/data/rois/5701_16928.png,/home/tahiti/MARINE_DATASETS/FathomNet_FGVC2025/data/images/5701.png,88f012a77465e066b33d18a674e3629fda2bacfc1743cc2a96caf1bf8f635bfe,7dded11a7ab7b19328317120061e0132ab3a2e04f98400736eb8abfc74d91979,5701,0,train,0
16950,5715,32,Holothuroidea,/home/tahiti/MARINE_DATASETS/FathomNet_FGVC2025/data/rois/5715_16950.png,/home/tahiti/MARINE_DATASETS/FathomNet_FGVC2025/data/images/5715.png,90241fd90983e17908c89cf62c7cace14257f3300a6b90927939457bf5758fee,4efc28fcfd881b350da0e6830be1d5cd8481091bf78943071c16222505fc3e37,5715,2,train,2
16962,5720,54,Paragorgia,/home/tahiti/MARINE_DATASETS/FathomNet_FGVC2025/data/rois/5720_16962.png,/home/tahiti/MARINE_DATASETS/FathomNet_FGVC2025/data/images/5720.png,c0c66e27fb6a7dba9337a415e4bd8642e9d3a00ea19b838c1f44f5dfea6aa119,ca19db2a38041ddc44056db709df603906f288ed5811a0288e5731b0a5535b5d,5720,1,train,1
16981,5733,33,Hormathiidae,/home/tahiti/MARINE_DATASETS/FathomNet_FGVC2025/data/rois/5733_16981.png,/home/tahiti/MARINE_DATASETS/FathomNet_FGVC2025/data/images/5733.png,e870cc06ca7357eb4fbd5b3d4a8b2f760819170370f1269c1f366bcf716146f9,eb8c3c39340d7fa006723064417c7265d180a59eb50bfb56e609272eb1878f63,5733,0,train,0
16983,5734,23,Florometra serratissima,/home/tahiti/MARINE_DATASETS/FathomNet_FGVC2025/data/rois/5734_16983.png,/home/tahiti/MARINE_DATASETS/FathomNet_FGVC2025/data/images/5734.png,1ebd375ab8a37be5d0894b40791462ba59851faa0b0487ae0f8b49f2ab71307c,6920151f2680ca63a67b795353633c659469a4e18197738aca370d98aa3b8137,5734,0,train,0
17058,5777,32,Holothuroidea,/home/tahiti/MARINE_DATASETS/FathomNet_FGVC2025/data/rois/5777_17058.png,/home/tahiti/MARINE_DATASETS/FathomNet_FGVC2025/data/images/5777.png,964d029d62f0644e1d667f096188406b70b6f99964989fa78050a04d3f9f257c,6992024588a58c9446c70736ad8e627b5107b2dd9b660f99e28ba2cc1cf360d2,5777,2,train,2
17069,5783,39,Lithodidae,/home/tahiti/MARINE_DATASETS/FathomNet_FGVC2025/data/rois/5783_17069.png,/home/tahiti/MARINE_DATASETS/FathomNet_FGVC2025/data/images/5783.png,a18b0ed07a2dd2311837e31f29519504d842e9928a8f7027cacb48bffb70fd02,f9840a37e75c6fa78708ebcaa631792734a2868535a726a1a2f765a023c5c08f,5783,5,train,5
17074,5788,69,Sebastes,/home/tahiti/MARINE_DATASETS/FathomNet_FGVC2025/data/rois/5788_17074.png,/home/tahiti/MARINE_DATASETS/FathomNet_FGVC2025/data/images/5788.png,ef6043620fbf649bbcba6ac1d068a17269f5b43e10bbee94a8176c006ea6b308,f08ed8e7c2af3fa6b3ef26a3a988c8c9c3f455136157b458571bd1ac3322f09c,5788,2,train,2
17092,5801,52,Pandalus platyceros,/home/tahiti/MARINE_DATASETS/FathomNet_FGVC2025/data/rois/5801_17092.png,/home/tahiti/MARINE_DATASETS/FathomNet_FGVC2025/data/images/5801.png,b30a4d004a49271613491549f794d81ee96e7e917f9a8d7693c6fe6318450009,198217516cb90c1c33446fdd5936b443e6899513b84ce01962f33d6b4d477de3,5801,1,train,1
17117,5807,54,Paragorgia,/home/tahiti/MARINE_DATASETS/FathomNet_FGVC2025/data/rois/5807_17117.png,/home/tahiti/MARINE_DATASETS/FathomNet_FGVC2025/data/images/5807.png,75fa1a976935c753755f9f4aadb6d42986a2b8dc4bbb7072998baa5d90442b51,bca2a87e581ca9327621bc03e14f1ed0abf4574f25fdfe04596f8ccbf4e3e159,5807,1,train,1
17118,5808,70,Sebastes diploproa,/home/tahiti/MARINE_DATASETS/FathomNet_FGVC2025/data/rois/5808_17118.png,/home/tahiti/MARINE_DATASETS/FathomNet_FGVC2025/data/images/5808.png,b86b5c0f4410a229a77afce111310ac0c39243d4230436a2658e542a283dfe41,da56a30df7fa84dd06babe0fd0632fad83125d8d829a25c8e55b5b42a200e17b,5808,2,train,2
17122,5810,69,Sebastes,/home/tahiti/MARINE_DATASETS/FathomNet_FGVC2025/data/rois/5810_17122.png,/home/tahiti/MARINE_DATASETS/FathomNet_FGVC2025/data/images/5810.png,eae4e2e3ba686c9f569e7670ff9362735f7aea369385b3c18f15b23e76be06e9,6a31042ef3dbb2ed4acb9cc69fcfb102ae78d5d74c5eade8857eb9709d8242b4,5810,5,train,5
17151,5821,12,Benthocodon pedunculata,/home/tahiti/MARINE_DATASETS/FathomNet_FGVC2025/data/rois/5821_17151.png,/home/tahiti/MARINE_DATASETS/FathomNet_FGVC2025/data/images/5821.png,f19783bd9c1124fd507ecb36b07cdf1d582c7e9eafff12e7025048c38f7f1f70,26a179df9049f00e4dbed76e9d5c058574ca19d798f30e35d6ee197e978ede4e,5821,4,train,4
17156,5821,12,Benthocodon pedunculata,/home/tahiti/MARINE_DATASETS/FathomNet_FGVC2025/data/rois/5821_17156.png,/home/tahiti/MARINE_DATASETS/FathomNet_FGVC2025/data/images/5821.png,256ddf31adaf4c610593f98902cf6f17a4a2a8311c49a996fca587956947fb87,26a179df9049f00e4dbed76e9d5c058574ca19d798f30e35d6ee197e978ede4e,5821,4,train,4
17176,5827,77,Umbellula,/home/tahiti/MARINE_DATASETS/FathomNet_FGVC2025/data/rois/5827_17176.png,/home/tahiti/MARINE_DATASETS/FathomNet_FGVC2025/data/images/5827.png,2f00cef31e8e2c74eb610b9bff5d2e2c906a39d38d03cdf0f2d51e879fcf7d5a,4c25e9cc58251bb50f713b42d4094bba6363fa7eea8f33b405832e6a988264fa,5827,0,train,0
17185,5833,54,Paragorgia,/home/tahiti/MARINE_DATASETS/FathomNet_FGVC2025/data/rois/5833_17185.png,/home/tahiti/MARINE_DATASETS/FathomNet_FGVC2025/data/images/5833.png,1a213b205627eea18086bbc3f677b522eea37fa619b6194ef23d22c9373ee4a7,ff13bbf13d80ea28fabcf31f27eb3f27cf9a3bb23704dc0c398add24ef3015db,5833,2,train,2
17187,5833,2,Acanthascinae,/home/tahiti/MARINE_DATASETS/FathomNet_FGVC2025/data/rois/5833_17187.png,/home/tahiti/MARINE_DATASETS/FathomNet_FGVC2025/data/images/5833.png,06990c62b3b6e10d729f5370defaf3758a01dd98719ea3fe2b75e47d636c53b7,ff13bbf13d80ea28fabcf31f27eb3f27cf9a3bb23704dc0c398add24ef3015db,5833,2,train,2
17194,5837,64,Pyrosoma atlanticum,/home/tahiti/MARINE_DATASETS/FathomNet_FGVC2025/data/rois/5837_17194.png,/home/tahiti/MARINE_DATASETS/FathomNet_FGVC2025/data/images/5837.png,9e2a74c2cf56e4504b608f6d58810d708a9d8febaaaa858b6de7e1a17d0fb83a,5b1f30ee0d904287574bac91b8a3e6558baa19a70d94a2ec62d63283c49d71b1,5837,0,train,0
17205,5846,56,Paralomis multispina,/home/tahiti/MARINE_DATASETS/FathomNet_FGVC2025/data/rois/5846_17205.png,/home/tahiti/MARINE_DATASETS/FathomNet_FGVC2025/data/images/5846.png,2c4aeb02b8a765d4ecc50c6d2d3ec886b365117f7a4d1461d2c7771377552406,10ca63f0bf1d9a5fbe7c52eb642fb1748c1532e0494ebada43aeadd053ee8e3f,5846,1,train,1
17206,5847,43,Microstomus pacificus,/home/tahiti/MARINE_DATASETS/FathomNet_FGVC2025/data/rois/5847_17206.png,/home/tahiti/MARINE_DATASETS/FathomNet_FGVC2025/data/images/5847.png,fb84210033baa68bafb52cdde6cdd1e89de84ad38c9d2fd99fd654c557ca5f3e,2d4832629c0d277618f6e42a8cc3d44072932036d4e43391b2a90eb0253924bd,5847,5,train,5
17235,5864,38,Liponema brevicorne,/home/tahiti/MARINE_DATASETS/FathomNet_FGVC2025/data/rois/5864_17235.png,/home/tahiti/MARINE_DATASETS/FathomNet_FGVC2025/data/images/5864.png,5c29d0de446511d0ca8599a48c7923d8ebfc19d34a4fae52d650d6131c93b60f,11b2b61fa2107f824c246894f67f8cacd9cfe5fc6d8444741ca4487443f7926f,5864,0,train,0
17239,5866,56,Paralomis multispina,/home/tahiti/MARINE_DATASETS/FathomNet_FGVC2025/data/rois/5866_17239.png,/home/tahiti/MARINE_DATASETS/FathomNet_FGVC2025/data/images/5866.png,623d4588692725965918bf7c9970460d74ce77072f3e9954524b05ce2cb842e2,4ae1822e3b8f5ee1caf79b7f5b02a467724717561962934571d335ff0781305f,5866,2,train,2
17246,5866,56,Paralomis multispina,/home/tahiti/MARINE_DATASETS/FathomNet_FGVC2025/data/rois/5866_17246.png,/home/tahiti/MARINE_DATASETS/FathomNet_FGVC2025/data/images/5866.png,6fc186d30731c370d1023807cb482bc9f90c8168ac154c81f9650ea3150555df,4ae1822e3b8f5ee1caf79b7f5b02a467724717561962934571d335ff0781305f,5866,2,train,2
17259,5873,77,Umbellula,/home/tahiti/MARINE_DATASETS/FathomNet_FGVC2025/data/rois/5873_17259.png,/home/tahiti/MARINE_DATASETS/FathomNet_FGVC2025/data/images/5873.png,62892bd5f5a308d54af66b446b0bd173f6b03d0547864bfa555fb89ff0d820a0,fe251ede126a93adf669c5b4382b1d25dcd655d949a02d4514ad458df341bbfb,5873,5,train,5
17261,5874,34,Isidella tentaculum,/home/tahiti/MARINE_DATASETS/FathomNet_FGVC2025/data/rois/5874_17261.png,/home/tahiti/MARINE_DATASETS/FathomNet_FGVC2025/data/images/5874.png,3a940d4f9c0b76255079ba567828420fe3dc66ec9ae697b603a926eacc213a74,11b1489139e838f66612042dcafdb53fd700de841f53b1ababb520a50c2b8727,5874,4,train,4
17267,5875,57,Parastenella,/home/tahiti/MARINE_DATASETS/FathomNet_FGVC2025/data/rois/5875_17267.png,/home/tahiti/MARINE_DATASETS/FathomNet_FGVC2025/data/images/5875.png,24c275560d72aced79ef9c769dcf9e7bbdb2f8d2bb657496d92df29c1c20f488,c2f619afa4fb8cfdfdac150f87e6b67a2d5060748ca55bdab66f0098cb3f5cd3,5875,1,train,1
17322,5882,18,Corallimorphus pilatus,/home/tahiti/MARINE_DATASETS/FathomNet_FGVC2025/data/rois/5882_17322.png,/home/tahiti/MARINE_DATASETS/FathomNet_FGVC2025/data/images/5882.png,b5a719a66c6f3ccc014bb34042cc8bc7ab8d4f0bdbd352b2974d0faaace5d426,134ce97c90442c586b728826cf6b23c9cc8b8c1f530863914e5381513d9dc5f2,5882,1,train,1
17329,5884,8,Apostichopus leukothele,/home/tahiti/MARINE_DATASETS/FathomNet_FGVC2025/data/rois/5884_17329.png,/home/tahiti/MARINE_DATASETS/FathomNet_FGVC2025/data/images/5884.png,1ca2d6890a0cfcb482f1a533d56ff7da19b704138dd1e1fd8f3b0314445e80d3,64e2cefda7974ef2dd03f94d7d49f7b54b0556360bf5af1bc1d4d6a38c142dae,5884,4,train,4
17358,5894,6,Actinopterygii,/home/tahiti/MARINE_DATASETS/FathomNet_FGVC2025/data/rois/5894_17358.png,/home/tahiti/MARINE_DATASETS/FathomNet_FGVC2025/data/images/5894.png,2224be802bbe6eb8e5ee9530600fd4a1825624352c81db877624023af9ef72f3,d7261bebf78668971848ec3db2351e1d02f3454538e8fa319ccb6f84201a32fa,5894,5,train,5
17375,5904,27,Heterocarpus,/home/tahiti/MARINE_DATASETS/FathomNet_FGVC2025/data/rois/5904_17375.png,/home/tahiti/MARINE_DATASETS/FathomNet_FGVC2025/data/images/5904.png,2b0568660d1615047da7c8523af877cfeb3bba500e2d6b5549e72ae7322ace81,2afd71b52af444be0bfa409edf2dda1faa6c02ac87f409ae58e9f38ee038ac23,5904,0,train,0
17378,5905,51,Pandalus amplus,/home/tahiti/MARINE_DATASETS/FathomNet_FGVC2025/data/rois/5905_17378.png,/home/tahiti/MARINE_DATASETS/FathomNet_FGVC2025/data/images/5905.png,3ef50cedb66f02593f7932dd949307d73b5850f9968f437d66f60c6b2699d9e6,6d40c6cccab7f1c92a5b5af7e322c1ef48779adb881ac7c1f82913b649b55f9d,5905,4,train,4
17384,5908,57,Parastenella,/home/tahiti/MARINE_DATASETS/FathomNet_FGVC2025/data/rois/5908_17384.png,/home/tahiti/MARINE_DATASETS/FathomNet_FGVC2025/data/images/5908.png,d21518c36c279b6bf5a63a0dd1b17e0a66c03bc70fb61a425c0c9a426dfa57b7,c3c6f68f21f618a0d29d185ad55b67ac2e5d04bb9d9a0d7ab8b17ffb675f3881,5908,4,train,4
17385,5909,8,Apostichopus leukothele,/home/tahiti/MARINE_DATASETS/FathomNet_FGVC2025/data/rois/5909_17385.png,/home/tahiti/MARINE_DATASETS/FathomNet_FGVC2025/data/images/5909.png,e584994e147273b1d149e81794e452efe203dbb9d7da42234e21b78460f8ce56,33e1032eea5096b7b963f44814fe22c3b92d38bd3b0a9ea4b7edc839828113b3,5909,5,train,5
17408,5922,51,Pandalus amplus,/home/tahiti/MARINE_DATASETS/FathomNet_FGVC2025/data/rois/5922_17408.png,/home/tahiti/MARINE_DATASETS/FathomNet_FGVC2025/data/images/5922.png,e8ef0349b5f842250c0b1fbfe516fa7277ffe0c878e0a894be60d68c2b06c251,4d2d70ffe0cdc252f48acac7d6179650ce6f7b43de16441ec9b50bbaf2e41573,5922,5,train,5
17418,5928,48,Ophiacanthidae,/home/tahiti/MARINE_DATASETS/FathomNet_FGVC2025/data/rois/5928_17418.png,/home/tahiti/MARINE_DATASETS/FathomNet_FGVC2025/data/images/5928.png,3a5b7043ee0adf8b87035310d896a25fda8f818bd215fafa7a639b36745e84bd,22c301e2a0538b1913f98e64850242b7bb456bb80857623e5b4a833609530c4c,5928,0,train,0
17476,5968,43,Microstomus pacificus,/home/tahiti/MARINE_DATASETS/FathomNet_FGVC2025/data/rois/5968_17476.png,/home/tahiti/MARINE_DATASETS/FathomNet_FGVC2025/data/images/5968.png,4e7133617057dd90329e875527826258133ef30c1cb3c50572c21d53e51cba67,a37c5bb0f78da1932eec175372b7ac383f06666000e795a3f772cc7e7c0d615a,5968,4,train,4
17504,5980,14,Caridea,/home/tahiti/MARINE_DATASETS/FathomNet_FGVC2025/data/rois/5980_17504.png,/home/tahiti/MARINE_DATASETS/FathomNet_FGVC2025/data/images/5980.png,33ce2b29084276521e6888fed778718c5aabb144baf5d8ebb71717f5945c83b1,3ba9c5628ca6b32f863a68d7e792daeecfb48252c09bf6d3958692298d1d56e1,5980,1,train,1
17508,5981,9,Asbestopluma,/home/tahiti/MARINE_DATASETS/FathomNet_FGVC2025/data/rois/5981_17508.png,/home/tahiti/MARINE_DATASETS/FathomNet_FGVC2025/data/images/5981.png,48eabc514ef32bdf2d6b312dcc36305fae4768b6d2589057aaf4a8b0b428ce8b,da730d4b6da422364e50e5d898d900e8105a3a37837db23cae817c19726b45fd,5981,5,train,5
17522,5988,12,Benthocodon pedunculata,/home/tahiti/MARINE_DATASETS/FathomNet_FGVC2025/data/rois/5988_17522.png,/home/tahiti/MARINE_DATASETS/FathomNet_FGVC2025/data/images/5988.png,6963bdf92a685a04f402023cd743e229a148e202b2160dbeffe8a62b9470e63d,d6dd0fd82dd5533676704813ca2b59d15afe7537ac703343c3a553bd80199269,5988,2,train,2
17537,5997,14,Caridea,/home/tahiti/MARINE_DATASETS/FathomNet_FGVC2025/data/rois/5997_17537.png,/home/tahiti/MARINE_DATASETS/FathomNet_FGVC2025/data/images/5997.png,a9fa6c915a6d22dbf44f7b3da4a2fd6b51486d195db264e7c6b74cba743b90ff,310fa8cbff9288c02931483d26b8178f07f1cb3b47b73b281a7831d2197f7760,5997,2,train,2
17556,6007,54,Paragorgia,/home/tahiti/MARINE_DATASETS/FathomNet_FGVC2025/data/rois/6007_17556.png,/home/tahiti/MARINE_DATASETS/FathomNet_FGVC2025/data/images/6007.png,cf76bd0e296d79ba717a91ed5a8ec1d1c71a83836e6d2768dfcc1dd39ffa5b48,e9693b9a7240229437248ebe6675d10afd8cd1898b66a0eef9e2c41fc070fb01,6007,5,train,5
17572,6017,15,Ceriantharia,/home/tahiti/MARINE_DATASETS/FathomNet_FGVC2025/data/rois/6017_17572.png,/home/tahiti/MARINE_DATASETS/FathomNet_FGVC2025/data/images/6017.png,125f58c6564ce0e9360dafc0196aa784349a74a9de4acb3ce578885ed45eac56,c8c263087f3700290fa4ade3ce1d1cd9a9af174dc88c3530bcefd6281474526d,6017,2,train,2
17581,6022,23,Florometra serratissima,/home/tahiti/MARINE_DATASETS/FathomNet_FGVC2025/data/rois/6022_17581.png,/home/tahiti/MARINE_DATASETS/FathomNet_FGVC2025/data/images/6022.png,5b0d5004c0d60958a06f38f313aa6f2144c9b11ef78dbe2bf0f0b7eac6f135f2,7a79651041f53ce9556ee1995e47aca94720dfda42515cf729ce9e08f95c6e41,6022,5,train,5
17591,6026,4,Actinernus,/home/tahiti/MARINE_DATASETS/FathomNet_FGVC2025/data/rois/6026_17591.png,/home/tahiti/MARINE_DATASETS/FathomNet_FGVC2025/data/images/6026.png,74c3c03b3b6b1fc007a26e69afb92ff468f29e7128504b8e68b1f00bab3aab4e,1389ce29fa41db22663d871acc7b1fa01d6ddf289df15b0138664d270d5df07b,6026,2,train,2
17604,6032,8,Apostichopus leukothele,/home/tahiti/MARINE_DATASETS/FathomNet_FGVC2025/data/rois/6032_17604.png,/home/tahiti/MARINE_DATASETS/FathomNet_FGVC2025/data/images/6032.png,d353164678ac190a3d0a1cc1dcea2378040c3a670d3c6d8bfa36cd5d9f3bf548,a1bb017989aa52a03ba28ab50cd13dbc9620eec7cda81477a61409b5a3816cf8,6032,1,train,1
17623,6045,15,Ceriantharia,/home/tahiti/MARINE_DATASETS/FathomNet_FGVC2025/data/rois/6045_17623.png,/home/tahiti/MARINE_DATASETS/FathomNet_FGVC2025/data/images/6045.png,a5e97ceebe2b6d6fd43aa2641f860dc32479a53e1e4304b695fa991672418090,252547f6fe2cca609950152135e7f3d3e59b13644b25a13406541ff37904633c,6045,4,train,4
17634,6053,52,Pandalus platyceros,/home/tahiti/MARINE_DATASETS/FathomNet_FGVC2025/data/rois/6053_17634.png,/home/tahiti/MARINE_DATASETS/FathomNet_FGVC2025/data/images/6053.png,8b9e2d85c574bf3a5339b51b2bd72afa89b5f48e8d0246b85addc4bfda611597,4e8e7600d7d8b1086907ac8f467422790791891230c2516f4951347dc968cef9,6053,0,train,0
17639,6055,40,Mediaster aequalis,/home/tahiti/MARINE_DATASETS/FathomNet_FGVC2025/data/rois/6055_17639.png,/home/tahiti/MARINE_DATASETS/FathomNet_FGVC2025/data/images/6055.png,721a1ae9aab7faaeab142d8cb5fefe7d10c2f2818714e0aa4099b253db807b35,38366a797b0b688165d09069a812ec8cdac307be7ac740331e2db3425d530988,6055,1,train,1
17665,6068,15,Ceriantharia,/home/tahiti/MARINE_DATASETS/FathomNet_FGVC2025/data/rois/6068_17665.png,/home/tahiti/MARINE_DATASETS/FathomNet_FGVC2025/data/images/6068.png,07d03ade7e4a75b736f599eeb335a4641e358d944abdd535a168b9eca1e629fd,0b7a73280044a60716cfff87c3323a3970086ca51694477ed6a25976a9d0ab7f,6068,1,train,1
17669,6071,64,Pyrosoma atlanticum,/home/tahiti/MARINE_DATASETS/FathomNet_FGVC2025/data/rois/6071_17669.png,/home/tahiti/MARINE_DATASETS/FathomNet_FGVC2025/data/images/6071.png,75a2362f7ecf31b87a3a49273e0774728f343023e31a212f6f574d84461138e3,21c1e2a5f81b6902ca3fc55918c662f9a6283b5b8df3304d64a424e1c4a0ad46,6071,4,train,4
17677,6071,64,Pyrosoma atlanticum,/home/tahiti/MARINE_DATASETS/FathomNet_FGVC2025/data/rois/6071_17677.png,/home/tahiti/MARINE_DATASETS/FathomNet_FGVC2025/data/images/6071.png,ad54433db45c3d45fb44549b5a8ff4fbfd92f518f92c6dcff610758ff9152faa,21c1e2a5f81b6902ca3fc55918c662f9a6283b5b8df3304d64a424e1c4a0ad46,6071,4,train,4
17682,6071,64,Pyrosoma atlanticum,/home/tahiti/MARINE_DATASETS/FathomNet_FGVC2025/data/rois/6071_17682.png,/home/tahiti/MARINE_DATASETS/FathomNet_FGVC2025/data/images/6071.png,344f048a51ede09692bc5e6bc74a5f06ffa898fa56dc3392b54e0395c9bef34e,21c1e2a5f81b6902ca3fc55918c662f9a6283b5b8df3304d64a424e1c4a0ad46,6071,4,train,4
17683,6071,64,Pyrosoma atlanticum,/home/tahiti/MARINE_DATASETS/FathomNet_FGVC2025/data/rois/6071_17683.png,/home/tahiti/MARINE_DATASETS/FathomNet_FGVC2025/data/images/6071.png,03c8e15ae6687ea8f8a482e8947bb2867d49f7ff2367576196bc449defc05020,21c1e2a5f81b6902ca3fc55918c662f9a6283b5b8df3304d64a424e1c4a0ad46,6071,4,train,4
17689,6074,46,Mycale,/home/tahiti/MARINE_DATASETS/FathomNet_FGVC2025/data/rois/6074_17689.png,/home/tahiti/MARINE_DATASETS/FathomNet_FGVC2025/data/images/6074.png,fee14331b5c9dece1520e69b603520090f18ad54ee243a2ce65c4c144efba321,cf2643a7663355d0ab356fc7217e17031994c319bbe0b48800c5ea4102141c2e,6074,5,train,5
17691,6076,43,Microstomus pacificus,/home/tahiti/MARINE_DATASETS/FathomNet_FGVC2025/data/rois/6076_17691.png,/home/tahiti/MARINE_DATASETS/FathomNet_FGVC2025/data/images/6076.png,89550eb656009692fa5b648a5a7634ba554aa982e085b44da0d5c364e582f428,902fea65a73173991e1edea4ac1d626444f697b168e65995f45dd87c1e8882d7,6076,0,train,0
17716,6089,1,Abyssocucumis abyssorum,/home/tahiti/MARINE_DATASETS/FathomNet_FGVC2025/data/rois/6089_17716.png,/home/tahiti/MARINE_DATASETS/FathomNet_FGVC2025/data/images/6089.png,8044d7aa6c3dd6c74c7db2dc87176d3e2415c1b4c59cf5d5c53de9487ab70139,ba53251c8cac94ba2a2f6708e864465af1765f80c1ff688f09b81e9b659d8ce2,6089,1,train,1
17719,6090,39,Lithodidae,/home/tahiti/MARINE_DATASETS/FathomNet_FGVC2025/data/rois/6090_17719.png,/home/tahiti/MARINE_DATASETS/FathomNet_FGVC2025/data/images/6090.png,3b4af933839e0dae49df405ea09165d1df830097798bc85b2801aaff6105a531,4115fabca783748be44a36e6bdb110d17788d1daec6cebb7ee81766b699d9358,6090,0,train,0
17733,6096,57,Parastenella,/home/tahiti/MARINE_DATASETS/FathomNet_FGVC2025/data/rois/6096_17733.png,/home/tahiti/MARINE_DATASETS/FathomNet_FGVC2025/data/images/6096.png,920877e92ef73a9929e876c59fdab5ba5e69b32a42e69cdcc339d8f99b873d2c,5a01c21bb48f8d16da34c69ccc5d814cf66d2d57c4cdac213d40a1a10895d2aa,6096,4,train,4
17769,6108,10,Asbestopluma monticola,/home/tahiti/MARINE_DATASETS/FathomNet_FGVC2025/data/rois/6108_17769.png,/home/tahiti/MARINE_DATASETS/FathomNet_FGVC2025/data/images/6108.png,9dc3302587b43747cfae0ba1910b3d65d155c1fc32cdd68f227bbc6400042de2,b1d829bdf0652f86df5e6a57692f6fe4b7702461351693f9850e092c80fab6d6,6108,1,train,1
17770,6108,10,Asbestopluma monticola,/home/tahiti/MARINE_DATASETS/FathomNet_FGVC2025/data/rois/6108_17770.png,/home/tahiti/MARINE_DATASETS/FathomNet_FGVC2025/data/images/6108.png,75c73a0ca151b3a45fe8dfac94b12fa891315845f3eebcef0d7243ee3d1db351,b1d829bdf0652f86df5e6a57692f6fe4b7702461351693f9850e092c80fab6d6,6108,1,train,1
17773,6108,10,Asbestopluma monticola,/home/tahiti/MARINE_DATASETS/FathomNet_FGVC2025/data/rois/6108_17773.png,/home/tahiti/MARINE_DATASETS/FathomNet_FGVC2025/data/images/6108.png,fdea26f393d4de4679f2d2bc0d25cd7fa29b0d469e6c266a70d3697431489609,b1d829bdf0652f86df5e6a57692f6fe4b7702461351693f9850e092c80fab6d6,6108,1,train,1
17776,6108,10,Asbestopluma monticola,/home/tahiti/MARINE_DATASETS/FathomNet_FGVC2025/data/rois/6108_17776.png,/home/tahiti/MARINE_DATASETS/FathomNet_FGVC2025/data/images/6108.png,c16875b991647774d6be2ec9fbd5f682470baf1122422185beb12b3459751769,b1d829bdf0652f86df5e6a57692f6fe4b7702461351693f9850e092c80fab6d6,6108,1,train,1
17788,6112,75,Terebellidae,/home/tahiti/MARINE_DATASETS/FathomNet_FGVC2025/data/rois/6112_17788.png,/home/tahiti/MARINE_DATASETS/FathomNet_FGVC2025/data/images/6112.png,d564a56d6a98016b8de1935dc86e81d34cf3fd01d65e5855c376a4ac474bf10a,5a5bb3de092d332e8a5226a1919f0ad100c493af6ff84931f985a86b0bccade7,6112,4,train,4
17805,6116,54,Paragorgia,/home/tahiti/MARINE_DATASETS/FathomNet_FGVC2025/data/rois/6116_17805.png,/home/tahiti/MARINE_DATASETS/FathomNet_FGVC2025/data/images/6116.png,2e2dcd76916b59a3109f9c6e94c69eaf7f02fe7f639bb9352a3a50773e7a885b,8af846d486bf3d0492d40a5fac3ac769f63ff97eca05f8e323697209df717294,6116,1,train,1
17806,6117,38,Liponema brevicorne,/home/tahiti/MARINE_DATASETS/FathomNet_FGVC2025/data/rois/6117_17806.png,/home/tahiti/MARINE_DATASETS/FathomNet_FGVC2025/data/images/6117.png,8355360ceee3a57919c1a47303919774c9c66aca87dfc7132864fa8e8ca44aa2,68fcbda5781d35a6ef356482fa03dd46523d5318c00c308a9d21e98758bc6a61,6117,1,train,1
17811,6119,66,Scleractinia,/home/tahiti/MARINE_DATASETS/FathomNet_FGVC2025/data/rois/6119_17811.png,/home/tahiti/MARINE_DATASETS/FathomNet_FGVC2025/data/images/6119.png,85c33922403ee4d5186ea3b7d7320ef06687c4042cf37d7cfee7cbef5df0a3b1,25634f39fe59de014645dc5a295d5c5201d80753304964d374965b1c3deef76e,6119,0,train,0
17813,6119,66,Scleractinia,/home/tahiti/MARINE_DATASETS/FathomNet_FGVC2025/data/rois/6119_17813.png,/home/tahiti/MARINE_DATASETS/FathomNet_FGVC2025/data/images/6119.png,868f6108ecd60c9ec5719e3af7462a7a9cf87bb31d074c77bcb6b090313bef2d,25634f39fe59de014645dc5a295d5c5201d80753304964d374965b1c3deef76e,6119,0,train,0
17823,6122,8,Apostichopus leukothele,/home/tahiti/MARINE_DATASETS/FathomNet_FGVC2025/data/rois/6122_17823.png,/home/tahiti/MARINE_DATASETS/FathomNet_FGVC2025/data/images/6122.png,6e1328abea3970ff94341d47140768ed413244522565f2625e83e2727e0f3191,c3a2df4a46a6f39efc973144bab9c60bc5ee44d6429e0ba30e100317c7264e49,6122,1,train,1
17830,6125,48,Ophiacanthidae,/home/tahiti/MARINE_DATASETS/FathomNet_FGVC2025/data/rois/6125_17830.png,/home/tahiti/MARINE_DATASETS/FathomNet_FGVC2025/data/images/6125.png,501cd93bcf294d4ebc1dd6db6ff9e73f7b247a8827d830cb3728995c16beae5b,daf20b40054dfbe33337ebc44408e499fc0e4ff475494f777f0191e1d1261e79,6125,0,train,0
17856,6131,4,Actinernus,/home/tahiti/MARINE_DATASETS/FathomNet_FGVC2025/data/rois/6131_17856.png,/home/tahiti/MARINE_DATASETS/FathomNet_FGVC2025/data/images/6131.png,f5566fc0a71a2a34f8d268f5b43fd6813191f75121a838aaa77be2410a8a549a,25ea01a372d9aab5e6cda4c17905d9a80170c682a7ee23706c269a4ba6ff1322,6131,2,train,2
17858,6131,4,Actinernus,/home/tahiti/MARINE_DATASETS/FathomNet_FGVC2025/data/rois/6131_17858.png,/home/tahiti/MARINE_DATASETS/FathomNet_FGVC2025/data/images/6131.png,1987af59da6bb34119006de00e6d284da400f47095e1eebd56fad10677dae673,25ea01a372d9aab5e6cda4c17905d9a80170c682a7ee23706c269a4ba6ff1322,6131,2,train,2
17866,6131,4,Actinernus,/home/tahiti/MARINE_DATASETS/FathomNet_FGVC2025/data/rois/6131_17866.png,/home/tahiti/MARINE_DATASETS/FathomNet_FGVC2025/data/images/6131.png,7fda427ae717d4d12b4be9ad2f6115c0cef3235cf7c0b17afa230a800bc43de1,25ea01a372d9aab5e6cda4c17905d9a80170c682a7ee23706c269a4ba6ff1322,6131,2,train,2
17867,6132,39,Lithodidae,/home/tahiti/MARINE_DATASETS/FathomNet_FGVC2025/data/rois/6132_17867.png,/home/tahiti/MARINE_DATASETS/FathomNet_FGVC2025/data/images/6132.png,b14a3b8c88287ddfc4e93b2c095560e2c5a8c70ac1f7670f2563771c8b28b557,3255bd1f14ba61c769c50c6c9b8435aaf665ff1e08ffa516ce77a90c34021ac8,6132,0,train,0
17885,6143,27,Heterocarpus,/home/tahiti/MARINE_DATASETS/FathomNet_FGVC2025/data/rois/6143_17885.png,/home/tahiti/MARINE_DATASETS/FathomNet_FGVC2025/data/images/6143.png,bf72c66544117399f3fd03b6e3f439b1b01ce6253626baad9ab45d9fa8c86dad,0c441a9b0cd423398951c8f0fa9f04e1400acfacf563f4b8031bd6d91232b020,6143,0,train,0
17895,6149,17,Chorilia longipes,/home/tahiti/MARINE_DATASETS/FathomNet_FGVC2025/data/rois/6149_17895.png,/home/tahiti/MARINE_DATASETS/FathomNet_FGVC2025/data/images/6149.png,c3e3a0608296de11ae9713b62940b9fcb0fb864e71448bc6c37d5d3f84593c75,c7d901fde13abf0882c69038d4a52896005643eecfc3a6649f2b457e03bc559d,6149,2,train,2
17918,6156,38,Liponema brevicorne,/home/tahiti/MARINE_DATASETS/FathomNet_FGVC2025/data/rois/6156_17918.png,/home/tahiti/MARINE_DATASETS/FathomNet_FGVC2025/data/images/6156.png,8cfa8b80cee8d1960c71f51ee50d573880afd4e81af64253c7de7edd833812ad,7d4112af6c8fae60e522f82ab673d57dd1fae15efd2bbaecd69b8ab5523f94b1,6156,0,train,0
17947,6170,40,Mediaster aequalis,/home/tahiti/MARINE_DATASETS/FathomNet_FGVC2025/data/rois/6170_17947.png,/home/tahiti/MARINE_DATASETS/FathomNet_FGVC2025/data/images/6170.png,01d2d63947a8092e588d6e433a7e0924fa52e9752aa42be09511cfe07824d43e,4a385bd93d9f7f9cfe3e5f7d494948bbe78c4e0afe96f1e32d88b90b8e2b8610,6170,4,train,4
17955,6176,75,Terebellidae,/home/tahiti/MARINE_DATASETS/FathomNet_FGVC2025/data/rois/6176_17955.png,/home/tahiti/MARINE_DATASETS/FathomNet_FGVC2025/data/images/6176.png,1dfa75abe71d72543f64358cd2c9454c1e7e289f3ba522c589e23f2b3a3361b5,4c8699fd49cbdd4ab26da53c92b1e03c91035c51eaaff3bf1f59a7a0a44e1fae,6176,4,train,4
18000,6188,32,Holothuroidea,/home/tahiti/MARINE_DATASETS/FathomNet_FGVC2025/data/rois/6188_18000.png,/home/tahiti/MARINE_DATASETS/FathomNet_FGVC2025/data/images/6188.png,0b47f25fc9185e8d47a8d28a36cccd20784b4c32343a952214c562a2a8ea13e7,74024d52ebbdae5621c795aa0c377c139c009ebe493062d7fe844ba7a779937b,6188,1,train,1
18024,6203,17,Chorilia longipes,/home/tahiti/MARINE_DATASETS/FathomNet_FGVC2025/data/rois/6203_18024.png,/home/tahiti/MARINE_DATASETS/FathomNet_FGVC2025/data/images/6203.png,f6f71ce07556befeed09ff5637cfbfdc53c0559f73f43f984b539fdcf215f848,a4a67098f703db2125d0ea83a917fdc380d6ea9f18a10c38c89e558fe13a9c02,6203,4,train,4
18026,6204,56,Paralomis multispina,/home/tahiti/MARINE_DATASETS/FathomNet_FGVC2025/data/rois/6204_18026.png,/home/tahiti/MARINE_DATASETS/FathomNet_FGVC2025/data/images/6204.png,4f6eaa3f5c3d5906b76ca694450dd54acb1dfa40f674b619c7168bd2a132303a,a904729b1f318a023bdd8d0a389b607d23c38c2fa1db295fcab95bd88e30d090,6204,5,train,5
18028,6204,56,Paralomis multispina,/home/tahiti/MARINE_DATASETS/FathomNet_FGVC2025/data/rois/6204_18028.png,/home/tahiti/MARINE_DATASETS/FathomNet_FGVC2025/data/images/6204.png,345b612965c5e6d06e7541057dda0225f220c315e6d0a9655fa3bd1ec6ea2505,a904729b1f318a023bdd8d0a389b607d23c38c2fa1db295fcab95bd88e30d090,6204,5,train,5
18029,6204,56,Paralomis multispina,/home/tahiti/MARINE_DATASETS/FathomNet_FGVC2025/data/rois/6204_18029.png,/home/tahiti/MARINE_DATASETS/FathomNet_FGVC2025/data/images/6204.png,53db634c4bd1223a74e96448a04035718a45b1b5b6ac0dd92988a42a62f7a426,a904729b1f318a023bdd8d0a389b607d23c38c2fa1db295fcab95bd88e30d090,6204,5,train,5
18054,6215,7,Amphipoda,/home/tahiti/MARINE_DATASETS/FathomNet_FGVC2025/data/rois/6215_18054.png,/home/tahiti/MARINE_DATASETS/FathomNet_FGVC2025/data/images/6215.png,4d6e7301d510c5ca32f0b4741426ac0e5c826aed468587ee402487ece4ef3edf,6ef4544a91a603d14877adbaf061d4bc7df44ae082832939601dfe4fd9004f95,6215,4,train,4
18086,6228,7,Amphipoda,/home/tahiti/MARINE_DATASETS/FathomNet_FGVC2025/data/rois/6228_18086.png,/home/tahiti/MARINE_DATASETS/FathomNet_FGVC2025/data/images/6228.png,7946eadd31d60cf989c7ee730e42992aa719a3c9664539f0943d607e2df6ceb4,ef5f6a7df4dbbbc0f12b45ec225e3aee111bdf98016f9bdf0486a7d99e3ddcfe,6228,0,train,0
18087,6228,7,Amphipoda,/home/tahiti/MARINE_DATASETS/FathomNet_FGVC2025/data/rois/6228_18087.png,/home/tahiti/MARINE_DATASETS/FathomNet_FGVC2025/data/images/6228.png,f5fd8f0119cc2aa6397c33f8eb7c9bb83ca6fff90b3aa4f26c09ea640d5bef2e,ef5f6a7df4dbbbc0f12b45ec225e3aee111bdf98016f9bdf0486a7d99e3ddcfe,6228,0,train,0
18097,6228,7,Amphipoda,/home/tahiti/MARINE_DATASETS/FathomNet_FGVC2025/data/rois/6228_18097.png,/home/tahiti/MARINE_DATASETS/FathomNet_FGVC2025/data/images/6228.png,57805cd8f453aa2860f74af5028ad9ddd175eba09799320605cc58652390f33f,ef5f6a7df4dbbbc0f12b45ec225e3aee111bdf98016f9bdf0486a7d99e3ddcfe,6228,0,train,0
18105,6229,54,Paragorgia,/home/tahiti/MARINE_DATASETS/FathomNet_FGVC2025/data/rois/6229_18105.png,/home/tahiti/MARINE_DATASETS/FathomNet_FGVC2025/data/images/6229.png,7e31ec4deef5b7c76e8623d8d8db4dc24027c8f8bb0a5e100d5e7b505e35577b,ff950cf6adeb21b1c124da81108cdd5ea6f733f01de98e5474fb32128aafd554,6229,1,train,1
18112,6232,20,Delectopecten,/home/tahiti/MARINE_DATASETS/FathomNet_FGVC2025/data/rois/6232_18112.png,/home/tahiti/MARINE_DATASETS/FathomNet_FGVC2025/data/images/6232.png,16d1682a6cc2d82b52511c17a409115687e23da5d92ba8968b9cee61cc4796cd,0b9fa2e669fc414f422181f388a73f0b0de18afb502be99b92bcf53e2f502891,6232,2,train,2
18117,6232,20,Delectopecten,/home/tahiti/MARINE_DATASETS/FathomNet_FGVC2025/data/rois/6232_18117.png,/home/tahiti/MARINE_DATASETS/FathomNet_FGVC2025/data/images/6232.png,d10ebc448c22a1dd59dec8de2fd8a0938ff313b4eca3fa2b30039137c4640260,0b9fa2e669fc414f422181f388a73f0b0de18afb502be99b92bcf53e2f502891,6232,2,train,2
18127,6232,20,Delectopecten,/home/tahiti/MARINE_DATASETS/FathomNet_FGVC2025/data/rois/6232_18127.png,/home/tahiti/MARINE_DATASETS/FathomNet_FGVC2025/data/images/6232.png,0abc69be49344c3e233a8b33448dce946336c64413ea15b7d93a95c44602ba56,0b9fa2e669fc414f422181f388a73f0b0de18afb502be99b92bcf53e2f502891,6232,2,train,2
18132,6232,20,Delectopecten,/home/tahiti/MARINE_DATASETS/FathomNet_FGVC2025/data/rois/6232_18132.png,/home/tahiti/MARINE_DATASETS/FathomNet_FGVC2025/data/images/6232.png,fb1c41e3757d6a1edf4195283a3ab02d04857fa7a017fa2a5f63d9c6ebe1684b,0b9fa2e669fc414f422181f388a73f0b0de18afb502be99b92bcf53e2f502891,6232,2,train,2
18137,6235,50,Paelopatides confundens,/home/tahiti/MARINE_DATASETS/FathomNet_FGVC2025/data/rois/6235_18137.png,/home/tahiti/MARINE_DATASETS/FathomNet_FGVC2025/data/images/6235.png,3ed58ebf4bbc18b4b9d890941774fb4948d94daa3c232abd064895fd6b602191,6bf158a4a0dd2f1f80d1cb474e571f420b8bfaced1e46ee98857433ee03b3e57,6235,0,train,0
18140,6238,57,Parastenella,/home/tahiti/MARINE_DATASETS/FathomNet_FGVC2025/data/rois/6238_18140.png,/home/tahiti/MARINE_DATASETS/FathomNet_FGVC2025/data/images/6238.png,0982a2b0c64f91e7cbaaff34ca03e864adb3445d8d37b3b1271c6bfac46a243e,0e345c2b9bf12ff1f7d7f51ee79ccc9c069fc23441cca5a3216fd4a059483055,6238,5,train,5
18143,6241,70,Sebastes diploproa,/home/tahiti/MARINE_DATASETS/FathomNet_FGVC2025/data/rois/6241_18143.png,/home/tahiti/MARINE_DATASETS/FathomNet_FGVC2025/data/images/6241.png,07c30a8ecca7c7ca9e3dd640a311918a4a81677ba8258865bafec9a2ed59dc0f,cba76df7a2b8654d243d1adb12226ac4dd289e893da9c1cfba9fa56aad0e54a3,6241,0,train,0
18153,6245,57,Parastenella,/home/tahiti/MARINE_DATASETS/FathomNet_FGVC2025/data/rois/6245_18153.png,/home/tahiti/MARINE_DATASETS/FathomNet_FGVC2025/data/images/6245.png,201291eaf3eb016f46c41eee60312973f0628a444208ee3ae605c57be25a4087,7b2104ffeb9455b3d4dc3495599680bfdd39a36d5d31db29f1fc57a2a0e431d5,6245,4,train,4
18170,6255,51,Pandalus amplus,/home/tahiti/MARINE_DATASETS/FathomNet_FGVC2025/data/rois/6255_18170.png,/home/tahiti/MARINE_DATASETS/FathomNet_FGVC2025/data/images/6255.png,846c1ba1a42a3941158a4671bef3be5979db03947e86bc1e02bb59ecded2b687,694c4a974fd92528b923a1abb43962cad1f73364664b9735a76993176f68fe74,6255,1,train,1
18177,6260,13,Brisingida,/home/tahiti/MARINE_DATASETS/FathomNet_FGVC2025/data/rois/6260_18177.png,/home/tahiti/MARINE_DATASETS/FathomNet_FGVC2025/data/images/6260.png,15f66e858c40c1fea85ea323832040082e62c3a48641babf83282861f8dd4bd8,9f7bb784d2d017f2f111abdb67523f3b8b0fd9a6211ce35470bc1c3b86effa66,6260,2,train,2
18184,6264,12,Benthocodon pedunculata,/home/tahiti/MARINE_DATASETS/FathomNet_FGVC2025/data/rois/6264_18184.png,/home/tahiti/MARINE_DATASETS/FathomNet_FGVC2025/data/images/6264.png,12a3d373fb55728c1f2aeee536039659f9c06c3da102a7d06bdb6f9b58b26831,fd49c7582d6e811cd7e0833faf978c443cf99bbef5322f65074bd1fec26f47ff,6264,0,train,0
18185,6264,12,Benthocodon pedunculata,/home/tahiti/MARINE_DATASETS/FathomNet_FGVC2025/data/rois/6264_18185.png,/home/tahiti/MARINE_DATASETS/FathomNet_FGVC2025/data/images/6264.png,fc6b061ad0c915968b2eb97d21613f0426a661440c2c15ad9a610b289f562904,fd49c7582d6e811cd7e0833faf978c443cf99bbef5322f65074bd1fec26f47ff,6264,0,train,0
18202,6275,2,Acanthascinae,/home/tahiti/MARINE_DATASETS/FathomNet_FGVC2025/data/rois/6275_18202.png,/home/tahiti/MARINE_DATASETS/FathomNet_FGVC2025/data/images/6275.png,2868bd5ad73dd20a125deb5b3346fa21f3ab2fbff80029ba40bdabd35cd19ca1,be7a7a7f4ac254579b5f943d8aacf59a83c41634a1373054979fce74a760021e,6275,0,train,0
18204,6276,51,Pandalus amplus,/home/tahiti/MARINE_DATASETS/FathomNet_FGVC2025/data/rois/6276_18204.png,/home/tahiti/MARINE_DATASETS/FathomNet_FGVC2025/data/images/6276.png,11e4c333e6b373f6a1a6fe159f331af70d5296e30e43781df37ff7a0deaac2d3,43293e7a1d42ff49ce82f9da3dfaaa5a5f2207a02e3cc40335fbf10ac88f42c9,6276,5,train,5
18207,6277,15,Ceriantharia,/home/tahiti/MARINE_DATASETS/FathomNet_FGVC2025/data/rois/6277_18207.png,/home/tahiti/MARINE_DATASETS/FathomNet_FGVC2025/data/images/6277.png,f7fbc79c32cddd7e57ec0a5cdadbe84d053fa9d2126b1ad85b113895e15786ca,a3384c249c3ae848f9adff1a25a9661c0578e1cd08d64419d6df4020278070f5,6277,0,train,0
18209,6279,46,Mycale,/home/tahiti/MARINE_DATASETS/FathomNet_FGVC2025/data/rois/6279_18209.png,/home/tahiti/MARINE_DATASETS/FathomNet_FGVC2025/data/images/6279.png,2d7a8d867090149cc79176140a6cd50d5a14c9545f8c12cacca24ca8e75a4db8,91bef5eab00dc237756675e51819ee50e78e236c514ce9c2c0f30eb1b1876ff3,6279,2,train,2
18231,6294,64,Pyrosoma atlanticum,/home/tahiti/MARINE_DATASETS/FathomNet_FGVC2025/data/rois/6294_18231.png,/home/tahiti/MARINE_DATASETS/FathomNet_FGVC2025/data/images/6294.png,650d7c82e52cb83e0aa630929bf05d7f7b286025ff9f07b190a57e5bba51058b,042247d63ff9cf3663724c8886b911df8af30064e997dfb17a827429a868e5e2,6294,2,train,2
18238,6295,34,Isidella tentaculum,/home/tahiti/MARINE_DATASETS/FathomNet_FGVC2025/data/rois/6295_18238.png,/home/tahiti/MARINE_DATASETS/FathomNet_FGVC2025/data/images/6295.png,1f47c46c92331e30b071fdf771ac0df32106d29a2e0e416e26ceda8a3d87034d,0449dbae495ee0f76b5e29496edd43184e8a88c3c6282968adb0000bb67b0aa2,6295,0,train,0
18247,6300,31,Hippasteria,/home/tahiti/MARINE_DATASETS/FathomNet_FGVC2025/data/rois/6300_18247.png,/home/tahiti/MARINE_DATASETS/FathomNet_FGVC2025/data/images/6300.png,2fa0fd3778a25c21a100d7d7f70ccd8495405f17899bfaa86b0972b201807a05,c4334ca5092090fa003d367c2c243694c8268ad9e9dc0002b33488d9b786e5ac,6300,5,train,5
18268,6302,26,Gersemia juliepackardae,/home/tahiti/MARINE_DATASETS/FathomNet_FGVC2025/data/rois/6302_18268.png,/home/tahiti/MARINE_DATASETS/FathomNet_FGVC2025/data/images/6302.png,715fe639e281f0b01b5367059a01daf9b0c1d4864d874467a049561e9c1ad113,15ff88b171e61a731808e81151a3b01abe50a2568ea807a53122640137a4f09d,6302,2,train,2
18271,6302,26,Gersemia juliepackardae,/home/tahiti/MARINE_DATASETS/FathomNet_FGVC2025/data/rois/6302_18271.png,/home/tahiti/MARINE_DATASETS/FathomNet_FGVC2025/data/images/6302.png,607bfc08d4a76214f52ef446d9bc6a815e80aae1d7727f407a3a37f9d8eb6869,15ff88b171e61a731808e81151a3b01abe50a2568ea807a53122640137a4f09d,6302,2,train,2
18312,6322,33,Hormathiidae,/home/tahiti/MARINE_DATASETS/FathomNet_FGVC2025/data/rois/6322_18312.png,/home/tahiti/MARINE_DATASETS/FathomNet_FGVC2025/data/images/6322.png,8779582225a657bc4307f5adabb77ec0257e48ae18f7dfd4801d4c3df2e2b0aa,b92f196a68fc33531ca534cf9578f87f4e556255379b5572b8dcd29013eb459e,6322,0,train,0
18341,6337,7,Amphipoda,/home/tahiti/MARINE_DATASETS/FathomNet_FGVC2025/data/rois/6337_18341.png,/home/tahiti/MARINE_DATASETS/FathomNet_FGVC2025/data/images/6337.png,ace55fdecd455acd288680b6c62254de2cc470906c4ba4c34747965a1d2f4e30,1996d67cbc02f23c9f7b208f9da04deacdab6151979eeb4f49705ccc660d8642,6337,2,train,2
18349,6341,23,Florometra serratissima,/home/tahiti/MARINE_DATASETS/FathomNet_FGVC2025/data/rois/6341_18349.png,/home/tahiti/MARINE_DATASETS/FathomNet_FGVC2025/data/images/6341.png,0cabc1aa00c6a1cebfb4c35fd874205ad50c55ab781509c01bbd38e51b8251e9,8ec241d7c8a3fdfa4efc3717352c2d81765f469fdf996d527b6707af31769e12,6341,1,train,1
18352,6343,14,Caridea,/home/tahiti/MARINE_DATASETS/FathomNet_FGVC2025/data/rois/6343_18352.png,/home/tahiti/MARINE_DATASETS/FathomNet_FGVC2025/data/images/6343.png,240f93331e770fc28d977a254631c2c12921a0811603d3ab89e6902a448677bd,b3e29840282eef9a1669ab6cc134c02986f05567564d4e2f628c172ba68480f9,6343,2,train,2
18356,6345,32,Holothuroidea,/home/tahiti/MARINE_DATASETS/FathomNet_FGVC2025/data/rois/6345_18356.png,/home/tahiti/MARINE_DATASETS/FathomNet_FGVC2025/data/images/6345.png,80b2acd4f918b9c002b2301689a209f72ccb8acaa7f4c0e7536602e5830cb3c3,ff677a096b3182ef2860258b1d75abb2257426fe4d8dbd6a2697f72d4f0aefc6,6345,4,train,4
18376,6359,50,Paelopatides confundens,/home/tahiti/MARINE_DATASETS/FathomNet_FGVC2025/data/rois/6359_18376.png,/home/tahiti/MARINE_DATASETS/FathomNet_FGVC2025/data/images/6359.png,a94cd7699f126ef5e3f6f2f272023ef49794d0ff8efe9e9948eea71ec30620d6,38696f249f67048973c18991013aebce053c512638fef4cbced80fcb793795a7,6359,2,train,2
18385,6364,9,Asbestopluma,/home/tahiti/MARINE_DATASETS/FathomNet_FGVC2025/data/rois/6364_18385.png,/home/tahiti/MARINE_DATASETS/FathomNet_FGVC2025/data/images/6364.png,a954d236e4b61a8cd288dfbc248cbf50c6c8699e474ebcd07fd4bfc104aeda28,9f055de870ec9401eabbceaf46e04a10953696226e2e628f67840c56406c5919,6364,5,train,5
18414,6378,33,Hormathiidae,/home/tahiti/MARINE_DATASETS/FathomNet_FGVC2025/data/rois/6378_18414.png,/home/tahiti/MARINE_DATASETS/FathomNet_FGVC2025/data/images/6378.png,9a9c05519f25b8d02b6a700fde0c82b460f1d75579337dd728117c4b3f659cbf,9c39ba766d098ab1ef599c5433c67024fd22b0d564f10f70c368a53f2c76e76c,6378,4,train,4
18415,6379,15,Ceriantharia,/home/tahiti/MARINE_DATASETS/FathomNet_FGVC2025/data/rois/6379_18415.png,/home/tahiti/MARINE_DATASETS/FathomNet_FGVC2025/data/images/6379.png,802b2e527834ad1612dd18f8855ef2a2f408980130905a0146cf0efb404ea58f,71440398d9835a529cee5acd8f61e5b6808a6df1973fa4394687f2b0656965d0,6379,5,train,5
18421,6384,78,Vesicomyidae,/home/tahiti/MARINE_DATASETS/FathomNet_FGVC2025/data/rois/6384_18421.png,/home/tahiti/MARINE_DATASETS/FathomNet_FGVC2025/data/images/6384.png,e97ede1defeaf5cd5dff43309307ee91b6ae73d3c71d04eb1f9b132265f43c55,563a21a3edd409f7735758541c1a215bb3384a07ffe8895ef92fa5b3f339c3bd,6384,4,train,4
18422,6384,78,Vesicomyidae,/home/tahiti/MARINE_DATASETS/FathomNet_FGVC2025/data/rois/6384_18422.png,/home/tahiti/MARINE_DATASETS/FathomNet_FGVC2025/data/images/6384.png,b4c75ad4bf1d06a96b56b1b3ac5c40cbf609d7a0aca5df7bb50f9ca18c571204,563a21a3edd409f7735758541c1a215bb3384a07ffe8895ef92fa5b3f339c3bd,6384,4,train,4
18438,6393,70,Sebastes diploproa,/home/tahiti/MARINE_DATASETS/FathomNet_FGVC2025/data/rois/6393_18438.png,/home/tahiti/MARINE_DATASETS/FathomNet_FGVC2025/data/images/6393.png,e288d5e44fdf17d38aee59dc13ed0312bdab5f570a21c7ead414fdac872663ca,a2c01377e4ea05e456ec0e967b6a084859e92a7d476a806ca1c6dd59835904d0,6393,5,train,5
18448,6393,70,Sebastes diploproa,/home/tahiti/MARINE_DATASETS/FathomNet_FGVC2025/data/rois/6393_18448.png,/home/tahiti/MARINE_DATASETS/FathomNet_FGVC2025/data/images/6393.png,2245ade72fcedcf7fbe6ff660eb63b7968211849a3c3a19a6c6d87ba881a4909,a2c01377e4ea05e456ec0e967b6a084859e92a7d476a806ca1c6dd59835904d0,6393,5,train,5
18449,6393,69,Sebastes,/home/tahiti/MARINE_DATASETS/FathomNet_FGVC2025/data/rois/6393_18449.png,/home/tahiti/MARINE_DATASETS/FathomNet_FGVC2025/data/images/6393.png,9956c645d666fe71fcc387711806712d70ba6c3a38c375108c88336c59fe5027,a2c01377e4ea05e456ec0e967b6a084859e92a7d476a806ca1c6dd59835904d0,6393,5,train,5
18482,6405,14,Caridea,/home/tahiti/MARINE_DATASETS/FathomNet_FGVC2025/data/rois/6405_18482.png,/home/tahiti/MARINE_DATASETS/FathomNet_FGVC2025/data/images/6405.png,ec0db4666e975435fdaab0d50bdf72680d0c819cb98cace0f960f86b8707fe1f,0cc68e57f61900525c21bd19cb32bb37cfa2def7867da13460d18788fb16f7d8,6405,5,train,5
18485,6407,48,Ophiacanthidae,/home/tahiti/MARINE_DATASETS/FathomNet_FGVC2025/data/rois/6407_18485.png,/home/tahiti/MARINE_DATASETS/FathomNet_FGVC2025/data/images/6407.png,726c54953a2992ed63b57cea103295510b4bbc86c652c861beddf8c4f4dc0f0f,4a946c75d5dfa47b7791af1bc5dd82fbe102dd7ab5fce7debd4cd14fafac2002,6407,2,train,2
18517,6423,43,Microstomus pacificus,/home/tahiti/MARINE_DATASETS/FathomNet_FGVC2025/data/rois/6423_18517.png,/home/tahiti/MARINE_DATASETS/FathomNet_FGVC2025/data/images/6423.png,aa9faf9decebc10bd118d2129132dade2b5d59285804639f92dd449e32b04265,9e5cb62e0c8aab481d2ef6366663f4fd44426d4156603442704e1f36b835b059,6423,1,train,1
18518,6424,33,Hormathiidae,/home/tahiti/MARINE_DATASETS/FathomNet_FGVC2025/data/rois/6424_18518.png,/home/tahiti/MARINE_DATASETS/FathomNet_FGVC2025/data/images/6424.png,e240bf38aa26e82f103d1b05b6c0a7fec2c541da10065dc73fbf50638e358ec1,bea0cc51da3b89a81bda006e4a0a68e447ee0c59a66efe180da064bcfc92afef,6424,2,train,2
18546,6441,3,Acanthoptilum,/home/tahiti/MARINE_DATASETS/FathomNet_FGVC2025/data/rois/6441_18546.png,/home/tahiti/MARINE_DATASETS/FathomNet_FGVC2025/data/images/6441.png,b39d1f1f71a7fb45ed0a7ee7505a0f7bf24a55d9bf0f9e3c85100a731d6e2ab7,d36de67a98b34fd5482d72c4a3bbc4841909dbd82e2bc1f8d39f771d3c3bbb97,6441,0,train,0
18587,6456,14,Caridea,/home/tahiti/MARINE_DATASETS/FathomNet_FGVC2025/data/rois/6456_18587.png,/home/tahiti/MARINE_DATASETS/FathomNet_FGVC2025/data/images/6456.png,73d32326dcffcced28afb6a932f604167ac4984196d02a522e239d09bb5ff907,c5a25526973e3c782d2cf319d84992acdb7a05255d6fd961652854ae94814cb2,6456,1,train,1
18610,6471,33,Hormathiidae,/home/tahiti/MARINE_DATASETS/FathomNet_FGVC2025/data/rois/6471_18610.png,/home/tahiti/MARINE_DATASETS/FathomNet_FGVC2025/data/images/6471.png,87466f147d80e745a8356753c325febcf0cdef61a47068cc94edc32e6ae86e01,bc922f635ad6d42ac3f89671ab0115606c6f3cbd6de5251c483b090ec019f7fd,6471,4,train,4
18614,6473,21,Elpidia,/home/tahiti/MARINE_DATASETS/FathomNet_FGVC2025/data/rois/6473_18614.png,/home/tahiti/MARINE_DATASETS/FathomNet_FGVC2025/data/images/6473.png,3863ddfb8ca737bccffbce665a3e74e1da0d0d8deb01701111cd799e449eac5a,413301a0d959e6232df468c14729d893fd17e2338881009d9b5f567ba79f936f,6473,1,train,1
18623,6475,66,Scleractinia,/home/tahiti/MARINE_DATASETS/FathomNet_FGVC2025/data/rois/6475_18623.png,/home/tahiti/MARINE_DATASETS/FathomNet_FGVC2025/data/images/6475.png,eb6381bd3951d2072e7af4e83112b372ea6d638d0654145ca2d965d74d30c321,ecd381b8cf52c2253e39f832e74d77a71544b77f364d7ce1862e3e52b956dcc4,6475,5,train,5
18630,6478,4,Actinernus,/home/tahiti/MARINE_DATASETS/FathomNet_FGVC2025/data/rois/6478_18630.png,/home/tahiti/MARINE_DATASETS/FathomNet_FGVC2025/data/images/6478.png,e81118c26603bbdf449e96139626ea53caefc0cb9f5022682dff4f0fea919f7a,fd8635cd184a15a6399170db4188a3a0886dffe80445081f99f548ebf148829b,6478,0,train,0
18633,6480,33,Hormathiidae,/home/tahiti/MARINE_DATASETS/FathomNet_FGVC2025/data/rois/6480_18633.png,/home/tahiti/MARINE_DATASETS/FathomNet_FGVC2025/data/images/6480.png,8e9f277a0a9a35cf86a4ef20d7e5e7a75d45f65f37830cd7e5a6774dca5c7f89,9a539df31087ea9bbe1701365d45a47b80f6d24ee987878a53a3f1ed08f92fad,6480,2,train,2
18702,6515,33,Hormathiidae,/home/tahiti/MARINE_DATASETS/FathomNet_FGVC2025/data/rois/6515_18702.png,/home/tahiti/MARINE_DATASETS/FathomNet_FGVC2025/data/images/6515.png,373055d3d9acb45317e5bd879ed4a379d89f8713f30dc9f37e1f910e33fe5436,4d4832716921b39cc2bb02e721507e2de3b3917ee9fb92a1e9b07fe8afe30c71,6515,2,train,2
18705,6515,20,Delectopecten,/home/tahiti/MARINE_DATASETS/FathomNet_FGVC2025/data/rois/6515_18705.png,/home/tahiti/MARINE_DATASETS/FathomNet_FGVC2025/data/images/6515.png,276655ce012c6f59c654adc38bcdb1b701b293a7952c924291899060b4fbea85,4d4832716921b39cc2bb02e721507e2de3b3917ee9fb92a1e9b07fe8afe30c71,6515,2,train,2
18731,6533,2,Acanthascinae,/home/tahiti/MARINE_DATASETS/FathomNet_FGVC2025/data/rois/6533_18731.png,/home/tahiti/MARINE_DATASETS/FathomNet_FGVC2025/data/images/6533.png,79d91a08c21225b93d830a31e9d797b0e1ae320fa61d7ab449528f0d40f33d26,7ee076a36c5ad78dc34e5b281ec8bf77b627b55bc1f5f78f03338bacaea8e26d,6533,1,train,1
18751,6545,4,Actinernus,/home/tahiti/MARINE_DATASETS/FathomNet_FGVC2025/data/rois/6545_18751.png,/home/tahiti/MARINE_DATASETS/FathomNet_FGVC2025/data/images/6545.png,1f68b4f93d451d87366c441b8bbe870b351a6cb739ca37ef4d7c562aa21c5b1d,6333d3752830014de19a2b8006e94fd497b74dc0116c697103f2c2d6bf8d7b92,6545,5,train,5
18757,6549,33,Hormathiidae,/home/tahiti/MARINE_DATASETS/FathomNet_FGVC2025/data/rois/6549_18757.png,/home/tahiti/MARINE_DATASETS/FathomNet_FGVC2025/data/images/6549.png,dfce32867cd65bbdff9a4fc798ef99889085722ca845bfb4f50d2c5d5fa1e958,4c9d1c1d6a936526df122be9172c017e12dbe1ba158354c2ed24d76306fd8b38,6549,0,train,0
18804,6575,51,Pandalus amplus,/home/tahiti/MARINE_DATASETS/FathomNet_FGVC2025/data/rois/6575_18804.png,/home/tahiti/MARINE_DATASETS/FathomNet_FGVC2025/data/images/6575.png,2935af00cf741579b611ebba8d3fcd1a4455caacefdca74d814e9e03af3ccf5e,9d201ff63ad14a2f7dd847084064dab5fdcfec8460ea7099fce4505fbe1f8596,6575,2,train,2
18818,6584,20,Delectopecten,/home/tahiti/MARINE_DATASETS/FathomNet_FGVC2025/data/rois/6584_18818.png,/home/tahiti/MARINE_DATASETS/FathomNet_FGVC2025/data/images/6584.png,d138cb7b709819e36f658a15c3a3b6a23a99f158216cfe42db293c0701edf339,9eeb76a2dd088b2bd7e49dc1e292221884affa85fa47360438d8f05bf7341efd,6584,2,train,2
18819,6584,20,Delectopecten,/home/tahiti/MARINE_DATASETS/FathomNet_FGVC2025/data/rois/6584_18819.png,/home/tahiti/MARINE_DATASETS/FathomNet_FGVC2025/data/images/6584.png,fb5d85cd5f6ba0ed63a2159e6ad6cf2c8c558de28fe82d50c4947609745d1964,9eeb76a2dd088b2bd7e49dc1e292221884affa85fa47360438d8f05bf7341efd,6584,2,train,2
18821,6585,43,Microstomus pacificus,/home/tahiti/MARINE_DATASETS/FathomNet_FGVC2025/data/rois/6585_18821.png,/home/tahiti/MARINE_DATASETS/FathomNet_FGVC2025/data/images/6585.png,3bc7db492485b689cc894d7303c253c8d1d328473fc24a69fb0373fd30ebd51d,23963c916c6a5cf418b149e2047661fe8afc811a0ce6c06d6b371eb46d44bd4c,6585,2,train,2
18849,6599,4,Actinernus,/home/tahiti/MARINE_DATASETS/FathomNet_FGVC2025/data/rois/6599_18849.png,/home/tahiti/MARINE_DATASETS/FathomNet_FGVC2025/data/images/6599.png,cb598c5c0108adbbd255743cdbe1c741bfd447a8d5a0e97b6c14060221383372,d9614f1edcb71c7eb86794995ee2c9f26eb8c501b91b30a1e1c372b63b6d09a7,6599,5,train,5
18855,6601,34,Isidella tentaculum,/home/tahiti/MARINE_DATASETS/FathomNet_FGVC2025/data/rois/6601_18855.png,/home/tahiti/MARINE_DATASETS/FathomNet_FGVC2025/data/images/6601.png,f8c29cfd6c83232b1c9ec6ecbace066db444de44f2de0234b50eb4d7fe0b9f8c,a7adc6dc167b52a02fe94266b70f65c71c8bd33f58fba9a48943795057ba770d,6601,4,train,4
18857,6602,17,Chorilia longipes,/home/tahiti/MARINE_DATASETS/FathomNet_FGVC2025/data/rois/6602_18857.png,/home/tahiti/MARINE_DATASETS/FathomNet_FGVC2025/data/images/6602.png,c418119904cd247b4e5cbc783fae9e22f6bb0d6b64153c8efe8196040e150cb3,d0d61d1a4a34bbd4856013c2645ff0b895bd91bbad081619ed0bc18e42089ed4,6602,0,train,0
18860,6604,9,Asbestopluma,/home/tahiti/MARINE_DATASETS/FathomNet_FGVC2025/data/rois/6604_18860.png,/home/tahiti/MARINE_DATASETS/FathomNet_FGVC2025/data/images/6604.png,ded19b320862576fb4cf1a061fd663f0025e1d847b75e5707c2b964109243e00,d4de957aaf6126fb691e35a66e8d1d456aef35459a98f1caf70d38cfd5411d34,6604,5,train,5
18866,6607,75,Terebellidae,/home/tahiti/MARINE_DATASETS/FathomNet_FGVC2025/data/rois/6607_18866.png,/home/tahiti/MARINE_DATASETS/FathomNet_FGVC2025/data/images/6607.png,3728e11f4c3493db96950ed1f9d4d70e7dd3beb8e35a5e1c0553fc9a9a6a4e23,297c09b96ab9c1dec2240c02b35212b5ba1b2d849e397dabb3b352b52105e89a,6607,1,train,1
18869,6609,34,Isidella tentaculum,/home/tahiti/MARINE_DATASETS/FathomNet_FGVC2025/data/rois/6609_18869.png,/home/tahiti/MARINE_DATASETS/FathomNet_FGVC2025/data/images/6609.png,65fb8fdd56cd859178bb084e8094af316a2283ddf7e6830af1906485bf1c3ce8,bbfcc8dc6674457e4bf3df45b2424bc0b3a0652d02cf406b3c1424ac9202f6e8,6609,1,train,1
18872,6612,31,Hippasteria,/home/tahiti/MARINE_DATASETS/FathomNet_FGVC2025/data/rois/6612_18872.png,/home/tahiti/MARINE_DATASETS/FathomNet_FGVC2025/data/images/6612.png,d7bd90484ec3a152dd5bfc9a2ab7d4f3dc09ee211d75e42d51c447e69593be86,f142d26ed4d8d395c2e3bb81b337a7e5a943787df25bb321e7ea8dd3badfe114,6612,4,train,4
18892,6623,15,Ceriantharia,/home/tahiti/MARINE_DATASETS/FathomNet_FGVC2025/data/rois/6623_18892.png,/home/tahiti/MARINE_DATASETS/FathomNet_FGVC2025/data/images/6623.png,7705d3a427d7e568e0337c25e980f3219af10e4eadc7b9063943d8b17a90d518,4c43815b7fd0b24519a07820d3612c7cd878cebd270e7fb3b347154c321c87f7,6623,4,train,4
18898,6626,78,Vesicomyidae,/home/tahiti/MARINE_DATASETS/FathomNet_FGVC2025/data/rois/6626_18898.png,/home/tahiti/MARINE_DATASETS/FathomNet_FGVC2025/data/images/6626.png,488b3d02860255aea3d98e88e99f43f471e9ac7f55a289e304383bc0c55d3833,bff05d123a2a6f482603ee9c3c5a6e869910a35bfb69063cc0a6e99880fd6c10,6626,5,train,5
18956,6648,21,Elpidia,/home/tahiti/MARINE_DATASETS/FathomNet_FGVC2025/data/rois/6648_18956.png,/home/tahiti/MARINE_DATASETS/FathomNet_FGVC2025/data/images/6648.png,a01d341b42efab7c491f18af69de9c3d0f6cb1684b6359d0a3c8de6a3f8b9122,1b41a51d353bf4fba0f931fb96f3b94c6afa6a7c01620af5ddad5543a10d6a6f,6648,4,train,4
18970,6659,15,Ceriantharia,/home/tahiti/MARINE_DATASETS/FathomNet_FGVC2025/data/rois/6659_18970.png,/home/tahiti/MARINE_DATASETS/FathomNet_FGVC2025/data/images/6659.png,989ddcf6dceae290e68c864e21a98f7dc155d5a473176ad744d175bbe05612f4,66eb1ca629b6449fd81de96b96bea3848008e894d3a0007d233d68a8703519a1,6659,2,train,2
18979,6663,7,Amphipoda,/home/tahiti/MARINE_DATASETS/FathomNet_FGVC2025/data/rois/6663_18979.png,/home/tahiti/MARINE_DATASETS/FathomNet_FGVC2025/data/images/6663.png,a459591f7ad2bd95959a2263cead0e3341e7145bb85887ff5f9643f553cd62fb,ef0c0f838d7a032406bd452d465bac014741f3a60839eb6398824c0fd03b413c,6663,1,train,1
18986,6665,50,Paelopatides confundens,/home/tahiti/MARINE_DATASETS/FathomNet_FGVC2025/data/rois/6665_18986.png,/home/tahiti/MARINE_DATASETS/FathomNet_FGVC2025/data/images/6665.png,5620061473ef9981dd1c54662615beb0e2e875a0e9e22202fa2eb3377628c788,250fe6b9c92deedb73b7b54dfa18e22252ce63ae2063a3f99cd5696972ba1bf3,6665,1,train,1
18987,6666,4,Actinernus,/home/tahiti/MARINE_DATASETS/FathomNet_FGVC2025/data/rois/6666_18987.png,/home/tahiti/MARINE_DATASETS/FathomNet_FGVC2025/data/images/6666.png,c8e90f9ce296c61d029432f737c4fe9785b75e3206fc61bfc641689c4007d1de,e944016b041315136d069460a6159301c7991b8ab9b1efc87194ff3c86e86e41,6666,0,train,0
18990,6669,4,Actinernus,/home/tahiti/MARINE_DATASETS/FathomNet_FGVC2025/data/rois/6669_18990.png,/home/tahiti/MARINE_DATASETS/FathomNet_FGVC2025/data/images/6669.png,72a3c212dbfc798e8c60ada76790643986bb5c75f949116f81474c3583087626,780d8b624b6b95c41e72cf4985caf93d1798a64b071ba04d904b0c0217c0bf32,6669,2,train,2
18997,6669,4,Actinernus,/home/tahiti/MARINE_DATASETS/FathomNet_FGVC2025/data/rois/6669_18997.png,/home/tahiti/MARINE_DATASETS/FathomNet_FGVC2025/data/images/6669.png,c514ddaf57a8b96fc4fac917b7c064961bfb888eed1ddf60f17bbd1ed9cb57dd,780d8b624b6b95c41e72cf4985caf93d1798a64b071ba04d904b0c0217c0bf32,6669,2,train,2
18998,6669,4,Actinernus,/home/tahiti/MARINE_DATASETS/FathomNet_FGVC2025/data/rois/6669_18998.png,/home/tahiti/MARINE_DATASETS/FathomNet_FGVC2025/data/images/6669.png,dd08e999d5996a93fedf3412e54d39476e30b93df674fa017949a63b8e63ebd3,780d8b624b6b95c41e72cf4985caf93d1798a64b071ba04d904b0c0217c0bf32,6669,2,train,2
19008,6671,64,Pyrosoma atlanticum,/home/tahiti/MARINE_DATASETS/FathomNet_FGVC2025/data/rois/6671_19008.png,/home/tahiti/MARINE_DATASETS/FathomNet_FGVC2025/data/images/6671.png,981ffeeabd44beca57735883cf2e06af8250bbb3ca44f2ad8c341d8a9ff93261,740c8e10ea8268f2cdbba4819cccbaaa863af7ffbc75c970d36b795d9e1ae102,6671,1,train,1
19016,6672,15,Ceriantharia,/home/tahiti/MARINE_DATASETS/FathomNet_FGVC2025/data/rois/6672_19016.png,/home/tahiti/MARINE_DATASETS/FathomNet_FGVC2025/data/images/6672.png,0194ba8b905a5b119496f9f9837621cab94d17cd4c18c3524665747a796c3f9d,77565ae89f5e0dfaf2ece1dfac1111e30be023589582dc033434771990254fe9,6672,0,train,0
19065,6698,40,Mediaster aequalis,/home/tahiti/MARINE_DATASETS/FathomNet_FGVC2025/data/rois/6698_19065.png,/home/tahiti/MARINE_DATASETS/FathomNet_FGVC2025/data/images/6698.png,4e35237ded16cc2b1cfe69cbbf1f52daa5244c492055e1221ab5b114ee73a3b2,f35010aed486aaf23b50336947f764a1a64d19bddc5aa150c45dda7856256c7a,6698,4,train,4
19067,6698,40,Mediaster aequalis,/home/tahiti/MARINE_DATASETS/FathomNet_FGVC2025/data/rois/6698_19067.png,/home/tahiti/MARINE_DATASETS/FathomNet_FGVC2025/data/images/6698.png,e45065c84e2721b76e54c65695a75d0351ab271c186f91f9ab149eb66caaee0b,f35010aed486aaf23b50336947f764a1a64d19bddc5aa150c45dda7856256c7a,6698,4,train,4
19079,6699,52,Pandalus platyceros,/home/tahiti/MARINE_DATASETS/FathomNet_FGVC2025/data/rois/6699_19079.png,/home/tahiti/MARINE_DATASETS/FathomNet_FGVC2025/data/images/6699.png,8ff7be195511d7f900a10a57402d53901ea034f305ed890b0d934cfb734a065a,7945c3681350e88945a057f23e0bca5484382e5afc3951d4572f79b56bb90826,6699,4,train,4
19098,6703,7,Amphipoda,/home/tahiti/MARINE_DATASETS/FathomNet_FGVC2025/data/rois/6703_19098.png,/home/tahiti/MARINE_DATASETS/FathomNet_FGVC2025/data/images/6703.png,a7296a529f6a9f20584048e7625ad82d959854ba1a27be6cf27f5418f9c88b7d,83310761a6871945c2cf33095c88438e6d57210755fd626a55560caaaa26b032,6703,2,train,2
19108,6706,34,Isidella tentaculum,/home/tahiti/MARINE_DATASETS/FathomNet_FGVC2025/data/rois/6706_19108.png,/home/tahiti/MARINE_DATASETS/FathomNet_FGVC2025/data/images/6706.png,f96cd436f2f9c76573e281df95b3eab46ed08020aa642e50ccb2673ef975f746,785ba59943acef20ab8f2ae245b31ba2b5ae11f122bf6d09f0781f64199a501d,6706,4,train,4
19113,6711,50,Paelopatides confundens,/home/tahiti/MARINE_DATASETS/FathomNet_FGVC2025/data/rois/6711_19113.png,/home/tahiti/MARINE_DATASETS/FathomNet_FGVC2025/data/images/6711.png,fb4bdf730cb24080accbbadefcbb43f3acf5b7adf778f343f8831b3f9dc148c0,968f98b9659d42eeb42461ad45972fc933c79c0cd86bba474e67cb902fb48951,6711,5,train,5
19119,6715,69,Sebastes,/home/tahiti/MARINE_DATASETS/FathomNet_FGVC2025/data/rois/6715_19119.png,/home/tahiti/MARINE_DATASETS/FathomNet_FGVC2025/data/images/6715.png,f5516dcf2cb1252cef3b83a76ec914441fa49c768111603caf08473ce983e9d2,5e22c4dcd298a704ffc2c83b0572b92e6ae7c5166a3299f336005f4f322202d0,6715,2,train,2
19125,6720,52,Pandalus platyceros,/home/tahiti/MARINE_DATASETS/FathomNet_FGVC2025/data/rois/6720_19125.png,/home/tahiti/MARINE_DATASETS/FathomNet_FGVC2025/data/images/6720.png,dc37bcef189882704d8c3b669bbd4e5ef5879a71dcf971d2c4e17c6f1e8260ee,cf0bb8aedeb273a7220c58c6d4822449e6a4532e51d21391cd27dea84fb80ece,6720,0,train,0
19139,6726,48,Ophiacanthidae,/home/tahiti/MARINE_DATASETS/FathomNet_FGVC2025/data/rois/6726_19139.png,/home/tahiti/MARINE_DATASETS/FathomNet_FGVC2025/data/images/6726.png,7292700c4c1fd2c3663a6fa1514ab6f05cfc078e35ef08f005184dff88566f0b,9b57be3989599245914f84ea148e8b975e9bc9ad234ccbccb86f9c02a7aad79d,6726,0,train,0
19156,6736,34,Isidella tentaculum,/home/tahiti/MARINE_DATASETS/FathomNet_FGVC2025/data/rois/6736_19156.png,/home/tahiti/MARINE_DATASETS/FathomNet_FGVC2025/data/images/6736.png,cf9a6668a3b7bc64c911d8b0ae6ddcf79dc1668f740bd74e77d808ce449b263a,fa74ddad2602bcb0f280ace22cf61dc73c0d315e20a9dc7e67a7f78702a060e9,6736,5,train,5
19184,6753,56,Paralomis multispina,/home/tahiti/MARINE_DATASETS/FathomNet_FGVC2025/data/rois/6753_19184.png,/home/tahiti/MARINE_DATASETS/FathomNet_FGVC2025/data/images/6753.png,38b243c286a4c12696df81e05a6952f417d72f19bd16211f2a1ab57add716883,880a683335a8aaa63d221856e10bbadaaecd9fa0c75de1e99779eb38763d5727,6753,5,train,5
19194,6759,2,Acanthascinae,/home/tahiti/MARINE_DATASETS/FathomNet_FGVC2025/data/rois/6759_19194.png,/home/tahiti/MARINE_DATASETS/FathomNet_FGVC2025/data/images/6759.png,498e2147c4bd90a89580f4b5c2343aedf948182596c918b23c070e030de44c4c,fe3baa6ea4c63945c68c33bc8ed0a5c59054cc36ad4c7009788f04b299b3031d,6759,0,train,0
19225,6767,50,Paelopatides confundens,/home/tahiti/MARINE_DATASETS/FathomNet_FGVC2025/data/rois/6767_19225.png,/home/tahiti/MARINE_DATASETS/FathomNet_FGVC2025/data/images/6767.png,a63ec62c954f776782c3e017b78860647b67e700a5b58ac8f65c6a0166de5fd4,9789171446886fb15a5b57fd7edfc73352ab3fced5de13224adc4f63b1d7150c,6767,1,train,1
19235,6772,17,Chorilia longipes,/home/tahiti/MARINE_DATASETS/FathomNet_FGVC2025/data/rois/6772_19235.png,/home/tahiti/MARINE_DATASETS/FathomNet_FGVC2025/data/images/6772.png,e62cff91ca7a1b7b7665f0cb9f2303283c97df69cac4459cfd5737cd0446549b,eeaba7687c66c903e2b8df25a74c6060043331fd1f93e9c9216ad04f5ed8de03,6772,2,train,2
19236,6773,6,Actinopterygii,/home/tahiti/MARINE_DATASETS/FathomNet_FGVC2025/data/rois/6773_19236.png,/home/tahiti/MARINE_DATASETS/FathomNet_FGVC2025/data/images/6773.png,2b6655ca660f6a33431ca6c257a6a1f512fd9986b9f830cfb7a2c65f0abe6f0a,4fa2f0aecc8fa2a739172763afea57fb0e50a1bf08d7cbf9ae870b972f8c3978,6773,1,train,1
19251,6787,48,Ophiacanthidae,/home/tahiti/MARINE_DATASETS/FathomNet_FGVC2025/data/rois/6787_19251.png,/home/tahiti/MARINE_DATASETS/FathomNet_FGVC2025/data/images/6787.png,81ac693fddb616b783cd4ad37b80fb9b6b0cdb0bc9d125d2eee892254faa93a2,1a18e2309b84ca5cf7521a913e0e5be1594a08dcfe3be9e43701319d31cca1ed,6787,4,train,4
19261,6791,50,Paelopatides confundens,/home/tahiti/MARINE_DATASETS/FathomNet_FGVC2025/data/rois/6791_19261.png,/home/tahiti/MARINE_DATASETS/FathomNet_FGVC2025/data/images/6791.png,497d2ee614f36648501a68c205357058a7b9002d121a172eea39987ddde0e175,0a23fc1637c78317469a9e36bf693ee9b261afc70a825d968b22b8f1244becf9,6791,2,train,2
19269,6795,70,Sebastes diploproa,/home/tahiti/MARINE_DATASETS/FathomNet_FGVC2025/data/rois/6795_19269.png,/home/tahiti/MARINE_DATASETS/FathomNet_FGVC2025/data/images/6795.png,631efa6dd263034003267aca55c2641675734f9246c83c1c681ff7a6fd9cf6ae,c52409042891731f35fc5dbe63575bea58ab3c28626f387e2e83ea22cc5f95da,6795,4,train,4
19276,6802,23,Florometra serratissima,/home/tahiti/MARINE_DATASETS/FathomNet_FGVC2025/data/rois/6802_19276.png,/home/tahiti/MARINE_DATASETS/FathomNet_FGVC2025/data/images/6802.png,32db3568045972d1dcdce80b4352a1bb0b45c99e5205553fe4c34686bb1a54c1,ffd09eab0c7fcfb03c34c7f8008e47121db62ace2e367f6fd2b5ac4cc114f5ff,6802,0,train,0
19278,6802,40,Mediaster aequalis,/home/tahiti/MARINE_DATASETS/FathomNet_FGVC2025/data/rois/6802_19278.png,/home/tahiti/MARINE_DATASETS/FathomNet_FGVC2025/data/images/6802.png,26ed33ab679c64ab5bf0989c9ae58e26dd4a9d3d496a7ba4d6cdcbfb61745af3,ffd09eab0c7fcfb03c34c7f8008e47121db62ace2e367f6fd2b5ac4cc114f5ff,6802,0,train,0
19281,6802,70,Sebastes diploproa,/home/tahiti/MARINE_DATASETS/FathomNet_FGVC2025/data/rois/6802_19281.png,/home/tahiti/MARINE_DATASETS/FathomNet_FGVC2025/data/images/6802.png,44b51db1d368b6166564f45fab91e3d11c7c0a7455264c6d42b8644e84edd872,ffd09eab0c7fcfb03c34c7f8008e47121db62ace2e367f6fd2b5ac4cc114f5ff,6802,0,train,0
19311,6822,51,Pandalus amplus,/home/tahiti/MARINE_DATASETS/FathomNet_FGVC2025/data/rois/6822_19311.png,/home/tahiti/MARINE_DATASETS/FathomNet_FGVC2025/data/images/6822.png,4a013369dced19faf832fe58be7bad9febd9a5cab58f5ee2ded7232d9d04029f,5f2e7da53a6e3c37dd646939d7b4bf1337c74f052cba878ddc17a32d1bdcc05f,6822,2,train,2
19313,6823,46,Mycale,/home/tahiti/MARINE_DATASETS/FathomNet_FGVC2025/data/rois/6823_19313.png,/home/tahiti/MARINE_DATASETS/FathomNet_FGVC2025/data/images/6823.png,bff5ab1dba235ae9c62185111926c79dceb9d03546c85f4235b84a18670da87a,4476a8f4b036b7763369f48f09a11fc463e21adbf80a1764d187201e5c19e183,6823,1,train,1
19323,6831,17,Chorilia longipes,/home/tahiti/MARINE_DATASETS/FathomNet_FGVC2025/data/rois/6831_19323.png,/home/tahiti/MARINE_DATASETS/FathomNet_FGVC2025/data/images/6831.png,8f27862a89e8b2c981669d8ce6c44dd8dce15f0e6f2b2d5aeb9deca593659957,2d0b2cb7ef724cb63825f3c90d5560a71ba36fd422fcb91821d00661e45be81f,6831,5,train,5
19330,6836,15,Ceriantharia,/home/tahiti/MARINE_DATASETS/FathomNet_FGVC2025/data/rois/6836_19330.png,/home/tahiti/MARINE_DATASETS/FathomNet_FGVC2025/data/images/6836.png,2dd9844aacebb134bd28fdc347d3a7c8722760dc42780a6de08d40abb64a3f5a,1f3f27f3d48a60b5bd925d8e2c0bb66b966f9c258cccfaf78b9f815790757c9a,6836,0,train,0
19343,6845,13,Brisingida,/home/tahiti/MARINE_DATASETS/FathomNet_FGVC2025/data/rois/6845_19343.png,/home/tahiti/MARINE_DATASETS/FathomNet_FGVC2025/data/images/6845.png,caf27606879519e6772502eda0f40e60f76fc5f2cd4ce8ecf65dd06cc528b50c,35d8165dda06eb353207d9a7276233546a1a5dff2b919e462029c5bb5f86553d,6845,1,train,1
19363,6853,10,Asbestopluma monticola,/home/tahiti/MARINE_DATASETS/FathomNet_FGVC2025/data/rois/6853_19363.png,/home/tahiti/MARINE_DATASETS/FathomNet_FGVC2025/data/images/6853.png,fe4620b9b7c555bb6699886f646f36f43b539321692942dfd8519459ab5f7635,7f7ec34e842cdc81e3b2814c992d2e0d7473e9d448147b5a4f3efec56d311de4,6853,4,train,4
19382,6854,10,Asbestopluma monticola,/home/tahiti/MARINE_DATASETS/FathomNet_FGVC2025/data/rois/6854_19382.png,/home/tahiti/MARINE_DATASETS/FathomNet_FGVC2025/data/images/6854.png,af3543396eb3fd5cf714dd61711644b131f5cbf71794f2b01b6de945be0e5e10,f8a604f6fcd2f4a2f81a419705a2a8cea7c0b7054bbb765b1f1e72903b60faa8,6854,0,train,0
19393,6858,9,Asbestopluma,/home/tahiti/MARINE_DATASETS/FathomNet_FGVC2025/data/rois/6858_19393.png,/home/tahiti/MARINE_DATASETS/FathomNet_FGVC2025/data/images/6858.png,dd3eebc5fcd2dc0dca56e67f5194b24ba66982b40a6ae392b09e93a4fca45041,4389a1432ac042b31f1304cf38c8ff8d0abaf7df9c67f563dc030115c4814014,6858,2,train,2
19401,6861,51,Pandalus amplus,/home/tahiti/MARINE_DATASETS/FathomNet_FGVC2025/data/rois/6861_19401.png,/home/tahiti/MARINE_DATASETS/FathomNet_FGVC2025/data/images/6861.png,88e5d35c6d3e890d642e10de346778a53b5087f2a8acca857e62aedcc64f3ad1,7a5ebd9ae89a32031484de36a394a900cf1ef5015444056e35ae9a44112bb1e8,6861,4,train,4
19423,6871,43,Microstomus pacificus,/home/tahiti/MARINE_DATASETS/FathomNet_FGVC2025/data/rois/6871_19423.png,/home/tahiti/MARINE_DATASETS/FathomNet_FGVC2025/data/images/6871.png,36c14ce9d7cbb8bd7983917dd49c8ea18c3802de9c257f9f08bf6ae3f6f22c0b,70af1159839faf3d901836deba5a229025a343025ce67fbf7702f3c508644a96,6871,2,train,2
19464,6895,21,Elpidia,/home/tahiti/MARINE_DATASETS/FathomNet_FGVC2025/data/rois/6895_19464.png,/home/tahiti/MARINE_DATASETS/FathomNet_FGVC2025/data/images/6895.png,bbac8081e8e44cb7b1a940ff96ba9f1079db0b08a474b6448fb0447ee1ba55a1,fa9a0a1481b75e9fa72a17a6de9ba18ad3b2a7602db7ccb02ab599132a303379,6895,2,train,2
19467,6896,57,Parastenella,/home/tahiti/MARINE_DATASETS/FathomNet_FGVC2025/data/rois/6896_19467.png,/home/tahiti/MARINE_DATASETS/FathomNet_FGVC2025/data/images/6896.png,b6dbd221f087e8b14fa81a1d470506a27d342f042c7c3e80ba6785ea088a92cd,f5520e1489301b5ee28240f7bb1252b233ac555817e99d53ec2f574e4290f6ea,6896,0,train,0
19492,6910,7,Amphipoda,/home/tahiti/MARINE_DATASETS/FathomNet_FGVC2025/data/rois/6910_19492.png,/home/tahiti/MARINE_DATASETS/FathomNet_FGVC2025/data/images/6910.png,6863da4d07142251392a7a63c4a0089c6ef4277316b444a40fad54b5b3157fab,ae65ff1a65afc0f7298e88d177d656bf42d9d1255242d3a7f8292a65db7f5b86,6910,2,train,2
19495,6911,4,Actinernus,/home/tahiti/MARINE_DATASETS/FathomNet_FGVC2025/data/rois/6911_19495.png,/home/tahiti/MARINE_DATASETS/FathomNet_FGVC2025/data/images/6911.png,cbd8dfc4699ae2e87f07e87d91e4c24f1f09427e824ca22bb5c781769b75025d,c057e5f73910fc34684abbbafc681ce16465d4b6953c83bb0e306fbbf8595ac5,6911,1,train,1
19502,6914,10,Asbestopluma monticola,/home/tahiti/MARINE_DATASETS/FathomNet_FGVC2025/data/rois/6914_19502.png,/home/tahiti/MARINE_DATASETS/FathomNet_FGVC2025/data/images/6914.png,72028d75980efd0c26a60d14a0880ed326a3db528a8a0ebea8ef8e2d706841db,ddf3214a871065b7acf1265d5cfb9c4bf02f9a6077c0fd1ed00c1a1337a7d447,6914,4,train,4
19521,6919,17,Chorilia longipes,/home/tahiti/MARINE_DATASETS/FathomNet_FGVC2025/data/rois/6919_19521.png,/home/tahiti/MARINE_DATASETS/FathomNet_FGVC2025/data/images/6919.png,d9b11c7b59c8944c9bb1005e53397d1bab339eeb46fb0e339784a457e98e1475,613e1e9da6f5589b2097d061e9ebd7523901594be3f4de8976e1f0ecfcb0d197,6919,5,train,5
19582,6945,26,Gersemia juliepackardae,/home/tahiti/MARINE_DATASETS/FathomNet_FGVC2025/data/rois/6945_19582.png,/home/tahiti/MARINE_DATASETS/FathomNet_FGVC2025/data/images/6945.png,994b73a4bd4ccc5d3e519b290dc4eeb6b3285e9c0e767c6524ab2bd78013f8d5,d3fde58d1828f7e68013e66a4ff61f78b4fa14e0c17db1ec55e489328dd52253,6945,0,train,0
19598,6951,57,Parastenella,/home/tahiti/MARINE_DATASETS/FathomNet_FGVC2025/data/rois/6951_19598.png,/home/tahiti/MARINE_DATASETS/FathomNet_FGVC2025/data/images/6951.png,4464945a6c6ba17356ae900f953152a253c9e40f9acb6912c1fab9827b2fbe33,49b62dcaf0742375b06e5690d2297e9803ba884d1f7a9eca5dda01664f3d66b6,6951,2,train,2
19601,6952,15,Ceriantharia,/home/tahiti/MARINE_DATASETS/FathomNet_FGVC2025/data/rois/6952_19601.png,/home/tahiti/MARINE_DATASETS/FathomNet_FGVC2025/data/images/6952.png,cf756c2139d22ba05d28d1ee8ac9874fda36165c3a474975fd69924224e3f62c,3d17130850b27af103ebba0d1f4da7f4c98c23074269eadce7f20a83b0d604b4,6952,5,train,5
19645,6977,48,Ophiacanthidae,/home/tahiti/MARINE_DATASETS/FathomNet_FGVC2025/data/rois/6977_19645.png,/home/tahiti/MARINE_DATASETS/FathomNet_FGVC2025/data/images/6977.png,dea6122fb890f3183eaeab73b257186a166a2dc1873157422ccaef43df5c6ab1,df5d1281a7fbbf5b16aa9d7e144b4aeed77eed1f3de0271d5d545f4d804878b2,6977,1,train,1
19671,6993,3,Acanthoptilum,/home/tahiti/MARINE_DATASETS/FathomNet_FGVC2025/data/rois/6993_19671.png,/home/tahiti/MARINE_DATASETS/FathomNet_FGVC2025/data/images/6993.png,1197c1697477c655cb569be7269ec064b6696a8267aed1ecf6398dabe530b495,9058d675efed23b0218803d2b1e805635aa155a61916d3c7b18a125aafebe43b,6993,0,train,0
19680,6999,78,Vesicomyidae,/home/tahiti/MARINE_DATASETS/FathomNet_FGVC2025/data/rois/6999_19680.png,/home/tahiti/MARINE_DATASETS/FathomNet_FGVC2025/data/images/6999.png,726b6248ea22fb24ce73fb4f42ce842e8131c684126cc2051fc26032f047a0de,b9fba8e10077c7df36399f306b125a6088bce7efd79bfd50ea519079781f232a,6999,5,train,5
19682,6999,17,Chorilia longipes,/home/tahiti/MARINE_DATASETS/FathomNet_FGVC2025/data/rois/6999_19682.png,/home/tahiti/MARINE_DATASETS/FathomNet_FGVC2025/data/images/6999.png,1b2f8e2737d4a38d8fdb770afebb431a9508320346d76325449eeeee83a86641,b9fba8e10077c7df36399f306b125a6088bce7efd79bfd50ea519079781f232a,6999,5,train,5
19688,7002,34,Isidella tentaculum,/home/tahiti/MARINE_DATASETS/FathomNet_FGVC2025/data/rois/7002_19688.png,/home/tahiti/MARINE_DATASETS/FathomNet_FGVC2025/data/images/7002.png,506a0ee9018d197bdead3dd118a9678ea88483fb3b131fe323d2108efbac307e,55eeb041f47fa4d052a47526b7a94b6950e6c1689b4a4a33bde9860083c38b8f,7002,1,train,1
19692,7005,3,Acanthoptilum,/home/tahiti/MARINE_DATASETS/FathomNet_FGVC2025/data/rois/7005_19692.png,/home/tahiti/MARINE_DATASETS/FathomNet_FGVC2025/data/images/7005.png,93e29c5a37d96ed3a4e7718332c6edf16d3766a6234aa9df1a5bc714f6cb60dc,fbca10c4777d4b3a6571348eca9f079544ed430931357b16eb05b6cb84933d4c,7005,0,train,0
19711,7009,9,Asbestopluma,/home/tahiti/MARINE_DATASETS/FathomNet_FGVC2025/data/rois/7009_19711.png,/home/tahiti/MARINE_DATASETS/FathomNet_FGVC2025/data/images/7009.png,e62d4725498b1766e4d59140934e1e5e2a05a616dfe21b2ed139c55ce61b084b,a9070c58856e42f0f7f0213621adeeeed538bace5e2cef061a5c999652eb690a,7009,4,train,4
19721,7014,17,Chorilia longipes,/home/tahiti/MARINE_DATASETS/FathomNet_FGVC2025/data/rois/7014_19721.png,/home/tahiti/MARINE_DATASETS/FathomNet_FGVC2025/data/images/7014.png,76a0a9b46e1db54a7da7204bf2d59db157cc6ff4b62d0f2e52ae2a3a711142f6,f8187266aaa9a5ee30b7e6cda4924572f108c678175ea609b4d26bb907043a20,7014,1,train,1
19737,7027,17,Chorilia longipes,/home/tahiti/MARINE_DATASETS/FathomNet_FGVC2025/data/rois/7027_19737.png,/home/tahiti/MARINE_DATASETS/FathomNet_FGVC2025/data/images/7027.png,6ff35a1d41bbff8c0bc888a6d606eebce89846b344d879d6e1e8021609dee907,74d3d54d98dd24782585fe04793eb7b37e2ef61e5345747e345b3b249453b1a7,7027,1,train,1
19746,7030,8,Apostichopus leukothele,/home/tahiti/MARINE_DATASETS/FathomNet_FGVC2025/data/rois/7030_19746.png,/home/tahiti/MARINE_DATASETS/FathomNet_FGVC2025/data/images/7030.png,960b5b0149ef795148ff398eb5871940d250c0eb396da2a77c9b3000b717ffbf,9c73299f377cdae60b67f3bc35f0d1f3b0720d74b94d92fa1544a1e0e8ca1c7a,7030,0,train,0
19773,7043,40,Mediaster aequalis,/home/tahiti/MARINE_DATASETS/FathomNet_FGVC2025/data/rois/7043_19773.png,/home/tahiti/MARINE_DATASETS/FathomNet_FGVC2025/data/images/7043.png,06746719333f8d0357eda82a4d1fa3909a1d402e08417af86d03a70c1a412171,14752e74e29ee40e363b788edeae59641f47798eba9074b0c5eea0b5dd9131ca,7043,5,train,5
19774,7043,40,Mediaster aequalis,/home/tahiti/MARINE_DATASETS/FathomNet_FGVC2025/data/rois/7043_19774.png,/home/tahiti/MARINE_DATASETS/FathomNet_FGVC2025/data/images/7043.png,bb16071a7a94d27d2250b618f1a11807b5cb656f7c19736f48a8e1d17b1e0336,14752e74e29ee40e363b788edeae59641f47798eba9074b0c5eea0b5dd9131ca,7043,5,train,5
19779,7045,57,Parastenella,/home/tahiti/MARINE_DATASETS/FathomNet_FGVC2025/data/rois/7045_19779.png,/home/tahiti/MARINE_DATASETS/FathomNet_FGVC2025/data/images/7045.png,8851afdc9ec608b637d67ae6ad7ed7785c716a4f4a4f7b88fb2b325840abde0c,b152414f3bf9c2a3f73cc5c8fd5df253ac7934c55ec5b2d042145a47943c5bb8,7045,0,train,0
19792,7050,66,Scleractinia,/home/tahiti/MARINE_DATASETS/FathomNet_FGVC2025/data/rois/7050_19792.png,/home/tahiti/MARINE_DATASETS/FathomNet_FGVC2025/data/images/7050.png,1743a124392103a2f7b35226565be5f79001b462e409a81c8d6c0e543d8f5a76,2cff7fc9e54a5f44d9cc0a1f82a20dc8f316ec6f2a90c19b22d8aab7b1c155cd,7050,0,train,0
19804,7056,15,Ceriantharia,/home/tahiti/MARINE_DATASETS/FathomNet_FGVC2025/data/rois/7056_19804.png,/home/tahiti/MARINE_DATASETS/FathomNet_FGVC2025/data/images/7056.png,4cdc894af247c4cae957918e2ef8a43f51f91a5474bb0734eda7a2646310b445,7b7b4db51b704acde65ed2798066517d98b3c59e8cbd26c2c5433d13e069431a,7056,1,train,1
19807,7056,15,Ceriantharia,/home/tahiti/MARINE_DATASETS/FathomNet_FGVC2025/data/rois/7056_19807.png,/home/tahiti/MARINE_DATASETS/FathomNet_FGVC2025/data/images/7056.png,d11d4a92385bf0356c9d165bdd7fe149979b766271e929dba74e51a8c96d144d,7b7b4db51b704acde65ed2798066517d98b3c59e8cbd26c2c5433d13e069431a,7056,1,train,1
19820,7063,34,Isidella tentaculum,/home/tahiti/MARINE_DATASETS/FathomNet_FGVC2025/data/rois/7063_19820.png,/home/tahiti/MARINE_DATASETS/FathomNet_FGVC2025/data/images/7063.png,c955cc772b5c3d3a25664223c2b4d112b47d3dcad5c7d546c92c290fa1c4ebc9,69249139ab5117ac8179b8b77422627385c29bbd250839056a7b22b9eb46d47a,7063,0,train,0
19855,7075,66,Scleractinia,/home/tahiti/MARINE_DATASETS/FathomNet_FGVC2025/data/rois/7075_19855.png,/home/tahiti/MARINE_DATASETS/FathomNet_FGVC2025/data/images/7075.png,8a0ad5802b33956211e84d0b2144a243047b2561e7fa8f3b4e3838e54fab5ca3,55bfb29f7908966bddf1543b30880ed47a2df8c1fdebab7c715100ab8165a7f6,7075,5,train,5
19880,7092,9,Asbestopluma,/home/tahiti/MARINE_DATASETS/FathomNet_FGVC2025/data/rois/7092_19880.png,/home/tahiti/MARINE_DATASETS/FathomNet_FGVC2025/data/images/7092.png,41fe50ba06474b141c3dd08e512dc3a584870b98a9497ab2a8d5e55eef54d2d5,7f81310a7f755f870bb836c884549985762517124fc63a6b400776cf3df9f56d,7092,0,train,0
19892,7101,13,Brisingida,/home/tahiti/MARINE_DATASETS/FathomNet_FGVC2025/data/rois/7101_19892.png,/home/tahiti/MARINE_DATASETS/FathomNet_FGVC2025/data/images/7101.png,9182ffc3168da14c0669d2dfe615876f0dc9f11b0a0b0e64c82f5b9f8d1d3e3a,3d0d06a9eb066eb0633e3d8fc88c279c690641bfdbd5182069dcd516512caecc,7101,1,train,1
19896,7104,57,Parastenella,/home/tahiti/MARINE_DATASETS/FathomNet_FGVC2025/data/rois/7104_19896.png,/home/tahiti/MARINE_DATASETS/FathomNet_FGVC2025/data/images/7104.png,23b784b5cdaf1348b32bb09cc2aaa1175d57c39f76d729a70043887d878ad1ab,454a0e814f1bc632f9b944cbd51a371bc969f966fddac4ccb8c112b8a0bf7583,7104,5,train,5
19903,7108,6,Actinopterygii,/home/tahiti/MARINE_DATASETS/FathomNet_FGVC2025/data/rois/7108_19903.png,/home/tahiti/MARINE_DATASETS/FathomNet_FGVC2025/data/images/7108.png,cf285967b887462ebf3e9c959de36a431bf015baef465593bb3618f335f42c0f,20193fd64f0995614f12d5efb1043295cc00abe160bb1cf1cef3672b37963181,7108,0,train,0
19907,7109,34,Isidella tentaculum,/home/tahiti/MARINE_DATASETS/FathomNet_FGVC2025/data/rois/7109_19907.png,/home/tahiti/MARINE_DATASETS/FathomNet_FGVC2025/data/images/7109.png,eb7f7b54ded84135fe87735bc71928a49baa26cfd92e3fd1ea6b2154ed62dacd,896c4eb1553ac4c6751f267c9f80a579e5d7664b052de6aee723f584d50d56c8,7109,0,train,0
19943,7121,10,Asbestopluma monticola,/home/tahiti/MARINE_DATASETS/FathomNet_FGVC2025/data/rois/7121_19943.png,/home/tahiti/MARINE_DATASETS/FathomNet_FGVC2025/data/images/7121.png,ae6ae79f4b160890b3b2a52ff14c1dcfdf67bce9a6c9768b7f1476e275703206,34feda70fd824dcb25cfae37a14cbab37b16ba1351d2c59d5c2258f81267bd81,7121,1,train,1
19967,7128,59,Pennatula phosphorea,/home/tahiti/MARINE_DATASETS/FathomNet_FGVC2025/data/rois/7128_19967.png,/home/tahiti/MARINE_DATASETS/FathomNet_FGVC2025/data/images/7128.png,b0c249c20a9847f772f2b214fb5b2f08f6545207c808922a705f73e77a460b2e,de58f45cd8b063051082d2e92d7be180cfe19f314150f204005fbd7b63f7233d,7128,4,train,4
19985,7138,1,Abyssocucumis abyssorum,/home/tahiti/MARINE_DATASETS/FathomNet_FGVC2025/data/rois/7138_19985.png,/home/tahiti/MARINE_DATASETS/FathomNet_FGVC2025/data/images/7138.png,540b17c0ee7d185e6208794b88051ff7bfb6b3046b7a2beb9c74dc64ed54781e,15591ed8fc5f8a33997b9e70ded12342ff6473a926419ef5171933127071b93f,7138,2,train,2
19997,7145,8,Apostichopus leukothele,/home/tahiti/MARINE_DATASETS/FathomNet_FGVC2025/data/rois/7145_19997.png,/home/tahiti/MARINE_DATASETS/FathomNet_FGVC2025/data/images/7145.png,4ca0e2a586c027ca7a6684efec04796052cff31dbb65805f193e2ad32d1758b9,7be7421d0f9d7d2cca66d27f6eefc9b684c4ab7c0c3ff4c7e52c7c54684711f0,7145,1,train,1
20008,7151,34,Isidella tentaculum,/home/tahiti/MARINE_DATASETS/FathomNet_FGVC2025/data/rois/7151_20008.png,/home/tahiti/MARINE_DATASETS/FathomNet_FGVC2025/data/images/7151.png,7452a7e60008557bbfebd04c4d817ea064a10863cd0e0394033ead4cd42e0247,1f1dc7b99518c523bda2e4852149e9758ceb105d2e3c49faa689e01bc5b2808e,7151,5,train,5
20012,7154,70,Sebastes diploproa,/home/tahiti/MARINE_DATASETS/FathomNet_FGVC2025/data/rois/7154_20012.png,/home/tahiti/MARINE_DATASETS/FathomNet_FGVC2025/data/images/7154.png,586e49d1ea825ae5560baf29dd499b6b12cb622e3363c47e55de547b4834bbaf,c4f472bac687e9d2312dc6dcd97dad22f291f14041b4e7b174ebe56f2cc01a7f,7154,5,train,5
20029,7165,34,Isidella tentaculum,/home/tahiti/MARINE_DATASETS/FathomNet_FGVC2025/data/rois/7165_20029.png,/home/tahiti/MARINE_DATASETS/FathomNet_FGVC2025/data/images/7165.png,71e2506a024995fbe46e8ac320cbebe3a5d6bb872af70db0d0993c54ada6abf1,5bcd171e17ff8b4595b2e7d4a47d1e53693e22d3d373d70849159faafad2f39c,7165,5,train,5
20038,7171,39,Lithodidae,/home/tahiti/MARINE_DATASETS/FathomNet_FGVC2025/data/rois/7171_20038.png,/home/tahiti/MARINE_DATASETS/FathomNet_FGVC2025/data/images/7171.png,fc472ddffb20bcfa1d7176726bc3eb393569e70bcadc02d472e4c8f3458c8070,7e93b540ce19f1d7ef18a449a60667915c8c5e07931c26eb4e2990c23f5d41f0,7171,2,train,2
20049,7176,20,Delectopecten,/home/tahiti/MARINE_DATASETS/FathomNet_FGVC2025/data/rois/7176_20049.png,/home/tahiti/MARINE_DATASETS/FathomNet_FGVC2025/data/images/7176.png,078db2d5c861d2026f4f327ec7888a42a3754f4c6d81a4a1bc893ce4ff92d7c7,6a307ceb4a7a8ae192d28ece8847eedc2b7bb76837f802b15dd4cf0eaaf86e45,7176,4,train,4
20051,7176,20,Delectopecten,/home/tahiti/MARINE_DATASETS/FathomNet_FGVC2025/data/rois/7176_20051.png,/home/tahiti/MARINE_DATASETS/FathomNet_FGVC2025/data/images/7176.png,6fc7e1f70779d3c81b2f43f201730e2369fa9ba9ec9f1a0f0d981bcd148c5f51,6a307ceb4a7a8ae192d28ece8847eedc2b7bb76837f802b15dd4cf0eaaf86e45,7176,4,train,4
20125,7220,10,Asbestopluma monticola,/home/tahiti/MARINE_DATASETS/FathomNet_FGVC2025/data/rois/7220_20125.png,/home/tahiti/MARINE_DATASETS/FathomNet_FGVC2025/data/images/7220.png,f9b6e9437ccca48e90acbfaf2a944c9a721b2972d2671bd0c633b874d459c057,bade04f9499e377eaa52d32fb118372b7a793e861556b8d2390b6adf20fbc609,7220,5,train,5
20127,7220,10,Asbestopluma monticola,/home/tahiti/MARINE_DATASETS/FathomNet_FGVC2025/data/rois/7220_20127.png,/home/tahiti/MARINE_DATASETS/FathomNet_FGVC2025/data/images/7220.png,c9b2569f264a89ff243e44a487e0ce7c0022a6424077de7d5f015e5c881308c6,bade04f9499e377eaa52d32fb118372b7a793e861556b8d2390b6adf20fbc609,7220,5,train,5
20130,7220,10,Asbestopluma monticola,/home/tahiti/MARINE_DATASETS/FathomNet_FGVC2025/data/rois/7220_20130.png,/home/tahiti/MARINE_DATASETS/FathomNet_FGVC2025/data/images/7220.png,e969505b12c39ac9b91658092682c7b6df49b8cc1eb99bb876e1758da4b3443c,bade04f9499e377eaa52d32fb118372b7a793e861556b8d2390b6adf20fbc609,7220,5,train,5
20147,7232,46,Mycale,/home/tahiti/MARINE_DATASETS/FathomNet_FGVC2025/data/rois/7232_20147.png,/home/tahiti/MARINE_DATASETS/FathomNet_FGVC2025/data/images/7232.png,c80fbe906a76d8e4f3a7d71a4aaa122bdf61acb7d404ff59ad8eec48f18c5856,7739d1d63e0d15c06bb856a7e7ca058e5ccb35d5edee5b4fd47ff87d036dc9dc,7232,1,train,1
20157,7238,61,Psathyrometra fragilis,/home/tahiti/MARINE_DATASETS/FathomNet_FGVC2025/data/rois/7238_20157.png,/home/tahiti/MARINE_DATASETS/FathomNet_FGVC2025/data/images/7238.png,737e117e8761aa37b9b4048f39583cd8d49ba7847bbb1815a14723ada4bc3a14,77951db74769b14d08495f7ec4df2b32364b02317ed0d822786df5f3f2cda102,7238,0,train,0
20159,7238,26,Gersemia juliepackardae,/home/tahiti/MARINE_DATASETS/FathomNet_FGVC2025/data/rois/7238_20159.png,/home/tahiti/MARINE_DATASETS/FathomNet_FGVC2025/data/images/7238.png,ef8301861320e8d350b15978298c8ae584f73bc23409623895893ffaffbe148a,77951db74769b14d08495f7ec4df2b32364b02317ed0d822786df5f3f2cda102,7238,0,train,0
20198,7254,61,Psathyrometra fragilis,/home/tahiti/MARINE_DATASETS/FathomNet_FGVC2025/data/rois/7254_20198.png,/home/tahiti/MARINE_DATASETS/FathomNet_FGVC2025/data/images/7254.png,0d40508a0bd246dcb18034868cef6e829816bc34f3792ccab0b104d411f65c08,82e402cd9cf4998a9f69dbee1a608359cae823f056b5a5dee270897e3127e5fd,7254,1,train,1
20220,7262,27,Heterocarpus,/home/tahiti/MARINE_DATASETS/FathomNet_FGVC2025/data/rois/7262_20220.png,/home/tahiti/MARINE_DATASETS/FathomNet_FGVC2025/data/images/7262.png,0e849b030b7942f3d583841fcf9cb6fb1962bb35c2e358413170b8731405f3a8,dd1fb192708fc56d839697b68bd7ccdba2606c8278a1840ad4d272fa409c305a,7262,4,train,4
20233,7266,18,Corallimorphus pilatus,/home/tahiti/MARINE_DATASETS/FathomNet_FGVC2025/data/rois/7266_20233.png,/home/tahiti/MARINE_DATASETS/FathomNet_FGVC2025/data/images/7266.png,052beb56841abda48c299d566ad066651b77fafe613d8939c990b5db655e972e,ed8d07e92dcf6e0b2e21cb06463dfabab6504d746931afecacc42900e2da1fe1,7266,2,train,2
20250,7272,48,Ophiacanthidae,/home/tahiti/MARINE_DATASETS/FathomNet_FGVC2025/data/rois/7272_20250.png,/home/tahiti/MARINE_DATASETS/FathomNet_FGVC2025/data/images/7272.png,95321b72428573d2b6d5b134e6c6c8a6a6391ad7eb415b3640501059df48b80d,d518de3001922a74da6091a586d4521f00a278cf60cfca0add2036d42aa176ff,7272,0,train,0
20251,7272,48,Ophiacanthidae,/home/tahiti/MARINE_DATASETS/FathomNet_FGVC2025/data/rois/7272_20251.png,/home/tahiti/MARINE_DATASETS/FathomNet_FGVC2025/data/images/7272.png,5ff677793bf58b9d9fea2cd26d3b93367710d055a40f251b87c49f379d2ff9ab,d518de3001922a74da6091a586d4521f00a278cf60cfca0add2036d42aa176ff,7272,0,train,0
20252,7272,48,Ophiacanthidae,/home/tahiti/MARINE_DATASETS/FathomNet_FGVC2025/data/rois/7272_20252.png,/home/tahiti/MARINE_DATASETS/FathomNet_FGVC2025/data/images/7272.png,723a654f97da9266ae723416a18382c1db8c608e3b9c9a0b7e4e02fa4064c2d9,d518de3001922a74da6091a586d4521f00a278cf60cfca0add2036d42aa176ff,7272,0,train,0
20258,7272,48,Ophiacanthidae,/home/tahiti/MARINE_DATASETS/FathomNet_FGVC2025/data/rois/7272_20258.png,/home/tahiti/MARINE_DATASETS/FathomNet_FGVC2025/data/images/7272.png,d59fdfe42e903c0709dd615cfd170d0694a990d99faf0a8de0c5da4c6480a3e2,d518de3001922a74da6091a586d4521f00a278cf60cfca0add2036d42aa176ff,7272,0,train,0
20271,7281,1,Abyssocucumis abyssorum,/home/tahiti/MARINE_DATASETS/FathomNet_FGVC2025/data/rois/7281_20271.png,/home/tahiti/MARINE_DATASETS/FathomNet_FGVC2025/data/images/7281.png,5af7ac4b635d03ba1f1861d2fd9f2cb167f240285b0e4020c11ce1aef87ddaec,2d869c4870e47d672dd22ff872ccfc5c3c193a275c7e6c87e7cd49c2b438d9e6,7281,4,train,4
20275,7284,66,Scleractinia,/home/tahiti/MARINE_DATASETS/FathomNet_FGVC2025/data/rois/7284_20275.png,/home/tahiti/MARINE_DATASETS/FathomNet_FGVC2025/data/images/7284.png,80094cd8198e9dc6b4dca94d76baf9e9c16becca57da3c04e9ec8b1ab1820db6,adad43ee9546258ccb1824098c3cdba3418732f23dae159d7bc8f2f76a1b7be9,7284,5,train,5
20276,7285,57,Parastenella,/home/tahiti/MARINE_DATASETS/FathomNet_FGVC2025/data/rois/7285_20276.png,/home/tahiti/MARINE_DATASETS/FathomNet_FGVC2025/data/images/7285.png,536f9d49b0e94cf47ad8b8575b96c625114fb3e6e9d8436aa2c0d184125cbfd2,decd59d75fe0e6381903ea6ad440d3486ed68367b87327e945a80f7c73b25755,7285,2,train,2
20280,7285,57,Parastenella,/home/tahiti/MARINE_DATASETS/FathomNet_FGVC2025/data/rois/7285_20280.png,/home/tahiti/MARINE_DATASETS/FathomNet_FGVC2025/data/images/7285.png,985a9961428faa57c93a8d7ff2b1886bfd7556e82c3309b5e1e1d485aecb59ba,decd59d75fe0e6381903ea6ad440d3486ed68367b87327e945a80f7c73b25755,7285,2,train,2
20313,7299,2,Acanthascinae,/home/tahiti/MARINE_DATASETS/FathomNet_FGVC2025/data/rois/7299_20313.png,/home/tahiti/MARINE_DATASETS/FathomNet_FGVC2025/data/images/7299.png,11715e78791c82f77f1008bea35ac600cca05b95e18aa818bd7865c98804ceb7,bbf83a7ad420882a3bbfd7e2a57026da1c6e8428a0f06359451d107a4818850b,7299,1,train,1
20322,7302,21,Elpidia,/home/tahiti/MARINE_DATASETS/FathomNet_FGVC2025/data/rois/7302_20322.png,/home/tahiti/MARINE_DATASETS/FathomNet_FGVC2025/data/images/7302.png,e39417d28acc29c1341612844d4e4699ca03cb06f50f4d0be853c6e8475c34ea,3db9fe75576851c371d2ae1d0cdd3891a2783958ed691ec6425f444a8289a4f4,7302,4,train,4
20329,7307,17,Chorilia longipes,/home/tahiti/MARINE_DATASETS/FathomNet_FGVC2025/data/rois/7307_20329.png,/home/tahiti/MARINE_DATASETS/FathomNet_FGVC2025/data/images/7307.png,96409c68c03c378602bbcfaab494f820bcf479204ad701b0daf749950d987cc2,17b4751869b8ee27991a89c047e034b124978b79b382d2690e2de42c5f26ac3f,7307,5,train,5
20337,7312,21,Elpidia,/home/tahiti/MARINE_DATASETS/FathomNet_FGVC2025/data/rois/7312_20337.png,/home/tahiti/MARINE_DATASETS/FathomNet_FGVC2025/data/images/7312.png,099e6021a6d7a7a9b032966741c7f9a33821c184e42c79b82f8fd61ef71987af,b5a9725324c5fb2792ce4a2c6d57851b3e1346918f6a4b4661b393183c98382f,7312,1,train,1
20345,7313,57,Parastenella,/home/tahiti/MARINE_DATASETS/FathomNet_FGVC2025/data/rois/7313_20345.png,/home/tahiti/MARINE_DATASETS/FathomNet_FGVC2025/data/images/7313.png,073f81314fcd88fe846c6d97abc3d97e15a09f0714511cb699f21efa1a68973a,15fece70781034516c2865935bf8c9509a9871da21e86de7b1ef2c30caa74fdc,7313,5,train,5
20371,7323,57,Parastenella,/home/tahiti/MARINE_DATASETS/FathomNet_FGVC2025/data/rois/7323_20371.png,/home/tahiti/MARINE_DATASETS/FathomNet_FGVC2025/data/images/7323.png,67f083adb6d55d991f8d1b7aff0ffcc9c0ac0efcca61772ddb6fd14e495d5b98,f19bcb5416b65ec21bd76cd191437f965085884b96c9618ba8c162f2b2169873,7323,0,train,0
20410,7341,48,Ophiacanthidae,/home/tahiti/MARINE_DATASETS/FathomNet_FGVC2025/data/rois/7341_20410.png,/home/tahiti/MARINE_DATASETS/FathomNet_FGVC2025/data/images/7341.png,513d72a442a1d9111bed7c9406c0c21f369aa920a8a86d0f7a28b2fefb10e773,445d4a236756af44cb34447e55c7ea20a3b24a1c1cfa1706aa31cf4f5940979a,7341,5,train,5
20447,7357,21,Elpidia,/home/tahiti/MARINE_DATASETS/FathomNet_FGVC2025/data/rois/7357_20447.png,/home/tahiti/MARINE_DATASETS/FathomNet_FGVC2025/data/images/7357.png,946762e55d2883e27c6188aff2654010e7a87e73acae9f31cd7f8f2ed8da932d,e303b1e6f819886a8de017d3c688f1e203bc2319eedafd0b1e6b09320bd00824,7357,2,train,2
20459,7365,9,Asbestopluma,/home/tahiti/MARINE_DATASETS/FathomNet_FGVC2025/data/rois/7365_20459.png,/home/tahiti/MARINE_DATASETS/FathomNet_FGVC2025/data/images/7365.png,63bdd0bcc1b3fde767c133de2df4c32f16aaa0f4ccb29b7164140d6545988bab,1527b87859e2b1e626993046f501fd9a07c8190041e10d5d215dbff4485bb0e8,7365,5,train,5
20469,7369,2,Acanthascinae,/home/tahiti/MARINE_DATASETS/FathomNet_FGVC2025/data/rois/7369_20469.png,/home/tahiti/MARINE_DATASETS/FathomNet_FGVC2025/data/images/7369.png,d2f57b46fce6ec2b82ef1b0c0529c14fd4ff0224c090288097b627e3a123d576,829014f7066a3a28a4abda82ffb375a2da7f5216a9ce3b8b47bded91e2f407ed,7369,2,train,2
20472,7370,12,Benthocodon pedunculata,/home/tahiti/MARINE_DATASETS/FathomNet_FGVC2025/data/rois/7370_20472.png,/home/tahiti/MARINE_DATASETS/FathomNet_FGVC2025/data/images/7370.png,d9600fe738a81d9bb43f6996e52dd2e59ae8eedb923affe7e5cfeb6697d524e9,d3460a584a250b45e012067519131d500e9667af240921270617bdc3efd1197c,7370,0,train,0
20473,7371,9,Asbestopluma,/home/tahiti/MARINE_DATASETS/FathomNet_FGVC2025/data/rois/7371_20473.png,/home/tahiti/MARINE_DATASETS/FathomNet_FGVC2025/data/images/7371.png,b167d01f81de763a928f22a21a7c8aa2052226cf8acab44b6d6558bb6c8eadda,d9801ad51b6b2bb9fce699e552630680e611523fa7d298b4886a2203ae008c9d,7371,4,train,4
20480,7376,23,Florometra serratissima,/home/tahiti/MARINE_DATASETS/FathomNet_FGVC2025/data/rois/7376_20480.png,/home/tahiti/MARINE_DATASETS/FathomNet_FGVC2025/data/images/7376.png,0fda578ff0e1994ba6c78c9a57e90dfb205976225137ce6e509e4ccae843a63f,685833b78f6f39969e247d94a03c73ce443f8a785299e73a4db8e674c2945503,7376,1,train,1
20484,7379,46,Mycale,/home/tahiti/MARINE_DATASETS/FathomNet_FGVC2025/data/rois/7379_20484.png,/home/tahiti/MARINE_DATASETS/FathomNet_FGVC2025/data/images/7379.png,43abad592c871f372155783259669a3029330ec851b5326ba35e82d363830a06,41e020ab467f54f54ab6d9cf0fabeb0e1c64c0ade8a8eba816d2887a27cedc9d,7379,1,train,1
20522,7392,27,Heterocarpus,/home/tahiti/MARINE_DATASETS/FathomNet_FGVC2025/data/rois/7392_20522.png,/home/tahiti/MARINE_DATASETS/FathomNet_FGVC2025/data/images/7392.png,86ac2fbfa062cc7185382ac98d160c7f1f9a9b5b226ead36f837dff0d339cda3,aa932585cdd4ff5075dc624864465c6205955ca244294ae1a463be191ff3afc0,7392,2,train,2
20527,7392,27,Heterocarpus,/home/tahiti/MARINE_DATASETS/FathomNet_FGVC2025/data/rois/7392_20527.png,/home/tahiti/MARINE_DATASETS/FathomNet_FGVC2025/data/images/7392.png,93dea3e472d29fc8b6b38aa29b3a7776ee09327e8b8b91fd3ac23de67ee6a4e1,aa932585cdd4ff5075dc624864465c6205955ca244294ae1a463be191ff3afc0,7392,2,train,2
20535,7396,78,Vesicomyidae,/home/tahiti/MARINE_DATASETS/FathomNet_FGVC2025/data/rois/7396_20535.png,/home/tahiti/MARINE_DATASETS/FathomNet_FGVC2025/data/images/7396.png,f070d0a53ce8852b6e6854b6adc08b4c82f472f7016045f7cbca746aaf1df2e8,28e7d10c7f4d39ea1aae99afa8d76ffb9a121c89bf47d9a97299bbadc0a870ff,7396,5,train,5
20552,7404,61,Psathyrometra fragilis,/home/tahiti/MARINE_DATASETS/FathomNet_FGVC2025/data/rois/7404_20552.png,/home/tahiti/MARINE_DATASETS/FathomNet_FGVC2025/data/images/7404.png,2b01d99d7829b5bd84d5b5202b0826dde915ff2c624915ca57e8df23fdab9e93,1faf67b4b8c6e4a7dfa72dd33a2ae0be789f28f95b1558d03b81ee001ee9d13e,7404,0,train,0
20573,7418,12,Benthocodon pedunculata,/home/tahiti/MARINE_DATASETS/FathomNet_FGVC2025/data/rois/7418_20573.png,/home/tahiti/MARINE_DATASETS/FathomNet_FGVC2025/data/images/7418.png,f1e123faf5d11c7320e981818fee56403a9b90e0ea210ae636950e2743a094d8,13995900e1c2c0d1396c8bc6a0b874ec36895f27cb623e275b17fbedf8b56b68,7418,2,train,2
20575,7420,1,Abyssocucumis abyssorum,/home/tahiti/MARINE_DATASETS/FathomNet_FGVC2025/data/rois/7420_20575.png,/home/tahiti/MARINE_DATASETS/FathomNet_FGVC2025/data/images/7420.png,ac4253dd8de01bd0a4dc1812928d64f02f813a5818801efe1adba364c37417a2,ff618d0686201592b1ff4fd758cd232e70e5914fb7f0a37e0691d390c7484458,7420,4,train,4
20578,7422,27,Heterocarpus,/home/tahiti/MARINE_DATASETS/FathomNet_FGVC2025/data/rois/7422_20578.png,/home/tahiti/MARINE_DATASETS/FathomNet_FGVC2025/data/images/7422.png,0932f8518ae7e98e61a36bfffdf5322efea1075857dabfe63df7ee53ae94eb11,bda1222bce326ea19d9c51b7a5d424c79bcd1c3ee2f2b06b6ec057cf14df1b1e,7422,2,train,2
20585,7427,13,Brisingida,/home/tahiti/MARINE_DATASETS/FathomNet_FGVC2025/data/rois/7427_20585.png,/home/tahiti/MARINE_DATASETS/FathomNet_FGVC2025/data/images/7427.png,44e554df39c94ef085fdce2e26133c268489c53d685621b104eb089f3d2da957,db6f223db4e9bd3dad54a9ef3dbb3792c24a724375d07e50a88e5b7ff2a7f6a7,7427,5,train,5
20589,7429,9,Asbestopluma,/home/tahiti/MARINE_DATASETS/FathomNet_FGVC2025/data/rois/7429_20589.png,/home/tahiti/MARINE_DATASETS/FathomNet_FGVC2025/data/images/7429.png,fc12586c7b2e21f82efb841f858a565a83c008dd0cea3e28e23573eee08a6c5b,e4e1319f86e3e028d7c88c64eab2750dcd81f197c87cd456dd8a8654695f5bbf,7429,2,train,2
20629,7444,9,Asbestopluma,/home/tahiti/MARINE_DATASETS/FathomNet_FGVC2025/data/rois/7444_20629.png,/home/tahiti/MARINE_DATASETS/FathomNet_FGVC2025/data/images/7444.png,cb257b17dd5cfd82e2b61c46913e5269ec1807f2bb63495da7e94d2cf13974a2,da3dea391429fb5b5b8aaf0cc70dee9b60211a30199e12751eeb2b2efea35406,7444,1,train,1
20633,7445,70,Sebastes diploproa,/home/tahiti/MARINE_DATASETS/FathomNet_FGVC2025/data/rois/7445_20633.png,/home/tahiti/MARINE_DATASETS/FathomNet_FGVC2025/data/images/7445.png,7508774908b18ee5d9ceec48798bfd6d3fc300a1443fefbf2ac9eb00d6e31fcd,82b8d420dc43495fb4ac3dadb6cc87fbcd22fbbe4a0b32d0a348c3e4a4125622,7445,2,train,2
20642,7447,7,Amphipoda,/home/tahiti/MARINE_DATASETS/FathomNet_FGVC2025/data/rois/7447_20642.png,/home/tahiti/MARINE_DATASETS/FathomNet_FGVC2025/data/images/7447.png,7d864985461230e191e2badad1935594516d3307f66090fc171e8e41e9f2e546,f0361b0f547ebf8e7bc4fa6ee02c06e903987cc97bb5895ea579d64e37473410,7447,4,train,4
20647,7447,7,Amphipoda,/home/tahiti/MARINE_DATASETS/FathomNet_FGVC2025/data/rois/7447_20647.png,/home/tahiti/MARINE_DATASETS/FathomNet_FGVC2025/data/images/7447.png,0979844eafab03638ac1c1503ab287a641eff4f2691ba99460dba9057d7f5315,f0361b0f547ebf8e7bc4fa6ee02c06e903987cc97bb5895ea579d64e37473410,7447,4,train,4
20669,7447,7,Amphipoda,/home/tahiti/MARINE_DATASETS/FathomNet_FGVC2025/data/rois/7447_20669.png,/home/tahiti/MARINE_DATASETS/FathomNet_FGVC2025/data/images/7447.png,2eca0e806f9a92f565caf4d757d55a97d4c565569ebbd8e1037edc1d17b147be,f0361b0f547ebf8e7bc4fa6ee02c06e903987cc97bb5895ea579d64e37473410,7447,4,train,4
20670,7447,7,Amphipoda,/home/tahiti/MARINE_DATASETS/FathomNet_FGVC2025/data/rois/7447_20670.png,/home/tahiti/MARINE_DATASETS/FathomNet_FGVC2025/data/images/7447.png,6be4114cbd2c56ecf5d3a0a61db5cadc589a5963ed86546c30585cff45fe11d4,f0361b0f547ebf8e7bc4fa6ee02c06e903987cc97bb5895ea579d64e37473410,7447,4,train,4
20678,7447,7,Amphipoda,/home/tahiti/MARINE_DATASETS/FathomNet_FGVC2025/data/rois/7447_20678.png,/home/tahiti/MARINE_DATASETS/FathomNet_FGVC2025/data/images/7447.png,8a0f1f5695143b12187a3a3c58b6f03c109aa5b5a319348135be07c5193ac0d6,f0361b0f547ebf8e7bc4fa6ee02c06e903987cc97bb5895ea579d64e37473410,7447,4,train,4
20679,7447,7,Amphipoda,/home/tahiti/MARINE_DATASETS/FathomNet_FGVC2025/data/rois/7447_20679.png,/home/tahiti/MARINE_DATASETS/FathomNet_FGVC2025/data/images/7447.png,0e6cf3e29faf27427a06634d6a91e27c3aeffecfdd58615ef3db5445793f8d3e,f0361b0f547ebf8e7bc4fa6ee02c06e903987cc97bb5895ea579d64e37473410,7447,4,train,4
20718,7461,26,Gersemia juliepackardae,/home/tahiti/MARINE_DATASETS/FathomNet_FGVC2025/data/rois/7461_20718.png,/home/tahiti/MARINE_DATASETS/FathomNet_FGVC2025/data/images/7461.png,fce59f057d64fbdede30120102cc8cc9b5e4015ab557f06b75033e32e3e36ce5,435965409457826124bc29fdb0de5712cc5248bcbb515d6d321c35bff2eeaaee,7461,5,train,5
20737,7468,52,Pandalus platyceros,/home/tahiti/MARINE_DATASETS/FathomNet_FGVC2025/data/rois/7468_20737.png,/home/tahiti/MARINE_DATASETS/FathomNet_FGVC2025/data/images/7468.png,d7acaf8489d0a19f4546ca8c2203528c74e19ff3432c893b3f980f22c716f104,1560b2bfb72ae39fbd9561711edb7b43295e05b7cf54457e94a243da34bde7dc,7468,4,train,4
20742,7468,52,Pandalus platyceros,/home/tahiti/MARINE_DATASETS/FathomNet_FGVC2025/data/rois/7468_20742.png,/home/tahiti/MARINE_DATASETS/FathomNet_FGVC2025/data/images/7468.png,a7b24f51a0caa8d00b88b4d3974f9b2e2cb3a06998a7c5ee87d7b8449558297f,1560b2bfb72ae39fbd9561711edb7b43295e05b7cf54457e94a243da34bde7dc,7468,4,train,4
20743,7468,52,Pandalus platyceros,/home/tahiti/MARINE_DATASETS/FathomNet_FGVC2025/data/rois/7468_20743.png,/home/tahiti/MARINE_DATASETS/FathomNet_FGVC2025/data/images/7468.png,edebcccc2623f7337a36482c4401904eb1c7267f17063e72560054155ae88e97,1560b2bfb72ae39fbd9561711edb7b43295e05b7cf54457e94a243da34bde7dc,7468,4,train,4
20747,7468,52,Pandalus platyceros,/home/tahiti/MARINE_DATASETS/FathomNet_FGVC2025/data/rois/7468_20747.png,/home/tahiti/MARINE_DATASETS/FathomNet_FGVC2025/data/images/7468.png,fa45628a1e52d4d45691b9a4815249a9e7bce8909ed734d1002ebf15bf47893f,1560b2bfb72ae39fbd9561711edb7b43295e05b7cf54457e94a243da34bde7dc,7468,4,train,4
20767,7474,26,Gersemia juliepackardae,/home/tahiti/MARINE_DATASETS/FathomNet_FGVC2025/data/rois/7474_20767.png,/home/tahiti/MARINE_DATASETS/FathomNet_FGVC2025/data/images/7474.png,08fc2c9552276a90a6385f5f13c240cf5c8fbea5b78504546621fa7ba06d7edb,97c16f41e481a12a4e31e062e2c954ac738163826fbc9a290e12cf130a78e028,7474,2,train,2
20768,7474,26,Gersemia juliepackardae,/home/tahiti/MARINE_DATASETS/FathomNet_FGVC2025/data/rois/7474_20768.png,/home/tahiti/MARINE_DATASETS/FathomNet_FGVC2025/data/images/7474.png,00ce4e9d9ed7043b58ef9004adf4b797f37aaac1f909ca482861d19cd3e5761e,97c16f41e481a12a4e31e062e2c954ac738163826fbc9a290e12cf130a78e028,7474,2,train,2
20773,7475,59,Pennatula phosphorea,/home/tahiti/MARINE_DATASETS/FathomNet_FGVC2025/data/rois/7475_20773.png,/home/tahiti/MARINE_DATASETS/FathomNet_FGVC2025/data/images/7475.png,fdcd1f4674c2d59df3d317be1c5416beb802672d1bc339bbf8388ced43fb97c5,34ebfcf3e6e833890d52feef6a9ec34f43824f542eca7db8eab394ac47bc64ad,7475,0,train,0
20781,7479,75,Terebellidae,/home/tahiti/MARINE_DATASETS/FathomNet_FGVC2025/data/rois/7479_20781.png,/home/tahiti/MARINE_DATASETS/FathomNet_FGVC2025/data/images/7479.png,77d82a6236ffb6f71c3f2cdd4a6d60d8e3cb63ac306538a3287e7e25af026e2d,27ec8882016ff465be81a6b621fcf243ff6cdef6f82afa959dca12fd7506118a,7479,2,train,2
20784,7482,40,Mediaster aequalis,/home/tahiti/MARINE_DATASETS/FathomNet_FGVC2025/data/rois/7482_20784.png,/home/tahiti/MARINE_DATASETS/FathomNet_FGVC2025/data/images/7482.png,dafd60d77e8112ca436cf6788164978a17c24a53a81fdee277efeb593e9fc03b,eef6dcb8c35bac8d6d589bb3ede0bb10189670d6817ef017b45f2f546c6b94fc,7482,1,train,1
20792,7489,61,Psathyrometra fragilis,/home/tahiti/MARINE_DATASETS/FathomNet_FGVC2025/data/rois/7489_20792.png,/home/tahiti/MARINE_DATASETS/FathomNet_FGVC2025/data/images/7489.png,129bbf20e3da9d33985097c4064882397d1bc8efa8516af69c8fe15db793c504,0e9ff412d750c324c328a334cc2efe7e140d1228c12f34e7b1d44f5d98f7e518,7489,5,train,5
20794,7490,50,Paelopatides confundens,/home/tahiti/MARINE_DATASETS/FathomNet_FGVC2025/data/rois/7490_20794.png,/home/tahiti/MARINE_DATASETS/FathomNet_FGVC2025/data/images/7490.png,ccd608753f0dae20dbefadab7fa370ae056264708786a67c28b2653549404e00,78e3adb2742671215052286edb7319af68fdcc75c59c1e8f734be574d81a62c2,7490,2,train,2
20801,7492,27,Heterocarpus,/home/tahiti/MARINE_DATASETS/FathomNet_FGVC2025/data/rois/7492_20801.png,/home/tahiti/MARINE_DATASETS/FathomNet_FGVC2025/data/images/7492.png,1581ac95451a6bb8314ed50dee94ff3e742f853c34ba4a078f33a9ab8a0e5b8a,58b98164dd9814b63d3fd29daa58085bc0f88aff0e054d127de62dbe5e148f61,7492,0,train,0
20809,7495,17,Chorilia longipes,/home/tahiti/MARINE_DATASETS/FathomNet_FGVC2025/data/rois/7495_20809.png,/home/tahiti/MARINE_DATASETS/FathomNet_FGVC2025/data/images/7495.png,87b5619b18b42fdaa5fc1f934087a5e0d1fcae62b9d7a97e10db9e257bc92532,cd50c4f514ddc8f93dc64b95178d026683f77daf5bc2ed5bfeb0c9ef6b4e6d57,7495,0,train,0
20823,7501,78,Vesicomyidae,/home/tahiti/MARINE_DATASETS/FathomNet_FGVC2025/data/rois/7501_20823.png,/home/tahiti/MARINE_DATASETS/FathomNet_FGVC2025/data/images/7501.png,256d9339d9621967425324182bb2172012748a358d442321288af95c889ffb20,51cc4003a61d7f5446b4cf9c1f6fcccb52e6187e28a0c34c254f1cbd243b8b0e,7501,5,train,5
20825,7501,78,Vesicomyidae,/home/tahiti/MARINE_DATASETS/FathomNet_FGVC2025/data/rois/7501_20825.png,/home/tahiti/MARINE_DATASETS/FathomNet_FGVC2025/data/images/7501.png,1c9b5fda852ef9ab32cb6d8db4bea7aa2b5513b32c896d8233e2d3fb7308cc5c,51cc4003a61d7f5446b4cf9c1f6fcccb52e6187e28a0c34c254f1cbd243b8b0e,7501,5,train,5
20839,7506,48,Ophiacanthidae,/home/tahiti/MARINE_DATASETS/FathomNet_FGVC2025/data/rois/7506_20839.png,/home/tahiti/MARINE_DATASETS/FathomNet_FGVC2025/data/images/7506.png,3bafe77e94bf011fa9f5ffb2ff5c508aba9cf509389d356dc51c7b70351ceeda,fff7be216157590acc706c8c2611b3aceec5f5844abe6f78c744293f2f9792fe,7506,1,train,1
20862,7512,9,Asbestopluma,/home/tahiti/MARINE_DATASETS/FathomNet_FGVC2025/data/rois/7512_20862.png,/home/tahiti/MARINE_DATASETS/FathomNet_FGVC2025/data/images/7512.png,dee96280e8ea7c7b1a41d1b162c58beddf31d379c7c978c411588b6390198cb5,b29ee41fe735bf9c3d223a1ba5007fa3a5c7b78ded5d135c7015660a05b0c03f,7512,0,train,0
20878,7522,12,Benthocodon pedunculata,/home/tahiti/MARINE_DATASETS/FathomNet_FGVC2025/data/rois/7522_20878.png,/home/tahiti/MARINE_DATASETS/FathomNet_FGVC2025/data/images/7522.png,51a4f0d34a1e1be489db60f5e13a9c983a4a0467be481e7338cbcc62f8d87d21,8bc86b637db68924d911c377d9f6c5c96df333e59a93950603271018f61b828a,7522,4,train,4
20902,7537,13,Brisingida,/home/tahiti/MARINE_DATASETS/FathomNet_FGVC2025/data/rois/7537_20902.png,/home/tahiti/MARINE_DATASETS/FathomNet_FGVC2025/data/images/7537.png,4258cf212f6d82650a76baf3854b544ad82ccc9b01a654c781f76f718ae318ae,342e0eec99d94c7bb88f2e8eb1f39caf2f42b34dd2ef4c724d5621e547286320,7537,1,train,1
20906,7539,12,Benthocodon pedunculata,/home/tahiti/MARINE_DATASETS/FathomNet_FGVC2025/data/rois/7539_20906.png,/home/tahiti/MARINE_DATASETS/FathomNet_FGVC2025/data/images/7539.png,5d1d561f06490299175d84fd78a074ffe128e213b5f4536851e38bab47377467,e67967dfaab76292e2d32b286712028b2827aa3150e01b90392f5d982d16be78,7539,2,train,2
20943,7567,10,Asbestopluma monticola,/home/tahiti/MARINE_DATASETS/FathomNet_FGVC2025/data/rois/7567_20943.png,/home/tahiti/MARINE_DATASETS/FathomNet_FGVC2025/data/images/7567.png,3f2bcd908479b6a99e4066f2d71c3cef7437944adcc2ed51b64d04f840b74182,93810d4d8cd96fc9fb8cb6a6a3a9ff2a3b278b456c12952a242803c805c5541b,7567,4,train,4
20949,7567,10,Asbestopluma monticola,/home/tahiti/MARINE_DATASETS/FathomNet_FGVC2025/data/rois/7567_20949.png,/home/tahiti/MARINE_DATASETS/FathomNet_FGVC2025/data/images/7567.png,0f298fcbdeb02d088221786ea88cbed86c988f62be2c824b0aa3b8069fed6c63,93810d4d8cd96fc9fb8cb6a6a3a9ff2a3b278b456c12952a242803c805c5541b,7567,4,train,4
20951,7569,8,Apostichopus leukothele,/home/tahiti/MARINE_DATASETS/FathomNet_FGVC2025/data/rois/7569_20951.png,/home/tahiti/MARINE_DATASETS/FathomNet_FGVC2025/data/images/7569.png,96d0b5c39450204a5fb426f298f8c3f87617e17632bd1f5339aa0aa3fa382d1a,e919e49a32b440fb4f41d1a8e5686b03fcd27e66bc1b7dcb947917d3b141ab74,7569,1,train,1
20957,7573,78,Vesicomyidae,/home/tahiti/MARINE_DATASETS/FathomNet_FGVC2025/data/rois/7573_20957.png,/home/tahiti/MARINE_DATASETS/FathomNet_FGVC2025/data/images/7573.png,564bfc7336935f5953217680e04458029a56498ab5708d910352fdbf4fd642d5,9b15be92afb790193f1d45acae0ee8483cde753dfd39705a3ffa9d30e6998fd1,7573,5,train,5
20959,7573,78,Vesicomyidae,/home/tahiti/MARINE_DATASETS/FathomNet_FGVC2025/data/rois/7573_20959.png,/home/tahiti/MARINE_DATASETS/FathomNet_FGVC2025/data/images/7573.png,7c5a1fb8964ab3167c179fb96a94a3a5fd77e688cffeae5608cb47f52a0ff22b,9b15be92afb790193f1d45acae0ee8483cde753dfd39705a3ffa9d30e6998fd1,7573,5,train,5
20965,7578,9,Asbestopluma,/home/tahiti/MARINE_DATASETS/FathomNet_FGVC2025/data/rois/7578_20965.png,/home/tahiti/MARINE_DATASETS/FathomNet_FGVC2025/data/images/7578.png,9cdd91ce94f3b1e88a8403d21516ad105b99320540546af85454ce903ea1f039,bc68bcc57414b93abc0005378b33215a00147b39de7f51bfd5a3a774c3318bdd,7578,5,train,5
20967,7579,21,Elpidia,/home/tahiti/MARINE_DATASETS/FathomNet_FGVC2025/data/rois/7579_20967.png,/home/tahiti/MARINE_DATASETS/FathomNet_FGVC2025/data/images/7579.png,4c961383b46aba8dccc4019397847a1f3495ebfa26c98d3d7195fdf469fb1428,aa5e970852376771effaa77b93aa53b2bdb0dd05b66e7450076ddff0ab91653a,7579,0,train,0
20972,7581,57,Parastenella,/home/tahiti/MARINE_DATASETS/FathomNet_FGVC2025/data/rois/7581_20972.png,/home/tahiti/MARINE_DATASETS/FathomNet_FGVC2025/data/images/7581.png,0ce4a4a7c1164e35e96e02a8e08a884c1bda21e6a3f9ae5740f8db519612e764,eabc99f8c83671aeceaee35c499858062b8c95ca89cf52917ecd52093d4795b6,7581,1,train,1
20973,7581,9,Asbestopluma,/home/tahiti/MARINE_DATASETS/FathomNet_FGVC2025/data/rois/7581_20973.png,/home/tahiti/MARINE_DATASETS/FathomNet_FGVC2025/data/images/7581.png,c48ee1654b306b355545b77bf382003fc2d7f37f9a4f1961c6cf95d190574599,eabc99f8c83671aeceaee35c499858062b8c95ca89cf52917ecd52093d4795b6,7581,1,train,1
20976,7581,57,Parastenella,/home/tahiti/MARINE_DATASETS/FathomNet_FGVC2025/data/rois/7581_20976.png,/home/tahiti/MARINE_DATASETS/FathomNet_FGVC2025/data/images/7581.png,aecf2eabc647d0bfc267f8a6a43d683d26341d5800516349a365eddd5328dc2b,eabc99f8c83671aeceaee35c499858062b8c95ca89cf52917ecd52093d4795b6,7581,1,train,1
20980,7581,57,Parastenella,/home/tahiti/MARINE_DATASETS/FathomNet_FGVC2025/data/rois/7581_20980.png,/home/tahiti/MARINE_DATASETS/FathomNet_FGVC2025/data/images/7581.png,fd6c72fa163676afef01b551ffe29c597f86a4ae699dadfef0bff4930b146297,eabc99f8c83671aeceaee35c499858062b8c95ca89cf52917ecd52093d4795b6,7581,1,train,1
20989,7581,9,Asbestopluma,/home/tahiti/MARINE_DATASETS/FathomNet_FGVC2025/data/rois/7581_20989.png,/home/tahiti/MARINE_DATASETS/FathomNet_FGVC2025/data/images/7581.png,5762b6212087816776c9147a462b60048bc2b9fecf7011052def50751124d4de,eabc99f8c83671aeceaee35c499858062b8c95ca89cf52917ecd52093d4795b6,7581,1,train,1
20992,7581,57,Parastenella,/home/tahiti/MARINE_DATASETS/FathomNet_FGVC2025/data/rois/7581_20992.png,/home/tahiti/MARINE_DATASETS/FathomNet_FGVC2025/data/images/7581.png,0a5c3de5c4c508d56616c1bef88cab9a17a6d2c8cf7092e2b61e0a4feb5baf4f,eabc99f8c83671aeceaee35c499858062b8c95ca89cf52917ecd52093d4795b6,7581,1,train,1
21010,7594,9,Asbestopluma,/home/tahiti/MARINE_DATASETS/FathomNet_FGVC2025/data/rois/7594_21010.png,/home/tahiti/MARINE_DATASETS/FathomNet_FGVC2025/data/images/7594.png,14f8832f286b0cb2384ee33dda6634e8b86e410b6987c1bffbc8ebff28bf4636,f337e83a9a7e61ad2d435ab7c8d53206ef6bc4350e75843f1afdc49256b992b8,7594,4,train,4
21015,7595,21,Elpidia,/home/tahiti/MARINE_DATASETS/FathomNet_FGVC2025/data/rois/7595_21015.png,/home/tahiti/MARINE_DATASETS/FathomNet_FGVC2025/data/images/7595.png,b20454c4a8897c5f183202d0dcac438585f4b6d0427a23975e4611943edba045,fd4698a0eb65cabb9ae2e847d0b7f46cb61630709920bf9e152b2ac98924ece6,7595,5,train,5
21017,7596,57,Parastenella,/home/tahiti/MARINE_DATASETS/FathomNet_FGVC2025/data/rois/7596_21017.png,/home/tahiti/MARINE_DATASETS/FathomNet_FGVC2025/data/images/7596.png,b41bbbdd6f9046181601f780704a4a77fac42a289cdd680a9cfc00611c5d32d4,59edf18424c22e786600ecfd603ba9d2fef35003f89d973dbe52faf3dc9618a3,7596,2,train,2
21062,7609,78,Vesicomyidae,/home/tahiti/MARINE_DATASETS/FathomNet_FGVC2025/data/rois/7609_21062.png,/home/tahiti/MARINE_DATASETS/FathomNet_FGVC2025/data/images/7609.png,4c21ba335a26e61cdbd6d937ae3d438484edb11f6e13ccee385223ce1d8a9011,dc65a60e5e9c6fdcbba622578877eebaa54599a1ad9c52a8b97dd29136416dd6,7609,4,train,4
21064,7609,78,Vesicomyidae,/home/tahiti/MARINE_DATASETS/FathomNet_FGVC2025/data/rois/7609_21064.png,/home/tahiti/MARINE_DATASETS/FathomNet_FGVC2025/data/images/7609.png,0827c264363c47d46b60b6442a45f8fe409aa9029f53b9cdbf028c9a2c3f0c38,dc65a60e5e9c6fdcbba622578877eebaa54599a1ad9c52a8b97dd29136416dd6,7609,4,train,4
21114,7626,59,Pennatula phosphorea,/home/tahiti/MARINE_DATASETS/FathomNet_FGVC2025/data/rois/7626_21114.png,/home/tahiti/MARINE_DATASETS/FathomNet_FGVC2025/data/images/7626.png,e11a8452fa377833b23656334f73e042e663a27aea763a913214642fbcca2a31,4f1d07656ba24945034f160e614539125be29a0ce4c469bb4507e9af914ddcd9,7626,1,train,1
21145,7640,6,Actinopterygii,/home/tahiti/MARINE_DATASETS/FathomNet_FGVC2025/data/rois/7640_21145.png,/home/tahiti/MARINE_DATASETS/FathomNet_FGVC2025/data/images/7640.png,cb819ab68321dca6319455ee3e5f062d10b675d803bb318a7d7e2edd8b2265ad,fe961cd4df03b3543ec03c91e14f7d24db26680a6d613f2e8cb039f18c9203dc,7640,1,train,1
21149,7643,21,Elpidia,/home/tahiti/MARINE_DATASETS/FathomNet_FGVC2025/data/rois/7643_21149.png,/home/tahiti/MARINE_DATASETS/FathomNet_FGVC2025/data/images/7643.png,87150324436fdb84ac78862386d426cd968c8652076e4f2075fc20453264f47b,9852db5c0215b9d6f3979a21d21833aa1bc176181c29c2ea6297d6411c24b2f1,7643,2,train,2
21160,7651,17,Chorilia longipes,/home/tahiti/MARINE_DATASETS/FathomNet_FGVC2025/data/rois/7651_21160.png,/home/tahiti/MARINE_DATASETS/FathomNet_FGVC2025/data/images/7651.png,ae91813c0196540125e011e1688d045675c21a45f178e47ac78d658c29ebb95b,2ad572172c6277989f3eee1d17bbcac4420d623ed18adf95e2398465127b9317,7651,0,train,0
21180,7661,1,Abyssocucumis abyssorum,/home/tahiti/MARINE_DATASETS/FathomNet_FGVC2025/data/rois/7661_21180.png,/home/tahiti/MARINE_DATASETS/FathomNet_FGVC2025/data/images/7661.png,11ef154995be4f705ce817ee091832144619f5da22613834a2ce23706ca9107a,0b91995e105cc5723da63556434e6f8eee320b4324b8aaa75c56e40e3b565c54,7661,0,train,0
21209,7678,3,Acanthoptilum,/home/tahiti/MARINE_DATASETS/FathomNet_FGVC2025/data/rois/7678_21209.png,/home/tahiti/MARINE_DATASETS/FathomNet_FGVC2025/data/images/7678.png,f729d021506a7b71b3306195c1486f5ac057a440f4290a85d45f99ade62cbc28,321a009140f72f8e81dfc30df4849e77805c0c32cedf2072e40b9871787c1afb,7678,0,train,0
21226,7687,61,Psathyrometra fragilis,/home/tahiti/MARINE_DATASETS/FathomNet_FGVC2025/data/rois/7687_21226.png,/home/tahiti/MARINE_DATASETS/FathomNet_FGVC2025/data/images/7687.png,4b86a96ee498e01edddbb334ca9ec230947307c3a04706bd4f26e87eb56ed227,1335e3d3ff2b5d52139ebc97e7615978530be9ba1ca3b26ed1b7fe2c9d1ef857,7687,4,train,4
21234,7688,46,Mycale,/home/tahiti/MARINE_DATASETS/FathomNet_FGVC2025/data/rois/7688_21234.png,/home/tahiti/MARINE_DATASETS/FathomNet_FGVC2025/data/images/7688.png,feb15de9138d84c32bab579a0b7fd7b8ac23a6271eced606ddf3a1f30e3793e7,b40be9cc99aa5cc9d99a6b112dd0eb5afbec828468549e9ace94108d3c5a7e73,7688,1,train,1
21235,7688,46,Mycale,/home/tahiti/MARINE_DATASETS/FathomNet_FGVC2025/data/rois/7688_21235.png,/home/tahiti/MARINE_DATASETS/FathomNet_FGVC2025/data/images/7688.png,3c9e73997b84a75f23b2359f95b88d3138f0a366ce34e4ce7ea8e00ed007c3d2,b40be9cc99aa5cc9d99a6b112dd0eb5afbec828468549e9ace94108d3c5a7e73,7688,1,train,1
21251,7694,50,Paelopatides confundens,/home/tahiti/MARINE_DATASETS/FathomNet_FGVC2025/data/rois/7694_21251.png,/home/tahiti/MARINE_DATASETS/FathomNet_FGVC2025/data/images/7694.png,5aa7f4d93ceee1157d93ddf4f6d1132d1296c94daa8e1348a7f2158786d296fb,6d815fe9864b76ba8bdf72477854b000660a593f21e8e83ede9e82b71c66653f,7694,2,train,2
21254,7694,50,Paelopatides confundens,/home/tahiti/MARINE_DATASETS/FathomNet_FGVC2025/data/rois/7694_21254.png,/home/tahiti/MARINE_DATASETS/FathomNet_FGVC2025/data/images/7694.png,286677bb54687fa7b912a01c1de22041c87831ada47f08cb5fb838a4a036cb61,6d815fe9864b76ba8bdf72477854b000660a593f21e8e83ede9e82b71c66653f,7694,2,train,2
21257,7696,48,Ophiacanthidae,/home/tahiti/MARINE_DATASETS/FathomNet_FGVC2025/data/rois/7696_21257.png,/home/tahiti/MARINE_DATASETS/FathomNet_FGVC2025/data/images/7696.png,b1a67ab42a643840930ecf109371e10723f0ab17dd878d6954c7442236ebbcf7,a2d695d02a9e34d5efcba2d0aa0b1129d1ccef09bc2b5122d60d1f94a5c7cef6,7696,5,train,5
21272,7705,20,Delectopecten,/home/tahiti/MARINE_DATASETS/FathomNet_FGVC2025/data/rois/7705_21272.png,/home/tahiti/MARINE_DATASETS/FathomNet_FGVC2025/data/images/7705.png,f0b7810ef4d04aa87ba68e40dc45a23d9c5b484d27dc2169e0f97458e0187d97,6d7c20e97cca1a78c6421191f27b266c80ffcc82b69b48fe0efe3fd190920fe7,7705,5,train,5
21273,7706,27,Heterocarpus,/home/tahiti/MARINE_DATASETS/FathomNet_FGVC2025/data/rois/7706_21273.png,/home/tahiti/MARINE_DATASETS/FathomNet_FGVC2025/data/images/7706.png,6d2c44378d4b9c7ee14e4e5e503b2cd50616a32f65aa2c033034cb52250b1fc3,2735083b306ac5fb0541124cb95e24bd9b3fd3970338029f2670417bc08a5bd6,7706,1,train,1
21300,7718,61,Psathyrometra fragilis,/home/tahiti/MARINE_DATASETS/FathomNet_FGVC2025/data/rois/7718_21300.png,/home/tahiti/MARINE_DATASETS/FathomNet_FGVC2025/data/images/7718.png,594c2e7346e16f730aecdf2e73a2c81fca40827636fe2f6656e6db5918ee35ee,435897a79c36c3f05ed335f6a4badd065e3ad9d3265c82cc71228c35d908d6a5,7718,2,train,2
21301,7718,61,Psathyrometra fragilis,/home/tahiti/MARINE_DATASETS/FathomNet_FGVC2025/data/rois/7718_21301.png,/home/tahiti/MARINE_DATASETS/FathomNet_FGVC2025/data/images/7718.png,e396d10e736773636c4c943554924c9a2558143fe9e4bf79f90fcf556dd04b5c,435897a79c36c3f05ed335f6a4badd065e3ad9d3265c82cc71228c35d908d6a5,7718,2,train,2
21323,7726,26,Gersemia juliepackardae,/home/tahiti/MARINE_DATASETS/FathomNet_FGVC2025/data/rois/7726_21323.png,/home/tahiti/MARINE_DATASETS/FathomNet_FGVC2025/data/images/7726.png,4800a5e66b40263ea67f7bc7516340392af97ed68432431bd7a23e0a42e28763,9cb844223e736de48bc2e1d2ff321daded18289f008d3304f7f8a257e7cc9b50,7726,2,train,2
21356,7746,12,Benthocodon pedunculata,/home/tahiti/MARINE_DATASETS/FathomNet_FGVC2025/data/rois/7746_21356.png,/home/tahiti/MARINE_DATASETS/FathomNet_FGVC2025/data/images/7746.png,2397d20039e13b2770cd4ad1da8a9176b611c72a3e5ae25381ee96b6f5b64eaf,81c6a6abeb0e766cfe558b538f6a394912c7649e4b83e62684d672ec9a446198,7746,4,train,4
21384,7763,59,Pennatula phosphorea,/home/tahiti/MARINE_DATASETS/FathomNet_FGVC2025/data/rois/7763_21384.png,/home/tahiti/MARINE_DATASETS/FathomNet_FGVC2025/data/images/7763.png,8230eef91848a9298829719fd92355f47438080b8ee64d33e169196a71cd8160,a6964321c94d7d90c2c55d08b2a2d551944a354383189cca4f539e5f6d93eaf8,7763,1,train,1
21390,7766,17,Chorilia longipes,/home/tahiti/MARINE_DATASETS/FathomNet_FGVC2025/data/rois/7766_21390.png,/home/tahiti/MARINE_DATASETS/FathomNet_FGVC2025/data/images/7766.png,f310bdfcff46a285e2db9e4ab06a0284de8861f3df888546eb6ce08f217fa842,09b19937fbc1f00ece855e11f6eff440b3c5a2287a1206260f886bb06da3f1cd,7766,0,train,0
21405,7779,2,Acanthascinae,/home/tahiti/MARINE_DATASETS/FathomNet_FGVC2025/data/rois/7779_21405.png,/home/tahiti/MARINE_DATASETS/FathomNet_FGVC2025/data/images/7779.png,1ae9934dc537904b951923ad43e134b4a5fcbd17afae510b9ebf2b188e6106e9,1e34bb05253d2109854c5511c1ca3f636982ed6676e4504a4df2a8291ecf3b3b,7779,5,train,5
21437,7803,12,Benthocodon pedunculata,/home/tahiti/MARINE_DATASETS/FathomNet_FGVC2025/data/rois/7803_21437.png,/home/tahiti/MARINE_DATASETS/FathomNet_FGVC2025/data/images/7803.png,59cf183034e9434409f1b858ee5352bc5413cf7b7eff20dc8243805ee6f63739,3920f1ab58ea0f04c5b84e2e3ee410734ba26574a4291f53c26799f48a1ff765,7803,4,train,4
21458,7815,50,Paelopatides confundens,/home/tahiti/MARINE_DATASETS/FathomNet_FGVC2025/data/rois/7815_21458.png,/home/tahiti/MARINE_DATASETS/FathomNet_FGVC2025/data/images/7815.png,08cbb4a9d44973029b7ab11a6940496815128aea948829454c0078004d069ca5,04da4155de3afe5f92170094276fd3621e5d9b5745258695644fa3501ddfe60a,7815,2,train,2
21474,7827,1,Abyssocucumis abyssorum,/home/tahiti/MARINE_DATASETS/FathomNet_FGVC2025/data/rois/7827_21474.png,/home/tahiti/MARINE_DATASETS/FathomNet_FGVC2025/data/images/7827.png,38d864c1ecc97eca4b6b8e6d0148edbe33bf5405c240424c35d136bdfde40286,8b8d967d7535e22f902d185796120b8cd9d8c1003fc1adab5454a46725060fa0,7827,5,train,5
21475,7828,70,Sebastes diploproa,/home/tahiti/MARINE_DATASETS/FathomNet_FGVC2025/data/rois/7828_21475.png,/home/tahiti/MARINE_DATASETS/FathomNet_FGVC2025/data/images/7828.png,0cb071ada3df08582c365e35b85366f87e210d7fcea5c57bb0188d249bb94907,d7e28b3234e2bfd58494b451cf9b4aa252c8745bec28a381258ad50a690ce52e,7828,4,train,4
21479,7830,17,Chorilia longipes,/home/tahiti/MARINE_DATASETS/FathomNet_FGVC2025/data/rois/7830_21479.png,/home/tahiti/MARINE_DATASETS/FathomNet_FGVC2025/data/images/7830.png,cb53cc3dfa9a8736ab776efe38bd8478424978ebcb2b6fb7fbad584f712786a3,b28dabddbddca4f74bbbc7a04066c8266ad12d41cbf0d3b43e058c454327275d,7830,4,train,4
21489,7835,23,Florometra serratissima,/home/tahiti/MARINE_DATASETS/FathomNet_FGVC2025/data/rois/7835_21489.png,/home/tahiti/MARINE_DATASETS/FathomNet_FGVC2025/data/images/7835.png,e66040b504edbc45260bf27aae372ac5a913fbde0580d89188a9afebff39361c,db982100218c515a2e2de1bbcf1da9bb03d7fee5e97ace3f4a9905d0d157a877,7835,1,train,1
21503,7839,13,Brisingida,/home/tahiti/MARINE_DATASETS/FathomNet_FGVC2025/data/rois/7839_21503.png,/home/tahiti/MARINE_DATASETS/FathomNet_FGVC2025/data/images/7839.png,60f0f00d20c16ad86d669e3d318177ed19ffb37415306653cfaf4be6413bd966,f1ac76a221ce8afa825ce2d54b46762a644c177b2f01f8f2cc0203d36ba5dc88,7839,1,train,1
21509,7843,70,Sebastes diploproa,/home/tahiti/MARINE_DATASETS/FathomNet_FGVC2025/data/rois/7843_21509.png,/home/tahiti/MARINE_DATASETS/FathomNet_FGVC2025/data/images/7843.png,caf6b8bf89c97e4bf082c3580f22dceb0217f9c00172c0c55b58784011d90fb3,5a0c116ba01a51e5c4923812b412a0bb704b7580f9e10e2ae5b3b25bc355c3f1,7843,4,train,4
21514,7845,61,Psathyrometra fragilis,/home/tahiti/MARINE_DATASETS/FathomNet_FGVC2025/data/rois/7845_21514.png,/home/tahiti/MARINE_DATASETS/FathomNet_FGVC2025/data/images/7845.png,fee6ab20249b335dbaafc48f0baf29cb2f15bda266ec07761b8ebe97e835647f,07be172deb6003f9c1fb2dc5706297ed0f7ea11fd9eb68597a783fc521063f88,7845,4,train,4
21534,7855,8,Apostichopus leukothele,/home/tahiti/MARINE_DATASETS/FathomNet_FGVC2025/data/rois/7855_21534.png,/home/tahiti/MARINE_DATASETS/FathomNet_FGVC2025/data/images/7855.png,07b1b7fd398d4e2c3ff25f9429fa855a94ff19d0183c5c2dcdf215f21e20589f,3606bfe7c1ca73aca91f29a24c042a5bb199e37df8ac23e8c21360d97df163e3,7855,2,train,2
21536,7857,10,Asbestopluma monticola,/home/tahiti/MARINE_DATASETS/FathomNet_FGVC2025/data/rois/7857_21536.png,/home/tahiti/MARINE_DATASETS/FathomNet_FGVC2025/data/images/7857.png,1c10d06e9eebd018cb7b3b6ffc84dc7b8636ed2b61ba38b93d032a2f5928e30b,742387476217da1c6fd730d854624035078845e70c3d974a64fb32dd900f6a4c,7857,4,train,4
21548,7863,1,Abyssocucumis abyssorum,/home/tahiti/MARINE_DATASETS/FathomNet_FGVC2025/data/rois/7863_21548.png,/home/tahiti/MARINE_DATASETS/FathomNet_FGVC2025/data/images/7863.png,aae3de08af361cec83d04c127877eb28ee2a0c80f75d90c8e97a68ce248e62df,852e111c5ac76ce47045d554d2903042f55bc3d028282edc4fe45b88b0968034,7863,2,train,2
21553,7866,27,Heterocarpus,/home/tahiti/MARINE_DATASETS/FathomNet_FGVC2025/data/rois/7866_21553.png,/home/tahiti/MARINE_DATASETS/FathomNet_FGVC2025/data/images/7866.png,eb3f547a25e3407cb0c2d2ef990ea6eef3c0ac104c140e3c8034904ddc3d3193,18d3d1584329a91957c285c54f5b51e6afb634bf3cb46d179c04001eb4bca398,7866,4,train,4
21557,7867,50,Paelopatides confundens,/home/tahiti/MARINE_DATASETS/FathomNet_FGVC2025/data/rois/7867_21557.png,/home/tahiti/MARINE_DATASETS/FathomNet_FGVC2025/data/images/7867.png,b3ca4f490e0c7134ce1480cd59e9bbe0f2e51aa2aeb5af4f3697f3961849a336,5e874be3354e7095bed5a95e2894de8e671861fcdb8a106ba906644c2e776ef0,7867,4,train,4
21630,7904,75,Terebellidae,/home/tahiti/MARINE_DATASETS/FathomNet_FGVC2025/data/rois/7904_21630.png,/home/tahiti/MARINE_DATASETS/FathomNet_FGVC2025/data/images/7904.png,29a0beee9ed391500653f960d1c86f3a4f4586a81965f5f32fe604926ce7967b,d11d20d0c48dae7c16020917ba1058f1be836c5b9a724b6dfc39d245cfc44a9b,7904,4,train,4
21642,7905,75,Terebellidae,/home/tahiti/MARINE_DATASETS/FathomNet_FGVC2025/data/rois/7905_21642.png,/home/tahiti/MARINE_DATASETS/FathomNet_FGVC2025/data/images/7905.png,60f8098d2a5a775e504ced1581b87f5461779f27c305df61cfdeb9982f5d0ddf,ef0e6ab4b0bc05f27c20321e4b50542bff7601e124dcc296a43b77ee2a56a648,7905,1,train,1
21646,7907,20,Delectopecten,/home/tahiti/MARINE_DATASETS/FathomNet_FGVC2025/data/rois/7907_21646.png,/home/tahiti/MARINE_DATASETS/FathomNet_FGVC2025/data/images/7907.png,d56a61531821c49a5a5c896b09d6879e65f94b56b6447e6f4c58fde1cead9619,00b5ab270d552ccd3dc23569333f60c40f6151a88652e2940acb5829e86dbc10,7907,4,train,4
21648,7908,20,Delectopecten,/home/tahiti/MARINE_DATASETS/FathomNet_FGVC2025/data/rois/7908_21648.png,/home/tahiti/MARINE_DATASETS/FathomNet_FGVC2025/data/images/7908.png,34d7b359603c9cc2b6b512667b53b942a4b76b806d846c3eb709d79d023cda08,e287e771c6a2afe83f8f699098369c7af35aef65212fe5a937d27feb3e52cb5f,7908,1,train,1
21660,7913,3,Acanthoptilum,/home/tahiti/MARINE_DATASETS/FathomNet_FGVC2025/data/rois/7913_21660.png,/home/tahiti/MARINE_DATASETS/FathomNet_FGVC2025/data/images/7913.png,2eebf7abba8d5b60eda039481636233e6b4151dc07a402c7ae0c608e6b37d5ff,e454b5948db3beeea7926a4e6924c3cf93c2d024bf81b5ae3cbfe21209a83d38,7913,2,train,2
21668,7921,6,Actinopterygii,/home/tahiti/MARINE_DATASETS/FathomNet_FGVC2025/data/rois/7921_21668.png,/home/tahiti/MARINE_DATASETS/FathomNet_FGVC2025/data/images/7921.png,9f34d71db31814ed7a0a4f124a9fbf69807d3ceb8b1d69a8d6e40922216d52f5,a7f9a8968360d46633dd45da9061f987c0fea8293f03e2183b93b5972b15fd04,7921,5,train,5
21699,7941,1,Abyssocucumis abyssorum,/home/tahiti/MARINE_DATASETS/FathomNet_FGVC2025/data/rois/7941_21699.png,/home/tahiti/MARINE_DATASETS/FathomNet_FGVC2025/data/images/7941.png,efd331b237cd3413993b8d89506ef222f02c27c3fd94546a1ddacd03c987126d,03c9fb373dd649b90475699f3b823b604c35302c934c051a738ef4f323857170,7941,1,train,1
21705,7942,61,Psathyrometra fragilis,/home/tahiti/MARINE_DATASETS/FathomNet_FGVC2025/data/rois/7942_21705.png,/home/tahiti/MARINE_DATASETS/FathomNet_FGVC2025/data/images/7942.png,b6e10bb01eb278daaf1e65a9d10411c7c837969b8069c986b6fdfbebfa46aa49,f63448f3f7c0bf40622436e2b200d667420d9638625cddc5bf5b7ee4a10257c6,7942,0,train,0
21715,7950,18,Corallimorphus pilatus,/home/tahiti/MARINE_DATASETS/FathomNet_FGVC2025/data/rois/7950_21715.png,/home/tahiti/MARINE_DATASETS/FathomNet_FGVC2025/data/images/7950.png,7b5a7eb993fc31a40c03d400d8ed742c9e4dce00adcd24f42bf2818fe7094359,a1b6ec759e541248f3743a50373ce514487eeb4fd34ac29c1ea4959280b87d2f,7950,0,train,0
21726,7955,17,Chorilia longipes,/home/tahiti/MARINE_DATASETS/FathomNet_FGVC2025/data/rois/7955_21726.png,/home/tahiti/MARINE_DATASETS/FathomNet_FGVC2025/data/images/7955.png,96f206e602022a8351c34b543bd11ff446fa71ee53d80031bb1b8dfa0e1909fd,be3f020f5ce260c9703d62143e53e592e91d1cc261fe72618197b78879251e67,7955,4,train,4
21733,7961,40,Mediaster aequalis,/home/tahiti/MARINE_DATASETS/FathomNet_FGVC2025/data/rois/7961_21733.png,/home/tahiti/MARINE_DATASETS/FathomNet_FGVC2025/data/images/7961.png,325e1474211b02c3d358bef7bc1aafc65b795796579449b9aad9cfa5f205a8d6,fc842d6bc33dfd217092bf282bb6c3b2d76d70752a49feacf60bb3a790705763,7961,4,train,4
21755,7976,12,Benthocodon pedunculata,/home/tahiti/MARINE_DATASETS/FathomNet_FGVC2025/data/rois/7976_21755.png,/home/tahiti/MARINE_DATASETS/FathomNet_FGVC2025/data/images/7976.png,3658f3f93ca4ad035b261da220ce0f88b5a0e3c125a84eca84e6e13e273fba97,6464ebebd624843ea8f290184233a3526d1fcf92ce75009df2f57ac46dd70ac4,7976,1,train,1
21763,7976,12,Benthocodon pedunculata,/home/tahiti/MARINE_DATASETS/FathomNet_FGVC2025/data/rois/7976_21763.png,/home/tahiti/MARINE_DATASETS/FathomNet_FGVC2025/data/images/7976.png,92d3e906faa0aa423e10eb342c96200cd6769a80079e0ad5dbd4dcc516d64ba0,6464ebebd624843ea8f290184233a3526d1fcf92ce75009df2f57ac46dd70ac4,7976,1,train,1
21779,7983,46,Mycale,/home/tahiti/MARINE_DATASETS/FathomNet_FGVC2025/data/rois/7983_21779.png,/home/tahiti/MARINE_DATASETS/FathomNet_FGVC2025/data/images/7983.png,3d90cac5b38dc3632a90e454e927f0e9a7a547e8cbdb961363ac7c4a3f0a42cc,b20a10e705be5734ee9eaefcf0624601a6812573e706942ac01c243ed43b2a64,7983,5,train,5
21792,7991,3,Acanthoptilum,/home/tahiti/MARINE_DATASETS/FathomNet_FGVC2025/data/rois/7991_21792.png,/home/tahiti/MARINE_DATASETS/FathomNet_FGVC2025/data/images/7991.png,b30beb0d1512ec05628f2e301cddedf3bae4c60e80583048b1171585ecaf3af4,a33c53f1b739af23457fd45475772d08388236559f140d3d1c4bad52c9984425,7991,2,train,2
21801,7996,26,Gersemia juliepackardae,/home/tahiti/MARINE_DATASETS/FathomNet_FGVC2025/data/rois/7996_21801.png,/home/tahiti/MARINE_DATASETS/FathomNet_FGVC2025/data/images/7996.png,67ab495aae453226e9ad4afa0ac2bac67cc5cc996463b1e4392a3b3bc839548a,4f08933ace065b3beee04ab8f0c47c83e01b4aeec18c9f07c3f630429893e748,7996,0,train,0
21828,8006,20,Delectopecten,/home/tahiti/MARINE_DATASETS/FathomNet_FGVC2025/data/rois/8006_21828.png,/home/tahiti/MARINE_DATASETS/FathomNet_FGVC2025/data/images/8006.png,04f4db154dabc6e2e8a2cd07c7e8e5c706d521f97f0b15cb8f195354be1b8117,88d7b204133afa3321c9c5d1fc22a41251df818a6081ddfdcf887996146d5f86,8006,0,train,0
21830,8006,20,Delectopecten,/home/tahiti/MARINE_DATASETS/FathomNet_FGVC2025/data/rois/8006_21830.png,/home/tahiti/MARINE_DATASETS/FathomNet_FGVC2025/data/images/8006.png,dfe7468e86201ced392b7c279df81fc4703e1e64916965bd1e12c4e7e6a916e2,88d7b204133afa3321c9c5d1fc22a41251df818a6081ddfdcf887996146d5f86,8006,0,train,0
21839,8011,46,Mycale,/home/tahiti/MARINE_DATASETS/FathomNet_FGVC2025/data/rois/8011_21839.png,/home/tahiti/MARINE_DATASETS/FathomNet_FGVC2025/data/images/8011.png,c7d33e4501179fdd9ab41e00bf8c50a9183000c0b25ede7a8436961d735b317a,755992ed0521431817e535de1e0df0425791463eea1a364ef49eb4fd092d01c3,8011,5,train,5
21857,8020,18,Corallimorphus pilatus,/home/tahiti/MARINE_DATASETS/FathomNet_FGVC2025/data/rois/8020_21857.png,/home/tahiti/MARINE_DATASETS/FathomNet_FGVC2025/data/images/8020.png,aca2135d4f15c337345151b6300b6a5ace4f6f572d156636f4309899fdad955b,72dd3b0b7130ccd1cdee6cf6554f7356bcad1d7d6b717b392610eabfdfde5bf5,8020,5,train,5
21863,8024,12,Benthocodon pedunculata,/home/tahiti/MARINE_DATASETS/FathomNet_FGVC2025/data/rois/8024_21863.png,/home/tahiti/MARINE_DATASETS/FathomNet_FGVC2025/data/images/8024.png,52407c6ed9167f675a31d1b9ae5551684fc20150d15470b52b0e808bc209489a,26b16046b290f5485075a3f02eb7d4c747dfa14db7e588c536c78a47af8182aa,8024,4,train,4
21867,8027,6,Actinopterygii,/home/tahiti/MARINE_DATASETS/FathomNet_FGVC2025/data/rois/8027_21867.png,/home/tahiti/MARINE_DATASETS/FathomNet_FGVC2025/data/images/8027.png,d2a1041c234d134265c15ce6d2c1a5e1d60867e9427b4b11a4f41d73bd0a6d73,0b36746d5281f4fa19263cccd22ce912dfa1642cfa26db8e97e941021614381c,8027,0,train,0
21878,8033,2,Acanthascinae,/home/tahiti/MARINE_DATASETS/FathomNet_FGVC2025/data/rois/8033_21878.png,/home/tahiti/MARINE_DATASETS/FathomNet_FGVC2025/data/images/8033.png,7943d0ba070c72eab8cc6330d7932313477c47b26e7d53603839f61d571ef20b,509daa915e8d92dc3541db96cd3d48755750bca43338b69e16986f018069fb2b,8033,1,train,1
21893,8038,1,Abyssocucumis abyssorum,/home/tahiti/MARINE_DATASETS/FathomNet_FGVC2025/data/rois/8038_21893.png,/home/tahiti/MARINE_DATASETS/FathomNet_FGVC2025/data/images/8038.png,e852ed11ccf35437ae64bb172ccfc4219fec2c4596fd8dddc7f3fa6e0f1af7e7,b26257ab35cd67f3ac961b0638f8b8c53d80711e6a951698b345acac95dec148,8038,4,train,4
21902,8041,17,Chorilia longipes,/home/tahiti/MARINE_DATASETS/FathomNet_FGVC2025/data/rois/8041_21902.png,/home/tahiti/MARINE_DATASETS/FathomNet_FGVC2025/data/images/8041.png,62d1671274f2b1a754fb9cd9d9a0f6d89da9a9397a5c6f8371d4603ca270fb0d,d39f1141e723a91afdc872ba0227e44ada5d1225670fb1ebc53ae8bb12626974,8041,1,train,1
21918,8054,46,Mycale,/home/tahiti/MARINE_DATASETS/FathomNet_FGVC2025/data/rois/8054_21918.png,/home/tahiti/MARINE_DATASETS/FathomNet_FGVC2025/data/images/8054.png,45478d78a34baf020fac16a6f340d8d18b61bbdb7ccecff2d69c6719f7e9d20c,da9627884240926dccf3032adae1652ab1d6b6cb5928009ff37245c4b09b4e88,8054,5,train,5
21919,8055,1,Abyssocucumis abyssorum,/home/tahiti/MARINE_DATASETS/FathomNet_FGVC2025/data/rois/8055_21919.png,/home/tahiti/MARINE_DATASETS/FathomNet_FGVC2025/data/images/8055.png,1ae28aecacf6bba8f3b25ad3a227abc5573114f8f76d03e0097ac89ae946d1dd,304f606894594ec9051cc9d183f73140560ee5888022b2c75f103f6707a2ee5f,8055,2,train,2
21931,8059,26,Gersemia juliepackardae,/home/tahiti/MARINE_DATASETS/FathomNet_FGVC2025/data/rois/8059_21931.png,/home/tahiti/MARINE_DATASETS/FathomNet_FGVC2025/data/images/8059.png,9a78d2babe1a8906d1ed7188a82b83ba5d7c0e32ca2656f59ebb56f2050761bd,394a4d179b5d07af131f9d9658788945c8ffdea183a3873fb1ebfe170c10ef58,8059,1,train,1
21948,8071,6,Actinopterygii,/home/tahiti/MARINE_DATASETS/FathomNet_FGVC2025/data/rois/8071_21948.png,/home/tahiti/MARINE_DATASETS/FathomNet_FGVC2025/data/images/8071.png,c68192a6b7a0fe17707cf2f3fe98fea8b8d5f7fd317d9930f9437cdd74148ab5,f572b2afc2f26fd9b0b3168b7763ede95e29fbbe6fde59f7e508bc35647ca0f9,8071,5,train,5
21961,8077,6,Actinopterygii,/home/tahiti/MARINE_DATASETS/FathomNet_FGVC2025/data/rois/8077_21961.png,/home/tahiti/MARINE_DATASETS/FathomNet_FGVC2025/data/images/8077.png,f120334b1e3856c71cda3e9cbbdf40f7b16c5470f345f47bfcb0aa36a4e394ad,f491bc67cd6807756387245fdc2ffe61bdc965589ea2dd7e2d082fff9311afab,8077,2,train,2
21971,8086,27,Heterocarpus,/home/tahiti/MARINE_DATASETS/FathomNet_FGVC2025/data/rois/8086_21971.png,/home/tahiti/MARINE_DATASETS/FathomNet_FGVC2025/data/images/8086.png,837eba48f622b07f22454db0a3056d558c3c8153ab7b7eae21e1d22c21e6ec1b,de175124eacab0f3ea33bad2f4a089edfeb0b32b591b959b3a09e291668a9087,8086,4,train,4
21976,8087,27,Heterocarpus,/home/tahiti/MARINE_DATASETS/FathomNet_FGVC2025/data/rois/8087_21976.png,/home/tahiti/MARINE_DATASETS/FathomNet_FGVC2025/data/images/8087.png,f4ce54eed521b715d3aec532ccacb2593dd9ee4d9f5b8b36b1246943f437b912,f342b4a57e94e428963a3a0f06029b13471a32dd9dc7158fb524a823805ba254,8087,2,train,2
21977,8087,27,Heterocarpus,/home/tahiti/MARINE_DATASETS/FathomNet_FGVC2025/data/rois/8087_21977.png,/home/tahiti/MARINE_DATASETS/FathomNet_FGVC2025/data/images/8087.png,26a709176fdde1188774e7a4216a8a6756c793fdc18bacba1a58136cf8062fee,f342b4a57e94e428963a3a0f06029b13471a32dd9dc7158fb524a823805ba254,8087,2,train,2
21987,8092,8,Apostichopus leukothele,/home/tahiti/MARINE_DATASETS/FathomNet_FGVC2025/data/rois/8092_21987.png,/home/tahiti/MARINE_DATASETS/FathomNet_FGVC2025/data/images/8092.png,15dedf0f8fa1a87ea84f1498a7ef449b1399dfb29ecbbccdd7fa5bf66acfcb44,5188894fcb57b55c8a9f3eb96c23907bfc888b4099560e4f431db933c3e26d6e,8092,0,train,0
22000,8101,13,Brisingida,/home/tahiti/MARINE_DATASETS/FathomNet_FGVC2025/data/rois/8101_22000.png,/home/tahiti/MARINE_DATASETS/FathomNet_FGVC2025/data/images/8101.png,7ef2977f7ddc54d77b6aa56043937fd46f1deec903421b89b814ceff699e6179,c67b5a6b442cffaaf8f1e2b3f876f468a4a6a22d364700bba92b4168db1de55e,8101,1,train,1
22010,8110,23,Florometra serratissima,/home/tahiti/MARINE_DATASETS/FathomNet_FGVC2025/data/rois/8110_22010.png,/home/tahiti/MARINE_DATASETS/FathomNet_FGVC2025/data/images/8110.png,acb3d7613e2ec59dbb1c4dd7f83661a100688d6c566e4443874b50d68f9eb852,caec287ac0bf29cbb33ec480e1911f082d6586f666d5b86eed869dfb8df387f2,8110,0,train,0
22012,8111,39,Lithodidae,/home/tahiti/MARINE_DATASETS/FathomNet_FGVC2025/data/rois/8111_22012.png,/home/tahiti/MARINE_DATASETS/FathomNet_FGVC2025/data/images/8111.png,2617ae54158675c1615a0875c6e3f0f13554485acd51f9f5fe334612deb49328,be178794c11908a1a1502c545b0c8776bdcafebe57af9779002ff546aaed4e50,8111,5,train,5
22020,8114,61,Psathyrometra fragilis,/home/tahiti/MARINE_DATASETS/FathomNet_FGVC2025/data/rois/8114_22020.png,/home/tahiti/MARINE_DATASETS/FathomNet_FGVC2025/data/images/8114.png,a2ba11666f9d24fc12e0ec997a134457e2cba9602fecf729dc375b9cf4e93efb,8c7ecedf35d1c09eb3a28706ecce7bc2953b6b664c82524cea20a0c28d651f6c,8114,4,train,4
22021,8114,61,Psathyrometra fragilis,/home/tahiti/MARINE_DATASETS/FathomNet_FGVC2025/data/rois/8114_22021.png,/home/tahiti/MARINE_DATASETS/FathomNet_FGVC2025/data/images/8114.png,4ac37567e52c915bf1fed1836a999cf5847c8ab1db602280978f936f3a140eec,8c7ecedf35d1c09eb3a28706ecce7bc2953b6b664c82524cea20a0c28d651f6c,8114,4,train,4
22038,8119,26,Gersemia juliepackardae,/home/tahiti/MARINE_DATASETS/FathomNet_FGVC2025/data/rois/8119_22038.png,/home/tahiti/MARINE_DATASETS/FathomNet_FGVC2025/data/images/8119.png,87a85642edb362643972af0e3bc4a5d9a36d3c1af2e00ab540af6462075e77f9,f1941ee9300158b51512a56d29d7483b7db4ecc53ca829732138dc50bf8c833c,8119,4,train,4
22041,8121,23,Florometra serratissima,/home/tahiti/MARINE_DATASETS/FathomNet_FGVC2025/data/rois/8121_22041.png,/home/tahiti/MARINE_DATASETS/FathomNet_FGVC2025/data/images/8121.png,3e5b9c8f2508a98c7e7d806eeb6bb18a56648540a8ffc827a1e5b414b7ed433d,f8ab1bd0affe9d3d7d2ce75c5ef3c291467b4e3866899652e39057a6c0f85b87,8121,5,train,5
22055,8131,1,Abyssocucumis abyssorum,/home/tahiti/MARINE_DATASETS/FathomNet_FGVC2025/data/rois/8131_22055.png,/home/tahiti/MARINE_DATASETS/FathomNet_FGVC2025/data/images/8131.png,b39509be1b5e29bf6883310ec0e77c9b3538713dd8f1f8f9f605c93df8ffaddd,2a1a49ce40f6fe74fdf73b1d1f62dc9c77afc0de4d97413262438d62df8ee0ae,8131,4,train,4
22064,8139,2,Acanthascinae,/home/tahiti/MARINE_DATASETS/FathomNet_FGVC2025/data/rois/8139_22064.png,/home/tahiti/MARINE_DATASETS/FathomNet_FGVC2025/data/images/8139.png,8e27f7fa3ef56fe47613c0f16ffbcf91dee3d3e4d2ae40994d6a0b7249b84edf,2add144a4b785498023a4d43b323d33ee6e81015f4bad6d012fac25df2ee6ac1,8139,4,train,4
22067,8140,46,Mycale,/home/tahiti/MARINE_DATASETS/FathomNet_FGVC2025/data/rois/8140_22067.png,/home/tahiti/MARINE_DATASETS/FathomNet_FGVC2025/data/images/8140.png,4c84c8d14039dcad9bb99f4d11f95e0c7ee6a27ba4e2e07b5260e749f80218e4,fd695688f3f2f131dbe2111a43157f62e302d98e5b72b0a64691928bd50af92b,8140,5,train,5
22076,8147,12,Benthocodon pedunculata,/home/tahiti/MARINE_DATASETS/FathomNet_FGVC2025/data/rois/8147_22076.png,/home/tahiti/MARINE_DATASETS/FathomNet_FGVC2025/data/images/8147.png,8264a386be81165decfe3e1d125b7615e615049d7c328294dbf35edf2ff01b94,11272e703a886729091ec4ce207b30ffc35adc5aab9576b65cbc34c5427abb49,8147,5,train,5
22142,8178,40,Mediaster aequalis,/home/tahiti/MARINE_DATASETS/FathomNet_FGVC2025/data/rois/8178_22142.png,/home/tahiti/MARINE_DATASETS/FathomNet_FGVC2025/data/images/8178.png,24d2b37381fdeed40403fba0b90fa65805a21638d1bdb48cc1f70c9f86f68d73,d0b3964babe2ff591e70f17ab10852cf95b922019448d758b13965af7276cb16,8178,1,train,1
22143,8179,13,Brisingida,/home/tahiti/MARINE_DATASETS/FathomNet_FGVC2025/data/rois/8179_22143.png,/home/tahiti/MARINE_DATASETS/FathomNet_FGVC2025/data/images/8179.png,e6e153f54e9ca72790a7d1998a72383a7575ce7d6146e44cd13292c51c2d2055,bd9bee6b0cfa2e0794902076a3bdca4e63b8fd5576299f568d03837f53ecfd88,8179,2,train,2
22153,8182,75,Terebellidae,/home/tahiti/MARINE_DATASETS/FathomNet_FGVC2025/data/rois/8182_22153.png,/home/tahiti/MARINE_DATASETS/FathomNet_FGVC2025/data/images/8182.png,fab5e9cb07daa734857ecb8984411dcb78c5270ebab253cd17cc56f483000407,d6c98de4adbb0643e388b3d1a2691fd8f585b3feeee7632eb544697cf6e209a8,8182,2,train,2
22159,8187,48,Ophiacanthidae,/home/tahiti/MARINE_DATASETS/FathomNet_FGVC2025/data/rois/8187_22159.png,/home/tahiti/MARINE_DATASETS/FathomNet_FGVC2025/data/images/8187.png,e01034a7df578234e5b931869da35410bcdaf672a1342c6469794d2481f40ee5,2be2e4aa3675c79a30a704fc7f09c212a41464909f884871ad7702322048f793,8187,0,train,0
22194,8207,2,Acanthascinae,/home/tahiti/MARINE_DATASETS/FathomNet_FGVC2025/data/rois/8207_22194.png,/home/tahiti/MARINE_DATASETS/FathomNet_FGVC2025/data/images/8207.png,8308a26acce4e95cc98dbcd7eee15ed537619e76f51303574a068c981b8a67d2,1b7760be483c694db8dea99b11fc624dfda80c8f9b15a6c2b9c60506a74b6a24,8207,2,train,2
22197,8210,2,Acanthascinae,/home/tahiti/MARINE_DATASETS/FathomNet_FGVC2025/data/rois/8210_22197.png,/home/tahiti/MARINE_DATASETS/FathomNet_FGVC2025/data/images/8210.png,d3ff73ae92cf70fe5365320acc70b1763cebc25674902fd1a79a06cd71094d1d,728a18fa45f02bdf1e150dc0a8974c16de298a60e708d1fa02d0184fe987dbec,8210,2,train,2
22205,8216,23,Florometra serratissima,/home/tahiti/MARINE_DATASETS/FathomNet_FGVC2025/data/rois/8216_22205.png,/home/tahiti/MARINE_DATASETS/FathomNet_FGVC2025/data/images/8216.png,781bb6bdcbae9281ec08c35a577d2696cd6bdbb9d34bb70c61c1bcd3d80d45c7,5c5d68e4e6648bcccf8284b91dedd7bac914f3c47cb98d85fbfa842223d48cf0,8216,2,train,2
22227,8226,48,Ophiacanthidae,/home/tahiti/MARINE_DATASETS/FathomNet_FGVC2025/data/rois/8226_22227.png,/home/tahiti/MARINE_DATASETS/FathomNet_FGVC2025/data/images/8226.png,ebc1255871d742d4d5f93c0c55ae07d831008a7789457d0a210f5abaa461e572,34b83edeb807ae9c9f150be489ed3547063fb63311f918b6e5aa79ad4c4c8adb,8226,1,train,1
22231,8230,1,Abyssocucumis abyssorum,/home/tahiti/MARINE_DATASETS/FathomNet_FGVC2025/data/rois/8230_22231.png,/home/tahiti/MARINE_DATASETS/FathomNet_FGVC2025/data/images/8230.png,97f2c1518b4dc9bb4638f3908d68d5a73172e5bdd3fe74d6f35b2c64e76db5d2,dcb9105c9163c0cf0df96b49889e685a1f6925eb99ad76220fd74a6029c4ed54,8230,4,train,4
22235,8234,2,Acanthascinae,/home/tahiti/MARINE_DATASETS/FathomNet_FGVC2025/data/rois/8234_22235.png,/home/tahiti/MARINE_DATASETS/FathomNet_FGVC2025/data/images/8234.png,352a24bf06f92cdcbcaaf0c05da96fe4a96e68214777745672fcab1f03ff0203,5eda58b340993bf156767dd2ae7dc6aec2b4ba2636ae713ed04ae0382a446d97,8234,2,train,2
22243,8237,26,Gersemia juliepackardae,/home/tahiti/MARINE_DATASETS/FathomNet_FGVC2025/data/rois/8237_22243.png,/home/tahiti/MARINE_DATASETS/FathomNet_FGVC2025/data/images/8237.png,e47c8a15fdee3e9b2f4e0c334f3db57204c2d2b04c5763b667b0fc68390b2301,bb4aae0a47e90a072d6d8dc9d1cf933a4de9bedf8077c8fc6ae8a1d7ef9a3616,8237,5,train,5
22253,8238,1,Abyssocucumis abyssorum,/home/tahiti/MARINE_DATASETS/FathomNet_FGVC2025/data/rois/8238_22253.png,/home/tahiti/MARINE_DATASETS/FathomNet_FGVC2025/data/images/8238.png,f3e117288746e4dc69a182fa34830aca84a61926758bd184d222227ac30c3307,53b10a5f819875b800d2e95fcba5c71505faf6bf1d86dd053579129757e8e382,8238,4,train,4
22287,8265,75,Terebellidae,/home/tahiti/MARINE_DATASETS/FathomNet_FGVC2025/data/rois/8265_22287.png,/home/tahiti/MARINE_DATASETS/FathomNet_FGVC2025/data/images/8265.png,229573eb6d6a2a8fddcc90be4ad9764c74b0d4a5d36317bcd53eddbf38b70f1b,5c53f9f3af83e22f552f33cacc9dfb3508a684aa692d32316d8cb983042fff18,8265,5,train,5
22308,8275,75,Terebellidae,/home/tahiti/MARINE_DATASETS/FathomNet_FGVC2025/data/rois/8275_22308.png,/home/tahiti/MARINE_DATASETS/FathomNet_FGVC2025/data/images/8275.png,e48c74979029da022a0a260012e05eea04cbb40fd4d54e594fb045337b8c8286,96ac6bb9fa0ca84479bb19c99b9c70062115c2dfd50ade20ba7b8cfa5268fb3e,8275,4,train,4
22309,8276,13,Brisingida,/home/tahiti/MARINE_DATASETS/FathomNet_FGVC2025/data/rois/8276_22309.png,/home/tahiti/MARINE_DATASETS/FathomNet_FGVC2025/data/images/8276.png,8413a0000010b4563220eb9ec72a1d2d504b669eab1c3c57c856f64462e6c57d,34e869e97bbc14a2c8a7b08799ff51c8c04131a8269b8b21f1069325964a535f,8276,5,train,5
22314,8280,27,Heterocarpus,/home/tahiti/MARINE_DATASETS/FathomNet_FGVC2025/data/rois/8280_22314.png,/home/tahiti/MARINE_DATASETS/FathomNet_FGVC2025/data/images/8280.png,d4cbf10461bc2d23b2064551e309d7eba8a66762e00357f05d8ca4c47a1a7e63,3803916b8eb90fb791abedef8110e00d0972aa48b0177ab13a470246cc6ffa5a,8280,1,train,1
22322,8283,46,Mycale,/home/tahiti/MARINE_DATASETS/FathomNet_FGVC2025/data/rois/8283_22322.png,/home/tahiti/MARINE_DATASETS/FathomNet_FGVC2025/data/images/8283.png,da80d2a48a2de32e4f5e5ed4811ec065f04232fbb72e69557273fe97f26f7204,d471ff45235c810afaa924c3b2c39695b0769e83c3caf59a85376d8794766b38,8283,5,train,5
22354,8297,6,Actinopterygii,/home/tahiti/MARINE_DATASETS/FathomNet_FGVC2025/data/rois/8297_22354.png,/home/tahiti/MARINE_DATASETS/FathomNet_FGVC2025/data/images/8297.png,93c811c0b17e91601aacc2f2c49c1b4aa5bfe2baf02e01ece3a297d6d58f7be4,9c1688d11e9581efe8797d421819d3d72d29f94c2218d3598941774453bd28e2,8297,1,train,1
22381,8315,46,Mycale,/home/tahiti/MARINE_DATASETS/FathomNet_FGVC2025/data/rois/8315_22381.png,/home/tahiti/MARINE_DATASETS/FathomNet_FGVC2025/data/images/8315.png,1157ed20abce060cba3735ea31f8d36a142d2f131be4d2e38d64fd0acbf0db35,2d5ab7155bf336b5cca8c6fe9aa79cca7a98049eb65579d4bc17011df32cdde1,8315,2,train,2
22389,8316,59,Pennatula phosphorea,/home/tahiti/MARINE_DATASETS/FathomNet_FGVC2025/data/rois/8316_22389.png,/home/tahiti/MARINE_DATASETS/FathomNet_FGVC2025/data/images/8316.png,32695c999f771507c0277c96397b30d40ba8639005f03965976e4dfb9cce9458,a828af70dde6255f2b2fb69b86a0d0561f2b7f2733d1a74138bc3274f1541fbd,8316,5,train,5
22473,8356,8,Apostichopus leukothele,/home/tahiti/MARINE_DATASETS/FathomNet_FGVC2025/data/rois/8356_22473.png,/home/tahiti/MARINE_DATASETS/FathomNet_FGVC2025/data/images/8356.png,698c7f71ed87c44afe8518c1fb2d1f1669158bc36308806d6448d3823d0e4c5a,2badbbd9e8b9601c46be1a03c83ea6a9f22ff61156ebfe03861e443847e2187d,8356,5,train,5
22485,8360,3,Acanthoptilum,/home/tahiti/MARINE_DATASETS/FathomNet_FGVC2025/data/rois/8360_22485.png,/home/tahiti/MARINE_DATASETS/FathomNet_FGVC2025/data/images/8360.png,344d2eeffd3e80d223f6826fa9d4e601a680a6ff097c121a287a11fb9dc13426,4cbab9beeff53896cdccdbfc8ec84b864cf6021065111846d6b57173b7f2b385,8360,4,train,4
22506,8370,61,Psathyrometra fragilis,/home/tahiti/MARINE_DATASETS/FathomNet_FGVC2025/data/rois/8370_22506.png,/home/tahiti/MARINE_DATASETS/FathomNet_FGVC2025/data/images/8370.png,7d2fc660a72e90a67fd07f3a45e349b08f2ebebf8b9707ad64c7acb02370f715,6f5dbe99ec8fce7de606cc12ff40ebaf20e4ab0614d5290058bbb528f97b113b,8370,4,train,4
22515,8376,39,Lithodidae,/home/tahiti/MARINE_DATASETS/FathomNet_FGVC2025/data/rois/8376_22515.png,/home/tahiti/MARINE_DATASETS/FathomNet_FGVC2025/data/images/8376.png,029fbd4836d18bec30d9a623fb4a24e8be0b1133d4052422960fdf37775466c1,e32682c186dda2bffc1d526deba7a7ad381d5ca2f65cc0200c3aa17c0079b094,8376,1,train,1
22529,8383,59,Pennatula phosphorea,/home/tahiti/MARINE_DATASETS/FathomNet_FGVC2025/data/rois/8383_22529.png,/home/tahiti/MARINE_DATASETS/FathomNet_FGVC2025/data/images/8383.png,7620814dd2e0d62345141802a5bc6cb224abb76da3f557b137e6295db22a1f7f,af4fa3c76fbfaaacdc8058d076178b1be7647944b8478132bdc44f0eadca2d83,8383,2,train,2
22534,8383,59,Pennatula phosphorea,/home/tahiti/MARINE_DATASETS/FathomNet_FGVC2025/data/rois/8383_22534.png,/home/tahiti/MARINE_DATASETS/FathomNet_FGVC2025/data/images/8383.png,5e8dd58e4f76b0a93f2ef8ac6b2e6028e8154e21bc33802fea9bbe30d1d476e5,af4fa3c76fbfaaacdc8058d076178b1be7647944b8478132bdc44f0eadca2d83,8383,2,train,2
22538,8385,8,Apostichopus leukothele,/home/tahiti/MARINE_DATASETS/FathomNet_FGVC2025/data/rois/8385_22538.png,/home/tahiti/MARINE_DATASETS/FathomNet_FGVC2025/data/images/8385.png,e81cabdc53b36a9c7599a25f17f6c3cfd4c39fb2713456888de2514dd0464982,c7bbfa7c1c0068eb17b70d6ffe496aab80e4a930dbb0bac7f0dfbed84fadf8f9,8385,0,train,0
22546,8389,20,Delectopecten,/home/tahiti/MARINE_DATASETS/FathomNet_FGVC2025/data/rois/8389_22546.png,/home/tahiti/MARINE_DATASETS/FathomNet_FGVC2025/data/images/8389.png,7722c21f4fee9a83df75cdd92b05aaa3827596537501185cc440d1bf2f618810,d288bd74b0aa0420d85f59b9d2a73d3aa79ea21c048f1a90c60799f2b79ad458,8389,5,train,5
22572,8409,39,Lithodidae,/home/tahiti/MARINE_DATASETS/FathomNet_FGVC2025/data/rois/8409_22572.png,/home/tahiti/MARINE_DATASETS/FathomNet_FGVC2025/data/images/8409.png,6a1b927a10135927a7cba81e2579b8a6bc7806378aaebd322abe0a5dd90d22b2,55ae50d9b15d530f52a9b2ea94d2886f76fbe295090eee39ca4b31c09087509f,8409,2,train,2
22577,8413,61,Psathyrometra fragilis,/home/tahiti/MARINE_DATASETS/FathomNet_FGVC2025/data/rois/8413_22577.png,/home/tahiti/MARINE_DATASETS/FathomNet_FGVC2025/data/images/8413.png,b82e01be59bb0888384e0b026670a9e061525932d2c24e6a6ba8145cbde9a3b7,edd7321a8b77e1bb16bfb62babbc7d43ecd76ade308d32bd2673a0b4cae1ed3a,8413,0,train,0
22593,8421,6,Actinopterygii,/home/tahiti/MARINE_DATASETS/FathomNet_FGVC2025/data/rois/8421_22593.png,/home/tahiti/MARINE_DATASETS/FathomNet_FGVC2025/data/images/8421.png,ce3edd906d7152db09a492d8bd3ce9ad9f826cec260a098fd80b2099fe06666d,f9458c2aea33b55b8cbe5e3a202683a6df1ff117750acb852d1152b4da2cb450,8421,1,train,1
22602,8427,70,Sebastes diploproa,/home/tahiti/MARINE_DATASETS/FathomNet_FGVC2025/data/rois/8427_22602.png,/home/tahiti/MARINE_DATASETS/FathomNet_FGVC2025/data/images/8427.png,de0fb6d4fd4048a59e21765048b68b0843e900760bac4fb8eafe65f5f737f190,e3d37df3834dce5deb87d781a7c93e766d8db288d6144408b8f45643ba9ebc2f,8427,5,train,5
22605,8429,27,Heterocarpus,/home/tahiti/MARINE_DATASETS/FathomNet_FGVC2025/data/rois/8429_22605.png,/home/tahiti/MARINE_DATASETS/FathomNet_FGVC2025/data/images/8429.png,f2e693f7bac797823fe8bd7a51d8f3e0007c22d766d33d43e30c79ba93168f8d,b29fb355a976ce795b0aa4b457f1473b178488d12bd8f33485aa00e53efd3147,8429,1,train,1
22612,8429,27,Heterocarpus,/home/tahiti/MARINE_DATASETS/FathomNet_FGVC2025/data/rois/8429_22612.png,/home/tahiti/MARINE_DATASETS/FathomNet_FGVC2025/data/images/8429.png,5c5d24f7cdd0700981ad1fc7ae486aec9c8389afcdc856f00927381af5bad912,b29fb355a976ce795b0aa4b457f1473b178488d12bd8f33485aa00e53efd3147,8429,1,train,1
22630,8436,46,Mycale,/home/tahiti/MARINE_DATASETS/FathomNet_FGVC2025/data/rois/8436_22630.png,/home/tahiti/MARINE_DATASETS/FathomNet_FGVC2025/data/images/8436.png,f98dfeb74c6095268e64512b4daf787bf8aad56541c4d5efc8d5241a99d2f200,a8a962915055ef4cd833fd419b7aadf1b205b7a8dd5caad56bfc6dbd1322a344,8436,0,train,0
22636,8440,39,Lithodidae,/home/tahiti/MARINE_DATASETS/FathomNet_FGVC2025/data/rois/8440_22636.png,/home/tahiti/MARINE_DATASETS/FathomNet_FGVC2025/data/images/8440.png,7e7859b8bda43ef9e2d88257377e1df2e43615fd317e1b8df92ccd897f5888b8,e1dbc50b07336464c336e11efd5935377aaaeb01d6239f7b9a0f01b79d6a5987,8440,2,train,2
22652,8447,27,Heterocarpus,/home/tahiti/MARINE_DATASETS/FathomNet_FGVC2025/data/rois/8447_22652.png,/home/tahiti/MARINE_DATASETS/FathomNet_FGVC2025/data/images/8447.png,0f20be9099932ca54f2bf36393867a102eba1051d75cc929d3a6990123cb754c,bb0c78072de5212fced27ed81982eb9b14717d953d3e32e051d801505b32df6e,8447,0,train,0
22682,8459,61,Psathyrometra fragilis,/home/tahiti/MARINE_DATASETS/FathomNet_FGVC2025/data/rois/8459_22682.png,/home/tahiti/MARINE_DATASETS/FathomNet_FGVC2025/data/images/8459.png,5d5157ac387e8cf289cf0c25adf364d2fb7aac8e294343d676b7f22bc7b09f53,81bf97c47e61457cfed2c0d73c7393e8c4067e675f3bb631376e74f9a4cd5717,8459,5,train,5
22711,8478,46,Mycale,/home/tahiti/MARINE_DATASETS/FathomNet_FGVC2025/data/rois/8478_22711.png,/home/tahiti/MARINE_DATASETS/FathomNet_FGVC2025/data/images/8478.png,0ab0c4143ac2b513e248e674a33d0e1eda5d39c294dc0f5f47b946c41c04a74f,775ad36dea0d5015e67efda767e7d4797719d8924abe3be13c3599cd0418584a,8478,0,train,0
22716,8481,70,Sebastes diploproa,/home/tahiti/MARINE_DATASETS/FathomNet_FGVC2025/data/rois/8481_22716.png,/home/tahiti/MARINE_DATASETS/FathomNet_FGVC2025/data/images/8481.png,00a3aeae5524f498db3aac967fe416a84b58edce401435498fa5171a98f5c3e7,832b324a03c09de857730eafbc8673e0e3bca0dd2af65ed64ef26209bcbf365d,8481,4,train,4
22717,8482,59,Pennatula phosphorea,/home/tahiti/MARINE_DATASETS/FathomNet_FGVC2025/data/rois/8482_22717.png,/home/tahiti/MARINE_DATASETS/FathomNet_FGVC2025/data/images/8482.png,05a1262e935fbe69215306fc86c7bd4d386df490bcdd4db5c7bfb23f66e67a9e,56a8ff7c7187c4c7cb6bb916dc685e4fd8dd5edacf83df3d4659af48911d3d89,8482,5,train,5
22726,8491,61,Psathyrometra fragilis,/home/tahiti/MARINE_DATASETS/FathomNet_FGVC2025/data/rois/8491_22726.png,/home/tahiti/MARINE_DATASETS/FathomNet_FGVC2025/data/images/8491.png,80d4999511353d1ee8bf2377aa9cba3c419276deccb423b1bb1058e32105f1c9,a89fac338ba571dc30104143c6f80aecb87d68d5e042322ea06a196cabf370a4,8491,0,train,0
22727,8491,61,Psathyrometra fragilis,/home/tahiti/MARINE_DATASETS/FathomNet_FGVC2025/data/rois/8491_22727.png,/home/tahiti/MARINE_DATASETS/FathomNet_FGVC2025/data/images/8491.png,11ebef3b290080a4870ccf875cf15e2b9895fc4b91252fb05ca8a39d32d5d2de,a89fac338ba571dc30104143c6f80aecb87d68d5e042322ea06a196cabf370a4,8491,0,train,0
22730,8493,39,Lithodidae,/home/tahiti/MARINE_DATASETS/FathomNet_FGVC2025/data/rois/8493_22730.png,/home/tahiti/MARINE_DATASETS/FathomNet_FGVC2025/data/images/8493.png,b6f7dd7a3437e45803cd36cd9fc32c9009250095ae7ef029d3b0ef0a53bfe93a,a85de2fc86fd2bd19f191fbb03756f62165df3a44f4f29971583553423c03ea5,8493,4,train,4
22747,8506,6,Actinopterygii,/home/tahiti/MARINE_DATASETS/FathomNet_FGVC2025/data/rois/8506_22747.png,/home/tahiti/MARINE_DATASETS/FathomNet_FGVC2025/data/images/8506.png,f50c7637ec607fe9c794b9927e22f97668a23bf1455df9f66ba2bb049999f7fc,b9f3f13e393092b0db7d0833b9d8aeea0139a7d4813ddd2c612be4676fd0b1e2,8506,1,train,1
22751,8508,40,Mediaster aequalis,/home/tahiti/MARINE_DATASETS/FathomNet_FGVC2025/data/rois/8508_22751.png,/home/tahiti/MARINE_DATASETS/FathomNet_FGVC2025/data/images/8508.png,63d073ed21661af247a32879760d5d294bd091ef5e076220a98389225da20cf1,b9e9c7096e3d6a5db7066891a7f9a2f68a3164bf93ab26fab4313e696ad548a7,8508,1,train,1
22757,8512,13,Brisingida,/home/tahiti/MARINE_DATASETS/FathomNet_FGVC2025/data/rois/8512_22757.png,/home/tahiti/MARINE_DATASETS/FathomNet_FGVC2025/data/images/8512.png,9a15c0661b155ba702046f57dfc3e745051a8ac46bfd3799a790c7c27e2f9b7a,f32e2bf8b3e11a1d954eea9bdd96f8f26514709774e0424c9c901d763db2c467,8512,5,train,5
22783,8523,13,Brisingida,/home/tahiti/MARINE_DATASETS/FathomNet_FGVC2025/data/rois/8523_22783.png,/home/tahiti/MARINE_DATASETS/FathomNet_FGVC2025/data/images/8523.png,3ae30ee110d0eadff5ee5eab71450072f36ae59aad356f497f36f2f5529b9f97,688160ca21bd0e8e95c3aef3709084db221006ae7bd5f0725e9550406d418437,8523,1,train,1
22799,8534,13,Brisingida,/home/tahiti/MARINE_DATASETS/FathomNet_FGVC2025/data/rois/8534_22799.png,/home/tahiti/MARINE_DATASETS/FathomNet_FGVC2025/data/images/8534.png,9359b773393c6f2e706cd737d8f87d62334c6f2e4ef0bcd88f1dee36c7ece024,726ffc6dc4c88511167af13f58a57549be2e022ab3d7e9ec7762e1837d14aded,8534,1,train,1
22812,8544,27,Heterocarpus,/home/tahiti/MARINE_DATASETS/FathomNet_FGVC2025/data/rois/8544_22812.png,/home/tahiti/MARINE_DATASETS/FathomNet_FGVC2025/data/images/8544.png,83c14384409e4a8ee09f8820452bf4d5221bc22a273e8b07b762fa2469082d79,771489ca4740e0c920dbaa4677d47d3ecaf3c84ca5580cc6ec04c42c0376269b,8544,2,train,2
22814,8544,27,Heterocarpus,/home/tahiti/MARINE_DATASETS/FathomNet_FGVC2025/data/rois/8544_22814.png,/home/tahiti/MARINE_DATASETS/FathomNet_FGVC2025/data/images/8544.png,ff1309c4ba437d72508e18c525dc9d81f951d647326f5e4289a97bcac3393ff0,771489ca4740e0c920dbaa4677d47d3ecaf3c84ca5580cc6ec04c42c0376269b,8544,2,train,2
22845,8561,75,Terebellidae,/home/tahiti/MARINE_DATASETS/FathomNet_FGVC2025/data/rois/8561_22845.png,/home/tahiti/MARINE_DATASETS/FathomNet_FGVC2025/data/images/8561.png,7c847dc1af6516d3310f9c9335560edb40f12b04bcabe9e98a1128a0ffa9b5a5,f186361dacf87f27726a3b3cd96f6f6d4a88441199e8f314aadba949f0bb549b,8561,4,train,4
22852,8568,39,Lithodidae,/home/tahiti/MARINE_DATASETS/FathomNet_FGVC2025/data/rois/8568_22852.png,/home/tahiti/MARINE_DATASETS/FathomNet_FGVC2025/data/images/8568.png,53726f6723a5d90557b29fbec96f74d86cd019dae403269476793041ed751e2e,7c336f8c2757ee9c82f15586ee7efad062ffac6388464877405be66ef1a71dd5,8568,2,train,2
22869,8583,40,Mediaster aequalis,/home/tahiti/MARINE_DATASETS/FathomNet_FGVC2025/data/rois/8583_22869.png,/home/tahiti/MARINE_DATASETS/FathomNet_FGVC2025/data/images/8583.png,7ce294c008c500cc337775a716f66c6017f2d1a5d3c900b76f01785889207cc9,6cffb81bb1b63cc796eb970f40cc412809cc120f23e38a81fb02e5ae0013829b,8583,2,train,2
22886,8589,59,Pennatula phosphorea,/home/tahiti/MARINE_DATASETS/FathomNet_FGVC2025/data/rois/8589_22886.png,/home/tahiti/MARINE_DATASETS/FathomNet_FGVC2025/data/images/8589.png,614274780b1684ad52da7065141151587e5a2ea3f05a4dadd016262142eff460,c4614998343875763a43c5439e425f89c8b0fe9d68631147d0f00d3772ea05c2,8589,4,train,4
22887,8589,59,Pennatula phosphorea,/home/tahiti/MARINE_DATASETS/FathomNet_FGVC2025/data/rois/8589_22887.png,/home/tahiti/MARINE_DATASETS/FathomNet_FGVC2025/data/images/8589.png,e17b63c05f0b8d92440fda6946db22087e0cd341fe29c65752efc23391fd59fe,c4614998343875763a43c5439e425f89c8b0fe9d68631147d0f00d3772ea05c2,8589,4,train,4
22896,8595,8,Apostichopus leukothele,/home/tahiti/MARINE_DATASETS/FathomNet_FGVC2025/data/rois/8595_22896.png,/home/tahiti/MARINE_DATASETS/FathomNet_FGVC2025/data/images/8595.png,04585487c9f67e21921653d20c972f7a322e580800828f17e2e38316af01b747,bf67fbff9a0e717fcaf8cd8a44804d2020cab54dc3ab73f796abbab26d67c55b,8595,0,train,0
22901,8598,3,Acanthoptilum,/home/tahiti/MARINE_DATASETS/FathomNet_FGVC2025/data/rois/8598_22901.png,/home/tahiti/MARINE_DATASETS/FathomNet_FGVC2025/data/images/8598.png,4fb54e6fb912755bf10c0f58f1c5ad16610689c666e99d5b59f21c61d17a6380,b73802c0edb3777a44ecfca213e8cd5a473b72399954776de21a773a691a2079,8598,5,train,5
22930,8618,13,Brisingida,/home/tahiti/MARINE_DATASETS/FathomNet_FGVC2025/data/rois/8618_22930.png,/home/tahiti/MARINE_DATASETS/FathomNet_FGVC2025/data/images/8618.png,ce367d2c180dcd67098bbb7d50bb445cb7398c03e2ee7b97c02026f5829332a2,b4458462adf4aec43da4e609724f757768a47c57a2b87ca415e1221eed3356f1,8618,2,train,2
22946,8626,39,Lithodidae,/home/tahiti/MARINE_DATASETS/FathomNet_FGVC2025/data/rois/8626_22946.png,/home/tahiti/MARINE_DATASETS/FathomNet_FGVC2025/data/images/8626.png,a97c40fb78a6d66c590b5a0c0580e77a29ebdbb5ca3c29e14e2b6d10ef3d2c16,0c290c16a51a478920d194788c6dbc6c001beb9d7df22e884ee3d130b245d697,8626,5,train,5
22956,8632,40,Mediaster aequalis,/home/tahiti/MARINE_DATASETS/FathomNet_FGVC2025/data/rois/8632_22956.png,/home/tahiti/MARINE_DATASETS/FathomNet_FGVC2025/data/images/8632.png,d850d3d052820d7f134934dde56a5d9ff173984a5835498240f80eb7ecd6bcda,30c209714fe6c5b13260008f1086c85f2cb4a717960e96cf01fdab3ee24a27a9,8632,1,train,1
22969,8636,70,Sebastes diploproa,/home/tahiti/MARINE_DATASETS/FathomNet_FGVC2025/data/rois/8636_22969.png,/home/tahiti/MARINE_DATASETS/FathomNet_FGVC2025/data/images/8636.png,5c63b05603c7fae49e984e59f96688f81837f620d07b835f82bb8b4efd97ffce,cf51729bf299b0decd09efe9f2de9b694933bee61ebfee5671b21b69aac8035c,8636,1,train,1
22990,8648,59,Pennatula phosphorea,/home/tahiti/MARINE_DATASETS/FathomNet_FGVC2025/data/rois/8648_22990.png,/home/tahiti/MARINE_DATASETS/FathomNet_FGVC2025/data/images/8648.png,5cdb33438fb766a9b2ca57cba34bf26516fa79913b24cad59bb8b486eef42611,d21809619e9b3eafb3bb09546d2cef16df3da54e3ce36e4d580646fda536fbff,8648,0,train,0
23021,8662,6,Actinopterygii,/home/tahiti/MARINE_DATASETS/FathomNet_FGVC2025/data/rois/8662_23021.png,/home/tahiti/MARINE_DATASETS/FathomNet_FGVC2025/data/images/8662.png,818dbd56be621cb055be28928eaa447d6e96930a0cf0cda02a52b586a23cf308,9468a93e5cb68d863a8c76d4f75e14b62564f0706cd2433809c79f2db89630e2,8662,4,train,4
23024,8664,48,Ophiacanthidae,/home/tahiti/MARINE_DATASETS/FathomNet_FGVC2025/data/rois/8664_23024.png,/home/tahiti/MARINE_DATASETS/FathomNet_FGVC2025/data/images/8664.png,12e9901f89a6e73caa452fa396378e6d081b063811975721fb8df6566754b2c8,d3e773ad8fbb92f373511a9acbcfa84929c1831dc70d5c0682ba8aabed1c66e5,8664,4,train,4
23040,8673,70,Sebastes diploproa,/home/tahiti/MARINE_DATASETS/FathomNet_FGVC2025/data/rois/8673_23040.png,/home/tahiti/MARINE_DATASETS/FathomNet_FGVC2025/data/images/8673.png,bf3bc0a512c267df4ed4a5b04f1623dc449742c5d6fbe513476d6600e5a8f467,ef87aa0e6cb2cce761ee11588c9aae15eb32f80b357069ed6f9ddefa1871233e,8673,5,train,5
23043,8675,40,Mediaster aequalis,/home/tahiti/MARINE_DATASETS/FathomNet_FGVC2025/data/rois/8675_23043.png,/home/tahiti/MARINE_DATASETS/FathomNet_FGVC2025/data/images/8675.png,e1a652efe616444ebb5ebd3b293372f7bb90622d85fb7f9ef9f4fd55d1bfaa56,bef3be3fbcfb7880ad0a0d4e31d9cb6f20ccb1dd705589bc1995b331a23a9e98,8675,1,train,1
23087,8701,8,Apostichopus leukothele,/home/tahiti/MARINE_DATASETS/FathomNet_FGVC2025/data/rois/8701_23087.png,/home/tahiti/MARINE_DATASETS/FathomNet_FGVC2025/data/images/8701.png,2fa4a71649696cfdce7a940d74574a3403cb670ed1fbce55adc2c4245485008c,f18bc3a783642a67ea09a962aee1621047d848c4205d75e18845b11b67e9ef63,8701,5,train,5
23101,8712,18,Corallimorphus pilatus,/home/tahiti/MARINE_DATASETS/FathomNet_FGVC2025/data/rois/8712_23101.png,/home/tahiti/MARINE_DATASETS/FathomNet_FGVC2025/data/images/8712.png,18659ca5b6ce6d1134a8018e7153bf65af5a4641841f486584654caf48478d3a,3f88495e4359426233b2f961227882a523fe9908b1660fdb5da9e419f59a3cf4,8712,0,train,0
23107,8715,27,Heterocarpus,/home/tahiti/MARINE_DATASETS/FathomNet_FGVC2025/data/rois/8715_23107.png,/home/tahiti/MARINE_DATASETS/FathomNet_FGVC2025/data/images/8715.png,d0a2094008cd707c3ac1fca66474e52cef007bcd8e64517a7e7364a301a5fec1,6f89e746106818998c25eabfa62db781ccbbd09730910a511a23337bd264d717,8715,2,train,2
23108,8716,75,Terebellidae,/home/tahiti/MARINE_DATASETS/FathomNet_FGVC2025/data/rois/8716_23108.png,/home/tahiti/MARINE_DATASETS/FathomNet_FGVC2025/data/images/8716.png,28e5ce66a98553a85b994f5f990186f174b84e7d6fda347049ff3c98ae583f78,bcedbd6cb7162a3421070ccbd6fa1a978dd1f2e4ec1b4c3854fe19c0f8e9cf5b,8716,0,train,0
23139,8727,8,Apostichopus leukothele,/home/tahiti/MARINE_DATASETS/FathomNet_FGVC2025/data/rois/8727_23139.png,/home/tahiti/MARINE_DATASETS/FathomNet_FGVC2025/data/images/8727.png,9e7bdfbe72765f16169669131c8537d57494771a4b35b744a1210b784a3c0d13,2404cd0723e2d669ecbd23a44fa53e30b4677ccd04a9b63e5d319e281d5fbd58,8727,4,train,4
23148,8730,18,Corallimorphus pilatus,/home/tahiti/MARINE_DATASETS/FathomNet_FGVC2025/data/rois/8730_23148.png,/home/tahiti/MARINE_DATASETS/FathomNet_FGVC2025/data/images/8730.png,e7c026fc1518bb7244f5962ec60e3abf67afce87093d88e9fa60df0eabcb8295,e0e8854eea2cd73175dc53a150e6e90c7af7cfe6b5cbd81915451b49fbc64e06,8730,0,train,0
23152,8730,18,Corallimorphus pilatus,/home/tahiti/MARINE_DATASETS/FathomNet_FGVC2025/data/rois/8730_23152.png,/home/tahiti/MARINE_DATASETS/FathomNet_FGVC2025/data/images/8730.png,a893ef813edabea3eb72057028867fab31d18a2112f00320f069efdf04822559,e0e8854eea2cd73175dc53a150e6e90c7af7cfe6b5cbd81915451b49fbc64e06,8730,0,train,0
23155,8730,18,Corallimorphus pilatus,/home/tahiti/MARINE_DATASETS/FathomNet_FGVC2025/data/rois/8730_23155.png,/home/tahiti/MARINE_DATASETS/FathomNet_FGVC2025/data/images/8730.png,838f19d804097d80ce6bb9eb555b77f32070432179d6afcdc6a8e38ee8c120ee,e0e8854eea2cd73175dc53a150e6e90c7af7cfe6b5cbd81915451b49fbc64e06,8730,0,train,0
23158,8730,18,Corallimorphus pilatus,/home/tahiti/MARINE_DATASETS/FathomNet_FGVC2025/data/rois/8730_23158.png,/home/tahiti/MARINE_DATASETS/FathomNet_FGVC2025/data/images/8730.png,649201b7e7a77fd3ce0b119008db49eff142d79bb8dd3895b6a58597437390d9,e0e8854eea2cd73175dc53a150e6e90c7af7cfe6b5cbd81915451b49fbc64e06,8730,0,train,0
23184,8745,48,Ophiacanthidae,/home/tahiti/MARINE_DATASETS/FathomNet_FGVC2025/data/rois/8745_23184.png,/home/tahiti/MARINE_DATASETS/FathomNet_FGVC2025/data/images/8745.png,9c9c2e5fbfb38f64f62993d7928e4fa77d9044a1d028cfa8efb9b71f819c59f8,a1bd6876b5e2af9ee0ac6d14f66bdf7358e607b2cbb7bedc9812035ec941149d,8745,5,train,5
23189,8748,3,Acanthoptilum,/home/tahiti/MARINE_DATASETS/FathomNet_FGVC2025/data/rois/8748_23189.png,/home/tahiti/MARINE_DATASETS/FathomNet_FGVC2025/data/images/8748.png,f9b011356191b031ebc7c7b949cd8dbdbb786eeabbb8d1e4261970d64c00b50b,37815321a6f7239ec18f01ace45a8480648a646bd635f576c4daf6217179554a,8748,0,train,0
23207,8754,6,Actinopterygii,/home/tahiti/MARINE_DATASETS/FathomNet_FGVC2025/data/rois/8754_23207.png,/home/tahiti/MARINE_DATASETS/FathomNet_FGVC2025/data/images/8754.png,2edb98aadcf58a10edaee5c45844cc2d940162f3769baa1bef9f2899460000c4,bd3ca0b2e1f17f86962f77f52ea473016b98f84d36c16a6f1be52dae3d90b99d,8754,1,train,1
23216,8758,59,Pennatula phosphorea,/home/tahiti/MARINE_DATASETS/FathomNet_FGVC2025/data/rois/8758_23216.png,/home/tahiti/MARINE_DATASETS/FathomNet_FGVC2025/data/images/8758.png,7b4757acbc8efa78996541b7de757d7d59dc443c87cbc1c9b888b423397d491b,bc28671b4510f02e358a0253f5d79e073ebaf18386d2f34a6ad8284c9ea36a16,8758,0,train,0
23229,8769,6,Actinopterygii,/home/tahiti/MARINE_DATASETS/FathomNet_FGVC2025/data/rois/8769_23229.png,/home/tahiti/MARINE_DATASETS/FathomNet_FGVC2025/data/images/8769.png,e321cd28bd63bb2d35f9f9e036c2fd74d1f0df312fd9e12df961b4da47e12a30,4eaec35ead18b546e8c6899f0fde8cc390643977e99e57fb98d939838efd0afa,8769,2,train,2
23238,8773,3,Acanthoptilum,/home/tahiti/MARINE_DATASETS/FathomNet_FGVC2025/data/rois/8773_23238.png,/home/tahiti/MARINE_DATASETS/FathomNet_FGVC2025/data/images/8773.png,33d65e1a4f25836167274efe6eba528f990a69713608a2dc3438e198caa4aabf,4a79e3bf311b37f033722eeb05c4a977ee9b0900783f25fd3970c01276f88605,8773,2,train,2
23277,8793,18,Corallimorphus pilatus,/home/tahiti/MARINE_DATASETS/FathomNet_FGVC2025/data/rois/8793_23277.png,/home/tahiti/MARINE_DATASETS/FathomNet_FGVC2025/data/images/8793.png,6195caf4fb265f8004a900e3ec74da4dc4aaa048ed68f3ca65535a255906a21a,c4bd033cf30f27947be73551e04a976569b2b40a62c2acf14adaef38f8a41faa,8793,1,train,1
23283,8797,61,Psathyrometra fragilis,/home/tahiti/MARINE_DATASETS/FathomNet_FGVC2025/data/rois/8797_23283.png,/home/tahiti/MARINE_DATASETS/FathomNet_FGVC2025/data/images/8797.png,9d6154f11251e484f7b40507f7e0b6975224cdb0fc6fec34ffd6c315a2e8a94f,198cddfe068b2382ae6caa1051b151d84c879a33ea027290e1531b9b239ebaea,8797,0,train,0
23286,8798,40,Mediaster aequalis,/home/tahiti/MARINE_DATASETS/FathomNet_FGVC2025/data/rois/8798_23286.png,/home/tahiti/MARINE_DATASETS/FathomNet_FGVC2025/data/images/8798.png,e3db04412fd7a2be4477d7c2c0df8fcfe18881a53b0f549766056d4385456d6d,4898f94e8feb5ee0261ca1d07001c175270a6bc669f44fdcfffe28f324ab79bc,8798,5,train,5
23308,8813,6,Actinopterygii,/home/tahiti/MARINE_DATASETS/FathomNet_FGVC2025/data/rois/8813_23308.png,/home/tahiti/MARINE_DATASETS/FathomNet_FGVC2025/data/images/8813.png,aab651ad41a1c0d75dd5ea03b5c755710d9f27d8aff5a26b7fea5c422ef86a6c,9402ef7f5be0513dc335d3ced1088caf667498fc4e44f06e9c6f062c749866da,8813,1,train,1
23347,8833,61,Psathyrometra fragilis,/home/tahiti/MARINE_DATASETS/FathomNet_FGVC2025/data/rois/8833_23347.png,/home/tahiti/MARINE_DATASETS/FathomNet_FGVC2025/data/images/8833.png,d782b0aae48dcf021f82473484a6838cfcd0a416aaaf8bb53048a0778051e4a9,9ff4df55b925674fbec071fba1d5e1effc4d3ca5870a8fc552aa78d2b73be54a,8833,1,train,1
23348,8833,61,Psathyrometra fragilis,/home/tahiti/MARINE_DATASETS/FathomNet_FGVC2025/data/rois/8833_23348.png,/home/tahiti/MARINE_DATASETS/FathomNet_FGVC2025/data/images/8833.png,ce0964de9f1c82135d1a51590f36d0bd06c6fd1d5f6b0995c7072c11388fdbfc,9ff4df55b925674fbec071fba1d5e1effc4d3ca5870a8fc552aa78d2b73be54a,8833,1,train,1
23362,8843,48,Ophiacanthidae,/home/tahiti/MARINE_DATASETS/FathomNet_FGVC2025/data/rois/8843_23362.png,/home/tahiti/MARINE_DATASETS/FathomNet_FGVC2025/data/images/8843.png,b0c78ff741db0e663d14e3e48056a376f31304f3280e8aee96eeb06db797fb44,1753903ad5dc12bbcc35724d527bdc89d9678ec8dab66a41282b65ed9c0a71e8,8843,0,train,0
23387,8856,18,Corallimorphus pilatus,/home/tahiti/MARINE_DATASETS/FathomNet_FGVC2025/data/rois/8856_23387.png,/home/tahiti/MARINE_DATASETS/FathomNet_FGVC2025/data/images/8856.png,d2ff0fb21af062928cd9d58dd242f3cbcb3edf9532873c242804c583fc3a1cba,54e2142f9d9a4c3cce86d761643824533acadeb0ac41a4292f497a758f4b90da,8856,0,train,0
23390,8856,18,Corallimorphus pilatus,/home/tahiti/MARINE_DATASETS/FathomNet_FGVC2025/data/rois/8856_23390.png,/home/tahiti/MARINE_DATASETS/FathomNet_FGVC2025/data/images/8856.png,22a3725aee911e1bdc4dc6dc37475d28f083858af9e73fc3a6d8925596dc9b8c,54e2142f9d9a4c3cce86d761643824533acadeb0ac41a4292f497a758f4b90da,8856,0,train,0
23474,8894,61,Psathyrometra fragilis,/home/tahiti/MARINE_DATASETS/FathomNet_FGVC2025/data/rois/8894_23474.png,/home/tahiti/MARINE_DATASETS/FathomNet_FGVC2025/data/images/8894.png,10c58e573d266610cdce6b85c0e0cf91357d6528f71c20391647cbc9aa8d9864,842acc83ecbd7c392e5764e54aa617d88742849bebc2092ffb4b65c835b30e17,8894,0,train,0
23481,8896,40,Mediaster aequalis,/home/tahiti/MARINE_DATASETS/FathomNet_FGVC2025/data/rois/8896_23481.png,/home/tahiti/MARINE_DATASETS/FathomNet_FGVC2025/data/images/8896.png,930856f3f2727e6df63c47cf45ed967baaac080fb08800d5c810687c15dadd9a,214547f79a04e1d2fd2942cb5b5951cd393293c0a3fb8230c0cb12f674cd7347,8896,5,train,5
23513,8907,20,Delectopecten,/home/tahiti/MARINE_DATASETS/FathomNet_FGVC2025/data/rois/8907_23513.png,/home/tahiti/MARINE_DATASETS/FathomNet_FGVC2025/data/images/8907.png,9d671b1a15698f3ee5e33f74e0e87e19474e9503f02ac7dce32a9de276cb8822,52736153ad6aa70dd12797ef6a24a81566697caf601a6312cadc20ab21c75669,8907,4,train,4
23522,8907,20,Delectopecten,/home/tahiti/MARINE_DATASETS/FathomNet_FGVC2025/data/rois/8907_23522.png,/home/tahiti/MARINE_DATASETS/FathomNet_FGVC2025/data/images/8907.png,cdfe58ac9915e17e4a307d8323a738a44f0bd746759fec66180bd5b8b25afd33,52736153ad6aa70dd12797ef6a24a81566697caf601a6312cadc20ab21c75669,8907,4,train,4
23536,8910,59,Pennatula phosphorea,/home/tahiti/MARINE_DATASETS/FathomNet_FGVC2025/data/rois/8910_23536.png,/home/tahiti/MARINE_DATASETS/FathomNet_FGVC2025/data/images/8910.png,7afd2a922f7daee61142d9932ebd495c9d3e58d535e4ee8c1ade8706a812d08c,fef040237edccb127e6076fb3a7d7c32cc3fc215fbf00397b7bd413b0f2ba223,8910,5,train,5
23552,8915,20,Delectopecten,/home/tahiti/MARINE_DATASETS/FathomNet_FGVC2025/data/rois/8915_23552.png,/home/tahiti/MARINE_DATASETS/FathomNet_FGVC2025/data/images/8915.png,bedab4cd3226e6c103b55d18efe26c015aea34238fb2eb82c5067d4174f49f05,91071a440415b13a54f460cdcbdbb425e51970d93769342734e17c6de2842908,8915,5,train,5
23570,8922,3,Acanthoptilum,/home/tahiti/MARINE_DATASETS/FathomNet_FGVC2025/data/rois/8922_23570.png,/home/tahiti/MARINE_DATASETS/FathomNet_FGVC2025/data/images/8922.png,7b43d4f189a29a2b0adea822557685b71ed22019ab7e6a2b7cd51741be80e336,b2e5f39b9190d78b33cae8f0aba356d5986cdb5f01a351082e8d054df2d3605d,8922,1,train,1
23591,8926,40,Mediaster aequalis,/home/tahiti/MARINE_DATASETS/FathomNet_FGVC2025/data/rois/8926_23591.png,/home/tahiti/MARINE_DATASETS/FathomNet_FGVC2025/data/images/8926.png,52fb9aa57f9edaa6e6a061772953d9eb162bc3a43da07d139abc141b963b73c5,e6162e5ffa3860ff5ae4bb2259895b160b70a8799166f1fb8d653bdd32f7e407,8926,2,train,2
23597,8928,61,Psathyrometra fragilis,/home/tahiti/MARINE_DATASETS/FathomNet_FGVC2025/data/rois/8928_23597.png,/home/tahiti/MARINE_DATASETS/FathomNet_FGVC2025/data/images/8928.png,9d2b75d42ca582fcef77370978660b5a079babfd2716165038c77439d7b12d5f,110fb85601227d78eb5e62d4ae93d44eb417395f5493fc01a716150e8c0c5547,8928,5,train,5
23611,8940,3,Acanthoptilum,/home/tahiti/MARINE_DATASETS/FathomNet_FGVC2025/data/rois/8940_23611.png,/home/tahiti/MARINE_DATASETS/FathomNet_FGVC2025/data/images/8940.png,b981f9edde6110412ee4fad0ab65e456d5546eea883b083f08149365bec4b1bf,c146b5f7d5ee720c0990acd72cf508d2bb7224eaca5cb74a9933b43ecdce2b3b,8940,0,train,0
23613,8941,6,Actinopterygii,/home/tahiti/MARINE_DATASETS/FathomNet_FGVC2025/data/rois/8941_23613.png,/home/tahiti/MARINE_DATASETS/FathomNet_FGVC2025/data/images/8941.png,b6cb63cc3d7b1fa4cd8266cd702b83796e7863f5696dbe393918712518cc603f,c709f51bdf5da17f5d6b3476d154a9b04c64d601ac8ca93642ab54e629268f96,8941,4,train,4
23616,8943,3,Acanthoptilum,/home/tahiti/MARINE_DATASETS/FathomNet_FGVC2025/data/rois/8943_23616.png,/home/tahiti/MARINE_DATASETS/FathomNet_FGVC2025/data/images/8943.png,4c33874513a16ce958ad9a28639e3559a576c1d304f1543f5e4c2844a853971f,1e1d3b5a95bf2a77b40019f0368ba090ddef6433fe411953af74068938dfe887,8943,4,train,4
23617,8944,3,Acanthoptilum,/home/tahiti/MARINE_DATASETS/FathomNet_FGVC2025/data/rois/8944_23617.png,/home/tahiti/MARINE_DATASETS/FathomNet_FGVC2025/data/images/8944.png,337183b68c6593c9c9235c9a300afb8ea76ec1c8b744ad46fa5e96ed7eb281cb,a09d291e52224e5605174b0db0163254b1e2c0369c08436caf10b37f2c99e099,8944,0,train,0
23631,8951,3,Acanthoptilum,/home/tahiti/MARINE_DATASETS/FathomNet_FGVC2025/data/rois/8951_23631.png,/home/tahiti/MARINE_DATASETS/FathomNet_FGVC2025/data/images/8951.png,94f2e1a3ded9f964ff9c92accd0118c3e82e52c33571abad3f558ca63a44a96e,2a854b22df80378dcbc41373ecd4f9037d94932521ceed1d2f55c131d1fc76c6,8951,1,train,1
23647,8960,3,Acanthoptilum,/home/tahiti/MARINE_DATASETS/FathomNet_FGVC2025/data/rois/8960_23647.png,/home/tahiti/MARINE_DATASETS/FathomNet_FGVC2025/data/images/8960.png,c0cb82ae71e64e78a8b643123465e6e17dc2c46328420c9996adca4c8027cb9e,d2b81a25a21fc0e0114e0966791c9004672923b9151a3c1fd926ecea096a5283,8960,5,train,5
23650,8961,61,Psathyrometra fragilis,/home/tahiti/MARINE_DATASETS/FathomNet_FGVC2025/data/rois/8961_23650.png,/home/tahiti/MARINE_DATASETS/FathomNet_FGVC2025/data/images/8961.png,7916a171352d51a19b676c894938252fbeee907de4617e7a44deb92512bb31cd,4862b9d20f286b2c2197d8785036c72b1fdac424ab446dc07ca92e6d21a4d99c,8961,5,train,5
23670,8970,3,Acanthoptilum,/home/tahiti/MARINE_DATASETS/FathomNet_FGVC2025/data/rois/8970_23670.png,/home/tahiti/MARINE_DATASETS/FathomNet_FGVC2025/data/images/8970.png,547f90389b54f9207ee509994067c00edd842c3a40385f72c045a894bdeddb06,3eeefef7638fdabd8ed511d91ffc320ea0e79ad2f3103ef5148048a4631df7f9,8970,2,train,2
23699,8980,61,Psathyrometra fragilis,/home/tahiti/MARINE_DATASETS/FathomNet_FGVC2025/data/rois/8980_23699.png,/home/tahiti/MARINE_DATASETS/FathomNet_FGVC2025/data/images/8980.png,1be5b5b093e0e91e8199c7fefdfb7e756c7ed7c1cc88cbe5f2d6c8d630ceb5e6,a69eabbf6a981308cb129ff7a03eaf053dbe20dbbb3641a1c26ac3ba1cf02571,8980,2,train,2
