{
  "method": "marine_adapter",
  "budget": 0.05,
  "budget_percent": 5,
  "seed": 42,
  "epochs": 10,
  "best_epoch": 7,
  "num_classes": 17,
  "n_train": 46,
  "n_val": 155,
  "n_test": 164,
  "img_size": 224,
  "batch_size": 16,
  "adapter_dim": 256,
  "dropout": 0.1,
  "pretrained": true,
  "params_total": 11449169,
  "params_trainable": 272657,
  "test_loss": 2.511466491513136,
  "test_acc": 0.18902439024390244,
  "test_macro_f1": 0.10863901656718342,
  "test_balanced_acc": 0.12156862745097229,
  "time_sec": 146.22560095787048,
  "time_human": "2m 26s"
}