{
  "method": "marine_adapter",
  "budget": 0.1,
  "budget_percent": 10,
  "seed": 44,
  "epochs": 10,
  "best_epoch": 9,
  "num_classes": 17,
  "n_train": 76,
  "n_val": 155,
  "n_test": 164,
  "img_size": 224,
  "batch_size": 16,
  "adapter_dim": 64,
  "dropout": 0.1,
  "pretrained": true,
  "params_total": 11252369,
  "params_trainable": 75857,
  "test_loss": 2.3073188735217585,
  "test_acc": 0.27439024390243905,
  "test_macro_f1": 0.16063385698680416,
  "test_balanced_acc": 0.1803921568627327,
  "time_sec": 178.22282218933105,
  "time_human": "2m 58s"
}