{
  "method": "marine_adapter",
  "budget": 0.1,
  "budget_percent": 10,
  "seed": 43,
  "epochs": 10,
  "best_epoch": 7,
  "num_classes": 17,
  "n_train": 76,
  "n_val": 155,
  "n_test": 164,
  "img_size": 224,
  "batch_size": 16,
  "adapter_dim": 128,
  "dropout": 0.1,
  "pretrained": true,
  "params_total": 11317969,
  "params_trainable": 141457,
  "test_loss": 2.3158921846529332,
  "test_acc": 0.25,
  "test_macro_f1": 0.14790329209293449,
  "test_balanced_acc": 0.16274509803920464,
  "time_sec": 174.80599999427795,
  "time_human": "2m 54s"
}