{
  "method": "marine_adapter",
  "budget": 0.01,
  "budget_percent": 1,
  "seed": 44,
  "epochs": 10,
  "best_epoch": 6,
  "num_classes": 17,
  "n_train": 17,
  "n_val": 155,
  "n_test": 164,
  "img_size": 224,
  "batch_size": 16,
  "adapter_dim": 128,
  "dropout": 0.1,
  "pretrained": true,
  "params_total": 11317969,
  "params_trainable": 141457,
  "test_loss": 3.0248710469501776,
  "test_acc": 0.06097560975609756,
  "test_macro_f1": 0.06007514325289433,
  "test_balanced_acc": 0.07058823529410457,
  "time_sec": 126.33927893638611,
  "time_human": "2m 6s"
}