{
  "method": "marine_adapter",
  "budget": 1.0,
  "budget_percent": 100,
  "seed": 42,
  "epochs": 10,
  "best_epoch": 10,
  "num_classes": 17,
  "n_train": 734,
  "n_val": 155,
  "n_test": 164,
  "img_size": 224,
  "batch_size": 16,
  "adapter_dim": 64,
  "dropout": 0.1,
  "pretrained": true,
  "params_total": 11252369,
  "params_trainable": 75857,
  "test_loss": 1.5329246928052205,
  "test_acc": 0.5487804878048781,
  "test_macro_f1": 0.36467741169337625,
  "test_balanced_acc": 0.3843137254901571,
  "time_sec": 643.0814566612244,
  "time_human": "10m 43s"
}