{
  "method": "finetune_resnet18",
  "budget": 1.0,
  "budget_percent": 100,
  "seed": 43,
  "epochs": 10,
  "best_epoch": 6,
  "num_classes": 17,
  "n_train": 734,
  "n_val": 155,
  "n_test": 164,
  "img_size": 224,
  "batch_size": 16,
  "adapter_dim": "",
  "dropout": "",
  "pretrained": true,
  "params_total": 11185233,
  "params_trainable": 11185233,
  "test_loss": 1.1342213911617673,
  "test_acc": 0.676829268292683,
  "test_macro_f1": 0.5974690312532154,
  "test_balanced_acc": 0.6196078431371005,
  "time_sec": 717.4595379829407,
  "time_human": "11m 57s"
}