{
  "method": "linear_probe",
  "budget": 1.0,
  "budget_percent": 100,
  "seed": 44,
  "epochs": 10,
  "best_epoch": 10,
  "num_classes": 17,
  "n_train": 734,
  "n_val": 155,
  "n_test": 164,
  "img_size": 224,
  "batch_size": 16,
  "adapter_dim": "",
  "dropout": "",
  "pretrained": true,
  "params_total": 11185233,
  "params_trainable": 8721,
  "test_loss": 1.8271346557431105,
  "test_acc": 0.5060975609756098,
  "test_macro_f1": 0.29433401828170624,
  "test_balanced_acc": 0.3274509803921348,
  "time_sec": 651.8817491531372,
  "time_human": "10m 51s"
}