{
  "method": "marine_adapter",
  "budget": 0.05,
  "budget_percent": 5,
  "seed": 42,
  "epochs": 10,
  "best_epoch": 8,
  "num_classes": 17,
  "n_train": 46,
  "n_val": 155,
  "n_test": 164,
  "img_size": 224,
  "batch_size": 16,
  "adapter_dim": 128,
  "dropout": 0.1,
  "pretrained": true,
  "params_total": 11317969,
  "params_trainable": 141457,
  "test_loss": 2.6046584350306814,
  "test_acc": 0.17073170731707318,
  "test_macro_f1": 0.09861726282348426,
  "test_balanced_acc": 0.10980392156862012,
  "time_sec": 148.7950894832611,
  "time_human": "2m 28s"
}