{
  "method": "marine_adapter",
  "budget": 0.05,
  "budget_percent": 5,
  "seed": 43,
  "epochs": 10,
  "best_epoch": 10,
  "num_classes": 17,
  "n_train": 46,
  "n_val": 155,
  "n_test": 164,
  "img_size": 224,
  "batch_size": 16,
  "adapter_dim": 64,
  "dropout": 0.1,
  "pretrained": true,
  "params_total": 11252369,
  "params_trainable": 75857,
  "test_loss": 2.5491229499258647,
  "test_acc": 0.1524390243902439,
  "test_macro_f1": 0.0881364248686329,
  "test_balanced_acc": 0.09803921568626797,
  "time_sec": 150.6829423904419,
  "time_human": "2m 30s"
}