{
  "method": "scratch_cnn",
  "budget": 0.05,
  "budget_percent": 5,
  "seed": 42,
  "epochs": 10,
  "best_epoch": 10,
  "num_classes": 17,
  "n_train": 46,
  "n_val": 155,
  "n_test": 164,
  "img_size": 224,
  "batch_size": 16,
  "adapter_dim": "",
  "dropout": "",
  "pretrained": true,
  "params_total": 393745,
  "params_trainable": 393745,
  "test_loss": 2.511542041127275,
  "test_acc": 0.21951219512195122,
  "test_macro_f1": 0.11285387721165244,
  "test_balanced_acc": 0.14313725490195106,
  "time_sec": 149.72301077842712,
  "time_human": "2m 29s"
}