{
  "method": "finetune_resnet18",
  "budget": 0.01,
  "budget_percent": 1,
  "seed": 44,
  "epochs": 10,
  "best_epoch": 8,
  "num_classes": 17,
  "n_train": 17,
  "n_val": 155,
  "n_test": 164,
  "img_size": 224,
  "batch_size": 16,
  "adapter_dim": "",
  "dropout": "",
  "pretrained": true,
  "params_total": 11185233,
  "params_trainable": 11185233,
  "test_loss": 2.607693910598755,
  "test_acc": 0.25,
  "test_macro_f1": 0.20870213841845808,
  "test_balanced_acc": 0.23921568627446485,
  "time_sec": 123.13288593292236,
  "time_human": "2m 3s"
}