{
  "method": "finetune_resnet18",
  "budget": 0.01,
  "budget_percent": 1,
  "seed": 43,
  "epochs": 10,
  "best_epoch": 5,
  "num_classes": 17,
  "n_train": 17,
  "n_val": 155,
  "n_test": 164,
  "img_size": 224,
  "batch_size": 16,
  "adapter_dim": "",
  "dropout": "",
  "pretrained": true,
  "params_total": 11185233,
  "params_trainable": 11185233,
  "test_loss": 2.77393984213108,
  "test_acc": 0.1524390243902439,
  "test_macro_f1": 0.10576782522170261,
  "test_balanced_acc": 0.14901960784311125,
  "time_sec": 126.99915623664856,
  "time_human": "2m 6s"
}