{
  "method": "marine_adapter",
  "budget": 0.01,
  "budget_percent": 1,
  "seed": 42,
  "epochs": 10,
  "best_epoch": 5,
  "num_classes": 17,
  "n_train": 17,
  "n_val": 155,
  "n_test": 164,
  "img_size": 224,
  "batch_size": 16,
  "adapter_dim": 64,
  "dropout": 0.1,
  "pretrained": true,
  "params_total": 11252369,
  "params_trainable": 75857,
  "test_loss": 3.012585477131169,
  "test_acc": 0.042682926829268296,
  "test_macro_f1": 0.03902125556093367,
  "test_balanced_acc": 0.027450980392155034,
  "time_sec": 117.52860403060913,
  "time_human": "1m 57s"
}