{
  "method": "marine_adapter",
  "budget": 1.0,
  "budget_percent": 100,
  "seed": 43,
  "epochs": 10,
  "best_epoch": 7,
  "num_classes": 17,
  "n_train": 734,
  "n_val": 155,
  "n_test": 164,
  "img_size": 224,
  "batch_size": 16,
  "adapter_dim": 256,
  "dropout": 0.1,
  "pretrained": true,
  "params_total": 11449169,
  "params_trainable": 272657,
  "test_loss": 1.4639801106801846,
  "test_acc": 0.5121951219512195,
  "test_macro_f1": 0.30115251736274873,
  "test_balanced_acc": 0.33529411764703587,
  "time_sec": 668.0365536212921,
  "time_human": "11m 8s"
}