{
  "method": "finetune_resnet18",
  "budget": 0.01,
  "budget_percent": 1,
  "seed": 42,
  "epochs": 10,
  "best_epoch": 8,
  "num_classes": 17,
  "n_train": 17,
  "n_val": 155,
  "n_test": 164,
  "img_size": 224,
  "batch_size": 16,
  "adapter_dim": "",
  "dropout": "",
  "pretrained": true,
  "params_total": 11185233,
  "params_trainable": 11185233,
  "test_loss": 2.713377847904112,
  "test_acc": 0.18292682926829268,
  "test_macro_f1": 0.169316957551932,
  "test_balanced_acc": 0.16078431372546131,
  "time_sec": 123.67183113098145,
  "time_human": "2m 3s"
}