{
  "method": "scratch_cnn",
  "budget": 0.01,
  "budget_percent": 1,
  "seed": 44,
  "epochs": 10,
  "best_epoch": 3,
  "num_classes": 17,
  "n_train": 17,
  "n_val": 155,
  "n_test": 164,
  "img_size": 224,
  "batch_size": 16,
  "adapter_dim": "",
  "dropout": "",
  "pretrained": true,
  "params_total": 393745,
  "params_trainable": 393745,
  "test_loss": 2.8095032761736616,
  "test_acc": 0.1524390243902439,
  "test_macro_f1": 0.04955069660944237,
  "test_balanced_acc": 0.10980392156861896,
  "time_sec": 121.63873672485352,
  "time_human": "2m 1s"
}