{
  "method": "scratch_cnn",
  "budget": 0.1,
  "budget_percent": 10,
  "seed": 42,
  "epochs": 2,
  "best_epoch": 2,
  "num_classes": 10,
  "n_train": 59,
  "n_val": 116,
  "n_test": 118,
  "img_size": 224,
  "batch_size": 4,
  "adapter_dim": "",
  "dropout": "",
  "pretrained": false,
  "params_total": 391946,
  "params_trainable": 391946,
  "test_loss": 2.1359727665529413,
  "test_acc": 0.23728813559322035,
  "test_macro_f1": 0.1677074407723757,
  "test_balanced_acc": 0.23499999999998025,
  "time_sec": 105.89039278030396,
  "time_human": "1m 45s"
}