annotation_id,image_id,category_id,label,roi_path,source_path,roi_sha256,source_sha256,group_id,fold,split
44,15,55,Paragorgia arborea,/home/tahiti/MARINE_DATASETS/FathomNet_FGVC2025/data/rois/15_44.png,/home/tahiti/MARINE_DATASETS/FathomNet_FGVC2025/data/images/15.png,2b98bbb10f1010106f6cba89a76f98769449d3e8230cfdac93cb72bbcfcfffe4,c837ec480911d974cb9f8374289c7656005c2a78be1935e7b1ec001ac7745319,15,4,train
67,26,65,Rathbunaster californicus,/home/tahiti/MARINE_DATASETS/FathomNet_FGVC2025/data/rois/26_67.png,/home/tahiti/MARINE_DATASETS/FathomNet_FGVC2025/data/images/26.png,b94bd7bb6225b08aaa2c051a2784d945c1470d0c63b2611237ecba8574f89b3c,6c45ab90ffdff553ccbab99da5466aaafa970ba631d6da85eb68812bb1f220ba,26,6,train
95,36,35,Isididae,/home/tahiti/MARINE_DATASETS/FathomNet_FGVC2025/data/rois/36_95.png,/home/tahiti/MARINE_DATASETS/FathomNet_FGVC2025/data/images/36.png,a68ea45b16aac4b251ec68106ff9d0ff089b489a76ba6b03fa89d81421797da4,b154bddc9f3453361ef39507592d3c891ed871c37a16e9ab04fd0ed05a0fa7be,36,6,train
179,43,58,Peniagone,/home/tahiti/MARINE_DATASETS/FathomNet_FGVC2025/data/rois/43_179.png,/home/tahiti/MARINE_DATASETS/FathomNet_FGVC2025/data/images/43.png,aeecb08d6f4382b84dc28f4fe95723bd122075ec65a1e8fcf955352a5c3fb642,3de41178c6b14adfd10d0968b3c9c7deafaf9d63a96963d59a838301476bec93,43,2,train
203,47,74,Strongylocentrotus fragilis,/home/tahiti/MARINE_DATASETS/FathomNet_FGVC2025/data/rois/47_203.png,/home/tahiti/MARINE_DATASETS/FathomNet_FGVC2025/data/images/47.png,827947fbbd637fe777212b0dd7ffcec4033f58b4e82e002399782b2026e67d8c,53d18f0cf3e87a07babe03da98314008345d82d1cf3702151cdbdfaf0a01f662,47,6,train
213,47,74,Strongylocentrotus fragilis,/home/tahiti/MARINE_DATASETS/FathomNet_FGVC2025/data/rois/47_213.png,/home/tahiti/MARINE_DATASETS/FathomNet_FGVC2025/data/images/47.png,abae4a551d25cdad37d624025191e84ecf2d58ca40133c9c811f428cc129d9a2,53d18f0cf3e87a07babe03da98314008345d82d1cf3702151cdbdfaf0a01f662,47,6,train
244,61,29,Heteropolypus ritteri,/home/tahiti/MARINE_DATASETS/FathomNet_FGVC2025/data/rois/61_244.png,/home/tahiti/MARINE_DATASETS/FathomNet_FGVC2025/data/images/61.png,7eda6d2b88b57cacbd78d869e0724156b5c803312c39c726d81a85ddc9837f72,4df3dd2d6def1c2ca087ab3dbfec7a12f20cf391d93cf352007a0392264ec773,61,4,train
279,69,49,Ophiuroidea,/home/tahiti/MARINE_DATASETS/FathomNet_FGVC2025/data/rois/69_279.png,/home/tahiti/MARINE_DATASETS/FathomNet_FGVC2025/data/images/69.png,abdc89d9c34dfedb0b53aff993c20174340c145c4e8ead30a401842bd014a04c,a8b2cd98d2d4684768022b1a46ded939be456746f0d0275331acd5868851285f,69,0,train
281,69,49,Ophiuroidea,/home/tahiti/MARINE_DATASETS/FathomNet_FGVC2025/data/rois/69_281.png,/home/tahiti/MARINE_DATASETS/FathomNet_FGVC2025/data/images/69.png,6847a74cc38203aca557c9a722ac4b216a1b594d4afc84a459912bc397eab327,a8b2cd98d2d4684768022b1a46ded939be456746f0d0275331acd5868851285f,69,0,train
282,69,49,Ophiuroidea,/home/tahiti/MARINE_DATASETS/FathomNet_FGVC2025/data/rois/69_282.png,/home/tahiti/MARINE_DATASETS/FathomNet_FGVC2025/data/images/69.png,777c2446155e724075a1d238163f26d8c5ccac042633fd1d17dd511245444f11,a8b2cd98d2d4684768022b1a46ded939be456746f0d0275331acd5868851285f,69,0,train
302,69,49,Ophiuroidea,/home/tahiti/MARINE_DATASETS/FathomNet_FGVC2025/data/rois/69_302.png,/home/tahiti/MARINE_DATASETS/FathomNet_FGVC2025/data/images/69.png,e03ea8d661ee55116cbce9cbaebcf942cb5d8fd502bb6441abb44eb563d47f0a,a8b2cd98d2d4684768022b1a46ded939be456746f0d0275331acd5868851285f,69,0,train
304,69,49,Ophiuroidea,/home/tahiti/MARINE_DATASETS/FathomNet_FGVC2025/data/rois/69_304.png,/home/tahiti/MARINE_DATASETS/FathomNet_FGVC2025/data/images/69.png,5067bf3ea048e9ce67f832467702a82a1f60ea3130c8939fe51e915721d0d998,a8b2cd98d2d4684768022b1a46ded939be456746f0d0275331acd5868851285f,69,0,train
320,74,74,Strongylocentrotus fragilis,/home/tahiti/MARINE_DATASETS/FathomNet_FGVC2025/data/rois/74_320.png,/home/tahiti/MARINE_DATASETS/FathomNet_FGVC2025/data/images/74.png,7d4454b451a5d1021e2ea5966d2af1ff0e21970b28322d3ca200055ec873d06d,332dcba6e4b7a7e0270eeed9d0b46c7d3b79a883f5422dc95550873eebe36bad,74,0,train
408,97,49,Ophiuroidea,/home/tahiti/MARINE_DATASETS/FathomNet_FGVC2025/data/rois/97_408.png,/home/tahiti/MARINE_DATASETS/FathomNet_FGVC2025/data/images/97.png,c6ee03b067eaf27d9bb1bf3e521c34f3d66dec0b129b4114db3ed988540173cd,c1bc154edeba3c76b752b20c7f405614d98a1282c8e326bad6254ea23e9f46da,97,6,train
418,98,74,Strongylocentrotus fragilis,/home/tahiti/MARINE_DATASETS/FathomNet_FGVC2025/data/rois/98_418.png,/home/tahiti/MARINE_DATASETS/FathomNet_FGVC2025/data/images/98.png,d62d6a0c251ad475b99e66385f990fc8685242a747993355bf0ce4286d1b8623,510b7c3e877e3a83f0755c363cf676d7d0417ec5baaab92d64ea6fbb538cbf2f,98,6,train
429,103,58,Peniagone,/home/tahiti/MARINE_DATASETS/FathomNet_FGVC2025/data/rois/103_429.png,/home/tahiti/MARINE_DATASETS/FathomNet_FGVC2025/data/images/103.png,56a60220a1470a729a0c9c665bebfb58538ce8899ea7c92b1907ec0998f509a7,aff001aa0221bbd2d40e50a902c4c119786bb79cc2b73359ce825bf8d2646076,103,6,train
473,120,13,Brisingida,/home/tahiti/MARINE_DATASETS/FathomNet_FGVC2025/data/rois/120_473.png,/home/tahiti/MARINE_DATASETS/FathomNet_FGVC2025/data/images/120.png,f23b8cd347081e2ae4e28b198e0ef1654076b037e5784f5fa093fcfdbb97378a,d2ad852ff7a1c803c46c2990b94b694a369e3b1181bc99defe712a38f61f367d,120,4,train
474,121,58,Peniagone,/home/tahiti/MARINE_DATASETS/FathomNet_FGVC2025/data/rois/121_474.png,/home/tahiti/MARINE_DATASETS/FathomNet_FGVC2025/data/images/121.png,75e0ccc159aa45618f050507bf6853d3f376a1e07362e0312ab61f686eeaadef,6f5afc41d40bc068b2474e72d6537e038577df5b0423ba0cc8628f5634fdc1db,121,6,train
475,122,28,Heterochone calyx,/home/tahiti/MARINE_DATASETS/FathomNet_FGVC2025/data/rois/122_475.png,/home/tahiti/MARINE_DATASETS/FathomNet_FGVC2025/data/images/122.png,78f35dfbdc0ec6ec7f987d466826923d20b542f3f8129eb84685a60659e635fa,aaec46313e18d985c1ed88b670865b4b390ae571a425f9158ebe1ec4712c1019,122,4,train
498,129,19,Crinoidea,/home/tahiti/MARINE_DATASETS/FathomNet_FGVC2025/data/rois/129_498.png,/home/tahiti/MARINE_DATASETS/FathomNet_FGVC2025/data/images/129.png,e3b589021a67cc15710aba80dc42096c0cc133361e58656b901f12b1725ce03b,fa9c2e4ef19926e7b33c281756da48dd52c2877a40c5748ea59669d75064e605,129,0,train
564,149,74,Strongylocentrotus fragilis,/home/tahiti/MARINE_DATASETS/FathomNet_FGVC2025/data/rois/149_564.png,/home/tahiti/MARINE_DATASETS/FathomNet_FGVC2025/data/images/149.png,27e59fcb889294107d7588e96ce8685a981ed0473c40d645488b1674519e4fd2,b1a5e1c2ca3d2e5baeae8d007cc77df52f19a2516db89852c9caaf701fcbc85e,149,2,train
642,167,74,Strongylocentrotus fragilis,/home/tahiti/MARINE_DATASETS/FathomNet_FGVC2025/data/rois/167_642.png,/home/tahiti/MARINE_DATASETS/FathomNet_FGVC2025/data/images/167.png,1ac803758e113ea383a398e1f76ce5ed40cd24448ef226f6220e2635e465fc9f,c1d6271a0bca45e3c02ec28f5168e2ff31ad434af763487e4d6bf099bccb3520,167,4,train
666,170,22,Farrea,/home/tahiti/MARINE_DATASETS/FathomNet_FGVC2025/data/rois/170_666.png,/home/tahiti/MARINE_DATASETS/FathomNet_FGVC2025/data/images/170.png,aaed33401b07f85466938d9143f8709e466c1886d42a949192c85e64be79c14c,dd16611b1dbfcde7e9147a5572741d279027ed66f4c3d10eed1419b9cf35a86c,170,2,train
672,170,16,Chionoecetes tanneri,/home/tahiti/MARINE_DATASETS/FathomNet_FGVC2025/data/rois/170_672.png,/home/tahiti/MARINE_DATASETS/FathomNet_FGVC2025/data/images/170.png,564a3503518fdbd0ab4270689e859857fd7a1010b14c0559a3e3dfdab4684ae2,dd16611b1dbfcde7e9147a5572741d279027ed66f4c3d10eed1419b9cf35a86c,170,2,train
699,176,5,Actiniaria,/home/tahiti/MARINE_DATASETS/FathomNet_FGVC2025/data/rois/176_699.png,/home/tahiti/MARINE_DATASETS/FathomNet_FGVC2025/data/images/176.png,38cca255b249bc629f5d4e38c8fea61bc362644364f52723715fb82d2af39c36,d71abefa3a4541f165feeac21788d8f0360362f3fbfb6fc1f521ad342d3f02f9,176,2,train
750,193,53,Pannychia moseleyi,/home/tahiti/MARINE_DATASETS/FathomNet_FGVC2025/data/rois/193_750.png,/home/tahiti/MARINE_DATASETS/FathomNet_FGVC2025/data/images/193.png,448651e66fca2aed16153a0d36a2cc9908d0f90896cf759469daca79baa2f070,737dc29879839453ceca5b34dd50c6f936bc31fa468c00ec3f03c5f3895e4834,193,1,train
756,193,74,Strongylocentrotus fragilis,/home/tahiti/MARINE_DATASETS/FathomNet_FGVC2025/data/rois/193_756.png,/home/tahiti/MARINE_DATASETS/FathomNet_FGVC2025/data/images/193.png,af5be30ddf509142b9b06cd8dcc6b5b9a689d44619240a5d5994bcf97e4be708,737dc29879839453ceca5b34dd50c6f936bc31fa468c00ec3f03c5f3895e4834,193,1,train
764,195,68,Scotoplanes globosa,/home/tahiti/MARINE_DATASETS/FathomNet_FGVC2025/data/rois/195_764.png,/home/tahiti/MARINE_DATASETS/FathomNet_FGVC2025/data/images/195.png,93a1ce8bb7fa332c26b7d7fbf86a62f749ce5d3a2653c49fe785fa9b3e42cc4b,ecd604a5e374d2271df417922196999a7bebbd0e0c2dd94960d6267cd8806600,195,2,train
792,210,32,Holothuroidea,/home/tahiti/MARINE_DATASETS/FathomNet_FGVC2025/data/rois/210_792.png,/home/tahiti/MARINE_DATASETS/FathomNet_FGVC2025/data/images/210.png,b93c97651b036a9bc9939969e0fe965c142a299597600a574a8de54762081bde,17edd2c735cd6e5fe072390589d059ef3be87de378c133f274d389a87e494c87,210,6,train
796,213,38,Liponema brevicorne,/home/tahiti/MARINE_DATASETS/FathomNet_FGVC2025/data/rois/213_796.png,/home/tahiti/MARINE_DATASETS/FathomNet_FGVC2025/data/images/213.png,244cdcfec7ee2cb1d9078349ef4e9a41904ef7d016e84d58137b4d6de55345b2,6fabc479ee79909ba6380edc6b753444459c9c8927e57e94c9e269df5c21a884,213,6,train
797,214,8,Apostichopus leukothele,/home/tahiti/MARINE_DATASETS/FathomNet_FGVC2025/data/rois/214_797.png,/home/tahiti/MARINE_DATASETS/FathomNet_FGVC2025/data/images/214.png,d9a88bf349ebea15b7506ba933d74e9fb104fb7bba01ed529ebd2906ff5ab56d,3d4b5f5b741a908c2c83bc9b9a443ab4780d53cf08d3efb86e382415664e8b64,214,6,train
816,226,74,Strongylocentrotus fragilis,/home/tahiti/MARINE_DATASETS/FathomNet_FGVC2025/data/rois/226_816.png,/home/tahiti/MARINE_DATASETS/FathomNet_FGVC2025/data/images/226.png,ef02bfbb53be8ba3fc4f8d505a920723deb379d5fdce63a09be8bba2eb603637,6d0e7e82fa146ef2ba5be25b97b26be7497e29de7c1136c329dd4ae00ef28e64,226,1,train
851,232,74,Strongylocentrotus fragilis,/home/tahiti/MARINE_DATASETS/FathomNet_FGVC2025/data/rois/232_851.png,/home/tahiti/MARINE_DATASETS/FathomNet_FGVC2025/data/images/232.png,0b314aadeed73dac8ed924a31de26d28459fe1892dd102be320a98fe33d51157,e31c1933daa40d1806420f34b36d426e02ca321cf3c022a642c2f3ff7468710d,232,4,train
856,235,35,Isididae,/home/tahiti/MARINE_DATASETS/FathomNet_FGVC2025/data/rois/235_856.png,/home/tahiti/MARINE_DATASETS/FathomNet_FGVC2025/data/images/235.png,beb23668585297c1be233c11b164bb3fc8c59fa106016f8d7bf65a3ea945bccb,5785d11534d06cb6c13c33446c7a02f427f82ac2fe1d8a408aba1b5b0f3ede01,235,4,train
868,239,58,Peniagone,/home/tahiti/MARINE_DATASETS/FathomNet_FGVC2025/data/rois/239_868.png,/home/tahiti/MARINE_DATASETS/FathomNet_FGVC2025/data/images/239.png,11368d49007a5639bd946e1c6d8bd49fa0f79936461610cfd3e9544f9d562b38,3bdd2afdf39ddbf08819dc6f917de0706ac58c30d4f0cb31a91d933fc1e0f2bb,239,6,train
875,242,65,Rathbunaster californicus,/home/tahiti/MARINE_DATASETS/FathomNet_FGVC2025/data/rois/242_875.png,/home/tahiti/MARINE_DATASETS/FathomNet_FGVC2025/data/images/242.png,7aa3593cec22b695b075356838a833ce0314cb2379fcaa3e68c1fe2d5ee56706,09c495bb0c7de9d2bf108905250d01326dfdfd10ba710217ebf1dfb4ce73f4e8,242,6,train
910,253,21,Elpidia,/home/tahiti/MARINE_DATASETS/FathomNet_FGVC2025/data/rois/253_910.png,/home/tahiti/MARINE_DATASETS/FathomNet_FGVC2025/data/images/253.png,18aeb1ff192ae64393055bd8dbcd533a59c4ab5bedc62c2468958fd81964f15d,98a0d56368b7ebb8e27b67330c780d93e369407fc1269aadaacbfad929a2df33,253,2,train
921,255,60,Porifera,/home/tahiti/MARINE_DATASETS/FathomNet_FGVC2025/data/rois/255_921.png,/home/tahiti/MARINE_DATASETS/FathomNet_FGVC2025/data/images/255.png,693a0866d1b996f1d2907b1ad4a350c09cd0c3e03a3fbc09b3275a7c491e13bb,4051997ee5613338d90d02c8ad1e13ae3660d2dc81b650d4c123a356e691d8ed,255,4,train
930,255,2,Acanthascinae,/home/tahiti/MARINE_DATASETS/FathomNet_FGVC2025/data/rois/255_930.png,/home/tahiti/MARINE_DATASETS/FathomNet_FGVC2025/data/images/255.png,767f489a26842e79887460fec6013bb74f69950f40e056a53ebe9ce86d7e3196,4051997ee5613338d90d02c8ad1e13ae3660d2dc81b650d4c123a356e691d8ed,255,4,train
968,265,67,Scotoplanes,/home/tahiti/MARINE_DATASETS/FathomNet_FGVC2025/data/rois/265_968.png,/home/tahiti/MARINE_DATASETS/FathomNet_FGVC2025/data/images/265.png,b3020b3f670e584c4edc1c782b04621b1aef58a24fdc950be04f83b0e3793f4c,744289e34c928d77be43d201632c217ad03af0a48560b65d8e9b2c68a6aefeb2,265,6,train
988,267,29,Heteropolypus ritteri,/home/tahiti/MARINE_DATASETS/FathomNet_FGVC2025/data/rois/267_988.png,/home/tahiti/MARINE_DATASETS/FathomNet_FGVC2025/data/images/267.png,e9517d6baea28204075ec4b984bcbcc4c855eec158712de592bea6ac91207690,b15c7cbbccb16de42adeeca6474e9edfa646cc7bb82a7ea3d1dcaed57549eba3,267,4,train
1156,313,73,Staurocalyptus,/home/tahiti/MARINE_DATASETS/FathomNet_FGVC2025/data/rois/313_1156.png,/home/tahiti/MARINE_DATASETS/FathomNet_FGVC2025/data/images/313.png,afaee85bbe4e179a1dc22790b658a2352ef1d228ba834073cef85bf3d5386cad,46bec2574409b8b47f37e9d6f3b124e1a845753f370c90f91db386543cc03914,313,6,train
1157,313,28,Heterochone calyx,/home/tahiti/MARINE_DATASETS/FathomNet_FGVC2025/data/rois/313_1157.png,/home/tahiti/MARINE_DATASETS/FathomNet_FGVC2025/data/images/313.png,b8cd46abf3edc7ae1ce98f1b84bd72fd611dbebb3f84eab3488af4038cc719ac,46bec2574409b8b47f37e9d6f3b124e1a845753f370c90f91db386543cc03914,313,6,train
1183,318,49,Ophiuroidea,/home/tahiti/MARINE_DATASETS/FathomNet_FGVC2025/data/rois/318_1183.png,/home/tahiti/MARINE_DATASETS/FathomNet_FGVC2025/data/images/318.png,98686b0ffeceba8a531a19b04124f4663851823c191834eecbac11538160e1e7,a0a59a0c78826de68d493c1c9bda3d0b998a20a9d8207a356e76cdec00912a6c,318,1,train
1229,329,45,Munnopsidae,/home/tahiti/MARINE_DATASETS/FathomNet_FGVC2025/data/rois/329_1229.png,/home/tahiti/MARINE_DATASETS/FathomNet_FGVC2025/data/images/329.png,819bd72a0a96bcef660ad25f7151ce792b946d3af0f6650dec489d3512f02df9,e65f3131bd70480e4dbdb27ba92c8cce1007c848a2a5801254cb8e0faa937c97,329,4,train
1301,346,65,Rathbunaster californicus,/home/tahiti/MARINE_DATASETS/FathomNet_FGVC2025/data/rois/346_1301.png,/home/tahiti/MARINE_DATASETS/FathomNet_FGVC2025/data/images/346.png,a410bfb1c5a89741f846a7a58fe4ef0a354478ae39bf75fd7cfdc8ce35c42c5e,60634e93e01d41eaecbd68a36c427ad8744bccaf03d75df1ca1323c2215fab3f,346,0,train
1360,357,60,Porifera,/home/tahiti/MARINE_DATASETS/FathomNet_FGVC2025/data/rois/357_1360.png,/home/tahiti/MARINE_DATASETS/FathomNet_FGVC2025/data/images/357.png,52720721937a516df17811a2b92ef30c0afd00ca628be5a3643ba3fb3f042774,0ceedef08a6bfd665059b1146b10e52c384466ac133645e20b8246e61d461c1d,357,4,train
1375,363,35,Isididae,/home/tahiti/MARINE_DATASETS/FathomNet_FGVC2025/data/rois/363_1375.png,/home/tahiti/MARINE_DATASETS/FathomNet_FGVC2025/data/images/363.png,3e592078c1bbb56d7505cd590aaf3670d083cd605e510b49606603fa640e6291,226f7112874973059f7ed8356b6c18da678c215dab7b40ff6378ee81d177a6e4,363,4,train
1458,378,28,Heterochone calyx,/home/tahiti/MARINE_DATASETS/FathomNet_FGVC2025/data/rois/378_1458.png,/home/tahiti/MARINE_DATASETS/FathomNet_FGVC2025/data/images/378.png,1b21bfb404738eab9e2857c5b4755f9a82106f28fbd257a62c2976e25118e952,f06d449e8eab93411216e268fb8662d616f318a1f23b981819c13102ad282958,378,6,train
1512,393,26,Gersemia juliepackardae,/home/tahiti/MARINE_DATASETS/FathomNet_FGVC2025/data/rois/393_1512.png,/home/tahiti/MARINE_DATASETS/FathomNet_FGVC2025/data/images/393.png,fcaaaff3dde1df5ccb8a1f7098e9c2b6b967101f39d2c224c4dc2d30870e1ebe,fddac54754a70fb6ace81f3c1257c9e85f1de045c532b01a86576646bee11b7e,393,0,train
1533,393,33,Hormathiidae,/home/tahiti/MARINE_DATASETS/FathomNet_FGVC2025/data/rois/393_1533.png,/home/tahiti/MARINE_DATASETS/FathomNet_FGVC2025/data/images/393.png,9131db08b3adc62257cce49d9a3581b35945f58f907d0ea665b21cb8fefe0a84,fddac54754a70fb6ace81f3c1257c9e85f1de045c532b01a86576646bee11b7e,393,0,train
1551,401,58,Peniagone,/home/tahiti/MARINE_DATASETS/FathomNet_FGVC2025/data/rois/401_1551.png,/home/tahiti/MARINE_DATASETS/FathomNet_FGVC2025/data/images/401.png,f9d749aeff9079077e89c5120483f43180cb59efa102a972262d2955f30960a9,71451593875438e5b90f3f740092ea63a61739be31965467ed0ae8c64356818d,401,0,train
1568,405,30,Hexactinellida,/home/tahiti/MARINE_DATASETS/FathomNet_FGVC2025/data/rois/405_1568.png,/home/tahiti/MARINE_DATASETS/FathomNet_FGVC2025/data/images/405.png,53238c0dd0afe0312d3ce6155de896dc44a66e99b612ccb347febf7071e31cfd,f464bc3b5c65bf41e4d188908a0c732c898197f3d8fb38791b6f5c5036d94a67,405,6,train
1627,408,49,Ophiuroidea,/home/tahiti/MARINE_DATASETS/FathomNet_FGVC2025/data/rois/408_1627.png,/home/tahiti/MARINE_DATASETS/FathomNet_FGVC2025/data/images/408.png,79ef9ab1e8aef4cef6df63951fa5afdc86bb855e5a99e324ad7ecbf2f9fc19e7,d025cae724a7fab6faabf5e4e16890753bc06c840788d1ff7aac74eb861b2bb6,408,0,train
1642,408,49,Ophiuroidea,/home/tahiti/MARINE_DATASETS/FathomNet_FGVC2025/data/rois/408_1642.png,/home/tahiti/MARINE_DATASETS/FathomNet_FGVC2025/data/images/408.png,a71230648e050bff3a61136ec407e73f69aa4f180c202a0871ef1772b99c155c,d025cae724a7fab6faabf5e4e16890753bc06c840788d1ff7aac74eb861b2bb6,408,0,train
1652,411,74,Strongylocentrotus fragilis,/home/tahiti/MARINE_DATASETS/FathomNet_FGVC2025/data/rois/411_1652.png,/home/tahiti/MARINE_DATASETS/FathomNet_FGVC2025/data/images/411.png,4f791f8a60a3e3809700c76b58ad131e3e92a4bb8183ec574eea0288dc322ffe,02af7029bcc706b091012d1aac43b303b247d1c3d2441faf623b745e5507d69d,411,6,train
1671,413,16,Chionoecetes tanneri,/home/tahiti/MARINE_DATASETS/FathomNet_FGVC2025/data/rois/413_1671.png,/home/tahiti/MARINE_DATASETS/FathomNet_FGVC2025/data/images/413.png,23c4d913a79477e72239149300b5a1125992c3069a2cf3a4e50be2cd0ac33d79,be6f0cae481791bb53970e91ed00601bf316c2f74ac6cc090722e932c24fb24d,413,4,train
1685,414,49,Ophiuroidea,/home/tahiti/MARINE_DATASETS/FathomNet_FGVC2025/data/rois/414_1685.png,/home/tahiti/MARINE_DATASETS/FathomNet_FGVC2025/data/images/414.png,3b30cf87ac1a08aa36d2bdec47a75e9a2f252732543c6477fd14576384a47b2d,54ae285959a970899926a68f697676500ca308fa1927b705b17676414480f976,414,2,train
1692,415,73,Staurocalyptus,/home/tahiti/MARINE_DATASETS/FathomNet_FGVC2025/data/rois/415_1692.png,/home/tahiti/MARINE_DATASETS/FathomNet_FGVC2025/data/images/415.png,f3515786a06ea40c5b628e457b327a8ebe9e1382e6220b8ae97aeba72f29d260,aafb603b7ab9660dc58295ca35689672513058fd1f3daa50fa77942d3103e7ec,415,4,train
1695,415,73,Staurocalyptus,/home/tahiti/MARINE_DATASETS/FathomNet_FGVC2025/data/rois/415_1695.png,/home/tahiti/MARINE_DATASETS/FathomNet_FGVC2025/data/images/415.png,107a0a7d88bb154cbb80709427e4989a19dbe6367d1b97d74cd36f0a882aaccb,aafb603b7ab9660dc58295ca35689672513058fd1f3daa50fa77942d3103e7ec,415,4,train
1697,415,73,Staurocalyptus,/home/tahiti/MARINE_DATASETS/FathomNet_FGVC2025/data/rois/415_1697.png,/home/tahiti/MARINE_DATASETS/FathomNet_FGVC2025/data/images/415.png,0b70653bcc161919814eb3414675b1fd9369688e52b0f8c541d182085ff31499,aafb603b7ab9660dc58295ca35689672513058fd1f3daa50fa77942d3103e7ec,415,4,train
1707,416,55,Paragorgia arborea,/home/tahiti/MARINE_DATASETS/FathomNet_FGVC2025/data/rois/416_1707.png,/home/tahiti/MARINE_DATASETS/FathomNet_FGVC2025/data/images/416.png,058f407d29f67c7d65d05920e5d324576e01ed9225b6dcde54837b31c8367169,f14759aeb03b6e84f04ddb01e4f92033decc807a4fd82c41f03c3a8672e50655,416,1,train
1715,416,29,Heteropolypus ritteri,/home/tahiti/MARINE_DATASETS/FathomNet_FGVC2025/data/rois/416_1715.png,/home/tahiti/MARINE_DATASETS/FathomNet_FGVC2025/data/images/416.png,c1349bac290f2be1105c1d1afac4258761dce5f295aa3aeb72607ae6f2db5097,f14759aeb03b6e84f04ddb01e4f92033decc807a4fd82c41f03c3a8672e50655,416,1,train
1795,426,62,Psolus squamatus,/home/tahiti/MARINE_DATASETS/FathomNet_FGVC2025/data/rois/426_1795.png,/home/tahiti/MARINE_DATASETS/FathomNet_FGVC2025/data/images/426.png,09840cca260b952dbcf8877dd3d3e31746cd1cb85fdb2e24db8e59652ca8dfbc,609ddbfa13bbaf9561043dbaaa3b45328539e4e407096baaeef88aaae795a8c4,426,2,train
1870,448,64,Pyrosoma atlanticum,/home/tahiti/MARINE_DATASETS/FathomNet_FGVC2025/data/rois/448_1870.png,/home/tahiti/MARINE_DATASETS/FathomNet_FGVC2025/data/images/448.png,593c66438199c38961cddb6c0eee519d492d8fbce17ede27c4185262b61f7613,7c55a27eca21df4b18dd854c57743d4193012c8937002ee53278d15633c22d6e,448,1,train
1875,450,23,Florometra serratissima,/home/tahiti/MARINE_DATASETS/FathomNet_FGVC2025/data/rois/450_1875.png,/home/tahiti/MARINE_DATASETS/FathomNet_FGVC2025/data/images/450.png,c6c62b1f56f42db6815a34f9f18e13e0ed885fd4de7b3ce76d78594783970474,bdfce3bf65c32ab8f97eeaf0864255994b012eb340bee3417559d9096e4641eb,450,4,train
1877,452,5,Actiniaria,/home/tahiti/MARINE_DATASETS/FathomNet_FGVC2025/data/rois/452_1877.png,/home/tahiti/MARINE_DATASETS/FathomNet_FGVC2025/data/images/452.png,d4ccd6a1466ec25e68ed201c61d0fc9a7653f7366ab6af0d88b2182437e045f6,6abafaebce45e7f33646a40b5670cee90a0644c8c5b6411a9e0f3799e7a9e180,452,0,train
1886,458,62,Psolus squamatus,/home/tahiti/MARINE_DATASETS/FathomNet_FGVC2025/data/rois/458_1886.png,/home/tahiti/MARINE_DATASETS/FathomNet_FGVC2025/data/images/458.png,17a021384cd800ed54731976c03a6578fe60f1c74b27f59c1c82ab132bf91eb8,9e58ca2357dc8403bc6afd380ec2c8fe585ef910c600244edd227df1d2315fb4,458,0,train
1973,490,60,Porifera,/home/tahiti/MARINE_DATASETS/FathomNet_FGVC2025/data/rois/490_1973.png,/home/tahiti/MARINE_DATASETS/FathomNet_FGVC2025/data/images/490.png,6bc8620fdf04d57465189276370c4e8dc0ffad86850152c49873878f9c8173ef,137a628f5e305dbe18775068f3002883ee60746b23f3f38e85872cecee6664f3,490,6,train
1995,497,4,Actinernus,/home/tahiti/MARINE_DATASETS/FathomNet_FGVC2025/data/rois/497_1995.png,/home/tahiti/MARINE_DATASETS/FathomNet_FGVC2025/data/images/497.png,d4e80ff721133af13a4ecf7641fc07c3f00e2589bdd5420f75e0bee0816a55e6,c677a68d3b9fef909c5df3ef39564f518dd115549136a4a12e52270f8e95cd6a,497,2,train
2055,500,11,Asteroidea,/home/tahiti/MARINE_DATASETS/FathomNet_FGVC2025/data/rois/500_2055.png,/home/tahiti/MARINE_DATASETS/FathomNet_FGVC2025/data/images/500.png,a1f8aa069a0b51a9045b875abd7b7db27dba63c125045ae1c6b80ef49921bf3e,e8feaad569951ae1e9f2837704273d658cf4e056b21e13b7e0551552975fc32c,500,0,train
2059,500,74,Strongylocentrotus fragilis,/home/tahiti/MARINE_DATASETS/FathomNet_FGVC2025/data/rois/500_2059.png,/home/tahiti/MARINE_DATASETS/FathomNet_FGVC2025/data/images/500.png,433410bf9c6070a25ff656bf38c45caa252d42a1a8df1d884c782514b795c6b1,e8feaad569951ae1e9f2837704273d658cf4e056b21e13b7e0551552975fc32c,500,0,train
2076,505,49,Ophiuroidea,/home/tahiti/MARINE_DATASETS/FathomNet_FGVC2025/data/rois/505_2076.png,/home/tahiti/MARINE_DATASETS/FathomNet_FGVC2025/data/images/505.png,c96e6d645bd02ee7d536717cac759c80c1476129ee612725858321977a2ab768,510e5f9d453a0ce181fe76736dfce72d0b283c8134d3fe893e3358ccbfc00622,505,2,train
2081,505,49,Ophiuroidea,/home/tahiti/MARINE_DATASETS/FathomNet_FGVC2025/data/rois/505_2081.png,/home/tahiti/MARINE_DATASETS/FathomNet_FGVC2025/data/images/505.png,831f248f4e2fb8cc1083dae490322e20e62e1871f6320fc818ffca6613eaa42f,510e5f9d453a0ce181fe76736dfce72d0b283c8134d3fe893e3358ccbfc00622,505,2,train
2103,510,5,Actiniaria,/home/tahiti/MARINE_DATASETS/FathomNet_FGVC2025/data/rois/510_2103.png,/home/tahiti/MARINE_DATASETS/FathomNet_FGVC2025/data/images/510.png,a4eebb72f8ef1290b334e533d47d2f8fcb13ca64641d91a4ef06820dd159a60f,251d7be90fb58a049ad46ff1046e78d8354a5325ad3707403520675d9e9e6844,510,4,train
2107,512,16,Chionoecetes tanneri,/home/tahiti/MARINE_DATASETS/FathomNet_FGVC2025/data/rois/512_2107.png,/home/tahiti/MARINE_DATASETS/FathomNet_FGVC2025/data/images/512.png,2577077a7d14be33561496b00a7aca2106968d84ae87253159bf708632953663,063d9e1e35fbb3a1a45d029a14c4577a8794ef1be7a9795f234c8c2b3892599f,512,1,train
2110,512,73,Staurocalyptus,/home/tahiti/MARINE_DATASETS/FathomNet_FGVC2025/data/rois/512_2110.png,/home/tahiti/MARINE_DATASETS/FathomNet_FGVC2025/data/images/512.png,79dda96cadb6e433bc463d0080193c6e2cbd240048f1ba40a23ccb9ae0e40a9c,063d9e1e35fbb3a1a45d029a14c4577a8794ef1be7a9795f234c8c2b3892599f,512,1,train
2122,518,65,Rathbunaster californicus,/home/tahiti/MARINE_DATASETS/FathomNet_FGVC2025/data/rois/518_2122.png,/home/tahiti/MARINE_DATASETS/FathomNet_FGVC2025/data/images/518.png,8c846de26d4b00b0936ccb4c58d49164cc125252424358878bc4f1104d5f8a46,f1d7a0c3c0e0bdb70a53ffbfc9c89dc9b9194c58542dfaecf22466efe9e8f174,518,1,train
2301,555,5,Actiniaria,/home/tahiti/MARINE_DATASETS/FathomNet_FGVC2025/data/rois/555_2301.png,/home/tahiti/MARINE_DATASETS/FathomNet_FGVC2025/data/images/555.png,f7cffac082e3974b5125a1ef2fb1b5189f9d3c1938b8d47affb17b4d54767e1a,4f9d14ec90053b2c80244b9e07e620aa33604cf6aa958196482a36a098c3dab0,555,1,train
2306,557,35,Isididae,/home/tahiti/MARINE_DATASETS/FathomNet_FGVC2025/data/rois/557_2306.png,/home/tahiti/MARINE_DATASETS/FathomNet_FGVC2025/data/images/557.png,87c8500af79324a22b08a8b58c62537c1e698295f220d4b3c4d26ca0ea92f709,d172de996de30b32c52d7e715fea3319cfb4e05f2205cbf4d5f070921b1a9c6b,557,1,train
2321,560,11,Asteroidea,/home/tahiti/MARINE_DATASETS/FathomNet_FGVC2025/data/rois/560_2321.png,/home/tahiti/MARINE_DATASETS/FathomNet_FGVC2025/data/images/560.png,bd034582dfcf464ed76f3184896b2a772a7e4fd5dd5eeab20060ba31155a10c4,7d644d1f3b4ba7a8668e582d0362042e566d4fc083e395a3712f00abfe955155,560,0,train
2385,585,30,Hexactinellida,/home/tahiti/MARINE_DATASETS/FathomNet_FGVC2025/data/rois/585_2385.png,/home/tahiti/MARINE_DATASETS/FathomNet_FGVC2025/data/images/585.png,6f6094bed26067633f8108883435ea3c0594c5b2fb2bee7ca03cc4cd830f09ba,36636d1f33ed6f4eb2f237b3487075a75929fd2512d700298b4b4d073410c6ef,585,1,train
2399,586,62,Psolus squamatus,/home/tahiti/MARINE_DATASETS/FathomNet_FGVC2025/data/rois/586_2399.png,/home/tahiti/MARINE_DATASETS/FathomNet_FGVC2025/data/images/586.png,c3220fc0826ad83420221f4a352dfb45345bfc81c72a0085f79e4dde0cbbadb7,12e51159b40823cb0cdd4c79e8ddaea2cae575f41af99151d83e97075ef57d07,586,2,train
2403,587,73,Staurocalyptus,/home/tahiti/MARINE_DATASETS/FathomNet_FGVC2025/data/rois/587_2403.png,/home/tahiti/MARINE_DATASETS/FathomNet_FGVC2025/data/images/587.png,fad207527c68516e1b92f3aef65d899b750927b218ee6dc53bbbd2f2d4ed8cdf,fa20f59d049e76cbbf0299fef0d7216547a5b7b5d73fd17092e72ae609aee123,587,4,train
2457,600,74,Strongylocentrotus fragilis,/home/tahiti/MARINE_DATASETS/FathomNet_FGVC2025/data/rois/600_2457.png,/home/tahiti/MARINE_DATASETS/FathomNet_FGVC2025/data/images/600.png,d3938a0d218650635c037f6773119844ae80776dd86f7b0351e8ca163561d362,a0de65fd4276683503c998975c6a4fcde92e001ea9dca9ba9360d49e50aea7a9,600,2,train
2458,600,74,Strongylocentrotus fragilis,/home/tahiti/MARINE_DATASETS/FathomNet_FGVC2025/data/rois/600_2458.png,/home/tahiti/MARINE_DATASETS/FathomNet_FGVC2025/data/images/600.png,87465d40b08db349e8ca0b2b606345ecf70efe0ccbface0c9850e9d71a2a44d5,a0de65fd4276683503c998975c6a4fcde92e001ea9dca9ba9360d49e50aea7a9,600,2,train
2485,612,73,Staurocalyptus,/home/tahiti/MARINE_DATASETS/FathomNet_FGVC2025/data/rois/612_2485.png,/home/tahiti/MARINE_DATASETS/FathomNet_FGVC2025/data/images/612.png,3c670db7f9c30651386fbb3514ea31315c5fdae5c0be23c44faf04822b560731,dd252914061875bd36c9d028ff320f099911506be028faae6a3d01b6226c10ee,612,4,train
2552,628,71,Sebastolobus,/home/tahiti/MARINE_DATASETS/FathomNet_FGVC2025/data/rois/628_2552.png,/home/tahiti/MARINE_DATASETS/FathomNet_FGVC2025/data/images/628.png,37703e45a157ac4e441f2808393aa3fe7e5e87f9628b41d2d058f1361592ef5e,5789fd44fa1b35b6575cd1e667f9fa87c5b756ee2a0af59a553c6ce063c54a82,628,4,train
2559,629,71,Sebastolobus,/home/tahiti/MARINE_DATASETS/FathomNet_FGVC2025/data/rois/629_2559.png,/home/tahiti/MARINE_DATASETS/FathomNet_FGVC2025/data/images/629.png,1d9f4151a90cbcf0dadc1f1d8d173d8cbe180ce981944da480489f0313097133,e0aa3f2ac45b9c352d0295502a9f3f221f964ac992cc67d6264d8947708e8236,629,4,train
2561,630,60,Porifera,/home/tahiti/MARINE_DATASETS/FathomNet_FGVC2025/data/rois/630_2561.png,/home/tahiti/MARINE_DATASETS/FathomNet_FGVC2025/data/images/630.png,0f1777bcfa50b599c512d4261d8825bc9267920ebaba06b21d708472a8913b05,e489f5e4e8fe4ffc6b4479ef525ba7fcab49de2d5b53c87f318e685b3e58c761,630,1,train
2619,646,70,Sebastes diploproa,/home/tahiti/MARINE_DATASETS/FathomNet_FGVC2025/data/rois/646_2619.png,/home/tahiti/MARINE_DATASETS/FathomNet_FGVC2025/data/images/646.png,5f9c2ff2aa1a89453cc71d939324ab91797a3f721b6f6c8968c76797a20fa6b0,e4a68e63f5b86378643db4104090cb14476d9c184876b49675d53d6bf71bf966,646,6,train
2625,646,70,Sebastes diploproa,/home/tahiti/MARINE_DATASETS/FathomNet_FGVC2025/data/rois/646_2625.png,/home/tahiti/MARINE_DATASETS/FathomNet_FGVC2025/data/images/646.png,adfeab018ea055ff2a5bd4e8512f583ba741eb06360f07bf10b700fd83dc9e1d,e4a68e63f5b86378643db4104090cb14476d9c184876b49675d53d6bf71bf966,646,6,train
2687,664,21,Elpidia,/home/tahiti/MARINE_DATASETS/FathomNet_FGVC2025/data/rois/664_2687.png,/home/tahiti/MARINE_DATASETS/FathomNet_FGVC2025/data/images/664.png,ee7187f397b1757b5b194be4284bda20f857a917b1d21a5a06200f711d5318fc,744d04ef5edb84dee2549a877a786a61650122f241a3453ff9efb1b750460dc0,664,4,train
2746,683,71,Sebastolobus,/home/tahiti/MARINE_DATASETS/FathomNet_FGVC2025/data/rois/683_2746.png,/home/tahiti/MARINE_DATASETS/FathomNet_FGVC2025/data/images/683.png,a828ac34d4fbf4554702b8d61ca6124f397f7454219da5a188f74e895c32095f,c568dbb269bcc1768d63c569bc92bad46454993a573c91b719e95f735c1b766a,683,4,train
2749,683,51,Pandalus amplus,/home/tahiti/MARINE_DATASETS/FathomNet_FGVC2025/data/rois/683_2749.png,/home/tahiti/MARINE_DATASETS/FathomNet_FGVC2025/data/images/683.png,99aff1bc0861323bce36258e7d508c80ae9a2842e87a90e19bc8455021a50608,c568dbb269bcc1768d63c569bc92bad46454993a573c91b719e95f735c1b766a,683,4,train
2761,684,41,Merluccius productus,/home/tahiti/MARINE_DATASETS/FathomNet_FGVC2025/data/rois/684_2761.png,/home/tahiti/MARINE_DATASETS/FathomNet_FGVC2025/data/images/684.png,f04171b51754de3a4cece158600bb945c303c3e63e81319cc882176c29b909c7,3b7d23a02cbe9b99f7c04796390c2423d0a07e0613180bdaa84c2c5f52d0fd42,684,4,train
2772,688,35,Isididae,/home/tahiti/MARINE_DATASETS/FathomNet_FGVC2025/data/rois/688_2772.png,/home/tahiti/MARINE_DATASETS/FathomNet_FGVC2025/data/images/688.png,c2e1f72674d6e369de3ecdc03a7a37c3d986becbbec6589816e05b6aa762dcb1,0f8e78bd67bd6d1b02be07e9c629a257b2a7814c6584ae10257897b9e6e24d76,688,4,train
2783,693,14,Caridea,/home/tahiti/MARINE_DATASETS/FathomNet_FGVC2025/data/rois/693_2783.png,/home/tahiti/MARINE_DATASETS/FathomNet_FGVC2025/data/images/693.png,1663f3243835f96752d29abe38269caf029ce563459ac7a6b7ddc915db7c34bc,61b5ea909b68d3dab604265feb3cd0dccf22a07b3dca83f14c2ca5536a3352cf,693,0,train
2785,695,77,Umbellula,/home/tahiti/MARINE_DATASETS/FathomNet_FGVC2025/data/rois/695_2785.png,/home/tahiti/MARINE_DATASETS/FathomNet_FGVC2025/data/images/695.png,cad840ddd16673bd1077b31b5b64dcbcc783aafd21270ae63413930d0853664b,3b2f7e046ed10785ab892b805349130521dcc973d4e697eee105cbfb23fed144,695,2,train
2788,697,55,Paragorgia arborea,/home/tahiti/MARINE_DATASETS/FathomNet_FGVC2025/data/rois/697_2788.png,/home/tahiti/MARINE_DATASETS/FathomNet_FGVC2025/data/images/697.png,4071939f6d0d39ce50212d33487f32d7be13c0224872eb02449f3b795f5d078c,a3146f047069dbbe9cfb0efd0831501ecfd78f5dddc197bf31247de7b295ac8c,697,1,train
2809,704,11,Asteroidea,/home/tahiti/MARINE_DATASETS/FathomNet_FGVC2025/data/rois/704_2809.png,/home/tahiti/MARINE_DATASETS/FathomNet_FGVC2025/data/images/704.png,6dc3428781a275ec2b4d2d600c0f077262ef89bcf2fa3b17f772b48b190f751a,db495f5d102cb87aaae4037a5a5fd3bef3e5532f90a14da72cb874d277d2b05f,704,4,train
2822,707,66,Scleractinia,/home/tahiti/MARINE_DATASETS/FathomNet_FGVC2025/data/rois/707_2822.png,/home/tahiti/MARINE_DATASETS/FathomNet_FGVC2025/data/images/707.png,73637bcc7b902d88085641b64501b98deeb662a83d6c4453c20f43be2e715e8c,590ffe7c090a0803c41817d87da916c7804e7c604771b9ee581d039392b90ec4,707,1,train
2826,709,58,Peniagone,/home/tahiti/MARINE_DATASETS/FathomNet_FGVC2025/data/rois/709_2826.png,/home/tahiti/MARINE_DATASETS/FathomNet_FGVC2025/data/images/709.png,d35caf8d93961743a99c354ddba5d6f7369c02001ef56812ad7b86e6f27d38e2,31618e8dd98cdf662dbdc0a60ad44e39e8ee9de67de69abadd3a4b738c774ad7,709,2,train
2849,720,55,Paragorgia arborea,/home/tahiti/MARINE_DATASETS/FathomNet_FGVC2025/data/rois/720_2849.png,/home/tahiti/MARINE_DATASETS/FathomNet_FGVC2025/data/images/720.png,fa3e57e21fdd3d212ecbcc97e462a1a54e12f214850adf66b3e27b78027f5d14,f769cb06fd394f8b18a4a824abe5654c56af1366aa7fb9315678a7ce5dc31afb,720,6,train
2936,739,46,Mycale,/home/tahiti/MARINE_DATASETS/FathomNet_FGVC2025/data/rois/739_2936.png,/home/tahiti/MARINE_DATASETS/FathomNet_FGVC2025/data/images/739.png,65abbbc7e2f9cb5d0dbfac35dde037a03aa133aa5c6fc8878f42b0537e7d3b21,5cf5439173d51881ce4931d3beef43853ce24c9271b7a6e2f2d2693a112fa9a1,739,1,train
2956,746,25,Gastropoda,/home/tahiti/MARINE_DATASETS/FathomNet_FGVC2025/data/rois/746_2956.png,/home/tahiti/MARINE_DATASETS/FathomNet_FGVC2025/data/images/746.png,4a7732282c6fd8ef563e595bb6e689aea0db08b4897079eaad34aaeb1e089e82,9606b80f92b306b0f6b460d0b7ac70352cae85547bf1e026a4a6fea67cee877d,746,1,train
2971,751,58,Peniagone,/home/tahiti/MARINE_DATASETS/FathomNet_FGVC2025/data/rois/751_2971.png,/home/tahiti/MARINE_DATASETS/FathomNet_FGVC2025/data/images/751.png,5a51aaa0ee75d1ccccf300422c1af0b4edf4f466708c31df08b635dc10150a38,a42aad309000d3f3d923e78c8f1d7595dba2c7859fe67e6d953c31d833a19155,751,6,train
2978,754,8,Apostichopus leukothele,/home/tahiti/MARINE_DATASETS/FathomNet_FGVC2025/data/rois/754_2978.png,/home/tahiti/MARINE_DATASETS/FathomNet_FGVC2025/data/images/754.png,bd6f427255f2a0fb9eeac45c50ee87ffdca46948ec6065a0efe82f8ee2f98671,ca5db3145173fcfd9f39be5d809d02b81f463caf64754e618e14e41c0641ba85,754,2,train
2986,754,23,Florometra serratissima,/home/tahiti/MARINE_DATASETS/FathomNet_FGVC2025/data/rois/754_2986.png,/home/tahiti/MARINE_DATASETS/FathomNet_FGVC2025/data/images/754.png,6f82781f91768e027fdb98149e021b09cfc049242a4730e4e5daffc782c384da,ca5db3145173fcfd9f39be5d809d02b81f463caf64754e618e14e41c0641ba85,754,2,train
3003,760,28,Heterochone calyx,/home/tahiti/MARINE_DATASETS/FathomNet_FGVC2025/data/rois/760_3003.png,/home/tahiti/MARINE_DATASETS/FathomNet_FGVC2025/data/images/760.png,5ea8314df83b9c90a65bff81e02a8ac93a5810411554ff456d18dd5141cd8254,0ae68de6eb34c95000351c56c3930f47ab6bf2363472390c946aae9240098700,760,2,train
3011,760,28,Heterochone calyx,/home/tahiti/MARINE_DATASETS/FathomNet_FGVC2025/data/rois/760_3011.png,/home/tahiti/MARINE_DATASETS/FathomNet_FGVC2025/data/images/760.png,c3dd0db6f04041de92a82c17ba3530b693e9d10adbc04192a773d2360b954b32,0ae68de6eb34c95000351c56c3930f47ab6bf2363472390c946aae9240098700,760,2,train
3033,762,60,Porifera,/home/tahiti/MARINE_DATASETS/FathomNet_FGVC2025/data/rois/762_3033.png,/home/tahiti/MARINE_DATASETS/FathomNet_FGVC2025/data/images/762.png,5b6cf77a927c2d279f179f478f366f5a3e9704ecfece04b49b899eddfdeae6d6,7a26977f720ecc8cf635e1ca7ac69425befae088cf84087a91a67651f781790f,762,0,train
3040,762,28,Heterochone calyx,/home/tahiti/MARINE_DATASETS/FathomNet_FGVC2025/data/rois/762_3040.png,/home/tahiti/MARINE_DATASETS/FathomNet_FGVC2025/data/images/762.png,455ff45f1d0182e6a991c70e8dc6bd13be509a4f3aadfdc1ac21af8a36f31109,7a26977f720ecc8cf635e1ca7ac69425befae088cf84087a91a67651f781790f,762,0,train
3063,766,73,Staurocalyptus,/home/tahiti/MARINE_DATASETS/FathomNet_FGVC2025/data/rois/766_3063.png,/home/tahiti/MARINE_DATASETS/FathomNet_FGVC2025/data/images/766.png,a1ee8993a74e385ba351b93fa0e32f7744874c8d0636053d746ae03ac18080ab,d74854ade035ad603e2c4f332bee6c83024942b2149dac4bed588b625c133525,766,4,train
3071,767,14,Caridea,/home/tahiti/MARINE_DATASETS/FathomNet_FGVC2025/data/rois/767_3071.png,/home/tahiti/MARINE_DATASETS/FathomNet_FGVC2025/data/images/767.png,f367b78b1f93766db275ae1886ba6c284980f3b162e5932be4dc5f78cd6cfa35,22a819bbcae8ab05bcd99f2582e664b165dbcaaa4c60a2371053ab816fb28317,767,1,train
3078,768,65,Rathbunaster californicus,/home/tahiti/MARINE_DATASETS/FathomNet_FGVC2025/data/rois/768_3078.png,/home/tahiti/MARINE_DATASETS/FathomNet_FGVC2025/data/images/768.png,3023cc1a312306aed3a4d131b595ed8fa09e3fb4e2032a8326aae9729e367566,2d96e9a9da9a0b276b45677de1d2888cd3121b89889aa788efea058fc3b6ef64,768,0,train
3096,773,38,Liponema brevicorne,/home/tahiti/MARINE_DATASETS/FathomNet_FGVC2025/data/rois/773_3096.png,/home/tahiti/MARINE_DATASETS/FathomNet_FGVC2025/data/images/773.png,2bd71972cfe8c04238c5f7298fd2ab516ce324154dc56f64f476243e044e4a89,5a4da5636a0ec4f18da0b4de942bc5a260db7b9dddf9b5f2ab20b35d290da240,773,2,train
3110,780,60,Porifera,/home/tahiti/MARINE_DATASETS/FathomNet_FGVC2025/data/rois/780_3110.png,/home/tahiti/MARINE_DATASETS/FathomNet_FGVC2025/data/images/780.png,eb7e14bda4a815ea34f592aca2a018d62d02b48643fab7ef64c68f36a46c08e6,eacda241b0a37aea81ab17678158b144b39b458b78f5fa4b15fcfa0645326b61,780,1,train
3120,784,31,Hippasteria,/home/tahiti/MARINE_DATASETS/FathomNet_FGVC2025/data/rois/784_3120.png,/home/tahiti/MARINE_DATASETS/FathomNet_FGVC2025/data/images/784.png,2f677f0648162b707ea31ade3a2fe22f01c2e0ee62fb5bd6a1a65cd36fd078e9,acfe09de30be213831a5e3f34efc1a41881e301c88e3ca2fad5aa79ee619c10a,784,4,train
3157,796,65,Rathbunaster californicus,/home/tahiti/MARINE_DATASETS/FathomNet_FGVC2025/data/rois/796_3157.png,/home/tahiti/MARINE_DATASETS/FathomNet_FGVC2025/data/images/796.png,7db67da6e2211befa6ccd4a91daab17e16efd880aa8787b55dd2836493d1e5b6,360a84bcd06e2688b206e04914b47c79d9322f0e5a4ed6944022994b6640f571,796,2,train
3263,834,68,Scotoplanes globosa,/home/tahiti/MARINE_DATASETS/FathomNet_FGVC2025/data/rois/834_3263.png,/home/tahiti/MARINE_DATASETS/FathomNet_FGVC2025/data/images/834.png,5dc4f3f158edeff5a366323e29e54742704f04513d0e44d07a18223b18f3c9f5,e02b94dcd6828366e34b1594d53fb3378e20f7bf8b53b37a482d7661c3e98cb8,834,1,train
3271,837,44,Munidopsis,/home/tahiti/MARINE_DATASETS/FathomNet_FGVC2025/data/rois/837_3271.png,/home/tahiti/MARINE_DATASETS/FathomNet_FGVC2025/data/images/837.png,77b07b2ec6bdbb5d12685533e15e1482ab68ea1c0cb637d7b0ffa01b83df3ae8,8e07b7f22c57022341a87f40304aa63f828ced575e8de7a34f5b5849f77bd584,837,2,train
3274,837,44,Munidopsis,/home/tahiti/MARINE_DATASETS/FathomNet_FGVC2025/data/rois/837_3274.png,/home/tahiti/MARINE_DATASETS/FathomNet_FGVC2025/data/images/837.png,f1b5b303800902e6890aa075a8c11ac046e1c17dce3f39f043e9dd929793a6ef,8e07b7f22c57022341a87f40304aa63f828ced575e8de7a34f5b5849f77bd584,837,2,train
3337,858,5,Actiniaria,/home/tahiti/MARINE_DATASETS/FathomNet_FGVC2025/data/rois/858_3337.png,/home/tahiti/MARINE_DATASETS/FathomNet_FGVC2025/data/images/858.png,42904c7bd3af9b26a7288bc6814331cb19cd0b77dae759575f27cdae89525ee8,17a21f823495081ae39abd4419475f2eeb83c3b89244be897f9c42d11ef0eb92,858,6,train
3410,869,13,Brisingida,/home/tahiti/MARINE_DATASETS/FathomNet_FGVC2025/data/rois/869_3410.png,/home/tahiti/MARINE_DATASETS/FathomNet_FGVC2025/data/images/869.png,24d0254a37ea05fd56411f8a331ec925d7ba12dc22d640a783b2f2b2c0ad49c9,62acf9aa910af597400dc028e54bb641bb93e09e1df93dfefe3bb65d611e2f5b,869,2,train
3453,881,11,Asteroidea,/home/tahiti/MARINE_DATASETS/FathomNet_FGVC2025/data/rois/881_3453.png,/home/tahiti/MARINE_DATASETS/FathomNet_FGVC2025/data/images/881.png,025bdec9754c4a73ab306fa1c70224929fc76d4158b13c3cd83409dd3cac5396,00e9b9a26e0c4e29a6454ed6db81f6bb11ee6747e4a7895d2f2809c7809757dd,881,0,train
3490,887,35,Isididae,/home/tahiti/MARINE_DATASETS/FathomNet_FGVC2025/data/rois/887_3490.png,/home/tahiti/MARINE_DATASETS/FathomNet_FGVC2025/data/images/887.png,2bd07cdc6609f7e8d248cc33ece84b3b51d46fe94437c625c0fae6df6e42c089,26f3c31f1e02ccdd06c016582ec6744c757c3e894ef4d7ec15f8e5c4357b3a9c,887,0,train
3528,898,65,Rathbunaster californicus,/home/tahiti/MARINE_DATASETS/FathomNet_FGVC2025/data/rois/898_3528.png,/home/tahiti/MARINE_DATASETS/FathomNet_FGVC2025/data/images/898.png,0c77eb7c8338b0bda3b66bcb286bdaf627b670a7868983d26b585ed227d22408,55a098d8dc02c88c484d36a08be41d0b3ff850a4a8a8eb00682192f5ddce8f3c,898,0,train
3579,915,71,Sebastolobus,/home/tahiti/MARINE_DATASETS/FathomNet_FGVC2025/data/rois/915_3579.png,/home/tahiti/MARINE_DATASETS/FathomNet_FGVC2025/data/images/915.png,e58913ce929cc02e577e4470720785fc4f8064652eec5abe17e586e6c4aa3cc3,d945d64b8774f37026de6ac03d5be2bb3814aa5859aedc74df260156ce05af60,915,0,train
3636,936,44,Munidopsis,/home/tahiti/MARINE_DATASETS/FathomNet_FGVC2025/data/rois/936_3636.png,/home/tahiti/MARINE_DATASETS/FathomNet_FGVC2025/data/images/936.png,ef4690c8667d9ce3d8e5ac18b860b758db5b0418d1742af5db3422b798ebc469,2c9cbe22a168be5697e6cbb17e22075ddf7eebdf24eff51f6ef5223819e96feb,936,1,train
3659,944,30,Hexactinellida,/home/tahiti/MARINE_DATASETS/FathomNet_FGVC2025/data/rois/944_3659.png,/home/tahiti/MARINE_DATASETS/FathomNet_FGVC2025/data/images/944.png,e148eb07887a46ed54db6f974966808edc888d2446e1647a2f661415b39a8878,ac5b09151aa8be8cb3d92b8dc3a2fc9b9f683a98f575045dcca9392aefabff24,944,2,train
3711,951,31,Hippasteria,/home/tahiti/MARINE_DATASETS/FathomNet_FGVC2025/data/rois/951_3711.png,/home/tahiti/MARINE_DATASETS/FathomNet_FGVC2025/data/images/951.png,7c390aef337bbf71de574ee9c09ad81a7836d0563532d2500a1fe189a4e95f61,5d2e4fe188b26558c05dfa16044441391dee7220859000be00ccf0956fad084d,951,0,train
3721,953,11,Asteroidea,/home/tahiti/MARINE_DATASETS/FathomNet_FGVC2025/data/rois/953_3721.png,/home/tahiti/MARINE_DATASETS/FathomNet_FGVC2025/data/images/953.png,cde8305418e1ad0a500f19dccb33b0f34da9edae6b115338c8b6c6f4f361a6db,abef7290fcbfcbf81a20c34fe95a44b4d7d9c455ef4353fff855f5d9b8d5d6a4,953,1,train
3787,974,72,Serpulidae,/home/tahiti/MARINE_DATASETS/FathomNet_FGVC2025/data/rois/974_3787.png,/home/tahiti/MARINE_DATASETS/FathomNet_FGVC2025/data/images/974.png,687af4229d9f96a8bb57bddabfdbb0e6f4ee4331e2713c1e4d5a7d11f5a1fe52,eb2241321e275ce73ed506b62f7d8a3442aca1f71e47c60bbbb8a6ead4f41c67,974,6,train
3824,984,37,Keratoisis,/home/tahiti/MARINE_DATASETS/FathomNet_FGVC2025/data/rois/984_3824.png,/home/tahiti/MARINE_DATASETS/FathomNet_FGVC2025/data/images/984.png,66b1edfacb79173a45b5136801e73cf3eb951fcb74c263a3b93d14d786acfecb,d80c20699807a1e19d71da774c165c944ae22e2b97009cc4ceb490820f046cde,984,1,train
3826,986,55,Paragorgia arborea,/home/tahiti/MARINE_DATASETS/FathomNet_FGVC2025/data/rois/986_3826.png,/home/tahiti/MARINE_DATASETS/FathomNet_FGVC2025/data/images/986.png,0ed214dd1fef1d6082bb982a7f51c37c5cb6988709fb8db6f2c093f4732f038c,6754a18d2fda0f711a1d159bc0cd98a6d1f86af2aafad8d8ec1232a7baa39cc8,986,6,train
3845,995,9,Asbestopluma,/home/tahiti/MARINE_DATASETS/FathomNet_FGVC2025/data/rois/995_3845.png,/home/tahiti/MARINE_DATASETS/FathomNet_FGVC2025/data/images/995.png,ef50a8a616adf05f967e1e33e9cf8345f84e2b544531f98bf279503c008e96da,537836cb96eb6ccb3a6f6cb8d3b5016cd57071fea2cfd401f0556a1596ac761d,995,2,train
3991,1027,58,Peniagone,/home/tahiti/MARINE_DATASETS/FathomNet_FGVC2025/data/rois/1027_3991.png,/home/tahiti/MARINE_DATASETS/FathomNet_FGVC2025/data/images/1027.png,7a456982ba27fe4dbed389e9a01c97f23bd2eadb0ba2253de829e0a3d4ef7062,d080d59a2f622be3803fbfed697d4916a90a953f2562f9eb328db062f65069ac,1027,1,train
4004,1029,53,Pannychia moseleyi,/home/tahiti/MARINE_DATASETS/FathomNet_FGVC2025/data/rois/1029_4004.png,/home/tahiti/MARINE_DATASETS/FathomNet_FGVC2025/data/images/1029.png,5027825a9059cd23f928d62f825fa2a4c681c5bcbb70b16b3c0905bdde33689d,2fc5017848b61f68296db9ad1ca7cafd2f588dd2ff8e4418d73b722491edbb14,1029,6,train
4021,1032,16,Chionoecetes tanneri,/home/tahiti/MARINE_DATASETS/FathomNet_FGVC2025/data/rois/1032_4021.png,/home/tahiti/MARINE_DATASETS/FathomNet_FGVC2025/data/images/1032.png,d3dad0217815083c892a03b844ddfe217b0b36dd0da4996b918e522aed306ec3,0a9fd54731c9f03fb63047195f535a7ac11e86fbe38bcce6d773e70b15970cf9,1032,6,train
4048,1039,5,Actiniaria,/home/tahiti/MARINE_DATASETS/FathomNet_FGVC2025/data/rois/1039_4048.png,/home/tahiti/MARINE_DATASETS/FathomNet_FGVC2025/data/images/1039.png,efaebd353eb195b45dedf7264f25f65861e3728bb72ddde3e9fa6b891c6fe8e3,b7b2b1256a57fd4b62c25898feed7afe00de12f3e94be577e7a873824dcb6691,1039,1,train
4088,1064,51,Pandalus amplus,/home/tahiti/MARINE_DATASETS/FathomNet_FGVC2025/data/rois/1064_4088.png,/home/tahiti/MARINE_DATASETS/FathomNet_FGVC2025/data/images/1064.png,519a1ede5ae7e69525e2ea1fb61c502d353efe188bdfee423d02271ec8136886,1b78f6e66bd7ac3f53f4f8d7657815a13df2c9f5d1538498882576141343b2ba,1064,6,train
4093,1066,60,Porifera,/home/tahiti/MARINE_DATASETS/FathomNet_FGVC2025/data/rois/1066_4093.png,/home/tahiti/MARINE_DATASETS/FathomNet_FGVC2025/data/images/1066.png,b25447f59680e67176787f86bf8ca5cdc84241e76f661edd990dc30a755d2adc,658bf9886a91e1856c9f30380a6c8705a8142f5ad1b1fbe8e16e5b5ca69d0922,1066,6,train
4095,1067,5,Actiniaria,/home/tahiti/MARINE_DATASETS/FathomNet_FGVC2025/data/rois/1067_4095.png,/home/tahiti/MARINE_DATASETS/FathomNet_FGVC2025/data/images/1067.png,7609edbcf224136d82d84c45cc54ae63208e64dbb7432d258faf2240c4ce8810,e5b90c8542039fede0e3b0e9f0c1c4fb903282424ebbbcc65271b43fbd01f335,1067,0,train
4118,1068,60,Porifera,/home/tahiti/MARINE_DATASETS/FathomNet_FGVC2025/data/rois/1068_4118.png,/home/tahiti/MARINE_DATASETS/FathomNet_FGVC2025/data/images/1068.png,6c44e59091d82b66cf666d2f00b48b79a418191d2481a86f612ed20e096efb64,669add8b54737d3910c6f04874ceb29a5267ddca63215bead634ff916347b626,1068,2,train
4159,1076,25,Gastropoda,/home/tahiti/MARINE_DATASETS/FathomNet_FGVC2025/data/rois/1076_4159.png,/home/tahiti/MARINE_DATASETS/FathomNet_FGVC2025/data/images/1076.png,9d6f3bdf7ed0d268be0fca402defb0924cbcb7f5cb6c2bde59201e0a3fb29c98,0c30cc9a67762078bfcddcde430dea84759453ced12246673cde21c25f7cefe5,1076,2,train
4183,1088,67,Scotoplanes,/home/tahiti/MARINE_DATASETS/FathomNet_FGVC2025/data/rois/1088_4183.png,/home/tahiti/MARINE_DATASETS/FathomNet_FGVC2025/data/images/1088.png,d8086ee0f2dd7252986281afc4130f2b39a6fb80f4207335092521abcaeffb6a,eeac239b83c5c83abfbd7e22f53bbe348f6b230f404455abf4b7ca12a8bb142a,1088,0,train
4219,1109,66,Scleractinia,/home/tahiti/MARINE_DATASETS/FathomNet_FGVC2025/data/rois/1109_4219.png,/home/tahiti/MARINE_DATASETS/FathomNet_FGVC2025/data/images/1109.png,11ff375a14ede94c0f118664d7dc346f3b87d0af77ab76c414987acb8177b8bd,2ca63a4a9f2744f574c45e3079407275c8052943978f20dd3ef7f3c5444a0f9e,1109,0,train
4228,1110,43,Microstomus pacificus,/home/tahiti/MARINE_DATASETS/FathomNet_FGVC2025/data/rois/1110_4228.png,/home/tahiti/MARINE_DATASETS/FathomNet_FGVC2025/data/images/1110.png,28a6cd87c10800318d35e7b0fcd47e13a8c32d34dda3eaa18e417b0d1af65ada,6fa86adcd013e55e4902dfd3bd3894502c1267b87a317447183970c154b7656a,1110,2,train
4232,1110,46,Mycale,/home/tahiti/MARINE_DATASETS/FathomNet_FGVC2025/data/rois/1110_4232.png,/home/tahiti/MARINE_DATASETS/FathomNet_FGVC2025/data/images/1110.png,55b9a8d9d39474576c3b41f28199376b1a551cb0d2950b2fe4aed5c1438b97e8,6fa86adcd013e55e4902dfd3bd3894502c1267b87a317447183970c154b7656a,1110,2,train
4239,1110,65,Rathbunaster californicus,/home/tahiti/MARINE_DATASETS/FathomNet_FGVC2025/data/rois/1110_4239.png,/home/tahiti/MARINE_DATASETS/FathomNet_FGVC2025/data/images/1110.png,d5ea16264a13e999852258de1afa5b636e2130a7ad2e044e731202a7f6ab89d3,6fa86adcd013e55e4902dfd3bd3894502c1267b87a317447183970c154b7656a,1110,2,train
4287,1121,76,Tunicata,/home/tahiti/MARINE_DATASETS/FathomNet_FGVC2025/data/rois/1121_4287.png,/home/tahiti/MARINE_DATASETS/FathomNet_FGVC2025/data/images/1121.png,52dfa368ebaf8c1a7e9fde159d5adc1fcf5f085d2acaeea876bb3ed56baa257f,77e1c139e07dc54fa42aa1cfafa878b80b5e0090c694f438c6493fa85ba9f6f8,1121,2,train
4290,1121,11,Asteroidea,/home/tahiti/MARINE_DATASETS/FathomNet_FGVC2025/data/rois/1121_4290.png,/home/tahiti/MARINE_DATASETS/FathomNet_FGVC2025/data/images/1121.png,d3ceb94071d0f7d43d4ea145ead59609a75d7892ff7c437b3fa4881f0b67925e,77e1c139e07dc54fa42aa1cfafa878b80b5e0090c694f438c6493fa85ba9f6f8,1121,2,train
4293,1121,76,Tunicata,/home/tahiti/MARINE_DATASETS/FathomNet_FGVC2025/data/rois/1121_4293.png,/home/tahiti/MARINE_DATASETS/FathomNet_FGVC2025/data/images/1121.png,6e3b3ad087dd458b842efa64601f36bfa3b38683b4105c8ee17493cf2df0171a,77e1c139e07dc54fa42aa1cfafa878b80b5e0090c694f438c6493fa85ba9f6f8,1121,2,train
4323,1131,71,Sebastolobus,/home/tahiti/MARINE_DATASETS/FathomNet_FGVC2025/data/rois/1131_4323.png,/home/tahiti/MARINE_DATASETS/FathomNet_FGVC2025/data/images/1131.png,7c9b947981d7489bbb86adbebbb7530214d1215856ba4d89a016d88959a58e09,838a7f4eb21c1f2b111a97979987382f6dae0cd97d7acdf880d318fc82304a07,1131,6,train
4325,1131,15,Ceriantharia,/home/tahiti/MARINE_DATASETS/FathomNet_FGVC2025/data/rois/1131_4325.png,/home/tahiti/MARINE_DATASETS/FathomNet_FGVC2025/data/images/1131.png,ab6c67948de7d67f31a58c805316aac762a2c9b475db2f3f2a85d83fe963baab,838a7f4eb21c1f2b111a97979987382f6dae0cd97d7acdf880d318fc82304a07,1131,6,train
4347,1139,71,Sebastolobus,/home/tahiti/MARINE_DATASETS/FathomNet_FGVC2025/data/rois/1139_4347.png,/home/tahiti/MARINE_DATASETS/FathomNet_FGVC2025/data/images/1139.png,746e4378beae060d79cf1353500b5fe484eb3d54954ee8d9d857da1c055504a7,4d061a7b31479935db85c369285dabb7d27aed5397fe8253f70f0b665fcb7434,1139,4,train
4385,1146,38,Liponema brevicorne,/home/tahiti/MARINE_DATASETS/FathomNet_FGVC2025/data/rois/1146_4385.png,/home/tahiti/MARINE_DATASETS/FathomNet_FGVC2025/data/images/1146.png,86a377d84a1991c40f70811a9516a5e50aa4ff1e998e327d0da12500bc53a8dd,d60b8ede00ff81095bdd6c6d1c378a0e9ee8303522b47eb0a7bc408a98fa70ed,1146,2,train
4405,1155,32,Holothuroidea,/home/tahiti/MARINE_DATASETS/FathomNet_FGVC2025/data/rois/1155_4405.png,/home/tahiti/MARINE_DATASETS/FathomNet_FGVC2025/data/images/1155.png,b3af8653704ed4c42bdb947ec76505bf51dba3d62c4c4294d6b83d92236abd3b,4cd75175d17eb9fc8e6f5c589a9b9c820fed07a6f08df2ea05c7c02c6e3f5307,1155,6,train
4431,1163,28,Heterochone calyx,/home/tahiti/MARINE_DATASETS/FathomNet_FGVC2025/data/rois/1163_4431.png,/home/tahiti/MARINE_DATASETS/FathomNet_FGVC2025/data/images/1163.png,16fe4febdca66a0518cc063a2cef39ac65512578e80267d6522e3a96151c4ad8,be03db0a8f465244a929d73bae88fb9487f100b940ca76692a279fe5be619911,1163,0,train
4547,1188,72,Serpulidae,/home/tahiti/MARINE_DATASETS/FathomNet_FGVC2025/data/rois/1188_4547.png,/home/tahiti/MARINE_DATASETS/FathomNet_FGVC2025/data/images/1188.png,29ebc00ae0672b076ad9a292500893b7f52f483f3a2cf8986910da591652c3b8,466be4a0019a260c2723834ea1b04abbba863c982b2ba098deeecd72b836b2bb,1188,6,train
4559,1188,20,Delectopecten,/home/tahiti/MARINE_DATASETS/FathomNet_FGVC2025/data/rois/1188_4559.png,/home/tahiti/MARINE_DATASETS/FathomNet_FGVC2025/data/images/1188.png,c2fecb6ac1a28564c711b88f9a4595f84a5d89cccf8cd33483b6cb7030e82670,466be4a0019a260c2723834ea1b04abbba863c982b2ba098deeecd72b836b2bb,1188,6,train
4570,1189,70,Sebastes diploproa,/home/tahiti/MARINE_DATASETS/FathomNet_FGVC2025/data/rois/1189_4570.png,/home/tahiti/MARINE_DATASETS/FathomNet_FGVC2025/data/images/1189.png,9d7b8f75aa0ce89a720f1e9b00cb589cda80c0f193a6a3995d2b141805f838cd,e7b13ecd79a091cc18742ef1b0f0f8d0144538aa17d8f3cc6d4558e160c91956,1189,0,train
4622,1211,77,Umbellula,/home/tahiti/MARINE_DATASETS/FathomNet_FGVC2025/data/rois/1211_4622.png,/home/tahiti/MARINE_DATASETS/FathomNet_FGVC2025/data/images/1211.png,29c65738e0fa5e6045ce3ceca131051bb663db13a681929ded6168d433123b0d,93015aa8054748059f9e3e917e4d456128fdba7160855343925d19ad0a37e3e2,1211,0,train
4637,1217,66,Scleractinia,/home/tahiti/MARINE_DATASETS/FathomNet_FGVC2025/data/rois/1217_4637.png,/home/tahiti/MARINE_DATASETS/FathomNet_FGVC2025/data/images/1217.png,556bb1f11368ed9e0704e177cea8e9bdc3216d566c72a945bd47b0ad56ba472d,4bca0b6ba99c7ee5821233e7c082f384137f0a59d3b72cc1d8cd28b980c1b7e0,1217,2,train
4661,1224,71,Sebastolobus,/home/tahiti/MARINE_DATASETS/FathomNet_FGVC2025/data/rois/1224_4661.png,/home/tahiti/MARINE_DATASETS/FathomNet_FGVC2025/data/images/1224.png,63f2e830635072204ee22c90a54484e04e1570bd783bbbf415cc604cd63da5aa,2eefebfd73f30f4e24984cd70258c30eb1ff3ef8d58c75d86416b625922efcd8,1224,0,train
4675,1227,22,Farrea,/home/tahiti/MARINE_DATASETS/FathomNet_FGVC2025/data/rois/1227_4675.png,/home/tahiti/MARINE_DATASETS/FathomNet_FGVC2025/data/images/1227.png,550cb6a87c5aa616c44b7e9bf96c87672ab75b4093d5776681059e0fcc082368,869b980355bd9011858fef72bb010a046558ad897e3402280f85538e76eaa982,1227,4,train
4683,1228,30,Hexactinellida,/home/tahiti/MARINE_DATASETS/FathomNet_FGVC2025/data/rois/1228_4683.png,/home/tahiti/MARINE_DATASETS/FathomNet_FGVC2025/data/images/1228.png,98c23f1a296dc699fcc28c935a0a032b2c82e4c9474d76d2a8dd58ffb522f744,78ba84f8675afcc774c6e788a1915de717ce983661dbd94bb28134b887a2d45d,1228,2,train
4766,1256,37,Keratoisis,/home/tahiti/MARINE_DATASETS/FathomNet_FGVC2025/data/rois/1256_4766.png,/home/tahiti/MARINE_DATASETS/FathomNet_FGVC2025/data/images/1256.png,13ab45bd98268598113baf47643ea236c64b2a9237b1a54e9a09aff4cf31bf2f,6421df8ea924fa634094d99ffbb7c442c787a7d45a1837d41b355327e573f105,1256,6,train
4787,1268,44,Munidopsis,/home/tahiti/MARINE_DATASETS/FathomNet_FGVC2025/data/rois/1268_4787.png,/home/tahiti/MARINE_DATASETS/FathomNet_FGVC2025/data/images/1268.png,116ee9e4418e84a4522117aed1e3db86e9ac859b3216e5f8627f276c09a5eebd,5d7cb005fbba3a58065861afa5fd9e98edfce404890780d9b5ef62a4057e38ba,1268,6,train
4809,1274,16,Chionoecetes tanneri,/home/tahiti/MARINE_DATASETS/FathomNet_FGVC2025/data/rois/1274_4809.png,/home/tahiti/MARINE_DATASETS/FathomNet_FGVC2025/data/images/1274.png,0379aee10ddafcb84d3fb6de68d00cb07547cf9173278bdd4e382999b71983e4,bf948b792f39315bfd45142e0db48e26d728de9f8686beea3afe80b1eecfd00e,1274,6,train
4822,1274,30,Hexactinellida,/home/tahiti/MARINE_DATASETS/FathomNet_FGVC2025/data/rois/1274_4822.png,/home/tahiti/MARINE_DATASETS/FathomNet_FGVC2025/data/images/1274.png,a8bdf62c5681826d62f4cd5a7d35fea6f315c6106b7d7866adb459af90ca8e30,bf948b792f39315bfd45142e0db48e26d728de9f8686beea3afe80b1eecfd00e,1274,6,train
4830,1275,78,Vesicomyidae,/home/tahiti/MARINE_DATASETS/FathomNet_FGVC2025/data/rois/1275_4830.png,/home/tahiti/MARINE_DATASETS/FathomNet_FGVC2025/data/images/1275.png,445b2350a60dfd9b4d109a704701692503638a2020b6bb9b29397f7de182a86a,d404db9d93015dea2821d1ed9522a2894d576c810b24673e3ea95bfbdcbe91c6,1275,6,train
4875,1299,1,Abyssocucumis abyssorum,/home/tahiti/MARINE_DATASETS/FathomNet_FGVC2025/data/rois/1299_4875.png,/home/tahiti/MARINE_DATASETS/FathomNet_FGVC2025/data/images/1299.png,b604b29c3e92af162b390bdc83256cffd6b0a5777942408f4ceb9adcecd09046,9b468d9548dc1c2d02d52c183f895a59874f3bd49de0c7907f71f135851fa5ea,1299,1,train
4883,1300,53,Pannychia moseleyi,/home/tahiti/MARINE_DATASETS/FathomNet_FGVC2025/data/rois/1300_4883.png,/home/tahiti/MARINE_DATASETS/FathomNet_FGVC2025/data/images/1300.png,9aae30c8a46f249c674fd77c25c3184db6a2339b8e1c1855edf6ea5a41bc001f,e4fe969d65e6a954692a7af647cbf889c0d1628d85b3bb972e6ed7ca7d1fe5a6,1300,2,train
4940,1311,62,Psolus squamatus,/home/tahiti/MARINE_DATASETS/FathomNet_FGVC2025/data/rois/1311_4940.png,/home/tahiti/MARINE_DATASETS/FathomNet_FGVC2025/data/images/1311.png,ce3725f1c43e836fabed20e6e578c18c692cd0e46cf6ba61d59d0933c55dcaf1,064f01346b422978251171910e85164dc3cd2172b52f56ede52edfe3634d0f22,1311,4,train
4964,1323,5,Actiniaria,/home/tahiti/MARINE_DATASETS/FathomNet_FGVC2025/data/rois/1323_4964.png,/home/tahiti/MARINE_DATASETS/FathomNet_FGVC2025/data/images/1323.png,854a71cb781b872c8283b8c7b6608b4d72fa71a7f39873fa6c759fb6eb537763,d809ed377e451279e4ef8d03ab167d596d5cfd9877b56e510cb5f88f5a966aed,1323,2,train
4980,1328,60,Porifera,/home/tahiti/MARINE_DATASETS/FathomNet_FGVC2025/data/rois/1328_4980.png,/home/tahiti/MARINE_DATASETS/FathomNet_FGVC2025/data/images/1328.png,62b7fd6d2facc8b165ee9f5669d922c9136603f01ea762c0a84c00949973ed60,c245553aef4c9c303d91de4de075646363e06aaa95b94c905f1711b4f8715322,1328,0,train
4994,1330,28,Heterochone calyx,/home/tahiti/MARINE_DATASETS/FathomNet_FGVC2025/data/rois/1330_4994.png,/home/tahiti/MARINE_DATASETS/FathomNet_FGVC2025/data/images/1330.png,730e724944ace42245fb790ee9af91cee8f293699ad341d69b1c78d781c70ff0,0093c954e2749cf7a29b4ea15a10f76a4f4e9c0064f16c80ccc7e44cd0f5217e,1330,6,train
5002,1330,73,Staurocalyptus,/home/tahiti/MARINE_DATASETS/FathomNet_FGVC2025/data/rois/1330_5002.png,/home/tahiti/MARINE_DATASETS/FathomNet_FGVC2025/data/images/1330.png,b7a4a15136f16649025c7759c8d5e7c7e06ea663f68e3c5658118fc1da5678bc,0093c954e2749cf7a29b4ea15a10f76a4f4e9c0064f16c80ccc7e44cd0f5217e,1330,6,train
5011,1330,28,Heterochone calyx,/home/tahiti/MARINE_DATASETS/FathomNet_FGVC2025/data/rois/1330_5011.png,/home/tahiti/MARINE_DATASETS/FathomNet_FGVC2025/data/images/1330.png,5b676703680f62a11a2111c8a4790793206e3041806585cf9c8b092ed2a3d451,0093c954e2749cf7a29b4ea15a10f76a4f4e9c0064f16c80ccc7e44cd0f5217e,1330,6,train
5024,1331,71,Sebastolobus,/home/tahiti/MARINE_DATASETS/FathomNet_FGVC2025/data/rois/1331_5024.png,/home/tahiti/MARINE_DATASETS/FathomNet_FGVC2025/data/images/1331.png,0be6a1fc25ba382f74d936fafb98e27c1cdd90fe6d64c535d6e67f53001b8d46,9a23b5c9b1e1d99c9dfaa79495cef43979f71396799cf02156953b3beedf5741,1331,0,train
5049,1343,53,Pannychia moseleyi,/home/tahiti/MARINE_DATASETS/FathomNet_FGVC2025/data/rois/1343_5049.png,/home/tahiti/MARINE_DATASETS/FathomNet_FGVC2025/data/images/1343.png,a1b68415aae7dac5d5b734e9db62337c04f914f1602499a6c1c5f1e13c97cea8,c312205f3c7b03d5ed578829166ba708f8f1b2c2f947bcf765d0092e60badf96,1343,1,train
5071,1352,41,Merluccius productus,/home/tahiti/MARINE_DATASETS/FathomNet_FGVC2025/data/rois/1352_5071.png,/home/tahiti/MARINE_DATASETS/FathomNet_FGVC2025/data/images/1352.png,90fa1e7386f0d335e4c8d8bbb87c56320f8ae0b93a9a174fdf541f364b4dee60,dc0754bddca1ceb5245aee3c12f18df57cee3ca0bd5c28b7c25549b78d1f6aa5,1352,2,train
5085,1358,23,Florometra serratissima,/home/tahiti/MARINE_DATASETS/FathomNet_FGVC2025/data/rois/1358_5085.png,/home/tahiti/MARINE_DATASETS/FathomNet_FGVC2025/data/images/1358.png,a3a232b2aacc6b28ca854d1d8a3c4764c8a14207c9ad7a69a9894bc9743ddc7d,38fbb1ba702c3c27cb05b59053a40363fc86f0ac260c2c3e647a48b86e27c85a,1358,2,train
5102,1366,16,Chionoecetes tanneri,/home/tahiti/MARINE_DATASETS/FathomNet_FGVC2025/data/rois/1366_5102.png,/home/tahiti/MARINE_DATASETS/FathomNet_FGVC2025/data/images/1366.png,f5023518f814721e7cc2737e7a27875fad083afe8c7d59e8029598ad5d08e78a,b5c320656940a6f48b2a82b55042279905081ba1268bdb60d7b13e0768f44695,1366,1,train
5125,1370,18,Corallimorphus pilatus,/home/tahiti/MARINE_DATASETS/FathomNet_FGVC2025/data/rois/1370_5125.png,/home/tahiti/MARINE_DATASETS/FathomNet_FGVC2025/data/images/1370.png,50211623d69be54a28d0a355e4df27e0a15bc64a4300fe6aeee5d69606e4b8ba,000cbdb8b0d0f9be4d20f1ec8f82d64f46638bb9c948b9fe65d3f1b78a436d32,1370,0,train
5126,1370,5,Actiniaria,/home/tahiti/MARINE_DATASETS/FathomNet_FGVC2025/data/rois/1370_5126.png,/home/tahiti/MARINE_DATASETS/FathomNet_FGVC2025/data/images/1370.png,9c9ceff1e961d28be7094bfe1e84a132ba34110881b8877f2a1fb7cf87b23ec5,000cbdb8b0d0f9be4d20f1ec8f82d64f46638bb9c948b9fe65d3f1b78a436d32,1370,0,train
5134,1370,18,Corallimorphus pilatus,/home/tahiti/MARINE_DATASETS/FathomNet_FGVC2025/data/rois/1370_5134.png,/home/tahiti/MARINE_DATASETS/FathomNet_FGVC2025/data/images/1370.png,5426cd459ee126b05e970ba581d2576c756104ab70f007f8f80f19fa0646160b,000cbdb8b0d0f9be4d20f1ec8f82d64f46638bb9c948b9fe65d3f1b78a436d32,1370,0,train
5176,1384,12,Benthocodon pedunculata,/home/tahiti/MARINE_DATASETS/FathomNet_FGVC2025/data/rois/1384_5176.png,/home/tahiti/MARINE_DATASETS/FathomNet_FGVC2025/data/images/1384.png,954eff6421d2b5a6e35dda243e2c664fbca4bb1faafa158556c167572de5b51c,e415c5d7dac63d7c5144524f17287b70c299ca771567e0919dba67e9d99710a1,1384,4,train
5177,1384,58,Peniagone,/home/tahiti/MARINE_DATASETS/FathomNet_FGVC2025/data/rois/1384_5177.png,/home/tahiti/MARINE_DATASETS/FathomNet_FGVC2025/data/images/1384.png,65d302345bc33521ff5c9aa4a5a99b1f2062e278ae441be5f34362513eb9465c,e415c5d7dac63d7c5144524f17287b70c299ca771567e0919dba67e9d99710a1,1384,4,train
5241,1396,37,Keratoisis,/home/tahiti/MARINE_DATASETS/FathomNet_FGVC2025/data/rois/1396_5241.png,/home/tahiti/MARINE_DATASETS/FathomNet_FGVC2025/data/images/1396.png,5b53c4f7f41b8fb2f19a44b03b5d9b41dfda932145ff5a1f35a6a7274c118f49,aaaba66325f487789bd79ab7681e14627f94d89e9f660281c00c44868fa9ac88,1396,1,train
5247,1398,44,Munidopsis,/home/tahiti/MARINE_DATASETS/FathomNet_FGVC2025/data/rois/1398_5247.png,/home/tahiti/MARINE_DATASETS/FathomNet_FGVC2025/data/images/1398.png,3757ed85f63ce3f96d0d0124ddf754429abbb82ed63c0c739d2ee0b11560b18c,043d0c18bed6dc986adf412d92e3fc3d70cdb2fe16562cdef7cbd3984611b294,1398,2,train
5287,1411,8,Apostichopus leukothele,/home/tahiti/MARINE_DATASETS/FathomNet_FGVC2025/data/rois/1411_5287.png,/home/tahiti/MARINE_DATASETS/FathomNet_FGVC2025/data/images/1411.png,3601bc26fd62eb0ff0300efa4204218665dc1a8e27cb15d9cc07b8ad178a42c2,fe43330414ffc56124144d5caf247a1d2dd961f1ff6aea4a2dce20c7e3942961,1411,4,train
5358,1431,38,Liponema brevicorne,/home/tahiti/MARINE_DATASETS/FathomNet_FGVC2025/data/rois/1431_5358.png,/home/tahiti/MARINE_DATASETS/FathomNet_FGVC2025/data/images/1431.png,c24b81edf063d356969423c86029936d12db5d631b3124815275024c4d2c4be9,ebbdfc1b894c66b3fb64fd2260998289520e42ad5a9795edcb8a6e628640b9cf,1431,6,train
5397,1444,75,Terebellidae,/home/tahiti/MARINE_DATASETS/FathomNet_FGVC2025/data/rois/1444_5397.png,/home/tahiti/MARINE_DATASETS/FathomNet_FGVC2025/data/images/1444.png,4fcd54acbe9dc3a8c0e9e7877e62885b84a722ff3ddbdc191069a208792aca3d,9890b4165b4bfec35493ddf9c7540ff44a34c7c77783e785429799c0b4901b48,1444,6,train
5436,1457,11,Asteroidea,/home/tahiti/MARINE_DATASETS/FathomNet_FGVC2025/data/rois/1457_5436.png,/home/tahiti/MARINE_DATASETS/FathomNet_FGVC2025/data/images/1457.png,d02e5d0793fd87c7cabea6d617f8da5f9736fbbbb0ded34d7198f7931b559714,c310b3ea7d36c3853e54bb752c9bee322ec888924364d3b299276fe2a393b5fd,1457,0,train
5454,1467,71,Sebastolobus,/home/tahiti/MARINE_DATASETS/FathomNet_FGVC2025/data/rois/1467_5454.png,/home/tahiti/MARINE_DATASETS/FathomNet_FGVC2025/data/images/1467.png,9b46e96274c32ae152fa0ce35f2cda59869cc958b3ab0b757d78ee98f464c1d5,f7e0f9a6cfd3ce37d5c2ee9d586977abce7b3a15d9631e832c35cb4815c9a6d3,1467,4,train
5490,1479,78,Vesicomyidae,/home/tahiti/MARINE_DATASETS/FathomNet_FGVC2025/data/rois/1479_5490.png,/home/tahiti/MARINE_DATASETS/FathomNet_FGVC2025/data/images/1479.png,c54b01ce42b6e7415ab5b3626d49287a33126559a2908b03fafe57492576c411,fcfbc1e4f0d1f29dd7d361321433ca1d9b31d1444bb42f172a0476f45c3f4458,1479,1,train
5499,1481,30,Hexactinellida,/home/tahiti/MARINE_DATASETS/FathomNet_FGVC2025/data/rois/1481_5499.png,/home/tahiti/MARINE_DATASETS/FathomNet_FGVC2025/data/images/1481.png,b49224ce5fd4095854c83256b2a0a06766478fa4b199f4aa93367f322bf1b197,e14dd8af78a66ae6100b7a3ae0dd6c78ee9f4a73fd6d4b3b0786857f8ff6bd6d,1481,0,train
5523,1488,5,Actiniaria,/home/tahiti/MARINE_DATASETS/FathomNet_FGVC2025/data/rois/1488_5523.png,/home/tahiti/MARINE_DATASETS/FathomNet_FGVC2025/data/images/1488.png,cdbc94e9767f3f9db89a4cfc328146be058228d783ffddd035060b013bc313da,c7f445f9b222dffc7af8d223babf1669ae558acec845d4b5bb847f4c2c382cf2,1488,1,train
5528,1491,58,Peniagone,/home/tahiti/MARINE_DATASETS/FathomNet_FGVC2025/data/rois/1491_5528.png,/home/tahiti/MARINE_DATASETS/FathomNet_FGVC2025/data/images/1491.png,274b3d780f5b27e3c93b9fb7305161eb67fc8de61fefd68009dcde2311985d55,b8222628fb8fecc2d76655d4feb3a44f5f3950085c734e55d89610f893b73455,1491,1,train
5533,1492,25,Gastropoda,/home/tahiti/MARINE_DATASETS/FathomNet_FGVC2025/data/rois/1492_5533.png,/home/tahiti/MARINE_DATASETS/FathomNet_FGVC2025/data/images/1492.png,5703594f8bf1de8a8aae390ea621579622f8c5367ee7ca97acf42bc12745cd5a,9747ae0881e193f86be80ccc53edc39916d50bdd5a49e05aa8e6f2a70ae629d5,1492,6,train
5534,1493,37,Keratoisis,/home/tahiti/MARINE_DATASETS/FathomNet_FGVC2025/data/rois/1493_5534.png,/home/tahiti/MARINE_DATASETS/FathomNet_FGVC2025/data/images/1493.png,8609eb58f69899d3ce1974cc1b92baf27d0d4da0a3c88b3d29a6f6f84f936674,6bf5f55dcd9858c774a42fd9c408d6a8dc236d29e5eecce8699273b2de97088d,1493,0,train
5558,1504,12,Benthocodon pedunculata,/home/tahiti/MARINE_DATASETS/FathomNet_FGVC2025/data/rois/1504_5558.png,/home/tahiti/MARINE_DATASETS/FathomNet_FGVC2025/data/images/1504.png,3bfc890ca1a710e252525d6b2c48dfb27239021074dc527a0cae5e8fbe77c9bc,1278cd6934cb147dcebc05625af534bf0d2e3f38cce98cd08da4710dddeaf768,1504,4,train
5613,1524,7,Amphipoda,/home/tahiti/MARINE_DATASETS/FathomNet_FGVC2025/data/rois/1524_5613.png,/home/tahiti/MARINE_DATASETS/FathomNet_FGVC2025/data/images/1524.png,984e794212273d80221d85b53dbbafb1609ef86b18cbc8ca7cde8272f7e7e4bb,852c237a002f2ffce646a9386577defde44ea980043a529081f78a0e13e6d09d,1524,1,train
5614,1524,7,Amphipoda,/home/tahiti/MARINE_DATASETS/FathomNet_FGVC2025/data/rois/1524_5614.png,/home/tahiti/MARINE_DATASETS/FathomNet_FGVC2025/data/images/1524.png,4182f4a8f9dea7fc4944db22c3be3fea26324cb28a63a15af193fb281ecd4b87,852c237a002f2ffce646a9386577defde44ea980043a529081f78a0e13e6d09d,1524,1,train
5618,1524,7,Amphipoda,/home/tahiti/MARINE_DATASETS/FathomNet_FGVC2025/data/rois/1524_5618.png,/home/tahiti/MARINE_DATASETS/FathomNet_FGVC2025/data/images/1524.png,bb7e321388958c618cf05b381c14150e180583ec58db6a5b9e333b8042fd029f,852c237a002f2ffce646a9386577defde44ea980043a529081f78a0e13e6d09d,1524,1,train
5659,1530,28,Heterochone calyx,/home/tahiti/MARINE_DATASETS/FathomNet_FGVC2025/data/rois/1530_5659.png,/home/tahiti/MARINE_DATASETS/FathomNet_FGVC2025/data/images/1530.png,b179ae37ad57236a9cefe5b940c41cbfc35b58e7bb6e81ab78835f309dcb6c0c,d7956d99531139ab12a9100ff9c5f1db34ff592bb94c1b38d229a9739b67b8d4,1530,1,train
5700,1541,67,Scotoplanes,/home/tahiti/MARINE_DATASETS/FathomNet_FGVC2025/data/rois/1541_5700.png,/home/tahiti/MARINE_DATASETS/FathomNet_FGVC2025/data/images/1541.png,5ee17f436b7713708667d10c83cc53e807a3f6d8c148c7f3f8c5e9dd00c0df2a,bbd2ce63854d82a814526d45dc74c1ea0d47c96b3e290ecee4e9e4a8c51d2445,1541,4,train
5705,1545,45,Munnopsidae,/home/tahiti/MARINE_DATASETS/FathomNet_FGVC2025/data/rois/1545_5705.png,/home/tahiti/MARINE_DATASETS/FathomNet_FGVC2025/data/images/1545.png,3a12c51cc65f3eb51a54b38bce6567d1b1e994e5340e99799b05224e191dcbdc,e3d9ef037a7a4bd16b46ecb8be31b40eea1adb63acbbdfda6dc4739fea6fbb83,1545,4,train
5716,1546,73,Staurocalyptus,/home/tahiti/MARINE_DATASETS/FathomNet_FGVC2025/data/rois/1546_5716.png,/home/tahiti/MARINE_DATASETS/FathomNet_FGVC2025/data/images/1546.png,dab909c7855f36a14b3a361ce2ecbdf8825673cd47f2113e2cd60e0517e654bb,07d3a7739f74a28ab1add04de1f0861cb3f3cea225c1a73bdd83627a08c7402e,1546,4,train
5787,1578,60,Porifera,/home/tahiti/MARINE_DATASETS/FathomNet_FGVC2025/data/rois/1578_5787.png,/home/tahiti/MARINE_DATASETS/FathomNet_FGVC2025/data/images/1578.png,b4a0d23d9a1c49a27673ef8d13dfd6c3b12af65f13f79a93b208eb33f4f8a98f,d163a8d757727c85e538f40684ea5ff0803d2c7b5f3fedd810a8f23dad600fdc,1578,4,train
5798,1583,41,Merluccius productus,/home/tahiti/MARINE_DATASETS/FathomNet_FGVC2025/data/rois/1583_5798.png,/home/tahiti/MARINE_DATASETS/FathomNet_FGVC2025/data/images/1583.png,9dcf2d243a9925052e5a398dfc762e5123be302b1a93b2012be3d67d728b26cf,72896795af26b9b3f9820510df09b96b187eb6242608a17ef9ce3ecccd40f745,1583,1,train
5801,1583,41,Merluccius productus,/home/tahiti/MARINE_DATASETS/FathomNet_FGVC2025/data/rois/1583_5801.png,/home/tahiti/MARINE_DATASETS/FathomNet_FGVC2025/data/images/1583.png,63ded11ab28f504ed76c1b01de795a43c9793ce1c80f4f9a5716fbfd5380da7e,72896795af26b9b3f9820510df09b96b187eb6242608a17ef9ce3ecccd40f745,1583,1,train
5810,1585,69,Sebastes,/home/tahiti/MARINE_DATASETS/FathomNet_FGVC2025/data/rois/1585_5810.png,/home/tahiti/MARINE_DATASETS/FathomNet_FGVC2025/data/images/1585.png,33c8b6f36674e5f173c688796cad3238b61280befe09f4441ec424a55e697320,fe2966d8466eca97041466a62f9c072bfdc9c95be64cb17b847f41816b97b82b,1585,0,train
5851,1593,68,Scotoplanes globosa,/home/tahiti/MARINE_DATASETS/FathomNet_FGVC2025/data/rois/1593_5851.png,/home/tahiti/MARINE_DATASETS/FathomNet_FGVC2025/data/images/1593.png,fadf66dc1fa929298e9fee14e05eb583877e5e144a5437ac6f6ea2fc9bf4745d,4fe7704d833cd8708042367a6e3f39082b0d5c240c63caaae3a981f79ee33f02,1593,2,train
5901,1607,27,Heterocarpus,/home/tahiti/MARINE_DATASETS/FathomNet_FGVC2025/data/rois/1607_5901.png,/home/tahiti/MARINE_DATASETS/FathomNet_FGVC2025/data/images/1607.png,66a6435d7a3b6780c037c56e2e90f1bc28a90d1298ba6cfb6445793d1d15ff2b,067c3be622aab67b5bdcd72ef93111e4c1c4b7f3416ea3c0e55227b1b8df93c5,1607,1,train
5902,1607,27,Heterocarpus,/home/tahiti/MARINE_DATASETS/FathomNet_FGVC2025/data/rois/1607_5902.png,/home/tahiti/MARINE_DATASETS/FathomNet_FGVC2025/data/images/1607.png,22ce0d76b520d8d351346b3318d315d411d615c77b29f57a5dab08af3f176804,067c3be622aab67b5bdcd72ef93111e4c1c4b7f3416ea3c0e55227b1b8df93c5,1607,1,train
5922,1614,78,Vesicomyidae,/home/tahiti/MARINE_DATASETS/FathomNet_FGVC2025/data/rois/1614_5922.png,/home/tahiti/MARINE_DATASETS/FathomNet_FGVC2025/data/images/1614.png,c9c2aa1984049ddd3683a03962de4cadb9cf344fd0f68909aadff74be44e5177,b8a8d4fae6f736ce7acde627d0a0a1736f14327811bf9b9a7955da548e6faa95,1614,6,train
5939,1620,47,Octopus rubescens,/home/tahiti/MARINE_DATASETS/FathomNet_FGVC2025/data/rois/1620_5939.png,/home/tahiti/MARINE_DATASETS/FathomNet_FGVC2025/data/images/1620.png,a444e50c4170c10ef989d4b37b5f4aef8e9c2172fe9dd496e5acc17028adaf30,3c429ac4cc6fab1169a82d50893c089cd59d40f2e443731f1c574aa0158348f9,1620,6,train
5943,1620,47,Octopus rubescens,/home/tahiti/MARINE_DATASETS/FathomNet_FGVC2025/data/rois/1620_5943.png,/home/tahiti/MARINE_DATASETS/FathomNet_FGVC2025/data/images/1620.png,beb82a4a33e38aa961a4e7c9195a25f096520f95f451ece51ea7d5603c8ad28a,3c429ac4cc6fab1169a82d50893c089cd59d40f2e443731f1c574aa0158348f9,1620,6,train
5945,1620,47,Octopus rubescens,/home/tahiti/MARINE_DATASETS/FathomNet_FGVC2025/data/rois/1620_5945.png,/home/tahiti/MARINE_DATASETS/FathomNet_FGVC2025/data/images/1620.png,c08f37305756e89d2ce785876b8cb63e382423ff0dbe95cd95538d08cb971605,3c429ac4cc6fab1169a82d50893c089cd59d40f2e443731f1c574aa0158348f9,1620,6,train
6008,1637,37,Keratoisis,/home/tahiti/MARINE_DATASETS/FathomNet_FGVC2025/data/rois/1637_6008.png,/home/tahiti/MARINE_DATASETS/FathomNet_FGVC2025/data/images/1637.png,00b18bf5758d25d21c7fc4e573fba1cb40f5a1c20244ce99a6c5166a29d8a69c,935fabf0a474e88be7ae3e434958d092c57ad83065ba9978b8c104b78cbbf137,1637,2,train
6013,1638,66,Scleractinia,/home/tahiti/MARINE_DATASETS/FathomNet_FGVC2025/data/rois/1638_6013.png,/home/tahiti/MARINE_DATASETS/FathomNet_FGVC2025/data/images/1638.png,77ec254be9e53eadedb815168f58501cabaca271a10a8de46356f9b903b37a50,018e5976047733d388819653071eca04c32215ecc0c82dfe813193e2f23a0e09,1638,6,train
6022,1642,58,Peniagone,/home/tahiti/MARINE_DATASETS/FathomNet_FGVC2025/data/rois/1642_6022.png,/home/tahiti/MARINE_DATASETS/FathomNet_FGVC2025/data/images/1642.png,e1cd54b5b4ead7806bf1f4a710a960d6e52a34121294a914d6d6b02a47bdba43,439b016da483f446dc091cefe92f7ec7bc46b687ecc4d156f92ff65e97c02fb3,1642,1,train
6057,1648,62,Psolus squamatus,/home/tahiti/MARINE_DATASETS/FathomNet_FGVC2025/data/rois/1648_6057.png,/home/tahiti/MARINE_DATASETS/FathomNet_FGVC2025/data/images/1648.png,2f53760cde9e3744b933767801a9d5dfdd04f76723ce669b88fd413d7e792da7,38aaad83f4a3d53728a1b08d6ae76dc093d44f962acbc31ceacd443844a7a387,1648,1,train
6064,1654,1,Abyssocucumis abyssorum,/home/tahiti/MARINE_DATASETS/FathomNet_FGVC2025/data/rois/1654_6064.png,/home/tahiti/MARINE_DATASETS/FathomNet_FGVC2025/data/images/1654.png,61465aa7e274131fb5dc5e49a9e216a116b7f9abc2d2bac70b30ed5976be2758,200978b11fe1caaa05712972a228976af78c67ea9cf3b98400a4c3312635fe3b,1654,1,train
6097,1667,62,Psolus squamatus,/home/tahiti/MARINE_DATASETS/FathomNet_FGVC2025/data/rois/1667_6097.png,/home/tahiti/MARINE_DATASETS/FathomNet_FGVC2025/data/images/1667.png,7d53d544c9255986149784072aa4837a3c888394ebd04fe8a302fc074ef79ca0,67ec6f6b449d35587c8dc472af65404b517813e6d8c0df881a1ef04759036219,1667,4,train
6111,1671,55,Paragorgia arborea,/home/tahiti/MARINE_DATASETS/FathomNet_FGVC2025/data/rois/1671_6111.png,/home/tahiti/MARINE_DATASETS/FathomNet_FGVC2025/data/images/1671.png,3fcbd7769c33fecf56c19b129a8c3a1735c56bde23939e8c7f9441f67c2c4976,23b0a4ad3cfaffb8bc8a1c672b5b79b4317a03cc338f701ba62108e9f0bea1a9,1671,4,train
6224,1737,77,Umbellula,/home/tahiti/MARINE_DATASETS/FathomNet_FGVC2025/data/rois/1737_6224.png,/home/tahiti/MARINE_DATASETS/FathomNet_FGVC2025/data/images/1737.png,acace6a8e3c9d9cb00e8e91d3af7fe1fb2e381745c0765038ab0c5ff018996d0,facce58c7804bc1a91c591e537710ab7dc44311fbdb73066a405a608331a23c6,1737,1,train
6270,1742,76,Tunicata,/home/tahiti/MARINE_DATASETS/FathomNet_FGVC2025/data/rois/1742_6270.png,/home/tahiti/MARINE_DATASETS/FathomNet_FGVC2025/data/images/1742.png,1196a0320776dac40aae579339a357fada9898760542f9a0649b6cce53b17725,9fef61050542236696cc07add585805cbd6be12596ceb7c766fe8042b70a283b,1742,4,train
6358,1762,37,Keratoisis,/home/tahiti/MARINE_DATASETS/FathomNet_FGVC2025/data/rois/1762_6358.png,/home/tahiti/MARINE_DATASETS/FathomNet_FGVC2025/data/images/1762.png,3787c04fbd5aec34c52a2debc6a6f04a7ff9d3e98cab9732ffabb7b4f628c4af,39d93dcf2c061ceb6d7216e21bc67d2005db66da650e55e8815a58730510b56d,1762,0,train
6367,1767,19,Crinoidea,/home/tahiti/MARINE_DATASETS/FathomNet_FGVC2025/data/rois/1767_6367.png,/home/tahiti/MARINE_DATASETS/FathomNet_FGVC2025/data/images/1767.png,8d621eac24efc1e2f2459ad8becf034555e7cd76d9e83e0a4b8285c21081a9ba,76d61113d224f4561b64d6457194b4437dbc735d836bee864b5fd47b50ba1959,1767,6,train
6396,1773,55,Paragorgia arborea,/home/tahiti/MARINE_DATASETS/FathomNet_FGVC2025/data/rois/1773_6396.png,/home/tahiti/MARINE_DATASETS/FathomNet_FGVC2025/data/images/1773.png,3ca5e50117d4fdc18974e38be826be36c7614b303bce34a19066db89a461e67d,5117fff4331a035d97d247d5197b5bae75bc456c094336566449d8f9a91a65bd,1773,6,train
6399,1773,16,Chionoecetes tanneri,/home/tahiti/MARINE_DATASETS/FathomNet_FGVC2025/data/rois/1773_6399.png,/home/tahiti/MARINE_DATASETS/FathomNet_FGVC2025/data/images/1773.png,9b17d8a7d44aae5c98444883472bd8126fe3e812c1d1ae95b0088ce9d8fd5a6e,5117fff4331a035d97d247d5197b5bae75bc456c094336566449d8f9a91a65bd,1773,6,train
6482,1795,21,Elpidia,/home/tahiti/MARINE_DATASETS/FathomNet_FGVC2025/data/rois/1795_6482.png,/home/tahiti/MARINE_DATASETS/FathomNet_FGVC2025/data/images/1795.png,f5e957fe45f450503313786f097a5a965319e7e90c4cea05766fee90362ecd46,2f03d7fc20fc2233c5c4f9539c8d922a95fda0958354863c7f9d454322eb4664,1795,6,train
6506,1801,37,Keratoisis,/home/tahiti/MARINE_DATASETS/FathomNet_FGVC2025/data/rois/1801_6506.png,/home/tahiti/MARINE_DATASETS/FathomNet_FGVC2025/data/images/1801.png,7c7fb66f4b5ccb06a0414408b162c724eb22299b9c3ffe5ad4983e6486d4837e,62cfa8b595997ad26a47b40d12c022a723a7f82c593d0147f9a55c6037b2f4c3,1801,4,train
6560,1816,24,Funiculina,/home/tahiti/MARINE_DATASETS/FathomNet_FGVC2025/data/rois/1816_6560.png,/home/tahiti/MARINE_DATASETS/FathomNet_FGVC2025/data/images/1816.png,134ba38e0444adb72acd29d92136b828ef3e69a3e2837e78854fcdfe9f3fafac,03a2d0519ed6b865467d581d084b1e6a99ff0641d5584da845ae2a6227783303,1816,6,train
6574,1816,24,Funiculina,/home/tahiti/MARINE_DATASETS/FathomNet_FGVC2025/data/rois/1816_6574.png,/home/tahiti/MARINE_DATASETS/FathomNet_FGVC2025/data/images/1816.png,536ab693beb1fbb83bc10fd322886d94dc2ea351e673dd287b9d739ef07a2277,03a2d0519ed6b865467d581d084b1e6a99ff0641d5584da845ae2a6227783303,1816,6,train
6591,1821,62,Psolus squamatus,/home/tahiti/MARINE_DATASETS/FathomNet_FGVC2025/data/rois/1821_6591.png,/home/tahiti/MARINE_DATASETS/FathomNet_FGVC2025/data/images/1821.png,acd09cf345db2f9677da1c0817c72e941ae7ba6a6e87b2e645b717d9f3a83ce9,44eae2078afee9507be32abff748d394d615acee16f4a236446713ce5af252a3,1821,6,train
6593,1821,62,Psolus squamatus,/home/tahiti/MARINE_DATASETS/FathomNet_FGVC2025/data/rois/1821_6593.png,/home/tahiti/MARINE_DATASETS/FathomNet_FGVC2025/data/images/1821.png,afc60f8765551b50691a28be02d8f3e8c5a52a6c882dc3b006aa77415e99d7f3,44eae2078afee9507be32abff748d394d615acee16f4a236446713ce5af252a3,1821,6,train
6739,1877,51,Pandalus amplus,/home/tahiti/MARINE_DATASETS/FathomNet_FGVC2025/data/rois/1877_6739.png,/home/tahiti/MARINE_DATASETS/FathomNet_FGVC2025/data/images/1877.png,31523c9bcc2399b9a6a87bccab1dd66d0e45558bfb01e78441033a1b7b2dd6e7,e0fdb45551de4923d87fd880f182d41e044a34648fb90509bcabe93249bfc34b,1877,6,train
6751,1880,1,Abyssocucumis abyssorum,/home/tahiti/MARINE_DATASETS/FathomNet_FGVC2025/data/rois/1880_6751.png,/home/tahiti/MARINE_DATASETS/FathomNet_FGVC2025/data/images/1880.png,5897e8a7874a2e83f579fa100f2680cab01424b264a5f1d42523e9f6a7f6e59e,139a3bd4cdba830eb4f43b3078023bd1f7c60edadde25837eaa05474974811db,1880,2,train
6762,1883,53,Pannychia moseleyi,/home/tahiti/MARINE_DATASETS/FathomNet_FGVC2025/data/rois/1883_6762.png,/home/tahiti/MARINE_DATASETS/FathomNet_FGVC2025/data/images/1883.png,c020d4800951a7a51e272b1ed09160b8642f4767a210843efadec912f51159ba,2b1cc07c1dcb4834465fd1f6c65f64ddb3c3d3afdcc0cd26d128ac6ca5c6f6b9,1883,1,train
6768,1885,25,Gastropoda,/home/tahiti/MARINE_DATASETS/FathomNet_FGVC2025/data/rois/1885_6768.png,/home/tahiti/MARINE_DATASETS/FathomNet_FGVC2025/data/images/1885.png,d6b4f7579d3f6e0acb25cb9738e90c20e7029552790a1c8622207d081e5a3dc0,6a0fe16bbe6410d96fa8ff6527819e5af2b8915d0ee08100f992ae3ff0b57929,1885,4,train
6770,1885,25,Gastropoda,/home/tahiti/MARINE_DATASETS/FathomNet_FGVC2025/data/rois/1885_6770.png,/home/tahiti/MARINE_DATASETS/FathomNet_FGVC2025/data/images/1885.png,8d1218e181fa5ec483d6adde63b074b51871315a3ec613de550758ec51632888,6a0fe16bbe6410d96fa8ff6527819e5af2b8915d0ee08100f992ae3ff0b57929,1885,4,train
6859,1898,71,Sebastolobus,/home/tahiti/MARINE_DATASETS/FathomNet_FGVC2025/data/rois/1898_6859.png,/home/tahiti/MARINE_DATASETS/FathomNet_FGVC2025/data/images/1898.png,48a9e6194fcd5c083e951bdb39e89fc06c943a56f25488efebb9a6dd59daf7b0,97301fa2665ebb6228ff303d477da3f392e10511620afeb26f5a72ded7a0a05b,1898,6,train
6914,1926,30,Hexactinellida,/home/tahiti/MARINE_DATASETS/FathomNet_FGVC2025/data/rois/1926_6914.png,/home/tahiti/MARINE_DATASETS/FathomNet_FGVC2025/data/images/1926.png,e4b72e17f0dba9f384f019dd6527c2c902945244bcb27408df2cb09b36a8fdb7,4b7e91de707627b11b6d2a1b263fe16618dc1f4f96ccefcc4cf87e8a940b21a1,1926,4,train
6919,1930,35,Isididae,/home/tahiti/MARINE_DATASETS/FathomNet_FGVC2025/data/rois/1930_6919.png,/home/tahiti/MARINE_DATASETS/FathomNet_FGVC2025/data/images/1930.png,10cab422291a5a9e99ae77577d30d65e733ccbaf66d3689f5731e1d00cf391b3,e2558542e5c95d49f41257460ed914abd9795a03fa221d4b4bff4d75b4f4b350,1930,1,train
6928,1933,62,Psolus squamatus,/home/tahiti/MARINE_DATASETS/FathomNet_FGVC2025/data/rois/1933_6928.png,/home/tahiti/MARINE_DATASETS/FathomNet_FGVC2025/data/images/1933.png,45c72c886246f08d6804b57f5d88930e05710e1f2cdcfb0591cc8496dbaf5265,2ecafac7ae0e05895e9c1504fa58c875cf5d76eb360590e3f513b9918eec86c0,1933,0,train
6943,1939,33,Hormathiidae,/home/tahiti/MARINE_DATASETS/FathomNet_FGVC2025/data/rois/1939_6943.png,/home/tahiti/MARINE_DATASETS/FathomNet_FGVC2025/data/images/1939.png,5959ea6b16f4505b2e8bcd468b597de7ec42a4de5d6c7916edb6e56d9551958b,db8ffa401b1bf769fd33d15ca185c4d736175facce8f1dbdee904171783d6c24,1939,4,train
6945,1940,19,Crinoidea,/home/tahiti/MARINE_DATASETS/FathomNet_FGVC2025/data/rois/1940_6945.png,/home/tahiti/MARINE_DATASETS/FathomNet_FGVC2025/data/images/1940.png,c3b1ae1d15e2482dbf7c742ec3e673bed2439e865f5688f9f5aad6c12f324e37,fbef87aabd70268d26d9158346a0db599b2d937e6f1e34db1671b51842034d0b,1940,4,train
6946,1940,19,Crinoidea,/home/tahiti/MARINE_DATASETS/FathomNet_FGVC2025/data/rois/1940_6946.png,/home/tahiti/MARINE_DATASETS/FathomNet_FGVC2025/data/images/1940.png,bde88221b7651a4004277ee220df3b97d57e016d36960d857442fc165fe3ca04,fbef87aabd70268d26d9158346a0db599b2d937e6f1e34db1671b51842034d0b,1940,4,train
6966,1950,14,Caridea,/home/tahiti/MARINE_DATASETS/FathomNet_FGVC2025/data/rois/1950_6966.png,/home/tahiti/MARINE_DATASETS/FathomNet_FGVC2025/data/images/1950.png,360f264c692017dccd85a5672b84a3fb7594f2e69ce564c3480223478b13b6b6,8da1ac80bc2dc2e5c12f070b3f937a737a98f912c764901ad9cfae21faf14035,1950,1,train
7003,1962,28,Heterochone calyx,/home/tahiti/MARINE_DATASETS/FathomNet_FGVC2025/data/rois/1962_7003.png,/home/tahiti/MARINE_DATASETS/FathomNet_FGVC2025/data/images/1962.png,cf98907b4a13e2a4bd6296f4851bb7ef8e3719ba8426ecd4b377e5226422027e,5f71cad76e38563d51614c5458ab25f80ddf0664e36833ebbf419805f1abc1bf,1962,6,train
7026,1966,35,Isididae,/home/tahiti/MARINE_DATASETS/FathomNet_FGVC2025/data/rois/1966_7026.png,/home/tahiti/MARINE_DATASETS/FathomNet_FGVC2025/data/images/1966.png,13666eb78dee5a00c2f6bd03b405ee2ebcddd6a9defa4d421b3c866a92d79649,affd9023c6be84da33eda587764b217b8dc9ed929e70bad1fb7690fbc6842c92,1966,2,train
7066,1983,11,Asteroidea,/home/tahiti/MARINE_DATASETS/FathomNet_FGVC2025/data/rois/1983_7066.png,/home/tahiti/MARINE_DATASETS/FathomNet_FGVC2025/data/images/1983.png,f16793b340acbf52e8873a9eefe9f7347fba44998497908b97f89ed5754ac747,a46da008a80244b6862349f6ed812ff03286a3e5508cec95a51d1617f3dbe786,1983,2,train
7077,1984,20,Delectopecten,/home/tahiti/MARINE_DATASETS/FathomNet_FGVC2025/data/rois/1984_7077.png,/home/tahiti/MARINE_DATASETS/FathomNet_FGVC2025/data/images/1984.png,e335f92eca805c7862c331782460ccfd6c4c8efdf30650ac3f59165abdbc24bf,512ce9cb3f3566470deed8bf60bc9b04a07d2eaa12a93a0af1cab7e0dd764f7e,1984,2,train
7078,1984,20,Delectopecten,/home/tahiti/MARINE_DATASETS/FathomNet_FGVC2025/data/rois/1984_7078.png,/home/tahiti/MARINE_DATASETS/FathomNet_FGVC2025/data/images/1984.png,ce7ef9e949e333e4858241108fc6b51370e5aace78b4924746546dd730c38cf9,512ce9cb3f3566470deed8bf60bc9b04a07d2eaa12a93a0af1cab7e0dd764f7e,1984,2,train
7100,1984,72,Serpulidae,/home/tahiti/MARINE_DATASETS/FathomNet_FGVC2025/data/rois/1984_7100.png,/home/tahiti/MARINE_DATASETS/FathomNet_FGVC2025/data/images/1984.png,65d1df83021e8bafdd6cfafc42e037c05dbc7fc3836957d0dbfdf26a2bb9dc58,512ce9cb3f3566470deed8bf60bc9b04a07d2eaa12a93a0af1cab7e0dd764f7e,1984,2,train
7136,1991,45,Munnopsidae,/home/tahiti/MARINE_DATASETS/FathomNet_FGVC2025/data/rois/1991_7136.png,/home/tahiti/MARINE_DATASETS/FathomNet_FGVC2025/data/images/1991.png,6a00ef363fd5ab6b7bf958f4024232ea0561466b99295128f5a8eefecbae1377,cf17ae84e368ddb7111826ca21b79b7a80b0fc6027938795b17124e199ae1291,1991,6,train
7152,2002,48,Ophiacanthidae,/home/tahiti/MARINE_DATASETS/FathomNet_FGVC2025/data/rois/2002_7152.png,/home/tahiti/MARINE_DATASETS/FathomNet_FGVC2025/data/images/2002.png,3ed3c60cec47efcc643dc5d996851f0e5cf73bf263180fe6b98773e42d6a0b98,416f4ca295e981b133f709e8fe3d224d41f20090ee24e914c722d503a010d9aa,2002,6,train
7175,2009,21,Elpidia,/home/tahiti/MARINE_DATASETS/FathomNet_FGVC2025/data/rois/2009_7175.png,/home/tahiti/MARINE_DATASETS/FathomNet_FGVC2025/data/images/2009.png,2011550b41607e98258d35f952f93c942cfe17a45cc7e8330df0d9626dabf69b,c383c8cfa5391787a8639437aac6d9023571659fbd56473389e9f0bc3cb97121,2009,6,train
7188,2012,62,Psolus squamatus,/home/tahiti/MARINE_DATASETS/FathomNet_FGVC2025/data/rois/2012_7188.png,/home/tahiti/MARINE_DATASETS/FathomNet_FGVC2025/data/images/2012.png,3d01c42adaa64aa23011ceb7b0a5d68396e32bf1a5081b34c9a61dca2a14300c,6f60f3153be824f58ecd81c4a5f19523b00c3b33318175c9381d841892b16cfd,2012,0,train
7208,2025,71,Sebastolobus,/home/tahiti/MARINE_DATASETS/FathomNet_FGVC2025/data/rois/2025_7208.png,/home/tahiti/MARINE_DATASETS/FathomNet_FGVC2025/data/images/2025.png,8ab782c319e780a024667d20a42db3b83272fa5921a5b03b91fcced56411db8b,ebb663a5b4fd7289c4e8b8c383462ccb8651ca21653cc30584db1d06dba64319,2025,4,train
7215,2027,28,Heterochone calyx,/home/tahiti/MARINE_DATASETS/FathomNet_FGVC2025/data/rois/2027_7215.png,/home/tahiti/MARINE_DATASETS/FathomNet_FGVC2025/data/images/2027.png,f73f4675d111b2433ebe3039fdf8c60d13ebb95e50c8ec3ea42c65ab588bcedd,0b7e39a4fb1135769cdec409173a1af71669cd50985d0baa8d41b65717e9782b,2027,1,train
7231,2034,16,Chionoecetes tanneri,/home/tahiti/MARINE_DATASETS/FathomNet_FGVC2025/data/rois/2034_7231.png,/home/tahiti/MARINE_DATASETS/FathomNet_FGVC2025/data/images/2034.png,7e5b3e7768883f948e2285e157b6b278e42761bf1b06edb7ac05eba60dc952a7,4bfd4b767781470eb5e9fe39a2b11a0456297f57cf7dab37a3bf732e79717a40,2034,6,train
7236,2035,67,Scotoplanes,/home/tahiti/MARINE_DATASETS/FathomNet_FGVC2025/data/rois/2035_7236.png,/home/tahiti/MARINE_DATASETS/FathomNet_FGVC2025/data/images/2035.png,5f9b93104eb613b92b86d002b629458d36123ba31fad526a76f356adbdae9bb2,214c216bf374eec113d1e597374c9cc7d0301f92bc7880e9d04f3e2182fd42a3,2035,0,train
7247,2041,4,Actinernus,/home/tahiti/MARINE_DATASETS/FathomNet_FGVC2025/data/rois/2041_7247.png,/home/tahiti/MARINE_DATASETS/FathomNet_FGVC2025/data/images/2041.png,614d290645b971dfa80fae57332281c866bf03cd50c394c955e36a8903d8cc91,bfe995d735d70153c9a9c43f84ae4cd3c04b17138b79ab2ee0586ffb27eb1784,2041,2,train
7261,2047,44,Munidopsis,/home/tahiti/MARINE_DATASETS/FathomNet_FGVC2025/data/rois/2047_7261.png,/home/tahiti/MARINE_DATASETS/FathomNet_FGVC2025/data/images/2047.png,54cd1df8b5a47144bb8df788862c732897bc624a1d01011a0095b896a5928985,e2654cf2611799e627d44d0d68cf1bdf9f9343f58b03d9e46e293f9b9382f128,2047,2,train
7263,2048,62,Psolus squamatus,/home/tahiti/MARINE_DATASETS/FathomNet_FGVC2025/data/rois/2048_7263.png,/home/tahiti/MARINE_DATASETS/FathomNet_FGVC2025/data/images/2048.png,5c4ebba29b0b63fefbdab749c9a20075f1a7b4cf13d9259f8999f0a059d5e701,ed8f2cee3738c762b1cba5d8f3536206080b9c36d7d50a6ba46f6db4e981159f,2048,4,train
7319,2067,35,Isididae,/home/tahiti/MARINE_DATASETS/FathomNet_FGVC2025/data/rois/2067_7319.png,/home/tahiti/MARINE_DATASETS/FathomNet_FGVC2025/data/images/2067.png,e4dbc60d313d2d99e0943556cf4795b04f77388fe656e6c16cc2e9d1890e6fc0,704d834fb26c8389cc7de961149ca3ce2b0e3448fb84f24001e9d7ed3313c147,2067,6,train
7320,2068,19,Crinoidea,/home/tahiti/MARINE_DATASETS/FathomNet_FGVC2025/data/rois/2068_7320.png,/home/tahiti/MARINE_DATASETS/FathomNet_FGVC2025/data/images/2068.png,d9d03892f788a355645949c0ab186c8014a2968e5705ca9d89ddf96fc1db6472,d5c860b5c40d94f5fd1fc3e35b7c2ff61e93e692ec9131adff99be8af22a5a13,2068,2,train
7327,2070,55,Paragorgia arborea,/home/tahiti/MARINE_DATASETS/FathomNet_FGVC2025/data/rois/2070_7327.png,/home/tahiti/MARINE_DATASETS/FathomNet_FGVC2025/data/images/2070.png,b9b1a706a1574bb0d01fdf8ee339d133578d48ebfd388098c2881a1abbe5b5b5,5fb70d3c80be01bf7f6a33177fafec1ece9ed7f38b5af52d93bc20a3d50999ab,2070,6,train
7340,2074,36,Isosicyonis,/home/tahiti/MARINE_DATASETS/FathomNet_FGVC2025/data/rois/2074_7340.png,/home/tahiti/MARINE_DATASETS/FathomNet_FGVC2025/data/images/2074.png,cab94cd421879650c3863b2017e63d08435b320c269ef8024549531c4a0993f3,ce22263613f020faf767792b96fdeaa0986c41e1046d3bb36554fedb20046825,2074,4,train
7389,2083,45,Munnopsidae,/home/tahiti/MARINE_DATASETS/FathomNet_FGVC2025/data/rois/2083_7389.png,/home/tahiti/MARINE_DATASETS/FathomNet_FGVC2025/data/images/2083.png,418baca10799fcf6920310b5faa8464b22ebf69359832db3eee534f7acfbeb2d,86e9ebca4a4f9b3ceea3dc24b99d6478684204fe8a3b40a6ffe00c4168ed6368,2083,1,train
7398,2088,62,Psolus squamatus,/home/tahiti/MARINE_DATASETS/FathomNet_FGVC2025/data/rois/2088_7398.png,/home/tahiti/MARINE_DATASETS/FathomNet_FGVC2025/data/images/2088.png,3b002f9a90604a285bd3d90f2801ecd3c373964ce4ea2258b6c18c8226cd020f,4047f1991a71b758ca26e1bf077cc2a453ac0beb5f20d92cebc55615f11dac2f,2088,0,train
7409,2089,21,Elpidia,/home/tahiti/MARINE_DATASETS/FathomNet_FGVC2025/data/rois/2089_7409.png,/home/tahiti/MARINE_DATASETS/FathomNet_FGVC2025/data/images/2089.png,97681b28ba739f92892613ee76e9d201be8a1ea9f8814312830b2ba503d58670,b02bce7f7a665214bcf57303c0d6d2e781ce68c5153460e23f8facb702911b0c,2089,2,train
7418,2094,79,Zoantharia,/home/tahiti/MARINE_DATASETS/FathomNet_FGVC2025/data/rois/2094_7418.png,/home/tahiti/MARINE_DATASETS/FathomNet_FGVC2025/data/images/2094.png,39aa942ff6d9e4a590dc2b9037c79350597b0f94c00d96a2dab94a82c8b06c24,38f339af8a38f51831acbfab22ad053b71575b393df0b86d82f556f30a4d3b5a,2094,1,train
7420,2094,79,Zoantharia,/home/tahiti/MARINE_DATASETS/FathomNet_FGVC2025/data/rois/2094_7420.png,/home/tahiti/MARINE_DATASETS/FathomNet_FGVC2025/data/images/2094.png,4c3491c5080c88cf1b7c3e7a97a1e173e19ece270559ee9cfa5290aa485b9e99,38f339af8a38f51831acbfab22ad053b71575b393df0b86d82f556f30a4d3b5a,2094,1,train
7436,2094,79,Zoantharia,/home/tahiti/MARINE_DATASETS/FathomNet_FGVC2025/data/rois/2094_7436.png,/home/tahiti/MARINE_DATASETS/FathomNet_FGVC2025/data/images/2094.png,5f99b0a44ee9eab0d513708a37110d0a37a7c59c1ba5b15db787fb1fe4246bd2,38f339af8a38f51831acbfab22ad053b71575b393df0b86d82f556f30a4d3b5a,2094,1,train
7444,2099,11,Asteroidea,/home/tahiti/MARINE_DATASETS/FathomNet_FGVC2025/data/rois/2099_7444.png,/home/tahiti/MARINE_DATASETS/FathomNet_FGVC2025/data/images/2099.png,6ffe0dc94583cff16f295504ccc35f0242ddc4ff6123a199907f2134c6eeeb50,5dcec3975cd02a2d6bc4d7d531506f5e1078c700544c5173ade25662e98a15a8,2099,4,train
7447,2100,67,Scotoplanes,/home/tahiti/MARINE_DATASETS/FathomNet_FGVC2025/data/rois/2100_7447.png,/home/tahiti/MARINE_DATASETS/FathomNet_FGVC2025/data/images/2100.png,35fb603ba7e9c40b6be6a67deb1781d5ba26b0a0dad95157ffde52a7fefec26c,0398ef0e8d60b92905d1f9008f5307e3d30e0bfda640f65879cf368b1ed4c54d,2100,6,train
7466,2113,76,Tunicata,/home/tahiti/MARINE_DATASETS/FathomNet_FGVC2025/data/rois/2113_7466.png,/home/tahiti/MARINE_DATASETS/FathomNet_FGVC2025/data/images/2113.png,5d142d3503b8ed88a915d90a4c5d330a1563180ff08c615ba120647ae56d72e8,e09d2a3c521e9348dab8ae82993bcacb3c6ff630e7406f58e193bc6f3d5e54d2,2113,6,train
7500,2121,25,Gastropoda,/home/tahiti/MARINE_DATASETS/FathomNet_FGVC2025/data/rois/2121_7500.png,/home/tahiti/MARINE_DATASETS/FathomNet_FGVC2025/data/images/2121.png,e11b086d7e4a1f7e4e00b3ab95318f1761bd440636795753098e43541487b583,9575c8ae64db9343a15dd35974a48f0a1e7dae106ccfb175b09e8c94ba68868d,2121,2,train
7541,2145,36,Isosicyonis,/home/tahiti/MARINE_DATASETS/FathomNet_FGVC2025/data/rois/2145_7541.png,/home/tahiti/MARINE_DATASETS/FathomNet_FGVC2025/data/images/2145.png,2597ae227fdf0318f518da1dc8419000d955cc3461955306295bfd7d4e719ede,caf42744a031dfadde63ade4240671151f0c62d913b28d11492cacfb19dba1b2,2145,1,train
7547,2147,77,Umbellula,/home/tahiti/MARINE_DATASETS/FathomNet_FGVC2025/data/rois/2147_7547.png,/home/tahiti/MARINE_DATASETS/FathomNet_FGVC2025/data/images/2147.png,878513248eb5f8de84a573bc5dd3978f3d22681eb71231b4b1813e6cc3123d56,cfd9c04b7d7eb9aa840455f0b34d370f6400c81efb8e17ee9ab52b7cfb0cb5fb,2147,0,train
7638,2182,14,Caridea,/home/tahiti/MARINE_DATASETS/FathomNet_FGVC2025/data/rois/2182_7638.png,/home/tahiti/MARINE_DATASETS/FathomNet_FGVC2025/data/images/2182.png,170bf27c5efb57a9036b81574a84ea18fb2e5a98aeb03e6c8c16c4a96b139dee,5fde2f84cef43bafea82405f30f6aef4667f374f9c69ab7b0da0453b32017fdc,2182,0,train
7695,2202,11,Asteroidea,/home/tahiti/MARINE_DATASETS/FathomNet_FGVC2025/data/rois/2202_7695.png,/home/tahiti/MARINE_DATASETS/FathomNet_FGVC2025/data/images/2202.png,ff90bea025a99fa4f74286448ec9b6a678af5d70b288861c2ede34ee97e23491,a41f315437b942953f41d4fa8736a353d8c18dcf3a5c721accdb8fcb1f595f43,2202,2,train
7768,2233,19,Crinoidea,/home/tahiti/MARINE_DATASETS/FathomNet_FGVC2025/data/rois/2233_7768.png,/home/tahiti/MARINE_DATASETS/FathomNet_FGVC2025/data/images/2233.png,36ca68f8d8bac20de0c44aaee33da2edeca0e232730a17652460289f2c28c457,040155a917e710779f2bac0c1035558a0c7e8858ac9dd0c0bf7c33c4aae61ed9,2233,1,train
7792,2245,11,Asteroidea,/home/tahiti/MARINE_DATASETS/FathomNet_FGVC2025/data/rois/2245_7792.png,/home/tahiti/MARINE_DATASETS/FathomNet_FGVC2025/data/images/2245.png,4d6fb833d586bb8afed234588bad0154e83a916ebf74bf7558d303087b4bff58,032251693e272bec96b46a5f7e46f56865ea6bb601500069b1c444e723ef1720,2245,0,train
7828,2257,64,Pyrosoma atlanticum,/home/tahiti/MARINE_DATASETS/FathomNet_FGVC2025/data/rois/2257_7828.png,/home/tahiti/MARINE_DATASETS/FathomNet_FGVC2025/data/images/2257.png,f1df9528cd7bc9b01e5a3693a9bda5ce6c28fe659e169f90b51ec0f254b45b9a,5818434e7737eb84f9b2d3fe9045b2e19177f59fe93a953964cbee83c90b47ef,2257,4,train
7951,2305,21,Elpidia,/home/tahiti/MARINE_DATASETS/FathomNet_FGVC2025/data/rois/2305_7951.png,/home/tahiti/MARINE_DATASETS/FathomNet_FGVC2025/data/images/2305.png,afbda7e0a2a87091f3dc7a770660c059cdcb724472e4fda4b599108d9af414e0,1ea48814321290822c9a27282ed62665bdc937510e00a207ab0e966e9a7cca30,2305,1,train
7991,2330,24,Funiculina,/home/tahiti/MARINE_DATASETS/FathomNet_FGVC2025/data/rois/2330_7991.png,/home/tahiti/MARINE_DATASETS/FathomNet_FGVC2025/data/images/2330.png,98aeea1ca611e3098459ecd115fd583796b223260e096f088be3cc036e0da724,998a1463f8fa6aceb34c54bac0d0199f945f7b194225426486bc44230ffef379,2330,0,train
8075,2373,24,Funiculina,/home/tahiti/MARINE_DATASETS/FathomNet_FGVC2025/data/rois/2373_8075.png,/home/tahiti/MARINE_DATASETS/FathomNet_FGVC2025/data/images/2373.png,e068791a980f789ab23ed6fdae2918f976367334ae4e10c79c8d9bbe440af190,d4a1267f3e066dd8654fd17bad8d568890a93ffd5af158216bf5cf978ea7674f,2373,1,train
8114,2385,66,Scleractinia,/home/tahiti/MARINE_DATASETS/FathomNet_FGVC2025/data/rois/2385_8114.png,/home/tahiti/MARINE_DATASETS/FathomNet_FGVC2025/data/images/2385.png,0d5f3c96ff99a9cc6d068aecf7e9ce22bd3baae41880ef27455cfb21f2ed0212,3e0281643a639b56c3cd256b84c5ea4f9134358112968cd35d6917a9b836f1bb,2385,4,train
8140,2392,67,Scotoplanes,/home/tahiti/MARINE_DATASETS/FathomNet_FGVC2025/data/rois/2392_8140.png,/home/tahiti/MARINE_DATASETS/FathomNet_FGVC2025/data/images/2392.png,eac6f43e4b1b79451ae2d3b79d1769b5cb46106dde87c90009bc44c522f26c5e,3913be7a70bfe29b7aa376de2b1c4b652964eb4f90aa1408bf582afcdbd63e22,2392,2,train
8152,2393,65,Rathbunaster californicus,/home/tahiti/MARINE_DATASETS/FathomNet_FGVC2025/data/rois/2393_8152.png,/home/tahiti/MARINE_DATASETS/FathomNet_FGVC2025/data/images/2393.png,efbffc5abbe65db20b45e6a810935a2ef147464d71ab176950439bc4e9a4e07a,a274f511f9d4f251a2a9f9f5f34f14f7ec3b1c91ebb341c2834c32d413ae05b7,2393,1,train
8171,2395,10,Asbestopluma monticola,/home/tahiti/MARINE_DATASETS/FathomNet_FGVC2025/data/rois/2395_8171.png,/home/tahiti/MARINE_DATASETS/FathomNet_FGVC2025/data/images/2395.png,63ab4bafe16cbf96fc37f0f8994b8591a1f19c42e6e367e1256c8ece89c1173e,fa58f499453aa3b9a7438212d8e54e095aa77834ea7a8887961edd354c009129,2395,6,train
8228,2410,16,Chionoecetes tanneri,/home/tahiti/MARINE_DATASETS/FathomNet_FGVC2025/data/rois/2410_8228.png,/home/tahiti/MARINE_DATASETS/FathomNet_FGVC2025/data/images/2410.png,b154958814b1a8bba35e1f7d88b3e06dd55dafcdf00b27b367dae53200899068,f0d6204acb30931585de2fcbdcf7259a47f099eb222ce80f7ceda41666c7a66d,2410,6,train
8270,2419,44,Munidopsis,/home/tahiti/MARINE_DATASETS/FathomNet_FGVC2025/data/rois/2419_8270.png,/home/tahiti/MARINE_DATASETS/FathomNet_FGVC2025/data/images/2419.png,d2425ee512d000c77d2182a6b5fa486003fd087376e0c4b50439ab18cc07db6e,448284a5cac4fa51b05ec64a922d8c91ff35129d2ac37785adab9fb8484c0938,2419,6,train
8318,2435,16,Chionoecetes tanneri,/home/tahiti/MARINE_DATASETS/FathomNet_FGVC2025/data/rois/2435_8318.png,/home/tahiti/MARINE_DATASETS/FathomNet_FGVC2025/data/images/2435.png,b3a9542be5f7b08d81e6c0a3f55c186a9ff48257718f06db50351dd102fa06e3,285b81bc2386cb4a6b50785e629ad2eb5be7adba866894d998031635a1ef555c,2435,0,train
8335,2443,68,Scotoplanes globosa,/home/tahiti/MARINE_DATASETS/FathomNet_FGVC2025/data/rois/2443_8335.png,/home/tahiti/MARINE_DATASETS/FathomNet_FGVC2025/data/images/2443.png,aa012d2fcf139937904389ad862a0ff12b16200216efecddac6718783950c05a,8a27196f43c314b3f8f611abef76248d90827c4bf4821ff6fe54a5d81218dd78,2443,4,train
8429,2453,37,Keratoisis,/home/tahiti/MARINE_DATASETS/FathomNet_FGVC2025/data/rois/2453_8429.png,/home/tahiti/MARINE_DATASETS/FathomNet_FGVC2025/data/images/2453.png,78e0911a8d48c302ada0e219608156b3289c78b8e90e9ed82cca11b3921a77c0,b9aec5667635a60bfc15fdce154eb4adf3fae8516eb68cc2e53d67001e1b8cee,2453,1,train
8474,2462,22,Farrea,/home/tahiti/MARINE_DATASETS/FathomNet_FGVC2025/data/rois/2462_8474.png,/home/tahiti/MARINE_DATASETS/FathomNet_FGVC2025/data/images/2462.png,c54e9938c4d5048c8e9deea517cd0467d471a0b19933b79d43e2e2e744854aa4,5956f6eb3c14edd217bb745ab3081fed5aade31068422604e9ac06ee2e438484,2462,2,train
8480,2464,79,Zoantharia,/home/tahiti/MARINE_DATASETS/FathomNet_FGVC2025/data/rois/2464_8480.png,/home/tahiti/MARINE_DATASETS/FathomNet_FGVC2025/data/images/2464.png,21839009d183fc4663e4e23a348ddf51184df4a1c2bd9ab556fc8a89f74eb227,562aeee31090ac298d154adc04051100198a76d3c6ff40835886e303e9009a1d,2464,1,train
8510,2483,73,Staurocalyptus,/home/tahiti/MARINE_DATASETS/FathomNet_FGVC2025/data/rois/2483_8510.png,/home/tahiti/MARINE_DATASETS/FathomNet_FGVC2025/data/images/2483.png,0bac60544df3ed10fe0e398daad591cbc5a89cf2a41f3fb093b0232eab0b524c,7e0e9044e1eae108515ade204336be65ca2caa694409b103ff4bf74d2677ab0e,2483,2,train
8515,2486,19,Crinoidea,/home/tahiti/MARINE_DATASETS/FathomNet_FGVC2025/data/rois/2486_8515.png,/home/tahiti/MARINE_DATASETS/FathomNet_FGVC2025/data/images/2486.png,57fadbfa3e7f45110042928896cab43a703f73b6831922e3e3457149a408a156,af96e065dca6c52daec180dc45e5243e68dbeb145a7e562941d550b667b7bcbb,2486,1,train
8536,2495,75,Terebellidae,/home/tahiti/MARINE_DATASETS/FathomNet_FGVC2025/data/rois/2495_8536.png,/home/tahiti/MARINE_DATASETS/FathomNet_FGVC2025/data/images/2495.png,43c5248a7e3399761e2d7f93dc5eee710bbefe921b33dc47d68f9f05fa9dadeb,240b3ede6cab1c2186ee9e744a3e237aa3354db4d920944e049c875f26a5b799,2495,0,train
8549,2503,45,Munnopsidae,/home/tahiti/MARINE_DATASETS/FathomNet_FGVC2025/data/rois/2503_8549.png,/home/tahiti/MARINE_DATASETS/FathomNet_FGVC2025/data/images/2503.png,b99b74173acbe38954c037e63090b8e4678cc8f7b541d657a9aa122c6dd9d58b,be96a0bf3f1c65179702a58f90c581ad932e79b33a5e2f76aa9f1cd1a6073131,2503,4,train
8563,2512,43,Microstomus pacificus,/home/tahiti/MARINE_DATASETS/FathomNet_FGVC2025/data/rois/2512_8563.png,/home/tahiti/MARINE_DATASETS/FathomNet_FGVC2025/data/images/2512.png,74b434275b4faed780b6c34362c221dd0263a508f10fc73ca4669a498233f33c,1dd1150ad993d09012e3b1bbf686adba39e4709ce80611baf81afb3c970a1f7d,2512,0,train
8572,2516,79,Zoantharia,/home/tahiti/MARINE_DATASETS/FathomNet_FGVC2025/data/rois/2516_8572.png,/home/tahiti/MARINE_DATASETS/FathomNet_FGVC2025/data/images/2516.png,9b72528353fc7fcc0d31f527e860e59fc2ed46bda369379049b29177cc413287,275bd6ee12fdbc4d037e7138b385b0c3d7ab002f30891215cb2bd0450f67d05f,2516,2,train
8647,2537,33,Hormathiidae,/home/tahiti/MARINE_DATASETS/FathomNet_FGVC2025/data/rois/2537_8647.png,/home/tahiti/MARINE_DATASETS/FathomNet_FGVC2025/data/images/2537.png,71e4f5a5305f2ba1699b868f5394767e185e478be206eec49b6d35548ba92a33,91da7870a2f274d9d1c8197ed68db25c1e372d07c0917313b7d612bd3b30917e,2537,1,train
8648,2538,65,Rathbunaster californicus,/home/tahiti/MARINE_DATASETS/FathomNet_FGVC2025/data/rois/2538_8648.png,/home/tahiti/MARINE_DATASETS/FathomNet_FGVC2025/data/images/2538.png,ea4c1191d887516033d937869e81c3e7cdfcfa6264be3d0ba7b962c94aa832b9,3111d2ae1271f2f68e3c6fe1d5174e19c486b73a10f1525451a536bebe4dae4b,2538,0,train
8654,2542,27,Heterocarpus,/home/tahiti/MARINE_DATASETS/FathomNet_FGVC2025/data/rois/2542_8654.png,/home/tahiti/MARINE_DATASETS/FathomNet_FGVC2025/data/images/2542.png,618af3d6d5e65e743483b2ea1e4d17ef5676f799db6363ac8dab791993f70bb5,936a815b97b7d2e052c11f42af6deb07bb4ae7ad9c141734339d932c3c6cc3ba,2542,0,train
8692,2563,15,Ceriantharia,/home/tahiti/MARINE_DATASETS/FathomNet_FGVC2025/data/rois/2563_8692.png,/home/tahiti/MARINE_DATASETS/FathomNet_FGVC2025/data/images/2563.png,8294aa2b74c371fd3567f5ea31574828dc5a3de88c947b5d0dea669a70418473,77c8c8aa913ddeb9c13bbb53d58cc546c8ac7c29c6ba5fc7d20aafa0c70a6240,2563,0,train
8856,2589,33,Hormathiidae,/home/tahiti/MARINE_DATASETS/FathomNet_FGVC2025/data/rois/2589_8856.png,/home/tahiti/MARINE_DATASETS/FathomNet_FGVC2025/data/images/2589.png,012ea2a461e933efcbf9513577af054837f6fd8c85771ae815d65fa54d1a2d03,e305cdeb5e5c0bddfe72beb44a50228497af5cb68fecd1b65e85811c25f4b01b,2589,1,train
8868,2596,57,Parastenella,/home/tahiti/MARINE_DATASETS/FathomNet_FGVC2025/data/rois/2596_8868.png,/home/tahiti/MARINE_DATASETS/FathomNet_FGVC2025/data/images/2596.png,007febe25498c9864351fba1e22b3ca817dc166f239ffcc9fe5bb04627b90835,f056b9226be6d38d693ab501dfe6b47d11006153dae11e267482279fdbe0ef71,2596,4,train
8934,2613,69,Sebastes,/home/tahiti/MARINE_DATASETS/FathomNet_FGVC2025/data/rois/2613_8934.png,/home/tahiti/MARINE_DATASETS/FathomNet_FGVC2025/data/images/2613.png,3d42c8884699ee4b211cd7806309040c9c62373900bb55521b67ea9bd6dc2173,c8b633bef7b49361fb39ecceb2e5779a5bd1b4b1e852b63e0434b859fe3e7b3b,2613,4,train
8963,2625,15,Ceriantharia,/home/tahiti/MARINE_DATASETS/FathomNet_FGVC2025/data/rois/2625_8963.png,/home/tahiti/MARINE_DATASETS/FathomNet_FGVC2025/data/images/2625.png,021a5c3e169b25977a19958fab240f02d749c2606a1701877dbb7109bbd69710,52165d7cf21e68679240a43ac3117c198319e0e5bb2bc300ea93361e6e2d7d8c,2625,6,train
8969,2628,42,Metridium farcimen,/home/tahiti/MARINE_DATASETS/FathomNet_FGVC2025/data/rois/2628_8969.png,/home/tahiti/MARINE_DATASETS/FathomNet_FGVC2025/data/images/2628.png,addc18728869573571e192a526fd14e18c91b31ec43f538df4cc254c8e13e30a,5de7e89ccc0dbefd3d66557ed134623ea1e465888ee3dc5fd80b14aa12720784,2628,6,train
9004,2640,78,Vesicomyidae,/home/tahiti/MARINE_DATASETS/FathomNet_FGVC2025/data/rois/2640_9004.png,/home/tahiti/MARINE_DATASETS/FathomNet_FGVC2025/data/images/2640.png,b7be5cbe7990e997d36e929b9ad05024c834a4c34bd912b6fa629e79dfe5de26,72c8b53552a9a16eae53a41a5edd1107907c4419c72a53209298d24ab641c7eb,2640,6,train
9093,2672,45,Munnopsidae,/home/tahiti/MARINE_DATASETS/FathomNet_FGVC2025/data/rois/2672_9093.png,/home/tahiti/MARINE_DATASETS/FathomNet_FGVC2025/data/images/2672.png,10667cc2906802834e68a952773139fa5c824ca7e220b5e905451a77915e5be5,6382c8442e295891e4dd4df7c198cb762f5631a322d8a392b50d595b81331db1,2672,4,train
9101,2674,30,Hexactinellida,/home/tahiti/MARINE_DATASETS/FathomNet_FGVC2025/data/rois/2674_9101.png,/home/tahiti/MARINE_DATASETS/FathomNet_FGVC2025/data/images/2674.png,f5aa1e66b5a2d297a777b07b350f51e5f89f8b6e16e5a1185e9c41b41de1cb8f,223300db845c04d8d1acbc05448489381951545db8d2a1bd4903998eed1a3153,2674,4,train
9132,2690,37,Keratoisis,/home/tahiti/MARINE_DATASETS/FathomNet_FGVC2025/data/rois/2690_9132.png,/home/tahiti/MARINE_DATASETS/FathomNet_FGVC2025/data/images/2690.png,b6b5d676c9ac8d3daed824a4a59c21f2ef0d71413a80c55f145966509e8e7c74,4d6742b58c45c757d473e47bc6d6f3243b47f25dd96c054a675a5649ded4c1c2,2690,4,train
9135,2692,12,Benthocodon pedunculata,/home/tahiti/MARINE_DATASETS/FathomNet_FGVC2025/data/rois/2692_9135.png,/home/tahiti/MARINE_DATASETS/FathomNet_FGVC2025/data/images/2692.png,4f4d31ec8ef62b1ecb17e3b5636e158721e349a054043b070eab6344ac968f91,49f6eb9bfd4b0f75ec08b40426ae77b9ada4cc56ebc8b0f777852295baeeb8ea,2692,0,train
9142,2697,47,Octopus rubescens,/home/tahiti/MARINE_DATASETS/FathomNet_FGVC2025/data/rois/2697_9142.png,/home/tahiti/MARINE_DATASETS/FathomNet_FGVC2025/data/images/2697.png,575d171ca292c1c150015b0497197bc1a05d92e4f32680fb943d5f209a4389f6,bdb49b94c636928c06bd80a8a4a5a6b61fba2eeba9806d6a703ab18e0d0d3674,2697,6,train
9144,2699,53,Pannychia moseleyi,/home/tahiti/MARINE_DATASETS/FathomNet_FGVC2025/data/rois/2699_9144.png,/home/tahiti/MARINE_DATASETS/FathomNet_FGVC2025/data/images/2699.png,9fe643d4b83751da6b9d8fdbb216d8858d3cd594029c58d9d65f5c39579d4147,ceccc3d99b04123bede6b1d13ef0a305366236768a1022de04bf0ba756dd3328,2699,6,train
9155,2705,31,Hippasteria,/home/tahiti/MARINE_DATASETS/FathomNet_FGVC2025/data/rois/2705_9155.png,/home/tahiti/MARINE_DATASETS/FathomNet_FGVC2025/data/images/2705.png,f55f91ed272b87b02183b1df3fbda080de326ade412e7080e259f0a4bf6ccc9b,3d5e017f0a30671c27615380fec131e409220f745b57c9f3ee8021055be52e3d,2705,2,train
9164,2707,16,Chionoecetes tanneri,/home/tahiti/MARINE_DATASETS/FathomNet_FGVC2025/data/rois/2707_9164.png,/home/tahiti/MARINE_DATASETS/FathomNet_FGVC2025/data/images/2707.png,0cdb2b2f3881860687f29f74873aca3a8eda4e00c505f467b712fa04a6c8802f,9624a65e5c1d691e878d31875549fc02ad5194160f6d477893d080c7f1df897e,2707,0,train
9174,2713,25,Gastropoda,/home/tahiti/MARINE_DATASETS/FathomNet_FGVC2025/data/rois/2713_9174.png,/home/tahiti/MARINE_DATASETS/FathomNet_FGVC2025/data/images/2713.png,bf79269a6a528be2ed449900db858415274cae5f94b92c4b4de4d934696031b8,c3d201dda6617c25ce2f50c6b43bb0865b672609ed8850d7bd2c7af8527bdecf,2713,2,train
9203,2721,29,Heteropolypus ritteri,/home/tahiti/MARINE_DATASETS/FathomNet_FGVC2025/data/rois/2721_9203.png,/home/tahiti/MARINE_DATASETS/FathomNet_FGVC2025/data/images/2721.png,b1eeb422ebec779477f4562af187f9a982e72c1bbb34a72c5f15165c10882107,cef5408c74088fbd96db4c84555ed463b1e8f933843ed9758d304e87c14cc39b,2721,6,train
9224,2726,79,Zoantharia,/home/tahiti/MARINE_DATASETS/FathomNet_FGVC2025/data/rois/2726_9224.png,/home/tahiti/MARINE_DATASETS/FathomNet_FGVC2025/data/images/2726.png,295fc1bd4f9dca41fd3b0936a5e00a953d419a8bbfc419d7d08429b7820fccbb,e9758e66ec59a8c3a0738e98e2693381416d8170435966ce129987508db1bc22,2726,0,train
9229,2726,79,Zoantharia,/home/tahiti/MARINE_DATASETS/FathomNet_FGVC2025/data/rois/2726_9229.png,/home/tahiti/MARINE_DATASETS/FathomNet_FGVC2025/data/images/2726.png,d472e92626b51fae9944fb77075991dd053a7c91d259cd6a8404dc944d1950fe,e9758e66ec59a8c3a0738e98e2693381416d8170435966ce129987508db1bc22,2726,0,train
9311,2754,33,Hormathiidae,/home/tahiti/MARINE_DATASETS/FathomNet_FGVC2025/data/rois/2754_9311.png,/home/tahiti/MARINE_DATASETS/FathomNet_FGVC2025/data/images/2754.png,e572fd08a54c214b51caf8b1a55b80a009c09a72c26c460f40f98ed2d33427e5,83593bc089a88914f5629cd8cd31bb3aefc5927a69f4c94605186f8bf000f5af,2754,1,train
9365,2774,44,Munidopsis,/home/tahiti/MARINE_DATASETS/FathomNet_FGVC2025/data/rois/2774_9365.png,/home/tahiti/MARINE_DATASETS/FathomNet_FGVC2025/data/images/2774.png,7a67cb1ad94a78d3087a9769d5a0a5444c22feddbf342a8164bc230bf5ba552c,bb46a18baa581070d2ed65375af0d129696e247852e5881c64e2cf1d55a7cc1d,2774,4,train
9369,2776,41,Merluccius productus,/home/tahiti/MARINE_DATASETS/FathomNet_FGVC2025/data/rois/2776_9369.png,/home/tahiti/MARINE_DATASETS/FathomNet_FGVC2025/data/images/2776.png,923802dd9fe5bcd2d76efc71d909449c52e97462e10b564fe410b552c58c3b23,24e1b9be301c3e5f4bc15c0d2b77a4b88435950ef274a9c3d06b24772e8b8a24,2776,6,train
9375,2780,52,Pandalus platyceros,/home/tahiti/MARINE_DATASETS/FathomNet_FGVC2025/data/rois/2780_9375.png,/home/tahiti/MARINE_DATASETS/FathomNet_FGVC2025/data/images/2780.png,b1fd49d9a32b2077a1479d51612471066beebecc493e13211bb93a70671934af,c0423b60a47ae6a01675d02c0d7319061a14d137ef4e712bcb1c7bc2f5b7e864,2780,6,train
9379,2780,69,Sebastes,/home/tahiti/MARINE_DATASETS/FathomNet_FGVC2025/data/rois/2780_9379.png,/home/tahiti/MARINE_DATASETS/FathomNet_FGVC2025/data/images/2780.png,2e9672d998f5c4a4dd507349cf7fcb2c41da6bafab04d5e51459d100f3d8ce32,c0423b60a47ae6a01675d02c0d7319061a14d137ef4e712bcb1c7bc2f5b7e864,2780,6,train
9394,2787,16,Chionoecetes tanneri,/home/tahiti/MARINE_DATASETS/FathomNet_FGVC2025/data/rois/2787_9394.png,/home/tahiti/MARINE_DATASETS/FathomNet_FGVC2025/data/images/2787.png,6e46187b10faa0461901d44a47d7fbc3ec376da772ed8b268794e8596abafed3,4475c113fa6fcb9621ad0508c8380fb34b6ceca3f4fd5814bf31ba2cfd96982d,2787,4,train
9416,2799,37,Keratoisis,/home/tahiti/MARINE_DATASETS/FathomNet_FGVC2025/data/rois/2799_9416.png,/home/tahiti/MARINE_DATASETS/FathomNet_FGVC2025/data/images/2799.png,5c7f7ff233f0cda4c2f6792c83720d494fad9902d128e8b53d35b8f463285a1b,3d0eda6ac418ebaad69889821c1060264d0726653cd090e86971b43487317351,2799,0,train
9435,2813,37,Keratoisis,/home/tahiti/MARINE_DATASETS/FathomNet_FGVC2025/data/rois/2813_9435.png,/home/tahiti/MARINE_DATASETS/FathomNet_FGVC2025/data/images/2813.png,75f0727beb6f396e7b22f949dedb178c684eaa807aa4791f400097e788e4db8a,53c5123ab64834ad358fbe65a5141bc7f5e7d1c794e4d1fe0bad5de61f7ae1e8,2813,0,train
9458,2822,17,Chorilia longipes,/home/tahiti/MARINE_DATASETS/FathomNet_FGVC2025/data/rois/2822_9458.png,/home/tahiti/MARINE_DATASETS/FathomNet_FGVC2025/data/images/2822.png,25b026d768ef8774d34b6d35619fe41e1f3b4f65e446bd971395d9c7afd64a84,5eca01feed9ff12e79c1d3a7a0337e8d530ece3a7b98e97a84ec395cb8f7be31,2822,0,train
9484,2834,65,Rathbunaster californicus,/home/tahiti/MARINE_DATASETS/FathomNet_FGVC2025/data/rois/2834_9484.png,/home/tahiti/MARINE_DATASETS/FathomNet_FGVC2025/data/images/2834.png,7bd4050d22257382d5eaa0473c70da6fdb84963febe45f2ca938f7e7f1187996,0e06c63fdea70d6f056d1bf89bd8eaca81b7dbe40ac8dd9df1f468343b8353b5,2834,4,train
9555,2870,28,Heterochone calyx,/home/tahiti/MARINE_DATASETS/FathomNet_FGVC2025/data/rois/2870_9555.png,/home/tahiti/MARINE_DATASETS/FathomNet_FGVC2025/data/images/2870.png,5895317cb3d48744f6298e5c3fd53f08ad747719491529409ad55c8ca298dd2f,015b6bfc7b7a7a388f73cadffed53483318c6614cd3bdb8181787a1d75e7aecd,2870,4,train
9557,2870,2,Acanthascinae,/home/tahiti/MARINE_DATASETS/FathomNet_FGVC2025/data/rois/2870_9557.png,/home/tahiti/MARINE_DATASETS/FathomNet_FGVC2025/data/images/2870.png,f053c2c95c208e5c35a96ad8b2983159cae57fadf5cc5ffe6816140020de49b5,015b6bfc7b7a7a388f73cadffed53483318c6614cd3bdb8181787a1d75e7aecd,2870,4,train
9591,2877,29,Heteropolypus ritteri,/home/tahiti/MARINE_DATASETS/FathomNet_FGVC2025/data/rois/2877_9591.png,/home/tahiti/MARINE_DATASETS/FathomNet_FGVC2025/data/images/2877.png,5c15f4c9a96a5ee0a1b329a7b85298c367845fcf092e38c2a242871c0d11280b,c35480c82e38b0b9c60ed7bd98942ad9704559ed1a5fa341480519802dfdd289,2877,4,train
9708,2924,39,Lithodidae,/home/tahiti/MARINE_DATASETS/FathomNet_FGVC2025/data/rois/2924_9708.png,/home/tahiti/MARINE_DATASETS/FathomNet_FGVC2025/data/images/2924.png,e5ca1bc7b2db918b7698279f6090a72f6491aef33d8e7427b18bc3b05e21d150,f8c458b34404e48f4bc9ea8d58965924e760f7c9c6cfd6c4f05f9373ba5481dd,2924,6,train
9715,2927,77,Umbellula,/home/tahiti/MARINE_DATASETS/FathomNet_FGVC2025/data/rois/2927_9715.png,/home/tahiti/MARINE_DATASETS/FathomNet_FGVC2025/data/images/2927.png,f488a4fa38820569d1ede2d0b621e2954607d3b803eb653b0680646bf5da77b8,8ca5c6f9052e42992eef7719acf2d7e7f1d52c0f881a8508b2c325f13faf42fa,2927,1,train
9730,2929,4,Actinernus,/home/tahiti/MARINE_DATASETS/FathomNet_FGVC2025/data/rois/2929_9730.png,/home/tahiti/MARINE_DATASETS/FathomNet_FGVC2025/data/images/2929.png,b902d4ee50812881d2f40b1846864d4f05b3684fcc73d1893db7d2c5559299b5,3c3bc6a5bca8f1d66f2b3372e07192da74c02a6e5bf7750045a22ec3535c9874,2929,6,train
9757,2933,72,Serpulidae,/home/tahiti/MARINE_DATASETS/FathomNet_FGVC2025/data/rois/2933_9757.png,/home/tahiti/MARINE_DATASETS/FathomNet_FGVC2025/data/images/2933.png,3ead6cee9609d1bdc6eb1173d65fa7721028ee378475da5742a26d16e48c1322,505e4296f0cae80c3096283bf7e37e4ee63ec97d7989f567451c34b8268362cd,2933,1,train
9797,2939,36,Isosicyonis,/home/tahiti/MARINE_DATASETS/FathomNet_FGVC2025/data/rois/2939_9797.png,/home/tahiti/MARINE_DATASETS/FathomNet_FGVC2025/data/images/2939.png,d61c4d78460b038a060bb2efd20c6cb1da1f290293b08198117f9d72228d926b,0b79a62a863cc2e3b0132d7a7ae615368b4882274f78e1c4a0e9d473d6903600,2939,2,train
9826,2946,24,Funiculina,/home/tahiti/MARINE_DATASETS/FathomNet_FGVC2025/data/rois/2946_9826.png,/home/tahiti/MARINE_DATASETS/FathomNet_FGVC2025/data/images/2946.png,d1d191714ccf8a821b6ef6c400822cc9f00190035ced33afb727c98e3e1e7e85,ecbbbac399c5e05c8aa9c1e72f8cf9c9ba1868fb18eb38c5422379ef025f60e1,2946,4,train
9841,2946,24,Funiculina,/home/tahiti/MARINE_DATASETS/FathomNet_FGVC2025/data/rois/2946_9841.png,/home/tahiti/MARINE_DATASETS/FathomNet_FGVC2025/data/images/2946.png,2de6807fb0f87334c2d5dabc817f3ef8af22e226a91237d3255be3d4df8a1957,ecbbbac399c5e05c8aa9c1e72f8cf9c9ba1868fb18eb38c5422379ef025f60e1,2946,4,train
9852,2946,24,Funiculina,/home/tahiti/MARINE_DATASETS/FathomNet_FGVC2025/data/rois/2946_9852.png,/home/tahiti/MARINE_DATASETS/FathomNet_FGVC2025/data/images/2946.png,ab59610051ddc8d72f404620993785091859a6e8874bcad5837a4433fbfb271f,ecbbbac399c5e05c8aa9c1e72f8cf9c9ba1868fb18eb38c5422379ef025f60e1,2946,4,train
9865,2949,76,Tunicata,/home/tahiti/MARINE_DATASETS/FathomNet_FGVC2025/data/rois/2949_9865.png,/home/tahiti/MARINE_DATASETS/FathomNet_FGVC2025/data/images/2949.png,ac2e779de9a491d3374a5011f452a430c66a325ba27371ccdf68a8f292ead7b5,677279899e7eb9bf2400056dd380a5a33c1ec6ef722eccd13650d4bd20022f9f,2949,0,train
9869,2949,38,Liponema brevicorne,/home/tahiti/MARINE_DATASETS/FathomNet_FGVC2025/data/rois/2949_9869.png,/home/tahiti/MARINE_DATASETS/FathomNet_FGVC2025/data/images/2949.png,1a1154cd2bb3ef01dfb572c55a3415939d0832d564349f428e7cdbbc47ed5cd6,677279899e7eb9bf2400056dd380a5a33c1ec6ef722eccd13650d4bd20022f9f,2949,0,train
10004,2977,77,Umbellula,/home/tahiti/MARINE_DATASETS/FathomNet_FGVC2025/data/rois/2977_10004.png,/home/tahiti/MARINE_DATASETS/FathomNet_FGVC2025/data/images/2977.png,bb88a051cccc8afbaed6a1112db6309a3859379f2202091c66a9f1e4dd81a77f,a6f25187d683d8dcc1ed3bfd4a66b514ec233138b25e3f54956ed1c5dae1311f,2977,0,train
10014,2981,30,Hexactinellida,/home/tahiti/MARINE_DATASETS/FathomNet_FGVC2025/data/rois/2981_10014.png,/home/tahiti/MARINE_DATASETS/FathomNet_FGVC2025/data/images/2981.png,118e9e12d34a80f38b1ff40e4d8258177d36f9758bc429f9a4d85351f821aef8,4d66d75552a77f3a267506974962a8b674b00657f15abf1b4dc5325ac330bcbb,2981,1,train
10022,2986,55,Paragorgia arborea,/home/tahiti/MARINE_DATASETS/FathomNet_FGVC2025/data/rois/2986_10022.png,/home/tahiti/MARINE_DATASETS/FathomNet_FGVC2025/data/images/2986.png,ee194227886626b627ac0ca22f98c2accb3f715140a956df8ccd3ba7e96934c9,b577f58a11efa175bdd1837d832e3c55e8ac5debc22cb48cf0e8cecf37f31ee8,2986,4,train
10025,2986,55,Paragorgia arborea,/home/tahiti/MARINE_DATASETS/FathomNet_FGVC2025/data/rois/2986_10025.png,/home/tahiti/MARINE_DATASETS/FathomNet_FGVC2025/data/images/2986.png,d9a4b7982a119ed61d17246a341cf48ad405e0a732c8a6f37922734a8543957d,b577f58a11efa175bdd1837d832e3c55e8ac5debc22cb48cf0e8cecf37f31ee8,2986,4,train
10026,2987,32,Holothuroidea,/home/tahiti/MARINE_DATASETS/FathomNet_FGVC2025/data/rois/2987_10026.png,/home/tahiti/MARINE_DATASETS/FathomNet_FGVC2025/data/images/2987.png,ecc2c12e936723e147b18254d3bde45d45ab45c339d5977e65acc2515f8a62b8,d4853f0ea77ef13474e1e3b4376d30d2443d6535dd0bb4476e960794d250931c,2987,0,train
10050,2993,66,Scleractinia,/home/tahiti/MARINE_DATASETS/FathomNet_FGVC2025/data/rois/2993_10050.png,/home/tahiti/MARINE_DATASETS/FathomNet_FGVC2025/data/images/2993.png,f5a2d72fb9ddff8700249e8cf48dd6c39aef92f9da1f8bad37bd49394dcd8c37,3dafc98a937b514a2ed90f8ccb024f7cb22d27670ed2cdb87c692582caac9759,2993,1,train
10088,3003,46,Mycale,/home/tahiti/MARINE_DATASETS/FathomNet_FGVC2025/data/rois/3003_10088.png,/home/tahiti/MARINE_DATASETS/FathomNet_FGVC2025/data/images/3003.png,8cffa9cba66bfe9fbb3c19e357bba9afe619c8ece4e57b583ebf47a52507ab85,dc80dc31571bd292fc645c9e63bc58ede08d886b85fdf0f2487bb6861ef98406,3003,6,train
10089,3003,46,Mycale,/home/tahiti/MARINE_DATASETS/FathomNet_FGVC2025/data/rois/3003_10089.png,/home/tahiti/MARINE_DATASETS/FathomNet_FGVC2025/data/images/3003.png,1f7a91f69578d7048f982c9f7d19d3f9a41fc2fe6fc87e0fc6b12b37db87b7d4,dc80dc31571bd292fc645c9e63bc58ede08d886b85fdf0f2487bb6861ef98406,3003,6,train
10177,3035,27,Heterocarpus,/home/tahiti/MARINE_DATASETS/FathomNet_FGVC2025/data/rois/3035_10177.png,/home/tahiti/MARINE_DATASETS/FathomNet_FGVC2025/data/images/3035.png,06d9b717c5a8b46db3d8d6b50edb7f12eef221ad2549fdac30311beeabb599d9,f00ade101a10bc78cf025f33722b47f4a766adad1dfa10d2a3cc1db415f22de4,3035,1,train
10204,3044,72,Serpulidae,/home/tahiti/MARINE_DATASETS/FathomNet_FGVC2025/data/rois/3044_10204.png,/home/tahiti/MARINE_DATASETS/FathomNet_FGVC2025/data/images/3044.png,c224dba4dd67b1a9ac6ea7ec030139d62a032615a0c66b2cb377be246258c80b,25d4b273853803197af57517857df938fe35f598b1a47f9b4210a17e506b52df,3044,0,train
10213,3044,72,Serpulidae,/home/tahiti/MARINE_DATASETS/FathomNet_FGVC2025/data/rois/3044_10213.png,/home/tahiti/MARINE_DATASETS/FathomNet_FGVC2025/data/images/3044.png,68651c833e41a33ec4839789ff6ff7d02cbecafa481c365ac24f0e75b3258a99,25d4b273853803197af57517857df938fe35f598b1a47f9b4210a17e506b52df,3044,0,train
10218,3044,72,Serpulidae,/home/tahiti/MARINE_DATASETS/FathomNet_FGVC2025/data/rois/3044_10218.png,/home/tahiti/MARINE_DATASETS/FathomNet_FGVC2025/data/images/3044.png,bcf672cb4758137b38c6a00c2c982124789eae1a881b0da10448e6f51174e8ac,25d4b273853803197af57517857df938fe35f598b1a47f9b4210a17e506b52df,3044,0,train
10253,3051,54,Paragorgia,/home/tahiti/MARINE_DATASETS/FathomNet_FGVC2025/data/rois/3051_10253.png,/home/tahiti/MARINE_DATASETS/FathomNet_FGVC2025/data/images/3051.png,74ee0a401c06b9d96fcaced4da6d29031b1368cb54ec4d6a8adfa8e4d19a3605,853e62361873c9d1580d2b0b415d219790568f3e7ec0984ef1934e81048dbcaf,3051,2,train
10260,3053,42,Metridium farcimen,/home/tahiti/MARINE_DATASETS/FathomNet_FGVC2025/data/rois/3053_10260.png,/home/tahiti/MARINE_DATASETS/FathomNet_FGVC2025/data/images/3053.png,96d3f0c63a87fea85a8f382732b8e0c229ada5d8e185d47e8d6df168c7314a3b,74de1196b5ee24829e51b2c7402d7b68e110da82ab2a81a79769942f45ae7ab5,3053,1,train
10305,3063,68,Scotoplanes globosa,/home/tahiti/MARINE_DATASETS/FathomNet_FGVC2025/data/rois/3063_10305.png,/home/tahiti/MARINE_DATASETS/FathomNet_FGVC2025/data/images/3063.png,297cdd8663cea22f5b49738cacc431b6229d9d4a0e1b1d95faa23c13eed66fbe,c0a93b4aaa88590fdf1b164df4178b9d5186e73fc0a316d1090c51f444c4af5d,3063,2,train
10316,3068,46,Mycale,/home/tahiti/MARINE_DATASETS/FathomNet_FGVC2025/data/rois/3068_10316.png,/home/tahiti/MARINE_DATASETS/FathomNet_FGVC2025/data/images/3068.png,fec84c0bc55d40d755af81007227c98a6b6a3c4bc3b5852225cf4e9dc97781cb,4ab15bb58f77f629131175fa98489fedff1315c6ebcf5a67a784d1097f0ef553,3068,6,train
10329,3071,19,Crinoidea,/home/tahiti/MARINE_DATASETS/FathomNet_FGVC2025/data/rois/3071_10329.png,/home/tahiti/MARINE_DATASETS/FathomNet_FGVC2025/data/images/3071.png,cc668e50ddfc1876edf8b6049e391bda6fa5ad36f302dc02c931ebc080e83e46,0210dfd8f7660a18ccff69278db5dbd1d8b2a6275349d1f881f74d051b2d46c6,3071,6,train
10364,3088,19,Crinoidea,/home/tahiti/MARINE_DATASETS/FathomNet_FGVC2025/data/rois/3088_10364.png,/home/tahiti/MARINE_DATASETS/FathomNet_FGVC2025/data/images/3088.png,97fe3db9212d760f0af7015c97f13c4bed152979b1af00b4fd4aafe605908551,01779ee1bbcd5afc66b22221219cb78178542375f368bccd373d5683e6c95338,3088,6,train
10387,3095,41,Merluccius productus,/home/tahiti/MARINE_DATASETS/FathomNet_FGVC2025/data/rois/3095_10387.png,/home/tahiti/MARINE_DATASETS/FathomNet_FGVC2025/data/images/3095.png,e65c5363f73154ed0fe3dcc975638dbddb09ccbf91ef4f7bff0ad0dc767a9331,9cccbea991be1cf4e9f3491721c1dcc923a670f294a0ebc51ee2e855e662661d,3095,6,train
10460,3123,24,Funiculina,/home/tahiti/MARINE_DATASETS/FathomNet_FGVC2025/data/rois/3123_10460.png,/home/tahiti/MARINE_DATASETS/FathomNet_FGVC2025/data/images/3123.png,7990d29d536f99487ef53055d739dbe1961735e591a1691a02b0db7fd972180d,b9c2db5cae245aa5dc5cee66078cb2e859e28f5501ff5a69013c6e8497246ac8,3123,2,train
10489,3141,35,Isididae,/home/tahiti/MARINE_DATASETS/FathomNet_FGVC2025/data/rois/3141_10489.png,/home/tahiti/MARINE_DATASETS/FathomNet_FGVC2025/data/images/3141.png,73feb526cea04a5ccd6abf448a580726c56192c1811f47dbcb85e69572c7e6cb,2bc5098df90bbcc01bd28d6424b9c244c0bb852fe072362eb38c61e094ebdc2c,3141,2,train
10491,3143,50,Paelopatides confundens,/home/tahiti/MARINE_DATASETS/FathomNet_FGVC2025/data/rois/3143_10491.png,/home/tahiti/MARINE_DATASETS/FathomNet_FGVC2025/data/images/3143.png,3cc05448c6e7ce394bd13b19c20683ad73b1ef469baaefe3d268a44926797d9c,3257e61ea43dc792eca6f8f2da6063ada3a112c7884c46d21fb8f5edb814aeac,3143,0,train
10501,3149,29,Heteropolypus ritteri,/home/tahiti/MARINE_DATASETS/FathomNet_FGVC2025/data/rois/3149_10501.png,/home/tahiti/MARINE_DATASETS/FathomNet_FGVC2025/data/images/3149.png,d05b6119ac49e2efc74a886e533fd6ce0755f9e4d4e34035e8d24530e17a19e5,f38326f14984cf0d2cad91ee220f6bd91e7ef8f954faacc801dc285e7d5ed12c,3149,6,train
10527,3167,27,Heterocarpus,/home/tahiti/MARINE_DATASETS/FathomNet_FGVC2025/data/rois/3167_10527.png,/home/tahiti/MARINE_DATASETS/FathomNet_FGVC2025/data/images/3167.png,76783889b61d3f28773e13f95ec2a5d95fb3304b4ab323284d32db4837a0ec62,d262cfc5f03ffeb10a8660f8e493a5b099184d7d53e0c84a463082d6069753f3,3167,0,train
10531,3170,6,Actinopterygii,/home/tahiti/MARINE_DATASETS/FathomNet_FGVC2025/data/rois/3170_10531.png,/home/tahiti/MARINE_DATASETS/FathomNet_FGVC2025/data/images/3170.png,16030447f658982dfd6a75a2e9aabd009a9d1c7c39e2fd4448fb590f9e4e0c8d,9e25bc05f32873e86befa5f8d3f68906d1281f6f9730d23accc5bdfbd068d823,3170,0,train
10533,3170,77,Umbellula,/home/tahiti/MARINE_DATASETS/FathomNet_FGVC2025/data/rois/3170_10533.png,/home/tahiti/MARINE_DATASETS/FathomNet_FGVC2025/data/images/3170.png,f0c5694aae6119ad3b5ec02b8325a4c720132b04d1080889cc19992ec89e173c,9e25bc05f32873e86befa5f8d3f68906d1281f6f9730d23accc5bdfbd068d823,3170,0,train
10541,3170,25,Gastropoda,/home/tahiti/MARINE_DATASETS/FathomNet_FGVC2025/data/rois/3170_10541.png,/home/tahiti/MARINE_DATASETS/FathomNet_FGVC2025/data/images/3170.png,c6632e9dbaa561ac96a62aaddaac7b49c3e4a64534020eb168f76c0ccd9fd812,9e25bc05f32873e86befa5f8d3f68906d1281f6f9730d23accc5bdfbd068d823,3170,0,train
10551,3177,26,Gersemia juliepackardae,/home/tahiti/MARINE_DATASETS/FathomNet_FGVC2025/data/rois/3177_10551.png,/home/tahiti/MARINE_DATASETS/FathomNet_FGVC2025/data/images/3177.png,d32f0c377291ab12e091da81951091531a319979e7f5081c7e43ceb29ffa65bb,33258eb1c6ce6aecd73c143693bffe3f6b11f963044dc71dc389b102339b0979,3177,6,train
10601,3199,34,Isidella tentaculum,/home/tahiti/MARINE_DATASETS/FathomNet_FGVC2025/data/rois/3199_10601.png,/home/tahiti/MARINE_DATASETS/FathomNet_FGVC2025/data/images/3199.png,dbf893477311262fe0776fa5d0bc3fdd9290bea3ac3bc4fc6eb945846463004a,e5028d00456e12b82708a6430d5a9d9283f6d36623241a1a2be6494415b50f93,3199,4,train
10610,3203,47,Octopus rubescens,/home/tahiti/MARINE_DATASETS/FathomNet_FGVC2025/data/rois/3203_10610.png,/home/tahiti/MARINE_DATASETS/FathomNet_FGVC2025/data/images/3203.png,b3c73cda4ec86805fea91e3bd4fbb72e849495540c7d9764c43b2f4dc48961f2,241466cb398456ba67d4ed87d0c778137783d493704027acc3de893c52c34059,3203,4,train
10611,3204,15,Ceriantharia,/home/tahiti/MARINE_DATASETS/FathomNet_FGVC2025/data/rois/3204_10611.png,/home/tahiti/MARINE_DATASETS/FathomNet_FGVC2025/data/images/3204.png,9bd6cf1293d3f187d0bcde3fad29ce041a2cea91da8868790c5cc41b7d8116e0,769b5dada642c7eaafc9d731d9c67796f588385b8613a4255e20e820dfd26ac8,3204,1,train
10651,3215,31,Hippasteria,/home/tahiti/MARINE_DATASETS/FathomNet_FGVC2025/data/rois/3215_10651.png,/home/tahiti/MARINE_DATASETS/FathomNet_FGVC2025/data/images/3215.png,857b69b60780d4fe3667538ed43e764a7ad834b06fa314d9a4a4172bdbb8e57f,36a22a4159ed313dc892b7e9994968fba1b22e07baad726a11313bf07547284b,3215,2,train
10664,3222,55,Paragorgia arborea,/home/tahiti/MARINE_DATASETS/FathomNet_FGVC2025/data/rois/3222_10664.png,/home/tahiti/MARINE_DATASETS/FathomNet_FGVC2025/data/images/3222.png,597418c43e015113890cbc77baab03601df6d6701fd53064b7629aad9dd7c8ab,db3a1e77bfc8b3a967b25ed5bfdf60fcbd9fbb18b489174475da895cf4849c1d,3222,1,train
10673,3224,30,Hexactinellida,/home/tahiti/MARINE_DATASETS/FathomNet_FGVC2025/data/rois/3224_10673.png,/home/tahiti/MARINE_DATASETS/FathomNet_FGVC2025/data/images/3224.png,9996c0b5790fb85761539d24c877b14a467bd20aaa0e5ad91983e4376347cc4f,4735de8e69f88437429dccf8d0b5650f2b71cd4052e47babc89fb206dd515538,3224,4,train
10674,3224,30,Hexactinellida,/home/tahiti/MARINE_DATASETS/FathomNet_FGVC2025/data/rois/3224_10674.png,/home/tahiti/MARINE_DATASETS/FathomNet_FGVC2025/data/images/3224.png,7ed024b951ef37a838a5bc845a710774f98ef82d601c73b9df34ced01a2f2ab2,4735de8e69f88437429dccf8d0b5650f2b71cd4052e47babc89fb206dd515538,3224,4,train
10695,3228,57,Parastenella,/home/tahiti/MARINE_DATASETS/FathomNet_FGVC2025/data/rois/3228_10695.png,/home/tahiti/MARINE_DATASETS/FathomNet_FGVC2025/data/images/3228.png,c254b67a0c4f8ddd61f52e4a479653b8ae9d46db06688f0ad20c2868529e6bf6,86607bfa839dea5dfcbd2149abf24fd02312361d9e34a8d071f8136a85ca8231,3228,4,train
10706,3231,29,Heteropolypus ritteri,/home/tahiti/MARINE_DATASETS/FathomNet_FGVC2025/data/rois/3231_10706.png,/home/tahiti/MARINE_DATASETS/FathomNet_FGVC2025/data/images/3231.png,69464543ee79f9102c45280720db98134d7380db0bd88c711d974baa4a482d6f,c59c285ac3b8345b5f860e60861b2e1dffbd1e59b2c8597a149359241882b940,3231,1,train
10714,3238,68,Scotoplanes globosa,/home/tahiti/MARINE_DATASETS/FathomNet_FGVC2025/data/rois/3238_10714.png,/home/tahiti/MARINE_DATASETS/FathomNet_FGVC2025/data/images/3238.png,cad0bb2bd7c596449f1b64b1981a4cffbbdddae4b7cbc7bac1d0403910858c72,3d2160b85a5498c77160d620c029f51035c8f2b4aaeb4437f7dbf41c29827fa5,3238,0,train
10720,3242,55,Paragorgia arborea,/home/tahiti/MARINE_DATASETS/FathomNet_FGVC2025/data/rois/3242_10720.png,/home/tahiti/MARINE_DATASETS/FathomNet_FGVC2025/data/images/3242.png,b86d21afed7f1281cef33b96be49373da6e8da60c227e8475eaba96ff6f27861,b858aa18dd4cdd13ccad68b8168482f69e49a6d93e4d5e64546b7775653519fc,3242,2,train
10723,3245,34,Isidella tentaculum,/home/tahiti/MARINE_DATASETS/FathomNet_FGVC2025/data/rois/3245_10723.png,/home/tahiti/MARINE_DATASETS/FathomNet_FGVC2025/data/images/3245.png,cf967f30ae39acbae77506b1efc980a54cf3a9e33bfebe4e22e2615022b8482a,2b49caa822d5ced72278204ea95ca24d661cad10e0c969b168134f02bd9246cb,3245,1,train
10741,3254,36,Isosicyonis,/home/tahiti/MARINE_DATASETS/FathomNet_FGVC2025/data/rois/3254_10741.png,/home/tahiti/MARINE_DATASETS/FathomNet_FGVC2025/data/images/3254.png,b958ca5983cce08b160dd49a4bd8ebed84a66c68a363d1466216ead6f13b92f3,bfcba76a45b4dc1f92964dd6846035b72171f0ffaac273d6a65909c5882c151e,3254,6,train
10812,3287,4,Actinernus,/home/tahiti/MARINE_DATASETS/FathomNet_FGVC2025/data/rois/3287_10812.png,/home/tahiti/MARINE_DATASETS/FathomNet_FGVC2025/data/images/3287.png,3f3c278c10b301cfff0f388331514149824fd6f80edebd9046d264864839b176,8f3ba9e31dd8379b0b4057344972ca22fa336c4a30abf7aefbe5f7ab9a1dbc9b,3287,1,train
10896,3318,22,Farrea,/home/tahiti/MARINE_DATASETS/FathomNet_FGVC2025/data/rois/3318_10896.png,/home/tahiti/MARINE_DATASETS/FathomNet_FGVC2025/data/images/3318.png,b4c376450238a18b53e8e738b557c31034eb45ea1315eb75b1ca82273432c981,82b0767aa8861373734f2b7d762a3dbac2e69e7951bda913728fa8f8ff7ecd14,3318,1,train
10952,3347,70,Sebastes diploproa,/home/tahiti/MARINE_DATASETS/FathomNet_FGVC2025/data/rois/3347_10952.png,/home/tahiti/MARINE_DATASETS/FathomNet_FGVC2025/data/images/3347.png,2625245a8d1ba6e3004afc10f66f48128a6614312c44ed57defd1132ac44887e,4c5aaba61df31d2b8d61df5b1b0763a28dbef7036d8651dabbde17f144f48835,3347,4,train
10983,3361,41,Merluccius productus,/home/tahiti/MARINE_DATASETS/FathomNet_FGVC2025/data/rois/3361_10983.png,/home/tahiti/MARINE_DATASETS/FathomNet_FGVC2025/data/images/3361.png,fa7715c7971dff10961c56e45caddbb376aabdaffa8bb923e6f0933672bb62b6,aba9fbcc3827ef60c7ffc08641da0cfe321d624b0c401a30423aa555086c04d3,3361,1,train
10998,3370,41,Merluccius productus,/home/tahiti/MARINE_DATASETS/FathomNet_FGVC2025/data/rois/3370_10998.png,/home/tahiti/MARINE_DATASETS/FathomNet_FGVC2025/data/images/3370.png,4830747fd3425348bc0795d3b8aef4f481b68cbd318d7568553a93ffff5af0a4,49563114a7cee0b8ba006f8bc19dc30c2627f6bb0bfff67881690ee69347983a,3370,4,train
11001,3370,41,Merluccius productus,/home/tahiti/MARINE_DATASETS/FathomNet_FGVC2025/data/rois/3370_11001.png,/home/tahiti/MARINE_DATASETS/FathomNet_FGVC2025/data/images/3370.png,46be2219d259742703d68e2bc06e247ab251287d478c691e4260cabeb4068a19,49563114a7cee0b8ba006f8bc19dc30c2627f6bb0bfff67881690ee69347983a,3370,4,train
11030,3379,56,Paralomis multispina,/home/tahiti/MARINE_DATASETS/FathomNet_FGVC2025/data/rois/3379_11030.png,/home/tahiti/MARINE_DATASETS/FathomNet_FGVC2025/data/images/3379.png,f84c53bce1659737a43560821cb61c63ec188497f4f57f1b4f9ec16e22aeee1f,9d4e16220a783e9c283e07cfaf9deba2e602ac16efa4b2ffd78ff5ab71886cd0,3379,4,train
11036,3381,31,Hippasteria,/home/tahiti/MARINE_DATASETS/FathomNet_FGVC2025/data/rois/3381_11036.png,/home/tahiti/MARINE_DATASETS/FathomNet_FGVC2025/data/images/3381.png,205b192e03392a4842ed55be56a89794e6ca1813efe133f4867ea1c5b769778d,a175cc0c9c238da6ad25e5fcec6ff649b953d61a4ac51b263f46d976ede7ab39,3381,2,train
11081,3401,67,Scotoplanes,/home/tahiti/MARINE_DATASETS/FathomNet_FGVC2025/data/rois/3401_11081.png,/home/tahiti/MARINE_DATASETS/FathomNet_FGVC2025/data/images/3401.png,e56c087beb3b09e79711b7f099ed72a214a99453aa3a42bb1021d3aa8fb5e73d,1a1205aaa5f1b75557c2604397bcf85194b609ffadb3e01e0576521433d8bef5,3401,2,train
11158,3432,45,Munnopsidae,/home/tahiti/MARINE_DATASETS/FathomNet_FGVC2025/data/rois/3432_11158.png,/home/tahiti/MARINE_DATASETS/FathomNet_FGVC2025/data/images/3432.png,53ce322a15c119c1572323c989a7d99367fbc449dc035484b4d967670411f90f,9e523af3efdd9b0ce8bedd3b529e531858bf7b38aeb0d37e01cd4efabe75b927,3432,0,train
11227,3444,79,Zoantharia,/home/tahiti/MARINE_DATASETS/FathomNet_FGVC2025/data/rois/3444_11227.png,/home/tahiti/MARINE_DATASETS/FathomNet_FGVC2025/data/images/3444.png,8af194db60ac36ab57c60e28fbe78260455d24695c245255e3c6691030056de7,a8973d7adc6e6b35f79f38c1b150328b9bc615bcf4ab573e140b709f1ae8ec53,3444,4,train
11307,3460,4,Actinernus,/home/tahiti/MARINE_DATASETS/FathomNet_FGVC2025/data/rois/3460_11307.png,/home/tahiti/MARINE_DATASETS/FathomNet_FGVC2025/data/images/3460.png,24998007c0058dc721d58574f15d8475015220815e8165e06011c1607955c087,1e287b54e65b94b98e28d8ca6a21651ecab459d68a9092c83e1de15a5dad3700,3460,1,train
11315,3464,44,Munidopsis,/home/tahiti/MARINE_DATASETS/FathomNet_FGVC2025/data/rois/3464_11315.png,/home/tahiti/MARINE_DATASETS/FathomNet_FGVC2025/data/images/3464.png,1977dad92e2ec84c45c42fdb652c7c03c8821bfe4f65b8106b06426b43e70a56,e151f56170b3ef33afd63a2751aebaadc698549577e62ecb609152f07d7dfe61,3464,6,train
11332,3471,36,Isosicyonis,/home/tahiti/MARINE_DATASETS/FathomNet_FGVC2025/data/rois/3471_11332.png,/home/tahiti/MARINE_DATASETS/FathomNet_FGVC2025/data/images/3471.png,6248e8a421547cbbcff61c4f4b97f2a09e3b3135e8ca7764d52727972921f4af,df3c6977bfc70270e286803be6ed6df48e28f39d0395dabcacf8cab6e3fe6212,3471,1,train
11353,3482,56,Paralomis multispina,/home/tahiti/MARINE_DATASETS/FathomNet_FGVC2025/data/rois/3482_11353.png,/home/tahiti/MARINE_DATASETS/FathomNet_FGVC2025/data/images/3482.png,0aa8a1147d5f5a756ba363e67c2015fa837d1f86849e5d9dabec4b0c3450ba8b,10181547f489b0ca15e14bbea13a1b918734c723949d3d8b55167f47b5122a11,3482,2,train
11355,3483,34,Isidella tentaculum,/home/tahiti/MARINE_DATASETS/FathomNet_FGVC2025/data/rois/3483_11355.png,/home/tahiti/MARINE_DATASETS/FathomNet_FGVC2025/data/images/3483.png,ad0823c7f02fd07234e184b10f44d8702a437f6386ae58966c49aaddeb987d74,87607cfd3cea7a6db0c31a54139bd9d55464290d97425948c63bb69338d2e2ef,3483,4,train
11388,3494,32,Holothuroidea,/home/tahiti/MARINE_DATASETS/FathomNet_FGVC2025/data/rois/3494_11388.png,/home/tahiti/MARINE_DATASETS/FathomNet_FGVC2025/data/images/3494.png,fc677252a32241c9b3daaa200297e166bee13b755bf3b39b58eb6e0970c2934a,e55108b4b5597c280a4933c1898032adceb229aad850597b90aadcd7b6739b28,3494,4,train
11393,3495,68,Scotoplanes globosa,/home/tahiti/MARINE_DATASETS/FathomNet_FGVC2025/data/rois/3495_11393.png,/home/tahiti/MARINE_DATASETS/FathomNet_FGVC2025/data/images/3495.png,09c8134a732aa22acd2ec7024a29dcb2d19c1fa108d8e78aa1bb224276e350cc,449be44846bc1fd1a5f4fd0feea50940c45e8fed8ca6bfeb7816ab39aebde391,3495,6,train
11422,3512,69,Sebastes,/home/tahiti/MARINE_DATASETS/FathomNet_FGVC2025/data/rois/3512_11422.png,/home/tahiti/MARINE_DATASETS/FathomNet_FGVC2025/data/images/3512.png,297443b242ca49eeb32146bd17c4a37fe1cd61ebd98193a7e310100d8932b6b5,2b94f5033c0bdf1850bf36c3746ab1600d06d5a16b4b00f29e45b58600d9d5f8,3512,6,train
11439,3525,68,Scotoplanes globosa,/home/tahiti/MARINE_DATASETS/FathomNet_FGVC2025/data/rois/3525_11439.png,/home/tahiti/MARINE_DATASETS/FathomNet_FGVC2025/data/images/3525.png,b367510861b2155745bf5fcb57fd3060178d72657ccfeea085e1033072bff8fe,e13d45082b9cbc824e81c9b748627c2432ed5ab0ce0c2a17c69b4b54eacbb9b2,3525,2,train
11454,3534,34,Isidella tentaculum,/home/tahiti/MARINE_DATASETS/FathomNet_FGVC2025/data/rois/3534_11454.png,/home/tahiti/MARINE_DATASETS/FathomNet_FGVC2025/data/images/3534.png,19008545c96dfa5102516b6d337b054032a00753f5df724a32abdb3d16a98b04,4ff70c3e12f9184450d6d0cf7e74deac26963d45ed35ed7e30e4ab33da00b8be,3534,4,train
11476,3546,43,Microstomus pacificus,/home/tahiti/MARINE_DATASETS/FathomNet_FGVC2025/data/rois/3546_11476.png,/home/tahiti/MARINE_DATASETS/FathomNet_FGVC2025/data/images/3546.png,edcdc2027631391a7b09bbccb2d83e5a81751bd8909222b135332eed0daa4834,05e2583815bdd096f6f002c7d61f8c88e4209b7faf5384390ccf3982a1de8082,3546,2,train
11477,3547,14,Caridea,/home/tahiti/MARINE_DATASETS/FathomNet_FGVC2025/data/rois/3547_11477.png,/home/tahiti/MARINE_DATASETS/FathomNet_FGVC2025/data/images/3547.png,179ec8960d8d416d06d72cc9a71781e5308575b0b2b34cf18bac38b37145a176,f7c76ccf68a08967dcd70c0f96d7bb496299183c18220bdbc5e9d86d775754f4,3547,0,train
11486,3552,76,Tunicata,/home/tahiti/MARINE_DATASETS/FathomNet_FGVC2025/data/rois/3552_11486.png,/home/tahiti/MARINE_DATASETS/FathomNet_FGVC2025/data/images/3552.png,f9702beeedca18111e95b6adbe3c1ba044830334ca9eefca4a76660af57d7fc6,3bc7da9ccdca57b193987626142cbf47f0f4faedad2f30aa083a51705a9eed55,3552,1,train
11557,3582,13,Brisingida,/home/tahiti/MARINE_DATASETS/FathomNet_FGVC2025/data/rois/3582_11557.png,/home/tahiti/MARINE_DATASETS/FathomNet_FGVC2025/data/images/3582.png,36f6c1d7669545affbd44ce2d875f32a40c52918d6dd3ec14a81c7737dde93e2,b7d663aea9ab5ad6fd05636b8103513e2ec908420c213a1ff270a5d857ee2245,3582,2,train
11575,3590,29,Heteropolypus ritteri,/home/tahiti/MARINE_DATASETS/FathomNet_FGVC2025/data/rois/3590_11575.png,/home/tahiti/MARINE_DATASETS/FathomNet_FGVC2025/data/images/3590.png,d64b71f05e5c8b7cb9a1e5311c67c5b00ab748298ac5e4c72bf3e5bc3c30ef4c,8fcbf8849c69c77180e6fbbc31a6a45ae91d34ac6bda4db3cc372389275ebcab,3590,6,train
11603,3604,53,Pannychia moseleyi,/home/tahiti/MARINE_DATASETS/FathomNet_FGVC2025/data/rois/3604_11603.png,/home/tahiti/MARINE_DATASETS/FathomNet_FGVC2025/data/images/3604.png,605ed576b02aa925343f7527f19639d74d0c1714cb6c471d4a39c65198aeffbd,e54df0320618f5b5c32d7921434bc3ce10c65ce2f99258a9d4d1b454efe4eb02,3604,2,train
11613,3609,36,Isosicyonis,/home/tahiti/MARINE_DATASETS/FathomNet_FGVC2025/data/rois/3609_11613.png,/home/tahiti/MARINE_DATASETS/FathomNet_FGVC2025/data/images/3609.png,c817d124797e27f0a46f8c670ee567382922bc311b730a4ff1172ffdc502a424,eefcb5d1c91395d06ea2a37df737b358fefeaf89f637371123e9e0d2e61bea90,3609,0,train
11615,3610,67,Scotoplanes,/home/tahiti/MARINE_DATASETS/FathomNet_FGVC2025/data/rois/3610_11615.png,/home/tahiti/MARINE_DATASETS/FathomNet_FGVC2025/data/images/3610.png,7552d96db0e136632b326c2eaf53f3847d5cf91d16e7bdf87801aaa05e77d983,4b1c54fa13f68543c91e0213b10c0045d7455f6908cf6e74fd65a0bf97621c09,3610,2,train
11630,3618,32,Holothuroidea,/home/tahiti/MARINE_DATASETS/FathomNet_FGVC2025/data/rois/3618_11630.png,/home/tahiti/MARINE_DATASETS/FathomNet_FGVC2025/data/images/3618.png,a39bcd9f6ed12415c75acf25c583d30255526119848389f921a529a1e006a759,df53dc62b77420e6362580a014a37697c7c8067ec519ee1ce0c50706c524dc32,3618,0,train
11681,3637,51,Pandalus amplus,/home/tahiti/MARINE_DATASETS/FathomNet_FGVC2025/data/rois/3637_11681.png,/home/tahiti/MARINE_DATASETS/FathomNet_FGVC2025/data/images/3637.png,5d05d4c2334c5bcbfb1d72f3dd8d2a9ea19a6fa17f8d9654d1a2d55f1b878547,fb3c7b418be365064c261595a45672f98b99d3b13fb237465801ef60f385e5ec,3637,1,train
11686,3637,39,Lithodidae,/home/tahiti/MARINE_DATASETS/FathomNet_FGVC2025/data/rois/3637_11686.png,/home/tahiti/MARINE_DATASETS/FathomNet_FGVC2025/data/images/3637.png,08e39e991d02cdbe4e36bde0f662d63be31e1d4f36408d666410b9fd4a01b525,fb3c7b418be365064c261595a45672f98b99d3b13fb237465801ef60f385e5ec,3637,1,train
11721,3649,68,Scotoplanes globosa,/home/tahiti/MARINE_DATASETS/FathomNet_FGVC2025/data/rois/3649_11721.png,/home/tahiti/MARINE_DATASETS/FathomNet_FGVC2025/data/images/3649.png,00dc7de9a5ab4bdfa5b783ba41f8ab7c5babddfd7a620199ce8eec6ba8a35ea1,6e680a596342ca74e6de3e0229991134eed01be0b91e296d0471bcf6a90fcd95,3649,0,train
11729,3655,68,Scotoplanes globosa,/home/tahiti/MARINE_DATASETS/FathomNet_FGVC2025/data/rois/3655_11729.png,/home/tahiti/MARINE_DATASETS/FathomNet_FGVC2025/data/images/3655.png,78fe71222d55853c4196d92aae756240784e0eccef1610882ae4628ccc341dcc,10e32fb53d099cc7afbee7b4f548d69a646d953dfb9c2222ac3b2b06b0ab9225,3655,0,train
11761,3664,42,Metridium farcimen,/home/tahiti/MARINE_DATASETS/FathomNet_FGVC2025/data/rois/3664_11761.png,/home/tahiti/MARINE_DATASETS/FathomNet_FGVC2025/data/images/3664.png,545f3f9e10711e0c178a1dfc868d5af1d2b717d7f0644dd7cba1ecccb3c115ef,cdc9bf92949e398df28957bb267099c1ba0d5bb682798e4c94660c9cdc9763d7,3664,2,train
11782,3675,18,Corallimorphus pilatus,/home/tahiti/MARINE_DATASETS/FathomNet_FGVC2025/data/rois/3675_11782.png,/home/tahiti/MARINE_DATASETS/FathomNet_FGVC2025/data/images/3675.png,f725f576bad994a49e33456d40d69a29aa85c0f305b502fdd633bffe60d04ce5,0506a92cde2d7608df3951b91050d88ef49f88b88f88d22247111c5be3ae0e5c,3675,4,train
11785,3676,29,Heteropolypus ritteri,/home/tahiti/MARINE_DATASETS/FathomNet_FGVC2025/data/rois/3676_11785.png,/home/tahiti/MARINE_DATASETS/FathomNet_FGVC2025/data/images/3676.png,1a066943139ab2947a4e4ba0a9aa018e66eec5da1a920648d3edd157ed6dc9f1,543261554ea3935909babddadfdcb099ec7dfc7e4bb60d37f6fb0f6ceef8aa83,3676,2,train
11802,3684,77,Umbellula,/home/tahiti/MARINE_DATASETS/FathomNet_FGVC2025/data/rois/3684_11802.png,/home/tahiti/MARINE_DATASETS/FathomNet_FGVC2025/data/images/3684.png,a7cb4f4a2df79d217f15a9c46c01e844b01c730db867a592eb366dd3f608845f,b92c14badcd3a4f42129c922898b30ccef46d9d209c020c390926740735d41c1,3684,2,train
11864,3713,51,Pandalus amplus,/home/tahiti/MARINE_DATASETS/FathomNet_FGVC2025/data/rois/3713_11864.png,/home/tahiti/MARINE_DATASETS/FathomNet_FGVC2025/data/images/3713.png,2b6ea57eac23231e06b9ddadf15af0ae0cb5cda857766004323d2afe0a3f5ad7,46a6fdad14da1983017597749be6f027688161cb1686614826d8efb6fe60f6af,3713,6,train
11870,3716,69,Sebastes,/home/tahiti/MARINE_DATASETS/FathomNet_FGVC2025/data/rois/3716_11870.png,/home/tahiti/MARINE_DATASETS/FathomNet_FGVC2025/data/images/3716.png,693f8d3c89d6eb9485ec9df63c1269cc53d1b1103f1b7eb861edb858b3a21317,a04dda467876e154e791d53bec3d34590249e32997ff8d061517396110fe1e42,3716,1,train
11902,3727,26,Gersemia juliepackardae,/home/tahiti/MARINE_DATASETS/FathomNet_FGVC2025/data/rois/3727_11902.png,/home/tahiti/MARINE_DATASETS/FathomNet_FGVC2025/data/images/3727.png,38155f3c9be720f0cec724c9a1dd7c3d604399e6167be30f34bd96394d659f2b,3130ad10c3537bfff84dd7666c4624ac534975bbad1d83da808b19d5efe32a4a,3727,2,train
11919,3729,22,Farrea,/home/tahiti/MARINE_DATASETS/FathomNet_FGVC2025/data/rois/3729_11919.png,/home/tahiti/MARINE_DATASETS/FathomNet_FGVC2025/data/images/3729.png,cafc25e53161f6a783bd557dd4cad5f7fe6526b53ce3249ddab97fa38180e312,4d54ac9bdd74f309911d580fd5a0c0c222185ee84b7e22cac082835f066e2924,3729,0,train
11924,3733,35,Isididae,/home/tahiti/MARINE_DATASETS/FathomNet_FGVC2025/data/rois/3733_11924.png,/home/tahiti/MARINE_DATASETS/FathomNet_FGVC2025/data/images/3733.png,1b963e9c0049dfc0d233c881fce48c8655e2f014f0cd23fbecdb319f912f2786,3fbef4e2de5e42753ae99e80a8f7e670a7931e6dfc129374c2e76a3619bc7efc,3733,1,train
11938,3743,32,Holothuroidea,/home/tahiti/MARINE_DATASETS/FathomNet_FGVC2025/data/rois/3743_11938.png,/home/tahiti/MARINE_DATASETS/FathomNet_FGVC2025/data/images/3743.png,20741b5bd3081f0a3ad490082f48c82ea28c19c146e28d0bd54ece54319519ab,9def23a5a135af49abcd879380a1099ff0576f8758f3d58e5a2c781551708d2e,3743,4,train
11941,3745,17,Chorilia longipes,/home/tahiti/MARINE_DATASETS/FathomNet_FGVC2025/data/rois/3745_11941.png,/home/tahiti/MARINE_DATASETS/FathomNet_FGVC2025/data/images/3745.png,748fe081162159a5fc7190d81fe2a188ab1439443d7a4c5ab2911c25204ea185,f7d9318fadf888cf44616aa701a3b39080ce3b91a246d4e25dda229da2c5c3fb,3745,1,train
11965,3757,68,Scotoplanes globosa,/home/tahiti/MARINE_DATASETS/FathomNet_FGVC2025/data/rois/3757_11965.png,/home/tahiti/MARINE_DATASETS/FathomNet_FGVC2025/data/images/3757.png,1de4697bd67d84e58d187d4389e2fd2000f31c7b38011803d5862388dc2d43c9,033987696dcb70f3efbcd92efc91af15a0cb1273c99648252348891e8969ac79,3757,1,train
11988,3768,68,Scotoplanes globosa,/home/tahiti/MARINE_DATASETS/FathomNet_FGVC2025/data/rois/3768_11988.png,/home/tahiti/MARINE_DATASETS/FathomNet_FGVC2025/data/images/3768.png,383ce61b5b2b6aaefa1206394d150c493a3db2f2ad9999666e8fd98d303132d3,52d9dd4876df107d3072bf08e19a8220a141a57ee6fec9461db119da9258416e,3768,1,train
11997,3772,67,Scotoplanes,/home/tahiti/MARINE_DATASETS/FathomNet_FGVC2025/data/rois/3772_11997.png,/home/tahiti/MARINE_DATASETS/FathomNet_FGVC2025/data/images/3772.png,9fc83354132d7016324ccea097ebbe89e6eda036a27dc5d2a1945b1ebe176f6b,8afac504148f4971168b7bb36e3af85c6d421dfd19a3ea3bade95116d549f335,3772,6,train
12000,3774,19,Crinoidea,/home/tahiti/MARINE_DATASETS/FathomNet_FGVC2025/data/rois/3774_12000.png,/home/tahiti/MARINE_DATASETS/FathomNet_FGVC2025/data/images/3774.png,5a4a11a8754508d8584b695459dad0b764e635e8a9a12b72877cd31ebc7005e3,b51cba0b1805dedba15906fb72265f59cd9fb48b1fb46223882d5e279db21bef,3774,4,train
12025,3786,52,Pandalus platyceros,/home/tahiti/MARINE_DATASETS/FathomNet_FGVC2025/data/rois/3786_12025.png,/home/tahiti/MARINE_DATASETS/FathomNet_FGVC2025/data/images/3786.png,19341b1fa03c839cfd5f43f8a515f94da14bdcc595870256ad9ff9eee6fc04df,17d05f894e33344b340baea6819397029667e256446b9778489745c1ab226336,3786,2,train
12086,3807,6,Actinopterygii,/home/tahiti/MARINE_DATASETS/FathomNet_FGVC2025/data/rois/3807_12086.png,/home/tahiti/MARINE_DATASETS/FathomNet_FGVC2025/data/images/3807.png,7760b9dd353c4a5992259291684e4b69082e23b1b9e27af8eafb708d0baf1e2c,67fb9e516fd85944bb5213e9cea635d01f74db60baebf61e8f12dea6c70db31e,3807,2,train
12094,3813,53,Pannychia moseleyi,/home/tahiti/MARINE_DATASETS/FathomNet_FGVC2025/data/rois/3813_12094.png,/home/tahiti/MARINE_DATASETS/FathomNet_FGVC2025/data/images/3813.png,55b79fb29491cb12a95ac5075e7cf82c544e1f934559f24a498f56e0ebdeeb0f,2c641428d553bceca6f279068d714d246481b9da605dc3b559c234dce76a3903,3813,6,train
12158,3843,53,Pannychia moseleyi,/home/tahiti/MARINE_DATASETS/FathomNet_FGVC2025/data/rois/3843_12158.png,/home/tahiti/MARINE_DATASETS/FathomNet_FGVC2025/data/images/3843.png,0a2296298cd70b926d8c6f8cea9deecf71f538c4bfd084afedfc955b3304b38a,34307929b2d0aefdf8ffc0ccfa45897df0e73d836ecaa834109aec151f1161ad,3843,1,train
12161,3843,53,Pannychia moseleyi,/home/tahiti/MARINE_DATASETS/FathomNet_FGVC2025/data/rois/3843_12161.png,/home/tahiti/MARINE_DATASETS/FathomNet_FGVC2025/data/images/3843.png,9793e0a1ef8ef8fa155f4d1b268414cdab50691374945481d822422bfea44848,34307929b2d0aefdf8ffc0ccfa45897df0e73d836ecaa834109aec151f1161ad,3843,1,train
12237,3858,31,Hippasteria,/home/tahiti/MARINE_DATASETS/FathomNet_FGVC2025/data/rois/3858_12237.png,/home/tahiti/MARINE_DATASETS/FathomNet_FGVC2025/data/images/3858.png,6b2a48a9c58dadbcecd8cf32d9a348243de3ace4fb9fc31def9d587ecbb70b06,c5f58612da1811e22cfad27a7ac686462772d4ca8c77fb44d9548519d25e226a,3858,6,train
12240,3861,40,Mediaster aequalis,/home/tahiti/MARINE_DATASETS/FathomNet_FGVC2025/data/rois/3861_12240.png,/home/tahiti/MARINE_DATASETS/FathomNet_FGVC2025/data/images/3861.png,c7e80ea2263601f1a9649bc1cbb3e1410c328b00af0a7fc746a59547aa3a33cf,3830ae3f7b3a4fd04463429ea056d1ef8abeb33b23e97eef36e1a93baa28d472,3861,2,train
12279,3874,10,Asbestopluma monticola,/home/tahiti/MARINE_DATASETS/FathomNet_FGVC2025/data/rois/3874_12279.png,/home/tahiti/MARINE_DATASETS/FathomNet_FGVC2025/data/images/3874.png,59f9f7e18d88321372acc2f794f6b622215ea7622c506e0a86134bf6791dea04,6acbcf8c2b792be52c9bbaf46afbf57f15af8d0d2b183cef2610f03c2ea5f2d4,3874,1,train
12390,3906,24,Funiculina,/home/tahiti/MARINE_DATASETS/FathomNet_FGVC2025/data/rois/3906_12390.png,/home/tahiti/MARINE_DATASETS/FathomNet_FGVC2025/data/images/3906.png,1267940ba8b08c34a01e3526b48c3b004e46b6164625c6bef7e4621e42a34db2,442606ae37b0e205b262afc395b1b334b1284d8140c1fae6917b406341ce29d7,3906,4,train
12408,3913,59,Pennatula phosphorea,/home/tahiti/MARINE_DATASETS/FathomNet_FGVC2025/data/rois/3913_12408.png,/home/tahiti/MARINE_DATASETS/FathomNet_FGVC2025/data/images/3913.png,a20e9b3776ed698010e4a35e5677ace5fbf4855be1e7aa2c94bee9cc67a848ec,bf81c16328ab17ab773af73e7f5abb83f71737dc03f0a1f4fa0092a1b0988160,3913,4,train
12412,3915,29,Heteropolypus ritteri,/home/tahiti/MARINE_DATASETS/FathomNet_FGVC2025/data/rois/3915_12412.png,/home/tahiti/MARINE_DATASETS/FathomNet_FGVC2025/data/images/3915.png,07ad47594862788153f3b7ee397654975e7edd15c746a2fd6726fb9cea04b7de,daaed965cd4f7e1eefa9c18b804e19a6c51b2e4df1d7bf87a29c98f1bd32f07b,3915,2,train
12417,3916,47,Octopus rubescens,/home/tahiti/MARINE_DATASETS/FathomNet_FGVC2025/data/rois/3916_12417.png,/home/tahiti/MARINE_DATASETS/FathomNet_FGVC2025/data/images/3916.png,f2193c3232770b28d590964ea0a5b6d833cdcf1522f2716e4b2e52e37c749273,d81f759947da46513d47f2cfc9100516a9e8c0321923d0263c609d65d4ade4ad,3916,4,train
12455,3932,36,Isosicyonis,/home/tahiti/MARINE_DATASETS/FathomNet_FGVC2025/data/rois/3932_12455.png,/home/tahiti/MARINE_DATASETS/FathomNet_FGVC2025/data/images/3932.png,24fd9982fede6e721b97b87e49ab89f032d3f46dce59919d5e932d16f27b0e67,555983d3e7ad8674ce8cd3d4f366ff12575979137d380f4eb47513ea5818c037,3932,1,train
12583,3981,47,Octopus rubescens,/home/tahiti/MARINE_DATASETS/FathomNet_FGVC2025/data/rois/3981_12583.png,/home/tahiti/MARINE_DATASETS/FathomNet_FGVC2025/data/images/3981.png,558372cf159d66835d34b09e1426ad7bb1784b405a864ebb2b1cbc78866ed43f,664f70caabe0d23f7ffe96b9f13d93f3362c2e01b1d7446280af2871c51de855,3981,6,train
12594,3981,47,Octopus rubescens,/home/tahiti/MARINE_DATASETS/FathomNet_FGVC2025/data/rois/3981_12594.png,/home/tahiti/MARINE_DATASETS/FathomNet_FGVC2025/data/images/3981.png,69c4dd615efc2cecc07f3d15352b24f66442bcc7128ff1c6568bb367236b2512,664f70caabe0d23f7ffe96b9f13d93f3362c2e01b1d7446280af2871c51de855,3981,6,train
12598,3981,47,Octopus rubescens,/home/tahiti/MARINE_DATASETS/FathomNet_FGVC2025/data/rois/3981_12598.png,/home/tahiti/MARINE_DATASETS/FathomNet_FGVC2025/data/images/3981.png,8957e486a6991cc6d3a6ed2d421f6f0fd9d86fea1284399af077538958cadd1f,664f70caabe0d23f7ffe96b9f13d93f3362c2e01b1d7446280af2871c51de855,3981,6,train
12625,3995,22,Farrea,/home/tahiti/MARINE_DATASETS/FathomNet_FGVC2025/data/rois/3995_12625.png,/home/tahiti/MARINE_DATASETS/FathomNet_FGVC2025/data/images/3995.png,e31a8bb2965565c50e0c390b5ed7899184710092c853957f7bd20339de82d26e,1c5d3a8d315c131bfaeea77b35fb95abbff0c519bd243149a0a422d27ed028b0,3995,6,train
12637,4000,52,Pandalus platyceros,/home/tahiti/MARINE_DATASETS/FathomNet_FGVC2025/data/rois/4000_12637.png,/home/tahiti/MARINE_DATASETS/FathomNet_FGVC2025/data/images/4000.png,7fe8fe7a49732a94c65fc94bdc4e458b1cc1f095a27fb349049b0a3d7685e6db,25c546aecb75f772404ac7a63d80ff2d1ab142b8dcc9f6224c8725de917cecbf,4000,0,train
12664,4016,69,Sebastes,/home/tahiti/MARINE_DATASETS/FathomNet_FGVC2025/data/rois/4016_12664.png,/home/tahiti/MARINE_DATASETS/FathomNet_FGVC2025/data/images/4016.png,929e9b938a2304b4a1c7f2dda4a18c3fe1497a8d2d9e47d3607814ba904f5fe4,a553d1e00fa3a92b99db8ec9301cf0c85609773fcd31e21af910c9c392716282,4016,2,train
12775,4064,40,Mediaster aequalis,/home/tahiti/MARINE_DATASETS/FathomNet_FGVC2025/data/rois/4064_12775.png,/home/tahiti/MARINE_DATASETS/FathomNet_FGVC2025/data/images/4064.png,ff6286bb12f53c577e269d0efdc61320242892a7ff207adc8c330af67aa20eb7,093d2a44477e3e5f5ee7172efab9cc8bff5ee6ab9f0350ef152824921aa7adcb,4064,4,train
12807,4080,43,Microstomus pacificus,/home/tahiti/MARINE_DATASETS/FathomNet_FGVC2025/data/rois/4080_12807.png,/home/tahiti/MARINE_DATASETS/FathomNet_FGVC2025/data/images/4080.png,73f5cafc8077acc47eddad677f7e88e270635a76b5b427532478d434ff0d4e42,3675b27151af82dcd9f28258be7d5da205f4bb2bc49c59e15e69bb50ecb1b1f0,4080,2,train
12826,4090,17,Chorilia longipes,/home/tahiti/MARINE_DATASETS/FathomNet_FGVC2025/data/rois/4090_12826.png,/home/tahiti/MARINE_DATASETS/FathomNet_FGVC2025/data/images/4090.png,7344f5b98cc45e0dfc576c120f6ce2ec6a782b6e5f2b92218f7545cdfcd26b0a,b1db7608c4c0ae7dd31fb0f14fa3ba914c2bb5cc0dc55ee7cdd4b6e1fad53601,4090,4,train
12829,4090,17,Chorilia longipes,/home/tahiti/MARINE_DATASETS/FathomNet_FGVC2025/data/rois/4090_12829.png,/home/tahiti/MARINE_DATASETS/FathomNet_FGVC2025/data/images/4090.png,a6b2a84dda35d52e65ca48352aaca99a926b16c1af34465bbd86061dac07fe2e,b1db7608c4c0ae7dd31fb0f14fa3ba914c2bb5cc0dc55ee7cdd4b6e1fad53601,4090,4,train
12834,4091,22,Farrea,/home/tahiti/MARINE_DATASETS/FathomNet_FGVC2025/data/rois/4091_12834.png,/home/tahiti/MARINE_DATASETS/FathomNet_FGVC2025/data/images/4091.png,2af413b7c000082622877a136254933bb26f2329c67afb421b304091e918a0e5,b72505e4b0ee4eb819c579358a78777cd66e6c97d80583045028b77dc43b95c9,4091,0,train
12841,4097,45,Munnopsidae,/home/tahiti/MARINE_DATASETS/FathomNet_FGVC2025/data/rois/4097_12841.png,/home/tahiti/MARINE_DATASETS/FathomNet_FGVC2025/data/images/4097.png,3f90ad75439cfe33e56e165d55d587b966b13ae9fcfd8a14295c0426738def1f,72757aa78cb73c1cd11aa94bf09bcb3b32f88e7d94d4a670410b6ab727bb12da,4097,0,train
12850,4101,53,Pannychia moseleyi,/home/tahiti/MARINE_DATASETS/FathomNet_FGVC2025/data/rois/4101_12850.png,/home/tahiti/MARINE_DATASETS/FathomNet_FGVC2025/data/images/4101.png,0cd038d3554aa7af51a2aff581854f228dd98d309730ac662da8eb6101016dda,56640d88b656245c7cb99acddc2aca59bbece27a207301f6ce88776c844c1e1e,4101,1,train
12885,4117,64,Pyrosoma atlanticum,/home/tahiti/MARINE_DATASETS/FathomNet_FGVC2025/data/rois/4117_12885.png,/home/tahiti/MARINE_DATASETS/FathomNet_FGVC2025/data/images/4117.png,c276129fcbe4739405dbb0c0d86a0bd927200f56a1d692acded350fa61397144,52af252a3a3db140705942b5269b163a6e349e2fa63a39495482770c31ca0384,4117,1,train
12932,4132,36,Isosicyonis,/home/tahiti/MARINE_DATASETS/FathomNet_FGVC2025/data/rois/4132_12932.png,/home/tahiti/MARINE_DATASETS/FathomNet_FGVC2025/data/images/4132.png,1fc837564484d5b2acafa8b5d9fe08e430e4553d77bb161acc81524635b5082e,cca2a1ca36d56ce8cd2f8166805d1ebd967ff6ec979f9885a92d0598dc222015,4132,1,train
12943,4134,54,Paragorgia,/home/tahiti/MARINE_DATASETS/FathomNet_FGVC2025/data/rois/4134_12943.png,/home/tahiti/MARINE_DATASETS/FathomNet_FGVC2025/data/images/4134.png,3edf3094302fcc9fdd75b5ee3de3b537daa1f639be1a0c18e11ef738dcf4cbe9,ebde639799d629a1fa88cc2ffcaa7d177a8c8648406f4ce3669a1b48a47b2311,4134,2,train
12977,4154,2,Acanthascinae,/home/tahiti/MARINE_DATASETS/FathomNet_FGVC2025/data/rois/4154_12977.png,/home/tahiti/MARINE_DATASETS/FathomNet_FGVC2025/data/images/4154.png,fde7fe0bf4c45f1f6d636ea4fae1a92528b071ca6993bb1bd6efe264d3e4a8a2,dcf3c566b6b1cbe7e12847248d7e73ba06e7e407a2b3c6373b953fe767a0b3af,4154,2,train
12984,4154,17,Chorilia longipes,/home/tahiti/MARINE_DATASETS/FathomNet_FGVC2025/data/rois/4154_12984.png,/home/tahiti/MARINE_DATASETS/FathomNet_FGVC2025/data/images/4154.png,58b6438889f9cbe46487f1517bc32f9951271519c412949d169ea7e660bcf76f,dcf3c566b6b1cbe7e12847248d7e73ba06e7e407a2b3c6373b953fe767a0b3af,4154,2,train
13011,4166,19,Crinoidea,/home/tahiti/MARINE_DATASETS/FathomNet_FGVC2025/data/rois/4166_13011.png,/home/tahiti/MARINE_DATASETS/FathomNet_FGVC2025/data/images/4166.png,95f87ad63eabdabead58839a16612cc5b30c64024b466110ca24285c7015a7b7,50de3747835be42b2fb2ff4f3172c2a63ebe882675d1a213da757285f7c08287,4166,2,train
13023,4172,23,Florometra serratissima,/home/tahiti/MARINE_DATASETS/FathomNet_FGVC2025/data/rois/4172_13023.png,/home/tahiti/MARINE_DATASETS/FathomNet_FGVC2025/data/images/4172.png,37870c0bd0ec133c3d47d26613180e776e99cd927af66d997c2cae7cccf704e0,e67af269ca651be2c93bff266080b8d3ca2c6f5cf70a374b1d0c2881c68ec82e,4172,0,train
13025,4173,47,Octopus rubescens,/home/tahiti/MARINE_DATASETS/FathomNet_FGVC2025/data/rois/4173_13025.png,/home/tahiti/MARINE_DATASETS/FathomNet_FGVC2025/data/images/4173.png,7427b7f265e014369136888d2285f9ca6eef676b342a9aa2abd819ccc33e4bc6,0ed549a450a6418e1550fe8064cd3997b0ab591b91a0976ff8a67a67beaf3093,4173,4,train
13063,4190,15,Ceriantharia,/home/tahiti/MARINE_DATASETS/FathomNet_FGVC2025/data/rois/4190_13063.png,/home/tahiti/MARINE_DATASETS/FathomNet_FGVC2025/data/images/4190.png,906c6c5d85873aef9f8914ae6e10fee8017379d49421511c691d6bc2911623f2,da686cc9c61540ed9a622f5298dc08748faa457112d4fa8c371c2f4827ae99c5,4190,4,train
13070,4193,22,Farrea,/home/tahiti/MARINE_DATASETS/FathomNet_FGVC2025/data/rois/4193_13070.png,/home/tahiti/MARINE_DATASETS/FathomNet_FGVC2025/data/images/4193.png,37b253d2c93627735929d2656fb3e0ec104c2e6045bf7e56628496a0b3138d80,e03df2a2e860a4295bed67644e6f8716425a92ed5b44ffd608246497f664d5b4,4193,4,train
13124,4208,38,Liponema brevicorne,/home/tahiti/MARINE_DATASETS/FathomNet_FGVC2025/data/rois/4208_13124.png,/home/tahiti/MARINE_DATASETS/FathomNet_FGVC2025/data/images/4208.png,043936c682169790505943c8007cce2b5f0fa12a08212d6c91539af5117e06e1,907c7af9a4fa94c8d997c3f391d886a7347ba3e0b6e257b69ff083741cc273b6,4208,1,train
13204,4232,64,Pyrosoma atlanticum,/home/tahiti/MARINE_DATASETS/FathomNet_FGVC2025/data/rois/4232_13204.png,/home/tahiti/MARINE_DATASETS/FathomNet_FGVC2025/data/images/4232.png,0b69576b9ffe7aaaad9ec1107854421ec65273877cfd20f8bbf2546f539de8d0,b2815b0287b91b3d0e02c42f694a8ddb3394de0f3d00380f7286a4a2bf09b8ca,4232,2,train
13205,4232,64,Pyrosoma atlanticum,/home/tahiti/MARINE_DATASETS/FathomNet_FGVC2025/data/rois/4232_13205.png,/home/tahiti/MARINE_DATASETS/FathomNet_FGVC2025/data/images/4232.png,65c0e7581ddc457ffc1fa0491d739191d1279ec47f8d214d5e2da9d5fc3e5c00,b2815b0287b91b3d0e02c42f694a8ddb3394de0f3d00380f7286a4a2bf09b8ca,4232,2,train
13219,4232,64,Pyrosoma atlanticum,/home/tahiti/MARINE_DATASETS/FathomNet_FGVC2025/data/rois/4232_13219.png,/home/tahiti/MARINE_DATASETS/FathomNet_FGVC2025/data/images/4232.png,5d1c4e015ea6b7f428965f75d46b3b45ee1cb2541cad3a90f13f11142c4ac435,b2815b0287b91b3d0e02c42f694a8ddb3394de0f3d00380f7286a4a2bf09b8ca,4232,2,train
13224,4232,64,Pyrosoma atlanticum,/home/tahiti/MARINE_DATASETS/FathomNet_FGVC2025/data/rois/4232_13224.png,/home/tahiti/MARINE_DATASETS/FathomNet_FGVC2025/data/images/4232.png,864a6b85444ce79f51caaae9c2928cfa642df10d73bd33143311e901618add14,b2815b0287b91b3d0e02c42f694a8ddb3394de0f3d00380f7286a4a2bf09b8ca,4232,2,train
13277,4254,50,Paelopatides confundens,/home/tahiti/MARINE_DATASETS/FathomNet_FGVC2025/data/rois/4254_13277.png,/home/tahiti/MARINE_DATASETS/FathomNet_FGVC2025/data/images/4254.png,ada87352c059ea750e16a0762a57a24860b67f366d811eba568077d4a0992921,7937fdff1f92afb5617ece0e2438c7949078e8e72cb01ff12a35e141ad8bd4d1,4254,2,train
13328,4274,23,Florometra serratissima,/home/tahiti/MARINE_DATASETS/FathomNet_FGVC2025/data/rois/4274_13328.png,/home/tahiti/MARINE_DATASETS/FathomNet_FGVC2025/data/images/4274.png,d1976bcb5e45a3fba4eb2fcf546bc6a89f70d0e426a735d4564baf64224873dc,52db6192c7e2dde0ed500224cb6fa3b16e812db5d873b296494c537d5017b18e,4274,4,train
13337,4274,23,Florometra serratissima,/home/tahiti/MARINE_DATASETS/FathomNet_FGVC2025/data/rois/4274_13337.png,/home/tahiti/MARINE_DATASETS/FathomNet_FGVC2025/data/images/4274.png,e690ab5fdd621e578012ff5c0e706cc8cfb7a090939e6b858e42fedcedb2f2e9,52db6192c7e2dde0ed500224cb6fa3b16e812db5d873b296494c537d5017b18e,4274,4,train
13372,4292,32,Holothuroidea,/home/tahiti/MARINE_DATASETS/FathomNet_FGVC2025/data/rois/4292_13372.png,/home/tahiti/MARINE_DATASETS/FathomNet_FGVC2025/data/images/4292.png,633b0661f2bd8352cb2ebc76467504fa4e1884fca0e2b983c8c2e5ceca9d86ee,516fc897198c7b6c914c569798e63a3127087005f4320cd4851275899f9f9ad8,4292,2,train
13375,4293,45,Munnopsidae,/home/tahiti/MARINE_DATASETS/FathomNet_FGVC2025/data/rois/4293_13375.png,/home/tahiti/MARINE_DATASETS/FathomNet_FGVC2025/data/images/4293.png,cfd31ef475bbcf16786a8e88f77d11032d9b4cf67e101f2f4dd6840d734f0235,e6255be6c0d3beca3fe6ef6c537a3c24bfabaa01811c4cc68c4eeaf990ed2b21,4293,0,train
13383,4294,79,Zoantharia,/home/tahiti/MARINE_DATASETS/FathomNet_FGVC2025/data/rois/4294_13383.png,/home/tahiti/MARINE_DATASETS/FathomNet_FGVC2025/data/images/4294.png,db7b78c0b15120656fb17060688d2e74ffb780a1bba4f774de492594cd43d59a,c407525074ad8a08c1be997ca4cfde4c870dc3f21e2a4c305f0c1839810f6dd5,4294,1,train
13435,4323,35,Isididae,/home/tahiti/MARINE_DATASETS/FathomNet_FGVC2025/data/rois/4323_13435.png,/home/tahiti/MARINE_DATASETS/FathomNet_FGVC2025/data/images/4323.png,987acfbfff511df33acd40c6d8ac0edeb85f5b950adfba83382e95ffb8e6397f,c85ce6123ec67605b0c858999621a1fd23286431a2fb172f63d946aedeff51bb,4323,2,train
13467,4340,78,Vesicomyidae,/home/tahiti/MARINE_DATASETS/FathomNet_FGVC2025/data/rois/4340_13467.png,/home/tahiti/MARINE_DATASETS/FathomNet_FGVC2025/data/images/4340.png,3f13d6451d66605bdb62ab39b599d2abfffd04e1fa2c79f37c2ebd817106037a,84d2d4d29bcade133f72b3f9a02c36a2f61973e87b2de3c3953fb0092259942e,4340,6,train
13577,4371,10,Asbestopluma monticola,/home/tahiti/MARINE_DATASETS/FathomNet_FGVC2025/data/rois/4371_13577.png,/home/tahiti/MARINE_DATASETS/FathomNet_FGVC2025/data/images/4371.png,7c8042b9d987ad8947525424cb834c1a41aeed8ba6f075339bd0e3607523117c,e7ab79d0eb1d1dbe649e11064e70df91632d084d4af681a75bd07cb9a2dd3627,4371,6,train
13608,4386,9,Asbestopluma,/home/tahiti/MARINE_DATASETS/FathomNet_FGVC2025/data/rois/4386_13608.png,/home/tahiti/MARINE_DATASETS/FathomNet_FGVC2025/data/images/4386.png,1e243d1f03d90e8a7257036e29281cfe3862cd378d35470d5bf941e5e715366b,3a7cc09b7d3bb7ae46318e1d188eb0af985cca5d5d5a16a5b89bb067cbebbed0,4386,0,train
13632,4398,77,Umbellula,/home/tahiti/MARINE_DATASETS/FathomNet_FGVC2025/data/rois/4398_13632.png,/home/tahiti/MARINE_DATASETS/FathomNet_FGVC2025/data/images/4398.png,2f38ebf27887a7315970a0d68b7bb94bdbb3439d2d432fd6e99fe0bd047bd669,85677288521cc328fffacf410971c66ee0fb578074a89dc878dc1b50990a4b9d,4398,6,train
13638,4403,31,Hippasteria,/home/tahiti/MARINE_DATASETS/FathomNet_FGVC2025/data/rois/4403_13638.png,/home/tahiti/MARINE_DATASETS/FathomNet_FGVC2025/data/images/4403.png,9922fd2906117e560dccab310573e6137f45f5591dc42ce748c863b872e11452,c000b065b40efa4dad5e633f5bd629fb4822d776d3809d28f018c9762e5368f8,4403,0,train
13651,4409,14,Caridea,/home/tahiti/MARINE_DATASETS/FathomNet_FGVC2025/data/rois/4409_13651.png,/home/tahiti/MARINE_DATASETS/FathomNet_FGVC2025/data/images/4409.png,687d8d3cddb164c859a08627090ede415fe4608ce892d23c45a3e7250df3018c,49f06ca074755ae6b25f2c6e76195ae12a869b90a4b212a52f21060fd80d4a70,4409,0,train
13719,4436,54,Paragorgia,/home/tahiti/MARINE_DATASETS/FathomNet_FGVC2025/data/rois/4436_13719.png,/home/tahiti/MARINE_DATASETS/FathomNet_FGVC2025/data/images/4436.png,850a34220e83ec4a53f5dbf75b01d55dd8b4a087cdc0d81368c963190fd783cc,9665bac0ff2209e2d57b4c5bae21f61ceb93f3951a4b77fb103a278f636c2380,4436,1,train
13727,4441,47,Octopus rubescens,/home/tahiti/MARINE_DATASETS/FathomNet_FGVC2025/data/rois/4441_13727.png,/home/tahiti/MARINE_DATASETS/FathomNet_FGVC2025/data/images/4441.png,063d28a66e878c615b0b6accc661fa7de6f6b97adef0bbdf81d82479b02db816,21c87134323201cdc7241d95fd8d88dd275ba943e7fbaf56abf0c58051bfc735,4441,4,train
13729,4443,22,Farrea,/home/tahiti/MARINE_DATASETS/FathomNet_FGVC2025/data/rois/4443_13729.png,/home/tahiti/MARINE_DATASETS/FathomNet_FGVC2025/data/images/4443.png,a1e597d47022629c556c095b32e1f7c8769b8f537e093e7be63e9d2860ad9ce7,929f4da822ba3f88036b81924c7c05dccbc791056a2e4fd635460faf84c4a054,4443,0,train
13739,4444,56,Paralomis multispina,/home/tahiti/MARINE_DATASETS/FathomNet_FGVC2025/data/rois/4444_13739.png,/home/tahiti/MARINE_DATASETS/FathomNet_FGVC2025/data/images/4444.png,50f053c22f16e3866e00b32b66b38d1ae3487ff13cb4facccf3a312205eea9f4,23a269ab326b985cf0cb6d8bdc326efe96803d610237ff77cf7a849515e2a3b2,4444,4,train
13742,4444,56,Paralomis multispina,/home/tahiti/MARINE_DATASETS/FathomNet_FGVC2025/data/rois/4444_13742.png,/home/tahiti/MARINE_DATASETS/FathomNet_FGVC2025/data/images/4444.png,bdcc4e0cabf080f1ca4923a31c8219154e51e89538d8a70c124b827b284bdee5,23a269ab326b985cf0cb6d8bdc326efe96803d610237ff77cf7a849515e2a3b2,4444,4,train
13819,4471,42,Metridium farcimen,/home/tahiti/MARINE_DATASETS/FathomNet_FGVC2025/data/rois/4471_13819.png,/home/tahiti/MARINE_DATASETS/FathomNet_FGVC2025/data/images/4471.png,c8fbb5196fdd847fa866f67920f5947cf95b8824aeca8a859f68f7ddc5c51528,c12fc575a2171f11cc5a9b4127deea507f4d13e2f5928861e0c5953b87e3a198,4471,2,train
13860,4489,69,Sebastes,/home/tahiti/MARINE_DATASETS/FathomNet_FGVC2025/data/rois/4489_13860.png,/home/tahiti/MARINE_DATASETS/FathomNet_FGVC2025/data/images/4489.png,e543846cc9ebd5cbe8b1859daf531e35c02804111b8bd2ec59f37141085fa9a2,af570866f8f7c064d8343420c3a7775a56f3f7b817b1a300355384b42a3bbaa1,4489,6,train
13865,4493,1,Abyssocucumis abyssorum,/home/tahiti/MARINE_DATASETS/FathomNet_FGVC2025/data/rois/4493_13865.png,/home/tahiti/MARINE_DATASETS/FathomNet_FGVC2025/data/images/4493.png,17ad0fd0567826436783ea9c2d3525dfef7232072d88b444498875499b43c720,98811c810997db838e77f6ad246b17adf48ad21d62f165319b38a69746570861,4493,6,train
13881,4502,43,Microstomus pacificus,/home/tahiti/MARINE_DATASETS/FathomNet_FGVC2025/data/rois/4502_13881.png,/home/tahiti/MARINE_DATASETS/FathomNet_FGVC2025/data/images/4502.png,88b5bfafc451482ccdf8901b641f7925db5a79efdc7297d3a79c7631d5e4c2a6,c390dc5cb489079fbea11c71be967b5e7649c78b69e058f15399701abb3c5dcc,4502,2,train
13920,4520,36,Isosicyonis,/home/tahiti/MARINE_DATASETS/FathomNet_FGVC2025/data/rois/4520_13920.png,/home/tahiti/MARINE_DATASETS/FathomNet_FGVC2025/data/images/4520.png,900dff4d9273b5c458b3d1068db4d185dcb8ac851e988cb37992a7935dea3e17,309a98da97a1519d0388ab77351a2afcec50052c2a9c19150abb5f8b9047558b,4520,2,train
13934,4526,76,Tunicata,/home/tahiti/MARINE_DATASETS/FathomNet_FGVC2025/data/rois/4526_13934.png,/home/tahiti/MARINE_DATASETS/FathomNet_FGVC2025/data/images/4526.png,4e9aaa43f68a3f42b64c5a7742f23390acc20edf295ace8b17d1aea4557e4ac1,0d240ff55fffe14b3fd045be8a5e89f6f7a3f81c8dc3c2166c0f1d66dc6657e7,4526,6,train
13940,4526,76,Tunicata,/home/tahiti/MARINE_DATASETS/FathomNet_FGVC2025/data/rois/4526_13940.png,/home/tahiti/MARINE_DATASETS/FathomNet_FGVC2025/data/images/4526.png,341cdc8759e9e8b52d868dfb6251ce300b0dda0546de6c860fd43fa27634504f,0d240ff55fffe14b3fd045be8a5e89f6f7a3f81c8dc3c2166c0f1d66dc6657e7,4526,6,train
13966,4535,14,Caridea,/home/tahiti/MARINE_DATASETS/FathomNet_FGVC2025/data/rois/4535_13966.png,/home/tahiti/MARINE_DATASETS/FathomNet_FGVC2025/data/images/4535.png,3acf1d2861631ebce0c43d79df47f348f69f95eb8cdaf77f1707c8b70d9de6ad,86048cc5ee79c68a341e0ccc310f591267e088c1e19b7544bfbe3d17b65ed0f7,4535,6,train
14043,4560,54,Paragorgia,/home/tahiti/MARINE_DATASETS/FathomNet_FGVC2025/data/rois/4560_14043.png,/home/tahiti/MARINE_DATASETS/FathomNet_FGVC2025/data/images/4560.png,ff217236a81b45c90853ec54ceee7206235e5718916752ca2e10bd8622bd226b,68abbf076b868ab84c1a7ac1efc3e6e8a74e4342f415136fdd97492b0aa5073a,4560,6,train
14066,4564,50,Paelopatides confundens,/home/tahiti/MARINE_DATASETS/FathomNet_FGVC2025/data/rois/4564_14066.png,/home/tahiti/MARINE_DATASETS/FathomNet_FGVC2025/data/images/4564.png,92f0438d14c4b1f04452ea34a635f459f1cc7b6d79898913d0268e6da449402f,4703e159fba3d2e83b2cd0e5578f2e5fee1977e0d3da867787b641865a6f4e63,4564,2,train
14075,4567,22,Farrea,/home/tahiti/MARINE_DATASETS/FathomNet_FGVC2025/data/rois/4567_14075.png,/home/tahiti/MARINE_DATASETS/FathomNet_FGVC2025/data/images/4567.png,86fa689c7cd02bb8ef2e30621b9c2f8caa51609d68dda7b37d50fce6d1268495,68a2b012480630bbaf57fa59e4bc806b5136335025793586313aef6b9430dbe1,4567,6,train
14106,4581,22,Farrea,/home/tahiti/MARINE_DATASETS/FathomNet_FGVC2025/data/rois/4581_14106.png,/home/tahiti/MARINE_DATASETS/FathomNet_FGVC2025/data/images/4581.png,ead632538f1c4488172b429655e31f284f534542666147c1d1f291e8c7571f35,3159c9d0900092b3997831fe88df66337e8a3bba41e6be645776cc086df61add,4581,2,train
14262,4640,78,Vesicomyidae,/home/tahiti/MARINE_DATASETS/FathomNet_FGVC2025/data/rois/4640_14262.png,/home/tahiti/MARINE_DATASETS/FathomNet_FGVC2025/data/images/4640.png,fb0c91369eb3d3acc2b72ea30fa2370ee1d21950bc300f287aca12102a238744,1915f0377288d4ac07bb5e5663f6694c8783054f23cbaa16f83ed31eaeb94eae,4640,0,train
14265,4643,23,Florometra serratissima,/home/tahiti/MARINE_DATASETS/FathomNet_FGVC2025/data/rois/4643_14265.png,/home/tahiti/MARINE_DATASETS/FathomNet_FGVC2025/data/images/4643.png,68d4ef486268897a6cedd05fbe769a5e3a85db5f6090007542f493b7aa85e898,1d67df976eb3e4e268859939d8c84bb412136047af116d4b84dca11ad7221040,4643,4,train
14286,4654,33,Hormathiidae,/home/tahiti/MARINE_DATASETS/FathomNet_FGVC2025/data/rois/4654_14286.png,/home/tahiti/MARINE_DATASETS/FathomNet_FGVC2025/data/images/4654.png,29d94f659c33bae57cae02372392ddb308d2852d299bb8772fd8f0850bf3f03a,a9eed8cafadbb79c9e28e26634c5eb345ac16379df71144372108a58fe046c77,4654,0,train
14316,4664,31,Hippasteria,/home/tahiti/MARINE_DATASETS/FathomNet_FGVC2025/data/rois/4664_14316.png,/home/tahiti/MARINE_DATASETS/FathomNet_FGVC2025/data/images/4664.png,1ace93e93d6368d68c01a7fd252860a381b4562f22d8a68cd05febfafdf292c1,778d77979c7f665c4599989831de74714dd18a18b3668aa7a704b250f1da190b,4664,6,train
14345,4667,52,Pandalus platyceros,/home/tahiti/MARINE_DATASETS/FathomNet_FGVC2025/data/rois/4667_14345.png,/home/tahiti/MARINE_DATASETS/FathomNet_FGVC2025/data/images/4667.png,6dfa9127c65bd8af0f5b40f48150ff424c17f84c51eb0eb302e4fc433e9e9522,edee0558f56e0640928f4e91eb7a7b8dbaf5d629fec8374b93989356164cbbf6,4667,6,train
14357,4674,33,Hormathiidae,/home/tahiti/MARINE_DATASETS/FathomNet_FGVC2025/data/rois/4674_14357.png,/home/tahiti/MARINE_DATASETS/FathomNet_FGVC2025/data/images/4674.png,32f6099ffd14d58b02f19649f416da3fbaf3c9d5a7feb325d975d5840ee8b87e,3f510beb1309fa9528c1a4e0f1e7c71c9d3eb8f8d840d68d6feaa35168d496d5,4674,1,train
14393,4689,77,Umbellula,/home/tahiti/MARINE_DATASETS/FathomNet_FGVC2025/data/rois/4689_14393.png,/home/tahiti/MARINE_DATASETS/FathomNet_FGVC2025/data/images/4689.png,c19707d2e80a8a44141fc7a49caafb1e90cb1e322919cbdd6fc2f08d91685940,3ff72490f296c8fd85424628ed296394aff2c5e696864d4eca9b621c4067cfb7,4689,4,train
14427,4707,25,Gastropoda,/home/tahiti/MARINE_DATASETS/FathomNet_FGVC2025/data/rois/4707_14427.png,/home/tahiti/MARINE_DATASETS/FathomNet_FGVC2025/data/images/4707.png,339a91bffcce97e4cecb5893b03bad5745aa1b0799f0631ac89d01b67caa1165,000a2ce32c44951aa3fa2b6ed67b7613d3eedcbcd882fbd2189d0e793b85c668,4707,6,train
14436,4711,29,Heteropolypus ritteri,/home/tahiti/MARINE_DATASETS/FathomNet_FGVC2025/data/rois/4711_14436.png,/home/tahiti/MARINE_DATASETS/FathomNet_FGVC2025/data/images/4711.png,9344d36b06411bf854065f3db094377199ee5ac3a089f842948be50e319371cf,67e5e014b64843c375cdc3c94d2c3356b60e0fd58de9f36a5b390711a8cdbd7b,4711,0,train
14474,4720,1,Abyssocucumis abyssorum,/home/tahiti/MARINE_DATASETS/FathomNet_FGVC2025/data/rois/4720_14474.png,/home/tahiti/MARINE_DATASETS/FathomNet_FGVC2025/data/images/4720.png,c0f4c798999caedab45621492c96a1c4c29c8b6f0801b9245949fc89ac7d5f80,8d6b993d905aa8330b6d4b42c1ea5cb9f83c6833255e9b34552638c4d9ba5545,4720,0,train
14480,4723,21,Elpidia,/home/tahiti/MARINE_DATASETS/FathomNet_FGVC2025/data/rois/4723_14480.png,/home/tahiti/MARINE_DATASETS/FathomNet_FGVC2025/data/images/4723.png,a1c4cfa518f75c2ef77d1faac90fae5d4e2a74e3487e91fa48ed9e3650f453b2,c405282f60b37526577520217b8de40a2817a77ca3b27ae698207f4672ffe4e1,4723,4,train
14554,4761,34,Isidella tentaculum,/home/tahiti/MARINE_DATASETS/FathomNet_FGVC2025/data/rois/4761_14554.png,/home/tahiti/MARINE_DATASETS/FathomNet_FGVC2025/data/images/4761.png,d5bebdf32cbdf720904210b17afebc27424bc2bf15d6579ad667047649475b72,e1f573b52874b2ea9598db9eeba1f7dec76898470ceb25c860196e236b5bfa68,4761,0,train
14567,4766,17,Chorilia longipes,/home/tahiti/MARINE_DATASETS/FathomNet_FGVC2025/data/rois/4766_14567.png,/home/tahiti/MARINE_DATASETS/FathomNet_FGVC2025/data/images/4766.png,2a617bb706adb350270ff9b7b8bd1c001c2872944db4e6934a467d6a3f325b26,079a6786e4415d79213780584f18c95f3d2fcac01f38cd3a1ab7ae5b92766ac8,4766,6,train
14568,4767,51,Pandalus amplus,/home/tahiti/MARINE_DATASETS/FathomNet_FGVC2025/data/rois/4767_14568.png,/home/tahiti/MARINE_DATASETS/FathomNet_FGVC2025/data/images/4767.png,10c1c52184124b9c04fed275e53eaf7164ce9d12b381febfd37a418e206ed5a5,85f760812c4be6d559d018aeedc8eef9006217665d690049c69c873d7584a6d1,4767,4,train
14652,4792,6,Actinopterygii,/home/tahiti/MARINE_DATASETS/FathomNet_FGVC2025/data/rois/4792_14652.png,/home/tahiti/MARINE_DATASETS/FathomNet_FGVC2025/data/images/4792.png,1fcc1918fa3be0fb489a07522f6a336585d184679b857dc0eab295636efc04c0,bd1be47123d2009e409299a99efd9b4f5c5976ab81f07a5dad6c7f835b8a66fb,4792,1,train
14663,4793,9,Asbestopluma,/home/tahiti/MARINE_DATASETS/FathomNet_FGVC2025/data/rois/4793_14663.png,/home/tahiti/MARINE_DATASETS/FathomNet_FGVC2025/data/images/4793.png,8cbfdc57b5b653104ecdd47bbb93e90ac280569f6355693dbeda2ca78ce28104,33a1fded99983266042f3f4af757c412382f6ea1b2b1d5d50b023a0b4e6657f0,4793,4,train
14669,4795,45,Munnopsidae,/home/tahiti/MARINE_DATASETS/FathomNet_FGVC2025/data/rois/4795_14669.png,/home/tahiti/MARINE_DATASETS/FathomNet_FGVC2025/data/images/4795.png,b5f5b662f12aa339024140f3413174ebc1394ecbc3ded94f6ed32927e020e11f,2b8bd25713ebe6a40c76123221075b12d4887cfe0500817d8e07b0e9bc4f6f21,4795,6,train
14674,4798,54,Paragorgia,/home/tahiti/MARINE_DATASETS/FathomNet_FGVC2025/data/rois/4798_14674.png,/home/tahiti/MARINE_DATASETS/FathomNet_FGVC2025/data/images/4798.png,e40b8efdc4d3fdf161ae30fd8411521f5cb152e06cb993af803a473b57812018,33a930b2132d7a8135f8e86484c2bba8d094f27c4e5fdae20caea12c36f43a8b,4798,4,train
14677,4799,38,Liponema brevicorne,/home/tahiti/MARINE_DATASETS/FathomNet_FGVC2025/data/rois/4799_14677.png,/home/tahiti/MARINE_DATASETS/FathomNet_FGVC2025/data/images/4799.png,7fde25c1d3214fd25164380025dd244d21f4a861b7b39e13970a138c4ee68319,764dbe789e939efb597d7e3e91e1aebb568bc494c8e17bf0a9b5b52ca8b6b25e,4799,6,train
14692,4806,43,Microstomus pacificus,/home/tahiti/MARINE_DATASETS/FathomNet_FGVC2025/data/rois/4806_14692.png,/home/tahiti/MARINE_DATASETS/FathomNet_FGVC2025/data/images/4806.png,d6a9eeb090e5107fe8bc51f1202c0b99e10baff45fc461ae4c86efab0c32e77c,bb384869131ee3fde0e7b577cb7676872abb36992e012508050c27405a839da9,4806,0,train
14701,4813,56,Paralomis multispina,/home/tahiti/MARINE_DATASETS/FathomNet_FGVC2025/data/rois/4813_14701.png,/home/tahiti/MARINE_DATASETS/FathomNet_FGVC2025/data/images/4813.png,c89c03677b6e06f8b7a24c3aeaa81f3044044f9f4d0230cbe8c1c1426febd2f7,51f42aa66602465420d7243aa400197a22d322d50a68f5c3874e7f1ebec9389a,4813,1,train
14790,4859,50,Paelopatides confundens,/home/tahiti/MARINE_DATASETS/FathomNet_FGVC2025/data/rois/4859_14790.png,/home/tahiti/MARINE_DATASETS/FathomNet_FGVC2025/data/images/4859.png,7d0fe1dcee5cf691b582acd96d2d4c57bc2f6e6dc68a7ac7c40dba986b09a55d,e547b2f0857eafd5b61c84658afd23354aa3bfc4d5f79c5d54809bad1f1ada98,4859,6,train
14792,4860,18,Corallimorphus pilatus,/home/tahiti/MARINE_DATASETS/FathomNet_FGVC2025/data/rois/4860_14792.png,/home/tahiti/MARINE_DATASETS/FathomNet_FGVC2025/data/images/4860.png,388268e475d1e83a000566b88ad6b3f3645f969de857944dbe4b4703472c9598,015010858c11f765f84f464f67a31dd402f748caed7aee097133591636cd0ea2,4860,6,train
14815,4873,1,Abyssocucumis abyssorum,/home/tahiti/MARINE_DATASETS/FathomNet_FGVC2025/data/rois/4873_14815.png,/home/tahiti/MARINE_DATASETS/FathomNet_FGVC2025/data/images/4873.png,ea63cfa79476ed4b71885be78df6f946c8edd13eb22fc6a45f317e5ebc0dbab3,0686d5ab9c26175397101ba58d5890b13bd7c556d33fb45d71c1f1ddc793c467,4873,4,train
14830,4881,7,Amphipoda,/home/tahiti/MARINE_DATASETS/FathomNet_FGVC2025/data/rois/4881_14830.png,/home/tahiti/MARINE_DATASETS/FathomNet_FGVC2025/data/images/4881.png,b94baf81aee7115c9265a7cceeeb419ab12ee59e0fe7181747c837479ded41d2,e73152b23138a661f2f12a74f49b27efdf507b99d39df2c30b7be9c9d9740329,4881,2,train
14838,4883,10,Asbestopluma monticola,/home/tahiti/MARINE_DATASETS/FathomNet_FGVC2025/data/rois/4883_14838.png,/home/tahiti/MARINE_DATASETS/FathomNet_FGVC2025/data/images/4883.png,a6b3c5346ef5c4291a9e5e20152566e89931915e293b032886402d78dd2bcdad,8412fc12ab1949e7e5092741e8dc4cbf5ebcd365fc16a0d1efb9c75f41c148ed,4883,2,train
14890,4915,9,Asbestopluma,/home/tahiti/MARINE_DATASETS/FathomNet_FGVC2025/data/rois/4915_14890.png,/home/tahiti/MARINE_DATASETS/FathomNet_FGVC2025/data/images/4915.png,f232c584bf86f95777519e44e73b77d5de93006252534abf20b222523c8e1fa2,4175efec397bd9b57988034de3483105747c0ab88718fd49b91b2b5074e2cc62,4915,6,train
15009,4965,48,Ophiacanthidae,/home/tahiti/MARINE_DATASETS/FathomNet_FGVC2025/data/rois/4965_15009.png,/home/tahiti/MARINE_DATASETS/FathomNet_FGVC2025/data/images/4965.png,fd73132806aab0727316c93ff37c404e3b1417718bb9edd3ff9ab6a592f3e802,bcf053fc894d51d37b1e77d6d09665ddfb5987a1f6bc9a435a0d338d33ab0a59,4965,0,train
15043,4973,17,Chorilia longipes,/home/tahiti/MARINE_DATASETS/FathomNet_FGVC2025/data/rois/4973_15043.png,/home/tahiti/MARINE_DATASETS/FathomNet_FGVC2025/data/images/4973.png,ba9464108f7f6561188ea7059baf7a6e640db7c56a771ac7c289232162259fde,31bd7ad3dbf2857ee8a1c354114851fda64ba8e8338abfad049aa86556896a22,4973,4,train
15061,4982,47,Octopus rubescens,/home/tahiti/MARINE_DATASETS/FathomNet_FGVC2025/data/rois/4982_15061.png,/home/tahiti/MARINE_DATASETS/FathomNet_FGVC2025/data/images/4982.png,f1c8f98d9ab7b02714d60f50c8c551a949413e4c3c62e16950b25254044c4b59,c7d7ff461e34b5ff4212ce3f2679b4d6163a82a4b5184fcc701aae12aa166146,4982,0,train
15083,4988,76,Tunicata,/home/tahiti/MARINE_DATASETS/FathomNet_FGVC2025/data/rois/4988_15083.png,/home/tahiti/MARINE_DATASETS/FathomNet_FGVC2025/data/images/4988.png,d2bed09525b7b0090863673bf599e1604bf07e24a40614fd286ad7864b570111,823d6925a616f075c98f5cb74b808189349bb9258f3123a3ac7516c80f48ab6a,4988,4,train
15107,4995,69,Sebastes,/home/tahiti/MARINE_DATASETS/FathomNet_FGVC2025/data/rois/4995_15107.png,/home/tahiti/MARINE_DATASETS/FathomNet_FGVC2025/data/images/4995.png,d57f3cae65285ba0c72156959b27d8461429ec6658d10699023623177fca4667,2c1f5642a19b7acc4e6ff1c8977c7cb83b59923a38bbaf2ffaa06b036ee7ed4b,4995,4,train
15116,4998,9,Asbestopluma,/home/tahiti/MARINE_DATASETS/FathomNet_FGVC2025/data/rois/4998_15116.png,/home/tahiti/MARINE_DATASETS/FathomNet_FGVC2025/data/images/4998.png,ff025a01e044ce7555975c56a8f37b33dc6461528753696ab681ccbfe393cbd6,ca94b42ce15021c0291402df493fa1564af62aace40595b2181903cc24f539de,4998,6,train
15131,5006,1,Abyssocucumis abyssorum,/home/tahiti/MARINE_DATASETS/FathomNet_FGVC2025/data/rois/5006_15131.png,/home/tahiti/MARINE_DATASETS/FathomNet_FGVC2025/data/images/5006.png,d2815fdc084cc9f1e0d1e2db48e497b431ff52efcce32a04ed0d743f5ee95886,f2c149b74039657b5fa6363a256964366de448fd3e0e7b10744df6e57fad2967,5006,4,train
15165,5021,10,Asbestopluma monticola,/home/tahiti/MARINE_DATASETS/FathomNet_FGVC2025/data/rois/5021_15165.png,/home/tahiti/MARINE_DATASETS/FathomNet_FGVC2025/data/images/5021.png,dc41e0ff5e067425be1994021d290d60890c45d331fe326342f32fcb4d2e5e39,c6981e85571e1201ab28c3f20c7b66f44fc13c7ac3b3fb237e4fa2b802f809a5,5021,6,train
15178,5021,10,Asbestopluma monticola,/home/tahiti/MARINE_DATASETS/FathomNet_FGVC2025/data/rois/5021_15178.png,/home/tahiti/MARINE_DATASETS/FathomNet_FGVC2025/data/images/5021.png,432418bcb0932eda9f752a9b5cf3a88c73f59462646de0b0539398457ddfbba3,c6981e85571e1201ab28c3f20c7b66f44fc13c7ac3b3fb237e4fa2b802f809a5,5021,6,train
15200,5026,38,Liponema brevicorne,/home/tahiti/MARINE_DATASETS/FathomNet_FGVC2025/data/rois/5026_15200.png,/home/tahiti/MARINE_DATASETS/FathomNet_FGVC2025/data/images/5026.png,804dcef30024bb586ab96c9d83742b1661da21edac65212fe356d39b842b631d,a2e663b37f8ac4898b5e1677e966ea0df49d9f8a809cba53af9779ecaa0131af,5026,1,train
15205,5028,69,Sebastes,/home/tahiti/MARINE_DATASETS/FathomNet_FGVC2025/data/rois/5028_15205.png,/home/tahiti/MARINE_DATASETS/FathomNet_FGVC2025/data/images/5028.png,88aa7fd0a21bb93749cc5e3019b2ada79ba72f14df04a6fcbb1ea9687645d2d2,836e8722b09a9dbbee31034ed07fafb5fc8216471208adc5c0b67725eec14340,5028,1,train
15209,5029,36,Isosicyonis,/home/tahiti/MARINE_DATASETS/FathomNet_FGVC2025/data/rois/5029_15209.png,/home/tahiti/MARINE_DATASETS/FathomNet_FGVC2025/data/images/5029.png,3e65266a04bd00ec84c948051b00861afc9f9fda8c021225a54041b1210e744e,35aaa06f80d819d4940b1b9fdc27bb9977a546cfde65017d08190e8c8e56612a,5029,2,train
15220,5031,76,Tunicata,/home/tahiti/MARINE_DATASETS/FathomNet_FGVC2025/data/rois/5031_15220.png,/home/tahiti/MARINE_DATASETS/FathomNet_FGVC2025/data/images/5031.png,2779b935d0e23e82d1e9edeed2f2483a123e62ef1827e00eea637af225ed57bd,94b83e1270e7c0bab68995b12196d1fd24bec898252864417998895951fefcb0,5031,4,train
15224,5032,66,Scleractinia,/home/tahiti/MARINE_DATASETS/FathomNet_FGVC2025/data/rois/5032_15224.png,/home/tahiti/MARINE_DATASETS/FathomNet_FGVC2025/data/images/5032.png,d2d19e1d52e4728355a84bddfa5694a49a4394dded7de14ce53c4b4adec3eae2,5fb14504637a6e45f9504ceaa76c4b91ff7ca4b7d3284d62efa73f09643375a5,5032,1,train
15233,5037,25,Gastropoda,/home/tahiti/MARINE_DATASETS/FathomNet_FGVC2025/data/rois/5037_15233.png,/home/tahiti/MARINE_DATASETS/FathomNet_FGVC2025/data/images/5037.png,c0571e27a1a237382f8580af54e91ae2ed65c64181602035ae239d2a11c49c31,354a2ab509942ba0663043b188df8398d950291ad4ec703c332eb1b5893f5e68,5037,6,train
15234,5037,25,Gastropoda,/home/tahiti/MARINE_DATASETS/FathomNet_FGVC2025/data/rois/5037_15234.png,/home/tahiti/MARINE_DATASETS/FathomNet_FGVC2025/data/images/5037.png,9ff1a466d87a91a605a49a39807181c48e898581cea23606aeb5875f7fd6baba,354a2ab509942ba0663043b188df8398d950291ad4ec703c332eb1b5893f5e68,5037,6,train
15237,5039,12,Benthocodon pedunculata,/home/tahiti/MARINE_DATASETS/FathomNet_FGVC2025/data/rois/5039_15237.png,/home/tahiti/MARINE_DATASETS/FathomNet_FGVC2025/data/images/5039.png,1756914f230c877a3db4c4bd99c5c323cac119b7f43841e7a356c585c5342eb3,b518837340e6360f59a13f07f5b054ab1fe37c974e76aa3206b39dc82c474116,5039,2,train
15249,5047,31,Hippasteria,/home/tahiti/MARINE_DATASETS/FathomNet_FGVC2025/data/rois/5047_15249.png,/home/tahiti/MARINE_DATASETS/FathomNet_FGVC2025/data/images/5047.png,5d02d0f144630491cfaf971bfc436400c7a496cff09e09b7efcf07905467445b,1963c7a8e91cf22abec1b02361f0730454f0a8f6470edce7b4e9a4177eeb584d,5047,4,train
15289,5060,21,Elpidia,/home/tahiti/MARINE_DATASETS/FathomNet_FGVC2025/data/rois/5060_15289.png,/home/tahiti/MARINE_DATASETS/FathomNet_FGVC2025/data/images/5060.png,6bdaa03a6b0114b8f2de6ddcdab6148097bceacb8164fada8a7da5eaedf96d2d,db1353089f223773fac99da998c6694e248b75fb8f3bc2bf64283370e836ef3b,5060,6,train
15296,5063,26,Gersemia juliepackardae,/home/tahiti/MARINE_DATASETS/FathomNet_FGVC2025/data/rois/5063_15296.png,/home/tahiti/MARINE_DATASETS/FathomNet_FGVC2025/data/images/5063.png,048cc16c957114ca5f0d2cf27566e24ba575f53265b0959cb1bd9c203c0c2667,0fc8dcffb4f7bcc32410b28efba0d440aa34fd96c95d51a8203880105ca97de6,5063,4,train
15358,5088,52,Pandalus platyceros,/home/tahiti/MARINE_DATASETS/FathomNet_FGVC2025/data/rois/5088_15358.png,/home/tahiti/MARINE_DATASETS/FathomNet_FGVC2025/data/images/5088.png,305b18be3caac4aa005a99abd6feac75ae08e08935628eaa62d839297f46d2bd,12f9aaace752d36f092e0ae9ed20ec24d781aaf64e789221e8e242f9f4e1d1f4,5088,2,train
15360,5088,69,Sebastes,/home/tahiti/MARINE_DATASETS/FathomNet_FGVC2025/data/rois/5088_15360.png,/home/tahiti/MARINE_DATASETS/FathomNet_FGVC2025/data/images/5088.png,c5c4908e39b29c7dc72755e99fbaf2e42cefa7dd5755aa7478274fe6e37ab915,12f9aaace752d36f092e0ae9ed20ec24d781aaf64e789221e8e242f9f4e1d1f4,5088,2,train
15369,5088,52,Pandalus platyceros,/home/tahiti/MARINE_DATASETS/FathomNet_FGVC2025/data/rois/5088_15369.png,/home/tahiti/MARINE_DATASETS/FathomNet_FGVC2025/data/images/5088.png,26c47080cb51e544cb5e3dc50b8944c14169de7816ce4c579d7e337534bbbe62,12f9aaace752d36f092e0ae9ed20ec24d781aaf64e789221e8e242f9f4e1d1f4,5088,2,train
15378,5092,9,Asbestopluma,/home/tahiti/MARINE_DATASETS/FathomNet_FGVC2025/data/rois/5092_15378.png,/home/tahiti/MARINE_DATASETS/FathomNet_FGVC2025/data/images/5092.png,83e89588fa4dadb2a2af3acaf6aa74491b7d2d4e92d5c8eb27e26d119ec99a52,f4f223df2906ff73c5920d872ec84e5f3d3773d08618ab829fc672139e56a93a,5092,4,train
15411,5111,8,Apostichopus leukothele,/home/tahiti/MARINE_DATASETS/FathomNet_FGVC2025/data/rois/5111_15411.png,/home/tahiti/MARINE_DATASETS/FathomNet_FGVC2025/data/images/5111.png,ecafb39728fe0ae769f7d59cdfff882ba41cc29f4ed46e070241d346ef78a4a5,2affb4f4a4ea45ddcb13016805fb3a3bced7cf30f8ac62a60f71ad6a51cec2b9,5111,2,train
15492,5140,34,Isidella tentaculum,/home/tahiti/MARINE_DATASETS/FathomNet_FGVC2025/data/rois/5140_15492.png,/home/tahiti/MARINE_DATASETS/FathomNet_FGVC2025/data/images/5140.png,bb9dea58ac022d31d2aa94a5d54c260efdbddaddba63fd05d858efebac2a9252,5cec24f4411ed703e6e82d1b6f82da6380ca17c7b2ce614ead7e894cefc09bed,5140,6,train
15516,5155,22,Farrea,/home/tahiti/MARINE_DATASETS/FathomNet_FGVC2025/data/rois/5155_15516.png,/home/tahiti/MARINE_DATASETS/FathomNet_FGVC2025/data/images/5155.png,a96c885725bc4f27c9b7b8bb51bd4287413f802381b181442eb642aec407bb21,c3ff6b5396a5f5b075e9a87812ec1de42901256f68caad41bc2cbccdf2c56711,5155,1,train
15549,5168,32,Holothuroidea,/home/tahiti/MARINE_DATASETS/FathomNet_FGVC2025/data/rois/5168_15549.png,/home/tahiti/MARINE_DATASETS/FathomNet_FGVC2025/data/images/5168.png,2164e025a07a587b1b83640ce4f86f3a589e8eb5073973bc97fd5a957a805df5,45c9dbaeca111025ef20d974d52bf5d97eb051fd43b8a7d627e4d4c614b1ccff,5168,0,train
15556,5169,56,Paralomis multispina,/home/tahiti/MARINE_DATASETS/FathomNet_FGVC2025/data/rois/5169_15556.png,/home/tahiti/MARINE_DATASETS/FathomNet_FGVC2025/data/images/5169.png,ea3bef0e71a4ec16f4940deea6ee27e76488089e0616cbfa41b85fb8c2f59f94,58c7c4228aa552199951a602dcf7c9920def81054a82e7df20af1988f7e8a50d,5169,2,train
15580,5184,42,Metridium farcimen,/home/tahiti/MARINE_DATASETS/FathomNet_FGVC2025/data/rois/5184_15580.png,/home/tahiti/MARINE_DATASETS/FathomNet_FGVC2025/data/images/5184.png,a04b51f8d37118fa1f796349db830f15da3c11ab86da23af4df1d28c9be9cdfc,484dc64709e92923a11851f1eb190f076c74f297623c1d66f4dbdc8c552ef8d5,5184,2,train
15582,5184,42,Metridium farcimen,/home/tahiti/MARINE_DATASETS/FathomNet_FGVC2025/data/rois/5184_15582.png,/home/tahiti/MARINE_DATASETS/FathomNet_FGVC2025/data/images/5184.png,e6207eeb5b9bf20626080a1b37a8f9f6c3fd7acca585fc18d74d7a15cb50df77,484dc64709e92923a11851f1eb190f076c74f297623c1d66f4dbdc8c552ef8d5,5184,2,train
15590,5189,39,Lithodidae,/home/tahiti/MARINE_DATASETS/FathomNet_FGVC2025/data/rois/5189_15590.png,/home/tahiti/MARINE_DATASETS/FathomNet_FGVC2025/data/images/5189.png,a02835105bc7f70e857ff640a25b9932add72d9621711900f89b94b3089e52c8,f88047abd6d4816a60cd8a2f2a6231d236ca3a862a0b1206b324be5ef941b012,5189,0,train
15727,5229,3,Acanthoptilum,/home/tahiti/MARINE_DATASETS/FathomNet_FGVC2025/data/rois/5229_15727.png,/home/tahiti/MARINE_DATASETS/FathomNet_FGVC2025/data/images/5229.png,fc589b7a53594452781135f6a2210500586c94d51ecfff2752926fef72637be8,58044c86fd2a3b02053ea5f1d2eb4f1816b0a7983a35c43695a40abfb6ad8af8,5229,2,train
15733,5230,34,Isidella tentaculum,/home/tahiti/MARINE_DATASETS/FathomNet_FGVC2025/data/rois/5230_15733.png,/home/tahiti/MARINE_DATASETS/FathomNet_FGVC2025/data/images/5230.png,ce831c752888a0b6a82ceb66ecc3ee996a1c2ab5129052c71c865fe66265515f,f70be0bc7c495e200920855e5b8d90744935669ecdfa790aeb09a6062d161d4e,5230,2,train
15766,5244,78,Vesicomyidae,/home/tahiti/MARINE_DATASETS/FathomNet_FGVC2025/data/rois/5244_15766.png,/home/tahiti/MARINE_DATASETS/FathomNet_FGVC2025/data/images/5244.png,d4fc9487591d831d99b24295e9386dfd0bca27d8f610a5b15e6ae1fdbe017246,0ad0a1c0d436d100278a6d005610db3e1a2d399594f4a97c029b89a81b1f6d65,5244,4,train
15801,5263,52,Pandalus platyceros,/home/tahiti/MARINE_DATASETS/FathomNet_FGVC2025/data/rois/5263_15801.png,/home/tahiti/MARINE_DATASETS/FathomNet_FGVC2025/data/images/5263.png,a7db263ef471a2c36a4c3ab61e43319c16c13234bd80946973a9c33d66bb765b,838c40346299332340c4e19ecdd731e9959b01a39c9bce8d4ee03bb1036a7450,5263,6,train
15864,5292,64,Pyrosoma atlanticum,/home/tahiti/MARINE_DATASETS/FathomNet_FGVC2025/data/rois/5292_15864.png,/home/tahiti/MARINE_DATASETS/FathomNet_FGVC2025/data/images/5292.png,a12b86d4f9ef92624fc0ef225cc2e057a5302f268e47d2e9480261a97cb238da,391d04a573af1d4b30568cba2574ca2cdb19bf4bcc45f0126adb8e144871fa4c,5292,4,train
15872,5293,64,Pyrosoma atlanticum,/home/tahiti/MARINE_DATASETS/FathomNet_FGVC2025/data/rois/5293_15872.png,/home/tahiti/MARINE_DATASETS/FathomNet_FGVC2025/data/images/5293.png,6f71e35383ebb2ff8989e17e4531fa139bf72b400dab6c3522f7f4b48015d248,4a751bb0bf7307f43536bd4b5ece0ddb76ecfe23e8a60264036fe0106f954c59,5293,1,train
15945,5329,42,Metridium farcimen,/home/tahiti/MARINE_DATASETS/FathomNet_FGVC2025/data/rois/5329_15945.png,/home/tahiti/MARINE_DATASETS/FathomNet_FGVC2025/data/images/5329.png,1209e78f5d3070f104da9b403566e94153fba7c0c5c1b7d93a314536e3cd8ef7,560ea70b90d52de7ce6a37ea102e66567c52cc2a2f4c7727111595bc8309e204,5329,0,train
15949,5329,42,Metridium farcimen,/home/tahiti/MARINE_DATASETS/FathomNet_FGVC2025/data/rois/5329_15949.png,/home/tahiti/MARINE_DATASETS/FathomNet_FGVC2025/data/images/5329.png,0ad3e8c4345b96e4affa8d6a3778f01fd178348e576f6bba3a09efad286b6a41,560ea70b90d52de7ce6a37ea102e66567c52cc2a2f4c7727111595bc8309e204,5329,0,train
16081,5371,54,Paragorgia,/home/tahiti/MARINE_DATASETS/FathomNet_FGVC2025/data/rois/5371_16081.png,/home/tahiti/MARINE_DATASETS/FathomNet_FGVC2025/data/images/5371.png,82a8d53f5652b768ca2a31faaf47d25b47b8a9ad9d5ba3a947d0ac358fbbd2a1,b8a31abae81a3bcf2552f8db4e4107bf2b808a8c3b6747e46acde20eed2214d0,5371,2,train
16103,5387,57,Parastenella,/home/tahiti/MARINE_DATASETS/FathomNet_FGVC2025/data/rois/5387_16103.png,/home/tahiti/MARINE_DATASETS/FathomNet_FGVC2025/data/images/5387.png,9a78c08f642e5f2f18ec2b927c16b32bfb62f9246a0859db84532a884576a170,2583b219e73443db3e482252eae0e7376891d3c9d70887c9690af8a7db23cab6,5387,2,train
16117,5394,10,Asbestopluma monticola,/home/tahiti/MARINE_DATASETS/FathomNet_FGVC2025/data/rois/5394_16117.png,/home/tahiti/MARINE_DATASETS/FathomNet_FGVC2025/data/images/5394.png,52e7b22041dfb2e2543e61087059edd28b2d6ba14f21228be5a43322cbbd5100,54e204761dbddb03eb2a7556eaad17cefa3c4d31f492fa6321e2d0a8a0ba5246,5394,1,train
16125,5395,56,Paralomis multispina,/home/tahiti/MARINE_DATASETS/FathomNet_FGVC2025/data/rois/5395_16125.png,/home/tahiti/MARINE_DATASETS/FathomNet_FGVC2025/data/images/5395.png,a6ebe2f532ccd1a5d1e492df97bb08d9ef359ba52979a5224660e624760ba33f,e26a05510318c1dc023463448f7576a9775af2ad14fc118c0f511265f45ffc89,5395,0,train
16174,5415,63,Ptychogastria polaris,/home/tahiti/MARINE_DATASETS/FathomNet_FGVC2025/data/rois/5415_16174.png,/home/tahiti/MARINE_DATASETS/FathomNet_FGVC2025/data/images/5415.png,3491d32d9cd155cd7e1f9a12cac9d19ce34d194aec163cbb29c8214938b3be1c,23a7ce178592706a3d7aa7c27fa5e28d21a5998bccce4d818e32ea68053b1dd5,5415,4,train
16183,5415,63,Ptychogastria polaris,/home/tahiti/MARINE_DATASETS/FathomNet_FGVC2025/data/rois/5415_16183.png,/home/tahiti/MARINE_DATASETS/FathomNet_FGVC2025/data/images/5415.png,9d5c2eda1935aa9c8e9c0090ebb68d32cf076b2b3a9e037d7d51e55c14ed5322,23a7ce178592706a3d7aa7c27fa5e28d21a5998bccce4d818e32ea68053b1dd5,5415,4,train
16242,5435,75,Terebellidae,/home/tahiti/MARINE_DATASETS/FathomNet_FGVC2025/data/rois/5435_16242.png,/home/tahiti/MARINE_DATASETS/FathomNet_FGVC2025/data/images/5435.png,05f5fac4d0422e75b855101ef3a56d1cde9f3bff2d24d50f91aa3fb72c1adebb,7a150516aedf08eb3e1d23d7938ffe759aaf3ab31876a9cfa848d0edb2e684ce,5435,2,train
16298,5461,57,Parastenella,/home/tahiti/MARINE_DATASETS/FathomNet_FGVC2025/data/rois/5461_16298.png,/home/tahiti/MARINE_DATASETS/FathomNet_FGVC2025/data/images/5461.png,19fd9a2ecec2b71a154d677e8b96c219b29e799b46f07c9906e4f4509b47fe29,54d22e8c55f3c4b2e25b28dab266baa733d73849ecf617028b0f58f4ec674620,5461,6,train
16395,5501,76,Tunicata,/home/tahiti/MARINE_DATASETS/FathomNet_FGVC2025/data/rois/5501_16395.png,/home/tahiti/MARINE_DATASETS/FathomNet_FGVC2025/data/images/5501.png,5a6f7eac421cb5729e65271f95089a5b60a262a4d226df82111bfb5c5bb4231b,1939bd7af3a5f691f484ec70eff8df86dce5ba8bd84f717a10399ae8176b2e74,5501,2,train
16416,5508,36,Isosicyonis,/home/tahiti/MARINE_DATASETS/FathomNet_FGVC2025/data/rois/5508_16416.png,/home/tahiti/MARINE_DATASETS/FathomNet_FGVC2025/data/images/5508.png,c6c132ef772766ecf32e019b9f38905c22635422ac3c615ff3f36aae0da93e81,533a4d6ec05b78e7c0dd8cbb1ecaa0e3680b7e7f711dc9e19242073d9745dd75,5508,0,train
16463,5532,34,Isidella tentaculum,/home/tahiti/MARINE_DATASETS/FathomNet_FGVC2025/data/rois/5532_16463.png,/home/tahiti/MARINE_DATASETS/FathomNet_FGVC2025/data/images/5532.png,991fac2fef3b9416cd81269a2f6187e130d2bd795b1b3138e2e2d63e4b8ada45,106658db1e479221ff3925c8912c1aef6edd137bcd509d209d51b68de191b780,5532,4,train
16547,5574,42,Metridium farcimen,/home/tahiti/MARINE_DATASETS/FathomNet_FGVC2025/data/rois/5574_16547.png,/home/tahiti/MARINE_DATASETS/FathomNet_FGVC2025/data/images/5574.png,c826274a6b27efc44a7e9ba204aca72f64f0f89c78f9135ee5f90a9d0f854c23,bda1219c0a6f1a54ad1506c32a0c51cf942cb55ef29d8698fa13c13aedb57806,5574,4,train
16570,5586,38,Liponema brevicorne,/home/tahiti/MARINE_DATASETS/FathomNet_FGVC2025/data/rois/5586_16570.png,/home/tahiti/MARINE_DATASETS/FathomNet_FGVC2025/data/images/5586.png,08e7835e536986755b8c27f48b5bdcf3406c91c7e3784b20c5350d01bedbe4b8,b0e043308f15f9ca62b603700c54921f90f5c66e15b383d373a4293e497e5259,5586,6,train
16601,5593,63,Ptychogastria polaris,/home/tahiti/MARINE_DATASETS/FathomNet_FGVC2025/data/rois/5593_16601.png,/home/tahiti/MARINE_DATASETS/FathomNet_FGVC2025/data/images/5593.png,8bc1f1c6bdaec6bcdbb59ee24dcbe5e7cf6b6886f2a1cdb515e82bb4c315fbdf,f5cdacda0c9be2532ab2936ff8a2a8f264ded23eea554f5183eafb38ced7bf18,5593,1,train
16627,5593,63,Ptychogastria polaris,/home/tahiti/MARINE_DATASETS/FathomNet_FGVC2025/data/rois/5593_16627.png,/home/tahiti/MARINE_DATASETS/FathomNet_FGVC2025/data/images/5593.png,e7a4f01116d1f5adea9fbaa5f11d725f0d76659f3d5d56e12478cbf8b72cffc2,f5cdacda0c9be2532ab2936ff8a2a8f264ded23eea554f5183eafb38ced7bf18,5593,1,train
16632,5593,63,Ptychogastria polaris,/home/tahiti/MARINE_DATASETS/FathomNet_FGVC2025/data/rois/5593_16632.png,/home/tahiti/MARINE_DATASETS/FathomNet_FGVC2025/data/images/5593.png,2fd725824fd2b8a0ccc32143ba28112c88153c33c4677e292bf9d5bea7a52895,f5cdacda0c9be2532ab2936ff8a2a8f264ded23eea554f5183eafb38ced7bf18,5593,1,train
16643,5593,76,Tunicata,/home/tahiti/MARINE_DATASETS/FathomNet_FGVC2025/data/rois/5593_16643.png,/home/tahiti/MARINE_DATASETS/FathomNet_FGVC2025/data/images/5593.png,578acd62ab5110c3707fe62989d78898f3e956957a1038729b844aaa347bb403,f5cdacda0c9be2532ab2936ff8a2a8f264ded23eea554f5183eafb38ced7bf18,5593,1,train
16655,5593,63,Ptychogastria polaris,/home/tahiti/MARINE_DATASETS/FathomNet_FGVC2025/data/rois/5593_16655.png,/home/tahiti/MARINE_DATASETS/FathomNet_FGVC2025/data/images/5593.png,9455d52808f7fe169ddc2436bc9bba91dbdc23e520399a8fd1cae49345338d8b,f5cdacda0c9be2532ab2936ff8a2a8f264ded23eea554f5183eafb38ced7bf18,5593,1,train
16657,5593,63,Ptychogastria polaris,/home/tahiti/MARINE_DATASETS/FathomNet_FGVC2025/data/rois/5593_16657.png,/home/tahiti/MARINE_DATASETS/FathomNet_FGVC2025/data/images/5593.png,50ee5ee860731a831f5e17bab090a901748a30ad6bb65f90dcc9af5dd59da775,f5cdacda0c9be2532ab2936ff8a2a8f264ded23eea554f5183eafb38ced7bf18,5593,1,train
16660,5593,63,Ptychogastria polaris,/home/tahiti/MARINE_DATASETS/FathomNet_FGVC2025/data/rois/5593_16660.png,/home/tahiti/MARINE_DATASETS/FathomNet_FGVC2025/data/images/5593.png,d041311a6c50316110a469f6dd690cc62036a2d59de450edfbb1f90a7df8a43a,f5cdacda0c9be2532ab2936ff8a2a8f264ded23eea554f5183eafb38ced7bf18,5593,1,train
16674,5593,63,Ptychogastria polaris,/home/tahiti/MARINE_DATASETS/FathomNet_FGVC2025/data/rois/5593_16674.png,/home/tahiti/MARINE_DATASETS/FathomNet_FGVC2025/data/images/5593.png,4734ae6dad02c90196fa22b5e6b35e197564134a897bc937e8da62cfb5ac389d,f5cdacda0c9be2532ab2936ff8a2a8f264ded23eea554f5183eafb38ced7bf18,5593,1,train
16701,5607,42,Metridium farcimen,/home/tahiti/MARINE_DATASETS/FathomNet_FGVC2025/data/rois/5607_16701.png,/home/tahiti/MARINE_DATASETS/FathomNet_FGVC2025/data/images/5607.png,73d051e6576cf644dd7e51bb24d144a1308985ea67e66e881d477cd490be6bba,bddab1eabc87f01f9dce4266c13b5f0212e10854f89a4b1879d17ddfdaf4d83d,5607,2,train
16787,5649,59,Pennatula phosphorea,/home/tahiti/MARINE_DATASETS/FathomNet_FGVC2025/data/rois/5649_16787.png,/home/tahiti/MARINE_DATASETS/FathomNet_FGVC2025/data/images/5649.png,cf9b3b50abafc2a9d1647e66b5ff80ec06edb8d8e8cab13f9970ec33f381e22b,43612ad9ef394364936af2ead21927ed9cdc3b87b77541df850d38952ef565d4,5649,4,train
16792,5649,59,Pennatula phosphorea,/home/tahiti/MARINE_DATASETS/FathomNet_FGVC2025/data/rois/5649_16792.png,/home/tahiti/MARINE_DATASETS/FathomNet_FGVC2025/data/images/5649.png,db7f7c0abc782858d57242b63a41eb2c15f7cee31ebf4b12994fb026e4d4fe3b,43612ad9ef394364936af2ead21927ed9cdc3b87b77541df850d38952ef565d4,5649,4,train
16811,5658,27,Heterocarpus,/home/tahiti/MARINE_DATASETS/FathomNet_FGVC2025/data/rois/5658_16811.png,/home/tahiti/MARINE_DATASETS/FathomNet_FGVC2025/data/images/5658.png,ce4ba8c3014f9dac1c97057eb00d634c1bcff4cc92d72466278f66a7f0dc4f2c,765baf2794623cd19ae2e28685687cdeff5ac5ac278b19d9dbc59245cf6c8241,5658,1,train
16845,5675,32,Holothuroidea,/home/tahiti/MARINE_DATASETS/FathomNet_FGVC2025/data/rois/5675_16845.png,/home/tahiti/MARINE_DATASETS/FathomNet_FGVC2025/data/images/5675.png,177ecd0eb6caa9430c00c1714f4da83de1877f2af94039c62462b6148a22d5f7,8f935d3fa546a9c227c5ae6e2d0bd39c0a28fd18c11bc8bdca1605b5f2851915,5675,1,train
16910,5690,77,Umbellula,/home/tahiti/MARINE_DATASETS/FathomNet_FGVC2025/data/rois/5690_16910.png,/home/tahiti/MARINE_DATASETS/FathomNet_FGVC2025/data/images/5690.png,6bf2f485759cd930172092d98547c95592d5ff20f2f2d291023a3eacc64f9ff6,218d699df3dd2c90cb836f074553fbf9cb5e1bc80186151c928b2bfd385b7622,5690,2,train
16932,5703,43,Microstomus pacificus,/home/tahiti/MARINE_DATASETS/FathomNet_FGVC2025/data/rois/5703_16932.png,/home/tahiti/MARINE_DATASETS/FathomNet_FGVC2025/data/images/5703.png,d8540d43624479623cc69f67041b059e6bcd350aa1ec96f3cc2f51e905168fe3,7d076b16188ddc24267e778120c7345fc320dca008f21f0c231dad5ab4de5017,5703,4,train
16944,5709,10,Asbestopluma monticola,/home/tahiti/MARINE_DATASETS/FathomNet_FGVC2025/data/rois/5709_16944.png,/home/tahiti/MARINE_DATASETS/FathomNet_FGVC2025/data/images/5709.png,a9374137e15479dab1ac3104bd8226bc8d7d7189cec590b0de7709787bb46489,c9fc9ec38dca5cfaea066a626556824b12ce89ef49ac94f81be2a13d51f66113,5709,6,train
17006,5748,31,Hippasteria,/home/tahiti/MARINE_DATASETS/FathomNet_FGVC2025/data/rois/5748_17006.png,/home/tahiti/MARINE_DATASETS/FathomNet_FGVC2025/data/images/5748.png,d6d009d44b08912edba58c03be59c4b28a105a472712200ae45092b4f1666a03,b35851d05f72da9d579e9fe7f6607e34c78627e3b228b72bc2fa2dd936c08f39,5748,4,train
17020,5755,61,Psathyrometra fragilis,/home/tahiti/MARINE_DATASETS/FathomNet_FGVC2025/data/rois/5755_17020.png,/home/tahiti/MARINE_DATASETS/FathomNet_FGVC2025/data/images/5755.png,0a063502e9e3d8bcd2e8aa36388c2631c14f981a87db25f3c90b603039586726,14d57314ae8e04b69dfc72b671a523608eea41850bd77b501d6bf7339f3199f8,5755,4,train
17067,5781,33,Hormathiidae,/home/tahiti/MARINE_DATASETS/FathomNet_FGVC2025/data/rois/5781_17067.png,/home/tahiti/MARINE_DATASETS/FathomNet_FGVC2025/data/images/5781.png,8d94034975e95828e2a700f9c065c2a15a2a14e9524bdfda6b3a7350ac27c422,1239c41661768ab1131c5d72d62cf00ac311fb15718316dfd43ab34431234530,5781,2,train
17095,5801,52,Pandalus platyceros,/home/tahiti/MARINE_DATASETS/FathomNet_FGVC2025/data/rois/5801_17095.png,/home/tahiti/MARINE_DATASETS/FathomNet_FGVC2025/data/images/5801.png,83cedc0a5b208e8930da272610026b2aef7757d4e68de1b477a21fc539345596,198217516cb90c1c33446fdd5936b443e6899513b84ce01962f33d6b4d477de3,5801,6,train
17125,5811,14,Caridea,/home/tahiti/MARINE_DATASETS/FathomNet_FGVC2025/data/rois/5811_17125.png,/home/tahiti/MARINE_DATASETS/FathomNet_FGVC2025/data/images/5811.png,ddc177e24172b71936e0c91af180fa1f35db35c66e4ec9c76e01be78e3fb318e,494aa6c6758b14e4f1f04a778af3f8cfc1632c89ba6a8980575cc76efc9dd11c,5811,2,train
17134,5811,14,Caridea,/home/tahiti/MARINE_DATASETS/FathomNet_FGVC2025/data/rois/5811_17134.png,/home/tahiti/MARINE_DATASETS/FathomNet_FGVC2025/data/images/5811.png,9fd50b7edd5132f842bd1762b17d7a715ecaf6afa5af91f931c47e246fb65fd7,494aa6c6758b14e4f1f04a778af3f8cfc1632c89ba6a8980575cc76efc9dd11c,5811,2,train
17151,5821,12,Benthocodon pedunculata,/home/tahiti/MARINE_DATASETS/FathomNet_FGVC2025/data/rois/5821_17151.png,/home/tahiti/MARINE_DATASETS/FathomNet_FGVC2025/data/images/5821.png,f19783bd9c1124fd507ecb36b07cdf1d582c7e9eafff12e7025048c38f7f1f70,26a179df9049f00e4dbed76e9d5c058574ca19d798f30e35d6ee197e978ede4e,5821,4,train
17182,5830,54,Paragorgia,/home/tahiti/MARINE_DATASETS/FathomNet_FGVC2025/data/rois/5830_17182.png,/home/tahiti/MARINE_DATASETS/FathomNet_FGVC2025/data/images/5830.png,0cc8e560f37858d22bbf99c02164ccf80f7c58c7c01ddaebdc598935e7e86c72,c290d6c210d7636a82d5427ca94290aa0afcaca985ba26ccc8e577d6722655df,5830,2,train
17187,5833,2,Acanthascinae,/home/tahiti/MARINE_DATASETS/FathomNet_FGVC2025/data/rois/5833_17187.png,/home/tahiti/MARINE_DATASETS/FathomNet_FGVC2025/data/images/5833.png,06990c62b3b6e10d729f5370defaf3758a01dd98719ea3fe2b75e47d636c53b7,ff13bbf13d80ea28fabcf31f27eb3f27cf9a3bb23704dc0c398add24ef3015db,5833,6,train
17250,5868,40,Mediaster aequalis,/home/tahiti/MARINE_DATASETS/FathomNet_FGVC2025/data/rois/5868_17250.png,/home/tahiti/MARINE_DATASETS/FathomNet_FGVC2025/data/images/5868.png,93065f41b490ff23e397fb9ae1fc899028acebcea21285e905265094bf494417,2d32c8b022bf9693d7ba05057b78bfa28ddcb86cffe46e64eadae29833d63c55,5868,6,train
17265,5875,57,Parastenella,/home/tahiti/MARINE_DATASETS/FathomNet_FGVC2025/data/rois/5875_17265.png,/home/tahiti/MARINE_DATASETS/FathomNet_FGVC2025/data/images/5875.png,6b8e32f371b39acd824d87d04b5017334e0d6513aba9ef046caae77cb857efec,c2f619afa4fb8cfdfdac150f87e6b67a2d5060748ca55bdab66f0098cb3f5cd3,5875,4,train
17266,5875,54,Paragorgia,/home/tahiti/MARINE_DATASETS/FathomNet_FGVC2025/data/rois/5875_17266.png,/home/tahiti/MARINE_DATASETS/FathomNet_FGVC2025/data/images/5875.png,44fa179b3e42451639d3dc270d8855dfe0976b7469d00ed63a6a30666141ebbb,c2f619afa4fb8cfdfdac150f87e6b67a2d5060748ca55bdab66f0098cb3f5cd3,5875,4,train
17289,5878,32,Holothuroidea,/home/tahiti/MARINE_DATASETS/FathomNet_FGVC2025/data/rois/5878_17289.png,/home/tahiti/MARINE_DATASETS/FathomNet_FGVC2025/data/images/5878.png,4f63f12ec70e15d79d3140974abf6f486635f08ea0d6e9798826ccf2f095cedb,88bef7e5d496761c8f6d78af7b4a73b77a634555700a04708f3d6b5ba8443d48,5878,0,train
17291,5878,12,Benthocodon pedunculata,/home/tahiti/MARINE_DATASETS/FathomNet_FGVC2025/data/rois/5878_17291.png,/home/tahiti/MARINE_DATASETS/FathomNet_FGVC2025/data/images/5878.png,c5c0b76836488448d3ad9963095d424ebf190960aed83046999641b07a3f72ac,88bef7e5d496761c8f6d78af7b4a73b77a634555700a04708f3d6b5ba8443d48,5878,0,train
17292,5878,32,Holothuroidea,/home/tahiti/MARINE_DATASETS/FathomNet_FGVC2025/data/rois/5878_17292.png,/home/tahiti/MARINE_DATASETS/FathomNet_FGVC2025/data/images/5878.png,80c1094c4ed06be38008c0c1e568bec7d8f0548c6e6f3e2b31e8b4a509b22a6e,88bef7e5d496761c8f6d78af7b4a73b77a634555700a04708f3d6b5ba8443d48,5878,0,train
17306,5882,18,Corallimorphus pilatus,/home/tahiti/MARINE_DATASETS/FathomNet_FGVC2025/data/rois/5882_17306.png,/home/tahiti/MARINE_DATASETS/FathomNet_FGVC2025/data/images/5882.png,2e22e4bc565590dfd8b265b34c756ea9d3f9ed775995f497c1f4f49cb502f3d4,134ce97c90442c586b728826cf6b23c9cc8b8c1f530863914e5381513d9dc5f2,5882,4,train
17308,5882,69,Sebastes,/home/tahiti/MARINE_DATASETS/FathomNet_FGVC2025/data/rois/5882_17308.png,/home/tahiti/MARINE_DATASETS/FathomNet_FGVC2025/data/images/5882.png,df93490b6c8b00a8525770702498c9208d7b40dbc0928b08481b0ca5c2932af3,134ce97c90442c586b728826cf6b23c9cc8b8c1f530863914e5381513d9dc5f2,5882,4,train
17333,5885,57,Parastenella,/home/tahiti/MARINE_DATASETS/FathomNet_FGVC2025/data/rois/5885_17333.png,/home/tahiti/MARINE_DATASETS/FathomNet_FGVC2025/data/images/5885.png,7a8325f87b63606553de2f0c9ab7ea01ff780451327de8d54b7b93724ff4529c,7215acaf91900a3845f9df5fd09e77f8c1a8b7f30701a0584ffd28c3b58dd14f,5885,1,train
17345,5890,78,Vesicomyidae,/home/tahiti/MARINE_DATASETS/FathomNet_FGVC2025/data/rois/5890_17345.png,/home/tahiti/MARINE_DATASETS/FathomNet_FGVC2025/data/images/5890.png,efd06b6eea3d6bd42287229a496d180467436963d7a7b54dceac6a7ec73b89fd,2ad077b0e52d63c97077caf669fa62d0e8ba41e6afea4c4b88d3d1ef49dbd6c1,5890,2,train
17383,5908,17,Chorilia longipes,/home/tahiti/MARINE_DATASETS/FathomNet_FGVC2025/data/rois/5908_17383.png,/home/tahiti/MARINE_DATASETS/FathomNet_FGVC2025/data/images/5908.png,acd1818c3f4a7da178b3c42ba4c586faa8e1ae3d81a36f8b79efd70e670b3ea5,c3c6f68f21f618a0d29d185ad55b67ac2e5d04bb9d9a0d7ab8b17ffb675f3881,5908,6,train
17416,5927,54,Paragorgia,/home/tahiti/MARINE_DATASETS/FathomNet_FGVC2025/data/rois/5927_17416.png,/home/tahiti/MARINE_DATASETS/FathomNet_FGVC2025/data/images/5927.png,ad706f8909bf4bb55e8da299f48cb6642383bce2ee0418bf77836599ce392b8b,412c2ac338cb03257b6ca67ca78c8a3ed3ce079bc0ea76bd9673ae79665c0021,5927,2,train
17428,5933,51,Pandalus amplus,/home/tahiti/MARINE_DATASETS/FathomNet_FGVC2025/data/rois/5933_17428.png,/home/tahiti/MARINE_DATASETS/FathomNet_FGVC2025/data/images/5933.png,2cb81e273afb8f72588d1d5b6d670cce1c00ed7cb543647f0d4d3bb5cdf3f6cb,e142349e976b0fd0da867c504e1c35e7ac4bb409de50e9ea1cc60021dccdadce,5933,6,train
17501,5979,54,Paragorgia,/home/tahiti/MARINE_DATASETS/FathomNet_FGVC2025/data/rois/5979_17501.png,/home/tahiti/MARINE_DATASETS/FathomNet_FGVC2025/data/images/5979.png,4009109fb2872cc78f0012ce5b7fdae09b0c1f055035e71575b1b53b7ff5189e,bf3d270e6d179cba9e94e2004e36a6351527410921a89b5b5cd4fcafe1c3a161,5979,6,train
17504,5980,14,Caridea,/home/tahiti/MARINE_DATASETS/FathomNet_FGVC2025/data/rois/5980_17504.png,/home/tahiti/MARINE_DATASETS/FathomNet_FGVC2025/data/images/5980.png,33ce2b29084276521e6888fed778718c5aabb144baf5d8ebb71717f5945c83b1,3ba9c5628ca6b32f863a68d7e792daeecfb48252c09bf6d3958692298d1d56e1,5980,2,train
17529,5992,56,Paralomis multispina,/home/tahiti/MARINE_DATASETS/FathomNet_FGVC2025/data/rois/5992_17529.png,/home/tahiti/MARINE_DATASETS/FathomNet_FGVC2025/data/images/5992.png,d6ce3c59b0eee80ef3944c58cf452d5568115e5ce6a9777346829f347bfba269,499b581a863148f32251b2f214c026c49c394825086ab149aec8ebb9c3681ff4,5992,1,train
17600,6030,46,Mycale,/home/tahiti/MARINE_DATASETS/FathomNet_FGVC2025/data/rois/6030_17600.png,/home/tahiti/MARINE_DATASETS/FathomNet_FGVC2025/data/images/6030.png,70ceefaf38f0f183bd2d75fa0da34883cd359b09f89531cf2e04e724c2c2a9ca,d21b914f773ff791a78f618db0b0ea1028f8537df2309843cf98e331038f6f89,6030,6,train
17616,6041,17,Chorilia longipes,/home/tahiti/MARINE_DATASETS/FathomNet_FGVC2025/data/rois/6041_17616.png,/home/tahiti/MARINE_DATASETS/FathomNet_FGVC2025/data/images/6041.png,ed817ebaef07703f8d29d48fffd253dc8d5ee21c0d3522750204b844de45ff6d,1c547fa4fc2290f8cf0ba202677ec8a0ea0be79f5f622d521f79e82378d78bb7,6041,4,train
17623,6045,15,Ceriantharia,/home/tahiti/MARINE_DATASETS/FathomNet_FGVC2025/data/rois/6045_17623.png,/home/tahiti/MARINE_DATASETS/FathomNet_FGVC2025/data/images/6045.png,a5e97ceebe2b6d6fd43aa2641f860dc32479a53e1e4304b695fa991672418090,252547f6fe2cca609950152135e7f3d3e59b13644b25a13406541ff37904633c,6045,4,train
17661,6064,57,Parastenella,/home/tahiti/MARINE_DATASETS/FathomNet_FGVC2025/data/rois/6064_17661.png,/home/tahiti/MARINE_DATASETS/FathomNet_FGVC2025/data/images/6064.png,252b32fa7440e745375550ca51eb1d2cbb068df94f3d264f4f4fbca5370f818c,1b0cc3d768f261586e97aab8309a6aeeefb8a6263d2f3567b4d0db2a3c5b6dfe,6064,6,train
17688,6074,46,Mycale,/home/tahiti/MARINE_DATASETS/FathomNet_FGVC2025/data/rois/6074_17688.png,/home/tahiti/MARINE_DATASETS/FathomNet_FGVC2025/data/images/6074.png,f6309e66a01d1b56c996f49c93129aa615d107f3770fb64605093a64aa67588e,cf2643a7663355d0ab356fc7217e17031994c319bbe0b48800c5ea4102141c2e,6074,1,train
17721,6091,64,Pyrosoma atlanticum,/home/tahiti/MARINE_DATASETS/FathomNet_FGVC2025/data/rois/6091_17721.png,/home/tahiti/MARINE_DATASETS/FathomNet_FGVC2025/data/images/6091.png,e50667e7c7e821cc416a2bd3322ae0665ddd0ec8a06f2ff85c7370e3cde76554,8b7da567541c776976791f71704e28881d47dfcfe54a3240d48c188edb87962d,6091,4,train
17800,6114,23,Florometra serratissima,/home/tahiti/MARINE_DATASETS/FathomNet_FGVC2025/data/rois/6114_17800.png,/home/tahiti/MARINE_DATASETS/FathomNet_FGVC2025/data/images/6114.png,3dfb35165fe682c66e4b92493eafca633166abe26267ff1a65dc414cf46413fc,c62f5866295f272d4214a57181ee247b2945cddaa7ac150155e9d3dff7a311f5,6114,2,train
17806,6117,38,Liponema brevicorne,/home/tahiti/MARINE_DATASETS/FathomNet_FGVC2025/data/rois/6117_17806.png,/home/tahiti/MARINE_DATASETS/FathomNet_FGVC2025/data/images/6117.png,8355360ceee3a57919c1a47303919774c9c66aca87dfc7132864fa8e8ca44aa2,68fcbda5781d35a6ef356482fa03dd46523d5318c00c308a9d21e98758bc6a61,6117,1,train
17837,6128,75,Terebellidae,/home/tahiti/MARINE_DATASETS/FathomNet_FGVC2025/data/rois/6128_17837.png,/home/tahiti/MARINE_DATASETS/FathomNet_FGVC2025/data/images/6128.png,d34c9fba23df15279058282367e13ce1a22203756f48260bdd4837b862edf4ca,04da5a7627a7dc4d44e10919d49b12be3280f1e0f1894652c2ae767ee4ecaadf,6128,6,train
17847,6130,4,Actinernus,/home/tahiti/MARINE_DATASETS/FathomNet_FGVC2025/data/rois/6130_17847.png,/home/tahiti/MARINE_DATASETS/FathomNet_FGVC2025/data/images/6130.png,09c86a3e6e446036f70c4c8f96b49e8eb90a073293446d15030dc463c196deec,df4a4a3b2b33dc3c2296a8b5a3d4797848e83ba84cb3b5414b9bb8bab4fe64e2,6130,1,train
17855,6130,4,Actinernus,/home/tahiti/MARINE_DATASETS/FathomNet_FGVC2025/data/rois/6130_17855.png,/home/tahiti/MARINE_DATASETS/FathomNet_FGVC2025/data/images/6130.png,e7e35302dcf8cff7618d0e1eb36523c0924deabc710f5fa5f701a103ac7bd1ee,df4a4a3b2b33dc3c2296a8b5a3d4797848e83ba84cb3b5414b9bb8bab4fe64e2,6130,1,train
17857,6131,4,Actinernus,/home/tahiti/MARINE_DATASETS/FathomNet_FGVC2025/data/rois/6131_17857.png,/home/tahiti/MARINE_DATASETS/FathomNet_FGVC2025/data/images/6131.png,e8f336ce113e288db31c661fd29549c83671aa0522866f5098392f318e11a93f,25ea01a372d9aab5e6cda4c17905d9a80170c682a7ee23706c269a4ba6ff1322,6131,2,train
17860,6131,4,Actinernus,/home/tahiti/MARINE_DATASETS/FathomNet_FGVC2025/data/rois/6131_17860.png,/home/tahiti/MARINE_DATASETS/FathomNet_FGVC2025/data/images/6131.png,b1973a15c53d9a75f63ebe481cf3ec599220b6d25c497c4c137b4ba6d62b4e82,25ea01a372d9aab5e6cda4c17905d9a80170c682a7ee23706c269a4ba6ff1322,6131,2,train
17864,6131,4,Actinernus,/home/tahiti/MARINE_DATASETS/FathomNet_FGVC2025/data/rois/6131_17864.png,/home/tahiti/MARINE_DATASETS/FathomNet_FGVC2025/data/images/6131.png,29762c3fc99f2ed8887ded603649db809e41f6bcca2efd872cec402ccf51890b,25ea01a372d9aab5e6cda4c17905d9a80170c682a7ee23706c269a4ba6ff1322,6131,2,train
17906,6151,78,Vesicomyidae,/home/tahiti/MARINE_DATASETS/FathomNet_FGVC2025/data/rois/6151_17906.png,/home/tahiti/MARINE_DATASETS/FathomNet_FGVC2025/data/images/6151.png,e443fd90e7dbf9aa39ffe3248a1cb3740bfdd0721775409f99b74a67c708d1e6,b18d831e8f3728866a3ee836c3c13ac868722b7e4b58137487bb4b6a23b370ed,6151,0,train
17916,6154,54,Paragorgia,/home/tahiti/MARINE_DATASETS/FathomNet_FGVC2025/data/rois/6154_17916.png,/home/tahiti/MARINE_DATASETS/FathomNet_FGVC2025/data/images/6154.png,b36894be100528403e7269f2bed8eb6030a8fdde3187f31f8273f657d5597c4e,2d7d70e6f49bb0d053fc3e1e641af122c50e8f9b76ddb19d6f5933ed0cc9c075,6154,4,train
17920,6157,51,Pandalus amplus,/home/tahiti/MARINE_DATASETS/FathomNet_FGVC2025/data/rois/6157_17920.png,/home/tahiti/MARINE_DATASETS/FathomNet_FGVC2025/data/images/6157.png,845807fb5da8cf690f7fdfa13aff667a8b92f9c2add1719eadcd4004911389f8,15d4ad52c6b64b758251a644b5e7ebf3813c43c24d48e25f71aea144266fb2b0,6157,0,train
17924,6159,26,Gersemia juliepackardae,/home/tahiti/MARINE_DATASETS/FathomNet_FGVC2025/data/rois/6159_17924.png,/home/tahiti/MARINE_DATASETS/FathomNet_FGVC2025/data/images/6159.png,e7719f32a359ea015d14de3aca1d7db52b9cd10c35e88b5ff0b9b4a578f0e3dc,4480c8a9b963789099d277a1578e9edd60e0b2abbc5de2c7adc308e3c02ab951,6159,0,train
17979,6183,23,Florometra serratissima,/home/tahiti/MARINE_DATASETS/FathomNet_FGVC2025/data/rois/6183_17979.png,/home/tahiti/MARINE_DATASETS/FathomNet_FGVC2025/data/images/6183.png,28f04353c1ee5c6a5b33db724d5fa97cd39944cbc6c5503b083df60b4e85e09e,5bcd8150b5230ba5c4bd61eb33882b3b2762b896ca40fb300c83fc8fe87495a9,6183,6,train
17986,6183,23,Florometra serratissima,/home/tahiti/MARINE_DATASETS/FathomNet_FGVC2025/data/rois/6183_17986.png,/home/tahiti/MARINE_DATASETS/FathomNet_FGVC2025/data/images/6183.png,2fe729c662c29c02a44f43296eaf5be7237949b2edde7c3d0dda02acf05eda47,5bcd8150b5230ba5c4bd61eb33882b3b2762b896ca40fb300c83fc8fe87495a9,6183,6,train
18010,6196,27,Heterocarpus,/home/tahiti/MARINE_DATASETS/FathomNet_FGVC2025/data/rois/6196_18010.png,/home/tahiti/MARINE_DATASETS/FathomNet_FGVC2025/data/images/6196.png,077913557148eb97db27cec6afa77e38f5ac2a6cd6b4139c11d7be07fde7ce88,7b9584b223a48a117209f39193345034638d3183414d9bef17e3598e8ab29e19,6196,6,train
18034,6205,64,Pyrosoma atlanticum,/home/tahiti/MARINE_DATASETS/FathomNet_FGVC2025/data/rois/6205_18034.png,/home/tahiti/MARINE_DATASETS/FathomNet_FGVC2025/data/images/6205.png,28a6bafa1003bf8c57070bfb542019a91ed2b3748b325c3f58276228a57ad5d7,a90754be2b605760145eae32f4b28b9608a6dc0bc20be0911a3493f801efa0aa,6205,4,train
18124,6232,20,Delectopecten,/home/tahiti/MARINE_DATASETS/FathomNet_FGVC2025/data/rois/6232_18124.png,/home/tahiti/MARINE_DATASETS/FathomNet_FGVC2025/data/images/6232.png,8bda7b705cf5a6a2ffc27816846d0aacca2eaee232b551b3695a9cdec35d2089,0b9fa2e669fc414f422181f388a73f0b0de18afb502be99b92bcf53e2f502891,6232,4,train
18125,6232,20,Delectopecten,/home/tahiti/MARINE_DATASETS/FathomNet_FGVC2025/data/rois/6232_18125.png,/home/tahiti/MARINE_DATASETS/FathomNet_FGVC2025/data/images/6232.png,069c9dbfe8adf31e9dcd50270d608c25cf580742befafd8d6b0315fb4cdabf8f,0b9fa2e669fc414f422181f388a73f0b0de18afb502be99b92bcf53e2f502891,6232,4,train
18132,6232,20,Delectopecten,/home/tahiti/MARINE_DATASETS/FathomNet_FGVC2025/data/rois/6232_18132.png,/home/tahiti/MARINE_DATASETS/FathomNet_FGVC2025/data/images/6232.png,fb1c41e3757d6a1edf4195283a3ab02d04857fa7a017fa2a5f63d9c6ebe1684b,0b9fa2e669fc414f422181f388a73f0b0de18afb502be99b92bcf53e2f502891,6232,4,train
18187,6264,12,Benthocodon pedunculata,/home/tahiti/MARINE_DATASETS/FathomNet_FGVC2025/data/rois/6264_18187.png,/home/tahiti/MARINE_DATASETS/FathomNet_FGVC2025/data/images/6264.png,3cf7a285d73a09e6dc535a93ab902356db580f3042d6f26bc62ffb1b734e981f,fd49c7582d6e811cd7e0833faf978c443cf99bbef5322f65074bd1fec26f47ff,6264,2,train
18192,6267,56,Paralomis multispina,/home/tahiti/MARINE_DATASETS/FathomNet_FGVC2025/data/rois/6267_18192.png,/home/tahiti/MARINE_DATASETS/FathomNet_FGVC2025/data/images/6267.png,405a899fef8d1f9f68037301ce9fb29937d94312a4560f718d04c4da60590f4f,7805fa1f00c31c163abf85e56d407a8066dabb18a1ff32750a2542915e07f938,6267,6,train
18208,6278,56,Paralomis multispina,/home/tahiti/MARINE_DATASETS/FathomNet_FGVC2025/data/rois/6278_18208.png,/home/tahiti/MARINE_DATASETS/FathomNet_FGVC2025/data/images/6278.png,7412715337cf62ffe729d567b4506376af64ae3753741327a838c0fe50958883,4c5129164d07b3ae92f7e0a96b7a608ac91b60a713e714695f8bc74507cb387d,6278,1,train
18296,6310,40,Mediaster aequalis,/home/tahiti/MARINE_DATASETS/FathomNet_FGVC2025/data/rois/6310_18296.png,/home/tahiti/MARINE_DATASETS/FathomNet_FGVC2025/data/images/6310.png,87fa53bfc9bd63774ccfa4ef034ae34e7fd7e93b0465ea491ebc47b2074a1235,eca48127070031ea12faa21550689e837f64516f00114b5d47aff202bbbce304,6310,4,train
18297,6310,40,Mediaster aequalis,/home/tahiti/MARINE_DATASETS/FathomNet_FGVC2025/data/rois/6310_18297.png,/home/tahiti/MARINE_DATASETS/FathomNet_FGVC2025/data/images/6310.png,03a872bf3919161ea222efb12a7bdd286cc6a1b1842ab32c261d56817afd2b62,eca48127070031ea12faa21550689e837f64516f00114b5d47aff202bbbce304,6310,4,train
18327,6327,33,Hormathiidae,/home/tahiti/MARINE_DATASETS/FathomNet_FGVC2025/data/rois/6327_18327.png,/home/tahiti/MARINE_DATASETS/FathomNet_FGVC2025/data/images/6327.png,56dad82881747f2313e40fd980df87e1754308c2277639c67ad4f9feb8be9619,e1ff17cb9a77cb271c092ac8f9fe33b392c81bbd63181bcf75b42913c64b12a7,6327,1,train
18338,6337,7,Amphipoda,/home/tahiti/MARINE_DATASETS/FathomNet_FGVC2025/data/rois/6337_18338.png,/home/tahiti/MARINE_DATASETS/FathomNet_FGVC2025/data/images/6337.png,354030e2e820113cf374b9e3ba06a2a09263deb46bfd52810958784355645a5a,1996d67cbc02f23c9f7b208f9da04deacdab6151979eeb4f49705ccc660d8642,6337,0,train
18346,6340,33,Hormathiidae,/home/tahiti/MARINE_DATASETS/FathomNet_FGVC2025/data/rois/6340_18346.png,/home/tahiti/MARINE_DATASETS/FathomNet_FGVC2025/data/images/6340.png,d899840aa800cb6fb7df6af333c20cae3ccfef34c1c1c456075a1287ba3dbdc5,b5b0a31bea8315efd376989c617cf75bca96922a48cf8cb747432308227fa725,6340,2,train
18371,6355,51,Pandalus amplus,/home/tahiti/MARINE_DATASETS/FathomNet_FGVC2025/data/rois/6355_18371.png,/home/tahiti/MARINE_DATASETS/FathomNet_FGVC2025/data/images/6355.png,0674843b01d6807c5b33841d7135a593e2ea1bbb6235e811ff3137912d120cc5,a9a8e9886bee42c5d2a5c8f050576fc0d1564ec83cc1c237ab5f28c7dc54967e,6355,6,train
18373,6356,51,Pandalus amplus,/home/tahiti/MARINE_DATASETS/FathomNet_FGVC2025/data/rois/6356_18373.png,/home/tahiti/MARINE_DATASETS/FathomNet_FGVC2025/data/images/6356.png,b3c6a2c2adecfc99b471cf37e99b78e250a2e094372b4c240d90741f660cc67f,90ba2bb187fc1d7f011d245956c2ab93120c6dc67e1785693e53171e5bf0fd2c,6356,6,train
18407,6375,38,Liponema brevicorne,/home/tahiti/MARINE_DATASETS/FathomNet_FGVC2025/data/rois/6375_18407.png,/home/tahiti/MARINE_DATASETS/FathomNet_FGVC2025/data/images/6375.png,f1f22c50913c454cee4a995182c19ae848c750820e2a461b1fa7af5ad405ee2d,7deb151d159b680b53f1b61831116611d575224d84375d56e5acadca0c71eadd,6375,4,train
18432,6389,1,Abyssocucumis abyssorum,/home/tahiti/MARINE_DATASETS/FathomNet_FGVC2025/data/rois/6389_18432.png,/home/tahiti/MARINE_DATASETS/FathomNet_FGVC2025/data/images/6389.png,9933c7cd65fcc3f5008f83c420c45ab95bba90aeecb54d6a61accb908424af72,2576f14a118242ae64b4dc30ec3b7edeb22426e9493cde2352799a3613fc45c7,6389,1,train
18494,6411,43,Microstomus pacificus,/home/tahiti/MARINE_DATASETS/FathomNet_FGVC2025/data/rois/6411_18494.png,/home/tahiti/MARINE_DATASETS/FathomNet_FGVC2025/data/images/6411.png,29cdfa5c1f302686491a5a2f40fbdd10f007757cb51b65b6a1f53d3cd3d2d9b7,c5d385855a8c2e562c8e0e8ac75cfa4659659d2f3aa880654fc78c51af23ae41,6411,2,train
18518,6424,33,Hormathiidae,/home/tahiti/MARINE_DATASETS/FathomNet_FGVC2025/data/rois/6424_18518.png,/home/tahiti/MARINE_DATASETS/FathomNet_FGVC2025/data/images/6424.png,e240bf38aa26e82f103d1b05b6c0a7fec2c541da10065dc73fbf50638e358ec1,bea0cc51da3b89a81bda006e4a0a68e447ee0c59a66efe180da064bcfc92afef,6424,4,train
18537,6436,9,Asbestopluma,/home/tahiti/MARINE_DATASETS/FathomNet_FGVC2025/data/rois/6436_18537.png,/home/tahiti/MARINE_DATASETS/FathomNet_FGVC2025/data/images/6436.png,973565415f3dd2380bdac7aa8d34a563af1627798a6886ba540cd91ed2ef1b8b,2f6047b20c7055b20bb7531572da190bca28211d19fbec892ad6a56ac2c5a786,6436,6,train
18541,6438,43,Microstomus pacificus,/home/tahiti/MARINE_DATASETS/FathomNet_FGVC2025/data/rois/6438_18541.png,/home/tahiti/MARINE_DATASETS/FathomNet_FGVC2025/data/images/6438.png,90b279720136d1b965a9963d7c4b27a551f13221e34e1f0d143362f249e135c0,8de7b4eb191c583c7785cded62d426c27b11f70aefa6bcf4259678ca0780f04a,6438,0,train
18615,6474,7,Amphipoda,/home/tahiti/MARINE_DATASETS/FathomNet_FGVC2025/data/rois/6474_18615.png,/home/tahiti/MARINE_DATASETS/FathomNet_FGVC2025/data/images/6474.png,0922758ae8e6657cbe6a54a864ca39384848e1d27654427ecd6cc2bec216d309,72f63f2d2a1830625c11d11b073af68aae91e418a671dce3f412a2594a1b78ea,6474,0,train
18616,6475,66,Scleractinia,/home/tahiti/MARINE_DATASETS/FathomNet_FGVC2025/data/rois/6475_18616.png,/home/tahiti/MARINE_DATASETS/FathomNet_FGVC2025/data/images/6475.png,42a73d9f819867ce39f7a384a96b72a8e2ca70fec54ec57cce3281336c40067a,ecd381b8cf52c2253e39f832e74d77a71544b77f364d7ce1862e3e52b956dcc4,6475,6,train
18617,6475,51,Pandalus amplus,/home/tahiti/MARINE_DATASETS/FathomNet_FGVC2025/data/rois/6475_18617.png,/home/tahiti/MARINE_DATASETS/FathomNet_FGVC2025/data/images/6475.png,5f3690e5d75baa3a5bb6e00ae78db8219fa14a1ed87a1ae060d3c8f2deee8e61,ecd381b8cf52c2253e39f832e74d77a71544b77f364d7ce1862e3e52b956dcc4,6475,6,train
18629,6478,4,Actinernus,/home/tahiti/MARINE_DATASETS/FathomNet_FGVC2025/data/rois/6478_18629.png,/home/tahiti/MARINE_DATASETS/FathomNet_FGVC2025/data/images/6478.png,a5bbd5f7a763a34df7b4785947154b681d24ee2cdc30a943bdc70b8f173e04a3,fd8635cd184a15a6399170db4188a3a0886dffe80445081f99f548ebf148829b,6478,1,train
18677,6495,2,Acanthascinae,/home/tahiti/MARINE_DATASETS/FathomNet_FGVC2025/data/rois/6495_18677.png,/home/tahiti/MARINE_DATASETS/FathomNet_FGVC2025/data/images/6495.png,f604f74b9b9609fdc0702f64033c45802c6bf19b2c567c7d9061447c2b410614,46bbb18d6e782a188f6a665663ac0116d7bd342ffe9bb6496cddba884634e3a6,6495,2,train
18697,6511,75,Terebellidae,/home/tahiti/MARINE_DATASETS/FathomNet_FGVC2025/data/rois/6511_18697.png,/home/tahiti/MARINE_DATASETS/FathomNet_FGVC2025/data/images/6511.png,75e7decda58fdd3188ee2ff0778e37a84ef7fe4c08edd64fb8a60d1e5adda265,cf9f65dabba86c0ed10dba6d7324803b1742cfec3ed613bb3d6f6427dc56e578,6511,0,train
18774,6558,8,Apostichopus leukothele,/home/tahiti/MARINE_DATASETS/FathomNet_FGVC2025/data/rois/6558_18774.png,/home/tahiti/MARINE_DATASETS/FathomNet_FGVC2025/data/images/6558.png,36f566ec030e31fef5ab1177fbf58a5c7c8c7e655f50298145a025ae57b25ce7,98ae337d8408c540a3d49c866d74ea41c1e336e32f3f4ce2f9ac7e71e26f6934,6558,4,train
18777,6560,51,Pandalus amplus,/home/tahiti/MARINE_DATASETS/FathomNet_FGVC2025/data/rois/6560_18777.png,/home/tahiti/MARINE_DATASETS/FathomNet_FGVC2025/data/images/6560.png,781a9645a7cb3c67295bcdf5393050cc271c3324da3d5ebd38c30226cbc71082,9b387593f876a17d4f8da8d31ac79b71db68055fe1a419cb5454223b000199b4,6560,0,train
18790,6570,15,Ceriantharia,/home/tahiti/MARINE_DATASETS/FathomNet_FGVC2025/data/rois/6570_18790.png,/home/tahiti/MARINE_DATASETS/FathomNet_FGVC2025/data/images/6570.png,9053a73bf54d40a31b75b9bc0f6185bb62f63460c7fd2e15fa0dbe96c06d6a4d,76d3ab2d9142daaaea9f8e7ca031f54f387a6a70a48db7b57e1ee44d5829a300,6570,0,train
18813,6582,1,Abyssocucumis abyssorum,/home/tahiti/MARINE_DATASETS/FathomNet_FGVC2025/data/rois/6582_18813.png,/home/tahiti/MARINE_DATASETS/FathomNet_FGVC2025/data/images/6582.png,ed0647ea3fe9d82fee7439cfbfce96bfad6c4feb2f2a5a2ae3dcca872f3fd647,50f43163215dcdce3189a1f23680380ac9a7e878fa8a331faf86f5304f6ada8d,6582,2,train
18853,6600,34,Isidella tentaculum,/home/tahiti/MARINE_DATASETS/FathomNet_FGVC2025/data/rois/6600_18853.png,/home/tahiti/MARINE_DATASETS/FathomNet_FGVC2025/data/images/6600.png,8695d162a9ecfb9f7dbededd57a43d394d699961a41b6b215789ca5b44ed0080,f00c20efbc709c5ef587cc9a6a66257e6b5efe6fc8bb5d015489b40c2dfaca6b,6600,1,train
18873,6613,43,Microstomus pacificus,/home/tahiti/MARINE_DATASETS/FathomNet_FGVC2025/data/rois/6613_18873.png,/home/tahiti/MARINE_DATASETS/FathomNet_FGVC2025/data/images/6613.png,ae2179e25f4b7bd4506649273bfbb30f727924dc57d1bbc9b6331a4fc0cbd1cd,1f095ce903629367b6e5efb8e2082e4617649b4bcb05ee6ebbf18f5e64fc54e2,6613,0,train
18892,6623,15,Ceriantharia,/home/tahiti/MARINE_DATASETS/FathomNet_FGVC2025/data/rois/6623_18892.png,/home/tahiti/MARINE_DATASETS/FathomNet_FGVC2025/data/images/6623.png,7705d3a427d7e568e0337c25e980f3219af10e4eadc7b9063943d8b17a90d518,4c43815b7fd0b24519a07820d3612c7cd878cebd270e7fb3b347154c321c87f7,6623,1,train
18895,6626,78,Vesicomyidae,/home/tahiti/MARINE_DATASETS/FathomNet_FGVC2025/data/rois/6626_18895.png,/home/tahiti/MARINE_DATASETS/FathomNet_FGVC2025/data/images/6626.png,7dc5134bd463c1a49907a0d375f24b61c2db8356d0fed1bd9649c17405aaed35,bff05d123a2a6f482603ee9c3c5a6e869910a35bfb69063cc0a6e99880fd6c10,6626,1,train
18925,6634,21,Elpidia,/home/tahiti/MARINE_DATASETS/FathomNet_FGVC2025/data/rois/6634_18925.png,/home/tahiti/MARINE_DATASETS/FathomNet_FGVC2025/data/images/6634.png,cc8fe565d6f3ba1624ef58cef4b769fed98b507bf2d916c18d57e2cf2c61892c,36bacb3269ec7e3d48239e1f7ea0db8ea6e1b308435c82b055f2a9ceea065669,6634,4,train
18927,6635,14,Caridea,/home/tahiti/MARINE_DATASETS/FathomNet_FGVC2025/data/rois/6635_18927.png,/home/tahiti/MARINE_DATASETS/FathomNet_FGVC2025/data/images/6635.png,239c7a5a942e9093cc5db0b791e07851e264978ec9fff5ac6c229a53f2b6c69a,cdc1f9ef2fc3bdad29f8715c4223ce884ef7011934842fd8190f06779c96700b,6635,2,train
18931,6635,14,Caridea,/home/tahiti/MARINE_DATASETS/FathomNet_FGVC2025/data/rois/6635_18931.png,/home/tahiti/MARINE_DATASETS/FathomNet_FGVC2025/data/images/6635.png,5258edf29f4dfff16c4194cf4a81185ce3ffe73bb33c66555b25d1f01e76ccb2,cdc1f9ef2fc3bdad29f8715c4223ce884ef7011934842fd8190f06779c96700b,6635,2,train
18947,6643,21,Elpidia,/home/tahiti/MARINE_DATASETS/FathomNet_FGVC2025/data/rois/6643_18947.png,/home/tahiti/MARINE_DATASETS/FathomNet_FGVC2025/data/images/6643.png,6a4aa0716922164244d83e4251b9395549c40556dc0a715b138ba4bce9792e61,a6f01d83ded719c3fdc9feb0d99e9c0fdc4d1d2c6b1eda75619c45dde73c6d22,6643,2,train
18952,6645,8,Apostichopus leukothele,/home/tahiti/MARINE_DATASETS/FathomNet_FGVC2025/data/rois/6645_18952.png,/home/tahiti/MARINE_DATASETS/FathomNet_FGVC2025/data/images/6645.png,2d5d5ba01bef21c8226ee3d4fff20520032f30f93421e58be7c0603415adb96c,16422834ec39d4a667de417695d75ec4167538a26eec66b32386d2364b74db06,6645,1,train
19032,6681,40,Mediaster aequalis,/home/tahiti/MARINE_DATASETS/FathomNet_FGVC2025/data/rois/6681_19032.png,/home/tahiti/MARINE_DATASETS/FathomNet_FGVC2025/data/images/6681.png,903a58d97de49531270fa632c07886c6bbcb7d4aca68a4f8834848dbf93530b1,4d33fe5d14ffcd4ffac84681f068eb85c5aa23214d605d4d6674dfa4eebabc46,6681,2,train
19073,6699,52,Pandalus platyceros,/home/tahiti/MARINE_DATASETS/FathomNet_FGVC2025/data/rois/6699_19073.png,/home/tahiti/MARINE_DATASETS/FathomNet_FGVC2025/data/images/6699.png,ed8e5343fc4cbba329e0b3619d6ada5e3c8785f1b418015fda1b4280e19b44fa,7945c3681350e88945a057f23e0bca5484382e5afc3951d4572f79b56bb90826,6699,4,train
19078,6699,52,Pandalus platyceros,/home/tahiti/MARINE_DATASETS/FathomNet_FGVC2025/data/rois/6699_19078.png,/home/tahiti/MARINE_DATASETS/FathomNet_FGVC2025/data/images/6699.png,1530e41e0abb1b1afbb49bc60f4a235bd15e8c684bbc3ebfe20f6b858da11983,7945c3681350e88945a057f23e0bca5484382e5afc3951d4572f79b56bb90826,6699,4,train
19080,6699,52,Pandalus platyceros,/home/tahiti/MARINE_DATASETS/FathomNet_FGVC2025/data/rois/6699_19080.png,/home/tahiti/MARINE_DATASETS/FathomNet_FGVC2025/data/images/6699.png,6fa77c036239543180d08e915f208cec2cd4e3315ba112a7dd23337b2de2b1f6,7945c3681350e88945a057f23e0bca5484382e5afc3951d4572f79b56bb90826,6699,4,train
19117,6713,34,Isidella tentaculum,/home/tahiti/MARINE_DATASETS/FathomNet_FGVC2025/data/rois/6713_19117.png,/home/tahiti/MARINE_DATASETS/FathomNet_FGVC2025/data/images/6713.png,c5acc877a7a63d35b10effa43c91cd3bd6a3a933e89b70e78bad304dad144c54,d6c6cd9b0e0d7d228db084b79c6802b008dc465b75064bf0d4ad568c9c78175e,6713,0,train
19136,6723,43,Microstomus pacificus,/home/tahiti/MARINE_DATASETS/FathomNet_FGVC2025/data/rois/6723_19136.png,/home/tahiti/MARINE_DATASETS/FathomNet_FGVC2025/data/images/6723.png,89db1f5711d782f1395adf3db90b37e96393cfffa10d7312b9284a011c33e749,3f5a88db63a50c7c4bf60087230cbc147ddcf5d3d9c997c71a687ea8b69f1fa5,6723,1,train
19213,6762,7,Amphipoda,/home/tahiti/MARINE_DATASETS/FathomNet_FGVC2025/data/rois/6762_19213.png,/home/tahiti/MARINE_DATASETS/FathomNet_FGVC2025/data/images/6762.png,d894152940c0e766296912656a077056b4af8ea788d3f6f883b84720fb0819e0,91cfd993fa193fcaf412fe30e933ac3dd82e70f64c92cfba5cebfcb4c986c8d0,6762,4,train
19216,6762,7,Amphipoda,/home/tahiti/MARINE_DATASETS/FathomNet_FGVC2025/data/rois/6762_19216.png,/home/tahiti/MARINE_DATASETS/FathomNet_FGVC2025/data/images/6762.png,6698e1183fc3a5219e0f45d21b03d2d2256dc11a27413f3cdf703ff4f40839c8,91cfd993fa193fcaf412fe30e933ac3dd82e70f64c92cfba5cebfcb4c986c8d0,6762,4,train
19303,6818,66,Scleractinia,/home/tahiti/MARINE_DATASETS/FathomNet_FGVC2025/data/rois/6818_19303.png,/home/tahiti/MARINE_DATASETS/FathomNet_FGVC2025/data/images/6818.png,c74737e68145e692386b0cb550aa0a8fda64f5299fb37c5c5f5676c20a50b607,1bba27a07939931fac45fa8038a50144d33d337bc1df63044ae129369efe5ee1,6818,1,train
19337,6841,27,Heterocarpus,/home/tahiti/MARINE_DATASETS/FathomNet_FGVC2025/data/rois/6841_19337.png,/home/tahiti/MARINE_DATASETS/FathomNet_FGVC2025/data/images/6841.png,71f8daae2a1bcd567be94c5407aba8e4181ea8b10eabf66947b3876bb6e63264,72abc8c8a48d211d5f0da957cde938650d77e9972525c119b4d1dbffda91a145,6841,6,train
19411,6866,15,Ceriantharia,/home/tahiti/MARINE_DATASETS/FathomNet_FGVC2025/data/rois/6866_19411.png,/home/tahiti/MARINE_DATASETS/FathomNet_FGVC2025/data/images/6866.png,19c3cd2151ff81449d447040ee4c5603e71f937b040bc3a7ab7e57941c32ec34,6766d053d90f5dc84228069e0bc9f59f9e5a6800f78b84b635366a2169363ea0,6866,1,train
19450,6888,39,Lithodidae,/home/tahiti/MARINE_DATASETS/FathomNet_FGVC2025/data/rois/6888_19450.png,/home/tahiti/MARINE_DATASETS/FathomNet_FGVC2025/data/images/6888.png,4637641442ff86c09b94d1f0b03f87ef8fe27572cf99f5347b0420680534cdb8,c5f56fc580ee6647a45e5a85c0784e6b4a63130c3fc2ce262bebee1d3211f56c,6888,0,train
19471,6897,2,Acanthascinae,/home/tahiti/MARINE_DATASETS/FathomNet_FGVC2025/data/rois/6897_19471.png,/home/tahiti/MARINE_DATASETS/FathomNet_FGVC2025/data/images/6897.png,d94e610abe2ab979db15bd49c66abdc3453527b96f6f6f66b1c412fcf889ddd3,d5c735faf910164736b2a1ddf0b0d1f4db6ae129c0c3233b0eb132a7597dfd96,6897,1,train
19484,6904,21,Elpidia,/home/tahiti/MARINE_DATASETS/FathomNet_FGVC2025/data/rois/6904_19484.png,/home/tahiti/MARINE_DATASETS/FathomNet_FGVC2025/data/images/6904.png,b397d84cca33053ca93d066c572e1ef5c1df00ef3de59794741bd2288906137d,c213da8bcd0d71c17fe4b5f33fbd7a913780382c82e4aa56c2d0f962c16f1143,6904,6,train
19491,6909,7,Amphipoda,/home/tahiti/MARINE_DATASETS/FathomNet_FGVC2025/data/rois/6909_19491.png,/home/tahiti/MARINE_DATASETS/FathomNet_FGVC2025/data/images/6909.png,8a69ded618f2328c315a1edb36aef4e3b896514712e351c023e3d94b91c07910,b2cdb1b674e597dcbc5fb0a78bdd1309a943b7f48bac6809ea888de8e3efa6d2,6909,2,train
19502,6914,10,Asbestopluma monticola,/home/tahiti/MARINE_DATASETS/FathomNet_FGVC2025/data/rois/6914_19502.png,/home/tahiti/MARINE_DATASETS/FathomNet_FGVC2025/data/images/6914.png,72028d75980efd0c26a60d14a0880ed326a3db528a8a0ebea8ef8e2d706841db,ddf3214a871065b7acf1265d5cfb9c4bf02f9a6077c0fd1ed00c1a1337a7d447,6914,6,train
19526,6921,61,Psathyrometra fragilis,/home/tahiti/MARINE_DATASETS/FathomNet_FGVC2025/data/rois/6921_19526.png,/home/tahiti/MARINE_DATASETS/FathomNet_FGVC2025/data/images/6921.png,1c2747ef59fe2b8e6ef6f994bf91c420bab616832b4b5cc71edbb6052870d71d,9f7c6fc318eb2d3a60cb903974003fadfbc81914b1f269072f70cb4f9cdae028,6921,0,train
19534,6924,43,Microstomus pacificus,/home/tahiti/MARINE_DATASETS/FathomNet_FGVC2025/data/rois/6924_19534.png,/home/tahiti/MARINE_DATASETS/FathomNet_FGVC2025/data/images/6924.png,53cf05f815d0acb545b06f7c4f72464dd6de4f167c3450152012ca2b25f241dd,7ef3e11ae74f6c464650d3cd0193affe78d9869dfe4a8a0e181341948e863a1c,6924,4,train
19585,6945,26,Gersemia juliepackardae,/home/tahiti/MARINE_DATASETS/FathomNet_FGVC2025/data/rois/6945_19585.png,/home/tahiti/MARINE_DATASETS/FathomNet_FGVC2025/data/images/6945.png,4289818fd2986a559144b2f1743280b8669f1d3e2d2fd5f81ff0d052aaedd5c6,d3fde58d1828f7e68013e66a4ff61f78b4fa14e0c17db1ec55e489328dd52253,6945,0,train
19590,6946,50,Paelopatides confundens,/home/tahiti/MARINE_DATASETS/FathomNet_FGVC2025/data/rois/6946_19590.png,/home/tahiti/MARINE_DATASETS/FathomNet_FGVC2025/data/images/6946.png,a2620abfcca43587874808159c190ee9372d4e7434372272e569635fc67d1cc8,73e00444da185fa5d8c3a99e58428432e0adf9fd0d1dad3dbb5bf210e17c731e,6946,1,train
19605,6955,18,Corallimorphus pilatus,/home/tahiti/MARINE_DATASETS/FathomNet_FGVC2025/data/rois/6955_19605.png,/home/tahiti/MARINE_DATASETS/FathomNet_FGVC2025/data/images/6955.png,646f0e5023a287fb93ec68099943abd0ae34d773e82c3e569cca80826c673880,3a989b8813051c902713d299c36b8efa0a48cc2b261b1dedb9563039202f00ab,6955,4,train
19670,6993,3,Acanthoptilum,/home/tahiti/MARINE_DATASETS/FathomNet_FGVC2025/data/rois/6993_19670.png,/home/tahiti/MARINE_DATASETS/FathomNet_FGVC2025/data/images/6993.png,361ee442bd93500413a09d65e91142104ac3b11d7d79731349c73ab3d73b67f5,9058d675efed23b0218803d2b1e805635aa155a61916d3c7b18a125aafebe43b,6993,6,train
19690,7004,56,Paralomis multispina,/home/tahiti/MARINE_DATASETS/FathomNet_FGVC2025/data/rois/7004_19690.png,/home/tahiti/MARINE_DATASETS/FathomNet_FGVC2025/data/images/7004.png,babd640f24a967f7e295545b958208d3e81c65a49cb5a2c23394061bced13a07,d713859714a0332a5a04ed5b8fe505ffcb8069b3796027b45ebf2fae461c4df8,7004,0,train
19709,7009,9,Asbestopluma,/home/tahiti/MARINE_DATASETS/FathomNet_FGVC2025/data/rois/7009_19709.png,/home/tahiti/MARINE_DATASETS/FathomNet_FGVC2025/data/images/7009.png,c6b6ec5a3a2351bde68fe15ee7cee4a2b619343ffad3f81f12aede25842a616d,a9070c58856e42f0f7f0213621adeeeed538bace5e2cef061a5c999652eb690a,7009,1,train
19731,7021,34,Isidella tentaculum,/home/tahiti/MARINE_DATASETS/FathomNet_FGVC2025/data/rois/7021_19731.png,/home/tahiti/MARINE_DATASETS/FathomNet_FGVC2025/data/images/7021.png,f3a9f2b3d7965444e3ecbe6a814dc7b8b1919c37f2c14a6d12c38c829f568717,251a3aaaa0096846f4e026d9272f892a76788d9120663ead74c76e7fc14c7213,7021,4,train
19757,7035,6,Actinopterygii,/home/tahiti/MARINE_DATASETS/FathomNet_FGVC2025/data/rois/7035_19757.png,/home/tahiti/MARINE_DATASETS/FathomNet_FGVC2025/data/images/7035.png,f23f89624b5bb2d0b003587f5da59fa0e6967eb704049b7b33fa724d60b4e16e,4f43df10fb9f950deb96f8764a7136a30889204591db8f21afca11e8226b8414,7035,4,train
19805,7056,15,Ceriantharia,/home/tahiti/MARINE_DATASETS/FathomNet_FGVC2025/data/rois/7056_19805.png,/home/tahiti/MARINE_DATASETS/FathomNet_FGVC2025/data/images/7056.png,457eed6a456a82976593990901e1b4b3db8326be3db9d918cf4c87d25812fe3f,7b7b4db51b704acde65ed2798066517d98b3c59e8cbd26c2c5433d13e069431a,7056,6,train
19810,7058,59,Pennatula phosphorea,/home/tahiti/MARINE_DATASETS/FathomNet_FGVC2025/data/rois/7058_19810.png,/home/tahiti/MARINE_DATASETS/FathomNet_FGVC2025/data/images/7058.png,e1dd7b470aeb7c3ab31bf92e1dc74289cd8d8f79360e278a9f03a93db8943366,0b6076be87dad97585f435df8c125a609d27ecd59629e2676cefa746789b633c,7058,4,train
19814,7059,6,Actinopterygii,/home/tahiti/MARINE_DATASETS/FathomNet_FGVC2025/data/rois/7059_19814.png,/home/tahiti/MARINE_DATASETS/FathomNet_FGVC2025/data/images/7059.png,320c6ef0bf0f4a4dfb12f65f145c49127360bf32d7d14de5a756018a29ef721c,671bfc5b9e055ac1a123c8cb62acf5f3de75a2f9712176b274e5d67c80ab2a2d,7059,2,train
19826,7065,4,Actinernus,/home/tahiti/MARINE_DATASETS/FathomNet_FGVC2025/data/rois/7065_19826.png,/home/tahiti/MARINE_DATASETS/FathomNet_FGVC2025/data/images/7065.png,b1514445bfbe006caaa7c0c94adc614bac8dd086bba964289b8c79c63dbb09ee,a5ac202776a99772f6001f108c6df4d0c4e65a48f1b76e632feac1018de9d07c,7065,1,train
19854,7075,56,Paralomis multispina,/home/tahiti/MARINE_DATASETS/FathomNet_FGVC2025/data/rois/7075_19854.png,/home/tahiti/MARINE_DATASETS/FathomNet_FGVC2025/data/images/7075.png,f71e6732d1779201a9d92056b59393043e0c93c704393a9384589cf01caa2f54,55bfb29f7908966bddf1543b30880ed47a2df8c1fdebab7c715100ab8165a7f6,7075,4,train
19865,7083,48,Ophiacanthidae,/home/tahiti/MARINE_DATASETS/FathomNet_FGVC2025/data/rois/7083_19865.png,/home/tahiti/MARINE_DATASETS/FathomNet_FGVC2025/data/images/7083.png,bead1519557882a88b4e2ceafcaea7d532d503e514c560c3024423f00c7a1cb6,eb20285995cfb43ba882d4030611463a829fde2c57e3e53754c6032e53813bc4,7083,4,train
19894,7103,8,Apostichopus leukothele,/home/tahiti/MARINE_DATASETS/FathomNet_FGVC2025/data/rois/7103_19894.png,/home/tahiti/MARINE_DATASETS/FathomNet_FGVC2025/data/images/7103.png,ad429da27396985ea80c0e0917189d21f0e56240b0f7816954d80c6010269662,50d2fcae475117d457565b4d6ebcfd0531207dd6f8cc08b739976acda4925365,7103,6,train
19901,7107,12,Benthocodon pedunculata,/home/tahiti/MARINE_DATASETS/FathomNet_FGVC2025/data/rois/7107_19901.png,/home/tahiti/MARINE_DATASETS/FathomNet_FGVC2025/data/images/7107.png,d2174616857ea6a035ab5524a618d98fd353d6fa5fa40cda59af5689323ab6d7,a80c555f8a7c997712f3f80df9ccdb71882ffe23697a179d4610806559b73d39,7107,0,train
19915,7111,9,Asbestopluma,/home/tahiti/MARINE_DATASETS/FathomNet_FGVC2025/data/rois/7111_19915.png,/home/tahiti/MARINE_DATASETS/FathomNet_FGVC2025/data/images/7111.png,51ddd93f054a4360b669878f34a51664eb6e737372783dd15a947aa499cb4b4b,ad714f32cc1e56b7fc63ba689525fa0580d35eec82f7b496eae77c57668f9395,7111,4,train
19961,7128,59,Pennatula phosphorea,/home/tahiti/MARINE_DATASETS/FathomNet_FGVC2025/data/rois/7128_19961.png,/home/tahiti/MARINE_DATASETS/FathomNet_FGVC2025/data/images/7128.png,36fa6d8890fdca6d1903303cb432255f73b97c57d925b57cbfe7c8421685aa51,de58f45cd8b063051082d2e92d7be180cfe19f314150f204005fbd7b63f7233d,7128,1,train
20005,7150,40,Mediaster aequalis,/home/tahiti/MARINE_DATASETS/FathomNet_FGVC2025/data/rois/7150_20005.png,/home/tahiti/MARINE_DATASETS/FathomNet_FGVC2025/data/images/7150.png,37c2629ca260c73bdb8dc66f0489c6729a8d707fbe16288336f98882ec316590,c9e85956806c86bc67ef5855a938da04993b30cca5dc3553772506b3d8fec020,7150,4,train
20014,7156,15,Ceriantharia,/home/tahiti/MARINE_DATASETS/FathomNet_FGVC2025/data/rois/7156_20014.png,/home/tahiti/MARINE_DATASETS/FathomNet_FGVC2025/data/images/7156.png,fee556e44eb2f3879489767bca722847d8e32b97b355a108aed1b826262bb156,317ec4838a5e8a781d2acc110e06cd402fe2d6c44488ea20755ce9dfcc41d890,7156,4,train
20065,7182,50,Paelopatides confundens,/home/tahiti/MARINE_DATASETS/FathomNet_FGVC2025/data/rois/7182_20065.png,/home/tahiti/MARINE_DATASETS/FathomNet_FGVC2025/data/images/7182.png,09201a09d9bafca9ab74bd184a744bbb649a008c76cd445aabc520ca00a0f946,4db5b0163ad448b3973f161118f3036de3e2d47114096b7b79ef0d5427b02b01,7182,1,train
20076,7188,70,Sebastes diploproa,/home/tahiti/MARINE_DATASETS/FathomNet_FGVC2025/data/rois/7188_20076.png,/home/tahiti/MARINE_DATASETS/FathomNet_FGVC2025/data/images/7188.png,dcbcc0f4c87cef02c98671eca31f94b4fe35cd024c282afc821da4ab8e634bc3,02dd1ffc9b2a831322ae2ac5017bb6d49d5fd82eae9b31d9d2f945c852fc9a5c,7188,2,train
20124,7220,10,Asbestopluma monticola,/home/tahiti/MARINE_DATASETS/FathomNet_FGVC2025/data/rois/7220_20124.png,/home/tahiti/MARINE_DATASETS/FathomNet_FGVC2025/data/images/7220.png,d592ea810d231ffb2444f48afb2720037b70be317ee8bbae15ba0d632ea80337,bade04f9499e377eaa52d32fb118372b7a793e861556b8d2390b6adf20fbc609,7220,6,train
20160,7238,61,Psathyrometra fragilis,/home/tahiti/MARINE_DATASETS/FathomNet_FGVC2025/data/rois/7238_20160.png,/home/tahiti/MARINE_DATASETS/FathomNet_FGVC2025/data/images/7238.png,df73d1169a4f9cb7b186797aaee24e9ac86e0cb311e062c18d2c0992cdea8729,77951db74769b14d08495f7ec4df2b32364b02317ed0d822786df5f3f2cda102,7238,0,train
20161,7238,61,Psathyrometra fragilis,/home/tahiti/MARINE_DATASETS/FathomNet_FGVC2025/data/rois/7238_20161.png,/home/tahiti/MARINE_DATASETS/FathomNet_FGVC2025/data/images/7238.png,304e7127034fa301267e83c4d6b9d9339b704e3e67393674e6fbbe5e3ef3651c,77951db74769b14d08495f7ec4df2b32364b02317ed0d822786df5f3f2cda102,7238,0,train
20179,7252,1,Abyssocucumis abyssorum,/home/tahiti/MARINE_DATASETS/FathomNet_FGVC2025/data/rois/7252_20179.png,/home/tahiti/MARINE_DATASETS/FathomNet_FGVC2025/data/images/7252.png,d53811c3bfa0df47ee1112a41834d1c30efdd3f28e6c0a4dc00ea3f3dafa690b,048e5bab9c6f0723413d16559c87330ff8e4ef83797cf57a6e382d91688399e2,7252,1,train
20201,7256,17,Chorilia longipes,/home/tahiti/MARINE_DATASETS/FathomNet_FGVC2025/data/rois/7256_20201.png,/home/tahiti/MARINE_DATASETS/FathomNet_FGVC2025/data/images/7256.png,ff47d41100b2574b023fa51c07ac6df03787280cfe20b7e276208401b952d134,7f22c433ccedb6b4a9f7072ac312f65d0eadb1c01b007dccc51da40460016d71,7256,4,train
20211,7259,75,Terebellidae,/home/tahiti/MARINE_DATASETS/FathomNet_FGVC2025/data/rois/7259_20211.png,/home/tahiti/MARINE_DATASETS/FathomNet_FGVC2025/data/images/7259.png,becc50d6d30ff860909a894bd170fc1b34a55a1130f46b3a8ece7eac935a5d94,f5615707d7e84315c95d7615a5e21c2c6461ed5f2aa2066af5ca755f458209bb,7259,6,train
20249,7271,78,Vesicomyidae,/home/tahiti/MARINE_DATASETS/FathomNet_FGVC2025/data/rois/7271_20249.png,/home/tahiti/MARINE_DATASETS/FathomNet_FGVC2025/data/images/7271.png,401eddc167b9447a2b43053e11272936241e6b667ca794a7430a5bff3a2da88e,96e80fe046f187a5e0001f51cf824ce26d8d70907a985cd594fc0e89004ca110,7271,6,train
20276,7285,57,Parastenella,/home/tahiti/MARINE_DATASETS/FathomNet_FGVC2025/data/rois/7285_20276.png,/home/tahiti/MARINE_DATASETS/FathomNet_FGVC2025/data/images/7285.png,536f9d49b0e94cf47ad8b8575b96c625114fb3e6e9d8436aa2c0d184125cbfd2,decd59d75fe0e6381903ea6ad440d3486ed68367b87327e945a80f7c73b25755,7285,0,train
20279,7285,57,Parastenella,/home/tahiti/MARINE_DATASETS/FathomNet_FGVC2025/data/rois/7285_20279.png,/home/tahiti/MARINE_DATASETS/FathomNet_FGVC2025/data/images/7285.png,280674c0a41bac4cb8e0d7e1cb97a50a55ee24896d07264ead5267dd4157c4ac,decd59d75fe0e6381903ea6ad440d3486ed68367b87327e945a80f7c73b25755,7285,0,train
20301,7294,9,Asbestopluma,/home/tahiti/MARINE_DATASETS/FathomNet_FGVC2025/data/rois/7294_20301.png,/home/tahiti/MARINE_DATASETS/FathomNet_FGVC2025/data/images/7294.png,2100f82843770b29c12c19898225de1ddb85e01e8323650c6e7019f24afbb1be,9d1531c684b39fdc4d0c113508be4dc1e53b8fba26909b36c1e84a0629405249,7294,1,train
20307,7297,39,Lithodidae,/home/tahiti/MARINE_DATASETS/FathomNet_FGVC2025/data/rois/7297_20307.png,/home/tahiti/MARINE_DATASETS/FathomNet_FGVC2025/data/images/7297.png,d8010b16e326893fa897b5c71a81dd15c5acaf80974978342bef2cfe8c81cf63,af08801f1054a3092f6c35a7fa4aa866d081e9df2386f83f1dd4ffc15b5e52db,7297,1,train
20315,7299,66,Scleractinia,/home/tahiti/MARINE_DATASETS/FathomNet_FGVC2025/data/rois/7299_20315.png,/home/tahiti/MARINE_DATASETS/FathomNet_FGVC2025/data/images/7299.png,777574d92f9fdab5252b47294d64eb5f2f3982b7d31d5dd4e775d2aecb56aa1e,bbf83a7ad420882a3bbfd7e2a57026da1c6e8428a0f06359451d107a4818850b,7299,2,train
20331,7309,40,Mediaster aequalis,/home/tahiti/MARINE_DATASETS/FathomNet_FGVC2025/data/rois/7309_20331.png,/home/tahiti/MARINE_DATASETS/FathomNet_FGVC2025/data/images/7309.png,5b84f7cc4f449b48226f8055842f263ae0ac9eb9cc3b31b433e3f70ddcf0f125,15b2720e0d94c3b5fc66fd5370be672ac95e5c33e2dcb65a812abefc5d5d0e7b,7309,1,train
20333,7311,6,Actinopterygii,/home/tahiti/MARINE_DATASETS/FathomNet_FGVC2025/data/rois/7311_20333.png,/home/tahiti/MARINE_DATASETS/FathomNet_FGVC2025/data/images/7311.png,9a760998b6b880062fe55eb96f15f7e22a6999564a3c059cc3154df4a3081fa5,c520085332cbcc0576da12a0b430082b00989c7b48b053524d8e2c4734f581bf,7311,6,train
20346,7313,26,Gersemia juliepackardae,/home/tahiti/MARINE_DATASETS/FathomNet_FGVC2025/data/rois/7313_20346.png,/home/tahiti/MARINE_DATASETS/FathomNet_FGVC2025/data/images/7313.png,4f2b0b2f7b28afd1c994c3596468ca218faeacd8e6833b91233047106893c795,15fece70781034516c2865935bf8c9509a9871da21e86de7b1ef2c30caa74fdc,7313,6,train
20353,7313,26,Gersemia juliepackardae,/home/tahiti/MARINE_DATASETS/FathomNet_FGVC2025/data/rois/7313_20353.png,/home/tahiti/MARINE_DATASETS/FathomNet_FGVC2025/data/images/7313.png,dbc16db9c58204abc6214fdb9c4fe15e3acda103ad97d53c02a27341798bb87c,15fece70781034516c2865935bf8c9509a9871da21e86de7b1ef2c30caa74fdc,7313,6,train
20380,7326,9,Asbestopluma,/home/tahiti/MARINE_DATASETS/FathomNet_FGVC2025/data/rois/7326_20380.png,/home/tahiti/MARINE_DATASETS/FathomNet_FGVC2025/data/images/7326.png,f617ec44c56af0e8c008e5d15ab24b9ed436ba41345eab4e6a1085e66e031763,16411bee3f20ee1019ed17f1b700e8f28376c9b425c1f9399dd5e3dfe70d7324,7326,0,train
20431,7352,50,Paelopatides confundens,/home/tahiti/MARINE_DATASETS/FathomNet_FGVC2025/data/rois/7352_20431.png,/home/tahiti/MARINE_DATASETS/FathomNet_FGVC2025/data/images/7352.png,8624de914e5b7c00bcc6fc8e9cc82eafda12f9ce596d39f4983bea8173d27821,6d1f97bc378d0eb7d564c925d8086baa77c44eb4090653f973b9f8cc1254bc87,7352,0,train
20517,7390,50,Paelopatides confundens,/home/tahiti/MARINE_DATASETS/FathomNet_FGVC2025/data/rois/7390_20517.png,/home/tahiti/MARINE_DATASETS/FathomNet_FGVC2025/data/images/7390.png,0cb648d753f614203f7e0db1d775a3111a75bed949eb90487abd2cff2b2d71ff,f7d687368ea2d17b04dc02aab2df66d090053e114ed27e4cd2750d77e9929c3c,7390,6,train
20530,7393,10,Asbestopluma monticola,/home/tahiti/MARINE_DATASETS/FathomNet_FGVC2025/data/rois/7393_20530.png,/home/tahiti/MARINE_DATASETS/FathomNet_FGVC2025/data/images/7393.png,9dfe47b86e5431fbc226ae4dfccf3a3a36d3c8fbdbac57dd44e91eb14dbfddb1,9292667585059148abbf51412d32f03dbea6576a9046dae21945e5a81cbd903f,7393,0,train
20635,7446,3,Acanthoptilum,/home/tahiti/MARINE_DATASETS/FathomNet_FGVC2025/data/rois/7446_20635.png,/home/tahiti/MARINE_DATASETS/FathomNet_FGVC2025/data/images/7446.png,fb7e73a4e70c7242a0033dd4fd024306ca031cac7678334fcbea69f7cd89d43f,e1c53b414d905d71f6db9c65208c0e926ff9d859ee202d307c5acf3b4b8a310a,7446,0,train
20642,7447,7,Amphipoda,/home/tahiti/MARINE_DATASETS/FathomNet_FGVC2025/data/rois/7447_20642.png,/home/tahiti/MARINE_DATASETS/FathomNet_FGVC2025/data/images/7447.png,7d864985461230e191e2badad1935594516d3307f66090fc171e8e41e9f2e546,f0361b0f547ebf8e7bc4fa6ee02c06e903987cc97bb5895ea579d64e37473410,7447,0,train
20674,7447,7,Amphipoda,/home/tahiti/MARINE_DATASETS/FathomNet_FGVC2025/data/rois/7447_20674.png,/home/tahiti/MARINE_DATASETS/FathomNet_FGVC2025/data/images/7447.png,2b5ebd368c4e195392c60c33ae2e39dd3863edf50a78b7617dff85d0e477ca35,f0361b0f547ebf8e7bc4fa6ee02c06e903987cc97bb5895ea579d64e37473410,7447,0,train
20689,7448,57,Parastenella,/home/tahiti/MARINE_DATASETS/FathomNet_FGVC2025/data/rois/7448_20689.png,/home/tahiti/MARINE_DATASETS/FathomNet_FGVC2025/data/images/7448.png,5c499e2d2e199098fe19fa41532f13bd13fea33ba8cf4873c44e5b0551879759,7a5e0b4990a6e630969f464ab2969b5df2276c6ae603acaa7f8717992a0ff5bc,7448,0,train
20725,7464,46,Mycale,/home/tahiti/MARINE_DATASETS/FathomNet_FGVC2025/data/rois/7464_20725.png,/home/tahiti/MARINE_DATASETS/FathomNet_FGVC2025/data/images/7464.png,a974bcf376cea2f43143c5ae5b206f776c57e095aa69ca213f431ce81644ab80,2a00a4c8ba298a7cb5ecd3a5d83f618485f439160f9dce32758142415d0f5e72,7464,4,train
20762,7474,26,Gersemia juliepackardae,/home/tahiti/MARINE_DATASETS/FathomNet_FGVC2025/data/rois/7474_20762.png,/home/tahiti/MARINE_DATASETS/FathomNet_FGVC2025/data/images/7474.png,2cd3af2e1e9abd8964c72eace5da26e4b6ff6d43dbacdd1aa2c8e6607ba2f3f2,97c16f41e481a12a4e31e062e2c954ac738163826fbc9a290e12cf130a78e028,7474,6,train
20767,7474,26,Gersemia juliepackardae,/home/tahiti/MARINE_DATASETS/FathomNet_FGVC2025/data/rois/7474_20767.png,/home/tahiti/MARINE_DATASETS/FathomNet_FGVC2025/data/images/7474.png,08fc2c9552276a90a6385f5f13c240cf5c8fbea5b78504546621fa7ba06d7edb,97c16f41e481a12a4e31e062e2c954ac738163826fbc9a290e12cf130a78e028,7474,6,train
20798,7492,27,Heterocarpus,/home/tahiti/MARINE_DATASETS/FathomNet_FGVC2025/data/rois/7492_20798.png,/home/tahiti/MARINE_DATASETS/FathomNet_FGVC2025/data/images/7492.png,be887639272a8f97e193e9a774940ab030ca377813b351f4bf3f4e619c07bf42,58b98164dd9814b63d3fd29daa58085bc0f88aff0e054d127de62dbe5e148f61,7492,2,train
20878,7522,12,Benthocodon pedunculata,/home/tahiti/MARINE_DATASETS/FathomNet_FGVC2025/data/rois/7522_20878.png,/home/tahiti/MARINE_DATASETS/FathomNet_FGVC2025/data/images/7522.png,51a4f0d34a1e1be489db60f5e13a9c983a4a0467be481e7338cbcc62f8d87d21,8bc86b637db68924d911c377d9f6c5c96df333e59a93950603271018f61b828a,7522,1,train
20891,7528,15,Ceriantharia,/home/tahiti/MARINE_DATASETS/FathomNet_FGVC2025/data/rois/7528_20891.png,/home/tahiti/MARINE_DATASETS/FathomNet_FGVC2025/data/images/7528.png,685d3eb935a4ba834233753fbf2f0f7f40c765df465015b4a7a83a030bade935,93817258496073e8d445bf681acbf0d6d2df852c2f80c8bd7bcda529704a8170,7528,0,train
20896,7532,17,Chorilia longipes,/home/tahiti/MARINE_DATASETS/FathomNet_FGVC2025/data/rois/7532_20896.png,/home/tahiti/MARINE_DATASETS/FathomNet_FGVC2025/data/images/7532.png,2aa5025ad22af984aa5c406718dd0c21652b9fff8985508392f8d9c6ea248569,67b501d50b57a0f1273aafa6d482b74a679536eb2ec0b77fa7112386e881e61c,7532,4,train
20915,7546,13,Brisingida,/home/tahiti/MARINE_DATASETS/FathomNet_FGVC2025/data/rois/7546_20915.png,/home/tahiti/MARINE_DATASETS/FathomNet_FGVC2025/data/images/7546.png,57a4a30f4f96cb1d40e184e799c4dfc11c0e22aae42b72dfc84c3491874c40b8,2776965141c0adf97ed2bebf4173eae260065d3a004bc5d3476aaf740b4c8260,7546,6,train
20973,7581,9,Asbestopluma,/home/tahiti/MARINE_DATASETS/FathomNet_FGVC2025/data/rois/7581_20973.png,/home/tahiti/MARINE_DATASETS/FathomNet_FGVC2025/data/images/7581.png,c48ee1654b306b355545b77bf382003fc2d7f37f9a4f1961c6cf95d190574599,eabc99f8c83671aeceaee35c499858062b8c95ca89cf52917ecd52093d4795b6,7581,6,train
20992,7581,57,Parastenella,/home/tahiti/MARINE_DATASETS/FathomNet_FGVC2025/data/rois/7581_20992.png,/home/tahiti/MARINE_DATASETS/FathomNet_FGVC2025/data/images/7581.png,0a5c3de5c4c508d56616c1bef88cab9a17a6d2c8cf7092e2b61e0a4feb5baf4f,eabc99f8c83671aeceaee35c499858062b8c95ca89cf52917ecd52093d4795b6,7581,6,train
21027,7602,18,Corallimorphus pilatus,/home/tahiti/MARINE_DATASETS/FathomNet_FGVC2025/data/rois/7602_21027.png,/home/tahiti/MARINE_DATASETS/FathomNet_FGVC2025/data/images/7602.png,ca7b69255bd7bdd1326edbc06a8bcec934e0f6d0f55ca9ec880307fa04be0296,d9687a3d58f04de8d87d5c9c97b6e9ad20138e8c5a179b8c5dc1d9ab2631cdd0,7602,0,train
21086,7614,2,Acanthascinae,/home/tahiti/MARINE_DATASETS/FathomNet_FGVC2025/data/rois/7614_21086.png,/home/tahiti/MARINE_DATASETS/FathomNet_FGVC2025/data/images/7614.png,385b656856e63e73a2b126828595a0b7e93575cd98dab9949d4f2dca8f5ec78a,9916d5d5406d8d48a1159a69efcc72c6a3b08c4811288007ae6d2c97af245c44,7614,6,train
21088,7614,10,Asbestopluma monticola,/home/tahiti/MARINE_DATASETS/FathomNet_FGVC2025/data/rois/7614_21088.png,/home/tahiti/MARINE_DATASETS/FathomNet_FGVC2025/data/images/7614.png,00d24afd979887705988551eb03c95b4baf333a80c80c2d3b48f921fe16b4310,9916d5d5406d8d48a1159a69efcc72c6a3b08c4811288007ae6d2c97af245c44,7614,6,train
21108,7624,57,Parastenella,/home/tahiti/MARINE_DATASETS/FathomNet_FGVC2025/data/rois/7624_21108.png,/home/tahiti/MARINE_DATASETS/FathomNet_FGVC2025/data/images/7624.png,295d00efb4654bc7d0b94de63e4376b80a210c034767fd4af4580119e66a668f,d700ef349bc8b51889a09e09734214101020bd785a76905159c605b7542c8b56,7624,6,train
21128,7632,39,Lithodidae,/home/tahiti/MARINE_DATASETS/FathomNet_FGVC2025/data/rois/7632_21128.png,/home/tahiti/MARINE_DATASETS/FathomNet_FGVC2025/data/images/7632.png,671c36e5e3f466c9105504f53442ea913e6a02da855e16a352874b79720373fb,30f3a0516f890d738fd3570eefa01330bd6aad67dd4802e8a34cd5c872a00d9f,7632,2,train
21134,7636,50,Paelopatides confundens,/home/tahiti/MARINE_DATASETS/FathomNet_FGVC2025/data/rois/7636_21134.png,/home/tahiti/MARINE_DATASETS/FathomNet_FGVC2025/data/images/7636.png,f86e3b9654641de45230d19f7aab1588cae8982b2e7e44f5633e58b8c401f420,fee271b15ffc69c63d53aaf95efe60da82a4a9f476f24a2f776983d543465690,7636,1,train
21148,7642,13,Brisingida,/home/tahiti/MARINE_DATASETS/FathomNet_FGVC2025/data/rois/7642_21148.png,/home/tahiti/MARINE_DATASETS/FathomNet_FGVC2025/data/images/7642.png,66b08a256db90b9cf2d8442cf8750ca15cafe6d9700d172c45eac6ef6729c683,78d8340db5ef71dde4d6fd113f5d08411beaf26ff138089d8afd70ef82fcf828,7642,0,train
21176,7659,13,Brisingida,/home/tahiti/MARINE_DATASETS/FathomNet_FGVC2025/data/rois/7659_21176.png,/home/tahiti/MARINE_DATASETS/FathomNet_FGVC2025/data/images/7659.png,aa8ab25925d9eefb69567dc0d083b85de9763e777137dcdd03975b6055d2ab10,28edbe81349431c586d3a4f33735a6464e411c0e8238d47a49cc9252aae73414,7659,4,train
21238,7689,8,Apostichopus leukothele,/home/tahiti/MARINE_DATASETS/FathomNet_FGVC2025/data/rois/7689_21238.png,/home/tahiti/MARINE_DATASETS/FathomNet_FGVC2025/data/images/7689.png,224aef0fe7d0a6c5bf5f3c810dc4be79cef41fc0a95eee934b8c390f4707a77b,da89d4111c70d5fe2d3d98ae1c04dceddffcad255102ba63370cd1a4ba687995,7689,4,train
21266,7701,75,Terebellidae,/home/tahiti/MARINE_DATASETS/FathomNet_FGVC2025/data/rois/7701_21266.png,/home/tahiti/MARINE_DATASETS/FathomNet_FGVC2025/data/images/7701.png,12949f72f6b044923c59094a4eca4e55cbff0dc2cebc754815c91130120cdf8c,ec3c201931734b3e8ababeb3d12a8fe784145b1140a0e3ce4813c14f5caca031,7701,6,train
21280,7709,48,Ophiacanthidae,/home/tahiti/MARINE_DATASETS/FathomNet_FGVC2025/data/rois/7709_21280.png,/home/tahiti/MARINE_DATASETS/FathomNet_FGVC2025/data/images/7709.png,d8e64e57dde1db7dc7a1ffadf48f991b0e9dc97ba3f0a9e2e19fc4608703087b,617f0aadde2d9872a58eb6cb1ad3f19ad8067aed7c885375da2c2767f90b872d,7709,4,train
21322,7726,26,Gersemia juliepackardae,/home/tahiti/MARINE_DATASETS/FathomNet_FGVC2025/data/rois/7726_21322.png,/home/tahiti/MARINE_DATASETS/FathomNet_FGVC2025/data/images/7726.png,9660ee581c5863f197ce2bc01f1fa745fc4dd1cb64f3acfd6fd944feb74f7ce8,9cb844223e736de48bc2e1d2ff321daded18289f008d3304f7f8a257e7cc9b50,7726,2,train
21336,7731,13,Brisingida,/home/tahiti/MARINE_DATASETS/FathomNet_FGVC2025/data/rois/7731_21336.png,/home/tahiti/MARINE_DATASETS/FathomNet_FGVC2025/data/images/7731.png,cb8bfdf9b68f8eb014836c06ceac19f252a7c5a1cacf99555d94788727fa00ab,88f10b143126633562df89d8461598523d557f2765e49edf1884fe79978083f7,7731,2,train
21347,7738,23,Florometra serratissima,/home/tahiti/MARINE_DATASETS/FathomNet_FGVC2025/data/rois/7738_21347.png,/home/tahiti/MARINE_DATASETS/FathomNet_FGVC2025/data/images/7738.png,7fb88bf84ca11d2919f1e4e280a76a73515ca7aa596184af3da0a8f9b3b58301,5a631113c00052f1da45a06f0e848d7938b090130dae8da5ad495569e9fa59e0,7738,4,train
21353,7744,70,Sebastes diploproa,/home/tahiti/MARINE_DATASETS/FathomNet_FGVC2025/data/rois/7744_21353.png,/home/tahiti/MARINE_DATASETS/FathomNet_FGVC2025/data/images/7744.png,76882005ccfe42c87751e59464e2bb1b4eb2c318019e1bc60a7fe55a618b4892,8561f13a15e9b6d79f97aa1782448fa8e6c582fcf8292e7c72cd10afdc6eaf49,7744,0,train
21354,7745,46,Mycale,/home/tahiti/MARINE_DATASETS/FathomNet_FGVC2025/data/rois/7745_21354.png,/home/tahiti/MARINE_DATASETS/FathomNet_FGVC2025/data/images/7745.png,11ebe11f1cbfd149690cbd5d7db3f52bbc332fa9d6425a226a3416d74e98f317,ce33c181e8952deb235a71296bedd9ac8490d715a86e0120763f804c813e10ac,7745,1,train
21376,7759,23,Florometra serratissima,/home/tahiti/MARINE_DATASETS/FathomNet_FGVC2025/data/rois/7759_21376.png,/home/tahiti/MARINE_DATASETS/FathomNet_FGVC2025/data/images/7759.png,ee898ee6c3502e035afb7c1cb31bb3c88dffa713f1a769a618e30704a027d3bf,bf6691d0a448035b2284774fc0c826fbcb3c3d4151d3783dc6f601a6a54b59c8,7759,0,train
21494,7836,2,Acanthascinae,/home/tahiti/MARINE_DATASETS/FathomNet_FGVC2025/data/rois/7836_21494.png,/home/tahiti/MARINE_DATASETS/FathomNet_FGVC2025/data/images/7836.png,69d57f025bfce0aa759d8c785920b162ec1acad1c7e606a6704f21470d002ab4,987efd11edf2ace3adff8451ae2113e44ecda989ff03339c630a959a61d8b4cf,7836,2,train
21536,7857,10,Asbestopluma monticola,/home/tahiti/MARINE_DATASETS/FathomNet_FGVC2025/data/rois/7857_21536.png,/home/tahiti/MARINE_DATASETS/FathomNet_FGVC2025/data/images/7857.png,1c10d06e9eebd018cb7b3b6ffc84dc7b8636ed2b61ba38b93d032a2f5928e30b,742387476217da1c6fd730d854624035078845e70c3d974a64fb32dd900f6a4c,7857,2,train
21551,7865,48,Ophiacanthidae,/home/tahiti/MARINE_DATASETS/FathomNet_FGVC2025/data/rois/7865_21551.png,/home/tahiti/MARINE_DATASETS/FathomNet_FGVC2025/data/images/7865.png,95ea61b51bd5db131e081957bf46566d8bc47735111b8f5dfba1a0bd43f8188d,eeb7e2035d740938a448e70357443cad6155813bd9c32c949aa397ef6a89e504,7865,1,train
21593,7890,48,Ophiacanthidae,/home/tahiti/MARINE_DATASETS/FathomNet_FGVC2025/data/rois/7890_21593.png,/home/tahiti/MARINE_DATASETS/FathomNet_FGVC2025/data/images/7890.png,a846f5c74adb3bfdd0f2aad1f8ddc0cdac424bfacba726d4b14cf1edef7ee74e,b10220503e1804997896d410a110e5c75295ee2a61ab98189956cd6ba3ab9835,7890,6,train
21618,7895,50,Paelopatides confundens,/home/tahiti/MARINE_DATASETS/FathomNet_FGVC2025/data/rois/7895_21618.png,/home/tahiti/MARINE_DATASETS/FathomNet_FGVC2025/data/images/7895.png,b55148c468a36301968c6ad33e0eefce1add652fe431cf483834b65754bdfe30,d5375543506e3c93e9d19eb92e8b9349696387b2f4f4946ab2f204f1d7b00d25,7895,0,train
21620,7897,39,Lithodidae,/home/tahiti/MARINE_DATASETS/FathomNet_FGVC2025/data/rois/7897_21620.png,/home/tahiti/MARINE_DATASETS/FathomNet_FGVC2025/data/images/7897.png,02f780d88748b3251a327ded78988cc81967b305030b4b622055d9ab734f6c16,bc7587a3d0acc40dbc0d631f720da90f78a76edafa15b1090d517ab768a25468,7897,0,train
21668,7921,6,Actinopterygii,/home/tahiti/MARINE_DATASETS/FathomNet_FGVC2025/data/rois/7921_21668.png,/home/tahiti/MARINE_DATASETS/FathomNet_FGVC2025/data/images/7921.png,9f34d71db31814ed7a0a4f124a9fbf69807d3ceb8b1d69a8d6e40922216d52f5,a7f9a8968360d46633dd45da9061f987c0fea8293f03e2183b93b5972b15fd04,7921,1,train
21702,7942,61,Psathyrometra fragilis,/home/tahiti/MARINE_DATASETS/FathomNet_FGVC2025/data/rois/7942_21702.png,/home/tahiti/MARINE_DATASETS/FathomNet_FGVC2025/data/images/7942.png,8ba370b32fa85d6f6f0821811f478ee92134f12349f046bf5d9b37ccd920d40e,f63448f3f7c0bf40622436e2b200d667420d9638625cddc5bf5b7ee4a10257c6,7942,6,train
21743,7967,2,Acanthascinae,/home/tahiti/MARINE_DATASETS/FathomNet_FGVC2025/data/rois/7967_21743.png,/home/tahiti/MARINE_DATASETS/FathomNet_FGVC2025/data/images/7967.png,525b1f9ae7052230c07199c9c8e7007029bd0eccb9d558c7dadc6715885b1073,04a274e61a9cc81723a505211a04f22821c4d6c4ceb544caa1b50f6cd52df24a,7967,0,train
21762,7976,12,Benthocodon pedunculata,/home/tahiti/MARINE_DATASETS/FathomNet_FGVC2025/data/rois/7976_21762.png,/home/tahiti/MARINE_DATASETS/FathomNet_FGVC2025/data/images/7976.png,c9784857d9995841ebc607b8f0e001d9ae8bf2ac6d2b25edd459f58df0d336c6,6464ebebd624843ea8f290184233a3526d1fcf92ce75009df2f57ac46dd70ac4,7976,4,train
21799,7994,50,Paelopatides confundens,/home/tahiti/MARINE_DATASETS/FathomNet_FGVC2025/data/rois/7994_21799.png,/home/tahiti/MARINE_DATASETS/FathomNet_FGVC2025/data/images/7994.png,9a13ae251e63eea8d2fc26761e1286c795a2f9ea075642bbc397ab5ad8dafdfe,5e6f01e68efa8a1866b07afd23ed1d0588e40443db8eb72ab0e510ab293e6520,7994,2,train
21818,8006,20,Delectopecten,/home/tahiti/MARINE_DATASETS/FathomNet_FGVC2025/data/rois/8006_21818.png,/home/tahiti/MARINE_DATASETS/FathomNet_FGVC2025/data/images/8006.png,c759290b734ebf2be9c1e6bfb86c0b052b24c237d6c63c5cbab9c21deb9c732c,88d7b204133afa3321c9c5d1fc22a41251df818a6081ddfdcf887996146d5f86,8006,2,train
21829,8006,20,Delectopecten,/home/tahiti/MARINE_DATASETS/FathomNet_FGVC2025/data/rois/8006_21829.png,/home/tahiti/MARINE_DATASETS/FathomNet_FGVC2025/data/images/8006.png,ce7cd6b3cde69c07254542477d5e65c38ad78d3999d6af128f5c7fff5ed4eb4a,88d7b204133afa3321c9c5d1fc22a41251df818a6081ddfdcf887996146d5f86,8006,2,train
21839,8011,46,Mycale,/home/tahiti/MARINE_DATASETS/FathomNet_FGVC2025/data/rois/8011_21839.png,/home/tahiti/MARINE_DATASETS/FathomNet_FGVC2025/data/images/8011.png,c7d33e4501179fdd9ab41e00bf8c50a9183000c0b25ede7a8436961d735b317a,755992ed0521431817e535de1e0df0425791463eea1a364ef49eb4fd092d01c3,8011,4,train
21864,8025,13,Brisingida,/home/tahiti/MARINE_DATASETS/FathomNet_FGVC2025/data/rois/8025_21864.png,/home/tahiti/MARINE_DATASETS/FathomNet_FGVC2025/data/images/8025.png,28025b61eab8ea7681967782df8f8ab28145d8ac160226fb89318e534f87f468,d10829d8a7250f6e50637f322076840d366184d9821c5ba6f5ac45064868d472,8025,0,train
21866,8026,12,Benthocodon pedunculata,/home/tahiti/MARINE_DATASETS/FathomNet_FGVC2025/data/rois/8026_21866.png,/home/tahiti/MARINE_DATASETS/FathomNet_FGVC2025/data/images/8026.png,66584586c3b4aa7c8284ef23fb8512799af6870b42cbb14f9c721b980a08fddc,89cd5b968f598d25023a92729fd172296cf0c8536dfed4e663a5db5984882827,8026,0,train
21928,8059,26,Gersemia juliepackardae,/home/tahiti/MARINE_DATASETS/FathomNet_FGVC2025/data/rois/8059_21928.png,/home/tahiti/MARINE_DATASETS/FathomNet_FGVC2025/data/images/8059.png,4fb3d5f5255d4582c703003493b0977ba41b4cdffed7bd557d41a7fc7ff8644f,394a4d179b5d07af131f9d9658788945c8ffdea183a3873fb1ebfe170c10ef58,8059,0,train
21948,8071,6,Actinopterygii,/home/tahiti/MARINE_DATASETS/FathomNet_FGVC2025/data/rois/8071_21948.png,/home/tahiti/MARINE_DATASETS/FathomNet_FGVC2025/data/images/8071.png,c68192a6b7a0fe17707cf2f3fe98fea8b8d5f7fd317d9930f9437cdd74148ab5,f572b2afc2f26fd9b0b3168b7763ede95e29fbbe6fde59f7e508bc35647ca0f9,8071,6,train
21955,8073,75,Terebellidae,/home/tahiti/MARINE_DATASETS/FathomNet_FGVC2025/data/rois/8073_21955.png,/home/tahiti/MARINE_DATASETS/FathomNet_FGVC2025/data/images/8073.png,f8d3a133310965de772a5e98548a09be7decdfd6f3761f2fc697658c91dec3ef,5b607b88005b3e7c1743ab374b034c5b1d67ac00fd28009377e9a434351dcff0,8073,1,train
21966,8082,8,Apostichopus leukothele,/home/tahiti/MARINE_DATASETS/FathomNet_FGVC2025/data/rois/8082_21966.png,/home/tahiti/MARINE_DATASETS/FathomNet_FGVC2025/data/images/8082.png,3f1abaaca590b39b418a2f55b15ee138c6b49cc4162ceda7a4a3c7f9bd9edca2,f8d94f3a979096233555b8c1dc6d54b0c6b8919881ce80a27c4e34f768036f6a,8082,6,train
22045,8124,17,Chorilia longipes,/home/tahiti/MARINE_DATASETS/FathomNet_FGVC2025/data/rois/8124_22045.png,/home/tahiti/MARINE_DATASETS/FathomNet_FGVC2025/data/images/8124.png,905d543b292ab75b8c5ba50d4225c5916ff70e6086cd9430f440ec06bee80be9,e53b8905fde3f87988db8437afac8d188435ff6fec8feae4558653b42bb59474,8124,6,train
22099,8147,12,Benthocodon pedunculata,/home/tahiti/MARINE_DATASETS/FathomNet_FGVC2025/data/rois/8147_22099.png,/home/tahiti/MARINE_DATASETS/FathomNet_FGVC2025/data/images/8147.png,1928d4f3c43c5d7abbfc8cf53469b7f771e3208920fad6165b12030707953825,11272e703a886729091ec4ce207b30ffc35adc5aab9576b65cbc34c5427abb49,8147,4,train
22104,8150,70,Sebastes diploproa,/home/tahiti/MARINE_DATASETS/FathomNet_FGVC2025/data/rois/8150_22104.png,/home/tahiti/MARINE_DATASETS/FathomNet_FGVC2025/data/images/8150.png,10987698388a49180f02cc4ea01c186d8cb8ce28814cb2280d0dd506b4a41b3d,b69ce9e1ea503f603f3980dee5415db0ebed2bdfd848b1444a2a0ba3bbb3b3e3,8150,1,train
22124,8164,46,Mycale,/home/tahiti/MARINE_DATASETS/FathomNet_FGVC2025/data/rois/8164_22124.png,/home/tahiti/MARINE_DATASETS/FathomNet_FGVC2025/data/images/8164.png,576f2a8f552a283d749ebc6546ca9f7170b80de266e3012a70c13571b9bddcd2,408e5e3569877796c5f9f99255949d2c7f937e1fffeafc7aeebd10d75ea99b38,8164,2,train
22160,8187,48,Ophiacanthidae,/home/tahiti/MARINE_DATASETS/FathomNet_FGVC2025/data/rois/8187_22160.png,/home/tahiti/MARINE_DATASETS/FathomNet_FGVC2025/data/images/8187.png,6c69de8947dfc0d50f08c05a394d241249c32d8318f7c4c9f3dee8eef3140350,2be2e4aa3675c79a30a704fc7f09c212a41464909f884871ad7702322048f793,8187,1,train
22166,8191,2,Acanthascinae,/home/tahiti/MARINE_DATASETS/FathomNet_FGVC2025/data/rois/8191_22166.png,/home/tahiti/MARINE_DATASETS/FathomNet_FGVC2025/data/images/8191.png,ae1ace8c46b2c20c62570365d14731abc3d8f2518e25f1eacfb9e6d6e4c1373a,3a6b28b5b9716220c9c345240b0d1a10d8330db4ce9740e2d7ff4c5bfbb5fbd6,8191,2,train
22183,8198,2,Acanthascinae,/home/tahiti/MARINE_DATASETS/FathomNet_FGVC2025/data/rois/8198_22183.png,/home/tahiti/MARINE_DATASETS/FathomNet_FGVC2025/data/images/8198.png,02a1348a9df638121c3e15a6ec569275a279464bd552dd54a6954ad03680b04c,b4d22a21391b5bccce9fe419311f2e2a3d179db2684fe2267d1579c1eb909bab,8198,2,train
22198,8211,39,Lithodidae,/home/tahiti/MARINE_DATASETS/FathomNet_FGVC2025/data/rois/8211_22198.png,/home/tahiti/MARINE_DATASETS/FathomNet_FGVC2025/data/images/8211.png,45af365816b1a3977dd8e5439b72091a08741de7233f3a2861cd0e7b19998e02,ad796de9a2bac1b73ad4052f92eb427d1f6c7d6d31d58c6208f65b2294ee4ccf,8211,0,train
22208,8217,20,Delectopecten,/home/tahiti/MARINE_DATASETS/FathomNet_FGVC2025/data/rois/8217_22208.png,/home/tahiti/MARINE_DATASETS/FathomNet_FGVC2025/data/images/8217.png,72e01d54190709196b88b8b8bf3c6e59d5dc4e84ccb3d08b051de2fb0acd1d30,e38989e0d870b4064f7a80d040af90de07ff3db3812c2088e8349b16e5afd391,8217,2,train
22231,8230,1,Abyssocucumis abyssorum,/home/tahiti/MARINE_DATASETS/FathomNet_FGVC2025/data/rois/8230_22231.png,/home/tahiti/MARINE_DATASETS/FathomNet_FGVC2025/data/images/8230.png,97f2c1518b4dc9bb4638f3908d68d5a73172e5bdd3fe74d6f35b2c64e76db5d2,dcb9105c9163c0cf0df96b49889e685a1f6925eb99ad76220fd74a6029c4ed54,8230,0,train
22238,8234,2,Acanthascinae,/home/tahiti/MARINE_DATASETS/FathomNet_FGVC2025/data/rois/8234_22238.png,/home/tahiti/MARINE_DATASETS/FathomNet_FGVC2025/data/images/8234.png,c5dadb6a78de2947aa4c51213d7aadfdaa17ef6fbdc8dc1ada2565665a7d7fb4,5eda58b340993bf156767dd2ae7dc6aec2b4ba2636ae713ed04ae0382a446d97,8234,0,train
22275,8255,70,Sebastes diploproa,/home/tahiti/MARINE_DATASETS/FathomNet_FGVC2025/data/rois/8255_22275.png,/home/tahiti/MARINE_DATASETS/FathomNet_FGVC2025/data/images/8255.png,3ab5bd5b4e98ecc2efe0b4468e2da1e1f92bf3e300483338f6d9ac5bf96d388a,6ee444e6fd96d375d9ae6ac6696594813e34d49e183acacb3ee7135c3ca74109,8255,2,train
22277,8256,40,Mediaster aequalis,/home/tahiti/MARINE_DATASETS/FathomNet_FGVC2025/data/rois/8256_22277.png,/home/tahiti/MARINE_DATASETS/FathomNet_FGVC2025/data/images/8256.png,30e22d0abc5a5be384b6b9e5047e82c7bf4a8f006dc01a132df674a61480ba0c,1e9019dbf96b95af88ea177359d74687a7658d7897689db31eae509ea9a8e0d2,8256,2,train
22290,8266,13,Brisingida,/home/tahiti/MARINE_DATASETS/FathomNet_FGVC2025/data/rois/8266_22290.png,/home/tahiti/MARINE_DATASETS/FathomNet_FGVC2025/data/images/8266.png,4a39995079e3c635b6d357954ab984e5441e962e7ee98e01f60ec79071b5b5a1,a29737ea4b46696b67131bfaf94d782028eac905d0e972cd59c3c75db6048076,8266,1,train
22348,8292,6,Actinopterygii,/home/tahiti/MARINE_DATASETS/FathomNet_FGVC2025/data/rois/8292_22348.png,/home/tahiti/MARINE_DATASETS/FathomNet_FGVC2025/data/images/8292.png,ac36dca1f109fccc1616311af86df1bf4c48acf00b4531f84d314a3ced12fd5a,f1f7be7ab5d43340ee47900211f158f10293cbcc99ed69bc27871179f9b5028e,8292,2,train
22367,8304,75,Terebellidae,/home/tahiti/MARINE_DATASETS/FathomNet_FGVC2025/data/rois/8304_22367.png,/home/tahiti/MARINE_DATASETS/FathomNet_FGVC2025/data/images/8304.png,5d8ce7a6fff2bb5b80738f9ebf0200ecbb5ff3764b46794e0d0542944966ff75,304796a81d1ae97212e7e7f7eb256136adbec66ac35861b74e7176a346296fbf,8304,6,train
22399,8319,3,Acanthoptilum,/home/tahiti/MARINE_DATASETS/FathomNet_FGVC2025/data/rois/8319_22399.png,/home/tahiti/MARINE_DATASETS/FathomNet_FGVC2025/data/images/8319.png,35e8cb585f82be7b886eae0133d9b9d75c8c511ec108d457e74c8c9b6b00df53,c76a904187ef58a9b00d318ccdd4c6d6a237949f01bdc018389a605ed4c77d4c,8319,6,train
22446,8338,59,Pennatula phosphorea,/home/tahiti/MARINE_DATASETS/FathomNet_FGVC2025/data/rois/8338_22446.png,/home/tahiti/MARINE_DATASETS/FathomNet_FGVC2025/data/images/8338.png,32242801da7a51071218d26896e3b342fc0b865f6454e8b2655341226889644a,f8ea82c3a510a83b9df363850ae93b0d14bdce0480a2a0d4820a3266860a569a,8338,2,train
22455,8346,39,Lithodidae,/home/tahiti/MARINE_DATASETS/FathomNet_FGVC2025/data/rois/8346_22455.png,/home/tahiti/MARINE_DATASETS/FathomNet_FGVC2025/data/images/8346.png,e7ba7778c7d218c943f34d424cc3c3dd4d39642d99bf396a0c9cf474ed33f34e,da5ea04e224c481d1fa238f66f514b37fd6649195c92b8cc9bdbdc9dd7f79568,8346,4,train
22462,8351,13,Brisingida,/home/tahiti/MARINE_DATASETS/FathomNet_FGVC2025/data/rois/8351_22462.png,/home/tahiti/MARINE_DATASETS/FathomNet_FGVC2025/data/images/8351.png,7538e79deca621828e76cd30fc6f4dc66da6f08338b167310a9f805c0afeef83,fba2f3dfb971f5f4f4e492661b75a4cf41c32d8a8e28a17ed1aae3d805fa0204,8351,0,train
22504,8370,61,Psathyrometra fragilis,/home/tahiti/MARINE_DATASETS/FathomNet_FGVC2025/data/rois/8370_22504.png,/home/tahiti/MARINE_DATASETS/FathomNet_FGVC2025/data/images/8370.png,c9ac0c2c0c81d04fc2eb3faf96bff37a6c58a24b9caf9f086d0af25b026a87fb,6f5dbe99ec8fce7de606cc12ff40ebaf20e4ab0614d5290058bbb528f97b113b,8370,4,train
22524,8382,61,Psathyrometra fragilis,/home/tahiti/MARINE_DATASETS/FathomNet_FGVC2025/data/rois/8382_22524.png,/home/tahiti/MARINE_DATASETS/FathomNet_FGVC2025/data/images/8382.png,dbe70cefbb14082305449306360967ddf87d889316e6f089aa511d50a395e4f0,ed2512a3c5141fddf34bf21383233f13eda1b5b3fb2d13896cc791fa2a707f1e,8382,2,train
22542,8388,39,Lithodidae,/home/tahiti/MARINE_DATASETS/FathomNet_FGVC2025/data/rois/8388_22542.png,/home/tahiti/MARINE_DATASETS/FathomNet_FGVC2025/data/images/8388.png,5c8f9a356993d1642a595badeb5373369a32525c766bdfda5079c2227d37f13c,a70a79fb27883213aaf8be9c44fc17c6c0daf89087fd466a793e4765434ad2de,8388,4,train
22587,8418,39,Lithodidae,/home/tahiti/MARINE_DATASETS/FathomNet_FGVC2025/data/rois/8418_22587.png,/home/tahiti/MARINE_DATASETS/FathomNet_FGVC2025/data/images/8418.png,189b28b9669ee0d731609e02bc12303f9f03a1f7beef0ebaa4e019bb286704b0,a02dec92a114e63c31fc6be51f07901ee8e756798b2307d7261db60744b4f194,8418,6,train
22592,8420,70,Sebastes diploproa,/home/tahiti/MARINE_DATASETS/FathomNet_FGVC2025/data/rois/8420_22592.png,/home/tahiti/MARINE_DATASETS/FathomNet_FGVC2025/data/images/8420.png,fd1d0e95ce20e0508417fb7a38d33471a0e0bd303b4d7644f6f76400057d3ad4,51b7fc3dd4445c0e04163ccc538f1337b413c496b4f0056c017382b6f4545adc,8420,6,train
22596,8424,3,Acanthoptilum,/home/tahiti/MARINE_DATASETS/FathomNet_FGVC2025/data/rois/8424_22596.png,/home/tahiti/MARINE_DATASETS/FathomNet_FGVC2025/data/images/8424.png,b74bdfb03dc7682bd0a3c2c316cdb86b61e1c4b58af29787bc30dd5106602d65,84acfe6aa350a528b6b7f5108986288702496c44c056f2c07de016a914a4cac6,8424,1,train
22631,8436,46,Mycale,/home/tahiti/MARINE_DATASETS/FathomNet_FGVC2025/data/rois/8436_22631.png,/home/tahiti/MARINE_DATASETS/FathomNet_FGVC2025/data/images/8436.png,2f3bd3fcff69aab3a93b396f6ba2eedb2191212fd60853b8b1296ed6b0203abd,a8a962915055ef4cd833fd419b7aadf1b205b7a8dd5caad56bfc6dbd1322a344,8436,4,train
22660,8450,48,Ophiacanthidae,/home/tahiti/MARINE_DATASETS/FathomNet_FGVC2025/data/rois/8450_22660.png,/home/tahiti/MARINE_DATASETS/FathomNet_FGVC2025/data/images/8450.png,0f27ff381c8e77ae9e346f6b56f86fce740d6c8a9f1bdcb846199dbf78a3503f,9a5f4db10d5a66ea2ebae3a3cfd1ba886595f601d86bb5c75eb17cd25a22362b,8450,1,train
22685,8461,27,Heterocarpus,/home/tahiti/MARINE_DATASETS/FathomNet_FGVC2025/data/rois/8461_22685.png,/home/tahiti/MARINE_DATASETS/FathomNet_FGVC2025/data/images/8461.png,8aa76a028e66799cee211a4830cfae118f5a3c1c8f3644e2a298f810ec477813,388ff93d719c511d3bd1968324ccd1482a46f0ab44ac63a9dd55877c63a3b6bd,8461,6,train
22845,8561,75,Terebellidae,/home/tahiti/MARINE_DATASETS/FathomNet_FGVC2025/data/rois/8561_22845.png,/home/tahiti/MARINE_DATASETS/FathomNet_FGVC2025/data/images/8561.png,7c847dc1af6516d3310f9c9335560edb40f12b04bcabe9e98a1128a0ffa9b5a5,f186361dacf87f27726a3b3cd96f6f6d4a88441199e8f314aadba949f0bb549b,8561,0,train
22879,8588,70,Sebastes diploproa,/home/tahiti/MARINE_DATASETS/FathomNet_FGVC2025/data/rois/8588_22879.png,/home/tahiti/MARINE_DATASETS/FathomNet_FGVC2025/data/images/8588.png,29bd832a55a7aea08a9327216be238aa7cfa9f865834c51ad6bf696b0ff85708,ecc114ef135022dfb95fc1e50075b36a4fdffaebab6d0098e182fe72a608b0d0,8588,0,train
22890,8590,48,Ophiacanthidae,/home/tahiti/MARINE_DATASETS/FathomNet_FGVC2025/data/rois/8590_22890.png,/home/tahiti/MARINE_DATASETS/FathomNet_FGVC2025/data/images/8590.png,a79c1ca5cd340fcec90bea12cc96cbd2dc4877e4132b976fd1c956303c644a2d,1e11d8588d0f667c8a3df54f3c4ce8b37db815c430ca85abf1a64478bb73728b,8590,0,train
22901,8598,3,Acanthoptilum,/home/tahiti/MARINE_DATASETS/FathomNet_FGVC2025/data/rois/8598_22901.png,/home/tahiti/MARINE_DATASETS/FathomNet_FGVC2025/data/images/8598.png,4fb54e6fb912755bf10c0f58f1c5ad16610689c666e99d5b59f21c61d17a6380,b73802c0edb3777a44ecfca213e8cd5a473b72399954776de21a773a691a2079,8598,0,train
22947,8627,48,Ophiacanthidae,/home/tahiti/MARINE_DATASETS/FathomNet_FGVC2025/data/rois/8627_22947.png,/home/tahiti/MARINE_DATASETS/FathomNet_FGVC2025/data/images/8627.png,f776c7237fe417a70c8dda0db156bbae764f244604be57e73def7b02777ca665,f25ae8a3156d2762d6eb355045749dac4520670d7d7751efc24e594b52d27c1b,8627,6,train
22993,8649,59,Pennatula phosphorea,/home/tahiti/MARINE_DATASETS/FathomNet_FGVC2025/data/rois/8649_22993.png,/home/tahiti/MARINE_DATASETS/FathomNet_FGVC2025/data/images/8649.png,e11ece36804362d29b58fa0f9fc18b92f3bbdc1130db0bb62d1cf00658d1bc88,62ddcd9cadb068dea39c2adb54c111c61189cd8f964decb802ba96a4c9a63ece,8649,4,train
23067,8689,40,Mediaster aequalis,/home/tahiti/MARINE_DATASETS/FathomNet_FGVC2025/data/rois/8689_23067.png,/home/tahiti/MARINE_DATASETS/FathomNet_FGVC2025/data/images/8689.png,69d82f727591bac717519edebac28c308a98c02206a0edce5944c37a2554f9e8,d348fb2f7fc0048ac37e4e1e41ab91cd07ba028a7d59f9d4d5c3dc5ddb31d6f6,8689,4,train
23087,8701,8,Apostichopus leukothele,/home/tahiti/MARINE_DATASETS/FathomNet_FGVC2025/data/rois/8701_23087.png,/home/tahiti/MARINE_DATASETS/FathomNet_FGVC2025/data/images/8701.png,2fa4a71649696cfdce7a940d74574a3403cb670ed1fbce55adc2c4245485008c,f18bc3a783642a67ea09a962aee1621047d848c4205d75e18845b11b67e9ef63,8701,0,train
23118,8720,27,Heterocarpus,/home/tahiti/MARINE_DATASETS/FathomNet_FGVC2025/data/rois/8720_23118.png,/home/tahiti/MARINE_DATASETS/FathomNet_FGVC2025/data/images/8720.png,615bf6b0419b3e460872ba35c91c1f31eb98e92424992b49118ea1585503f02b,881c54039641d61733716930eef8943d9358bb0eb0743c917c8ded8aabc36472,8720,2,train
23147,8730,18,Corallimorphus pilatus,/home/tahiti/MARINE_DATASETS/FathomNet_FGVC2025/data/rois/8730_23147.png,/home/tahiti/MARINE_DATASETS/FathomNet_FGVC2025/data/images/8730.png,0bd581f9463703490addf94210366a9e3044cf80e7f62ff1200d293bddd38ac7,e0e8854eea2cd73175dc53a150e6e90c7af7cfe6b5cbd81915451b49fbc64e06,8730,1,train
23185,8746,75,Terebellidae,/home/tahiti/MARINE_DATASETS/FathomNet_FGVC2025/data/rois/8746_23185.png,/home/tahiti/MARINE_DATASETS/FathomNet_FGVC2025/data/images/8746.png,09561ce929e634f11cef96a18e026f1acf873f79c3dae480dabd00f7a8e124d8,2237e93ff09bce21bc9b245ef76c91dfd1228e78201ea8e77825e87ac807ecb2,8746,1,train
23198,8750,59,Pennatula phosphorea,/home/tahiti/MARINE_DATASETS/FathomNet_FGVC2025/data/rois/8750_23198.png,/home/tahiti/MARINE_DATASETS/FathomNet_FGVC2025/data/images/8750.png,c50fccde1b245d06ced28c61a29f87eb577d367a76c962b81135ec17fa6ceec4,938303e7eb2a242019f4a0de6a0aa0e24960176360f77b03162cd038ea51f99f,8750,1,train
23202,8750,59,Pennatula phosphorea,/home/tahiti/MARINE_DATASETS/FathomNet_FGVC2025/data/rois/8750_23202.png,/home/tahiti/MARINE_DATASETS/FathomNet_FGVC2025/data/images/8750.png,8b7b82d76f406592a7c57fc6f3eb69c8b85287804380416b6b2a7a8913824a5a,938303e7eb2a242019f4a0de6a0aa0e24960176360f77b03162cd038ea51f99f,8750,1,train
23203,8750,59,Pennatula phosphorea,/home/tahiti/MARINE_DATASETS/FathomNet_FGVC2025/data/rois/8750_23203.png,/home/tahiti/MARINE_DATASETS/FathomNet_FGVC2025/data/images/8750.png,2fa06498dcb6dbf2f55f7cbecd363604de9ca54ac116ee68b36174b9c4ba96ca,938303e7eb2a242019f4a0de6a0aa0e24960176360f77b03162cd038ea51f99f,8750,1,train
23263,8785,40,Mediaster aequalis,/home/tahiti/MARINE_DATASETS/FathomNet_FGVC2025/data/rois/8785_23263.png,/home/tahiti/MARINE_DATASETS/FathomNet_FGVC2025/data/images/8785.png,b444aa85f81cad8e230d98253cfdcb6cb7f0cd7691989e0a8e6b7671acd00d79,55b352c4bf20a772162de29aa6177bf43f1e0afaade2ab42ec4b44f977f760d2,8785,1,train
23288,8800,61,Psathyrometra fragilis,/home/tahiti/MARINE_DATASETS/FathomNet_FGVC2025/data/rois/8800_23288.png,/home/tahiti/MARINE_DATASETS/FathomNet_FGVC2025/data/images/8800.png,3b03cc3fbeec7ceb4642c9cdd9ea1e79958660cffdf82f41795295a44043e2aa,0c209a252e6477c211e3f9eb6a10fa5c18facf8199bfcfb4c71d3f49a6229e58,8800,4,train
23328,8825,3,Acanthoptilum,/home/tahiti/MARINE_DATASETS/FathomNet_FGVC2025/data/rois/8825_23328.png,/home/tahiti/MARINE_DATASETS/FathomNet_FGVC2025/data/images/8825.png,27293541783d6d2162936b77965da31b7ab6a61a0348a94813bd69758d9910b1,0e6d530116442ee2ef112356e6e686ed3fcff85d2b8b93bf62fa102014d19c95,8825,1,train
23361,8842,3,Acanthoptilum,/home/tahiti/MARINE_DATASETS/FathomNet_FGVC2025/data/rois/8842_23361.png,/home/tahiti/MARINE_DATASETS/FathomNet_FGVC2025/data/images/8842.png,88439ef5eeb4ec88748c425390f2b9bfe4fc8a783dbd4deb638ebd6b0ec3beb3,f35233b1edc4d0278ec6823f5fe3a12b2bab75fca3cd2227ea8419bca6e306a5,8842,1,train
23398,8860,48,Ophiacanthidae,/home/tahiti/MARINE_DATASETS/FathomNet_FGVC2025/data/rois/8860_23398.png,/home/tahiti/MARINE_DATASETS/FathomNet_FGVC2025/data/images/8860.png,a3d58bde3802c8d1a73113c2f697a8c1cde1f82b8b3df720d40a164d7baa3adc,22b920e648fe9748eaba830bd41e7d4304cdd0394e87465306ca773398c149dc,8860,4,train
23422,8872,6,Actinopterygii,/home/tahiti/MARINE_DATASETS/FathomNet_FGVC2025/data/rois/8872_23422.png,/home/tahiti/MARINE_DATASETS/FathomNet_FGVC2025/data/images/8872.png,41c05ccb1c0ef979cc343d6aaae015c75e3610d60c960bdc7cdd79370581814f,6cdc079585a05643bfab1e2583b8b5d258b2d334c83ae5e62d39b33f8978df78,8872,6,train
23439,8885,61,Psathyrometra fragilis,/home/tahiti/MARINE_DATASETS/FathomNet_FGVC2025/data/rois/8885_23439.png,/home/tahiti/MARINE_DATASETS/FathomNet_FGVC2025/data/images/8885.png,6c913dfa4a050c87f02d75eed67e8cd0d7fb2a8adf7f9a65b79fa5f0e9d6fb27,33ef94c3f29bc44958bdb0fe8300d4b945500930f4cc17377001d8e813e87d4e,8885,0,train
23446,8887,59,Pennatula phosphorea,/home/tahiti/MARINE_DATASETS/FathomNet_FGVC2025/data/rois/8887_23446.png,/home/tahiti/MARINE_DATASETS/FathomNet_FGVC2025/data/images/8887.png,736a87d27ec9eadd3609b77f240852197d2fdb6a395e0bc08c6454fa13bb484b,5df14cb5a7cdaeb3449b18233100a4f3ff33a81013377633ba9bc58a9779e647,8887,1,train
23470,8894,61,Psathyrometra fragilis,/home/tahiti/MARINE_DATASETS/FathomNet_FGVC2025/data/rois/8894_23470.png,/home/tahiti/MARINE_DATASETS/FathomNet_FGVC2025/data/images/8894.png,129c303d4795c0cca0be8d29c2ec20a5bfaf5daf666e2889fba10e5d91e66ff8,842acc83ecbd7c392e5764e54aa617d88742849bebc2092ffb4b65c835b30e17,8894,2,train
23481,8896,40,Mediaster aequalis,/home/tahiti/MARINE_DATASETS/FathomNet_FGVC2025/data/rois/8896_23481.png,/home/tahiti/MARINE_DATASETS/FathomNet_FGVC2025/data/images/8896.png,930856f3f2727e6df63c47cf45ed967baaac080fb08800d5c810687c15dadd9a,214547f79a04e1d2fd2942cb5b5951cd393293c0a3fb8230c0cb12f674cd7347,8896,6,train
23516,8907,20,Delectopecten,/home/tahiti/MARINE_DATASETS/FathomNet_FGVC2025/data/rois/8907_23516.png,/home/tahiti/MARINE_DATASETS/FathomNet_FGVC2025/data/images/8907.png,7596c9c21a47663aa776a24525c9969dca6db52e2b9dfb5b744657c302ddd35d,52736153ad6aa70dd12797ef6a24a81566697caf601a6312cadc20ab21c75669,8907,2,train
23517,8907,20,Delectopecten,/home/tahiti/MARINE_DATASETS/FathomNet_FGVC2025/data/rois/8907_23517.png,/home/tahiti/MARINE_DATASETS/FathomNet_FGVC2025/data/images/8907.png,c04fb669b5f8a11e1f3896532590a5ba909adfac10adb3de74661dc963c99d8d,52736153ad6aa70dd12797ef6a24a81566697caf601a6312cadc20ab21c75669,8907,2,train
23525,8907,20,Delectopecten,/home/tahiti/MARINE_DATASETS/FathomNet_FGVC2025/data/rois/8907_23525.png,/home/tahiti/MARINE_DATASETS/FathomNet_FGVC2025/data/images/8907.png,1c5c17c9f521b90ae7ff0e4414479dc745fb8c8b9591e9ce552cd381bbfeff01,52736153ad6aa70dd12797ef6a24a81566697caf601a6312cadc20ab21c75669,8907,2,train
23530,8907,20,Delectopecten,/home/tahiti/MARINE_DATASETS/FathomNet_FGVC2025/data/rois/8907_23530.png,/home/tahiti/MARINE_DATASETS/FathomNet_FGVC2025/data/images/8907.png,4b95ab5319383a7db447287750a77406aff9822f34f9d77fef8e1825115200c8,52736153ad6aa70dd12797ef6a24a81566697caf601a6312cadc20ab21c75669,8907,2,train
23542,8913,3,Acanthoptilum,/home/tahiti/MARINE_DATASETS/FathomNet_FGVC2025/data/rois/8913_23542.png,/home/tahiti/MARINE_DATASETS/FathomNet_FGVC2025/data/images/8913.png,5168314d3fd21639afe76ea75719e99f9ed3810c1dc030f17c579c4e49fa9aa3,c2134cfbd80bec13fbdc3284e4ba707ca032b8c1e1a59a7cd1fbf0822ff065c2,8913,6,train
23562,8918,6,Actinopterygii,/home/tahiti/MARINE_DATASETS/FathomNet_FGVC2025/data/rois/8918_23562.png,/home/tahiti/MARINE_DATASETS/FathomNet_FGVC2025/data/images/8918.png,b223a5bde0a05413aa5b01192f29f72f00fd8ade9c0c85b198f2c2b263f7709c,9fca0e2318f4bb9ea9b403579fd23ae8941c9b6f442a9b76f7c3f65e618dcde1,8918,2,train
23572,8924,18,Corallimorphus pilatus,/home/tahiti/MARINE_DATASETS/FathomNet_FGVC2025/data/rois/8924_23572.png,/home/tahiti/MARINE_DATASETS/FathomNet_FGVC2025/data/images/8924.png,feaf0b14638469eddabfa99a730b0a2c291036586c13bef47af5cb1966b893a2,047ac64dc55f963195ddeb916df1ef27060278931fb760edc2c2ac1dbd1dcf28,8924,0,train
23625,8948,3,Acanthoptilum,/home/tahiti/MARINE_DATASETS/FathomNet_FGVC2025/data/rois/8948_23625.png,/home/tahiti/MARINE_DATASETS/FathomNet_FGVC2025/data/images/8948.png,e556b05069e7d306c77bf1ddf34f201028603b7d100952c0b08bf026d1894427,4750d9ecac222bcdfbff52431ebfdd15505b6dc10d1762ff5100cbf430a6c9ec,8948,0,train
23642,8958,3,Acanthoptilum,/home/tahiti/MARINE_DATASETS/FathomNet_FGVC2025/data/rois/8958_23642.png,/home/tahiti/MARINE_DATASETS/FathomNet_FGVC2025/data/images/8958.png,9de50aae3f8db5478ac913e4c20e419a9b3233351141ff7077f873e424712dd3,469b46374dc650a0ca0e105413948052b2e2c3b907acb12a874f8890a95fabbc,8958,2,train
23652,8963,3,Acanthoptilum,/home/tahiti/MARINE_DATASETS/FathomNet_FGVC2025/data/rois/8963_23652.png,/home/tahiti/MARINE_DATASETS/FathomNet_FGVC2025/data/images/8963.png,1003bc208e001972bb08897fef0fb9ffece50a6a24b95f6e4dcea2c13bbbc25f,a54fbf988faed472e2aafd7da59873f817e6116fa7a0e8507c605b6585a5fcc2,8963,6,train
23685,8975,61,Psathyrometra fragilis,/home/tahiti/MARINE_DATASETS/FathomNet_FGVC2025/data/rois/8975_23685.png,/home/tahiti/MARINE_DATASETS/FathomNet_FGVC2025/data/images/8975.png,2979fa5cf05369e14b7e5145ef16cea1e5fab7676887796b902dfc14ac40086c,f3a8c29251dd7a4f6624ec31f0081de8a0a73fc7c85aee53865b185c01f35050,8975,1,train
