annotation_id,image_id,category_id,label,roi_path,source_path,roi_sha256,source_sha256,group_id,fold,split
13,9,44,Munidopsis,/home/tahiti/MARINE_DATASETS/FathomNet_FGVC2025/data/rois/9_13.png,/home/tahiti/MARINE_DATASETS/FathomNet_FGVC2025/data/images/9.png,30ea6722ba880e6b883583bcc731901502e8ff869f19a351b5552d7a03c6d6b0,a2de5c70535060eb66571b0723b8ac242dcf7d36f18210b988abe89476ad573c,9,0,train
15,9,44,Munidopsis,/home/tahiti/MARINE_DATASETS/FathomNet_FGVC2025/data/rois/9_15.png,/home/tahiti/MARINE_DATASETS/FathomNet_FGVC2025/data/images/9.png,499fe0c7c510cab15a9a50ed0000f19cfeb4ead5fee2148c189f7f3ca9c16481,a2de5c70535060eb66571b0723b8ac242dcf7d36f18210b988abe89476ad573c,9,0,train
19,9,44,Munidopsis,/home/tahiti/MARINE_DATASETS/FathomNet_FGVC2025/data/rois/9_19.png,/home/tahiti/MARINE_DATASETS/FathomNet_FGVC2025/data/images/9.png,7d7ab5e0515bcabadd8168b775344d7b99877c875abc582faf67beccfb0de928,a2de5c70535060eb66571b0723b8ac242dcf7d36f18210b988abe89476ad573c,9,0,train
20,9,44,Munidopsis,/home/tahiti/MARINE_DATASETS/FathomNet_FGVC2025/data/rois/9_20.png,/home/tahiti/MARINE_DATASETS/FathomNet_FGVC2025/data/images/9.png,c9e54feaa41a21146f64291e278e68a9d7466566f6c82461e91146e3e947be2a,a2de5c70535060eb66571b0723b8ac242dcf7d36f18210b988abe89476ad573c,9,0,train
46,15,55,Paragorgia arborea,/home/tahiti/MARINE_DATASETS/FathomNet_FGVC2025/data/rois/15_46.png,/home/tahiti/MARINE_DATASETS/FathomNet_FGVC2025/data/images/15.png,c205fe3f64b100a0327ebdfee540eb2909e58df0d1d8e267472a0f825fb93cee,c837ec480911d974cb9f8374289c7656005c2a78be1935e7b1ec001ac7745319,15,4,train
85,35,44,Munidopsis,/home/tahiti/MARINE_DATASETS/FathomNet_FGVC2025/data/rois/35_85.png,/home/tahiti/MARINE_DATASETS/FathomNet_FGVC2025/data/images/35.png,1e6f127880d4b6d5ca4b33be602f09d0b708153ac9fe75053fbf756dddf3265b,767e0f0605aaafe4217ca66fabb23f326004293bc65d07d680666094a7a6bdbf,35,6,train
103,39,34,Isidella tentaculum,/home/tahiti/MARINE_DATASETS/FathomNet_FGVC2025/data/rois/39_103.png,/home/tahiti/MARINE_DATASETS/FathomNet_FGVC2025/data/images/39.png,0affa5456b74f24a8f748e70113489192b3d11fb25fe8b1fb022e96409125921,ee920379c24cae68b526bb636d1a203caa4f994aec7a179c8f419c39e36c53b1,39,2,train
109,39,71,Sebastolobus,/home/tahiti/MARINE_DATASETS/FathomNet_FGVC2025/data/rois/39_109.png,/home/tahiti/MARINE_DATASETS/FathomNet_FGVC2025/data/images/39.png,a2f5c600acde9477e4dd57b8969d14f1f13aa8e364e9d0f6772be0e52ff15020,ee920379c24cae68b526bb636d1a203caa4f994aec7a179c8f419c39e36c53b1,39,2,train
111,39,60,Porifera,/home/tahiti/MARINE_DATASETS/FathomNet_FGVC2025/data/rois/39_111.png,/home/tahiti/MARINE_DATASETS/FathomNet_FGVC2025/data/images/39.png,01714dafc3d411fabaf5c7aea00e85b6f41927aeca4640217e9106819894c2ac,ee920379c24cae68b526bb636d1a203caa4f994aec7a179c8f419c39e36c53b1,39,2,train
116,39,11,Asteroidea,/home/tahiti/MARINE_DATASETS/FathomNet_FGVC2025/data/rois/39_116.png,/home/tahiti/MARINE_DATASETS/FathomNet_FGVC2025/data/images/39.png,c5d918bbfcfc11c938350da65a064add2d7297b42eb4863ad1d753bb4537cdd3,ee920379c24cae68b526bb636d1a203caa4f994aec7a179c8f419c39e36c53b1,39,2,train
117,39,62,Psolus squamatus,/home/tahiti/MARINE_DATASETS/FathomNet_FGVC2025/data/rois/39_117.png,/home/tahiti/MARINE_DATASETS/FathomNet_FGVC2025/data/images/39.png,5833c4dab74537d053a4facdfcf6045dbd34ae00fa65100183bde01d02a85b42,ee920379c24cae68b526bb636d1a203caa4f994aec7a179c8f419c39e36c53b1,39,2,train
119,39,28,Heterochone calyx,/home/tahiti/MARINE_DATASETS/FathomNet_FGVC2025/data/rois/39_119.png,/home/tahiti/MARINE_DATASETS/FathomNet_FGVC2025/data/images/39.png,8950d53ed1b6c089e2374e41ead0a5894d0f0b4571040d1dc1ca40beabcd0801,ee920379c24cae68b526bb636d1a203caa4f994aec7a179c8f419c39e36c53b1,39,2,train
170,42,25,Gastropoda,/home/tahiti/MARINE_DATASETS/FathomNet_FGVC2025/data/rois/42_170.png,/home/tahiti/MARINE_DATASETS/FathomNet_FGVC2025/data/images/42.png,77cf7ca14a16f3c53564ae0287f5baed1e3175789e47ddd437914f7b900328d1,8efed53c7a1bbd0074da0f71b82f125524d20b5c28d56ef1bc95fd657057b965,42,4,train
181,44,16,Chionoecetes tanneri,/home/tahiti/MARINE_DATASETS/FathomNet_FGVC2025/data/rois/44_181.png,/home/tahiti/MARINE_DATASETS/FathomNet_FGVC2025/data/images/44.png,1e6f5e6d6d128cdd4ea0eedd9cb8b266a9a16c502034508c888636febad31e04,f33a2272ed008c869f3d4071de9b4cdebf5cb4d76566c897f05285859b3dceea,44,2,train
208,47,74,Strongylocentrotus fragilis,/home/tahiti/MARINE_DATASETS/FathomNet_FGVC2025/data/rois/47_208.png,/home/tahiti/MARINE_DATASETS/FathomNet_FGVC2025/data/images/47.png,e5b41180306cca5bad11f7c96eb63171e1422b6c188d7643cbb617025f07ef37,53d18f0cf3e87a07babe03da98314008345d82d1cf3702151cdbdfaf0a01f662,47,6,train
222,52,75,Terebellidae,/home/tahiti/MARINE_DATASETS/FathomNet_FGVC2025/data/rois/52_222.png,/home/tahiti/MARINE_DATASETS/FathomNet_FGVC2025/data/images/52.png,7f361daca8cab040134821f25ecd68d8fcd852c84048a64c2995ca479dbf116c,284eb51026e776a7aa7269158d9d92d44d77df87ee451829681881a8fe98fd03,52,6,train
223,52,11,Asteroidea,/home/tahiti/MARINE_DATASETS/FathomNet_FGVC2025/data/rois/52_223.png,/home/tahiti/MARINE_DATASETS/FathomNet_FGVC2025/data/images/52.png,78f53a9e5f902fccf7d4151489fc6c9b4bae8c102f597c251847122cdb6cd9be,284eb51026e776a7aa7269158d9d92d44d77df87ee451829681881a8fe98fd03,52,6,train
228,54,58,Peniagone,/home/tahiti/MARINE_DATASETS/FathomNet_FGVC2025/data/rois/54_228.png,/home/tahiti/MARINE_DATASETS/FathomNet_FGVC2025/data/images/54.png,8e93721da7764fdbffabb0bf1bc8706038232882b66c41f98ea163b506c93b92,1b40b69caf7b4129b0433d701b783616421dc95f80472fb10413c193fbabbf6c,54,4,train
254,63,73,Staurocalyptus,/home/tahiti/MARINE_DATASETS/FathomNet_FGVC2025/data/rois/63_254.png,/home/tahiti/MARINE_DATASETS/FathomNet_FGVC2025/data/images/63.png,fa2366c19f963c0335569cec918e4c4b629b55b92c35f7a4f7c089df1dbb5cc8,41254b0a8de4a5f59f661a069d829b734d18ee5199ac9cb52849d8c3f21004ce,63,4,train
268,67,58,Peniagone,/home/tahiti/MARINE_DATASETS/FathomNet_FGVC2025/data/rois/67_268.png,/home/tahiti/MARINE_DATASETS/FathomNet_FGVC2025/data/images/67.png,3a8be3b0e5a215aae1a4d3a650d0127536a7351e931df7498d5967d44b7f23c8,9f8a74715fd3b270a0478cd6f779493fa11d73d7517209e33019175e1adb1336,67,4,train
274,69,49,Ophiuroidea,/home/tahiti/MARINE_DATASETS/FathomNet_FGVC2025/data/rois/69_274.png,/home/tahiti/MARINE_DATASETS/FathomNet_FGVC2025/data/images/69.png,f819d7cbe7c033bfbac5756ebb9545164e327a556d706fea2c0f951920ac2a2b,a8b2cd98d2d4684768022b1a46ded939be456746f0d0275331acd5868851285f,69,0,train
276,69,49,Ophiuroidea,/home/tahiti/MARINE_DATASETS/FathomNet_FGVC2025/data/rois/69_276.png,/home/tahiti/MARINE_DATASETS/FathomNet_FGVC2025/data/images/69.png,d77cff44eccdd529ba212518ed9f95fcaeec108d22997b0ecb4d58f46bfbb322,a8b2cd98d2d4684768022b1a46ded939be456746f0d0275331acd5868851285f,69,0,train
308,70,33,Hormathiidae,/home/tahiti/MARINE_DATASETS/FathomNet_FGVC2025/data/rois/70_308.png,/home/tahiti/MARINE_DATASETS/FathomNet_FGVC2025/data/images/70.png,2ed3cf4fc8c056a1b81b152d9133468c72f9e7bdca38e5ad94cad3fbdc43e9aa,0a1077b38efa05d10a6af97fda7f6e7932fad989b9bfea76ddac117dfc990fcb,70,4,train
320,74,74,Strongylocentrotus fragilis,/home/tahiti/MARINE_DATASETS/FathomNet_FGVC2025/data/rois/74_320.png,/home/tahiti/MARINE_DATASETS/FathomNet_FGVC2025/data/images/74.png,7d4454b451a5d1021e2ea5966d2af1ff0e21970b28322d3ca200055ec873d06d,332dcba6e4b7a7e0270eeed9d0b46c7d3b79a883f5422dc95550873eebe36bad,74,0,train
321,75,34,Isidella tentaculum,/home/tahiti/MARINE_DATASETS/FathomNet_FGVC2025/data/rois/75_321.png,/home/tahiti/MARINE_DATASETS/FathomNet_FGVC2025/data/images/75.png,65ccdfd4827e84b1cc8f23eb5819c1b32e67b77bacde2182914206030b3e062b,ea60f62b86734b3585bca46d57bbea431a1b768c4818c090c426ef7dacd643f3,75,6,train
333,82,55,Paragorgia arborea,/home/tahiti/MARINE_DATASETS/FathomNet_FGVC2025/data/rois/82_333.png,/home/tahiti/MARINE_DATASETS/FathomNet_FGVC2025/data/images/82.png,e51b88b2a6155769ec23dc75b8ea6ec3a313c933fab61bdef11fe4ac82f91778,07435bcfd9718e7c956ccba2a1ef7a182d395a3647cd3560d0bec81e81e09d44,82,4,train
469,119,5,Actiniaria,/home/tahiti/MARINE_DATASETS/FathomNet_FGVC2025/data/rois/119_469.png,/home/tahiti/MARINE_DATASETS/FathomNet_FGVC2025/data/images/119.png,ad83765b8425c556a668b6ea2ba8ebc1529bf1dbd998c3042a324d9349657888,73b113852c892211b7707dee20d15f67db61ad360d73096a158a05add5ad1ee2,119,1,train
485,122,73,Staurocalyptus,/home/tahiti/MARINE_DATASETS/FathomNet_FGVC2025/data/rois/122_485.png,/home/tahiti/MARINE_DATASETS/FathomNet_FGVC2025/data/images/122.png,7155dce58bf9bff0df110bdd97c379da2b47ae20911e81bf3891e51b36be3a42,aaec46313e18d985c1ed88b670865b4b390ae571a425f9158ebe1ec4712c1019,122,4,train
490,125,53,Pannychia moseleyi,/home/tahiti/MARINE_DATASETS/FathomNet_FGVC2025/data/rois/125_490.png,/home/tahiti/MARINE_DATASETS/FathomNet_FGVC2025/data/images/125.png,ffa5648d93a78d3d461eefa1b095d02b59d11277896c898c3011a36f49aec708,a4d38e2768f7d3e99e3f1dafd9595ed7da4600eaf92ab37d3984be761e9f8969,125,1,train
557,147,62,Psolus squamatus,/home/tahiti/MARINE_DATASETS/FathomNet_FGVC2025/data/rois/147_557.png,/home/tahiti/MARINE_DATASETS/FathomNet_FGVC2025/data/images/147.png,f4b2aef94a89d660240c4cf2b874ea80288fc604f98933792eaad81d774606a0,f68b3355f3aa0b33185e475136c14c366e13ab42cd25dcc4a1e9a92440488218,147,1,train
560,147,62,Psolus squamatus,/home/tahiti/MARINE_DATASETS/FathomNet_FGVC2025/data/rois/147_560.png,/home/tahiti/MARINE_DATASETS/FathomNet_FGVC2025/data/images/147.png,bf2b41bdf70d3bb39034e16777174e1c6a84062e8af5cb197353f49289a51c76,f68b3355f3aa0b33185e475136c14c366e13ab42cd25dcc4a1e9a92440488218,147,1,train
563,148,67,Scotoplanes,/home/tahiti/MARINE_DATASETS/FathomNet_FGVC2025/data/rois/148_563.png,/home/tahiti/MARINE_DATASETS/FathomNet_FGVC2025/data/images/148.png,f39aae5dd127aff084cddef6802cc33d51279cfe7112e662948c895e4aea3cd4,b63d7bb26c93a3213edf385f113910890e18e2e9e9ad6d6754ff6bc161c9d016,148,1,train
582,156,67,Scotoplanes,/home/tahiti/MARINE_DATASETS/FathomNet_FGVC2025/data/rois/156_582.png,/home/tahiti/MARINE_DATASETS/FathomNet_FGVC2025/data/images/156.png,e92975f7e0b0fac38639b78be3afc05c81173ec66a007efb53fccb3d48debd8b,ef0d5160a701043b2cfa9d483351b848cdec31948d54fe9b7fd4b315b958363e,156,6,train
611,162,37,Keratoisis,/home/tahiti/MARINE_DATASETS/FathomNet_FGVC2025/data/rois/162_611.png,/home/tahiti/MARINE_DATASETS/FathomNet_FGVC2025/data/images/162.png,b5fd35cc012268187b86c07278e54a53f7f0e8b88f82444b4b007278081aafdb,ff02a802e7cf19baf9daecb21fbd384b8fedbdeb39108572b9a6e0327420048e,162,1,train
615,163,55,Paragorgia arborea,/home/tahiti/MARINE_DATASETS/FathomNet_FGVC2025/data/rois/163_615.png,/home/tahiti/MARINE_DATASETS/FathomNet_FGVC2025/data/images/163.png,2fe31d82debc25895216bbf1fcba1cf05dc75e28c31e5e9eb4f1e93eb75c3cad,1613328d06d654bd12682f435e9282ed29ff77b797cc708784b424694404e584,163,1,train
627,166,5,Actiniaria,/home/tahiti/MARINE_DATASETS/FathomNet_FGVC2025/data/rois/166_627.png,/home/tahiti/MARINE_DATASETS/FathomNet_FGVC2025/data/images/166.png,4ee35af5e1ab25281eebff14915c74bb1d272b12ce563444f9576407fd4b3a05,a1ad7005ffea79a4f7a93ef167eb0ad42068c43c5bbb01370a98d8dfbe355309,166,1,train
628,166,19,Crinoidea,/home/tahiti/MARINE_DATASETS/FathomNet_FGVC2025/data/rois/166_628.png,/home/tahiti/MARINE_DATASETS/FathomNet_FGVC2025/data/images/166.png,7b6dc4390c9ee4d0017aa5176c4d3a8e93714f8080daad5136d9059fa0b1414a,a1ad7005ffea79a4f7a93ef167eb0ad42068c43c5bbb01370a98d8dfbe355309,166,1,train
633,167,74,Strongylocentrotus fragilis,/home/tahiti/MARINE_DATASETS/FathomNet_FGVC2025/data/rois/167_633.png,/home/tahiti/MARINE_DATASETS/FathomNet_FGVC2025/data/images/167.png,98be84bd17b331b7055355d16429baf090dac8841537f7ff0a3c622a853ef344,c1d6271a0bca45e3c02ec28f5168e2ff31ad434af763487e4d6bf099bccb3520,167,4,train
634,167,74,Strongylocentrotus fragilis,/home/tahiti/MARINE_DATASETS/FathomNet_FGVC2025/data/rois/167_634.png,/home/tahiti/MARINE_DATASETS/FathomNet_FGVC2025/data/images/167.png,a555f711f554c6221167af1550f05562a255ea195a7ff6bae85e4929f8aff77e,c1d6271a0bca45e3c02ec28f5168e2ff31ad434af763487e4d6bf099bccb3520,167,4,train
651,168,32,Holothuroidea,/home/tahiti/MARINE_DATASETS/FathomNet_FGVC2025/data/rois/168_651.png,/home/tahiti/MARINE_DATASETS/FathomNet_FGVC2025/data/images/168.png,f22eafb301ea50dd2ee777807d3b4a88f7d79670d31bd4eddf5b4b0c9ed5f364,0d6d5b1b6a9e0f17e12e631f1f2eb0185130d722acc70c3bcd74d0c3924e6e96,168,4,train
661,170,16,Chionoecetes tanneri,/home/tahiti/MARINE_DATASETS/FathomNet_FGVC2025/data/rois/170_661.png,/home/tahiti/MARINE_DATASETS/FathomNet_FGVC2025/data/images/170.png,ebb0ca8775fffcececdddc8ca36d090ebc2f2ee2ae403ccb551b9ded2bed229b,dd16611b1dbfcde7e9147a5572741d279027ed66f4c3d10eed1419b9cf35a86c,170,2,train
663,170,16,Chionoecetes tanneri,/home/tahiti/MARINE_DATASETS/FathomNet_FGVC2025/data/rois/170_663.png,/home/tahiti/MARINE_DATASETS/FathomNet_FGVC2025/data/images/170.png,b6cb1e0103bf4609882dc797c0947179eaccb06ae5d393928d9a9cc40f3c28d6,dd16611b1dbfcde7e9147a5572741d279027ed66f4c3d10eed1419b9cf35a86c,170,2,train
667,170,16,Chionoecetes tanneri,/home/tahiti/MARINE_DATASETS/FathomNet_FGVC2025/data/rois/170_667.png,/home/tahiti/MARINE_DATASETS/FathomNet_FGVC2025/data/images/170.png,a01871b0cb0bca13800ddfcfc08dd0aa267eec7da29b88b02f487807795b8fd2,dd16611b1dbfcde7e9147a5572741d279027ed66f4c3d10eed1419b9cf35a86c,170,2,train
685,170,16,Chionoecetes tanneri,/home/tahiti/MARINE_DATASETS/FathomNet_FGVC2025/data/rois/170_685.png,/home/tahiti/MARINE_DATASETS/FathomNet_FGVC2025/data/images/170.png,bd509bd61b8d92144682ec4f6b231c0f155022526e7c11033a6b4f5b9a86c9d7,dd16611b1dbfcde7e9147a5572741d279027ed66f4c3d10eed1419b9cf35a86c,170,2,train
688,172,37,Keratoisis,/home/tahiti/MARINE_DATASETS/FathomNet_FGVC2025/data/rois/172_688.png,/home/tahiti/MARINE_DATASETS/FathomNet_FGVC2025/data/images/172.png,b385ea75ffcfd3eccc6215ccc81d8606f572d4c880653740fc34bcb637ae678b,1ebba6e4cb7ea77df0742c34b514e57bb289dd3715b01007be6ce0d915fc95f9,172,2,train
704,178,51,Pandalus amplus,/home/tahiti/MARINE_DATASETS/FathomNet_FGVC2025/data/rois/178_704.png,/home/tahiti/MARINE_DATASETS/FathomNet_FGVC2025/data/images/178.png,e8e8d16828e37cff22fff8c6622cefa5aaf7b929f6e564a3e15184cc44ca2f41,8fef80e8d3b4081e0ec29b4fbe88813a8c4a23ed857d414f0773608d4be089ba,178,6,train
751,193,65,Rathbunaster californicus,/home/tahiti/MARINE_DATASETS/FathomNet_FGVC2025/data/rois/193_751.png,/home/tahiti/MARINE_DATASETS/FathomNet_FGVC2025/data/images/193.png,262ef6a2ec8abefd5694c37d4502a3d3d3317d2a130af3b67980dced9a15c971,737dc29879839453ceca5b34dd50c6f936bc31fa468c00ec3f03c5f3895e4834,193,1,train
760,193,74,Strongylocentrotus fragilis,/home/tahiti/MARINE_DATASETS/FathomNet_FGVC2025/data/rois/193_760.png,/home/tahiti/MARINE_DATASETS/FathomNet_FGVC2025/data/images/193.png,f60f4d088c3d3371c0804a7b42aa20ff1fc861e69bf52e0c4da63d17a2b66f09,737dc29879839453ceca5b34dd50c6f936bc31fa468c00ec3f03c5f3895e4834,193,1,train
796,213,38,Liponema brevicorne,/home/tahiti/MARINE_DATASETS/FathomNet_FGVC2025/data/rois/213_796.png,/home/tahiti/MARINE_DATASETS/FathomNet_FGVC2025/data/images/213.png,244cdcfec7ee2cb1d9078349ef4e9a41904ef7d016e84d58137b4d6de55345b2,6fabc479ee79909ba6380edc6b753444459c9c8927e57e94c9e269df5c21a884,213,6,train
798,215,74,Strongylocentrotus fragilis,/home/tahiti/MARINE_DATASETS/FathomNet_FGVC2025/data/rois/215_798.png,/home/tahiti/MARINE_DATASETS/FathomNet_FGVC2025/data/images/215.png,6d4df361d275d1b4b825ed64b906438d4ab596d9aa6d789846ede13e820874ca,776bf0aecdf9e122f17dfe3daf92d191974173e884400de55c3e2cfdc1e8beed,215,0,train
801,218,31,Hippasteria,/home/tahiti/MARINE_DATASETS/FathomNet_FGVC2025/data/rois/218_801.png,/home/tahiti/MARINE_DATASETS/FathomNet_FGVC2025/data/images/218.png,7b32e26cbea9e4bc1ecbc0cea96cb45d9422e045d1ae8fa7a358a478cbc8765a,ae048785e3e00fd71ddf7dd4989af8c52ebb4db088c7119c1956685c477f9760,218,4,train
802,219,31,Hippasteria,/home/tahiti/MARINE_DATASETS/FathomNet_FGVC2025/data/rois/219_802.png,/home/tahiti/MARINE_DATASETS/FathomNet_FGVC2025/data/images/219.png,e3da4b0249cd0d0e814b5dc4c04e11e2609db51a8b5d96ec6a43648b75e1a256,be493b37a3a9f86ab6e15a5f970dffd481561e1c70e890c39d7ef0235be38705,219,6,train
815,226,74,Strongylocentrotus fragilis,/home/tahiti/MARINE_DATASETS/FathomNet_FGVC2025/data/rois/226_815.png,/home/tahiti/MARINE_DATASETS/FathomNet_FGVC2025/data/images/226.png,300be776d1ad275d777041ac62810982f29d1b5e2d4c5ef88ca18f38416508f7,6d0e7e82fa146ef2ba5be25b97b26be7497e29de7c1136c329dd4ae00ef28e64,226,1,train
816,226,74,Strongylocentrotus fragilis,/home/tahiti/MARINE_DATASETS/FathomNet_FGVC2025/data/rois/226_816.png,/home/tahiti/MARINE_DATASETS/FathomNet_FGVC2025/data/images/226.png,ef02bfbb53be8ba3fc4f8d505a920723deb379d5fdce63a09be8bba2eb603637,6d0e7e82fa146ef2ba5be25b97b26be7497e29de7c1136c329dd4ae00ef28e64,226,1,train
826,226,11,Asteroidea,/home/tahiti/MARINE_DATASETS/FathomNet_FGVC2025/data/rois/226_826.png,/home/tahiti/MARINE_DATASETS/FathomNet_FGVC2025/data/images/226.png,63701e4b9d948d336ea73ac76cdafe828f666f8c121a9d2101f130575e2b3aff,6d0e7e82fa146ef2ba5be25b97b26be7497e29de7c1136c329dd4ae00ef28e64,226,1,train
842,229,60,Porifera,/home/tahiti/MARINE_DATASETS/FathomNet_FGVC2025/data/rois/229_842.png,/home/tahiti/MARINE_DATASETS/FathomNet_FGVC2025/data/images/229.png,6f988333d2164db1fb2f484a1ec205b38c2a1aff871e92740344e2a830ac25d5,c561badb7dcc5cc41dc4ebb12c4d99d32f1c56072d7ca80049a9713a3dab7f5a,229,1,train
850,231,67,Scotoplanes,/home/tahiti/MARINE_DATASETS/FathomNet_FGVC2025/data/rois/231_850.png,/home/tahiti/MARINE_DATASETS/FathomNet_FGVC2025/data/images/231.png,c6a747e85d1e16bfe45049024048d62e3d7f517c22fb60d841a80dbaba29c6c1,4c9b1f5b8d3fe7856cd5f9c9db28092406ddf6096030a98db24fe73a79b1cd58,231,2,train
878,244,68,Scotoplanes globosa,/home/tahiti/MARINE_DATASETS/FathomNet_FGVC2025/data/rois/244_878.png,/home/tahiti/MARINE_DATASETS/FathomNet_FGVC2025/data/images/244.png,534b73c6d6e2fd2af1b410f24637c9fb4b7b4ef03c26b6250a7d2282317a6413,20ef26fcb6e260bef46311a568b27261330b119bae0bf3de826cc10917d349ed,244,1,train
879,245,49,Ophiuroidea,/home/tahiti/MARINE_DATASETS/FathomNet_FGVC2025/data/rois/245_879.png,/home/tahiti/MARINE_DATASETS/FathomNet_FGVC2025/data/images/245.png,00051c040308c7929cae605303e4ca4f5fd7d443a5755c464105db4276ffa9d6,92088c9cd346f38a4ade43862848f9a7b83802dabf59161d6f2fd17dcb896595,245,2,train
887,245,49,Ophiuroidea,/home/tahiti/MARINE_DATASETS/FathomNet_FGVC2025/data/rois/245_887.png,/home/tahiti/MARINE_DATASETS/FathomNet_FGVC2025/data/images/245.png,90dde530a1e153d224ec2803f9ebcbf97913b0acbd9f9bfa736bfa004b70ccb2,92088c9cd346f38a4ade43862848f9a7b83802dabf59161d6f2fd17dcb896595,245,2,train
892,246,62,Psolus squamatus,/home/tahiti/MARINE_DATASETS/FathomNet_FGVC2025/data/rois/246_892.png,/home/tahiti/MARINE_DATASETS/FathomNet_FGVC2025/data/images/246.png,60e52e219f20630be9529eb5af2930700187438255bdf563a2dd3d1794c06df6,d61ddf43cbec4566824f44dd949c7b2746aa8455ffcdab71d164188c7b95b4a6,246,4,train
893,247,67,Scotoplanes,/home/tahiti/MARINE_DATASETS/FathomNet_FGVC2025/data/rois/247_893.png,/home/tahiti/MARINE_DATASETS/FathomNet_FGVC2025/data/images/247.png,37b3d962d75ed04225fac5379bbec2d522581fd3e419e3f88c4dd4576bedea7c,7add665d1b4de7417f85ee198b473da095aeb0d4b0b211ab22ba790d6d9c9c7a,247,6,train
897,248,40,Mediaster aequalis,/home/tahiti/MARINE_DATASETS/FathomNet_FGVC2025/data/rois/248_897.png,/home/tahiti/MARINE_DATASETS/FathomNet_FGVC2025/data/images/248.png,a6b6ece2fe17b43fac10cce9910c89b1627b76f9dafbb5df058af573ed4e8052,58424e064f7e5e0dde47e02867d2a0fb2340b3b0f62f98bbd9cff011f14d93e5,248,2,train
911,253,68,Scotoplanes globosa,/home/tahiti/MARINE_DATASETS/FathomNet_FGVC2025/data/rois/253_911.png,/home/tahiti/MARINE_DATASETS/FathomNet_FGVC2025/data/images/253.png,fe0e83299859a7b1b5b5ddb8d56bc93493586a0c00ee22a69d7448116ff3e8e3,98a0d56368b7ebb8e27b67330c780d93e369407fc1269aadaacbfad929a2df33,253,2,train
976,267,61,Psathyrometra fragilis,/home/tahiti/MARINE_DATASETS/FathomNet_FGVC2025/data/rois/267_976.png,/home/tahiti/MARINE_DATASETS/FathomNet_FGVC2025/data/images/267.png,0e815eee9b7f5aee1b629b76890af8ec9b46bcc98dc22b3965717eb7ecc7ff79,b15c7cbbccb16de42adeeca6474e9edfa646cc7bb82a7ea3d1dcaed57549eba3,267,4,train
983,267,71,Sebastolobus,/home/tahiti/MARINE_DATASETS/FathomNet_FGVC2025/data/rois/267_983.png,/home/tahiti/MARINE_DATASETS/FathomNet_FGVC2025/data/images/267.png,11aef398bc41046b402af9e8ec2b89f4d6c92db21a2d62ef381980bca2b42a33,b15c7cbbccb16de42adeeca6474e9edfa646cc7bb82a7ea3d1dcaed57549eba3,267,4,train
999,270,74,Strongylocentrotus fragilis,/home/tahiti/MARINE_DATASETS/FathomNet_FGVC2025/data/rois/270_999.png,/home/tahiti/MARINE_DATASETS/FathomNet_FGVC2025/data/images/270.png,4bd4a6c9e5473a27b3a0543de0a2acc22ed84604718c6646d76ed4a85e5340f8,a02c949460aef51feba86743f352d5a444847bd4e9c5748f9923d7898441e3c5,270,4,train
1000,270,74,Strongylocentrotus fragilis,/home/tahiti/MARINE_DATASETS/FathomNet_FGVC2025/data/rois/270_1000.png,/home/tahiti/MARINE_DATASETS/FathomNet_FGVC2025/data/images/270.png,ab14b703f87447bf2f1e1f321008a61a558c90bbb1759faa69ece0bda886fdaa,a02c949460aef51feba86743f352d5a444847bd4e9c5748f9923d7898441e3c5,270,4,train
1012,272,36,Isosicyonis,/home/tahiti/MARINE_DATASETS/FathomNet_FGVC2025/data/rois/272_1012.png,/home/tahiti/MARINE_DATASETS/FathomNet_FGVC2025/data/images/272.png,6a04e2060e3fed6ef94a55a773affba28f0fa2036f9d7c79b14e4ef7c23cc5d7,dfaefc133528dec82660c0306f60a1f1bb97d4fe04b96bdbde54d261c709ebf0,272,1,train
1015,272,36,Isosicyonis,/home/tahiti/MARINE_DATASETS/FathomNet_FGVC2025/data/rois/272_1015.png,/home/tahiti/MARINE_DATASETS/FathomNet_FGVC2025/data/images/272.png,016e5ef1392e9285f06e0e8234bf1cadd89c15c596a6f11732bff9386ed71b7c,dfaefc133528dec82660c0306f60a1f1bb97d4fe04b96bdbde54d261c709ebf0,272,1,train
1063,287,51,Pandalus amplus,/home/tahiti/MARINE_DATASETS/FathomNet_FGVC2025/data/rois/287_1063.png,/home/tahiti/MARINE_DATASETS/FathomNet_FGVC2025/data/images/287.png,b8d3855afb6bf8dcfdb8187b41e63f0fc69bfe6e22c746686157912eb4546804,f06ca25f03695d06c9950c38ffb8bdeda64fb7bfb33a5a2f33fe0bd4e03df60a,287,4,train
1066,288,67,Scotoplanes,/home/tahiti/MARINE_DATASETS/FathomNet_FGVC2025/data/rois/288_1066.png,/home/tahiti/MARINE_DATASETS/FathomNet_FGVC2025/data/images/288.png,200826746c721da8abcaa5685ec01a1c199bc9c26a5af228d2dae0fcbd4189dd,ebdc94bef583c44e6f5d9c5671a15b28ec35dbf2f5ed3646f7aac5a5a4f90e43,288,1,train
1068,288,67,Scotoplanes,/home/tahiti/MARINE_DATASETS/FathomNet_FGVC2025/data/rois/288_1068.png,/home/tahiti/MARINE_DATASETS/FathomNet_FGVC2025/data/images/288.png,4b38e0c3573a6570c35b25d5c80b60fcbd14617f8dbe5ab6ad251e905dc411df,ebdc94bef583c44e6f5d9c5671a15b28ec35dbf2f5ed3646f7aac5a5a4f90e43,288,1,train
1104,303,74,Strongylocentrotus fragilis,/home/tahiti/MARINE_DATASETS/FathomNet_FGVC2025/data/rois/303_1104.png,/home/tahiti/MARINE_DATASETS/FathomNet_FGVC2025/data/images/303.png,1f028fae3e46af9da531fb74c7867ee133e86fb7112342e41a10e40774dfb78e,a3951cf7aaa19b3dc2a0fd364d8abc7a330e02a0baaf4b9361acc275f644fee9,303,0,train
1108,306,74,Strongylocentrotus fragilis,/home/tahiti/MARINE_DATASETS/FathomNet_FGVC2025/data/rois/306_1108.png,/home/tahiti/MARINE_DATASETS/FathomNet_FGVC2025/data/images/306.png,d0f49ba44254020974e7b743de6432461db0a378ef4615b2845651b0e2c7cb46,4dea7c7cf13208c94911b18036fba962b67bf46e35ed9dc2c04d694df571bc2f,306,2,train
1110,306,74,Strongylocentrotus fragilis,/home/tahiti/MARINE_DATASETS/FathomNet_FGVC2025/data/rois/306_1110.png,/home/tahiti/MARINE_DATASETS/FathomNet_FGVC2025/data/images/306.png,a0005cc469d5c401e42c5f45100af0fee3bd90caec051e4301bfe810c43b483f,4dea7c7cf13208c94911b18036fba962b67bf46e35ed9dc2c04d694df571bc2f,306,2,train
1116,306,74,Strongylocentrotus fragilis,/home/tahiti/MARINE_DATASETS/FathomNet_FGVC2025/data/rois/306_1116.png,/home/tahiti/MARINE_DATASETS/FathomNet_FGVC2025/data/images/306.png,42e4ac110f4c4cc3e683efeddedf1b02529348cff87b82a95a677683f91c256b,4dea7c7cf13208c94911b18036fba962b67bf46e35ed9dc2c04d694df571bc2f,306,2,train
1123,306,74,Strongylocentrotus fragilis,/home/tahiti/MARINE_DATASETS/FathomNet_FGVC2025/data/rois/306_1123.png,/home/tahiti/MARINE_DATASETS/FathomNet_FGVC2025/data/images/306.png,717924b0ab38ba4d8357148a888d7dc22bc332341af158b21e14a06478d3b8da,4dea7c7cf13208c94911b18036fba962b67bf46e35ed9dc2c04d694df571bc2f,306,2,train
1125,307,74,Strongylocentrotus fragilis,/home/tahiti/MARINE_DATASETS/FathomNet_FGVC2025/data/rois/307_1125.png,/home/tahiti/MARINE_DATASETS/FathomNet_FGVC2025/data/images/307.png,8e70ce6391f43ad3858caa0d8129ca0527d6728e97cbbdebba85ecf997536e19,124bdb9569699f754f436de6b725044aa6c4bfb4f26005aab17f69c7f42a4028,307,4,train
1131,310,5,Actiniaria,/home/tahiti/MARINE_DATASETS/FathomNet_FGVC2025/data/rois/310_1131.png,/home/tahiti/MARINE_DATASETS/FathomNet_FGVC2025/data/images/310.png,d8ef052ef7f2abc7363c554a6cabd8376464467a830c7884cd4c0c7a90a7c1f8,266dbc1a7956d66262eb4c0b8ba7c5d94506fd0ae77d1b4918032cc7703e1625,310,1,train
1135,310,36,Isosicyonis,/home/tahiti/MARINE_DATASETS/FathomNet_FGVC2025/data/rois/310_1135.png,/home/tahiti/MARINE_DATASETS/FathomNet_FGVC2025/data/images/310.png,5699cd5d9192858914b7020e401d358904f6b3ff84dff988b65a0112b13f59eb,266dbc1a7956d66262eb4c0b8ba7c5d94506fd0ae77d1b4918032cc7703e1625,310,1,train
1136,310,5,Actiniaria,/home/tahiti/MARINE_DATASETS/FathomNet_FGVC2025/data/rois/310_1136.png,/home/tahiti/MARINE_DATASETS/FathomNet_FGVC2025/data/images/310.png,e9f14fce74f7ab0f2bef9303fecfdac88eff419c985df586a610304ad07b9dc3,266dbc1a7956d66262eb4c0b8ba7c5d94506fd0ae77d1b4918032cc7703e1625,310,1,train
1146,313,28,Heterochone calyx,/home/tahiti/MARINE_DATASETS/FathomNet_FGVC2025/data/rois/313_1146.png,/home/tahiti/MARINE_DATASETS/FathomNet_FGVC2025/data/images/313.png,8a9d38b683ef60257c94a69ddc2eb1d79614e2dfae7c4f4f6370b1116edcf782,46bec2574409b8b47f37e9d6f3b124e1a845753f370c90f91db386543cc03914,313,6,train
1149,313,28,Heterochone calyx,/home/tahiti/MARINE_DATASETS/FathomNet_FGVC2025/data/rois/313_1149.png,/home/tahiti/MARINE_DATASETS/FathomNet_FGVC2025/data/images/313.png,f017b0b41405ae2fd07abd35678c3f184cad2ada8de495545f23ee1980b0e255,46bec2574409b8b47f37e9d6f3b124e1a845753f370c90f91db386543cc03914,313,6,train
1179,317,71,Sebastolobus,/home/tahiti/MARINE_DATASETS/FathomNet_FGVC2025/data/rois/317_1179.png,/home/tahiti/MARINE_DATASETS/FathomNet_FGVC2025/data/images/317.png,2abcc60f70dabf74c1ed9d902d6cb13ee267069a2eea88f5ca06e513055dd090,2c86b5101ae9b3aeac94d97305e442b81d113285005f346c43c39f963e298a49,317,4,train
1180,317,30,Hexactinellida,/home/tahiti/MARINE_DATASETS/FathomNet_FGVC2025/data/rois/317_1180.png,/home/tahiti/MARINE_DATASETS/FathomNet_FGVC2025/data/images/317.png,32fff746867ff1cd1f03532033391239e188fec9322c5cbaeee3babad093ad22,2c86b5101ae9b3aeac94d97305e442b81d113285005f346c43c39f963e298a49,317,4,train
1182,318,65,Rathbunaster californicus,/home/tahiti/MARINE_DATASETS/FathomNet_FGVC2025/data/rois/318_1182.png,/home/tahiti/MARINE_DATASETS/FathomNet_FGVC2025/data/images/318.png,97624d9b4bb6e0291082ca58d15d7eddc87d2adef66da36b1a99cd33d6fd5a2a,a0a59a0c78826de68d493c1c9bda3d0b998a20a9d8207a356e76cdec00912a6c,318,1,train
1186,318,71,Sebastolobus,/home/tahiti/MARINE_DATASETS/FathomNet_FGVC2025/data/rois/318_1186.png,/home/tahiti/MARINE_DATASETS/FathomNet_FGVC2025/data/images/318.png,500f712cb0f0d79174cfa81d8a1e43b9ba2f45e762f93ff949fc3d009ee755ae,a0a59a0c78826de68d493c1c9bda3d0b998a20a9d8207a356e76cdec00912a6c,318,1,train
1208,325,11,Asteroidea,/home/tahiti/MARINE_DATASETS/FathomNet_FGVC2025/data/rois/325_1208.png,/home/tahiti/MARINE_DATASETS/FathomNet_FGVC2025/data/images/325.png,7d949bf02c475f046d10cbf1085b3b15029b930abb3834004d13846279d6f117,4867597df81639b22c07107b8ba76bb99be4f55e54ea9e8ec5f89bd078b61fb5,325,6,train
1229,329,45,Munnopsidae,/home/tahiti/MARINE_DATASETS/FathomNet_FGVC2025/data/rois/329_1229.png,/home/tahiti/MARINE_DATASETS/FathomNet_FGVC2025/data/images/329.png,819bd72a0a96bcef660ad25f7151ce792b946d3af0f6650dec489d3512f02df9,e65f3131bd70480e4dbdb27ba92c8cce1007c848a2a5801254cb8e0faa937c97,329,4,train
1240,338,58,Peniagone,/home/tahiti/MARINE_DATASETS/FathomNet_FGVC2025/data/rois/338_1240.png,/home/tahiti/MARINE_DATASETS/FathomNet_FGVC2025/data/images/338.png,663e7248b0ee5c6881316f0d865a85bd6dacb993d023b7dae98911f190aeba6c,0d8ead7abd5e6b45bd7beaccda5b4da06976f8bb1c60280e154a9d4f88b03d8f,338,4,train
1245,339,79,Zoantharia,/home/tahiti/MARINE_DATASETS/FathomNet_FGVC2025/data/rois/339_1245.png,/home/tahiti/MARINE_DATASETS/FathomNet_FGVC2025/data/images/339.png,086a257c26d898fbf719b79060a46e1349125d6ad929010b9151dadb24cbc2bc,a60862e5c141bdafd22821fb1eb63824b5a51709671a0317ee6acf3c0ef0cb32,339,1,train
1246,339,79,Zoantharia,/home/tahiti/MARINE_DATASETS/FathomNet_FGVC2025/data/rois/339_1246.png,/home/tahiti/MARINE_DATASETS/FathomNet_FGVC2025/data/images/339.png,ef64c8c0105c6fa38b84d6aa6e8e8d97cc44402b18dc8d946ccc9700eaded3ac,a60862e5c141bdafd22821fb1eb63824b5a51709671a0317ee6acf3c0ef0cb32,339,1,train
1253,339,79,Zoantharia,/home/tahiti/MARINE_DATASETS/FathomNet_FGVC2025/data/rois/339_1253.png,/home/tahiti/MARINE_DATASETS/FathomNet_FGVC2025/data/images/339.png,299a74eadb5b58c6a9aa5030c3631352effd4a896a576ee524d4b82b3e463fe9,a60862e5c141bdafd22821fb1eb63824b5a51709671a0317ee6acf3c0ef0cb32,339,1,train
1257,339,79,Zoantharia,/home/tahiti/MARINE_DATASETS/FathomNet_FGVC2025/data/rois/339_1257.png,/home/tahiti/MARINE_DATASETS/FathomNet_FGVC2025/data/images/339.png,d93234e0ccf677293c5333025e57028b6851b056eb96806eaa40f2c7174ccebe,a60862e5c141bdafd22821fb1eb63824b5a51709671a0317ee6acf3c0ef0cb32,339,1,train
1283,345,62,Psolus squamatus,/home/tahiti/MARINE_DATASETS/FathomNet_FGVC2025/data/rois/345_1283.png,/home/tahiti/MARINE_DATASETS/FathomNet_FGVC2025/data/images/345.png,4ed456a0d4b0edef480d7ccb6aec1fb140d9dc34415b78cb23c2f5dbf95ffa1a,7e06acb4fd2b604843e260cf324dd74b6485ae03686f8bbf59e7d43ef3b50426,345,2,train
1287,345,71,Sebastolobus,/home/tahiti/MARINE_DATASETS/FathomNet_FGVC2025/data/rois/345_1287.png,/home/tahiti/MARINE_DATASETS/FathomNet_FGVC2025/data/images/345.png,5daf91d7dabbfc98812e9deced511dec5f2ada7716fd738ec7a66bb9750d90b2,7e06acb4fd2b604843e260cf324dd74b6485ae03686f8bbf59e7d43ef3b50426,345,2,train
1345,357,60,Porifera,/home/tahiti/MARINE_DATASETS/FathomNet_FGVC2025/data/rois/357_1345.png,/home/tahiti/MARINE_DATASETS/FathomNet_FGVC2025/data/images/357.png,c62cba0cf5da4a8025d17de1fc5782e4b4720cfba5864f0cd82a205de2a0360d,0ceedef08a6bfd665059b1146b10e52c384466ac133645e20b8246e61d461c1d,357,4,train
1380,365,4,Actinernus,/home/tahiti/MARINE_DATASETS/FathomNet_FGVC2025/data/rois/365_1380.png,/home/tahiti/MARINE_DATASETS/FathomNet_FGVC2025/data/images/365.png,ecb501c24259dc9089897624c24614ff087ba2802b5618e4797ddd559bb64446,c8603f8c556d6913bcfaa30ab32f5efe586ac2a497fe958380b31a2cb2750db3,365,1,train
1417,373,79,Zoantharia,/home/tahiti/MARINE_DATASETS/FathomNet_FGVC2025/data/rois/373_1417.png,/home/tahiti/MARINE_DATASETS/FathomNet_FGVC2025/data/images/373.png,2f80a9f2dfda58df7fd0398d3e93776e32d3cf71c4a496f39157644c4623bbec,4d892a537a4b5a79427fadd552e7ef4cd0b2b4b86c0f78415c9fdc744c2ae6a2,373,6,train
1448,376,74,Strongylocentrotus fragilis,/home/tahiti/MARINE_DATASETS/FathomNet_FGVC2025/data/rois/376_1448.png,/home/tahiti/MARINE_DATASETS/FathomNet_FGVC2025/data/images/376.png,7ce1f5df5bc8528e142c18807ddf75612791f2f70ca65987630d869523c42d26,11c6e7167da6dc1d50d78629a7f1d2a6f5a6bc0c49a4b08136ebdfad420ca471,376,1,train
1451,378,60,Porifera,/home/tahiti/MARINE_DATASETS/FathomNet_FGVC2025/data/rois/378_1451.png,/home/tahiti/MARINE_DATASETS/FathomNet_FGVC2025/data/images/378.png,d6e7a239635c5b1d95fb5c41062b5fa25d69b80ffacce9480ddc2a882c3d6d2b,f06d449e8eab93411216e268fb8662d616f318a1f23b981819c13102ad282958,378,6,train
1457,378,28,Heterochone calyx,/home/tahiti/MARINE_DATASETS/FathomNet_FGVC2025/data/rois/378_1457.png,/home/tahiti/MARINE_DATASETS/FathomNet_FGVC2025/data/images/378.png,739f4074652c35e82b423c15f407bbba145dff3597bef8c3a24bd74b0984fe1c,f06d449e8eab93411216e268fb8662d616f318a1f23b981819c13102ad282958,378,6,train
1458,378,28,Heterochone calyx,/home/tahiti/MARINE_DATASETS/FathomNet_FGVC2025/data/rois/378_1458.png,/home/tahiti/MARINE_DATASETS/FathomNet_FGVC2025/data/images/378.png,1b21bfb404738eab9e2857c5b4755f9a82106f28fbd257a62c2976e25118e952,f06d449e8eab93411216e268fb8662d616f318a1f23b981819c13102ad282958,378,6,train
1487,388,44,Munidopsis,/home/tahiti/MARINE_DATASETS/FathomNet_FGVC2025/data/rois/388_1487.png,/home/tahiti/MARINE_DATASETS/FathomNet_FGVC2025/data/images/388.png,2205a50c49fde0f5967f91a6e35c3f6280625035bc871671f95829d063f55a2b,c6ef7cf4a0fbfaa2f7f5dec24733d7708f1d608b21ace423ac48cc77c1e404cb,388,4,train
1493,389,55,Paragorgia arborea,/home/tahiti/MARINE_DATASETS/FathomNet_FGVC2025/data/rois/389_1493.png,/home/tahiti/MARINE_DATASETS/FathomNet_FGVC2025/data/images/389.png,13c5024cf5945f1d003cf21e30c270e7cde276fc763ee27279f9f50469f4b752,b5f9dc27d2068fad69b89e5cad4ed011476c878e106b65ad4ca625d0fda0ea45,389,4,train
1500,391,66,Scleractinia,/home/tahiti/MARINE_DATASETS/FathomNet_FGVC2025/data/rois/391_1500.png,/home/tahiti/MARINE_DATASETS/FathomNet_FGVC2025/data/images/391.png,f19ac1411fa13c4930ea0ba3eaa5ea6a806c10d86d511e33583b14ec68d2fb64,73f93ecbc16056139d98d6dc668d74de47c8d7c80628809efeba469e41fec0ae,391,4,train
1508,393,26,Gersemia juliepackardae,/home/tahiti/MARINE_DATASETS/FathomNet_FGVC2025/data/rois/393_1508.png,/home/tahiti/MARINE_DATASETS/FathomNet_FGVC2025/data/images/393.png,4a1523557a156522b8529f1b0150c9df3a9f65454e501cae9ae535542294b0fe,fddac54754a70fb6ace81f3c1257c9e85f1de045c532b01a86576646bee11b7e,393,0,train
1517,393,55,Paragorgia arborea,/home/tahiti/MARINE_DATASETS/FathomNet_FGVC2025/data/rois/393_1517.png,/home/tahiti/MARINE_DATASETS/FathomNet_FGVC2025/data/images/393.png,8be8b321a61c3d7c7aa299529f9de622981335e4276c452f29a46a8ba9536af5,fddac54754a70fb6ace81f3c1257c9e85f1de045c532b01a86576646bee11b7e,393,0,train
1534,393,26,Gersemia juliepackardae,/home/tahiti/MARINE_DATASETS/FathomNet_FGVC2025/data/rois/393_1534.png,/home/tahiti/MARINE_DATASETS/FathomNet_FGVC2025/data/images/393.png,093a10a741666a3bae27a806ae243aafe4b12877c53325e7b7c4ea4c84be35c8,fddac54754a70fb6ace81f3c1257c9e85f1de045c532b01a86576646bee11b7e,393,0,train
1536,393,26,Gersemia juliepackardae,/home/tahiti/MARINE_DATASETS/FathomNet_FGVC2025/data/rois/393_1536.png,/home/tahiti/MARINE_DATASETS/FathomNet_FGVC2025/data/images/393.png,c7fa7e8863eefbf1bc786f3239f3a734fa788b4e2c8bc87b65f1e223abdfd4ab,fddac54754a70fb6ace81f3c1257c9e85f1de045c532b01a86576646bee11b7e,393,0,train
1537,393,57,Parastenella,/home/tahiti/MARINE_DATASETS/FathomNet_FGVC2025/data/rois/393_1537.png,/home/tahiti/MARINE_DATASETS/FathomNet_FGVC2025/data/images/393.png,6a90d774be1ae26cf1c6b81e3cb74c000b5deaab6074ce483df1e84079bd523b,fddac54754a70fb6ace81f3c1257c9e85f1de045c532b01a86576646bee11b7e,393,0,train
1545,397,42,Metridium farcimen,/home/tahiti/MARINE_DATASETS/FathomNet_FGVC2025/data/rois/397_1545.png,/home/tahiti/MARINE_DATASETS/FathomNet_FGVC2025/data/images/397.png,49d045c5c5ae3959ff0321e81f2d2de7356d8ae26d3454a59f26b9e292797af1,901b89ecb5a04edf7d27affc224e8ea278c3eafbe54b6edc2542406bae4954b0,397,4,train
1553,401,58,Peniagone,/home/tahiti/MARINE_DATASETS/FathomNet_FGVC2025/data/rois/401_1553.png,/home/tahiti/MARINE_DATASETS/FathomNet_FGVC2025/data/images/401.png,5bc3105743ec1d168bcc4b027ebb461e3c64cb5a0f569230ed6017170c248d0f,71451593875438e5b90f3f740092ea63a61739be31965467ed0ae8c64356818d,401,0,train
1594,408,49,Ophiuroidea,/home/tahiti/MARINE_DATASETS/FathomNet_FGVC2025/data/rois/408_1594.png,/home/tahiti/MARINE_DATASETS/FathomNet_FGVC2025/data/images/408.png,5b45c1f03998bf67ec329b3791094d9cbd9d8444e0a38a260d0da663de8be3dd,d025cae724a7fab6faabf5e4e16890753bc06c840788d1ff7aac74eb861b2bb6,408,0,train
1599,408,49,Ophiuroidea,/home/tahiti/MARINE_DATASETS/FathomNet_FGVC2025/data/rois/408_1599.png,/home/tahiti/MARINE_DATASETS/FathomNet_FGVC2025/data/images/408.png,4df2e6d729411c1c45f087c962b128c97e163db912722c480e27a5dcdac10e92,d025cae724a7fab6faabf5e4e16890753bc06c840788d1ff7aac74eb861b2bb6,408,0,train
1600,408,49,Ophiuroidea,/home/tahiti/MARINE_DATASETS/FathomNet_FGVC2025/data/rois/408_1600.png,/home/tahiti/MARINE_DATASETS/FathomNet_FGVC2025/data/images/408.png,d3c08bce226c22c1d9ff7cf64165ae3867ee80cbe8137fa4308ca8df277a7d7e,d025cae724a7fab6faabf5e4e16890753bc06c840788d1ff7aac74eb861b2bb6,408,0,train
1609,408,49,Ophiuroidea,/home/tahiti/MARINE_DATASETS/FathomNet_FGVC2025/data/rois/408_1609.png,/home/tahiti/MARINE_DATASETS/FathomNet_FGVC2025/data/images/408.png,d6b72ac9fe56c7ca39876d316b89d8dae35d990c08aae3f9cace9f6acdb216e8,d025cae724a7fab6faabf5e4e16890753bc06c840788d1ff7aac74eb861b2bb6,408,0,train
1613,408,49,Ophiuroidea,/home/tahiti/MARINE_DATASETS/FathomNet_FGVC2025/data/rois/408_1613.png,/home/tahiti/MARINE_DATASETS/FathomNet_FGVC2025/data/images/408.png,440fd73205d82581fb5a8bec3418005564d1d0ac2943d5987ac0e9539d434114,d025cae724a7fab6faabf5e4e16890753bc06c840788d1ff7aac74eb861b2bb6,408,0,train
1621,408,49,Ophiuroidea,/home/tahiti/MARINE_DATASETS/FathomNet_FGVC2025/data/rois/408_1621.png,/home/tahiti/MARINE_DATASETS/FathomNet_FGVC2025/data/images/408.png,f0aa88d0d21bedcd69e5edc788cb654e2019e93ce67335166278e53d941d80d0,d025cae724a7fab6faabf5e4e16890753bc06c840788d1ff7aac74eb861b2bb6,408,0,train
1625,408,49,Ophiuroidea,/home/tahiti/MARINE_DATASETS/FathomNet_FGVC2025/data/rois/408_1625.png,/home/tahiti/MARINE_DATASETS/FathomNet_FGVC2025/data/images/408.png,33924cca3f3ce74ee4a6baa2ec25a7ad12c9b457fa8a265598bf709015a92cfd,d025cae724a7fab6faabf5e4e16890753bc06c840788d1ff7aac74eb861b2bb6,408,0,train
1627,408,49,Ophiuroidea,/home/tahiti/MARINE_DATASETS/FathomNet_FGVC2025/data/rois/408_1627.png,/home/tahiti/MARINE_DATASETS/FathomNet_FGVC2025/data/images/408.png,79ef9ab1e8aef4cef6df63951fa5afdc86bb855e5a99e324ad7ecbf2f9fc19e7,d025cae724a7fab6faabf5e4e16890753bc06c840788d1ff7aac74eb861b2bb6,408,0,train
1672,413,55,Paragorgia arborea,/home/tahiti/MARINE_DATASETS/FathomNet_FGVC2025/data/rois/413_1672.png,/home/tahiti/MARINE_DATASETS/FathomNet_FGVC2025/data/images/413.png,23714728d4edafff8a317ad2c1a9941db2cc190b0f9212c2cf8d77969314ee03,be6f0cae481791bb53970e91ed00601bf316c2f74ac6cc090722e932c24fb24d,413,4,train
1676,413,16,Chionoecetes tanneri,/home/tahiti/MARINE_DATASETS/FathomNet_FGVC2025/data/rois/413_1676.png,/home/tahiti/MARINE_DATASETS/FathomNet_FGVC2025/data/images/413.png,23ffd481d92d17c83c8de6f278c6ecbd74b743dc3f77424d9820d86a78c05219,be6f0cae481791bb53970e91ed00601bf316c2f74ac6cc090722e932c24fb24d,413,4,train
1681,414,49,Ophiuroidea,/home/tahiti/MARINE_DATASETS/FathomNet_FGVC2025/data/rois/414_1681.png,/home/tahiti/MARINE_DATASETS/FathomNet_FGVC2025/data/images/414.png,b4dc817afc8f42da9ddd2b3344bfc9cbd2bf551e30f988b84d4e9f3afd10943d,54ae285959a970899926a68f697676500ca308fa1927b705b17676414480f976,414,2,train
1710,416,29,Heteropolypus ritteri,/home/tahiti/MARINE_DATASETS/FathomNet_FGVC2025/data/rois/416_1710.png,/home/tahiti/MARINE_DATASETS/FathomNet_FGVC2025/data/images/416.png,2c0b40fc3e45f9528e23b63acb87965f8dd75e5be220ec66fcf411b0f24199c0,f14759aeb03b6e84f04ddb01e4f92033decc807a4fd82c41f03c3a8672e50655,416,1,train
1713,416,54,Paragorgia,/home/tahiti/MARINE_DATASETS/FathomNet_FGVC2025/data/rois/416_1713.png,/home/tahiti/MARINE_DATASETS/FathomNet_FGVC2025/data/images/416.png,2e8412b7f3cce4ab24697e697249b9192a6b79a80d8b65e8b24226ba015fdb1d,f14759aeb03b6e84f04ddb01e4f92033decc807a4fd82c41f03c3a8672e50655,416,1,train
1799,427,31,Hippasteria,/home/tahiti/MARINE_DATASETS/FathomNet_FGVC2025/data/rois/427_1799.png,/home/tahiti/MARINE_DATASETS/FathomNet_FGVC2025/data/images/427.png,0a04d9b989e909e4bce11ea03012fab21ab6627bf80b0b6a150c8dcd13f385d7,7e3f4c24f70f0a3b571b2a38a2ff75f938c251780c62f9d1b124a4a1742ce067,427,1,train
1813,431,68,Scotoplanes globosa,/home/tahiti/MARINE_DATASETS/FathomNet_FGVC2025/data/rois/431_1813.png,/home/tahiti/MARINE_DATASETS/FathomNet_FGVC2025/data/images/431.png,336d767242841652be78ef22b34d23b56b7a497f5ce251e5d06b1f89e27de521,6abbe5d3f3ca53580903183357c0bf64599cd7ec24810daaf0226c8f68ec52f8,431,0,train
1818,434,16,Chionoecetes tanneri,/home/tahiti/MARINE_DATASETS/FathomNet_FGVC2025/data/rois/434_1818.png,/home/tahiti/MARINE_DATASETS/FathomNet_FGVC2025/data/images/434.png,335c4184bb60092e77b517512aa7121a83876345a73b95bde0c95e9b7e5a217d,3869cbd470d7099ea63f7bf2357e779d25d1038d44146d7b2b51f88519d68e34,434,4,train
1826,436,57,Parastenella,/home/tahiti/MARINE_DATASETS/FathomNet_FGVC2025/data/rois/436_1826.png,/home/tahiti/MARINE_DATASETS/FathomNet_FGVC2025/data/images/436.png,7c38fc256245955399b66138e9bae4ef83c4edd95a3f4f96f97662771ee6df8c,c93e60c9cc0b9a00ae5eb42510483d4682a7abf5d66a3a204dc2737dad09136f,436,2,train
1827,436,35,Isididae,/home/tahiti/MARINE_DATASETS/FathomNet_FGVC2025/data/rois/436_1827.png,/home/tahiti/MARINE_DATASETS/FathomNet_FGVC2025/data/images/436.png,5b2e428dec4d61a68516f0590e5bf9c8b9c15e350d53bc8e49d4c66999aaf78b,c93e60c9cc0b9a00ae5eb42510483d4682a7abf5d66a3a204dc2737dad09136f,436,2,train
1833,436,62,Psolus squamatus,/home/tahiti/MARINE_DATASETS/FathomNet_FGVC2025/data/rois/436_1833.png,/home/tahiti/MARINE_DATASETS/FathomNet_FGVC2025/data/images/436.png,96c9614c090c8225c0b0f290eea074c3e359d6f8d57857622fe745aa746dadb7,c93e60c9cc0b9a00ae5eb42510483d4682a7abf5d66a3a204dc2737dad09136f,436,2,train
1838,436,30,Hexactinellida,/home/tahiti/MARINE_DATASETS/FathomNet_FGVC2025/data/rois/436_1838.png,/home/tahiti/MARINE_DATASETS/FathomNet_FGVC2025/data/images/436.png,d438fd216ed3acd5df4f0580e4c510e5d8396379fdeafe0e6f512e11f5f52703,c93e60c9cc0b9a00ae5eb42510483d4682a7abf5d66a3a204dc2737dad09136f,436,2,train
1841,436,16,Chionoecetes tanneri,/home/tahiti/MARINE_DATASETS/FathomNet_FGVC2025/data/rois/436_1841.png,/home/tahiti/MARINE_DATASETS/FathomNet_FGVC2025/data/images/436.png,dc579cef5e20817533c3c0b765d68d95cbe9deae6cc7ea4ae3e55aaec5838d92,c93e60c9cc0b9a00ae5eb42510483d4682a7abf5d66a3a204dc2737dad09136f,436,2,train
1886,458,62,Psolus squamatus,/home/tahiti/MARINE_DATASETS/FathomNet_FGVC2025/data/rois/458_1886.png,/home/tahiti/MARINE_DATASETS/FathomNet_FGVC2025/data/images/458.png,17a021384cd800ed54731976c03a6578fe60f1c74b27f59c1c82ab132bf91eb8,9e58ca2357dc8403bc6afd380ec2c8fe585ef910c600244edd227df1d2315fb4,458,0,train
1897,461,71,Sebastolobus,/home/tahiti/MARINE_DATASETS/FathomNet_FGVC2025/data/rois/461_1897.png,/home/tahiti/MARINE_DATASETS/FathomNet_FGVC2025/data/images/461.png,e42c5594868542397606d2da3a2604d8352563d4e65e3a2f13e36df4cddc3c58,7050da4737bb616510f57238ce09079096d1ccbbab39c56bea743db875890474,461,2,train
1937,475,43,Microstomus pacificus,/home/tahiti/MARINE_DATASETS/FathomNet_FGVC2025/data/rois/475_1937.png,/home/tahiti/MARINE_DATASETS/FathomNet_FGVC2025/data/images/475.png,5275be2f054c03db1fec796669c7a90fb416ff7293280b3e269f2843573c9a1f,c63eb8d2f262a7804b6cc71d3e6d5b0ae96981582d4287b10cfc9045158ab37a,475,2,train
1949,480,55,Paragorgia arborea,/home/tahiti/MARINE_DATASETS/FathomNet_FGVC2025/data/rois/480_1949.png,/home/tahiti/MARINE_DATASETS/FathomNet_FGVC2025/data/images/480.png,a6321025996b6244e5a1a6b77e314dfe4c810576e8bb7e4f43908132489acd36,090591e92d67a914522827ac5cac1b46551aa5d83e60296480bf0356a54ba274,480,0,train
1972,489,5,Actiniaria,/home/tahiti/MARINE_DATASETS/FathomNet_FGVC2025/data/rois/489_1972.png,/home/tahiti/MARINE_DATASETS/FathomNet_FGVC2025/data/images/489.png,61e537721ec644fd38ce33e47b3e1903eb731054560914284f46e12a32dba82e,065338e7e4ef48e5b48d73feff94a0c2137b705340f4e4496d1824513a4cf8b1,489,2,train
1985,495,49,Ophiuroidea,/home/tahiti/MARINE_DATASETS/FathomNet_FGVC2025/data/rois/495_1985.png,/home/tahiti/MARINE_DATASETS/FathomNet_FGVC2025/data/images/495.png,ed8d9cace9190b942d792bba9274a9971923135c0022fbb212a61e1483aec86d,61ccdc01a760c9726acca79d02e310adc7d09ae443c9b317332947fb19d83375,495,1,train
2042,500,74,Strongylocentrotus fragilis,/home/tahiti/MARINE_DATASETS/FathomNet_FGVC2025/data/rois/500_2042.png,/home/tahiti/MARINE_DATASETS/FathomNet_FGVC2025/data/images/500.png,b679ca5a537913936579024e57462d3617e00c173eb77c8799aed4ecdb1c566b,e8feaad569951ae1e9f2837704273d658cf4e056b21e13b7e0551552975fc32c,500,0,train
2047,500,74,Strongylocentrotus fragilis,/home/tahiti/MARINE_DATASETS/FathomNet_FGVC2025/data/rois/500_2047.png,/home/tahiti/MARINE_DATASETS/FathomNet_FGVC2025/data/images/500.png,b2037db538f1331ef047013622e2e90e6df775fcac18a3cbf13a3766197b7b49,e8feaad569951ae1e9f2837704273d658cf4e056b21e13b7e0551552975fc32c,500,0,train
2058,500,74,Strongylocentrotus fragilis,/home/tahiti/MARINE_DATASETS/FathomNet_FGVC2025/data/rois/500_2058.png,/home/tahiti/MARINE_DATASETS/FathomNet_FGVC2025/data/images/500.png,189f9b966a4faedec928689d2515f7face737325ef3581246657411d309470eb,e8feaad569951ae1e9f2837704273d658cf4e056b21e13b7e0551552975fc32c,500,0,train
2080,505,49,Ophiuroidea,/home/tahiti/MARINE_DATASETS/FathomNet_FGVC2025/data/rois/505_2080.png,/home/tahiti/MARINE_DATASETS/FathomNet_FGVC2025/data/images/505.png,2b4418c90d9c76f7b99e99d0fcc4a77ce06260cca0e3bf364f29006131c010f3,510e5f9d453a0ce181fe76736dfce72d0b283c8134d3fe893e3358ccbfc00622,505,2,train
2092,505,49,Ophiuroidea,/home/tahiti/MARINE_DATASETS/FathomNet_FGVC2025/data/rois/505_2092.png,/home/tahiti/MARINE_DATASETS/FathomNet_FGVC2025/data/images/505.png,c7319b0084a562f159de977d16d013272f7c2cfd862b327c1661912583a8b50f,510e5f9d453a0ce181fe76736dfce72d0b283c8134d3fe893e3358ccbfc00622,505,2,train
2106,512,73,Staurocalyptus,/home/tahiti/MARINE_DATASETS/FathomNet_FGVC2025/data/rois/512_2106.png,/home/tahiti/MARINE_DATASETS/FathomNet_FGVC2025/data/images/512.png,ea5e6322adc3b42289e7ca2ded6bcd689d27f31d850167b7d4b4d241c401b23c,063d9e1e35fbb3a1a45d029a14c4577a8794ef1be7a9795f234c8c2b3892599f,512,1,train
2108,512,11,Asteroidea,/home/tahiti/MARINE_DATASETS/FathomNet_FGVC2025/data/rois/512_2108.png,/home/tahiti/MARINE_DATASETS/FathomNet_FGVC2025/data/images/512.png,160d9d2bf5f42a30f0db77af363fffd8c814c208282fdaf157d4e3e6dee9a7ec,063d9e1e35fbb3a1a45d029a14c4577a8794ef1be7a9795f234c8c2b3892599f,512,1,train
2114,515,55,Paragorgia arborea,/home/tahiti/MARINE_DATASETS/FathomNet_FGVC2025/data/rois/515_2114.png,/home/tahiti/MARINE_DATASETS/FathomNet_FGVC2025/data/images/515.png,af33ead4027972d7126b6b5abe18eb989121526be6ef2d76f2693847c6b09485,42ca6bd8c27650eb5933619df8b67ec7b4b4b0d36ada98de46ec206479c7b914,515,6,train
2117,518,65,Rathbunaster californicus,/home/tahiti/MARINE_DATASETS/FathomNet_FGVC2025/data/rois/518_2117.png,/home/tahiti/MARINE_DATASETS/FathomNet_FGVC2025/data/images/518.png,d077b7150757c2332a69c452d45524cc6087bfac45ed3fec26a214a8d024b0a0,f1d7a0c3c0e0bdb70a53ffbfc9c89dc9b9194c58542dfaecf22466efe9e8f174,518,1,train
2125,519,25,Gastropoda,/home/tahiti/MARINE_DATASETS/FathomNet_FGVC2025/data/rois/519_2125.png,/home/tahiti/MARINE_DATASETS/FathomNet_FGVC2025/data/images/519.png,4b67cfda2b580d0c64dfd64ba593c3b204dade953e55b8bab3b587b676696e36,9c207d03eba81c83e6d6e01ecff745912b2b71f13f8ff87ec1b1a12931062358,519,1,train
2126,520,25,Gastropoda,/home/tahiti/MARINE_DATASETS/FathomNet_FGVC2025/data/rois/520_2126.png,/home/tahiti/MARINE_DATASETS/FathomNet_FGVC2025/data/images/520.png,dcab0c7363754f5e0ee166abf93b49528c97a5df45918e479872fbd568bc2a37,9c9d033d38cd18fe77f271bdb1eb361931bdea29b124c07d42bb161296b3d485,520,2,train
2129,521,5,Actiniaria,/home/tahiti/MARINE_DATASETS/FathomNet_FGVC2025/data/rois/521_2129.png,/home/tahiti/MARINE_DATASETS/FathomNet_FGVC2025/data/images/521.png,99f73b7aef0548120c3a364da2186177fae6392925aeeed7cf6d04c5f7ff605c,55aa67ed853abcda8ebb0f7a37ea8a3e9bd32390248c966325e6ff7032f02572,521,2,train
2132,523,35,Isididae,/home/tahiti/MARINE_DATASETS/FathomNet_FGVC2025/data/rois/523_2132.png,/home/tahiti/MARINE_DATASETS/FathomNet_FGVC2025/data/images/523.png,b63784118e36d43abc63bcb411b90b2248e8076709c7f75872f92e1c20732dd5,67ecb5e0f5d0b3ab7456513ce66e3ea6c5e7084d74f202178ecd70a2e311669a,523,1,train
2134,525,60,Porifera,/home/tahiti/MARINE_DATASETS/FathomNet_FGVC2025/data/rois/525_2134.png,/home/tahiti/MARINE_DATASETS/FathomNet_FGVC2025/data/images/525.png,e35544fc3f89165f700f923abc77a165b86ce1a00e63e639ff826ba5c4a91b06,367473dc003d667b7a0c67dea61659270a4da723298937e006348fe8830d1881,525,4,train
2140,527,45,Munnopsidae,/home/tahiti/MARINE_DATASETS/FathomNet_FGVC2025/data/rois/527_2140.png,/home/tahiti/MARINE_DATASETS/FathomNet_FGVC2025/data/images/527.png,2a55ebcfc5208fb64acdfe9b9d063db2cdf404e57dd7bf575c4b3d7373d47b3b,2a3b0cfaf57be6e5fa9f982e511b399390f53441720367375e7442376ee5dc8d,527,6,train
2141,528,3,Acanthoptilum,/home/tahiti/MARINE_DATASETS/FathomNet_FGVC2025/data/rois/528_2141.png,/home/tahiti/MARINE_DATASETS/FathomNet_FGVC2025/data/images/528.png,7d4f2713c31087b6b0a6d73b2afe39d44979af970607ff71c453bc55aa1605b0,92a230f78c68f83d6c4e9ad4eb0d68f9853118c5483dc8a4abb1299a796a6586,528,6,train
2144,528,42,Metridium farcimen,/home/tahiti/MARINE_DATASETS/FathomNet_FGVC2025/data/rois/528_2144.png,/home/tahiti/MARINE_DATASETS/FathomNet_FGVC2025/data/images/528.png,bba39d52ca46fb20fbe50c19ed7781450dc1fed812eb99886e40f04651b9f67b,92a230f78c68f83d6c4e9ad4eb0d68f9853118c5483dc8a4abb1299a796a6586,528,6,train
2198,548,65,Rathbunaster californicus,/home/tahiti/MARINE_DATASETS/FathomNet_FGVC2025/data/rois/548_2198.png,/home/tahiti/MARINE_DATASETS/FathomNet_FGVC2025/data/images/548.png,80fb08f52456b6f51e3114a501bf2fb91d6d7ad17404f1212ca82abe3501a2a3,dfdbb6aee6e3bbde36bc47abe29d32eac49d60d36f7f0b30a9906f140badd1c7,548,2,train
2202,548,70,Sebastes diploproa,/home/tahiti/MARINE_DATASETS/FathomNet_FGVC2025/data/rois/548_2202.png,/home/tahiti/MARINE_DATASETS/FathomNet_FGVC2025/data/images/548.png,6643da8d60acce2c3e39dc9551fc5d56929a7c2e166821068b808fdb3ebe3021,dfdbb6aee6e3bbde36bc47abe29d32eac49d60d36f7f0b30a9906f140badd1c7,548,2,train
2277,552,74,Strongylocentrotus fragilis,/home/tahiti/MARINE_DATASETS/FathomNet_FGVC2025/data/rois/552_2277.png,/home/tahiti/MARINE_DATASETS/FathomNet_FGVC2025/data/images/552.png,380da0cffb5224c5ff460ddfe199b2eec59f51a0bb95813a3084d4c4bce78a1b,beadd4d1d4865e7bab34db9a07e7ed26c838c5eddaaf9725f880a3754a0cccc5,552,6,train
2281,552,74,Strongylocentrotus fragilis,/home/tahiti/MARINE_DATASETS/FathomNet_FGVC2025/data/rois/552_2281.png,/home/tahiti/MARINE_DATASETS/FathomNet_FGVC2025/data/images/552.png,53bc143ee5caaf1262fefd0ef5075075006e460996b2c4970d1fde518ce35cf9,beadd4d1d4865e7bab34db9a07e7ed26c838c5eddaaf9725f880a3754a0cccc5,552,6,train
2293,553,2,Acanthascinae,/home/tahiti/MARINE_DATASETS/FathomNet_FGVC2025/data/rois/553_2293.png,/home/tahiti/MARINE_DATASETS/FathomNet_FGVC2025/data/images/553.png,7cb87ca019357aa997260b0be9a580dd632180563bf6b3e21ad41409a1f973a2,f606142b75348de0b6e0e3d7360a1877a0a7f842fc18aa251555da9f1c02a315,553,4,train
2323,562,48,Ophiacanthidae,/home/tahiti/MARINE_DATASETS/FathomNet_FGVC2025/data/rois/562_2323.png,/home/tahiti/MARINE_DATASETS/FathomNet_FGVC2025/data/images/562.png,f759ce14ac16d04005ff28533e4faa369d12b76a928951950f398c8a544be959,e6a45fd7e744891d70fb8f0601d3d18b19f558d5d12def6b2f989d7da766abd5,562,4,train
2340,570,62,Psolus squamatus,/home/tahiti/MARINE_DATASETS/FathomNet_FGVC2025/data/rois/570_2340.png,/home/tahiti/MARINE_DATASETS/FathomNet_FGVC2025/data/images/570.png,be24e957db8a8f765bbab404c141d797828ac801a3d18b11bec5a88ba9ca72c7,7c6b074c6585bf06d556c93bcee1b8271d413bc7727fc22dc346b6a6a7f80fce,570,4,train
2346,570,62,Psolus squamatus,/home/tahiti/MARINE_DATASETS/FathomNet_FGVC2025/data/rois/570_2346.png,/home/tahiti/MARINE_DATASETS/FathomNet_FGVC2025/data/images/570.png,5afd6cab63aa807e8a7cc5c28ba56d6d4c4a0c80e6bacff10fe20b7c36110f13,7c6b074c6585bf06d556c93bcee1b8271d413bc7727fc22dc346b6a6a7f80fce,570,4,train
2372,579,5,Actiniaria,/home/tahiti/MARINE_DATASETS/FathomNet_FGVC2025/data/rois/579_2372.png,/home/tahiti/MARINE_DATASETS/FathomNet_FGVC2025/data/images/579.png,f2ad6ec95f2e17e8f83413a1880637d1a184ad9ab8d5191bede9520f099e3ebb,ee081ede2b27cbe31f0c19e8909150a1ca54e166ebc17d9e06726de81e4d95f0,579,6,train
2377,582,67,Scotoplanes,/home/tahiti/MARINE_DATASETS/FathomNet_FGVC2025/data/rois/582_2377.png,/home/tahiti/MARINE_DATASETS/FathomNet_FGVC2025/data/images/582.png,440484f038c5365f9499844a7691841c6b92448b9ecbdd3cb042bda5da3c0a31,c7e08caeb306c6318b67b149b3facf2366d0d2375a1b15d89db8e23f9ae60732,582,2,train
2383,585,26,Gersemia juliepackardae,/home/tahiti/MARINE_DATASETS/FathomNet_FGVC2025/data/rois/585_2383.png,/home/tahiti/MARINE_DATASETS/FathomNet_FGVC2025/data/images/585.png,6295fcdc7f8d53824f8b1b5089010821d6d3d914b65ecaab639de36a783e5009,36636d1f33ed6f4eb2f237b3487075a75929fd2512d700298b4b4d073410c6ef,585,1,train
2400,586,37,Keratoisis,/home/tahiti/MARINE_DATASETS/FathomNet_FGVC2025/data/rois/586_2400.png,/home/tahiti/MARINE_DATASETS/FathomNet_FGVC2025/data/images/586.png,fc016f9a23ffbd93b08d1f008f561e0f9177f46abda415b4a34272695f6f0ce2,12e51159b40823cb0cdd4c79e8ddaea2cae575f41af99151d83e97075ef57d07,586,2,train
2406,587,73,Staurocalyptus,/home/tahiti/MARINE_DATASETS/FathomNet_FGVC2025/data/rois/587_2406.png,/home/tahiti/MARINE_DATASETS/FathomNet_FGVC2025/data/images/587.png,4dab7cbc9cb756906fc98ed970d65cacee205df8056ed8c8afd3121e393b58cb,fa20f59d049e76cbbf0299fef0d7216547a5b7b5d73fd17092e72ae609aee123,587,4,train
2453,600,74,Strongylocentrotus fragilis,/home/tahiti/MARINE_DATASETS/FathomNet_FGVC2025/data/rois/600_2453.png,/home/tahiti/MARINE_DATASETS/FathomNet_FGVC2025/data/images/600.png,f392ab3ddbf976b17db2d721542714eb1dc38c13e8a7180064fb08a6f92133d4,a0de65fd4276683503c998975c6a4fcde92e001ea9dca9ba9360d49e50aea7a9,600,2,train
2457,600,74,Strongylocentrotus fragilis,/home/tahiti/MARINE_DATASETS/FathomNet_FGVC2025/data/rois/600_2457.png,/home/tahiti/MARINE_DATASETS/FathomNet_FGVC2025/data/images/600.png,d3938a0d218650635c037f6773119844ae80776dd86f7b0351e8ca163561d362,a0de65fd4276683503c998975c6a4fcde92e001ea9dca9ba9360d49e50aea7a9,600,2,train
2465,600,74,Strongylocentrotus fragilis,/home/tahiti/MARINE_DATASETS/FathomNet_FGVC2025/data/rois/600_2465.png,/home/tahiti/MARINE_DATASETS/FathomNet_FGVC2025/data/images/600.png,598c2587c66979479fa6da94401bebf5153d4135b315eed58a4a17a1613f9bbb,a0de65fd4276683503c998975c6a4fcde92e001ea9dca9ba9360d49e50aea7a9,600,2,train
2477,607,37,Keratoisis,/home/tahiti/MARINE_DATASETS/FathomNet_FGVC2025/data/rois/607_2477.png,/home/tahiti/MARINE_DATASETS/FathomNet_FGVC2025/data/images/607.png,cbd2cce7f86a72fc3376cf775cd73361919a0ed9d01195a4050b9771db451092,05297eb8fdb9668e654c04fe95e4d916ce2d6110fac50a5278d882a919362167,607,0,train
2486,612,73,Staurocalyptus,/home/tahiti/MARINE_DATASETS/FathomNet_FGVC2025/data/rois/612_2486.png,/home/tahiti/MARINE_DATASETS/FathomNet_FGVC2025/data/images/612.png,daef2642eb5dfc63e652b2227235cd86b37444d337e077652eb86b333de76a00,dd252914061875bd36c9d028ff320f099911506be028faae6a3d01b6226c10ee,612,4,train
2494,617,3,Acanthoptilum,/home/tahiti/MARINE_DATASETS/FathomNet_FGVC2025/data/rois/617_2494.png,/home/tahiti/MARINE_DATASETS/FathomNet_FGVC2025/data/images/617.png,56efedf7e0dee6a3765c9f50a720fed2185350041f436b4b91cd737b21b5c27b,7695c21d231bc573ab861fd0e893598f462719ce0bd99c9181e37e531215a4b4,617,0,train
2558,629,54,Paragorgia,/home/tahiti/MARINE_DATASETS/FathomNet_FGVC2025/data/rois/629_2558.png,/home/tahiti/MARINE_DATASETS/FathomNet_FGVC2025/data/images/629.png,288f8d91e6d99cb1e078f82d51a78c231503469fabff40c950058c857ad5d424,e0aa3f2ac45b9c352d0295502a9f3f221f964ac992cc67d6264d8947708e8236,629,4,train
2561,630,60,Porifera,/home/tahiti/MARINE_DATASETS/FathomNet_FGVC2025/data/rois/630_2561.png,/home/tahiti/MARINE_DATASETS/FathomNet_FGVC2025/data/images/630.png,0f1777bcfa50b599c512d4261d8825bc9267920ebaba06b21d708472a8913b05,e489f5e4e8fe4ffc6b4479ef525ba7fcab49de2d5b53c87f318e685b3e58c761,630,1,train
2570,634,37,Keratoisis,/home/tahiti/MARINE_DATASETS/FathomNet_FGVC2025/data/rois/634_2570.png,/home/tahiti/MARINE_DATASETS/FathomNet_FGVC2025/data/images/634.png,17228c5782df1013def622ea4649f9409e12faf851133099845f5ea81306aeca,cc0e61c92938c1f7c92abee0687689713ec2c6ee8b623de97dfa85417250c8da,634,0,train
2589,640,19,Crinoidea,/home/tahiti/MARINE_DATASETS/FathomNet_FGVC2025/data/rois/640_2589.png,/home/tahiti/MARINE_DATASETS/FathomNet_FGVC2025/data/images/640.png,670f0e611b3e518dc0205c8b27896312a6a9728b2852165d301584b3082af984,8d0e6ccc1409fd453de463cf367314dd5fe53173de191382a4d80ef2671ee4e5,640,6,train
2601,642,5,Actiniaria,/home/tahiti/MARINE_DATASETS/FathomNet_FGVC2025/data/rois/642_2601.png,/home/tahiti/MARINE_DATASETS/FathomNet_FGVC2025/data/images/642.png,181ef637291dd00233ea9d7a94dabeb784b055caf7b6220d1ed0cc33a06ba564,e0e9a1ad9f4230ec8084b5f6fa395f46cc016537c194ad62eecb55d7c9bdf6d1,642,4,train
2603,642,37,Keratoisis,/home/tahiti/MARINE_DATASETS/FathomNet_FGVC2025/data/rois/642_2603.png,/home/tahiti/MARINE_DATASETS/FathomNet_FGVC2025/data/images/642.png,a4190955575a5f2a4acddd6f42cc2319f40017f0de31e2a5187862f87c2b030d,e0e9a1ad9f4230ec8084b5f6fa395f46cc016537c194ad62eecb55d7c9bdf6d1,642,4,train
2622,646,70,Sebastes diploproa,/home/tahiti/MARINE_DATASETS/FathomNet_FGVC2025/data/rois/646_2622.png,/home/tahiti/MARINE_DATASETS/FathomNet_FGVC2025/data/images/646.png,8ead8e09f71495cf5bf315539c8c6966e6b761a7720414fe9da56c4a44f3dc5f,e4a68e63f5b86378643db4104090cb14476d9c184876b49675d53d6bf71bf966,646,6,train
2650,652,58,Peniagone,/home/tahiti/MARINE_DATASETS/FathomNet_FGVC2025/data/rois/652_2650.png,/home/tahiti/MARINE_DATASETS/FathomNet_FGVC2025/data/images/652.png,bfb3e7a2e6c8adb14c368660e21987be8a18f99c067b40406a1020777ffb5cd5,596d4dc111462971bcd7f8c4309cd29f9f55b3bc55907a036c8f8519bb90a524,652,1,train
2682,661,21,Elpidia,/home/tahiti/MARINE_DATASETS/FathomNet_FGVC2025/data/rois/661_2682.png,/home/tahiti/MARINE_DATASETS/FathomNet_FGVC2025/data/images/661.png,33c6bc8222db934a219b8f7424f965bdc6b9c1488f1a1eedd7fa08038a72907d,3ebbf27e42efce54dc20c9a4192dc31221c7750b076295db7862c0e8dde8d889,661,1,train
2716,673,23,Florometra serratissima,/home/tahiti/MARINE_DATASETS/FathomNet_FGVC2025/data/rois/673_2716.png,/home/tahiti/MARINE_DATASETS/FathomNet_FGVC2025/data/images/673.png,6d22365be2055fe0ccb06902a3fc8b7c103bacdf13580b1f9f9b0b49b30b0f17,dc33b04eeb194e1c54e65207c26c7f92d9d9c616cd54f13d09a8424d87d43165,673,0,train
2759,684,11,Asteroidea,/home/tahiti/MARINE_DATASETS/FathomNet_FGVC2025/data/rois/684_2759.png,/home/tahiti/MARINE_DATASETS/FathomNet_FGVC2025/data/images/684.png,13433f6ea01ef6e372d7b3736a21e036ec3f916c04091be5ebe1624707388da3,3b7d23a02cbe9b99f7c04796390c2423d0a07e0613180bdaa84c2c5f52d0fd42,684,4,train
2760,684,11,Asteroidea,/home/tahiti/MARINE_DATASETS/FathomNet_FGVC2025/data/rois/684_2760.png,/home/tahiti/MARINE_DATASETS/FathomNet_FGVC2025/data/images/684.png,655054d23eb71304a747bc23bc37fb553ab594b672471895c1f4936cb60bad7c,3b7d23a02cbe9b99f7c04796390c2423d0a07e0613180bdaa84c2c5f52d0fd42,684,4,train
2783,693,14,Caridea,/home/tahiti/MARINE_DATASETS/FathomNet_FGVC2025/data/rois/693_2783.png,/home/tahiti/MARINE_DATASETS/FathomNet_FGVC2025/data/images/693.png,1663f3243835f96752d29abe38269caf029ce563459ac7a6b7ddc915db7c34bc,61b5ea909b68d3dab604265feb3cd0dccf22a07b3dca83f14c2ca5536a3352cf,693,0,train
2798,700,16,Chionoecetes tanneri,/home/tahiti/MARINE_DATASETS/FathomNet_FGVC2025/data/rois/700_2798.png,/home/tahiti/MARINE_DATASETS/FathomNet_FGVC2025/data/images/700.png,d90ebeb35a78058e30dc4baf8c31aff8388937e0ecc116a9d208daf031948376,6b80241bfa98f5f28487565b1eb26a2556fc29e811f9aa597656f60eeb155dd0,700,2,train
2809,704,11,Asteroidea,/home/tahiti/MARINE_DATASETS/FathomNet_FGVC2025/data/rois/704_2809.png,/home/tahiti/MARINE_DATASETS/FathomNet_FGVC2025/data/images/704.png,6dc3428781a275ec2b4d2d600c0f077262ef89bcf2fa3b17f772b48b190f751a,db495f5d102cb87aaae4037a5a5fd3bef3e5532f90a14da72cb874d277d2b05f,704,4,train
2817,707,49,Ophiuroidea,/home/tahiti/MARINE_DATASETS/FathomNet_FGVC2025/data/rois/707_2817.png,/home/tahiti/MARINE_DATASETS/FathomNet_FGVC2025/data/images/707.png,06481d5361462a04ede4c5e816e40b6c0396fb41ed3f9c1af4322c335b481f45,590ffe7c090a0803c41817d87da916c7804e7c604771b9ee581d039392b90ec4,707,1,train
2831,711,43,Microstomus pacificus,/home/tahiti/MARINE_DATASETS/FathomNet_FGVC2025/data/rois/711_2831.png,/home/tahiti/MARINE_DATASETS/FathomNet_FGVC2025/data/images/711.png,0d86c95d6ffa5fe533de95f49eec0d1763188c1148fe21ad279b9fdd40bf4fdc,67f90878a6b60801a1cc1a93015cb45452bc11b6e54ab858beffeb46008cb419,711,4,train
2832,711,71,Sebastolobus,/home/tahiti/MARINE_DATASETS/FathomNet_FGVC2025/data/rois/711_2832.png,/home/tahiti/MARINE_DATASETS/FathomNet_FGVC2025/data/images/711.png,25817e78f2a0d5838150fe47453deb0015c1e6ff4de0828e66e2a4f8ae5d839c,67f90878a6b60801a1cc1a93015cb45452bc11b6e54ab858beffeb46008cb419,711,4,train
2844,718,49,Ophiuroidea,/home/tahiti/MARINE_DATASETS/FathomNet_FGVC2025/data/rois/718_2844.png,/home/tahiti/MARINE_DATASETS/FathomNet_FGVC2025/data/images/718.png,e591e9a2a468c813d755ad3368eab3b5da7dee3327c6479214b466ac05632367,f478d512ee69ddf0c1bc012621d8084bedb1519fc30834f1f9bff3c8ad70cfbb,718,4,train
2859,727,49,Ophiuroidea,/home/tahiti/MARINE_DATASETS/FathomNet_FGVC2025/data/rois/727_2859.png,/home/tahiti/MARINE_DATASETS/FathomNet_FGVC2025/data/images/727.png,977b2149596e92a8df8768e8be3abe0635870193a5a6e6346bd26583839f3420,4d6a4b12e40134390ff8837fb9866d22271741b7a7d0d0638576a64158fb91bf,727,6,train
2860,727,49,Ophiuroidea,/home/tahiti/MARINE_DATASETS/FathomNet_FGVC2025/data/rois/727_2860.png,/home/tahiti/MARINE_DATASETS/FathomNet_FGVC2025/data/images/727.png,7217e6d0218ff98b6f63c37530dbc057eb7e61f8ed20c8ba64debbf44d9affdb,4d6a4b12e40134390ff8837fb9866d22271741b7a7d0d0638576a64158fb91bf,727,6,train
2924,739,31,Hippasteria,/home/tahiti/MARINE_DATASETS/FathomNet_FGVC2025/data/rois/739_2924.png,/home/tahiti/MARINE_DATASETS/FathomNet_FGVC2025/data/images/739.png,5b04b8f8445963ff22cad022f19d6603c3b5a926bbe049cac74294bcb121ab19,5cf5439173d51881ce4931d3beef43853ce24c9271b7a6e2f2d2693a112fa9a1,739,1,train
2925,739,60,Porifera,/home/tahiti/MARINE_DATASETS/FathomNet_FGVC2025/data/rois/739_2925.png,/home/tahiti/MARINE_DATASETS/FathomNet_FGVC2025/data/images/739.png,35cf6d00430d79ac56f8f6f0e55dcb68b67a348023b328fa9b1329c407121dd0,5cf5439173d51881ce4931d3beef43853ce24c9271b7a6e2f2d2693a112fa9a1,739,1,train
2937,739,46,Mycale,/home/tahiti/MARINE_DATASETS/FathomNet_FGVC2025/data/rois/739_2937.png,/home/tahiti/MARINE_DATASETS/FathomNet_FGVC2025/data/images/739.png,d86649831a69ce3d999fef3c007d16bb3cdd76fec216a8c3ecb5e4c37529f81b,5cf5439173d51881ce4931d3beef43853ce24c9271b7a6e2f2d2693a112fa9a1,739,1,train
2952,742,42,Metridium farcimen,/home/tahiti/MARINE_DATASETS/FathomNet_FGVC2025/data/rois/742_2952.png,/home/tahiti/MARINE_DATASETS/FathomNet_FGVC2025/data/images/742.png,c543ad1f267228ec02ceb9dc350d36da531b13b2c7c991f4ebdc2c2f07a3e10a,624a57ba577556995db77e2f8acfc163738c1d1687f00a4c599bf6dd2a790ac2,742,2,train
2959,747,54,Paragorgia,/home/tahiti/MARINE_DATASETS/FathomNet_FGVC2025/data/rois/747_2959.png,/home/tahiti/MARINE_DATASETS/FathomNet_FGVC2025/data/images/747.png,b99bc5c6638c6ec1352c4e4303fe0f64dce62634b4ea9d57e6367f64d621035a,a69db90da3f8d450228ef50d0eaf70d0e68c8b55edc614d7b4a8938c87eed08d,747,2,train
2978,754,8,Apostichopus leukothele,/home/tahiti/MARINE_DATASETS/FathomNet_FGVC2025/data/rois/754_2978.png,/home/tahiti/MARINE_DATASETS/FathomNet_FGVC2025/data/images/754.png,bd6f427255f2a0fb9eeac45c50ee87ffdca46948ec6065a0efe82f8ee2f98671,ca5db3145173fcfd9f39be5d809d02b81f463caf64754e618e14e41c0641ba85,754,2,train
2980,754,47,Octopus rubescens,/home/tahiti/MARINE_DATASETS/FathomNet_FGVC2025/data/rois/754_2980.png,/home/tahiti/MARINE_DATASETS/FathomNet_FGVC2025/data/images/754.png,47d2a404bdb52a006b6b26d23f46854f75f8b0530f5384972f2f0a9c19470906,ca5db3145173fcfd9f39be5d809d02b81f463caf64754e618e14e41c0641ba85,754,2,train
2984,754,47,Octopus rubescens,/home/tahiti/MARINE_DATASETS/FathomNet_FGVC2025/data/rois/754_2984.png,/home/tahiti/MARINE_DATASETS/FathomNet_FGVC2025/data/images/754.png,b5b5816159f19fc9a6c206787572f5d08fc404f53c8aad39f9dbb69eb63d14ae,ca5db3145173fcfd9f39be5d809d02b81f463caf64754e618e14e41c0641ba85,754,2,train
2986,754,23,Florometra serratissima,/home/tahiti/MARINE_DATASETS/FathomNet_FGVC2025/data/rois/754_2986.png,/home/tahiti/MARINE_DATASETS/FathomNet_FGVC2025/data/images/754.png,6f82781f91768e027fdb98149e021b09cfc049242a4730e4e5daffc782c384da,ca5db3145173fcfd9f39be5d809d02b81f463caf64754e618e14e41c0641ba85,754,2,train
2997,757,19,Crinoidea,/home/tahiti/MARINE_DATASETS/FathomNet_FGVC2025/data/rois/757_2997.png,/home/tahiti/MARINE_DATASETS/FathomNet_FGVC2025/data/images/757.png,22d200e68b6db8362d886aa48505913ed9e71922d992ee765b126e2c2e70a560,e7b8f87f22210041dfda64865bd2cafb223fb6468637fd9be34bc696bcd240ef,757,6,train
3012,760,28,Heterochone calyx,/home/tahiti/MARINE_DATASETS/FathomNet_FGVC2025/data/rois/760_3012.png,/home/tahiti/MARINE_DATASETS/FathomNet_FGVC2025/data/images/760.png,97fb8120d6026f78cef9ea120f9a947b41e7b628d149459f0852f7e5061e6cae,0ae68de6eb34c95000351c56c3930f47ab6bf2363472390c946aae9240098700,760,2,train
3022,760,28,Heterochone calyx,/home/tahiti/MARINE_DATASETS/FathomNet_FGVC2025/data/rois/760_3022.png,/home/tahiti/MARINE_DATASETS/FathomNet_FGVC2025/data/images/760.png,da619389bc053ced167ef3d20697c49c8e12a3825029aa6974c16e32f36fbfd7,0ae68de6eb34c95000351c56c3930f47ab6bf2363472390c946aae9240098700,760,2,train
3036,762,30,Hexactinellida,/home/tahiti/MARINE_DATASETS/FathomNet_FGVC2025/data/rois/762_3036.png,/home/tahiti/MARINE_DATASETS/FathomNet_FGVC2025/data/images/762.png,26c18b02487256776f2e3f0eb221df66697828758f9df025a79182ddd22cb221,7a26977f720ecc8cf635e1ca7ac69425befae088cf84087a91a67651f781790f,762,0,train
3048,765,68,Scotoplanes globosa,/home/tahiti/MARINE_DATASETS/FathomNet_FGVC2025/data/rois/765_3048.png,/home/tahiti/MARINE_DATASETS/FathomNet_FGVC2025/data/images/765.png,f824eee9f4e522835495d49be8ad15e903d4607b3651fa1fc533b878bc4cd49c,75585251cb0aa28cd345344b729a54986c1f3579179a911c7b516806989a24fd,765,2,train
3055,766,73,Staurocalyptus,/home/tahiti/MARINE_DATASETS/FathomNet_FGVC2025/data/rois/766_3055.png,/home/tahiti/MARINE_DATASETS/FathomNet_FGVC2025/data/images/766.png,48764871e4c12612cf1310f4694754ba1edc6882f7cf3e7614c125fdae3b2cb8,d74854ade035ad603e2c4f332bee6c83024942b2149dac4bed588b625c133525,766,4,train
3063,766,73,Staurocalyptus,/home/tahiti/MARINE_DATASETS/FathomNet_FGVC2025/data/rois/766_3063.png,/home/tahiti/MARINE_DATASETS/FathomNet_FGVC2025/data/images/766.png,a1ee8993a74e385ba351b93fa0e32f7744874c8d0636053d746ae03ac18080ab,d74854ade035ad603e2c4f332bee6c83024942b2149dac4bed588b625c133525,766,4,train
3064,766,73,Staurocalyptus,/home/tahiti/MARINE_DATASETS/FathomNet_FGVC2025/data/rois/766_3064.png,/home/tahiti/MARINE_DATASETS/FathomNet_FGVC2025/data/images/766.png,d1be69991488721da69d36660843e791b429329192f1350286815342a7ef0bcc,d74854ade035ad603e2c4f332bee6c83024942b2149dac4bed588b625c133525,766,4,train
3069,767,14,Caridea,/home/tahiti/MARINE_DATASETS/FathomNet_FGVC2025/data/rois/767_3069.png,/home/tahiti/MARINE_DATASETS/FathomNet_FGVC2025/data/images/767.png,dc9983702ead38d4f844421b602a5fd5db9f0e5562a62efe512792473aa06804,22a819bbcae8ab05bcd99f2582e664b165dbcaaa4c60a2371053ab816fb28317,767,1,train
3096,773,38,Liponema brevicorne,/home/tahiti/MARINE_DATASETS/FathomNet_FGVC2025/data/rois/773_3096.png,/home/tahiti/MARINE_DATASETS/FathomNet_FGVC2025/data/images/773.png,2bd71972cfe8c04238c5f7298fd2ab516ce324154dc56f64f476243e044e4a89,5a4da5636a0ec4f18da0b4de942bc5a260db7b9dddf9b5f2ab20b35d290da240,773,2,train
3123,787,37,Keratoisis,/home/tahiti/MARINE_DATASETS/FathomNet_FGVC2025/data/rois/787_3123.png,/home/tahiti/MARINE_DATASETS/FathomNet_FGVC2025/data/images/787.png,c1016013528c62e605785b0de2f99fbc41455e8190e513abd0e7de80cfd9445b,353792986489f1eb648adaf86d1532562b70322966d1dcb00003f2c93311a86c,787,1,train
3130,791,62,Psolus squamatus,/home/tahiti/MARINE_DATASETS/FathomNet_FGVC2025/data/rois/791_3130.png,/home/tahiti/MARINE_DATASETS/FathomNet_FGVC2025/data/images/791.png,3f68e6f80457c35b0c0b1fc8039220627265f68bd66675b5cfda49e694ef0f01,6f9d719ee0109f11006177b05c54875027520a141269fadfb7bf45ba6962b827,791,1,train
3141,792,58,Peniagone,/home/tahiti/MARINE_DATASETS/FathomNet_FGVC2025/data/rois/792_3141.png,/home/tahiti/MARINE_DATASETS/FathomNet_FGVC2025/data/images/792.png,29e0a2be076768080bac1a59be20cdfaaf31f067e8e4ef10c7395250264c0836,f9345b01720b1043703b816ebc158526424259475affde30b4fcc0756f2a0f8a,792,4,train
3172,800,22,Farrea,/home/tahiti/MARINE_DATASETS/FathomNet_FGVC2025/data/rois/800_3172.png,/home/tahiti/MARINE_DATASETS/FathomNet_FGVC2025/data/images/800.png,9b4992551d9056a09c644b8d8d2229deab9e4875c52aedf1ce3f568ec2170b8c,3982bbe00aea1bb8aa16c18b5d5bc521096b01779e6d59a5bf49474edf24c6a3,800,6,train
3175,800,5,Actiniaria,/home/tahiti/MARINE_DATASETS/FathomNet_FGVC2025/data/rois/800_3175.png,/home/tahiti/MARINE_DATASETS/FathomNet_FGVC2025/data/images/800.png,871e6a13dcedb36235fe481afc80b3fb22e4383c7d0db8898adc7c0568167df5,3982bbe00aea1bb8aa16c18b5d5bc521096b01779e6d59a5bf49474edf24c6a3,800,6,train
3176,800,5,Actiniaria,/home/tahiti/MARINE_DATASETS/FathomNet_FGVC2025/data/rois/800_3176.png,/home/tahiti/MARINE_DATASETS/FathomNet_FGVC2025/data/images/800.png,6ee9c4bc374ff128238849f8f8ee45018db6cd0e194088ad239d845db4c122cf,3982bbe00aea1bb8aa16c18b5d5bc521096b01779e6d59a5bf49474edf24c6a3,800,6,train
3218,820,35,Isididae,/home/tahiti/MARINE_DATASETS/FathomNet_FGVC2025/data/rois/820_3218.png,/home/tahiti/MARINE_DATASETS/FathomNet_FGVC2025/data/images/820.png,5c2bc3538c5255188cff2dec78d46e7420a3d36a620dd70da54587171b0bdc9e,99947cac679d78b6725f9dab91cc1b11ddd7d7b08ee7fe3f54952b835dd29102,820,4,train
3241,823,55,Paragorgia arborea,/home/tahiti/MARINE_DATASETS/FathomNet_FGVC2025/data/rois/823_3241.png,/home/tahiti/MARINE_DATASETS/FathomNet_FGVC2025/data/images/823.png,64d6385f7bba7940009b74ae56d6241576b715236b64751f2cbfae1a08c4314d,b19cfa2cfd0412c5c6e2d9b7386e27441263b4fd5bd7b4c5eab3d3b59cc5b219,823,4,train
3250,828,34,Isidella tentaculum,/home/tahiti/MARINE_DATASETS/FathomNet_FGVC2025/data/rois/828_3250.png,/home/tahiti/MARINE_DATASETS/FathomNet_FGVC2025/data/images/828.png,32c74af6a0c4a164854bfa1f5fda4e87dd7e0af53c8d46941e4a8853ded8626d,d4d5aa5f77a5ee2e68e243fa07007412861d5ac42d7badbf6691def87f5e4695,828,6,train
3252,828,37,Keratoisis,/home/tahiti/MARINE_DATASETS/FathomNet_FGVC2025/data/rois/828_3252.png,/home/tahiti/MARINE_DATASETS/FathomNet_FGVC2025/data/images/828.png,61434852f7584809e744258d37045b730cb5244856f28735a90248b1a7202629,d4d5aa5f77a5ee2e68e243fa07007412861d5ac42d7badbf6691def87f5e4695,828,6,train
3267,837,44,Munidopsis,/home/tahiti/MARINE_DATASETS/FathomNet_FGVC2025/data/rois/837_3267.png,/home/tahiti/MARINE_DATASETS/FathomNet_FGVC2025/data/images/837.png,3812ca5200e308384e9acdfad29f770c97884ea84cec816a04bb0e2dedc974a1,8e07b7f22c57022341a87f40304aa63f828ced575e8de7a34f5b5849f77bd584,837,2,train
3301,846,58,Peniagone,/home/tahiti/MARINE_DATASETS/FathomNet_FGVC2025/data/rois/846_3301.png,/home/tahiti/MARINE_DATASETS/FathomNet_FGVC2025/data/images/846.png,b8993f0160717d6ec9a60fc665b3ab0310a3c3a0345eb0289577bf881f593c58,ac221de44d2f1b592052b0b46cd9acadf31206c8d4d0d193301329f2770c5d86,846,6,train
3326,856,62,Psolus squamatus,/home/tahiti/MARINE_DATASETS/FathomNet_FGVC2025/data/rois/856_3326.png,/home/tahiti/MARINE_DATASETS/FathomNet_FGVC2025/data/images/856.png,d4122f9c893b0574b972adabff41b850d66465217d07523bb9c765ad38b86d2f,46c794dea00d74e0b22d23f1ff58de56680a16f6a6748a3269d50a77cfc6bbd5,856,6,train
3332,858,4,Actinernus,/home/tahiti/MARINE_DATASETS/FathomNet_FGVC2025/data/rois/858_3332.png,/home/tahiti/MARINE_DATASETS/FathomNet_FGVC2025/data/images/858.png,4419650f2af5dd2612c0350459b8b3d5b0050e8449c935a82c0d91e3b1a76807,17a21f823495081ae39abd4419475f2eeb83c3b89244be897f9c42d11ef0eb92,858,6,train
3340,858,22,Farrea,/home/tahiti/MARINE_DATASETS/FathomNet_FGVC2025/data/rois/858_3340.png,/home/tahiti/MARINE_DATASETS/FathomNet_FGVC2025/data/images/858.png,3f33395be33d7060a1f632aa463fbd9d602cd63d44195c8f4df7667d7e161fcb,17a21f823495081ae39abd4419475f2eeb83c3b89244be897f9c42d11ef0eb92,858,6,train
3358,861,28,Heterochone calyx,/home/tahiti/MARINE_DATASETS/FathomNet_FGVC2025/data/rois/861_3358.png,/home/tahiti/MARINE_DATASETS/FathomNet_FGVC2025/data/images/861.png,158a0c5bfe75677717afa3fccd831381ecf557a156e7d8cfa0c610d8b8dc0bbc,0eee46cb64e8d2959a1827ba36d6f7fe48bc418fa64d6085191b486a7cba7449,861,4,train
3366,862,59,Pennatula phosphorea,/home/tahiti/MARINE_DATASETS/FathomNet_FGVC2025/data/rois/862_3366.png,/home/tahiti/MARINE_DATASETS/FathomNet_FGVC2025/data/images/862.png,5eb5024d7c3e3a33a45148b54bd470e9085200fac75d88508903a414e63403e0,79bbd32576c9dede6f7bad1fa144de4209f998c51db376d87ed558728d2f1834,862,4,train
3399,865,48,Ophiacanthidae,/home/tahiti/MARINE_DATASETS/FathomNet_FGVC2025/data/rois/865_3399.png,/home/tahiti/MARINE_DATASETS/FathomNet_FGVC2025/data/images/865.png,c44b3eddaca9a7dff1d4ae05a98e9bdb0229f962895b16624a8e60225ad61d53,394b0ee4254f703918bc22cbb119974a8a27f91745250fbfeb8eacacc7ed384f,865,2,train
3405,868,49,Ophiuroidea,/home/tahiti/MARINE_DATASETS/FathomNet_FGVC2025/data/rois/868_3405.png,/home/tahiti/MARINE_DATASETS/FathomNet_FGVC2025/data/images/868.png,3cb70bd76eea78a206a672fd9871b74d6ca825d8913fa9a331ab9625c1c46234,2054a885eea5d7a22bf2de28ca79046da0d58880ef44fc1c5db2dd0f354c1fcb,868,4,train
3410,869,13,Brisingida,/home/tahiti/MARINE_DATASETS/FathomNet_FGVC2025/data/rois/869_3410.png,/home/tahiti/MARINE_DATASETS/FathomNet_FGVC2025/data/images/869.png,24d0254a37ea05fd56411f8a331ec925d7ba12dc22d640a783b2f2b2c0ad49c9,62acf9aa910af597400dc028e54bb641bb93e09e1df93dfefe3bb65d611e2f5b,869,2,train
3431,874,19,Crinoidea,/home/tahiti/MARINE_DATASETS/FathomNet_FGVC2025/data/rois/874_3431.png,/home/tahiti/MARINE_DATASETS/FathomNet_FGVC2025/data/images/874.png,349170c95b81147d89eded06fcc2b3fa7ea28a081b077cb0c2770aa25c78c271,f379b8ef1db55d5271a02aa244972a63d0c23983d7cef5b83eaea69c4d0d6308,874,4,train
3453,881,11,Asteroidea,/home/tahiti/MARINE_DATASETS/FathomNet_FGVC2025/data/rois/881_3453.png,/home/tahiti/MARINE_DATASETS/FathomNet_FGVC2025/data/images/881.png,025bdec9754c4a73ab306fa1c70224929fc76d4158b13c3cd83409dd3cac5396,00e9b9a26e0c4e29a6454ed6db81f6bb11ee6747e4a7895d2f2809c7809757dd,881,0,train
3462,884,43,Microstomus pacificus,/home/tahiti/MARINE_DATASETS/FathomNet_FGVC2025/data/rois/884_3462.png,/home/tahiti/MARINE_DATASETS/FathomNet_FGVC2025/data/images/884.png,a6a4e011641e7bd547bd6d0f65de5859e30883484fb23e813b5ee8910db9b937,891baadd4c98a3535fde392057f6e37415f7a947b03c29c8bac6f9907f44a89f,884,4,train
3489,887,71,Sebastolobus,/home/tahiti/MARINE_DATASETS/FathomNet_FGVC2025/data/rois/887_3489.png,/home/tahiti/MARINE_DATASETS/FathomNet_FGVC2025/data/images/887.png,6a3b656bad90f404f4559d4684f42a74e783fc0701e8fbe1336919a8d04182f2,26f3c31f1e02ccdd06c016582ec6744c757c3e894ef4d7ec15f8e5c4357b3a9c,887,0,train
3514,896,39,Lithodidae,/home/tahiti/MARINE_DATASETS/FathomNet_FGVC2025/data/rois/896_3514.png,/home/tahiti/MARINE_DATASETS/FathomNet_FGVC2025/data/images/896.png,074d04d570e7c06c7d698fda0579dcaa80d9421c87e3aa26e631ff3fab32b7d1,e84735353808f182590128f1bc4a050cd8c23c2d6a108c63b548ea111df65636,896,0,train
3517,897,26,Gersemia juliepackardae,/home/tahiti/MARINE_DATASETS/FathomNet_FGVC2025/data/rois/897_3517.png,/home/tahiti/MARINE_DATASETS/FathomNet_FGVC2025/data/images/897.png,8b691d28593b1936312d0f08d9efffb36fcfbf0ed69ca36d8f5e71df33ef9c63,71aae1efe47ea6b6e1812a266c6a51c67d60569aec992203096961fc2cc5a7f0,897,2,train
3518,897,26,Gersemia juliepackardae,/home/tahiti/MARINE_DATASETS/FathomNet_FGVC2025/data/rois/897_3518.png,/home/tahiti/MARINE_DATASETS/FathomNet_FGVC2025/data/images/897.png,e1a5f4eea76a673e70ad31d64f2b4fc7dbe201450da946013b7d3c0fbfd1fcd9,71aae1efe47ea6b6e1812a266c6a51c67d60569aec992203096961fc2cc5a7f0,897,2,train
3522,897,26,Gersemia juliepackardae,/home/tahiti/MARINE_DATASETS/FathomNet_FGVC2025/data/rois/897_3522.png,/home/tahiti/MARINE_DATASETS/FathomNet_FGVC2025/data/images/897.png,eb43c8482f92540ddc1e5ad2f96bd073aacb1f3fd6ca4efa08d5486e1bc548b3,71aae1efe47ea6b6e1812a266c6a51c67d60569aec992203096961fc2cc5a7f0,897,2,train
3532,900,37,Keratoisis,/home/tahiti/MARINE_DATASETS/FathomNet_FGVC2025/data/rois/900_3532.png,/home/tahiti/MARINE_DATASETS/FathomNet_FGVC2025/data/images/900.png,400174dfd597e688d28f7b809ef899e84976cc0908df2de3f98c107e4e01b128,f5dcdb1b9fca2ab59f5511c5bf8f953864cac2cce81c850a8fa357b75d0d41e4,900,2,train
3545,906,49,Ophiuroidea,/home/tahiti/MARINE_DATASETS/FathomNet_FGVC2025/data/rois/906_3545.png,/home/tahiti/MARINE_DATASETS/FathomNet_FGVC2025/data/images/906.png,e7e0c8e0c8663232e8f994f43236883dfc791c0f3b614f9dee52773d81337eb3,d708b086beb340d06426ba831a084eeb26a3342a13b76ad0c4370f02cc66fdb0,906,4,train
3558,911,67,Scotoplanes,/home/tahiti/MARINE_DATASETS/FathomNet_FGVC2025/data/rois/911_3558.png,/home/tahiti/MARINE_DATASETS/FathomNet_FGVC2025/data/images/911.png,74577cf08821ac167eb2907a40fa3d3a466ef96345a20e038beb78615d6f6a4a,649915b197f9b7a7aec7b41cea21a88f7717b2533d7a5771e4050d5bb4998c5c,911,4,train
3569,914,34,Isidella tentaculum,/home/tahiti/MARINE_DATASETS/FathomNet_FGVC2025/data/rois/914_3569.png,/home/tahiti/MARINE_DATASETS/FathomNet_FGVC2025/data/images/914.png,93931b1921413ffe16785a040a9cd6df325d3b1c4ae2651e84de7fbb9ca1b2c3,2de760e8313760c974ff7fd415f4604aed5d05317fe832f3e6bdbcee0a521f2c,914,0,train
3573,914,71,Sebastolobus,/home/tahiti/MARINE_DATASETS/FathomNet_FGVC2025/data/rois/914_3573.png,/home/tahiti/MARINE_DATASETS/FathomNet_FGVC2025/data/images/914.png,290f68f44efea5eaddc1313d4e2940107ecb9ba8880de3536f482318f67be451,2de760e8313760c974ff7fd415f4604aed5d05317fe832f3e6bdbcee0a521f2c,914,0,train
3589,921,29,Heteropolypus ritteri,/home/tahiti/MARINE_DATASETS/FathomNet_FGVC2025/data/rois/921_3589.png,/home/tahiti/MARINE_DATASETS/FathomNet_FGVC2025/data/images/921.png,e6ef02fd49ccfe747fa69f43058cfbe0ce6b4d5ba6816fd40a980c0347d38f0c,43dc8cee69e847cd310fc7d4b220532473204c1348042f30f50e7b4c7f1ef22b,921,6,train
3590,921,60,Porifera,/home/tahiti/MARINE_DATASETS/FathomNet_FGVC2025/data/rois/921_3590.png,/home/tahiti/MARINE_DATASETS/FathomNet_FGVC2025/data/images/921.png,b47f48c00b6b78f608caebc0614bc6d374544f1ea641c05ddaca094f580d15f6,43dc8cee69e847cd310fc7d4b220532473204c1348042f30f50e7b4c7f1ef22b,921,6,train
3616,931,27,Heterocarpus,/home/tahiti/MARINE_DATASETS/FathomNet_FGVC2025/data/rois/931_3616.png,/home/tahiti/MARINE_DATASETS/FathomNet_FGVC2025/data/images/931.png,124ce7571b8dfb291db545e0d9b813e760fa1803bfb8705017d3ffcf96e6e515,5843d7aa80819a852a7934fb146260a81167e873085cc90e45b4f783af121558,931,6,train
3624,933,68,Scotoplanes globosa,/home/tahiti/MARINE_DATASETS/FathomNet_FGVC2025/data/rois/933_3624.png,/home/tahiti/MARINE_DATASETS/FathomNet_FGVC2025/data/images/933.png,9d2cfb5e2dc1dee0deaea5baa19cf821e1cc1e932f1469acd1d71b1722893797,72d8ce1fdf0340515316855c925980f9fa6762b336b5f5be0d571503f796c356,933,0,train
3663,944,30,Hexactinellida,/home/tahiti/MARINE_DATASETS/FathomNet_FGVC2025/data/rois/944_3663.png,/home/tahiti/MARINE_DATASETS/FathomNet_FGVC2025/data/images/944.png,212a98355f3f7532f90f6d4aa5829e437a03636fe1bc943ca127b6274af38c86,ac5b09151aa8be8cb3d92b8dc3a2fc9b9f683a98f575045dcca9392aefabff24,944,2,train
3672,944,73,Staurocalyptus,/home/tahiti/MARINE_DATASETS/FathomNet_FGVC2025/data/rois/944_3672.png,/home/tahiti/MARINE_DATASETS/FathomNet_FGVC2025/data/images/944.png,98a56b4c4409e79600d05348ecb8be03221c594299b84d11eddc17d1aa44d55e,ac5b09151aa8be8cb3d92b8dc3a2fc9b9f683a98f575045dcca9392aefabff24,944,2,train
3676,944,73,Staurocalyptus,/home/tahiti/MARINE_DATASETS/FathomNet_FGVC2025/data/rois/944_3676.png,/home/tahiti/MARINE_DATASETS/FathomNet_FGVC2025/data/images/944.png,942c4e0c24262b1b74f7ce3f3c41a3e3ed111f45fcef9ce1a2393f3a350f73d8,ac5b09151aa8be8cb3d92b8dc3a2fc9b9f683a98f575045dcca9392aefabff24,944,2,train
3695,948,8,Apostichopus leukothele,/home/tahiti/MARINE_DATASETS/FathomNet_FGVC2025/data/rois/948_3695.png,/home/tahiti/MARINE_DATASETS/FathomNet_FGVC2025/data/images/948.png,871b37123891b00b617ef616083961349ee1c81b7b559be2a9d88c78c0454e97,e7d87bbbc5af7eadc0febb776d6cabe96b62ffe30f86096d8fb6c0d93e5b89fb,948,4,train
3728,955,60,Porifera,/home/tahiti/MARINE_DATASETS/FathomNet_FGVC2025/data/rois/955_3728.png,/home/tahiti/MARINE_DATASETS/FathomNet_FGVC2025/data/images/955.png,1a3d3989d38ef8db4f9c8e8a51286334cc6df30d0bf3f5d823df813c985ef0c2,3054207f80593f76d29db46d7eff7f0a3feb1bf765b41b50c54f8aba2ea96f0a,955,2,train
3729,955,30,Hexactinellida,/home/tahiti/MARINE_DATASETS/FathomNet_FGVC2025/data/rois/955_3729.png,/home/tahiti/MARINE_DATASETS/FathomNet_FGVC2025/data/images/955.png,fcb344c940c1fd051d9ad377fece60ad8ff4e8a89bfdafa922fd100b5346b4b4,3054207f80593f76d29db46d7eff7f0a3feb1bf765b41b50c54f8aba2ea96f0a,955,2,train
3758,966,33,Hormathiidae,/home/tahiti/MARINE_DATASETS/FathomNet_FGVC2025/data/rois/966_3758.png,/home/tahiti/MARINE_DATASETS/FathomNet_FGVC2025/data/images/966.png,b057efa5921c424af1830ae5c70b8ccd6b33b29f9de7d813c371ed6ec484a77c,48fd9dbec1829cde6480ecd6694e9f45502dc34972c6927e0945d2340165cc39,966,4,train
3767,967,16,Chionoecetes tanneri,/home/tahiti/MARINE_DATASETS/FathomNet_FGVC2025/data/rois/967_3767.png,/home/tahiti/MARINE_DATASETS/FathomNet_FGVC2025/data/images/967.png,147ed6dc73638f260e55331616583c09b114b9b5efce6f82622108714104cfb6,e3afd1b20eb0538d07241c40e3ad66bd3645da4480342eabe23bda6ce1c0922b,967,4,train
3787,974,72,Serpulidae,/home/tahiti/MARINE_DATASETS/FathomNet_FGVC2025/data/rois/974_3787.png,/home/tahiti/MARINE_DATASETS/FathomNet_FGVC2025/data/images/974.png,687af4229d9f96a8bb57bddabfdbb0e6f4ee4331e2713c1e4d5a7d11f5a1fe52,eb2241321e275ce73ed506b62f7d8a3442aca1f71e47c60bbbb8a6ead4f41c67,974,6,train
3805,981,23,Florometra serratissima,/home/tahiti/MARINE_DATASETS/FathomNet_FGVC2025/data/rois/981_3805.png,/home/tahiti/MARINE_DATASETS/FathomNet_FGVC2025/data/images/981.png,6b11e5a30a94bef32873e13ba043278ceb3bca9b5c963bb6b7a42aeca690efd4,457bea547ae70ee3eaf7e963fc3a09778ece82809ffe131e576d6233ebf6f6d5,981,4,train
3834,989,49,Ophiuroidea,/home/tahiti/MARINE_DATASETS/FathomNet_FGVC2025/data/rois/989_3834.png,/home/tahiti/MARINE_DATASETS/FathomNet_FGVC2025/data/images/989.png,868b5bed2a1571225d15d4ba7d7974f44923c9c098e1d9d7a2ad86fc53d3a2e4,194145274db0604848802a0332864ad10230668501107450f040af9ce065f9a3,989,1,train
3836,989,9,Asbestopluma,/home/tahiti/MARINE_DATASETS/FathomNet_FGVC2025/data/rois/989_3836.png,/home/tahiti/MARINE_DATASETS/FathomNet_FGVC2025/data/images/989.png,ced2fc862e96e8533f6e9f97b2d20bbd797586ed18b00f9a5fb0d860c743e052,194145274db0604848802a0332864ad10230668501107450f040af9ce065f9a3,989,1,train
3852,997,37,Keratoisis,/home/tahiti/MARINE_DATASETS/FathomNet_FGVC2025/data/rois/997_3852.png,/home/tahiti/MARINE_DATASETS/FathomNet_FGVC2025/data/images/997.png,2a1dad8fe32f227921e297b7531025b8c3236f5adb8f35493dc28a4b46e0707c,8aefa96878a3ccc275c8f8aa7d17b7fbe508e99adf3306534293c9a5da1fe900,997,1,train
3858,999,5,Actiniaria,/home/tahiti/MARINE_DATASETS/FathomNet_FGVC2025/data/rois/999_3858.png,/home/tahiti/MARINE_DATASETS/FathomNet_FGVC2025/data/images/999.png,fbca033a739306be220027a6f073b5b31b4805c84cafc45b35e6f940992475f1,e5b223ddcae9f9f4b925d3c40b03a70bb6b5011e82ff404764b7e8021915903a,999,2,train
3860,999,24,Funiculina,/home/tahiti/MARINE_DATASETS/FathomNet_FGVC2025/data/rois/999_3860.png,/home/tahiti/MARINE_DATASETS/FathomNet_FGVC2025/data/images/999.png,12d638a0755ff437b0e17ea230bc3d1ded0d0e7564c8d63577ac47da6ea4b84f,e5b223ddcae9f9f4b925d3c40b03a70bb6b5011e82ff404764b7e8021915903a,999,2,train
3863,999,24,Funiculina,/home/tahiti/MARINE_DATASETS/FathomNet_FGVC2025/data/rois/999_3863.png,/home/tahiti/MARINE_DATASETS/FathomNet_FGVC2025/data/images/999.png,707cb31d64374a1891debb51a763e016e5311b4bf6e0d2041437bda32d916d4e,e5b223ddcae9f9f4b925d3c40b03a70bb6b5011e82ff404764b7e8021915903a,999,2,train
3884,1002,58,Peniagone,/home/tahiti/MARINE_DATASETS/FathomNet_FGVC2025/data/rois/1002_3884.png,/home/tahiti/MARINE_DATASETS/FathomNet_FGVC2025/data/images/1002.png,a8384ba19cd7773c112f695f45c31f6b1bb3ddfc048a6281623a6597de6305d3,007384852c5cab5e0aaac7d587245b789ea8b10cbaed59a585ebc201dcbb43fe,1002,1,train
3887,1002,58,Peniagone,/home/tahiti/MARINE_DATASETS/FathomNet_FGVC2025/data/rois/1002_3887.png,/home/tahiti/MARINE_DATASETS/FathomNet_FGVC2025/data/images/1002.png,5d4f5b181b9f50223b3e422d6e8a85a5cd6d8e984d12611370e9f56d885fda88,007384852c5cab5e0aaac7d587245b789ea8b10cbaed59a585ebc201dcbb43fe,1002,1,train
3893,1005,44,Munidopsis,/home/tahiti/MARINE_DATASETS/FathomNet_FGVC2025/data/rois/1005_3893.png,/home/tahiti/MARINE_DATASETS/FathomNet_FGVC2025/data/images/1005.png,2c418253fd62af131b5a41d53120479aec3a903d3a663fda1e929dc714640222,bcf695a521c46527cae32765d4345997277adb7fb17c55eb15ff4d9725be41e5,1005,6,train
3895,1005,44,Munidopsis,/home/tahiti/MARINE_DATASETS/FathomNet_FGVC2025/data/rois/1005_3895.png,/home/tahiti/MARINE_DATASETS/FathomNet_FGVC2025/data/images/1005.png,9fed5320684633ace657be30d7cbd0f4e8ab38978d62fb23a52199b582e1be05,bcf695a521c46527cae32765d4345997277adb7fb17c55eb15ff4d9725be41e5,1005,6,train
3912,1008,64,Pyrosoma atlanticum,/home/tahiti/MARINE_DATASETS/FathomNet_FGVC2025/data/rois/1008_3912.png,/home/tahiti/MARINE_DATASETS/FathomNet_FGVC2025/data/images/1008.png,56c2e31e644393f79e4b18969bcdf44c722cf379b09a2ba910adcc10921b61b9,412ae4f56098a2f9fcd59bd7ae6c2d3d6a647aec08add40f42356a08e55d266a,1008,6,train
3931,1017,58,Peniagone,/home/tahiti/MARINE_DATASETS/FathomNet_FGVC2025/data/rois/1017_3931.png,/home/tahiti/MARINE_DATASETS/FathomNet_FGVC2025/data/images/1017.png,ec9af7359c5c8e0ab581f14e6164ca667e9529d978db6704c54c04cb5b778857,6aeeed0c5d9d6f21bcd072f0862abc71349c75fb7fc157e3202ec589a72f638c,1017,2,train
3991,1027,58,Peniagone,/home/tahiti/MARINE_DATASETS/FathomNet_FGVC2025/data/rois/1027_3991.png,/home/tahiti/MARINE_DATASETS/FathomNet_FGVC2025/data/images/1027.png,7a456982ba27fe4dbed389e9a01c97f23bd2eadb0ba2253de829e0a3d4ef7062,d080d59a2f622be3803fbfed697d4916a90a953f2562f9eb328db062f65069ac,1027,1,train
4009,1030,4,Actinernus,/home/tahiti/MARINE_DATASETS/FathomNet_FGVC2025/data/rois/1030_4009.png,/home/tahiti/MARINE_DATASETS/FathomNet_FGVC2025/data/images/1030.png,343ab0555d2e542401ff33f3eb978382ade9c8a73b41137a4fb389f64d280862,be9d604682ba177b644251f1590599ec8026a04eb56afdff98290b133648f15b,1030,2,train
4013,1032,11,Asteroidea,/home/tahiti/MARINE_DATASETS/FathomNet_FGVC2025/data/rois/1032_4013.png,/home/tahiti/MARINE_DATASETS/FathomNet_FGVC2025/data/images/1032.png,ec864937016ad5ea11bd72578ed94e6e0ec6430a664e872900fa26f2b42f0a17,0a9fd54731c9f03fb63047195f535a7ac11e86fbe38bcce6d773e70b15970cf9,1032,6,train
4020,1032,54,Paragorgia,/home/tahiti/MARINE_DATASETS/FathomNet_FGVC2025/data/rois/1032_4020.png,/home/tahiti/MARINE_DATASETS/FathomNet_FGVC2025/data/images/1032.png,c6f94bcc94934f718c713e3ab35d392a4b428c4d97c87bfe215e7a4b96ac3e93,0a9fd54731c9f03fb63047195f535a7ac11e86fbe38bcce6d773e70b15970cf9,1032,6,train
4048,1039,5,Actiniaria,/home/tahiti/MARINE_DATASETS/FathomNet_FGVC2025/data/rois/1039_4048.png,/home/tahiti/MARINE_DATASETS/FathomNet_FGVC2025/data/images/1039.png,efaebd353eb195b45dedf7264f25f65861e3728bb72ddde3e9fa6b891c6fe8e3,b7b2b1256a57fd4b62c25898feed7afe00de12f3e94be577e7a873824dcb6691,1039,1,train
4052,1042,55,Paragorgia arborea,/home/tahiti/MARINE_DATASETS/FathomNet_FGVC2025/data/rois/1042_4052.png,/home/tahiti/MARINE_DATASETS/FathomNet_FGVC2025/data/images/1042.png,a229167071a98af0b0d40076ab2ceabe9f849054d75c8bbadfb401c1391ab4ce,8efd437d2f95c4e3eaa433bfc44035e1836e65be8c6ed9faa7a7f2b9cd66b4f5,1042,4,train
4074,1054,45,Munnopsidae,/home/tahiti/MARINE_DATASETS/FathomNet_FGVC2025/data/rois/1054_4074.png,/home/tahiti/MARINE_DATASETS/FathomNet_FGVC2025/data/images/1054.png,32907299b9642d04bd66c6f646069ab26d703fa471e6b03e7fd2c98f7eae5d4f,f9568a6b4882b793bebe46a5834a73556d24151e73958a5092f4e7fdc6d45928,1054,1,train
4080,1059,50,Paelopatides confundens,/home/tahiti/MARINE_DATASETS/FathomNet_FGVC2025/data/rois/1059_4080.png,/home/tahiti/MARINE_DATASETS/FathomNet_FGVC2025/data/images/1059.png,5edb47f8511671624b9f9861edaf757563398ccf48560320fb6a5d315432f3bb,076059aae3ff2092f2076df688d4b0dc9e0c57561cf762ad570f9ee595933290,1059,6,train
4086,1063,21,Elpidia,/home/tahiti/MARINE_DATASETS/FathomNet_FGVC2025/data/rois/1063_4086.png,/home/tahiti/MARINE_DATASETS/FathomNet_FGVC2025/data/images/1063.png,ea6d203b8d44398b505de27a4f093c7ff871f44a3159e4d158640c40cd1f4e95,fc8f331ef5727bac9c5d308fe751d906b92a56fa2c5853bbb3e174a32ac98872,1063,2,train
4094,1066,60,Porifera,/home/tahiti/MARINE_DATASETS/FathomNet_FGVC2025/data/rois/1066_4094.png,/home/tahiti/MARINE_DATASETS/FathomNet_FGVC2025/data/images/1066.png,211f569e9c722f0d207ef109851b065ec43384a2e6a54831d2d9a42bbe4440f6,658bf9886a91e1856c9f30380a6c8705a8142f5ad1b1fbe8e16e5b5ca69d0922,1066,6,train
4106,1068,60,Porifera,/home/tahiti/MARINE_DATASETS/FathomNet_FGVC2025/data/rois/1068_4106.png,/home/tahiti/MARINE_DATASETS/FathomNet_FGVC2025/data/images/1068.png,3750f24986aecc4f46fae4ec072d7970fa42fb0f4ed7d383f8b6e6cabd2465e2,669add8b54737d3910c6f04874ceb29a5267ddca63215bead634ff916347b626,1068,2,train
4108,1068,16,Chionoecetes tanneri,/home/tahiti/MARINE_DATASETS/FathomNet_FGVC2025/data/rois/1068_4108.png,/home/tahiti/MARINE_DATASETS/FathomNet_FGVC2025/data/images/1068.png,8ebd00e6782802e78fb97b02a52af4cc0fae97c7bf4b77ece01cc778c57e6b99,669add8b54737d3910c6f04874ceb29a5267ddca63215bead634ff916347b626,1068,2,train
4114,1068,46,Mycale,/home/tahiti/MARINE_DATASETS/FathomNet_FGVC2025/data/rois/1068_4114.png,/home/tahiti/MARINE_DATASETS/FathomNet_FGVC2025/data/images/1068.png,df482b24610f46bfd63d61ceb1434fd25c7de71e48ee613336db2db3a90c2638,669add8b54737d3910c6f04874ceb29a5267ddca63215bead634ff916347b626,1068,2,train
4115,1068,60,Porifera,/home/tahiti/MARINE_DATASETS/FathomNet_FGVC2025/data/rois/1068_4115.png,/home/tahiti/MARINE_DATASETS/FathomNet_FGVC2025/data/images/1068.png,e1cb9cda46fc65585ac73679dad0d88cc983974012181f20bac24baa3d5e2b42,669add8b54737d3910c6f04874ceb29a5267ddca63215bead634ff916347b626,1068,2,train
4116,1068,60,Porifera,/home/tahiti/MARINE_DATASETS/FathomNet_FGVC2025/data/rois/1068_4116.png,/home/tahiti/MARINE_DATASETS/FathomNet_FGVC2025/data/images/1068.png,b0d5cde752a0cc0455fd09fc3ae16db8b573e84df8877abbb3ea5737931e5619,669add8b54737d3910c6f04874ceb29a5267ddca63215bead634ff916347b626,1068,2,train
4129,1069,53,Pannychia moseleyi,/home/tahiti/MARINE_DATASETS/FathomNet_FGVC2025/data/rois/1069_4129.png,/home/tahiti/MARINE_DATASETS/FathomNet_FGVC2025/data/images/1069.png,f005ed49c7c6249ce770cbf349cbf2939449bc42084b69045484da5180cc2be5,09afa48af3268f39b228b1d85c76338fa6b6e4db5fd556531ece88707c98f8d7,1069,4,train
4173,1081,37,Keratoisis,/home/tahiti/MARINE_DATASETS/FathomNet_FGVC2025/data/rois/1081_4173.png,/home/tahiti/MARINE_DATASETS/FathomNet_FGVC2025/data/images/1081.png,25480f42dd6f1d9aeacab2726d694a814aad6c7e1980f6cf9ad603cce81285c9,a9e8019ad8171906a9006fb26fe6318c1c66c5ef88d9ced80a7a976f4e68868e,1081,1,train
4201,1098,47,Octopus rubescens,/home/tahiti/MARINE_DATASETS/FathomNet_FGVC2025/data/rois/1098_4201.png,/home/tahiti/MARINE_DATASETS/FathomNet_FGVC2025/data/images/1098.png,7206d4aa7ce519eae947536340113e39ddfa4b93e619a8a5d3f9441f30311c73,cace8c734a37ca835038196ee312a3eb98e1dff68b38c61dba78c4f61d514f76,1098,1,train
4206,1101,29,Heteropolypus ritteri,/home/tahiti/MARINE_DATASETS/FathomNet_FGVC2025/data/rois/1101_4206.png,/home/tahiti/MARINE_DATASETS/FathomNet_FGVC2025/data/images/1101.png,9f544c6cfdec0da590a0d51c586fbd76a42e73bb4c0c660cc897b36ad9686857,001a0be44fface022c24411631ba7b44088e380945dcd6431273768f10811471,1101,6,train
4222,1110,60,Porifera,/home/tahiti/MARINE_DATASETS/FathomNet_FGVC2025/data/rois/1110_4222.png,/home/tahiti/MARINE_DATASETS/FathomNet_FGVC2025/data/images/1110.png,fb52eb413362098de03902b887cddb059acff51d997425e10a01eeeb9e11a66c,6fa86adcd013e55e4902dfd3bd3894502c1267b87a317447183970c154b7656a,1110,2,train
4274,1118,62,Psolus squamatus,/home/tahiti/MARINE_DATASETS/FathomNet_FGVC2025/data/rois/1118_4274.png,/home/tahiti/MARINE_DATASETS/FathomNet_FGVC2025/data/images/1118.png,de0f786512fe9ee2531e19e6bc447ecc939e00515262cffe7f3edb53f65f0d65,43087d3bfa5536a829f59c046a524bb8089b0afa222f1c508bad79e29f093f22,1118,1,train
4281,1120,73,Staurocalyptus,/home/tahiti/MARINE_DATASETS/FathomNet_FGVC2025/data/rois/1120_4281.png,/home/tahiti/MARINE_DATASETS/FathomNet_FGVC2025/data/images/1120.png,80712ac0e07d33dcd2a27f6c5b4e894890a67eede769c72e666f3840b705d488,b8cedcb6fde7c965cb1a466c2a0fd39e0f43fb09f2310c8ab26974bd48737a59,1120,1,train
4288,1121,76,Tunicata,/home/tahiti/MARINE_DATASETS/FathomNet_FGVC2025/data/rois/1121_4288.png,/home/tahiti/MARINE_DATASETS/FathomNet_FGVC2025/data/images/1121.png,bd83d13f27f96f615cb7ab0198c94c9be3cc0467eed60b1fd1003561b9c965ae,77e1c139e07dc54fa42aa1cfafa878b80b5e0090c694f438c6493fa85ba9f6f8,1121,2,train
4307,1124,53,Pannychia moseleyi,/home/tahiti/MARINE_DATASETS/FathomNet_FGVC2025/data/rois/1124_4307.png,/home/tahiti/MARINE_DATASETS/FathomNet_FGVC2025/data/images/1124.png,349dde3cccb60c69bdf64d81d72495792f1d7c8046f68dc323dcac20ab2f7f9a,ea5549634b20387317d836bc500a840e0b5a4910256c3a1dc09d4558427e967d,1124,4,train
4309,1125,1,Abyssocucumis abyssorum,/home/tahiti/MARINE_DATASETS/FathomNet_FGVC2025/data/rois/1125_4309.png,/home/tahiti/MARINE_DATASETS/FathomNet_FGVC2025/data/images/1125.png,34d0b390405d92224865d69a4307532c6971cb58889c9c0f565345bdf0643e0f,ff1b3eed282b0d712f074e79d0368ac4a559a61ee4679a269c754acdf9285869,1125,1,train
4310,1126,37,Keratoisis,/home/tahiti/MARINE_DATASETS/FathomNet_FGVC2025/data/rois/1126_4310.png,/home/tahiti/MARINE_DATASETS/FathomNet_FGVC2025/data/images/1126.png,11d1c679d084ea9e3eb317de2d1afe272d4bbcea5e7916becc491e3ed5e58503,d4d3c88700c025790c05cc9086b350598e65e10a6cba2f76212ac97edc787580,1126,0,train
4330,1134,35,Isididae,/home/tahiti/MARINE_DATASETS/FathomNet_FGVC2025/data/rois/1134_4330.png,/home/tahiti/MARINE_DATASETS/FathomNet_FGVC2025/data/images/1134.png,c941966afeb4f3c4ea4a7238aee464c7c380208ef885a3671e618bf81b205226,c3e312188fa9ad153340112af7ca67080312baf88fafeb706ec4d1ec9f3969e8,1134,2,train
4341,1139,73,Staurocalyptus,/home/tahiti/MARINE_DATASETS/FathomNet_FGVC2025/data/rois/1139_4341.png,/home/tahiti/MARINE_DATASETS/FathomNet_FGVC2025/data/images/1139.png,42803b98f9f82c642cc785a10296af74a7498428ff88f9f2234942d8d111e623,4d061a7b31479935db85c369285dabb7d27aed5397fe8253f70f0b665fcb7434,1139,4,train
4350,1139,73,Staurocalyptus,/home/tahiti/MARINE_DATASETS/FathomNet_FGVC2025/data/rois/1139_4350.png,/home/tahiti/MARINE_DATASETS/FathomNet_FGVC2025/data/images/1139.png,ce8cb0b99f215e174006856510702b7949a8ca22c56717ea7002a94a0016dec9,4d061a7b31479935db85c369285dabb7d27aed5397fe8253f70f0b665fcb7434,1139,4,train
4352,1139,60,Porifera,/home/tahiti/MARINE_DATASETS/FathomNet_FGVC2025/data/rois/1139_4352.png,/home/tahiti/MARINE_DATASETS/FathomNet_FGVC2025/data/images/1139.png,2f2d3db54b6bf96540469c35b1de0b3da4b4bc4b95fcda6f713f8484eddffdb2,4d061a7b31479935db85c369285dabb7d27aed5397fe8253f70f0b665fcb7434,1139,4,train
4355,1139,16,Chionoecetes tanneri,/home/tahiti/MARINE_DATASETS/FathomNet_FGVC2025/data/rois/1139_4355.png,/home/tahiti/MARINE_DATASETS/FathomNet_FGVC2025/data/images/1139.png,bd281f7e26ddd3d701f83d6d9b5bb0e7e32e442acc6913f131cdab4bbbaacefb,4d061a7b31479935db85c369285dabb7d27aed5397fe8253f70f0b665fcb7434,1139,4,train
4371,1139,62,Psolus squamatus,/home/tahiti/MARINE_DATASETS/FathomNet_FGVC2025/data/rois/1139_4371.png,/home/tahiti/MARINE_DATASETS/FathomNet_FGVC2025/data/images/1139.png,9a651048357206a5715b4b29a7160fcf645016b113dd252915c19fa3e93fa915,4d061a7b31479935db85c369285dabb7d27aed5397fe8253f70f0b665fcb7434,1139,4,train
4396,1151,4,Actinernus,/home/tahiti/MARINE_DATASETS/FathomNet_FGVC2025/data/rois/1151_4396.png,/home/tahiti/MARINE_DATASETS/FathomNet_FGVC2025/data/images/1151.png,3a122eebdd8e3e309217c70f8d7e5602e4e15356783faa2d14450f3773f03fa4,49438cdee67ed7add13b79f8bf642dd6c7f46ca45f9e4d18086bd2fc8ba64911,1151,2,train
4404,1154,15,Ceriantharia,/home/tahiti/MARINE_DATASETS/FathomNet_FGVC2025/data/rois/1154_4404.png,/home/tahiti/MARINE_DATASETS/FathomNet_FGVC2025/data/images/1154.png,78a04b14ebeb5eea27031fa187de3e2343b65f6f40997b984b23f18dcc064c7c,ec7f93593b08126a49abb87b922edb39adabfefd59c17389011909f3f92259d0,1154,1,train
4416,1158,65,Rathbunaster californicus,/home/tahiti/MARINE_DATASETS/FathomNet_FGVC2025/data/rois/1158_4416.png,/home/tahiti/MARINE_DATASETS/FathomNet_FGVC2025/data/images/1158.png,aaf4eaca5d4a4eefb6e94ea0a51bd08ab519bf5db3b4dbd95ccb8b5f507059c1,626c9eb3ff773524cd9714a80f026c08826d5570cdfb7a0aee2c8b9838881ebb,1158,2,train
4423,1163,28,Heterochone calyx,/home/tahiti/MARINE_DATASETS/FathomNet_FGVC2025/data/rois/1163_4423.png,/home/tahiti/MARINE_DATASETS/FathomNet_FGVC2025/data/images/1163.png,cb1a4c7b38b4cc5adc42bc8ef0e533989a818e149c47dd0ee692be492d977606,be03db0a8f465244a929d73bae88fb9487f100b940ca76692a279fe5be619911,1163,0,train
4426,1163,22,Farrea,/home/tahiti/MARINE_DATASETS/FathomNet_FGVC2025/data/rois/1163_4426.png,/home/tahiti/MARINE_DATASETS/FathomNet_FGVC2025/data/images/1163.png,a49914a0fbfd7c62bf96e3811e976e3c1e6405099b2df220bc7d173ac65f3ceb,be03db0a8f465244a929d73bae88fb9487f100b940ca76692a279fe5be619911,1163,0,train
4437,1165,36,Isosicyonis,/home/tahiti/MARINE_DATASETS/FathomNet_FGVC2025/data/rois/1165_4437.png,/home/tahiti/MARINE_DATASETS/FathomNet_FGVC2025/data/images/1165.png,f2b856b986c5c64476d001b9cf020620a490a720074d9f42209924297ee8bad5,649d45ea4451ea5acf9d035085fe54313fdf3055a2b31dbbce644bd1e5e64fcb,1165,1,train
4451,1165,36,Isosicyonis,/home/tahiti/MARINE_DATASETS/FathomNet_FGVC2025/data/rois/1165_4451.png,/home/tahiti/MARINE_DATASETS/FathomNet_FGVC2025/data/images/1165.png,6bc78f4b11b7358d7e6a7a0b000397625680d62ca37201eecdbe7b13086d82b2,649d45ea4451ea5acf9d035085fe54313fdf3055a2b31dbbce644bd1e5e64fcb,1165,1,train
4495,1169,67,Scotoplanes,/home/tahiti/MARINE_DATASETS/FathomNet_FGVC2025/data/rois/1169_4495.png,/home/tahiti/MARINE_DATASETS/FathomNet_FGVC2025/data/images/1169.png,37977e20f463ee50ab4bc6af1689159fc15fc168614a199e66b7be5d771a9ade,cc0b98e8e7e4e0c805ca0f0c53020be3648c8c3f9df075c5be2aa3fa37505d2a,1169,4,train
4519,1175,65,Rathbunaster californicus,/home/tahiti/MARINE_DATASETS/FathomNet_FGVC2025/data/rois/1175_4519.png,/home/tahiti/MARINE_DATASETS/FathomNet_FGVC2025/data/images/1175.png,3f1b771e282abba318cb41618a7007c927ea8fa689df99625f1b6d28379d69c9,b165c099b7f298d91b50b9479d693ca33217e498065404d2a223819be95868e6,1175,4,train
4525,1179,21,Elpidia,/home/tahiti/MARINE_DATASETS/FathomNet_FGVC2025/data/rois/1179_4525.png,/home/tahiti/MARINE_DATASETS/FathomNet_FGVC2025/data/images/1179.png,9b0962ee09c5166a70f770b694a7ba9af67cf3706a9c4ddde310e815ea54a254,aee030dc092e0b43c40d60d829c39d056a8f4567a17621f3428ed6306622acc7,1179,0,train
4534,1184,30,Hexactinellida,/home/tahiti/MARINE_DATASETS/FathomNet_FGVC2025/data/rois/1184_4534.png,/home/tahiti/MARINE_DATASETS/FathomNet_FGVC2025/data/images/1184.png,a0fda72c8ba01c6b75340b90a4df4f568b3af8c5f1dc0184e1919b18d38adede,419de93a222f8f27c4794c984ecd462ecf3fb01968566675caaf0d8eca9f3328,1184,4,train
4542,1188,72,Serpulidae,/home/tahiti/MARINE_DATASETS/FathomNet_FGVC2025/data/rois/1188_4542.png,/home/tahiti/MARINE_DATASETS/FathomNet_FGVC2025/data/images/1188.png,29a8d93dab2d53995e79f549afd9f78dc54a75234f0370125bc1996c88efe9e1,466be4a0019a260c2723834ea1b04abbba863c982b2ba098deeecd72b836b2bb,1188,6,train
4557,1188,5,Actiniaria,/home/tahiti/MARINE_DATASETS/FathomNet_FGVC2025/data/rois/1188_4557.png,/home/tahiti/MARINE_DATASETS/FathomNet_FGVC2025/data/images/1188.png,3e93e3897f1a1860e47a50ac9d84ea09d2b8ad6a27d749eae645d025a87fd229,466be4a0019a260c2723834ea1b04abbba863c982b2ba098deeecd72b836b2bb,1188,6,train
4558,1188,72,Serpulidae,/home/tahiti/MARINE_DATASETS/FathomNet_FGVC2025/data/rois/1188_4558.png,/home/tahiti/MARINE_DATASETS/FathomNet_FGVC2025/data/images/1188.png,ea2a7148d9c8cc1ed875fd852c7e07b98570f321a6a68db6ac57b7ef1d1152aa,466be4a0019a260c2723834ea1b04abbba863c982b2ba098deeecd72b836b2bb,1188,6,train
4574,1189,70,Sebastes diploproa,/home/tahiti/MARINE_DATASETS/FathomNet_FGVC2025/data/rois/1189_4574.png,/home/tahiti/MARINE_DATASETS/FathomNet_FGVC2025/data/images/1189.png,53cd06b5e3cfd2d3ecb509e000d9d3f046fed07ea36883dfa61d7109a471d0a0,e7b13ecd79a091cc18742ef1b0f0f8d0144538aa17d8f3cc6d4558e160c91956,1189,0,train
4584,1193,69,Sebastes,/home/tahiti/MARINE_DATASETS/FathomNet_FGVC2025/data/rois/1193_4584.png,/home/tahiti/MARINE_DATASETS/FathomNet_FGVC2025/data/images/1193.png,b5151e33d1adeb9b8cca95b2c1cbc4b141c30a6a11fc05fa41284c92da745e3f,334893b841eeb675eff304f9e7bb1abb080a029b250537888ac8bccad1ca51fa,1193,2,train
4585,1193,42,Metridium farcimen,/home/tahiti/MARINE_DATASETS/FathomNet_FGVC2025/data/rois/1193_4585.png,/home/tahiti/MARINE_DATASETS/FathomNet_FGVC2025/data/images/1193.png,c961e07d721c43e3ae83662a38ef0bcc5aa26c2d275112d721c92934a92f820d,334893b841eeb675eff304f9e7bb1abb080a029b250537888ac8bccad1ca51fa,1193,2,train
4644,1219,65,Rathbunaster californicus,/home/tahiti/MARINE_DATASETS/FathomNet_FGVC2025/data/rois/1219_4644.png,/home/tahiti/MARINE_DATASETS/FathomNet_FGVC2025/data/images/1219.png,60c4f209f06249b4e5c13713abe8a42198aecfc156ec7eb23ba2cef69d5ec541,159d782642f82e2723caa0d27645265b4d8b2242b0f0b0ef455689e2d226c17d,1219,0,train
4662,1225,15,Ceriantharia,/home/tahiti/MARINE_DATASETS/FathomNet_FGVC2025/data/rois/1225_4662.png,/home/tahiti/MARINE_DATASETS/FathomNet_FGVC2025/data/images/1225.png,0152326d987b95225a1fd5a128e8e28cd9e04236d60b2a19d83decf4103f4d97,10e3177384721cf87f7d4db50a082ac3d8801709d40f0820ebf03870eb069eb2,1225,2,train
4673,1227,22,Farrea,/home/tahiti/MARINE_DATASETS/FathomNet_FGVC2025/data/rois/1227_4673.png,/home/tahiti/MARINE_DATASETS/FathomNet_FGVC2025/data/images/1227.png,be6b3976d7179ca3b3fc026d83a612549c800be44590fe3d9094faa1667c9963,869b980355bd9011858fef72bb010a046558ad897e3402280f85538e76eaa982,1227,4,train
4680,1227,71,Sebastolobus,/home/tahiti/MARINE_DATASETS/FathomNet_FGVC2025/data/rois/1227_4680.png,/home/tahiti/MARINE_DATASETS/FathomNet_FGVC2025/data/images/1227.png,100aa566d357c9b32b7e504dfbc03960edb29bbb0a61d33f5f30c28cae433e57,869b980355bd9011858fef72bb010a046558ad897e3402280f85538e76eaa982,1227,4,train
4686,1229,55,Paragorgia arborea,/home/tahiti/MARINE_DATASETS/FathomNet_FGVC2025/data/rois/1229_4686.png,/home/tahiti/MARINE_DATASETS/FathomNet_FGVC2025/data/images/1229.png,eb701af2b0cc332888bf49d17c1f69eb50404dbf8bbd9c900a6696b680bfd9bc,9a50c89fa093c278e26454b53caffa4bdf06a6ddca1ece195d926163beb086ab,1229,4,train
4695,1233,11,Asteroidea,/home/tahiti/MARINE_DATASETS/FathomNet_FGVC2025/data/rois/1233_4695.png,/home/tahiti/MARINE_DATASETS/FathomNet_FGVC2025/data/images/1233.png,284553bedefe0388025b5b3b4622f9fa49577e677c1e52c464ec0caf962f486a,a883bdd05bdd43f64978a3cc1d50dc2bb915106408c813140895cb96518ef8a9,1233,2,train
4696,1233,11,Asteroidea,/home/tahiti/MARINE_DATASETS/FathomNet_FGVC2025/data/rois/1233_4696.png,/home/tahiti/MARINE_DATASETS/FathomNet_FGVC2025/data/images/1233.png,343a0d78b22615be8e5dd36160cf5f09bd2c7eed51b84f8c4e20bea5e26437d0,a883bdd05bdd43f64978a3cc1d50dc2bb915106408c813140895cb96518ef8a9,1233,2,train
4705,1233,71,Sebastolobus,/home/tahiti/MARINE_DATASETS/FathomNet_FGVC2025/data/rois/1233_4705.png,/home/tahiti/MARINE_DATASETS/FathomNet_FGVC2025/data/images/1233.png,1482fa12e0170ef4cc95009f016958070b4dc70305a79dbb8048e7b495a130ea,a883bdd05bdd43f64978a3cc1d50dc2bb915106408c813140895cb96518ef8a9,1233,2,train
4710,1235,45,Munnopsidae,/home/tahiti/MARINE_DATASETS/FathomNet_FGVC2025/data/rois/1235_4710.png,/home/tahiti/MARINE_DATASETS/FathomNet_FGVC2025/data/images/1235.png,dcef2bfb9ee2f39cd4eb7963982111fae5a75b8a78df5905e01518447bfc3548,77a03b960d70a4b5b47a794361fc8aeb6a48e17eeac781b9b1c7092d5352bae9,1235,0,train
4715,1237,62,Psolus squamatus,/home/tahiti/MARINE_DATASETS/FathomNet_FGVC2025/data/rois/1237_4715.png,/home/tahiti/MARINE_DATASETS/FathomNet_FGVC2025/data/images/1237.png,f3412105d8f4c5a824eb490cc33b53d330768e2a5ce0092d6b6f81e73cc69e6e,f7a92124c9fa4fdd1273a9fc164a273b28977a75e80f31854f3936e3734154c7,1237,0,train
4729,1245,51,Pandalus amplus,/home/tahiti/MARINE_DATASETS/FathomNet_FGVC2025/data/rois/1245_4729.png,/home/tahiti/MARINE_DATASETS/FathomNet_FGVC2025/data/images/1245.png,b85c3de53dc544a0162d05dc2ab099a62be759d64417419c573c6d02d8da3454,a661de36f1d5562811189f98cb36f025658d877a751666d8fc3a7f5d08d11987,1245,0,train
4738,1249,71,Sebastolobus,/home/tahiti/MARINE_DATASETS/FathomNet_FGVC2025/data/rois/1249_4738.png,/home/tahiti/MARINE_DATASETS/FathomNet_FGVC2025/data/images/1249.png,a68b13fabb62da7e7fac82a76bbeda159774ff96eed87ddbe6891ea8cb0f3687,776c6178867ee385101afc9e4c1bf5afbc0c6475cdbe8386f0854492a04e34c0,1249,0,train
4741,1249,11,Asteroidea,/home/tahiti/MARINE_DATASETS/FathomNet_FGVC2025/data/rois/1249_4741.png,/home/tahiti/MARINE_DATASETS/FathomNet_FGVC2025/data/images/1249.png,fe8fedd6a4fee658f61d5a259528c405c4b7b3eac9c6903aedce17a10800b88e,776c6178867ee385101afc9e4c1bf5afbc0c6475cdbe8386f0854492a04e34c0,1249,0,train
4742,1249,11,Asteroidea,/home/tahiti/MARINE_DATASETS/FathomNet_FGVC2025/data/rois/1249_4742.png,/home/tahiti/MARINE_DATASETS/FathomNet_FGVC2025/data/images/1249.png,b9fe9e653fe547c8eeda59109c7fa9f4e4c590f285de0ec2317283cb76972aec,776c6178867ee385101afc9e4c1bf5afbc0c6475cdbe8386f0854492a04e34c0,1249,0,train
4766,1256,37,Keratoisis,/home/tahiti/MARINE_DATASETS/FathomNet_FGVC2025/data/rois/1256_4766.png,/home/tahiti/MARINE_DATASETS/FathomNet_FGVC2025/data/images/1256.png,13ab45bd98268598113baf47643ea236c64b2a9237b1a54e9a09aff4cf31bf2f,6421df8ea924fa634094d99ffbb7c442c787a7d45a1837d41b355327e573f105,1256,6,train
4767,1257,16,Chionoecetes tanneri,/home/tahiti/MARINE_DATASETS/FathomNet_FGVC2025/data/rois/1257_4767.png,/home/tahiti/MARINE_DATASETS/FathomNet_FGVC2025/data/images/1257.png,f283a749fe58132ba779e5dec26626cd47c63cf198464c512e80ea6c237363f4,d4f9c13df0c566ee0db7d971eb7c76575cf21548a5e61b736b7e665e8c3457bf,1257,1,train
4802,1274,54,Paragorgia,/home/tahiti/MARINE_DATASETS/FathomNet_FGVC2025/data/rois/1274_4802.png,/home/tahiti/MARINE_DATASETS/FathomNet_FGVC2025/data/images/1274.png,77d83bd3deabc3988dcdf6c0a2a00920c8d84e1573cc9fb8321a5e0eb8df8fdb,bf948b792f39315bfd45142e0db48e26d728de9f8686beea3afe80b1eecfd00e,1274,6,train
4811,1274,28,Heterochone calyx,/home/tahiti/MARINE_DATASETS/FathomNet_FGVC2025/data/rois/1274_4811.png,/home/tahiti/MARINE_DATASETS/FathomNet_FGVC2025/data/images/1274.png,1b526a36726482e7feeaa4340b7cbad7a538e94b5e775900f84ca1f9563153e5,bf948b792f39315bfd45142e0db48e26d728de9f8686beea3afe80b1eecfd00e,1274,6,train
4828,1274,16,Chionoecetes tanneri,/home/tahiti/MARINE_DATASETS/FathomNet_FGVC2025/data/rois/1274_4828.png,/home/tahiti/MARINE_DATASETS/FathomNet_FGVC2025/data/images/1274.png,c73850ccb2bf6c294026386ff295291045c023f4e29e1b7bfd43fee111694174,bf948b792f39315bfd45142e0db48e26d728de9f8686beea3afe80b1eecfd00e,1274,6,train
4861,1290,55,Paragorgia arborea,/home/tahiti/MARINE_DATASETS/FathomNet_FGVC2025/data/rois/1290_4861.png,/home/tahiti/MARINE_DATASETS/FathomNet_FGVC2025/data/images/1290.png,98eb6e578ccd2b565439b7d56d8925f884cfe40d43a444ac9ebba5d90991c555,41a0604584daccc32bd4b34f455c35f0cac4dfd73aaecef8c626a644dd91eb53,1290,0,train
4896,1305,45,Munnopsidae,/home/tahiti/MARINE_DATASETS/FathomNet_FGVC2025/data/rois/1305_4896.png,/home/tahiti/MARINE_DATASETS/FathomNet_FGVC2025/data/images/1305.png,aec423f2453610ec00eb4d1c7e31826487c87b7ab684c5434a9e49e6fd7f15cc,5ede901da454a4c59f0bbaf44f055077974d96fa69be0a4e2760e063650b264f,1305,4,train
4904,1309,45,Munnopsidae,/home/tahiti/MARINE_DATASETS/FathomNet_FGVC2025/data/rois/1309_4904.png,/home/tahiti/MARINE_DATASETS/FathomNet_FGVC2025/data/images/1309.png,339c347696de4374fb28ffe5af0df3c86c6bc78e37dc4f09b492f9c81ed99d02,ef4629527963d7578e341be9160294d1687428fc9d2388ce4e7f7c8e5a6d566d,1309,0,train
4933,1311,62,Psolus squamatus,/home/tahiti/MARINE_DATASETS/FathomNet_FGVC2025/data/rois/1311_4933.png,/home/tahiti/MARINE_DATASETS/FathomNet_FGVC2025/data/images/1311.png,85f9b0b4f8d14e975e1b8706c5a95bf89dc44bfe5b4e877775b9c7d35d539be0,064f01346b422978251171910e85164dc3cd2172b52f56ede52edfe3634d0f22,1311,4,train
4938,1311,57,Parastenella,/home/tahiti/MARINE_DATASETS/FathomNet_FGVC2025/data/rois/1311_4938.png,/home/tahiti/MARINE_DATASETS/FathomNet_FGVC2025/data/images/1311.png,ae39492af8e99fa44553a2b8c6aa54cbdd196f6a72bbd4796f8ba950832477a5,064f01346b422978251171910e85164dc3cd2172b52f56ede52edfe3634d0f22,1311,4,train
4939,1311,62,Psolus squamatus,/home/tahiti/MARINE_DATASETS/FathomNet_FGVC2025/data/rois/1311_4939.png,/home/tahiti/MARINE_DATASETS/FathomNet_FGVC2025/data/images/1311.png,87dec009644d048d995718a399cbc0f3278009f17f6cf71bcab461d817d30f64,064f01346b422978251171910e85164dc3cd2172b52f56ede52edfe3634d0f22,1311,4,train
4942,1311,30,Hexactinellida,/home/tahiti/MARINE_DATASETS/FathomNet_FGVC2025/data/rois/1311_4942.png,/home/tahiti/MARINE_DATASETS/FathomNet_FGVC2025/data/images/1311.png,dbd775fe067dbc7b0cacc6e72254f4490a9cc39396153f38aa44117760c48a5b,064f01346b422978251171910e85164dc3cd2172b52f56ede52edfe3634d0f22,1311,4,train
4975,1327,44,Munidopsis,/home/tahiti/MARINE_DATASETS/FathomNet_FGVC2025/data/rois/1327_4975.png,/home/tahiti/MARINE_DATASETS/FathomNet_FGVC2025/data/images/1327.png,d8f3f63b05ada369061f722eec25e6bf0a2e03f058db332637c6bb29dff6259e,0b3603b42e3b1b02c085f44b6f0dfba7e5149a13fea30ddf07accfb584fc9d00,1327,1,train
4976,1328,60,Porifera,/home/tahiti/MARINE_DATASETS/FathomNet_FGVC2025/data/rois/1328_4976.png,/home/tahiti/MARINE_DATASETS/FathomNet_FGVC2025/data/images/1328.png,8a36cc800881ebb601abf49a0e4df7f9e1a05331bb6111836cebb943ed0be8fc,c245553aef4c9c303d91de4de075646363e06aaa95b94c905f1711b4f8715322,1328,0,train
4999,1330,28,Heterochone calyx,/home/tahiti/MARINE_DATASETS/FathomNet_FGVC2025/data/rois/1330_4999.png,/home/tahiti/MARINE_DATASETS/FathomNet_FGVC2025/data/images/1330.png,25b9b72b9f6f3c268e5857efa34353f1891cfb70ed107aff1501556cb0572579,0093c954e2749cf7a29b4ea15a10f76a4f4e9c0064f16c80ccc7e44cd0f5217e,1330,6,train
5013,1330,16,Chionoecetes tanneri,/home/tahiti/MARINE_DATASETS/FathomNet_FGVC2025/data/rois/1330_5013.png,/home/tahiti/MARINE_DATASETS/FathomNet_FGVC2025/data/images/1330.png,335c04dc86706e69f8153cbe6ed3a0bcd670d3e74e2035cd51da48231ab87923,0093c954e2749cf7a29b4ea15a10f76a4f4e9c0064f16c80ccc7e44cd0f5217e,1330,6,train
5026,1333,25,Gastropoda,/home/tahiti/MARINE_DATASETS/FathomNet_FGVC2025/data/rois/1333_5026.png,/home/tahiti/MARINE_DATASETS/FathomNet_FGVC2025/data/images/1333.png,656c6de5db87b943ab300f7732d9455398f5b3082b79a772e0a84534f5b2007c,e5d3868198084f0ffd7f756971173ce453bdd1cb7987f4512c541cb84eba229f,1333,0,train
5027,1333,25,Gastropoda,/home/tahiti/MARINE_DATASETS/FathomNet_FGVC2025/data/rois/1333_5027.png,/home/tahiti/MARINE_DATASETS/FathomNet_FGVC2025/data/images/1333.png,acb923d4d20e646883ccb079c824d8bc65a72daf00c7ec8fcd42c93126a9f421,e5d3868198084f0ffd7f756971173ce453bdd1cb7987f4512c541cb84eba229f,1333,0,train
5028,1333,14,Caridea,/home/tahiti/MARINE_DATASETS/FathomNet_FGVC2025/data/rois/1333_5028.png,/home/tahiti/MARINE_DATASETS/FathomNet_FGVC2025/data/images/1333.png,467fc4ff42ce6e1411e67ae206ba8e4696652499047b7b08217e5a3870fe46c9,e5d3868198084f0ffd7f756971173ce453bdd1cb7987f4512c541cb84eba229f,1333,0,train
5038,1342,35,Isididae,/home/tahiti/MARINE_DATASETS/FathomNet_FGVC2025/data/rois/1342_5038.png,/home/tahiti/MARINE_DATASETS/FathomNet_FGVC2025/data/images/1342.png,0827a00ffe9c04618493037b92e8147706a153fbe7de5377f209e76e646da0a1,a4d1fea890e0085901662ff2627d3d1507d1ea5e81ef79a86f627b17ee13e7a3,1342,0,train
5045,1342,29,Heteropolypus ritteri,/home/tahiti/MARINE_DATASETS/FathomNet_FGVC2025/data/rois/1342_5045.png,/home/tahiti/MARINE_DATASETS/FathomNet_FGVC2025/data/images/1342.png,f389086b5e99b17744ab67a3057c576e9a5a6a043797d7a85056550737a8228c,a4d1fea890e0085901662ff2627d3d1507d1ea5e81ef79a86f627b17ee13e7a3,1342,0,train
5047,1342,57,Parastenella,/home/tahiti/MARINE_DATASETS/FathomNet_FGVC2025/data/rois/1342_5047.png,/home/tahiti/MARINE_DATASETS/FathomNet_FGVC2025/data/images/1342.png,072465880f59b753862485fabf78443e86ab69286e7f2d1cf3ef0bd1ba1ca3dd,a4d1fea890e0085901662ff2627d3d1507d1ea5e81ef79a86f627b17ee13e7a3,1342,0,train
5057,1345,19,Crinoidea,/home/tahiti/MARINE_DATASETS/FathomNet_FGVC2025/data/rois/1345_5057.png,/home/tahiti/MARINE_DATASETS/FathomNet_FGVC2025/data/images/1345.png,4a4a045658f645c356dbce941f3dd888c799211d5a1de66e61a3685d6d8efc30,5e156fb6f8b5ff239d13071afa2d04ccc22d06a77c21b1e005dc046df3da761c,1345,1,train
5061,1347,55,Paragorgia arborea,/home/tahiti/MARINE_DATASETS/FathomNet_FGVC2025/data/rois/1347_5061.png,/home/tahiti/MARINE_DATASETS/FathomNet_FGVC2025/data/images/1347.png,d7c795a46d3f163900540e517263ef8f7ab7027a8dbfb2e15ee8a685dc2e1c63,dad104acee43914abe4c34d543e3eb2d5b590231d5984587cbcb827565766dfb,1347,0,train
5076,1355,5,Actiniaria,/home/tahiti/MARINE_DATASETS/FathomNet_FGVC2025/data/rois/1355_5076.png,/home/tahiti/MARINE_DATASETS/FathomNet_FGVC2025/data/images/1355.png,8bce42c8867389c10b559b11f0bc9cc17fb094af70bd3e7a1d0a853e3443a20a,38f3f1c549591d663d20535e2565c7e8fdb651cbe48ed54542c367eea05e1995,1355,2,train
5082,1357,71,Sebastolobus,/home/tahiti/MARINE_DATASETS/FathomNet_FGVC2025/data/rois/1357_5082.png,/home/tahiti/MARINE_DATASETS/FathomNet_FGVC2025/data/images/1357.png,8685a7d9aa37d51973ce1125d491433a7b6e2a2c87a783f44ca1b0d87e7ef695,c55fdef9a6017c921422b89923c0aaa455c2eadd12224748c3479a0078711ffe,1357,4,train
5088,1358,23,Florometra serratissima,/home/tahiti/MARINE_DATASETS/FathomNet_FGVC2025/data/rois/1358_5088.png,/home/tahiti/MARINE_DATASETS/FathomNet_FGVC2025/data/images/1358.png,f90429b9fa10b70ebaa3681cc5e34ed479e421582513f9d05c57910b483c3e50,38fbb1ba702c3c27cb05b59053a40363fc86f0ac260c2c3e647a48b86e27c85a,1358,2,train
5089,1358,23,Florometra serratissima,/home/tahiti/MARINE_DATASETS/FathomNet_FGVC2025/data/rois/1358_5089.png,/home/tahiti/MARINE_DATASETS/FathomNet_FGVC2025/data/images/1358.png,0899772a8a69af3aac6a4ef2421a5a2203efd4e56bc48a2594ef1bd5467a8b90,38fbb1ba702c3c27cb05b59053a40363fc86f0ac260c2c3e647a48b86e27c85a,1358,2,train
5108,1366,11,Asteroidea,/home/tahiti/MARINE_DATASETS/FathomNet_FGVC2025/data/rois/1366_5108.png,/home/tahiti/MARINE_DATASETS/FathomNet_FGVC2025/data/images/1366.png,4e6a896a9397795431048a267e0789cae7120e79dda6b67785e1ef2eb1ec6a1d,b5c320656940a6f48b2a82b55042279905081ba1268bdb60d7b13e0768f44695,1366,1,train
5110,1366,60,Porifera,/home/tahiti/MARINE_DATASETS/FathomNet_FGVC2025/data/rois/1366_5110.png,/home/tahiti/MARINE_DATASETS/FathomNet_FGVC2025/data/images/1366.png,10208f8d4d97860e3200255d4a12ff115fddb4a3959f8b41729aea7c282cbfc9,b5c320656940a6f48b2a82b55042279905081ba1268bdb60d7b13e0768f44695,1366,1,train
5115,1370,65,Rathbunaster californicus,/home/tahiti/MARINE_DATASETS/FathomNet_FGVC2025/data/rois/1370_5115.png,/home/tahiti/MARINE_DATASETS/FathomNet_FGVC2025/data/images/1370.png,1d45a677ce1715fead08a5b643c93c1ece614f9681fa45c915b993b7613e12be,000cbdb8b0d0f9be4d20f1ec8f82d64f46638bb9c948b9fe65d3f1b78a436d32,1370,0,train
5117,1370,65,Rathbunaster californicus,/home/tahiti/MARINE_DATASETS/FathomNet_FGVC2025/data/rois/1370_5117.png,/home/tahiti/MARINE_DATASETS/FathomNet_FGVC2025/data/images/1370.png,82ac8835e174ce88c1aeea5950745319d2564a7c9843bf834e01071ad4e1a3b9,000cbdb8b0d0f9be4d20f1ec8f82d64f46638bb9c948b9fe65d3f1b78a436d32,1370,0,train
5119,1370,65,Rathbunaster californicus,/home/tahiti/MARINE_DATASETS/FathomNet_FGVC2025/data/rois/1370_5119.png,/home/tahiti/MARINE_DATASETS/FathomNet_FGVC2025/data/images/1370.png,7fb8475f824841d5c6aeaf94ab4493d5d3c7cd7746b9f728b304c7c079278c6f,000cbdb8b0d0f9be4d20f1ec8f82d64f46638bb9c948b9fe65d3f1b78a436d32,1370,0,train
5128,1370,11,Asteroidea,/home/tahiti/MARINE_DATASETS/FathomNet_FGVC2025/data/rois/1370_5128.png,/home/tahiti/MARINE_DATASETS/FathomNet_FGVC2025/data/images/1370.png,9873014a850d7ee581e9235d4de4b52cd37b7b45c8ce94db6d6014fe179d97a2,000cbdb8b0d0f9be4d20f1ec8f82d64f46638bb9c948b9fe65d3f1b78a436d32,1370,0,train
5141,1373,6,Actinopterygii,/home/tahiti/MARINE_DATASETS/FathomNet_FGVC2025/data/rois/1373_5141.png,/home/tahiti/MARINE_DATASETS/FathomNet_FGVC2025/data/images/1373.png,b30a7f865ac62ef5674e7595889d98d92e0de1080757f038e1a6f0a5605e45fd,c39ee835fad556cb9ccbefc02bc6530d20b618d7a243a0f18a546e51047a4982,1373,4,train
5211,1387,30,Hexactinellida,/home/tahiti/MARINE_DATASETS/FathomNet_FGVC2025/data/rois/1387_5211.png,/home/tahiti/MARINE_DATASETS/FathomNet_FGVC2025/data/images/1387.png,6e691b726e1db90b911170f6cdeae5bcc60ad1015c28c9d604c08716bde2c9c4,630629307b22c29188edb21542e928b137d73a8657e85ada81e1380fbaf36b2e,1387,1,train
5228,1392,53,Pannychia moseleyi,/home/tahiti/MARINE_DATASETS/FathomNet_FGVC2025/data/rois/1392_5228.png,/home/tahiti/MARINE_DATASETS/FathomNet_FGVC2025/data/images/1392.png,494374f0dab947a69b3defe8cbe092d6871c4a25a7638600dc43fb0b1e3073f3,49afca07b0949811f455d50dec1b5a3d6195f744587e1afbf3b42748bababd36,1392,1,train
5232,1394,64,Pyrosoma atlanticum,/home/tahiti/MARINE_DATASETS/FathomNet_FGVC2025/data/rois/1394_5232.png,/home/tahiti/MARINE_DATASETS/FathomNet_FGVC2025/data/images/1394.png,c0a618b02352ab534255c6047a454d3040180a8f8a9eb678c9540218ebaeceef,30f2e6178b7a12628231dd383d89bd98d09966851d8380ef9664345b2b0ddfc8,1394,1,train
5242,1397,71,Sebastolobus,/home/tahiti/MARINE_DATASETS/FathomNet_FGVC2025/data/rois/1397_5242.png,/home/tahiti/MARINE_DATASETS/FathomNet_FGVC2025/data/images/1397.png,1694bf90e5f22696f55b8069c102564c2aa1db877044822b6b7c3d863a1c9278,869127449fe224ca59ead1e783ee96ab05db8d0edfab5664b294f2419488e168,1397,1,train
5262,1400,5,Actiniaria,/home/tahiti/MARINE_DATASETS/FathomNet_FGVC2025/data/rois/1400_5262.png,/home/tahiti/MARINE_DATASETS/FathomNet_FGVC2025/data/images/1400.png,6064763f9b527528f76a78420ffe4ff14960cb9dd41930d9e01d303dcf8525bc,f56d91088fe74d2f381d79c60fa746f0ba119825daa3415b8ad7cef4c758e0f8,1400,1,train
5274,1404,5,Actiniaria,/home/tahiti/MARINE_DATASETS/FathomNet_FGVC2025/data/rois/1404_5274.png,/home/tahiti/MARINE_DATASETS/FathomNet_FGVC2025/data/images/1404.png,de1ec9dbc515faddf36f321df1d6ae8807e4c10cbafecef0b3fec252c0703296,5bff803a4a7de5112fa3940c9d20bc10295ebdd5648a0150d810ab9db7e11406,1404,6,train
5287,1411,8,Apostichopus leukothele,/home/tahiti/MARINE_DATASETS/FathomNet_FGVC2025/data/rois/1411_5287.png,/home/tahiti/MARINE_DATASETS/FathomNet_FGVC2025/data/images/1411.png,3601bc26fd62eb0ff0300efa4204218665dc1a8e27cb15d9cc07b8ad178a42c2,fe43330414ffc56124144d5caf247a1d2dd961f1ff6aea4a2dce20c7e3942961,1411,4,train
5292,1414,62,Psolus squamatus,/home/tahiti/MARINE_DATASETS/FathomNet_FGVC2025/data/rois/1414_5292.png,/home/tahiti/MARINE_DATASETS/FathomNet_FGVC2025/data/images/1414.png,b3b17ca9f9d132213e2bd3ea806c483dfd1c89e326d7dc64c3253a6b1dedcfad,8fb0b5d4ebb1be49a757294de2f1d334d06e9a7bdcd8c8480774ea7b3d730c88,1414,4,train
5295,1414,14,Caridea,/home/tahiti/MARINE_DATASETS/FathomNet_FGVC2025/data/rois/1414_5295.png,/home/tahiti/MARINE_DATASETS/FathomNet_FGVC2025/data/images/1414.png,588d70fce1b7f5269ac18e642718a7f00070a4660e334b65633622851172462b,8fb0b5d4ebb1be49a757294de2f1d334d06e9a7bdcd8c8480774ea7b3d730c88,1414,4,train
5316,1420,68,Scotoplanes globosa,/home/tahiti/MARINE_DATASETS/FathomNet_FGVC2025/data/rois/1420_5316.png,/home/tahiti/MARINE_DATASETS/FathomNet_FGVC2025/data/images/1420.png,59a89abee4ce64836734f161016e1e674dd550513ef03ed526cd2d24291272e9,88b4ef40e545dbde41a32e28bc5b4241028a69a595bcc29c0d441eb781af1e62,1420,0,train
5362,1433,50,Paelopatides confundens,/home/tahiti/MARINE_DATASETS/FathomNet_FGVC2025/data/rois/1433_5362.png,/home/tahiti/MARINE_DATASETS/FathomNet_FGVC2025/data/images/1433.png,c8266b950d8b7851e1b58b8bb2f48cdd9287791f71bbab041c600c2a1927e203,a0738da375b5ede7f648c19ec614d14b80c3ce40a50596f7815cb739ab0895ac,1433,6,train
5383,1444,75,Terebellidae,/home/tahiti/MARINE_DATASETS/FathomNet_FGVC2025/data/rois/1444_5383.png,/home/tahiti/MARINE_DATASETS/FathomNet_FGVC2025/data/images/1444.png,ef6476bb5a190d043564c3a0a601db9c96fc011f1731968b754dfeffe54ac135,9890b4165b4bfec35493ddf9c7540ff44a34c7c77783e785429799c0b4901b48,1444,6,train
5385,1444,75,Terebellidae,/home/tahiti/MARINE_DATASETS/FathomNet_FGVC2025/data/rois/1444_5385.png,/home/tahiti/MARINE_DATASETS/FathomNet_FGVC2025/data/images/1444.png,a8d9d389f683896ac9a3e06f7588d4b04df16f2b26c0cf145fe6475034d4df8d,9890b4165b4bfec35493ddf9c7540ff44a34c7c77783e785429799c0b4901b48,1444,6,train
5386,1444,75,Terebellidae,/home/tahiti/MARINE_DATASETS/FathomNet_FGVC2025/data/rois/1444_5386.png,/home/tahiti/MARINE_DATASETS/FathomNet_FGVC2025/data/images/1444.png,397e07be2087a6612bc47da362bef0121ff1cefb6122b3f308b0a28a36620101,9890b4165b4bfec35493ddf9c7540ff44a34c7c77783e785429799c0b4901b48,1444,6,train
5387,1444,75,Terebellidae,/home/tahiti/MARINE_DATASETS/FathomNet_FGVC2025/data/rois/1444_5387.png,/home/tahiti/MARINE_DATASETS/FathomNet_FGVC2025/data/images/1444.png,7f7545447044fae4b607aad15f94fc394529788ac5d1e4ca038f2d47c5dc7f31,9890b4165b4bfec35493ddf9c7540ff44a34c7c77783e785429799c0b4901b48,1444,6,train
5391,1444,75,Terebellidae,/home/tahiti/MARINE_DATASETS/FathomNet_FGVC2025/data/rois/1444_5391.png,/home/tahiti/MARINE_DATASETS/FathomNet_FGVC2025/data/images/1444.png,4aae4825fe85fd0386789a0a7703bc81271b97dea241fd20d3ed7ad1001473ef,9890b4165b4bfec35493ddf9c7540ff44a34c7c77783e785429799c0b4901b48,1444,6,train
5397,1444,75,Terebellidae,/home/tahiti/MARINE_DATASETS/FathomNet_FGVC2025/data/rois/1444_5397.png,/home/tahiti/MARINE_DATASETS/FathomNet_FGVC2025/data/images/1444.png,4fcd54acbe9dc3a8c0e9e7877e62885b84a722ff3ddbdc191069a208792aca3d,9890b4165b4bfec35493ddf9c7540ff44a34c7c77783e785429799c0b4901b48,1444,6,train
5416,1451,22,Farrea,/home/tahiti/MARINE_DATASETS/FathomNet_FGVC2025/data/rois/1451_5416.png,/home/tahiti/MARINE_DATASETS/FathomNet_FGVC2025/data/images/1451.png,489cad9f1a815b392841cf8ba26962287b7c7f551b677fb7eadef1ef8e31d2b3,9734d3d4104a3d9c84dbcb192666e4638fb60916f310fa56631cb36964644f02,1451,1,train
5417,1451,28,Heterochone calyx,/home/tahiti/MARINE_DATASETS/FathomNet_FGVC2025/data/rois/1451_5417.png,/home/tahiti/MARINE_DATASETS/FathomNet_FGVC2025/data/images/1451.png,4dae71df806269b3cc1f9c7b03f3e1a3af4cbb166593971459212eef93a8b2fc,9734d3d4104a3d9c84dbcb192666e4638fb60916f310fa56631cb36964644f02,1451,1,train
5427,1453,19,Crinoidea,/home/tahiti/MARINE_DATASETS/FathomNet_FGVC2025/data/rois/1453_5427.png,/home/tahiti/MARINE_DATASETS/FathomNet_FGVC2025/data/images/1453.png,a228e9e23e8c2f05b9b3293d4ab45c1ce1626a72938cb6df7f046f1d8eeef3a6,daf067cfb80ba1b7bd1023361265dfe1aa4f1747f3b2535f0a8d06f61f7f67bd,1453,6,train
5471,1471,34,Isidella tentaculum,/home/tahiti/MARINE_DATASETS/FathomNet_FGVC2025/data/rois/1471_5471.png,/home/tahiti/MARINE_DATASETS/FathomNet_FGVC2025/data/images/1471.png,10294a8df58865af6da09252d92abd2aa61498e62fbaefe5a01c1726d5400a48,299287e078d06d3c1e21c1ba57ede3d3061c006579ee8dbcaa5982b09d115c7c,1471,0,train
5499,1481,30,Hexactinellida,/home/tahiti/MARINE_DATASETS/FathomNet_FGVC2025/data/rois/1481_5499.png,/home/tahiti/MARINE_DATASETS/FathomNet_FGVC2025/data/images/1481.png,b49224ce5fd4095854c83256b2a0a06766478fa4b199f4aa93367f322bf1b197,e14dd8af78a66ae6100b7a3ae0dd6c78ee9f4a73fd6d4b3b0786857f8ff6bd6d,1481,0,train
5507,1483,77,Umbellula,/home/tahiti/MARINE_DATASETS/FathomNet_FGVC2025/data/rois/1483_5507.png,/home/tahiti/MARINE_DATASETS/FathomNet_FGVC2025/data/images/1483.png,e6afd93326b7c15b1840c42edc65db8933d6b47d41b0900f3f89bf05438af8bd,a381137722685fb2bcea55b3e7bf19ef15529cde4506522ec4efd8bda38279f8,1483,2,train
5509,1484,35,Isididae,/home/tahiti/MARINE_DATASETS/FathomNet_FGVC2025/data/rois/1484_5509.png,/home/tahiti/MARINE_DATASETS/FathomNet_FGVC2025/data/images/1484.png,80be2732ee63b1947262ac8b139dca2174ee208537f8e51a033f2b5722e5f016,ec16a18e33b0494a48b3dab8ac6fc8c5b54ce9f68fe5162ed60a0be4d598a435,1484,0,train
5516,1488,43,Microstomus pacificus,/home/tahiti/MARINE_DATASETS/FathomNet_FGVC2025/data/rois/1488_5516.png,/home/tahiti/MARINE_DATASETS/FathomNet_FGVC2025/data/images/1488.png,210895bb6da14fbc18ec6291319db88ced1cf9e6cfe0f92ab3fc7795566e30ec,c7f445f9b222dffc7af8d223babf1669ae558acec845d4b5bb847f4c2c382cf2,1488,1,train
5517,1488,71,Sebastolobus,/home/tahiti/MARINE_DATASETS/FathomNet_FGVC2025/data/rois/1488_5517.png,/home/tahiti/MARINE_DATASETS/FathomNet_FGVC2025/data/images/1488.png,7995b777b46a837f85cb065e94cd6d18cdc74e27307e151f179948b390bea7bf,c7f445f9b222dffc7af8d223babf1669ae558acec845d4b5bb847f4c2c382cf2,1488,1,train
5522,1488,77,Umbellula,/home/tahiti/MARINE_DATASETS/FathomNet_FGVC2025/data/rois/1488_5522.png,/home/tahiti/MARINE_DATASETS/FathomNet_FGVC2025/data/images/1488.png,9548f3d2670f617c0202c91043489e7e4b677616fc19e650f0fab8e9cf021e02,c7f445f9b222dffc7af8d223babf1669ae558acec845d4b5bb847f4c2c382cf2,1488,1,train
5523,1488,5,Actiniaria,/home/tahiti/MARINE_DATASETS/FathomNet_FGVC2025/data/rois/1488_5523.png,/home/tahiti/MARINE_DATASETS/FathomNet_FGVC2025/data/images/1488.png,cdbc94e9767f3f9db89a4cfc328146be058228d783ffddd035060b013bc313da,c7f445f9b222dffc7af8d223babf1669ae558acec845d4b5bb847f4c2c382cf2,1488,1,train
5531,1492,7,Amphipoda,/home/tahiti/MARINE_DATASETS/FathomNet_FGVC2025/data/rois/1492_5531.png,/home/tahiti/MARINE_DATASETS/FathomNet_FGVC2025/data/images/1492.png,f4e79dd5230a73e68264d9f7d9bb30f6a7f37f78e872f486a07c374f5761f263,9747ae0881e193f86be80ccc53edc39916d50bdd5a49e05aa8e6f2a70ae629d5,1492,6,train
5561,1506,52,Pandalus platyceros,/home/tahiti/MARINE_DATASETS/FathomNet_FGVC2025/data/rois/1506_5561.png,/home/tahiti/MARINE_DATASETS/FathomNet_FGVC2025/data/images/1506.png,f99d4630028a39966444b4c97da7dd8f567ce1ac0ea59bca83eeb7c09a1ff388,90339f5206738cdb55040b8ea5ff0dada0c8df3c3bb96d05f28fbfd5bf0be838,1506,0,train
5570,1507,32,Holothuroidea,/home/tahiti/MARINE_DATASETS/FathomNet_FGVC2025/data/rois/1507_5570.png,/home/tahiti/MARINE_DATASETS/FathomNet_FGVC2025/data/images/1507.png,b1a6e43e9c49f9be59fea1eecb0debfd14336707cd87f8f4c51c629c113d8c1d,4386ae1c953040e2026d6707d8dd921f9aa63d73e4e3d5e7a29c94982e9574cb,1507,0,train
5573,1507,32,Holothuroidea,/home/tahiti/MARINE_DATASETS/FathomNet_FGVC2025/data/rois/1507_5573.png,/home/tahiti/MARINE_DATASETS/FathomNet_FGVC2025/data/images/1507.png,648cdbbde0b5ae618f908a7f45ad39b67a9cbe52eb2f2026fae9c41ea01c4874,4386ae1c953040e2026d6707d8dd921f9aa63d73e4e3d5e7a29c94982e9574cb,1507,0,train
5593,1515,60,Porifera,/home/tahiti/MARINE_DATASETS/FathomNet_FGVC2025/data/rois/1515_5593.png,/home/tahiti/MARINE_DATASETS/FathomNet_FGVC2025/data/images/1515.png,42784efa491a082d4a6f2bb391b556e0d2d64efb2bb2932061618b74c0b7e683,d59a292cbc7eb12daeab45b3f7788fd34541f7563dba4e3a1abfaa494b070250,1515,6,train
5613,1524,7,Amphipoda,/home/tahiti/MARINE_DATASETS/FathomNet_FGVC2025/data/rois/1524_5613.png,/home/tahiti/MARINE_DATASETS/FathomNet_FGVC2025/data/images/1524.png,984e794212273d80221d85b53dbbafb1609ef86b18cbc8ca7cde8272f7e7e4bb,852c237a002f2ffce646a9386577defde44ea980043a529081f78a0e13e6d09d,1524,1,train
5615,1524,7,Amphipoda,/home/tahiti/MARINE_DATASETS/FathomNet_FGVC2025/data/rois/1524_5615.png,/home/tahiti/MARINE_DATASETS/FathomNet_FGVC2025/data/images/1524.png,f975732bb7af86abff047400590c2c38749ab85d01e26ef876cb4b73c2a35483,852c237a002f2ffce646a9386577defde44ea980043a529081f78a0e13e6d09d,1524,1,train
5619,1524,7,Amphipoda,/home/tahiti/MARINE_DATASETS/FathomNet_FGVC2025/data/rois/1524_5619.png,/home/tahiti/MARINE_DATASETS/FathomNet_FGVC2025/data/images/1524.png,e90edd12e29ff3c693229e07641677ff61b7b4a66164446d5763ba90e7c08afb,852c237a002f2ffce646a9386577defde44ea980043a529081f78a0e13e6d09d,1524,1,train
5643,1527,58,Peniagone,/home/tahiti/MARINE_DATASETS/FathomNet_FGVC2025/data/rois/1527_5643.png,/home/tahiti/MARINE_DATASETS/FathomNet_FGVC2025/data/images/1527.png,1f73fe63217aa5c852bf07febc054e569b0e0af0aded024f196d8b882bf3a5e2,61271c5bf18d81f53dc56c61aaa4a5d77606e24a058c75b386307d79f45171f8,1527,2,train
5690,1536,19,Crinoidea,/home/tahiti/MARINE_DATASETS/FathomNet_FGVC2025/data/rois/1536_5690.png,/home/tahiti/MARINE_DATASETS/FathomNet_FGVC2025/data/images/1536.png,8ba7dc2ef9559912d6d72c835b02b81b0ebeb28bbba0908d338f77553ffbdf34,b1aa570cd3de785b363cfc9e488e86a861b8f7ab6649794f25a04d1a498951f1,1536,6,train
5695,1538,38,Liponema brevicorne,/home/tahiti/MARINE_DATASETS/FathomNet_FGVC2025/data/rois/1538_5695.png,/home/tahiti/MARINE_DATASETS/FathomNet_FGVC2025/data/images/1538.png,007c4a23d3c9a3a98ac86be2e8ab51edbd5ddd0315bf598382a1c0f7ac78aaad,2e5c79a6713da5bbd3f58f881b984e373b88206661ad09b5fa100562f21f9398,1538,4,train
5709,1546,28,Heterochone calyx,/home/tahiti/MARINE_DATASETS/FathomNet_FGVC2025/data/rois/1546_5709.png,/home/tahiti/MARINE_DATASETS/FathomNet_FGVC2025/data/images/1546.png,63fdd244348166dc8e4c13fd8ca1076a23cc716b91949669de727861fb526a98,07d3a7739f74a28ab1add04de1f0861cb3f3cea225c1a73bdd83627a08c7402e,1546,4,train
5730,1553,43,Microstomus pacificus,/home/tahiti/MARINE_DATASETS/FathomNet_FGVC2025/data/rois/1553_5730.png,/home/tahiti/MARINE_DATASETS/FathomNet_FGVC2025/data/images/1553.png,be83ed1b310e97f7a191626982d1713394544e5f5cea8daefceaf974f8a073bb,255966f28ef70eb8340bc5c80d6e90f9131b6bf435761a76b82e1a51376b0dfd,1553,6,train
5738,1558,71,Sebastolobus,/home/tahiti/MARINE_DATASETS/FathomNet_FGVC2025/data/rois/1558_5738.png,/home/tahiti/MARINE_DATASETS/FathomNet_FGVC2025/data/images/1558.png,2efd417ec9fa258a8708ea0de68b5c1cfbad2c21a2ec141ded73cdd2e24d85c5,02cea741d2f8999149492be4f08e414d3bd1f90c1063627182b198bb547a9e0b,1558,6,train
5742,1560,58,Peniagone,/home/tahiti/MARINE_DATASETS/FathomNet_FGVC2025/data/rois/1560_5742.png,/home/tahiti/MARINE_DATASETS/FathomNet_FGVC2025/data/images/1560.png,d9021defeef4f769f9411ad1d0c1434b87a94e3b59bf2ba705bc59a5079b6d43,7f8d99a3135786331b436ac381fb6d1256a7000ca823d9060f979a79432a54e1,1560,0,train
5746,1564,58,Peniagone,/home/tahiti/MARINE_DATASETS/FathomNet_FGVC2025/data/rois/1564_5746.png,/home/tahiti/MARINE_DATASETS/FathomNet_FGVC2025/data/images/1564.png,b1aa2a003dc354c291502475d93c06386357587d84a0aa4bad8937c0353f5e62,0e4330232f38edc24a9a64546b3a12b80bd7a08df7029755d95319dcf3d9e995,1564,0,train
5751,1565,8,Apostichopus leukothele,/home/tahiti/MARINE_DATASETS/FathomNet_FGVC2025/data/rois/1565_5751.png,/home/tahiti/MARINE_DATASETS/FathomNet_FGVC2025/data/images/1565.png,eaf491a5b61564947bd6dbb6bc77ee5785841e68f988f4c20b1780c3300b0225,cc6b2cbac607c19cb9de53c849e8786bd1c9edfc1052d2fde188010a58b0717e,1565,1,train
5755,1565,69,Sebastes,/home/tahiti/MARINE_DATASETS/FathomNet_FGVC2025/data/rois/1565_5755.png,/home/tahiti/MARINE_DATASETS/FathomNet_FGVC2025/data/images/1565.png,767b3e0380334483e66906b42961d6a6509d54a67793f9b4f47dfb093149b35a,cc6b2cbac607c19cb9de53c849e8786bd1c9edfc1052d2fde188010a58b0717e,1565,1,train
5795,1583,41,Merluccius productus,/home/tahiti/MARINE_DATASETS/FathomNet_FGVC2025/data/rois/1583_5795.png,/home/tahiti/MARINE_DATASETS/FathomNet_FGVC2025/data/images/1583.png,05ab62e3b1f88006921ce275053feec0e1daaa9201eb5466e247316be6695ff9,72896795af26b9b3f9820510df09b96b187eb6242608a17ef9ce3ecccd40f745,1583,1,train
5804,1583,41,Merluccius productus,/home/tahiti/MARINE_DATASETS/FathomNet_FGVC2025/data/rois/1583_5804.png,/home/tahiti/MARINE_DATASETS/FathomNet_FGVC2025/data/images/1583.png,c70a076f8c3396de3d3b8102d2ea32df259e3ad1b4689c64b81c5d821638528e,72896795af26b9b3f9820510df09b96b187eb6242608a17ef9ce3ecccd40f745,1583,1,train
5807,1583,41,Merluccius productus,/home/tahiti/MARINE_DATASETS/FathomNet_FGVC2025/data/rois/1583_5807.png,/home/tahiti/MARINE_DATASETS/FathomNet_FGVC2025/data/images/1583.png,103637e471fe36a29c7ef02990fd10bf55ad57fc785a58024bc00545caa451da,72896795af26b9b3f9820510df09b96b187eb6242608a17ef9ce3ecccd40f745,1583,1,train
5810,1585,69,Sebastes,/home/tahiti/MARINE_DATASETS/FathomNet_FGVC2025/data/rois/1585_5810.png,/home/tahiti/MARINE_DATASETS/FathomNet_FGVC2025/data/images/1585.png,33c8b6f36674e5f173c688796cad3238b61280befe09f4441ec424a55e697320,fe2966d8466eca97041466a62f9c072bfdc9c95be64cb17b847f41816b97b82b,1585,0,train
5844,1593,68,Scotoplanes globosa,/home/tahiti/MARINE_DATASETS/FathomNet_FGVC2025/data/rois/1593_5844.png,/home/tahiti/MARINE_DATASETS/FathomNet_FGVC2025/data/images/1593.png,be28e51f353875070a822dca3b6a68aaf8fe2cba495959cedcb5558c06f6b15d,4fe7704d833cd8708042367a6e3f39082b0d5c240c63caaae3a981f79ee33f02,1593,2,train
5853,1593,68,Scotoplanes globosa,/home/tahiti/MARINE_DATASETS/FathomNet_FGVC2025/data/rois/1593_5853.png,/home/tahiti/MARINE_DATASETS/FathomNet_FGVC2025/data/images/1593.png,03deee967a536d6b8241d5134692e9dc69910384ff122f916531bd9bda5ced10,4fe7704d833cd8708042367a6e3f39082b0d5c240c63caaae3a981f79ee33f02,1593,2,train
5854,1593,58,Peniagone,/home/tahiti/MARINE_DATASETS/FathomNet_FGVC2025/data/rois/1593_5854.png,/home/tahiti/MARINE_DATASETS/FathomNet_FGVC2025/data/images/1593.png,4ba8394b7918f304422585440ae04f96001a2a0e006a73826269686d23b568a3,4fe7704d833cd8708042367a6e3f39082b0d5c240c63caaae3a981f79ee33f02,1593,2,train
5864,1594,36,Isosicyonis,/home/tahiti/MARINE_DATASETS/FathomNet_FGVC2025/data/rois/1594_5864.png,/home/tahiti/MARINE_DATASETS/FathomNet_FGVC2025/data/images/1594.png,8b597ba95bb6fd2fc1e3fa37a5e31eba53906108d85632a8c00a2658154051df,4958382dcd37cae7e31d29f5d630d87e2cd3b23ecd513ea55195b10c76b701ea,1594,4,train
5885,1598,68,Scotoplanes globosa,/home/tahiti/MARINE_DATASETS/FathomNet_FGVC2025/data/rois/1598_5885.png,/home/tahiti/MARINE_DATASETS/FathomNet_FGVC2025/data/images/1598.png,fb76ae514c86ac71c2da26f5dbcc6f6cdfdbfbceb6551abd77ef9089b61f7302,e4b88e7a03ef27df85657d0be97ec90f2f559cee740b35cef39a914f91f3e3d2,1598,4,train
5891,1599,38,Liponema brevicorne,/home/tahiti/MARINE_DATASETS/FathomNet_FGVC2025/data/rois/1599_5891.png,/home/tahiti/MARINE_DATASETS/FathomNet_FGVC2025/data/images/1599.png,edf201470081f8fbfcb8bb1b4b65ae741cde04297356f2422ed5bb23344eaa56,d379939ca61cb4a72f8f355992190ffe9a367615497657a87c7a1e4e1539c14e,1599,1,train
5901,1607,27,Heterocarpus,/home/tahiti/MARINE_DATASETS/FathomNet_FGVC2025/data/rois/1607_5901.png,/home/tahiti/MARINE_DATASETS/FathomNet_FGVC2025/data/images/1607.png,66a6435d7a3b6780c037c56e2e90f1bc28a90d1298ba6cfb6445793d1d15ff2b,067c3be622aab67b5bdcd72ef93111e4c1c4b7f3416ea3c0e55227b1b8df93c5,1607,1,train
5917,1611,28,Heterochone calyx,/home/tahiti/MARINE_DATASETS/FathomNet_FGVC2025/data/rois/1611_5917.png,/home/tahiti/MARINE_DATASETS/FathomNet_FGVC2025/data/images/1611.png,338ff486ba404eaf1da6ea35782963eacceda0df6778721eace188a387660620,adab2aba0cfaa2f49704a69d22c3305718c61496e559ea53649d1a220ce2fba6,1611,2,train
5933,1617,54,Paragorgia,/home/tahiti/MARINE_DATASETS/FathomNet_FGVC2025/data/rois/1617_5933.png,/home/tahiti/MARINE_DATASETS/FathomNet_FGVC2025/data/images/1617.png,412c28753aa51c97cb190a227d004dfdc5f54046e0d120bd3ed742953aeff081,dbdeb5899d63dd540d53fd29b28f1339735be265f0277cb086b73b771d55392d,1617,0,train
5939,1620,47,Octopus rubescens,/home/tahiti/MARINE_DATASETS/FathomNet_FGVC2025/data/rois/1620_5939.png,/home/tahiti/MARINE_DATASETS/FathomNet_FGVC2025/data/images/1620.png,a444e50c4170c10ef989d4b37b5f4aef8e9c2172fe9dd496e5acc17028adaf30,3c429ac4cc6fab1169a82d50893c089cd59d40f2e443731f1c574aa0158348f9,1620,6,train
5944,1620,47,Octopus rubescens,/home/tahiti/MARINE_DATASETS/FathomNet_FGVC2025/data/rois/1620_5944.png,/home/tahiti/MARINE_DATASETS/FathomNet_FGVC2025/data/images/1620.png,a82e2eb57b9d8e5005de5d9fe35da8161d6b4136a0d840a2b2a382f419e31283,3c429ac4cc6fab1169a82d50893c089cd59d40f2e443731f1c574aa0158348f9,1620,6,train
5945,1620,47,Octopus rubescens,/home/tahiti/MARINE_DATASETS/FathomNet_FGVC2025/data/rois/1620_5945.png,/home/tahiti/MARINE_DATASETS/FathomNet_FGVC2025/data/images/1620.png,c08f37305756e89d2ce785876b8cb63e382423ff0dbe95cd95538d08cb971605,3c429ac4cc6fab1169a82d50893c089cd59d40f2e443731f1c574aa0158348f9,1620,6,train
5955,1620,47,Octopus rubescens,/home/tahiti/MARINE_DATASETS/FathomNet_FGVC2025/data/rois/1620_5955.png,/home/tahiti/MARINE_DATASETS/FathomNet_FGVC2025/data/images/1620.png,57b26d4d846ee5128fac0674c76590d0dab32b175f0e1df933c12ddb46dfe9bb,3c429ac4cc6fab1169a82d50893c089cd59d40f2e443731f1c574aa0158348f9,1620,6,train
5959,1620,47,Octopus rubescens,/home/tahiti/MARINE_DATASETS/FathomNet_FGVC2025/data/rois/1620_5959.png,/home/tahiti/MARINE_DATASETS/FathomNet_FGVC2025/data/images/1620.png,5fa7b2fcb51022978bb226254aaf242a608e42f7cdcf6cb9960239c46c1a445e,3c429ac4cc6fab1169a82d50893c089cd59d40f2e443731f1c574aa0158348f9,1620,6,train
5960,1620,47,Octopus rubescens,/home/tahiti/MARINE_DATASETS/FathomNet_FGVC2025/data/rois/1620_5960.png,/home/tahiti/MARINE_DATASETS/FathomNet_FGVC2025/data/images/1620.png,2608d94efe059a87e35d0b20636885adc790c0840d97e961ca4485baf5bd6156,3c429ac4cc6fab1169a82d50893c089cd59d40f2e443731f1c574aa0158348f9,1620,6,train
5961,1621,32,Holothuroidea,/home/tahiti/MARINE_DATASETS/FathomNet_FGVC2025/data/rois/1621_5961.png,/home/tahiti/MARINE_DATASETS/FathomNet_FGVC2025/data/images/1621.png,f0eb709ebd13725363addaad686e44fb1159e36a59070609f98f93ba887bbf53,8c317d38abd2fdc95bf4fa311b52eff1b66542799b3413035d92e4aa421d3f47,1621,1,train
5965,1622,16,Chionoecetes tanneri,/home/tahiti/MARINE_DATASETS/FathomNet_FGVC2025/data/rois/1622_5965.png,/home/tahiti/MARINE_DATASETS/FathomNet_FGVC2025/data/images/1622.png,0f9cb6877ab5975e6d901f9f2b58ea8ed395fd9d57adfceb6c4c283bbade3b00,be75d0ee5b2ffe38192c261a18f07dd5fbc82944c7c0dcac692bcd09a70e7dc7,1622,6,train
5970,1623,53,Pannychia moseleyi,/home/tahiti/MARINE_DATASETS/FathomNet_FGVC2025/data/rois/1623_5970.png,/home/tahiti/MARINE_DATASETS/FathomNet_FGVC2025/data/images/1623.png,68f4e4ab93af013b4ec9f54b3410165930fff32e2aae0b4e9857e6acc1a7f2e9,c41d95cda32d71166a816d836b35576cd44fd6bb77056b3d1cb13e94c8261e14,1623,2,train
6012,1638,66,Scleractinia,/home/tahiti/MARINE_DATASETS/FathomNet_FGVC2025/data/rois/1638_6012.png,/home/tahiti/MARINE_DATASETS/FathomNet_FGVC2025/data/images/1638.png,60c2bb58d254941345cb713dcc9e3dab35c5501b2cb0d31ea4e1907c97e8dc07,018e5976047733d388819653071eca04c32215ecc0c82dfe813193e2f23a0e09,1638,6,train
6013,1638,66,Scleractinia,/home/tahiti/MARINE_DATASETS/FathomNet_FGVC2025/data/rois/1638_6013.png,/home/tahiti/MARINE_DATASETS/FathomNet_FGVC2025/data/images/1638.png,77ec254be9e53eadedb815168f58501cabaca271a10a8de46356f9b903b37a50,018e5976047733d388819653071eca04c32215ecc0c82dfe813193e2f23a0e09,1638,6,train
6024,1644,60,Porifera,/home/tahiti/MARINE_DATASETS/FathomNet_FGVC2025/data/rois/1644_6024.png,/home/tahiti/MARINE_DATASETS/FathomNet_FGVC2025/data/images/1644.png,bf37d54f9e7b0f2bb927e4af398feca6912ebcd2f7c693cead9999a9da12deff,9a493d1e675e76820019d15fec0470017e5840ef842f7c6cb2fb13467e201cd5,1644,1,train
6040,1644,60,Porifera,/home/tahiti/MARINE_DATASETS/FathomNet_FGVC2025/data/rois/1644_6040.png,/home/tahiti/MARINE_DATASETS/FathomNet_FGVC2025/data/images/1644.png,2719d70970d4b05d7b6a2b63950fb0797bbe2cd15b112369ba2cfc6167663a95,9a493d1e675e76820019d15fec0470017e5840ef842f7c6cb2fb13467e201cd5,1644,1,train
6045,1646,65,Rathbunaster californicus,/home/tahiti/MARINE_DATASETS/FathomNet_FGVC2025/data/rois/1646_6045.png,/home/tahiti/MARINE_DATASETS/FathomNet_FGVC2025/data/images/1646.png,d75fd5361a6f6bb86e12ade422d92740d53e51ac4234d208e0d1e016bb0746a6,57f7f8d4963ad5242b929cff58614ca8d541d4ee56148587f18358411c3b44ea,1646,4,train
6046,1647,31,Hippasteria,/home/tahiti/MARINE_DATASETS/FathomNet_FGVC2025/data/rois/1647_6046.png,/home/tahiti/MARINE_DATASETS/FathomNet_FGVC2025/data/images/1647.png,60133273574999ad723550d35595ef9e1d5e979b7b00b3d3ddaf08dddf997259,c742c0381d235618d7f7d58a5f827774a851a4ecf8949b87c01130b08773839a,1647,1,train
6051,1648,33,Hormathiidae,/home/tahiti/MARINE_DATASETS/FathomNet_FGVC2025/data/rois/1648_6051.png,/home/tahiti/MARINE_DATASETS/FathomNet_FGVC2025/data/images/1648.png,1f1cdeca531dbac35f5ab499431905297b0aac3266b2653692dde9f7d4bd6517,38aaad83f4a3d53728a1b08d6ae76dc093d44f962acbc31ceacd443844a7a387,1648,1,train
6074,1660,17,Chorilia longipes,/home/tahiti/MARINE_DATASETS/FathomNet_FGVC2025/data/rois/1660_6074.png,/home/tahiti/MARINE_DATASETS/FathomNet_FGVC2025/data/images/1660.png,c8ea3d02e7be0dae2727b0ed4994258d13bdb0b7df62b552015957d09a7b0aaf,eb83a2afdb1a2f282017b849baa6720880d0fed15a3b574155fa7ca3426a891e,1660,0,train
6100,1667,16,Chionoecetes tanneri,/home/tahiti/MARINE_DATASETS/FathomNet_FGVC2025/data/rois/1667_6100.png,/home/tahiti/MARINE_DATASETS/FathomNet_FGVC2025/data/images/1667.png,6f6e054eae88825568513b33c77f45c270a5754184181d6dfbf95a0c9c244a18,67ec6f6b449d35587c8dc472af65404b517813e6d8c0df881a1ef04759036219,1667,4,train
6113,1673,1,Abyssocucumis abyssorum,/home/tahiti/MARINE_DATASETS/FathomNet_FGVC2025/data/rois/1673_6113.png,/home/tahiti/MARINE_DATASETS/FathomNet_FGVC2025/data/images/1673.png,28ea9911fa1d374915f0ee8af62d8d2d71fd0badabd50e98914c349aff8d7a58,ed812f92427499c62eb1ed031dadb265253037c92bd912bf5f411a787f7db45f,1673,0,train
6121,1675,45,Munnopsidae,/home/tahiti/MARINE_DATASETS/FathomNet_FGVC2025/data/rois/1675_6121.png,/home/tahiti/MARINE_DATASETS/FathomNet_FGVC2025/data/images/1675.png,a9b2def402d4d8586b488be48397b5579456cb70a5eeeef0f4221219ae181b6d,a0c09fbaa7b84b18e0def098e27674227273921b3aaad59cebaf58e235103222,1675,2,train
6145,1692,21,Elpidia,/home/tahiti/MARINE_DATASETS/FathomNet_FGVC2025/data/rois/1692_6145.png,/home/tahiti/MARINE_DATASETS/FathomNet_FGVC2025/data/images/1692.png,07951d2d73c4cbbf99e309fd4e42a74791b5769ac7d07ce6170ee1192da9790b,f7ca7477ab79a0373b75304db73b203928dcaadd6326af0c755d87a1e2f5ff50,1692,0,train
6146,1692,68,Scotoplanes globosa,/home/tahiti/MARINE_DATASETS/FathomNet_FGVC2025/data/rois/1692_6146.png,/home/tahiti/MARINE_DATASETS/FathomNet_FGVC2025/data/images/1692.png,74650883d720f78f0bfe07e28f7e4b7ed30b1830e20e3974840f247a16338678,f7ca7477ab79a0373b75304db73b203928dcaadd6326af0c755d87a1e2f5ff50,1692,0,train
6160,1703,44,Munidopsis,/home/tahiti/MARINE_DATASETS/FathomNet_FGVC2025/data/rois/1703_6160.png,/home/tahiti/MARINE_DATASETS/FathomNet_FGVC2025/data/images/1703.png,5442d3eb699d88307d23750763b2d4dea13fd8b06792bc54d3fc47cb8d8ed989,dfde1082f4beec39c992f465ea2994f0da3a824d18a2b458158059f97bab3113,1703,4,train
6180,1708,1,Abyssocucumis abyssorum,/home/tahiti/MARINE_DATASETS/FathomNet_FGVC2025/data/rois/1708_6180.png,/home/tahiti/MARINE_DATASETS/FathomNet_FGVC2025/data/images/1708.png,e10e64ac5a0ee1ee4a9c90b0845fafbd491cfdfa4016e8978956a7981759f939,a742936c3a83c50d48c925c2abebf2e7b430ca1e426b031e40e0388e9d47396e,1708,0,train
6200,1722,71,Sebastolobus,/home/tahiti/MARINE_DATASETS/FathomNet_FGVC2025/data/rois/1722_6200.png,/home/tahiti/MARINE_DATASETS/FathomNet_FGVC2025/data/images/1722.png,504995735530e905bf7200cff36fc134ce33dc8d03aeb5e6b9c4b070ab44df58,b6674d1d3cbac2f70f41b8b662a8e52243eb7d79dec6089082abf90a858856d4,1722,6,train
6204,1725,55,Paragorgia arborea,/home/tahiti/MARINE_DATASETS/FathomNet_FGVC2025/data/rois/1725_6204.png,/home/tahiti/MARINE_DATASETS/FathomNet_FGVC2025/data/images/1725.png,47a8669bce01f4fefd3c7402dc628e0b2433e9bd69de8244c344b9930f7097f5,6c4d2f91be656aae969f57c04c6acfd269d7a798b90fc336a77449f7837b4b32,1725,1,train
6205,1726,25,Gastropoda,/home/tahiti/MARINE_DATASETS/FathomNet_FGVC2025/data/rois/1726_6205.png,/home/tahiti/MARINE_DATASETS/FathomNet_FGVC2025/data/images/1726.png,c934f814d0b1d8f98c4c03d976aaf70bb09a55a081c887cb8ff5a3a99646ca35,158e9f2bdf7e5702fa22892af7b0ac222d4c082ab2803735579a0b3f028f1b0a,1726,0,train
6218,1735,45,Munnopsidae,/home/tahiti/MARINE_DATASETS/FathomNet_FGVC2025/data/rois/1735_6218.png,/home/tahiti/MARINE_DATASETS/FathomNet_FGVC2025/data/images/1735.png,128659b3b4af87369ed40a8d27b7918222e7945c72b01717564a5767af12170a,6f29fccb6ada9901b6df71a981b17807a7064668ffd4fe0a23443eda03653c14,1735,0,train
6220,1737,5,Actiniaria,/home/tahiti/MARINE_DATASETS/FathomNet_FGVC2025/data/rois/1737_6220.png,/home/tahiti/MARINE_DATASETS/FathomNet_FGVC2025/data/images/1737.png,27cdb0ee978a76679e2eef26954afb7d89fcf960fc931a8014138450d80f042a,facce58c7804bc1a91c591e537710ab7dc44311fbdb73066a405a608331a23c6,1737,1,train
6224,1737,77,Umbellula,/home/tahiti/MARINE_DATASETS/FathomNet_FGVC2025/data/rois/1737_6224.png,/home/tahiti/MARINE_DATASETS/FathomNet_FGVC2025/data/images/1737.png,acace6a8e3c9d9cb00e8e91d3af7fe1fb2e381745c0765038ab0c5ff018996d0,facce58c7804bc1a91c591e537710ab7dc44311fbdb73066a405a608331a23c6,1737,1,train
6271,1742,4,Actinernus,/home/tahiti/MARINE_DATASETS/FathomNet_FGVC2025/data/rois/1742_6271.png,/home/tahiti/MARINE_DATASETS/FathomNet_FGVC2025/data/images/1742.png,4382777280a31b15d28e9b21c693df47f2b602951007b939df9c5605d3fd6b1e,9fef61050542236696cc07add585805cbd6be12596ceb7c766fe8042b70a283b,1742,4,train
6275,1742,76,Tunicata,/home/tahiti/MARINE_DATASETS/FathomNet_FGVC2025/data/rois/1742_6275.png,/home/tahiti/MARINE_DATASETS/FathomNet_FGVC2025/data/images/1742.png,9ec18f031ce72c95177441ab20e65adc3ba18a02af3461517f3065d2b0f01cf6,9fef61050542236696cc07add585805cbd6be12596ceb7c766fe8042b70a283b,1742,4,train
6276,1742,4,Actinernus,/home/tahiti/MARINE_DATASETS/FathomNet_FGVC2025/data/rois/1742_6276.png,/home/tahiti/MARINE_DATASETS/FathomNet_FGVC2025/data/images/1742.png,db79a9439302cab7323f5d028e8f824cb7c3012b7843c51d6e64309e8fd63fa8,9fef61050542236696cc07add585805cbd6be12596ceb7c766fe8042b70a283b,1742,4,train
6285,1742,4,Actinernus,/home/tahiti/MARINE_DATASETS/FathomNet_FGVC2025/data/rois/1742_6285.png,/home/tahiti/MARINE_DATASETS/FathomNet_FGVC2025/data/images/1742.png,576c2c73f11de2199a1a342fa0c89ddb33375c4046781dcb94a606acc4594f8f,9fef61050542236696cc07add585805cbd6be12596ceb7c766fe8042b70a283b,1742,4,train
6300,1746,56,Paralomis multispina,/home/tahiti/MARINE_DATASETS/FathomNet_FGVC2025/data/rois/1746_6300.png,/home/tahiti/MARINE_DATASETS/FathomNet_FGVC2025/data/images/1746.png,9f16e6eb5b694de8117233dd3bbcb61a54f3ec87f7f204a411b25110f3b99824,0a6f2ad32d46fa09a62c802a4f8822a44f09f9bda2aafdb24ebd3a59853523b1,1746,2,train
6307,1749,21,Elpidia,/home/tahiti/MARINE_DATASETS/FathomNet_FGVC2025/data/rois/1749_6307.png,/home/tahiti/MARINE_DATASETS/FathomNet_FGVC2025/data/images/1749.png,ae4a5ab5c35964cde919e33dc39e00383eb38101f6c9ccebe464abfb004a8ddd,adb6b2793f8aac2bc5e76a462867096ebc298483c8d370e2d31813b46279aa5e,1749,1,train
6368,1768,43,Microstomus pacificus,/home/tahiti/MARINE_DATASETS/FathomNet_FGVC2025/data/rois/1768_6368.png,/home/tahiti/MARINE_DATASETS/FathomNet_FGVC2025/data/images/1768.png,dc3c6bf28954e5bb1077651fe29086fb0b5d20d71a5a7aa2bcbb00d6e71e58ed,0c8a6aaf27e760a0200bd8a759ef33e687e40bac19cee004ac0a01af97a96e2a,1768,4,train
6380,1771,11,Asteroidea,/home/tahiti/MARINE_DATASETS/FathomNet_FGVC2025/data/rois/1771_6380.png,/home/tahiti/MARINE_DATASETS/FathomNet_FGVC2025/data/images/1771.png,1b5e2548fc4756639719c4a40eb2f09c0d0325c73a8a5c490dfec2298f07fbb5,2454568046204456add9db1a68a5a38a076e463043e162a1823756d06780343c,1771,0,train
6382,1773,16,Chionoecetes tanneri,/home/tahiti/MARINE_DATASETS/FathomNet_FGVC2025/data/rois/1773_6382.png,/home/tahiti/MARINE_DATASETS/FathomNet_FGVC2025/data/images/1773.png,c881ad890306183d5ccbbcc46251a919c16ea9278477a82a7a7c91d4579d47d7,5117fff4331a035d97d247d5197b5bae75bc456c094336566449d8f9a91a65bd,1773,6,train
6393,1773,16,Chionoecetes tanneri,/home/tahiti/MARINE_DATASETS/FathomNet_FGVC2025/data/rois/1773_6393.png,/home/tahiti/MARINE_DATASETS/FathomNet_FGVC2025/data/images/1773.png,d962aeaa5ef58bf1ede1c92defdd97e806fc733e2875a225f4b35f1f5732cdc0,5117fff4331a035d97d247d5197b5bae75bc456c094336566449d8f9a91a65bd,1773,6,train
6397,1773,28,Heterochone calyx,/home/tahiti/MARINE_DATASETS/FathomNet_FGVC2025/data/rois/1773_6397.png,/home/tahiti/MARINE_DATASETS/FathomNet_FGVC2025/data/images/1773.png,266f595ce5f856de7ac044fe3d90fa1d052c855c3c8a7c258f647fb42f129d8f,5117fff4331a035d97d247d5197b5bae75bc456c094336566449d8f9a91a65bd,1773,6,train
6400,1774,73,Staurocalyptus,/home/tahiti/MARINE_DATASETS/FathomNet_FGVC2025/data/rois/1774_6400.png,/home/tahiti/MARINE_DATASETS/FathomNet_FGVC2025/data/images/1774.png,e8390208de9175afb3f1104cd8f8dfd2a82b8c440783861f8354fd7fa8829fe4,9e502a8e40fbc67648fb2ba5790c9ad52d4ebf98345225572e3c7cc5e7dea268,1774,1,train
6403,1774,28,Heterochone calyx,/home/tahiti/MARINE_DATASETS/FathomNet_FGVC2025/data/rois/1774_6403.png,/home/tahiti/MARINE_DATASETS/FathomNet_FGVC2025/data/images/1774.png,ff0c8bd3b0b1060c90a2e066819c6787231224f0be1e4e24ad62b91edf20be04,9e502a8e40fbc67648fb2ba5790c9ad52d4ebf98345225572e3c7cc5e7dea268,1774,1,train
6430,1784,58,Peniagone,/home/tahiti/MARINE_DATASETS/FathomNet_FGVC2025/data/rois/1784_6430.png,/home/tahiti/MARINE_DATASETS/FathomNet_FGVC2025/data/images/1784.png,23a2e8fbac22e576c63914a9a9468a403155e1719cf7f4f6cf96d45d89bae7a5,28d7dcbc0d8481162f7b0b26588defeeee23c00c1ae02d1cc0cf65e55911fb59,1784,2,train
6432,1784,58,Peniagone,/home/tahiti/MARINE_DATASETS/FathomNet_FGVC2025/data/rois/1784_6432.png,/home/tahiti/MARINE_DATASETS/FathomNet_FGVC2025/data/images/1784.png,68a933d472a01c0ec5d0e80cdf59e63680faca16a1f8332e9f97a1edc43da094,28d7dcbc0d8481162f7b0b26588defeeee23c00c1ae02d1cc0cf65e55911fb59,1784,2,train
6460,1790,5,Actiniaria,/home/tahiti/MARINE_DATASETS/FathomNet_FGVC2025/data/rois/1790_6460.png,/home/tahiti/MARINE_DATASETS/FathomNet_FGVC2025/data/images/1790.png,bf25a943cc3ccd3b984f75c0b2541b50b855b52f3c005f5bc5d2e6492704e890,88e027ed61e1b9a9bb6278f797e071e577c231b1aeb7cab81e9741dce5d7102a,1790,2,train
6498,1797,35,Isididae,/home/tahiti/MARINE_DATASETS/FathomNet_FGVC2025/data/rois/1797_6498.png,/home/tahiti/MARINE_DATASETS/FathomNet_FGVC2025/data/images/1797.png,86c9416b692d5dffb9ffb6503d808d9939059f01107829362a857bd1f33631eb,ad7930f693a9fd2ba8305462d7b4253fa03c543dd227889d06fa411f554693f0,1797,2,train
6552,1816,77,Umbellula,/home/tahiti/MARINE_DATASETS/FathomNet_FGVC2025/data/rois/1816_6552.png,/home/tahiti/MARINE_DATASETS/FathomNet_FGVC2025/data/images/1816.png,5d323dc39ba5e66d71eeaf79eac6a736e2c296a8ac4a3acdd606c8223e7367e3,03a2d0519ed6b865467d581d084b1e6a99ff0641d5584da845ae2a6227783303,1816,6,train
6554,1816,71,Sebastolobus,/home/tahiti/MARINE_DATASETS/FathomNet_FGVC2025/data/rois/1816_6554.png,/home/tahiti/MARINE_DATASETS/FathomNet_FGVC2025/data/images/1816.png,863b29a3ba4cd3af126d82da8576ec89f510f28246855039ffd2fa388674c8e2,03a2d0519ed6b865467d581d084b1e6a99ff0641d5584da845ae2a6227783303,1816,6,train
6556,1816,24,Funiculina,/home/tahiti/MARINE_DATASETS/FathomNet_FGVC2025/data/rois/1816_6556.png,/home/tahiti/MARINE_DATASETS/FathomNet_FGVC2025/data/images/1816.png,74c1e2788ad20f58d95b543e38e4036d1f65b7291ae0950f990953815c70573b,03a2d0519ed6b865467d581d084b1e6a99ff0641d5584da845ae2a6227783303,1816,6,train
6581,1816,24,Funiculina,/home/tahiti/MARINE_DATASETS/FathomNet_FGVC2025/data/rois/1816_6581.png,/home/tahiti/MARINE_DATASETS/FathomNet_FGVC2025/data/images/1816.png,f57d439f288c129db9c828fbccb2bb049a76df310225e6ccf7d4c60046ce931d,03a2d0519ed6b865467d581d084b1e6a99ff0641d5584da845ae2a6227783303,1816,6,train
6588,1821,33,Hormathiidae,/home/tahiti/MARINE_DATASETS/FathomNet_FGVC2025/data/rois/1821_6588.png,/home/tahiti/MARINE_DATASETS/FathomNet_FGVC2025/data/images/1821.png,002ab44acb5138df1875f27288e61d84c0fef9b864b82c549d2c337c566fecb3,44eae2078afee9507be32abff748d394d615acee16f4a236446713ce5af252a3,1821,6,train
6590,1821,62,Psolus squamatus,/home/tahiti/MARINE_DATASETS/FathomNet_FGVC2025/data/rois/1821_6590.png,/home/tahiti/MARINE_DATASETS/FathomNet_FGVC2025/data/images/1821.png,1ba7a72d424a4ae34008ce1e7c96176e45d63f88fb7cd4b21e501ebd5625b3fe,44eae2078afee9507be32abff748d394d615acee16f4a236446713ce5af252a3,1821,6,train
6591,1821,62,Psolus squamatus,/home/tahiti/MARINE_DATASETS/FathomNet_FGVC2025/data/rois/1821_6591.png,/home/tahiti/MARINE_DATASETS/FathomNet_FGVC2025/data/images/1821.png,acd09cf345db2f9677da1c0817c72e941ae7ba6a6e87b2e645b717d9f3a83ce9,44eae2078afee9507be32abff748d394d615acee16f4a236446713ce5af252a3,1821,6,train
6630,1831,62,Psolus squamatus,/home/tahiti/MARINE_DATASETS/FathomNet_FGVC2025/data/rois/1831_6630.png,/home/tahiti/MARINE_DATASETS/FathomNet_FGVC2025/data/images/1831.png,fc24ddded8b580a63f53ccbbc6834294b8208d8a6b0e41ac4a96837a8955f354,195bce7905589d5ddc0ac51d10c93e6f19ed4b61d16155b85979d80b5d147546,1831,4,train
6649,1836,11,Asteroidea,/home/tahiti/MARINE_DATASETS/FathomNet_FGVC2025/data/rois/1836_6649.png,/home/tahiti/MARINE_DATASETS/FathomNet_FGVC2025/data/images/1836.png,1cd36542ebba4bead03bb2ff3db7a349eb96e313dedf5e0654a07ff6511a24c8,1e1038435910b5336b618b2c3718d1ce5b9f99a1a254bca9d93a3d5b43f393b8,1836,2,train
6694,1858,71,Sebastolobus,/home/tahiti/MARINE_DATASETS/FathomNet_FGVC2025/data/rois/1858_6694.png,/home/tahiti/MARINE_DATASETS/FathomNet_FGVC2025/data/images/1858.png,6e526642ce8bef4ec5d1ebacb4cafe7574230ccab0f44534d34e134607a86b3c,760ea79c1ee924703339eff154ebd687c45155a455cb67d339c4a685526e360b,1858,2,train
6717,1867,34,Isidella tentaculum,/home/tahiti/MARINE_DATASETS/FathomNet_FGVC2025/data/rois/1867_6717.png,/home/tahiti/MARINE_DATASETS/FathomNet_FGVC2025/data/images/1867.png,4c66da15018dd5e2b8e7e0d885630d6878037237ed26748f39c6c4796870f7b1,797db63d5dff6e9410a1bdba33b72fa6399148e7679509686ca52532c5285d48,1867,2,train
6726,1872,58,Peniagone,/home/tahiti/MARINE_DATASETS/FathomNet_FGVC2025/data/rois/1872_6726.png,/home/tahiti/MARINE_DATASETS/FathomNet_FGVC2025/data/images/1872.png,45645b75688227354d35dad327840c5baf5f353e1ce05e34fb894023481fa5b4,c3deaaca7ecd9e74bf2b772d7d7718b78d54a7ff0d908ea659a96d13e29c5565,1872,6,train
6742,1877,51,Pandalus amplus,/home/tahiti/MARINE_DATASETS/FathomNet_FGVC2025/data/rois/1877_6742.png,/home/tahiti/MARINE_DATASETS/FathomNet_FGVC2025/data/images/1877.png,ba0a0ade7ce58f2eadf59a38bc462301cb9ae3e4d58a2da4e010af1808b62a18,e0fdb45551de4923d87fd880f182d41e044a34648fb90509bcabe93249bfc34b,1877,6,train
6750,1880,30,Hexactinellida,/home/tahiti/MARINE_DATASETS/FathomNet_FGVC2025/data/rois/1880_6750.png,/home/tahiti/MARINE_DATASETS/FathomNet_FGVC2025/data/images/1880.png,7c16b506421e569ab714a79c33a5ac55a5f42bea982cd18f8a60e20354d63c7f,139a3bd4cdba830eb4f43b3078023bd1f7c60edadde25837eaa05474974811db,1880,2,train
6768,1885,25,Gastropoda,/home/tahiti/MARINE_DATASETS/FathomNet_FGVC2025/data/rois/1885_6768.png,/home/tahiti/MARINE_DATASETS/FathomNet_FGVC2025/data/images/1885.png,d6b4f7579d3f6e0acb25cb9738e90c20e7029552790a1c8622207d081e5a3dc0,6a0fe16bbe6410d96fa8ff6527819e5af2b8915d0ee08100f992ae3ff0b57929,1885,4,train
6783,1889,8,Apostichopus leukothele,/home/tahiti/MARINE_DATASETS/FathomNet_FGVC2025/data/rois/1889_6783.png,/home/tahiti/MARINE_DATASETS/FathomNet_FGVC2025/data/images/1889.png,0884f3837891ac7dcd193561f8b767694fd91c51799d53cb08310298d8edc348,86806f1376a7187c0fbd2cb2dd56254cb0cfcbcca2e67f10c18525e10ec682e0,1889,0,train
6789,1894,68,Scotoplanes globosa,/home/tahiti/MARINE_DATASETS/FathomNet_FGVC2025/data/rois/1894_6789.png,/home/tahiti/MARINE_DATASETS/FathomNet_FGVC2025/data/images/1894.png,fa5082f7aec384bc305d8f102063a63165fae564c574b7efbea87d6e34cc228d,0cc3edb29937ba48db7d5928dd4c2348f0eda910b6253e80a5f10da437994912,1894,1,train
6792,1894,19,Crinoidea,/home/tahiti/MARINE_DATASETS/FathomNet_FGVC2025/data/rois/1894_6792.png,/home/tahiti/MARINE_DATASETS/FathomNet_FGVC2025/data/images/1894.png,ff8e979a53f043dd16025157b5c671bf11149e66fc905feadf1c97c0275ce7d0,0cc3edb29937ba48db7d5928dd4c2348f0eda910b6253e80a5f10da437994912,1894,1,train
6855,1896,42,Metridium farcimen,/home/tahiti/MARINE_DATASETS/FathomNet_FGVC2025/data/rois/1896_6855.png,/home/tahiti/MARINE_DATASETS/FathomNet_FGVC2025/data/images/1896.png,fc0bc03081ca81785afce1db666179a76871677928d7a5554792234b9a3fe95c,07205ace8bdc248910a0498b6ad0e47cca19a04aa9062e62d990fd8ad29769cf,1896,4,train
6861,1899,58,Peniagone,/home/tahiti/MARINE_DATASETS/FathomNet_FGVC2025/data/rois/1899_6861.png,/home/tahiti/MARINE_DATASETS/FathomNet_FGVC2025/data/images/1899.png,b324db9c130036602958c8143020639aa042fe35d0e78413bcd6f5b0060cf24c,c0d9114dd8227c4a6d1c1dd35e22f3bb445f2f90829639eeebf165b6e09473a8,1899,2,train
6862,1900,11,Asteroidea,/home/tahiti/MARINE_DATASETS/FathomNet_FGVC2025/data/rois/1900_6862.png,/home/tahiti/MARINE_DATASETS/FathomNet_FGVC2025/data/images/1900.png,c3310be50df394c2a8f24b4040dbd620ab7ed166afbf4c458dfa09a6fbfea69b,6efe9209e747e494de6f1fb60be00efded3493e26a4aae061e50255470bb9716,1900,4,train
6863,1901,71,Sebastolobus,/home/tahiti/MARINE_DATASETS/FathomNet_FGVC2025/data/rois/1901_6863.png,/home/tahiti/MARINE_DATASETS/FathomNet_FGVC2025/data/images/1901.png,a1237ff0c69a80e6895c15226b1fa6f51039a35036772247f7a9df4b15cdab77,5ffdcfdebaee163794efdecaca2d1246448e8e5ada4244af63f5e1ee3ad35a03,1901,6,train
6870,1907,53,Pannychia moseleyi,/home/tahiti/MARINE_DATASETS/FathomNet_FGVC2025/data/rois/1907_6870.png,/home/tahiti/MARINE_DATASETS/FathomNet_FGVC2025/data/images/1907.png,2fe64a16a8ffd37e6d3fe77f6e92c2fed4e598c288a95d9ecfd83674be2e0232,26d011683df66ac78add6c281d45dd1b1bfd119f3562bb3d06d5a003980dd8ca,1907,6,train
6889,1913,58,Peniagone,/home/tahiti/MARINE_DATASETS/FathomNet_FGVC2025/data/rois/1913_6889.png,/home/tahiti/MARINE_DATASETS/FathomNet_FGVC2025/data/images/1913.png,444cfaf62ebe1b7e624b8825b463389e3fe58570d5c26a9cc603d6eb0b4db7a7,d3b450c6557a775dd99fe423b6aa570f011a6910ca961afe49067116a2d217ba,1913,2,train
6894,1917,55,Paragorgia arborea,/home/tahiti/MARINE_DATASETS/FathomNet_FGVC2025/data/rois/1917_6894.png,/home/tahiti/MARINE_DATASETS/FathomNet_FGVC2025/data/images/1917.png,58bab7e646f580b3d6e0a835b34cb492e301c8b6c86b7081d51b4fc187a66310,51494aff18e97792abc842e9f7d2eece2a8288c0ce3b63c5e65e1955d7dc3879,1917,4,train
6931,1935,35,Isididae,/home/tahiti/MARINE_DATASETS/FathomNet_FGVC2025/data/rois/1935_6931.png,/home/tahiti/MARINE_DATASETS/FathomNet_FGVC2025/data/images/1935.png,12c6db4b1634ce2a28dc64a54ab2a270feb2b0eacffec08a886375a99ba96669,4ef52997e043f8673f81d568ebe5590a754939e97363cd2c941438858b9001c2,1935,2,train
6940,1939,72,Serpulidae,/home/tahiti/MARINE_DATASETS/FathomNet_FGVC2025/data/rois/1939_6940.png,/home/tahiti/MARINE_DATASETS/FathomNet_FGVC2025/data/images/1939.png,8caf44796166cdcb02e276ab8ffb1fbe86d2bb8b2ae60ad01b7cb527b21cf953,db8ffa401b1bf769fd33d15ca185c4d736175facce8f1dbdee904171783d6c24,1939,4,train
6945,1940,19,Crinoidea,/home/tahiti/MARINE_DATASETS/FathomNet_FGVC2025/data/rois/1940_6945.png,/home/tahiti/MARINE_DATASETS/FathomNet_FGVC2025/data/images/1940.png,c3b1ae1d15e2482dbf7c742ec3e673bed2439e865f5688f9f5aad6c12f324e37,fbef87aabd70268d26d9158346a0db599b2d937e6f1e34db1671b51842034d0b,1940,4,train
6958,1946,15,Ceriantharia,/home/tahiti/MARINE_DATASETS/FathomNet_FGVC2025/data/rois/1946_6958.png,/home/tahiti/MARINE_DATASETS/FathomNet_FGVC2025/data/images/1946.png,ce6c9c2bb663b053098ad6a3d859c4d720861b8189970fee3b5cbd4aa8430810,2106e87d9d05b3abcdca8df8dc5cd82df92de133228a753e7e09d9457b716024,1946,6,train
6965,1950,56,Paralomis multispina,/home/tahiti/MARINE_DATASETS/FathomNet_FGVC2025/data/rois/1950_6965.png,/home/tahiti/MARINE_DATASETS/FathomNet_FGVC2025/data/images/1950.png,1ed5f69786ae939165602b4600ec2f4d02ec32f3a6999ccabf0feaf07cdce865,8da1ac80bc2dc2e5c12f070b3f937a737a98f912c764901ad9cfae21faf14035,1950,1,train
6975,1954,35,Isididae,/home/tahiti/MARINE_DATASETS/FathomNet_FGVC2025/data/rois/1954_6975.png,/home/tahiti/MARINE_DATASETS/FathomNet_FGVC2025/data/images/1954.png,f18206ed1da77d82234b78a3e27568343f078e3d15b3e353b4cfce790e367971,104c60c8113940113075561ba26b577e555efb888d3331a0d6bc0527907011f9,1954,6,train
6998,1962,28,Heterochone calyx,/home/tahiti/MARINE_DATASETS/FathomNet_FGVC2025/data/rois/1962_6998.png,/home/tahiti/MARINE_DATASETS/FathomNet_FGVC2025/data/images/1962.png,784f8d6e780730a42c8afab96ffe0f2ce24c0b14c50428f14f060a288f41a399,5f71cad76e38563d51614c5458ab25f80ddf0664e36833ebbf419805f1abc1bf,1962,6,train
7000,1962,73,Staurocalyptus,/home/tahiti/MARINE_DATASETS/FathomNet_FGVC2025/data/rois/1962_7000.png,/home/tahiti/MARINE_DATASETS/FathomNet_FGVC2025/data/images/1962.png,d7fe6447c9b6d82b1614f8dbd26f76e2a71f96da5cf554043d21e5982e199f79,5f71cad76e38563d51614c5458ab25f80ddf0664e36833ebbf419805f1abc1bf,1962,6,train
7003,1962,28,Heterochone calyx,/home/tahiti/MARINE_DATASETS/FathomNet_FGVC2025/data/rois/1962_7003.png,/home/tahiti/MARINE_DATASETS/FathomNet_FGVC2025/data/images/1962.png,cf98907b4a13e2a4bd6296f4851bb7ef8e3719ba8426ecd4b377e5226422027e,5f71cad76e38563d51614c5458ab25f80ddf0664e36833ebbf419805f1abc1bf,1962,6,train
7004,1962,73,Staurocalyptus,/home/tahiti/MARINE_DATASETS/FathomNet_FGVC2025/data/rois/1962_7004.png,/home/tahiti/MARINE_DATASETS/FathomNet_FGVC2025/data/images/1962.png,1be92035b5f0b27fc3a7a77714b7b9b5f4ce2cc212ecdd867a686808f5c7efad,5f71cad76e38563d51614c5458ab25f80ddf0664e36833ebbf419805f1abc1bf,1962,6,train
7009,1962,28,Heterochone calyx,/home/tahiti/MARINE_DATASETS/FathomNet_FGVC2025/data/rois/1962_7009.png,/home/tahiti/MARINE_DATASETS/FathomNet_FGVC2025/data/images/1962.png,d1a791e71cc7618c9eee82b6c0490c7a91bf644872b4d383d55dbe6e293c006b,5f71cad76e38563d51614c5458ab25f80ddf0664e36833ebbf419805f1abc1bf,1962,6,train
7028,1967,45,Munnopsidae,/home/tahiti/MARINE_DATASETS/FathomNet_FGVC2025/data/rois/1967_7028.png,/home/tahiti/MARINE_DATASETS/FathomNet_FGVC2025/data/images/1967.png,84091c2c240a9a0a3aa237b843df217738800fd0bbef51ad9d0515d6151a92fc,166bda3fa8d036a31d574b345ecd4fdaf0d2731e8c758a781ae4891534a02eec,1967,0,train
7037,1971,35,Isididae,/home/tahiti/MARINE_DATASETS/FathomNet_FGVC2025/data/rois/1971_7037.png,/home/tahiti/MARINE_DATASETS/FathomNet_FGVC2025/data/images/1971.png,6c1ce03cae18e2d5b47c6371cafb74256f8b456ed73028256dcf57ee0d04834b,fd2b18fd96f28b133d8c1e9807ca9635661fd5978da9d09697051382a351c82d,1971,4,train
7051,1978,58,Peniagone,/home/tahiti/MARINE_DATASETS/FathomNet_FGVC2025/data/rois/1978_7051.png,/home/tahiti/MARINE_DATASETS/FathomNet_FGVC2025/data/images/1978.png,17132af79e499d5498e3226ed243b1be5a0f9e6d3e78f6016f6d8c770ae0e1fd,5bb6d4737bc05b225a557f1f55a82032961ff23b2c4ee9e1e5a6c89a89afa9f5,1978,4,train
7084,1984,72,Serpulidae,/home/tahiti/MARINE_DATASETS/FathomNet_FGVC2025/data/rois/1984_7084.png,/home/tahiti/MARINE_DATASETS/FathomNet_FGVC2025/data/images/1984.png,ad0331d146e58e49b1ed4405cba0cc3b932dc8c2b98079da3b8dadd3c4ffcaee,512ce9cb3f3566470deed8bf60bc9b04a07d2eaa12a93a0af1cab7e0dd764f7e,1984,2,train
7089,1984,72,Serpulidae,/home/tahiti/MARINE_DATASETS/FathomNet_FGVC2025/data/rois/1984_7089.png,/home/tahiti/MARINE_DATASETS/FathomNet_FGVC2025/data/images/1984.png,686830684d38291abca7732b3f140db2c2b513ae2d285d833b659d886cff531d,512ce9cb3f3566470deed8bf60bc9b04a07d2eaa12a93a0af1cab7e0dd764f7e,1984,2,train
7105,1984,63,Ptychogastria polaris,/home/tahiti/MARINE_DATASETS/FathomNet_FGVC2025/data/rois/1984_7105.png,/home/tahiti/MARINE_DATASETS/FathomNet_FGVC2025/data/images/1984.png,7eeebc0a58600faccb6bbc782b7bb0e5472ca34f6fdd864d9a500e2b70be1248,512ce9cb3f3566470deed8bf60bc9b04a07d2eaa12a93a0af1cab7e0dd764f7e,1984,2,train
7106,1984,72,Serpulidae,/home/tahiti/MARINE_DATASETS/FathomNet_FGVC2025/data/rois/1984_7106.png,/home/tahiti/MARINE_DATASETS/FathomNet_FGVC2025/data/images/1984.png,13a91e724db39793ea639783e0a98c8ce582b47d6e74ad273291e4eb340cd640,512ce9cb3f3566470deed8bf60bc9b04a07d2eaa12a93a0af1cab7e0dd764f7e,1984,2,train
7108,1984,72,Serpulidae,/home/tahiti/MARINE_DATASETS/FathomNet_FGVC2025/data/rois/1984_7108.png,/home/tahiti/MARINE_DATASETS/FathomNet_FGVC2025/data/images/1984.png,66a484eb38b25e0e25cb0fdb58facd50ccd4a00d14b25941012ff280113f2fd9,512ce9cb3f3566470deed8bf60bc9b04a07d2eaa12a93a0af1cab7e0dd764f7e,1984,2,train
7118,1984,72,Serpulidae,/home/tahiti/MARINE_DATASETS/FathomNet_FGVC2025/data/rois/1984_7118.png,/home/tahiti/MARINE_DATASETS/FathomNet_FGVC2025/data/images/1984.png,9e553ab9c190c6f3901868c1bcde8f00942040b83c8aec346efb49a8d4774dfb,512ce9cb3f3566470deed8bf60bc9b04a07d2eaa12a93a0af1cab7e0dd764f7e,1984,2,train
7162,2006,67,Scotoplanes,/home/tahiti/MARINE_DATASETS/FathomNet_FGVC2025/data/rois/2006_7162.png,/home/tahiti/MARINE_DATASETS/FathomNet_FGVC2025/data/images/2006.png,4c2c1a9b9fcf29f8adc7324067d3dd03ac62fa0259b4bdfcee40db53b43cc8de,d8d65833f7344ebf2c7203879f2cbd47eb7ac9b355bc319279f16fbb467b2aa4,2006,1,train
7165,2007,65,Rathbunaster californicus,/home/tahiti/MARINE_DATASETS/FathomNet_FGVC2025/data/rois/2007_7165.png,/home/tahiti/MARINE_DATASETS/FathomNet_FGVC2025/data/images/2007.png,e050f2bfe5b5073ae9d2a6650044e71f7427502d449f2afb00d011e0c08a5a1d,1d95aa04e883901875c836e5ce77f0cb973ad93d4c924188cf0626fdefbb72d0,2007,0,train
7166,2007,65,Rathbunaster californicus,/home/tahiti/MARINE_DATASETS/FathomNet_FGVC2025/data/rois/2007_7166.png,/home/tahiti/MARINE_DATASETS/FathomNet_FGVC2025/data/images/2007.png,74c86e0a96c482619d4c3e658a7a78db6b235eb75c0ed755ab1b541ef28651ef,1d95aa04e883901875c836e5ce77f0cb973ad93d4c924188cf0626fdefbb72d0,2007,0,train
7170,2007,65,Rathbunaster californicus,/home/tahiti/MARINE_DATASETS/FathomNet_FGVC2025/data/rois/2007_7170.png,/home/tahiti/MARINE_DATASETS/FathomNet_FGVC2025/data/images/2007.png,a54f1e79cb01f6bef32a33b70328bb90372ed7a1c8523ecea4adc2a605458958,1d95aa04e883901875c836e5ce77f0cb973ad93d4c924188cf0626fdefbb72d0,2007,0,train
7179,2011,62,Psolus squamatus,/home/tahiti/MARINE_DATASETS/FathomNet_FGVC2025/data/rois/2011_7179.png,/home/tahiti/MARINE_DATASETS/FathomNet_FGVC2025/data/images/2011.png,b0d31b3ff755fb016a37bc70ac936d83b4f07b7125944a1936804c1841202e65,7b176c4c0972576b778b6af4f601b0bfcb5f20f651a7021132fdc670ea70c7bb,2011,4,train
7190,2012,62,Psolus squamatus,/home/tahiti/MARINE_DATASETS/FathomNet_FGVC2025/data/rois/2012_7190.png,/home/tahiti/MARINE_DATASETS/FathomNet_FGVC2025/data/images/2012.png,0171db4f9a66294343e3ae9c1a758f92cb6fa9dac01834ca010b52f53be3f815,6f60f3153be824f58ecd81c4a5f19523b00c3b33318175c9381d841892b16cfd,2012,0,train
7191,2012,11,Asteroidea,/home/tahiti/MARINE_DATASETS/FathomNet_FGVC2025/data/rois/2012_7191.png,/home/tahiti/MARINE_DATASETS/FathomNet_FGVC2025/data/images/2012.png,2b952aa9fd5fdb2b73032288f7a9620d5b1496932c1f4c9422e8f3c2d7411525,6f60f3153be824f58ecd81c4a5f19523b00c3b33318175c9381d841892b16cfd,2012,0,train
7200,2018,6,Actinopterygii,/home/tahiti/MARINE_DATASETS/FathomNet_FGVC2025/data/rois/2018_7200.png,/home/tahiti/MARINE_DATASETS/FathomNet_FGVC2025/data/images/2018.png,b4ac7d7a15d7e2281de6e71d1996caeb8df4fa634a47a0d505c2641c34c566ea,49771260e119810fac9383a4722e8156f500c484c8d1389f63fea45614014ded,2018,6,train
7206,2023,36,Isosicyonis,/home/tahiti/MARINE_DATASETS/FathomNet_FGVC2025/data/rois/2023_7206.png,/home/tahiti/MARINE_DATASETS/FathomNet_FGVC2025/data/images/2023.png,25550c7dffb7146b69160e339a40df6926fb0eb4f53114b96132281a187caa52,c5b8a5533b9f5f3bc461bd574c91463be5e411ea593c87599c96ccde8e744952,2023,4,train
7209,2025,77,Umbellula,/home/tahiti/MARINE_DATASETS/FathomNet_FGVC2025/data/rois/2025_7209.png,/home/tahiti/MARINE_DATASETS/FathomNet_FGVC2025/data/images/2025.png,aee7d0c58ef760053c077afd869c19bfadbfe1d57b3c079acca2de96c6c4e3ac,ebb663a5b4fd7289c4e8b8c383462ccb8651ca21653cc30584db1d06dba64319,2025,4,train
7215,2027,28,Heterochone calyx,/home/tahiti/MARINE_DATASETS/FathomNet_FGVC2025/data/rois/2027_7215.png,/home/tahiti/MARINE_DATASETS/FathomNet_FGVC2025/data/images/2027.png,f73f4675d111b2433ebe3039fdf8c60d13ebb95e50c8ec3ea42c65ab588bcedd,0b7e39a4fb1135769cdec409173a1af71669cd50985d0baa8d41b65717e9782b,2027,1,train
7246,2041,4,Actinernus,/home/tahiti/MARINE_DATASETS/FathomNet_FGVC2025/data/rois/2041_7246.png,/home/tahiti/MARINE_DATASETS/FathomNet_FGVC2025/data/images/2041.png,fcd493944ff425679200b02ef559147fbf6ca6656b00c3d006143b13fbfa0124,bfe995d735d70153c9a9c43f84ae4cd3c04b17138b79ab2ee0586ffb27eb1784,2041,2,train
7247,2041,4,Actinernus,/home/tahiti/MARINE_DATASETS/FathomNet_FGVC2025/data/rois/2041_7247.png,/home/tahiti/MARINE_DATASETS/FathomNet_FGVC2025/data/images/2041.png,614d290645b971dfa80fae57332281c866bf03cd50c394c955e36a8903d8cc91,bfe995d735d70153c9a9c43f84ae4cd3c04b17138b79ab2ee0586ffb27eb1784,2041,2,train
7252,2043,37,Keratoisis,/home/tahiti/MARINE_DATASETS/FathomNet_FGVC2025/data/rois/2043_7252.png,/home/tahiti/MARINE_DATASETS/FathomNet_FGVC2025/data/images/2043.png,22108b8537adb4c0416be0b7a69dc1c71c80beba8024fee408328d065791c2a5,fe3bc9b544f8c57c68be0eb47df671762a509973db6b278666eabd07953601b5,2043,1,train
7255,2044,64,Pyrosoma atlanticum,/home/tahiti/MARINE_DATASETS/FathomNet_FGVC2025/data/rois/2044_7255.png,/home/tahiti/MARINE_DATASETS/FathomNet_FGVC2025/data/images/2044.png,8f5929511dc6b006f2e7f210e3b4274b81f9df82456162eddfea3708a3eb6732,91a9a415acc2233779e1f38dc3e6cf3cf60a3663990b9ac297f60038d464d4f1,2044,0,train
7266,2048,62,Psolus squamatus,/home/tahiti/MARINE_DATASETS/FathomNet_FGVC2025/data/rois/2048_7266.png,/home/tahiti/MARINE_DATASETS/FathomNet_FGVC2025/data/images/2048.png,a80c79be9f973c5d318e73ebba1fcf9ccd81cc4bf96f2caf4feb1a858cc1e4cb,ed8f2cee3738c762b1cba5d8f3536206080b9c36d7d50a6ba46f6db4e981159f,2048,4,train
7274,2050,68,Scotoplanes globosa,/home/tahiti/MARINE_DATASETS/FathomNet_FGVC2025/data/rois/2050_7274.png,/home/tahiti/MARINE_DATASETS/FathomNet_FGVC2025/data/images/2050.png,00c9c0a9a78f34b67ae2f5b51be44459c439becf87e8b75bf59fbdffe071f8ba,7f92b548c074985b09a721d5e5ae93b111528de8ea1acb9f9e154bd64bfa3f9b,2050,2,train
7282,2055,22,Farrea,/home/tahiti/MARINE_DATASETS/FathomNet_FGVC2025/data/rois/2055_7282.png,/home/tahiti/MARINE_DATASETS/FathomNet_FGVC2025/data/images/2055.png,b82027a8a9f09b3735d9759022bddd374d8e7092b3f25a3f1926ba178ea858ea,4a27b43f9f661e4ab9398ce850051dfe794287f405254f6fbb20e45adc919d5b,2055,1,train
7312,2065,30,Hexactinellida,/home/tahiti/MARINE_DATASETS/FathomNet_FGVC2025/data/rois/2065_7312.png,/home/tahiti/MARINE_DATASETS/FathomNet_FGVC2025/data/images/2065.png,ddee39a2c0731ad292e835999f9e7292d5f438bc9a783e13293e5f20dd5a58ef,7197b75b1f8bd5ba0a2ae50120709751ddeaa8bb43919bf50d51d9c8d2a61c00,2065,2,train
7313,2065,9,Asbestopluma,/home/tahiti/MARINE_DATASETS/FathomNet_FGVC2025/data/rois/2065_7313.png,/home/tahiti/MARINE_DATASETS/FathomNet_FGVC2025/data/images/2065.png,9f7282968ac02b33e91e18dd35ac60a4372e6e1eb3977f5302118b4f58d044ed,7197b75b1f8bd5ba0a2ae50120709751ddeaa8bb43919bf50d51d9c8d2a61c00,2065,2,train
7324,2069,29,Heteropolypus ritteri,/home/tahiti/MARINE_DATASETS/FathomNet_FGVC2025/data/rois/2069_7324.png,/home/tahiti/MARINE_DATASETS/FathomNet_FGVC2025/data/images/2069.png,bf069d07a69ac8e37af74da19275fa7987cd67963e9fa9dc7db9359975403256,50174a3ec4f8418a1b1ae657cb4c5a1962361e7ca7d7fe2c4e166377702f1fb0,2069,0,train
7337,2074,36,Isosicyonis,/home/tahiti/MARINE_DATASETS/FathomNet_FGVC2025/data/rois/2074_7337.png,/home/tahiti/MARINE_DATASETS/FathomNet_FGVC2025/data/images/2074.png,0d1372f97570e39b94ab73b34a3ba8ea2d55987d0577a78cf8d26801596e0f5d,ce22263613f020faf767792b96fdeaa0986c41e1046d3bb36554fedb20046825,2074,4,train
7365,2079,32,Holothuroidea,/home/tahiti/MARINE_DATASETS/FathomNet_FGVC2025/data/rois/2079_7365.png,/home/tahiti/MARINE_DATASETS/FathomNet_FGVC2025/data/images/2079.png,503ca305df760dc8a09b5f3b2c39ad61efef8e615192fdc2d62a5fd414c12bda,265498477c565320ee1e7b49db56c73d500e2a8c0b4d36f4c31d880d638ce5e9,2079,6,train
7411,2091,11,Asteroidea,/home/tahiti/MARINE_DATASETS/FathomNet_FGVC2025/data/rois/2091_7411.png,/home/tahiti/MARINE_DATASETS/FathomNet_FGVC2025/data/images/2091.png,2229024da82443b5bd3c4f3b867bbde86ddd68a5f17c8a271c6a45bdf09d9186,e54e2d94eea3d5c4e5927e6875b743d24dc0e58c2ec47b57298434883e51362c,2091,0,train
7423,2094,79,Zoantharia,/home/tahiti/MARINE_DATASETS/FathomNet_FGVC2025/data/rois/2094_7423.png,/home/tahiti/MARINE_DATASETS/FathomNet_FGVC2025/data/images/2094.png,2e4aaa6c08007e2af163af069e096f12fff913fb6127e3919010a8fb52ca3d7a,38f339af8a38f51831acbfab22ad053b71575b393df0b86d82f556f30a4d3b5a,2094,1,train
7430,2094,79,Zoantharia,/home/tahiti/MARINE_DATASETS/FathomNet_FGVC2025/data/rois/2094_7430.png,/home/tahiti/MARINE_DATASETS/FathomNet_FGVC2025/data/images/2094.png,54dae38c7b0e595d014532fd288677a204902efd251f0ed0b49ca3b9fd4e5e6f,38f339af8a38f51831acbfab22ad053b71575b393df0b86d82f556f30a4d3b5a,2094,1,train
7490,2121,25,Gastropoda,/home/tahiti/MARINE_DATASETS/FathomNet_FGVC2025/data/rois/2121_7490.png,/home/tahiti/MARINE_DATASETS/FathomNet_FGVC2025/data/images/2121.png,a978aaf6c049595a1c95d954a0fba32110b9379d65a8cdb5bc3c8ee7fb2d2362,9575c8ae64db9343a15dd35974a48f0a1e7dae106ccfb175b09e8c94ba68868d,2121,2,train
7491,2121,25,Gastropoda,/home/tahiti/MARINE_DATASETS/FathomNet_FGVC2025/data/rois/2121_7491.png,/home/tahiti/MARINE_DATASETS/FathomNet_FGVC2025/data/images/2121.png,e422cc0d52796297b87803befd15faff7b6afa3e4c6c0b26acd345dfbea1caf8,9575c8ae64db9343a15dd35974a48f0a1e7dae106ccfb175b09e8c94ba68868d,2121,2,train
7498,2121,25,Gastropoda,/home/tahiti/MARINE_DATASETS/FathomNet_FGVC2025/data/rois/2121_7498.png,/home/tahiti/MARINE_DATASETS/FathomNet_FGVC2025/data/images/2121.png,d0f5a705eff3cb2dc5c8656476462e92b9761c0f47e068ca01b1bfd67448a977,9575c8ae64db9343a15dd35974a48f0a1e7dae106ccfb175b09e8c94ba68868d,2121,2,train
7514,2131,71,Sebastolobus,/home/tahiti/MARINE_DATASETS/FathomNet_FGVC2025/data/rois/2131_7514.png,/home/tahiti/MARINE_DATASETS/FathomNet_FGVC2025/data/images/2131.png,bc44c1878368768033c3ff6ba49b518b11ab1dc8636a91d3c6badc4fd9a44497,b7553334571eb771a6a1b6f9594ce2884017caf55bf23360b373defba1eea49b,2131,1,train
7556,2152,71,Sebastolobus,/home/tahiti/MARINE_DATASETS/FathomNet_FGVC2025/data/rois/2152_7556.png,/home/tahiti/MARINE_DATASETS/FathomNet_FGVC2025/data/images/2152.png,19e8de2f5b4e91e63ae1941e3e15a4112b7eb79d439d4263afee1d63d9f2ac83,8712be98b9eeabb1549218305d4e3dcb7b3145a3352479aceb9959799b6bba3a,2152,4,train
7576,2163,36,Isosicyonis,/home/tahiti/MARINE_DATASETS/FathomNet_FGVC2025/data/rois/2163_7576.png,/home/tahiti/MARINE_DATASETS/FathomNet_FGVC2025/data/images/2163.png,bd529850a6f42f31a3a324e7631e7fd8a01658ab46d395cf0af1f731edad546f,bd581164ccc9e75436bc2926a6f440adbe8db1bc45c62fc74439de56ce36c262,2163,2,train
7598,2173,55,Paragorgia arborea,/home/tahiti/MARINE_DATASETS/FathomNet_FGVC2025/data/rois/2173_7598.png,/home/tahiti/MARINE_DATASETS/FathomNet_FGVC2025/data/images/2173.png,cf6ac7e32261cca8315c171955b69d48b0aa94ce937ee780488a7253fd047353,2b4f08cb82686982b9ce79fb85fc4266dbb9eb1d68ea64c3077563a4ae89b319,2173,6,train
7625,2178,77,Umbellula,/home/tahiti/MARINE_DATASETS/FathomNet_FGVC2025/data/rois/2178_7625.png,/home/tahiti/MARINE_DATASETS/FathomNet_FGVC2025/data/images/2178.png,319d555d12fe08414d2914e05b35f95e81e559b0a2a67a32dffe14cc9cbdca1b,83a0f1a066e97cea6f7e154efa65f89dc6dc7fe07e887d4c9f22d080bca5d2c9,2178,6,train
7633,2179,16,Chionoecetes tanneri,/home/tahiti/MARINE_DATASETS/FathomNet_FGVC2025/data/rois/2179_7633.png,/home/tahiti/MARINE_DATASETS/FathomNet_FGVC2025/data/images/2179.png,c84dbb78b5230cc7bcc3f4bf3df801f20ad81d8344394ee63de787b2b1b9bb1b,f6ae4161404463610652276829f7cfe0f50a35745af736400355bc0a71cfffb3,2179,6,train
7658,2189,47,Octopus rubescens,/home/tahiti/MARINE_DATASETS/FathomNet_FGVC2025/data/rois/2189_7658.png,/home/tahiti/MARINE_DATASETS/FathomNet_FGVC2025/data/images/2189.png,ee5f00bfcaf28f35764dad8c068c7d94f74f445efb86b15f0ced2422974df6b1,a575d86ed9154291af8ccb99c8beae4463f6ec1bfd8631c3c5d72300d02c403a,2189,1,train
7662,2190,14,Caridea,/home/tahiti/MARINE_DATASETS/FathomNet_FGVC2025/data/rois/2190_7662.png,/home/tahiti/MARINE_DATASETS/FathomNet_FGVC2025/data/images/2190.png,c2d91e885f4e542cfdc6b40fb93a42d674cade496e79c1df956d5b59b94ccc80,ec73e94d6c64116718e65813b02ad1a9afdd4da8bebf844cd3426f18e7a0b1f9,2190,0,train
7667,2193,13,Brisingida,/home/tahiti/MARINE_DATASETS/FathomNet_FGVC2025/data/rois/2193_7667.png,/home/tahiti/MARINE_DATASETS/FathomNet_FGVC2025/data/images/2193.png,a17ac74756a1c6f9e27a7b47e1ab5aeb8c836aa3e473805605032525807b36a5,5f666cf5fe49ce40b069317e39b264da265104d7d7ac9185ccd1034200a4346f,2193,2,train
7710,2210,35,Isididae,/home/tahiti/MARINE_DATASETS/FathomNet_FGVC2025/data/rois/2210_7710.png,/home/tahiti/MARINE_DATASETS/FathomNet_FGVC2025/data/images/2210.png,2dd3a65d62900faaae3e4ef7b5206ff05ecdd30da1b59bb1400b957f35a70325,044cf2a91d4ef5e86deedf33992ce9b74a08520cbd42d1d66a43a4199570c5c7,2210,0,train
7715,2212,11,Asteroidea,/home/tahiti/MARINE_DATASETS/FathomNet_FGVC2025/data/rois/2212_7715.png,/home/tahiti/MARINE_DATASETS/FathomNet_FGVC2025/data/images/2212.png,3a1ec40bc8bebabb6b693b815efc1742f4b97e0ba2ed63044a0323dcc7b670e2,6dede5458ab348d83d936511796202172d36187d82008ce8612d3e8820d5f517,2212,0,train
7721,2212,73,Staurocalyptus,/home/tahiti/MARINE_DATASETS/FathomNet_FGVC2025/data/rois/2212_7721.png,/home/tahiti/MARINE_DATASETS/FathomNet_FGVC2025/data/images/2212.png,be05dcb327f1e19f3c36bae00d26212a7710759bb47b2f3b6ffbcfc6142e8fb8,6dede5458ab348d83d936511796202172d36187d82008ce8612d3e8820d5f517,2212,0,train
7727,2214,37,Keratoisis,/home/tahiti/MARINE_DATASETS/FathomNet_FGVC2025/data/rois/2214_7727.png,/home/tahiti/MARINE_DATASETS/FathomNet_FGVC2025/data/images/2214.png,0989e92ec8de60d3e45333b19e59e92fa4c84fe8f8b62e717a8243e728c90cbf,68dd3fdfde2d251422024f389ac1e701e5efadcc3deac4f2052a3689c822172e,2214,4,train
7746,2222,30,Hexactinellida,/home/tahiti/MARINE_DATASETS/FathomNet_FGVC2025/data/rois/2222_7746.png,/home/tahiti/MARINE_DATASETS/FathomNet_FGVC2025/data/images/2222.png,4965db1b778a75898c833167ce44b53d8d437616a4b22a57e912d81e04c191c7,0da93c0cf96e1a092bc43e3aaa1e0c5ef27b59cd347194dab0d602646dad8b00,2222,0,train
7751,2223,3,Acanthoptilum,/home/tahiti/MARINE_DATASETS/FathomNet_FGVC2025/data/rois/2223_7751.png,/home/tahiti/MARINE_DATASETS/FathomNet_FGVC2025/data/images/2223.png,f42ddcb0302ff594e44e2bdc507349e623b5ac715d2e92091047cf4d88a69be8,ad81df1a64777ce380eef2ad8b367d4a3fe111b5c63a9d8c333e5b534aa9feb9,2223,0,train
7781,2238,19,Crinoidea,/home/tahiti/MARINE_DATASETS/FathomNet_FGVC2025/data/rois/2238_7781.png,/home/tahiti/MARINE_DATASETS/FathomNet_FGVC2025/data/images/2238.png,c0a31ab31a5faca603e2783b48832b28eb513e084675f57268839ac11e921a17,e004d9a7cf3a65e31d638cfaa21f2bdb9295ad18f52ca786c657376922abb12b,2238,0,train
7802,2249,65,Rathbunaster californicus,/home/tahiti/MARINE_DATASETS/FathomNet_FGVC2025/data/rois/2249_7802.png,/home/tahiti/MARINE_DATASETS/FathomNet_FGVC2025/data/images/2249.png,26725df29bd7e2ac72c78cce1274b23831879603ef60d9f0debb806392f37470,ba886b3c7421e312f4a7f1748c6770b9bfd05b7d154f704a092ee0a40d21d675,2249,6,train
7810,2252,55,Paragorgia arborea,/home/tahiti/MARINE_DATASETS/FathomNet_FGVC2025/data/rois/2252_7810.png,/home/tahiti/MARINE_DATASETS/FathomNet_FGVC2025/data/images/2252.png,77f865751067ce91d99efa66600a2d23208ba31ed48a79ce5865a9d4078998dd,cce9eb16f8627e42eb8e3a9be29d6dc2ca31bddd24f8aaa733708a07037c971f,2252,6,train
7826,2257,64,Pyrosoma atlanticum,/home/tahiti/MARINE_DATASETS/FathomNet_FGVC2025/data/rois/2257_7826.png,/home/tahiti/MARINE_DATASETS/FathomNet_FGVC2025/data/images/2257.png,3ac38d97b720d2178d0923aee8fd407ae6e9c8a213e7226745138f1fe78c27cc,5818434e7737eb84f9b2d3fe9045b2e19177f59fe93a953964cbee83c90b47ef,2257,4,train
7850,2265,27,Heterocarpus,/home/tahiti/MARINE_DATASETS/FathomNet_FGVC2025/data/rois/2265_7850.png,/home/tahiti/MARINE_DATASETS/FathomNet_FGVC2025/data/images/2265.png,a4999167f1069f0e66fc87c42ec5ca3196a177a8283a0af32d1e900ad5f0c10c,011ae00c0c86c050b24bfbbe899a973c798ff66866598b8b0d51123add0b6ace,2265,4,train
7874,2276,15,Ceriantharia,/home/tahiti/MARINE_DATASETS/FathomNet_FGVC2025/data/rois/2276_7874.png,/home/tahiti/MARINE_DATASETS/FathomNet_FGVC2025/data/images/2276.png,9de156c7a314695ed961155637e237d6ec0e0347f7c667f74bbdc40ab930d5bb,ff1cfe6faf99321a54f956a959617d48bebc73c94a15a9d73c42c479b860978b,2276,1,train
7896,2286,27,Heterocarpus,/home/tahiti/MARINE_DATASETS/FathomNet_FGVC2025/data/rois/2286_7896.png,/home/tahiti/MARINE_DATASETS/FathomNet_FGVC2025/data/images/2286.png,ff3d618f39079abba8d91b433ed3efc4c912c4bdca8e6a3c591ac0ad857c7f2c,8b0a2724215e192a6832e51069dba4ccd0cdbec714caa070356c75865d2c377c,2286,0,train
7903,2290,55,Paragorgia arborea,/home/tahiti/MARINE_DATASETS/FathomNet_FGVC2025/data/rois/2290_7903.png,/home/tahiti/MARINE_DATASETS/FathomNet_FGVC2025/data/images/2290.png,a639e14aa1452e9169697b631028d130cde5fa442bc734f6e54fadd4ebab0f58,a48bcf2c44ea17adf72a01bed019e8fdf81399ee9eb4129488a693f220d79764,2290,4,train
7951,2305,21,Elpidia,/home/tahiti/MARINE_DATASETS/FathomNet_FGVC2025/data/rois/2305_7951.png,/home/tahiti/MARINE_DATASETS/FathomNet_FGVC2025/data/images/2305.png,afbda7e0a2a87091f3dc7a770660c059cdcb724472e4fda4b599108d9af414e0,1ea48814321290822c9a27282ed62665bdc937510e00a207ab0e966e9a7cca30,2305,1,train
7960,2310,35,Isididae,/home/tahiti/MARINE_DATASETS/FathomNet_FGVC2025/data/rois/2310_7960.png,/home/tahiti/MARINE_DATASETS/FathomNet_FGVC2025/data/images/2310.png,670afeab018e33d8ea74526de21b1500f69697f3db0141d37617f61811fe726a,cc6c3027177ff19f19c2c79f6b622f21925b643f2f2acf3242173ee9a71b1be2,2310,6,train
7975,2319,1,Abyssocucumis abyssorum,/home/tahiti/MARINE_DATASETS/FathomNet_FGVC2025/data/rois/2319_7975.png,/home/tahiti/MARINE_DATASETS/FathomNet_FGVC2025/data/images/2319.png,902cdacdca3d9fd568f420ce5c363fb3e8d2768124d5ed4e85e8176548ca0032,d75a2419696ed573d916050280cc5761386e104ccb1ab62e6ff49c0385504d20,2319,1,train
7980,2323,56,Paralomis multispina,/home/tahiti/MARINE_DATASETS/FathomNet_FGVC2025/data/rois/2323_7980.png,/home/tahiti/MARINE_DATASETS/FathomNet_FGVC2025/data/images/2323.png,9d65702f7d743afcb38c84b34d73e844b14bdeca8977577b4d2ee23a44312f78,eea57a455c24de5bd12eb2091414fdbc80074ce556b72c2cc67fec6c16551007,2323,4,train
7986,2325,21,Elpidia,/home/tahiti/MARINE_DATASETS/FathomNet_FGVC2025/data/rois/2325_7986.png,/home/tahiti/MARINE_DATASETS/FathomNet_FGVC2025/data/images/2325.png,414f2a211333f852d71cdadf3c7aa976ede5581bb15b1b13f456f4500acc4ff6,d2aea46f6000469441c8a82d70d0a9d820010971466e1ede075ea23521682251,2325,0,train
8005,2334,37,Keratoisis,/home/tahiti/MARINE_DATASETS/FathomNet_FGVC2025/data/rois/2334_8005.png,/home/tahiti/MARINE_DATASETS/FathomNet_FGVC2025/data/images/2334.png,d037270aabfa5590c584212e904262d68ad4b4d2bdaae71b6ff87b7fc8562946,db2cd53a85ca4c9dfb443906b3d939da1c1289c5ee70d655fc0275be97871e3a,2334,6,train
8017,2342,34,Isidella tentaculum,/home/tahiti/MARINE_DATASETS/FathomNet_FGVC2025/data/rois/2342_8017.png,/home/tahiti/MARINE_DATASETS/FathomNet_FGVC2025/data/images/2342.png,1611f0769b1ad5e455d3e5927d17d2f5fe287f0c74de8dac876b78b1f726a73f,36a4851a7c06648d19969ac5f09e19a3cb0bd820bf74a1c2aece210d44d9cccd,2342,1,train
8019,2342,31,Hippasteria,/home/tahiti/MARINE_DATASETS/FathomNet_FGVC2025/data/rois/2342_8019.png,/home/tahiti/MARINE_DATASETS/FathomNet_FGVC2025/data/images/2342.png,5dc5260d3dabf6135878bfce2358dc39db14c8971fd9bb32443e7d99fc580d0c,36a4851a7c06648d19969ac5f09e19a3cb0bd820bf74a1c2aece210d44d9cccd,2342,1,train
8047,2357,41,Merluccius productus,/home/tahiti/MARINE_DATASETS/FathomNet_FGVC2025/data/rois/2357_8047.png,/home/tahiti/MARINE_DATASETS/FathomNet_FGVC2025/data/images/2357.png,07e0ec6fcc20225e3fadd21617e673bc03d3453646a38d8ffa0e499a09978093,ba7f73e32c84f5bac02c0d11caea99f966da0306297fc5dad981fdcc66cfe914,2357,2,train
8050,2360,38,Liponema brevicorne,/home/tahiti/MARINE_DATASETS/FathomNet_FGVC2025/data/rois/2360_8050.png,/home/tahiti/MARINE_DATASETS/FathomNet_FGVC2025/data/images/2360.png,8be6ddf62fb28953e13d539e625eecada140033b5e69fd124d2ac3180f6b5ad1,e7dd4f07ec903d4d4140d18f9dabd5dd29fd3021155a63ef97eff8fcbbbc9f4e,2360,4,train
8053,2361,28,Heterochone calyx,/home/tahiti/MARINE_DATASETS/FathomNet_FGVC2025/data/rois/2361_8053.png,/home/tahiti/MARINE_DATASETS/FathomNet_FGVC2025/data/images/2361.png,f9939b1d8feb0bf72c04f204a10130407ba494f4c596b12cf85f932321af9914,4f628737efd4797a251594d1400c2d3cfe6bab935bce366db58c1569ea62d6bc,2361,2,train
8054,2361,55,Paragorgia arborea,/home/tahiti/MARINE_DATASETS/FathomNet_FGVC2025/data/rois/2361_8054.png,/home/tahiti/MARINE_DATASETS/FathomNet_FGVC2025/data/images/2361.png,f438de1b73c6d5de54466686fde577b663c8375533f3e647a549f270eac5c06a,4f628737efd4797a251594d1400c2d3cfe6bab935bce366db58c1569ea62d6bc,2361,2,train
8055,2361,28,Heterochone calyx,/home/tahiti/MARINE_DATASETS/FathomNet_FGVC2025/data/rois/2361_8055.png,/home/tahiti/MARINE_DATASETS/FathomNet_FGVC2025/data/images/2361.png,2e927ef07166609137c0f474f4838cbd0ae606a66e0508fa49585f1b9bc08754,4f628737efd4797a251594d1400c2d3cfe6bab935bce366db58c1569ea62d6bc,2361,2,train
8068,2370,67,Scotoplanes,/home/tahiti/MARINE_DATASETS/FathomNet_FGVC2025/data/rois/2370_8068.png,/home/tahiti/MARINE_DATASETS/FathomNet_FGVC2025/data/images/2370.png,43ef42d12a4f6149b58ff66bb8f9b001b781bf8c759fec531228b1bcc0d61a69,8cddcfdc1114582869dff367fd30f0c51387f87cea8e0b0256dff0780d69e989,2370,0,train
8082,2373,77,Umbellula,/home/tahiti/MARINE_DATASETS/FathomNet_FGVC2025/data/rois/2373_8082.png,/home/tahiti/MARINE_DATASETS/FathomNet_FGVC2025/data/images/2373.png,ed5eeb3911cde9e3098c0c4e42ddfff682ad674b2435f607c53ae0d7c75f08bf,d4a1267f3e066dd8654fd17bad8d568890a93ffd5af158216bf5cf978ea7674f,2373,1,train
8088,2375,69,Sebastes,/home/tahiti/MARINE_DATASETS/FathomNet_FGVC2025/data/rois/2375_8088.png,/home/tahiti/MARINE_DATASETS/FathomNet_FGVC2025/data/images/2375.png,7ff27db8736863c0f1aa0f7644af1982ba6f7b3ede258a6e75b41d72503f10bd,28d07d26087a72494c0ff7e7af79a4b05627f064b4c6ef1d90cd5a800ac2e740,2375,1,train
8092,2377,30,Hexactinellida,/home/tahiti/MARINE_DATASETS/FathomNet_FGVC2025/data/rois/2377_8092.png,/home/tahiti/MARINE_DATASETS/FathomNet_FGVC2025/data/images/2377.png,cf2f0f6413de197b06e95050e532474ab3c317c8f0a67124416f3e94d6b30e02,f497a5776bf1cc8cac96aee172a80ec8a7a3b490c2e157dbce1bf1ba06e440a6,2377,2,train
8095,2377,28,Heterochone calyx,/home/tahiti/MARINE_DATASETS/FathomNet_FGVC2025/data/rois/2377_8095.png,/home/tahiti/MARINE_DATASETS/FathomNet_FGVC2025/data/images/2377.png,eefb54200d7d77de8891e2c4081f52103ed596b387273af1e58488705e0814aa,f497a5776bf1cc8cac96aee172a80ec8a7a3b490c2e157dbce1bf1ba06e440a6,2377,2,train
8098,2378,73,Staurocalyptus,/home/tahiti/MARINE_DATASETS/FathomNet_FGVC2025/data/rois/2378_8098.png,/home/tahiti/MARINE_DATASETS/FathomNet_FGVC2025/data/images/2378.png,20cce6877134bc5d0c3482def84ae87416ab2fcb69a0e08165376eb62ac4dd23,c582c18b52ea18af3cc3dc1f5157405df3da57aba6187e4743120bc7209918ec,2378,1,train
8099,2378,73,Staurocalyptus,/home/tahiti/MARINE_DATASETS/FathomNet_FGVC2025/data/rois/2378_8099.png,/home/tahiti/MARINE_DATASETS/FathomNet_FGVC2025/data/images/2378.png,c91e12546e6ac1bd2cdeb4f94ecb87f4940ed7b41e678070a6f05e81b03c2987,c582c18b52ea18af3cc3dc1f5157405df3da57aba6187e4743120bc7209918ec,2378,1,train
8114,2385,66,Scleractinia,/home/tahiti/MARINE_DATASETS/FathomNet_FGVC2025/data/rois/2385_8114.png,/home/tahiti/MARINE_DATASETS/FathomNet_FGVC2025/data/images/2385.png,0d5f3c96ff99a9cc6d068aecf7e9ce22bd3baae41880ef27455cfb21f2ed0212,3e0281643a639b56c3cd256b84c5ea4f9134358112968cd35d6917a9b836f1bb,2385,4,train
8130,2390,10,Asbestopluma monticola,/home/tahiti/MARINE_DATASETS/FathomNet_FGVC2025/data/rois/2390_8130.png,/home/tahiti/MARINE_DATASETS/FathomNet_FGVC2025/data/images/2390.png,dc60e84520d21a9be09771672cdab8bd6c4bf4d3886a79a4033ad1707386d5ff,ab441ff81b7da745d64ff7b666339d7ea8b6993baaff0bcb1a5e9cc55d0a302d,2390,1,train
8135,2390,39,Lithodidae,/home/tahiti/MARINE_DATASETS/FathomNet_FGVC2025/data/rois/2390_8135.png,/home/tahiti/MARINE_DATASETS/FathomNet_FGVC2025/data/images/2390.png,8fccea4e17c79dd762ee453b323cdd2fd633413be92fd45f3c74d07a505852c1,ab441ff81b7da745d64ff7b666339d7ea8b6993baaff0bcb1a5e9cc55d0a302d,2390,1,train
8136,2390,10,Asbestopluma monticola,/home/tahiti/MARINE_DATASETS/FathomNet_FGVC2025/data/rois/2390_8136.png,/home/tahiti/MARINE_DATASETS/FathomNet_FGVC2025/data/images/2390.png,1ee3f807e49de56c1002d82692278cd7760645292df7e2791af0f9178b128591,ab441ff81b7da745d64ff7b666339d7ea8b6993baaff0bcb1a5e9cc55d0a302d,2390,1,train
8143,2393,69,Sebastes,/home/tahiti/MARINE_DATASETS/FathomNet_FGVC2025/data/rois/2393_8143.png,/home/tahiti/MARINE_DATASETS/FathomNet_FGVC2025/data/images/2393.png,e8529b5f88ed800e27b2c68a15c0fd4f79de33f1393244d50b539edfc82d89b6,a274f511f9d4f251a2a9f9f5f34f14f7ec3b1c91ebb341c2834c32d413ae05b7,2393,1,train
8144,2393,42,Metridium farcimen,/home/tahiti/MARINE_DATASETS/FathomNet_FGVC2025/data/rois/2393_8144.png,/home/tahiti/MARINE_DATASETS/FathomNet_FGVC2025/data/images/2393.png,f6a5cab6c81e4d490ea0d8450563b6381ca6e270f511aea22ba9f9fabb05779e,a274f511f9d4f251a2a9f9f5f34f14f7ec3b1c91ebb341c2834c32d413ae05b7,2393,1,train
8149,2393,65,Rathbunaster californicus,/home/tahiti/MARINE_DATASETS/FathomNet_FGVC2025/data/rois/2393_8149.png,/home/tahiti/MARINE_DATASETS/FathomNet_FGVC2025/data/images/2393.png,e8fa87aa8df78eadd3f6c5715adffe811b34f34814987fe3f1468127134f6520,a274f511f9d4f251a2a9f9f5f34f14f7ec3b1c91ebb341c2834c32d413ae05b7,2393,1,train
8150,2393,65,Rathbunaster californicus,/home/tahiti/MARINE_DATASETS/FathomNet_FGVC2025/data/rois/2393_8150.png,/home/tahiti/MARINE_DATASETS/FathomNet_FGVC2025/data/images/2393.png,7d5b3d6ddfa61a2b13ed215a43b7e10669cf721f8d7e5c61f5906d1db7943625,a274f511f9d4f251a2a9f9f5f34f14f7ec3b1c91ebb341c2834c32d413ae05b7,2393,1,train
8155,2393,65,Rathbunaster californicus,/home/tahiti/MARINE_DATASETS/FathomNet_FGVC2025/data/rois/2393_8155.png,/home/tahiti/MARINE_DATASETS/FathomNet_FGVC2025/data/images/2393.png,113512e333308e26191295b8cea4da6997c23d1a036f3348c931ee642a11d653,a274f511f9d4f251a2a9f9f5f34f14f7ec3b1c91ebb341c2834c32d413ae05b7,2393,1,train
8167,2395,16,Chionoecetes tanneri,/home/tahiti/MARINE_DATASETS/FathomNet_FGVC2025/data/rois/2395_8167.png,/home/tahiti/MARINE_DATASETS/FathomNet_FGVC2025/data/images/2395.png,c4778f5f106e75eb7bd4913ecfdce89617582b30968b3135e801c4881907458b,fa58f499453aa3b9a7438212d8e54e095aa77834ea7a8887961edd354c009129,2395,6,train
8186,2397,14,Caridea,/home/tahiti/MARINE_DATASETS/FathomNet_FGVC2025/data/rois/2397_8186.png,/home/tahiti/MARINE_DATASETS/FathomNet_FGVC2025/data/images/2397.png,8793e5447df3e2d0d2a38be008e5ff653c9947d5641eb9375b2d14760340ca3d,c9ad132ab5645aff6557ab767e39bb9cb67dd459385d9aa419d6e89ad59715f5,2397,6,train
8207,2405,52,Pandalus platyceros,/home/tahiti/MARINE_DATASETS/FathomNet_FGVC2025/data/rois/2405_8207.png,/home/tahiti/MARINE_DATASETS/FathomNet_FGVC2025/data/images/2405.png,5b0de7bd444430ba66490a016668c4905142bf55f8f339d1f9db13a7dae3acbb,f3aab4ac6804a509af3dd14251f8349d5a53edb935c2724f2be9840af2ba7054,2405,0,train
8214,2405,69,Sebastes,/home/tahiti/MARINE_DATASETS/FathomNet_FGVC2025/data/rois/2405_8214.png,/home/tahiti/MARINE_DATASETS/FathomNet_FGVC2025/data/images/2405.png,4160827314f851f1c02d2d5f1c57af5d9fc18cd28ce0bb42e4e7e9fa7d2be764,f3aab4ac6804a509af3dd14251f8349d5a53edb935c2724f2be9840af2ba7054,2405,0,train
8216,2406,28,Heterochone calyx,/home/tahiti/MARINE_DATASETS/FathomNet_FGVC2025/data/rois/2406_8216.png,/home/tahiti/MARINE_DATASETS/FathomNet_FGVC2025/data/images/2406.png,aa5bab4173b111d14379e90d89b059402e3a301c156cf11430d2a80242a2a60f,55a569de0a3e5271b8bbbd85ba460dd00b761382706cc4360b3c8ac2efca4f87,2406,4,train
8240,2411,57,Parastenella,/home/tahiti/MARINE_DATASETS/FathomNet_FGVC2025/data/rois/2411_8240.png,/home/tahiti/MARINE_DATASETS/FathomNet_FGVC2025/data/images/2411.png,35416d0850e1e7a62dec6eb8084a797e9d753a133c6f796ad74ed7b5474cc485,e9c7fa0ee0565a49a57dc0391c1b62cad66e22877b98bfe6ed26135045930b58,2411,2,train
8250,2412,16,Chionoecetes tanneri,/home/tahiti/MARINE_DATASETS/FathomNet_FGVC2025/data/rois/2412_8250.png,/home/tahiti/MARINE_DATASETS/FathomNet_FGVC2025/data/images/2412.png,e35c551898ee213145dcb96efc17c45ef43c2079dd53afa94a3c026331bfe102,0d49fba3ae28072d17df68347e131b1bef905e0e028048e2488309414b587841,2412,0,train
8254,2412,73,Staurocalyptus,/home/tahiti/MARINE_DATASETS/FathomNet_FGVC2025/data/rois/2412_8254.png,/home/tahiti/MARINE_DATASETS/FathomNet_FGVC2025/data/images/2412.png,7b09d43bd2ba9d3d5f50f3ec6fd4e3ccb202d411eef9f0ccac87ff1400741b3f,0d49fba3ae28072d17df68347e131b1bef905e0e028048e2488309414b587841,2412,0,train
8261,2415,28,Heterochone calyx,/home/tahiti/MARINE_DATASETS/FathomNet_FGVC2025/data/rois/2415_8261.png,/home/tahiti/MARINE_DATASETS/FathomNet_FGVC2025/data/images/2415.png,27e2613b686ffae085826220e1ef926aeccfee83248b241df048b984e01732fe,5f80189790dea6594efc0eec0ea521926cc1c44802c8ea0d5622b11ddaec4054,2415,6,train
8271,2419,44,Munidopsis,/home/tahiti/MARINE_DATASETS/FathomNet_FGVC2025/data/rois/2419_8271.png,/home/tahiti/MARINE_DATASETS/FathomNet_FGVC2025/data/images/2419.png,821f6a1b8b9f967de0b28bd670ce93e2a7f3828d5a41436e0cea698fa5afea85,448284a5cac4fa51b05ec64a922d8c91ff35129d2ac37785adab9fb8484c0938,2419,6,train
8272,2419,68,Scotoplanes globosa,/home/tahiti/MARINE_DATASETS/FathomNet_FGVC2025/data/rois/2419_8272.png,/home/tahiti/MARINE_DATASETS/FathomNet_FGVC2025/data/images/2419.png,6434f203a83e592de7fc3cc91e648ad86da133f68f719b6391d4f6a5f2b0c1cd,448284a5cac4fa51b05ec64a922d8c91ff35129d2ac37785adab9fb8484c0938,2419,6,train
8335,2443,68,Scotoplanes globosa,/home/tahiti/MARINE_DATASETS/FathomNet_FGVC2025/data/rois/2443_8335.png,/home/tahiti/MARINE_DATASETS/FathomNet_FGVC2025/data/images/2443.png,aa012d2fcf139937904389ad862a0ff12b16200216efecddac6718783950c05a,8a27196f43c314b3f8f611abef76248d90827c4bf4821ff6fe54a5d81218dd78,2443,4,train
8358,2448,12,Benthocodon pedunculata,/home/tahiti/MARINE_DATASETS/FathomNet_FGVC2025/data/rois/2448_8358.png,/home/tahiti/MARINE_DATASETS/FathomNet_FGVC2025/data/images/2448.png,fe2353e698f85f52898a765d517531ebb8ec7cfe45e19dcd70161f36d39a1920,77e42e6b5c6c268b6b254b29fc056befb0cd376614df2b9ecc9f45ccd0fc748a,2448,1,train
8412,2452,39,Lithodidae,/home/tahiti/MARINE_DATASETS/FathomNet_FGVC2025/data/rois/2452_8412.png,/home/tahiti/MARINE_DATASETS/FathomNet_FGVC2025/data/images/2452.png,283721061893f5a0f0b0f186b29c6810bedc9d39ffbd6f3acbb322e322be3a8f,f9be4f456a9c84dae90d863a34bc48f32559ab51f550e9760dfa7dc872539d64,2452,4,train
8429,2453,37,Keratoisis,/home/tahiti/MARINE_DATASETS/FathomNet_FGVC2025/data/rois/2453_8429.png,/home/tahiti/MARINE_DATASETS/FathomNet_FGVC2025/data/images/2453.png,78e0911a8d48c302ada0e219608156b3289c78b8e90e9ed82cca11b3921a77c0,b9aec5667635a60bfc15fdce154eb4adf3fae8516eb68cc2e53d67001e1b8cee,2453,1,train
8442,2457,8,Apostichopus leukothele,/home/tahiti/MARINE_DATASETS/FathomNet_FGVC2025/data/rois/2457_8442.png,/home/tahiti/MARINE_DATASETS/FathomNet_FGVC2025/data/images/2457.png,9baa07e9f7b7587f1722b1e166ec0e44628805f3041d0854555ae5b115972323,8ac486e5ca698dfae9824b27fc7307fcfcd50e090365df65ac8224b5e0d678d3,2457,6,train
8468,2460,31,Hippasteria,/home/tahiti/MARINE_DATASETS/FathomNet_FGVC2025/data/rois/2460_8468.png,/home/tahiti/MARINE_DATASETS/FathomNet_FGVC2025/data/images/2460.png,aaf4849c11302ace6183a29cc1c8e90ef477435cf2097fe788ff6ff769dd7573,9e248c0084772fdc6804cfce501ce2d70f33fb5ee9d6070cb71199e171daac9e,2460,6,train
8476,2462,4,Actinernus,/home/tahiti/MARINE_DATASETS/FathomNet_FGVC2025/data/rois/2462_8476.png,/home/tahiti/MARINE_DATASETS/FathomNet_FGVC2025/data/images/2462.png,bc6994413ad14ebe377cca2d01b9f656969fdd9838a1db3463265993e419fe07,5956f6eb3c14edd217bb745ab3081fed5aade31068422604e9ac06ee2e438484,2462,2,train
8487,2470,65,Rathbunaster californicus,/home/tahiti/MARINE_DATASETS/FathomNet_FGVC2025/data/rois/2470_8487.png,/home/tahiti/MARINE_DATASETS/FathomNet_FGVC2025/data/images/2470.png,5bfa3a70b693a4f2f06a7341913304665eb4fcf7f68f4e2cb92a7fa6a89999e6,10c41692256883e0b68a19c805f52b9313f2745a12b6a2a1dd903fed4c547ed2,2470,0,train
8535,2495,75,Terebellidae,/home/tahiti/MARINE_DATASETS/FathomNet_FGVC2025/data/rois/2495_8535.png,/home/tahiti/MARINE_DATASETS/FathomNet_FGVC2025/data/images/2495.png,fee6e08d41966dea03e3fc294c65c910fb582e928a8942f0e1c8ca16ffa90aee,240b3ede6cab1c2186ee9e744a3e237aa3354db4d920944e049c875f26a5b799,2495,0,train
8545,2499,35,Isididae,/home/tahiti/MARINE_DATASETS/FathomNet_FGVC2025/data/rois/2499_8545.png,/home/tahiti/MARINE_DATASETS/FathomNet_FGVC2025/data/images/2499.png,450184952e41c7452ed0f1089e8a4983063ad6468ed6f64b184c0037716ef879,5947ff5deac527ae57c68862c6eba6779ea397ca705e9c0503a32a9970150bbb,2499,2,train
8550,2504,35,Isididae,/home/tahiti/MARINE_DATASETS/FathomNet_FGVC2025/data/rois/2504_8550.png,/home/tahiti/MARINE_DATASETS/FathomNet_FGVC2025/data/images/2504.png,292f0d3ddaf5bea61d3aff7293723e3f1f95d89af278ec43cfdc3bcd9fe37f9b,fe31cfaf250f12851c0d52fa35faf0ce09d4d21a31d820caaee973c6a45bc0c3,2504,2,train
8575,2516,79,Zoantharia,/home/tahiti/MARINE_DATASETS/FathomNet_FGVC2025/data/rois/2516_8575.png,/home/tahiti/MARINE_DATASETS/FathomNet_FGVC2025/data/images/2516.png,c236a41a73210bda63787b94598336f45276163083a603b3d5a91186c6fe6f9a,275bd6ee12fdbc4d037e7138b385b0c3d7ab002f30891215cb2bd0450f67d05f,2516,2,train
8580,2516,79,Zoantharia,/home/tahiti/MARINE_DATASETS/FathomNet_FGVC2025/data/rois/2516_8580.png,/home/tahiti/MARINE_DATASETS/FathomNet_FGVC2025/data/images/2516.png,f329ecb745d059053113226989f773da736597e213b1abd0a7a345b0f241ee25,275bd6ee12fdbc4d037e7138b385b0c3d7ab002f30891215cb2bd0450f67d05f,2516,2,train
8582,2517,16,Chionoecetes tanneri,/home/tahiti/MARINE_DATASETS/FathomNet_FGVC2025/data/rois/2517_8582.png,/home/tahiti/MARINE_DATASETS/FathomNet_FGVC2025/data/images/2517.png,71ef5e98e4fe4589108851661aee64c21a12ceb0efceffa304cb9f1912b658bf,39ec68bae5662670a0c426231cef59911dd0494e264785118ed0cbc34de5be05,2517,0,train
8586,2518,31,Hippasteria,/home/tahiti/MARINE_DATASETS/FathomNet_FGVC2025/data/rois/2518_8586.png,/home/tahiti/MARINE_DATASETS/FathomNet_FGVC2025/data/images/2518.png,3f6cdf732ce5c9e2170f3c5d2654634b2261ba78e070251a655416777a5ae57b,1869232847a6efafb74eb913f01778fdddc21fb382daceaf54abb2f0f1ca4152,2518,1,train
8596,2523,54,Paragorgia,/home/tahiti/MARINE_DATASETS/FathomNet_FGVC2025/data/rois/2523_8596.png,/home/tahiti/MARINE_DATASETS/FathomNet_FGVC2025/data/images/2523.png,de3ce6c21a7fb9852627cbb8eee2b9ac9e5de079bce908bc5b64174399237f90,8579437ec9ff48639481b40bbcfb92760ff28ab30375a7d7d24ac1c9998fc76d,2523,0,train
8608,2531,25,Gastropoda,/home/tahiti/MARINE_DATASETS/FathomNet_FGVC2025/data/rois/2531_8608.png,/home/tahiti/MARINE_DATASETS/FathomNet_FGVC2025/data/images/2531.png,0192d86907bbc6e796f0270c4114d9476b761d960c3508fabc867d5d73c1cecd,14dcd44216ffb661bd2ecea48ae726d05391ba3584728f5d596ebdf984649fea,2531,6,train
8620,2537,33,Hormathiidae,/home/tahiti/MARINE_DATASETS/FathomNet_FGVC2025/data/rois/2537_8620.png,/home/tahiti/MARINE_DATASETS/FathomNet_FGVC2025/data/images/2537.png,0db89118b1f493f33eb45b865e19e89e2d12836d26e477c7b375808f652804a0,91da7870a2f274d9d1c8197ed68db25c1e372d07c0917313b7d612bd3b30917e,2537,1,train
8628,2537,33,Hormathiidae,/home/tahiti/MARINE_DATASETS/FathomNet_FGVC2025/data/rois/2537_8628.png,/home/tahiti/MARINE_DATASETS/FathomNet_FGVC2025/data/images/2537.png,4300d878e0074436875e35e3c2846d632f5f6119dd7a1bcc5717c03826f11fc8,91da7870a2f274d9d1c8197ed68db25c1e372d07c0917313b7d612bd3b30917e,2537,1,train
8629,2537,33,Hormathiidae,/home/tahiti/MARINE_DATASETS/FathomNet_FGVC2025/data/rois/2537_8629.png,/home/tahiti/MARINE_DATASETS/FathomNet_FGVC2025/data/images/2537.png,9cefe06340612fd05d4f4b4a09339043789cb14d8beae19bb5bf4b66b55e2785,91da7870a2f274d9d1c8197ed68db25c1e372d07c0917313b7d612bd3b30917e,2537,1,train
8630,2537,33,Hormathiidae,/home/tahiti/MARINE_DATASETS/FathomNet_FGVC2025/data/rois/2537_8630.png,/home/tahiti/MARINE_DATASETS/FathomNet_FGVC2025/data/images/2537.png,0f84f4f48739ee1cbd75060bd4f1b08e5c3c286f9ac72ef691ec0e4f746dea84,91da7870a2f274d9d1c8197ed68db25c1e372d07c0917313b7d612bd3b30917e,2537,1,train
8643,2537,33,Hormathiidae,/home/tahiti/MARINE_DATASETS/FathomNet_FGVC2025/data/rois/2537_8643.png,/home/tahiti/MARINE_DATASETS/FathomNet_FGVC2025/data/images/2537.png,cb1e4beb95a5230717722d8096921d667903702398afa1b87894c1263b812776,91da7870a2f274d9d1c8197ed68db25c1e372d07c0917313b7d612bd3b30917e,2537,1,train
8650,2540,55,Paragorgia arborea,/home/tahiti/MARINE_DATASETS/FathomNet_FGVC2025/data/rois/2540_8650.png,/home/tahiti/MARINE_DATASETS/FathomNet_FGVC2025/data/images/2540.png,8e39e9cce4fbbb92bc447bbf944dd3d5179504abcb644cbe01087ca49b3736e9,0e7dfdea4701cdf973b04b4d18865d7d4d0a8854daffe9e39e0fabbb2dc76c2c,2540,2,train
8683,2561,42,Metridium farcimen,/home/tahiti/MARINE_DATASETS/FathomNet_FGVC2025/data/rois/2561_8683.png,/home/tahiti/MARINE_DATASETS/FathomNet_FGVC2025/data/images/2561.png,00dd6d05582a98ee68def8b125a86e34bd3daa7e62f0cdeabc5207baec1cd474,ac04a2a57d3ee31f15e4054938b929f710055d8455365657912d80e07988a2b9,2561,4,train
8691,2562,35,Isididae,/home/tahiti/MARINE_DATASETS/FathomNet_FGVC2025/data/rois/2562_8691.png,/home/tahiti/MARINE_DATASETS/FathomNet_FGVC2025/data/images/2562.png,73b0fbfbc0d9ec6aab9141bf1a44eb10dd057fa6697eb73b22fa9084664c974f,30549e2ee9ffb342c1768cd0368b3a991db30bddf6db1911fe3598934cf67b78,2562,1,train
8704,2569,55,Paragorgia arborea,/home/tahiti/MARINE_DATASETS/FathomNet_FGVC2025/data/rois/2569_8704.png,/home/tahiti/MARINE_DATASETS/FathomNet_FGVC2025/data/images/2569.png,2fdf7c88179a9628bd21e3d6c7bc02387b81d3751fb37f56380a0af78a66578a,65cb480c74e71ae997c299b1f3666dea578351b876c7af867154f5a8bc746e1a,2569,2,train
8723,2575,30,Hexactinellida,/home/tahiti/MARINE_DATASETS/FathomNet_FGVC2025/data/rois/2575_8723.png,/home/tahiti/MARINE_DATASETS/FathomNet_FGVC2025/data/images/2575.png,00e924530f1454db0dc6c57388f9729ecd56bbc27e2a1ca95fdd24706b5575a0,6c069954a16b047f2f11789f2847cb9716d170f5e07b30a1d16f25a190152443,2575,4,train
8844,2584,12,Benthocodon pedunculata,/home/tahiti/MARINE_DATASETS/FathomNet_FGVC2025/data/rois/2584_8844.png,/home/tahiti/MARINE_DATASETS/FathomNet_FGVC2025/data/images/2584.png,275a7672b558c78de357c05e1c0fe6ba358983090c0575cc0f2b4d4f6736f518,8e3091dccb6bd0b5c560642b462ac2389197125b1d3fe0e5d4207aab637b9503,2584,6,train
8859,2590,67,Scotoplanes,/home/tahiti/MARINE_DATASETS/FathomNet_FGVC2025/data/rois/2590_8859.png,/home/tahiti/MARINE_DATASETS/FathomNet_FGVC2025/data/images/2590.png,c381dd00583a1833cb8d1075226937baf5a4fa96d44660eaecece77705a691b0,67202fec63a07ad20d5d94133664b07a18c505314756253f9bba4865a87672b2,2590,4,train
8870,2596,30,Hexactinellida,/home/tahiti/MARINE_DATASETS/FathomNet_FGVC2025/data/rois/2596_8870.png,/home/tahiti/MARINE_DATASETS/FathomNet_FGVC2025/data/images/2596.png,b5ef0535196077d7c7d94fd8ed6954f6cbd5c1e4ba4e3764322793edc3bae6b0,f056b9226be6d38d693ab501dfe6b47d11006153dae11e267482279fdbe0ef71,2596,4,train
8898,2604,34,Isidella tentaculum,/home/tahiti/MARINE_DATASETS/FathomNet_FGVC2025/data/rois/2604_8898.png,/home/tahiti/MARINE_DATASETS/FathomNet_FGVC2025/data/images/2604.png,d056c7c7b41c7dd3d3d15e08a42468ce3200d98a51dfd22f5a8f1d95dd4fb9c7,bf7716c23d2f9ff47252ccda7fed3b57b1ffa0a01dc01de88bb37951621c4a30,2604,6,train
8905,2607,12,Benthocodon pedunculata,/home/tahiti/MARINE_DATASETS/FathomNet_FGVC2025/data/rois/2607_8905.png,/home/tahiti/MARINE_DATASETS/FathomNet_FGVC2025/data/images/2607.png,1dc5a77765f8f61d56f1415d435f1066d2872eeffa40d9405f85c30e24e859dc,d3686d518cdcda400638bafcf2c7c56df4f1d428db4f0f9d83c769fedb8d24cd,2607,6,train
8935,2613,69,Sebastes,/home/tahiti/MARINE_DATASETS/FathomNet_FGVC2025/data/rois/2613_8935.png,/home/tahiti/MARINE_DATASETS/FathomNet_FGVC2025/data/images/2613.png,bd206c252fd5edcd79187a4b094b9358a7378c4b5521659592ddd1cc9d3305ea,c8b633bef7b49361fb39ecceb2e5779a5bd1b4b1e852b63e0434b859fe3e7b3b,2613,4,train
8937,2613,69,Sebastes,/home/tahiti/MARINE_DATASETS/FathomNet_FGVC2025/data/rois/2613_8937.png,/home/tahiti/MARINE_DATASETS/FathomNet_FGVC2025/data/images/2613.png,58bdc80ed98f2f43fb634bd2b1dd924bfc9b4fa394add408f91fecad9a2bceab,c8b633bef7b49361fb39ecceb2e5779a5bd1b4b1e852b63e0434b859fe3e7b3b,2613,4,train
8949,2617,53,Pannychia moseleyi,/home/tahiti/MARINE_DATASETS/FathomNet_FGVC2025/data/rois/2617_8949.png,/home/tahiti/MARINE_DATASETS/FathomNet_FGVC2025/data/images/2617.png,3ae9e184ff0527caa4917d8f4557d78697bddeb0f758bb6923c3a9bea5225c83,023879f93ea87dc35ce1ac5332f1c0c4f2a43196b4a17039bd0ce35e61e40efa,2617,4,train
8968,2628,42,Metridium farcimen,/home/tahiti/MARINE_DATASETS/FathomNet_FGVC2025/data/rois/2628_8968.png,/home/tahiti/MARINE_DATASETS/FathomNet_FGVC2025/data/images/2628.png,9edcb0afe148f0fb22294b8e32833fcf916306d3d2262d76cf8583d7e7192f4d,5de7e89ccc0dbefd3d66557ed134623ea1e465888ee3dc5fd80b14aa12720784,2628,6,train
8999,2640,78,Vesicomyidae,/home/tahiti/MARINE_DATASETS/FathomNet_FGVC2025/data/rois/2640_8999.png,/home/tahiti/MARINE_DATASETS/FathomNet_FGVC2025/data/images/2640.png,d253049983002eb3cf4a5be78b86d18c007b8cd43f3042058ada4ad63426b280,72c8b53552a9a16eae53a41a5edd1107907c4419c72a53209298d24ab641c7eb,2640,6,train
9003,2640,78,Vesicomyidae,/home/tahiti/MARINE_DATASETS/FathomNet_FGVC2025/data/rois/2640_9003.png,/home/tahiti/MARINE_DATASETS/FathomNet_FGVC2025/data/images/2640.png,080510a0dad74198427bf7f296a4617acef99ac1b33c7a87a0fe3f1243d94c0f,72c8b53552a9a16eae53a41a5edd1107907c4419c72a53209298d24ab641c7eb,2640,6,train
9004,2640,78,Vesicomyidae,/home/tahiti/MARINE_DATASETS/FathomNet_FGVC2025/data/rois/2640_9004.png,/home/tahiti/MARINE_DATASETS/FathomNet_FGVC2025/data/images/2640.png,b7be5cbe7990e997d36e929b9ad05024c834a4c34bd912b6fa629e79dfe5de26,72c8b53552a9a16eae53a41a5edd1107907c4419c72a53209298d24ab641c7eb,2640,6,train
9006,2641,53,Pannychia moseleyi,/home/tahiti/MARINE_DATASETS/FathomNet_FGVC2025/data/rois/2641_9006.png,/home/tahiti/MARINE_DATASETS/FathomNet_FGVC2025/data/images/2641.png,05577355d26a90a1c13ebbed509bde8768cb169dde26caac8eaf737632897ae3,4548e126e3b0901b3ae525d1893ec7f61ea142e6dcda9ed65881dc8da76f2b6e,2641,6,train
9007,2641,53,Pannychia moseleyi,/home/tahiti/MARINE_DATASETS/FathomNet_FGVC2025/data/rois/2641_9007.png,/home/tahiti/MARINE_DATASETS/FathomNet_FGVC2025/data/images/2641.png,7c51746bd8189fef2ce3c7f7fcdfefd1104f32808c8f2f6fb706da86c3e6797f,4548e126e3b0901b3ae525d1893ec7f61ea142e6dcda9ed65881dc8da76f2b6e,2641,6,train
9027,2645,15,Ceriantharia,/home/tahiti/MARINE_DATASETS/FathomNet_FGVC2025/data/rois/2645_9027.png,/home/tahiti/MARINE_DATASETS/FathomNet_FGVC2025/data/images/2645.png,718e1ae8fd39c389ccb29ef475e67f9f275b92741494bb827e5d81dda3131ecf,8a3fc784e4fcd0e2582ea97e9ca5295a1878da5f78b2f3a765afbc54b2fe89bb,2645,6,train
9040,2653,44,Munidopsis,/home/tahiti/MARINE_DATASETS/FathomNet_FGVC2025/data/rois/2653_9040.png,/home/tahiti/MARINE_DATASETS/FathomNet_FGVC2025/data/images/2653.png,7512aa124408aa81efd5042477532d1119ee63d42347ae6de4a302d931a0c42e,148fc5cb4b5e0700bb3aee844523d82617eb505e02942af0b84ae522b4139925,2653,6,train
9046,2655,37,Keratoisis,/home/tahiti/MARINE_DATASETS/FathomNet_FGVC2025/data/rois/2655_9046.png,/home/tahiti/MARINE_DATASETS/FathomNet_FGVC2025/data/images/2655.png,c0d6aec1e3baf3da01d66f42057e65921382da8b0d5d29afd382cec793a37847,94059886df56972fb620dd2f9dbbdb9991928d09562a27fd66bacc6c531e164c,2655,6,train
9070,2665,65,Rathbunaster californicus,/home/tahiti/MARINE_DATASETS/FathomNet_FGVC2025/data/rois/2665_9070.png,/home/tahiti/MARINE_DATASETS/FathomNet_FGVC2025/data/images/2665.png,141599e5b3781ac90abd8b01826da41cbcb36e5507590c70e52bd28e8c46edd3,50be6126ad237e36b23050ead1aee9f04a9e9cbc909bf740956c78e62e16a070,2665,4,train
9074,2666,19,Crinoidea,/home/tahiti/MARINE_DATASETS/FathomNet_FGVC2025/data/rois/2666_9074.png,/home/tahiti/MARINE_DATASETS/FathomNet_FGVC2025/data/images/2666.png,439197a7d072813d9a70a72f4bdac2b03853a3cc620be428ed72c9c493b93147,8dbb90da8c817df0172354de774ef2755b4240dd0a2a6ec70c8912ebb5f38cd9,2666,2,train
9113,2683,65,Rathbunaster californicus,/home/tahiti/MARINE_DATASETS/FathomNet_FGVC2025/data/rois/2683_9113.png,/home/tahiti/MARINE_DATASETS/FathomNet_FGVC2025/data/images/2683.png,ccdccc3db4a7a4dcb12dd4ea2908a3ce4522e88c8bf4eab50aca4fbd1e57fb98,7f5af032374b646009a08bbb4b5855f582744d959381429d2bec45cea6519f8c,2683,2,train
9114,2683,69,Sebastes,/home/tahiti/MARINE_DATASETS/FathomNet_FGVC2025/data/rois/2683_9114.png,/home/tahiti/MARINE_DATASETS/FathomNet_FGVC2025/data/images/2683.png,bbef69266ae00911a5c2d58622efd5fd2b5ea15faaf62ad5acb1e90b0470e681,7f5af032374b646009a08bbb4b5855f582744d959381429d2bec45cea6519f8c,2683,2,train
9131,2689,14,Caridea,/home/tahiti/MARINE_DATASETS/FathomNet_FGVC2025/data/rois/2689_9131.png,/home/tahiti/MARINE_DATASETS/FathomNet_FGVC2025/data/images/2689.png,2b50548d00a835a82a54575a14c845f2b93e7ce3e29ff45ef6440f00b6559ff4,f130de822c24f06d74641499dd93e49465ee434a8d1584f209db85d4c6341791,2689,0,train
9160,2705,31,Hippasteria,/home/tahiti/MARINE_DATASETS/FathomNet_FGVC2025/data/rois/2705_9160.png,/home/tahiti/MARINE_DATASETS/FathomNet_FGVC2025/data/images/2705.png,9d77b6d5b7ead8f923ef7b62668e652eab62137ef07c9efc8efe562d9bee4fde,3d5e017f0a30671c27615380fec131e409220f745b57c9f3ee8021055be52e3d,2705,2,train
9162,2705,31,Hippasteria,/home/tahiti/MARINE_DATASETS/FathomNet_FGVC2025/data/rois/2705_9162.png,/home/tahiti/MARINE_DATASETS/FathomNet_FGVC2025/data/images/2705.png,79a8c30ea8abab2fdee0c94605410b720888fe7e3b2a380c7cfc9ae3c1d8a5b9,3d5e017f0a30671c27615380fec131e409220f745b57c9f3ee8021055be52e3d,2705,2,train
9179,2717,23,Florometra serratissima,/home/tahiti/MARINE_DATASETS/FathomNet_FGVC2025/data/rois/2717_9179.png,/home/tahiti/MARINE_DATASETS/FathomNet_FGVC2025/data/images/2717.png,14948c02263c658a5a3bd5f9f43074a2ae61a3a7519c69e255501ab2d348c2b2,8830c2cc3eef6f9686310497ceed0970d2a42c46350b7842fa13432deb5a61d4,2717,2,train
9204,2721,29,Heteropolypus ritteri,/home/tahiti/MARINE_DATASETS/FathomNet_FGVC2025/data/rois/2721_9204.png,/home/tahiti/MARINE_DATASETS/FathomNet_FGVC2025/data/images/2721.png,702190f14414148c11cc6c600529469dee5d81e68467716c27b834181de1e664,cef5408c74088fbd96db4c84555ed463b1e8f933843ed9758d304e87c14cc39b,2721,6,train
9213,2726,79,Zoantharia,/home/tahiti/MARINE_DATASETS/FathomNet_FGVC2025/data/rois/2726_9213.png,/home/tahiti/MARINE_DATASETS/FathomNet_FGVC2025/data/images/2726.png,a757823c9815eb375a633421a99f22add73a1b562550a76b152434dc278e262d,e9758e66ec59a8c3a0738e98e2693381416d8170435966ce129987508db1bc22,2726,0,train
9226,2726,79,Zoantharia,/home/tahiti/MARINE_DATASETS/FathomNet_FGVC2025/data/rois/2726_9226.png,/home/tahiti/MARINE_DATASETS/FathomNet_FGVC2025/data/images/2726.png,380fce4e438a3f6d3bc4d33b84ec76814b1c43bbdbe4f066cf752f20b32fc913,e9758e66ec59a8c3a0738e98e2693381416d8170435966ce129987508db1bc22,2726,0,train
9237,2726,79,Zoantharia,/home/tahiti/MARINE_DATASETS/FathomNet_FGVC2025/data/rois/2726_9237.png,/home/tahiti/MARINE_DATASETS/FathomNet_FGVC2025/data/images/2726.png,2197e45d73fb792c021c8e53ced5729e763501483aae41a64dedc2f29587ceb1,e9758e66ec59a8c3a0738e98e2693381416d8170435966ce129987508db1bc22,2726,0,train
9245,2729,37,Keratoisis,/home/tahiti/MARINE_DATASETS/FathomNet_FGVC2025/data/rois/2729_9245.png,/home/tahiti/MARINE_DATASETS/FathomNet_FGVC2025/data/images/2729.png,34391fa52aa6e7534d3bc3e8520ebe471b4e1dd24536d492021bc9e4eaf323a6,8a00334b2cabd78eea847538261e14e6c42246b2aa12015dd371525a8b0b2472,2729,0,train
9260,2738,45,Munnopsidae,/home/tahiti/MARINE_DATASETS/FathomNet_FGVC2025/data/rois/2738_9260.png,/home/tahiti/MARINE_DATASETS/FathomNet_FGVC2025/data/images/2738.png,da1b82884ce5863e28cfaa8a8076465c53584d4b86b41438d3e0c54c1cb8eb3e,94d609b6cb7dbd2845bad7a2b81c41cd956acb9685e1497d649cc32b40450bb7,2738,4,train
9286,2745,65,Rathbunaster californicus,/home/tahiti/MARINE_DATASETS/FathomNet_FGVC2025/data/rois/2745_9286.png,/home/tahiti/MARINE_DATASETS/FathomNet_FGVC2025/data/images/2745.png,a9c6318b4220ac7cf83556768178f305618089ef0660f4cf8ddf6afedb27b576,c7033fc49c4b3987e1a3922c958975ea318a2238e6122b5d6867b575ba9cf6d0,2745,2,train
9315,2758,37,Keratoisis,/home/tahiti/MARINE_DATASETS/FathomNet_FGVC2025/data/rois/2758_9315.png,/home/tahiti/MARINE_DATASETS/FathomNet_FGVC2025/data/images/2758.png,d10cc6da14ce0e5f2da7ed23509038d0bdd652edcce372d1f6fad961ec537a56,8d4e56c351c7de758592b27a78edbddec926838a3655efe78fd3ccd22981f7bf,2758,2,train
9330,2762,46,Mycale,/home/tahiti/MARINE_DATASETS/FathomNet_FGVC2025/data/rois/2762_9330.png,/home/tahiti/MARINE_DATASETS/FathomNet_FGVC2025/data/images/2762.png,f659e9a0a8bee17daf46230a6e7c0ba8b4a59f1aaea35f52ce19bc090163f594,dc715b328c054d6fab584b0b481309546d51ebffe1c93249cd6175f9f72d4660,2762,6,train
9344,2767,14,Caridea,/home/tahiti/MARINE_DATASETS/FathomNet_FGVC2025/data/rois/2767_9344.png,/home/tahiti/MARINE_DATASETS/FathomNet_FGVC2025/data/images/2767.png,60801ae4bf12200756a50ab421a19c9bd9a3a99c38f910c956d6348336d751b4,862148abdfbe30fc9d6f0b892916fc93435c678b49dd496a852decaaf93c4aaa,2767,1,train
9355,2771,44,Munidopsis,/home/tahiti/MARINE_DATASETS/FathomNet_FGVC2025/data/rois/2771_9355.png,/home/tahiti/MARINE_DATASETS/FathomNet_FGVC2025/data/images/2771.png,1969d32a4075b9a1a6680f331f3aa8504ee70c094992e3335ee0684c13020987,2b17cb4245d81be3217b2c44ac0313672feec4c463d027d6dbb9aba2b70989c3,2771,0,train
9360,2771,72,Serpulidae,/home/tahiti/MARINE_DATASETS/FathomNet_FGVC2025/data/rois/2771_9360.png,/home/tahiti/MARINE_DATASETS/FathomNet_FGVC2025/data/images/2771.png,e7c8a7a6de51686fcc9fa66416e5a6c903a6233b06b1a92565b1f1dc59976a29,2b17cb4245d81be3217b2c44ac0313672feec4c463d027d6dbb9aba2b70989c3,2771,0,train
9367,2776,41,Merluccius productus,/home/tahiti/MARINE_DATASETS/FathomNet_FGVC2025/data/rois/2776_9367.png,/home/tahiti/MARINE_DATASETS/FathomNet_FGVC2025/data/images/2776.png,16597582188525061eb579e94f669a271ac241b46cfa70ac0fd0ca0cfbafa92a,24e1b9be301c3e5f4bc15c0d2b77a4b88435950ef274a9c3d06b24772e8b8a24,2776,6,train
9373,2778,67,Scotoplanes,/home/tahiti/MARINE_DATASETS/FathomNet_FGVC2025/data/rois/2778_9373.png,/home/tahiti/MARINE_DATASETS/FathomNet_FGVC2025/data/images/2778.png,440e45c8b182f51ef67dfc03b2c8b76905d7509f55759ce282d0f4ddeef4b055,f00e8cfb2239ef6b99c5b96afd4842104608ee3bb793bfeedb4c044dcbcba760,2778,1,train
9404,2791,41,Merluccius productus,/home/tahiti/MARINE_DATASETS/FathomNet_FGVC2025/data/rois/2791_9404.png,/home/tahiti/MARINE_DATASETS/FathomNet_FGVC2025/data/images/2791.png,a24538fe129a25c0c3e1feaa2858883e6b0dcdefad6888ee6a958b14e0857aa3,df254937b6912b785f457e65e2a9a38fb893a38c451100f2b77548c8cd10ff13,2791,0,train
9405,2791,41,Merluccius productus,/home/tahiti/MARINE_DATASETS/FathomNet_FGVC2025/data/rois/2791_9405.png,/home/tahiti/MARINE_DATASETS/FathomNet_FGVC2025/data/images/2791.png,a5eb8e98e7b6fa7c514340c551b5a0be8d09521ee49d0e2136baf00980d6b92f,df254937b6912b785f457e65e2a9a38fb893a38c451100f2b77548c8cd10ff13,2791,0,train
9416,2799,37,Keratoisis,/home/tahiti/MARINE_DATASETS/FathomNet_FGVC2025/data/rois/2799_9416.png,/home/tahiti/MARINE_DATASETS/FathomNet_FGVC2025/data/images/2799.png,5c7f7ff233f0cda4c2f6792c83720d494fad9902d128e8b53d35b8f463285a1b,3d0eda6ac418ebaad69889821c1060264d0726653cd090e86971b43487317351,2799,0,train
9426,2806,77,Umbellula,/home/tahiti/MARINE_DATASETS/FathomNet_FGVC2025/data/rois/2806_9426.png,/home/tahiti/MARINE_DATASETS/FathomNet_FGVC2025/data/images/2806.png,9918a3d13c5f579af0dbb432913e173fb63894f171cd0c120fcf294674042c0e,a580623e01bb00d9b12ed57abb1390560d6394a05d2eac121ad20c9d8e5f4efb,2806,4,train
9430,2809,13,Brisingida,/home/tahiti/MARINE_DATASETS/FathomNet_FGVC2025/data/rois/2809_9430.png,/home/tahiti/MARINE_DATASETS/FathomNet_FGVC2025/data/images/2809.png,fb1cabf2c20ea652de5275367aef61a91970c424031a870cae150ace26d173cc,ac956abd35e31dbb7ae0deeddb06070977d95a01620b6170bab9b1e2683a97bd,2809,1,train
9465,2822,30,Hexactinellida,/home/tahiti/MARINE_DATASETS/FathomNet_FGVC2025/data/rois/2822_9465.png,/home/tahiti/MARINE_DATASETS/FathomNet_FGVC2025/data/images/2822.png,05617651419632053d068bbbd5c469ec46b7876b326ded495420ac4fec217566,5eca01feed9ff12e79c1d3a7a0337e8d530ece3a7b98e97a84ec395cb8f7be31,2822,0,train
9469,2826,13,Brisingida,/home/tahiti/MARINE_DATASETS/FathomNet_FGVC2025/data/rois/2826_9469.png,/home/tahiti/MARINE_DATASETS/FathomNet_FGVC2025/data/images/2826.png,9c83aa3905183efbb358d9c2c6a2b9b07abb9f4982bbaee07360f4102c97102d,a8212b276107a27fda70926aa844f5bc5a0666898c8d80c52dc252ec71a65e16,2826,6,train
9471,2828,39,Lithodidae,/home/tahiti/MARINE_DATASETS/FathomNet_FGVC2025/data/rois/2828_9471.png,/home/tahiti/MARINE_DATASETS/FathomNet_FGVC2025/data/images/2828.png,74fae85b102d44d381e6ab14b77238226acbe36f165f5e69f73d514213046a56,469edc9492b2d970a198a57fb7342c5ce04af4b7a7d9a74d37b60f4591edac3f,2828,6,train
9497,2841,55,Paragorgia arborea,/home/tahiti/MARINE_DATASETS/FathomNet_FGVC2025/data/rois/2841_9497.png,/home/tahiti/MARINE_DATASETS/FathomNet_FGVC2025/data/images/2841.png,bf2ea542424060264dd5d6adaad23ed75570a2b13f061393f1d195bc60ab9172,93fa98f6ec27bbc0b3d3713169cd5124ed4c075fbf62a2809318acc7f73dba67,2841,0,train
9501,2842,47,Octopus rubescens,/home/tahiti/MARINE_DATASETS/FathomNet_FGVC2025/data/rois/2842_9501.png,/home/tahiti/MARINE_DATASETS/FathomNet_FGVC2025/data/images/2842.png,490e7e95722cca730e83b3a8429968772f08056b3802558925c7a188f1e48bcd,0990b51efb6a6e4b9dda86c080a74d8b4e6ab380b2d71ecb2a1d5bbf463184b1,2842,0,train
9527,2857,41,Merluccius productus,/home/tahiti/MARINE_DATASETS/FathomNet_FGVC2025/data/rois/2857_9527.png,/home/tahiti/MARINE_DATASETS/FathomNet_FGVC2025/data/images/2857.png,6718189f267c1915efd95b6270d5f25df118b6fbc04fe4f05d3ccef8470f48d0,c15cb9d176c4aa6d5e1ed9f2446f64ef2988ed367320979c71e81627b767aa92,2857,0,train
9556,2870,30,Hexactinellida,/home/tahiti/MARINE_DATASETS/FathomNet_FGVC2025/data/rois/2870_9556.png,/home/tahiti/MARINE_DATASETS/FathomNet_FGVC2025/data/images/2870.png,3d32b2fd0ee4e1b2fdb8c57268604dd6dd36bf167298994003215b04a93ee32f,015b6bfc7b7a7a388f73cadffed53483318c6614cd3bdb8181787a1d75e7aecd,2870,4,train
9596,2878,37,Keratoisis,/home/tahiti/MARINE_DATASETS/FathomNet_FGVC2025/data/rois/2878_9596.png,/home/tahiti/MARINE_DATASETS/FathomNet_FGVC2025/data/images/2878.png,49651cf9b469c29451e15052717dade7f597084115b63e8e3823575505261307,363dd182b07bf70b63d544caf7d22bde827015a290a0d572870961ab35ef816d,2878,0,train
9669,2902,53,Pannychia moseleyi,/home/tahiti/MARINE_DATASETS/FathomNet_FGVC2025/data/rois/2902_9669.png,/home/tahiti/MARINE_DATASETS/FathomNet_FGVC2025/data/images/2902.png,84e128b6ddfcf11dc6821d31fcf3fff21de02c97038ff3fe14c25b7a08432c19,f96c58f3cc0342c1f097753fa1b96ea474e155f9dfd0f15bfc7a1b9317791ffc,2902,1,train
9677,2910,50,Paelopatides confundens,/home/tahiti/MARINE_DATASETS/FathomNet_FGVC2025/data/rois/2910_9677.png,/home/tahiti/MARINE_DATASETS/FathomNet_FGVC2025/data/images/2910.png,e6771e656a38dc03892d055b490fc989e8c07b33a4c4aa9be1809556a7a055c5,daa6e0defcd4685d1c0513b51ff60e0976ce39c7c1eac6e889accc3a390c356b,2910,1,train
9679,2911,38,Liponema brevicorne,/home/tahiti/MARINE_DATASETS/FathomNet_FGVC2025/data/rois/2911_9679.png,/home/tahiti/MARINE_DATASETS/FathomNet_FGVC2025/data/images/2911.png,627afe65a0bc0d1ec9d829c64288e8a43113548547f94a95777c074e8d7928b0,c1a5c2991920abae915def56e16377f5182eb65929469c5dc2862548ed2824e3,2911,1,train
9681,2911,25,Gastropoda,/home/tahiti/MARINE_DATASETS/FathomNet_FGVC2025/data/rois/2911_9681.png,/home/tahiti/MARINE_DATASETS/FathomNet_FGVC2025/data/images/2911.png,62f74eddcc7664c151246dfd251a3b0caa7345a9ab5933912d706f7fe89ece6f,c1a5c2991920abae915def56e16377f5182eb65929469c5dc2862548ed2824e3,2911,1,train
9697,2920,68,Scotoplanes globosa,/home/tahiti/MARINE_DATASETS/FathomNet_FGVC2025/data/rois/2920_9697.png,/home/tahiti/MARINE_DATASETS/FathomNet_FGVC2025/data/images/2920.png,1baf962202007ec1e9ca09f09689a798deef483a161cf007981b5fd824e95243,409b14dd6c1e21c0697801110899563c3d4b1b97a17b9a1ba36f0aa27cbdd837,2920,1,train
9700,2922,50,Paelopatides confundens,/home/tahiti/MARINE_DATASETS/FathomNet_FGVC2025/data/rois/2922_9700.png,/home/tahiti/MARINE_DATASETS/FathomNet_FGVC2025/data/images/2922.png,c503297e432b8c86423d5ea42ed2d1f15705937eea78dc66b2133b08331c874c,6c1fa8cdfc964bd16b7fb1a19331878501b8ac6793b5ae97dfc96ebb8d15c28d,2922,0,train
9742,2930,22,Farrea,/home/tahiti/MARINE_DATASETS/FathomNet_FGVC2025/data/rois/2930_9742.png,/home/tahiti/MARINE_DATASETS/FathomNet_FGVC2025/data/images/2930.png,909d5c4271a794691b19ace10aaab7e549d3d0007d70abe210e73b1050695c1f,e6184beb22ccd523e4ad4c67c15e5a9c3a4bc86a2f9a08d2909d67fb7ffb4126,2930,4,train
9751,2933,72,Serpulidae,/home/tahiti/MARINE_DATASETS/FathomNet_FGVC2025/data/rois/2933_9751.png,/home/tahiti/MARINE_DATASETS/FathomNet_FGVC2025/data/images/2933.png,9e88075ebcf41eb83b6099e3ff0fda5458199c3070cc88e31b025bca4eb93ca2,505e4296f0cae80c3096283bf7e37e4ee63ec97d7989f567451c34b8268362cd,2933,1,train
9765,2933,20,Delectopecten,/home/tahiti/MARINE_DATASETS/FathomNet_FGVC2025/data/rois/2933_9765.png,/home/tahiti/MARINE_DATASETS/FathomNet_FGVC2025/data/images/2933.png,b6839554a370d13fec0b44746dd2c46470e739a623fba5c9ad9b2939484e809a,505e4296f0cae80c3096283bf7e37e4ee63ec97d7989f567451c34b8268362cd,2933,1,train
9812,2946,24,Funiculina,/home/tahiti/MARINE_DATASETS/FathomNet_FGVC2025/data/rois/2946_9812.png,/home/tahiti/MARINE_DATASETS/FathomNet_FGVC2025/data/images/2946.png,2b1fec837bed61e3f28b1d45e30cb457274cd5a9d9d20e5d84f44a9000ed3641,ecbbbac399c5e05c8aa9c1e72f8cf9c9ba1868fb18eb38c5422379ef025f60e1,2946,4,train
9823,2946,24,Funiculina,/home/tahiti/MARINE_DATASETS/FathomNet_FGVC2025/data/rois/2946_9823.png,/home/tahiti/MARINE_DATASETS/FathomNet_FGVC2025/data/images/2946.png,bf71892525a31bbdb954b79cf5de0880b9e700bec012ea8f9ce789d7d4d378a9,ecbbbac399c5e05c8aa9c1e72f8cf9c9ba1868fb18eb38c5422379ef025f60e1,2946,4,train
9845,2946,24,Funiculina,/home/tahiti/MARINE_DATASETS/FathomNet_FGVC2025/data/rois/2946_9845.png,/home/tahiti/MARINE_DATASETS/FathomNet_FGVC2025/data/images/2946.png,43b312e25c3d865fa7ab2487a431e305364592f007f36271a0b3a83c8e5f2375,ecbbbac399c5e05c8aa9c1e72f8cf9c9ba1868fb18eb38c5422379ef025f60e1,2946,4,train
9846,2946,24,Funiculina,/home/tahiti/MARINE_DATASETS/FathomNet_FGVC2025/data/rois/2946_9846.png,/home/tahiti/MARINE_DATASETS/FathomNet_FGVC2025/data/images/2946.png,981f6eb5907bd8c62eaea2aa36538b0356b3d6114626630675e9ac8a85128866,ecbbbac399c5e05c8aa9c1e72f8cf9c9ba1868fb18eb38c5422379ef025f60e1,2946,4,train
9866,2949,76,Tunicata,/home/tahiti/MARINE_DATASETS/FathomNet_FGVC2025/data/rois/2949_9866.png,/home/tahiti/MARINE_DATASETS/FathomNet_FGVC2025/data/images/2949.png,af1874bc8b3cf69efc36c9b51990306b33c000e4d3ab5d5efa5094af71576870,677279899e7eb9bf2400056dd380a5a33c1ec6ef722eccd13650d4bd20022f9f,2949,0,train
9909,2956,59,Pennatula phosphorea,/home/tahiti/MARINE_DATASETS/FathomNet_FGVC2025/data/rois/2956_9909.png,/home/tahiti/MARINE_DATASETS/FathomNet_FGVC2025/data/images/2956.png,eccc2e7f363e6af6775da1554491b93110cc714946b182d4bafeac7067affd44,4a087b1318d9437199a45b8890108115bee78527cab56f510d9defda116c70df,2956,2,train
9911,2956,59,Pennatula phosphorea,/home/tahiti/MARINE_DATASETS/FathomNet_FGVC2025/data/rois/2956_9911.png,/home/tahiti/MARINE_DATASETS/FathomNet_FGVC2025/data/images/2956.png,e2543e883b4c7f92047d7e87da50981284efaef0dee576513a5ef1182bbdf946,4a087b1318d9437199a45b8890108115bee78527cab56f510d9defda116c70df,2956,2,train
9925,2961,22,Farrea,/home/tahiti/MARINE_DATASETS/FathomNet_FGVC2025/data/rois/2961_9925.png,/home/tahiti/MARINE_DATASETS/FathomNet_FGVC2025/data/images/2961.png,abe25f5d552863b966ac438e9f65e8b04f31e1e3530a6526d5961c7ba493f794,b720dd1b2442f2ab8ec5c38483a584e743ad75aeeb24a59ee898866b2f8e1dee,2961,1,train
9978,2977,24,Funiculina,/home/tahiti/MARINE_DATASETS/FathomNet_FGVC2025/data/rois/2977_9978.png,/home/tahiti/MARINE_DATASETS/FathomNet_FGVC2025/data/images/2977.png,998754a228d0e46d56ec03fc59bc07f3abca7be3294c5ada0ff380747f2274d9,a6f25187d683d8dcc1ed3bfd4a66b514ec233138b25e3f54956ed1c5dae1311f,2977,0,train
9985,2977,77,Umbellula,/home/tahiti/MARINE_DATASETS/FathomNet_FGVC2025/data/rois/2977_9985.png,/home/tahiti/MARINE_DATASETS/FathomNet_FGVC2025/data/images/2977.png,c1623bf5556f2bead15a3712c7712bdc7e9b7151edf37049c2037548168ab732,a6f25187d683d8dcc1ed3bfd4a66b514ec233138b25e3f54956ed1c5dae1311f,2977,0,train
9986,2977,77,Umbellula,/home/tahiti/MARINE_DATASETS/FathomNet_FGVC2025/data/rois/2977_9986.png,/home/tahiti/MARINE_DATASETS/FathomNet_FGVC2025/data/images/2977.png,f6a22cbb512c49e754581dc5882f37957903211905ab87d3e15184bdb0bcb0a1,a6f25187d683d8dcc1ed3bfd4a66b514ec233138b25e3f54956ed1c5dae1311f,2977,0,train
10000,2977,24,Funiculina,/home/tahiti/MARINE_DATASETS/FathomNet_FGVC2025/data/rois/2977_10000.png,/home/tahiti/MARINE_DATASETS/FathomNet_FGVC2025/data/images/2977.png,6e95ee2deb1a0e60c44504b19a69e96208748e9a5fd597f29a3065f805230cfd,a6f25187d683d8dcc1ed3bfd4a66b514ec233138b25e3f54956ed1c5dae1311f,2977,0,train
10003,2977,24,Funiculina,/home/tahiti/MARINE_DATASETS/FathomNet_FGVC2025/data/rois/2977_10003.png,/home/tahiti/MARINE_DATASETS/FathomNet_FGVC2025/data/images/2977.png,313dd2829d01e21acafa2d85e4cc0e2eb69eb583001a03dd4e7c5160af304fdb,a6f25187d683d8dcc1ed3bfd4a66b514ec233138b25e3f54956ed1c5dae1311f,2977,0,train
10006,2977,24,Funiculina,/home/tahiti/MARINE_DATASETS/FathomNet_FGVC2025/data/rois/2977_10006.png,/home/tahiti/MARINE_DATASETS/FathomNet_FGVC2025/data/images/2977.png,aa58bec447bc8817687d95219b44d6e6ee054938fce0146a018ced9279a32d3c,a6f25187d683d8dcc1ed3bfd4a66b514ec233138b25e3f54956ed1c5dae1311f,2977,0,train
10027,2987,67,Scotoplanes,/home/tahiti/MARINE_DATASETS/FathomNet_FGVC2025/data/rois/2987_10027.png,/home/tahiti/MARINE_DATASETS/FathomNet_FGVC2025/data/images/2987.png,5e1bd8ffe2b48c35c97dbd5ffb77e4b44d3e2b6c1d0e0553556f541ab6d7944f,d4853f0ea77ef13474e1e3b4376d30d2443d6535dd0bb4476e960794d250931c,2987,0,train
10048,2993,66,Scleractinia,/home/tahiti/MARINE_DATASETS/FathomNet_FGVC2025/data/rois/2993_10048.png,/home/tahiti/MARINE_DATASETS/FathomNet_FGVC2025/data/images/2993.png,96228b6c65a386b6e565c59ea1acf71adb2ba72be0220efacaa7863feedbc539,3dafc98a937b514a2ed90f8ccb024f7cb22d27670ed2cdb87c692582caac9759,2993,1,train
10050,2993,66,Scleractinia,/home/tahiti/MARINE_DATASETS/FathomNet_FGVC2025/data/rois/2993_10050.png,/home/tahiti/MARINE_DATASETS/FathomNet_FGVC2025/data/images/2993.png,f5a2d72fb9ddff8700249e8cf48dd6c39aef92f9da1f8bad37bd49394dcd8c37,3dafc98a937b514a2ed90f8ccb024f7cb22d27670ed2cdb87c692582caac9759,2993,1,train
10058,2995,76,Tunicata,/home/tahiti/MARINE_DATASETS/FathomNet_FGVC2025/data/rois/2995_10058.png,/home/tahiti/MARINE_DATASETS/FathomNet_FGVC2025/data/images/2995.png,ec9d11af9950b333e15ad5166e484f4348bdfef6859ad53a6065854b9a69a4e0,3859744c7a5c07aa3ed387987ae1b88598f117e5482a549fe8fc7e07060b03b0,2995,2,train
10063,2995,76,Tunicata,/home/tahiti/MARINE_DATASETS/FathomNet_FGVC2025/data/rois/2995_10063.png,/home/tahiti/MARINE_DATASETS/FathomNet_FGVC2025/data/images/2995.png,d1a228eea4eb0ae86743562bd8fd1832a30890b25b1fb719d2542e0a9f4f4916,3859744c7a5c07aa3ed387987ae1b88598f117e5482a549fe8fc7e07060b03b0,2995,2,train
10085,3003,46,Mycale,/home/tahiti/MARINE_DATASETS/FathomNet_FGVC2025/data/rois/3003_10085.png,/home/tahiti/MARINE_DATASETS/FathomNet_FGVC2025/data/images/3003.png,965f15b78bc63728ce6b234d950d6b97149010b9c9df009a7182577d20257aa3,dc80dc31571bd292fc645c9e63bc58ede08d886b85fdf0f2487bb6861ef98406,3003,6,train
10088,3003,46,Mycale,/home/tahiti/MARINE_DATASETS/FathomNet_FGVC2025/data/rois/3003_10088.png,/home/tahiti/MARINE_DATASETS/FathomNet_FGVC2025/data/images/3003.png,8cffa9cba66bfe9fbb3c19e357bba9afe619c8ece4e57b583ebf47a52507ab85,dc80dc31571bd292fc645c9e63bc58ede08d886b85fdf0f2487bb6861ef98406,3003,6,train
10096,3008,12,Benthocodon pedunculata,/home/tahiti/MARINE_DATASETS/FathomNet_FGVC2025/data/rois/3008_10096.png,/home/tahiti/MARINE_DATASETS/FathomNet_FGVC2025/data/images/3008.png,1c0cc73e92066c4f98696d5c4a4b1d934ad9ea0cb1c8bfced47ca049f36eba4c,e84d29af49aa7ccbd29bc89959b9b41d122e57645c128b2f204caaa580a981dd,3008,2,train
10099,3008,12,Benthocodon pedunculata,/home/tahiti/MARINE_DATASETS/FathomNet_FGVC2025/data/rois/3008_10099.png,/home/tahiti/MARINE_DATASETS/FathomNet_FGVC2025/data/images/3008.png,76d3f20e0e3d60ca84281b5682c5f5f3a367b292f3b01e52c4c7ecbd31f1db7a,e84d29af49aa7ccbd29bc89959b9b41d122e57645c128b2f204caaa580a981dd,3008,2,train
10109,3008,12,Benthocodon pedunculata,/home/tahiti/MARINE_DATASETS/FathomNet_FGVC2025/data/rois/3008_10109.png,/home/tahiti/MARINE_DATASETS/FathomNet_FGVC2025/data/images/3008.png,a78fa0d6b4e6f35255ce1f24dd9675fcef7e694a4ee6949c34a55f5fae9202b4,e84d29af49aa7ccbd29bc89959b9b41d122e57645c128b2f204caaa580a981dd,3008,2,train
10114,3008,12,Benthocodon pedunculata,/home/tahiti/MARINE_DATASETS/FathomNet_FGVC2025/data/rois/3008_10114.png,/home/tahiti/MARINE_DATASETS/FathomNet_FGVC2025/data/images/3008.png,91e1261f41e2cb6a313ca864ac1a37ec85b31298266784b8e56c1bac4b52573a,e84d29af49aa7ccbd29bc89959b9b41d122e57645c128b2f204caaa580a981dd,3008,2,train
10125,3014,69,Sebastes,/home/tahiti/MARINE_DATASETS/FathomNet_FGVC2025/data/rois/3014_10125.png,/home/tahiti/MARINE_DATASETS/FathomNet_FGVC2025/data/images/3014.png,2e2b20a3421b2f8817afaf110887890f9e17e3141621b906877600294668d397,873f3d46811bae9b54df387d3b9804fa8346f394e12c93765a2d862f4eb0e12b,3014,2,train
10126,3015,41,Merluccius productus,/home/tahiti/MARINE_DATASETS/FathomNet_FGVC2025/data/rois/3015_10126.png,/home/tahiti/MARINE_DATASETS/FathomNet_FGVC2025/data/images/3015.png,bbd3192fca8281b0726d01a77f7cc14da9db10abac2eddf003af0dc79a90bcbd,43cdf23cd8ae5aa3be1cab0fbf36807e02a71fe759b7f5ded7c246cc89caefab,3015,2,train
10156,3027,22,Farrea,/home/tahiti/MARINE_DATASETS/FathomNet_FGVC2025/data/rois/3027_10156.png,/home/tahiti/MARINE_DATASETS/FathomNet_FGVC2025/data/images/3027.png,df759b3470291d36b3a874112c7cb33e23d641e53a733aaf55be6d8c19148ace,697836bea280951a4edc8f9fe4e2b989055910bf1333daab4597e23f16c73001,3027,6,train
10164,3031,35,Isididae,/home/tahiti/MARINE_DATASETS/FathomNet_FGVC2025/data/rois/3031_10164.png,/home/tahiti/MARINE_DATASETS/FathomNet_FGVC2025/data/images/3031.png,36890a93553ae2c5d4b08667d8ce36389ed353e202654fc9601f1ba33f1a5153,78c9a9cd0e9dcf5f7986d4c1860e38040e566a6c1dd26e1bc90ab07cdcff5ceb,3031,6,train
10181,3035,27,Heterocarpus,/home/tahiti/MARINE_DATASETS/FathomNet_FGVC2025/data/rois/3035_10181.png,/home/tahiti/MARINE_DATASETS/FathomNet_FGVC2025/data/images/3035.png,a2a5b08f17051c9c2b0026fb30b21e9fc07ae05ef04f95643e36be4177d4a66d,f00ade101a10bc78cf025f33722b47f4a766adad1dfa10d2a3cc1db415f22de4,3035,1,train
10184,3037,35,Isididae,/home/tahiti/MARINE_DATASETS/FathomNet_FGVC2025/data/rois/3037_10184.png,/home/tahiti/MARINE_DATASETS/FathomNet_FGVC2025/data/images/3037.png,2d68d44a19a130056aeb42afd4b0252c6818f29d91f22252d861a157223b86ec,29a602c38520622d6b30f9c679da9b7426af4ddd391d0eb3b8bd7b697bdccdba,3037,2,train
10198,3043,68,Scotoplanes globosa,/home/tahiti/MARINE_DATASETS/FathomNet_FGVC2025/data/rois/3043_10198.png,/home/tahiti/MARINE_DATASETS/FathomNet_FGVC2025/data/images/3043.png,50019dcb2c38de38557b6e8dafbc65027f048d4e682a738ca58c3249c1bf2b3f,53fe6fbb5543721f2be688bc6f8e3cb1ce46c267fd117b02e36c7a739eebd5bc,3043,4,train
10203,3044,72,Serpulidae,/home/tahiti/MARINE_DATASETS/FathomNet_FGVC2025/data/rois/3044_10203.png,/home/tahiti/MARINE_DATASETS/FathomNet_FGVC2025/data/images/3044.png,f8f4ac289f99492df150819694f9d83e9d6c087170635f37d54f63f93512deb2,25d4b273853803197af57517857df938fe35f598b1a47f9b4210a17e506b52df,3044,0,train
10208,3044,72,Serpulidae,/home/tahiti/MARINE_DATASETS/FathomNet_FGVC2025/data/rois/3044_10208.png,/home/tahiti/MARINE_DATASETS/FathomNet_FGVC2025/data/images/3044.png,0bad02d290d62f8c1c19f0bc5c85b30039c23baffd9e091626f5bc0cd4641eb1,25d4b273853803197af57517857df938fe35f598b1a47f9b4210a17e506b52df,3044,0,train
10210,3044,72,Serpulidae,/home/tahiti/MARINE_DATASETS/FathomNet_FGVC2025/data/rois/3044_10210.png,/home/tahiti/MARINE_DATASETS/FathomNet_FGVC2025/data/images/3044.png,f1c92fda19a28f6bed2ea7629dba8a62f4c34dba2674c3e0d9a9cc7f1ceede3b,25d4b273853803197af57517857df938fe35f598b1a47f9b4210a17e506b52df,3044,0,train
10214,3044,20,Delectopecten,/home/tahiti/MARINE_DATASETS/FathomNet_FGVC2025/data/rois/3044_10214.png,/home/tahiti/MARINE_DATASETS/FathomNet_FGVC2025/data/images/3044.png,d94cb296f0ccb2fdeeb43b9ccc271e6c4eda2791025576e9bde98c96fc137c3f,25d4b273853803197af57517857df938fe35f598b1a47f9b4210a17e506b52df,3044,0,train
10237,3044,20,Delectopecten,/home/tahiti/MARINE_DATASETS/FathomNet_FGVC2025/data/rois/3044_10237.png,/home/tahiti/MARINE_DATASETS/FathomNet_FGVC2025/data/images/3044.png,a4c322dceb5f4ada36ddb0bc2c80e5248a7a3471f66c002780eead65e5e14a8c,25d4b273853803197af57517857df938fe35f598b1a47f9b4210a17e506b52df,3044,0,train
10248,3048,30,Hexactinellida,/home/tahiti/MARINE_DATASETS/FathomNet_FGVC2025/data/rois/3048_10248.png,/home/tahiti/MARINE_DATASETS/FathomNet_FGVC2025/data/images/3048.png,ea01601c4678f7a0a2e4d085e22a6eeceeb1819c6b82afd6ed8c06776a79ee7a,026109e49a87b6e5a1331f2f2da8917000f6c9620026f600c6412464c5faf72f,3048,2,train
10250,3050,8,Apostichopus leukothele,/home/tahiti/MARINE_DATASETS/FathomNet_FGVC2025/data/rois/3050_10250.png,/home/tahiti/MARINE_DATASETS/FathomNet_FGVC2025/data/images/3050.png,6c6bcbf2f6ff4c1c00f932fb1294c6ea1f66cf0d689067795d5040491b5bd262,793892cacd33820c9897cfe0385f02f0a38df58665731c3c5bc86f137389c2b3,3050,2,train
10251,3050,8,Apostichopus leukothele,/home/tahiti/MARINE_DATASETS/FathomNet_FGVC2025/data/rois/3050_10251.png,/home/tahiti/MARINE_DATASETS/FathomNet_FGVC2025/data/images/3050.png,4034b1275ed378ccf76f3a9ca5b7cae28fc77f6a868171a0231c32c8ff27987d,793892cacd33820c9897cfe0385f02f0a38df58665731c3c5bc86f137389c2b3,3050,2,train
10259,3053,47,Octopus rubescens,/home/tahiti/MARINE_DATASETS/FathomNet_FGVC2025/data/rois/3053_10259.png,/home/tahiti/MARINE_DATASETS/FathomNet_FGVC2025/data/images/3053.png,fdc15b265a3dd95754e29c0e5ba6f959d4cecc39633d69dbb358e8ce4ff15412,74de1196b5ee24829e51b2c7402d7b68e110da82ab2a81a79769942f45ae7ab5,3053,1,train
10282,3054,41,Merluccius productus,/home/tahiti/MARINE_DATASETS/FathomNet_FGVC2025/data/rois/3054_10282.png,/home/tahiti/MARINE_DATASETS/FathomNet_FGVC2025/data/images/3054.png,d6ae3f751f67a45f287102b45cc10f59e0b8a47e8f789a74dfb6084cecc7e2bf,0997ba78fe11660653a77bc44bc89ef91a26d077860222152e59f0141e27abd6,3054,2,train
10285,3054,41,Merluccius productus,/home/tahiti/MARINE_DATASETS/FathomNet_FGVC2025/data/rois/3054_10285.png,/home/tahiti/MARINE_DATASETS/FathomNet_FGVC2025/data/images/3054.png,f345883de9b17fd3e3b5df43dbafad0451a00ebb4e1c5aad99218a57223b545b,0997ba78fe11660653a77bc44bc89ef91a26d077860222152e59f0141e27abd6,3054,2,train
10291,3058,32,Holothuroidea,/home/tahiti/MARINE_DATASETS/FathomNet_FGVC2025/data/rois/3058_10291.png,/home/tahiti/MARINE_DATASETS/FathomNet_FGVC2025/data/images/3058.png,c1e31eb146aaaeb36e516e28114aedd93898fb7dc2b3499d80b34047db62eca1,8d909813694657626bd0f6e3baed7fe35c4e21f9e69c282fd856e6b74b8f289a,3058,0,train
10305,3063,68,Scotoplanes globosa,/home/tahiti/MARINE_DATASETS/FathomNet_FGVC2025/data/rois/3063_10305.png,/home/tahiti/MARINE_DATASETS/FathomNet_FGVC2025/data/images/3063.png,297cdd8663cea22f5b49738cacc431b6229d9d4a0e1b1d95faa23c13eed66fbe,c0a93b4aaa88590fdf1b164df4178b9d5186e73fc0a316d1090c51f444c4af5d,3063,2,train
10321,3068,30,Hexactinellida,/home/tahiti/MARINE_DATASETS/FathomNet_FGVC2025/data/rois/3068_10321.png,/home/tahiti/MARINE_DATASETS/FathomNet_FGVC2025/data/images/3068.png,c55583391ead547ec1e953324e74b1b34dfb07deabb429a197f7d2d49d7384ea,4ab15bb58f77f629131175fa98489fedff1315c6ebcf5a67a784d1097f0ef553,3068,6,train
10325,3071,19,Crinoidea,/home/tahiti/MARINE_DATASETS/FathomNet_FGVC2025/data/rois/3071_10325.png,/home/tahiti/MARINE_DATASETS/FathomNet_FGVC2025/data/images/3071.png,e7eb3f35f8d24f6f382610e6925562b5744a0010f7ac30e6f4b11bc9e892f8a4,0210dfd8f7660a18ccff69278db5dbd1d8b2a6275349d1f881f74d051b2d46c6,3071,6,train
10340,3077,44,Munidopsis,/home/tahiti/MARINE_DATASETS/FathomNet_FGVC2025/data/rois/3077_10340.png,/home/tahiti/MARINE_DATASETS/FathomNet_FGVC2025/data/images/3077.png,0c8dfebe0a4b8021a888a493b0fa3cd93e21b587714f853db79d04a3e3c5566d,1188640fa0e32603fb195920874b35144a886f411f3736afcdbf491303c04571,3077,6,train
10346,3081,55,Paragorgia arborea,/home/tahiti/MARINE_DATASETS/FathomNet_FGVC2025/data/rois/3081_10346.png,/home/tahiti/MARINE_DATASETS/FathomNet_FGVC2025/data/images/3081.png,569e2ed0211a5c8b81d13d9dfde917e8dcc9a4d1fd9d37b1b6eff9be7311fdcc,b21bf3e46326e2d085fa11eede027eb75b68d0e6ae2d5920b52a7a3c763434cf,3081,0,train
10389,3097,29,Heteropolypus ritteri,/home/tahiti/MARINE_DATASETS/FathomNet_FGVC2025/data/rois/3097_10389.png,/home/tahiti/MARINE_DATASETS/FathomNet_FGVC2025/data/images/3097.png,12f433f901070a0222dfb18f0a7b6b26d4682c1773daa097c03db772cd506ac9,c1d747e83f975384aba5482cc54b2454e95623a3b44296c31e6e6649b8bb287c,3097,6,train
10403,3103,30,Hexactinellida,/home/tahiti/MARINE_DATASETS/FathomNet_FGVC2025/data/rois/3103_10403.png,/home/tahiti/MARINE_DATASETS/FathomNet_FGVC2025/data/images/3103.png,64e84b8721e00ebcbdcdb3b0da96fe2a5714d4eff3f0dbfa8d42b315f3bb27e9,f412d14878a96fd85f6d9431fdb88c27fe9e8000ec2c78dc212b475067f52189,3103,4,train
10448,3114,30,Hexactinellida,/home/tahiti/MARINE_DATASETS/FathomNet_FGVC2025/data/rois/3114_10448.png,/home/tahiti/MARINE_DATASETS/FathomNet_FGVC2025/data/images/3114.png,6886a6f6651ea6cb5acd65e1483ff225620e2bf867e361435aafedfdc6e6fbf3,99098a6cdaae1aa36078119fb1df7783d5ef6a3f00196b39a83b034ba7228854,3114,6,train
10492,3144,38,Liponema brevicorne,/home/tahiti/MARINE_DATASETS/FathomNet_FGVC2025/data/rois/3144_10492.png,/home/tahiti/MARINE_DATASETS/FathomNet_FGVC2025/data/images/3144.png,1a2573f385cbff8b90d3c8988427a683951e0bbefb54403c6eed6bea585eb18a,a9e4b1b27788cc3332d1d574a87ca61254b6e741e61e327bdfebbdb3c53953f9,3144,6,train
10493,3145,35,Isididae,/home/tahiti/MARINE_DATASETS/FathomNet_FGVC2025/data/rois/3145_10493.png,/home/tahiti/MARINE_DATASETS/FathomNet_FGVC2025/data/images/3145.png,fe8b3efb1e73796786deef6cb9d9f8852dc96bd7a63df924041b2fdbcab894f0,73aa484299eb6faed0088ba8cacee97d6c6dcf94c0141827a6601c9486932b1e,3145,1,train
10510,3156,44,Munidopsis,/home/tahiti/MARINE_DATASETS/FathomNet_FGVC2025/data/rois/3156_10510.png,/home/tahiti/MARINE_DATASETS/FathomNet_FGVC2025/data/images/3156.png,20dc8d7943b979b53457e823668bf6a5841647644cbe4696a4b501967617b9e1,faa7868fb35d88d16147982c1232164635718ce7f1c55bf4e4255cff708c531c,3156,4,train
10531,3170,6,Actinopterygii,/home/tahiti/MARINE_DATASETS/FathomNet_FGVC2025/data/rois/3170_10531.png,/home/tahiti/MARINE_DATASETS/FathomNet_FGVC2025/data/images/3170.png,16030447f658982dfd6a75a2e9aabd009a9d1c7c39e2fd4448fb590f9e4e0c8d,9e25bc05f32873e86befa5f8d3f68906d1281f6f9730d23accc5bdfbd068d823,3170,0,train
10539,3170,77,Umbellula,/home/tahiti/MARINE_DATASETS/FathomNet_FGVC2025/data/rois/3170_10539.png,/home/tahiti/MARINE_DATASETS/FathomNet_FGVC2025/data/images/3170.png,633a822e7737d2d962e1d20d663397fa6e25fd06a197b2afe2907b5cf2616918,9e25bc05f32873e86befa5f8d3f68906d1281f6f9730d23accc5bdfbd068d823,3170,0,train
10560,3181,41,Merluccius productus,/home/tahiti/MARINE_DATASETS/FathomNet_FGVC2025/data/rois/3181_10560.png,/home/tahiti/MARINE_DATASETS/FathomNet_FGVC2025/data/images/3181.png,6de8fb7f242dee97e1585d4abf67d7210f6686201cc9a495526742fd0fa887fd,aa6530336610a53cfbaa7acfe6aef13f3562047ae386729d201bc7e292cded1e,3181,6,train
10565,3181,41,Merluccius productus,/home/tahiti/MARINE_DATASETS/FathomNet_FGVC2025/data/rois/3181_10565.png,/home/tahiti/MARINE_DATASETS/FathomNet_FGVC2025/data/images/3181.png,964aceb8ca6d48d06135fa6123ab15f244fff2332b4858b70ef394c496a92aec,aa6530336610a53cfbaa7acfe6aef13f3562047ae386729d201bc7e292cded1e,3181,6,train
10570,3181,41,Merluccius productus,/home/tahiti/MARINE_DATASETS/FathomNet_FGVC2025/data/rois/3181_10570.png,/home/tahiti/MARINE_DATASETS/FathomNet_FGVC2025/data/images/3181.png,1dfd9ba60a717b15b52809524c5e436e8106a5a1b148d88234e4c6b8abf4cc25,aa6530336610a53cfbaa7acfe6aef13f3562047ae386729d201bc7e292cded1e,3181,6,train
10588,3190,1,Abyssocucumis abyssorum,/home/tahiti/MARINE_DATASETS/FathomNet_FGVC2025/data/rois/3190_10588.png,/home/tahiti/MARINE_DATASETS/FathomNet_FGVC2025/data/images/3190.png,91d067256c907b258711494b56586016e686389b6aca4843f8f3d5efbc839a57,e9a04f4954726a209e1f87a3d5050df5a9d8e9d630bc43888f0172f27e26321b,3190,2,train
10601,3199,34,Isidella tentaculum,/home/tahiti/MARINE_DATASETS/FathomNet_FGVC2025/data/rois/3199_10601.png,/home/tahiti/MARINE_DATASETS/FathomNet_FGVC2025/data/images/3199.png,dbf893477311262fe0776fa5d0bc3fdd9290bea3ac3bc4fc6eb945846463004a,e5028d00456e12b82708a6430d5a9d9283f6d36623241a1a2be6494415b50f93,3199,4,train
10606,3201,29,Heteropolypus ritteri,/home/tahiti/MARINE_DATASETS/FathomNet_FGVC2025/data/rois/3201_10606.png,/home/tahiti/MARINE_DATASETS/FathomNet_FGVC2025/data/images/3201.png,60b8d85dbeb963638c0fa4895d6dd20a4c89f8683b1bf24e3fedcd50aa589d56,7189656c172c2af35f290f1cf9fb59c9c64cb3a286254f5d2fa08e55e89f2fff,3201,6,train
10610,3203,47,Octopus rubescens,/home/tahiti/MARINE_DATASETS/FathomNet_FGVC2025/data/rois/3203_10610.png,/home/tahiti/MARINE_DATASETS/FathomNet_FGVC2025/data/images/3203.png,b3c73cda4ec86805fea91e3bd4fbb72e849495540c7d9764c43b2f4dc48961f2,241466cb398456ba67d4ed87d0c778137783d493704027acc3de893c52c34059,3203,4,train
10668,3223,32,Holothuroidea,/home/tahiti/MARINE_DATASETS/FathomNet_FGVC2025/data/rois/3223_10668.png,/home/tahiti/MARINE_DATASETS/FathomNet_FGVC2025/data/images/3223.png,ce58e7a9e76d42f61c2d3d94b81066d566ecb75e2791a3dfb4c810fe2be65b5a,2c0e54f32acc634ca6b3b97d3d37c57e5f0e0a206dd9e2b286c8e3bd1c4b872a,3223,1,train
10679,3225,30,Hexactinellida,/home/tahiti/MARINE_DATASETS/FathomNet_FGVC2025/data/rois/3225_10679.png,/home/tahiti/MARINE_DATASETS/FathomNet_FGVC2025/data/images/3225.png,f8dfea67644f2ba1f9b55f763f4d6fe6f70a25d1d2e38e0b075d9c194732f814,49cdfce39dece94e1f8e08a1d7d29866c122344a8e99b54a02828ccc4cf0e22d,3225,0,train
10684,3227,73,Staurocalyptus,/home/tahiti/MARINE_DATASETS/FathomNet_FGVC2025/data/rois/3227_10684.png,/home/tahiti/MARINE_DATASETS/FathomNet_FGVC2025/data/images/3227.png,5e6b15c53432e4c46ebcb26e3ba34799607a689d585c364fb2a0713e7d14f0f1,d884f924f0743d4367121052c7a9eee1cea57194cb621bcd38e4b155d47f28bd,3227,0,train
10772,3265,33,Hormathiidae,/home/tahiti/MARINE_DATASETS/FathomNet_FGVC2025/data/rois/3265_10772.png,/home/tahiti/MARINE_DATASETS/FathomNet_FGVC2025/data/images/3265.png,7e8749894c2055f0472a944352b00f5b7fe8d3f5472e8cb920859a5e429be648,9b5c61af41e2c23fca3bced8c4d095c0f1eb9e365ab52840e9b1ddc3ea64df5e,3265,6,train
10773,3265,33,Hormathiidae,/home/tahiti/MARINE_DATASETS/FathomNet_FGVC2025/data/rois/3265_10773.png,/home/tahiti/MARINE_DATASETS/FathomNet_FGVC2025/data/images/3265.png,0b7da6a8fb385dcefa85ae361e33bd3ba4457b05dea7651523c3e8d54e498fe3,9b5c61af41e2c23fca3bced8c4d095c0f1eb9e365ab52840e9b1ddc3ea64df5e,3265,6,train
10796,3280,45,Munnopsidae,/home/tahiti/MARINE_DATASETS/FathomNet_FGVC2025/data/rois/3280_10796.png,/home/tahiti/MARINE_DATASETS/FathomNet_FGVC2025/data/images/3280.png,0097a00d1d31d9d8d5f106f317155b50cd5a73d9a3696eabb941964e2fb1b5ac,2689219f18faf998dbb02ca20251cf4a183c725aa62f63bf2b8cd09e5fce9ca4,3280,4,train
10807,3284,14,Caridea,/home/tahiti/MARINE_DATASETS/FathomNet_FGVC2025/data/rois/3284_10807.png,/home/tahiti/MARINE_DATASETS/FathomNet_FGVC2025/data/images/3284.png,7d5f2f01b6f29b456815bb3b8c547664faa1d3269d292475cd79c2eaa995a70b,84208b1bd6f34d5f17de1c7e798a1eec50b540c28e03dec87c94b52716c25a0d,3284,4,train
10813,3287,76,Tunicata,/home/tahiti/MARINE_DATASETS/FathomNet_FGVC2025/data/rois/3287_10813.png,/home/tahiti/MARINE_DATASETS/FathomNet_FGVC2025/data/images/3287.png,c95df7a259d4efdaee6e2687d45ef80a8c55a3ad2236a5c9ffdb77f5b58982d3,8f3ba9e31dd8379b0b4057344972ca22fa336c4a30abf7aefbe5f7ab9a1dbc9b,3287,1,train
10818,3290,53,Pannychia moseleyi,/home/tahiti/MARINE_DATASETS/FathomNet_FGVC2025/data/rois/3290_10818.png,/home/tahiti/MARINE_DATASETS/FathomNet_FGVC2025/data/images/3290.png,91ac3de971c2030ec1694caed08d9243de296bc9c2c296081e68e1b31b127c51,515eb1d6fe2db8621c8fd7a4c9e153342b614a0ab9707fc200664e81cd75dfe8,3290,4,train
10833,3292,78,Vesicomyidae,/home/tahiti/MARINE_DATASETS/FathomNet_FGVC2025/data/rois/3292_10833.png,/home/tahiti/MARINE_DATASETS/FathomNet_FGVC2025/data/images/3292.png,cb58416518559562670fae59455970db96e342054b107f78f5c493f708741fbd,b185c0c5b3ffc32661c6cc5b6950fd8b80cbb063f0dc6090dbc980782cbb5954,3292,6,train
10834,3292,17,Chorilia longipes,/home/tahiti/MARINE_DATASETS/FathomNet_FGVC2025/data/rois/3292_10834.png,/home/tahiti/MARINE_DATASETS/FathomNet_FGVC2025/data/images/3292.png,ffcaed1844f8414121939fa4e97376acc9cd5c5f644d0e14a68c412628f9c08f,b185c0c5b3ffc32661c6cc5b6950fd8b80cbb063f0dc6090dbc980782cbb5954,3292,6,train
10839,3296,29,Heteropolypus ritteri,/home/tahiti/MARINE_DATASETS/FathomNet_FGVC2025/data/rois/3296_10839.png,/home/tahiti/MARINE_DATASETS/FathomNet_FGVC2025/data/images/3296.png,766eb2eeeda6c678533b74b615446cd5f6a67013ac92b4f92221f0acc8f3b16b,c3e3e64042f110ad23eb7fc80289f83bb4d18fd8ee54406d933eda17dabe5976,3296,6,train
10863,3303,34,Isidella tentaculum,/home/tahiti/MARINE_DATASETS/FathomNet_FGVC2025/data/rois/3303_10863.png,/home/tahiti/MARINE_DATASETS/FathomNet_FGVC2025/data/images/3303.png,110d2594c7f7d4a4868efa484b21a5ee39741919de6fdb25047dddaef7206a91,e7a27075855ec262386058e6f1a407218307b029bdb7991afe4905b63506aa59,3303,2,train
10873,3306,45,Munnopsidae,/home/tahiti/MARINE_DATASETS/FathomNet_FGVC2025/data/rois/3306_10873.png,/home/tahiti/MARINE_DATASETS/FathomNet_FGVC2025/data/images/3306.png,9a397cc16aca7ca0ecbc0039400f5e32291d80630b58f61d8c4b7debe660f47e,1c33ed345c4650f268a3cc5a6545c027014c235cb09c45d88d11bda91c06231c,3306,2,train
10876,3307,67,Scotoplanes,/home/tahiti/MARINE_DATASETS/FathomNet_FGVC2025/data/rois/3307_10876.png,/home/tahiti/MARINE_DATASETS/FathomNet_FGVC2025/data/images/3307.png,8f1498e8d190f6c63afaf55c61ade30419c8f49b943f759f13b7223a6c2415b5,87a697efb41f110a29cb390b4472af1c813f305d4fce7d40e04e8cad7717b40c,3307,6,train
10888,3313,47,Octopus rubescens,/home/tahiti/MARINE_DATASETS/FathomNet_FGVC2025/data/rois/3313_10888.png,/home/tahiti/MARINE_DATASETS/FathomNet_FGVC2025/data/images/3313.png,d7d2d57535d9ef8adc21d486cb5b0a551da1ff0a3f78100fc50d0b7af3e846a8,9bc227bc1087ca17b1804acd1ec9b8be5ca5c67e22b8387df443e2d863e4ec61,3313,6,train
10901,3322,24,Funiculina,/home/tahiti/MARINE_DATASETS/FathomNet_FGVC2025/data/rois/3322_10901.png,/home/tahiti/MARINE_DATASETS/FathomNet_FGVC2025/data/images/3322.png,7b02be219815f78212175969534f41d6acf24e2cda67b25096e0744c1e0f2f66,a4004b755ab2e07efaccde17997b6eb20865fcc09f1d39d378182065ed400585,3322,2,train
10907,3325,38,Liponema brevicorne,/home/tahiti/MARINE_DATASETS/FathomNet_FGVC2025/data/rois/3325_10907.png,/home/tahiti/MARINE_DATASETS/FathomNet_FGVC2025/data/images/3325.png,8dbfe1e0cab200a2e4e72ea1ffb72bd4bc5718cb926abb200990e04da66172b2,1e6744785475169cf9a171db18e0dc75949321fbf8eaa9f70de5d65784351b3e,3325,0,train
10919,3333,68,Scotoplanes globosa,/home/tahiti/MARINE_DATASETS/FathomNet_FGVC2025/data/rois/3333_10919.png,/home/tahiti/MARINE_DATASETS/FathomNet_FGVC2025/data/images/3333.png,5b440c8790e5b5a1246eabbeadf0d88da81be3cbd7a091041f402cf5c11f9e43,7aefd01c6fc82026bbe0649a598ec87b909bfbd0f0ce86cd022cb85d14391b91,3333,0,train
10944,3345,64,Pyrosoma atlanticum,/home/tahiti/MARINE_DATASETS/FathomNet_FGVC2025/data/rois/3345_10944.png,/home/tahiti/MARINE_DATASETS/FathomNet_FGVC2025/data/images/3345.png,3075076ae1760908d8a2fc83a75417fddd6c3775b9ac84058e890b5c9c13668c,98bae7457bd599c077045df736c5fee1ba11c27ccfb82fe79f46c9c0c2d3f91f,3345,2,train
10961,3352,22,Farrea,/home/tahiti/MARINE_DATASETS/FathomNet_FGVC2025/data/rois/3352_10961.png,/home/tahiti/MARINE_DATASETS/FathomNet_FGVC2025/data/images/3352.png,dd8f79239c91fa170f45381acd1a7cf9f66eefd3b8b16751d7e772540f0758ba,669e06e3144a1e9b6c7b092a897b3bb73bf5adfd4715b571232d113a06841776,3352,1,train
10985,3363,38,Liponema brevicorne,/home/tahiti/MARINE_DATASETS/FathomNet_FGVC2025/data/rois/3363_10985.png,/home/tahiti/MARINE_DATASETS/FathomNet_FGVC2025/data/images/3363.png,9584143156ed3a9c2bbde48efeb5334a04f4beea016951f617a83c2f32b070a9,ab1ec60eeb750383e75c67b0f9951d5083c68d7a7a4bd45f7a044757e492d2f9,3363,1,train
10991,3369,31,Hippasteria,/home/tahiti/MARINE_DATASETS/FathomNet_FGVC2025/data/rois/3369_10991.png,/home/tahiti/MARINE_DATASETS/FathomNet_FGVC2025/data/images/3369.png,9944b2863e9dfa7e601e973f2867c9e1dab5caaf985ff46a729e0c947d0d9b50,619a58268e506e8128ec689213df3b0a61c6bf5485948558fa7aadaea3917e48,3369,2,train
10997,3370,41,Merluccius productus,/home/tahiti/MARINE_DATASETS/FathomNet_FGVC2025/data/rois/3370_10997.png,/home/tahiti/MARINE_DATASETS/FathomNet_FGVC2025/data/images/3370.png,984a9f08ae025833cd7245242e42651739cebdb318026824146a5edb7033861d,49563114a7cee0b8ba006f8bc19dc30c2627f6bb0bfff67881690ee69347983a,3370,4,train
11002,3370,41,Merluccius productus,/home/tahiti/MARINE_DATASETS/FathomNet_FGVC2025/data/rois/3370_11002.png,/home/tahiti/MARINE_DATASETS/FathomNet_FGVC2025/data/images/3370.png,8628494b70daf6a3ada1b397f1f68d69575631c8dc68cc6bae3a91608804788c,49563114a7cee0b8ba006f8bc19dc30c2627f6bb0bfff67881690ee69347983a,3370,4,train
11003,3370,41,Merluccius productus,/home/tahiti/MARINE_DATASETS/FathomNet_FGVC2025/data/rois/3370_11003.png,/home/tahiti/MARINE_DATASETS/FathomNet_FGVC2025/data/images/3370.png,fc3ca5d5a8b7e1795f8ad335eedc3852d8e0d32a32e06b1f1253a2d8853e3072,49563114a7cee0b8ba006f8bc19dc30c2627f6bb0bfff67881690ee69347983a,3370,4,train
11028,3379,56,Paralomis multispina,/home/tahiti/MARINE_DATASETS/FathomNet_FGVC2025/data/rois/3379_11028.png,/home/tahiti/MARINE_DATASETS/FathomNet_FGVC2025/data/images/3379.png,148f2d7a265a15c3c50cb31f1bc32f43c8ccb10b12c43d5e8c7be7cfc99610c2,9d4e16220a783e9c283e07cfaf9deba2e602ac16efa4b2ffd78ff5ab71886cd0,3379,4,train
11047,3386,17,Chorilia longipes,/home/tahiti/MARINE_DATASETS/FathomNet_FGVC2025/data/rois/3386_11047.png,/home/tahiti/MARINE_DATASETS/FathomNet_FGVC2025/data/images/3386.png,56ac6f99461ee3efa8258475d11a53669b401ca6d31032099ff6180a2d0a8ac6,8e57b62e7ca83f6ca4aaf0f597fec30facfb73ee5def57a461b88b556bbf161e,3386,6,train
11055,3388,29,Heteropolypus ritteri,/home/tahiti/MARINE_DATASETS/FathomNet_FGVC2025/data/rois/3388_11055.png,/home/tahiti/MARINE_DATASETS/FathomNet_FGVC2025/data/images/3388.png,92515f56ee5becd8903948ad0951627f4fc9721c888e0c2a307385f7d4241d6f,7f650ed2b201e210eb3883ec904af36a96e29f99ac3e4c7d3bc42040402d8467,3388,6,train
11067,3396,14,Caridea,/home/tahiti/MARINE_DATASETS/FathomNet_FGVC2025/data/rois/3396_11067.png,/home/tahiti/MARINE_DATASETS/FathomNet_FGVC2025/data/images/3396.png,2f592dcbec0a0a6c8408cd4f905fd48ad222de79eacf0f3f7787452fce52fcd9,2f638b4642a216e89e50f8ed42c38431b4cff842c844b93d9f58a56dfc6579d1,3396,0,train
11107,3416,43,Microstomus pacificus,/home/tahiti/MARINE_DATASETS/FathomNet_FGVC2025/data/rois/3416_11107.png,/home/tahiti/MARINE_DATASETS/FathomNet_FGVC2025/data/images/3416.png,4bef38ef838c3fe9801b52aca5a0f5eed227803774af57f6b92bb2b50efb5acc,cfdd12cb9bb531d9a429d73da38c8cba31f3db5891dfa93cfa9b3bdfed45ee48,3416,1,train
11115,3420,53,Pannychia moseleyi,/home/tahiti/MARINE_DATASETS/FathomNet_FGVC2025/data/rois/3420_11115.png,/home/tahiti/MARINE_DATASETS/FathomNet_FGVC2025/data/images/3420.png,03afb525d4b6b20908c603cac301278cfbe741015b5cd3be4e48e02e320689e0,8b09bd5bf0a276cf936ec7bd153719056ebdd1b4304ec1cde687de913de803d8,3420,2,train
11120,3422,54,Paragorgia,/home/tahiti/MARINE_DATASETS/FathomNet_FGVC2025/data/rois/3422_11120.png,/home/tahiti/MARINE_DATASETS/FathomNet_FGVC2025/data/images/3422.png,8ec559fa14f985c1114b48f3f5788099229eb3c79050ecd867a9002fbc189c09,4baf8931744680b2d5b62166eaf90b3327a0475dd1d91bf54f6be31c8bd23beb,3422,6,train
11124,3422,73,Staurocalyptus,/home/tahiti/MARINE_DATASETS/FathomNet_FGVC2025/data/rois/3422_11124.png,/home/tahiti/MARINE_DATASETS/FathomNet_FGVC2025/data/images/3422.png,af70f28caeb9e40bb2a24ac88f2b11734a5b9b730ab993f174baea30f7603e72,4baf8931744680b2d5b62166eaf90b3327a0475dd1d91bf54f6be31c8bd23beb,3422,6,train
11141,3430,19,Crinoidea,/home/tahiti/MARINE_DATASETS/FathomNet_FGVC2025/data/rois/3430_11141.png,/home/tahiti/MARINE_DATASETS/FathomNet_FGVC2025/data/images/3430.png,afb07b29dd8308663cad19556d3d9e355d9056874c1b65410cc449e959b7ba8d,4cc0486e6105d68539b009ff65bc72ea5012655d31346d08dafd8542ce9f7fbf,3430,0,train
11227,3444,79,Zoantharia,/home/tahiti/MARINE_DATASETS/FathomNet_FGVC2025/data/rois/3444_11227.png,/home/tahiti/MARINE_DATASETS/FathomNet_FGVC2025/data/images/3444.png,8af194db60ac36ab57c60e28fbe78260455d24695c245255e3c6691030056de7,a8973d7adc6e6b35f79f38c1b150328b9bc615bcf4ab573e140b709f1ae8ec53,3444,4,train
11250,3444,79,Zoantharia,/home/tahiti/MARINE_DATASETS/FathomNet_FGVC2025/data/rois/3444_11250.png,/home/tahiti/MARINE_DATASETS/FathomNet_FGVC2025/data/images/3444.png,fcf1faeffb2c16401bacea7af765ebf87e6b0be7d94f8cd05b71b52bd51c4809,a8973d7adc6e6b35f79f38c1b150328b9bc615bcf4ab573e140b709f1ae8ec53,3444,4,train
11251,3444,79,Zoantharia,/home/tahiti/MARINE_DATASETS/FathomNet_FGVC2025/data/rois/3444_11251.png,/home/tahiti/MARINE_DATASETS/FathomNet_FGVC2025/data/images/3444.png,0c91cb68d01b5dcd187248d88bfa8c4190625986e4082d32bf7feb5671480d12,a8973d7adc6e6b35f79f38c1b150328b9bc615bcf4ab573e140b709f1ae8ec53,3444,4,train
11260,3444,79,Zoantharia,/home/tahiti/MARINE_DATASETS/FathomNet_FGVC2025/data/rois/3444_11260.png,/home/tahiti/MARINE_DATASETS/FathomNet_FGVC2025/data/images/3444.png,5b60ef73a86722cfbc89afa5541f124e4733e0e3eb8b15d5b3b81cf1ae0018e6,a8973d7adc6e6b35f79f38c1b150328b9bc615bcf4ab573e140b709f1ae8ec53,3444,4,train
11279,3450,22,Farrea,/home/tahiti/MARINE_DATASETS/FathomNet_FGVC2025/data/rois/3450_11279.png,/home/tahiti/MARINE_DATASETS/FathomNet_FGVC2025/data/images/3450.png,56c7d15a503b2f506b1771a9ba0421a6530a817ae65c7ab5585d72226724cd30,fb98ab6857ba367e8638919a4e84b2a497b130138df6045e83b8ff3208005974,3450,2,train
11291,3457,27,Heterocarpus,/home/tahiti/MARINE_DATASETS/FathomNet_FGVC2025/data/rois/3457_11291.png,/home/tahiti/MARINE_DATASETS/FathomNet_FGVC2025/data/images/3457.png,1f493656a1edeed789ab1f3896cb7724d26a653bd60659b0608084e4546272bc,4cecf02d8d7d9ef49ce4d34bf6981458e8749118448a03c486d7c53b081c0804,3457,0,train
11312,3461,17,Chorilia longipes,/home/tahiti/MARINE_DATASETS/FathomNet_FGVC2025/data/rois/3461_11312.png,/home/tahiti/MARINE_DATASETS/FathomNet_FGVC2025/data/images/3461.png,cb4fbde53ad7fe22b8a8c91edd539a15106855e9c8b0c596d94a61fdee2a2f26,02d2f3cfed824dd9004dbf8011c58eb9f70e1ef218a9628e4ed04952db918a85,3461,4,train
11315,3464,44,Munidopsis,/home/tahiti/MARINE_DATASETS/FathomNet_FGVC2025/data/rois/3464_11315.png,/home/tahiti/MARINE_DATASETS/FathomNet_FGVC2025/data/images/3464.png,1977dad92e2ec84c45c42fdb652c7c03c8821bfe4f65b8106b06426b43e70a56,e151f56170b3ef33afd63a2751aebaadc698549577e62ecb609152f07d7dfe61,3464,6,train
11320,3466,42,Metridium farcimen,/home/tahiti/MARINE_DATASETS/FathomNet_FGVC2025/data/rois/3466_11320.png,/home/tahiti/MARINE_DATASETS/FathomNet_FGVC2025/data/images/3466.png,f9b8ff87b651b8c5856cbfe49825e3353090813762152a017d2ee6ff082c4096,c2536362fe93ef5bbc8dc389a3a83c0ca80075c78ac67e7e95a09c4e3f6d6688,3466,1,train
11333,3472,68,Scotoplanes globosa,/home/tahiti/MARINE_DATASETS/FathomNet_FGVC2025/data/rois/3472_11333.png,/home/tahiti/MARINE_DATASETS/FathomNet_FGVC2025/data/images/3472.png,2c3a4759492f881b7cb9a7b1564d979e0f634c04c79be0fe36d8d6822c3ebd93,6d5161a52f8c9fe841b754e6e7383d34cfb6226a562c75875360b7e96d04fdfa,3472,0,train
11347,3482,44,Munidopsis,/home/tahiti/MARINE_DATASETS/FathomNet_FGVC2025/data/rois/3482_11347.png,/home/tahiti/MARINE_DATASETS/FathomNet_FGVC2025/data/images/3482.png,95f92b893b2438a13f823c196396f303647ece4484eefdc4cfef3680ece4fbec,10181547f489b0ca15e14bbea13a1b918734c723949d3d8b55167f47b5122a11,3482,2,train
11370,3490,23,Florometra serratissima,/home/tahiti/MARINE_DATASETS/FathomNet_FGVC2025/data/rois/3490_11370.png,/home/tahiti/MARINE_DATASETS/FathomNet_FGVC2025/data/images/3490.png,f96b5bba8799b5aecbd7a59ed484c97a984dd7f0c45f5de8be99a2c2651cfc6e,7afaacaef52cabefe387acfb8cf59a7389fec6868b8fd64664fb563b14ea938c,3490,6,train
11388,3494,32,Holothuroidea,/home/tahiti/MARINE_DATASETS/FathomNet_FGVC2025/data/rois/3494_11388.png,/home/tahiti/MARINE_DATASETS/FathomNet_FGVC2025/data/images/3494.png,fc677252a32241c9b3daaa200297e166bee13b755bf3b39b58eb6e0970c2934a,e55108b4b5597c280a4933c1898032adceb229aad850597b90aadcd7b6739b28,3494,4,train
11389,3494,53,Pannychia moseleyi,/home/tahiti/MARINE_DATASETS/FathomNet_FGVC2025/data/rois/3494_11389.png,/home/tahiti/MARINE_DATASETS/FathomNet_FGVC2025/data/images/3494.png,0e882bdbe13873d2083beec1210d1f87f58ad8fe8dbfac95a9348d2e010e0362,e55108b4b5597c280a4933c1898032adceb229aad850597b90aadcd7b6739b28,3494,4,train
11404,3501,2,Acanthascinae,/home/tahiti/MARINE_DATASETS/FathomNet_FGVC2025/data/rois/3501_11404.png,/home/tahiti/MARINE_DATASETS/FathomNet_FGVC2025/data/images/3501.png,50fc64c5ac20028a116e54a0c4ebea7d2ae2b2990f107f8c9977c437e6360de4,f8eaa6c76c9cb9682eaafa701941da18d3a581d316ba44e5b55ccb65e6f27e43,3501,6,train
11414,3506,7,Amphipoda,/home/tahiti/MARINE_DATASETS/FathomNet_FGVC2025/data/rois/3506_11414.png,/home/tahiti/MARINE_DATASETS/FathomNet_FGVC2025/data/images/3506.png,4241281aa68887feb190481e2863c408f1462af6a540d42e1d976a13b7c27e47,5260decf2bf7046256bb6f393355cad590765b74bbf09fab6ae40bcbba815dc1,3506,0,train
11423,3513,55,Paragorgia arborea,/home/tahiti/MARINE_DATASETS/FathomNet_FGVC2025/data/rois/3513_11423.png,/home/tahiti/MARINE_DATASETS/FathomNet_FGVC2025/data/images/3513.png,d4e2c04f654ad87a0eee5474a00f5d0e80b9737c1c170a22757ece4bbaaf1a27,bf4a5980d6dd45b17ecdedbce6d2cf02239aade9f591247e7356f562931a88f2,3513,6,train
11446,3530,76,Tunicata,/home/tahiti/MARINE_DATASETS/FathomNet_FGVC2025/data/rois/3530_11446.png,/home/tahiti/MARINE_DATASETS/FathomNet_FGVC2025/data/images/3530.png,6561e2fe313b21d556d169433d33af965c8fc2167312ee38d343848b57de56c7,ca776b7efd6303ec8ce299c381e33c96b0cb29087d66e9495fba6226c28c37b4,3530,1,train
11487,3553,45,Munnopsidae,/home/tahiti/MARINE_DATASETS/FathomNet_FGVC2025/data/rois/3553_11487.png,/home/tahiti/MARINE_DATASETS/FathomNet_FGVC2025/data/images/3553.png,eea9f5c93a6d0a4e589006b49e53fa1328066e91265f957f820570f766381022,a3b555543439514552fb821d488b9eaffc6e06580d301c7d089326f6725b8c24,3553,1,train
11499,3561,18,Corallimorphus pilatus,/home/tahiti/MARINE_DATASETS/FathomNet_FGVC2025/data/rois/3561_11499.png,/home/tahiti/MARINE_DATASETS/FathomNet_FGVC2025/data/images/3561.png,cccdbfe6dc96554f1d81896daa33ff8090250703caae5ba220b4603cdaa5680b,4d071c87baa5e4423329150a730412b039324f969b92f2015ba02d9ea0089b64,3561,6,train
11510,3567,32,Holothuroidea,/home/tahiti/MARINE_DATASETS/FathomNet_FGVC2025/data/rois/3567_11510.png,/home/tahiti/MARINE_DATASETS/FathomNet_FGVC2025/data/images/3567.png,3aed75f7eb7dbffb80d7156e0432cb24380daa70cd5846d5e89618a5ccab45cb,e774490030d63e1903f9265909b9a3c970ddcbde87964a549b70cd64cd745501,3567,1,train
11552,3580,22,Farrea,/home/tahiti/MARINE_DATASETS/FathomNet_FGVC2025/data/rois/3580_11552.png,/home/tahiti/MARINE_DATASETS/FathomNet_FGVC2025/data/images/3580.png,7d8e772b8429458c144cf4670c47f9cccbc8632ecda611fa1d2eb48aac343554,0c7b228d0ce73968f4fe61d7ebbf844cc87322a7edd7fc64e73b05e56e47b783,3580,2,train
11556,3582,1,Abyssocucumis abyssorum,/home/tahiti/MARINE_DATASETS/FathomNet_FGVC2025/data/rois/3582_11556.png,/home/tahiti/MARINE_DATASETS/FathomNet_FGVC2025/data/images/3582.png,d0208f1bd57344df9456ac87a92a7d932a888d7db4c52353b05bbad9c5cadb7d,b7d663aea9ab5ad6fd05636b8103513e2ec908420c213a1ff270a5d857ee2245,3582,2,train
11575,3590,29,Heteropolypus ritteri,/home/tahiti/MARINE_DATASETS/FathomNet_FGVC2025/data/rois/3590_11575.png,/home/tahiti/MARINE_DATASETS/FathomNet_FGVC2025/data/images/3590.png,d64b71f05e5c8b7cb9a1e5311c67c5b00ab748298ac5e4c72bf3e5bc3c30ef4c,8fcbf8849c69c77180e6fbbc31a6a45ae91d34ac6bda4db3cc372389275ebcab,3590,6,train
11608,3606,22,Farrea,/home/tahiti/MARINE_DATASETS/FathomNet_FGVC2025/data/rois/3606_11608.png,/home/tahiti/MARINE_DATASETS/FathomNet_FGVC2025/data/images/3606.png,69882e7e138887843e212223baffc4964a0ca6d4e67825a28a5c47e4e282657b,7ee557ddd76db7cd4171a434978e70830a6be0085df129bb6d44fd3486f9b1ac,3606,1,train
11618,3613,41,Merluccius productus,/home/tahiti/MARINE_DATASETS/FathomNet_FGVC2025/data/rois/3613_11618.png,/home/tahiti/MARINE_DATASETS/FathomNet_FGVC2025/data/images/3613.png,6bb803493703d65095d9bc520180f855c1909b370a9e274a18508769ee2ccb65,b5d80ec8933c02eb25947f56f0a5a21ff6bfe69f3a978b5f9257ca9468e7183a,3613,1,train
11656,3630,59,Pennatula phosphorea,/home/tahiti/MARINE_DATASETS/FathomNet_FGVC2025/data/rois/3630_11656.png,/home/tahiti/MARINE_DATASETS/FathomNet_FGVC2025/data/images/3630.png,d5945e3cad0b659265d25f8853b6d225e85efc1131f7006a2db2714787deafb2,a226ccaa0e6657f12775762159efee0fa9a652db436b26ba03fe909f857b1597,3630,0,train
11673,3634,43,Microstomus pacificus,/home/tahiti/MARINE_DATASETS/FathomNet_FGVC2025/data/rois/3634_11673.png,/home/tahiti/MARINE_DATASETS/FathomNet_FGVC2025/data/images/3634.png,1001ccc2ad7683eb2f3069f1f18e1ca15269550c3a1b327c72cf03efbdb4a18b,b8eacae089b75ffa6d3d45ebdc33c35ed6040a4e36d91a2c940648e3cbcf4a7e,3634,4,train
11676,3637,46,Mycale,/home/tahiti/MARINE_DATASETS/FathomNet_FGVC2025/data/rois/3637_11676.png,/home/tahiti/MARINE_DATASETS/FathomNet_FGVC2025/data/images/3637.png,f087b38c394f157e33e3280e2ddd12b21293fa5c061febd2ebc87e4895110d6f,fb3c7b418be365064c261595a45672f98b99d3b13fb237465801ef60f385e5ec,3637,1,train
11681,3637,51,Pandalus amplus,/home/tahiti/MARINE_DATASETS/FathomNet_FGVC2025/data/rois/3637_11681.png,/home/tahiti/MARINE_DATASETS/FathomNet_FGVC2025/data/images/3637.png,5d05d4c2334c5bcbfb1d72f3dd8d2a9ea19a6fa17f8d9654d1a2d55f1b878547,fb3c7b418be365064c261595a45672f98b99d3b13fb237465801ef60f385e5ec,3637,1,train
11683,3637,2,Acanthascinae,/home/tahiti/MARINE_DATASETS/FathomNet_FGVC2025/data/rois/3637_11683.png,/home/tahiti/MARINE_DATASETS/FathomNet_FGVC2025/data/images/3637.png,9b20155e86238f34953543781355c7576afa0cf6fa43b6d809c54cd687ef911a,fb3c7b418be365064c261595a45672f98b99d3b13fb237465801ef60f385e5ec,3637,1,train
11731,3655,68,Scotoplanes globosa,/home/tahiti/MARINE_DATASETS/FathomNet_FGVC2025/data/rois/3655_11731.png,/home/tahiti/MARINE_DATASETS/FathomNet_FGVC2025/data/images/3655.png,495a4d08365f5a170b0c1ec10520d736f26608e65dadeec6eb7b8f3bf996086a,10e32fb53d099cc7afbee7b4f548d69a646d953dfb9c2222ac3b2b06b0ab9225,3655,0,train
11732,3655,68,Scotoplanes globosa,/home/tahiti/MARINE_DATASETS/FathomNet_FGVC2025/data/rois/3655_11732.png,/home/tahiti/MARINE_DATASETS/FathomNet_FGVC2025/data/images/3655.png,a45bd7c3b71a85664e6325419924732c8e3d46996167179ba0dbfd82b16c152a,10e32fb53d099cc7afbee7b4f548d69a646d953dfb9c2222ac3b2b06b0ab9225,3655,0,train
11790,3676,29,Heteropolypus ritteri,/home/tahiti/MARINE_DATASETS/FathomNet_FGVC2025/data/rois/3676_11790.png,/home/tahiti/MARINE_DATASETS/FathomNet_FGVC2025/data/images/3676.png,c0b9d0156332413d23d1c46110a25f9262bd327220f9ab7287c5c7c1a2f908f8,543261554ea3935909babddadfdcb099ec7dfc7e4bb60d37f6fb0f6ceef8aa83,3676,2,train
11795,3680,75,Terebellidae,/home/tahiti/MARINE_DATASETS/FathomNet_FGVC2025/data/rois/3680_11795.png,/home/tahiti/MARINE_DATASETS/FathomNet_FGVC2025/data/images/3680.png,5443eed99aa91921b55c3c804e29ba1245e1d6f0534b7fd3168c92415d56d502,0bab7fc20cd11bddbb351373d83da85d0359943400344f5b83773f1347ecf111,3680,6,train
11815,3692,68,Scotoplanes globosa,/home/tahiti/MARINE_DATASETS/FathomNet_FGVC2025/data/rois/3692_11815.png,/home/tahiti/MARINE_DATASETS/FathomNet_FGVC2025/data/images/3692.png,dd26608dd59544d0e1110619ac66b05639e1aceda6fd07bd5b153a094dc33935,5f2a6d258f4f4b462c69e056b650d1f7473cb9a636e0097d99da69ecd1f099d9,3692,4,train
11816,3693,43,Microstomus pacificus,/home/tahiti/MARINE_DATASETS/FathomNet_FGVC2025/data/rois/3693_11816.png,/home/tahiti/MARINE_DATASETS/FathomNet_FGVC2025/data/images/3693.png,6dfd2655fa6cc378e03aef509709f86d35d1d11c6ebc42ca9ac78ffe2ce55260,8357674b1d74e5dc3c5934896bb5df41d0cee9e0514322334f2c3d7328f301ed,3693,2,train
11833,3700,24,Funiculina,/home/tahiti/MARINE_DATASETS/FathomNet_FGVC2025/data/rois/3700_11833.png,/home/tahiti/MARINE_DATASETS/FathomNet_FGVC2025/data/images/3700.png,a25e57cbd0ebf312a7b47a7f703b86c7cbfa595add49b87dbde1b3b77fb92846,e9e0e4b5a83a75d47a84cd3ec438e3fe4f9b37051929dd4dc81a0d0c26508fbe,3700,2,train
11837,3700,77,Umbellula,/home/tahiti/MARINE_DATASETS/FathomNet_FGVC2025/data/rois/3700_11837.png,/home/tahiti/MARINE_DATASETS/FathomNet_FGVC2025/data/images/3700.png,cf32b966602dea6418dd368910baf7320356c4f71e36aaf037123b1ed10220c2,e9e0e4b5a83a75d47a84cd3ec438e3fe4f9b37051929dd4dc81a0d0c26508fbe,3700,2,train
11847,3701,50,Paelopatides confundens,/home/tahiti/MARINE_DATASETS/FathomNet_FGVC2025/data/rois/3701_11847.png,/home/tahiti/MARINE_DATASETS/FathomNet_FGVC2025/data/images/3701.png,50b778aed1d05a32fbd9539d631d64b1c672a8316da0693e4b07d8253aeea6fa,8419965b2fa861160ea0dcb9ea9172bd2367cfea2630daab8061fc9773e03268,3701,0,train
11876,3719,47,Octopus rubescens,/home/tahiti/MARINE_DATASETS/FathomNet_FGVC2025/data/rois/3719_11876.png,/home/tahiti/MARINE_DATASETS/FathomNet_FGVC2025/data/images/3719.png,944124646d990ff92d13a9b2d90c7401845c3b45eb881acb9a64abca8a5aed77,ef66998cbb6cfd1f751bb6eff51f95d619119f0b02cc737a9462691e41fb56cf,3719,0,train
11889,3721,14,Caridea,/home/tahiti/MARINE_DATASETS/FathomNet_FGVC2025/data/rois/3721_11889.png,/home/tahiti/MARINE_DATASETS/FathomNet_FGVC2025/data/images/3721.png,9e2bdbea0ce211f4bb9dbff188699a641dd7868e7d3a5e18fa7b51d2d4812a1d,933e554d189119025b45e3ef4cbfa694fa14aacc9a9c26346c8a0d0487de724a,3721,6,train
11891,3722,51,Pandalus amplus,/home/tahiti/MARINE_DATASETS/FathomNet_FGVC2025/data/rois/3722_11891.png,/home/tahiti/MARINE_DATASETS/FathomNet_FGVC2025/data/images/3722.png,19d69113222b678976475abad1517e6b823feefc2aaf9a68338d526dd919e7aa,0a036efafab047c2d036ed9a0088d11e5eec086b2120560ff01ef18de611531f,3722,2,train
11895,3726,67,Scotoplanes,/home/tahiti/MARINE_DATASETS/FathomNet_FGVC2025/data/rois/3726_11895.png,/home/tahiti/MARINE_DATASETS/FathomNet_FGVC2025/data/images/3726.png,6614475bcc65c92a09666858818317495e2e564cd5ea738f0472ef31c6d48fca,24e7e7a2007232e79d7cce8268196d2ee6f5d3f81e4a027aeee45804e3329347,3726,1,train
11899,3727,26,Gersemia juliepackardae,/home/tahiti/MARINE_DATASETS/FathomNet_FGVC2025/data/rois/3727_11899.png,/home/tahiti/MARINE_DATASETS/FathomNet_FGVC2025/data/images/3727.png,c7aec23759e90c6b5b09cee38d9d421b99c302406a74b08be611850fdd110fb4,3130ad10c3537bfff84dd7666c4624ac534975bbad1d83da808b19d5efe32a4a,3727,2,train
11910,3728,67,Scotoplanes,/home/tahiti/MARINE_DATASETS/FathomNet_FGVC2025/data/rois/3728_11910.png,/home/tahiti/MARINE_DATASETS/FathomNet_FGVC2025/data/images/3728.png,89a3b6f00f0dcc58d4fa7ba397e9cfef1e0dc0dd6b9094aea9b80c230e5cdee7,b7761039ca799791d1868934bf67308a64890dda7e3df1782d34d79e3abd9444,3728,1,train
11913,3728,67,Scotoplanes,/home/tahiti/MARINE_DATASETS/FathomNet_FGVC2025/data/rois/3728_11913.png,/home/tahiti/MARINE_DATASETS/FathomNet_FGVC2025/data/images/3728.png,3d37d895bfd2cb102e89ea3b7e9e28ea174a0076e52b50db638590e73afdfe1e,b7761039ca799791d1868934bf67308a64890dda7e3df1782d34d79e3abd9444,3728,1,train
11924,3733,35,Isididae,/home/tahiti/MARINE_DATASETS/FathomNet_FGVC2025/data/rois/3733_11924.png,/home/tahiti/MARINE_DATASETS/FathomNet_FGVC2025/data/images/3733.png,1b963e9c0049dfc0d233c881fce48c8655e2f014f0cd23fbecdb319f912f2786,3fbef4e2de5e42753ae99e80a8f7e670a7931e6dfc129374c2e76a3619bc7efc,3733,1,train
11929,3737,53,Pannychia moseleyi,/home/tahiti/MARINE_DATASETS/FathomNet_FGVC2025/data/rois/3737_11929.png,/home/tahiti/MARINE_DATASETS/FathomNet_FGVC2025/data/images/3737.png,547818356d39bc7b6310af879dff6c4ec06f06583095cb399380c4166b9dce44,14b01ea553ad221d68d149f401eac5d808f776b99e8ef84e1b6a68d87ee8313c,3737,1,train
11938,3743,32,Holothuroidea,/home/tahiti/MARINE_DATASETS/FathomNet_FGVC2025/data/rois/3743_11938.png,/home/tahiti/MARINE_DATASETS/FathomNet_FGVC2025/data/images/3743.png,20741b5bd3081f0a3ad490082f48c82ea28c19c146e28d0bd54ece54319519ab,9def23a5a135af49abcd879380a1099ff0576f8758f3d58e5a2c781551708d2e,3743,4,train
11947,3745,17,Chorilia longipes,/home/tahiti/MARINE_DATASETS/FathomNet_FGVC2025/data/rois/3745_11947.png,/home/tahiti/MARINE_DATASETS/FathomNet_FGVC2025/data/images/3745.png,034bd9d22f841016d1801f671700b3eed2839ca5e8d5088b6f92add8537db075,f7d9318fadf888cf44616aa701a3b39080ce3b91a246d4e25dda229da2c5c3fb,3745,1,train
11975,3765,31,Hippasteria,/home/tahiti/MARINE_DATASETS/FathomNet_FGVC2025/data/rois/3765_11975.png,/home/tahiti/MARINE_DATASETS/FathomNet_FGVC2025/data/images/3765.png,8910f73271c5dbf147083d8e7d33deaf31cfad80518aab408bd1c963eafc7bde,430d744c6410c08d7122b60d2b7b7615a13cc4b0ec8cf712f3e927200e47169f,3765,4,train
11980,3768,68,Scotoplanes globosa,/home/tahiti/MARINE_DATASETS/FathomNet_FGVC2025/data/rois/3768_11980.png,/home/tahiti/MARINE_DATASETS/FathomNet_FGVC2025/data/images/3768.png,1a54fc13780e7a213b319fcbd8650de731f8847bf83e75dc36b912436790628f,52d9dd4876df107d3072bf08e19a8220a141a57ee6fec9461db119da9258416e,3768,1,train
11991,3769,35,Isididae,/home/tahiti/MARINE_DATASETS/FathomNet_FGVC2025/data/rois/3769_11991.png,/home/tahiti/MARINE_DATASETS/FathomNet_FGVC2025/data/images/3769.png,73af9ac445e6a4eeae08cf4dc283d7ba00e8cd4f83c7c4ae9a78220b31204bb0,c6f929c004a213e17de9ce2ca4dc06b9b0c537f295a397f9eb8bed35f297da26,3769,0,train
11995,3770,54,Paragorgia,/home/tahiti/MARINE_DATASETS/FathomNet_FGVC2025/data/rois/3770_11995.png,/home/tahiti/MARINE_DATASETS/FathomNet_FGVC2025/data/images/3770.png,7fe570572e22c69dad13c0fa46d5808a66eb6c5e3c5887b849887ad540b02cb2,1ea3f9a99789693d584d8a2fb9af705ab6c6415c7c5e7deed2f3d3a31e475a89,3770,0,train
11998,3773,35,Isididae,/home/tahiti/MARINE_DATASETS/FathomNet_FGVC2025/data/rois/3773_11998.png,/home/tahiti/MARINE_DATASETS/FathomNet_FGVC2025/data/images/3773.png,38c334c5311db288b9c260b7fc6271913835eea5804881f13ba3a8ec74b6c294,c798d40b2fbb90d3783cc52558061a0d1f81242eef11dceb945d01b652419c69,3773,1,train
11999,3774,19,Crinoidea,/home/tahiti/MARINE_DATASETS/FathomNet_FGVC2025/data/rois/3774_11999.png,/home/tahiti/MARINE_DATASETS/FathomNet_FGVC2025/data/images/3774.png,3c18e3cdd56c0663d197598c397164b55d46041f0b4c92f4d8532af808254dc1,b51cba0b1805dedba15906fb72265f59cd9fb48b1fb46223882d5e279db21bef,3774,4,train
12007,3778,15,Ceriantharia,/home/tahiti/MARINE_DATASETS/FathomNet_FGVC2025/data/rois/3778_12007.png,/home/tahiti/MARINE_DATASETS/FathomNet_FGVC2025/data/images/3778.png,c32fdedfb95098fe6122a1f345d3f5eed17f6021b26240f746d6c0cd0681e4e7,5c7df206dc3db9b07d64d78087cd814740e0be251dca99a226e50153daf901d1,3778,6,train
12016,3783,51,Pandalus amplus,/home/tahiti/MARINE_DATASETS/FathomNet_FGVC2025/data/rois/3783_12016.png,/home/tahiti/MARINE_DATASETS/FathomNet_FGVC2025/data/images/3783.png,01ed135e129ecd7a13a500f9a8b61865dc5656ace621c6022c8cb27449c66449,cafb1177e3f52c81aa511bdbd1aacb172a97baaa78084d316d5f5975bb7eff93,3783,2,train
12017,3783,57,Parastenella,/home/tahiti/MARINE_DATASETS/FathomNet_FGVC2025/data/rois/3783_12017.png,/home/tahiti/MARINE_DATASETS/FathomNet_FGVC2025/data/images/3783.png,9cd9cd7463a7d2ee578472bc660ba202e0efb0e2d30e206d63c5125d970f4361,cafb1177e3f52c81aa511bdbd1aacb172a97baaa78084d316d5f5975bb7eff93,3783,2,train
12019,3784,43,Microstomus pacificus,/home/tahiti/MARINE_DATASETS/FathomNet_FGVC2025/data/rois/3784_12019.png,/home/tahiti/MARINE_DATASETS/FathomNet_FGVC2025/data/images/3784.png,73d5bd6fe631b38079b6403447e884b4769e5fab2fe9e5c72c1e8a26260483ad,6474b7d7ff4365ec6b728ccbccc77a249395bce19c0b63146b7f0560f05f753c,3784,2,train
12021,3785,35,Isididae,/home/tahiti/MARINE_DATASETS/FathomNet_FGVC2025/data/rois/3785_12021.png,/home/tahiti/MARINE_DATASETS/FathomNet_FGVC2025/data/images/3785.png,bafe39f1716959d15d5d8452e1eececb8cdd05d5fcc779eb111d5a3111e24cd5,536a2907d6585a1f95acda2ba0bca17e769b6419492196cdc36c7505c98a5653,3785,6,train
12023,3786,23,Florometra serratissima,/home/tahiti/MARINE_DATASETS/FathomNet_FGVC2025/data/rois/3786_12023.png,/home/tahiti/MARINE_DATASETS/FathomNet_FGVC2025/data/images/3786.png,118304f19bd6fbc0a29d4947bef182c18bff76e1e37e2ade00eac2222a7b5dd3,17d05f894e33344b340baea6819397029667e256446b9778489745c1ab226336,3786,2,train
12029,3789,23,Florometra serratissima,/home/tahiti/MARINE_DATASETS/FathomNet_FGVC2025/data/rois/3789_12029.png,/home/tahiti/MARINE_DATASETS/FathomNet_FGVC2025/data/images/3789.png,dfc3d04ebf35040f347316fc6da9da219b5cc56514fdba817ec1b03c6e078b85,af5ba416bd11a2d3e0504323162f19d82382fbac972825ec9cdde10152e42d1a,3789,6,train
12057,3800,23,Florometra serratissima,/home/tahiti/MARINE_DATASETS/FathomNet_FGVC2025/data/rois/3800_12057.png,/home/tahiti/MARINE_DATASETS/FathomNet_FGVC2025/data/images/3800.png,f6030ab64b495eb0cb86fc40b6085ba64110ebb20bbdc01477481d61ad65debf,e164ae2afd657bf79d12720d1ab1ff835b07378201a0a013bb7973056dd6dac0,3800,6,train
12068,3803,76,Tunicata,/home/tahiti/MARINE_DATASETS/FathomNet_FGVC2025/data/rois/3803_12068.png,/home/tahiti/MARINE_DATASETS/FathomNet_FGVC2025/data/images/3803.png,6a848e0ce94e8b2a03706db2a4a26ffee2e2a44038a2691f28ff61e260f227b3,729ba7893fb6fe8681d94d247c6691f8a7053ab5d4141ff20ac668c2f5df859c,3803,0,train
12085,3806,45,Munnopsidae,/home/tahiti/MARINE_DATASETS/FathomNet_FGVC2025/data/rois/3806_12085.png,/home/tahiti/MARINE_DATASETS/FathomNet_FGVC2025/data/images/3806.png,12eb66eddd521fb89564198c5d87d5dccf1726d36835963f627eec8851764dc5,2161ceeba9ea2cec82d9e52af15401247e56322c59315c91796d17a451fe1616,3806,4,train
12089,3810,29,Heteropolypus ritteri,/home/tahiti/MARINE_DATASETS/FathomNet_FGVC2025/data/rois/3810_12089.png,/home/tahiti/MARINE_DATASETS/FathomNet_FGVC2025/data/images/3810.png,fdd020b81ff51f236b25c2683dd9e3205a35967a12ee3c06c515293a1ece4feb,025dc6364b1efee1cf55c00ea19859641ae7e14f1f3ee4c66f7a3b280f99fcf9,3810,0,train
12144,3837,77,Umbellula,/home/tahiti/MARINE_DATASETS/FathomNet_FGVC2025/data/rois/3837_12144.png,/home/tahiti/MARINE_DATASETS/FathomNet_FGVC2025/data/images/3837.png,400cedb544ce82d6c15a9bcfc4e47a8240286aab5a92206ee2ccc9fb0b01e98d,c1989cc864f14ed765a76ce05e7928171bd7b3269cbf93c9185f6796d5c917fd,3837,2,train
12173,3851,29,Heteropolypus ritteri,/home/tahiti/MARINE_DATASETS/FathomNet_FGVC2025/data/rois/3851_12173.png,/home/tahiti/MARINE_DATASETS/FathomNet_FGVC2025/data/images/3851.png,15950fc61975682caf7938e68abf785b1616893e88a1b1d97a24332f047434a5,32e950fc4f84541d6aee6c37ff9ef01bd5148f817da1cfaff248e711ab54998b,3851,4,train
12247,3865,15,Ceriantharia,/home/tahiti/MARINE_DATASETS/FathomNet_FGVC2025/data/rois/3865_12247.png,/home/tahiti/MARINE_DATASETS/FathomNet_FGVC2025/data/images/3865.png,1420cd3b4dff41ab112233a595864344f636e15f65850aa94da724de084625f9,2fed179fee9976cad791fd3b66ef7d4156cf789ee5b3ef1543973031e25385a7,3865,6,train
12251,3866,47,Octopus rubescens,/home/tahiti/MARINE_DATASETS/FathomNet_FGVC2025/data/rois/3866_12251.png,/home/tahiti/MARINE_DATASETS/FathomNet_FGVC2025/data/images/3866.png,55951bcd7a00f42e436d2fa25a56a874af1b7bb40d6c465c9c1b81552ecba139,8309a933541ec3a73107fd107c23bff986682b2e49195e9da914c8517c5a6638,3866,0,train
12253,3866,52,Pandalus platyceros,/home/tahiti/MARINE_DATASETS/FathomNet_FGVC2025/data/rois/3866_12253.png,/home/tahiti/MARINE_DATASETS/FathomNet_FGVC2025/data/images/3866.png,7457ababbd33a7f0887d3c87546044d5e955a432395ac2e471f784d29302d33c,8309a933541ec3a73107fd107c23bff986682b2e49195e9da914c8517c5a6638,3866,0,train
12256,3866,52,Pandalus platyceros,/home/tahiti/MARINE_DATASETS/FathomNet_FGVC2025/data/rois/3866_12256.png,/home/tahiti/MARINE_DATASETS/FathomNet_FGVC2025/data/images/3866.png,8f16e24409ee4c7c24a6c1c10c24a3a0c47a1d1b071d3a2e270fd0f8c2cf2889,8309a933541ec3a73107fd107c23bff986682b2e49195e9da914c8517c5a6638,3866,0,train
12268,3870,9,Asbestopluma,/home/tahiti/MARINE_DATASETS/FathomNet_FGVC2025/data/rois/3870_12268.png,/home/tahiti/MARINE_DATASETS/FathomNet_FGVC2025/data/images/3870.png,c5ad0d5c0118a467a152a4bb5393bd25934e4182823fa41a313b68fbdd9e8507,ad65fa92f85ec5af6bd224ce7305842b65d9001e516f646cdec77985688ea721,3870,1,train
12277,3874,32,Holothuroidea,/home/tahiti/MARINE_DATASETS/FathomNet_FGVC2025/data/rois/3874_12277.png,/home/tahiti/MARINE_DATASETS/FathomNet_FGVC2025/data/images/3874.png,acbf0c34eb51d2498b8b7404c9285ff4d0b68155cc4f1b685241c2c8b7455d8e,6acbcf8c2b792be52c9bbaf46afbf57f15af8d0d2b183cef2610f03c2ea5f2d4,3874,1,train
12295,3882,57,Parastenella,/home/tahiti/MARINE_DATASETS/FathomNet_FGVC2025/data/rois/3882_12295.png,/home/tahiti/MARINE_DATASETS/FathomNet_FGVC2025/data/images/3882.png,7091a45a7bf3c35644ac182e4a0e3c593461f7928cacc201fc5971890a3dc4f7,45466d06a4d39f3a528b8d36760a1b6dabc889658bc3a7f1bd87a8f0a7ffaaf2,3882,4,train
12331,3889,47,Octopus rubescens,/home/tahiti/MARINE_DATASETS/FathomNet_FGVC2025/data/rois/3889_12331.png,/home/tahiti/MARINE_DATASETS/FathomNet_FGVC2025/data/images/3889.png,02e70b5c4f0f84bc65e2f55550b72a8df24070868ee23f0c26eac37e09b32b0a,96e64e45cc3bef6aa944be76a0c1fbe3e6f97606848724375484d72733b2fd98,3889,2,train
12348,3895,22,Farrea,/home/tahiti/MARINE_DATASETS/FathomNet_FGVC2025/data/rois/3895_12348.png,/home/tahiti/MARINE_DATASETS/FathomNet_FGVC2025/data/images/3895.png,9afbc9b694e4e294375ec7f0e740b75dbbae13cab3ba2848964a0e9e3445ca57,b68a5c061a3e950e25011c7ec63ab87087c3488e4519511981df68ef086cbd3b,3895,1,train
12350,3895,32,Holothuroidea,/home/tahiti/MARINE_DATASETS/FathomNet_FGVC2025/data/rois/3895_12350.png,/home/tahiti/MARINE_DATASETS/FathomNet_FGVC2025/data/images/3895.png,1f5f175c837de15ed6ec49cadfad35c92a295fcf94101120b2592bb921fadce6,b68a5c061a3e950e25011c7ec63ab87087c3488e4519511981df68ef086cbd3b,3895,1,train
12359,3895,22,Farrea,/home/tahiti/MARINE_DATASETS/FathomNet_FGVC2025/data/rois/3895_12359.png,/home/tahiti/MARINE_DATASETS/FathomNet_FGVC2025/data/images/3895.png,12c781b8aab642e5710a483eb222bd45674943746f45d6fa2d825eac8f128763,b68a5c061a3e950e25011c7ec63ab87087c3488e4519511981df68ef086cbd3b,3895,1,train
12364,3897,22,Farrea,/home/tahiti/MARINE_DATASETS/FathomNet_FGVC2025/data/rois/3897_12364.png,/home/tahiti/MARINE_DATASETS/FathomNet_FGVC2025/data/images/3897.png,6ada9222c51f7550a7223288edb9869527804af145914c2fd14edd2f9a1b34ce,7f23a3925b37327049d5bab4dbd507dc8bba0ab113f84cda6ade3d4fa6660646,3897,6,train
12382,3902,36,Isosicyonis,/home/tahiti/MARINE_DATASETS/FathomNet_FGVC2025/data/rois/3902_12382.png,/home/tahiti/MARINE_DATASETS/FathomNet_FGVC2025/data/images/3902.png,66f98e8639e15bccf756f328638329397da714d859304fdaf0e5b52caaf25866,9af4dbec1324a5214f0e19714d84ae8afa4668930f1f2eff23e69ba66e8b5a93,3902,6,train
12405,3913,59,Pennatula phosphorea,/home/tahiti/MARINE_DATASETS/FathomNet_FGVC2025/data/rois/3913_12405.png,/home/tahiti/MARINE_DATASETS/FathomNet_FGVC2025/data/images/3913.png,5ed6803110fa4fdcd8ec55b3ec4afb49123db40f390fac47c29212d2471a4e7b,bf81c16328ab17ab773af73e7f5abb83f71737dc03f0a1f4fa0092a1b0988160,3913,4,train
12469,3940,45,Munnopsidae,/home/tahiti/MARINE_DATASETS/FathomNet_FGVC2025/data/rois/3940_12469.png,/home/tahiti/MARINE_DATASETS/FathomNet_FGVC2025/data/images/3940.png,11adc722eb1cdf79972061406764d3c32e23c29a5c494941ca2256a177c179dd,0886f38ea43cac289965549442920f599c10f4a6cc756a7e1174d384ff825e76,3940,4,train
12484,3945,36,Isosicyonis,/home/tahiti/MARINE_DATASETS/FathomNet_FGVC2025/data/rois/3945_12484.png,/home/tahiti/MARINE_DATASETS/FathomNet_FGVC2025/data/images/3945.png,8bbfdc583a1376b65994eddadf4c8e6dd93fac8ef28f3222cad396d060fcfcae,4ee604dd59ff0414ac0163d8e42dbbf5bbfbb2dc154eda2654ce74402382b699,3945,1,train
12488,3946,31,Hippasteria,/home/tahiti/MARINE_DATASETS/FathomNet_FGVC2025/data/rois/3946_12488.png,/home/tahiti/MARINE_DATASETS/FathomNet_FGVC2025/data/images/3946.png,24952a7fb097fcca116e60d77faa442839f2532e4b1a2a288e66baced99f01c1,5e9bd09d483f85bd2251bd289892e4bf0a01279582587d264bcd23cd1811c168,3946,1,train
12504,3954,69,Sebastes,/home/tahiti/MARINE_DATASETS/FathomNet_FGVC2025/data/rois/3954_12504.png,/home/tahiti/MARINE_DATASETS/FathomNet_FGVC2025/data/images/3954.png,a7664e3e01897c47c7af10fa341f6fe7df06a4e170f865038b84a053bd954450,646765ccf3552ec8e6732570b1d2e37745299709b532c818a2966f60ab9caf86,3954,2,train
12516,3963,66,Scleractinia,/home/tahiti/MARINE_DATASETS/FathomNet_FGVC2025/data/rois/3963_12516.png,/home/tahiti/MARINE_DATASETS/FathomNet_FGVC2025/data/images/3963.png,ba86fadd22036122efb76ccb372dae1978b51731fc79b0d46aa2b94d617c190d,7fc5b6813955192fcf7b8ad928e022967bde8891e808afc1b4fce1be41d8b4ff,3963,0,train
12533,3968,52,Pandalus platyceros,/home/tahiti/MARINE_DATASETS/FathomNet_FGVC2025/data/rois/3968_12533.png,/home/tahiti/MARINE_DATASETS/FathomNet_FGVC2025/data/images/3968.png,5843ce0ffec8a5377ea8368f3ea3231e9ad55eaabb644ee468baeb937e1e71fc,6749c6e299b80c80f66f3b78e05fa5f002b891798cf0a298c051a5cc52a90c7b,3968,0,train
12543,3970,78,Vesicomyidae,/home/tahiti/MARINE_DATASETS/FathomNet_FGVC2025/data/rois/3970_12543.png,/home/tahiti/MARINE_DATASETS/FathomNet_FGVC2025/data/images/3970.png,47c40c516618154f4af06c8b47fef6b736be6bae3731fcbe203b89a284432e2d,a6615ca0b50586e3b7c89b97af666a67762952bcb1d99e0e42e65c2f29313c7b,3970,6,train
12547,3973,53,Pannychia moseleyi,/home/tahiti/MARINE_DATASETS/FathomNet_FGVC2025/data/rois/3973_12547.png,/home/tahiti/MARINE_DATASETS/FathomNet_FGVC2025/data/images/3973.png,8d00967baa5f152112c62404be05507caf96307322d0c4389b0e665263f63561,0201a539594ec37557159a80f8bbbaca4ca698ac78c8f3462c6051f88d5f4155,3973,4,train
12557,3975,48,Ophiacanthidae,/home/tahiti/MARINE_DATASETS/FathomNet_FGVC2025/data/rois/3975_12557.png,/home/tahiti/MARINE_DATASETS/FathomNet_FGVC2025/data/images/3975.png,88053be4aa53a51ed1ab05fbb1bdfd43cbc971ce50844a83aea20e1156a69e51,b1e62306c773dcb1494095d0b475638bf2a502d8f53271834e43760070153ac0,3975,4,train
12573,3981,47,Octopus rubescens,/home/tahiti/MARINE_DATASETS/FathomNet_FGVC2025/data/rois/3981_12573.png,/home/tahiti/MARINE_DATASETS/FathomNet_FGVC2025/data/images/3981.png,a27b580ae79dbcb7709a42a3265473328701b2d58afa5d8a794588ed4310a62e,664f70caabe0d23f7ffe96b9f13d93f3362c2e01b1d7446280af2871c51de855,3981,6,train
12579,3981,47,Octopus rubescens,/home/tahiti/MARINE_DATASETS/FathomNet_FGVC2025/data/rois/3981_12579.png,/home/tahiti/MARINE_DATASETS/FathomNet_FGVC2025/data/images/3981.png,460a6ca6cccdf9165a2bf0c26a0e0f442b62cfa9dd309807775931fd820c2f59,664f70caabe0d23f7ffe96b9f13d93f3362c2e01b1d7446280af2871c51de855,3981,6,train
12591,3981,47,Octopus rubescens,/home/tahiti/MARINE_DATASETS/FathomNet_FGVC2025/data/rois/3981_12591.png,/home/tahiti/MARINE_DATASETS/FathomNet_FGVC2025/data/images/3981.png,ec420bbb73816a2bfe94a39b27d10879b62ef9bede21385edc2c3d8010f20099,664f70caabe0d23f7ffe96b9f13d93f3362c2e01b1d7446280af2871c51de855,3981,6,train
12601,3981,47,Octopus rubescens,/home/tahiti/MARINE_DATASETS/FathomNet_FGVC2025/data/rois/3981_12601.png,/home/tahiti/MARINE_DATASETS/FathomNet_FGVC2025/data/images/3981.png,bfa02a7957faaae9f248b46b7acbd59dccea60412b27cbedfded6fb7aadb0bc4,664f70caabe0d23f7ffe96b9f13d93f3362c2e01b1d7446280af2871c51de855,3981,6,train
12612,3988,50,Paelopatides confundens,/home/tahiti/MARINE_DATASETS/FathomNet_FGVC2025/data/rois/3988_12612.png,/home/tahiti/MARINE_DATASETS/FathomNet_FGVC2025/data/images/3988.png,4435c4246ac15f6c022cdc2b473e5675d7dadd130333583f970747f7cf9bbde0,13470563c695891bc110bcf87b116f63dd913d7960110cb3183bbaaf79655e52,3988,4,train
12654,4008,45,Munnopsidae,/home/tahiti/MARINE_DATASETS/FathomNet_FGVC2025/data/rois/4008_12654.png,/home/tahiti/MARINE_DATASETS/FathomNet_FGVC2025/data/images/4008.png,34e1861e229efb973ab68553f4df317df9def4fe64d56c8b01b90f5a2307d965,24fd024bf3a3a474b0f00f88d3eeb1ea92fe049aaf565323fbdd1c6e8e270736,4008,6,train
12668,4018,29,Heteropolypus ritteri,/home/tahiti/MARINE_DATASETS/FathomNet_FGVC2025/data/rois/4018_12668.png,/home/tahiti/MARINE_DATASETS/FathomNet_FGVC2025/data/images/4018.png,a12155bb5ad843e482ae2e2cb12b6607101fe3a27680a11f7c8622ece99a3cf1,0beec7ba499928ba1124546d66ae0e31c5d579339b4b4bc182c64229086bf35e,4018,4,train
12669,4018,29,Heteropolypus ritteri,/home/tahiti/MARINE_DATASETS/FathomNet_FGVC2025/data/rois/4018_12669.png,/home/tahiti/MARINE_DATASETS/FathomNet_FGVC2025/data/images/4018.png,f1b4c4c6b8162e4dd51165d92353a6221f5960196f9594613eec36b5e4ea21ca,0beec7ba499928ba1124546d66ae0e31c5d579339b4b4bc182c64229086bf35e,4018,4,train
12683,4024,76,Tunicata,/home/tahiti/MARINE_DATASETS/FathomNet_FGVC2025/data/rois/4024_12683.png,/home/tahiti/MARINE_DATASETS/FathomNet_FGVC2025/data/images/4024.png,bf0fff96971e4b4128a1e4637db01f10b6388949ca8c087c071ab4037786eed9,11caaf56a6bc8fa41bedc182f004dbec85747a0257722401021697f32441f3e9,4024,6,train
12684,4024,22,Farrea,/home/tahiti/MARINE_DATASETS/FathomNet_FGVC2025/data/rois/4024_12684.png,/home/tahiti/MARINE_DATASETS/FathomNet_FGVC2025/data/images/4024.png,fd6d58f92920bc69a81b24afb43311b57f95cc38320cf74341dc35b8d5861b1f,11caaf56a6bc8fa41bedc182f004dbec85747a0257722401021697f32441f3e9,4024,6,train
12689,4025,19,Crinoidea,/home/tahiti/MARINE_DATASETS/FathomNet_FGVC2025/data/rois/4025_12689.png,/home/tahiti/MARINE_DATASETS/FathomNet_FGVC2025/data/images/4025.png,245ac0cfdc696c38542ca4d7939094dbab97686ba8b39b8f7e6c20452274ddc4,dfbdaf744b79dbb4cbf48e49b083d637ba46e5583f56507e3b034c458c3581e8,4025,6,train
12726,4042,13,Brisingida,/home/tahiti/MARINE_DATASETS/FathomNet_FGVC2025/data/rois/4042_12726.png,/home/tahiti/MARINE_DATASETS/FathomNet_FGVC2025/data/images/4042.png,757738526cf1f3a11257b898927113355fc02dd46e4680436d03ed9829323c99,614dc3690b0f3488d8ebf44d9b79a5b75f34d0ce18a775fec9050d82327d86a5,4042,6,train
12742,4052,31,Hippasteria,/home/tahiti/MARINE_DATASETS/FathomNet_FGVC2025/data/rois/4052_12742.png,/home/tahiti/MARINE_DATASETS/FathomNet_FGVC2025/data/images/4052.png,6f812efd0a370b55b299e5baf5ffdb47c0e5f36c2a445ee856c03be58780962f,3f347c368b7f93a94407a171d3d72323e28c2bae243d253dbd24514866209612,4052,4,train
12755,4056,19,Crinoidea,/home/tahiti/MARINE_DATASETS/FathomNet_FGVC2025/data/rois/4056_12755.png,/home/tahiti/MARINE_DATASETS/FathomNet_FGVC2025/data/images/4056.png,c24321b33beaf2a3129b43e1f044848eca766fbfbad2388d96a136fafd138c4b,bc3127fe0cc0741e47f99823ef584d87f98a1d3f3974418197eaec3464f36bf8,4056,1,train
12775,4064,40,Mediaster aequalis,/home/tahiti/MARINE_DATASETS/FathomNet_FGVC2025/data/rois/4064_12775.png,/home/tahiti/MARINE_DATASETS/FathomNet_FGVC2025/data/images/4064.png,ff6286bb12f53c577e269d0efdc61320242892a7ff207adc8c330af67aa20eb7,093d2a44477e3e5f5ee7172efab9cc8bff5ee6ab9f0350ef152824921aa7adcb,4064,4,train
12873,4112,29,Heteropolypus ritteri,/home/tahiti/MARINE_DATASETS/FathomNet_FGVC2025/data/rois/4112_12873.png,/home/tahiti/MARINE_DATASETS/FathomNet_FGVC2025/data/images/4112.png,6a5bd7a043b5712c8dc21ae22b980b9baa0e24a048a29fb5e80c8d2ac4d58411,b4a0db5a217ce48d80562b09577a6577dd4efbd94bc7711f117ba762270f6164,4112,6,train
12874,4112,29,Heteropolypus ritteri,/home/tahiti/MARINE_DATASETS/FathomNet_FGVC2025/data/rois/4112_12874.png,/home/tahiti/MARINE_DATASETS/FathomNet_FGVC2025/data/images/4112.png,3a97fc256f15278e944a32954e50ca8d77134bec098830c422f8bdc06367716c,b4a0db5a217ce48d80562b09577a6577dd4efbd94bc7711f117ba762270f6164,4112,6,train
12882,4116,36,Isosicyonis,/home/tahiti/MARINE_DATASETS/FathomNet_FGVC2025/data/rois/4116_12882.png,/home/tahiti/MARINE_DATASETS/FathomNet_FGVC2025/data/images/4116.png,66fe4e46d3d52a9776372cacc9fb9248e74a9d59b418fd1d65ff70ffb41546cf,788040df32f8be8570db14f4e636dff5f86b668bb861a22614ef2f52b08fc70f,4116,2,train
12913,4125,9,Asbestopluma,/home/tahiti/MARINE_DATASETS/FathomNet_FGVC2025/data/rois/4125_12913.png,/home/tahiti/MARINE_DATASETS/FathomNet_FGVC2025/data/images/4125.png,0995ecbc06431e36507e915d79688f4021f2fc137defdec2881d54aee5194f47,0bc2c543cf4b4c3e85b2af9aed3f8935d16fbe6bd94cbe85f8be459537f2d058,4125,6,train
12935,4134,29,Heteropolypus ritteri,/home/tahiti/MARINE_DATASETS/FathomNet_FGVC2025/data/rois/4134_12935.png,/home/tahiti/MARINE_DATASETS/FathomNet_FGVC2025/data/images/4134.png,1baba66327434d38e2d6bf5b07611a8cb911c1ffd992e301ad87cdf6211a42f4,ebde639799d629a1fa88cc2ffcaa7d177a8c8648406f4ce3669a1b48a47b2311,4134,2,train
12940,4134,13,Brisingida,/home/tahiti/MARINE_DATASETS/FathomNet_FGVC2025/data/rois/4134_12940.png,/home/tahiti/MARINE_DATASETS/FathomNet_FGVC2025/data/images/4134.png,b11e2aa99d8bfdc55c722b753806ed875dc2d94f9eaa493817e3d1e90aa34b6b,ebde639799d629a1fa88cc2ffcaa7d177a8c8648406f4ce3669a1b48a47b2311,4134,2,train
12947,4138,56,Paralomis multispina,/home/tahiti/MARINE_DATASETS/FathomNet_FGVC2025/data/rois/4138_12947.png,/home/tahiti/MARINE_DATASETS/FathomNet_FGVC2025/data/images/4138.png,b9c40cf150487b3adbacbb7ed15f759c2d2b086c8c6abc04ea55d8e772429a55,892f2c4ea9ee498c4d43e47f8f1d04969cfcd67dd6e473e1dc342509a48ff096,4138,2,train
12979,4154,46,Mycale,/home/tahiti/MARINE_DATASETS/FathomNet_FGVC2025/data/rois/4154_12979.png,/home/tahiti/MARINE_DATASETS/FathomNet_FGVC2025/data/images/4154.png,db923f8465465e5b34e199cc0661fcdc6075a35fc769e62c7e4a4e3983fcc18d,dcf3c566b6b1cbe7e12847248d7e73ba06e7e407a2b3c6373b953fe767a0b3af,4154,2,train
12985,4155,51,Pandalus amplus,/home/tahiti/MARINE_DATASETS/FathomNet_FGVC2025/data/rois/4155_12985.png,/home/tahiti/MARINE_DATASETS/FathomNet_FGVC2025/data/images/4155.png,d3b47a858b9d1f8079c10a7a524495ea0316e05998ddcd73fb9d94e500cbca76,a41796096584d4f0db3675a13be2a036860ae5c0110390221b1d68537b3d223a,4155,4,train
12995,4159,24,Funiculina,/home/tahiti/MARINE_DATASETS/FathomNet_FGVC2025/data/rois/4159_12995.png,/home/tahiti/MARINE_DATASETS/FathomNet_FGVC2025/data/images/4159.png,41ded9faa8f7899cacdbe5b5c2c69afe5ae784f0de699e8ed1f90ea2e415a698,177190cd277c9ed380b5907794881db3fc263e89984b5b60d23c454c4cb639d9,4159,6,train
12997,4159,24,Funiculina,/home/tahiti/MARINE_DATASETS/FathomNet_FGVC2025/data/rois/4159_12997.png,/home/tahiti/MARINE_DATASETS/FathomNet_FGVC2025/data/images/4159.png,a50b875b455ecb327b3171867f35cb562f3fcb663d2077a1c02093dd998602e7,177190cd277c9ed380b5907794881db3fc263e89984b5b60d23c454c4cb639d9,4159,6,train
13005,4162,19,Crinoidea,/home/tahiti/MARINE_DATASETS/FathomNet_FGVC2025/data/rois/4162_13005.png,/home/tahiti/MARINE_DATASETS/FathomNet_FGVC2025/data/images/4162.png,15b52e3516184301abb3b0e44009d1b23ecdc4ba3c5aec2177d3160916607b0f,082cba8742f6136c71671f0eee8cbddec25637ffdb7457e59690bc2acbc09565,4162,2,train
13036,4178,42,Metridium farcimen,/home/tahiti/MARINE_DATASETS/FathomNet_FGVC2025/data/rois/4178_13036.png,/home/tahiti/MARINE_DATASETS/FathomNet_FGVC2025/data/images/4178.png,c112c102b0b6cde7a006d8aaa57439505aba663797de62675391c4e297ea8df8,050134c3300e745019a7b5695a4cd56e5afecff39e4b46cb67428ec4d31f1c59,4178,6,train
13048,4180,19,Crinoidea,/home/tahiti/MARINE_DATASETS/FathomNet_FGVC2025/data/rois/4180_13048.png,/home/tahiti/MARINE_DATASETS/FathomNet_FGVC2025/data/images/4180.png,8c2b8d37ad3fe770b6cddc198a7507d6c81adc2b8e774b35b6c6f3a2e2ba4295,9fcf39e7ef18a0b5058c983e90278ce981d8b101d08650d421d9c2cdc2996c2e,4180,0,train
13061,4188,53,Pannychia moseleyi,/home/tahiti/MARINE_DATASETS/FathomNet_FGVC2025/data/rois/4188_13061.png,/home/tahiti/MARINE_DATASETS/FathomNet_FGVC2025/data/images/4188.png,13a6909e83765316fe0414acf9e8f2e4a6a2d90c7faaf39009139d3cc22ac7a8,ff58594c9ffe8f8c31900375efab293e2dea6b7824d201aaaba53d882e235309,4188,0,train
13066,4192,31,Hippasteria,/home/tahiti/MARINE_DATASETS/FathomNet_FGVC2025/data/rois/4192_13066.png,/home/tahiti/MARINE_DATASETS/FathomNet_FGVC2025/data/images/4192.png,2a9fb4ff1a3a508c7a84c699a7bbcb95e0345160d7154832ae0d58706541dedd,5b189c869dc8e9cadaaef772ae1892492699e62b54c473f9252420c9b8da0f75,4192,2,train
13119,4206,66,Scleractinia,/home/tahiti/MARINE_DATASETS/FathomNet_FGVC2025/data/rois/4206_13119.png,/home/tahiti/MARINE_DATASETS/FathomNet_FGVC2025/data/images/4206.png,b40eca75875a4b0e6ee0176037d141b098a810080fd30071e041063efa676c3d,a44058e0507429e4019064e88efc3b0815f8809255864705c4dcd0389a35f592,4206,1,train
13123,4208,38,Liponema brevicorne,/home/tahiti/MARINE_DATASETS/FathomNet_FGVC2025/data/rois/4208_13123.png,/home/tahiti/MARINE_DATASETS/FathomNet_FGVC2025/data/images/4208.png,ed56b17b5fe2b146a9c204781d88fd50bba489ba386876fea94ff797fdbe3894,907c7af9a4fa94c8d997c3f391d886a7347ba3e0b6e257b69ff083741cc273b6,4208,1,train
13140,4217,22,Farrea,/home/tahiti/MARINE_DATASETS/FathomNet_FGVC2025/data/rois/4217_13140.png,/home/tahiti/MARINE_DATASETS/FathomNet_FGVC2025/data/images/4217.png,87af98d66719501a51a3aa60d95db7592c0c7c1a8db66c0619c87b02871db65b,99395863781905deaade9f724fff8c6b2608640b1310887b0b566c40ac954361,4217,1,train
13196,4230,45,Munnopsidae,/home/tahiti/MARINE_DATASETS/FathomNet_FGVC2025/data/rois/4230_13196.png,/home/tahiti/MARINE_DATASETS/FathomNet_FGVC2025/data/images/4230.png,f6685bd824feac63792bed41faa8be933184b16f75c38b3c036692c077e9fcae,9369cc848b5e2e1eddd5544c8a6f311fa5d440851fedbec8d1444e5f2858667e,4230,6,train
13210,4232,64,Pyrosoma atlanticum,/home/tahiti/MARINE_DATASETS/FathomNet_FGVC2025/data/rois/4232_13210.png,/home/tahiti/MARINE_DATASETS/FathomNet_FGVC2025/data/images/4232.png,c266be9523af870516ab3837661924c6ce71924ac69f60c3de2bcae56dd304a7,b2815b0287b91b3d0e02c42f694a8ddb3394de0f3d00380f7286a4a2bf09b8ca,4232,2,train
13219,4232,64,Pyrosoma atlanticum,/home/tahiti/MARINE_DATASETS/FathomNet_FGVC2025/data/rois/4232_13219.png,/home/tahiti/MARINE_DATASETS/FathomNet_FGVC2025/data/images/4232.png,5d1c4e015ea6b7f428965f75d46b3b45ee1cb2541cad3a90f13f11142c4ac435,b2815b0287b91b3d0e02c42f694a8ddb3394de0f3d00380f7286a4a2bf09b8ca,4232,2,train
13225,4232,64,Pyrosoma atlanticum,/home/tahiti/MARINE_DATASETS/FathomNet_FGVC2025/data/rois/4232_13225.png,/home/tahiti/MARINE_DATASETS/FathomNet_FGVC2025/data/images/4232.png,4124856e6af7b8ad46c0e49d97b7465cadc6f4b47fe94a92c1ca61e7969ac35b,b2815b0287b91b3d0e02c42f694a8ddb3394de0f3d00380f7286a4a2bf09b8ca,4232,2,train
13227,4232,64,Pyrosoma atlanticum,/home/tahiti/MARINE_DATASETS/FathomNet_FGVC2025/data/rois/4232_13227.png,/home/tahiti/MARINE_DATASETS/FathomNet_FGVC2025/data/images/4232.png,686afac7ae19680286f14eab7d881116a8f4370c6df2031d640c4213769d245a,b2815b0287b91b3d0e02c42f694a8ddb3394de0f3d00380f7286a4a2bf09b8ca,4232,2,train
13230,4232,64,Pyrosoma atlanticum,/home/tahiti/MARINE_DATASETS/FathomNet_FGVC2025/data/rois/4232_13230.png,/home/tahiti/MARINE_DATASETS/FathomNet_FGVC2025/data/images/4232.png,e8310ff27b38bc76d50ca291a26f79faa7b974d8798ef7624ec7f16ac52a29e7,b2815b0287b91b3d0e02c42f694a8ddb3394de0f3d00380f7286a4a2bf09b8ca,4232,2,train
13266,4250,13,Brisingida,/home/tahiti/MARINE_DATASETS/FathomNet_FGVC2025/data/rois/4250_13266.png,/home/tahiti/MARINE_DATASETS/FathomNet_FGVC2025/data/images/4250.png,86cc113d9aba84c32a17f37dd4e44369953d316606a657a160b20184d6d4c795,19148c18625dc03f0c8d4645a1dd74e0f8aaa7a81edb44433f558d3ad537bf38,4250,4,train
13273,4254,50,Paelopatides confundens,/home/tahiti/MARINE_DATASETS/FathomNet_FGVC2025/data/rois/4254_13273.png,/home/tahiti/MARINE_DATASETS/FathomNet_FGVC2025/data/images/4254.png,abff95dd6bf2804569d448189618f23d1a9947d489b83e567a40ecea15a1e901,7937fdff1f92afb5617ece0e2438c7949078e8e72cb01ff12a35e141ad8bd4d1,4254,2,train
13276,4254,50,Paelopatides confundens,/home/tahiti/MARINE_DATASETS/FathomNet_FGVC2025/data/rois/4254_13276.png,/home/tahiti/MARINE_DATASETS/FathomNet_FGVC2025/data/images/4254.png,6630e4a1f7922b353491a0b37a2e73032cc653fc47bf6671f6bb5c1bfce6bb9d,7937fdff1f92afb5617ece0e2438c7949078e8e72cb01ff12a35e141ad8bd4d1,4254,2,train
13283,4257,25,Gastropoda,/home/tahiti/MARINE_DATASETS/FathomNet_FGVC2025/data/rois/4257_13283.png,/home/tahiti/MARINE_DATASETS/FathomNet_FGVC2025/data/images/4257.png,1215124da48cb91b18f7fa2cb260af486dec8fb9c602da34a5095e4f9a036fe8,fad60c44c1daec830e70779565e9c7c4caa6dc0071430580ceeb349ab7a866d1,4257,1,train
13284,4258,14,Caridea,/home/tahiti/MARINE_DATASETS/FathomNet_FGVC2025/data/rois/4258_13284.png,/home/tahiti/MARINE_DATASETS/FathomNet_FGVC2025/data/images/4258.png,80b2a1f323bbf8ed85770b6437b92b7b1fe714ea1962d0b0c40d85b53a5a14bc,84af7980c1bfd19af1c11d429693251f43d07bb76e1e72903c9aa92b249d6045,4258,2,train
13306,4264,53,Pannychia moseleyi,/home/tahiti/MARINE_DATASETS/FathomNet_FGVC2025/data/rois/4264_13306.png,/home/tahiti/MARINE_DATASETS/FathomNet_FGVC2025/data/images/4264.png,6327d6d3a47975312c26928cbe5eeabec25cce1035d1c3e0b5f33a5579be1d06,2bd261244a6884341418a228804534ed6275efefdf416b97e477386b0e4caad5,4264,1,train
13309,4267,45,Munnopsidae,/home/tahiti/MARINE_DATASETS/FathomNet_FGVC2025/data/rois/4267_13309.png,/home/tahiti/MARINE_DATASETS/FathomNet_FGVC2025/data/images/4267.png,fcba60d846b04a28c8430431e50b77d81ac96af9c93c21a184bebf8918f99c60,6428e497b35ea6d38c2a424d5e81b63a1ef302f52df26504afb41cb5d9b62c07,4267,1,train
13311,4268,35,Isididae,/home/tahiti/MARINE_DATASETS/FathomNet_FGVC2025/data/rois/4268_13311.png,/home/tahiti/MARINE_DATASETS/FathomNet_FGVC2025/data/images/4268.png,10fb12f7742acc8ea42325f9b32ca7abb62dd84e9c5e6c4248313ea1541f7ad1,b9716e5a9a39ac62577633fff22b4a0c2697e3ed62a0ccc9e35f81634941b098,4268,0,train
13327,4273,56,Paralomis multispina,/home/tahiti/MARINE_DATASETS/FathomNet_FGVC2025/data/rois/4273_13327.png,/home/tahiti/MARINE_DATASETS/FathomNet_FGVC2025/data/images/4273.png,24a46b941374ac4e69807f6a9ce58e96e67d0600753cbddb8a8e9cc3f6f12664,dacb6aa50d775910fcce0c75415aad6eef3ef5126bbccd49515b5b40856fe116,4273,2,train
13330,4274,23,Florometra serratissima,/home/tahiti/MARINE_DATASETS/FathomNet_FGVC2025/data/rois/4274_13330.png,/home/tahiti/MARINE_DATASETS/FathomNet_FGVC2025/data/images/4274.png,624868c68d69dd2f5f3b06a573364da3751dfb8304066253d81a6b784c1eeb0c,52db6192c7e2dde0ed500224cb6fa3b16e812db5d873b296494c537d5017b18e,4274,4,train
13340,4277,51,Pandalus amplus,/home/tahiti/MARINE_DATASETS/FathomNet_FGVC2025/data/rois/4277_13340.png,/home/tahiti/MARINE_DATASETS/FathomNet_FGVC2025/data/images/4277.png,3e98b0e850a8d24f22d0ff52f6f2d637de774b715b28772fc6bc4ebcaa7f7b89,40c724ea67dbcb8e0b1703cf67dd6bd632b95ea24415f107bd5bc0d188bc3c41,4277,1,train
13353,4286,19,Crinoidea,/home/tahiti/MARINE_DATASETS/FathomNet_FGVC2025/data/rois/4286_13353.png,/home/tahiti/MARINE_DATASETS/FathomNet_FGVC2025/data/images/4286.png,2557ce80eb1a0ae5d831ce2463a377bd751cff1f31ed974050357aa959fd89b1,ac1a027216fc12b975f5297a29be84106725c3b2cf53b9a64927d6320f3bc875,4286,6,train
13376,4294,79,Zoantharia,/home/tahiti/MARINE_DATASETS/FathomNet_FGVC2025/data/rois/4294_13376.png,/home/tahiti/MARINE_DATASETS/FathomNet_FGVC2025/data/images/4294.png,01cfd8a111a3ccc621a79ca4cc717cf63afba7d1bc15908cc1d3928639120717,c407525074ad8a08c1be997ca4cfde4c870dc3f21e2a4c305f0c1839810f6dd5,4294,1,train
13383,4294,79,Zoantharia,/home/tahiti/MARINE_DATASETS/FathomNet_FGVC2025/data/rois/4294_13383.png,/home/tahiti/MARINE_DATASETS/FathomNet_FGVC2025/data/images/4294.png,db7b78c0b15120656fb17060688d2e74ffb780a1bba4f774de492594cd43d59a,c407525074ad8a08c1be997ca4cfde4c870dc3f21e2a4c305f0c1839810f6dd5,4294,1,train
13411,4311,3,Acanthoptilum,/home/tahiti/MARINE_DATASETS/FathomNet_FGVC2025/data/rois/4311_13411.png,/home/tahiti/MARINE_DATASETS/FathomNet_FGVC2025/data/images/4311.png,4dc8f18a7249e919a2c2a0b5e96973c2c2c8c5afb0a07384d9104ae846436665,7e0a363aaa8dff92bee25b3dbbb161bdc88070966b5088fafe989b89d0027849,4311,2,train
13413,4312,76,Tunicata,/home/tahiti/MARINE_DATASETS/FathomNet_FGVC2025/data/rois/4312_13413.png,/home/tahiti/MARINE_DATASETS/FathomNet_FGVC2025/data/images/4312.png,80dd1918aa88e18fd97b46b6edd882a3f7d22e1ac4565958d5af42aea4b7fa14,76b50f459e209ae5ae0735f583cadbd5f10a59dcb36548e23a8da6d1e6c59425,4312,4,train
13439,4327,53,Pannychia moseleyi,/home/tahiti/MARINE_DATASETS/FathomNet_FGVC2025/data/rois/4327_13439.png,/home/tahiti/MARINE_DATASETS/FathomNet_FGVC2025/data/images/4327.png,5328b8b0f93230913411705e8ca69b248e763e6e2e7b090f2a622df635e34ac8,941361dd7d1a3bb702507c315066a5d76f98cf07ff8fe7cd88fca6a8db2843ed,4327,1,train
13453,4335,64,Pyrosoma atlanticum,/home/tahiti/MARINE_DATASETS/FathomNet_FGVC2025/data/rois/4335_13453.png,/home/tahiti/MARINE_DATASETS/FathomNet_FGVC2025/data/images/4335.png,41d3d4216ad2a32e8b257cc512e53a1eb857fb5eeef5f7052fec7fe0d25481d2,fbd64a7cfac4df92e9bd7487e31b9efb03d5221bb4ca9759930494662d57ab51,4335,2,train
13457,4336,2,Acanthascinae,/home/tahiti/MARINE_DATASETS/FathomNet_FGVC2025/data/rois/4336_13457.png,/home/tahiti/MARINE_DATASETS/FathomNet_FGVC2025/data/images/4336.png,10b4de2b2b3bfa7164a79c1f388044b516fd6da0f4e04244eea4989fc4c65fe3,f5dfe01477b324d60be366f486c6e0d848c819959572760d1f85497c7dcc73bc,4336,2,train
13499,4351,63,Ptychogastria polaris,/home/tahiti/MARINE_DATASETS/FathomNet_FGVC2025/data/rois/4351_13499.png,/home/tahiti/MARINE_DATASETS/FathomNet_FGVC2025/data/images/4351.png,97009f7ddfa8b9cab349a753bb54c9565f843f8452724477c181f3b8de5f3815,e1951483b15cb71d2c11031027270456bdc7cd2602dd41c57084851d9f36dbce,4351,1,train
13508,4351,76,Tunicata,/home/tahiti/MARINE_DATASETS/FathomNet_FGVC2025/data/rois/4351_13508.png,/home/tahiti/MARINE_DATASETS/FathomNet_FGVC2025/data/images/4351.png,f0b072910dad4e5ddb24f302290f2408f1cb054de67d4529f8654b4db61cc62e,e1951483b15cb71d2c11031027270456bdc7cd2602dd41c57084851d9f36dbce,4351,1,train
13549,4369,40,Mediaster aequalis,/home/tahiti/MARINE_DATASETS/FathomNet_FGVC2025/data/rois/4369_13549.png,/home/tahiti/MARINE_DATASETS/FathomNet_FGVC2025/data/images/4369.png,71e41b538878d8fbc9ae1cdb71c02a043eba8fb1c91a0bfb9677f1b1fd98aa94,457c55d299d4dab6bbb329b6bf1dea157405f69d9faa58cee78a59a811c24234,4369,6,train
13554,4370,29,Heteropolypus ritteri,/home/tahiti/MARINE_DATASETS/FathomNet_FGVC2025/data/rois/4370_13554.png,/home/tahiti/MARINE_DATASETS/FathomNet_FGVC2025/data/images/4370.png,61ccf52cacaa4a412b655ec461c4a74490851f9e68040d4894ed7e81fb0f5a1b,44a368ceaeba8647b4e5ac1f62144d4e48a051047811e1744b73c84185733205,4370,6,train
13555,4370,10,Asbestopluma monticola,/home/tahiti/MARINE_DATASETS/FathomNet_FGVC2025/data/rois/4370_13555.png,/home/tahiti/MARINE_DATASETS/FathomNet_FGVC2025/data/images/4370.png,58e4806a4ec28b2eef7170196d20c555ab555f4257a6858a08f43e25c3c1b059,44a368ceaeba8647b4e5ac1f62144d4e48a051047811e1744b73c84185733205,4370,6,train
13568,4371,10,Asbestopluma monticola,/home/tahiti/MARINE_DATASETS/FathomNet_FGVC2025/data/rois/4371_13568.png,/home/tahiti/MARINE_DATASETS/FathomNet_FGVC2025/data/images/4371.png,5a692faa73962f4aa1922e05a94460c9723c6ed77b35d07df4fdcd742c821d74,e7ab79d0eb1d1dbe649e11064e70df91632d084d4af681a75bd07cb9a2dd3627,4371,6,train
13605,4383,38,Liponema brevicorne,/home/tahiti/MARINE_DATASETS/FathomNet_FGVC2025/data/rois/4383_13605.png,/home/tahiti/MARINE_DATASETS/FathomNet_FGVC2025/data/images/4383.png,939a4017f46253d0cc3dad2270aa5c87e976f3bd9ead0de85e5f285427774e83,1e87fae320c117ff2ad16a39f330e69ac20e55f03bb1b2f7ddeaecbecfc8b41f,4383,6,train
13609,4386,35,Isididae,/home/tahiti/MARINE_DATASETS/FathomNet_FGVC2025/data/rois/4386_13609.png,/home/tahiti/MARINE_DATASETS/FathomNet_FGVC2025/data/images/4386.png,038cfc8153a86e002087ec6994b7743953f61c3a9876fc70af7c5c6de84c869d,3a7cc09b7d3bb7ae46318e1d188eb0af985cca5d5d5a16a5b89bb067cbebbed0,4386,0,train
13623,4392,19,Crinoidea,/home/tahiti/MARINE_DATASETS/FathomNet_FGVC2025/data/rois/4392_13623.png,/home/tahiti/MARINE_DATASETS/FathomNet_FGVC2025/data/images/4392.png,921f76b804ac91cc037527c88ea91b0283e397b1a855ab97189706ae780d085b,30110878f2e2ebb80ebb33ca3632363d6114955bee3b25b3e71e9a84d0bba1a9,4392,6,train
13630,4397,53,Pannychia moseleyi,/home/tahiti/MARINE_DATASETS/FathomNet_FGVC2025/data/rois/4397_13630.png,/home/tahiti/MARINE_DATASETS/FathomNet_FGVC2025/data/images/4397.png,a68720fcb157794d2b7745c820f59a4ee04a782cb3b9bf5e53b717e4c079bfb6,7ad1d0d9ee98b9def6972bae84f3034f1aa3b22a0a748b08c6786aec924d475f,4397,2,train
13636,4401,53,Pannychia moseleyi,/home/tahiti/MARINE_DATASETS/FathomNet_FGVC2025/data/rois/4401_13636.png,/home/tahiti/MARINE_DATASETS/FathomNet_FGVC2025/data/images/4401.png,b77d053b02f2cd4ca377c244af87e6e68a4b0e4a79c0a5f41f36dce7fcb2f6e4,f94a1e6c10dbce5a578e5ffea183fc2d7ed88811272082e72f53b96054997882,4401,6,train
13653,4409,14,Caridea,/home/tahiti/MARINE_DATASETS/FathomNet_FGVC2025/data/rois/4409_13653.png,/home/tahiti/MARINE_DATASETS/FathomNet_FGVC2025/data/images/4409.png,64a4d9ff2e753df053f10811753d171aa312265a091d539580837f88f1e7c44e,49f06ca074755ae6b25f2c6e76195ae12a869b90a4b212a52f21060fd80d4a70,4409,0,train
13669,4416,57,Parastenella,/home/tahiti/MARINE_DATASETS/FathomNet_FGVC2025/data/rois/4416_13669.png,/home/tahiti/MARINE_DATASETS/FathomNet_FGVC2025/data/images/4416.png,9c705ce62552d26bea199e41a9a53aa45248e6c0e07eb78a7b015834a0248d82,6b99b4869456b833677e588f50c8420708d22d7dc4f347508cba6cb80475d75f,4416,2,train
13672,4416,2,Acanthascinae,/home/tahiti/MARINE_DATASETS/FathomNet_FGVC2025/data/rois/4416_13672.png,/home/tahiti/MARINE_DATASETS/FathomNet_FGVC2025/data/images/4416.png,4e96eec5e46be87f8a76998d98c3be3973efac6cd4c6481e6868be14973c1c5c,6b99b4869456b833677e588f50c8420708d22d7dc4f347508cba6cb80475d75f,4416,2,train
13692,4425,25,Gastropoda,/home/tahiti/MARINE_DATASETS/FathomNet_FGVC2025/data/rois/4425_13692.png,/home/tahiti/MARINE_DATASETS/FathomNet_FGVC2025/data/images/4425.png,55ade8edd08ae3328cd7281a5eb81d5e2d584d42fd3b200e3f4a73e333e8e080,47e8d4e8753f7e9fda3278a9145b1faff6bc662652dff4adb5d3ffb0d2653e61,4425,2,train
13697,4425,19,Crinoidea,/home/tahiti/MARINE_DATASETS/FathomNet_FGVC2025/data/rois/4425_13697.png,/home/tahiti/MARINE_DATASETS/FathomNet_FGVC2025/data/images/4425.png,5ae47036d684ce5152070aee716a7cf05fff2c27ef4fb8807631c37b78453352,47e8d4e8753f7e9fda3278a9145b1faff6bc662652dff4adb5d3ffb0d2653e61,4425,2,train
13702,4428,22,Farrea,/home/tahiti/MARINE_DATASETS/FathomNet_FGVC2025/data/rois/4428_13702.png,/home/tahiti/MARINE_DATASETS/FathomNet_FGVC2025/data/images/4428.png,6adcae5d543d2f74a6b45caeb465af56729fbc9ea98347f00cbaa551c89a3439,78fed60dd6954f3310c763c709fea676225a33030f493968525732344553bc1c,4428,0,train
13706,4431,47,Octopus rubescens,/home/tahiti/MARINE_DATASETS/FathomNet_FGVC2025/data/rois/4431_13706.png,/home/tahiti/MARINE_DATASETS/FathomNet_FGVC2025/data/images/4431.png,302ac6f94a9ab959fe59c6b73c5519c6927762e790bcfbc0737ec17467cf4ef7,5802bbee8cafd40bc7281420a019301e46a165e2a12d498e2a30e7efab49d0df,4431,0,train
13720,4436,54,Paragorgia,/home/tahiti/MARINE_DATASETS/FathomNet_FGVC2025/data/rois/4436_13720.png,/home/tahiti/MARINE_DATASETS/FathomNet_FGVC2025/data/images/4436.png,fc18b912a9d79310d64f5e45554434d1e4d045ab65d778eae3e37ebc12f85187,9665bac0ff2209e2d57b4c5bae21f61ceb93f3951a4b77fb103a278f636c2380,4436,1,train
13733,4443,22,Farrea,/home/tahiti/MARINE_DATASETS/FathomNet_FGVC2025/data/rois/4443_13733.png,/home/tahiti/MARINE_DATASETS/FathomNet_FGVC2025/data/images/4443.png,acf07361a62a00e0df4295983ed3061068ae584574030cd721cca8f0b77e3d9c,929f4da822ba3f88036b81924c7c05dccbc791056a2e4fd635460faf84c4a054,4443,0,train
13740,4444,10,Asbestopluma monticola,/home/tahiti/MARINE_DATASETS/FathomNet_FGVC2025/data/rois/4444_13740.png,/home/tahiti/MARINE_DATASETS/FathomNet_FGVC2025/data/images/4444.png,a0c4667c25327c0770e5bd093cbb6b677939fddd977611cc580e33e70777db3d,23a269ab326b985cf0cb6d8bdc326efe96803d610237ff77cf7a849515e2a3b2,4444,4,train
13747,4444,56,Paralomis multispina,/home/tahiti/MARINE_DATASETS/FathomNet_FGVC2025/data/rois/4444_13747.png,/home/tahiti/MARINE_DATASETS/FathomNet_FGVC2025/data/images/4444.png,91317f40177046351dde83e18ede55e0ce237bd8fae663763f8f6f32da883e68,23a269ab326b985cf0cb6d8bdc326efe96803d610237ff77cf7a849515e2a3b2,4444,4,train
13754,4446,25,Gastropoda,/home/tahiti/MARINE_DATASETS/FathomNet_FGVC2025/data/rois/4446_13754.png,/home/tahiti/MARINE_DATASETS/FathomNet_FGVC2025/data/images/4446.png,6ca5b61b18e046443e5a1b3738a6a526aa0d39a6a0f0ea170662227e9fe7a513,ed1c29734094880bc2af70e482d6c3ebcda56065cb295b2c619882fa007d92b9,4446,4,train
13767,4450,26,Gersemia juliepackardae,/home/tahiti/MARINE_DATASETS/FathomNet_FGVC2025/data/rois/4450_13767.png,/home/tahiti/MARINE_DATASETS/FathomNet_FGVC2025/data/images/4450.png,00ce6f4aa0046cd337d31a4fd82470802b2bee426d5f838906f16567f947122d,304236d5aa514b8dcfe9218f3d0c1dee0308a2a48fa7908c628dd8832e25ddc1,4450,6,train
13770,4452,51,Pandalus amplus,/home/tahiti/MARINE_DATASETS/FathomNet_FGVC2025/data/rois/4452_13770.png,/home/tahiti/MARINE_DATASETS/FathomNet_FGVC2025/data/images/4452.png,a30f0d59f20d7ddb3e37635fb105b44f283031c4a1514d2a1b4670b583a7e03a,6ee6def20bdfc1517f11edaee511c917373e6d0217a93f80af48a5245df94020,4452,6,train
13782,4456,24,Funiculina,/home/tahiti/MARINE_DATASETS/FathomNet_FGVC2025/data/rois/4456_13782.png,/home/tahiti/MARINE_DATASETS/FathomNet_FGVC2025/data/images/4456.png,262b3b84c44859459cfb4c84d985a62e08d42aea31050113e72f88a996987eb9,853c091c938fb30028aede6dd2301f423b94410126a0f6ad819aa27f13978795,4456,6,train
13784,4456,24,Funiculina,/home/tahiti/MARINE_DATASETS/FathomNet_FGVC2025/data/rois/4456_13784.png,/home/tahiti/MARINE_DATASETS/FathomNet_FGVC2025/data/images/4456.png,11a5b82412fc8ebcea86d75a7c7690d634b47b21696846daafd82bb75062ac71,853c091c938fb30028aede6dd2301f423b94410126a0f6ad819aa27f13978795,4456,6,train
13796,4460,22,Farrea,/home/tahiti/MARINE_DATASETS/FathomNet_FGVC2025/data/rois/4460_13796.png,/home/tahiti/MARINE_DATASETS/FathomNet_FGVC2025/data/images/4460.png,af2b70e8f2521f062988bd01267f13cd5333e454083d52509185ee6f4e3f13fd,d7ff5efa97e328307fbad72c2f8036af3739e7fd4837809f5a54052746262989,4460,4,train
13836,4478,32,Holothuroidea,/home/tahiti/MARINE_DATASETS/FathomNet_FGVC2025/data/rois/4478_13836.png,/home/tahiti/MARINE_DATASETS/FathomNet_FGVC2025/data/images/4478.png,10daeec0e7e43df5188dacc55ab98ea554dc585e619c647937e00236f6087f2d,41760f30e1740631fd47ddf26f9d68dc342e279af6e4feeab76114d87866a4d6,4478,0,train
13879,4500,42,Metridium farcimen,/home/tahiti/MARINE_DATASETS/FathomNet_FGVC2025/data/rois/4500_13879.png,/home/tahiti/MARINE_DATASETS/FathomNet_FGVC2025/data/images/4500.png,8f71e0bb45e410cd5edfb51a90b9f796a10eb353be5b558d105b503d6df07531,486a8e7ba5010224d3d9f4e9fab7a6416b640fba72ffacaf5c343b2a754c6f79,4500,0,train
13914,4517,45,Munnopsidae,/home/tahiti/MARINE_DATASETS/FathomNet_FGVC2025/data/rois/4517_13914.png,/home/tahiti/MARINE_DATASETS/FathomNet_FGVC2025/data/images/4517.png,493123dd9096d8af00bab52eec96ef37a2c2f2ecb3f3b4e4496854683d24114d,794134fb89825ba757e2981921b688e98ccc8fba3e78fd6cb0bdfffda721d6b1,4517,2,train
13920,4520,36,Isosicyonis,/home/tahiti/MARINE_DATASETS/FathomNet_FGVC2025/data/rois/4520_13920.png,/home/tahiti/MARINE_DATASETS/FathomNet_FGVC2025/data/images/4520.png,900dff4d9273b5c458b3d1068db4d185dcb8ac851e988cb37992a7935dea3e17,309a98da97a1519d0388ab77351a2afcec50052c2a9c19150abb5f8b9047558b,4520,2,train
13952,4531,26,Gersemia juliepackardae,/home/tahiti/MARINE_DATASETS/FathomNet_FGVC2025/data/rois/4531_13952.png,/home/tahiti/MARINE_DATASETS/FathomNet_FGVC2025/data/images/4531.png,05d8cb1478ba200ad258dd924df9fa582d9debdc26f03d7cc3e4d22f13a28a61,9284750b0adf76ba9b89753bf0d894817c9180427f6470dd0b27a9793b4d85c4,4531,2,train
13967,4535,14,Caridea,/home/tahiti/MARINE_DATASETS/FathomNet_FGVC2025/data/rois/4535_13967.png,/home/tahiti/MARINE_DATASETS/FathomNet_FGVC2025/data/images/4535.png,73eed1faec72b3a5ca851f5bd68c5c5e8212e3360dce411352e76f97dcff9432,86048cc5ee79c68a341e0ccc310f591267e088c1e19b7544bfbe3d17b65ed0f7,4535,6,train
13969,4537,50,Paelopatides confundens,/home/tahiti/MARINE_DATASETS/FathomNet_FGVC2025/data/rois/4537_13969.png,/home/tahiti/MARINE_DATASETS/FathomNet_FGVC2025/data/images/4537.png,ab96fad209c19a18abefb71b4759817504a473ba40ed5afd1e9b59fe047370e8,e274f6464195e13561cb494e932526ed59b5905ddfc2b13edc71d4ea2dcf17d6,4537,6,train
14025,4554,51,Pandalus amplus,/home/tahiti/MARINE_DATASETS/FathomNet_FGVC2025/data/rois/4554_14025.png,/home/tahiti/MARINE_DATASETS/FathomNet_FGVC2025/data/images/4554.png,71f0329d9a1ddc2c8b723890f39c74e56b8a3c9ca55d72e4a50535c336954be3,47476d41d38a39124596436ef54af184a5da0d66e66d6e5bdb49f4ade74e6bea,4554,4,train
14028,4554,9,Asbestopluma,/home/tahiti/MARINE_DATASETS/FathomNet_FGVC2025/data/rois/4554_14028.png,/home/tahiti/MARINE_DATASETS/FathomNet_FGVC2025/data/images/4554.png,9789ded2a1f5e98568471cae1e9f4aaa473dd1c284dfe131867cf182a6660f82,47476d41d38a39124596436ef54af184a5da0d66e66d6e5bdb49f4ade74e6bea,4554,4,train
14032,4555,33,Hormathiidae,/home/tahiti/MARINE_DATASETS/FathomNet_FGVC2025/data/rois/4555_14032.png,/home/tahiti/MARINE_DATASETS/FathomNet_FGVC2025/data/images/4555.png,f7f4f0f2f53a4d5a84514a91240eb5358cebe8ddf7f7107dbd5de0247631dd46,afefc544c73b13a6771dfc51bb9c5eb06b1289e3c25c9df43a1205fd9449564e,4555,6,train
14046,4560,54,Paragorgia,/home/tahiti/MARINE_DATASETS/FathomNet_FGVC2025/data/rois/4560_14046.png,/home/tahiti/MARINE_DATASETS/FathomNet_FGVC2025/data/images/4560.png,8fc6832b3c0417381c6c06d2ff60e27f9f3613315e19dceb2f97c2998487fa6b,68abbf076b868ab84c1a7ac1efc3e6e8a74e4342f415136fdd97492b0aa5073a,4560,6,train
14062,4564,50,Paelopatides confundens,/home/tahiti/MARINE_DATASETS/FathomNet_FGVC2025/data/rois/4564_14062.png,/home/tahiti/MARINE_DATASETS/FathomNet_FGVC2025/data/images/4564.png,d6fa3e24e0d4b28a603e7802d88dc7663c225ee00e8e0806fddf1f90233e27e7,4703e159fba3d2e83b2cd0e5578f2e5fee1977e0d3da867787b641865a6f4e63,4564,2,train
14067,4565,23,Florometra serratissima,/home/tahiti/MARINE_DATASETS/FathomNet_FGVC2025/data/rois/4565_14067.png,/home/tahiti/MARINE_DATASETS/FathomNet_FGVC2025/data/images/4565.png,18bdc778fadaa8292340ddbe89fd85aa459f1d396e5f38d9e1fe36a70bd839ad,9bf2adff48d0ed4cb478468d4df6eb98b74635c2a9aaa7659567aa9b7bb06499,4565,0,train
14084,4568,21,Elpidia,/home/tahiti/MARINE_DATASETS/FathomNet_FGVC2025/data/rois/4568_14084.png,/home/tahiti/MARINE_DATASETS/FathomNet_FGVC2025/data/images/4568.png,e3b633eec843a8b89ba0ea426c732d8ca32756b95f522fddedc49461034f2ae1,0fd9226d21f91c4034994f09df4befcb5c4a126546fd1fd67f91784b7623f597,4568,6,train
14127,4589,78,Vesicomyidae,/home/tahiti/MARINE_DATASETS/FathomNet_FGVC2025/data/rois/4589_14127.png,/home/tahiti/MARINE_DATASETS/FathomNet_FGVC2025/data/images/4589.png,af85f194dc25115ed1057f632b99fecef08f7f34531c96523153ca066c1a27bd,396458c6fc052a60dde109174f2ea1d4dfa30346b2e13fe3f024e0a61a344385,4589,2,train
14215,4618,43,Microstomus pacificus,/home/tahiti/MARINE_DATASETS/FathomNet_FGVC2025/data/rois/4618_14215.png,/home/tahiti/MARINE_DATASETS/FathomNet_FGVC2025/data/images/4618.png,a6a47178135310ee724b958e38e7a2c3be46460bcb48f26a4c75a68500a233cd,67ef0a1d123aa739b42b14abc89e299c7c588046af0a02e5bc63b9ff6026debd,4618,0,train
14219,4620,69,Sebastes,/home/tahiti/MARINE_DATASETS/FathomNet_FGVC2025/data/rois/4620_14219.png,/home/tahiti/MARINE_DATASETS/FathomNet_FGVC2025/data/images/4620.png,6769c2244ba17f4409ce63d8d9edb0f03e8fa117b792b6200085ef882fffd220,795a7a1feacca778d385b1788c3d5a10dc1d5b5db44187657adca485b084d1ff,4620,6,train
14260,4640,78,Vesicomyidae,/home/tahiti/MARINE_DATASETS/FathomNet_FGVC2025/data/rois/4640_14260.png,/home/tahiti/MARINE_DATASETS/FathomNet_FGVC2025/data/images/4640.png,aa3443c9e8eee2907aeb24040ad872d0cacfdc0a2678e64822945cd885b9926e,1915f0377288d4ac07bb5e5663f6694c8783054f23cbaa16f83ed31eaeb94eae,4640,0,train
14271,4647,45,Munnopsidae,/home/tahiti/MARINE_DATASETS/FathomNet_FGVC2025/data/rois/4647_14271.png,/home/tahiti/MARINE_DATASETS/FathomNet_FGVC2025/data/images/4647.png,9336cb9e685673479ee6fabb1c63e81344768060c67f0399907bc2786689dfa9,de57d7055185739de4641ccc2a6ff158fba1be2fa4e17b41e2e340cd0f87889d,4647,2,train
14284,4654,19,Crinoidea,/home/tahiti/MARINE_DATASETS/FathomNet_FGVC2025/data/rois/4654_14284.png,/home/tahiti/MARINE_DATASETS/FathomNet_FGVC2025/data/images/4654.png,739ffd207a2ab805fd220ef9196f2d652ea5bced97c83aee31b8a6bd4ee8da50,a9eed8cafadbb79c9e28e26634c5eb345ac16379df71144372108a58fe046c77,4654,0,train
14294,4656,51,Pandalus amplus,/home/tahiti/MARINE_DATASETS/FathomNet_FGVC2025/data/rois/4656_14294.png,/home/tahiti/MARINE_DATASETS/FathomNet_FGVC2025/data/images/4656.png,adfc9cc59c0d1699b602c9855b9ad994c24bdee43adedf0ca86efa51215e99f6,dd3adba1957960135e316ba2011fb448e496c1009806d3e4e742e67aeb30878d,4656,6,train
14305,4660,54,Paragorgia,/home/tahiti/MARINE_DATASETS/FathomNet_FGVC2025/data/rois/4660_14305.png,/home/tahiti/MARINE_DATASETS/FathomNet_FGVC2025/data/images/4660.png,1c5df53389600ff9d5d7325cc1ed4b703656e4cdbc5b9c6d0f4ca858a7faffaa,430d64a0408c60c3ea5ceb36c7ded66cd448f7e0bb74cde5fd4a81612702f468,4660,1,train
14344,4667,47,Octopus rubescens,/home/tahiti/MARINE_DATASETS/FathomNet_FGVC2025/data/rois/4667_14344.png,/home/tahiti/MARINE_DATASETS/FathomNet_FGVC2025/data/images/4667.png,4f32b2d9b89c11807c4206ffd0b6bfd003d430af7640430c7fd5bfaeed8506f5,edee0558f56e0640928f4e91eb7a7b8dbaf5d629fec8374b93989356164cbbf6,4667,6,train
14365,4679,29,Heteropolypus ritteri,/home/tahiti/MARINE_DATASETS/FathomNet_FGVC2025/data/rois/4679_14365.png,/home/tahiti/MARINE_DATASETS/FathomNet_FGVC2025/data/images/4679.png,b68ea47fe898bfd9b1694094656ddb3d525e8cae30adfce1caddf5e90267abdd,d4697cbce184477bc14b5d067ec9ab57b0d7915697b850afa659b09834d5cd5c,4679,6,train
14406,4695,10,Asbestopluma monticola,/home/tahiti/MARINE_DATASETS/FathomNet_FGVC2025/data/rois/4695_14406.png,/home/tahiti/MARINE_DATASETS/FathomNet_FGVC2025/data/images/4695.png,da316e336c40fdf2ef666882cf827ababeb19044cb08aa17eee426d0c8ff16d2,fa0b47b5cde0f09a7a94fb612195fcfd761f35824b5d0c7ff602d554c513f847,4695,2,train
14409,4696,52,Pandalus platyceros,/home/tahiti/MARINE_DATASETS/FathomNet_FGVC2025/data/rois/4696_14409.png,/home/tahiti/MARINE_DATASETS/FathomNet_FGVC2025/data/images/4696.png,dfeafd23df62dca14a66c3717b9c276d13bf8336f6608fa549a9445b63330112,6f397d0a13a647adff8ed1e65d7ef20f7ceef08e750f3a1cfe50f4ded3539ec9,4696,1,train
14422,4702,25,Gastropoda,/home/tahiti/MARINE_DATASETS/FathomNet_FGVC2025/data/rois/4702_14422.png,/home/tahiti/MARINE_DATASETS/FathomNet_FGVC2025/data/images/4702.png,debc5fb2a87562acf6268c3911a6ca8c91b1dcc635896ce85c0f403ac34227eb,f1a98ac75c6609e15d3b3fc420f71ff56e0b1fca27869ee9da7a17324f73bac9,4702,1,train
14435,4711,43,Microstomus pacificus,/home/tahiti/MARINE_DATASETS/FathomNet_FGVC2025/data/rois/4711_14435.png,/home/tahiti/MARINE_DATASETS/FathomNet_FGVC2025/data/images/4711.png,5654ad2669ac613d7a3d06cca21ab8d2bd042979eca110846d9b2d4d15e85ea6,67e5e014b64843c375cdc3c94d2c3356b60e0fd58de9f36a5b390711a8cdbd7b,4711,0,train
14439,4711,46,Mycale,/home/tahiti/MARINE_DATASETS/FathomNet_FGVC2025/data/rois/4711_14439.png,/home/tahiti/MARINE_DATASETS/FathomNet_FGVC2025/data/images/4711.png,19cfca2530742b733e04ffa90d6b4a0e863fc2bb27cf1d3f3638e9a87969bddd,67e5e014b64843c375cdc3c94d2c3356b60e0fd58de9f36a5b390711a8cdbd7b,4711,0,train
14465,4715,43,Microstomus pacificus,/home/tahiti/MARINE_DATASETS/FathomNet_FGVC2025/data/rois/4715_14465.png,/home/tahiti/MARINE_DATASETS/FathomNet_FGVC2025/data/images/4715.png,5bd58ed9dc6c9e46aba830f21d8f66079f55453c3db3089f8b9e746fb66fc0e0,1068ecd5017c18567e8b9582b8abc76aef2f7eabff1d9df5ecc250c646cc0d85,4715,4,train
14486,4726,33,Hormathiidae,/home/tahiti/MARINE_DATASETS/FathomNet_FGVC2025/data/rois/4726_14486.png,/home/tahiti/MARINE_DATASETS/FathomNet_FGVC2025/data/images/4726.png,dc10495c667ddfdb54a453ccdd514d51f72794d0f6c7d5077ba7730e0c0cab0e,660d99f13a932fd0268402b6276460a22bf6610c2f7a7f905febaf7850f9d494,4726,2,train
14488,4726,51,Pandalus amplus,/home/tahiti/MARINE_DATASETS/FathomNet_FGVC2025/data/rois/4726_14488.png,/home/tahiti/MARINE_DATASETS/FathomNet_FGVC2025/data/images/4726.png,a89df0cc5f2179e2419edf02ceb55f2f586e84ffda79a9668a88e02e2b54bfe9,660d99f13a932fd0268402b6276460a22bf6610c2f7a7f905febaf7850f9d494,4726,2,train
14531,4749,25,Gastropoda,/home/tahiti/MARINE_DATASETS/FathomNet_FGVC2025/data/rois/4749_14531.png,/home/tahiti/MARINE_DATASETS/FathomNet_FGVC2025/data/images/4749.png,676b139fce457e467d06aab3f5f56f891bea7302f699ee2a27bb68b3370fdea7,7d4e414cc489ac8ef3f510a1ce2e560a10505539f12badd22b2ec3b083f73088,4749,2,train
14538,4754,33,Hormathiidae,/home/tahiti/MARINE_DATASETS/FathomNet_FGVC2025/data/rois/4754_14538.png,/home/tahiti/MARINE_DATASETS/FathomNet_FGVC2025/data/images/4754.png,ec1c88e2faa187ea30da8c5f2fa4d736b9034d5e5144b7de2fe32eca812c2399,769f9d182d5d2ebbc9426ef6783274e9ffdccb1bbd282abf91ed76aa0653003f,4754,2,train
14542,4755,6,Actinopterygii,/home/tahiti/MARINE_DATASETS/FathomNet_FGVC2025/data/rois/4755_14542.png,/home/tahiti/MARINE_DATASETS/FathomNet_FGVC2025/data/images/4755.png,caa69a0c60d115e0be08bb21d5f57565e18d1706971b1b62f5e81cfb73765865,1144742b6d769b2ec0307723c92fb3cf4674ab5f68a48527c7d5540f293f065c,4755,2,train
14552,4761,57,Parastenella,/home/tahiti/MARINE_DATASETS/FathomNet_FGVC2025/data/rois/4761_14552.png,/home/tahiti/MARINE_DATASETS/FathomNet_FGVC2025/data/images/4761.png,59f0a247922914e2e8041204a420936ae9853fa7d93ad3c7a8f77a7668687332,e1f573b52874b2ea9598db9eeba1f7dec76898470ceb25c860196e236b5bfa68,4761,0,train
14567,4766,17,Chorilia longipes,/home/tahiti/MARINE_DATASETS/FathomNet_FGVC2025/data/rois/4766_14567.png,/home/tahiti/MARINE_DATASETS/FathomNet_FGVC2025/data/images/4766.png,2a617bb706adb350270ff9b7b8bd1c001c2872944db4e6934a467d6a3f325b26,079a6786e4415d79213780584f18c95f3d2fcac01f38cd3a1ab7ae5b92766ac8,4766,6,train
14570,4767,51,Pandalus amplus,/home/tahiti/MARINE_DATASETS/FathomNet_FGVC2025/data/rois/4767_14570.png,/home/tahiti/MARINE_DATASETS/FathomNet_FGVC2025/data/images/4767.png,7e4cda86d64f0616abc27ba57d9c13784be05c5aca8c3e0eafdc7faa3186d4fa,85f760812c4be6d559d018aeedc8eef9006217665d690049c69c873d7584a6d1,4767,4,train
14587,4778,22,Farrea,/home/tahiti/MARINE_DATASETS/FathomNet_FGVC2025/data/rois/4778_14587.png,/home/tahiti/MARINE_DATASETS/FathomNet_FGVC2025/data/images/4778.png,c20cb6562771cf108f1c9298cb76808c7b2abce073ead80c92384bfb88c37f6a,2552b3cbc3137a889fa7e6f0edff3ab01ae978ec1cd95692b490fee72f26f140,4778,6,train
14608,4786,21,Elpidia,/home/tahiti/MARINE_DATASETS/FathomNet_FGVC2025/data/rois/4786_14608.png,/home/tahiti/MARINE_DATASETS/FathomNet_FGVC2025/data/images/4786.png,969dc20c98594b63a51b9b4b217fbe6cce9d0b9b33211149b548ccc7214bd393,5d1cb1ebbf0586703a6e9fb223eaba02ac9db5a76dc4c50e5f5c52b68bc08529,4786,2,train
14616,4787,56,Paralomis multispina,/home/tahiti/MARINE_DATASETS/FathomNet_FGVC2025/data/rois/4787_14616.png,/home/tahiti/MARINE_DATASETS/FathomNet_FGVC2025/data/images/4787.png,2c1b59481509a0e05511cfe1341ca39c5bf51675e07e01f6c377e829789d8ce2,6da63df11e99e1cc969886f557a7d5f327813cfbcce3abc4e4e654bc27c9e98c,4787,0,train
14620,4787,56,Paralomis multispina,/home/tahiti/MARINE_DATASETS/FathomNet_FGVC2025/data/rois/4787_14620.png,/home/tahiti/MARINE_DATASETS/FathomNet_FGVC2025/data/images/4787.png,be9a5fe56e1e2a6b6ed88c672d6f0097a1391cebadc71c28cf30e81783cdef8a,6da63df11e99e1cc969886f557a7d5f327813cfbcce3abc4e4e654bc27c9e98c,4787,0,train
14624,4789,8,Apostichopus leukothele,/home/tahiti/MARINE_DATASETS/FathomNet_FGVC2025/data/rois/4789_14624.png,/home/tahiti/MARINE_DATASETS/FathomNet_FGVC2025/data/images/4789.png,3ae1b5530168644c2c1a0d47d7dfdc43b36da1668422b59ecdfde05a8efc4d47,bb154f346af381dbabf6c75fdc84cae449dca1ea265fbbe86c6e3ae9273bf597,4789,6,train
14657,4793,9,Asbestopluma,/home/tahiti/MARINE_DATASETS/FathomNet_FGVC2025/data/rois/4793_14657.png,/home/tahiti/MARINE_DATASETS/FathomNet_FGVC2025/data/images/4793.png,483b1012351653ec224f3955537ebec864a295d3f277704158e5aae44843159b,33a1fded99983266042f3f4af757c412382f6ea1b2b1d5d50b023a0b4e6657f0,4793,4,train
14660,4793,9,Asbestopluma,/home/tahiti/MARINE_DATASETS/FathomNet_FGVC2025/data/rois/4793_14660.png,/home/tahiti/MARINE_DATASETS/FathomNet_FGVC2025/data/images/4793.png,c62c21405c932e907d4be9c3279e79e22a777a41a12fef4611249acbf298a783,33a1fded99983266042f3f4af757c412382f6ea1b2b1d5d50b023a0b4e6657f0,4793,4,train
14684,4803,59,Pennatula phosphorea,/home/tahiti/MARINE_DATASETS/FathomNet_FGVC2025/data/rois/4803_14684.png,/home/tahiti/MARINE_DATASETS/FathomNet_FGVC2025/data/images/4803.png,798846d3e6756655e440aec896ee3bb9fd2610d3270f173e6414139d85db3912,0d501fa13721ae2b8f3c0e931c34f18f545d35be7d6d9342f206476d30c61ad6,4803,6,train
14685,4803,59,Pennatula phosphorea,/home/tahiti/MARINE_DATASETS/FathomNet_FGVC2025/data/rois/4803_14685.png,/home/tahiti/MARINE_DATASETS/FathomNet_FGVC2025/data/images/4803.png,04516f6459b2d88ebe3f8cef9593d74b25be9d46c943e78f6d33493a45d7ba94,0d501fa13721ae2b8f3c0e931c34f18f545d35be7d6d9342f206476d30c61ad6,4803,6,train
14700,4812,1,Abyssocucumis abyssorum,/home/tahiti/MARINE_DATASETS/FathomNet_FGVC2025/data/rois/4812_14700.png,/home/tahiti/MARINE_DATASETS/FathomNet_FGVC2025/data/images/4812.png,5bc62a9b0f5bdb3d74374d9ae18f590e770b51f6486373810fa9fa6502b39e7f,9f8c47082212f48f8978a79f302d401b58eff9a7a45b2ab653e674bb7084f3d4,4812,6,train
14712,4819,42,Metridium farcimen,/home/tahiti/MARINE_DATASETS/FathomNet_FGVC2025/data/rois/4819_14712.png,/home/tahiti/MARINE_DATASETS/FathomNet_FGVC2025/data/images/4819.png,b9cc583fa2e0a5bf9e0ff55439bd4b32033dbe5edd96c059d3417ee08e65b6f5,428d963f3da5f385ecf3ced0e2b8d49290a7db47814d3adecbe5f597372a7c2e,4819,4,train
14735,4832,31,Hippasteria,/home/tahiti/MARINE_DATASETS/FathomNet_FGVC2025/data/rois/4832_14735.png,/home/tahiti/MARINE_DATASETS/FathomNet_FGVC2025/data/images/4832.png,000bddca25dc7b45d73400522bcc1adf595cc0276e4b72dc287dbf6e398ea03c,91751f88c3371de6d4fec4eb2dc44399b55c1fe2a3a4976e7e984fcd7fe28b6c,4832,0,train
14774,4848,53,Pannychia moseleyi,/home/tahiti/MARINE_DATASETS/FathomNet_FGVC2025/data/rois/4848_14774.png,/home/tahiti/MARINE_DATASETS/FathomNet_FGVC2025/data/images/4848.png,8024d5e543931cdca15059dfc70af983213edc3f5136ef66fee3c8239959f49e,62bfad058edf668e17602b8a7e23c29e213de687fdf72efe81075932108c9755,4848,1,train
14808,4868,8,Apostichopus leukothele,/home/tahiti/MARINE_DATASETS/FathomNet_FGVC2025/data/rois/4868_14808.png,/home/tahiti/MARINE_DATASETS/FathomNet_FGVC2025/data/images/4868.png,94929df18d9404dbe263462c6198196ed846709a82673d752af9b278226e849c,e7a9d5ae8c9cb165fc58b596b0d22c199719dae1e04497a567985c687219682c,4868,0,train
14841,4885,21,Elpidia,/home/tahiti/MARINE_DATASETS/FathomNet_FGVC2025/data/rois/4885_14841.png,/home/tahiti/MARINE_DATASETS/FathomNet_FGVC2025/data/images/4885.png,2ded59115de7db40e925b026b2306f8b13a1a7c7fa782a932bbc29dce8f28820,32724b02a9c4ce6d3e678854e04baf99e8da82ba59b170e39327c65eedfa17d5,4885,1,train
14843,4887,22,Farrea,/home/tahiti/MARINE_DATASETS/FathomNet_FGVC2025/data/rois/4887_14843.png,/home/tahiti/MARINE_DATASETS/FathomNet_FGVC2025/data/images/4887.png,a6981f0b5cc3156fc1f40fdea1f2f2e142a49829706da27a5acd9cbb426bd572,c2b4a7ee1752f86cd6dc8eeecbfe389034acaf8acd7a8bc4205654b2d1753462,4887,1,train
14862,4900,26,Gersemia juliepackardae,/home/tahiti/MARINE_DATASETS/FathomNet_FGVC2025/data/rois/4900_14862.png,/home/tahiti/MARINE_DATASETS/FathomNet_FGVC2025/data/images/4900.png,fba956f160946e987e8c1691661642ec95ad74865c7322cc18e8bdc1a75997cb,f23551135c68b288bc0ef7791fce59b884ebb3fd8bac8990af4b80e5460a3a78,4900,2,train
14868,4901,76,Tunicata,/home/tahiti/MARINE_DATASETS/FathomNet_FGVC2025/data/rois/4901_14868.png,/home/tahiti/MARINE_DATASETS/FathomNet_FGVC2025/data/images/4901.png,5ae81d851c9fbec61961ef2421d22217fbc68b3c3bed24bccadfafb6e58178b9,3e5aeb46a31b4d58e514daceaf8ae724513b36bdeeede69fa5499cd3f965113a,4901,1,train
14871,4904,1,Abyssocucumis abyssorum,/home/tahiti/MARINE_DATASETS/FathomNet_FGVC2025/data/rois/4904_14871.png,/home/tahiti/MARINE_DATASETS/FathomNet_FGVC2025/data/images/4904.png,892f6e59496beb50cce161f7a8c5dbd85f887c3ce8fdee7b6780b5a20b6366fe,e4975a064d9897a88f470f38bd54f530d2f91c4ea02bfad593649868781dec65,4904,2,train
14879,4910,14,Caridea,/home/tahiti/MARINE_DATASETS/FathomNet_FGVC2025/data/rois/4910_14879.png,/home/tahiti/MARINE_DATASETS/FathomNet_FGVC2025/data/images/4910.png,90dd9d3cd89cf654f18ac7acbca6c36ba58d13f6a1e7821b60a9742100d7dbb3,94fe05fc86b6bc57b84af5591cac95d739c3e316f56002fdea300822dacefe73,4910,0,train
14903,4919,36,Isosicyonis,/home/tahiti/MARINE_DATASETS/FathomNet_FGVC2025/data/rois/4919_14903.png,/home/tahiti/MARINE_DATASETS/FathomNet_FGVC2025/data/images/4919.png,b49155f99948057ca65a626b0e84c327aa9a0e89b7bb8a122f0fb6f85a56e92c,8f9ff5b196f841730fbc1fd6efb2d46b605a344d9f57e49488dcfba98b9d1200,4919,0,train
14905,4920,43,Microstomus pacificus,/home/tahiti/MARINE_DATASETS/FathomNet_FGVC2025/data/rois/4920_14905.png,/home/tahiti/MARINE_DATASETS/FathomNet_FGVC2025/data/images/4920.png,ecac31ae8d2c3f026d4df00373583e4e72b8a6645cdf642faa70ef4943a1670c,59c2fdf40f20844277c659bf03eed755997de46f8bebc55cecbb296b121957cd,4920,4,train
14917,4924,66,Scleractinia,/home/tahiti/MARINE_DATASETS/FathomNet_FGVC2025/data/rois/4924_14917.png,/home/tahiti/MARINE_DATASETS/FathomNet_FGVC2025/data/images/4924.png,ca4783265ab16a7eb902f0bfff55201b61b89b1842e71d8d790454f41d87ecd0,e4e4451c13f5ef009ccbb23273e77bfc679684883c5bea127a2e4c7f08b5e54f,4924,1,train
14923,4928,27,Heterocarpus,/home/tahiti/MARINE_DATASETS/FathomNet_FGVC2025/data/rois/4928_14923.png,/home/tahiti/MARINE_DATASETS/FathomNet_FGVC2025/data/images/4928.png,4e96d96a8fd314ffea5eb3714235075704bc3bec452ef631a511d2ea9886a828,fd6acdcec767b29f4ca0ae56d225e2ee6e2888ec08e34c0b86e90d72875aeecc,4928,0,train
14926,4931,77,Umbellula,/home/tahiti/MARINE_DATASETS/FathomNet_FGVC2025/data/rois/4931_14926.png,/home/tahiti/MARINE_DATASETS/FathomNet_FGVC2025/data/images/4931.png,73ffc5911b122859936a6e311cf9241e1434d454b848e80b5989058b0d950a95,439a9c10593cc4bf48448b559783b09160d6b73bfa3b2bed332e1e8d823ee2d7,4931,0,train
14940,4936,8,Apostichopus leukothele,/home/tahiti/MARINE_DATASETS/FathomNet_FGVC2025/data/rois/4936_14940.png,/home/tahiti/MARINE_DATASETS/FathomNet_FGVC2025/data/images/4936.png,facbaea13139ef8f830cc7ab498627ecb718d072b5e7b34a95753cb8ef29a2a7,bbb913ec92336b4258a4894634035276bed59b51b83612dc07202ad26a2f52ea,4936,2,train
14979,4958,42,Metridium farcimen,/home/tahiti/MARINE_DATASETS/FathomNet_FGVC2025/data/rois/4958_14979.png,/home/tahiti/MARINE_DATASETS/FathomNet_FGVC2025/data/images/4958.png,e599bc51d058cf056efbfe1fe290de154b2cf14dddfd6e6beda4aed97d073b34,8c616dced555ff8a60f6782b4c0a48b5cf6d9832b9319b7968024fc14847f0cd,4958,6,train
14982,4959,2,Acanthascinae,/home/tahiti/MARINE_DATASETS/FathomNet_FGVC2025/data/rois/4959_14982.png,/home/tahiti/MARINE_DATASETS/FathomNet_FGVC2025/data/images/4959.png,699808f3755df3b2c0a2ee5a0dcf92d8c3d78a76e9794d6b4b3399f38c2db793,f8af1ae7b5f3fdb0c44677178e20f8e4fca1e82e51bd6bb34456061330ebbed1,4959,6,train
15011,4965,48,Ophiacanthidae,/home/tahiti/MARINE_DATASETS/FathomNet_FGVC2025/data/rois/4965_15011.png,/home/tahiti/MARINE_DATASETS/FathomNet_FGVC2025/data/images/4965.png,c59777bc5497be061c708ab68fc5bb9bae65a7c04a8386cdaa6ac3f9aaa8767f,bcf053fc894d51d37b1e77d6d09665ddfb5987a1f6bc9a435a0d338d33ab0a59,4965,0,train
15025,4969,66,Scleractinia,/home/tahiti/MARINE_DATASETS/FathomNet_FGVC2025/data/rois/4969_15025.png,/home/tahiti/MARINE_DATASETS/FathomNet_FGVC2025/data/images/4969.png,af6cac721ac24b6d3018467e0c26ef03372fc3e91258d6dc3c3464dd49fba108,3763f493799269a57b5e86511540bbdf8884bc599fdd65f36f029b92c4cec9cb,4969,1,train
15029,4969,25,Gastropoda,/home/tahiti/MARINE_DATASETS/FathomNet_FGVC2025/data/rois/4969_15029.png,/home/tahiti/MARINE_DATASETS/FathomNet_FGVC2025/data/images/4969.png,f4758fb801559570e7700af965f3a94fa92641a656e6faaae9cc179956f13700,3763f493799269a57b5e86511540bbdf8884bc599fdd65f36f029b92c4cec9cb,4969,1,train
15065,4982,23,Florometra serratissima,/home/tahiti/MARINE_DATASETS/FathomNet_FGVC2025/data/rois/4982_15065.png,/home/tahiti/MARINE_DATASETS/FathomNet_FGVC2025/data/images/4982.png,c83a286785556245c83cf5833cb38a231aa003275ebbb252f7a7ae6a2ba7835e,c7d7ff461e34b5ff4212ce3f2679b4d6163a82a4b5184fcc701aae12aa166146,4982,0,train
15074,4985,39,Lithodidae,/home/tahiti/MARINE_DATASETS/FathomNet_FGVC2025/data/rois/4985_15074.png,/home/tahiti/MARINE_DATASETS/FathomNet_FGVC2025/data/images/4985.png,440f997101b2e359d43caec8e71163543d287eb6cc7ca76f87e23ea08dbd3d14,3627a0240d9332bac02d16dc62558cffbdb9b1bd354d08e4337cea985945d14c,4985,0,train
15086,4988,76,Tunicata,/home/tahiti/MARINE_DATASETS/FathomNet_FGVC2025/data/rois/4988_15086.png,/home/tahiti/MARINE_DATASETS/FathomNet_FGVC2025/data/images/4988.png,a11bc10feb4169cd945304e3445f12d7effb6c2b82820703de1f5182f85d42ec,823d6925a616f075c98f5cb74b808189349bb9258f3123a3ac7516c80f48ab6a,4988,4,train
15088,4988,76,Tunicata,/home/tahiti/MARINE_DATASETS/FathomNet_FGVC2025/data/rois/4988_15088.png,/home/tahiti/MARINE_DATASETS/FathomNet_FGVC2025/data/images/4988.png,27b0f2801b2eb28074fc17e7a8376857143df142aafb05902460fbba8828ff20,823d6925a616f075c98f5cb74b808189349bb9258f3123a3ac7516c80f48ab6a,4988,4,train
15090,4988,76,Tunicata,/home/tahiti/MARINE_DATASETS/FathomNet_FGVC2025/data/rois/4988_15090.png,/home/tahiti/MARINE_DATASETS/FathomNet_FGVC2025/data/images/4988.png,a97f763174df0c3a359b989c9893c9e8a361194cdaa05919a28fb376bb2ce9e5,823d6925a616f075c98f5cb74b808189349bb9258f3123a3ac7516c80f48ab6a,4988,4,train
15105,4993,2,Acanthascinae,/home/tahiti/MARINE_DATASETS/FathomNet_FGVC2025/data/rois/4993_15105.png,/home/tahiti/MARINE_DATASETS/FathomNet_FGVC2025/data/images/4993.png,f81eb2ea01bc2ec7f45baaf6acbaacc08fb0f95307dc57beb81faa8b72e3c6db,285e58ee61165bade6fd9cea2b1194956a84bee508d92827c3fd75c641d1df1f,4993,4,train
15152,5014,34,Isidella tentaculum,/home/tahiti/MARINE_DATASETS/FathomNet_FGVC2025/data/rois/5014_15152.png,/home/tahiti/MARINE_DATASETS/FathomNet_FGVC2025/data/images/5014.png,7da26d0fa089818a0ebf8c91e0a52e68376f95452621856809305c07f74f954f,7b90265434621376c25f76cf90f44925c4626c640e6d1dc50bceb5d3b97fa202,5014,0,train
15157,5019,17,Chorilia longipes,/home/tahiti/MARINE_DATASETS/FathomNet_FGVC2025/data/rois/5019_15157.png,/home/tahiti/MARINE_DATASETS/FathomNet_FGVC2025/data/images/5019.png,b7aab872949da9e46598f912ef04639eefd12b3f434bce5eb94ac40282158ff9,7f3820f56b70fceba1d851664eef8e703107ef621b53027c5fa8a3e8dd7d5439,5019,2,train
15218,5031,76,Tunicata,/home/tahiti/MARINE_DATASETS/FathomNet_FGVC2025/data/rois/5031_15218.png,/home/tahiti/MARINE_DATASETS/FathomNet_FGVC2025/data/images/5031.png,75f33ec7a11068c050e25512f61e015ab505580bd2d8d29908171c183374c2d1,94b83e1270e7c0bab68995b12196d1fd24bec898252864417998895951fefcb0,5031,4,train
15223,5032,6,Actinopterygii,/home/tahiti/MARINE_DATASETS/FathomNet_FGVC2025/data/rois/5032_15223.png,/home/tahiti/MARINE_DATASETS/FathomNet_FGVC2025/data/images/5032.png,8a0fc13fc508e0d1b721d64c3d5885f1e317e4aaacb2dc0816cb47bcd23bc476,5fb14504637a6e45f9504ceaa76c4b91ff7ca4b7d3284d62efa73f09643375a5,5032,1,train
15229,5036,59,Pennatula phosphorea,/home/tahiti/MARINE_DATASETS/FathomNet_FGVC2025/data/rois/5036_15229.png,/home/tahiti/MARINE_DATASETS/FathomNet_FGVC2025/data/images/5036.png,69fea7a9c7f8c1c17d517ea80dfb85e24a35d44329afac3a442c173f7005c892,62531dec29ff2e69bc84ef3dda201f7bdce9d36dc1ad2a5ad956147b5a0dd34c,5036,1,train
15248,5046,14,Caridea,/home/tahiti/MARINE_DATASETS/FathomNet_FGVC2025/data/rois/5046_15248.png,/home/tahiti/MARINE_DATASETS/FathomNet_FGVC2025/data/images/5046.png,ab9d994250fb1445b87f2363af33cb23f6b8a757c7bb249d5adc55eeacabf6dc,88f05946af82126e25c6efe36296e2cab0145cf928c462ccd2a068b6f5c5b29c,5046,0,train
15256,5048,17,Chorilia longipes,/home/tahiti/MARINE_DATASETS/FathomNet_FGVC2025/data/rois/5048_15256.png,/home/tahiti/MARINE_DATASETS/FathomNet_FGVC2025/data/images/5048.png,ba75d8df387c440c1c6cd2691ea523167edffb6c15a7eba548c10316a8f39377,33efcde116a8bd556fc929ee1456b76a1de830fbc2703c1e80c33d1a70ad41f7,5048,6,train
15262,5049,69,Sebastes,/home/tahiti/MARINE_DATASETS/FathomNet_FGVC2025/data/rois/5049_15262.png,/home/tahiti/MARINE_DATASETS/FathomNet_FGVC2025/data/images/5049.png,f385bb3732763799f8a82e032d5c75218c08df1881f240c18b0a02f82ed9f66b,e13a20fcd7d50a307f980aa324f1278fd290a4485160103389131c3862331ed8,5049,6,train
15265,5051,38,Liponema brevicorne,/home/tahiti/MARINE_DATASETS/FathomNet_FGVC2025/data/rois/5051_15265.png,/home/tahiti/MARINE_DATASETS/FathomNet_FGVC2025/data/images/5051.png,293bd020774f1c1e339bb2b56332e356bee0c217db76e60d420fada7c9c48237,4bb81fa1c14e389d9bf05b06b17bbcd6bab309332a0503eb595cd7da14ae54ce,5051,1,train
15297,5063,23,Florometra serratissima,/home/tahiti/MARINE_DATASETS/FathomNet_FGVC2025/data/rois/5063_15297.png,/home/tahiti/MARINE_DATASETS/FathomNet_FGVC2025/data/images/5063.png,0fd25ac6d5fc8f71da6c8fd7b4ab1f8a1dff37f5e2b601f257467cbd61ddc1c0,0fc8dcffb4f7bcc32410b28efba0d440aa34fd96c95d51a8203880105ca97de6,5063,4,train
15299,5063,23,Florometra serratissima,/home/tahiti/MARINE_DATASETS/FathomNet_FGVC2025/data/rois/5063_15299.png,/home/tahiti/MARINE_DATASETS/FathomNet_FGVC2025/data/images/5063.png,cc50d77b71d80d1d6e540e3254191e2b310112c5bb50e4619bc7e45172cce8c3,0fc8dcffb4f7bcc32410b28efba0d440aa34fd96c95d51a8203880105ca97de6,5063,4,train
15331,5082,36,Isosicyonis,/home/tahiti/MARINE_DATASETS/FathomNet_FGVC2025/data/rois/5082_15331.png,/home/tahiti/MARINE_DATASETS/FathomNet_FGVC2025/data/images/5082.png,2627cd50ecb001789d096530ed46463c67acdfd1439a3a84010df3f1502124ec,9a67cab27a34a6737c3ae19d43381c4b051d80eda151f0ebac5d5faee5697c8f,5082,4,train
15350,5084,69,Sebastes,/home/tahiti/MARINE_DATASETS/FathomNet_FGVC2025/data/rois/5084_15350.png,/home/tahiti/MARINE_DATASETS/FathomNet_FGVC2025/data/images/5084.png,6020240a527aa87084b381269393c54e1d0627f5979bae64fd34d992dd06b337,3b9229d4153ac5280bbe02167a1fc4a42ee97ca1f1f792b3e9fb46b57b766464,5084,2,train
15358,5088,52,Pandalus platyceros,/home/tahiti/MARINE_DATASETS/FathomNet_FGVC2025/data/rois/5088_15358.png,/home/tahiti/MARINE_DATASETS/FathomNet_FGVC2025/data/images/5088.png,305b18be3caac4aa005a99abd6feac75ae08e08935628eaa62d839297f46d2bd,12f9aaace752d36f092e0ae9ed20ec24d781aaf64e789221e8e242f9f4e1d1f4,5088,2,train
15360,5088,69,Sebastes,/home/tahiti/MARINE_DATASETS/FathomNet_FGVC2025/data/rois/5088_15360.png,/home/tahiti/MARINE_DATASETS/FathomNet_FGVC2025/data/images/5088.png,c5c4908e39b29c7dc72755e99fbaf2e42cefa7dd5755aa7478274fe6e37ab915,12f9aaace752d36f092e0ae9ed20ec24d781aaf64e789221e8e242f9f4e1d1f4,5088,2,train
15364,5088,69,Sebastes,/home/tahiti/MARINE_DATASETS/FathomNet_FGVC2025/data/rois/5088_15364.png,/home/tahiti/MARINE_DATASETS/FathomNet_FGVC2025/data/images/5088.png,f8729282b73749254fd1719fbad3a289bed6584e4c0a68a8d4490e65a33856f1,12f9aaace752d36f092e0ae9ed20ec24d781aaf64e789221e8e242f9f4e1d1f4,5088,2,train
15370,5088,52,Pandalus platyceros,/home/tahiti/MARINE_DATASETS/FathomNet_FGVC2025/data/rois/5088_15370.png,/home/tahiti/MARINE_DATASETS/FathomNet_FGVC2025/data/images/5088.png,5c3960ebb3ec19ea5ce6a4805e8ad6e88a0676148b5b848ec3be232f9fddf9c8,12f9aaace752d36f092e0ae9ed20ec24d781aaf64e789221e8e242f9f4e1d1f4,5088,2,train
15372,5088,52,Pandalus platyceros,/home/tahiti/MARINE_DATASETS/FathomNet_FGVC2025/data/rois/5088_15372.png,/home/tahiti/MARINE_DATASETS/FathomNet_FGVC2025/data/images/5088.png,76a38206222b4a867992042e741e1273f34204f215f57ccaa3d8c72c60df817a,12f9aaace752d36f092e0ae9ed20ec24d781aaf64e789221e8e242f9f4e1d1f4,5088,2,train
15375,5090,48,Ophiacanthidae,/home/tahiti/MARINE_DATASETS/FathomNet_FGVC2025/data/rois/5090_15375.png,/home/tahiti/MARINE_DATASETS/FathomNet_FGVC2025/data/images/5090.png,d520b85919cfade66745e05e4e2d752b4e645fc227ca44e582a41acbf642c0a1,33ad05d25098f6f6a505d684b5c9d312600c199632e3293b63a891739d94691f,5090,1,train
15428,5116,32,Holothuroidea,/home/tahiti/MARINE_DATASETS/FathomNet_FGVC2025/data/rois/5116_15428.png,/home/tahiti/MARINE_DATASETS/FathomNet_FGVC2025/data/images/5116.png,94948bcac94cb33d9a5a85dd91e5e53411a9c51f84182291edb70abf40900cad,352802085ba7d6643a1b043c4f01b2d4b2e49d1832cc9bd7ee8eef59318d6cd5,5116,1,train
15439,5119,63,Ptychogastria polaris,/home/tahiti/MARINE_DATASETS/FathomNet_FGVC2025/data/rois/5119_15439.png,/home/tahiti/MARINE_DATASETS/FathomNet_FGVC2025/data/images/5119.png,c74db0a250d4ebae7a3738906ff2574f244200fad625f9309d940bd0e905b14b,c2eb7eba566166cfaa853677b8b4ba81c83b887a8c9891230e254f0529ac3e11,5119,4,train
15444,5119,63,Ptychogastria polaris,/home/tahiti/MARINE_DATASETS/FathomNet_FGVC2025/data/rois/5119_15444.png,/home/tahiti/MARINE_DATASETS/FathomNet_FGVC2025/data/images/5119.png,c574e36d5c6e14a84db10a9fdb0be901db8f3356a0dcd00b12f3a4734bd540f3,c2eb7eba566166cfaa853677b8b4ba81c83b887a8c9891230e254f0529ac3e11,5119,4,train
15493,5141,50,Paelopatides confundens,/home/tahiti/MARINE_DATASETS/FathomNet_FGVC2025/data/rois/5141_15493.png,/home/tahiti/MARINE_DATASETS/FathomNet_FGVC2025/data/images/5141.png,ee744fc02621ed3f585c2cac9c7abd554fdde330d0479cbca7e19fe81cef6095,39d10663c183406a16a88a6b21e6479a3776950ba06184764b368888452abc65,5141,6,train
15553,5169,56,Paralomis multispina,/home/tahiti/MARINE_DATASETS/FathomNet_FGVC2025/data/rois/5169_15553.png,/home/tahiti/MARINE_DATASETS/FathomNet_FGVC2025/data/images/5169.png,edd148fd9bc5cd319ef1c7f89c55f208e2004adbad6a8bd1e7799cf877abe7be,58c7c4228aa552199951a602dcf7c9920def81054a82e7df20af1988f7e8a50d,5169,2,train
15565,5172,64,Pyrosoma atlanticum,/home/tahiti/MARINE_DATASETS/FathomNet_FGVC2025/data/rois/5172_15565.png,/home/tahiti/MARINE_DATASETS/FathomNet_FGVC2025/data/images/5172.png,abba6f3ff445e48b4fb822b2e2d93f23af38ea6847c27cf73795a6c68df712b6,f70c3b34ffccefb0774d32cbad29d0795ab50098bc481f637dca2586caee9671,5172,4,train
15583,5185,6,Actinopterygii,/home/tahiti/MARINE_DATASETS/FathomNet_FGVC2025/data/rois/5185_15583.png,/home/tahiti/MARINE_DATASETS/FathomNet_FGVC2025/data/images/5185.png,212f85ea8cd0b49027c29b6ed74e29f268a4c15dfcfd49e6cb8334eb8e24e0b1,7c51a69334731c8517849c4bd5301ccd721dc21732825ff673487dd0e85396c1,5185,0,train
15594,5191,76,Tunicata,/home/tahiti/MARINE_DATASETS/FathomNet_FGVC2025/data/rois/5191_15594.png,/home/tahiti/MARINE_DATASETS/FathomNet_FGVC2025/data/images/5191.png,329816d7cccf6459a40e55e94a828b685cc79aec8bc8637ebc03c920b1fcfdc8,97a305f22fc85bcd69e4e15fdbe95d3e26244cb3dbc779b40810459c5dbe7bac,5191,2,train
15612,5197,77,Umbellula,/home/tahiti/MARINE_DATASETS/FathomNet_FGVC2025/data/rois/5197_15612.png,/home/tahiti/MARINE_DATASETS/FathomNet_FGVC2025/data/images/5197.png,8c8398101a8a4fd563cd80beddbb98c53fc2c88da8d5b812869fafc4eb149230,b9a6ae6779469009e25277e4f7b6fb4872ef43f7f913162f39484dcf7f2f8da7,5197,6,train
15622,5200,32,Holothuroidea,/home/tahiti/MARINE_DATASETS/FathomNet_FGVC2025/data/rois/5200_15622.png,/home/tahiti/MARINE_DATASETS/FathomNet_FGVC2025/data/images/5200.png,c68a2cddeb2b958835e1d3477646d42a710165823affe7c4951547c059334dc0,c46f4e7dc660425fabde257924f17fe946833db4a71839a1c7e5f46af58a0d96,5200,4,train
15649,5210,27,Heterocarpus,/home/tahiti/MARINE_DATASETS/FathomNet_FGVC2025/data/rois/5210_15649.png,/home/tahiti/MARINE_DATASETS/FathomNet_FGVC2025/data/images/5210.png,163d4bdd1d95ab979147b6843076a787335d405cea38693e623fac6b6a3002c1,f3d563505e0330577d36d5b642ae5562f2a72d9e33615320da623fdb89d6dfb2,5210,6,train
15697,5218,66,Scleractinia,/home/tahiti/MARINE_DATASETS/FathomNet_FGVC2025/data/rois/5218_15697.png,/home/tahiti/MARINE_DATASETS/FathomNet_FGVC2025/data/images/5218.png,7b302d1212d1f2db72f034711ec1a5d724fb10c6ad683a33eeacce993a3ee65e,47724b1c5785f8dda58145edbf41829cc4e06ab673579066ee13afcd628d7d5d,5218,1,train
15714,5223,15,Ceriantharia,/home/tahiti/MARINE_DATASETS/FathomNet_FGVC2025/data/rois/5223_15714.png,/home/tahiti/MARINE_DATASETS/FathomNet_FGVC2025/data/images/5223.png,4094ebc12750b3cd1b19de2452dd293fe9ebe6d985fb6416bc785a600804b2d1,099cc8b736bb4bbf1d43ecc52d8772378c5dfe0f14f9b7060cbb680c6f0fb272,5223,4,train
15715,5224,56,Paralomis multispina,/home/tahiti/MARINE_DATASETS/FathomNet_FGVC2025/data/rois/5224_15715.png,/home/tahiti/MARINE_DATASETS/FathomNet_FGVC2025/data/images/5224.png,9679da793f1452e61302369d3551285fe2ffdb32126b884aafb14200c76b78c3,5b2bb654f664c6101f43beafcafb0facc244199d9688a554c87ec788e8b31731,5224,6,train
15750,5236,77,Umbellula,/home/tahiti/MARINE_DATASETS/FathomNet_FGVC2025/data/rois/5236_15750.png,/home/tahiti/MARINE_DATASETS/FathomNet_FGVC2025/data/images/5236.png,85a0a04a0c8cd52d3f8f2b466bbe3afdf20d9f077fc6eeb3d9faf07d56f06b5f,7c08a1d3e421490cb2308087c1c733229442d7caafe7d0980c6729961c46c65d,5236,6,train
15785,5252,4,Actinernus,/home/tahiti/MARINE_DATASETS/FathomNet_FGVC2025/data/rois/5252_15785.png,/home/tahiti/MARINE_DATASETS/FathomNet_FGVC2025/data/images/5252.png,e6c64a7c2863bc02506d4b52970771d8dc485ab65ff8763f1224c60634c88db7,2b06ab61e281b02b0f82708106a038008100e003f732d3d1b297ce347120cc8c,5252,0,train
15799,5262,32,Holothuroidea,/home/tahiti/MARINE_DATASETS/FathomNet_FGVC2025/data/rois/5262_15799.png,/home/tahiti/MARINE_DATASETS/FathomNet_FGVC2025/data/images/5262.png,588cd998bfe394cfc976915708d1257d2504e4fee5ac6890ceeb4606f87e5a41,088f6d1378cac22a4f822b937cdda6e4bc1bb1cd835c67ed1f452c599bd28f67,5262,1,train
15800,5262,76,Tunicata,/home/tahiti/MARINE_DATASETS/FathomNet_FGVC2025/data/rois/5262_15800.png,/home/tahiti/MARINE_DATASETS/FathomNet_FGVC2025/data/images/5262.png,024756e7ea379d34b32f98f1eb3248a368e81618afc497f1cd396ddef35d0e5a,088f6d1378cac22a4f822b937cdda6e4bc1bb1cd835c67ed1f452c599bd28f67,5262,1,train
15802,5263,52,Pandalus platyceros,/home/tahiti/MARINE_DATASETS/FathomNet_FGVC2025/data/rois/5263_15802.png,/home/tahiti/MARINE_DATASETS/FathomNet_FGVC2025/data/images/5263.png,f2191ad32e7d73e39172f907b927c74b25fde4f58e566c2946ad2a28df65bfac,838c40346299332340c4e19ecdd731e9959b01a39c9bce8d4ee03bb1036a7450,5263,6,train
15834,5280,56,Paralomis multispina,/home/tahiti/MARINE_DATASETS/FathomNet_FGVC2025/data/rois/5280_15834.png,/home/tahiti/MARINE_DATASETS/FathomNet_FGVC2025/data/images/5280.png,51f3978359ebbaf527a795d603694b9e38367d7939ea6d0df19dbcefb375b827,e54a650d9ff2e8bf3463025ea3f618a694d3810bd7347b5e5e10fd3a5a3af735,5280,2,train
15881,5297,75,Terebellidae,/home/tahiti/MARINE_DATASETS/FathomNet_FGVC2025/data/rois/5297_15881.png,/home/tahiti/MARINE_DATASETS/FathomNet_FGVC2025/data/images/5297.png,d86942074dc65122a2a4adf6a71da133bde4230d2880e640cddca3b8ec274b11,5ec44585e5c361bc94a3b356cdad780d30ee966f9b63de1bec85602dbf7071fd,5297,2,train
15886,5298,18,Corallimorphus pilatus,/home/tahiti/MARINE_DATASETS/FathomNet_FGVC2025/data/rois/5298_15886.png,/home/tahiti/MARINE_DATASETS/FathomNet_FGVC2025/data/images/5298.png,54fa0ab4198c7401cf37ac7589e3a6eea3e4870140471acb482550480434cf12,a97ee78040651dd27ac549d4301d22b405f25d09cb3a657312aa764de75cbe2f,5298,0,train
15897,5301,36,Isosicyonis,/home/tahiti/MARINE_DATASETS/FathomNet_FGVC2025/data/rois/5301_15897.png,/home/tahiti/MARINE_DATASETS/FathomNet_FGVC2025/data/images/5301.png,d013d548c78d604b9a459b1741e364e591cf0e69551852db162c170d2a222b05,e23c3fbe9fed289b0ac7f1ac6fadb4a3327e8ad1be4b0ca73e2b1dca5f110deb,5301,4,train
15924,5317,25,Gastropoda,/home/tahiti/MARINE_DATASETS/FathomNet_FGVC2025/data/rois/5317_15924.png,/home/tahiti/MARINE_DATASETS/FathomNet_FGVC2025/data/images/5317.png,4ac2f8b3a1c87bc31e95b911fe21bd651ccc4dfd88122a1298a67f69447e2717,29079579a6775cff5d910397e7cd267a8c07385292b0d33c3076f29a19dca3de,5317,6,train
15928,5320,4,Actinernus,/home/tahiti/MARINE_DATASETS/FathomNet_FGVC2025/data/rois/5320_15928.png,/home/tahiti/MARINE_DATASETS/FathomNet_FGVC2025/data/images/5320.png,93d9836aefb1e99f15ab7b49d5c80b7a6d751c4712a44930ed0f70eb4bf31a58,aec3444318dbf5d109c51c74ae90031d77dcddd9312dabd792613bdebdd64f55,5320,0,train
15930,5320,4,Actinernus,/home/tahiti/MARINE_DATASETS/FathomNet_FGVC2025/data/rois/5320_15930.png,/home/tahiti/MARINE_DATASETS/FathomNet_FGVC2025/data/images/5320.png,231508c4874cec5dbd0661f9671c9b25c88374f8fa2f94db69800ad231de15f8,aec3444318dbf5d109c51c74ae90031d77dcddd9312dabd792613bdebdd64f55,5320,0,train
15945,5329,42,Metridium farcimen,/home/tahiti/MARINE_DATASETS/FathomNet_FGVC2025/data/rois/5329_15945.png,/home/tahiti/MARINE_DATASETS/FathomNet_FGVC2025/data/images/5329.png,1209e78f5d3070f104da9b403566e94153fba7c0c5c1b7d93a314536e3cd8ef7,560ea70b90d52de7ce6a37ea102e66567c52cc2a2f4c7727111595bc8309e204,5329,0,train
15948,5329,42,Metridium farcimen,/home/tahiti/MARINE_DATASETS/FathomNet_FGVC2025/data/rois/5329_15948.png,/home/tahiti/MARINE_DATASETS/FathomNet_FGVC2025/data/images/5329.png,52b614f35b86570d989aaefcfb71690b6c43f2544267a827aa0fc27595a4e4ad,560ea70b90d52de7ce6a37ea102e66567c52cc2a2f4c7727111595bc8309e204,5329,0,train
15976,5344,20,Delectopecten,/home/tahiti/MARINE_DATASETS/FathomNet_FGVC2025/data/rois/5344_15976.png,/home/tahiti/MARINE_DATASETS/FathomNet_FGVC2025/data/images/5344.png,aa4c66604a0280ea1d0cf68e548f81a1aba0fc8dda81f97c917d33e7778f995c,a9f17071f2bfbd3a0e0a46000bcae6d1a580ade79d02ef03e77fe96eefccff64,5344,4,train
15985,5344,51,Pandalus amplus,/home/tahiti/MARINE_DATASETS/FathomNet_FGVC2025/data/rois/5344_15985.png,/home/tahiti/MARINE_DATASETS/FathomNet_FGVC2025/data/images/5344.png,1c5f93fd46d86593a7cc8a48b0c73ae0a444900a9cbed8205bf140ce22231fdb,a9f17071f2bfbd3a0e0a46000bcae6d1a580ade79d02ef03e77fe96eefccff64,5344,4,train
15994,5349,36,Isosicyonis,/home/tahiti/MARINE_DATASETS/FathomNet_FGVC2025/data/rois/5349_15994.png,/home/tahiti/MARINE_DATASETS/FathomNet_FGVC2025/data/images/5349.png,6219a1fd1acb947a886fbef0eab1ad1aaae554d8799260c066a522e3af44085c,0a86e5e24b76215edc0755dffee412593d4d24c9ad1c671ff50aa50b92d73b1c,5349,2,train
15997,5351,12,Benthocodon pedunculata,/home/tahiti/MARINE_DATASETS/FathomNet_FGVC2025/data/rois/5351_15997.png,/home/tahiti/MARINE_DATASETS/FathomNet_FGVC2025/data/images/5351.png,0c7bbd416280264bded4b724d76df1479777115faa77eda18d5e51aec55d6d07,8d7597b242bf03c2ef6f62fa94a034a754b955f3b192516d8781e4149fd99214,5351,1,train
16016,5358,43,Microstomus pacificus,/home/tahiti/MARINE_DATASETS/FathomNet_FGVC2025/data/rois/5358_16016.png,/home/tahiti/MARINE_DATASETS/FathomNet_FGVC2025/data/images/5358.png,7d3ba6bc77c423c9f3ee7b6aa55925f8e2f683ed3283b0cb101f0bea7ead1dc4,b6acaa8be7f2694e172cad43ffb7676513a51161f52397a8ab5e246345562045,5358,4,train
16032,5363,31,Hippasteria,/home/tahiti/MARINE_DATASETS/FathomNet_FGVC2025/data/rois/5363_16032.png,/home/tahiti/MARINE_DATASETS/FathomNet_FGVC2025/data/images/5363.png,2277432eec93e87bce1b2f24aba375a74380071b940489c2ae7e2094e4b3c23b,93e73243cd31b9dd816fe56a87e9c8054a594e41e1081bb65054c6b56782f288,5363,1,train
16078,5371,54,Paragorgia,/home/tahiti/MARINE_DATASETS/FathomNet_FGVC2025/data/rois/5371_16078.png,/home/tahiti/MARINE_DATASETS/FathomNet_FGVC2025/data/images/5371.png,ae17a1c5e1cfe9662950f2b80ad818612ee90fc40203cf78d0a41e12324d5957,b8a31abae81a3bcf2552f8db4e4107bf2b808a8c3b6747e46acde20eed2214d0,5371,2,train
16087,5374,38,Liponema brevicorne,/home/tahiti/MARINE_DATASETS/FathomNet_FGVC2025/data/rois/5374_16087.png,/home/tahiti/MARINE_DATASETS/FathomNet_FGVC2025/data/images/5374.png,d898614d4afd2cd40e2f7244a313c0d3a10de1553363a9789a401405652e1435,0870db32d39f25653bbe8db15ff99da83b4a2ae2a7863ea8a400522df599a0d5,5374,4,train
16098,5384,77,Umbellula,/home/tahiti/MARINE_DATASETS/FathomNet_FGVC2025/data/rois/5384_16098.png,/home/tahiti/MARINE_DATASETS/FathomNet_FGVC2025/data/images/5384.png,d5e3d48ffcf3df404ffc97437b37a82975a87ffeb20e8729b68fc8f461e306da,4be756ea99e9e0925de2e7bc942c4f1fb4c0f157be107871ae03680a3d2a65f7,5384,4,train
16110,5389,54,Paragorgia,/home/tahiti/MARINE_DATASETS/FathomNet_FGVC2025/data/rois/5389_16110.png,/home/tahiti/MARINE_DATASETS/FathomNet_FGVC2025/data/images/5389.png,7c00d3bf1bd07d161be4b7b582db0fadc2727829050550b4e08104df655d3f2f,31f2397177d13da0029b4d58beead8b9659d14f8924fef01c3fa4f854eb5d67d,5389,6,train
16157,5406,75,Terebellidae,/home/tahiti/MARINE_DATASETS/FathomNet_FGVC2025/data/rois/5406_16157.png,/home/tahiti/MARINE_DATASETS/FathomNet_FGVC2025/data/images/5406.png,ddf395e161b8b5af7a3a3583ee8863bfcfb81c043a9e350f5ed102a9bf2d3073,36476376897566417f354f5d585af610e709911fefcc108553b347241eee9dce,5406,1,train
16158,5406,75,Terebellidae,/home/tahiti/MARINE_DATASETS/FathomNet_FGVC2025/data/rois/5406_16158.png,/home/tahiti/MARINE_DATASETS/FathomNet_FGVC2025/data/images/5406.png,c59324ca3179f0220be237af5db1fcf45b7b303fcdeed9dd851e719daa7829ab,36476376897566417f354f5d585af610e709911fefcc108553b347241eee9dce,5406,1,train
16181,5415,63,Ptychogastria polaris,/home/tahiti/MARINE_DATASETS/FathomNet_FGVC2025/data/rois/5415_16181.png,/home/tahiti/MARINE_DATASETS/FathomNet_FGVC2025/data/images/5415.png,6eb3f775cfaa64d25ac2377b888c645735dc90d0f0568cb36c93a5e6544f7376,23a7ce178592706a3d7aa7c27fa5e28d21a5998bccce4d818e32ea68053b1dd5,5415,4,train
16191,5415,63,Ptychogastria polaris,/home/tahiti/MARINE_DATASETS/FathomNet_FGVC2025/data/rois/5415_16191.png,/home/tahiti/MARINE_DATASETS/FathomNet_FGVC2025/data/images/5415.png,c94972c2b4ee46eec445585c0bc2b3f58a305e1505c047422acc97b39e13a819,23a7ce178592706a3d7aa7c27fa5e28d21a5998bccce4d818e32ea68053b1dd5,5415,4,train
16259,5438,61,Psathyrometra fragilis,/home/tahiti/MARINE_DATASETS/FathomNet_FGVC2025/data/rois/5438_16259.png,/home/tahiti/MARINE_DATASETS/FathomNet_FGVC2025/data/images/5438.png,33499ddf2c5112b4d3e55ed8295e0c81ff5e9aa2227816d9130e544432098841,06a5eb702b54554550a9eef227bacf3371b3e45750c80db1e421a26105e6838e,5438,2,train
16320,5467,51,Pandalus amplus,/home/tahiti/MARINE_DATASETS/FathomNet_FGVC2025/data/rois/5467_16320.png,/home/tahiti/MARINE_DATASETS/FathomNet_FGVC2025/data/images/5467.png,603a87c1b77f1987047ef221a4d5299bcbd8c15b58a747cee3001e1e6517466c,8fdd8eb4072daf33b502b548f91e9f3a11ffe3ba90eee2a0f5adc8b65467065b,5467,6,train
16326,5469,42,Metridium farcimen,/home/tahiti/MARINE_DATASETS/FathomNet_FGVC2025/data/rois/5469_16326.png,/home/tahiti/MARINE_DATASETS/FathomNet_FGVC2025/data/images/5469.png,cb2b08519b8cfd19f2c519f3d1eeea357d1038f8472e0822e106494a9107e82a,27b9c0757031116817f0670ef3e2cebf91a29a3e29e4e5b9b193949dd194f55a,5469,2,train
16378,5492,54,Paragorgia,/home/tahiti/MARINE_DATASETS/FathomNet_FGVC2025/data/rois/5492_16378.png,/home/tahiti/MARINE_DATASETS/FathomNet_FGVC2025/data/images/5492.png,56210fcb005cf10552a647b24d0e1268de5cb4a6bc3d5d30748dcfe6677afefb,16611381081cef92b501c4a5eb0c7f7976828d77beed3ddccf93d12e67c193ae,5492,4,train
16382,5495,34,Isidella tentaculum,/home/tahiti/MARINE_DATASETS/FathomNet_FGVC2025/data/rois/5495_16382.png,/home/tahiti/MARINE_DATASETS/FathomNet_FGVC2025/data/images/5495.png,6fc7189114922c3c51b1c280ccf8af1092142cb26319ed8f5df9cf30b8083809,ad7a4ded933a554edf0bab66ace5fc86dbf16cf991f0b044859c6a4859a43414,5495,6,train
16392,5501,76,Tunicata,/home/tahiti/MARINE_DATASETS/FathomNet_FGVC2025/data/rois/5501_16392.png,/home/tahiti/MARINE_DATASETS/FathomNet_FGVC2025/data/images/5501.png,62c917dc3a9827b23be71240a4538b606e63f299dfe86982ca7c893b821433ac,1939bd7af3a5f691f484ec70eff8df86dce5ba8bd84f717a10399ae8176b2e74,5501,2,train
16411,5508,36,Isosicyonis,/home/tahiti/MARINE_DATASETS/FathomNet_FGVC2025/data/rois/5508_16411.png,/home/tahiti/MARINE_DATASETS/FathomNet_FGVC2025/data/images/5508.png,0dfa20a77eb916a3c532de8db78359fc8c78f23fb8cc1163121a1e64e46c0b3f,533a4d6ec05b78e7c0dd8cbb1ecaa0e3680b7e7f711dc9e19242073d9745dd75,5508,0,train
16413,5508,36,Isosicyonis,/home/tahiti/MARINE_DATASETS/FathomNet_FGVC2025/data/rois/5508_16413.png,/home/tahiti/MARINE_DATASETS/FathomNet_FGVC2025/data/images/5508.png,31a88618f3a736c15a4e464ac13abafba671da11299c8a5e4b959702d64f89b4,533a4d6ec05b78e7c0dd8cbb1ecaa0e3680b7e7f711dc9e19242073d9745dd75,5508,0,train
16449,5523,15,Ceriantharia,/home/tahiti/MARINE_DATASETS/FathomNet_FGVC2025/data/rois/5523_16449.png,/home/tahiti/MARINE_DATASETS/FathomNet_FGVC2025/data/images/5523.png,196db07c253d5559f688babd705e0a417306b50661c2ad5ca6f3efc9501a6774,2e4d7af471e03c6386f02443f91084e76411b3b732d955d7511687905c8b92e1,5523,1,train
16455,5527,40,Mediaster aequalis,/home/tahiti/MARINE_DATASETS/FathomNet_FGVC2025/data/rois/5527_16455.png,/home/tahiti/MARINE_DATASETS/FathomNet_FGVC2025/data/images/5527.png,50de6efe6716096612a3dd441b701c1454ec902c3f3a3ace44df2fd4cca1b612,aeaa1ad129220723bdfa21ef805f2504660148af707e400cd3468a2dec3f6f25,5527,6,train
16456,5528,1,Abyssocucumis abyssorum,/home/tahiti/MARINE_DATASETS/FathomNet_FGVC2025/data/rois/5528_16456.png,/home/tahiti/MARINE_DATASETS/FathomNet_FGVC2025/data/images/5528.png,2b5f5944c6d8f71ea1f5560d4da4ef3366b8f7590fb2c3226230fc66da672411,e9f3577b17bf577e790deeb25eb2e3b971d8ec56c34217e3c96d9ada807e516f,5528,4,train
16473,5539,56,Paralomis multispina,/home/tahiti/MARINE_DATASETS/FathomNet_FGVC2025/data/rois/5539_16473.png,/home/tahiti/MARINE_DATASETS/FathomNet_FGVC2025/data/images/5539.png,e96d9369c1b7fd81c37ee9f8ab33ada0e2f0c4f2344f9f15e7742866ddf6e619,d0cdaaf3f912fcf4226aa846d476ed212e6949be125f31cae9bb8e642fd0b2d9,5539,0,train
16474,5540,36,Isosicyonis,/home/tahiti/MARINE_DATASETS/FathomNet_FGVC2025/data/rois/5540_16474.png,/home/tahiti/MARINE_DATASETS/FathomNet_FGVC2025/data/images/5540.png,c6d5936fb85127828470e3884dbe1d57bdb510a0aaa7a404d9494fc24450ff03,b663937e717199ab7d68cd7b02b86ac76bb3482ed9c864de8b3a02e4d13b25ee,5540,2,train
16488,5547,76,Tunicata,/home/tahiti/MARINE_DATASETS/FathomNet_FGVC2025/data/rois/5547_16488.png,/home/tahiti/MARINE_DATASETS/FathomNet_FGVC2025/data/images/5547.png,3ffc5b608b25e7165edd87cdc29e4b5ae1ab96ab88b5e1aa4fb98e20a8fec6ba,354cd42b6653db5bb7e313a5e15ce69c146e816648573b3af6ef5e2aaec9c66d,5547,1,train
16491,5548,39,Lithodidae,/home/tahiti/MARINE_DATASETS/FathomNet_FGVC2025/data/rois/5548_16491.png,/home/tahiti/MARINE_DATASETS/FathomNet_FGVC2025/data/images/5548.png,a3789391465fab3ca5568d1de1a9b39067f17776b2a0fa831afcc24caad4e0b1,24e8a4bf230f94c717db5c02c5888271d6d38226f2715957023e045a8750632d,5548,4,train
16497,5552,34,Isidella tentaculum,/home/tahiti/MARINE_DATASETS/FathomNet_FGVC2025/data/rois/5552_16497.png,/home/tahiti/MARINE_DATASETS/FathomNet_FGVC2025/data/images/5552.png,5088d926329fa5725e9d5f80056e80fa6ad0e19a60bee46c83af9ddd8f5577b0,285f101492790cf6c5861d23491bb0c2f82e84e09a28b015a8becbc3e04bf8d3,5552,2,train
16518,5559,40,Mediaster aequalis,/home/tahiti/MARINE_DATASETS/FathomNet_FGVC2025/data/rois/5559_16518.png,/home/tahiti/MARINE_DATASETS/FathomNet_FGVC2025/data/images/5559.png,124470b44fb7f74be57d32812e0a906378bda40e0ab3573eaaeaf2d1b5022e62,3ca6db4c822b9ab62e44bb3a6f12f2ac9adcb753aeac3e5e1b6da8784157076f,5559,0,train
16537,5569,59,Pennatula phosphorea,/home/tahiti/MARINE_DATASETS/FathomNet_FGVC2025/data/rois/5569_16537.png,/home/tahiti/MARINE_DATASETS/FathomNet_FGVC2025/data/images/5569.png,5af289ad4a975409fc571cb3cda818e49c4045b228b4dc9b9eba676bf4bdba82,236b802e99333869b296d9cd1e79d98325f395d1d2a258d684f863afd96754df,5569,1,train
16544,5571,77,Umbellula,/home/tahiti/MARINE_DATASETS/FathomNet_FGVC2025/data/rois/5571_16544.png,/home/tahiti/MARINE_DATASETS/FathomNet_FGVC2025/data/images/5571.png,7d723ecc4bbfb0e12659c7d8041a1f1454b1c87da4955789dea5ecfa980d8170,2eac74840ac3c9b227a5de9e7cd7c2f660b65c773ba629de7181f6af3d581423,5571,1,train
16549,5574,42,Metridium farcimen,/home/tahiti/MARINE_DATASETS/FathomNet_FGVC2025/data/rois/5574_16549.png,/home/tahiti/MARINE_DATASETS/FathomNet_FGVC2025/data/images/5574.png,754025e12731251407c3894e32effe113e3aaf972450efaf89e4ab10f71847e1,bda1219c0a6f1a54ad1506c32a0c51cf942cb55ef29d8698fa13c13aedb57806,5574,4,train
16553,5575,12,Benthocodon pedunculata,/home/tahiti/MARINE_DATASETS/FathomNet_FGVC2025/data/rois/5575_16553.png,/home/tahiti/MARINE_DATASETS/FathomNet_FGVC2025/data/images/5575.png,dc1d7fdcb1a1052c9d3b2980a1a492bfb6d3d450607d552bd7026c2b87bcd8ac,d2ac44184b8e5bcf7255ebe7f58a9dbb03b1cd54b4375827d5d5b30bcbaa2096,5575,1,train
16556,5578,32,Holothuroidea,/home/tahiti/MARINE_DATASETS/FathomNet_FGVC2025/data/rois/5578_16556.png,/home/tahiti/MARINE_DATASETS/FathomNet_FGVC2025/data/images/5578.png,5da712ff81f3a0fe805ae7d4c4488595b6e9e35a70c6c8636cfc3f2b8de63fb3,a27a821cd7d39195b25cbb8922c15b92e2dc847280d2162b0ae46eb56d3e2afd,5578,0,train
16570,5586,38,Liponema brevicorne,/home/tahiti/MARINE_DATASETS/FathomNet_FGVC2025/data/rois/5586_16570.png,/home/tahiti/MARINE_DATASETS/FathomNet_FGVC2025/data/images/5586.png,08e7835e536986755b8c27f48b5bdcf3406c91c7e3784b20c5350d01bedbe4b8,b0e043308f15f9ca62b603700c54921f90f5c66e15b383d373a4293e497e5259,5586,6,train
16587,5593,63,Ptychogastria polaris,/home/tahiti/MARINE_DATASETS/FathomNet_FGVC2025/data/rois/5593_16587.png,/home/tahiti/MARINE_DATASETS/FathomNet_FGVC2025/data/images/5593.png,be642f1b5b052c9b32878bee6e878e70253bd36ff7bb6a24cb7502e33f32b560,f5cdacda0c9be2532ab2936ff8a2a8f264ded23eea554f5183eafb38ced7bf18,5593,1,train
16592,5593,63,Ptychogastria polaris,/home/tahiti/MARINE_DATASETS/FathomNet_FGVC2025/data/rois/5593_16592.png,/home/tahiti/MARINE_DATASETS/FathomNet_FGVC2025/data/images/5593.png,fb20872814792d59b878214bb9634737a1e68ab902671c72883579ece3e47cef,f5cdacda0c9be2532ab2936ff8a2a8f264ded23eea554f5183eafb38ced7bf18,5593,1,train
16600,5593,63,Ptychogastria polaris,/home/tahiti/MARINE_DATASETS/FathomNet_FGVC2025/data/rois/5593_16600.png,/home/tahiti/MARINE_DATASETS/FathomNet_FGVC2025/data/images/5593.png,4ebf07a1bacd616a9b17788da84a9cb7a330671d331b04aea8a5a8bac4b4465c,f5cdacda0c9be2532ab2936ff8a2a8f264ded23eea554f5183eafb38ced7bf18,5593,1,train
16603,5593,63,Ptychogastria polaris,/home/tahiti/MARINE_DATASETS/FathomNet_FGVC2025/data/rois/5593_16603.png,/home/tahiti/MARINE_DATASETS/FathomNet_FGVC2025/data/images/5593.png,5b7dae085c6d898d4d543f5a400872811f5fcaf9b2c4449f0cdc4dbc931052c9,f5cdacda0c9be2532ab2936ff8a2a8f264ded23eea554f5183eafb38ced7bf18,5593,1,train
16613,5593,63,Ptychogastria polaris,/home/tahiti/MARINE_DATASETS/FathomNet_FGVC2025/data/rois/5593_16613.png,/home/tahiti/MARINE_DATASETS/FathomNet_FGVC2025/data/images/5593.png,b569245d04f773e96374075ab0076a503e04cea10c1c2acf1dae4b6b7dff7e70,f5cdacda0c9be2532ab2936ff8a2a8f264ded23eea554f5183eafb38ced7bf18,5593,1,train
16619,5593,63,Ptychogastria polaris,/home/tahiti/MARINE_DATASETS/FathomNet_FGVC2025/data/rois/5593_16619.png,/home/tahiti/MARINE_DATASETS/FathomNet_FGVC2025/data/images/5593.png,f8e7504147a409350d3f0d80aed1bf0f578b725c8d5e5015a3f2a42c285c8e1e,f5cdacda0c9be2532ab2936ff8a2a8f264ded23eea554f5183eafb38ced7bf18,5593,1,train
16621,5593,63,Ptychogastria polaris,/home/tahiti/MARINE_DATASETS/FathomNet_FGVC2025/data/rois/5593_16621.png,/home/tahiti/MARINE_DATASETS/FathomNet_FGVC2025/data/images/5593.png,76435a316460f5ae22ddd4bbd1f55873c332c570e7fa567db22da94c90ed9af2,f5cdacda0c9be2532ab2936ff8a2a8f264ded23eea554f5183eafb38ced7bf18,5593,1,train
16625,5593,63,Ptychogastria polaris,/home/tahiti/MARINE_DATASETS/FathomNet_FGVC2025/data/rois/5593_16625.png,/home/tahiti/MARINE_DATASETS/FathomNet_FGVC2025/data/images/5593.png,92341f60a7ec05011c0e62ce7d11a818a774b6385c93071de5799855404aca39,f5cdacda0c9be2532ab2936ff8a2a8f264ded23eea554f5183eafb38ced7bf18,5593,1,train
16632,5593,63,Ptychogastria polaris,/home/tahiti/MARINE_DATASETS/FathomNet_FGVC2025/data/rois/5593_16632.png,/home/tahiti/MARINE_DATASETS/FathomNet_FGVC2025/data/images/5593.png,2fd725824fd2b8a0ccc32143ba28112c88153c33c4677e292bf9d5bea7a52895,f5cdacda0c9be2532ab2936ff8a2a8f264ded23eea554f5183eafb38ced7bf18,5593,1,train
16644,5593,63,Ptychogastria polaris,/home/tahiti/MARINE_DATASETS/FathomNet_FGVC2025/data/rois/5593_16644.png,/home/tahiti/MARINE_DATASETS/FathomNet_FGVC2025/data/images/5593.png,37dd435db0d47cdf57874e8f5d3de6c5370676e7a9f2134ab22f78d1f76c4d79,f5cdacda0c9be2532ab2936ff8a2a8f264ded23eea554f5183eafb38ced7bf18,5593,1,train
16648,5593,76,Tunicata,/home/tahiti/MARINE_DATASETS/FathomNet_FGVC2025/data/rois/5593_16648.png,/home/tahiti/MARINE_DATASETS/FathomNet_FGVC2025/data/images/5593.png,a0b08e12c0ae0256ee1c7581794902f5ecdf96f6269e2aaf51f1c1d6717ef530,f5cdacda0c9be2532ab2936ff8a2a8f264ded23eea554f5183eafb38ced7bf18,5593,1,train
16673,5593,63,Ptychogastria polaris,/home/tahiti/MARINE_DATASETS/FathomNet_FGVC2025/data/rois/5593_16673.png,/home/tahiti/MARINE_DATASETS/FathomNet_FGVC2025/data/images/5593.png,7f9670c8f30c8b9d6dfaebaa50b64e8b4379b8751efdf1723ef46c1ae75bb526,f5cdacda0c9be2532ab2936ff8a2a8f264ded23eea554f5183eafb38ced7bf18,5593,1,train
16677,5595,15,Ceriantharia,/home/tahiti/MARINE_DATASETS/FathomNet_FGVC2025/data/rois/5595_16677.png,/home/tahiti/MARINE_DATASETS/FathomNet_FGVC2025/data/images/5595.png,33f83be4e4128dfc8a410cebda4a198463741fe84a87fe314bafd1c567e4b1a9,fb57e052c5144fce6d3576d6fcce90da4cf5e31edd705755dbbfa3bbcd82b6bf,5595,6,train
16689,5601,52,Pandalus platyceros,/home/tahiti/MARINE_DATASETS/FathomNet_FGVC2025/data/rois/5601_16689.png,/home/tahiti/MARINE_DATASETS/FathomNet_FGVC2025/data/images/5601.png,eed8fb8070ec60e637513bd6a95d141df6104942fbc92794d1f1e4b8b2ce42b7,e6608683ea72e6f4542822a7d41702c73b9cb91c9c7418e0864c313d4cc8bac8,5601,1,train
16722,5620,36,Isosicyonis,/home/tahiti/MARINE_DATASETS/FathomNet_FGVC2025/data/rois/5620_16722.png,/home/tahiti/MARINE_DATASETS/FathomNet_FGVC2025/data/images/5620.png,051d0e49e7e7e48551a79271840bb738089561bde3e417948f33d495d244a63f,2da4b46f697e65fe487e1c7125af7c6a4b602b59a9fa2ef88a829d05deafd61d,5620,4,train
16732,5626,8,Apostichopus leukothele,/home/tahiti/MARINE_DATASETS/FathomNet_FGVC2025/data/rois/5626_16732.png,/home/tahiti/MARINE_DATASETS/FathomNet_FGVC2025/data/images/5626.png,7a153dbe626c78e8e9fa0fad1c40b736f5db49918b41081c577ab0a40956ec0e,4438c8214254d304ccdc8338b1d62f98de1ef6c710ddaff4dcf4818e0a700af9,5626,6,train
16739,5626,40,Mediaster aequalis,/home/tahiti/MARINE_DATASETS/FathomNet_FGVC2025/data/rois/5626_16739.png,/home/tahiti/MARINE_DATASETS/FathomNet_FGVC2025/data/images/5626.png,3d447a4ca87a46ec62b8e4d37d65285455ec3dd838295aaba5a3839871769dcf,4438c8214254d304ccdc8338b1d62f98de1ef6c710ddaff4dcf4818e0a700af9,5626,6,train
16759,5636,42,Metridium farcimen,/home/tahiti/MARINE_DATASETS/FathomNet_FGVC2025/data/rois/5636_16759.png,/home/tahiti/MARINE_DATASETS/FathomNet_FGVC2025/data/images/5636.png,c303a45f05fc3d217f15b6a5a0ce4fe4e99e2195c7e53a2ee7b72842a04a3777,d1e7782d25bc0f6ca6eaa62d0c9a76eae95c658b6284ced47e828197536e6e8c,5636,4,train
16768,5640,25,Gastropoda,/home/tahiti/MARINE_DATASETS/FathomNet_FGVC2025/data/rois/5640_16768.png,/home/tahiti/MARINE_DATASETS/FathomNet_FGVC2025/data/images/5640.png,e82fa7db899f07e24530c5e9115922092380a0cd6b35d4ffca20142a966d7ec8,b5e4e3979f8c36e034751b00cb8a2adb0dada1e28663b8b96bf4fe25e96862b8,5640,2,train
16780,5648,59,Pennatula phosphorea,/home/tahiti/MARINE_DATASETS/FathomNet_FGVC2025/data/rois/5648_16780.png,/home/tahiti/MARINE_DATASETS/FathomNet_FGVC2025/data/images/5648.png,239511cbaa48087007c353ed7a231afbd5cca6d42fcdd62bbaab86e67aeec1c1,9b0aa70a924c187aa236606b5fd9e615b0c218ee76e6adfca7a97637ec361221,5648,2,train
16796,5651,36,Isosicyonis,/home/tahiti/MARINE_DATASETS/FathomNet_FGVC2025/data/rois/5651_16796.png,/home/tahiti/MARINE_DATASETS/FathomNet_FGVC2025/data/images/5651.png,dbc194006af976903b26ffbbbee8dff019d65bb5bbcf18338648e73074399c02,c5de8f8439468b29d0ed0672fd4d1f0638d8ef677a222dddbf67cf915de77e7f,5651,4,train
16805,5656,25,Gastropoda,/home/tahiti/MARINE_DATASETS/FathomNet_FGVC2025/data/rois/5656_16805.png,/home/tahiti/MARINE_DATASETS/FathomNet_FGVC2025/data/images/5656.png,97a4ef59f4858a673429e6f5e2a6949a80370065a3c140df2e37d482f9d4398b,11385f791585849f550c7fd3783d9ba59301edcb3ea30da5ed39b94f8d2e29bf,5656,4,train
16812,5659,54,Paragorgia,/home/tahiti/MARINE_DATASETS/FathomNet_FGVC2025/data/rois/5659_16812.png,/home/tahiti/MARINE_DATASETS/FathomNet_FGVC2025/data/images/5659.png,a00442840228f09c6833aafbe8240e163c8bf9dfa5a2d06a2650997239dbef70,bf7ee3f5e26838bf1fb13dff7c6c28a19593b90cd8a64e9ce13900f255f3b1fa,5659,6,train
16853,5679,4,Actinernus,/home/tahiti/MARINE_DATASETS/FathomNet_FGVC2025/data/rois/5679_16853.png,/home/tahiti/MARINE_DATASETS/FathomNet_FGVC2025/data/images/5679.png,eab52175fce68d1786cd0f679736674ba696c0024efb6860ee0d4b52d5a48078,2783e8cd3865ac1c977163ee181077d67798d244d49a00acf32a470d1a9db0b9,5679,1,train
16858,5680,4,Actinernus,/home/tahiti/MARINE_DATASETS/FathomNet_FGVC2025/data/rois/5680_16858.png,/home/tahiti/MARINE_DATASETS/FathomNet_FGVC2025/data/images/5680.png,ee1d4b2f9bde1677de226f1d0480d4ed1995a8ac5766b038643e3d6b52251f4f,8d9fdd644d9772125ad11abd8b08040a82d6de82d9f303f6f275649544813983,5680,6,train
16861,5681,42,Metridium farcimen,/home/tahiti/MARINE_DATASETS/FathomNet_FGVC2025/data/rois/5681_16861.png,/home/tahiti/MARINE_DATASETS/FathomNet_FGVC2025/data/images/5681.png,f79853c94869634b8c922afbc451f87a2c15b40560a63e8d39075097a5a5eb57,d29b9ccb657e994910738f56ab612b1f9c753aae5fd98ba899ddbbb09c021615,5681,1,train
16881,5685,76,Tunicata,/home/tahiti/MARINE_DATASETS/FathomNet_FGVC2025/data/rois/5685_16881.png,/home/tahiti/MARINE_DATASETS/FathomNet_FGVC2025/data/images/5685.png,049b644a9a305a22cabea4b5eaca9befab88669d44239e8de955a401c63a1449,f3a455504e097bf02e39c066c014ff6583aa2d3aa20cb4df95011c6a35d2b70d,5685,2,train
16888,5685,76,Tunicata,/home/tahiti/MARINE_DATASETS/FathomNet_FGVC2025/data/rois/5685_16888.png,/home/tahiti/MARINE_DATASETS/FathomNet_FGVC2025/data/images/5685.png,88ec28c788f7be864c7a6a60aae70e5a0710ac1804488232a330b7b456ba40ce,f3a455504e097bf02e39c066c014ff6583aa2d3aa20cb4df95011c6a35d2b70d,5685,2,train
16907,5690,77,Umbellula,/home/tahiti/MARINE_DATASETS/FathomNet_FGVC2025/data/rois/5690_16907.png,/home/tahiti/MARINE_DATASETS/FathomNet_FGVC2025/data/images/5690.png,7b7e396e97a8a8c290157741c0cbc6f0981ba244e1cd60290cda4bf40be375e0,218d699df3dd2c90cb836f074553fbf9cb5e1bc80186151c928b2bfd385b7622,5690,2,train
16908,5690,77,Umbellula,/home/tahiti/MARINE_DATASETS/FathomNet_FGVC2025/data/rois/5690_16908.png,/home/tahiti/MARINE_DATASETS/FathomNet_FGVC2025/data/images/5690.png,717f40641aa59350f18d93e85999b3bb008fda7acc30d9404135dd85b45e3f50,218d699df3dd2c90cb836f074553fbf9cb5e1bc80186151c928b2bfd385b7622,5690,2,train
16921,5696,51,Pandalus amplus,/home/tahiti/MARINE_DATASETS/FathomNet_FGVC2025/data/rois/5696_16921.png,/home/tahiti/MARINE_DATASETS/FathomNet_FGVC2025/data/images/5696.png,bafd228c3ea0989e8fde3bda80544d916048e19de85b95d2e6199750cdc5fe2d,5b5b61ce83bd966a092c1024860c17d0834633290f5fef8aff55d9b222363d37,5696,2,train
16932,5703,43,Microstomus pacificus,/home/tahiti/MARINE_DATASETS/FathomNet_FGVC2025/data/rois/5703_16932.png,/home/tahiti/MARINE_DATASETS/FathomNet_FGVC2025/data/images/5703.png,d8540d43624479623cc69f67041b059e6bcd350aa1ec96f3cc2f51e905168fe3,7d076b16188ddc24267e778120c7345fc320dca008f21f0c231dad5ab4de5017,5703,4,train
16934,5703,40,Mediaster aequalis,/home/tahiti/MARINE_DATASETS/FathomNet_FGVC2025/data/rois/5703_16934.png,/home/tahiti/MARINE_DATASETS/FathomNet_FGVC2025/data/images/5703.png,78cf07641c8780c762c27ccea4a2d7e1f0d3848157e6fbedad4bc3b97c3043b8,7d076b16188ddc24267e778120c7345fc320dca008f21f0c231dad5ab4de5017,5703,4,train
16948,5713,39,Lithodidae,/home/tahiti/MARINE_DATASETS/FathomNet_FGVC2025/data/rois/5713_16948.png,/home/tahiti/MARINE_DATASETS/FathomNet_FGVC2025/data/images/5713.png,941df85e79d97020d43326a3b5c9457343217f2c97f127adef9990d3b8b59e2b,38d634174e7dd12bb8e0b2b5c0368d0e9d168015772cfc41026209ec446861ec,5713,1,train
16973,5725,1,Abyssocucumis abyssorum,/home/tahiti/MARINE_DATASETS/FathomNet_FGVC2025/data/rois/5725_16973.png,/home/tahiti/MARINE_DATASETS/FathomNet_FGVC2025/data/images/5725.png,5a04ae1b3b3f7d30a510a1a1b0e2c2fe291f02c7040d1747eab39ba0d667f2e1,d314365bc77a330aa605f8d429d4fbbae5fd050d686c8da0776c01f71f46a69f,5725,4,train
16976,5728,34,Isidella tentaculum,/home/tahiti/MARINE_DATASETS/FathomNet_FGVC2025/data/rois/5728_16976.png,/home/tahiti/MARINE_DATASETS/FathomNet_FGVC2025/data/images/5728.png,f3be239f3bd9aac2ef7bbfa577b6d6ac20ce97459aaf5d3ce8d9fc38f5bebc5b,b7122bd01ca1f6666af7f7caa3628da6bae07fa7f91a221e5ca3e5d06991184b,5728,4,train
17017,5752,21,Elpidia,/home/tahiti/MARINE_DATASETS/FathomNet_FGVC2025/data/rois/5752_17017.png,/home/tahiti/MARINE_DATASETS/FathomNet_FGVC2025/data/images/5752.png,3d04ad4428c49c2b8e5dad0b4fc00a3b5c8d8cabf4bc4125171d59a4d3df72e9,b1cebe74c1a12fec4bc0722508b7c93cec336005ef1ba676d39046dc57ea6ac7,5752,1,train
17027,5761,64,Pyrosoma atlanticum,/home/tahiti/MARINE_DATASETS/FathomNet_FGVC2025/data/rois/5761_17027.png,/home/tahiti/MARINE_DATASETS/FathomNet_FGVC2025/data/images/5761.png,bfe93314ad04c89c2f3580518114670b92063f12e42ffb7ff6751ceeaa1c4e02,54fd91e88247a5bc6bbf217c2bdcf204a9bdb677411fcd63c65a018b4ce25dbb,5761,1,train
17037,5766,54,Paragorgia,/home/tahiti/MARINE_DATASETS/FathomNet_FGVC2025/data/rois/5766_17037.png,/home/tahiti/MARINE_DATASETS/FathomNet_FGVC2025/data/images/5766.png,1b2943c6addde22b7c49ac60f3fcba6d740a8bf189a354e91df647628e49cdd6,fe4ebd70fb749c46ed6696ba36a33913128b328373534b290d457b805dce854b,5766,0,train
17073,5787,77,Umbellula,/home/tahiti/MARINE_DATASETS/FathomNet_FGVC2025/data/rois/5787_17073.png,/home/tahiti/MARINE_DATASETS/FathomNet_FGVC2025/data/images/5787.png,ccab0636873ee482c219f15a3ecbbec4f0c665bb1d0d8076de2baf6a02f967f3,c329018a6a2063520391d12787f53af4fd11ca7167779962d4c87c7fe2759ec4,5787,2,train
17088,5800,27,Heterocarpus,/home/tahiti/MARINE_DATASETS/FathomNet_FGVC2025/data/rois/5800_17088.png,/home/tahiti/MARINE_DATASETS/FathomNet_FGVC2025/data/images/5800.png,9835c62f3282a243b51159904340df0efff47638deff4b7fab63258e130186fc,45348e4d1b06160d40be8a2b7fb0a7e64185335ddfad454dd78eeb182a96c6a1,5800,1,train
17089,5800,27,Heterocarpus,/home/tahiti/MARINE_DATASETS/FathomNet_FGVC2025/data/rois/5800_17089.png,/home/tahiti/MARINE_DATASETS/FathomNet_FGVC2025/data/images/5800.png,2e7bac07875923e31a7fe6e065d359a938b54704a0b6ce840e68a00ab37f7cda,45348e4d1b06160d40be8a2b7fb0a7e64185335ddfad454dd78eeb182a96c6a1,5800,1,train
17090,5801,52,Pandalus platyceros,/home/tahiti/MARINE_DATASETS/FathomNet_FGVC2025/data/rois/5801_17090.png,/home/tahiti/MARINE_DATASETS/FathomNet_FGVC2025/data/images/5801.png,2a8668a98d1ffe0f12e3162b01b74e3cf1338ecfefac77d693ba6d3a3c9fa396,198217516cb90c1c33446fdd5936b443e6899513b84ce01962f33d6b4d477de3,5801,6,train
17092,5801,52,Pandalus platyceros,/home/tahiti/MARINE_DATASETS/FathomNet_FGVC2025/data/rois/5801_17092.png,/home/tahiti/MARINE_DATASETS/FathomNet_FGVC2025/data/images/5801.png,b30a4d004a49271613491549f794d81ee96e7e917f9a8d7693c6fe6318450009,198217516cb90c1c33446fdd5936b443e6899513b84ce01962f33d6b4d477de3,5801,6,train
17099,5801,52,Pandalus platyceros,/home/tahiti/MARINE_DATASETS/FathomNet_FGVC2025/data/rois/5801_17099.png,/home/tahiti/MARINE_DATASETS/FathomNet_FGVC2025/data/images/5801.png,e12ca378c2d8aa36c21e88f6d2704c8d5a9cee353ed66108e9d42c2b11072dd3,198217516cb90c1c33446fdd5936b443e6899513b84ce01962f33d6b4d477de3,5801,6,train
17133,5811,38,Liponema brevicorne,/home/tahiti/MARINE_DATASETS/FathomNet_FGVC2025/data/rois/5811_17133.png,/home/tahiti/MARINE_DATASETS/FathomNet_FGVC2025/data/images/5811.png,8dad7d170f459f54d373791b3bfbfa7c7da64b97c3489abd1c491a0cdd3f1491,494aa6c6758b14e4f1f04a778af3f8cfc1632c89ba6a8980575cc76efc9dd11c,5811,2,train
17134,5811,14,Caridea,/home/tahiti/MARINE_DATASETS/FathomNet_FGVC2025/data/rois/5811_17134.png,/home/tahiti/MARINE_DATASETS/FathomNet_FGVC2025/data/images/5811.png,9fd50b7edd5132f842bd1762b17d7a715ecaf6afa5af91f931c47e246fb65fd7,494aa6c6758b14e4f1f04a778af3f8cfc1632c89ba6a8980575cc76efc9dd11c,5811,2,train
17137,5814,6,Actinopterygii,/home/tahiti/MARINE_DATASETS/FathomNet_FGVC2025/data/rois/5814_17137.png,/home/tahiti/MARINE_DATASETS/FathomNet_FGVC2025/data/images/5814.png,bfbff440a0c2554ec8c7378d3b93701022136920fdcefe4f28a15c4380a688de,51543c165377f2db94631e94a2b4a21e600a56a5a28419bde96f34d4c85cbc3e,5814,4,train
17142,5819,78,Vesicomyidae,/home/tahiti/MARINE_DATASETS/FathomNet_FGVC2025/data/rois/5819_17142.png,/home/tahiti/MARINE_DATASETS/FathomNet_FGVC2025/data/images/5819.png,f9e3d50a935281b4362c6151a948d0d2a2824e66eaecd87d0fb11bfa35284bf0,f332c8643f840fb44765cba8c85eed3154ab9d8a177b998238a166cbcaa41d18,5819,0,train
17143,5820,10,Asbestopluma monticola,/home/tahiti/MARINE_DATASETS/FathomNet_FGVC2025/data/rois/5820_17143.png,/home/tahiti/MARINE_DATASETS/FathomNet_FGVC2025/data/images/5820.png,68449ad250bee0227cc7166eddead4992630bd2c6ac8e5f3c398493d55e58efe,889b45ca1d1d8dcc603844992fefa269a9434d0464d2121a4acd2d6761e462a9,5820,6,train
17155,5821,12,Benthocodon pedunculata,/home/tahiti/MARINE_DATASETS/FathomNet_FGVC2025/data/rois/5821_17155.png,/home/tahiti/MARINE_DATASETS/FathomNet_FGVC2025/data/images/5821.png,fb2c50a0e8b4b5d9adfa8f703bf5dd55a22fe13e44941cfa3f63c68d1f475ab1,26a179df9049f00e4dbed76e9d5c058574ca19d798f30e35d6ee197e978ede4e,5821,4,train
17160,5823,32,Holothuroidea,/home/tahiti/MARINE_DATASETS/FathomNet_FGVC2025/data/rois/5823_17160.png,/home/tahiti/MARINE_DATASETS/FathomNet_FGVC2025/data/images/5823.png,8ac16ebf951513942d9277cbe844f083e426e6917723e00ddfa5e2808d994936,b36ab2d925d4780f02c0c29fbb6c4ce9d88b82aa062ee38d12ae3463954b19f4,5823,0,train
17192,5836,2,Acanthascinae,/home/tahiti/MARINE_DATASETS/FathomNet_FGVC2025/data/rois/5836_17192.png,/home/tahiti/MARINE_DATASETS/FathomNet_FGVC2025/data/images/5836.png,2fa929e962883905e8e13761e22872623b94152ccd5ffea5ce05032fa1ee23dc,1ca0e7ccefa0a067602da2530f198fd7cf64b7db4b6d8848da221650b461deca,5836,4,train
17223,5860,12,Benthocodon pedunculata,/home/tahiti/MARINE_DATASETS/FathomNet_FGVC2025/data/rois/5860_17223.png,/home/tahiti/MARINE_DATASETS/FathomNet_FGVC2025/data/images/5860.png,9b0d11daafdb9a74d4b2867da2045c8f767d4c286dd23a3fe18c631fe8f09685,876f41393f355090b2922063c8e4a821fd07ae1a774fca948be8abf09fffe7d9,5860,6,train
17241,5866,56,Paralomis multispina,/home/tahiti/MARINE_DATASETS/FathomNet_FGVC2025/data/rois/5866_17241.png,/home/tahiti/MARINE_DATASETS/FathomNet_FGVC2025/data/images/5866.png,497280019799ee9a35f82dbf2dce4ef8318bb1824d7276fdf5a0d73a70760ce8,4ae1822e3b8f5ee1caf79b7f5b02a467724717561962934571d335ff0781305f,5866,4,train
17256,5871,43,Microstomus pacificus,/home/tahiti/MARINE_DATASETS/FathomNet_FGVC2025/data/rois/5871_17256.png,/home/tahiti/MARINE_DATASETS/FathomNet_FGVC2025/data/images/5871.png,f228d1c27ae046fac46cc6598d114b4f011144ce707ba641bdaada7aa1d8439e,67f39a638baa73fca0ce5dfe69107cbb99307a184d93dd3e7ec0565a07dcf6a7,5871,6,train
17266,5875,54,Paragorgia,/home/tahiti/MARINE_DATASETS/FathomNet_FGVC2025/data/rois/5875_17266.png,/home/tahiti/MARINE_DATASETS/FathomNet_FGVC2025/data/images/5875.png,44fa179b3e42451639d3dc270d8855dfe0976b7469d00ed63a6a30666141ebbb,c2f619afa4fb8cfdfdac150f87e6b67a2d5060748ca55bdab66f0098cb3f5cd3,5875,4,train
17295,5880,64,Pyrosoma atlanticum,/home/tahiti/MARINE_DATASETS/FathomNet_FGVC2025/data/rois/5880_17295.png,/home/tahiti/MARINE_DATASETS/FathomNet_FGVC2025/data/images/5880.png,83c5096f3b8792f94da87c6ebd466ccaa68cd0a2a7190d3f52782ebead0edcda,3f86fec423a892ffd5513030a62a989499c52476ae95812638342ab8826cda8d,5880,2,train
17296,5880,64,Pyrosoma atlanticum,/home/tahiti/MARINE_DATASETS/FathomNet_FGVC2025/data/rois/5880_17296.png,/home/tahiti/MARINE_DATASETS/FathomNet_FGVC2025/data/images/5880.png,89582bef5ee5a45b2c1a1f120d50bff5bb847a72bc8d5a331da8c5ce1ae8e5bc,3f86fec423a892ffd5513030a62a989499c52476ae95812638342ab8826cda8d,5880,2,train
17307,5882,18,Corallimorphus pilatus,/home/tahiti/MARINE_DATASETS/FathomNet_FGVC2025/data/rois/5882_17307.png,/home/tahiti/MARINE_DATASETS/FathomNet_FGVC2025/data/images/5882.png,f24e49ad078be9eb86a83ea4f9928833c6511908b8614c89cc60a6b83b597477,134ce97c90442c586b728826cf6b23c9cc8b8c1f530863914e5381513d9dc5f2,5882,4,train
17309,5882,18,Corallimorphus pilatus,/home/tahiti/MARINE_DATASETS/FathomNet_FGVC2025/data/rois/5882_17309.png,/home/tahiti/MARINE_DATASETS/FathomNet_FGVC2025/data/images/5882.png,c2ed36175592bab56536a6e466bb19d24135fc32c5a5e65de13c6195f12b6328,134ce97c90442c586b728826cf6b23c9cc8b8c1f530863914e5381513d9dc5f2,5882,4,train
17315,5882,18,Corallimorphus pilatus,/home/tahiti/MARINE_DATASETS/FathomNet_FGVC2025/data/rois/5882_17315.png,/home/tahiti/MARINE_DATASETS/FathomNet_FGVC2025/data/images/5882.png,b80fe307cb307e3f880eb9dc1903cfa1308c3fb66cabe2c25debc8a42c82e431,134ce97c90442c586b728826cf6b23c9cc8b8c1f530863914e5381513d9dc5f2,5882,4,train
17362,5897,40,Mediaster aequalis,/home/tahiti/MARINE_DATASETS/FathomNet_FGVC2025/data/rois/5897_17362.png,/home/tahiti/MARINE_DATASETS/FathomNet_FGVC2025/data/images/5897.png,f4825ba647fe2b8f2265542682f8d510f6d8b1c5868dee755c5953d97951584a,5dfece451d14d8790036db60a2630ca3e5b2f7eb9b332f5aaefc82e0891fab97,5897,2,train
17384,5908,57,Parastenella,/home/tahiti/MARINE_DATASETS/FathomNet_FGVC2025/data/rois/5908_17384.png,/home/tahiti/MARINE_DATASETS/FathomNet_FGVC2025/data/images/5908.png,d21518c36c279b6bf5a63a0dd1b17e0a66c03bc70fb61a425c0c9a426dfa57b7,c3c6f68f21f618a0d29d185ad55b67ac2e5d04bb9d9a0d7ab8b17ffb675f3881,5908,6,train
17409,5923,48,Ophiacanthidae,/home/tahiti/MARINE_DATASETS/FathomNet_FGVC2025/data/rois/5923_17409.png,/home/tahiti/MARINE_DATASETS/FathomNet_FGVC2025/data/images/5923.png,7c1f88b75ac6d0c256fa9688e947e52b4bd89b1f0b8cbc01d2d6aea9425c0e0f,e2b5e016235e98a41ce3e2dff845649704c7fafb0f9f4cef080ec5b625d4e3b1,5923,6,train
17415,5926,46,Mycale,/home/tahiti/MARINE_DATASETS/FathomNet_FGVC2025/data/rois/5926_17415.png,/home/tahiti/MARINE_DATASETS/FathomNet_FGVC2025/data/images/5926.png,19d8e7f5e1b5ba039dbaa8dbca7355b91cacd63697b5f174a473aa0a54b8c739,5092aa12e1693f37140c03b18b37f3815d6920e29e728044fd06c6813c64570f,5926,0,train
17416,5927,54,Paragorgia,/home/tahiti/MARINE_DATASETS/FathomNet_FGVC2025/data/rois/5927_17416.png,/home/tahiti/MARINE_DATASETS/FathomNet_FGVC2025/data/images/5927.png,ad706f8909bf4bb55e8da299f48cb6642383bce2ee0418bf77836599ce392b8b,412c2ac338cb03257b6ca67ca78c8a3ed3ce079bc0ea76bd9673ae79665c0021,5927,2,train
17418,5928,48,Ophiacanthidae,/home/tahiti/MARINE_DATASETS/FathomNet_FGVC2025/data/rois/5928_17418.png,/home/tahiti/MARINE_DATASETS/FathomNet_FGVC2025/data/images/5928.png,3a5b7043ee0adf8b87035310d896a25fda8f818bd215fafa7a639b36745e84bd,22c301e2a0538b1913f98e64850242b7bb456bb80857623e5b4a833609530c4c,5928,2,train
17450,5949,31,Hippasteria,/home/tahiti/MARINE_DATASETS/FathomNet_FGVC2025/data/rois/5949_17450.png,/home/tahiti/MARINE_DATASETS/FathomNet_FGVC2025/data/images/5949.png,73a54bb2045d983d6a07a4710068df2a262f8cc33b06b89c639528627ea4a51e,0bfe164b44021a7faefec4941d0d4cf1e2b2fd1a7dc9f066eb43ffd63b398309,5949,6,train
17460,5957,43,Microstomus pacificus,/home/tahiti/MARINE_DATASETS/FathomNet_FGVC2025/data/rois/5957_17460.png,/home/tahiti/MARINE_DATASETS/FathomNet_FGVC2025/data/images/5957.png,de0010e36922d7330c71a9e1b2f7dd7b0c6b809083f3ca1fa087109466f71e7c,c4755fbb237ad73978fbd9497b6948484a1493a707871c849abbf1b4639b770c,5957,6,train
17470,5964,25,Gastropoda,/home/tahiti/MARINE_DATASETS/FathomNet_FGVC2025/data/rois/5964_17470.png,/home/tahiti/MARINE_DATASETS/FathomNet_FGVC2025/data/images/5964.png,e67825d2ff1c4236cb5d5cf63e59c664deba3b8a2ea11b34d224493f96f19ae5,74f35f812d2b67af8af17de054cfe3adcbee89c71d0c50656fe9889dd30c5755,5964,0,train
17473,5966,39,Lithodidae,/home/tahiti/MARINE_DATASETS/FathomNet_FGVC2025/data/rois/5966_17473.png,/home/tahiti/MARINE_DATASETS/FathomNet_FGVC2025/data/images/5966.png,f634652ac2ed679136306e7d05a8c1a908c487029bc5ea2108162aa26be48f16,02f8d686666755e0c5a76faa35099b78fd222845541706131a855ee7f648684b,5966,2,train
17477,5969,23,Florometra serratissima,/home/tahiti/MARINE_DATASETS/FathomNet_FGVC2025/data/rois/5969_17477.png,/home/tahiti/MARINE_DATASETS/FathomNet_FGVC2025/data/images/5969.png,65d2b1fbf5a4a691b352e07298945865032deeeb43bfc4e960ad23ba4cc15d26,cd42a8e37b4c3a6b57cb928bd30611237c488b9801ea2761b6e05ee17b0aeecd,5969,6,train
17498,5977,32,Holothuroidea,/home/tahiti/MARINE_DATASETS/FathomNet_FGVC2025/data/rois/5977_17498.png,/home/tahiti/MARINE_DATASETS/FathomNet_FGVC2025/data/images/5977.png,d8f608ed48f020619388c892113a1ee2a99f7ad32905614659dc0dd50bffc9d1,dd47ddc12bb56cf495001dbd518fbec4797fa3e388077cca703bf3c320007290,5977,6,train
17500,5978,43,Microstomus pacificus,/home/tahiti/MARINE_DATASETS/FathomNet_FGVC2025/data/rois/5978_17500.png,/home/tahiti/MARINE_DATASETS/FathomNet_FGVC2025/data/images/5978.png,d4cb6229dc70265879dc1f9e28db16132dfbd99f14abdad1b61f6480df462e0b,1ce2bb9f5d5d1f5865e08cbb79065443bf476d7aefc10eeb257a7ad11b04739c,5978,4,train
17501,5979,54,Paragorgia,/home/tahiti/MARINE_DATASETS/FathomNet_FGVC2025/data/rois/5979_17501.png,/home/tahiti/MARINE_DATASETS/FathomNet_FGVC2025/data/images/5979.png,4009109fb2872cc78f0012ce5b7fdae09b0c1f055035e71575b1b53b7ff5189e,bf3d270e6d179cba9e94e2004e36a6351527410921a89b5b5cd4fcafe1c3a161,5979,6,train
17573,6018,32,Holothuroidea,/home/tahiti/MARINE_DATASETS/FathomNet_FGVC2025/data/rois/6018_17573.png,/home/tahiti/MARINE_DATASETS/FathomNet_FGVC2025/data/images/6018.png,c4367ce05d81cbaa6aa4d9ec0f3f9b9fd2d212618dec9526c3364e40d2110a7f,3cd1c69ca2318383c4e2f282ed7efea935f10bb9cda2b5c018cada319f89e4ae,6018,1,train
17578,6020,4,Actinernus,/home/tahiti/MARINE_DATASETS/FathomNet_FGVC2025/data/rois/6020_17578.png,/home/tahiti/MARINE_DATASETS/FathomNet_FGVC2025/data/images/6020.png,b36c92d97deea215b5deed5723a4072e54a8ba607b4d8e961b94b0bdb4157398,27dedff2b3e0f4bb1468ea4e44665742016beeeabfd0b32b037c0cd0126b332f,6020,6,train
17580,6022,23,Florometra serratissima,/home/tahiti/MARINE_DATASETS/FathomNet_FGVC2025/data/rois/6022_17580.png,/home/tahiti/MARINE_DATASETS/FathomNet_FGVC2025/data/images/6022.png,8531aee027c5a632616468e4d68247fed1c5bb59858be5b04c59f2db766f991c,7a79651041f53ce9556ee1995e47aca94720dfda42515cf729ce9e08f95c6e41,6022,0,train
17582,6022,23,Florometra serratissima,/home/tahiti/MARINE_DATASETS/FathomNet_FGVC2025/data/rois/6022_17582.png,/home/tahiti/MARINE_DATASETS/FathomNet_FGVC2025/data/images/6022.png,03a875a657585a0e43efeb4023c97c88e6fd4026b1c2d92293402c4d37a4d3b9,7a79651041f53ce9556ee1995e47aca94720dfda42515cf729ce9e08f95c6e41,6022,0,train
17593,6026,4,Actinernus,/home/tahiti/MARINE_DATASETS/FathomNet_FGVC2025/data/rois/6026_17593.png,/home/tahiti/MARINE_DATASETS/FathomNet_FGVC2025/data/images/6026.png,d5814407039d15dd934d86929725fcef5b5d7343f35c4ff377d22f166dca8495,1389ce29fa41db22663d871acc7b1fa01d6ddf289df15b0138664d270d5df07b,6026,4,train
17610,6036,33,Hormathiidae,/home/tahiti/MARINE_DATASETS/FathomNet_FGVC2025/data/rois/6036_17610.png,/home/tahiti/MARINE_DATASETS/FathomNet_FGVC2025/data/images/6036.png,ca35e0cd7f00ce1124cf631fce5c944d598e75fd14bcb149fb8d1fadea1ee4ef,eb44771f226b936effbb19bb951185cac658a0fce9a968d8f439fb936c776195,6036,1,train
17611,6037,7,Amphipoda,/home/tahiti/MARINE_DATASETS/FathomNet_FGVC2025/data/rois/6037_17611.png,/home/tahiti/MARINE_DATASETS/FathomNet_FGVC2025/data/images/6037.png,5768bb065a5dad8e29324db3f01057e23566cd8843b62b6370f1ce575ce79cde,be47459f4b2770b7970d301f93c351d57bde188a8a95e35086e25531a1fcc300,6037,2,train
17612,6038,56,Paralomis multispina,/home/tahiti/MARINE_DATASETS/FathomNet_FGVC2025/data/rois/6038_17612.png,/home/tahiti/MARINE_DATASETS/FathomNet_FGVC2025/data/images/6038.png,0430e9045920e272ecf1dcecbc0ab97ca813baa61533ddddd42c2e8e505d029f,44faf7fda4fc53fb951d092e1f5c4b7c684c07b2270b6f4cb64a7bf8b1dc47a5,6038,1,train
17619,6042,9,Asbestopluma,/home/tahiti/MARINE_DATASETS/FathomNet_FGVC2025/data/rois/6042_17619.png,/home/tahiti/MARINE_DATASETS/FathomNet_FGVC2025/data/images/6042.png,d8cb33ddbf90a65ac3dd2fc822bc1a18066608d8b7a607cdf37ffa45ba9db8f5,81d64a603aa37f9b3db80efa5229581ef7e933ff0d1ac07d4470f8270c0d2e3e,6042,4,train
17641,6055,40,Mediaster aequalis,/home/tahiti/MARINE_DATASETS/FathomNet_FGVC2025/data/rois/6055_17641.png,/home/tahiti/MARINE_DATASETS/FathomNet_FGVC2025/data/images/6055.png,51ef527bd45600cd432a515f469e5783219327ed423af45954047dd6f41d5b62,38366a797b0b688165d09069a812ec8cdac307be7ac740331e2db3425d530988,6055,6,train
17643,6056,38,Liponema brevicorne,/home/tahiti/MARINE_DATASETS/FathomNet_FGVC2025/data/rois/6056_17643.png,/home/tahiti/MARINE_DATASETS/FathomNet_FGVC2025/data/images/6056.png,f7039af0eb005611ed222587383286c6de4872a089ff59e9d1f70512e6c864a4,d17b94b82e98048ee4f9fd012c84b64684a25c5895ea5c406967af96deddc139,6056,4,train
17668,6071,64,Pyrosoma atlanticum,/home/tahiti/MARINE_DATASETS/FathomNet_FGVC2025/data/rois/6071_17668.png,/home/tahiti/MARINE_DATASETS/FathomNet_FGVC2025/data/images/6071.png,1ac3910eb33503372a1bb93793bc152c30e36075da117e9259c55b9683d25d39,21c1e2a5f81b6902ca3fc55918c662f9a6283b5b8df3304d64a424e1c4a0ad46,6071,2,train
17670,6071,64,Pyrosoma atlanticum,/home/tahiti/MARINE_DATASETS/FathomNet_FGVC2025/data/rois/6071_17670.png,/home/tahiti/MARINE_DATASETS/FathomNet_FGVC2025/data/images/6071.png,6693a75bdad78d036feec9da03d97040ca3d57d9dc97f192326793f26296c79a,21c1e2a5f81b6902ca3fc55918c662f9a6283b5b8df3304d64a424e1c4a0ad46,6071,2,train
17672,6071,64,Pyrosoma atlanticum,/home/tahiti/MARINE_DATASETS/FathomNet_FGVC2025/data/rois/6071_17672.png,/home/tahiti/MARINE_DATASETS/FathomNet_FGVC2025/data/images/6071.png,37cc2513f08bf815d17ba5bdf03e5edb8162ece4c6dfb106df8f45a5fb915435,21c1e2a5f81b6902ca3fc55918c662f9a6283b5b8df3304d64a424e1c4a0ad46,6071,2,train
17679,6071,64,Pyrosoma atlanticum,/home/tahiti/MARINE_DATASETS/FathomNet_FGVC2025/data/rois/6071_17679.png,/home/tahiti/MARINE_DATASETS/FathomNet_FGVC2025/data/images/6071.png,b3371bbcb90a733d2fc64577cd35fb7d1c9c099b8ca3b84443942b2978fe20a3,21c1e2a5f81b6902ca3fc55918c662f9a6283b5b8df3304d64a424e1c4a0ad46,6071,2,train
17691,6076,43,Microstomus pacificus,/home/tahiti/MARINE_DATASETS/FathomNet_FGVC2025/data/rois/6076_17691.png,/home/tahiti/MARINE_DATASETS/FathomNet_FGVC2025/data/images/6076.png,89550eb656009692fa5b648a5a7634ba554aa982e085b44da0d5c364e582f428,902fea65a73173991e1edea4ac1d626444f697b168e65995f45dd87c1e8882d7,6076,0,train
17727,6094,50,Paelopatides confundens,/home/tahiti/MARINE_DATASETS/FathomNet_FGVC2025/data/rois/6094_17727.png,/home/tahiti/MARINE_DATASETS/FathomNet_FGVC2025/data/images/6094.png,9da2585f9ea43464a1eed7dabcff03b54f71cca044699bbab5bf96c626b13712,0a8882c5d6b17dad03b5ca5f36efc17c9c98cf8c26cd34f411b6ec9f8f01800f,6094,0,train
17733,6096,57,Parastenella,/home/tahiti/MARINE_DATASETS/FathomNet_FGVC2025/data/rois/6096_17733.png,/home/tahiti/MARINE_DATASETS/FathomNet_FGVC2025/data/images/6096.png,920877e92ef73a9929e876c59fdab5ba5e69b32a42e69cdcc339d8f99b873d2c,5a01c21bb48f8d16da34c69ccc5d814cf66d2d57c4cdac213d40a1a10895d2aa,6096,1,train
17734,6096,17,Chorilia longipes,/home/tahiti/MARINE_DATASETS/FathomNet_FGVC2025/data/rois/6096_17734.png,/home/tahiti/MARINE_DATASETS/FathomNet_FGVC2025/data/images/6096.png,cd237ad27c7ee16ca0efbb326a000f0182fc7d4271089b1982d435301d7badb5,5a01c21bb48f8d16da34c69ccc5d814cf66d2d57c4cdac213d40a1a10895d2aa,6096,1,train
17743,6096,54,Paragorgia,/home/tahiti/MARINE_DATASETS/FathomNet_FGVC2025/data/rois/6096_17743.png,/home/tahiti/MARINE_DATASETS/FathomNet_FGVC2025/data/images/6096.png,5b5f1cdb42686eef00ab481ecc27383ed760aacdf8aaad2cf0148f53f6e5ae36,5a01c21bb48f8d16da34c69ccc5d814cf66d2d57c4cdac213d40a1a10895d2aa,6096,1,train
17760,6105,1,Abyssocucumis abyssorum,/home/tahiti/MARINE_DATASETS/FathomNet_FGVC2025/data/rois/6105_17760.png,/home/tahiti/MARINE_DATASETS/FathomNet_FGVC2025/data/images/6105.png,ac5f7361d9189f4cf544aefc7b541118a187d419323893a59ccef3bfc7c77a72,0a86a404b06717f9e4ea6e71c57ff4af07e05f9640d765ca785be83049cd2f72,6105,6,train
17765,6108,10,Asbestopluma monticola,/home/tahiti/MARINE_DATASETS/FathomNet_FGVC2025/data/rois/6108_17765.png,/home/tahiti/MARINE_DATASETS/FathomNet_FGVC2025/data/images/6108.png,b370e75a7622233bdc529e7a64210c87a8fbe94072f7e9df509e9150153f5b7f,b1d829bdf0652f86df5e6a57692f6fe4b7702461351693f9850e092c80fab6d6,6108,0,train
17767,6108,10,Asbestopluma monticola,/home/tahiti/MARINE_DATASETS/FathomNet_FGVC2025/data/rois/6108_17767.png,/home/tahiti/MARINE_DATASETS/FathomNet_FGVC2025/data/images/6108.png,7d8c9832c1fea8f3c79a2196fa6f76072bd71db0ca52e98413f0ad338f40574a,b1d829bdf0652f86df5e6a57692f6fe4b7702461351693f9850e092c80fab6d6,6108,0,train
17772,6108,10,Asbestopluma monticola,/home/tahiti/MARINE_DATASETS/FathomNet_FGVC2025/data/rois/6108_17772.png,/home/tahiti/MARINE_DATASETS/FathomNet_FGVC2025/data/images/6108.png,aa06c6ade2c5e1cb4d4e5b675b8602f75ad6071edd7c96684e9e24de1c5a20a8,b1d829bdf0652f86df5e6a57692f6fe4b7702461351693f9850e092c80fab6d6,6108,0,train
17779,6110,4,Actinernus,/home/tahiti/MARINE_DATASETS/FathomNet_FGVC2025/data/rois/6110_17779.png,/home/tahiti/MARINE_DATASETS/FathomNet_FGVC2025/data/images/6110.png,8c6e34c1e4c44aa52b0295803cbcec82300f668821f4aa74b0be8fc240242838,6f1c0180e3b6f312262b15710af18539dae72cfb97d9462a191e645a6ef6a75f,6110,0,train
17791,6113,51,Pandalus amplus,/home/tahiti/MARINE_DATASETS/FathomNet_FGVC2025/data/rois/6113_17791.png,/home/tahiti/MARINE_DATASETS/FathomNet_FGVC2025/data/images/6113.png,ff6de29c6094e338ed83953de530993a2dd52c230fb04bd18695b809b5f4d5e6,f34a42e05222220c0419e4b91c8fbcddc5a49264a3d0cbf4fc908a0de5cda003,6113,4,train
17806,6117,38,Liponema brevicorne,/home/tahiti/MARINE_DATASETS/FathomNet_FGVC2025/data/rois/6117_17806.png,/home/tahiti/MARINE_DATASETS/FathomNet_FGVC2025/data/images/6117.png,8355360ceee3a57919c1a47303919774c9c66aca87dfc7132864fa8e8ca44aa2,68fcbda5781d35a6ef356482fa03dd46523d5318c00c308a9d21e98758bc6a61,6117,1,train
17828,6124,52,Pandalus platyceros,/home/tahiti/MARINE_DATASETS/FathomNet_FGVC2025/data/rois/6124_17828.png,/home/tahiti/MARINE_DATASETS/FathomNet_FGVC2025/data/images/6124.png,7a208c9ef8c5321816ae9093cf295f76572a43b8e1f57c2a89d1096987518549,6012291bd97b939b1b3b8243b9c1200a5a0b0ec4f431468b7bdeca77613a6326,6124,6,train
17829,6124,69,Sebastes,/home/tahiti/MARINE_DATASETS/FathomNet_FGVC2025/data/rois/6124_17829.png,/home/tahiti/MARINE_DATASETS/FathomNet_FGVC2025/data/images/6124.png,458c7aeaa88c5cad63f70c8b0fb99d46ee9b4e671f1de2501b9ebaebffde9349,6012291bd97b939b1b3b8243b9c1200a5a0b0ec4f431468b7bdeca77613a6326,6124,6,train
17840,6128,75,Terebellidae,/home/tahiti/MARINE_DATASETS/FathomNet_FGVC2025/data/rois/6128_17840.png,/home/tahiti/MARINE_DATASETS/FathomNet_FGVC2025/data/images/6128.png,8a33af25de25e55b41ee38ffda0077271f79f66f0e1772c49dfcfaaaa58b072c,04da5a7627a7dc4d44e10919d49b12be3280f1e0f1894652c2ae767ee4ecaadf,6128,6,train
17845,6129,56,Paralomis multispina,/home/tahiti/MARINE_DATASETS/FathomNet_FGVC2025/data/rois/6129_17845.png,/home/tahiti/MARINE_DATASETS/FathomNet_FGVC2025/data/images/6129.png,0ec0980ba9f57dbb3d31e2a34e5bdbba2a014494b1a8a14bff4a4df317ae1e69,1f64f565a2ce32488b2dc4dc8d74dce2ed06ea5a7e6caaba9fa51ba136bc1563,6129,0,train
17854,6130,4,Actinernus,/home/tahiti/MARINE_DATASETS/FathomNet_FGVC2025/data/rois/6130_17854.png,/home/tahiti/MARINE_DATASETS/FathomNet_FGVC2025/data/images/6130.png,f48b580d7faff3e75105a6de8bb814b85b273e6442a66c19f6f0d94e7c2bd0b4,df4a4a3b2b33dc3c2296a8b5a3d4797848e83ba84cb3b5414b9bb8bab4fe64e2,6130,1,train
17862,6131,4,Actinernus,/home/tahiti/MARINE_DATASETS/FathomNet_FGVC2025/data/rois/6131_17862.png,/home/tahiti/MARINE_DATASETS/FathomNet_FGVC2025/data/images/6131.png,ff1008bc950a2a033bdeb964068c9ba0f8e5cf620e1a4e983dc68b652170b9c6,25ea01a372d9aab5e6cda4c17905d9a80170c682a7ee23706c269a4ba6ff1322,6131,2,train
17863,6131,4,Actinernus,/home/tahiti/MARINE_DATASETS/FathomNet_FGVC2025/data/rois/6131_17863.png,/home/tahiti/MARINE_DATASETS/FathomNet_FGVC2025/data/images/6131.png,1a4b9c04a25b7b4a8d5aac63a3b7c783f0ebeeca64443b288efdc6d56eb4678e,25ea01a372d9aab5e6cda4c17905d9a80170c682a7ee23706c269a4ba6ff1322,6131,2,train
17864,6131,4,Actinernus,/home/tahiti/MARINE_DATASETS/FathomNet_FGVC2025/data/rois/6131_17864.png,/home/tahiti/MARINE_DATASETS/FathomNet_FGVC2025/data/images/6131.png,29762c3fc99f2ed8887ded603649db809e41f6bcca2efd872cec402ccf51890b,25ea01a372d9aab5e6cda4c17905d9a80170c682a7ee23706c269a4ba6ff1322,6131,2,train
17890,6147,15,Ceriantharia,/home/tahiti/MARINE_DATASETS/FathomNet_FGVC2025/data/rois/6147_17890.png,/home/tahiti/MARINE_DATASETS/FathomNet_FGVC2025/data/images/6147.png,61cf4a5e02781b6b95acca8e860a18d2dd15f4ad1912731bacbe382d9f37e275,aa259dc764e63265d42110299135e653b88bd8012fc41c5e1deaaa85225330ac,6147,0,train
17899,6150,33,Hormathiidae,/home/tahiti/MARINE_DATASETS/FathomNet_FGVC2025/data/rois/6150_17899.png,/home/tahiti/MARINE_DATASETS/FathomNet_FGVC2025/data/images/6150.png,e1f261ec6cf99bc4deab98adb59fa619c6814a73575d6eee38ef1a5455900ff9,9c95844ddec1faecf761e0b6b63b5d9d2372961a7959fda3b463aa1be11baf19,6150,2,train
17902,6151,78,Vesicomyidae,/home/tahiti/MARINE_DATASETS/FathomNet_FGVC2025/data/rois/6151_17902.png,/home/tahiti/MARINE_DATASETS/FathomNet_FGVC2025/data/images/6151.png,95e1bc49e9e471050e558b5f2189687ffa615ee5f20678ac46ca550feda4bdaf,b18d831e8f3728866a3ee836c3c13ac868722b7e4b58137487bb4b6a23b370ed,6151,0,train
17903,6151,78,Vesicomyidae,/home/tahiti/MARINE_DATASETS/FathomNet_FGVC2025/data/rois/6151_17903.png,/home/tahiti/MARINE_DATASETS/FathomNet_FGVC2025/data/images/6151.png,f533e4a1399d4a911275415c1c085b91474f6f6ba5d0bc199d1885e233dd24fa,b18d831e8f3728866a3ee836c3c13ac868722b7e4b58137487bb4b6a23b370ed,6151,0,train
17910,6151,78,Vesicomyidae,/home/tahiti/MARINE_DATASETS/FathomNet_FGVC2025/data/rois/6151_17910.png,/home/tahiti/MARINE_DATASETS/FathomNet_FGVC2025/data/images/6151.png,d2193f5f8da7a2986db47e485cc17e7676e711bd91ead364c7c774f29559814c,b18d831e8f3728866a3ee836c3c13ac868722b7e4b58137487bb4b6a23b370ed,6151,0,train
17914,6152,57,Parastenella,/home/tahiti/MARINE_DATASETS/FathomNet_FGVC2025/data/rois/6152_17914.png,/home/tahiti/MARINE_DATASETS/FathomNet_FGVC2025/data/images/6152.png,a97071934cdae8ea119914e18c0a37c483517771fa58784b73ea1f96ae6f1512,425cc2785c9a93aa32f8331a5f3183a42165ca7585aee5c3499634a60964d069,6152,4,train
17923,6159,26,Gersemia juliepackardae,/home/tahiti/MARINE_DATASETS/FathomNet_FGVC2025/data/rois/6159_17923.png,/home/tahiti/MARINE_DATASETS/FathomNet_FGVC2025/data/images/6159.png,64af1a6b0d4f21a1fcd8c7d151f82f8f51b6a28271147663cf1c2bef8c41d309,4480c8a9b963789099d277a1578e9edd60e0b2abbc5de2c7adc308e3c02ab951,6159,0,train
17949,6170,40,Mediaster aequalis,/home/tahiti/MARINE_DATASETS/FathomNet_FGVC2025/data/rois/6170_17949.png,/home/tahiti/MARINE_DATASETS/FathomNet_FGVC2025/data/images/6170.png,a580b6c9bab1d4773c0bb106d8d464a1895fa639d99ee4eba903346df71f658f,4a385bd93d9f7f9cfe3e5f7d494948bbe78c4e0afe96f1e32d88b90b8e2b8610,6170,2,train
17957,6177,69,Sebastes,/home/tahiti/MARINE_DATASETS/FathomNet_FGVC2025/data/rois/6177_17957.png,/home/tahiti/MARINE_DATASETS/FathomNet_FGVC2025/data/images/6177.png,d42e48a5c4eeccddca3852057c086593720de2987ed75b0b094c6659df40613a,f4bbc8bfd0091ffbec2a7074cd472876ebee4c02b1756a4edae497611e81daa6,6177,1,train
17970,6182,48,Ophiacanthidae,/home/tahiti/MARINE_DATASETS/FathomNet_FGVC2025/data/rois/6182_17970.png,/home/tahiti/MARINE_DATASETS/FathomNet_FGVC2025/data/images/6182.png,0c2f7e9ae6f49392c7508bcd901a88e751deb9cbcfa378bbe2dfd1a53bf88b8b,06af00d8416d05379dfb0de89066ae4153709ee976f8c1a1e4f1c6baa711fe95,6182,0,train
17977,6183,23,Florometra serratissima,/home/tahiti/MARINE_DATASETS/FathomNet_FGVC2025/data/rois/6183_17977.png,/home/tahiti/MARINE_DATASETS/FathomNet_FGVC2025/data/images/6183.png,39340fdf652d05c8c1870c2516607ab050b844ef5b04caaf950818981c7cb8df,5bcd8150b5230ba5c4bd61eb33882b3b2762b896ca40fb300c83fc8fe87495a9,6183,6,train
17992,6183,23,Florometra serratissima,/home/tahiti/MARINE_DATASETS/FathomNet_FGVC2025/data/rois/6183_17992.png,/home/tahiti/MARINE_DATASETS/FathomNet_FGVC2025/data/images/6183.png,ee18fb64592e4b991a4d3adad8da6abe3e5d07cf273c5ee4af79379511c56c11,5bcd8150b5230ba5c4bd61eb33882b3b2762b896ca40fb300c83fc8fe87495a9,6183,6,train
18047,6209,33,Hormathiidae,/home/tahiti/MARINE_DATASETS/FathomNet_FGVC2025/data/rois/6209_18047.png,/home/tahiti/MARINE_DATASETS/FathomNet_FGVC2025/data/images/6209.png,8e28bc32711675401582bcb73c2e57b0ce8d0e19712d4d9fdc2970930c2166ac,2f4f270fc66e5039b3b476f3329d55ce834eb318569735615fb73b775769064c,6209,6,train
18067,6221,26,Gersemia juliepackardae,/home/tahiti/MARINE_DATASETS/FathomNet_FGVC2025/data/rois/6221_18067.png,/home/tahiti/MARINE_DATASETS/FathomNet_FGVC2025/data/images/6221.png,61b61fd348b25575d5f3aa42408c85fb141cf6989a22d26dde2afdae077abadc,621cebcebf82bf1e4082185245b66a3d68b9c9711ac0f6f67478cefa564610bf,6221,2,train
18070,6223,64,Pyrosoma atlanticum,/home/tahiti/MARINE_DATASETS/FathomNet_FGVC2025/data/rois/6223_18070.png,/home/tahiti/MARINE_DATASETS/FathomNet_FGVC2025/data/images/6223.png,408a617ad57aea295e00a4680f0333fa241a276e03dfe02e0ff6c007b2d12b9b,979da4c1fa4cff68ebedc57ac3ee1523de031cbb5bb53d8f059a3f66246d55b0,6223,4,train
18077,6225,14,Caridea,/home/tahiti/MARINE_DATASETS/FathomNet_FGVC2025/data/rois/6225_18077.png,/home/tahiti/MARINE_DATASETS/FathomNet_FGVC2025/data/images/6225.png,e135974e1a00a015513ce4cd6c0bba211d1475ad6acfe6237c8179604d42c59f,a39afedae7aa48d7abe7cd46dcc018e9b14c959cdd91104e0f0a10a9672f9ec7,6225,6,train
18079,6226,32,Holothuroidea,/home/tahiti/MARINE_DATASETS/FathomNet_FGVC2025/data/rois/6226_18079.png,/home/tahiti/MARINE_DATASETS/FathomNet_FGVC2025/data/images/6226.png,32316daa20ec61ed61af07a6e083f5c9ad7b1db6ca46b462353ff2ae21cdd4f5,c6ab0e771a23a28a0bd1626651de09b870b14e04d0597d5868411cf76532bea7,6226,0,train
18108,6232,20,Delectopecten,/home/tahiti/MARINE_DATASETS/FathomNet_FGVC2025/data/rois/6232_18108.png,/home/tahiti/MARINE_DATASETS/FathomNet_FGVC2025/data/images/6232.png,fc877adfe61b56034a57e82ad147ace189153749439ba77bf59286cabd6e0eb4,0b9fa2e669fc414f422181f388a73f0b0de18afb502be99b92bcf53e2f502891,6232,4,train
18116,6232,20,Delectopecten,/home/tahiti/MARINE_DATASETS/FathomNet_FGVC2025/data/rois/6232_18116.png,/home/tahiti/MARINE_DATASETS/FathomNet_FGVC2025/data/images/6232.png,8abe226f4bc792fa8c95baa59d0d6bfd9d5b5e54a50a23786e27e97123055f41,0b9fa2e669fc414f422181f388a73f0b0de18afb502be99b92bcf53e2f502891,6232,4,train
18124,6232,20,Delectopecten,/home/tahiti/MARINE_DATASETS/FathomNet_FGVC2025/data/rois/6232_18124.png,/home/tahiti/MARINE_DATASETS/FathomNet_FGVC2025/data/images/6232.png,8bda7b705cf5a6a2ffc27816846d0aacca2eaee232b551b3695a9cdec35d2089,0b9fa2e669fc414f422181f388a73f0b0de18afb502be99b92bcf53e2f502891,6232,4,train
18126,6232,20,Delectopecten,/home/tahiti/MARINE_DATASETS/FathomNet_FGVC2025/data/rois/6232_18126.png,/home/tahiti/MARINE_DATASETS/FathomNet_FGVC2025/data/images/6232.png,cbc3eba856173a8113a2f0f8c85a804828ebf942ddda4bd5345cd37ffb24c28b,0b9fa2e669fc414f422181f388a73f0b0de18afb502be99b92bcf53e2f502891,6232,4,train
18133,6232,20,Delectopecten,/home/tahiti/MARINE_DATASETS/FathomNet_FGVC2025/data/rois/6232_18133.png,/home/tahiti/MARINE_DATASETS/FathomNet_FGVC2025/data/images/6232.png,7c4bd6a30f905b1f841e139e362563fe3549bb9804dbdec1ff89a7f10a349d2b,0b9fa2e669fc414f422181f388a73f0b0de18afb502be99b92bcf53e2f502891,6232,4,train
18138,6236,33,Hormathiidae,/home/tahiti/MARINE_DATASETS/FathomNet_FGVC2025/data/rois/6236_18138.png,/home/tahiti/MARINE_DATASETS/FathomNet_FGVC2025/data/images/6236.png,d6022ba3d6e07d78cc3e0187dbb18e3758794ba27ae882faaa15b44839505684,9ee8099773a6eef6fe32e91431a8cc136270bbcdcf371c67f63dbd7d52633f1e,6236,0,train
18144,6242,15,Ceriantharia,/home/tahiti/MARINE_DATASETS/FathomNet_FGVC2025/data/rois/6242_18144.png,/home/tahiti/MARINE_DATASETS/FathomNet_FGVC2025/data/images/6242.png,f81a6811788108242264c60105af4638f46220c3b46fec539d66cc114caee5c8,8624a786d66449d6dbf994fd8b6bdbaf0c7250d0e6d982e3ef14e33f662a4173,6242,4,train
18179,6261,34,Isidella tentaculum,/home/tahiti/MARINE_DATASETS/FathomNet_FGVC2025/data/rois/6261_18179.png,/home/tahiti/MARINE_DATASETS/FathomNet_FGVC2025/data/images/6261.png,cfe7e2f092085eb014ae2ac9c2559c5482521b66b0504bb43d6df2dff876ac81,69084d9821afab3d8ae0b6ebea612d6f50fa28d06b195fae523bac542bec5035,6261,4,train
18181,6262,17,Chorilia longipes,/home/tahiti/MARINE_DATASETS/FathomNet_FGVC2025/data/rois/6262_18181.png,/home/tahiti/MARINE_DATASETS/FathomNet_FGVC2025/data/images/6262.png,7e466fefdcaf8478b36eb4498af1333dc119c642c1d1e9a6d46fed5cc4df8a16,3e8cf876841b9e201fab3fb776659c4cd10f3ea2a5e3380a6bb88849cd27b5b3,6262,6,train
18185,6264,12,Benthocodon pedunculata,/home/tahiti/MARINE_DATASETS/FathomNet_FGVC2025/data/rois/6264_18185.png,/home/tahiti/MARINE_DATASETS/FathomNet_FGVC2025/data/images/6264.png,fc6b061ad0c915968b2eb97d21613f0426a661440c2c15ad9a610b289f562904,fd49c7582d6e811cd7e0833faf978c443cf99bbef5322f65074bd1fec26f47ff,6264,2,train
18194,6269,15,Ceriantharia,/home/tahiti/MARINE_DATASETS/FathomNet_FGVC2025/data/rois/6269_18194.png,/home/tahiti/MARINE_DATASETS/FathomNet_FGVC2025/data/images/6269.png,afb0f3ab2c74eec83fed4c8a2afd0e0a4b67d113692a83cc7cacf249a0a6e31e,cf1310495ffeff88e62cfe849b7aee17efc8d8c37d3d5d850739149079a0c114,6269,6,train
18199,6273,3,Acanthoptilum,/home/tahiti/MARINE_DATASETS/FathomNet_FGVC2025/data/rois/6273_18199.png,/home/tahiti/MARINE_DATASETS/FathomNet_FGVC2025/data/images/6273.png,6935f297d3c39046152f799215c614aa00ba914db2503bf1676e633ec21f2b61,37c9522604e13385ce9d5ab3b66ce4f83074bad9753f6aa5c183b5ce271e1459,6273,1,train
18200,6274,32,Holothuroidea,/home/tahiti/MARINE_DATASETS/FathomNet_FGVC2025/data/rois/6274_18200.png,/home/tahiti/MARINE_DATASETS/FathomNet_FGVC2025/data/images/6274.png,00cc776ebb581a53f83a23d0af2c34eccd288f8c867c9a4db7a366686762b2d1,b730758a44147b428e3c5596e6727551b44f62a0f2a93e310815c36035204715,6274,6,train
18205,6277,15,Ceriantharia,/home/tahiti/MARINE_DATASETS/FathomNet_FGVC2025/data/rois/6277_18205.png,/home/tahiti/MARINE_DATASETS/FathomNet_FGVC2025/data/images/6277.png,aacf39e33dfbfe99fe91538a491601254fd86500e7f28ae3e6d99bdf044eaea2,a3384c249c3ae848f9adff1a25a9661c0578e1cd08d64419d6df4020278070f5,6277,4,train
18237,6295,34,Isidella tentaculum,/home/tahiti/MARINE_DATASETS/FathomNet_FGVC2025/data/rois/6295_18237.png,/home/tahiti/MARINE_DATASETS/FathomNet_FGVC2025/data/images/6295.png,7af2c596763c262cc97e581a9c2525aa4cb8ca23957af4d7deca5c00564e78bc,0449dbae495ee0f76b5e29496edd43184e8a88c3c6282968adb0000bb67b0aa2,6295,4,train
18238,6295,34,Isidella tentaculum,/home/tahiti/MARINE_DATASETS/FathomNet_FGVC2025/data/rois/6295_18238.png,/home/tahiti/MARINE_DATASETS/FathomNet_FGVC2025/data/images/6295.png,1f47c46c92331e30b071fdf771ac0df32106d29a2e0e416e26ceda8a3d87034d,0449dbae495ee0f76b5e29496edd43184e8a88c3c6282968adb0000bb67b0aa2,6295,4,train
18240,6296,69,Sebastes,/home/tahiti/MARINE_DATASETS/FathomNet_FGVC2025/data/rois/6296_18240.png,/home/tahiti/MARINE_DATASETS/FathomNet_FGVC2025/data/images/6296.png,ded40c40a0b98bc304d075d28de6530a46511171cf05b368663fca23ffbb8799,bb8555580ffc8faecb7cd21dfc588994066f25fbc029341c45164a01f530aa1e,6296,6,train
18256,6301,75,Terebellidae,/home/tahiti/MARINE_DATASETS/FathomNet_FGVC2025/data/rois/6301_18256.png,/home/tahiti/MARINE_DATASETS/FathomNet_FGVC2025/data/images/6301.png,c744c72f3688adc36431a1a0ac7d90481592fab0230c49149adab5ee9db11e5b,e3657befd25090110abf8b065213ad3df40450d103a29db8daf625ac471a38a7,6301,0,train
18290,6308,14,Caridea,/home/tahiti/MARINE_DATASETS/FathomNet_FGVC2025/data/rois/6308_18290.png,/home/tahiti/MARINE_DATASETS/FathomNet_FGVC2025/data/images/6308.png,5e8df7948578a6c052a2984a94cebe918178e7d47fcf8b07e2d953478bbcdf62,c6dd8e1417499f84855a17011d17fafac198242dcc768c8897179ee8c2e21b69,6308,0,train
18307,6317,14,Caridea,/home/tahiti/MARINE_DATASETS/FathomNet_FGVC2025/data/rois/6317_18307.png,/home/tahiti/MARINE_DATASETS/FathomNet_FGVC2025/data/images/6317.png,0f1a7547c20bd369d66484bb34dc6a9e6a9fef45b8794326ddf2b92cc6a8b211,c574f9d93b4b38d62db0268226d6ffc7d06bd716951b7ae3e787ef357808ea83,6317,1,train
18337,6336,70,Sebastes diploproa,/home/tahiti/MARINE_DATASETS/FathomNet_FGVC2025/data/rois/6336_18337.png,/home/tahiti/MARINE_DATASETS/FathomNet_FGVC2025/data/images/6336.png,f63e379a215400747422858cda9844c872184b51011bdadd53eb2d41dc4e305c,a2d1bf9cfde121f259bd349e61a685d71328a60dffc05e40c27084fe74a72baf,6336,1,train
18341,6337,7,Amphipoda,/home/tahiti/MARINE_DATASETS/FathomNet_FGVC2025/data/rois/6337_18341.png,/home/tahiti/MARINE_DATASETS/FathomNet_FGVC2025/data/images/6337.png,ace55fdecd455acd288680b6c62254de2cc470906c4ba4c34747965a1d2f4e30,1996d67cbc02f23c9f7b208f9da04deacdab6151979eeb4f49705ccc660d8642,6337,0,train
18344,6338,50,Paelopatides confundens,/home/tahiti/MARINE_DATASETS/FathomNet_FGVC2025/data/rois/6338_18344.png,/home/tahiti/MARINE_DATASETS/FathomNet_FGVC2025/data/images/6338.png,3a47ea9f2d9fba7e1e4e936c0dbc362443a5b50f2ba616c49f1e3fb2a0ae75fa,d6b2543079c84276443dfd58793834cf00ec100f1fc87047ef33b6c1a9d39d96,6338,6,train
18346,6340,33,Hormathiidae,/home/tahiti/MARINE_DATASETS/FathomNet_FGVC2025/data/rois/6340_18346.png,/home/tahiti/MARINE_DATASETS/FathomNet_FGVC2025/data/images/6340.png,d899840aa800cb6fb7df6af333c20cae3ccfef34c1c1c456075a1287ba3dbdc5,b5b0a31bea8315efd376989c617cf75bca96922a48cf8cb747432308227fa725,6340,2,train
18352,6343,14,Caridea,/home/tahiti/MARINE_DATASETS/FathomNet_FGVC2025/data/rois/6343_18352.png,/home/tahiti/MARINE_DATASETS/FathomNet_FGVC2025/data/images/6343.png,240f93331e770fc28d977a254631c2c12921a0811603d3ab89e6902a448677bd,b3e29840282eef9a1669ab6cc134c02986f05567564d4e2f628c172ba68480f9,6343,2,train
18365,6352,2,Acanthascinae,/home/tahiti/MARINE_DATASETS/FathomNet_FGVC2025/data/rois/6352_18365.png,/home/tahiti/MARINE_DATASETS/FathomNet_FGVC2025/data/images/6352.png,f97401c7e39a2ed93f095bde146ecca55c22d24c041d40f019c5093061cfbc6e,d6cf03294a33f53485f168f6586b8c64d1728adbcfd09d2ed0a5b0598c054c56,6352,1,train
18366,6353,1,Abyssocucumis abyssorum,/home/tahiti/MARINE_DATASETS/FathomNet_FGVC2025/data/rois/6353_18366.png,/home/tahiti/MARINE_DATASETS/FathomNet_FGVC2025/data/images/6353.png,8e118a8cd3e6621fdd9b4889b608c4bdb7d2a81388d8735f4a4e2896a6f37001,5037d7a6428d70056bd4239f25b58cc0419a2138db31ad66651bba0b56d12c9d,6353,0,train
18368,6353,12,Benthocodon pedunculata,/home/tahiti/MARINE_DATASETS/FathomNet_FGVC2025/data/rois/6353_18368.png,/home/tahiti/MARINE_DATASETS/FathomNet_FGVC2025/data/images/6353.png,ace44d14d000497f5a54f50be8c7c286bb8434f00e521666a2e3d27fbf8fbe7e,5037d7a6428d70056bd4239f25b58cc0419a2138db31ad66651bba0b56d12c9d,6353,0,train
18370,6354,33,Hormathiidae,/home/tahiti/MARINE_DATASETS/FathomNet_FGVC2025/data/rois/6354_18370.png,/home/tahiti/MARINE_DATASETS/FathomNet_FGVC2025/data/images/6354.png,fae3c66fc21f77a1e60c729ca2c9d9d73d9e0f8ba5b72d85469f6f4ddb608078,9079b4ba32f6d2a4d7c5c144ff4e41faabe6133bbfa5d6ec90834c233e6e84c2,6354,0,train
18403,6373,48,Ophiacanthidae,/home/tahiti/MARINE_DATASETS/FathomNet_FGVC2025/data/rois/6373_18403.png,/home/tahiti/MARINE_DATASETS/FathomNet_FGVC2025/data/images/6373.png,3aa3cafeb46cb2f3b16a338c0d9e7afbb5500122296032f1d88abc55cd4339fe,3d201b926ff356fa0be9aff61a84725e4673db3d5aa3b5dbbd4df7899edded3d,6373,6,train
18405,6375,38,Liponema brevicorne,/home/tahiti/MARINE_DATASETS/FathomNet_FGVC2025/data/rois/6375_18405.png,/home/tahiti/MARINE_DATASETS/FathomNet_FGVC2025/data/images/6375.png,816a33d3f53d4975ff5ae58daff00d4f3f8b235da73bc45d0a800d0e89b8bcdd,7deb151d159b680b53f1b61831116611d575224d84375d56e5acadca0c71eadd,6375,4,train
18407,6375,38,Liponema brevicorne,/home/tahiti/MARINE_DATASETS/FathomNet_FGVC2025/data/rois/6375_18407.png,/home/tahiti/MARINE_DATASETS/FathomNet_FGVC2025/data/images/6375.png,f1f22c50913c454cee4a995182c19ae848c750820e2a461b1fa7af5ad405ee2d,7deb151d159b680b53f1b61831116611d575224d84375d56e5acadca0c71eadd,6375,4,train
18408,6375,38,Liponema brevicorne,/home/tahiti/MARINE_DATASETS/FathomNet_FGVC2025/data/rois/6375_18408.png,/home/tahiti/MARINE_DATASETS/FathomNet_FGVC2025/data/images/6375.png,c9cdecbd67d291f4fe6308b413ce7128a4b0b72e53ce1d389954f87b5a3dc146,7deb151d159b680b53f1b61831116611d575224d84375d56e5acadca0c71eadd,6375,4,train
18424,6384,78,Vesicomyidae,/home/tahiti/MARINE_DATASETS/FathomNet_FGVC2025/data/rois/6384_18424.png,/home/tahiti/MARINE_DATASETS/FathomNet_FGVC2025/data/images/6384.png,6913340c3b88daeda0dbe71c839461ee446d05d16f058590eed7ee48bb13baab,563a21a3edd409f7735758541c1a215bb3384a07ffe8895ef92fa5b3f339c3bd,6384,2,train
18425,6384,78,Vesicomyidae,/home/tahiti/MARINE_DATASETS/FathomNet_FGVC2025/data/rois/6384_18425.png,/home/tahiti/MARINE_DATASETS/FathomNet_FGVC2025/data/images/6384.png,caf5e5b0f929ff4392a708333426d2b4403f0dd0d6a5f8c6935e847934d43467,563a21a3edd409f7735758541c1a215bb3384a07ffe8895ef92fa5b3f339c3bd,6384,2,train
18426,6385,38,Liponema brevicorne,/home/tahiti/MARINE_DATASETS/FathomNet_FGVC2025/data/rois/6385_18426.png,/home/tahiti/MARINE_DATASETS/FathomNet_FGVC2025/data/images/6385.png,f5d4ebaf82e93ecb462c5f5c6ad5b6d361f6dbab6977b0108d1724e1b3abfd92,64213fee2d71f55b70c5249c6ccb2731c2c077654316135a20fb9a9a91630b60,6385,6,train
18435,6392,12,Benthocodon pedunculata,/home/tahiti/MARINE_DATASETS/FathomNet_FGVC2025/data/rois/6392_18435.png,/home/tahiti/MARINE_DATASETS/FathomNet_FGVC2025/data/images/6392.png,5ef0bd671ad49a0a2fdb394c854a799f745ae25030917a5e68046fd2c8a18192,9f56ed79127c7ce51a9f7908e00da1721bcc899ec3dfe815e82a8d964c921923,6392,0,train
18482,6405,14,Caridea,/home/tahiti/MARINE_DATASETS/FathomNet_FGVC2025/data/rois/6405_18482.png,/home/tahiti/MARINE_DATASETS/FathomNet_FGVC2025/data/images/6405.png,ec0db4666e975435fdaab0d50bdf72680d0c819cb98cace0f960f86b8707fe1f,0cc68e57f61900525c21bd19cb32bb37cfa2def7867da13460d18788fb16f7d8,6405,2,train
18493,6410,40,Mediaster aequalis,/home/tahiti/MARINE_DATASETS/FathomNet_FGVC2025/data/rois/6410_18493.png,/home/tahiti/MARINE_DATASETS/FathomNet_FGVC2025/data/images/6410.png,20305e4d2cc10bb4116b62c4a82518569d7de0ee9b0698da1759a8f75db76e34,6212380148d975120b6aa4c28dbdcbf4b0703a8f71f841c49d998734b1dbd11d,6410,0,train
18518,6424,33,Hormathiidae,/home/tahiti/MARINE_DATASETS/FathomNet_FGVC2025/data/rois/6424_18518.png,/home/tahiti/MARINE_DATASETS/FathomNet_FGVC2025/data/images/6424.png,e240bf38aa26e82f103d1b05b6c0a7fec2c541da10065dc73fbf50638e358ec1,bea0cc51da3b89a81bda006e4a0a68e447ee0c59a66efe180da064bcfc92afef,6424,4,train
18537,6436,9,Asbestopluma,/home/tahiti/MARINE_DATASETS/FathomNet_FGVC2025/data/rois/6436_18537.png,/home/tahiti/MARINE_DATASETS/FathomNet_FGVC2025/data/images/6436.png,973565415f3dd2380bdac7aa8d34a563af1627798a6886ba540cd91ed2ef1b8b,2f6047b20c7055b20bb7531572da190bca28211d19fbec892ad6a56ac2c5a786,6436,6,train
18538,6436,9,Asbestopluma,/home/tahiti/MARINE_DATASETS/FathomNet_FGVC2025/data/rois/6436_18538.png,/home/tahiti/MARINE_DATASETS/FathomNet_FGVC2025/data/images/6436.png,68dd30799badc05a34d5b2f32ed9f1638f68c2236be5ae8c4c45739993d62ce2,2f6047b20c7055b20bb7531572da190bca28211d19fbec892ad6a56ac2c5a786,6436,6,train
18541,6438,43,Microstomus pacificus,/home/tahiti/MARINE_DATASETS/FathomNet_FGVC2025/data/rois/6438_18541.png,/home/tahiti/MARINE_DATASETS/FathomNet_FGVC2025/data/images/6438.png,90b279720136d1b965a9963d7c4b27a551f13221e34e1f0d143362f249e135c0,8de7b4eb191c583c7785cded62d426c27b11f70aefa6bcf4259678ca0780f04a,6438,0,train
18556,6446,56,Paralomis multispina,/home/tahiti/MARINE_DATASETS/FathomNet_FGVC2025/data/rois/6446_18556.png,/home/tahiti/MARINE_DATASETS/FathomNet_FGVC2025/data/images/6446.png,d111fa5f53e34e691ba7018564237891cb0bf5faa13400c8ebf1eae009ffeca0,b21fdeef2c80f7010488585945adfe333d8fc3224d710fb999d97d406dfae27d,6446,4,train
18591,6460,1,Abyssocucumis abyssorum,/home/tahiti/MARINE_DATASETS/FathomNet_FGVC2025/data/rois/6460_18591.png,/home/tahiti/MARINE_DATASETS/FathomNet_FGVC2025/data/images/6460.png,8735ffa4c1ccc298031171a718b12dcc33e1bf0221815f0a1b34eced130e5d98,e1a055696776cb66a7b2c476a61bd651e9ab19373deb5548a814c4dfa9dc1ce2,6460,4,train
18632,6479,13,Brisingida,/home/tahiti/MARINE_DATASETS/FathomNet_FGVC2025/data/rois/6479_18632.png,/home/tahiti/MARINE_DATASETS/FathomNet_FGVC2025/data/images/6479.png,445d155bb59bb592fc7f186e88397bcaff315a776415d343579878660897b545,da9b32ff77fe010f76ef6bef48af1845b1df3a8949e6ace04fe59de040764a3a,6479,0,train
18645,6481,9,Asbestopluma,/home/tahiti/MARINE_DATASETS/FathomNet_FGVC2025/data/rois/6481_18645.png,/home/tahiti/MARINE_DATASETS/FathomNet_FGVC2025/data/images/6481.png,45555d923f0c5863f2151de15ab4474fd6b5a030873c701a1c1e67da9cccd522,1f4ec92803298c401c5f2fb2f8cb3f2d0692bd3fb01ad00c0e3a6bcacc2bea32,6481,4,train
18664,6490,64,Pyrosoma atlanticum,/home/tahiti/MARINE_DATASETS/FathomNet_FGVC2025/data/rois/6490_18664.png,/home/tahiti/MARINE_DATASETS/FathomNet_FGVC2025/data/images/6490.png,994bcea466650a5c8b8579f6aa29e9cd9b4461031d2ba50656502c167e53102a,9baab0b8b9de09d377a739f7bb217a67e8f21215378973fb5ecbf463b320f73a,6490,1,train
18666,6491,69,Sebastes,/home/tahiti/MARINE_DATASETS/FathomNet_FGVC2025/data/rois/6491_18666.png,/home/tahiti/MARINE_DATASETS/FathomNet_FGVC2025/data/images/6491.png,03c88edcc3a2cc2445ef25081b3e2f067f613ad1b9d00e8bc39aac12cef58c9f,7b8f4c405eb8135b4295479338e269ffe69efafaa12f564ceeea436b01ce9a55,6491,6,train
18677,6495,2,Acanthascinae,/home/tahiti/MARINE_DATASETS/FathomNet_FGVC2025/data/rois/6495_18677.png,/home/tahiti/MARINE_DATASETS/FathomNet_FGVC2025/data/images/6495.png,f604f74b9b9609fdc0702f64033c45802c6bf19b2c567c7d9061447c2b410614,46bbb18d6e782a188f6a665663ac0116d7bd342ffe9bb6496cddba884634e3a6,6495,2,train
18714,6521,2,Acanthascinae,/home/tahiti/MARINE_DATASETS/FathomNet_FGVC2025/data/rois/6521_18714.png,/home/tahiti/MARINE_DATASETS/FathomNet_FGVC2025/data/images/6521.png,ab1cd4173422aacdf98b2cd0966b6f269db9f454f911d0139a408351c0d72c6d,5b0ab047096fdfa0ca08143272ba99dec358d451d4c6a8e7cae6b2ea1c535b06,6521,2,train
18716,6523,33,Hormathiidae,/home/tahiti/MARINE_DATASETS/FathomNet_FGVC2025/data/rois/6523_18716.png,/home/tahiti/MARINE_DATASETS/FathomNet_FGVC2025/data/images/6523.png,cbf1cc5b85bdbd3267f0d865d5ce565a53d5aad128b7102ad33921434cde4077,52c7d60fc93341ec14a72070557bdb17af8f21d4fc54692bdf448d7210fce721,6523,1,train
18723,6527,43,Microstomus pacificus,/home/tahiti/MARINE_DATASETS/FathomNet_FGVC2025/data/rois/6527_18723.png,/home/tahiti/MARINE_DATASETS/FathomNet_FGVC2025/data/images/6527.png,3d1ecbfa0e6b7367e3cfdeeca0d12bcabcc57478370c9a91fc8548953ebda51e,e542936b9e9e11ac17664dca77aec136ab3b2f13a9bc9d09d9d376cbeb1adc58,6527,1,train
18726,6530,14,Caridea,/home/tahiti/MARINE_DATASETS/FathomNet_FGVC2025/data/rois/6530_18726.png,/home/tahiti/MARINE_DATASETS/FathomNet_FGVC2025/data/images/6530.png,e8ad4ff782aeb5eff69314f2570c27b2a9042139485ac62767a31f395fa97844,35d98dd2541a2906b03d8e4b87e3c1feedbd5278c4393e9f2b28592563f30c73,6530,6,train
18741,6541,51,Pandalus amplus,/home/tahiti/MARINE_DATASETS/FathomNet_FGVC2025/data/rois/6541_18741.png,/home/tahiti/MARINE_DATASETS/FathomNet_FGVC2025/data/images/6541.png,f080f2b10fc1ac9331b216bf44b95cdb44a7fc11d6134abbedc2b68ba365aec8,d5012897a85df7150090b68ad47ebbb08c5f5ef1cacb79a428aac270ed2eb549,6541,6,train
18745,6544,4,Actinernus,/home/tahiti/MARINE_DATASETS/FathomNet_FGVC2025/data/rois/6544_18745.png,/home/tahiti/MARINE_DATASETS/FathomNet_FGVC2025/data/images/6544.png,83e73ca95d0d1690e33eff5468fc032857104c9669bc22ae34c2850abcbb0a2a,038db7f006e2da14a6c929a2445c3327a9899b8dfc40f59d261ee37a99fad0cb,6544,0,train
18760,6550,8,Apostichopus leukothele,/home/tahiti/MARINE_DATASETS/FathomNet_FGVC2025/data/rois/6550_18760.png,/home/tahiti/MARINE_DATASETS/FathomNet_FGVC2025/data/images/6550.png,bee7c8833cc5a4855b96aee145ed0ff33144f13b0f02e14ca9da7cc07679ee7b,92589507ade8e5b1df2b38ea20f6198f4aae8b9feb3393d21e79fc9bb9de08b3,6550,1,train
18790,6570,15,Ceriantharia,/home/tahiti/MARINE_DATASETS/FathomNet_FGVC2025/data/rois/6570_18790.png,/home/tahiti/MARINE_DATASETS/FathomNet_FGVC2025/data/images/6570.png,9053a73bf54d40a31b75b9bc0f6185bb62f63460c7fd2e15fa0dbe96c06d6a4d,76d3ab2d9142daaaea9f8e7ca031f54f387a6a70a48db7b57e1ee44d5829a300,6570,0,train
18801,6573,34,Isidella tentaculum,/home/tahiti/MARINE_DATASETS/FathomNet_FGVC2025/data/rois/6573_18801.png,/home/tahiti/MARINE_DATASETS/FathomNet_FGVC2025/data/images/6573.png,78c1275e4757ec5e03af528a9c7e36ee7c95c5269f6cbc9eaa5a00a58d47b903,aac59a318ef0ef9a0b75ec9899c16ba16daa390bf19f402a7398e6e3eeca4570,6573,2,train
18823,6587,56,Paralomis multispina,/home/tahiti/MARINE_DATASETS/FathomNet_FGVC2025/data/rois/6587_18823.png,/home/tahiti/MARINE_DATASETS/FathomNet_FGVC2025/data/images/6587.png,b7d371d9065db729806c7bd66f9616c14ca7a43534a3a5c502e5badcbf703dce,33e54388b61b0d869ca2c66bb0019c7cb058858ffc7eff61ba505517b495f65d,6587,2,train
18825,6589,69,Sebastes,/home/tahiti/MARINE_DATASETS/FathomNet_FGVC2025/data/rois/6589_18825.png,/home/tahiti/MARINE_DATASETS/FathomNet_FGVC2025/data/images/6589.png,673a6092abad3714d501f47e9d3b857b30cb8fc4e40c30bd33fa9db2a770c5c1,8a35f1f672add03607b811b398d0b1a8958f9ad972f22478f92777a332e612ea,6589,2,train
18839,6594,21,Elpidia,/home/tahiti/MARINE_DATASETS/FathomNet_FGVC2025/data/rois/6594_18839.png,/home/tahiti/MARINE_DATASETS/FathomNet_FGVC2025/data/images/6594.png,d568ffe6712ec05bbacc6ad1cb42f403e1e37fe941d6961de723af3d64b708a0,5d7aa2b96572597d1f802a805d57632ddc2c7a946fb42b0f6a7556188a9053fa,6594,4,train
18858,6603,31,Hippasteria,/home/tahiti/MARINE_DATASETS/FathomNet_FGVC2025/data/rois/6603_18858.png,/home/tahiti/MARINE_DATASETS/FathomNet_FGVC2025/data/images/6603.png,5a19ab210fa88f4e4e8b4ea4534261c5f1b586e22f83715943cb7719cf5fecb5,7fdc0c8929a506f53be0e85708dbfa5305377cbf745679a2a908e2e813ad81de,6603,2,train
18874,6614,7,Amphipoda,/home/tahiti/MARINE_DATASETS/FathomNet_FGVC2025/data/rois/6614_18874.png,/home/tahiti/MARINE_DATASETS/FathomNet_FGVC2025/data/images/6614.png,0e254442a1312f4089a800d0249cda554512c26ac715ea6209757c52931c6707,10eb72baac5ba3916c2f638bde3d71cbadcefd6970143e35b408621c189a9e30,6614,0,train
18887,6621,56,Paralomis multispina,/home/tahiti/MARINE_DATASETS/FathomNet_FGVC2025/data/rois/6621_18887.png,/home/tahiti/MARINE_DATASETS/FathomNet_FGVC2025/data/images/6621.png,db9b57640377d705171e6e4b63a4ab338533ccd5ebaa46e06445853559898a1d,0ed6705feeab7ad16440497765c2f83bfac11cc567fe36c110b4e08a5c8808ba,6621,4,train
18892,6623,15,Ceriantharia,/home/tahiti/MARINE_DATASETS/FathomNet_FGVC2025/data/rois/6623_18892.png,/home/tahiti/MARINE_DATASETS/FathomNet_FGVC2025/data/images/6623.png,7705d3a427d7e568e0337c25e980f3219af10e4eadc7b9063943d8b17a90d518,4c43815b7fd0b24519a07820d3612c7cd878cebd270e7fb3b347154c321c87f7,6623,1,train
18906,6628,23,Florometra serratissima,/home/tahiti/MARINE_DATASETS/FathomNet_FGVC2025/data/rois/6628_18906.png,/home/tahiti/MARINE_DATASETS/FathomNet_FGVC2025/data/images/6628.png,78b521455897651e39e926899d85f1009fdef55629b6e98fb633850956ef26dc,4684cbba38d6ea968d9040ad32d97e73b052054fc485250713841c9e6c0d92bc,6628,4,train
18921,6632,10,Asbestopluma monticola,/home/tahiti/MARINE_DATASETS/FathomNet_FGVC2025/data/rois/6632_18921.png,/home/tahiti/MARINE_DATASETS/FathomNet_FGVC2025/data/images/6632.png,d51e232a610b3ce677a478b5e4cf6d9ec63cf7727152d0c801256e949dc166f0,42bb679550debcfbdba08f79f452ce33cad5da50c2ed1d4753cba801f2b08150,6632,1,train
18947,6643,21,Elpidia,/home/tahiti/MARINE_DATASETS/FathomNet_FGVC2025/data/rois/6643_18947.png,/home/tahiti/MARINE_DATASETS/FathomNet_FGVC2025/data/images/6643.png,6a4aa0716922164244d83e4251b9395549c40556dc0a715b138ba4bce9792e61,a6f01d83ded719c3fdc9feb0d99e9c0fdc4d1d2c6b1eda75619c45dde73c6d22,6643,2,train
18951,6644,21,Elpidia,/home/tahiti/MARINE_DATASETS/FathomNet_FGVC2025/data/rois/6644_18951.png,/home/tahiti/MARINE_DATASETS/FathomNet_FGVC2025/data/images/6644.png,3125829fcd21f4138adee2ba269d65c6a4e500265e1fd123986ee95766994870,ca3c224282c94129ee540caa5c0a72aeecda59623aa139e8d09f56ac2a4824ff,6644,6,train
18958,6649,50,Paelopatides confundens,/home/tahiti/MARINE_DATASETS/FathomNet_FGVC2025/data/rois/6649_18958.png,/home/tahiti/MARINE_DATASETS/FathomNet_FGVC2025/data/images/6649.png,f4e9f0c69ece129b8d47e1670abf211e2a0a5ef193c94e951309241c458da70c,b27c1450d5ac4f76dafac690dad0ac3f6f152c03ab48235e4022bfdc8cc00219,6649,4,train
18981,6664,78,Vesicomyidae,/home/tahiti/MARINE_DATASETS/FathomNet_FGVC2025/data/rois/6664_18981.png,/home/tahiti/MARINE_DATASETS/FathomNet_FGVC2025/data/images/6664.png,e977092d32c73217978b4e8e38e60f45e4181a2f1e26e8e8bcc519d779552ac0,a16d2c3ce733a8b770337805fd08c12b16e70273e57ed01816cfa41d6cf6a489,6664,2,train
19031,6681,70,Sebastes diploproa,/home/tahiti/MARINE_DATASETS/FathomNet_FGVC2025/data/rois/6681_19031.png,/home/tahiti/MARINE_DATASETS/FathomNet_FGVC2025/data/images/6681.png,9e94b5c6bf8922eb6ee81992fece32bfb21e1815a5e1ac9a07d58b90c71de88b,4d33fe5d14ffcd4ffac84681f068eb85c5aa23214d605d4d6674dfa4eebabc46,6681,2,train
19036,6684,50,Paelopatides confundens,/home/tahiti/MARINE_DATASETS/FathomNet_FGVC2025/data/rois/6684_19036.png,/home/tahiti/MARINE_DATASETS/FathomNet_FGVC2025/data/images/6684.png,106f1a003215f2146d41787cdb231f102359359e9dc00da54137e3a74b9a1bd3,5a1be37fcb746ac96eba125a4f4b280acde9c049bfe39001aee801f1adf00b26,6684,1,train
19049,6691,9,Asbestopluma,/home/tahiti/MARINE_DATASETS/FathomNet_FGVC2025/data/rois/6691_19049.png,/home/tahiti/MARINE_DATASETS/FathomNet_FGVC2025/data/images/6691.png,a58e44f27e6887d5ffe8bc52e70a230ca79527f1ea03ef26ea1915118ad75f0e,59dacf457cd020f765b4a91660ff263f32d1343fe852bd57091042eff4eb7f21,6691,0,train
19059,6695,8,Apostichopus leukothele,/home/tahiti/MARINE_DATASETS/FathomNet_FGVC2025/data/rois/6695_19059.png,/home/tahiti/MARINE_DATASETS/FathomNet_FGVC2025/data/images/6695.png,aaaab262845fa20cdb206fc67ffd1edd75ff5a15cfca60f890b6c31802226fb1,1e25918bbe2567035bf10856d2cd35ee1c6e4fecef56716ab2dd9e2a04ee6492,6695,0,train
19086,6699,52,Pandalus platyceros,/home/tahiti/MARINE_DATASETS/FathomNet_FGVC2025/data/rois/6699_19086.png,/home/tahiti/MARINE_DATASETS/FathomNet_FGVC2025/data/images/6699.png,f3d32315f80f047334d7af3cf9c410c279ce76e3e9a1a20577f11ff66e06625f,7945c3681350e88945a057f23e0bca5484382e5afc3951d4572f79b56bb90826,6699,4,train
19107,6705,50,Paelopatides confundens,/home/tahiti/MARINE_DATASETS/FathomNet_FGVC2025/data/rois/6705_19107.png,/home/tahiti/MARINE_DATASETS/FathomNet_FGVC2025/data/images/6705.png,47070ad4021a060ebdaa36a2e6a9a390ad0514f9671afd056669ad9044640bb0,cd7825cfdf19c76e720f17059d78a5bd7307fafaae4439ccb52d33c6b99c10f2,6705,0,train
19117,6713,34,Isidella tentaculum,/home/tahiti/MARINE_DATASETS/FathomNet_FGVC2025/data/rois/6713_19117.png,/home/tahiti/MARINE_DATASETS/FathomNet_FGVC2025/data/images/6713.png,c5acc877a7a63d35b10effa43c91cd3bd6a3a933e89b70e78bad304dad144c54,d6c6cd9b0e0d7d228db084b79c6802b008dc465b75064bf0d4ad568c9c78175e,6713,0,train
19130,6722,21,Elpidia,/home/tahiti/MARINE_DATASETS/FathomNet_FGVC2025/data/rois/6722_19130.png,/home/tahiti/MARINE_DATASETS/FathomNet_FGVC2025/data/images/6722.png,935ad3707c0294444fb1bd0ecc713afe5c867b1dd4a04518e82b555f854d3ba3,8fe0e8b1e13953ff54e71baee0d89706f0a7aa798212f45a099a14cffaac0a88,6722,4,train
19154,6735,69,Sebastes,/home/tahiti/MARINE_DATASETS/FathomNet_FGVC2025/data/rois/6735_19154.png,/home/tahiti/MARINE_DATASETS/FathomNet_FGVC2025/data/images/6735.png,4075812c3d6668cdbe2186a14f0d39c0e7f3c40041d32521b30f5a61a1250f59,d6aa707d8b4408e9a100ef4b1705f068110021af518c436246a4c7a21ec7fd54,6735,6,train
19194,6759,2,Acanthascinae,/home/tahiti/MARINE_DATASETS/FathomNet_FGVC2025/data/rois/6759_19194.png,/home/tahiti/MARINE_DATASETS/FathomNet_FGVC2025/data/images/6759.png,498e2147c4bd90a89580f4b5c2343aedf948182596c918b23c070e030de44c4c,fe3baa6ea4c63945c68c33bc8ed0a5c59054cc36ad4c7009788f04b299b3031d,6759,4,train
19200,6762,7,Amphipoda,/home/tahiti/MARINE_DATASETS/FathomNet_FGVC2025/data/rois/6762_19200.png,/home/tahiti/MARINE_DATASETS/FathomNet_FGVC2025/data/images/6762.png,aa9c41b928fb57b638f2a2110e3e1e3063f7733ee37e5b5754a5905efbf5b7d7,91cfd993fa193fcaf412fe30e933ac3dd82e70f64c92cfba5cebfcb4c986c8d0,6762,4,train
19208,6762,7,Amphipoda,/home/tahiti/MARINE_DATASETS/FathomNet_FGVC2025/data/rois/6762_19208.png,/home/tahiti/MARINE_DATASETS/FathomNet_FGVC2025/data/images/6762.png,3320f01010126ccc3d884af85d0fbf253c6493ce7053b71a9dd308115f03788f,91cfd993fa193fcaf412fe30e933ac3dd82e70f64c92cfba5cebfcb4c986c8d0,6762,4,train
19210,6762,7,Amphipoda,/home/tahiti/MARINE_DATASETS/FathomNet_FGVC2025/data/rois/6762_19210.png,/home/tahiti/MARINE_DATASETS/FathomNet_FGVC2025/data/images/6762.png,21d06eb724ba8691122db637b5f60980a5dd8ab4ede16ee9e8c7282faf469f40,91cfd993fa193fcaf412fe30e933ac3dd82e70f64c92cfba5cebfcb4c986c8d0,6762,4,train
19217,6762,7,Amphipoda,/home/tahiti/MARINE_DATASETS/FathomNet_FGVC2025/data/rois/6762_19217.png,/home/tahiti/MARINE_DATASETS/FathomNet_FGVC2025/data/images/6762.png,c02ac568aa9971fd414b065ec704e3aae08bd86c1ecd89a18cf50bffdd84d178,91cfd993fa193fcaf412fe30e933ac3dd82e70f64c92cfba5cebfcb4c986c8d0,6762,4,train
19225,6767,50,Paelopatides confundens,/home/tahiti/MARINE_DATASETS/FathomNet_FGVC2025/data/rois/6767_19225.png,/home/tahiti/MARINE_DATASETS/FathomNet_FGVC2025/data/images/6767.png,a63ec62c954f776782c3e017b78860647b67e700a5b58ac8f65c6a0166de5fd4,9789171446886fb15a5b57fd7edfc73352ab3fced5de13224adc4f63b1d7150c,6767,2,train
19237,6774,51,Pandalus amplus,/home/tahiti/MARINE_DATASETS/FathomNet_FGVC2025/data/rois/6774_19237.png,/home/tahiti/MARINE_DATASETS/FathomNet_FGVC2025/data/images/6774.png,3816a10ea58ac1c31e3550ab91ae9a5a26092fdfeb0b8aa291109debb4244cc9,57dc50fe1d26957300ce66584e2afe3e88aaaf1289d4ee052ec084ae8de40a81,6774,0,train
19246,6783,7,Amphipoda,/home/tahiti/MARINE_DATASETS/FathomNet_FGVC2025/data/rois/6783_19246.png,/home/tahiti/MARINE_DATASETS/FathomNet_FGVC2025/data/images/6783.png,7d51e979b0e096ee64ed0b6fdba16d7ec1ab1a274ac7cf4bce0c060796a5cdda,6f1cde338c7a790b5d6613497488c0cc989a4334287ac053e6685146a2b22437,6783,2,train
19248,6784,13,Brisingida,/home/tahiti/MARINE_DATASETS/FathomNet_FGVC2025/data/rois/6784_19248.png,/home/tahiti/MARINE_DATASETS/FathomNet_FGVC2025/data/images/6784.png,bfce2c014e514418825038d20a29d5d0aa85c37aaec111e036ab4b28133f1f18,739ca8deefdf69e07cfce6c425854a49683eeee195eb51cf188e1ad121159088,6784,1,train
19329,6835,15,Ceriantharia,/home/tahiti/MARINE_DATASETS/FathomNet_FGVC2025/data/rois/6835_19329.png,/home/tahiti/MARINE_DATASETS/FathomNet_FGVC2025/data/images/6835.png,6c3ad0c82bc1b0d098b25e54e2723f82603780d4b3fe25eccbea1cca1a2bb5a2,bee74981188737ab8036e6ffd2a41318fb92e51c7fc3c24d3e78f210d40f860a,6835,1,train
19330,6836,15,Ceriantharia,/home/tahiti/MARINE_DATASETS/FathomNet_FGVC2025/data/rois/6836_19330.png,/home/tahiti/MARINE_DATASETS/FathomNet_FGVC2025/data/images/6836.png,2dd9844aacebb134bd28fdc347d3a7c8722760dc42780a6de08d40abb64a3f5a,1f3f27f3d48a60b5bd925d8e2c0bb66b966f9c258cccfaf78b9f815790757c9a,6836,0,train
19333,6838,6,Actinopterygii,/home/tahiti/MARINE_DATASETS/FathomNet_FGVC2025/data/rois/6838_19333.png,/home/tahiti/MARINE_DATASETS/FathomNet_FGVC2025/data/images/6838.png,aceb041a68f18dce708a8634baada0bd941a8fa02cad46af342e1da0b00f8771,82041532a98d884f430ee01d2bb67c4713e1f67487246858ae0d56205f71283c,6838,0,train
19349,6847,66,Scleractinia,/home/tahiti/MARINE_DATASETS/FathomNet_FGVC2025/data/rois/6847_19349.png,/home/tahiti/MARINE_DATASETS/FathomNet_FGVC2025/data/images/6847.png,4bac70b5f4f7b00454e66ae507bac672e4910e19fdda5859777f8a6eff5768ac,4c07d392483d4e562810b5ea829a70d549d8a9bb9a306cf40865cef7b5f224cb,6847,0,train
19352,6847,66,Scleractinia,/home/tahiti/MARINE_DATASETS/FathomNet_FGVC2025/data/rois/6847_19352.png,/home/tahiti/MARINE_DATASETS/FathomNet_FGVC2025/data/images/6847.png,355cf5eb400b60e313b69738d807b92809808755f91da51a6e1506d8090111b7,4c07d392483d4e562810b5ea829a70d549d8a9bb9a306cf40865cef7b5f224cb,6847,0,train
19357,6848,15,Ceriantharia,/home/tahiti/MARINE_DATASETS/FathomNet_FGVC2025/data/rois/6848_19357.png,/home/tahiti/MARINE_DATASETS/FathomNet_FGVC2025/data/images/6848.png,4f3e1776f55b7580e7faa79e1ccc3419db427c8301ff9a5074052b33946e2197,64027f3a685c3478e3ace53ba7814c7183c60df5190f21ca1eba0f0c8a75c15f,6848,2,train
19369,6854,9,Asbestopluma,/home/tahiti/MARINE_DATASETS/FathomNet_FGVC2025/data/rois/6854_19369.png,/home/tahiti/MARINE_DATASETS/FathomNet_FGVC2025/data/images/6854.png,6ef2f8b45b2988ca2aa23778c4854404445a7a99f38ad01119b585af02a1ef21,f8a604f6fcd2f4a2f81a419705a2a8cea7c0b7054bbb765b1f1e72903b60faa8,6854,1,train
19380,6854,10,Asbestopluma monticola,/home/tahiti/MARINE_DATASETS/FathomNet_FGVC2025/data/rois/6854_19380.png,/home/tahiti/MARINE_DATASETS/FathomNet_FGVC2025/data/images/6854.png,a33b5d66790bf5f22f82cf085ebcd9ead6234f2d8061fa3aca39c4052d2067cb,f8a604f6fcd2f4a2f81a419705a2a8cea7c0b7054bbb765b1f1e72903b60faa8,6854,1,train
19382,6854,10,Asbestopluma monticola,/home/tahiti/MARINE_DATASETS/FathomNet_FGVC2025/data/rois/6854_19382.png,/home/tahiti/MARINE_DATASETS/FathomNet_FGVC2025/data/images/6854.png,af3543396eb3fd5cf714dd61711644b131f5cbf71794f2b01b6de945be0e5e10,f8a604f6fcd2f4a2f81a419705a2a8cea7c0b7054bbb765b1f1e72903b60faa8,6854,1,train
19397,6860,43,Microstomus pacificus,/home/tahiti/MARINE_DATASETS/FathomNet_FGVC2025/data/rois/6860_19397.png,/home/tahiti/MARINE_DATASETS/FathomNet_FGVC2025/data/images/6860.png,250fd8b4f1e239bf987f666cab04a98ed30bd31673df29a5d8370b2eca513c46,04498b2f3e9689f0ccc7f1bbed7c20fa38eb0c660366032f8c71711d862ef473,6860,2,train
19426,6872,48,Ophiacanthidae,/home/tahiti/MARINE_DATASETS/FathomNet_FGVC2025/data/rois/6872_19426.png,/home/tahiti/MARINE_DATASETS/FathomNet_FGVC2025/data/images/6872.png,fe40638fa6396cb636e2e5621d2f416e12618cc0db0dc47524a369b999f2e192,80fabd82c32f5cbcad41c01c1fa2db388a2256e18b1f8cc3a4b2a6551c590f7c,6872,6,train
19510,6914,10,Asbestopluma monticola,/home/tahiti/MARINE_DATASETS/FathomNet_FGVC2025/data/rois/6914_19510.png,/home/tahiti/MARINE_DATASETS/FathomNet_FGVC2025/data/images/6914.png,aa8cae96c4a91ad84468965cea6f0011a8a9ae57e1158e10cc1c3665827e122c,ddf3214a871065b7acf1265d5cfb9c4bf02f9a6077c0fd1ed00c1a1337a7d447,6914,6,train
19511,6914,10,Asbestopluma monticola,/home/tahiti/MARINE_DATASETS/FathomNet_FGVC2025/data/rois/6914_19511.png,/home/tahiti/MARINE_DATASETS/FathomNet_FGVC2025/data/images/6914.png,661da04a213d838df629bfde60322b0e3513b1f6929fefceb723f1d33e8d36ab,ddf3214a871065b7acf1265d5cfb9c4bf02f9a6077c0fd1ed00c1a1337a7d447,6914,6,train
19517,6916,51,Pandalus amplus,/home/tahiti/MARINE_DATASETS/FathomNet_FGVC2025/data/rois/6916_19517.png,/home/tahiti/MARINE_DATASETS/FathomNet_FGVC2025/data/images/6916.png,e1465734a72ad95e6ccc1381bbb83c42aecee8e5b416a6309079515861341ec7,24391e372ec5f2ca053129de6431ac4341cfd10294412658cc8f6c819d86003b,6916,0,train
19538,6927,27,Heterocarpus,/home/tahiti/MARINE_DATASETS/FathomNet_FGVC2025/data/rois/6927_19538.png,/home/tahiti/MARINE_DATASETS/FathomNet_FGVC2025/data/images/6927.png,bfa84fec823b3bee0c93dc24a7edc9c295af769396f5f911fa234a359c433201,48987c5211af10c550eac24fd30a0b6d7b73a1964ff2e50b488db7ed6cf07e9c,6927,2,train
19550,6929,15,Ceriantharia,/home/tahiti/MARINE_DATASETS/FathomNet_FGVC2025/data/rois/6929_19550.png,/home/tahiti/MARINE_DATASETS/FathomNet_FGVC2025/data/images/6929.png,d7de3eb500d3821b808e737fc8923767d78d2eef650f5f6073171bb6707f983e,af1c1ff091d1e5db3fe92c935f2ae18509868e0c64434278afecf955f50b2559,6929,0,train
19553,6930,3,Acanthoptilum,/home/tahiti/MARINE_DATASETS/FathomNet_FGVC2025/data/rois/6930_19553.png,/home/tahiti/MARINE_DATASETS/FathomNet_FGVC2025/data/images/6930.png,069cba395fb95cdc203a1cf2a274633d2e32cd3613708d6d8e916faece7fa3a4,e140e011179141dfca1f6573a972488ee8d7de2171d2e6869b7c60a600ceb12e,6930,2,train
19559,6934,17,Chorilia longipes,/home/tahiti/MARINE_DATASETS/FathomNet_FGVC2025/data/rois/6934_19559.png,/home/tahiti/MARINE_DATASETS/FathomNet_FGVC2025/data/images/6934.png,3286cc367d0dfa244f49a570001512559514bd03811b905e8bd7af94554b045f,30bc1641858a957db4d35025062c4d8b0e5e443778d89aee7ac743e9875ac58e,6934,1,train
19587,6945,26,Gersemia juliepackardae,/home/tahiti/MARINE_DATASETS/FathomNet_FGVC2025/data/rois/6945_19587.png,/home/tahiti/MARINE_DATASETS/FathomNet_FGVC2025/data/images/6945.png,06080fa9ec87d691d00ec7a5c0f9d2dcd6d220000e1554edcbbd3a24c1caaba0,d3fde58d1828f7e68013e66a4ff61f78b4fa14e0c17db1ec55e489328dd52253,6945,0,train
19617,6962,52,Pandalus platyceros,/home/tahiti/MARINE_DATASETS/FathomNet_FGVC2025/data/rois/6962_19617.png,/home/tahiti/MARINE_DATASETS/FathomNet_FGVC2025/data/images/6962.png,1379ecf1fd608f9bcd81589ecb0d0db3e0c7c0265c9fab71c04c56f28313e0f5,c864c7837316cb653655bb3759c2c8b588c4ebd4be9891842e2a0bbae86987a5,6962,0,train
19640,6975,78,Vesicomyidae,/home/tahiti/MARINE_DATASETS/FathomNet_FGVC2025/data/rois/6975_19640.png,/home/tahiti/MARINE_DATASETS/FathomNet_FGVC2025/data/images/6975.png,07fae932897acae6ce5dd11db494c8bfc218582a619bd88b73bfe313b8dad5e2,07318fae7dc1dca2a05bd4b1209cd8f8adaba66b01393ab44601c5bf217801ca,6975,6,train
19647,6977,48,Ophiacanthidae,/home/tahiti/MARINE_DATASETS/FathomNet_FGVC2025/data/rois/6977_19647.png,/home/tahiti/MARINE_DATASETS/FathomNet_FGVC2025/data/images/6977.png,95aea3210561c1f10ba0705fa3dffe6184255537761c9f16a6a04ca01264e906,df5d1281a7fbbf5b16aa9d7e144b4aeed77eed1f3de0271d5d545f4d804878b2,6977,0,train
19648,6978,26,Gersemia juliepackardae,/home/tahiti/MARINE_DATASETS/FathomNet_FGVC2025/data/rois/6978_19648.png,/home/tahiti/MARINE_DATASETS/FathomNet_FGVC2025/data/images/6978.png,0bd5cb4f0a92303f7c3d807ea212de52ad052878c14a5af8a9107356c7762599,2c7b1f0a7f90dc9e6f046294a0c3af8020bdfe0d79fcbf4efda2f541f28c1519,6978,2,train
19668,6992,48,Ophiacanthidae,/home/tahiti/MARINE_DATASETS/FathomNet_FGVC2025/data/rois/6992_19668.png,/home/tahiti/MARINE_DATASETS/FathomNet_FGVC2025/data/images/6992.png,beb313d6f913c5ea9db5ccf1a8efc14bacd6b9f92652167a827229a1ec8ec658,0f0f29b22b62a6f29a15a8d900db0848109556163598283daac60f522343cf20,6992,6,train
19673,6994,7,Amphipoda,/home/tahiti/MARINE_DATASETS/FathomNet_FGVC2025/data/rois/6994_19673.png,/home/tahiti/MARINE_DATASETS/FathomNet_FGVC2025/data/images/6994.png,0ceb4df1d47c0d6c01ffee02a4c906178b104818b95ba7d5017e70d2939c9583,f56c3096aee361960b7ca92eae1c18cc480f7cf6a4720504f6efe1c7064bc650,6994,4,train
19705,7009,9,Asbestopluma,/home/tahiti/MARINE_DATASETS/FathomNet_FGVC2025/data/rois/7009_19705.png,/home/tahiti/MARINE_DATASETS/FathomNet_FGVC2025/data/images/7009.png,47a009d62a5c7c0be37a32e3e94b2c8e81b5ad03d9b3327abd94b96a3e46c0ad,a9070c58856e42f0f7f0213621adeeeed538bace5e2cef061a5c999652eb690a,7009,1,train
19756,7034,57,Parastenella,/home/tahiti/MARINE_DATASETS/FathomNet_FGVC2025/data/rois/7034_19756.png,/home/tahiti/MARINE_DATASETS/FathomNet_FGVC2025/data/images/7034.png,a17b135989223bda5dee86e609856afd5883f2a2a207a6d0ac0449c99032d1cb,3aa2aca53c67631fa3eaba4902cb714b48a2cb360d289fbd53bd2c861e421c3c,7034,1,train
19758,7036,34,Isidella tentaculum,/home/tahiti/MARINE_DATASETS/FathomNet_FGVC2025/data/rois/7036_19758.png,/home/tahiti/MARINE_DATASETS/FathomNet_FGVC2025/data/images/7036.png,112d160847b52b6f1d3bcaa48705c3e3e4a81206c54a1769786d370e7fa7faf8,25f77dc270e2371ce2b794dd8ded889dde3986efa29bf7adfe92db60295a969b,7036,0,train
19764,7038,66,Scleractinia,/home/tahiti/MARINE_DATASETS/FathomNet_FGVC2025/data/rois/7038_19764.png,/home/tahiti/MARINE_DATASETS/FathomNet_FGVC2025/data/images/7038.png,dfc7932e5121f791b82566cd475f88eef2fe47f279fdfaa46abe54ea9ec7031d,eaebd62fc57807bccccb6074db3236c404cbcbd05d83821216affbbf5b5cd6f1,7038,1,train
19766,7039,51,Pandalus amplus,/home/tahiti/MARINE_DATASETS/FathomNet_FGVC2025/data/rois/7039_19766.png,/home/tahiti/MARINE_DATASETS/FathomNet_FGVC2025/data/images/7039.png,50cce01daaff1684940a01c6f02a3826cc89c231cf759fc1491449255b4bae30,700380907411689783ce2c65c00c0f8071d91660914e040480ebbeb4999139f7,7039,4,train
19783,7046,10,Asbestopluma monticola,/home/tahiti/MARINE_DATASETS/FathomNet_FGVC2025/data/rois/7046_19783.png,/home/tahiti/MARINE_DATASETS/FathomNet_FGVC2025/data/images/7046.png,127123529e6574c0b0073ace176f4aa238ddd514dbd37fd74e960a645fadbdfd,90c5bbb41f65ca8c746172d9d63ed4f09d6871905aa209868c4eb204f5da277a,7046,2,train
19795,7050,66,Scleractinia,/home/tahiti/MARINE_DATASETS/FathomNet_FGVC2025/data/rois/7050_19795.png,/home/tahiti/MARINE_DATASETS/FathomNet_FGVC2025/data/images/7050.png,d70ee3f96047c2afa97dab689b465e2dfb61fb54ee0adf45957c75c893491f23,2cff7fc9e54a5f44d9cc0a1f82a20dc8f316ec6f2a90c19b22d8aab7b1c155cd,7050,2,train
19803,7055,1,Abyssocucumis abyssorum,/home/tahiti/MARINE_DATASETS/FathomNet_FGVC2025/data/rois/7055_19803.png,/home/tahiti/MARINE_DATASETS/FathomNet_FGVC2025/data/images/7055.png,1c4a54c5c2513570da7bfa12e1d4e5e4faa4729424e38bce3d6bef8b94f85709,3e46c370b995cdd824ad41c14e432b498ecd1a17ab172e4620a602983338b0c9,7055,2,train
19806,7056,15,Ceriantharia,/home/tahiti/MARINE_DATASETS/FathomNet_FGVC2025/data/rois/7056_19806.png,/home/tahiti/MARINE_DATASETS/FathomNet_FGVC2025/data/images/7056.png,1312787c4085643b3c68147a29453675b0a963b3179dac4d5f60f7937769af34,7b7b4db51b704acde65ed2798066517d98b3c59e8cbd26c2c5433d13e069431a,7056,6,train
19848,7074,51,Pandalus amplus,/home/tahiti/MARINE_DATASETS/FathomNet_FGVC2025/data/rois/7074_19848.png,/home/tahiti/MARINE_DATASETS/FathomNet_FGVC2025/data/images/7074.png,d85a3a05ea92a9872ecdc8e9b0c8fc193b8600e540545cc4c77e39898ab997cd,4624f307e56b9e70be8f38c63861d7e775efeffb8f9444b6ef555fa1bccb5f94,7074,6,train
19863,7081,1,Abyssocucumis abyssorum,/home/tahiti/MARINE_DATASETS/FathomNet_FGVC2025/data/rois/7081_19863.png,/home/tahiti/MARINE_DATASETS/FathomNet_FGVC2025/data/images/7081.png,943a05a0fdb05e6630059c94f58c1ffe4e7419d54f3585e7734093a9807c76c3,ecc1eb2583294df8a3eee3b9d278d39b69f7a26025108465061be114922bc1fc,7081,1,train
19865,7083,48,Ophiacanthidae,/home/tahiti/MARINE_DATASETS/FathomNet_FGVC2025/data/rois/7083_19865.png,/home/tahiti/MARINE_DATASETS/FathomNet_FGVC2025/data/images/7083.png,bead1519557882a88b4e2ceafcaea7d532d503e514c560c3024423f00c7a1cb6,eb20285995cfb43ba882d4030611463a829fde2c57e3e53754c6032e53813bc4,7083,4,train
19890,7099,2,Acanthascinae,/home/tahiti/MARINE_DATASETS/FathomNet_FGVC2025/data/rois/7099_19890.png,/home/tahiti/MARINE_DATASETS/FathomNet_FGVC2025/data/images/7099.png,614ed47b5ee4b727e684ad6637b19dd62e5f143ecf477fc11272a7814fd05ada,2ffa8097a5e9ce8bef48b2b3fc9b752c0ef47ca7ae1a174b62a9cb261470c922,7099,6,train
19913,7111,9,Asbestopluma,/home/tahiti/MARINE_DATASETS/FathomNet_FGVC2025/data/rois/7111_19913.png,/home/tahiti/MARINE_DATASETS/FathomNet_FGVC2025/data/images/7111.png,854dd8f73559f1692d5c0205d51c1dcb24dee427798055d9d54389ecb07d4100,ad714f32cc1e56b7fc63ba689525fa0580d35eec82f7b496eae77c57668f9395,7111,4,train
19918,7112,2,Acanthascinae,/home/tahiti/MARINE_DATASETS/FathomNet_FGVC2025/data/rois/7112_19918.png,/home/tahiti/MARINE_DATASETS/FathomNet_FGVC2025/data/images/7112.png,c536c45d1510f22370e871a34453f5bf440993ee8168677a2ebe0a3e98afb2d0,1ab17be7b0d9b6dfe6b977d483d3dc9e846335de699f513e9908a76eb7dc9116,7112,0,train
19920,7114,15,Ceriantharia,/home/tahiti/MARINE_DATASETS/FathomNet_FGVC2025/data/rois/7114_19920.png,/home/tahiti/MARINE_DATASETS/FathomNet_FGVC2025/data/images/7114.png,a7fc032ba3d9891df83bc9173b4ed9a6424c3060cb8acb99df97a274998b89d3,3bb92cdb49533b33df5038767104dc4166bc7c25da2e680e63bdd72b79bda0e2,7114,6,train
19924,7116,56,Paralomis multispina,/home/tahiti/MARINE_DATASETS/FathomNet_FGVC2025/data/rois/7116_19924.png,/home/tahiti/MARINE_DATASETS/FathomNet_FGVC2025/data/images/7116.png,a7e1c8237b9ff1dc2be24335f5dc822abbd89137057480b28f54be9e362b8808,d1d497e67021fb23adae83ae73ff00ceeae2973cd2c00f06d3d81e3e1483c2d7,7116,0,train
19929,7119,39,Lithodidae,/home/tahiti/MARINE_DATASETS/FathomNet_FGVC2025/data/rois/7119_19929.png,/home/tahiti/MARINE_DATASETS/FathomNet_FGVC2025/data/images/7119.png,9d2825974132ffca38eb2eb147899d3999117a5d3a6db6216e87376eb2b35c5b,944bf3db7e0fed4f288728a62440f67bf2e22a8fe6cd4af576d034e87dce1328,7119,6,train
19940,7121,57,Parastenella,/home/tahiti/MARINE_DATASETS/FathomNet_FGVC2025/data/rois/7121_19940.png,/home/tahiti/MARINE_DATASETS/FathomNet_FGVC2025/data/images/7121.png,2bbe6db50dc201f44a4031a8784c30059bff3856c63708a54e1b9da51c711eba,34feda70fd824dcb25cfae37a14cbab37b16ba1351d2c59d5c2258f81267bd81,7121,6,train
19955,7126,10,Asbestopluma monticola,/home/tahiti/MARINE_DATASETS/FathomNet_FGVC2025/data/rois/7126_19955.png,/home/tahiti/MARINE_DATASETS/FathomNet_FGVC2025/data/images/7126.png,0828a32b039d3b5d2bca635d137318ec65c9f4f20cd498163eee04d36296e4ca,90c95125b0bc8d70a101c8dc6f9607d924bcbf59698339ee001606191da76382,7126,6,train
19980,7133,12,Benthocodon pedunculata,/home/tahiti/MARINE_DATASETS/FathomNet_FGVC2025/data/rois/7133_19980.png,/home/tahiti/MARINE_DATASETS/FathomNet_FGVC2025/data/images/7133.png,af7a3b0cecdcd0d6cda1f99c567aae0a3bc717d6e379ee9fd066f2a64b6c6e29,2ef6246a65b980b45068270e331074134e1e99e6203e4fff638e1f2f4975b92f,7133,4,train
19983,7136,39,Lithodidae,/home/tahiti/MARINE_DATASETS/FathomNet_FGVC2025/data/rois/7136_19983.png,/home/tahiti/MARINE_DATASETS/FathomNet_FGVC2025/data/images/7136.png,a9f87a1c8d14d26ea26e587c8fac2b4465e5b118437ae0034337df0e2c9e7573,2bbb90b3f43f9e0cafea3827a6d94d58bc4a10ffb5d573437086f6d39c3ccd8b,7136,4,train
20010,7152,75,Terebellidae,/home/tahiti/MARINE_DATASETS/FathomNet_FGVC2025/data/rois/7152_20010.png,/home/tahiti/MARINE_DATASETS/FathomNet_FGVC2025/data/images/7152.png,dca89ce2e63c2e5ab8d7bcb83d180d35638f194ec7403ddd01b41dd667181ffe,872c106c90ccdb219b5e3c9b1a9ebbf2682060616faa59420acaed35c1cac7cb,7152,6,train
20013,7155,21,Elpidia,/home/tahiti/MARINE_DATASETS/FathomNet_FGVC2025/data/rois/7155_20013.png,/home/tahiti/MARINE_DATASETS/FathomNet_FGVC2025/data/images/7155.png,4e72b9e4eb0bd471af3e109d266b2736c8a3a1bc6c70eb4792340138f616ac4b,583e6d07f610f90c502ff9660683138d0518cd6f294eb1d5294445cf8a673cc8,7155,1,train
20029,7165,34,Isidella tentaculum,/home/tahiti/MARINE_DATASETS/FathomNet_FGVC2025/data/rois/7165_20029.png,/home/tahiti/MARINE_DATASETS/FathomNet_FGVC2025/data/images/7165.png,71e2506a024995fbe46e8ac320cbebe3a5d6bb872af70db0d0993c54ada6abf1,5bcd171e17ff8b4595b2e7d4a47d1e53693e22d3d373d70849159faafad2f39c,7165,4,train
20035,7169,56,Paralomis multispina,/home/tahiti/MARINE_DATASETS/FathomNet_FGVC2025/data/rois/7169_20035.png,/home/tahiti/MARINE_DATASETS/FathomNet_FGVC2025/data/images/7169.png,bacfac8e665a34c497f6a05286f2965e2e6bc371db4c6b9e8c059dded3d6e6b6,fcd4fcdad6649a8a7101d323d553718d87e4397f7b98cc103a6495c78adae6f9,7169,6,train
20036,7169,56,Paralomis multispina,/home/tahiti/MARINE_DATASETS/FathomNet_FGVC2025/data/rois/7169_20036.png,/home/tahiti/MARINE_DATASETS/FathomNet_FGVC2025/data/images/7169.png,a2eecec34c9887a1369e40e392dc2ed9050a45c9c8ddd01b35ce25a88cb647f4,fcd4fcdad6649a8a7101d323d553718d87e4397f7b98cc103a6495c78adae6f9,7169,6,train
20038,7171,39,Lithodidae,/home/tahiti/MARINE_DATASETS/FathomNet_FGVC2025/data/rois/7171_20038.png,/home/tahiti/MARINE_DATASETS/FathomNet_FGVC2025/data/images/7171.png,fc472ddffb20bcfa1d7176726bc3eb393569e70bcadc02d472e4c8f3458c8070,7e93b540ce19f1d7ef18a449a60667915c8c5e07931c26eb4e2990c23f5d41f0,7171,1,train
20052,7176,20,Delectopecten,/home/tahiti/MARINE_DATASETS/FathomNet_FGVC2025/data/rois/7176_20052.png,/home/tahiti/MARINE_DATASETS/FathomNet_FGVC2025/data/images/7176.png,078db2d5c861d2026f4f327ec7888a42a3754f4c6d81a4a1bc893ce4ff92d7c7,6a307ceb4a7a8ae192d28ece8847eedc2b7bb76837f802b15dd4cf0eaaf86e45,7176,1,train
20058,7177,17,Chorilia longipes,/home/tahiti/MARINE_DATASETS/FathomNet_FGVC2025/data/rois/7177_20058.png,/home/tahiti/MARINE_DATASETS/FathomNet_FGVC2025/data/images/7177.png,58dc2a67cfeff7907cd2363c3cff980d180bce5c0a18545a234df24d6499f136,fcf694b3261356956d281dc443628ee040a6982750fe184a3564541d51cec2c1,7177,6,train
20067,7184,26,Gersemia juliepackardae,/home/tahiti/MARINE_DATASETS/FathomNet_FGVC2025/data/rois/7184_20067.png,/home/tahiti/MARINE_DATASETS/FathomNet_FGVC2025/data/images/7184.png,3006c4dc0fc238951ba38b629764203d983284b4dcdea1d1b30b5fb1943a3dce,ee22277a8156c342fa6c8888ae92e247f0a56215a29cb4bcec7e161436838b0f,7184,6,train
20075,7187,12,Benthocodon pedunculata,/home/tahiti/MARINE_DATASETS/FathomNet_FGVC2025/data/rois/7187_20075.png,/home/tahiti/MARINE_DATASETS/FathomNet_FGVC2025/data/images/7187.png,b8385feb3bf5e83b9d90a18bc15412fb2ddd1965f7ade0d5ada26b396f171630,6a9f744b061224141bd73a68aea6d45a8389f021ab78ff4fff23c9d3b8d445a3,7187,0,train
20080,7190,8,Apostichopus leukothele,/home/tahiti/MARINE_DATASETS/FathomNet_FGVC2025/data/rois/7190_20080.png,/home/tahiti/MARINE_DATASETS/FathomNet_FGVC2025/data/images/7190.png,86345bcceacb0b4609fbb99d8af7da766463d2be88a9eb20303d52d1ea766718,4df1a724b6dc24c95f576efe80f336b2418dc6a7f91ca1c99bbdc949bc5fbba1,7190,0,train
20089,7199,15,Ceriantharia,/home/tahiti/MARINE_DATASETS/FathomNet_FGVC2025/data/rois/7199_20089.png,/home/tahiti/MARINE_DATASETS/FathomNet_FGVC2025/data/images/7199.png,69079308330901fc6346177773f8118d641e07a404682614747d1c2d941f871c,e9fb957b8c40cc42a8bc281b8c46980196ba0827367de37760e629cd52ecf6d1,7199,1,train
20103,7210,56,Paralomis multispina,/home/tahiti/MARINE_DATASETS/FathomNet_FGVC2025/data/rois/7210_20103.png,/home/tahiti/MARINE_DATASETS/FathomNet_FGVC2025/data/images/7210.png,27dbc91e40d9c6a4a0a45d1d628802899a5f5ba405a247845fa0f86973218aff,ebe3d44b4f493f03695a3373198a069cdcf7e31fd71f5841643cfbe62157e93d,7210,4,train
20105,7212,26,Gersemia juliepackardae,/home/tahiti/MARINE_DATASETS/FathomNet_FGVC2025/data/rois/7212_20105.png,/home/tahiti/MARINE_DATASETS/FathomNet_FGVC2025/data/images/7212.png,5dcee1cb05d8f92440e2df3b28bf5b05fba9584dae9a051f30b2d4d299639fd7,011fb7590773431d7aa63110abff2e07e7dba69ee49b2bfa9afef972e0dd0334,7212,0,train
20106,7212,26,Gersemia juliepackardae,/home/tahiti/MARINE_DATASETS/FathomNet_FGVC2025/data/rois/7212_20106.png,/home/tahiti/MARINE_DATASETS/FathomNet_FGVC2025/data/images/7212.png,05e5396af9b40f37024a319df3759d48fefd14e0d012156aee92b75bd7ebf81a,011fb7590773431d7aa63110abff2e07e7dba69ee49b2bfa9afef972e0dd0334,7212,0,train
20121,7220,10,Asbestopluma monticola,/home/tahiti/MARINE_DATASETS/FathomNet_FGVC2025/data/rois/7220_20121.png,/home/tahiti/MARINE_DATASETS/FathomNet_FGVC2025/data/images/7220.png,bcada5124f86b72ee5f181e310ac80a5771c0dffc4a42aa87fadac37d75d4361,bade04f9499e377eaa52d32fb118372b7a793e861556b8d2390b6adf20fbc609,7220,6,train
20125,7220,10,Asbestopluma monticola,/home/tahiti/MARINE_DATASETS/FathomNet_FGVC2025/data/rois/7220_20125.png,/home/tahiti/MARINE_DATASETS/FathomNet_FGVC2025/data/images/7220.png,f9b6e9437ccca48e90acbfaf2a944c9a721b2972d2671bd0c633b874d459c057,bade04f9499e377eaa52d32fb118372b7a793e861556b8d2390b6adf20fbc609,7220,6,train
20137,7224,9,Asbestopluma,/home/tahiti/MARINE_DATASETS/FathomNet_FGVC2025/data/rois/7224_20137.png,/home/tahiti/MARINE_DATASETS/FathomNet_FGVC2025/data/images/7224.png,30d506d28cebd02b952fb051f5cb756fde481997502343f5a4a7ae061bb4a2af,7b345831bb33a3962dd6998a7aae9f0535fec84d5426278b3b08b567232e3f1f,7224,0,train
20146,7231,21,Elpidia,/home/tahiti/MARINE_DATASETS/FathomNet_FGVC2025/data/rois/7231_20146.png,/home/tahiti/MARINE_DATASETS/FathomNet_FGVC2025/data/images/7231.png,3eb366ddd8a16d43afc5906bcda17aa679269f2fa86ff4956ad8589ad4524cc8,ee89999090ad91ab886934a948e0734891045ebac1806c53293ae11070a5939d,7231,1,train
20157,7238,61,Psathyrometra fragilis,/home/tahiti/MARINE_DATASETS/FathomNet_FGVC2025/data/rois/7238_20157.png,/home/tahiti/MARINE_DATASETS/FathomNet_FGVC2025/data/images/7238.png,737e117e8761aa37b9b4048f39583cd8d49ba7847bbb1815a14723ada4bc3a14,77951db74769b14d08495f7ec4df2b32364b02317ed0d822786df5f3f2cda102,7238,0,train
20161,7238,61,Psathyrometra fragilis,/home/tahiti/MARINE_DATASETS/FathomNet_FGVC2025/data/rois/7238_20161.png,/home/tahiti/MARINE_DATASETS/FathomNet_FGVC2025/data/images/7238.png,304e7127034fa301267e83c4d6b9d9339b704e3e67393674e6fbbe5e3ef3651c,77951db74769b14d08495f7ec4df2b32364b02317ed0d822786df5f3f2cda102,7238,0,train
20169,7244,39,Lithodidae,/home/tahiti/MARINE_DATASETS/FathomNet_FGVC2025/data/rois/7244_20169.png,/home/tahiti/MARINE_DATASETS/FathomNet_FGVC2025/data/images/7244.png,cfd09e5bf58363e70c7c681ceb9d198462514cda2adce1651acbea91ae82f2d0,6bca1231121d1eaac751929e70d0969032b568f506724f568f82bde619f108b1,7244,1,train
20174,7247,66,Scleractinia,/home/tahiti/MARINE_DATASETS/FathomNet_FGVC2025/data/rois/7247_20174.png,/home/tahiti/MARINE_DATASETS/FathomNet_FGVC2025/data/images/7247.png,84c2890dfaa50b62f4bbc3560be3d093e9c8e6cf275d36eca6b9634e6c276393,3fe965861a77a24d17d9b2abad5abdf042c5354808acd4ffbc39ba65cc029e40,7247,2,train
20186,7253,10,Asbestopluma monticola,/home/tahiti/MARINE_DATASETS/FathomNet_FGVC2025/data/rois/7253_20186.png,/home/tahiti/MARINE_DATASETS/FathomNet_FGVC2025/data/images/7253.png,5a82db532e5ae3d57c3d95f8c66ad716950f5739978f5b8ce93ff03ce1d31ea4,0187948156767bbcd0a0eba7f9fe5b637c34f9a56f58f8f068248808bf2eb0dc,7253,2,train
20195,7253,10,Asbestopluma monticola,/home/tahiti/MARINE_DATASETS/FathomNet_FGVC2025/data/rois/7253_20195.png,/home/tahiti/MARINE_DATASETS/FathomNet_FGVC2025/data/images/7253.png,38e54c6a09fc6a5b308b4745b3894cb4e138dc9b429cc21d666a016e3c5bd8e8,0187948156767bbcd0a0eba7f9fe5b637c34f9a56f58f8f068248808bf2eb0dc,7253,2,train
20196,7253,10,Asbestopluma monticola,/home/tahiti/MARINE_DATASETS/FathomNet_FGVC2025/data/rois/7253_20196.png,/home/tahiti/MARINE_DATASETS/FathomNet_FGVC2025/data/images/7253.png,df52a46cb37128c385e76b83b2ca3f405b09b8b2bcfd462741b4a949575cdcd7,0187948156767bbcd0a0eba7f9fe5b637c34f9a56f58f8f068248808bf2eb0dc,7253,2,train
20211,7259,75,Terebellidae,/home/tahiti/MARINE_DATASETS/FathomNet_FGVC2025/data/rois/7259_20211.png,/home/tahiti/MARINE_DATASETS/FathomNet_FGVC2025/data/images/7259.png,becc50d6d30ff860909a894bd170fc1b34a55a1130f46b3a8ece7eac935a5d94,f5615707d7e84315c95d7615a5e21c2c6461ed5f2aa2066af5ca755f458209bb,7259,6,train
20229,7262,27,Heterocarpus,/home/tahiti/MARINE_DATASETS/FathomNet_FGVC2025/data/rois/7262_20229.png,/home/tahiti/MARINE_DATASETS/FathomNet_FGVC2025/data/images/7262.png,b959fbdfca74b068294cb13906367e3350d2cd37cb5be0f48916e53160271aa5,dd1fb192708fc56d839697b68bd7ccdba2606c8278a1840ad4d272fa409c305a,7262,6,train
20263,7276,23,Florometra serratissima,/home/tahiti/MARINE_DATASETS/FathomNet_FGVC2025/data/rois/7276_20263.png,/home/tahiti/MARINE_DATASETS/FathomNet_FGVC2025/data/images/7276.png,79e56364a06b5d746f4cb872b861f94208496e23360600063f67b77794accc10,f0779820868cf267f0e74ab4a4df1e9e6f5c60eb4a94ca781b5cd13073d7053d,7276,0,train
20276,7285,57,Parastenella,/home/tahiti/MARINE_DATASETS/FathomNet_FGVC2025/data/rois/7285_20276.png,/home/tahiti/MARINE_DATASETS/FathomNet_FGVC2025/data/images/7285.png,536f9d49b0e94cf47ad8b8575b96c625114fb3e6e9d8436aa2c0d184125cbfd2,decd59d75fe0e6381903ea6ad440d3486ed68367b87327e945a80f7c73b25755,7285,0,train
20287,7289,46,Mycale,/home/tahiti/MARINE_DATASETS/FathomNet_FGVC2025/data/rois/7289_20287.png,/home/tahiti/MARINE_DATASETS/FathomNet_FGVC2025/data/images/7289.png,aa9809d721b8b1cb06bb877b9d218a17220f40f6dadde043813bafabaa6cdc0d,07113ec0749a0f46322480053bc3799b1b49af584b93fdc4bf93d2f71236239c,7289,1,train
20299,7294,26,Gersemia juliepackardae,/home/tahiti/MARINE_DATASETS/FathomNet_FGVC2025/data/rois/7294_20299.png,/home/tahiti/MARINE_DATASETS/FathomNet_FGVC2025/data/images/7294.png,4dd33f4d9a463c0af0a636276172c5d37e66fe392b2737894418aeff2ebf88a4,9d1531c684b39fdc4d0c113508be4dc1e53b8fba26909b36c1e84a0629405249,7294,1,train
20310,7298,21,Elpidia,/home/tahiti/MARINE_DATASETS/FathomNet_FGVC2025/data/rois/7298_20310.png,/home/tahiti/MARINE_DATASETS/FathomNet_FGVC2025/data/images/7298.png,adcbb531630aca342427fa0f8cfbb461091448fa50fb2da93e24cc488c07f4d9,1e29835fe5795ca69c816fbd2bb6a45238239b2ccf4f42803fa839b123eb7b3d,7298,2,train
20313,7299,2,Acanthascinae,/home/tahiti/MARINE_DATASETS/FathomNet_FGVC2025/data/rois/7299_20313.png,/home/tahiti/MARINE_DATASETS/FathomNet_FGVC2025/data/images/7299.png,11715e78791c82f77f1008bea35ac600cca05b95e18aa818bd7865c98804ceb7,bbf83a7ad420882a3bbfd7e2a57026da1c6e8428a0f06359451d107a4818850b,7299,2,train
20330,7308,70,Sebastes diploproa,/home/tahiti/MARINE_DATASETS/FathomNet_FGVC2025/data/rois/7308_20330.png,/home/tahiti/MARINE_DATASETS/FathomNet_FGVC2025/data/images/7308.png,396a0bdf583f8a18eca3e28a6fde9e12523170aa1965c4957e80868bf8a9ec47,440db8e7811d71def081932d4342c3a3ad8a6c3f015119c9440a55ba7a14596e,7308,0,train
20334,7311,6,Actinopterygii,/home/tahiti/MARINE_DATASETS/FathomNet_FGVC2025/data/rois/7311_20334.png,/home/tahiti/MARINE_DATASETS/FathomNet_FGVC2025/data/images/7311.png,4ec26c5855d2433cef21fadaf4c4b2f3270c1a51314bcedf5d1d88597beb3b4e,c520085332cbcc0576da12a0b430082b00989c7b48b053524d8e2c4734f581bf,7311,6,train
20365,7320,40,Mediaster aequalis,/home/tahiti/MARINE_DATASETS/FathomNet_FGVC2025/data/rois/7320_20365.png,/home/tahiti/MARINE_DATASETS/FathomNet_FGVC2025/data/images/7320.png,f87f295460d6ec195fed1b4a95dd82cb29532471190a286d0e26b8ac78a1b597,3beb356b6aa54971889ad4da917b28d21e5a1d71b6b8fec371cbf5a0371cd011,7320,6,train
20366,7320,40,Mediaster aequalis,/home/tahiti/MARINE_DATASETS/FathomNet_FGVC2025/data/rois/7320_20366.png,/home/tahiti/MARINE_DATASETS/FathomNet_FGVC2025/data/images/7320.png,e37fb5065429656ccc7aba72dd17c088abddab08430812d9e8c7907e65fc7ad6,3beb356b6aa54971889ad4da917b28d21e5a1d71b6b8fec371cbf5a0371cd011,7320,6,train
20383,7326,9,Asbestopluma,/home/tahiti/MARINE_DATASETS/FathomNet_FGVC2025/data/rois/7326_20383.png,/home/tahiti/MARINE_DATASETS/FathomNet_FGVC2025/data/images/7326.png,6a6ebe92c7b007c8c34bd098e6518faf16dbb5e4c54f17a6df02dd833b75c730,16411bee3f20ee1019ed17f1b700e8f28376c9b425c1f9399dd5e3dfe70d7324,7326,0,train
20391,7334,50,Paelopatides confundens,/home/tahiti/MARINE_DATASETS/FathomNet_FGVC2025/data/rois/7334_20391.png,/home/tahiti/MARINE_DATASETS/FathomNet_FGVC2025/data/images/7334.png,9df103bde5b12fee1fb850ec935e12934a21b321cb681964827cb7150edc4931,fbce7972f62788bfd0e6bcc7e468b50f7ce5acd8d03dd399385ba5acad5ed432,7334,2,train
20399,7337,12,Benthocodon pedunculata,/home/tahiti/MARINE_DATASETS/FathomNet_FGVC2025/data/rois/7337_20399.png,/home/tahiti/MARINE_DATASETS/FathomNet_FGVC2025/data/images/7337.png,7dbe749aed7efc57f2b0c08e945b7804aaad7eba88a0863b8237397fa7d19aae,26f5e25b2bc902548d9c936694aaec5d879970c041a33b14d8da4c6d9e8926a6,7337,0,train
20404,7340,7,Amphipoda,/home/tahiti/MARINE_DATASETS/FathomNet_FGVC2025/data/rois/7340_20404.png,/home/tahiti/MARINE_DATASETS/FathomNet_FGVC2025/data/images/7340.png,44bb27f864f7bd0877fab187e24d98e530fd7208c1e4066f687cc7a540ce6c94,9d6c8d46dbf3be560091f35c6d77b6faf62e8b161609ea11798bd2d26c79bbe8,7340,2,train
20440,7354,75,Terebellidae,/home/tahiti/MARINE_DATASETS/FathomNet_FGVC2025/data/rois/7354_20440.png,/home/tahiti/MARINE_DATASETS/FathomNet_FGVC2025/data/images/7354.png,7d21cae4c4eb46bd3930d4f61b874bb44b91c5ca058fdc29f320636902db30a6,2569bf493b66bef972d7ec1f5b0c0f91c0341057a44d62218c73bec189769098,7354,0,train
20441,7355,78,Vesicomyidae,/home/tahiti/MARINE_DATASETS/FathomNet_FGVC2025/data/rois/7355_20441.png,/home/tahiti/MARINE_DATASETS/FathomNet_FGVC2025/data/images/7355.png,5bcfa40d3a3ac51df5f0662ef61c63da4c49bc2822fd84ae6a42cdce45864afd,f4dae79db8265bb49b294801e57c2f7d211d553e9969b3c573fcbcafeee3e368,7355,0,train
20445,7355,78,Vesicomyidae,/home/tahiti/MARINE_DATASETS/FathomNet_FGVC2025/data/rois/7355_20445.png,/home/tahiti/MARINE_DATASETS/FathomNet_FGVC2025/data/images/7355.png,60ba4d2f9e5decba01d01dec1e31eefb5551c8798110ac9424e13d5c45292116,f4dae79db8265bb49b294801e57c2f7d211d553e9969b3c573fcbcafeee3e368,7355,0,train
20458,7364,48,Ophiacanthidae,/home/tahiti/MARINE_DATASETS/FathomNet_FGVC2025/data/rois/7364_20458.png,/home/tahiti/MARINE_DATASETS/FathomNet_FGVC2025/data/images/7364.png,8f6e14e05d8ada4ee5a675ceb6e06655e083441076530be44964a7bc02c6ee3f,33855b0fe0eee36d8fee48361a3146d37bd256a26b2f5c89b6ce13894cc7203d,7364,1,train
20466,7368,17,Chorilia longipes,/home/tahiti/MARINE_DATASETS/FathomNet_FGVC2025/data/rois/7368_20466.png,/home/tahiti/MARINE_DATASETS/FathomNet_FGVC2025/data/images/7368.png,cea2847c84aaac71f548172ba064aefc0c2936d9b21d672afdc5ce9d33975185,7a881a8ecfe7b93560fbb414562e25468c932217f81c32d0205a55bc24fc18af,7368,4,train
20470,7369,2,Acanthascinae,/home/tahiti/MARINE_DATASETS/FathomNet_FGVC2025/data/rois/7369_20470.png,/home/tahiti/MARINE_DATASETS/FathomNet_FGVC2025/data/images/7369.png,5b705845740cf13fb03954ba755a4eafb6ebba8f571f2c48eadfaafef3e7129d,829014f7066a3a28a4abda82ffb375a2da7f5216a9ce3b8b47bded91e2f407ed,7369,2,train
20527,7392,27,Heterocarpus,/home/tahiti/MARINE_DATASETS/FathomNet_FGVC2025/data/rois/7392_20527.png,/home/tahiti/MARINE_DATASETS/FathomNet_FGVC2025/data/images/7392.png,93dea3e472d29fc8b6b38aa29b3a7776ee09327e8b8b91fd3ac23de67ee6a4e1,aa932585cdd4ff5075dc624864465c6205955ca244294ae1a463be191ff3afc0,7392,1,train
20551,7403,40,Mediaster aequalis,/home/tahiti/MARINE_DATASETS/FathomNet_FGVC2025/data/rois/7403_20551.png,/home/tahiti/MARINE_DATASETS/FathomNet_FGVC2025/data/images/7403.png,6bc813564a231b21d3920f74d4e6bd960f00ffe6db010953de0748a696e09d15,9713e46cffc936ae9a0c67c3802abbe170bcefa54c8e653a982e13c751f09785,7403,6,train
20556,7406,21,Elpidia,/home/tahiti/MARINE_DATASETS/FathomNet_FGVC2025/data/rois/7406_20556.png,/home/tahiti/MARINE_DATASETS/FathomNet_FGVC2025/data/images/7406.png,2027582c91943d6142a7e46767c2aa6bb86a9d6550179e354f3bcdf01286b215,38faac91a549d76eae3ca0147e2b01f1c3d9db420aaed51ee272c5305efa8c86,7406,0,train
20568,7414,3,Acanthoptilum,/home/tahiti/MARINE_DATASETS/FathomNet_FGVC2025/data/rois/7414_20568.png,/home/tahiti/MARINE_DATASETS/FathomNet_FGVC2025/data/images/7414.png,23e5f245fe15076171855ad8e1f2faed0a5c49cf4130cce27037c4de3dea33b2,1a7cdb2e3baa645fee3d6e61f31b0fc513defc23ceafd16b09151f751c634e0a,7414,6,train
20577,7422,27,Heterocarpus,/home/tahiti/MARINE_DATASETS/FathomNet_FGVC2025/data/rois/7422_20577.png,/home/tahiti/MARINE_DATASETS/FathomNet_FGVC2025/data/images/7422.png,0932f8518ae7e98e61a36bfffdf5322efea1075857dabfe63df7ee53ae94eb11,bda1222bce326ea19d9c51b7a5d424c79bcd1c3ee2f2b06b6ec057cf14df1b1e,7422,2,train
20588,7429,9,Asbestopluma,/home/tahiti/MARINE_DATASETS/FathomNet_FGVC2025/data/rois/7429_20588.png,/home/tahiti/MARINE_DATASETS/FathomNet_FGVC2025/data/images/7429.png,3707355609c5805955b23fe3c819ba23b2041b98e337d6706df21ce80152089c,e4e1319f86e3e028d7c88c64eab2750dcd81f197c87cd456dd8a8654695f5bbf,7429,6,train
20589,7429,9,Asbestopluma,/home/tahiti/MARINE_DATASETS/FathomNet_FGVC2025/data/rois/7429_20589.png,/home/tahiti/MARINE_DATASETS/FathomNet_FGVC2025/data/images/7429.png,fc12586c7b2e21f82efb841f858a565a83c008dd0cea3e28e23573eee08a6c5b,e4e1319f86e3e028d7c88c64eab2750dcd81f197c87cd456dd8a8654695f5bbf,7429,6,train
20597,7436,17,Chorilia longipes,/home/tahiti/MARINE_DATASETS/FathomNet_FGVC2025/data/rois/7436_20597.png,/home/tahiti/MARINE_DATASETS/FathomNet_FGVC2025/data/images/7436.png,0475d34f538754e8322fc2b106ec8c7e9522dc9d4190ccca1f02238a8ecb5732,5c72216f0deb4b2eb198db2b5497991b8f7b8a1fb2480edb1aa31745ecacb1df,7436,0,train
20599,7437,70,Sebastes diploproa,/home/tahiti/MARINE_DATASETS/FathomNet_FGVC2025/data/rois/7437_20599.png,/home/tahiti/MARINE_DATASETS/FathomNet_FGVC2025/data/images/7437.png,b6224de61728fa262beadd43e1a173239b55d6c90e4e6cfe5e8c897fc0858092,230c3b52a1fd0b5570f00b9069bf80e4b954630d38f925ffa7bd1736f7db7f9c,7437,6,train
20602,7438,7,Amphipoda,/home/tahiti/MARINE_DATASETS/FathomNet_FGVC2025/data/rois/7438_20602.png,/home/tahiti/MARINE_DATASETS/FathomNet_FGVC2025/data/images/7438.png,646348c00d9df1cc1cba1712d965eb0cba0e7f07445ab2154b259572c2f10086,76a92e7e197944b0ad88bf1e2c14ffdf059145fafbc2dbf7f2d9e2930c5a0ee9,7438,1,train
20609,7441,66,Scleractinia,/home/tahiti/MARINE_DATASETS/FathomNet_FGVC2025/data/rois/7441_20609.png,/home/tahiti/MARINE_DATASETS/FathomNet_FGVC2025/data/images/7441.png,9e275ef8f00d5ad8ca34674fb77f68ab866b8ab002025cf3622f31ac1d57910b,83285281f92c4eaeec3b5d6b4ed5839d12db00971a979214f046c9e391abe12e,7441,4,train
20610,7441,66,Scleractinia,/home/tahiti/MARINE_DATASETS/FathomNet_FGVC2025/data/rois/7441_20610.png,/home/tahiti/MARINE_DATASETS/FathomNet_FGVC2025/data/images/7441.png,243c651c9a8e36b819a9071390229372250b6f5b1105a4a4f1eedc51ee4ef61d,83285281f92c4eaeec3b5d6b4ed5839d12db00971a979214f046c9e391abe12e,7441,4,train
20628,7443,66,Scleractinia,/home/tahiti/MARINE_DATASETS/FathomNet_FGVC2025/data/rois/7443_20628.png,/home/tahiti/MARINE_DATASETS/FathomNet_FGVC2025/data/images/7443.png,ad1e5f82e0b3a35d3e55be0f9dd42e9626eb0ee956998380a5b032f8ded5a55f,2e91e9025fb9790975f0abc2392e373a6182a099cbd9001b0d55a6feb444ae7d,7443,2,train
20670,7447,7,Amphipoda,/home/tahiti/MARINE_DATASETS/FathomNet_FGVC2025/data/rois/7447_20670.png,/home/tahiti/MARINE_DATASETS/FathomNet_FGVC2025/data/images/7447.png,6be4114cbd2c56ecf5d3a0a61db5cadc589a5963ed86546c30585cff45fe11d4,f0361b0f547ebf8e7bc4fa6ee02c06e903987cc97bb5895ea579d64e37473410,7447,0,train
20677,7447,7,Amphipoda,/home/tahiti/MARINE_DATASETS/FathomNet_FGVC2025/data/rois/7447_20677.png,/home/tahiti/MARINE_DATASETS/FathomNet_FGVC2025/data/images/7447.png,b70db978866b3d2d3c53a4ba3f16442eefdff9281be0b93255f3589d29fd03c2,f0361b0f547ebf8e7bc4fa6ee02c06e903987cc97bb5895ea579d64e37473410,7447,0,train
20682,7447,7,Amphipoda,/home/tahiti/MARINE_DATASETS/FathomNet_FGVC2025/data/rois/7447_20682.png,/home/tahiti/MARINE_DATASETS/FathomNet_FGVC2025/data/images/7447.png,960bf739df21ed1a6f60c602fe5f459e80a4b3b7f40cc2675eef24db49eeb925,f0361b0f547ebf8e7bc4fa6ee02c06e903987cc97bb5895ea579d64e37473410,7447,0,train
20683,7447,7,Amphipoda,/home/tahiti/MARINE_DATASETS/FathomNet_FGVC2025/data/rois/7447_20683.png,/home/tahiti/MARINE_DATASETS/FathomNet_FGVC2025/data/images/7447.png,5981f1b704c858b4955fbb7d543b99241548d5005bdd84edbb494bd196d9ccb4,f0361b0f547ebf8e7bc4fa6ee02c06e903987cc97bb5895ea579d64e37473410,7447,0,train
20686,7447,7,Amphipoda,/home/tahiti/MARINE_DATASETS/FathomNet_FGVC2025/data/rois/7447_20686.png,/home/tahiti/MARINE_DATASETS/FathomNet_FGVC2025/data/images/7447.png,7e84eec27e9f623bce902f6d7119638536fbb19a885c8630d82c6c8b76a347d0,f0361b0f547ebf8e7bc4fa6ee02c06e903987cc97bb5895ea579d64e37473410,7447,0,train
20707,7456,46,Mycale,/home/tahiti/MARINE_DATASETS/FathomNet_FGVC2025/data/rois/7456_20707.png,/home/tahiti/MARINE_DATASETS/FathomNet_FGVC2025/data/images/7456.png,75b543562e51b3ff138988233b58b4145dec3b139601a5ed93969ea683b2e94b,506826d93a2a98815536508d5bca48cd6f19002cc90c72403aeb16c9d9bd5319,7456,1,train
20723,7462,9,Asbestopluma,/home/tahiti/MARINE_DATASETS/FathomNet_FGVC2025/data/rois/7462_20723.png,/home/tahiti/MARINE_DATASETS/FathomNet_FGVC2025/data/images/7462.png,facb00249bb96ccbb57d1eb6e7e3fc8a01b659b276655cb8ee2134ccab2acd7e,df94e69efd15c9cae6475db76e16d398c196de553a28debc27ab098b9b57784c,7462,1,train
20732,7468,52,Pandalus platyceros,/home/tahiti/MARINE_DATASETS/FathomNet_FGVC2025/data/rois/7468_20732.png,/home/tahiti/MARINE_DATASETS/FathomNet_FGVC2025/data/images/7468.png,ab1b3041423cf9b41f025bdfc5b47cf1c4e0577f474296b6d27548605308d49e,1560b2bfb72ae39fbd9561711edb7b43295e05b7cf54457e94a243da34bde7dc,7468,2,train
20740,7468,52,Pandalus platyceros,/home/tahiti/MARINE_DATASETS/FathomNet_FGVC2025/data/rois/7468_20740.png,/home/tahiti/MARINE_DATASETS/FathomNet_FGVC2025/data/images/7468.png,1c75874cf3a670661acf20454afab3fda7a4d99fabdf94ef088dca753b5493c8,1560b2bfb72ae39fbd9561711edb7b43295e05b7cf54457e94a243da34bde7dc,7468,2,train
20747,7468,52,Pandalus platyceros,/home/tahiti/MARINE_DATASETS/FathomNet_FGVC2025/data/rois/7468_20747.png,/home/tahiti/MARINE_DATASETS/FathomNet_FGVC2025/data/images/7468.png,fa45628a1e52d4d45691b9a4815249a9e7bce8909ed734d1002ebf15bf47893f,1560b2bfb72ae39fbd9561711edb7b43295e05b7cf54457e94a243da34bde7dc,7468,2,train
20750,7468,52,Pandalus platyceros,/home/tahiti/MARINE_DATASETS/FathomNet_FGVC2025/data/rois/7468_20750.png,/home/tahiti/MARINE_DATASETS/FathomNet_FGVC2025/data/images/7468.png,79f378891b0457dc6687c701077a815727dc01d29a7f119b627c9ea5b34c66ce,1560b2bfb72ae39fbd9561711edb7b43295e05b7cf54457e94a243da34bde7dc,7468,2,train
20761,7474,26,Gersemia juliepackardae,/home/tahiti/MARINE_DATASETS/FathomNet_FGVC2025/data/rois/7474_20761.png,/home/tahiti/MARINE_DATASETS/FathomNet_FGVC2025/data/images/7474.png,18770c04fe58e34bc2db5e6187746230a7a4a238bf7b38171984d1f16a763cd8,97c16f41e481a12a4e31e062e2c954ac738163826fbc9a290e12cf130a78e028,7474,6,train
20804,7492,27,Heterocarpus,/home/tahiti/MARINE_DATASETS/FathomNet_FGVC2025/data/rois/7492_20804.png,/home/tahiti/MARINE_DATASETS/FathomNet_FGVC2025/data/images/7492.png,53131f259f8fb79da9518767da76d8b30f635ebb6bbc4793130468e453a25cf2,58b98164dd9814b63d3fd29daa58085bc0f88aff0e054d127de62dbe5e148f61,7492,2,train
20808,7494,9,Asbestopluma,/home/tahiti/MARINE_DATASETS/FathomNet_FGVC2025/data/rois/7494_20808.png,/home/tahiti/MARINE_DATASETS/FathomNet_FGVC2025/data/images/7494.png,1bf99feef0c23936bfcf2cded48dcc619af17268cf5d68d69bcb47bf726aeacd,699a56cb9792ffd586e464a38e08a0370452515d815de8248a3b92eba7d49cfd,7494,2,train
20836,7505,17,Chorilia longipes,/home/tahiti/MARINE_DATASETS/FathomNet_FGVC2025/data/rois/7505_20836.png,/home/tahiti/MARINE_DATASETS/FathomNet_FGVC2025/data/images/7505.png,6fe0eaf7f5ef1c139c2af07c559501b635bc51c9fd3a98772c265c1ba50942cc,162d310efd17c594aab349bd91cb2a4315910b8196cbdd6af75793b637e35604,7505,2,train
20839,7506,48,Ophiacanthidae,/home/tahiti/MARINE_DATASETS/FathomNet_FGVC2025/data/rois/7506_20839.png,/home/tahiti/MARINE_DATASETS/FathomNet_FGVC2025/data/images/7506.png,3bafe77e94bf011fa9f5ffb2ff5c508aba9cf509389d356dc51c7b70351ceeda,fff7be216157590acc706c8c2611b3aceec5f5844abe6f78c744293f2f9792fe,7506,4,train
20869,7517,9,Asbestopluma,/home/tahiti/MARINE_DATASETS/FathomNet_FGVC2025/data/rois/7517_20869.png,/home/tahiti/MARINE_DATASETS/FathomNet_FGVC2025/data/images/7517.png,c3bed219d92f70e557eb717a4f41b06c7398dd47917e86a4e74869fbbff95cfb,65b95686757dad6db456df4c24f6dc229901cc1c2e04419c8c15dcd1baeba670,7517,2,train
20874,7519,61,Psathyrometra fragilis,/home/tahiti/MARINE_DATASETS/FathomNet_FGVC2025/data/rois/7519_20874.png,/home/tahiti/MARINE_DATASETS/FathomNet_FGVC2025/data/images/7519.png,6798572f4b20ba0348882d41b71747776192c34b48028f1d751ea0fdd650286b,d70a7278e04576b301748b169d4955d44e81d1d6524086b06d41bea0b5a060cf,7519,2,train
20876,7520,21,Elpidia,/home/tahiti/MARINE_DATASETS/FathomNet_FGVC2025/data/rois/7520_20876.png,/home/tahiti/MARINE_DATASETS/FathomNet_FGVC2025/data/images/7520.png,e443133f910fdde991ec1261661b299f45f041eb81a9aeae36dc2980d1466294,1380e64705230d17a89a77e1a3d2e9dce458087785b3c9f3689cff1c4b87b67f,7520,6,train
20878,7522,12,Benthocodon pedunculata,/home/tahiti/MARINE_DATASETS/FathomNet_FGVC2025/data/rois/7522_20878.png,/home/tahiti/MARINE_DATASETS/FathomNet_FGVC2025/data/images/7522.png,51a4f0d34a1e1be489db60f5e13a9c983a4a0467be481e7338cbcc62f8d87d21,8bc86b637db68924d911c377d9f6c5c96df333e59a93950603271018f61b828a,7522,1,train
20883,7523,12,Benthocodon pedunculata,/home/tahiti/MARINE_DATASETS/FathomNet_FGVC2025/data/rois/7523_20883.png,/home/tahiti/MARINE_DATASETS/FathomNet_FGVC2025/data/images/7523.png,afd552990ba7cf5e067b446cb995c15f8fca8cf7239baa6da28a1ae61aa7f5fd,36a9f07d71510cb7a2b616728cd35aebed82f5f9e7a239899251b5c6e1456c8b,7523,4,train
20897,7532,17,Chorilia longipes,/home/tahiti/MARINE_DATASETS/FathomNet_FGVC2025/data/rois/7532_20897.png,/home/tahiti/MARINE_DATASETS/FathomNet_FGVC2025/data/images/7532.png,3bdf13cb12be47acd3015ee25e34c42cfb489c45d183f72ef856fe05a96fc5f8,67b501d50b57a0f1273aafa6d482b74a679536eb2ec0b77fa7112386e881e61c,7532,4,train
20916,7547,8,Apostichopus leukothele,/home/tahiti/MARINE_DATASETS/FathomNet_FGVC2025/data/rois/7547_20916.png,/home/tahiti/MARINE_DATASETS/FathomNet_FGVC2025/data/images/7547.png,2882c7711f0e8bbb78c80a6f84f62942a92b5fb61a77435ac5ece65e81134b10,b057ea5a6291f7d4357035f94e3537a342ca9f80f88e98c6d70d1f0c61a9e6a7,7547,0,train
20917,7548,13,Brisingida,/home/tahiti/MARINE_DATASETS/FathomNet_FGVC2025/data/rois/7548_20917.png,/home/tahiti/MARINE_DATASETS/FathomNet_FGVC2025/data/images/7548.png,98c3c2cda6adb8464b46065f37564ed88e05df579476ef3df071fc1ad97e7649,623ba953357cd61fd345ccbd7645cee82f9dbe19d9e304a78b1af90acc86354d,7548,4,train
20939,7563,57,Parastenella,/home/tahiti/MARINE_DATASETS/FathomNet_FGVC2025/data/rois/7563_20939.png,/home/tahiti/MARINE_DATASETS/FathomNet_FGVC2025/data/images/7563.png,594f0d06f0f953f1f7ec40cc4c4de8006eec0bc96313368f9ac6a6b4e623df39,e5d9e241992c27a06f26c4d519787a0efbbe3bd96a8a26a9536cdb0a11f9b069,7563,0,train
20940,7564,39,Lithodidae,/home/tahiti/MARINE_DATASETS/FathomNet_FGVC2025/data/rois/7564_20940.png,/home/tahiti/MARINE_DATASETS/FathomNet_FGVC2025/data/images/7564.png,52a5bd6ec108463edd2921a8a07f96515f7365e386851bd98a07d0f4d117e05d,a8c60724c6a402c97a63753c169ffda2f26a4dc5c774b8bcb48041b8424e4e6d,7564,6,train
20952,7570,50,Paelopatides confundens,/home/tahiti/MARINE_DATASETS/FathomNet_FGVC2025/data/rois/7570_20952.png,/home/tahiti/MARINE_DATASETS/FathomNet_FGVC2025/data/images/7570.png,1ceb3d6520704c15c7f98d8ff56e8038840af881d6b80fe81c5836d5ca8411a4,f1150c79625e0b5233422e76d1d272d3fd0a532fcd12f24c8e340962adbee0ee,7570,0,train
20965,7578,9,Asbestopluma,/home/tahiti/MARINE_DATASETS/FathomNet_FGVC2025/data/rois/7578_20965.png,/home/tahiti/MARINE_DATASETS/FathomNet_FGVC2025/data/images/7578.png,9cdd91ce94f3b1e88a8403d21516ad105b99320540546af85454ce903ea1f039,bc68bcc57414b93abc0005378b33215a00147b39de7f51bfd5a3a774c3318bdd,7578,0,train
20981,7581,57,Parastenella,/home/tahiti/MARINE_DATASETS/FathomNet_FGVC2025/data/rois/7581_20981.png,/home/tahiti/MARINE_DATASETS/FathomNet_FGVC2025/data/images/7581.png,64c6236345fa790a92d8d0a5966988894e040b27f84089d314c7a163e5a02989,eabc99f8c83671aeceaee35c499858062b8c95ca89cf52917ecd52093d4795b6,7581,6,train
20983,7581,57,Parastenella,/home/tahiti/MARINE_DATASETS/FathomNet_FGVC2025/data/rois/7581_20983.png,/home/tahiti/MARINE_DATASETS/FathomNet_FGVC2025/data/images/7581.png,b5094b001a7b6c1bb59a8970ff4fa3cd41ddf747b0d8e56dd62fc4d04ea609fa,eabc99f8c83671aeceaee35c499858062b8c95ca89cf52917ecd52093d4795b6,7581,6,train
20987,7581,57,Parastenella,/home/tahiti/MARINE_DATASETS/FathomNet_FGVC2025/data/rois/7581_20987.png,/home/tahiti/MARINE_DATASETS/FathomNet_FGVC2025/data/images/7581.png,a1e35054ee0955489db011ba7d0e1220ef2849fc55261428304a0e4cb2fada9d,eabc99f8c83671aeceaee35c499858062b8c95ca89cf52917ecd52093d4795b6,7581,6,train
20991,7581,9,Asbestopluma,/home/tahiti/MARINE_DATASETS/FathomNet_FGVC2025/data/rois/7581_20991.png,/home/tahiti/MARINE_DATASETS/FathomNet_FGVC2025/data/images/7581.png,e4ce0fceff26ebea50a50c40822e3903e4f8e928314a1ee68dd2f353b6eed2cc,eabc99f8c83671aeceaee35c499858062b8c95ca89cf52917ecd52093d4795b6,7581,6,train
20992,7581,57,Parastenella,/home/tahiti/MARINE_DATASETS/FathomNet_FGVC2025/data/rois/7581_20992.png,/home/tahiti/MARINE_DATASETS/FathomNet_FGVC2025/data/images/7581.png,0a5c3de5c4c508d56616c1bef88cab9a17a6d2c8cf7092e2b61e0a4feb5baf4f,eabc99f8c83671aeceaee35c499858062b8c95ca89cf52917ecd52093d4795b6,7581,6,train
21021,7599,10,Asbestopluma monticola,/home/tahiti/MARINE_DATASETS/FathomNet_FGVC2025/data/rois/7599_21021.png,/home/tahiti/MARINE_DATASETS/FathomNet_FGVC2025/data/images/7599.png,0d0feb12f4ce3cd85e549ba2337ae40405607d16dc2c5211d904e8580d2c9975,de599433289d6aae212f1a397924e801c35e8dafd0aad27ff48e95d6d313e52a,7599,0,train
21031,7602,18,Corallimorphus pilatus,/home/tahiti/MARINE_DATASETS/FathomNet_FGVC2025/data/rois/7602_21031.png,/home/tahiti/MARINE_DATASETS/FathomNet_FGVC2025/data/images/7602.png,8f3868579716b60553ac715e5eec59ad42f2ac35179013b4635a877ff7beb746,d9687a3d58f04de8d87d5c9c97b6e9ad20138e8c5a179b8c5dc1d9ab2631cdd0,7602,0,train
21059,7609,78,Vesicomyidae,/home/tahiti/MARINE_DATASETS/FathomNet_FGVC2025/data/rois/7609_21059.png,/home/tahiti/MARINE_DATASETS/FathomNet_FGVC2025/data/images/7609.png,94325cb5145ba0043ede7f321e84c629af4e9deffac70746ea56cc22aee99f4f,dc65a60e5e9c6fdcbba622578877eebaa54599a1ad9c52a8b97dd29136416dd6,7609,2,train
21060,7609,78,Vesicomyidae,/home/tahiti/MARINE_DATASETS/FathomNet_FGVC2025/data/rois/7609_21060.png,/home/tahiti/MARINE_DATASETS/FathomNet_FGVC2025/data/images/7609.png,e938c7b14bd4d2bd4ff8bff793a22195f5ad6efa01d640cacb8cf0d4b84d2110,dc65a60e5e9c6fdcbba622578877eebaa54599a1ad9c52a8b97dd29136416dd6,7609,2,train
21065,7609,78,Vesicomyidae,/home/tahiti/MARINE_DATASETS/FathomNet_FGVC2025/data/rois/7609_21065.png,/home/tahiti/MARINE_DATASETS/FathomNet_FGVC2025/data/images/7609.png,42038411eed58545f20eddb43b51bd7e2a2545fe706b44b1cec78f700b73be46,dc65a60e5e9c6fdcbba622578877eebaa54599a1ad9c52a8b97dd29136416dd6,7609,2,train
21101,7624,57,Parastenella,/home/tahiti/MARINE_DATASETS/FathomNet_FGVC2025/data/rois/7624_21101.png,/home/tahiti/MARINE_DATASETS/FathomNet_FGVC2025/data/images/7624.png,df84647851cf7b64da6c83ade45c9124dd89217066752f8ea44c4a37929dbaa9,d700ef349bc8b51889a09e09734214101020bd785a76905159c605b7542c8b56,7624,6,train
21102,7624,57,Parastenella,/home/tahiti/MARINE_DATASETS/FathomNet_FGVC2025/data/rois/7624_21102.png,/home/tahiti/MARINE_DATASETS/FathomNet_FGVC2025/data/images/7624.png,518af7f727e6a853ef58f684a444378053f2d12e4f3172355ef069d5bc0c86a2,d700ef349bc8b51889a09e09734214101020bd785a76905159c605b7542c8b56,7624,6,train
21106,7624,57,Parastenella,/home/tahiti/MARINE_DATASETS/FathomNet_FGVC2025/data/rois/7624_21106.png,/home/tahiti/MARINE_DATASETS/FathomNet_FGVC2025/data/images/7624.png,ab47203858d04b851b4b964e66c7ea0b3767ba8c53763431e72fd2714a39a10a,d700ef349bc8b51889a09e09734214101020bd785a76905159c605b7542c8b56,7624,6,train
21107,7624,10,Asbestopluma monticola,/home/tahiti/MARINE_DATASETS/FathomNet_FGVC2025/data/rois/7624_21107.png,/home/tahiti/MARINE_DATASETS/FathomNet_FGVC2025/data/images/7624.png,1a097e63e3eef2cec0cf7bb62b333f1d307167e8a044ff2942408315f7d2479c,d700ef349bc8b51889a09e09734214101020bd785a76905159c605b7542c8b56,7624,6,train
21111,7626,59,Pennatula phosphorea,/home/tahiti/MARINE_DATASETS/FathomNet_FGVC2025/data/rois/7626_21111.png,/home/tahiti/MARINE_DATASETS/FathomNet_FGVC2025/data/images/7626.png,e390c9a17ed4272d02125f48ce3fb846b278fe154a9ea281587cc2fad17993eb,4f1d07656ba24945034f160e614539125be29a0ce4c469bb4507e9af914ddcd9,7626,4,train
21119,7629,21,Elpidia,/home/tahiti/MARINE_DATASETS/FathomNet_FGVC2025/data/rois/7629_21119.png,/home/tahiti/MARINE_DATASETS/FathomNet_FGVC2025/data/images/7629.png,ac7dc5548e643889cd80a09a9b3dd534e408dc3718bfe5a341ba82a6fdb5e481,0d031b4efc490c1177b0c3b4aa52bb791aeec8e5d2a43fa16b6dcd9391e1c031,7629,4,train
21152,7646,70,Sebastes diploproa,/home/tahiti/MARINE_DATASETS/FathomNet_FGVC2025/data/rois/7646_21152.png,/home/tahiti/MARINE_DATASETS/FathomNet_FGVC2025/data/images/7646.png,130d9c461b6b998d4a415c986fe74b72ab429cbb97660fe1d7ad24adbf7f8c59,dcbd20ef36d0a8dfbf21b1b298155c6fe833c75413aa4159baa1e61269ba4921,7646,0,train
21161,7652,50,Paelopatides confundens,/home/tahiti/MARINE_DATASETS/FathomNet_FGVC2025/data/rois/7652_21161.png,/home/tahiti/MARINE_DATASETS/FathomNet_FGVC2025/data/images/7652.png,116a08edc3e650df7aae9012ee125d11dc4e39be911e3a6f01ffe117d9704b5e,6371c1df9a25bec1606df46f27632ea2834eca01081c01fdc249ca2ef80f2672,7652,1,train
21190,7663,26,Gersemia juliepackardae,/home/tahiti/MARINE_DATASETS/FathomNet_FGVC2025/data/rois/7663_21190.png,/home/tahiti/MARINE_DATASETS/FathomNet_FGVC2025/data/images/7663.png,e34f7c91b9373ff29d2ffb37b7aa72e97f8b20679779a87bedfe1adc4416aa39,4da15d43797ae6eb062ab99e92276c99c23a82df33a890d3f625b31dfa94b3c7,7663,0,train
21193,7666,21,Elpidia,/home/tahiti/MARINE_DATASETS/FathomNet_FGVC2025/data/rois/7666_21193.png,/home/tahiti/MARINE_DATASETS/FathomNet_FGVC2025/data/images/7666.png,9a1621dccd268bb08cc4c46598925ba9277f6a5fc4bbd3fb0c2fb23e2f749339,f2a171445b23be6bb465698d883169fcc03ea620aa9df4062ec7462a4d479614,7666,4,train
21258,7697,78,Vesicomyidae,/home/tahiti/MARINE_DATASETS/FathomNet_FGVC2025/data/rois/7697_21258.png,/home/tahiti/MARINE_DATASETS/FathomNet_FGVC2025/data/images/7697.png,dab533ebd5190698e0f36a1eebab5ce5145c32f7fbff1bf7875344b133890e16,064fa63150b676e9344b9e7ea25a680458d342f083d0c15083125221c54fbd5a,7697,0,train
21263,7701,75,Terebellidae,/home/tahiti/MARINE_DATASETS/FathomNet_FGVC2025/data/rois/7701_21263.png,/home/tahiti/MARINE_DATASETS/FathomNet_FGVC2025/data/images/7701.png,b49eb61de0ef9d7e98f9fcb567f878add3bfd38fcf38574f24625d23324946ae,ec3c201931734b3e8ababeb3d12a8fe784145b1140a0e3ce4813c14f5caca031,7701,6,train
21267,7701,75,Terebellidae,/home/tahiti/MARINE_DATASETS/FathomNet_FGVC2025/data/rois/7701_21267.png,/home/tahiti/MARINE_DATASETS/FathomNet_FGVC2025/data/images/7701.png,8f3fdccd2fe10a314bb5590e1474a67690fa9bdb11898b241a1f1eb09a423f51,ec3c201931734b3e8ababeb3d12a8fe784145b1140a0e3ce4813c14f5caca031,7701,6,train
21301,7718,61,Psathyrometra fragilis,/home/tahiti/MARINE_DATASETS/FathomNet_FGVC2025/data/rois/7718_21301.png,/home/tahiti/MARINE_DATASETS/FathomNet_FGVC2025/data/images/7718.png,e396d10e736773636c4c943554924c9a2558143fe9e4bf79f90fcf556dd04b5c,435897a79c36c3f05ed335f6a4badd065e3ad9d3265c82cc71228c35d908d6a5,7718,4,train
21316,7724,26,Gersemia juliepackardae,/home/tahiti/MARINE_DATASETS/FathomNet_FGVC2025/data/rois/7724_21316.png,/home/tahiti/MARINE_DATASETS/FathomNet_FGVC2025/data/images/7724.png,c7cb0113a228e018b726a7f17989a5058352807e3b076d544f811046a4fa417e,79d0c07b867aeb212f91834e6aada48ffdb95b53e49751b2c83f5a5de5072e0e,7724,6,train
21329,7726,26,Gersemia juliepackardae,/home/tahiti/MARINE_DATASETS/FathomNet_FGVC2025/data/rois/7726_21329.png,/home/tahiti/MARINE_DATASETS/FathomNet_FGVC2025/data/images/7726.png,29e8171c6eeeaac3a4efd1e126773aae25b78dfbdaaf7e4baf5f65b83bfa4eb5,9cb844223e736de48bc2e1d2ff321daded18289f008d3304f7f8a257e7cc9b50,7726,2,train
21335,7730,12,Benthocodon pedunculata,/home/tahiti/MARINE_DATASETS/FathomNet_FGVC2025/data/rois/7730_21335.png,/home/tahiti/MARINE_DATASETS/FathomNet_FGVC2025/data/images/7730.png,2f61592857dabeefb72e49b70bd7d17369ad183a56fd63420ebc5f3704c71940,7d784318e3a53a0c55df9ee4648b05c4984aa62f254f6434ac7673ec9820ca0d,7730,1,train
21339,7732,23,Florometra serratissima,/home/tahiti/MARINE_DATASETS/FathomNet_FGVC2025/data/rois/7732_21339.png,/home/tahiti/MARINE_DATASETS/FathomNet_FGVC2025/data/images/7732.png,a13e9a99f6bc5f8ea6b3c85bb63f6df45ba638c1df43cdd760b0377b8725d79a,b2e1a74368ea74ab9d52fbb09531d36d44d02e5f4d01e49e927da52b6846fdbf,7732,0,train
21342,7733,17,Chorilia longipes,/home/tahiti/MARINE_DATASETS/FathomNet_FGVC2025/data/rois/7733_21342.png,/home/tahiti/MARINE_DATASETS/FathomNet_FGVC2025/data/images/7733.png,11f3c99380e5da61f2daf8e9169596198278aea95af471901fc6f45138e1a5f8,c80f0da0e1142e4df373cc14fbe89fe77960bfa5fa937cce399845ee68b5aa4a,7733,6,train
21349,7740,13,Brisingida,/home/tahiti/MARINE_DATASETS/FathomNet_FGVC2025/data/rois/7740_21349.png,/home/tahiti/MARINE_DATASETS/FathomNet_FGVC2025/data/images/7740.png,96f8279de39be16410e49dbb66271d8c11d003d09e283cce4f2b1ca27406f456,0e7627649674f68a5659687b59d49c5730fa3a3acbf1a54a157d91722d56ddad,7740,6,train
21380,7761,50,Paelopatides confundens,/home/tahiti/MARINE_DATASETS/FathomNet_FGVC2025/data/rois/7761_21380.png,/home/tahiti/MARINE_DATASETS/FathomNet_FGVC2025/data/images/7761.png,b1140a2e752f200e52586e08bd257d4a2478eee0ce003577dde5eac5214108ef,1478d61d0aaa0c6be5e5cd623de6a9a8f6bb349dcd7834e8d47e091df1db8873,7761,6,train
21386,7763,59,Pennatula phosphorea,/home/tahiti/MARINE_DATASETS/FathomNet_FGVC2025/data/rois/7763_21386.png,/home/tahiti/MARINE_DATASETS/FathomNet_FGVC2025/data/images/7763.png,d3c537fb5f21a119c83ffb9dc2178e4ab625aa11d7ca633e2917fcc0acb8f5d2,a6964321c94d7d90c2c55d08b2a2d551944a354383189cca4f539e5f6d93eaf8,7763,4,train
21418,7790,20,Delectopecten,/home/tahiti/MARINE_DATASETS/FathomNet_FGVC2025/data/rois/7790_21418.png,/home/tahiti/MARINE_DATASETS/FathomNet_FGVC2025/data/images/7790.png,61aa431ce1f98cda987963c6250ef36a6bc3fac5b02d929215088b83266299d7,d75158f067f38907ca61f953af4a79c4acde61d0d54d02b67fd5afb73b68e211,7790,4,train
21456,7814,17,Chorilia longipes,/home/tahiti/MARINE_DATASETS/FathomNet_FGVC2025/data/rois/7814_21456.png,/home/tahiti/MARINE_DATASETS/FathomNet_FGVC2025/data/images/7814.png,ef2a5543d02765798a11803dfcefe607f0b0e6b37570d5a1df84213097f2a450,93ec5207d566243447cbe7c8149d76382fd1fea8996bed032f75b4eda6648e13,7814,2,train
21457,7814,17,Chorilia longipes,/home/tahiti/MARINE_DATASETS/FathomNet_FGVC2025/data/rois/7814_21457.png,/home/tahiti/MARINE_DATASETS/FathomNet_FGVC2025/data/images/7814.png,65bd0dd182c4345bb226fe06fed27d3486653569191a21acd1882b0a1af68ecb,93ec5207d566243447cbe7c8149d76382fd1fea8996bed032f75b4eda6648e13,7814,2,train
21459,7815,50,Paelopatides confundens,/home/tahiti/MARINE_DATASETS/FathomNet_FGVC2025/data/rois/7815_21459.png,/home/tahiti/MARINE_DATASETS/FathomNet_FGVC2025/data/images/7815.png,14c79bbf52fb7be813a613da7c7de1b4200002645bb6a350b1e0536979befa95,04da4155de3afe5f92170094276fd3621e5d9b5745258695644fa3501ddfe60a,7815,6,train
21473,7826,6,Actinopterygii,/home/tahiti/MARINE_DATASETS/FathomNet_FGVC2025/data/rois/7826_21473.png,/home/tahiti/MARINE_DATASETS/FathomNet_FGVC2025/data/images/7826.png,62372bc376ffd3f9dbb22bda892b44fd78a7cc84eb88e5442a3d4bb2ec01a31d,b78000568fbe6105f068de44bc42795a1d8db58e9af882ba8faf61dd3b9f4649,7826,0,train
21481,7830,17,Chorilia longipes,/home/tahiti/MARINE_DATASETS/FathomNet_FGVC2025/data/rois/7830_21481.png,/home/tahiti/MARINE_DATASETS/FathomNet_FGVC2025/data/images/7830.png,cb53cc3dfa9a8736ab776efe38bd8478424978ebcb2b6fb7fbad584f712786a3,b28dabddbddca4f74bbbc7a04066c8266ad12d41cbf0d3b43e058c454327275d,7830,2,train
21485,7833,10,Asbestopluma monticola,/home/tahiti/MARINE_DATASETS/FathomNet_FGVC2025/data/rois/7833_21485.png,/home/tahiti/MARINE_DATASETS/FathomNet_FGVC2025/data/images/7833.png,a5b2fdf88937eb93f0ac042f8adb5f529b7251188dd0a20e60d351cefb8c1b7e,5613e0fd2e9259eef85c3523dd136845ff12b72e7d884f68b6d5ae755689d7b4,7833,0,train
21510,7844,8,Apostichopus leukothele,/home/tahiti/MARINE_DATASETS/FathomNet_FGVC2025/data/rois/7844_21510.png,/home/tahiti/MARINE_DATASETS/FathomNet_FGVC2025/data/images/7844.png,2318d237886a6afb81639611a183684f244f1474a1eaac0e2684df388467de85,30db62c690912d58085f1b22a9a905b2cb9a4f32fa3d47f9c7a3c7f4ba2ee223,7844,4,train
21522,7846,2,Acanthascinae,/home/tahiti/MARINE_DATASETS/FathomNet_FGVC2025/data/rois/7846_21522.png,/home/tahiti/MARINE_DATASETS/FathomNet_FGVC2025/data/images/7846.png,07aa49692efddad300a321581b0f346af525101f37f21b19ef09d1160cd2d732,714a0ad76e8c1f9a089e90e0ccf1c70eb28514f117b849d337047fbedace23da,7846,6,train
21525,7847,20,Delectopecten,/home/tahiti/MARINE_DATASETS/FathomNet_FGVC2025/data/rois/7847_21525.png,/home/tahiti/MARINE_DATASETS/FathomNet_FGVC2025/data/images/7847.png,573c07b2bef0a1965930e04504cce74ba132ea6a1feb203fe12330b5ca4448e4,0301a8ee1a21b54de75e4b36e685a05665cd01f5107499cd0c529c746a8b4076,7847,4,train
21526,7848,17,Chorilia longipes,/home/tahiti/MARINE_DATASETS/FathomNet_FGVC2025/data/rois/7848_21526.png,/home/tahiti/MARINE_DATASETS/FathomNet_FGVC2025/data/images/7848.png,06c6e715c2c3e36cff929a17259c1653d7cc59d02e9ae20ff410ff059c8ff8b8,c978e6855e336e2c5fba8fdf51cb2ad2e7abd001a18c72097d449260912902a3,7848,4,train
21548,7863,1,Abyssocucumis abyssorum,/home/tahiti/MARINE_DATASETS/FathomNet_FGVC2025/data/rois/7863_21548.png,/home/tahiti/MARINE_DATASETS/FathomNet_FGVC2025/data/images/7863.png,aae3de08af361cec83d04c127877eb28ee2a0c80f75d90c8e97a68ce248e62df,852e111c5ac76ce47045d554d2903042f55bc3d028282edc4fe45b88b0968034,7863,4,train
21551,7865,48,Ophiacanthidae,/home/tahiti/MARINE_DATASETS/FathomNet_FGVC2025/data/rois/7865_21551.png,/home/tahiti/MARINE_DATASETS/FathomNet_FGVC2025/data/images/7865.png,95ea61b51bd5db131e081957bf46566d8bc47735111b8f5dfba1a0bd43f8188d,eeb7e2035d740938a448e70357443cad6155813bd9c32c949aa397ef6a89e504,7865,1,train
21561,7870,18,Corallimorphus pilatus,/home/tahiti/MARINE_DATASETS/FathomNet_FGVC2025/data/rois/7870_21561.png,/home/tahiti/MARINE_DATASETS/FathomNet_FGVC2025/data/images/7870.png,1c5adc320e2036c689d0014e4b15f1fb809076423c03b7a01ba92fd042e1974c,ff2924e9057cff69269e64224c643de2e1778a29f44dc2c8fbf16d02c5f90ac8,7870,4,train
21595,7890,48,Ophiacanthidae,/home/tahiti/MARINE_DATASETS/FathomNet_FGVC2025/data/rois/7890_21595.png,/home/tahiti/MARINE_DATASETS/FathomNet_FGVC2025/data/images/7890.png,c22ef6afa6392194704606b238e2166b60ce1010817a2c2c76cff5b1f90992ce,b10220503e1804997896d410a110e5c75295ee2a61ab98189956cd6ba3ab9835,7890,6,train
21614,7894,27,Heterocarpus,/home/tahiti/MARINE_DATASETS/FathomNet_FGVC2025/data/rois/7894_21614.png,/home/tahiti/MARINE_DATASETS/FathomNet_FGVC2025/data/images/7894.png,fdb4b7834949b8e84a3ddbd8904b768b6f0670e8ce973487cf500de464d48c0f,d23f49606086cbefd4eedd5641514a99ae7c8dc7d2b80cb3d3b6f960155fe693,7894,0,train
21625,7902,13,Brisingida,/home/tahiti/MARINE_DATASETS/FathomNet_FGVC2025/data/rois/7902_21625.png,/home/tahiti/MARINE_DATASETS/FathomNet_FGVC2025/data/images/7902.png,bb0a890d56b941d0974c9ef0ada64ef6ad8f0804df40ff3c8b13bff4fa94e6f4,3301413d44b5e04c727b38c75533c4e7aa53f57408de4e22c5c7a4c98132ad9f,7902,2,train
21649,7908,20,Delectopecten,/home/tahiti/MARINE_DATASETS/FathomNet_FGVC2025/data/rois/7908_21649.png,/home/tahiti/MARINE_DATASETS/FathomNet_FGVC2025/data/images/7908.png,664a605fb89454eac68087b588336cb21049aa658ce219f2d8295fb2d9350af8,e287e771c6a2afe83f8f699098369c7af35aef65212fe5a937d27feb3e52cb5f,7908,1,train
21684,7932,70,Sebastes diploproa,/home/tahiti/MARINE_DATASETS/FathomNet_FGVC2025/data/rois/7932_21684.png,/home/tahiti/MARINE_DATASETS/FathomNet_FGVC2025/data/images/7932.png,3a21473e68591204426d649a80e2ae0ec5ab78053a84d393eddcf5d4e3bc8129,16dce1f54195bd9efb18a7d087cd6a9feb3c4a4cda6b04b325669ebd0b51c96e,7932,4,train
21706,7942,61,Psathyrometra fragilis,/home/tahiti/MARINE_DATASETS/FathomNet_FGVC2025/data/rois/7942_21706.png,/home/tahiti/MARINE_DATASETS/FathomNet_FGVC2025/data/images/7942.png,5050e3dae34b9159b23ed6abc0a9a7ea7a5db581a72890f01b1830e7bd6f3e9a,f63448f3f7c0bf40622436e2b200d667420d9638625cddc5bf5b7ee4a10257c6,7942,6,train
21727,7956,6,Actinopterygii,/home/tahiti/MARINE_DATASETS/FathomNet_FGVC2025/data/rois/7956_21727.png,/home/tahiti/MARINE_DATASETS/FathomNet_FGVC2025/data/images/7956.png,d5f8bc689faa09ffb157acb7ef8457af51beb957c6b22d7774938382a5b8e201,c61dc020b7deba9cd3f4c6d9fc91ddb4e759caf44a9c9136621ded8a0006459f,7956,6,train
21729,7958,27,Heterocarpus,/home/tahiti/MARINE_DATASETS/FathomNet_FGVC2025/data/rois/7958_21729.png,/home/tahiti/MARINE_DATASETS/FathomNet_FGVC2025/data/images/7958.png,3171ab26d8a6f63fe96eb3c2ac2b02f5353c2ddb36b09a047d381f57a5ff9a83,62c704c8887d3d7e35c371afae4bb24069e14cc3d5efc0405c2b1aec499639be,7958,6,train
21733,7961,40,Mediaster aequalis,/home/tahiti/MARINE_DATASETS/FathomNet_FGVC2025/data/rois/7961_21733.png,/home/tahiti/MARINE_DATASETS/FathomNet_FGVC2025/data/images/7961.png,325e1474211b02c3d358bef7bc1aafc65b795796579449b9aad9cfa5f205a8d6,fc842d6bc33dfd217092bf282bb6c3b2d76d70752a49feacf60bb3a790705763,7961,6,train
21734,7961,40,Mediaster aequalis,/home/tahiti/MARINE_DATASETS/FathomNet_FGVC2025/data/rois/7961_21734.png,/home/tahiti/MARINE_DATASETS/FathomNet_FGVC2025/data/images/7961.png,a26e4812fb195e6c43a1d4ae988679c8fc959896e3b3bd7a107648336b5e607f,fc842d6bc33dfd217092bf282bb6c3b2d76d70752a49feacf60bb3a790705763,7961,6,train
21760,7976,12,Benthocodon pedunculata,/home/tahiti/MARINE_DATASETS/FathomNet_FGVC2025/data/rois/7976_21760.png,/home/tahiti/MARINE_DATASETS/FathomNet_FGVC2025/data/images/7976.png,225fded91f5705d5dc30b37fa7de9d55f4353c33b1a9ea9a67e194bc4db02bcc,6464ebebd624843ea8f290184233a3526d1fcf92ce75009df2f57ac46dd70ac4,7976,4,train
21776,7982,18,Corallimorphus pilatus,/home/tahiti/MARINE_DATASETS/FathomNet_FGVC2025/data/rois/7982_21776.png,/home/tahiti/MARINE_DATASETS/FathomNet_FGVC2025/data/images/7982.png,c3d97b9831f5c217b04b266da16b693916dc539cc6b04faf138874f1914347a3,b260a9fbe0c28b1ca0db719af238f104dddd35de5f15adf693be1330aff9c22b,7982,1,train
21812,8005,12,Benthocodon pedunculata,/home/tahiti/MARINE_DATASETS/FathomNet_FGVC2025/data/rois/8005_21812.png,/home/tahiti/MARINE_DATASETS/FathomNet_FGVC2025/data/images/8005.png,4aa176ebf34f6eabd6d6dfde88c08b724e3c6fee9684075ed29e470458be13d1,b2c725abdd312ca380dd8957fe6a768a8860fcc239ecd066350d6d10ded50bc3,8005,0,train
21813,8006,20,Delectopecten,/home/tahiti/MARINE_DATASETS/FathomNet_FGVC2025/data/rois/8006_21813.png,/home/tahiti/MARINE_DATASETS/FathomNet_FGVC2025/data/images/8006.png,fac9f1f9de297e6dc427b55244bc26fb8b933acbe0b3e37068db4258661c5533,88d7b204133afa3321c9c5d1fc22a41251df818a6081ddfdcf887996146d5f86,8006,2,train
21823,8006,20,Delectopecten,/home/tahiti/MARINE_DATASETS/FathomNet_FGVC2025/data/rois/8006_21823.png,/home/tahiti/MARINE_DATASETS/FathomNet_FGVC2025/data/images/8006.png,53d9204d2c8abb7cd8f9b86cad64677ef24e4da867c8996e1dff65f3cf107890,88d7b204133afa3321c9c5d1fc22a41251df818a6081ddfdcf887996146d5f86,8006,2,train
21832,8006,20,Delectopecten,/home/tahiti/MARINE_DATASETS/FathomNet_FGVC2025/data/rois/8006_21832.png,/home/tahiti/MARINE_DATASETS/FathomNet_FGVC2025/data/images/8006.png,56399c8705cdc499e1046b3bd0589290ff4e4e6d07528e1187a0818ee95727ab,88d7b204133afa3321c9c5d1fc22a41251df818a6081ddfdcf887996146d5f86,8006,2,train
21837,8009,70,Sebastes diploproa,/home/tahiti/MARINE_DATASETS/FathomNet_FGVC2025/data/rois/8009_21837.png,/home/tahiti/MARINE_DATASETS/FathomNet_FGVC2025/data/images/8009.png,f4c2ac4785b7b4a52aea8270e6fae1ba5016a3ffb784112757e32e17ca154ef3,754a2f8dc8dd059c4d129b63e7869db795eb84ebc9864dc6bac43978cdd29db0,8009,1,train
21840,8011,46,Mycale,/home/tahiti/MARINE_DATASETS/FathomNet_FGVC2025/data/rois/8011_21840.png,/home/tahiti/MARINE_DATASETS/FathomNet_FGVC2025/data/images/8011.png,d677696870b5c47eaa53f10d5219e448bcddedddc040ebeb75b3e5fa99fd9ac3,755992ed0521431817e535de1e0df0425791463eea1a364ef49eb4fd092d01c3,8011,4,train
21846,8014,61,Psathyrometra fragilis,/home/tahiti/MARINE_DATASETS/FathomNet_FGVC2025/data/rois/8014_21846.png,/home/tahiti/MARINE_DATASETS/FathomNet_FGVC2025/data/images/8014.png,e67cbf4a29cc5b5df0adb19e400872df29f74245c257fd0e0e649b231a3fe49d,bdc65e7614d80294852ac33a030de41fd3c16a3ddb5dc176158f1c17df21d25a,8014,1,train
21859,8021,2,Acanthascinae,/home/tahiti/MARINE_DATASETS/FathomNet_FGVC2025/data/rois/8021_21859.png,/home/tahiti/MARINE_DATASETS/FathomNet_FGVC2025/data/images/8021.png,b13f0099de9a3885b7ee58c806f3440260d2c42cbfa36aa58c49a919d9ca05fe,5b2563b6aec6e7b559c4add90d6b17019d2fed814a5f0c510e23c59402a9e73a,8021,4,train
21867,8027,6,Actinopterygii,/home/tahiti/MARINE_DATASETS/FathomNet_FGVC2025/data/rois/8027_21867.png,/home/tahiti/MARINE_DATASETS/FathomNet_FGVC2025/data/images/8027.png,d2a1041c234d134265c15ce6d2c1a5e1d60867e9427b4b11a4f41d73bd0a6d73,0b36746d5281f4fa19263cccd22ce912dfa1642cfa26db8e97e941021614381c,8027,0,train
21877,8032,1,Abyssocucumis abyssorum,/home/tahiti/MARINE_DATASETS/FathomNet_FGVC2025/data/rois/8032_21877.png,/home/tahiti/MARINE_DATASETS/FathomNet_FGVC2025/data/images/8032.png,92eeb0558f05398e2d4e360260833af4357a3133243b1c36ad6d2e5aaa85c422,40b746e75a3a2dbf812d2e7768fedb44c02ecd2fad83e46a993f014245f4dfa9,8032,4,train
21881,8034,3,Acanthoptilum,/home/tahiti/MARINE_DATASETS/FathomNet_FGVC2025/data/rois/8034_21881.png,/home/tahiti/MARINE_DATASETS/FathomNet_FGVC2025/data/images/8034.png,5cd617bfe2880d7adbe4a0b91fdcf88707ea8e9b9e6e23122b54283ab20dc0c7,86ecbe7da94fb9417408f53a3f67cc48b5a4ff4846dd1e025cb43aaa09ae1582,8034,2,train
21883,8034,3,Acanthoptilum,/home/tahiti/MARINE_DATASETS/FathomNet_FGVC2025/data/rois/8034_21883.png,/home/tahiti/MARINE_DATASETS/FathomNet_FGVC2025/data/images/8034.png,8a98689a2863c3f18a16e806a461219689bedbd534b79a7b2fa8728b2972f505,86ecbe7da94fb9417408f53a3f67cc48b5a4ff4846dd1e025cb43aaa09ae1582,8034,2,train
21889,8035,17,Chorilia longipes,/home/tahiti/MARINE_DATASETS/FathomNet_FGVC2025/data/rois/8035_21889.png,/home/tahiti/MARINE_DATASETS/FathomNet_FGVC2025/data/images/8035.png,dce7032a4e583a1514bbba4d145de84754e260f77e6fdd20e863d00c2d6c443e,1b9fdc1c1eb2080f99f7d326867cb18b062b879bcdc521677a563077f7524c14,8035,2,train
21903,8041,17,Chorilia longipes,/home/tahiti/MARINE_DATASETS/FathomNet_FGVC2025/data/rois/8041_21903.png,/home/tahiti/MARINE_DATASETS/FathomNet_FGVC2025/data/images/8041.png,0d31758f202ac46a292b59d8e923913d2a803bf62bc74763db562f804283298e,d39f1141e723a91afdc872ba0227e44ada5d1225670fb1ebc53ae8bb12626974,8041,1,train
21948,8071,6,Actinopterygii,/home/tahiti/MARINE_DATASETS/FathomNet_FGVC2025/data/rois/8071_21948.png,/home/tahiti/MARINE_DATASETS/FathomNet_FGVC2025/data/images/8071.png,c68192a6b7a0fe17707cf2f3fe98fea8b8d5f7fd317d9930f9437cdd74148ab5,f572b2afc2f26fd9b0b3168b7763ede95e29fbbe6fde59f7e508bc35647ca0f9,8071,6,train
21958,8074,1,Abyssocucumis abyssorum,/home/tahiti/MARINE_DATASETS/FathomNet_FGVC2025/data/rois/8074_21958.png,/home/tahiti/MARINE_DATASETS/FathomNet_FGVC2025/data/images/8074.png,e1246889bf43d448e313280d97b21a69545b87e453d004cdc529601e9e99674e,53370da07d577aae33100a9ed066f2fa37f72b948393312eb6b287176a8411e1,8074,1,train
21961,8077,6,Actinopterygii,/home/tahiti/MARINE_DATASETS/FathomNet_FGVC2025/data/rois/8077_21961.png,/home/tahiti/MARINE_DATASETS/FathomNet_FGVC2025/data/images/8077.png,f120334b1e3856c71cda3e9cbbdf40f7b16c5470f345f47bfcb0aa36a4e394ad,f491bc67cd6807756387245fdc2ffe61bdc965589ea2dd7e2d082fff9311afab,8077,6,train
21970,8085,23,Florometra serratissima,/home/tahiti/MARINE_DATASETS/FathomNet_FGVC2025/data/rois/8085_21970.png,/home/tahiti/MARINE_DATASETS/FathomNet_FGVC2025/data/images/8085.png,dd54bacd4138b0f978ce898b208a0dad22b5712f01f5403988f8c6b47fa81d14,d734b9e7f2e7da77815a69f0a001d8ca4d8f772998989ca22c90d086283ab007,8085,6,train
21983,8089,39,Lithodidae,/home/tahiti/MARINE_DATASETS/FathomNet_FGVC2025/data/rois/8089_21983.png,/home/tahiti/MARINE_DATASETS/FathomNet_FGVC2025/data/images/8089.png,85fdef1b46d8d0f7bf7587f34616e3fc1c1926da51159b01beea066d7beee023,de46da2e53f1140d47be58e49e1c95c1caf08c95a11a1f17961a21efb79b92b8,8089,6,train
22018,8114,61,Psathyrometra fragilis,/home/tahiti/MARINE_DATASETS/FathomNet_FGVC2025/data/rois/8114_22018.png,/home/tahiti/MARINE_DATASETS/FathomNet_FGVC2025/data/images/8114.png,a890fa490f017a3affb882162e7744c987b749d3a712e7df7621ff81de9c1451,8c7ecedf35d1c09eb3a28706ecce7bc2953b6b664c82524cea20a0c28d651f6c,8114,6,train
22020,8114,61,Psathyrometra fragilis,/home/tahiti/MARINE_DATASETS/FathomNet_FGVC2025/data/rois/8114_22020.png,/home/tahiti/MARINE_DATASETS/FathomNet_FGVC2025/data/images/8114.png,a2ba11666f9d24fc12e0ec997a134457e2cba9602fecf729dc375b9cf4e93efb,8c7ecedf35d1c09eb3a28706ecce7bc2953b6b664c82524cea20a0c28d651f6c,8114,6,train
22027,8117,39,Lithodidae,/home/tahiti/MARINE_DATASETS/FathomNet_FGVC2025/data/rois/8117_22027.png,/home/tahiti/MARINE_DATASETS/FathomNet_FGVC2025/data/images/8117.png,313454048f226ab716a2b6f8e46f979c6f296275f76fd52ddacd636862f23ea1,903303b08aaaa1a4789b6431162ebdb3a508941e6e092143f746290957db715e,8117,4,train
22038,8119,26,Gersemia juliepackardae,/home/tahiti/MARINE_DATASETS/FathomNet_FGVC2025/data/rois/8119_22038.png,/home/tahiti/MARINE_DATASETS/FathomNet_FGVC2025/data/images/8119.png,87a85642edb362643972af0e3bc4a5d9a36d3c1af2e00ab540af6462075e77f9,f1941ee9300158b51512a56d29d7483b7db4ecc53ca829732138dc50bf8c833c,8119,1,train
22044,8124,46,Mycale,/home/tahiti/MARINE_DATASETS/FathomNet_FGVC2025/data/rois/8124_22044.png,/home/tahiti/MARINE_DATASETS/FathomNet_FGVC2025/data/images/8124.png,4a617155358c02574a81719ca17c56421bd22d37d85ee52707e5ceda9942cb88,e53b8905fde3f87988db8437afac8d188435ff6fec8feae4558653b42bb59474,8124,6,train
22057,8133,18,Corallimorphus pilatus,/home/tahiti/MARINE_DATASETS/FathomNet_FGVC2025/data/rois/8133_22057.png,/home/tahiti/MARINE_DATASETS/FathomNet_FGVC2025/data/images/8133.png,3c2c894a3f644fd76d3387e10cac16b44a00c76982132b72d8ab5a74f7b35817,1a964555b99feefe057026085c755b5b4ce1cc981dc984b719df11f2cbc8d784,8133,6,train
22062,8138,48,Ophiacanthidae,/home/tahiti/MARINE_DATASETS/FathomNet_FGVC2025/data/rois/8138_22062.png,/home/tahiti/MARINE_DATASETS/FathomNet_FGVC2025/data/images/8138.png,4df769529ab42a43e0d1896bef188662a8eaa3f3c6d323bb32dc6094f9374e55,c47e91e9429967b33d4ceff90d674916b5e5d9b7ea6b0405a40d45f450c865e6,8138,1,train
22074,8145,1,Abyssocucumis abyssorum,/home/tahiti/MARINE_DATASETS/FathomNet_FGVC2025/data/rois/8145_22074.png,/home/tahiti/MARINE_DATASETS/FathomNet_FGVC2025/data/images/8145.png,0719de1691463a42c178762fffd9249e2b22b8f49ebe55ca3640015943db529d,ae01ae0556f1a2a7f9aee353b4113c98c1220080f2aa5a1bf261232afd3a9a5e,8145,4,train
22076,8147,12,Benthocodon pedunculata,/home/tahiti/MARINE_DATASETS/FathomNet_FGVC2025/data/rois/8147_22076.png,/home/tahiti/MARINE_DATASETS/FathomNet_FGVC2025/data/images/8147.png,8264a386be81165decfe3e1d125b7615e615049d7c328294dbf35edf2ff01b94,11272e703a886729091ec4ce207b30ffc35adc5aab9576b65cbc34c5427abb49,8147,4,train
22098,8147,12,Benthocodon pedunculata,/home/tahiti/MARINE_DATASETS/FathomNet_FGVC2025/data/rois/8147_22098.png,/home/tahiti/MARINE_DATASETS/FathomNet_FGVC2025/data/images/8147.png,aece694caf5ecc9682db73c07f48008ad395ffaa4e7e6908b6cf0d84530b2da3,11272e703a886729091ec4ce207b30ffc35adc5aab9576b65cbc34c5427abb49,8147,4,train
22103,8149,48,Ophiacanthidae,/home/tahiti/MARINE_DATASETS/FathomNet_FGVC2025/data/rois/8149_22103.png,/home/tahiti/MARINE_DATASETS/FathomNet_FGVC2025/data/images/8149.png,8d15b93638c141926717e6ac556de0ad88258a2ccf19f5e2755bc1637cc18339,4ea12e1d6f0a19270801b95b5fd63f10c2f47baa31518c07fda194695ae329ca,8149,2,train
22104,8150,70,Sebastes diploproa,/home/tahiti/MARINE_DATASETS/FathomNet_FGVC2025/data/rois/8150_22104.png,/home/tahiti/MARINE_DATASETS/FathomNet_FGVC2025/data/images/8150.png,10987698388a49180f02cc4ea01c186d8cb8ce28814cb2280d0dd506b4a41b3d,b69ce9e1ea503f603f3980dee5415db0ebed2bdfd848b1444a2a0ba3bbb3b3e3,8150,1,train
22109,8153,59,Pennatula phosphorea,/home/tahiti/MARINE_DATASETS/FathomNet_FGVC2025/data/rois/8153_22109.png,/home/tahiti/MARINE_DATASETS/FathomNet_FGVC2025/data/images/8153.png,7c6dfaf2ac0544aa5f17061392ea674cfe1836f7e5f04a48dc182177b5d96974,9a4e00b4d090367478e0bcd640ecd3606fc7861e8a0bdb0114da7962557ec3f3,8153,1,train
22123,8163,2,Acanthascinae,/home/tahiti/MARINE_DATASETS/FathomNet_FGVC2025/data/rois/8163_22123.png,/home/tahiti/MARINE_DATASETS/FathomNet_FGVC2025/data/images/8163.png,b0778e3800cf6de5e64afa40841f6da6015fcccda4e5e3ea31e6a51deffcd504,fab302e42af197cd73d753b24de53a21aab671762e1944230f0dcce3c850ee1a,8163,6,train
22136,8172,2,Acanthascinae,/home/tahiti/MARINE_DATASETS/FathomNet_FGVC2025/data/rois/8172_22136.png,/home/tahiti/MARINE_DATASETS/FathomNet_FGVC2025/data/images/8172.png,84997d12770e2d243cce63b88c1f16266194d1d98f6ac4b2b2d3fefd32d9c808,9dbad6839372817703031f8a3c4f33ebcee28daa4d78321d4dd97dfd0852bd08,8172,4,train
22140,8176,3,Acanthoptilum,/home/tahiti/MARINE_DATASETS/FathomNet_FGVC2025/data/rois/8176_22140.png,/home/tahiti/MARINE_DATASETS/FathomNet_FGVC2025/data/images/8176.png,d640b09d57d6d0f83369a1e99fc7ec6e6036367070985ee2c11aef05e4201dc5,e64e487d529f3493ec1423c36b6e314752f878fe10af20e91aa68292d761f38a,8176,4,train
22147,8182,75,Terebellidae,/home/tahiti/MARINE_DATASETS/FathomNet_FGVC2025/data/rois/8182_22147.png,/home/tahiti/MARINE_DATASETS/FathomNet_FGVC2025/data/images/8182.png,e8f60170ada210e4f0be8f4b6a42db8b7238e3a1f8c1a4e26f4ef442d0c95c2b,d6c98de4adbb0643e388b3d1a2691fd8f585b3feeee7632eb544697cf6e209a8,8182,6,train
22148,8182,75,Terebellidae,/home/tahiti/MARINE_DATASETS/FathomNet_FGVC2025/data/rois/8182_22148.png,/home/tahiti/MARINE_DATASETS/FathomNet_FGVC2025/data/images/8182.png,0df608454820ecebd401d697d137f27a8966e839007c93715bcd4c8e1c4b8bf3,d6c98de4adbb0643e388b3d1a2691fd8f585b3feeee7632eb544697cf6e209a8,8182,6,train
22166,8191,2,Acanthascinae,/home/tahiti/MARINE_DATASETS/FathomNet_FGVC2025/data/rois/8191_22166.png,/home/tahiti/MARINE_DATASETS/FathomNet_FGVC2025/data/images/8191.png,ae1ace8c46b2c20c62570365d14731abc3d8f2518e25f1eacfb9e6d6e4c1373a,3a6b28b5b9716220c9c345240b0d1a10d8330db4ce9740e2d7ff4c5bfbb5fbd6,8191,2,train
22168,8193,61,Psathyrometra fragilis,/home/tahiti/MARINE_DATASETS/FathomNet_FGVC2025/data/rois/8193_22168.png,/home/tahiti/MARINE_DATASETS/FathomNet_FGVC2025/data/images/8193.png,fe21bf109adb0a9c7f6c9e8473d42227dc4ca6bee450413e023b404dd5b56a54,f3c0e61de333baee8c9d890ae16abc4061bb5e49efb439754e08e265f5dfaeff,8193,4,train
22196,8209,13,Brisingida,/home/tahiti/MARINE_DATASETS/FathomNet_FGVC2025/data/rois/8209_22196.png,/home/tahiti/MARINE_DATASETS/FathomNet_FGVC2025/data/images/8209.png,b1453c1d5b9dbfda991c05b06728eff26c69bc052a0563a4c7b886d2c3079e22,bf72790b4ad78ff7c0cea1a184b0b2bc570535470f27cc9f1da375eb12ecf2e2,8209,4,train
22206,8217,20,Delectopecten,/home/tahiti/MARINE_DATASETS/FathomNet_FGVC2025/data/rois/8217_22206.png,/home/tahiti/MARINE_DATASETS/FathomNet_FGVC2025/data/images/8217.png,7d7af603892da8f180f6e1537c8a0654929fb9f244aaf11d044d0f481162353c,e38989e0d870b4064f7a80d040af90de07ff3db3812c2088e8349b16e5afd391,8217,2,train
22212,8217,20,Delectopecten,/home/tahiti/MARINE_DATASETS/FathomNet_FGVC2025/data/rois/8217_22212.png,/home/tahiti/MARINE_DATASETS/FathomNet_FGVC2025/data/images/8217.png,b2dc89a2a41187553d9d1e5fd1e42b6206c44a51619cb0e6f6aa4e056dcbdce6,e38989e0d870b4064f7a80d040af90de07ff3db3812c2088e8349b16e5afd391,8217,2,train
22223,8222,1,Abyssocucumis abyssorum,/home/tahiti/MARINE_DATASETS/FathomNet_FGVC2025/data/rois/8222_22223.png,/home/tahiti/MARINE_DATASETS/FathomNet_FGVC2025/data/images/8222.png,dc3596ab49a56139b18e47fd2ef5b2cef7d1992c0bcf546677e58cdc84cf4896,e3a23a4628d70186f355787f435d7b18edb67217a774fbb1aadf01d0b2023f46,8222,6,train
22237,8234,2,Acanthascinae,/home/tahiti/MARINE_DATASETS/FathomNet_FGVC2025/data/rois/8234_22237.png,/home/tahiti/MARINE_DATASETS/FathomNet_FGVC2025/data/images/8234.png,567d45ab4ff29ef67854ff28e1624c47a7655ac46694f972f3b0ccc696219649,5eda58b340993bf156767dd2ae7dc6aec2b4ba2636ae713ed04ae0382a446d97,8234,0,train
22258,8243,13,Brisingida,/home/tahiti/MARINE_DATASETS/FathomNet_FGVC2025/data/rois/8243_22258.png,/home/tahiti/MARINE_DATASETS/FathomNet_FGVC2025/data/images/8243.png,6620cbeec458aa69849fcb13426d553cb22b33433e70f3a7667ad701d6e98181,d991a5d2890ad696c01349751cfc5d25feb62a27c84bfd1baf3584bf80522f1a,8243,6,train
22278,8257,1,Abyssocucumis abyssorum,/home/tahiti/MARINE_DATASETS/FathomNet_FGVC2025/data/rois/8257_22278.png,/home/tahiti/MARINE_DATASETS/FathomNet_FGVC2025/data/images/8257.png,1054656105bb153db4a35646fcfe870d3d1de9a2a7adedac2f3849037906f4e8,f50a4d95f7f987038f736186109e8861123d1c97e6df6417f081c4e729c9d7de,8257,2,train
22292,8266,61,Psathyrometra fragilis,/home/tahiti/MARINE_DATASETS/FathomNet_FGVC2025/data/rois/8266_22292.png,/home/tahiti/MARINE_DATASETS/FathomNet_FGVC2025/data/images/8266.png,f697546a3b4dc038e453c35210e8db2fa86e5303aa0df730bcb77d52248a65c2,a29737ea4b46696b67131bfaf94d782028eac905d0e972cd59c3c75db6048076,8266,1,train
22295,8267,2,Acanthascinae,/home/tahiti/MARINE_DATASETS/FathomNet_FGVC2025/data/rois/8267_22295.png,/home/tahiti/MARINE_DATASETS/FathomNet_FGVC2025/data/images/8267.png,ea4fd7b30dd90895e89d28ef4f661b712e8c3dc1b67fdda89ae40890b1e0d39a,9ec49dca4916791e983e2cc603a0531b6f48490511dca64ac59e526a5c6d15f6,8267,6,train
22305,8272,39,Lithodidae,/home/tahiti/MARINE_DATASETS/FathomNet_FGVC2025/data/rois/8272_22305.png,/home/tahiti/MARINE_DATASETS/FathomNet_FGVC2025/data/images/8272.png,0bc25c1574b723433ee4b6897df625e68f9ea7db42365cb87ce446a3560ce3ed,5679d67ff62823bf68bc0c1cd4958bd00b03c2def32b321411da4e05de1576ee,8272,4,train
22345,8289,46,Mycale,/home/tahiti/MARINE_DATASETS/FathomNet_FGVC2025/data/rois/8289_22345.png,/home/tahiti/MARINE_DATASETS/FathomNet_FGVC2025/data/images/8289.png,3d017dc31dec69d56222b220e562dac3a37bf3fd99f35d68727b10e568485bcf,d33e899d0055aa701cffe8dfe6a629be5539a4313b3c40bfe1343aa1dc53bcb4,8289,1,train
22365,8304,75,Terebellidae,/home/tahiti/MARINE_DATASETS/FathomNet_FGVC2025/data/rois/8304_22365.png,/home/tahiti/MARINE_DATASETS/FathomNet_FGVC2025/data/images/8304.png,70d417d1a37c10ad2606d2dd359d407fd971baddc34f04bfacde36dcdecb944e,304796a81d1ae97212e7e7f7eb256136adbec66ac35861b74e7176a346296fbf,8304,6,train
22384,8315,46,Mycale,/home/tahiti/MARINE_DATASETS/FathomNet_FGVC2025/data/rois/8315_22384.png,/home/tahiti/MARINE_DATASETS/FathomNet_FGVC2025/data/images/8315.png,3543f031f4ffeff4479b7146684f46574b0eca12e666eaa5088d3a09060007cc,2d5ab7155bf336b5cca8c6fe9aa79cca7a98049eb65579d4bc17011df32cdde1,8315,6,train
22417,8331,61,Psathyrometra fragilis,/home/tahiti/MARINE_DATASETS/FathomNet_FGVC2025/data/rois/8331_22417.png,/home/tahiti/MARINE_DATASETS/FathomNet_FGVC2025/data/images/8331.png,9a25c68219efc30fbc1781dd06d46cfa4692b4cb1a855c84753aad0436da7f7c,caea2548a809aaf90523ca84c7c723751f5a58669554f4454af2c0b630a698dd,8331,0,train
22423,8332,20,Delectopecten,/home/tahiti/MARINE_DATASETS/FathomNet_FGVC2025/data/rois/8332_22423.png,/home/tahiti/MARINE_DATASETS/FathomNet_FGVC2025/data/images/8332.png,cac909066401407a3092d29ee80626ed0c94227d6dabb0a15ed3ca7afba11486,09df6ea1eb7de1966ea46c4aa999119c7662ccb3e06c987b053d5c4b5f27b6f8,8332,4,train
22442,8335,6,Actinopterygii,/home/tahiti/MARINE_DATASETS/FathomNet_FGVC2025/data/rois/8335_22442.png,/home/tahiti/MARINE_DATASETS/FathomNet_FGVC2025/data/images/8335.png,b69c178057f3827fe2f57e09e343f6e941535b014d7f89cf7e90fdbd3eb720c2,2cf3737600f1c233966c74a52cb66a096257f44a19b9cbb2e80c6b1a3d2c9b85,8335,6,train
22446,8338,59,Pennatula phosphorea,/home/tahiti/MARINE_DATASETS/FathomNet_FGVC2025/data/rois/8338_22446.png,/home/tahiti/MARINE_DATASETS/FathomNet_FGVC2025/data/images/8338.png,32242801da7a51071218d26896e3b342fc0b865f6454e8b2655341226889644a,f8ea82c3a510a83b9df363850ae93b0d14bdce0480a2a0d4820a3266860a569a,8338,2,train
22455,8346,39,Lithodidae,/home/tahiti/MARINE_DATASETS/FathomNet_FGVC2025/data/rois/8346_22455.png,/home/tahiti/MARINE_DATASETS/FathomNet_FGVC2025/data/images/8346.png,e7ba7778c7d218c943f34d424cc3c3dd4d39642d99bf396a0c9cf474ed33f34e,da5ea04e224c481d1fa238f66f514b37fd6649195c92b8cc9bdbdc9dd7f79568,8346,4,train
22464,8351,13,Brisingida,/home/tahiti/MARINE_DATASETS/FathomNet_FGVC2025/data/rois/8351_22464.png,/home/tahiti/MARINE_DATASETS/FathomNet_FGVC2025/data/images/8351.png,440a1577f6f9af85748bf02365eb6b1d132b9d47f8e968e7c5c08f1e18843595,fba2f3dfb971f5f4f4e492661b75a4cf41c32d8a8e28a17ed1aae3d805fa0204,8351,0,train
22483,8360,3,Acanthoptilum,/home/tahiti/MARINE_DATASETS/FathomNet_FGVC2025/data/rois/8360_22483.png,/home/tahiti/MARINE_DATASETS/FathomNet_FGVC2025/data/images/8360.png,4553b03278d58115024ed05203d4faf76a67b1fad17383aaa4658be313813ff5,4cbab9beeff53896cdccdbfc8ec84b864cf6021065111846d6b57173b7f2b385,8360,1,train
22486,8361,40,Mediaster aequalis,/home/tahiti/MARINE_DATASETS/FathomNet_FGVC2025/data/rois/8361_22486.png,/home/tahiti/MARINE_DATASETS/FathomNet_FGVC2025/data/images/8361.png,ae2d2876d16b7e595cfc063bc38d51fde32e3eaa9540818b7ced5b117088dd93,8535c92e3b2b4e7b97f10d73a967394d70d058920b75d4ee9de78c8cbc146aa1,8361,0,train
22502,8369,13,Brisingida,/home/tahiti/MARINE_DATASETS/FathomNet_FGVC2025/data/rois/8369_22502.png,/home/tahiti/MARINE_DATASETS/FathomNet_FGVC2025/data/images/8369.png,031df41155e8349e8993394c909f1e54dd49f5033553b40eae123368116f5c61,b78039ae7851b33eb5555e61bd741e56c57ed741406be2ab8771d150517bcbcc,8369,0,train
22509,8371,27,Heterocarpus,/home/tahiti/MARINE_DATASETS/FathomNet_FGVC2025/data/rois/8371_22509.png,/home/tahiti/MARINE_DATASETS/FathomNet_FGVC2025/data/images/8371.png,33055e1139716f4d3b15b6480cc65278cfe6b8c089565ca9ffcd3770d0bc7cea,e13f96291757951fdc7b0279150d2cfb5273a692167283c6391c187428de2a26,8371,6,train
22520,8381,3,Acanthoptilum,/home/tahiti/MARINE_DATASETS/FathomNet_FGVC2025/data/rois/8381_22520.png,/home/tahiti/MARINE_DATASETS/FathomNet_FGVC2025/data/images/8381.png,80c7284574a769c448497abff17c1c48d75e4cf54f68da896607c6090bcd2254,9a2d4d62d9d662aa6d82070d99e850600a7da445bb18678a0864afc899a04c69,8381,1,train
22542,8388,39,Lithodidae,/home/tahiti/MARINE_DATASETS/FathomNet_FGVC2025/data/rois/8388_22542.png,/home/tahiti/MARINE_DATASETS/FathomNet_FGVC2025/data/images/8388.png,5c8f9a356993d1642a595badeb5373369a32525c766bdfda5079c2227d37f13c,a70a79fb27883213aaf8be9c44fc17c6c0daf89087fd466a793e4765434ad2de,8388,4,train
22564,8401,46,Mycale,/home/tahiti/MARINE_DATASETS/FathomNet_FGVC2025/data/rois/8401_22564.png,/home/tahiti/MARINE_DATASETS/FathomNet_FGVC2025/data/images/8401.png,66c3501cda6898e33a85eb100e9dfaba0fdc3d59e23bc70b3e025a20395d738b,e15d2d21ed72497c7a2ba73996bdf9abe4506878cf137bb03501ed796c36d94c,8401,1,train
22568,8405,27,Heterocarpus,/home/tahiti/MARINE_DATASETS/FathomNet_FGVC2025/data/rois/8405_22568.png,/home/tahiti/MARINE_DATASETS/FathomNet_FGVC2025/data/images/8405.png,9399cc5cbc5e81a67f56ce3fbf86cdc64c6a0143e328c2363bd1b83911ee24cb,0011154de8ccf05f91ff82ce8a40182804afa1af805016ce3f6e4c4cdb3123c8,8405,0,train
22570,8407,8,Apostichopus leukothele,/home/tahiti/MARINE_DATASETS/FathomNet_FGVC2025/data/rois/8407_22570.png,/home/tahiti/MARINE_DATASETS/FathomNet_FGVC2025/data/images/8407.png,59dcbe708c7dcb281e0a7cacc2b3cdeabfa5e232e212fa9e6a622ccf788a6687,54a873cddf8369b161c3e08d52889a37d831652433482be0ba84d900f8eb6787,8407,6,train
22573,8410,13,Brisingida,/home/tahiti/MARINE_DATASETS/FathomNet_FGVC2025/data/rois/8410_22573.png,/home/tahiti/MARINE_DATASETS/FathomNet_FGVC2025/data/images/8410.png,a938502b89cfa2f932fd41879ff6dc1f1be4c7db4620af8d4aa68319a07adbc6,ff8d8b9699d49c9252e29c4550da37299b865dc653cb0542c63d48fdc60c2a47,8410,1,train
22595,8423,6,Actinopterygii,/home/tahiti/MARINE_DATASETS/FathomNet_FGVC2025/data/rois/8423_22595.png,/home/tahiti/MARINE_DATASETS/FathomNet_FGVC2025/data/images/8423.png,94b49ac5abc1bd06623d5133270c43e8a8ed26f7b19bfb992380af882c732d64,1c01a56a84f00bb7034827ff65188563b290001078b2e89f53817fea6eedddcc,8423,2,train
22624,8432,39,Lithodidae,/home/tahiti/MARINE_DATASETS/FathomNet_FGVC2025/data/rois/8432_22624.png,/home/tahiti/MARINE_DATASETS/FathomNet_FGVC2025/data/images/8432.png,4f9993640c0fdb51fe8d34ce6dd25d887ac39e7a7e0667d8fc94274f3a9e8b9f,74f951fccd68fc30b8ef77e680726e055906839e9d3f61ae12defd4baf86a361,8432,2,train
22630,8436,46,Mycale,/home/tahiti/MARINE_DATASETS/FathomNet_FGVC2025/data/rois/8436_22630.png,/home/tahiti/MARINE_DATASETS/FathomNet_FGVC2025/data/images/8436.png,f98dfeb74c6095268e64512b4daf787bf8aad56541c4d5efc8d5241a99d2f200,a8a962915055ef4cd833fd419b7aadf1b205b7a8dd5caad56bfc6dbd1322a344,8436,4,train
22631,8436,46,Mycale,/home/tahiti/MARINE_DATASETS/FathomNet_FGVC2025/data/rois/8436_22631.png,/home/tahiti/MARINE_DATASETS/FathomNet_FGVC2025/data/images/8436.png,2f3bd3fcff69aab3a93b396f6ba2eedb2191212fd60853b8b1296ed6b0203abd,a8a962915055ef4cd833fd419b7aadf1b205b7a8dd5caad56bfc6dbd1322a344,8436,4,train
22635,8439,8,Apostichopus leukothele,/home/tahiti/MARINE_DATASETS/FathomNet_FGVC2025/data/rois/8439_22635.png,/home/tahiti/MARINE_DATASETS/FathomNet_FGVC2025/data/images/8439.png,629fed6a62e4894ac0230c1cb4afedffa25392a859808cc5b8e7b61044222e05,afc692e58d615fb1e144aebb5f279a36bd32661024a21ac5a766f42ddb56a750,8439,2,train
22645,8444,61,Psathyrometra fragilis,/home/tahiti/MARINE_DATASETS/FathomNet_FGVC2025/data/rois/8444_22645.png,/home/tahiti/MARINE_DATASETS/FathomNet_FGVC2025/data/images/8444.png,b1ed81bc5ba99d249c8e0797da7da234c98dd5b90c221fe9742227b7ddb70221,c1d659603270e5b620d65a7aa60039e9ec676c494947608bb4e48daf2eb70c6d,8444,0,train
22652,8447,27,Heterocarpus,/home/tahiti/MARINE_DATASETS/FathomNet_FGVC2025/data/rois/8447_22652.png,/home/tahiti/MARINE_DATASETS/FathomNet_FGVC2025/data/images/8447.png,0f20be9099932ca54f2bf36393867a102eba1051d75cc929d3a6990123cb754c,bb0c78072de5212fced27ed81982eb9b14717d953d3e32e051d801505b32df6e,8447,1,train
22663,8452,39,Lithodidae,/home/tahiti/MARINE_DATASETS/FathomNet_FGVC2025/data/rois/8452_22663.png,/home/tahiti/MARINE_DATASETS/FathomNet_FGVC2025/data/images/8452.png,a355cfaebd2c6c7e4c2093feee6629e4d1c497521b2da208c464fe1c827f3572,5a90323d9d0d487d0612c1e30b823e1fb0d719485a216332147a06f6c5cf412b,8452,6,train
22666,8455,39,Lithodidae,/home/tahiti/MARINE_DATASETS/FathomNet_FGVC2025/data/rois/8455_22666.png,/home/tahiti/MARINE_DATASETS/FathomNet_FGVC2025/data/images/8455.png,aaa7390b8185887fe6d31a5624d4d72f1a74b30d0d19443055a34d344e581125,d6966fd32eef27a4edadc6d3c860b2cc8874ab8245823e5e2ca58e39c62f3b8e,8455,0,train
22690,8463,40,Mediaster aequalis,/home/tahiti/MARINE_DATASETS/FathomNet_FGVC2025/data/rois/8463_22690.png,/home/tahiti/MARINE_DATASETS/FathomNet_FGVC2025/data/images/8463.png,bcd1e4ed12e4cbc025bcd79d00c9a99936cec20429cc6455926521b7985b8fe7,b1fa76cd8a1372733f8235b091b3967cc24843c7dfc0110c9ba6267247cb8e88,8463,2,train
22720,8485,6,Actinopterygii,/home/tahiti/MARINE_DATASETS/FathomNet_FGVC2025/data/rois/8485_22720.png,/home/tahiti/MARINE_DATASETS/FathomNet_FGVC2025/data/images/8485.png,7f40de59c13c21ccbd59b8c29a744b8e0883ee51500dff06f32f86bdb7667ea9,ddf227c1e937d2307b643cd5364a9490136dac08f87beb32ee13a0f9a0317fff,8485,4,train
22731,8494,70,Sebastes diploproa,/home/tahiti/MARINE_DATASETS/FathomNet_FGVC2025/data/rois/8494_22731.png,/home/tahiti/MARINE_DATASETS/FathomNet_FGVC2025/data/images/8494.png,4b651d7cc0fdbcd1dc8e82bbb6221487068c02960f0bfaae1ffa02e34a741dbc,95e4bc31c780db2f4c4cf5734b81214be290c56a9366a6f36d47868362d79d20,8494,0,train
22748,8507,13,Brisingida,/home/tahiti/MARINE_DATASETS/FathomNet_FGVC2025/data/rois/8507_22748.png,/home/tahiti/MARINE_DATASETS/FathomNet_FGVC2025/data/images/8507.png,6e04599a530c07e061febc5ba3e6131d2f661525ce0418e708e4623f77d0cab4,134e65fb6ff034cc6066d4f564d1ed8c73d8033906fe5bdc3983a8080a83584b,8507,0,train
22749,8508,40,Mediaster aequalis,/home/tahiti/MARINE_DATASETS/FathomNet_FGVC2025/data/rois/8508_22749.png,/home/tahiti/MARINE_DATASETS/FathomNet_FGVC2025/data/images/8508.png,ee3415d55365b91f20c82ae7ec7991aac4242c1d1c7c698bfc739342b4eddac2,b9e9c7096e3d6a5db7066891a7f9a2f68a3164bf93ab26fab4313e696ad548a7,8508,2,train
22752,8508,40,Mediaster aequalis,/home/tahiti/MARINE_DATASETS/FathomNet_FGVC2025/data/rois/8508_22752.png,/home/tahiti/MARINE_DATASETS/FathomNet_FGVC2025/data/images/8508.png,907e8f09fb77b35a6fe8b42290ca5290358928dfc02a07a695707e18e44e7716,b9e9c7096e3d6a5db7066891a7f9a2f68a3164bf93ab26fab4313e696ad548a7,8508,2,train
22755,8510,8,Apostichopus leukothele,/home/tahiti/MARINE_DATASETS/FathomNet_FGVC2025/data/rois/8510_22755.png,/home/tahiti/MARINE_DATASETS/FathomNet_FGVC2025/data/images/8510.png,c8edff7307f72484d7f001fa2cb605118b86d153d3cc47803e8a851d23d9a6c5,e8b0bb9d00b775fa38c283ab291514ccdcdc29d00f7f84f01c211c4825fed015,8510,0,train
22768,8515,6,Actinopterygii,/home/tahiti/MARINE_DATASETS/FathomNet_FGVC2025/data/rois/8515_22768.png,/home/tahiti/MARINE_DATASETS/FathomNet_FGVC2025/data/images/8515.png,a4382a189738402fd913066e226efeb039792ffa2a6d698f39a96226a9cfb928,3310f2296c04d401377ca9dc8c991586e9ed533dfd4670976a63702a4c767518,8515,4,train
22779,8521,46,Mycale,/home/tahiti/MARINE_DATASETS/FathomNet_FGVC2025/data/rois/8521_22779.png,/home/tahiti/MARINE_DATASETS/FathomNet_FGVC2025/data/images/8521.png,f2828bae52096d06f7375744373c46bf13c1bc022fa3ad3baf6ccfd8fa6d9cba,147dc899651c0c523a8a4544dd9670db95c6d6d1c9c5780bed3e74b7d7711148,8521,1,train
22808,8543,70,Sebastes diploproa,/home/tahiti/MARINE_DATASETS/FathomNet_FGVC2025/data/rois/8543_22808.png,/home/tahiti/MARINE_DATASETS/FathomNet_FGVC2025/data/images/8543.png,cc1d617c49efe775c53aeb10eb6fbe9f13eadf7731c0bcbfcd3c2e19ce0aedce,139da6628d362afc235a6adde8f6519405fb96e4543d90a325afb0b714e206a8,8543,1,train
22810,8544,27,Heterocarpus,/home/tahiti/MARINE_DATASETS/FathomNet_FGVC2025/data/rois/8544_22810.png,/home/tahiti/MARINE_DATASETS/FathomNet_FGVC2025/data/images/8544.png,f4ae83e9acd28fdd4cf9ee4ae7cd7aea5ec4605eb7b56f641a98420d559a195e,771489ca4740e0c920dbaa4677d47d3ecaf3c84ca5580cc6ec04c42c0376269b,8544,1,train
22818,8546,40,Mediaster aequalis,/home/tahiti/MARINE_DATASETS/FathomNet_FGVC2025/data/rois/8546_22818.png,/home/tahiti/MARINE_DATASETS/FathomNet_FGVC2025/data/images/8546.png,025a4bd96c790e091b65cdcda7a1b96c5d0dac59308e998801bb76c83248f26b,d64200d0206e5afa05e97b307cc54bb9937ef61550a6fcfdaa20fbd5dff9fa90,8546,2,train
22824,8549,40,Mediaster aequalis,/home/tahiti/MARINE_DATASETS/FathomNet_FGVC2025/data/rois/8549_22824.png,/home/tahiti/MARINE_DATASETS/FathomNet_FGVC2025/data/images/8549.png,f2f44f17f90d2fe29cd2d6ccb6293125b0e6214d01b7651df78cfa5669635961,8c0af5eef2be9f968dd69e288f36cd5e729ebc32f0693b54be30047290ffb81f,8549,6,train
22830,8551,13,Brisingida,/home/tahiti/MARINE_DATASETS/FathomNet_FGVC2025/data/rois/8551_22830.png,/home/tahiti/MARINE_DATASETS/FathomNet_FGVC2025/data/images/8551.png,bb5e2474b2ac75695f93f02bee4009a06bb9c3cf1d97358b0dc949c9c5278411,dbd659d500b71dc2dbbeda73e8a75b3eb6a49ed5d6c7f7450a413ed40cc84fff,8551,6,train
22839,8557,20,Delectopecten,/home/tahiti/MARINE_DATASETS/FathomNet_FGVC2025/data/rois/8557_22839.png,/home/tahiti/MARINE_DATASETS/FathomNet_FGVC2025/data/images/8557.png,b4ff96338743a7432fbd94634cc80212c82edc8f3fe67138ca14c5bac67ae051,f42959653d2c9fd4e326883dd83106ea53d8df30f12341bbf85a498a46598bba,8557,1,train
22849,8565,13,Brisingida,/home/tahiti/MARINE_DATASETS/FathomNet_FGVC2025/data/rois/8565_22849.png,/home/tahiti/MARINE_DATASETS/FathomNet_FGVC2025/data/images/8565.png,42247f29e278d19d8552351a826d0adc2092f709f41ec8f720ecb713943f8531,5fbbf123196eb716b43c98591c348a242f65f124aa3ecf56c23b3fc7ceee0e7c,8565,1,train
22863,8577,48,Ophiacanthidae,/home/tahiti/MARINE_DATASETS/FathomNet_FGVC2025/data/rois/8577_22863.png,/home/tahiti/MARINE_DATASETS/FathomNet_FGVC2025/data/images/8577.png,0f7daff365700ca4635dc2baa9505b472ff49328f8c98a19f471b254fd9f4cdb,dee2aa4df2cc40f5eae08d6f8da7800143f1325251bd7ccf048508fb72a0c95a,8577,6,train
22881,8588,70,Sebastes diploproa,/home/tahiti/MARINE_DATASETS/FathomNet_FGVC2025/data/rois/8588_22881.png,/home/tahiti/MARINE_DATASETS/FathomNet_FGVC2025/data/images/8588.png,ba441a45fc93fa7ee5a116a9da995dc8dca46633a05284d18797634ff0101519,ecc114ef135022dfb95fc1e50075b36a4fdffaebab6d0098e182fe72a608b0d0,8588,0,train
22885,8588,70,Sebastes diploproa,/home/tahiti/MARINE_DATASETS/FathomNet_FGVC2025/data/rois/8588_22885.png,/home/tahiti/MARINE_DATASETS/FathomNet_FGVC2025/data/images/8588.png,6724ce60c3bdd7079fd7485dbe77d44948647c4cfbb7b02008ba25bdd779d71c,ecc114ef135022dfb95fc1e50075b36a4fdffaebab6d0098e182fe72a608b0d0,8588,0,train
22900,8597,70,Sebastes diploproa,/home/tahiti/MARINE_DATASETS/FathomNet_FGVC2025/data/rois/8597_22900.png,/home/tahiti/MARINE_DATASETS/FathomNet_FGVC2025/data/images/8597.png,c214e1bc0ad5d929d9100f5ef554318c068e5f603b0e56d32a967b55b28d1c7f,98fa428d0d41c0a7fb3c05ec58d955b6dbe782ce5958de0ee2c0f39e2c77593e,8597,2,train
22926,8615,46,Mycale,/home/tahiti/MARINE_DATASETS/FathomNet_FGVC2025/data/rois/8615_22926.png,/home/tahiti/MARINE_DATASETS/FathomNet_FGVC2025/data/images/8615.png,68bc3fbfd5d8107d4fb1cbb6ae5c3431f378c1c963d4e3ec11148f6629963acb,f2da6168c7bf9eb5789cbed8f0bc7055012b16ce49e89803952e881223b0612d,8615,1,train
22957,8633,70,Sebastes diploproa,/home/tahiti/MARINE_DATASETS/FathomNet_FGVC2025/data/rois/8633_22957.png,/home/tahiti/MARINE_DATASETS/FathomNet_FGVC2025/data/images/8633.png,24679264af976a2a3b549332f3fb2e83173836afc96f2d980e0cade52b823b08,b9dd8bdc2c2b61105e33bd4103684aadb46bffb4819ae7fc5b920c7d360e77b2,8633,1,train
22968,8636,70,Sebastes diploproa,/home/tahiti/MARINE_DATASETS/FathomNet_FGVC2025/data/rois/8636_22968.png,/home/tahiti/MARINE_DATASETS/FathomNet_FGVC2025/data/images/8636.png,5eac10041807ffe53eaf6de7dba29ff823d26052da60859e47bf33aff441cc0c,cf51729bf299b0decd09efe9f2de9b694933bee61ebfee5671b21b69aac8035c,8636,1,train
22990,8648,59,Pennatula phosphorea,/home/tahiti/MARINE_DATASETS/FathomNet_FGVC2025/data/rois/8648_22990.png,/home/tahiti/MARINE_DATASETS/FathomNet_FGVC2025/data/images/8648.png,5cdb33438fb766a9b2ca57cba34bf26516fa79913b24cad59bb8b486eef42611,d21809619e9b3eafb3bb09546d2cef16df3da54e3ce36e4d580646fda536fbff,8648,2,train
23021,8662,6,Actinopterygii,/home/tahiti/MARINE_DATASETS/FathomNet_FGVC2025/data/rois/8662_23021.png,/home/tahiti/MARINE_DATASETS/FathomNet_FGVC2025/data/images/8662.png,818dbd56be621cb055be28928eaa447d6e96930a0cf0cda02a52b586a23cf308,9468a93e5cb68d863a8c76d4f75e14b62564f0706cd2433809c79f2db89630e2,8662,2,train
23022,8663,40,Mediaster aequalis,/home/tahiti/MARINE_DATASETS/FathomNet_FGVC2025/data/rois/8663_23022.png,/home/tahiti/MARINE_DATASETS/FathomNet_FGVC2025/data/images/8663.png,3973e8dbaf79f5273020585b25ac0d3bbb30173666db40b6a875cd82a8e30c5f,611e484771d7bf8db37ed4e82fb95cbae60947c243b14e0fb26364a50861e951,8663,1,train
23040,8673,70,Sebastes diploproa,/home/tahiti/MARINE_DATASETS/FathomNet_FGVC2025/data/rois/8673_23040.png,/home/tahiti/MARINE_DATASETS/FathomNet_FGVC2025/data/images/8673.png,bf3bc0a512c267df4ed4a5b04f1623dc449742c5d6fbe513476d6600e5a8f467,ef87aa0e6cb2cce761ee11588c9aae15eb32f80b357069ed6f9ddefa1871233e,8673,2,train
23041,8673,70,Sebastes diploproa,/home/tahiti/MARINE_DATASETS/FathomNet_FGVC2025/data/rois/8673_23041.png,/home/tahiti/MARINE_DATASETS/FathomNet_FGVC2025/data/images/8673.png,7c084bfcb30224001e4fb2ee94acffca4409c012f9c817683d0484d6484d7fff,ef87aa0e6cb2cce761ee11588c9aae15eb32f80b357069ed6f9ddefa1871233e,8673,2,train
23046,8677,46,Mycale,/home/tahiti/MARINE_DATASETS/FathomNet_FGVC2025/data/rois/8677_23046.png,/home/tahiti/MARINE_DATASETS/FathomNet_FGVC2025/data/images/8677.png,f7b684443026b5dfbfc2d101da69b60e4dbc1eae5faad88c7f9bf9ac548afb23,4f12c6ce8859506acfa8b2f7e7edcb908de808ea1153a83cbe0b4571abe456d0,8677,1,train
23050,8679,46,Mycale,/home/tahiti/MARINE_DATASETS/FathomNet_FGVC2025/data/rois/8679_23050.png,/home/tahiti/MARINE_DATASETS/FathomNet_FGVC2025/data/images/8679.png,a424565e4ca637c1cc048ed2d69cca951b6c8cef9561ffd51ea453c93ca4eea0,8ea3c73ae1540a998539b5ddc4ab6830f40747a0aad8fe15a9b976ccfcc26449,8679,0,train
23055,8682,59,Pennatula phosphorea,/home/tahiti/MARINE_DATASETS/FathomNet_FGVC2025/data/rois/8682_23055.png,/home/tahiti/MARINE_DATASETS/FathomNet_FGVC2025/data/images/8682.png,0d4efc4b0fdbc930ab5ed374835a7e075631b0d7859a56720d1cbf20efd23af1,7374dcfebdc100ae8957121fe33457cba6ae7342b2b12758578b9f5d5258e426,8682,2,train
23081,8697,59,Pennatula phosphorea,/home/tahiti/MARINE_DATASETS/FathomNet_FGVC2025/data/rois/8697_23081.png,/home/tahiti/MARINE_DATASETS/FathomNet_FGVC2025/data/images/8697.png,e419d5e3449bb732c32ecc2ef69eafbdf55a4fa90461ab321315a02c3303ba3e,fbbfa893dd2b6d08c45e264b78cee42fabf4f9b6597f0ce82fa332936bc2cd26,8697,0,train
23085,8699,48,Ophiacanthidae,/home/tahiti/MARINE_DATASETS/FathomNet_FGVC2025/data/rois/8699_23085.png,/home/tahiti/MARINE_DATASETS/FathomNet_FGVC2025/data/images/8699.png,a71d1891d3915af4cc83999a710ef0198eb2c6bb1d9971127bd222692328f289,43e24019150777ffa3ad729dd4d473b487064a4cfae1aeb07c410e2d8009cb18,8699,2,train
23086,8700,3,Acanthoptilum,/home/tahiti/MARINE_DATASETS/FathomNet_FGVC2025/data/rois/8700_23086.png,/home/tahiti/MARINE_DATASETS/FathomNet_FGVC2025/data/images/8700.png,69ee6bba534cedcf95dfb46cd3cde9814931c3fd03e95a8fdc14948ba3952104,2fa68ac0fd3162cfab9af82309d138568b1282b087cbe61df602374869a24406,8700,1,train
23092,8705,46,Mycale,/home/tahiti/MARINE_DATASETS/FathomNet_FGVC2025/data/rois/8705_23092.png,/home/tahiti/MARINE_DATASETS/FathomNet_FGVC2025/data/images/8705.png,f7800d59f6f41ec9fb17de3f37434b6e7fc4d55cff172ac51ad2eed896b1c613,1d478a6159ab66f4ffce2a0788ba596f57bea54b24bf844beae7bb81b8a22ed9,8705,4,train
23112,8717,3,Acanthoptilum,/home/tahiti/MARINE_DATASETS/FathomNet_FGVC2025/data/rois/8717_23112.png,/home/tahiti/MARINE_DATASETS/FathomNet_FGVC2025/data/images/8717.png,55e7731aa5abaafb9488955bfc05c313651d97173c9792773c052e8ea7f2caf7,bf78aa702b08141a9df9ff1b7dd63ff96583cb11e7b13406da3803e260012e5a,8717,1,train
23114,8717,3,Acanthoptilum,/home/tahiti/MARINE_DATASETS/FathomNet_FGVC2025/data/rois/8717_23114.png,/home/tahiti/MARINE_DATASETS/FathomNet_FGVC2025/data/images/8717.png,5b741a4de68cf11e9b0bf6978e54b1b879fee139ba0cc669ac42be10d0878eab,bf78aa702b08141a9df9ff1b7dd63ff96583cb11e7b13406da3803e260012e5a,8717,1,train
23133,8724,59,Pennatula phosphorea,/home/tahiti/MARINE_DATASETS/FathomNet_FGVC2025/data/rois/8724_23133.png,/home/tahiti/MARINE_DATASETS/FathomNet_FGVC2025/data/images/8724.png,3507cda7c9e363278327aa6e8ce864c3e96fce220184dc480695bbbbfb6e265a,44008de7192fa591ffb8163d53c530ea2b7169ecd662d64c97e33c51e57eac94,8724,6,train
23150,8730,18,Corallimorphus pilatus,/home/tahiti/MARINE_DATASETS/FathomNet_FGVC2025/data/rois/8730_23150.png,/home/tahiti/MARINE_DATASETS/FathomNet_FGVC2025/data/images/8730.png,8ebae08ff5aa350a2387c1e4003fe8bedd1de5ac9cc3ec7476e018fb5117cb4a,e0e8854eea2cd73175dc53a150e6e90c7af7cfe6b5cbd81915451b49fbc64e06,8730,1,train
23157,8730,18,Corallimorphus pilatus,/home/tahiti/MARINE_DATASETS/FathomNet_FGVC2025/data/rois/8730_23157.png,/home/tahiti/MARINE_DATASETS/FathomNet_FGVC2025/data/images/8730.png,7d00c9a15038a6ace3e6aa3b7a77dd49f08ae355d93d5f4e41c1091c68bb0f92,e0e8854eea2cd73175dc53a150e6e90c7af7cfe6b5cbd81915451b49fbc64e06,8730,1,train
23159,8730,18,Corallimorphus pilatus,/home/tahiti/MARINE_DATASETS/FathomNet_FGVC2025/data/rois/8730_23159.png,/home/tahiti/MARINE_DATASETS/FathomNet_FGVC2025/data/images/8730.png,0bd581f9463703490addf94210366a9e3044cf80e7f62ff1200d293bddd38ac7,e0e8854eea2cd73175dc53a150e6e90c7af7cfe6b5cbd81915451b49fbc64e06,8730,1,train
23163,8734,6,Actinopterygii,/home/tahiti/MARINE_DATASETS/FathomNet_FGVC2025/data/rois/8734_23163.png,/home/tahiti/MARINE_DATASETS/FathomNet_FGVC2025/data/images/8734.png,7ecdf103c9fcd94fb02c14633f78387f00f0711f1d3c5ef4a8e9179cea0cdb04,725529c4b432780b1b652b86cc32c0fd32d024d70a5ece3d099333fb9ea6d966,8734,6,train
23177,8740,18,Corallimorphus pilatus,/home/tahiti/MARINE_DATASETS/FathomNet_FGVC2025/data/rois/8740_23177.png,/home/tahiti/MARINE_DATASETS/FathomNet_FGVC2025/data/images/8740.png,014ba58c7836e0e31a479ad7b7f2dd03a68f32641a18c032174bd378c3c12535,fe295204494fe0458e3f2dc4f767213fc81e0de561d917ba114cbacd4b3d8fe2,8740,1,train
23215,8758,59,Pennatula phosphorea,/home/tahiti/MARINE_DATASETS/FathomNet_FGVC2025/data/rois/8758_23215.png,/home/tahiti/MARINE_DATASETS/FathomNet_FGVC2025/data/images/8758.png,70cc5233844a5c8e8e8db1a9e4f2ba515234dc5522a21941248b52f7fe35d8b0,bc28671b4510f02e358a0253f5d79e073ebaf18386d2f34a6ad8284c9ea36a16,8758,4,train
23216,8758,59,Pennatula phosphorea,/home/tahiti/MARINE_DATASETS/FathomNet_FGVC2025/data/rois/8758_23216.png,/home/tahiti/MARINE_DATASETS/FathomNet_FGVC2025/data/images/8758.png,7b4757acbc8efa78996541b7de757d7d59dc443c87cbc1c9b888b423397d491b,bc28671b4510f02e358a0253f5d79e073ebaf18386d2f34a6ad8284c9ea36a16,8758,4,train
23220,8761,6,Actinopterygii,/home/tahiti/MARINE_DATASETS/FathomNet_FGVC2025/data/rois/8761_23220.png,/home/tahiti/MARINE_DATASETS/FathomNet_FGVC2025/data/images/8761.png,377d7149f06e53506a7f527a8ab3515f6aef5133caef55af19b2a901bf41dc3d,16680b2393e0ad49d29eda5e0dc2b40d98bf1ca92a878d5c09ebb2c6ca06582b,8761,4,train
23230,8770,27,Heterocarpus,/home/tahiti/MARINE_DATASETS/FathomNet_FGVC2025/data/rois/8770_23230.png,/home/tahiti/MARINE_DATASETS/FathomNet_FGVC2025/data/images/8770.png,df24a232c0c188b50d58bb771153ddbb23e5cb82d1405f64784b319ae0a778b4,b292c19359ca1d8633e9dad95ee8e6fa4b77c82c0b8ce1868ab8dda1197a5311,8770,2,train
23238,8773,3,Acanthoptilum,/home/tahiti/MARINE_DATASETS/FathomNet_FGVC2025/data/rois/8773_23238.png,/home/tahiti/MARINE_DATASETS/FathomNet_FGVC2025/data/images/8773.png,33d65e1a4f25836167274efe6eba528f990a69713608a2dc3438e198caa4aabf,4a79e3bf311b37f033722eeb05c4a977ee9b0900783f25fd3970c01276f88605,8773,4,train
23254,8779,40,Mediaster aequalis,/home/tahiti/MARINE_DATASETS/FathomNet_FGVC2025/data/rois/8779_23254.png,/home/tahiti/MARINE_DATASETS/FathomNet_FGVC2025/data/images/8779.png,b384cb260b73ae4d9213f2ab201ddfc41740797cf1bee25eb1d2ff679ca3a882,a93bcc5c1d12999056840c03ab177fcdd854034cee205235969adf6f05c9f3ec,8779,4,train
23282,8796,61,Psathyrometra fragilis,/home/tahiti/MARINE_DATASETS/FathomNet_FGVC2025/data/rois/8796_23282.png,/home/tahiti/MARINE_DATASETS/FathomNet_FGVC2025/data/images/8796.png,b2a9fc98f6321e44614158cf23fcf25433a1abf25d06c4bc65f5cfdd212f1b7a,8ced088789f9313e0a08e53a03e96c4e90d87ba90ca87f7cb5df7c3c1d439d01,8796,0,train
23303,8809,6,Actinopterygii,/home/tahiti/MARINE_DATASETS/FathomNet_FGVC2025/data/rois/8809_23303.png,/home/tahiti/MARINE_DATASETS/FathomNet_FGVC2025/data/images/8809.png,c84b18a15756f0fa876b438553662db50b41145ab695a1073528ca07fca58dfa,844df88087170c55272eb6ad61b2adfa0600003efedf4305a09617da35aec971,8809,2,train
23335,8827,61,Psathyrometra fragilis,/home/tahiti/MARINE_DATASETS/FathomNet_FGVC2025/data/rois/8827_23335.png,/home/tahiti/MARINE_DATASETS/FathomNet_FGVC2025/data/images/8827.png,6348ab5b3a327cdad7f058a6075797038350d115ac6234f332f1887d7d6e029e,dab2ad911b935439f1ec2cebbeb21749e40f294224ce34171a59a9b860f2b54e,8827,1,train
23356,8838,48,Ophiacanthidae,/home/tahiti/MARINE_DATASETS/FathomNet_FGVC2025/data/rois/8838_23356.png,/home/tahiti/MARINE_DATASETS/FathomNet_FGVC2025/data/images/8838.png,9a015078d7500c75df161e2b58ba5b6da7fb9bc5501f23a9088ddaea2374799c,8c6217905e9791f9c14522d756c31356e946ba47103c4f1ebcfca1d1a12d2b76,8838,4,train
23380,8855,3,Acanthoptilum,/home/tahiti/MARINE_DATASETS/FathomNet_FGVC2025/data/rois/8855_23380.png,/home/tahiti/MARINE_DATASETS/FathomNet_FGVC2025/data/images/8855.png,f567427a2527850be736e8d0376c64b2360201c00d74083dad3910645516ba7c,653df4c884c3d22ad11c504ce3a74d5429e14b4b4c099886c0095c03f3931bf9,8855,4,train
23407,8863,18,Corallimorphus pilatus,/home/tahiti/MARINE_DATASETS/FathomNet_FGVC2025/data/rois/8863_23407.png,/home/tahiti/MARINE_DATASETS/FathomNet_FGVC2025/data/images/8863.png,0f4467ea4f8d7ce1577645f8d67a33b1c4de45a7412800bb03e22f22b9c8653a,370f2b863d8ca219a7d8301c9e92bd8b903c4476ef91ed8862ad3233282158f8,8863,4,train
23441,8885,61,Psathyrometra fragilis,/home/tahiti/MARINE_DATASETS/FathomNet_FGVC2025/data/rois/8885_23441.png,/home/tahiti/MARINE_DATASETS/FathomNet_FGVC2025/data/images/8885.png,c90e5e54255d542cd3e2c480bf86e948f6d068598323372ceda816f53d668fbf,33ef94c3f29bc44958bdb0fe8300d4b945500930f4cc17377001d8e813e87d4e,8885,0,train
23442,8885,61,Psathyrometra fragilis,/home/tahiti/MARINE_DATASETS/FathomNet_FGVC2025/data/rois/8885_23442.png,/home/tahiti/MARINE_DATASETS/FathomNet_FGVC2025/data/images/8885.png,c932c4e2cd779bb2876e638392536e674d6d26988df93f48404a0b8355bd1fc5,33ef94c3f29bc44958bdb0fe8300d4b945500930f4cc17377001d8e813e87d4e,8885,0,train
23478,8894,61,Psathyrometra fragilis,/home/tahiti/MARINE_DATASETS/FathomNet_FGVC2025/data/rois/8894_23478.png,/home/tahiti/MARINE_DATASETS/FathomNet_FGVC2025/data/images/8894.png,84fefc2387350d9a7cfbf5cd89dc574f0a1f00ac44dada405685905101c78cb7,842acc83ecbd7c392e5764e54aa617d88742849bebc2092ffb4b65c835b30e17,8894,2,train
23488,8898,59,Pennatula phosphorea,/home/tahiti/MARINE_DATASETS/FathomNet_FGVC2025/data/rois/8898_23488.png,/home/tahiti/MARINE_DATASETS/FathomNet_FGVC2025/data/images/8898.png,695b4939ab8a00fa4516e018945e605fa000e840a40ce586dac11407f405bcf2,dce260c0bb36e11970bfd8701b76f8aa44a6be13998b92cd4af902aa109c3b58,8898,0,train
23495,8898,59,Pennatula phosphorea,/home/tahiti/MARINE_DATASETS/FathomNet_FGVC2025/data/rois/8898_23495.png,/home/tahiti/MARINE_DATASETS/FathomNet_FGVC2025/data/images/8898.png,91a2bc796489a189320b37983e98e161f0dbfd9880542ba4cb1a080f96f7b887,dce260c0bb36e11970bfd8701b76f8aa44a6be13998b92cd4af902aa109c3b58,8898,0,train
23500,8901,18,Corallimorphus pilatus,/home/tahiti/MARINE_DATASETS/FathomNet_FGVC2025/data/rois/8901_23500.png,/home/tahiti/MARINE_DATASETS/FathomNet_FGVC2025/data/images/8901.png,5d4ba0f635a27ae1a86452ae03c51c05e67058b076d17aa50a42a044c6fd6f0a,f3d8339ea2f50d745640c8070debe9f284e4fcd8ac1266048f0c82f253acf6c6,8901,4,train
23515,8907,20,Delectopecten,/home/tahiti/MARINE_DATASETS/FathomNet_FGVC2025/data/rois/8907_23515.png,/home/tahiti/MARINE_DATASETS/FathomNet_FGVC2025/data/images/8907.png,89cfc50d7e6054357c3375c19de3fc3cf44958d6801e48924499faed528185d5,52736153ad6aa70dd12797ef6a24a81566697caf601a6312cadc20ab21c75669,8907,2,train
23518,8907,20,Delectopecten,/home/tahiti/MARINE_DATASETS/FathomNet_FGVC2025/data/rois/8907_23518.png,/home/tahiti/MARINE_DATASETS/FathomNet_FGVC2025/data/images/8907.png,6ee6da8a8b37397a685d3ca1d41f52fad135b5eafd403da15d0cdc2f9b5876b9,52736153ad6aa70dd12797ef6a24a81566697caf601a6312cadc20ab21c75669,8907,2,train
23543,8913,3,Acanthoptilum,/home/tahiti/MARINE_DATASETS/FathomNet_FGVC2025/data/rois/8913_23543.png,/home/tahiti/MARINE_DATASETS/FathomNet_FGVC2025/data/images/8913.png,bf9bc1e54b5e13b5742ba51f2e78d511701cf13452649f18da1ab6389348018f,c2134cfbd80bec13fbdc3284e4ba707ca032b8c1e1a59a7cd1fbf0822ff065c2,8913,6,train
23553,8915,20,Delectopecten,/home/tahiti/MARINE_DATASETS/FathomNet_FGVC2025/data/rois/8915_23553.png,/home/tahiti/MARINE_DATASETS/FathomNet_FGVC2025/data/images/8915.png,2dbe8ea8c064b3cf65c18ba18a4ef3696e45b5b13b0d43b428411a44c405f7c9,91071a440415b13a54f460cdcbdbb425e51970d93769342734e17c6de2842908,8915,0,train
23554,8915,20,Delectopecten,/home/tahiti/MARINE_DATASETS/FathomNet_FGVC2025/data/rois/8915_23554.png,/home/tahiti/MARINE_DATASETS/FathomNet_FGVC2025/data/images/8915.png,5291a3fe325bbdcad90dbc33682eee2ab1cf216a80ab36474ec7811d0223f74f,91071a440415b13a54f460cdcbdbb425e51970d93769342734e17c6de2842908,8915,0,train
23558,8915,20,Delectopecten,/home/tahiti/MARINE_DATASETS/FathomNet_FGVC2025/data/rois/8915_23558.png,/home/tahiti/MARINE_DATASETS/FathomNet_FGVC2025/data/images/8915.png,509a42257a788ae8365bdb904db87b4a4270f197f9fed72fcb68891faf467669,91071a440415b13a54f460cdcbdbb425e51970d93769342734e17c6de2842908,8915,0,train
23576,8924,18,Corallimorphus pilatus,/home/tahiti/MARINE_DATASETS/FathomNet_FGVC2025/data/rois/8924_23576.png,/home/tahiti/MARINE_DATASETS/FathomNet_FGVC2025/data/images/8924.png,0ff68f8e4806f613d68f195b35c3ad00249c386d9c1c41d70b16adece357568c,047ac64dc55f963195ddeb916df1ef27060278931fb760edc2c2ac1dbd1dcf28,8924,0,train
23589,8924,18,Corallimorphus pilatus,/home/tahiti/MARINE_DATASETS/FathomNet_FGVC2025/data/rois/8924_23589.png,/home/tahiti/MARINE_DATASETS/FathomNet_FGVC2025/data/images/8924.png,68f26ec61ada41f0d9c0b8309e8dd33b9eef30dacf99d1d8e374ada8d1c5ddb3,047ac64dc55f963195ddeb916df1ef27060278931fb760edc2c2ac1dbd1dcf28,8924,0,train
23612,8940,3,Acanthoptilum,/home/tahiti/MARINE_DATASETS/FathomNet_FGVC2025/data/rois/8940_23612.png,/home/tahiti/MARINE_DATASETS/FathomNet_FGVC2025/data/images/8940.png,6a3114aac5384bf8c78849c9c8d5411f74961ce4d39d0fe963b85d74f795dac2,c146b5f7d5ee720c0990acd72cf508d2bb7224eaca5cb74a9933b43ecdce2b3b,8940,2,train
23620,8946,61,Psathyrometra fragilis,/home/tahiti/MARINE_DATASETS/FathomNet_FGVC2025/data/rois/8946_23620.png,/home/tahiti/MARINE_DATASETS/FathomNet_FGVC2025/data/images/8946.png,982738a968368a8e1f510a21df6cc05158e14d0fbcf6b04acc927faafd1da4af,7c5456b708fd3da694beb71956c2ba8d6ecbcafe4ae8ad607a2202d17f6cc7d3,8946,0,train
23632,8952,3,Acanthoptilum,/home/tahiti/MARINE_DATASETS/FathomNet_FGVC2025/data/rois/8952_23632.png,/home/tahiti/MARINE_DATASETS/FathomNet_FGVC2025/data/images/8952.png,a277ad9d0e01b42d9bce4295a72f72837dc49eea4337e21133722c6954515901,092c17de548292fc7c75a5b0b51b31127318a135ba53c07a48d7458326d43ab4,8952,1,train
23642,8958,3,Acanthoptilum,/home/tahiti/MARINE_DATASETS/FathomNet_FGVC2025/data/rois/8958_23642.png,/home/tahiti/MARINE_DATASETS/FathomNet_FGVC2025/data/images/8958.png,9de50aae3f8db5478ac913e4c20e419a9b3233351141ff7077f873e424712dd3,469b46374dc650a0ca0e105413948052b2e2c3b907acb12a874f8890a95fabbc,8958,2,train
23652,8963,3,Acanthoptilum,/home/tahiti/MARINE_DATASETS/FathomNet_FGVC2025/data/rois/8963_23652.png,/home/tahiti/MARINE_DATASETS/FathomNet_FGVC2025/data/images/8963.png,1003bc208e001972bb08897fef0fb9ffece50a6a24b95f6e4dcea2c13bbbc25f,a54fbf988faed472e2aafd7da59873f817e6116fa7a0e8507c605b6585a5fcc2,8963,6,train
23671,8970,3,Acanthoptilum,/home/tahiti/MARINE_DATASETS/FathomNet_FGVC2025/data/rois/8970_23671.png,/home/tahiti/MARINE_DATASETS/FathomNet_FGVC2025/data/images/8970.png,d36ea810a24731ae2052e0b30a4432d2c78d65265406c54e9d3daab1b6a47a74,3eeefef7638fdabd8ed511d91ffc320ea0e79ad2f3103ef5148048a4631df7f9,8970,0,train
23690,8977,61,Psathyrometra fragilis,/home/tahiti/MARINE_DATASETS/FathomNet_FGVC2025/data/rois/8977_23690.png,/home/tahiti/MARINE_DATASETS/FathomNet_FGVC2025/data/images/8977.png,a6b007643838094525e8d813f5c80e0b979402de321c079d10df19cfab003c14,71bdae9223f3911dedb9502c3067018faaec9f3a99e15b0fff2f05c6d36afff7,8977,2,train
23696,8979,61,Psathyrometra fragilis,/home/tahiti/MARINE_DATASETS/FathomNet_FGVC2025/data/rois/8979_23696.png,/home/tahiti/MARINE_DATASETS/FathomNet_FGVC2025/data/images/8979.png,429c0a5d4ab1961a88e0c7821cec76f835a6652de16e55836783eb805634b2c0,299eed8d18fe21988509a8d1c013d555ecd1d59c25dbc401c36636bd5aaffefe,8979,2,train
