annotation_id,image_id,category_id,label,roi_path,source_path,roi_sha256,source_sha256,group_id,fold,split
1,1,71,Sebastolobus,/home/tahiti/MARINE_DATASETS/FathomNet_FGVC2025/data/rois/1_1.png,/home/tahiti/MARINE_DATASETS/FathomNet_FGVC2025/data/images/1.png,b8d759034ded8457e3b39b7a9bce61418bb765f9d6eeabaca8880a5a06b7db6f,44e6dff4ff5127f7eea5e64ecaa9a2b810361474a8af0360674de6cbb6b47f73,1,2,train
17,9,44,Munidopsis,/home/tahiti/MARINE_DATASETS/FathomNet_FGVC2025/data/rois/9_17.png,/home/tahiti/MARINE_DATASETS/FathomNet_FGVC2025/data/images/9.png,f3ef449e53466d9d0787b2d017df455efd765c93ee0381328e12bea2cdb4cb19,a2de5c70535060eb66571b0723b8ac242dcf7d36f18210b988abe89476ad573c,9,0,train
95,36,35,Isididae,/home/tahiti/MARINE_DATASETS/FathomNet_FGVC2025/data/rois/36_95.png,/home/tahiti/MARINE_DATASETS/FathomNet_FGVC2025/data/images/36.png,a68ea45b16aac4b251ec68106ff9d0ff089b489a76ba6b03fa89d81421797da4,b154bddc9f3453361ef39507592d3c891ed871c37a16e9ab04fd0ed05a0fa7be,36,6,train
96,36,35,Isididae,/home/tahiti/MARINE_DATASETS/FathomNet_FGVC2025/data/rois/36_96.png,/home/tahiti/MARINE_DATASETS/FathomNet_FGVC2025/data/images/36.png,23c2829f35bb2d1c7b9de21cb35abf468d2fddc2bd42c55c45efe869120c8392,b154bddc9f3453361ef39507592d3c891ed871c37a16e9ab04fd0ed05a0fa7be,36,6,train
108,39,55,Paragorgia arborea,/home/tahiti/MARINE_DATASETS/FathomNet_FGVC2025/data/rois/39_108.png,/home/tahiti/MARINE_DATASETS/FathomNet_FGVC2025/data/images/39.png,ba068b439ec1c134f1385335ed5420c12f6132e0598f3db535f769a31b8217a3,ee920379c24cae68b526bb636d1a203caa4f994aec7a179c8f419c39e36c53b1,39,2,train
173,43,58,Peniagone,/home/tahiti/MARINE_DATASETS/FathomNet_FGVC2025/data/rois/43_173.png,/home/tahiti/MARINE_DATASETS/FathomNet_FGVC2025/data/images/43.png,edfe0b07b37c5e23fa797725afee08abf4cd5504f463f6ea13523cd52a1b86c3,3de41178c6b14adfd10d0968b3c9c7deafaf9d63a96963d59a838301476bec93,43,2,train
213,47,74,Strongylocentrotus fragilis,/home/tahiti/MARINE_DATASETS/FathomNet_FGVC2025/data/rois/47_213.png,/home/tahiti/MARINE_DATASETS/FathomNet_FGVC2025/data/images/47.png,abae4a551d25cdad37d624025191e84ecf2d58ca40133c9c811f428cc129d9a2,53d18f0cf3e87a07babe03da98314008345d82d1cf3702151cdbdfaf0a01f662,47,6,train
257,63,54,Paragorgia,/home/tahiti/MARINE_DATASETS/FathomNet_FGVC2025/data/rois/63_257.png,/home/tahiti/MARINE_DATASETS/FathomNet_FGVC2025/data/images/63.png,6df7279277ddf906c8fffaa2085c3b68b9906593c1065eeb45fe73d923b19141,41254b0a8de4a5f59f661a069d829b734d18ee5199ac9cb52849d8c3f21004ce,63,4,train
287,69,49,Ophiuroidea,/home/tahiti/MARINE_DATASETS/FathomNet_FGVC2025/data/rois/69_287.png,/home/tahiti/MARINE_DATASETS/FathomNet_FGVC2025/data/images/69.png,3acc10a855820219db2bc9f20f0e0711e9af1a7d1b1b9ac8db63b556e3a2d954,a8b2cd98d2d4684768022b1a46ded939be456746f0d0275331acd5868851285f,69,0,train
291,69,49,Ophiuroidea,/home/tahiti/MARINE_DATASETS/FathomNet_FGVC2025/data/rois/69_291.png,/home/tahiti/MARINE_DATASETS/FathomNet_FGVC2025/data/images/69.png,fb0c75a8c5954269105d526ad38e8bf46ae1a21de8ea61711cf452b1d9c0523d,a8b2cd98d2d4684768022b1a46ded939be456746f0d0275331acd5868851285f,69,0,train
311,71,62,Psolus squamatus,/home/tahiti/MARINE_DATASETS/FathomNet_FGVC2025/data/rois/71_311.png,/home/tahiti/MARINE_DATASETS/FathomNet_FGVC2025/data/images/71.png,2e46d6eb5a3c6cb4c56c0ee2c5084d0a947faa749870f591bb1d9d18fea96db2,37f1063b2ec82880651b4db337d6177849343f86ac650d152e9ed502051fd23e,71,4,train
469,119,5,Actiniaria,/home/tahiti/MARINE_DATASETS/FathomNet_FGVC2025/data/rois/119_469.png,/home/tahiti/MARINE_DATASETS/FathomNet_FGVC2025/data/images/119.png,ad83765b8425c556a668b6ea2ba8ebc1529bf1dbd998c3042a324d9349657888,73b113852c892211b7707dee20d15f67db61ad360d73096a158a05add5ad1ee2,119,1,train
487,123,71,Sebastolobus,/home/tahiti/MARINE_DATASETS/FathomNet_FGVC2025/data/rois/123_487.png,/home/tahiti/MARINE_DATASETS/FathomNet_FGVC2025/data/images/123.png,8a9597b0d2548ae40d8615254ba9b6f19a9a04068a97882963fd0a5aad409bd8,1b6bd2312738ea61a69130d2403507d9c926c7d4c6f0cc8d87cd11526aa3e5b6,123,0,train
523,138,74,Strongylocentrotus fragilis,/home/tahiti/MARINE_DATASETS/FathomNet_FGVC2025/data/rois/138_523.png,/home/tahiti/MARINE_DATASETS/FathomNet_FGVC2025/data/images/138.png,c12c049dd264f47233d1ad05e0b929d38adbc0ae6efd43d970ffe9b1f14c210e,aee442916afa5501ab132dd95c5c7deddaa792b9ac408b7d93bb3748897ee57d,138,4,train
562,148,49,Ophiuroidea,/home/tahiti/MARINE_DATASETS/FathomNet_FGVC2025/data/rois/148_562.png,/home/tahiti/MARINE_DATASETS/FathomNet_FGVC2025/data/images/148.png,267bd643c10b72ce437381a3c4efb5763a7b4a11377bafa16be4e4f1867514b6,b63d7bb26c93a3213edf385f113910890e18e2e9e9ad6d6754ff6bc161c9d016,148,1,train
597,159,73,Staurocalyptus,/home/tahiti/MARINE_DATASETS/FathomNet_FGVC2025/data/rois/159_597.png,/home/tahiti/MARINE_DATASETS/FathomNet_FGVC2025/data/images/159.png,77100a1394b171475102ce0ef98227f334d80631dd12dd34270e8eb868247df7,7a113202e9dfe5f98e0b5e738260234a6bd7253384ff99a0577b1999fdb7dcf6,159,6,train
610,162,37,Keratoisis,/home/tahiti/MARINE_DATASETS/FathomNet_FGVC2025/data/rois/162_610.png,/home/tahiti/MARINE_DATASETS/FathomNet_FGVC2025/data/images/162.png,398cb3de581ec1e223c9047f0e78d3ef15ca538b227d4e4b9b0544c177d48f77,ff02a802e7cf19baf9daecb21fbd384b8fedbdeb39108572b9a6e0327420048e,162,1,train
672,170,16,Chionoecetes tanneri,/home/tahiti/MARINE_DATASETS/FathomNet_FGVC2025/data/rois/170_672.png,/home/tahiti/MARINE_DATASETS/FathomNet_FGVC2025/data/images/170.png,564a3503518fdbd0ab4270689e859857fd7a1010b14c0559a3e3dfdab4684ae2,dd16611b1dbfcde7e9147a5572741d279027ed66f4c3d10eed1419b9cf35a86c,170,2,train
707,179,56,Paralomis multispina,/home/tahiti/MARINE_DATASETS/FathomNet_FGVC2025/data/rois/179_707.png,/home/tahiti/MARINE_DATASETS/FathomNet_FGVC2025/data/images/179.png,780fa8fb44296481188c5c689379e8e5d3003ab2599cd1590e3b156138a98aa6,6bc3be766215d5414c965141994be1efdff5b31c5d2ecc817a5f8171c7685347,179,0,train
754,193,74,Strongylocentrotus fragilis,/home/tahiti/MARINE_DATASETS/FathomNet_FGVC2025/data/rois/193_754.png,/home/tahiti/MARINE_DATASETS/FathomNet_FGVC2025/data/images/193.png,138b75cb952f72ae70fab317d89b432dd909c21656b082189a9cbf59ec4cd1f3,737dc29879839453ceca5b34dd50c6f936bc31fa468c00ec3f03c5f3895e4834,193,1,train
781,201,74,Strongylocentrotus fragilis,/home/tahiti/MARINE_DATASETS/FathomNet_FGVC2025/data/rois/201_781.png,/home/tahiti/MARINE_DATASETS/FathomNet_FGVC2025/data/images/201.png,fb04f3fdf2cfd55b6a13363eee0ee7721475bdd5ce8272f31290644bc6aa3f00,b7b08f5c0b84f9fa4739292c77e52b005783c95a0a54e1272503c2ed935c5193,201,2,train
826,226,11,Asteroidea,/home/tahiti/MARINE_DATASETS/FathomNet_FGVC2025/data/rois/226_826.png,/home/tahiti/MARINE_DATASETS/FathomNet_FGVC2025/data/images/226.png,63701e4b9d948d336ea73ac76cdafe828f666f8c121a9d2101f130575e2b3aff,6d0e7e82fa146ef2ba5be25b97b26be7497e29de7c1136c329dd4ae00ef28e64,226,1,train
846,229,60,Porifera,/home/tahiti/MARINE_DATASETS/FathomNet_FGVC2025/data/rois/229_846.png,/home/tahiti/MARINE_DATASETS/FathomNet_FGVC2025/data/images/229.png,3995132a2063c3b8e433698b0f265ad9e1b6999174db6bf79add792cd07476cb,c561badb7dcc5cc41dc4ebb12c4d99d32f1c56072d7ca80049a9713a3dab7f5a,229,1,train
919,255,54,Paragorgia,/home/tahiti/MARINE_DATASETS/FathomNet_FGVC2025/data/rois/255_919.png,/home/tahiti/MARINE_DATASETS/FathomNet_FGVC2025/data/images/255.png,f94ed91c617daa8b268c3a9b5949d644531bb6c546b056069b93e2922b942178,4051997ee5613338d90d02c8ad1e13ae3660d2dc81b650d4c123a356e691d8ed,255,4,train
959,263,31,Hippasteria,/home/tahiti/MARINE_DATASETS/FathomNet_FGVC2025/data/rois/263_959.png,/home/tahiti/MARINE_DATASETS/FathomNet_FGVC2025/data/images/263.png,3e2b81167440cea16f00246471780519dea53ce0fe85248471c6cb592c9eac74,e1284070f6c239b8ccd3903dbb47bdacde0948f903696f4fdb38f10efe63dd67,263,4,train
976,267,61,Psathyrometra fragilis,/home/tahiti/MARINE_DATASETS/FathomNet_FGVC2025/data/rois/267_976.png,/home/tahiti/MARINE_DATASETS/FathomNet_FGVC2025/data/images/267.png,0e815eee9b7f5aee1b629b76890af8ec9b46bcc98dc22b3965717eb7ecc7ff79,b15c7cbbccb16de42adeeca6474e9edfa646cc7bb82a7ea3d1dcaed57549eba3,267,4,train
1121,306,74,Strongylocentrotus fragilis,/home/tahiti/MARINE_DATASETS/FathomNet_FGVC2025/data/rois/306_1121.png,/home/tahiti/MARINE_DATASETS/FathomNet_FGVC2025/data/images/306.png,028c292f42cf87fdd859d2472403682f8df8a541d8e86227db0c7ef1aa038229,4dea7c7cf13208c94911b18036fba962b67bf46e35ed9dc2c04d694df571bc2f,306,2,train
1138,312,14,Caridea,/home/tahiti/MARINE_DATASETS/FathomNet_FGVC2025/data/rois/312_1138.png,/home/tahiti/MARINE_DATASETS/FathomNet_FGVC2025/data/images/312.png,4ae42a31bb4cbedf95bbd72f8eb844de6d9b02d301671bd49917bd3a88ef9b7c,9c415e798e4a5153294de08b1c8a9d29e2077c14640096daedd99eae0ce5c88e,312,0,train
1140,313,73,Staurocalyptus,/home/tahiti/MARINE_DATASETS/FathomNet_FGVC2025/data/rois/313_1140.png,/home/tahiti/MARINE_DATASETS/FathomNet_FGVC2025/data/images/313.png,5da329bb525de9fc7123593d835eedbd833f9c1cf0dc0d0ff768911fc27b4003,46bec2574409b8b47f37e9d6f3b124e1a845753f370c90f91db386543cc03914,313,6,train
1148,313,28,Heterochone calyx,/home/tahiti/MARINE_DATASETS/FathomNet_FGVC2025/data/rois/313_1148.png,/home/tahiti/MARINE_DATASETS/FathomNet_FGVC2025/data/images/313.png,0e6ac5b764bf0590090735f246a5cd1045bc1f50ca101a0f1aacd910da661bf9,46bec2574409b8b47f37e9d6f3b124e1a845753f370c90f91db386543cc03914,313,6,train
1204,324,49,Ophiuroidea,/home/tahiti/MARINE_DATASETS/FathomNet_FGVC2025/data/rois/324_1204.png,/home/tahiti/MARINE_DATASETS/FathomNet_FGVC2025/data/images/324.png,1ecee2b5db9891015018bc3bfb2336cc307949358b044d6d0a3c43938da7976c,8db4af5f50f49111c8e2b069fcde45c51b0125978e7ee0df986fd801f3387e94,324,0,train
1205,324,49,Ophiuroidea,/home/tahiti/MARINE_DATASETS/FathomNet_FGVC2025/data/rois/324_1205.png,/home/tahiti/MARINE_DATASETS/FathomNet_FGVC2025/data/images/324.png,66afa94652da16fc8041fd92b7cdacbe829ca1a3929bac5ad30b2b7d7d0c738d,8db4af5f50f49111c8e2b069fcde45c51b0125978e7ee0df986fd801f3387e94,324,0,train
1206,324,49,Ophiuroidea,/home/tahiti/MARINE_DATASETS/FathomNet_FGVC2025/data/rois/324_1206.png,/home/tahiti/MARINE_DATASETS/FathomNet_FGVC2025/data/images/324.png,cc97396702999e7ea90d0cc44c763fc851bc2cb1605493a8b5ea544251258f13,8db4af5f50f49111c8e2b069fcde45c51b0125978e7ee0df986fd801f3387e94,324,0,train
1259,339,79,Zoantharia,/home/tahiti/MARINE_DATASETS/FathomNet_FGVC2025/data/rois/339_1259.png,/home/tahiti/MARINE_DATASETS/FathomNet_FGVC2025/data/images/339.png,75d1c0a75e2b162495bbd44467afe59f18f6d9911e171e04dbe80769a6561955,a60862e5c141bdafd22821fb1eb63824b5a51709671a0317ee6acf3c0ef0cb32,339,1,train
1272,339,79,Zoantharia,/home/tahiti/MARINE_DATASETS/FathomNet_FGVC2025/data/rois/339_1272.png,/home/tahiti/MARINE_DATASETS/FathomNet_FGVC2025/data/images/339.png,93509b19f8fc4416b9b997b71186dc060836ac2454cf88161f28a4300732b35a,a60862e5c141bdafd22821fb1eb63824b5a51709671a0317ee6acf3c0ef0cb32,339,1,train
1289,345,35,Isididae,/home/tahiti/MARINE_DATASETS/FathomNet_FGVC2025/data/rois/345_1289.png,/home/tahiti/MARINE_DATASETS/FathomNet_FGVC2025/data/images/345.png,b1b4616778db46d1a9715a9899436266c561134a6466ad6c226d7ac77cdec508,7e06acb4fd2b604843e260cf324dd74b6485ae03686f8bbf59e7d43ef3b50426,345,2,train
1299,346,65,Rathbunaster californicus,/home/tahiti/MARINE_DATASETS/FathomNet_FGVC2025/data/rois/346_1299.png,/home/tahiti/MARINE_DATASETS/FathomNet_FGVC2025/data/images/346.png,5fb242313685308b72871f946acc079c40aca4a9b17e622305786f2b69ac04c3,60634e93e01d41eaecbd68a36c427ad8744bccaf03d75df1ca1323c2215fab3f,346,0,train
1309,349,25,Gastropoda,/home/tahiti/MARINE_DATASETS/FathomNet_FGVC2025/data/rois/349_1309.png,/home/tahiti/MARINE_DATASETS/FathomNet_FGVC2025/data/images/349.png,8ec74fed49782af802e4212269d2444b945be9c0dcaa6534ab506423f154b82f,70e2fbb1b3512054c62be8f862a07a3aaefbdf05c9e93f26c45c3cf5d8b433bd,349,6,train
1311,349,71,Sebastolobus,/home/tahiti/MARINE_DATASETS/FathomNet_FGVC2025/data/rois/349_1311.png,/home/tahiti/MARINE_DATASETS/FathomNet_FGVC2025/data/images/349.png,470dede7ab3ba4a0ab53d227fea8f40bfc01b6633c6cae1cf080bf252e10658b,70e2fbb1b3512054c62be8f862a07a3aaefbdf05c9e93f26c45c3cf5d8b433bd,349,6,train
1326,353,29,Heteropolypus ritteri,/home/tahiti/MARINE_DATASETS/FathomNet_FGVC2025/data/rois/353_1326.png,/home/tahiti/MARINE_DATASETS/FathomNet_FGVC2025/data/images/353.png,497fbdb3e44b33f6929693c6402a7e9bdb426b696de5d6eaaa2724d0e1b2f832,27fdd28ef29c3fc7fda88b7c4dc0aea3cd520306c13d3f87426615faa4279601,353,6,train
1330,353,29,Heteropolypus ritteri,/home/tahiti/MARINE_DATASETS/FathomNet_FGVC2025/data/rois/353_1330.png,/home/tahiti/MARINE_DATASETS/FathomNet_FGVC2025/data/images/353.png,3cdd36222c7896bd252ed73cd7031728a69464db6e23ab6082a419a5d8d55bd6,27fdd28ef29c3fc7fda88b7c4dc0aea3cd520306c13d3f87426615faa4279601,353,6,train
1332,354,47,Octopus rubescens,/home/tahiti/MARINE_DATASETS/FathomNet_FGVC2025/data/rois/354_1332.png,/home/tahiti/MARINE_DATASETS/FathomNet_FGVC2025/data/images/354.png,c4dca7a9952afc208c038402b7e4d56c969e224ce2dc8f0375fa53de72e7942a,92519be48259ccc9a13e0b3749edaaca40bf3335b5db2ab2863bcd2d41ececa3,354,4,train
1402,369,46,Mycale,/home/tahiti/MARINE_DATASETS/FathomNet_FGVC2025/data/rois/369_1402.png,/home/tahiti/MARINE_DATASETS/FathomNet_FGVC2025/data/images/369.png,ee0c6a252b85c20d8aaeb196eeb67d31b531cb3fc3a67e73a250fcc603e334d0,bd81e0295de2880133eb0125ebe80e71bc3ebc6e5fc8c9842510eaf2f657af48,369,2,train
1415,373,79,Zoantharia,/home/tahiti/MARINE_DATASETS/FathomNet_FGVC2025/data/rois/373_1415.png,/home/tahiti/MARINE_DATASETS/FathomNet_FGVC2025/data/images/373.png,0c721619dfe6a6b734317abf97df3d35a663c1879f74e4b7166c2d2c1318ce38,4d892a537a4b5a79427fadd552e7ef4cd0b2b4b86c0f78415c9fdc744c2ae6a2,373,6,train
1463,378,28,Heterochone calyx,/home/tahiti/MARINE_DATASETS/FathomNet_FGVC2025/data/rois/378_1463.png,/home/tahiti/MARINE_DATASETS/FathomNet_FGVC2025/data/images/378.png,c33dc7e54138630f445c3e78a6b93cdf77e18437b9a7fc17f21facc4150182ef,f06d449e8eab93411216e268fb8662d616f318a1f23b981819c13102ad282958,378,6,train
1469,378,28,Heterochone calyx,/home/tahiti/MARINE_DATASETS/FathomNet_FGVC2025/data/rois/378_1469.png,/home/tahiti/MARINE_DATASETS/FathomNet_FGVC2025/data/images/378.png,2da787740189f4f99fb61d0f568cc2a58b8c7b994b364ae15243151c7d152b50,f06d449e8eab93411216e268fb8662d616f318a1f23b981819c13102ad282958,378,6,train
1483,385,6,Actinopterygii,/home/tahiti/MARINE_DATASETS/FathomNet_FGVC2025/data/rois/385_1483.png,/home/tahiti/MARINE_DATASETS/FathomNet_FGVC2025/data/images/385.png,23d44c70861d89143e4ec58a361db5523aa931d55cd584d840451f76832ad515,cb368381c764fd6ee051350217cb1154a658b4e9fc045c0c40e631a57cfa77e3,385,6,train
1490,388,44,Munidopsis,/home/tahiti/MARINE_DATASETS/FathomNet_FGVC2025/data/rois/388_1490.png,/home/tahiti/MARINE_DATASETS/FathomNet_FGVC2025/data/images/388.png,e6e143eb07c90957f4f34444cacd7b5eed7269714054a17bb71ded411872ad10,c6ef7cf4a0fbfaa2f7f5dec24733d7708f1d608b21ace423ac48cc77c1e404cb,388,4,train
1495,389,55,Paragorgia arborea,/home/tahiti/MARINE_DATASETS/FathomNet_FGVC2025/data/rois/389_1495.png,/home/tahiti/MARINE_DATASETS/FathomNet_FGVC2025/data/images/389.png,40c90129e4b450667731c0f8fdcb66bbb7d673ceb1c02ff17926ab74887fa340,b5f9dc27d2068fad69b89e5cad4ed011476c878e106b65ad4ca625d0fda0ea45,389,4,train
1537,393,57,Parastenella,/home/tahiti/MARINE_DATASETS/FathomNet_FGVC2025/data/rois/393_1537.png,/home/tahiti/MARINE_DATASETS/FathomNet_FGVC2025/data/images/393.png,6a90d774be1ae26cf1c6b81e3cb74c000b5deaab6074ce483df1e84079bd523b,fddac54754a70fb6ace81f3c1257c9e85f1de045c532b01a86576646bee11b7e,393,0,train
1564,404,44,Munidopsis,/home/tahiti/MARINE_DATASETS/FathomNet_FGVC2025/data/rois/404_1564.png,/home/tahiti/MARINE_DATASETS/FathomNet_FGVC2025/data/images/404.png,d50bd2a4d1af67b068b4885da00dca3a7cde6331228b6273f5129353380e98cf,b4ac466457366bbc60d4fcc8edbc6bbe5e9f02110f5ae48d6c840418d1e872a0,404,1,train
1588,408,49,Ophiuroidea,/home/tahiti/MARINE_DATASETS/FathomNet_FGVC2025/data/rois/408_1588.png,/home/tahiti/MARINE_DATASETS/FathomNet_FGVC2025/data/images/408.png,1c558d6c2253b73405bde65737f572850acdd529e0e34fd7230c0ae35bcba6ff,d025cae724a7fab6faabf5e4e16890753bc06c840788d1ff7aac74eb861b2bb6,408,0,train
1595,408,49,Ophiuroidea,/home/tahiti/MARINE_DATASETS/FathomNet_FGVC2025/data/rois/408_1595.png,/home/tahiti/MARINE_DATASETS/FathomNet_FGVC2025/data/images/408.png,63d7894829a1420152838ffc9e484b97a67e9a9016080bdf032677b410006b54,d025cae724a7fab6faabf5e4e16890753bc06c840788d1ff7aac74eb861b2bb6,408,0,train
1637,408,49,Ophiuroidea,/home/tahiti/MARINE_DATASETS/FathomNet_FGVC2025/data/rois/408_1637.png,/home/tahiti/MARINE_DATASETS/FathomNet_FGVC2025/data/images/408.png,1ab83a99e0fc43c88745330556d363dc1ff040e601c6ceb8c04d04e56b8e8071,d025cae724a7fab6faabf5e4e16890753bc06c840788d1ff7aac74eb861b2bb6,408,0,train
1686,414,49,Ophiuroidea,/home/tahiti/MARINE_DATASETS/FathomNet_FGVC2025/data/rois/414_1686.png,/home/tahiti/MARINE_DATASETS/FathomNet_FGVC2025/data/images/414.png,5f130940d7ea97849e40a773a59026a6a8d2b9d8a422183c86780e7bc1863243,54ae285959a970899926a68f697676500ca308fa1927b705b17676414480f976,414,2,train
1695,415,73,Staurocalyptus,/home/tahiti/MARINE_DATASETS/FathomNet_FGVC2025/data/rois/415_1695.png,/home/tahiti/MARINE_DATASETS/FathomNet_FGVC2025/data/images/415.png,107a0a7d88bb154cbb80709427e4989a19dbe6367d1b97d74cd36f0a882aaccb,aafb603b7ab9660dc58295ca35689672513058fd1f3daa50fa77942d3103e7ec,415,4,train
1748,421,38,Liponema brevicorne,/home/tahiti/MARINE_DATASETS/FathomNet_FGVC2025/data/rois/421_1748.png,/home/tahiti/MARINE_DATASETS/FathomNet_FGVC2025/data/images/421.png,2caaf955f5c9121c8b97e2ce443e2e01883618846683dff9df2dd92bf1fef247,879a28e2c316fd38e9604104868f6fe987e84517cb796d5ce09d0df08fc48d3e,421,6,train
1800,427,71,Sebastolobus,/home/tahiti/MARINE_DATASETS/FathomNet_FGVC2025/data/rois/427_1800.png,/home/tahiti/MARINE_DATASETS/FathomNet_FGVC2025/data/images/427.png,53b09f0a8b1928a3fb03a023bc8475888826fc954db980a48f7244505ee40a11,7e3f4c24f70f0a3b571b2a38a2ff75f938c251780c62f9d1b124a4a1742ce067,427,1,train
1833,436,62,Psolus squamatus,/home/tahiti/MARINE_DATASETS/FathomNet_FGVC2025/data/rois/436_1833.png,/home/tahiti/MARINE_DATASETS/FathomNet_FGVC2025/data/images/436.png,96c9614c090c8225c0b0f290eea074c3e359d6f8d57857622fe745aa746dadb7,c93e60c9cc0b9a00ae5eb42510483d4682a7abf5d66a3a204dc2737dad09136f,436,2,train
1896,460,5,Actiniaria,/home/tahiti/MARINE_DATASETS/FathomNet_FGVC2025/data/rois/460_1896.png,/home/tahiti/MARINE_DATASETS/FathomNet_FGVC2025/data/images/460.png,84d17a3f37038191ec46aeea27f5ac346ca1d9cc3df7faef9025b19b3a52667a,0390fb489705e55c64e385100942611f0c33f90d534002a7d0d2878d000ef620,460,6,train
1919,466,74,Strongylocentrotus fragilis,/home/tahiti/MARINE_DATASETS/FathomNet_FGVC2025/data/rois/466_1919.png,/home/tahiti/MARINE_DATASETS/FathomNet_FGVC2025/data/images/466.png,775077d6241e8645510727719c4c89093d76f3de77472748b97717d47d50681c,a0ad89b52b232d271f3cc34b807539a6460ef5232d2dbd7ab89ac2677fe6df0f,466,2,train
1929,472,74,Strongylocentrotus fragilis,/home/tahiti/MARINE_DATASETS/FathomNet_FGVC2025/data/rois/472_1929.png,/home/tahiti/MARINE_DATASETS/FathomNet_FGVC2025/data/images/472.png,f862d64969fcc380568cd95ac53d4ef5876ac5231691dccefa9ff79f18950416,9227ae83dfe2e11fae971f269d87d1200176544b1282020f0fade4516749be82,472,2,train
1938,475,36,Isosicyonis,/home/tahiti/MARINE_DATASETS/FathomNet_FGVC2025/data/rois/475_1938.png,/home/tahiti/MARINE_DATASETS/FathomNet_FGVC2025/data/images/475.png,c8d24c761902fabfd46c0f817ad637f9bf7092adc22229981263ebe69445fba3,c63eb8d2f262a7804b6cc71d3e6d5b0ae96981582d4287b10cfc9045158ab37a,475,2,train
1948,480,28,Heterochone calyx,/home/tahiti/MARINE_DATASETS/FathomNet_FGVC2025/data/rois/480_1948.png,/home/tahiti/MARINE_DATASETS/FathomNet_FGVC2025/data/images/480.png,90282106dedb9b71dd86f278cfc89f4e9f694addbf366ebb1a950423f86732cc,090591e92d67a914522827ac5cac1b46551aa5d83e60296480bf0356a54ba274,480,0,train
1965,487,55,Paragorgia arborea,/home/tahiti/MARINE_DATASETS/FathomNet_FGVC2025/data/rois/487_1965.png,/home/tahiti/MARINE_DATASETS/FathomNet_FGVC2025/data/images/487.png,010e1b318885b1e4751e13e0c447543d36fc76e1524dcd8d46273ae24a1e1bcd,d57b81c120887e2195e02b3b8a41d3766582d6fec8a771a91363d5cbf6f18807,487,2,train
1983,494,76,Tunicata,/home/tahiti/MARINE_DATASETS/FathomNet_FGVC2025/data/rois/494_1983.png,/home/tahiti/MARINE_DATASETS/FathomNet_FGVC2025/data/images/494.png,0bd042364807fc6440d1be597e9584c3f2c3bfea3660dd9338f49cee9f46668d,bb66b43cb2032f5c29d20c3c10af1bf70fb29238ae19bc1b5e40aed429164dcb,494,6,train
2043,500,74,Strongylocentrotus fragilis,/home/tahiti/MARINE_DATASETS/FathomNet_FGVC2025/data/rois/500_2043.png,/home/tahiti/MARINE_DATASETS/FathomNet_FGVC2025/data/images/500.png,1fb2e32c02ec5a5ff23145b2629e9e05e5700b892360e32585e8547ce1798c65,e8feaad569951ae1e9f2837704273d658cf4e056b21e13b7e0551552975fc32c,500,0,train
2106,512,73,Staurocalyptus,/home/tahiti/MARINE_DATASETS/FathomNet_FGVC2025/data/rois/512_2106.png,/home/tahiti/MARINE_DATASETS/FathomNet_FGVC2025/data/images/512.png,ea5e6322adc3b42289e7ca2ded6bcd689d27f31d850167b7d4b4d241c401b23c,063d9e1e35fbb3a1a45d029a14c4577a8794ef1be7a9795f234c8c2b3892599f,512,1,train
2109,512,73,Staurocalyptus,/home/tahiti/MARINE_DATASETS/FathomNet_FGVC2025/data/rois/512_2109.png,/home/tahiti/MARINE_DATASETS/FathomNet_FGVC2025/data/images/512.png,1b4e0d0191efebf820329382c1509b8ad27ef6c99c891bbcc89795008e83f214,063d9e1e35fbb3a1a45d029a14c4577a8794ef1be7a9795f234c8c2b3892599f,512,1,train
2118,518,65,Rathbunaster californicus,/home/tahiti/MARINE_DATASETS/FathomNet_FGVC2025/data/rois/518_2118.png,/home/tahiti/MARINE_DATASETS/FathomNet_FGVC2025/data/images/518.png,c46b49ef5769cdc4d84c83bbccc26cc90a3c21e3ea00c96613cf544f28cb49f9,f1d7a0c3c0e0bdb70a53ffbfc9c89dc9b9194c58542dfaecf22466efe9e8f174,518,1,train
2141,528,3,Acanthoptilum,/home/tahiti/MARINE_DATASETS/FathomNet_FGVC2025/data/rois/528_2141.png,/home/tahiti/MARINE_DATASETS/FathomNet_FGVC2025/data/images/528.png,7d4f2713c31087b6b0a6d73b2afe39d44979af970607ff71c453bc55aa1605b0,92a230f78c68f83d6c4e9ad4eb0d68f9853118c5483dc8a4abb1299a796a6586,528,6,train
2144,528,42,Metridium farcimen,/home/tahiti/MARINE_DATASETS/FathomNet_FGVC2025/data/rois/528_2144.png,/home/tahiti/MARINE_DATASETS/FathomNet_FGVC2025/data/images/528.png,bba39d52ca46fb20fbe50c19ed7781450dc1fed812eb99886e40f04651b9f67b,92a230f78c68f83d6c4e9ad4eb0d68f9853118c5483dc8a4abb1299a796a6586,528,6,train
2171,539,16,Chionoecetes tanneri,/home/tahiti/MARINE_DATASETS/FathomNet_FGVC2025/data/rois/539_2171.png,/home/tahiti/MARINE_DATASETS/FathomNet_FGVC2025/data/images/539.png,22c8c286b5ced0c2da2bdd30408e7aab51421562d1cc30b6747e97d035364737,704633c1ce7c65d608563592f14c72c6023d5eda95b6a308309d89cc70679c64,539,1,train
2275,552,74,Strongylocentrotus fragilis,/home/tahiti/MARINE_DATASETS/FathomNet_FGVC2025/data/rois/552_2275.png,/home/tahiti/MARINE_DATASETS/FathomNet_FGVC2025/data/images/552.png,b4e948cdeff730313a4b9b65c2e643f8089d3245dabcceb1ee3ce61bb261c06a,beadd4d1d4865e7bab34db9a07e7ed26c838c5eddaaf9725f880a3754a0cccc5,552,6,train
2283,552,74,Strongylocentrotus fragilis,/home/tahiti/MARINE_DATASETS/FathomNet_FGVC2025/data/rois/552_2283.png,/home/tahiti/MARINE_DATASETS/FathomNet_FGVC2025/data/images/552.png,cc415432787662414fd066d586c66e1351311750a3c32c4edfc283848f4f5b1b,beadd4d1d4865e7bab34db9a07e7ed26c838c5eddaaf9725f880a3754a0cccc5,552,6,train
2302,555,74,Strongylocentrotus fragilis,/home/tahiti/MARINE_DATASETS/FathomNet_FGVC2025/data/rois/555_2302.png,/home/tahiti/MARINE_DATASETS/FathomNet_FGVC2025/data/images/555.png,dd893f0ce37cd6da9cab83177416759c68adc8d12a71595ada701dbb28b576e2,4f9d14ec90053b2c80244b9e07e620aa33604cf6aa958196482a36a098c3dab0,555,1,train
2344,570,11,Asteroidea,/home/tahiti/MARINE_DATASETS/FathomNet_FGVC2025/data/rois/570_2344.png,/home/tahiti/MARINE_DATASETS/FathomNet_FGVC2025/data/images/570.png,9f36b626cc14325db6ea0ec2d192a4b126f465b44867f251e18e3bbf4038c6fc,7c6b074c6585bf06d556c93bcee1b8271d413bc7727fc22dc346b6a6a7f80fce,570,4,train
2359,575,43,Microstomus pacificus,/home/tahiti/MARINE_DATASETS/FathomNet_FGVC2025/data/rois/575_2359.png,/home/tahiti/MARINE_DATASETS/FathomNet_FGVC2025/data/images/575.png,55be0c3eb04780ebb2fb03b44559636ce46e08941c10bb0f21f5e4176ab07d5f,b32170b886596ee63d0e4118d6f6bee35a14d45b98f24f3bd5c1192286c8fbe9,575,4,train
2364,577,50,Paelopatides confundens,/home/tahiti/MARINE_DATASETS/FathomNet_FGVC2025/data/rois/577_2364.png,/home/tahiti/MARINE_DATASETS/FathomNet_FGVC2025/data/images/577.png,918f92301c67698adb2b47d5436d11ec7da63a72acec1cc2012da684d82b413a,c6c1fbd8adb8fc659a58a88b4c0d995b2a0687a9361e9e807d85199fe1e33b86,577,0,train
2421,591,15,Ceriantharia,/home/tahiti/MARINE_DATASETS/FathomNet_FGVC2025/data/rois/591_2421.png,/home/tahiti/MARINE_DATASETS/FathomNet_FGVC2025/data/images/591.png,9326d279441fb4f8b35f20977d5f9f56db1a1eb2df0e790fe236514adc354a1a,9a61d2db89e8133708e2d0998429e3e0ee0f86c51e3d9e513b6bd7f11e28ab85,591,1,train
2455,600,74,Strongylocentrotus fragilis,/home/tahiti/MARINE_DATASETS/FathomNet_FGVC2025/data/rois/600_2455.png,/home/tahiti/MARINE_DATASETS/FathomNet_FGVC2025/data/images/600.png,786466e98f1ec17b55ab2d12344197923ee132f1b47edee821f7593fff985d41,a0de65fd4276683503c998975c6a4fcde92e001ea9dca9ba9360d49e50aea7a9,600,2,train
2471,603,19,Crinoidea,/home/tahiti/MARINE_DATASETS/FathomNet_FGVC2025/data/rois/603_2471.png,/home/tahiti/MARINE_DATASETS/FathomNet_FGVC2025/data/images/603.png,54527b2abf5f705acde9f16dc0d312b836a77f5f31ade3e727111ad2f74ec3c7,c9d8b98335e2e9c6baa95673a220d334afda008e63b8e7d9f644aece385dc903,603,2,train
2480,610,74,Strongylocentrotus fragilis,/home/tahiti/MARINE_DATASETS/FathomNet_FGVC2025/data/rois/610_2480.png,/home/tahiti/MARINE_DATASETS/FathomNet_FGVC2025/data/images/610.png,adb1f76e3addb762e137f8424421241fc41597b9209bf61d823d325e8a43b873,46be92cbe3908f42cb9cf498d4a54fad586a85ef318aa28c83bc08ec52488f53,610,6,train
2571,634,33,Hormathiidae,/home/tahiti/MARINE_DATASETS/FathomNet_FGVC2025/data/rois/634_2571.png,/home/tahiti/MARINE_DATASETS/FathomNet_FGVC2025/data/images/634.png,2caabb8ecc10b5a85fd04f48024926ade5fdba953bfcc525db6ba54da4f30ec7,cc0e61c92938c1f7c92abee0687689713ec2c6ee8b623de97dfa85417250c8da,634,0,train
2684,663,49,Ophiuroidea,/home/tahiti/MARINE_DATASETS/FathomNet_FGVC2025/data/rois/663_2684.png,/home/tahiti/MARINE_DATASETS/FathomNet_FGVC2025/data/images/663.png,25537fe08f6491f08687250cd54c20502f52201591d6b58640b7d50388330bc5,c4ee6a1a8dd33041830a74c5de78e10fe8e4e5454c65b4a91670a9769db90e6f,663,1,train
2686,664,58,Peniagone,/home/tahiti/MARINE_DATASETS/FathomNet_FGVC2025/data/rois/664_2686.png,/home/tahiti/MARINE_DATASETS/FathomNet_FGVC2025/data/images/664.png,7450339fd7f80e1f35443fab9eb25965f9c0f99d55c1e7f35cc59b6f71b75233,744d04ef5edb84dee2549a877a786a61650122f241a3453ff9efb1b750460dc0,664,4,train
2698,668,62,Psolus squamatus,/home/tahiti/MARINE_DATASETS/FathomNet_FGVC2025/data/rois/668_2698.png,/home/tahiti/MARINE_DATASETS/FathomNet_FGVC2025/data/images/668.png,996bf561c94674b897f3a771b3fccf9500b758c6a121063aaf696d98a49675a6,ee309a43ab9dff40c2fec8e4ef960c1d34f3a6e608a27299e4791f3800fbd7a0,668,2,train
2707,669,31,Hippasteria,/home/tahiti/MARINE_DATASETS/FathomNet_FGVC2025/data/rois/669_2707.png,/home/tahiti/MARINE_DATASETS/FathomNet_FGVC2025/data/images/669.png,855ec6b435a0d62c1d4d22b0af730b9349767f485260dd00f7a2e023aed4d677,600e88e7a5043c89333bfdf33e13231377ece8c37530085a74bf4e9e59969bed,669,4,train
2748,683,29,Heteropolypus ritteri,/home/tahiti/MARINE_DATASETS/FathomNet_FGVC2025/data/rois/683_2748.png,/home/tahiti/MARINE_DATASETS/FathomNet_FGVC2025/data/images/683.png,abe14ec309112e68015a7df5bd83b670467b1133e4bb11c59554c4140c74e6df,c568dbb269bcc1768d63c569bc92bad46454993a573c91b719e95f735c1b766a,683,4,train
2798,700,16,Chionoecetes tanneri,/home/tahiti/MARINE_DATASETS/FathomNet_FGVC2025/data/rois/700_2798.png,/home/tahiti/MARINE_DATASETS/FathomNet_FGVC2025/data/images/700.png,d90ebeb35a78058e30dc4baf8c31aff8388937e0ecc116a9d208daf031948376,6b80241bfa98f5f28487565b1eb26a2556fc29e811f9aa597656f60eeb155dd0,700,2,train
2823,707,66,Scleractinia,/home/tahiti/MARINE_DATASETS/FathomNet_FGVC2025/data/rois/707_2823.png,/home/tahiti/MARINE_DATASETS/FathomNet_FGVC2025/data/images/707.png,0f82915c14b7d0910ac4d194a8ba52cd809b7e495eb93104fb2b9c54820c0510,590ffe7c090a0803c41817d87da916c7804e7c604771b9ee581d039392b90ec4,707,1,train
2828,709,58,Peniagone,/home/tahiti/MARINE_DATASETS/FathomNet_FGVC2025/data/rois/709_2828.png,/home/tahiti/MARINE_DATASETS/FathomNet_FGVC2025/data/images/709.png,a14f3935d54d0b4e896fdd5a9a6389ca6f6a46d624410be74265ced25e22d198,31618e8dd98cdf662dbdc0a60ad44e39e8ee9de67de69abadd3a4b738c774ad7,709,2,train
2833,712,32,Holothuroidea,/home/tahiti/MARINE_DATASETS/FathomNet_FGVC2025/data/rois/712_2833.png,/home/tahiti/MARINE_DATASETS/FathomNet_FGVC2025/data/images/712.png,d55e8da2125e05609b2942073fd20b8a7ebc4401b0ddb8e53ea59332099012d2,39dd59864a5dd3b1d26e2734fc79413a50301b21b84b21803ee570c681b90f4f,712,4,train
2882,729,29,Heteropolypus ritteri,/home/tahiti/MARINE_DATASETS/FathomNet_FGVC2025/data/rois/729_2882.png,/home/tahiti/MARINE_DATASETS/FathomNet_FGVC2025/data/images/729.png,e9937c3cff889ff31e9215b789b88675ad56152118db2e41e89019ddb3efc703,c7562a5ce59e4a7f076338d5fffd29f0e1c798e5c3c73eb60057ab5ceff34be3,729,1,train
2945,740,35,Isididae,/home/tahiti/MARINE_DATASETS/FathomNet_FGVC2025/data/rois/740_2945.png,/home/tahiti/MARINE_DATASETS/FathomNet_FGVC2025/data/images/740.png,9fc49ade7ee87e80b6fe2761003f6c38509917b80147720ea8780bbc4304bce6,0e09b486a717aabfa1f8f55353f34c926b38f3e26808f216eabb885a67a16011,740,6,train
2985,754,47,Octopus rubescens,/home/tahiti/MARINE_DATASETS/FathomNet_FGVC2025/data/rois/754_2985.png,/home/tahiti/MARINE_DATASETS/FathomNet_FGVC2025/data/images/754.png,24993e62423f3622bf2a378d4721f1282ce0cd2b46252d0aea1e94710a60f688,ca5db3145173fcfd9f39be5d809d02b81f463caf64754e618e14e41c0641ba85,754,2,train
3011,760,28,Heterochone calyx,/home/tahiti/MARINE_DATASETS/FathomNet_FGVC2025/data/rois/760_3011.png,/home/tahiti/MARINE_DATASETS/FathomNet_FGVC2025/data/images/760.png,c3dd0db6f04041de92a82c17ba3530b693e9d10adbc04192a773d2360b954b32,0ae68de6eb34c95000351c56c3930f47ab6bf2363472390c946aae9240098700,760,2,train
3027,760,28,Heterochone calyx,/home/tahiti/MARINE_DATASETS/FathomNet_FGVC2025/data/rois/760_3027.png,/home/tahiti/MARINE_DATASETS/FathomNet_FGVC2025/data/images/760.png,f66b1ab64df735b1825844cfc24fecb553dae3742cb6570c737ff993b0c25a77,0ae68de6eb34c95000351c56c3930f47ab6bf2363472390c946aae9240098700,760,2,train
3028,760,16,Chionoecetes tanneri,/home/tahiti/MARINE_DATASETS/FathomNet_FGVC2025/data/rois/760_3028.png,/home/tahiti/MARINE_DATASETS/FathomNet_FGVC2025/data/images/760.png,fe8dcbcaee3c40e7b347cbe454be4dab478a44d8f8fdf861d838a2a943ab084f,0ae68de6eb34c95000351c56c3930f47ab6bf2363472390c946aae9240098700,760,2,train
3047,765,58,Peniagone,/home/tahiti/MARINE_DATASETS/FathomNet_FGVC2025/data/rois/765_3047.png,/home/tahiti/MARINE_DATASETS/FathomNet_FGVC2025/data/images/765.png,9e666fc2e73a203c5c18569300c2a83b8d41062a9931847a1b2991a2ad7aea2c,75585251cb0aa28cd345344b729a54986c1f3579179a911c7b516806989a24fd,765,2,train
3058,766,28,Heterochone calyx,/home/tahiti/MARINE_DATASETS/FathomNet_FGVC2025/data/rois/766_3058.png,/home/tahiti/MARINE_DATASETS/FathomNet_FGVC2025/data/images/766.png,8d21f753a771c1e1b829088d48ad1dea0564526ba281f7bd8ca967c61f6e1964,d74854ade035ad603e2c4f332bee6c83024942b2149dac4bed588b625c133525,766,4,train
3086,769,35,Isididae,/home/tahiti/MARINE_DATASETS/FathomNet_FGVC2025/data/rois/769_3086.png,/home/tahiti/MARINE_DATASETS/FathomNet_FGVC2025/data/images/769.png,39093ac60b33036dbde04418511013c635d26ba0e3aea336ee4c666b56bfa4ef,cd83de9e57789766f576c53775ce20fb49ecc749fa6a4db79f85ff5879e812fa,769,6,train
3101,776,68,Scotoplanes globosa,/home/tahiti/MARINE_DATASETS/FathomNet_FGVC2025/data/rois/776_3101.png,/home/tahiti/MARINE_DATASETS/FathomNet_FGVC2025/data/images/776.png,3a7c284aca9ef350244c03ef22e9cc51aedde53bd70c496053181db3163a8a14,74be9d4ea8a43fab86e962c247ab120aeecffb9e482d87f88f06eea2936acdae,776,4,train
3133,792,58,Peniagone,/home/tahiti/MARINE_DATASETS/FathomNet_FGVC2025/data/rois/792_3133.png,/home/tahiti/MARINE_DATASETS/FathomNet_FGVC2025/data/images/792.png,b0db3263a2a1af882fbd7003a19d306786a1a2b0f46cc51cf407196b77c468d8,f9345b01720b1043703b816ebc158526424259475affde30b4fcc0756f2a0f8a,792,4,train
3210,815,55,Paragorgia arborea,/home/tahiti/MARINE_DATASETS/FathomNet_FGVC2025/data/rois/815_3210.png,/home/tahiti/MARINE_DATASETS/FathomNet_FGVC2025/data/images/815.png,e19262198a3e08102e1958703306a80bc2029abf71af5d71b0f08de8b59e3dce,b56efef7abc9da84fbe58d45252b71d777e2f4867efa7a2728c7b951a06a1574,815,4,train
3219,820,60,Porifera,/home/tahiti/MARINE_DATASETS/FathomNet_FGVC2025/data/rois/820_3219.png,/home/tahiti/MARINE_DATASETS/FathomNet_FGVC2025/data/images/820.png,a28e4622e958d0a57c081108b6ac9e475d442f6f02afb3bf9c2a2c361860b083,99947cac679d78b6725f9dab91cc1b11ddd7d7b08ee7fe3f54952b835dd29102,820,4,train
3221,821,53,Pannychia moseleyi,/home/tahiti/MARINE_DATASETS/FathomNet_FGVC2025/data/rois/821_3221.png,/home/tahiti/MARINE_DATASETS/FathomNet_FGVC2025/data/images/821.png,ab4d1e377d717faa4a08e52d6973498f95a19a51f29029e7160b4a0a18afedc2,9e9c838066ca31c4a55edcb0409b2306168e795c2e111f4aed16c6e220865269,821,2,train
3256,829,57,Parastenella,/home/tahiti/MARINE_DATASETS/FathomNet_FGVC2025/data/rois/829_3256.png,/home/tahiti/MARINE_DATASETS/FathomNet_FGVC2025/data/images/829.png,603ccec6179ae5bd8c5c26a54fc436e48c1265234f57276afc6781637de6c5a2,1a1f27c394ea2cb25fc3a1258e21bc83d3820c9e57053eca61501173a96114e1,829,4,train
3263,834,68,Scotoplanes globosa,/home/tahiti/MARINE_DATASETS/FathomNet_FGVC2025/data/rois/834_3263.png,/home/tahiti/MARINE_DATASETS/FathomNet_FGVC2025/data/images/834.png,5dc4f3f158edeff5a366323e29e54742704f04513d0e44d07a18223b18f3c9f5,e02b94dcd6828366e34b1594d53fb3378e20f7bf8b53b37a482d7661c3e98cb8,834,1,train
3271,837,44,Munidopsis,/home/tahiti/MARINE_DATASETS/FathomNet_FGVC2025/data/rois/837_3271.png,/home/tahiti/MARINE_DATASETS/FathomNet_FGVC2025/data/images/837.png,77b07b2ec6bdbb5d12685533e15e1482ab68ea1c0cb637d7b0ffa01b83df3ae8,8e07b7f22c57022341a87f40304aa63f828ced575e8de7a34f5b5849f77bd584,837,2,train
3335,858,11,Asteroidea,/home/tahiti/MARINE_DATASETS/FathomNet_FGVC2025/data/rois/858_3335.png,/home/tahiti/MARINE_DATASETS/FathomNet_FGVC2025/data/images/858.png,e5e8582e7773f9f2a0e8189b28220289224c2216b7b14f1a9e777675a3b19167,17a21f823495081ae39abd4419475f2eeb83c3b89244be897f9c42d11ef0eb92,858,6,train
3337,858,5,Actiniaria,/home/tahiti/MARINE_DATASETS/FathomNet_FGVC2025/data/rois/858_3337.png,/home/tahiti/MARINE_DATASETS/FathomNet_FGVC2025/data/images/858.png,42904c7bd3af9b26a7288bc6814331cb19cd0b77dae759575f27cdae89525ee8,17a21f823495081ae39abd4419475f2eeb83c3b89244be897f9c42d11ef0eb92,858,6,train
3346,861,73,Staurocalyptus,/home/tahiti/MARINE_DATASETS/FathomNet_FGVC2025/data/rois/861_3346.png,/home/tahiti/MARINE_DATASETS/FathomNet_FGVC2025/data/images/861.png,7e1f4eab79ca452010a5857ad7220ab76e1cbc2d18604b46a6210128bd3b3534,0eee46cb64e8d2959a1827ba36d6f7fe48bc418fa64d6085191b486a7cba7449,861,4,train
3350,861,54,Paragorgia,/home/tahiti/MARINE_DATASETS/FathomNet_FGVC2025/data/rois/861_3350.png,/home/tahiti/MARINE_DATASETS/FathomNet_FGVC2025/data/images/861.png,02e6776e22d4e323e961b73dd89f35dc1010b3afcef3e7d7b72b4a492a185311,0eee46cb64e8d2959a1827ba36d6f7fe48bc418fa64d6085191b486a7cba7449,861,4,train
3368,862,59,Pennatula phosphorea,/home/tahiti/MARINE_DATASETS/FathomNet_FGVC2025/data/rois/862_3368.png,/home/tahiti/MARINE_DATASETS/FathomNet_FGVC2025/data/images/862.png,7a2f39801c03bcade72ab25cfa4cdb5d551b058db3b2a1fbb2c255814ef2c6d0,79bbd32576c9dede6f7bad1fa144de4209f998c51db376d87ed558728d2f1834,862,4,train
3424,873,25,Gastropoda,/home/tahiti/MARINE_DATASETS/FathomNet_FGVC2025/data/rois/873_3424.png,/home/tahiti/MARINE_DATASETS/FathomNet_FGVC2025/data/images/873.png,ba2b5884c6df602a18988069d3d42207a9543517246dc12a9a17cabf7dfb671b,e1cd24cb8834c8fdcc87f549c30ed8a83a856098d9a0bbe85ead4f34f3a2e9ea,873,2,train
3455,882,31,Hippasteria,/home/tahiti/MARINE_DATASETS/FathomNet_FGVC2025/data/rois/882_3455.png,/home/tahiti/MARINE_DATASETS/FathomNet_FGVC2025/data/images/882.png,32c35b003e103c44c40f259cd02cde951c35e370ab9b7a783dfbe93fab2ad29c,5b2d6a2acd4334bdf0e30e3bf4b17ac8e2033d25d803bbfdcea3bcdf1d81818e,882,4,train
3489,887,71,Sebastolobus,/home/tahiti/MARINE_DATASETS/FathomNet_FGVC2025/data/rois/887_3489.png,/home/tahiti/MARINE_DATASETS/FathomNet_FGVC2025/data/images/887.png,6a3b656bad90f404f4559d4684f42a74e783fc0701e8fbe1336919a8d04182f2,26f3c31f1e02ccdd06c016582ec6744c757c3e894ef4d7ec15f8e5c4357b3a9c,887,0,train
3541,905,53,Pannychia moseleyi,/home/tahiti/MARINE_DATASETS/FathomNet_FGVC2025/data/rois/905_3541.png,/home/tahiti/MARINE_DATASETS/FathomNet_FGVC2025/data/images/905.png,f6be2411d63e1088b28d26dcd31ddfb5353fc1479222e1d0635429ff4b11bbca,c3b5bb001d5a26a563d6aa25bf025230f15834f5ce1b0992322cc87ad4a954d0,905,6,train
3571,914,34,Isidella tentaculum,/home/tahiti/MARINE_DATASETS/FathomNet_FGVC2025/data/rois/914_3571.png,/home/tahiti/MARINE_DATASETS/FathomNet_FGVC2025/data/images/914.png,48797c0883e044f48d8f483c4d9c123d33363228647d43123756a1fdce610b7b,2de760e8313760c974ff7fd415f4604aed5d05317fe832f3e6bdbcee0a521f2c,914,0,train
3641,939,30,Hexactinellida,/home/tahiti/MARINE_DATASETS/FathomNet_FGVC2025/data/rois/939_3641.png,/home/tahiti/MARINE_DATASETS/FathomNet_FGVC2025/data/images/939.png,d183b08d0b2373701895ccd8ea489799ca6f256bce12bf2007fab336f0cecd9e,c6b9f454682bdaa194225c2af973460349561a9d87f3a35b4c1ae44e8b805201,939,1,train
3654,942,22,Farrea,/home/tahiti/MARINE_DATASETS/FathomNet_FGVC2025/data/rois/942_3654.png,/home/tahiti/MARINE_DATASETS/FathomNet_FGVC2025/data/images/942.png,24a655671c90f77964f2708bda7226b0678029ca5bebda9a041d61fed9103d07,fd7422fa12ca5273ebc9b91ae05dd9c73dcdb94efcf226f1ce8763158b77249b,942,2,train
3666,944,60,Porifera,/home/tahiti/MARINE_DATASETS/FathomNet_FGVC2025/data/rois/944_3666.png,/home/tahiti/MARINE_DATASETS/FathomNet_FGVC2025/data/images/944.png,d2ce5ac6baa1f18fb4a8fc757e25f62e144fa76f3cf653faa19e448594de5b59,ac5b09151aa8be8cb3d92b8dc3a2fc9b9f683a98f575045dcca9392aefabff24,944,2,train
3677,944,16,Chionoecetes tanneri,/home/tahiti/MARINE_DATASETS/FathomNet_FGVC2025/data/rois/944_3677.png,/home/tahiti/MARINE_DATASETS/FathomNet_FGVC2025/data/images/944.png,6e475064d18b50d0c3df1355d989069c9ab03f3963806657bf719311b4615e48,ac5b09151aa8be8cb3d92b8dc3a2fc9b9f683a98f575045dcca9392aefabff24,944,2,train
3710,951,71,Sebastolobus,/home/tahiti/MARINE_DATASETS/FathomNet_FGVC2025/data/rois/951_3710.png,/home/tahiti/MARINE_DATASETS/FathomNet_FGVC2025/data/images/951.png,9db1da04926862c0a6a90b62d5140fa4ad86f14bca75d36c4994a6de8f0ae0eb,5d2e4fe188b26558c05dfa16044441391dee7220859000be00ccf0956fad084d,951,0,train
3730,955,4,Actinernus,/home/tahiti/MARINE_DATASETS/FathomNet_FGVC2025/data/rois/955_3730.png,/home/tahiti/MARINE_DATASETS/FathomNet_FGVC2025/data/images/955.png,e72b085945dec365ccc2306785740dcf67a339d92e0f2c3137099d2f4bf33018,3054207f80593f76d29db46d7eff7f0a3feb1bf765b41b50c54f8aba2ea96f0a,955,2,train
3756,965,43,Microstomus pacificus,/home/tahiti/MARINE_DATASETS/FathomNet_FGVC2025/data/rois/965_3756.png,/home/tahiti/MARINE_DATASETS/FathomNet_FGVC2025/data/images/965.png,e5da3ffa6a2e152002c469c68ca43235d5ab4330383e1a63cfe4d39b661feb98,aea9042f939d7d7fd719ba35c8ad1210b1ffa44c3ab6b43fc67e9cde9f40aff9,965,0,train
3784,974,72,Serpulidae,/home/tahiti/MARINE_DATASETS/FathomNet_FGVC2025/data/rois/974_3784.png,/home/tahiti/MARINE_DATASETS/FathomNet_FGVC2025/data/images/974.png,2c7e53922c2ae6238f59093574b6e5334934db54ce27b11e17da8e6b3bd0727a,eb2241321e275ce73ed506b62f7d8a3442aca1f71e47c60bbbb8a6ead4f41c67,974,6,train
3785,974,72,Serpulidae,/home/tahiti/MARINE_DATASETS/FathomNet_FGVC2025/data/rois/974_3785.png,/home/tahiti/MARINE_DATASETS/FathomNet_FGVC2025/data/images/974.png,3a064ec49ff81636e9e22afcc33f9fcc63953eb236913386256959b092847a0e,eb2241321e275ce73ed506b62f7d8a3442aca1f71e47c60bbbb8a6ead4f41c67,974,6,train
3830,989,49,Ophiuroidea,/home/tahiti/MARINE_DATASETS/FathomNet_FGVC2025/data/rois/989_3830.png,/home/tahiti/MARINE_DATASETS/FathomNet_FGVC2025/data/images/989.png,147f02532934c2d281ae1fcb6430c2b99d22db2bf08841ce9fd85a6caf83aab0,194145274db0604848802a0332864ad10230668501107450f040af9ce065f9a3,989,1,train
3842,993,67,Scotoplanes,/home/tahiti/MARINE_DATASETS/FathomNet_FGVC2025/data/rois/993_3842.png,/home/tahiti/MARINE_DATASETS/FathomNet_FGVC2025/data/images/993.png,39c54ed768a367256b8ca50852f04fc7f86b50a4e2fa4f8b0ddd6ef1729abbc1,ee573905baa56ad666d3c94d51e8d12fcc6c4f8b8e7ca7c3ac474bed180be0c7,993,2,train
3858,999,5,Actiniaria,/home/tahiti/MARINE_DATASETS/FathomNet_FGVC2025/data/rois/999_3858.png,/home/tahiti/MARINE_DATASETS/FathomNet_FGVC2025/data/images/999.png,fbca033a739306be220027a6f073b5b31b4805c84cafc45b35e6f940992475f1,e5b223ddcae9f9f4b925d3c40b03a70bb6b5011e82ff404764b7e8021915903a,999,2,train
3862,999,24,Funiculina,/home/tahiti/MARINE_DATASETS/FathomNet_FGVC2025/data/rois/999_3862.png,/home/tahiti/MARINE_DATASETS/FathomNet_FGVC2025/data/images/999.png,decce8bfd61b07884d64135f8cce436bf3a4604bc01fc021dbf21e2a2cfef816,e5b223ddcae9f9f4b925d3c40b03a70bb6b5011e82ff404764b7e8021915903a,999,2,train
3897,1006,75,Terebellidae,/home/tahiti/MARINE_DATASETS/FathomNet_FGVC2025/data/rois/1006_3897.png,/home/tahiti/MARINE_DATASETS/FathomNet_FGVC2025/data/images/1006.png,df802af3d30e44a0e11438f9e72bd36b11b1a52cfc349e6ff4d0f81934fa0ed6,82260dff8ce892bc41a5fc84b3e923b52385fa5ff98ac3bd420c233f71514d8f,1006,0,train
4004,1029,53,Pannychia moseleyi,/home/tahiti/MARINE_DATASETS/FathomNet_FGVC2025/data/rois/1029_4004.png,/home/tahiti/MARINE_DATASETS/FathomNet_FGVC2025/data/images/1029.png,5027825a9059cd23f928d62f825fa2a4c681c5bcbb70b16b3c0905bdde33689d,2fc5017848b61f68296db9ad1ca7cafd2f588dd2ff8e4418d73b722491edbb14,1029,6,train
4023,1032,60,Porifera,/home/tahiti/MARINE_DATASETS/FathomNet_FGVC2025/data/rois/1032_4023.png,/home/tahiti/MARINE_DATASETS/FathomNet_FGVC2025/data/images/1032.png,0bb55a37b32217ee57c42f6f8420eb2e15e54697d0b9956ff9cf27a57484c99f,0a9fd54731c9f03fb63047195f535a7ac11e86fbe38bcce6d773e70b15970cf9,1032,6,train
4037,1036,30,Hexactinellida,/home/tahiti/MARINE_DATASETS/FathomNet_FGVC2025/data/rois/1036_4037.png,/home/tahiti/MARINE_DATASETS/FathomNet_FGVC2025/data/images/1036.png,32ffde9231469afeb71d4a19da4b6e25b8a84bece62db2f02bb82b131192080b,59266b41be7ec22fd9365d97eaaf7f75bb4c13bafc273f3b965ee982bf19266b,1036,0,train
4056,1043,15,Ceriantharia,/home/tahiti/MARINE_DATASETS/FathomNet_FGVC2025/data/rois/1043_4056.png,/home/tahiti/MARINE_DATASETS/FathomNet_FGVC2025/data/images/1043.png,9bdb4e657b7819c22dda53ad0d27935412c0b1c5edb350744649cf62b214f1d9,42093953c4d41121f479cdefba93e528a9a1b9c1363495de524cf1ff8b4325cb,1043,2,train
4064,1048,41,Merluccius productus,/home/tahiti/MARINE_DATASETS/FathomNet_FGVC2025/data/rois/1048_4064.png,/home/tahiti/MARINE_DATASETS/FathomNet_FGVC2025/data/images/1048.png,b804f36148b355ed5a8afef0d31b0557182b2a94c5fb5074bc1ec5865ef3658a,cfba207a911e1c6d99d861b97972638eef9cf9b5392b7e0aa17ac23d5f770aa2,1048,2,train
4079,1058,41,Merluccius productus,/home/tahiti/MARINE_DATASETS/FathomNet_FGVC2025/data/rois/1058_4079.png,/home/tahiti/MARINE_DATASETS/FathomNet_FGVC2025/data/images/1058.png,28d3f6de229f353be6e28c94a195b283a6bdea2f9aa000c2306428b7758af6d9,66491753cf378f3faebed38320f971a2893c08d174e8b404f87e7778718d4bcf,1058,2,train
4086,1063,21,Elpidia,/home/tahiti/MARINE_DATASETS/FathomNet_FGVC2025/data/rois/1063_4086.png,/home/tahiti/MARINE_DATASETS/FathomNet_FGVC2025/data/images/1063.png,ea6d203b8d44398b505de27a4f093c7ff871f44a3159e4d158640c40cd1f4e95,fc8f331ef5727bac9c5d308fe751d906b92a56fa2c5853bbb3e174a32ac98872,1063,2,train
4094,1066,60,Porifera,/home/tahiti/MARINE_DATASETS/FathomNet_FGVC2025/data/rois/1066_4094.png,/home/tahiti/MARINE_DATASETS/FathomNet_FGVC2025/data/images/1066.png,211f569e9c722f0d207ef109851b065ec43384a2e6a54831d2d9a42bbe4440f6,658bf9886a91e1856c9f30380a6c8705a8142f5ad1b1fbe8e16e5b5ca69d0922,1066,6,train
4100,1067,33,Hormathiidae,/home/tahiti/MARINE_DATASETS/FathomNet_FGVC2025/data/rois/1067_4100.png,/home/tahiti/MARINE_DATASETS/FathomNet_FGVC2025/data/images/1067.png,4b31a97532209e51b3fb13a6f7f5f34e9c58f80b0a00678e5446cfa9d8864bf9,e5b90c8542039fede0e3b0e9f0c1c4fb903282424ebbbcc65271b43fbd01f335,1067,0,train
4118,1068,60,Porifera,/home/tahiti/MARINE_DATASETS/FathomNet_FGVC2025/data/rois/1068_4118.png,/home/tahiti/MARINE_DATASETS/FathomNet_FGVC2025/data/images/1068.png,6c44e59091d82b66cf666d2f00b48b79a418191d2481a86f612ed20e096efb64,669add8b54737d3910c6f04874ceb29a5267ddca63215bead634ff916347b626,1068,2,train
4225,1110,65,Rathbunaster californicus,/home/tahiti/MARINE_DATASETS/FathomNet_FGVC2025/data/rois/1110_4225.png,/home/tahiti/MARINE_DATASETS/FathomNet_FGVC2025/data/images/1110.png,707f8d3e03ec7d09e556cd752ced160d0334a20f44981183d466381bd12c9791,6fa86adcd013e55e4902dfd3bd3894502c1267b87a317447183970c154b7656a,1110,2,train
4227,1110,65,Rathbunaster californicus,/home/tahiti/MARINE_DATASETS/FathomNet_FGVC2025/data/rois/1110_4227.png,/home/tahiti/MARINE_DATASETS/FathomNet_FGVC2025/data/images/1110.png,bed49de37cea15700eb8de740611ca9afedc863d7f5a37fab1bc53e377a0127b,6fa86adcd013e55e4902dfd3bd3894502c1267b87a317447183970c154b7656a,1110,2,train
4228,1110,43,Microstomus pacificus,/home/tahiti/MARINE_DATASETS/FathomNet_FGVC2025/data/rois/1110_4228.png,/home/tahiti/MARINE_DATASETS/FathomNet_FGVC2025/data/images/1110.png,28a6cd87c10800318d35e7b0fcd47e13a8c32d34dda3eaa18e417b0d1af65ada,6fa86adcd013e55e4902dfd3bd3894502c1267b87a317447183970c154b7656a,1110,2,train
4239,1110,65,Rathbunaster californicus,/home/tahiti/MARINE_DATASETS/FathomNet_FGVC2025/data/rois/1110_4239.png,/home/tahiti/MARINE_DATASETS/FathomNet_FGVC2025/data/images/1110.png,d5ea16264a13e999852258de1afa5b636e2130a7ad2e044e731202a7f6ab89d3,6fa86adcd013e55e4902dfd3bd3894502c1267b87a317447183970c154b7656a,1110,2,train
4241,1111,47,Octopus rubescens,/home/tahiti/MARINE_DATASETS/FathomNet_FGVC2025/data/rois/1111_4241.png,/home/tahiti/MARINE_DATASETS/FathomNet_FGVC2025/data/images/1111.png,968805ab1d0ad7461e777ff4af8e1a6019055830d4c034214a04ea402a0aaaf0,044fef541b21f721ae210f376078a7ddadc86aaf29e8c9fd4a6f5dff42e417b8,1111,2,train
4291,1121,5,Actiniaria,/home/tahiti/MARINE_DATASETS/FathomNet_FGVC2025/data/rois/1121_4291.png,/home/tahiti/MARINE_DATASETS/FathomNet_FGVC2025/data/images/1121.png,c33326c18adeeddb78e6d79670ed195d41ea8da3397c7782c4ba8071f9a9681b,77e1c139e07dc54fa42aa1cfafa878b80b5e0090c694f438c6493fa85ba9f6f8,1121,2,train
4348,1139,14,Caridea,/home/tahiti/MARINE_DATASETS/FathomNet_FGVC2025/data/rois/1139_4348.png,/home/tahiti/MARINE_DATASETS/FathomNet_FGVC2025/data/images/1139.png,cfcc0e841f88c7f4ec945020e4b553b452676f3a6dec6b5a54a757d4ee7ee732,4d061a7b31479935db85c369285dabb7d27aed5397fe8253f70f0b665fcb7434,1139,4,train
4356,1139,62,Psolus squamatus,/home/tahiti/MARINE_DATASETS/FathomNet_FGVC2025/data/rois/1139_4356.png,/home/tahiti/MARINE_DATASETS/FathomNet_FGVC2025/data/images/1139.png,dfd9d5888d064f43d61c84156048618f859ee69e5f82597da84b7dc1e704e4e1,4d061a7b31479935db85c369285dabb7d27aed5397fe8253f70f0b665fcb7434,1139,4,train
4388,1147,60,Porifera,/home/tahiti/MARINE_DATASETS/FathomNet_FGVC2025/data/rois/1147_4388.png,/home/tahiti/MARINE_DATASETS/FathomNet_FGVC2025/data/images/1147.png,abd8805f3787c924b40ecd2f2cedd516bc4d5ccf1a35f8f94c345644d03ef42c,b9f88fbfb4999b751a8ed405e97bb0d8b622abd1fb49e6a479c040f0201692f8,1147,1,train
4395,1151,76,Tunicata,/home/tahiti/MARINE_DATASETS/FathomNet_FGVC2025/data/rois/1151_4395.png,/home/tahiti/MARINE_DATASETS/FathomNet_FGVC2025/data/images/1151.png,698d6415c356bad9c6f2570346bc33584afca0e2fcf1bd95624bd0e5b41fb2de,49438cdee67ed7add13b79f8bf642dd6c7f46ca45f9e4d18086bd2fc8ba64911,1151,2,train
4419,1159,67,Scotoplanes,/home/tahiti/MARINE_DATASETS/FathomNet_FGVC2025/data/rois/1159_4419.png,/home/tahiti/MARINE_DATASETS/FathomNet_FGVC2025/data/images/1159.png,48ba20b571c0b28baee5c4e86e2f97ab83afc651a94f11fc37e904559e1258c0,06404e393e44a3395ddd150131f338537cbf506d4dc68a5c51dd09b99e0a08db,1159,4,train
4425,1163,16,Chionoecetes tanneri,/home/tahiti/MARINE_DATASETS/FathomNet_FGVC2025/data/rois/1163_4425.png,/home/tahiti/MARINE_DATASETS/FathomNet_FGVC2025/data/images/1163.png,70850e57a362326c43c36fb1766c8adae0b9bf51c98f5648f7e582438f535465,be03db0a8f465244a929d73bae88fb9487f100b940ca76692a279fe5be619911,1163,0,train
4439,1165,36,Isosicyonis,/home/tahiti/MARINE_DATASETS/FathomNet_FGVC2025/data/rois/1165_4439.png,/home/tahiti/MARINE_DATASETS/FathomNet_FGVC2025/data/images/1165.png,52ae5e49272df51c79609b3da70b3ed0469a96554a78aa9916dc6f3198ae380d,649d45ea4451ea5acf9d035085fe54313fdf3055a2b31dbbce644bd1e5e64fcb,1165,1,train
4450,1165,5,Actiniaria,/home/tahiti/MARINE_DATASETS/FathomNet_FGVC2025/data/rois/1165_4450.png,/home/tahiti/MARINE_DATASETS/FathomNet_FGVC2025/data/images/1165.png,a1884f15bab3fef201277823bdcbaa8a16fde935e3b06a2ec32e3290352c50e3,649d45ea4451ea5acf9d035085fe54313fdf3055a2b31dbbce644bd1e5e64fcb,1165,1,train
4523,1177,53,Pannychia moseleyi,/home/tahiti/MARINE_DATASETS/FathomNet_FGVC2025/data/rois/1177_4523.png,/home/tahiti/MARINE_DATASETS/FathomNet_FGVC2025/data/images/1177.png,3264338cdc9c6fb204190139ac2d078c1fc6dcb712b802d4e6c00a9164c53661,d84d29ea094eccce3be103d16eedde31d06725b8e1e13ba188348f00818009df,1177,2,train
4546,1188,72,Serpulidae,/home/tahiti/MARINE_DATASETS/FathomNet_FGVC2025/data/rois/1188_4546.png,/home/tahiti/MARINE_DATASETS/FathomNet_FGVC2025/data/images/1188.png,b9a435581be7ad436dfd5d635e04b503e8b34c0bd7d9fc3e577ba83eb70e15b5,466be4a0019a260c2723834ea1b04abbba863c982b2ba098deeecd72b836b2bb,1188,6,train
4638,1217,19,Crinoidea,/home/tahiti/MARINE_DATASETS/FathomNet_FGVC2025/data/rois/1217_4638.png,/home/tahiti/MARINE_DATASETS/FathomNet_FGVC2025/data/images/1217.png,d2edea8a2af5c7a4a3b3dead9066ccd47e68af53e50665aa686bffea1c92b3ad,4bca0b6ba99c7ee5821233e7c082f384137f0a59d3b72cc1d8cd28b980c1b7e0,1217,2,train
4641,1218,2,Acanthascinae,/home/tahiti/MARINE_DATASETS/FathomNet_FGVC2025/data/rois/1218_4641.png,/home/tahiti/MARINE_DATASETS/FathomNet_FGVC2025/data/images/1218.png,149f4c3844f00c96c37e2d165cec6652ed7789e11063d35ebb90554efb944530,d9e9a95111d78e22cd29b7272d1738fe2aa95291682fdef2d785fc6676554898,1218,1,train
4650,1222,11,Asteroidea,/home/tahiti/MARINE_DATASETS/FathomNet_FGVC2025/data/rois/1222_4650.png,/home/tahiti/MARINE_DATASETS/FathomNet_FGVC2025/data/images/1222.png,33602979480a92b1464f9abd2e7a4ea5344fd82a276c4bb73b3466bce09f095c,467285af04c98a34b380cdfd9064fb862f16700f7fd3518538fee0e172d076af,1222,0,train
4685,1228,43,Microstomus pacificus,/home/tahiti/MARINE_DATASETS/FathomNet_FGVC2025/data/rois/1228_4685.png,/home/tahiti/MARINE_DATASETS/FathomNet_FGVC2025/data/images/1228.png,e641ebbe9cfc8203165cf866d95f66fe2df7eb600f1ed2b033702c364ed4b9c2,78ba84f8675afcc774c6e788a1915de717ce983661dbd94bb28134b887a2d45d,1228,2,train
4688,1231,35,Isididae,/home/tahiti/MARINE_DATASETS/FathomNet_FGVC2025/data/rois/1231_4688.png,/home/tahiti/MARINE_DATASETS/FathomNet_FGVC2025/data/images/1231.png,81a64f530e998864dbcfdbcf00397fc8e7d0ffc2c95682582d5abd5a40110d84,f25e2049a593d5c6f3a0d6894826e71fba9afd292ea0526bd5ea7110107910f4,1231,6,train
4703,1233,11,Asteroidea,/home/tahiti/MARINE_DATASETS/FathomNet_FGVC2025/data/rois/1233_4703.png,/home/tahiti/MARINE_DATASETS/FathomNet_FGVC2025/data/images/1233.png,247894ac9af5a20abbace88df6ead7e4eada995f77b3c0f5e501be5b256a1cd6,a883bdd05bdd43f64978a3cc1d50dc2bb915106408c813140895cb96518ef8a9,1233,2,train
4707,1234,5,Actiniaria,/home/tahiti/MARINE_DATASETS/FathomNet_FGVC2025/data/rois/1234_4707.png,/home/tahiti/MARINE_DATASETS/FathomNet_FGVC2025/data/images/1234.png,886d4bbf2a9d19f7e2de4da47d226472cd85a5923c860ac1edff96eb6a72d4f7,61d24aa043a8396149cd29656371ba463fbb7aaddcda0e74cb1f9d5210eb6931,1234,1,train
4717,1237,37,Keratoisis,/home/tahiti/MARINE_DATASETS/FathomNet_FGVC2025/data/rois/1237_4717.png,/home/tahiti/MARINE_DATASETS/FathomNet_FGVC2025/data/images/1237.png,fb221a163796ef979466af12fcea80b11160f1446c732fd1e00db160dc085470,f7a92124c9fa4fdd1273a9fc164a273b28977a75e80f31854f3936e3734154c7,1237,0,train
4766,1256,37,Keratoisis,/home/tahiti/MARINE_DATASETS/FathomNet_FGVC2025/data/rois/1256_4766.png,/home/tahiti/MARINE_DATASETS/FathomNet_FGVC2025/data/images/1256.png,13ab45bd98268598113baf47643ea236c64b2a9237b1a54e9a09aff4cf31bf2f,6421df8ea924fa634094d99ffbb7c442c787a7d45a1837d41b355327e573f105,1256,6,train
4801,1274,71,Sebastolobus,/home/tahiti/MARINE_DATASETS/FathomNet_FGVC2025/data/rois/1274_4801.png,/home/tahiti/MARINE_DATASETS/FathomNet_FGVC2025/data/images/1274.png,eb531c517b550dd351483c431075b57fa4ccda1842bff104a46450ecba925771,bf948b792f39315bfd45142e0db48e26d728de9f8686beea3afe80b1eecfd00e,1274,6,train
4855,1284,37,Keratoisis,/home/tahiti/MARINE_DATASETS/FathomNet_FGVC2025/data/rois/1284_4855.png,/home/tahiti/MARINE_DATASETS/FathomNet_FGVC2025/data/images/1284.png,0b4f5dc5bf58397495ec53e93cd2daf5d8705d4792cf5a785cd2c099e309f9c0,14ac1e2c84a3521c995de8f8c4f0090d6b5c34b596e364c2c0ffb45292dbb7a3,1284,1,train
4866,1293,67,Scotoplanes,/home/tahiti/MARINE_DATASETS/FathomNet_FGVC2025/data/rois/1293_4866.png,/home/tahiti/MARINE_DATASETS/FathomNet_FGVC2025/data/images/1293.png,dacbc7f36589091acd4660d5509aed619a35b33c8f81963a6d4b686bcd808c6c,e9617ad88d970fcf275f6281a30195c45986b813036cad1b4c67ffd07c7c976a,1293,0,train
4909,1311,62,Psolus squamatus,/home/tahiti/MARINE_DATASETS/FathomNet_FGVC2025/data/rois/1311_4909.png,/home/tahiti/MARINE_DATASETS/FathomNet_FGVC2025/data/images/1311.png,c567e5e0a460ecd540de928804204323d65451641c1bae4a33b5ae57d0fed00a,064f01346b422978251171910e85164dc3cd2172b52f56ede52edfe3634d0f22,1311,4,train
4910,1311,62,Psolus squamatus,/home/tahiti/MARINE_DATASETS/FathomNet_FGVC2025/data/rois/1311_4910.png,/home/tahiti/MARINE_DATASETS/FathomNet_FGVC2025/data/images/1311.png,7ca89f17c50447a6dce7f95330354196edf14f862f42d08e6f656b193ff06c77,064f01346b422978251171910e85164dc3cd2172b52f56ede52edfe3634d0f22,1311,4,train
4935,1311,62,Psolus squamatus,/home/tahiti/MARINE_DATASETS/FathomNet_FGVC2025/data/rois/1311_4935.png,/home/tahiti/MARINE_DATASETS/FathomNet_FGVC2025/data/images/1311.png,53c6c84e9c763f572a6615aeb5ae88f239de011f4f8c5570364653a762f821ed,064f01346b422978251171910e85164dc3cd2172b52f56ede52edfe3634d0f22,1311,4,train
4945,1313,37,Keratoisis,/home/tahiti/MARINE_DATASETS/FathomNet_FGVC2025/data/rois/1313_4945.png,/home/tahiti/MARINE_DATASETS/FathomNet_FGVC2025/data/images/1313.png,462bf33b35c814b63affc35429846e86e79488adab4a5aa8781c891fe003d350,8dc3e96b1293bdf6ee5b7a1462d26c3ad333afb39579eb09c27b5462b633fa63,1313,2,train
4993,1330,60,Porifera,/home/tahiti/MARINE_DATASETS/FathomNet_FGVC2025/data/rois/1330_4993.png,/home/tahiti/MARINE_DATASETS/FathomNet_FGVC2025/data/images/1330.png,42c004aaf13be61f0adc352c419286ca9797b34f90943ed08c2320ee0fca3708,0093c954e2749cf7a29b4ea15a10f76a4f4e9c0064f16c80ccc7e44cd0f5217e,1330,6,train
5006,1330,28,Heterochone calyx,/home/tahiti/MARINE_DATASETS/FathomNet_FGVC2025/data/rois/1330_5006.png,/home/tahiti/MARINE_DATASETS/FathomNet_FGVC2025/data/images/1330.png,ee51b4748659afc95022c6e28479a793b451f7fdbf4f56a4bd3b0e296a0ef65a,0093c954e2749cf7a29b4ea15a10f76a4f4e9c0064f16c80ccc7e44cd0f5217e,1330,6,train
5022,1331,5,Actiniaria,/home/tahiti/MARINE_DATASETS/FathomNet_FGVC2025/data/rois/1331_5022.png,/home/tahiti/MARINE_DATASETS/FathomNet_FGVC2025/data/images/1331.png,dfe0c63dfc6e25d5ba48061d031db5fb242c0da5d47dada4a4fd4d2793765142,9a23b5c9b1e1d99c9dfaa79495cef43979f71396799cf02156953b3beedf5741,1331,0,train
5058,1345,19,Crinoidea,/home/tahiti/MARINE_DATASETS/FathomNet_FGVC2025/data/rois/1345_5058.png,/home/tahiti/MARINE_DATASETS/FathomNet_FGVC2025/data/images/1345.png,a84de9432ab6a75f208f27e9476af08c88de255ad9e92b61f58a5e180e1ece2c,5e156fb6f8b5ff239d13071afa2d04ccc22d06a77c21b1e005dc046df3da761c,1345,1,train
5104,1366,16,Chionoecetes tanneri,/home/tahiti/MARINE_DATASETS/FathomNet_FGVC2025/data/rois/1366_5104.png,/home/tahiti/MARINE_DATASETS/FathomNet_FGVC2025/data/images/1366.png,c70368aeb291a1b174574ac58a2d16a8797e65adbe9385f38afb2f99963cd53c,b5c320656940a6f48b2a82b55042279905081ba1268bdb60d7b13e0768f44695,1366,1,train
5108,1366,11,Asteroidea,/home/tahiti/MARINE_DATASETS/FathomNet_FGVC2025/data/rois/1366_5108.png,/home/tahiti/MARINE_DATASETS/FathomNet_FGVC2025/data/images/1366.png,4e6a896a9397795431048a267e0789cae7120e79dda6b67785e1ef2eb1ec6a1d,b5c320656940a6f48b2a82b55042279905081ba1268bdb60d7b13e0768f44695,1366,1,train
5121,1370,69,Sebastes,/home/tahiti/MARINE_DATASETS/FathomNet_FGVC2025/data/rois/1370_5121.png,/home/tahiti/MARINE_DATASETS/FathomNet_FGVC2025/data/images/1370.png,f427e9b56eacf98c318a8da0ff00d7139a3e5c4864de0677bb2eeec8a717bcb2,000cbdb8b0d0f9be4d20f1ec8f82d64f46638bb9c948b9fe65d3f1b78a436d32,1370,0,train
5122,1370,65,Rathbunaster californicus,/home/tahiti/MARINE_DATASETS/FathomNet_FGVC2025/data/rois/1370_5122.png,/home/tahiti/MARINE_DATASETS/FathomNet_FGVC2025/data/images/1370.png,370a193d7fb2f407e0beebdac09ff3f3018c783462481849eec3df118a986f34,000cbdb8b0d0f9be4d20f1ec8f82d64f46638bb9c948b9fe65d3f1b78a436d32,1370,0,train
5126,1370,5,Actiniaria,/home/tahiti/MARINE_DATASETS/FathomNet_FGVC2025/data/rois/1370_5126.png,/home/tahiti/MARINE_DATASETS/FathomNet_FGVC2025/data/images/1370.png,9c9ceff1e961d28be7094bfe1e84a132ba34110881b8877f2a1fb7cf87b23ec5,000cbdb8b0d0f9be4d20f1ec8f82d64f46638bb9c948b9fe65d3f1b78a436d32,1370,0,train
5142,1374,45,Munnopsidae,/home/tahiti/MARINE_DATASETS/FathomNet_FGVC2025/data/rois/1374_5142.png,/home/tahiti/MARINE_DATASETS/FathomNet_FGVC2025/data/images/1374.png,58a0db2e44175a7ada6eb7e578d82085d037e1b39f363c7fe9dc50449bab2fc6,4a769e7cfdbad9edd047254f78ff75cb950c68d4298dd1e5b44e9acf0856ee2e,1374,1,train
5219,1389,41,Merluccius productus,/home/tahiti/MARINE_DATASETS/FathomNet_FGVC2025/data/rois/1389_5219.png,/home/tahiti/MARINE_DATASETS/FathomNet_FGVC2025/data/images/1389.png,f385eb4fba1d8b9006780667c293123e0641ec6ac0fd8069cbcf40820014a0dd,9502c45c463808a82e76a57c112e8ee0c125d3b6092ddce0a0a6140aad162010,1389,1,train
5226,1390,21,Elpidia,/home/tahiti/MARINE_DATASETS/FathomNet_FGVC2025/data/rois/1390_5226.png,/home/tahiti/MARINE_DATASETS/FathomNet_FGVC2025/data/images/1390.png,aebe6cbb13bbf6313ae9581d91f8b0a87ea855056b19af67bfe4d308ae4005d3,54c15db404cba94f54276fda193d42bd4fefe4dc13a884f7667738c81bb06f28,1390,6,train
5234,1394,64,Pyrosoma atlanticum,/home/tahiti/MARINE_DATASETS/FathomNet_FGVC2025/data/rois/1394_5234.png,/home/tahiti/MARINE_DATASETS/FathomNet_FGVC2025/data/images/1394.png,5d473539ade96261d076b0272f0918df427e1e022a718e3f10c106d76b6185c4,30f2e6178b7a12628231dd383d89bd98d09966851d8380ef9664345b2b0ddfc8,1394,1,train
5238,1395,73,Staurocalyptus,/home/tahiti/MARINE_DATASETS/FathomNet_FGVC2025/data/rois/1395_5238.png,/home/tahiti/MARINE_DATASETS/FathomNet_FGVC2025/data/images/1395.png,afebb7d32df9f54e67c9ce7351d120b78865ee554b7e4a4b1d445f6660fdf8e9,ae2f1cfd6e68f572be38d4447f51b7498f15c488c9a09aec35cd73376e38867e,1395,6,train
5246,1398,30,Hexactinellida,/home/tahiti/MARINE_DATASETS/FathomNet_FGVC2025/data/rois/1398_5246.png,/home/tahiti/MARINE_DATASETS/FathomNet_FGVC2025/data/images/1398.png,66edcabbe6d5ca05c5f5d73522a0acacb2a8a653bbb23bfadf78fad1d5b63086,043d0c18bed6dc986adf412d92e3fc3d70cdb2fe16562cdef7cbd3984611b294,1398,2,train
5289,1412,53,Pannychia moseleyi,/home/tahiti/MARINE_DATASETS/FathomNet_FGVC2025/data/rois/1412_5289.png,/home/tahiti/MARINE_DATASETS/FathomNet_FGVC2025/data/images/1412.png,3026ee670b5647200cb014146d1b6bf9ce108671326f90f0d1a2edf484d96f97,b9cfd5c1f46fbed55f5cf7d270df229f2104a0e749a139d101ae46f17fcec197,1412,6,train
5293,1414,60,Porifera,/home/tahiti/MARINE_DATASETS/FathomNet_FGVC2025/data/rois/1414_5293.png,/home/tahiti/MARINE_DATASETS/FathomNet_FGVC2025/data/images/1414.png,81ae8dc94cb9254490292a9ec5d4ab611d5992435b1ffb6a92329a7c0cbc4081,8fb0b5d4ebb1be49a757294de2f1d334d06e9a7bdcd8c8480774ea7b3d730c88,1414,4,train
5316,1420,68,Scotoplanes globosa,/home/tahiti/MARINE_DATASETS/FathomNet_FGVC2025/data/rois/1420_5316.png,/home/tahiti/MARINE_DATASETS/FathomNet_FGVC2025/data/images/1420.png,59a89abee4ce64836734f161016e1e674dd550513ef03ed526cd2d24291272e9,88b4ef40e545dbde41a32e28bc5b4241028a69a595bcc29c0d441eb781af1e62,1420,0,train
5324,1424,11,Asteroidea,/home/tahiti/MARINE_DATASETS/FathomNet_FGVC2025/data/rois/1424_5324.png,/home/tahiti/MARINE_DATASETS/FathomNet_FGVC2025/data/images/1424.png,f37db7743f8a1b74ab5c24e4a7a90b8cd016bac7091d4c1faef658d576be5520,ad7f95c1e898bb3fec095bb3f402a734a0eac02decb5f16354ca6f168e875ad3,1424,6,train
5453,1466,68,Scotoplanes globosa,/home/tahiti/MARINE_DATASETS/FathomNet_FGVC2025/data/rois/1466_5453.png,/home/tahiti/MARINE_DATASETS/FathomNet_FGVC2025/data/images/1466.png,9d50527d7f81e86d97bb10e2c6c0bb33957eab5a97d3a6a7b807e26690858622,8095d2082c31cd7e941cc3bcde90c10b294b98b41907a806ba6f654750e6d6e5,1466,2,train
5459,1470,44,Munidopsis,/home/tahiti/MARINE_DATASETS/FathomNet_FGVC2025/data/rois/1470_5459.png,/home/tahiti/MARINE_DATASETS/FathomNet_FGVC2025/data/images/1470.png,16900f68a40b437efb47550d5cc197ce79deb2eea42dfffa5d15e79733135751,4a39054af7a34a6713f11e4675b179c36ddb86f7de244176590933404988d457,1470,2,train
5464,1470,44,Munidopsis,/home/tahiti/MARINE_DATASETS/FathomNet_FGVC2025/data/rois/1470_5464.png,/home/tahiti/MARINE_DATASETS/FathomNet_FGVC2025/data/images/1470.png,afc0c75ea23a38d0938309a1a87dfe96603855080184ee3cb6592340d01ee3d2,4a39054af7a34a6713f11e4675b179c36ddb86f7de244176590933404988d457,1470,2,train
5490,1479,78,Vesicomyidae,/home/tahiti/MARINE_DATASETS/FathomNet_FGVC2025/data/rois/1479_5490.png,/home/tahiti/MARINE_DATASETS/FathomNet_FGVC2025/data/images/1479.png,c54b01ce42b6e7415ab5b3626d49287a33126559a2908b03fafe57492576c411,fcfbc1e4f0d1f29dd7d361321433ca1d9b31d1444bb42f172a0476f45c3f4458,1479,1,train
5515,1487,67,Scotoplanes,/home/tahiti/MARINE_DATASETS/FathomNet_FGVC2025/data/rois/1487_5515.png,/home/tahiti/MARINE_DATASETS/FathomNet_FGVC2025/data/images/1487.png,10026887423f6a18e8766c1ed55f0d9f21e645ab9f57ea21c37502f6c48d3191,001100ba4e7d11c137c290ea9b1c284621e7b21f3163b6ed78aff7c8e6bba17f,1487,6,train
5528,1491,58,Peniagone,/home/tahiti/MARINE_DATASETS/FathomNet_FGVC2025/data/rois/1491_5528.png,/home/tahiti/MARINE_DATASETS/FathomNet_FGVC2025/data/images/1491.png,274b3d780f5b27e3c93b9fb7305161eb67fc8de61fefd68009dcde2311985d55,b8222628fb8fecc2d76655d4feb3a44f5f3950085c734e55d89610f893b73455,1491,1,train
5585,1513,30,Hexactinellida,/home/tahiti/MARINE_DATASETS/FathomNet_FGVC2025/data/rois/1513_5585.png,/home/tahiti/MARINE_DATASETS/FathomNet_FGVC2025/data/images/1513.png,87bfca68696dd9821cdcb4d8e0dfdb61538058a8a8c7c4dc6c204a504eb1e445,0f280483b25edfd9abee4743b07bcef3febbfa8c014db119267dc5626cae636b,1513,1,train
5594,1515,60,Porifera,/home/tahiti/MARINE_DATASETS/FathomNet_FGVC2025/data/rois/1515_5594.png,/home/tahiti/MARINE_DATASETS/FathomNet_FGVC2025/data/images/1515.png,ec66cd017554967a133cec12fb3145fb6f3b94a58225d1ce254d9eec8b5083cc,d59a292cbc7eb12daeab45b3f7788fd34541f7563dba4e3a1abfaa494b070250,1515,6,train
5602,1518,44,Munidopsis,/home/tahiti/MARINE_DATASETS/FathomNet_FGVC2025/data/rois/1518_5602.png,/home/tahiti/MARINE_DATASETS/FathomNet_FGVC2025/data/images/1518.png,d79be38f132e2c83b7f774d0157de491e96dcfdea7f71830b219a8804bc7a903,5e59c57bb0f400fb85ce5822805cbf02192b6f8618b98922fdcc2fba7ed0a3c0,1518,1,train
5604,1519,55,Paragorgia arborea,/home/tahiti/MARINE_DATASETS/FathomNet_FGVC2025/data/rois/1519_5604.png,/home/tahiti/MARINE_DATASETS/FathomNet_FGVC2025/data/images/1519.png,913a5b5041ceaa464b06c6055f2cd4d81858a0fb745ae38aed5ad28d03ae8035,8ed432c2b82d86af0a7880a9e8d3b121de084f6464debcf65344149b48d1b7ea,1519,0,train
5629,1524,7,Amphipoda,/home/tahiti/MARINE_DATASETS/FathomNet_FGVC2025/data/rois/1524_5629.png,/home/tahiti/MARINE_DATASETS/FathomNet_FGVC2025/data/images/1524.png,dca0aac7e62bfa8555e145f1b58d47a316d9eaac13bc650fcbb845b76d1b721e,852c237a002f2ffce646a9386577defde44ea980043a529081f78a0e13e6d09d,1524,1,train
5644,1527,58,Peniagone,/home/tahiti/MARINE_DATASETS/FathomNet_FGVC2025/data/rois/1527_5644.png,/home/tahiti/MARINE_DATASETS/FathomNet_FGVC2025/data/images/1527.png,64e336e4dd24e825af96de5b6c3208b76e66225c6b50fc63f2f4411395fa03ff,61271c5bf18d81f53dc56c61aaa4a5d77606e24a058c75b386307d79f45171f8,1527,2,train
5662,1530,17,Chorilia longipes,/home/tahiti/MARINE_DATASETS/FathomNet_FGVC2025/data/rois/1530_5662.png,/home/tahiti/MARINE_DATASETS/FathomNet_FGVC2025/data/images/1530.png,a791ba32023b0101628ecc93e3e5f7f14ca64fc279fa54e14aca9dbbeb39ddb8,d7956d99531139ab12a9100ff9c5f1db34ff592bb94c1b38d229a9739b67b8d4,1530,1,train
5732,1554,5,Actiniaria,/home/tahiti/MARINE_DATASETS/FathomNet_FGVC2025/data/rois/1554_5732.png,/home/tahiti/MARINE_DATASETS/FathomNet_FGVC2025/data/images/1554.png,98e18193e9b4a9415eb3b29d20cec8455ba6086269314f416463c44ceeca35f0,04446ba6266cef480f1d3e042a8baf22e7d121172f8ecee8e17115fb7262da33,1554,6,train
5742,1560,58,Peniagone,/home/tahiti/MARINE_DATASETS/FathomNet_FGVC2025/data/rois/1560_5742.png,/home/tahiti/MARINE_DATASETS/FathomNet_FGVC2025/data/images/1560.png,d9021defeef4f769f9411ad1d0c1434b87a94e3b59bf2ba705bc59a5079b6d43,7f8d99a3135786331b436ac381fb6d1256a7000ca823d9060f979a79432a54e1,1560,0,train
5772,1575,65,Rathbunaster californicus,/home/tahiti/MARINE_DATASETS/FathomNet_FGVC2025/data/rois/1575_5772.png,/home/tahiti/MARINE_DATASETS/FathomNet_FGVC2025/data/images/1575.png,7e47d504a16e1148c1630cdbaf040c3cf9eb50671db7e6854498b5e1789e6890,87d52e2c096037e8b4a375201484a26368d1a17ef9efc297c0a45f729f2e59b3,1575,0,train
5857,1594,36,Isosicyonis,/home/tahiti/MARINE_DATASETS/FathomNet_FGVC2025/data/rois/1594_5857.png,/home/tahiti/MARINE_DATASETS/FathomNet_FGVC2025/data/images/1594.png,c67c5858d55459ea99d7c0632e167523075faf04f6bcc3ec45b3761c9a50c3ea,4958382dcd37cae7e31d29f5d630d87e2cd3b23ecd513ea55195b10c76b701ea,1594,4,train
5952,1620,47,Octopus rubescens,/home/tahiti/MARINE_DATASETS/FathomNet_FGVC2025/data/rois/1620_5952.png,/home/tahiti/MARINE_DATASETS/FathomNet_FGVC2025/data/images/1620.png,54da93f1a76cd347c07c4cfed5dc3099f5f9f859f19cb8df4664ae771e58ac1b,3c429ac4cc6fab1169a82d50893c089cd59d40f2e443731f1c574aa0158348f9,1620,6,train
5966,1622,30,Hexactinellida,/home/tahiti/MARINE_DATASETS/FathomNet_FGVC2025/data/rois/1622_5966.png,/home/tahiti/MARINE_DATASETS/FathomNet_FGVC2025/data/images/1622.png,2a1a42907b184a6c5034b4bef96f25e6c7e055cce86074ec289707cb1b7e0807,be75d0ee5b2ffe38192c261a18f07dd5fbc82944c7c0dcac692bcd09a70e7dc7,1622,6,train
5969,1623,53,Pannychia moseleyi,/home/tahiti/MARINE_DATASETS/FathomNet_FGVC2025/data/rois/1623_5969.png,/home/tahiti/MARINE_DATASETS/FathomNet_FGVC2025/data/images/1623.png,4959dbfbc1c425a9e0b3de1af8a4c227acbaa93e06b3718af9c8c277fa663f9b,c41d95cda32d71166a816d836b35576cd44fd6bb77056b3d1cb13e94c8261e14,1623,2,train
5971,1624,58,Peniagone,/home/tahiti/MARINE_DATASETS/FathomNet_FGVC2025/data/rois/1624_5971.png,/home/tahiti/MARINE_DATASETS/FathomNet_FGVC2025/data/images/1624.png,eb74c342625212ab5e16c0afe8de706a45a2137ab87a9161d690ee434e743e7a,dcbfe03d9a416cecdc5fad7ba20114863920ecc32227e05708c4ee5418ad55b2,1624,6,train
6022,1642,58,Peniagone,/home/tahiti/MARINE_DATASETS/FathomNet_FGVC2025/data/rois/1642_6022.png,/home/tahiti/MARINE_DATASETS/FathomNet_FGVC2025/data/images/1642.png,e1cd54b5b4ead7806bf1f4a710a960d6e52a34121294a914d6d6b02a47bdba43,439b016da483f446dc091cefe92f7ec7bc46b687ecc4d156f92ff65e97c02fb3,1642,1,train
6025,1644,76,Tunicata,/home/tahiti/MARINE_DATASETS/FathomNet_FGVC2025/data/rois/1644_6025.png,/home/tahiti/MARINE_DATASETS/FathomNet_FGVC2025/data/images/1644.png,132f0ed68702ddae09d8c77f434eb9ef0d99238174c962efd15d2ca4cc59410e,9a493d1e675e76820019d15fec0470017e5840ef842f7c6cb2fb13467e201cd5,1644,1,train
6041,1644,22,Farrea,/home/tahiti/MARINE_DATASETS/FathomNet_FGVC2025/data/rois/1644_6041.png,/home/tahiti/MARINE_DATASETS/FathomNet_FGVC2025/data/images/1644.png,3839e9d01ef67a584a3e582900a3f0d22dec83ce0d54cf610368b8f020578ec9,9a493d1e675e76820019d15fec0470017e5840ef842f7c6cb2fb13467e201cd5,1644,1,train
6057,1648,62,Psolus squamatus,/home/tahiti/MARINE_DATASETS/FathomNet_FGVC2025/data/rois/1648_6057.png,/home/tahiti/MARINE_DATASETS/FathomNet_FGVC2025/data/images/1648.png,2f53760cde9e3744b933767801a9d5dfdd04f76723ce669b88fd413d7e792da7,38aaad83f4a3d53728a1b08d6ae76dc093d44f962acbc31ceacd443844a7a387,1648,1,train
6074,1660,17,Chorilia longipes,/home/tahiti/MARINE_DATASETS/FathomNet_FGVC2025/data/rois/1660_6074.png,/home/tahiti/MARINE_DATASETS/FathomNet_FGVC2025/data/images/1660.png,c8ea3d02e7be0dae2727b0ed4994258d13bdb0b7df62b552015957d09a7b0aaf,eb83a2afdb1a2f282017b849baa6720880d0fed15a3b574155fa7ca3426a891e,1660,0,train
6093,1667,22,Farrea,/home/tahiti/MARINE_DATASETS/FathomNet_FGVC2025/data/rois/1667_6093.png,/home/tahiti/MARINE_DATASETS/FathomNet_FGVC2025/data/images/1667.png,f7cc0264031009ed741577018e7e5d9a3d7df171ff1859c3b0ace4a631406787,67ec6f6b449d35587c8dc472af65404b517813e6d8c0df881a1ef04759036219,1667,4,train
6102,1667,71,Sebastolobus,/home/tahiti/MARINE_DATASETS/FathomNet_FGVC2025/data/rois/1667_6102.png,/home/tahiti/MARINE_DATASETS/FathomNet_FGVC2025/data/images/1667.png,5488ccc6b0d22ab96cff2b45bbdf808caf8989416d4302294e0433857c85248f,67ec6f6b449d35587c8dc472af65404b517813e6d8c0df881a1ef04759036219,1667,4,train
6121,1675,45,Munnopsidae,/home/tahiti/MARINE_DATASETS/FathomNet_FGVC2025/data/rois/1675_6121.png,/home/tahiti/MARINE_DATASETS/FathomNet_FGVC2025/data/images/1675.png,a9b2def402d4d8586b488be48397b5579456cb70a5eeeef0f4221219ae181b6d,a0c09fbaa7b84b18e0def098e27674227273921b3aaad59cebaf58e235103222,1675,2,train
6143,1691,58,Peniagone,/home/tahiti/MARINE_DATASETS/FathomNet_FGVC2025/data/rois/1691_6143.png,/home/tahiti/MARINE_DATASETS/FathomNet_FGVC2025/data/images/1691.png,105ea18aefa2a502ac2329bae3d766bfdc32747d7bb4eaff337c4e18ecefe443,3df042d9214b6dac3d8c608a978923f92722ff469e007e6659891c577792c04a,1691,4,train
6282,1742,4,Actinernus,/home/tahiti/MARINE_DATASETS/FathomNet_FGVC2025/data/rois/1742_6282.png,/home/tahiti/MARINE_DATASETS/FathomNet_FGVC2025/data/images/1742.png,b4355e5e2d8f4438bff22874a99994d6042df6fb962d860dcb302c9ced21908a,9fef61050542236696cc07add585805cbd6be12596ceb7c766fe8042b70a283b,1742,4,train
6292,1742,76,Tunicata,/home/tahiti/MARINE_DATASETS/FathomNet_FGVC2025/data/rois/1742_6292.png,/home/tahiti/MARINE_DATASETS/FathomNet_FGVC2025/data/images/1742.png,4f269304b75afa449dcaae5de591ddb9aa13dfdf1f7f98934fc3c7e527e45726,9fef61050542236696cc07add585805cbd6be12596ceb7c766fe8042b70a283b,1742,4,train
6299,1745,53,Pannychia moseleyi,/home/tahiti/MARINE_DATASETS/FathomNet_FGVC2025/data/rois/1745_6299.png,/home/tahiti/MARINE_DATASETS/FathomNet_FGVC2025/data/images/1745.png,21b5aae7c4f243c0de4227b7e0bb8fee9f31662f0110ca6777a861953ebd6b10,293fff08716e941c104e9ff477cfe77483491b8a53419cae4ab0e365813a1b38,1745,2,train
6332,1752,53,Pannychia moseleyi,/home/tahiti/MARINE_DATASETS/FathomNet_FGVC2025/data/rois/1752_6332.png,/home/tahiti/MARINE_DATASETS/FathomNet_FGVC2025/data/images/1752.png,751c407706c61036d116eb94a45415e49ae9dd5cf65890288b6ea1b67b703ecb,756c8e2d6a68a384e0778d43105782be0b81cb921b62e0a3e2b4acae68aaaac7,1752,6,train
6359,1762,37,Keratoisis,/home/tahiti/MARINE_DATASETS/FathomNet_FGVC2025/data/rois/1762_6359.png,/home/tahiti/MARINE_DATASETS/FathomNet_FGVC2025/data/images/1762.png,d74e1e62b2f6560be29c018667946c02199b8cae1d21ea52708c3626a062f6e1,39d93dcf2c061ceb6d7216e21bc67d2005db66da650e55e8815a58730510b56d,1762,0,train
6369,1768,71,Sebastolobus,/home/tahiti/MARINE_DATASETS/FathomNet_FGVC2025/data/rois/1768_6369.png,/home/tahiti/MARINE_DATASETS/FathomNet_FGVC2025/data/images/1768.png,70269b6463a3ede150ee45e8b9e4b08e85620b0b9dd94c0c053936672698e1bb,0c8a6aaf27e760a0200bd8a759ef33e687e40bac19cee004ac0a01af97a96e2a,1768,4,train
6385,1773,16,Chionoecetes tanneri,/home/tahiti/MARINE_DATASETS/FathomNet_FGVC2025/data/rois/1773_6385.png,/home/tahiti/MARINE_DATASETS/FathomNet_FGVC2025/data/images/1773.png,004256c6e2c1c542c36ca338cac5dfa4eb0a744669c72effb8c2d455cec14072,5117fff4331a035d97d247d5197b5bae75bc456c094336566449d8f9a91a65bd,1773,6,train
6394,1773,30,Hexactinellida,/home/tahiti/MARINE_DATASETS/FathomNet_FGVC2025/data/rois/1773_6394.png,/home/tahiti/MARINE_DATASETS/FathomNet_FGVC2025/data/images/1773.png,168764de046414960f15856716fbfb78e970a98d17ec93d5a13f0fb435547468,5117fff4331a035d97d247d5197b5bae75bc456c094336566449d8f9a91a65bd,1773,6,train
6556,1816,24,Funiculina,/home/tahiti/MARINE_DATASETS/FathomNet_FGVC2025/data/rois/1816_6556.png,/home/tahiti/MARINE_DATASETS/FathomNet_FGVC2025/data/images/1816.png,74c1e2788ad20f58d95b543e38e4036d1f65b7291ae0950f990953815c70573b,03a2d0519ed6b865467d581d084b1e6a99ff0641d5584da845ae2a6227783303,1816,6,train
6566,1816,24,Funiculina,/home/tahiti/MARINE_DATASETS/FathomNet_FGVC2025/data/rois/1816_6566.png,/home/tahiti/MARINE_DATASETS/FathomNet_FGVC2025/data/images/1816.png,9224a85cae2ef8b5de289c382c78c5df6fe3d24b0da693abf78d384ec838c03a,03a2d0519ed6b865467d581d084b1e6a99ff0641d5584da845ae2a6227783303,1816,6,train
6581,1816,24,Funiculina,/home/tahiti/MARINE_DATASETS/FathomNet_FGVC2025/data/rois/1816_6581.png,/home/tahiti/MARINE_DATASETS/FathomNet_FGVC2025/data/images/1816.png,f57d439f288c129db9c828fbccb2bb049a76df310225e6ccf7d4c60046ce931d,03a2d0519ed6b865467d581d084b1e6a99ff0641d5584da845ae2a6227783303,1816,6,train
6585,1820,11,Asteroidea,/home/tahiti/MARINE_DATASETS/FathomNet_FGVC2025/data/rois/1820_6585.png,/home/tahiti/MARINE_DATASETS/FathomNet_FGVC2025/data/images/1820.png,208af563b4c087be39c839fd9337afab47bd7b5f4d49dbc8cae5b713c84065d6,76bec092202d56f2e44c0376f7746becd6643a91c731d1e10ba88e19ca1a65a6,1820,1,train
6623,1830,67,Scotoplanes,/home/tahiti/MARINE_DATASETS/FathomNet_FGVC2025/data/rois/1830_6623.png,/home/tahiti/MARINE_DATASETS/FathomNet_FGVC2025/data/images/1830.png,d13abe2171cfa37d525db25fb93fb36bcd765e08ba0b2da8048eff6c057a526f,0a655091ad2699782585a9a1beb305be2cf912cc3a0bb69605cf4e23076ce919,1830,6,train
6648,1836,11,Asteroidea,/home/tahiti/MARINE_DATASETS/FathomNet_FGVC2025/data/rois/1836_6648.png,/home/tahiti/MARINE_DATASETS/FathomNet_FGVC2025/data/images/1836.png,b3254495c01d98599862befba1f75b05b5ff5364dc45fa87b79284ecb8fa3f75,1e1038435910b5336b618b2c3718d1ce5b9f99a1a254bca9d93a3d5b43f393b8,1836,2,train
6732,1876,37,Keratoisis,/home/tahiti/MARINE_DATASETS/FathomNet_FGVC2025/data/rois/1876_6732.png,/home/tahiti/MARINE_DATASETS/FathomNet_FGVC2025/data/images/1876.png,6b438420f96b463a29e5cb0acdfc0f3af9a17881afa426f1351e2ccc11a89dd1,74343eb1f45807527c77cfbf3057d643c8e716489674fefb006a9a98b78893e4,1876,0,train
6733,1876,37,Keratoisis,/home/tahiti/MARINE_DATASETS/FathomNet_FGVC2025/data/rois/1876_6733.png,/home/tahiti/MARINE_DATASETS/FathomNet_FGVC2025/data/images/1876.png,7827836493cc502848a455f50c361e732894bf7989c1e87cf3bcddadb243be2b,74343eb1f45807527c77cfbf3057d643c8e716489674fefb006a9a98b78893e4,1876,0,train
6783,1889,8,Apostichopus leukothele,/home/tahiti/MARINE_DATASETS/FathomNet_FGVC2025/data/rois/1889_6783.png,/home/tahiti/MARINE_DATASETS/FathomNet_FGVC2025/data/images/1889.png,0884f3837891ac7dcd193561f8b767694fd91c51799d53cb08310298d8edc348,86806f1376a7187c0fbd2cb2dd56254cb0cfcbcca2e67f10c18525e10ec682e0,1889,0,train
6909,1923,46,Mycale,/home/tahiti/MARINE_DATASETS/FathomNet_FGVC2025/data/rois/1923_6909.png,/home/tahiti/MARINE_DATASETS/FathomNet_FGVC2025/data/images/1923.png,819227d9261a71ba8d56414aebfb1b5c7aedcbc7f9912f8b7d94808e5dda504e,92ddcfce582a61e8d489c4c0f4aeed3fe5bc0928a8923e2cb4f4918a084b775a,1923,1,train
6929,1934,15,Ceriantharia,/home/tahiti/MARINE_DATASETS/FathomNet_FGVC2025/data/rois/1934_6929.png,/home/tahiti/MARINE_DATASETS/FathomNet_FGVC2025/data/images/1934.png,09659285fef22914ea9a0e5870c58a4528e1cbc5a99b180ffbf4c064adb98e9a,c75be4719cffaa41a46dc42cb068c80afb933ad5d1bbced231e27710d965400b,1934,1,train
6979,1956,68,Scotoplanes globosa,/home/tahiti/MARINE_DATASETS/FathomNet_FGVC2025/data/rois/1956_6979.png,/home/tahiti/MARINE_DATASETS/FathomNet_FGVC2025/data/images/1956.png,3610924b2658a6d2b4f47f54a7c0bbc31ac1a02438f7de2125390291678881a1,ac1a350b65f9990a245953b872e661da71d561f0c9df4ae910936733abf8ca03,1956,4,train
6994,1961,38,Liponema brevicorne,/home/tahiti/MARINE_DATASETS/FathomNet_FGVC2025/data/rois/1961_6994.png,/home/tahiti/MARINE_DATASETS/FathomNet_FGVC2025/data/images/1961.png,179cf6fb3c2789366cf7a15a240e8a15d704b5fb396ef51790d4b42fc84de593,7680d669f1db466649900cd1247d7e0fe17673f73046a8f856e94f2fea556fdd,1961,4,train
6997,1962,17,Chorilia longipes,/home/tahiti/MARINE_DATASETS/FathomNet_FGVC2025/data/rois/1962_6997.png,/home/tahiti/MARINE_DATASETS/FathomNet_FGVC2025/data/images/1962.png,695c7dea8273e06f3a98fefffd12ea53a5cd771de47774ea1ba47a56964eec35,5f71cad76e38563d51614c5458ab25f80ddf0664e36833ebbf419805f1abc1bf,1962,6,train
7002,1962,28,Heterochone calyx,/home/tahiti/MARINE_DATASETS/FathomNet_FGVC2025/data/rois/1962_7002.png,/home/tahiti/MARINE_DATASETS/FathomNet_FGVC2025/data/images/1962.png,1aa594c95c1aa2e4ada042c9515c8ff1bfdf1bc82d8deb10cafe70d2db736ccc,5f71cad76e38563d51614c5458ab25f80ddf0664e36833ebbf419805f1abc1bf,1962,6,train
7005,1962,73,Staurocalyptus,/home/tahiti/MARINE_DATASETS/FathomNet_FGVC2025/data/rois/1962_7005.png,/home/tahiti/MARINE_DATASETS/FathomNet_FGVC2025/data/images/1962.png,3c0ac837c4e83be89f38ce9eadd7fda10afed49d0e9cc1304b5c5a9b9df616c8,5f71cad76e38563d51614c5458ab25f80ddf0664e36833ebbf419805f1abc1bf,1962,6,train
7028,1967,45,Munnopsidae,/home/tahiti/MARINE_DATASETS/FathomNet_FGVC2025/data/rois/1967_7028.png,/home/tahiti/MARINE_DATASETS/FathomNet_FGVC2025/data/images/1967.png,84091c2c240a9a0a3aa237b843df217738800fd0bbef51ad9d0515d6151a92fc,166bda3fa8d036a31d574b345ecd4fdaf0d2731e8c758a781ae4891534a02eec,1967,0,train
7128,1985,34,Isidella tentaculum,/home/tahiti/MARINE_DATASETS/FathomNet_FGVC2025/data/rois/1985_7128.png,/home/tahiti/MARINE_DATASETS/FathomNet_FGVC2025/data/images/1985.png,77a905210bb5779c2f5fc1248e575948fb3790cb74c16588b49487064e2a12d7,6f56e7f3a38313a71a3b95b8ff781990ae107ec25ba8f5fafb6234b66fa43613,1985,6,train
7130,1986,32,Holothuroidea,/home/tahiti/MARINE_DATASETS/FathomNet_FGVC2025/data/rois/1986_7130.png,/home/tahiti/MARINE_DATASETS/FathomNet_FGVC2025/data/images/1986.png,e1c132eb8943b78e23e0e4aa723ca6a58617d4a29078477d3e94e4e638e78744,510801f044853f136f982e1d0e292b03ce73249f117ed71f6aec2f08a824f994,1986,4,train
7158,2004,28,Heterochone calyx,/home/tahiti/MARINE_DATASETS/FathomNet_FGVC2025/data/rois/2004_7158.png,/home/tahiti/MARINE_DATASETS/FathomNet_FGVC2025/data/images/2004.png,0253cb4e14c5a43bff4abc9366e26f3c469e58e9af37c1766a90c65bdc3bb178,baac43673d1f5e1a29a43d13e2d3a3516c15a6e286098698340547f02461d69a,2004,2,train
7168,2007,65,Rathbunaster californicus,/home/tahiti/MARINE_DATASETS/FathomNet_FGVC2025/data/rois/2007_7168.png,/home/tahiti/MARINE_DATASETS/FathomNet_FGVC2025/data/images/2007.png,b38db5ee44c4e1997a1cfb46485c2024ba899a941718da23f16f22f53a6575a4,1d95aa04e883901875c836e5ce77f0cb973ad93d4c924188cf0626fdefbb72d0,2007,0,train
7179,2011,62,Psolus squamatus,/home/tahiti/MARINE_DATASETS/FathomNet_FGVC2025/data/rois/2011_7179.png,/home/tahiti/MARINE_DATASETS/FathomNet_FGVC2025/data/images/2011.png,b0d31b3ff755fb016a37bc70ac936d83b4f07b7125944a1936804c1841202e65,7b176c4c0972576b778b6af4f601b0bfcb5f20f651a7021132fdc670ea70c7bb,2011,4,train
7231,2034,16,Chionoecetes tanneri,/home/tahiti/MARINE_DATASETS/FathomNet_FGVC2025/data/rois/2034_7231.png,/home/tahiti/MARINE_DATASETS/FathomNet_FGVC2025/data/images/2034.png,7e5b3e7768883f948e2285e157b6b278e42761bf1b06edb7ac05eba60dc952a7,4bfd4b767781470eb5e9fe39a2b11a0456297f57cf7dab37a3bf732e79717a40,2034,6,train
7241,2039,62,Psolus squamatus,/home/tahiti/MARINE_DATASETS/FathomNet_FGVC2025/data/rois/2039_7241.png,/home/tahiti/MARINE_DATASETS/FathomNet_FGVC2025/data/images/2039.png,a5bde79ba4ccd54b31e302b4b966c4d6c8d1b18ede528d311e3058693147050c,9f1178544aa471da80ed783cb960b1c4ebeddd1e644096840ab1650f2cad9589,2039,0,train
7244,2039,62,Psolus squamatus,/home/tahiti/MARINE_DATASETS/FathomNet_FGVC2025/data/rois/2039_7244.png,/home/tahiti/MARINE_DATASETS/FathomNet_FGVC2025/data/images/2039.png,baab6ea02fd8985dd952c3e37adc32f617fb3fae3b51203667f7dc09e104112d,9f1178544aa471da80ed783cb960b1c4ebeddd1e644096840ab1650f2cad9589,2039,0,train
7272,2049,37,Keratoisis,/home/tahiti/MARINE_DATASETS/FathomNet_FGVC2025/data/rois/2049_7272.png,/home/tahiti/MARINE_DATASETS/FathomNet_FGVC2025/data/images/2049.png,0549b4352c683d6bc19cf78e596f7aed0b314df750458f67a8c85aabe65be19d,3bb54175a4db2e88bc40380212f9e6f2104ee6aedf2e33bb88b957daa98e55c5,2049,2,train
7301,2062,71,Sebastolobus,/home/tahiti/MARINE_DATASETS/FathomNet_FGVC2025/data/rois/2062_7301.png,/home/tahiti/MARINE_DATASETS/FathomNet_FGVC2025/data/images/2062.png,bd239b0fb63b7686670471e2025ba987b55a8e2637ecbb7eb86e223745c88de9,30ae800a444ec4de4c07042e193775c811f22dc4c3d4c0d934b92d7319c28f58,2062,6,train
7315,2066,11,Asteroidea,/home/tahiti/MARINE_DATASETS/FathomNet_FGVC2025/data/rois/2066_7315.png,/home/tahiti/MARINE_DATASETS/FathomNet_FGVC2025/data/images/2066.png,ba7f9184854f39b5ddd5dff75d9fcb9ec66819e33d6099a460943babf333d017,d920acb125ae928dcdd52106af9fb364a65540c9f94d1214f64ae963cdb633c0,2066,6,train
7340,2074,36,Isosicyonis,/home/tahiti/MARINE_DATASETS/FathomNet_FGVC2025/data/rois/2074_7340.png,/home/tahiti/MARINE_DATASETS/FathomNet_FGVC2025/data/images/2074.png,cab94cd421879650c3863b2017e63d08435b320c269ef8024549531c4a0993f3,ce22263613f020faf767792b96fdeaa0986c41e1046d3bb36554fedb20046825,2074,4,train
7355,2077,22,Farrea,/home/tahiti/MARINE_DATASETS/FathomNet_FGVC2025/data/rois/2077_7355.png,/home/tahiti/MARINE_DATASETS/FathomNet_FGVC2025/data/images/2077.png,85414c8c7fe7b477c76c4b12ed4268ad2a950ae35d07ed92e6d7cbf37870e98d,e848a943cc8903317dd2522853b5c2da0cc4a3fbff7c2e7c0bea7248982b06d0,2077,6,train
7403,2088,62,Psolus squamatus,/home/tahiti/MARINE_DATASETS/FathomNet_FGVC2025/data/rois/2088_7403.png,/home/tahiti/MARINE_DATASETS/FathomNet_FGVC2025/data/images/2088.png,f35474aee97b9e8daef5dc0952a41ebc73af01716cab2a07451d54677451f4b0,4047f1991a71b758ca26e1bf077cc2a453ac0beb5f20d92cebc55615f11dac2f,2088,0,train
7436,2094,79,Zoantharia,/home/tahiti/MARINE_DATASETS/FathomNet_FGVC2025/data/rois/2094_7436.png,/home/tahiti/MARINE_DATASETS/FathomNet_FGVC2025/data/images/2094.png,5f99b0a44ee9eab0d513708a37110d0a37a7c59c1ba5b15db787fb1fe4246bd2,38f339af8a38f51831acbfab22ad053b71575b393df0b86d82f556f30a4d3b5a,2094,1,train
7489,2121,25,Gastropoda,/home/tahiti/MARINE_DATASETS/FathomNet_FGVC2025/data/rois/2121_7489.png,/home/tahiti/MARINE_DATASETS/FathomNet_FGVC2025/data/images/2121.png,d0957c14d634c7e346c1cc4a3c987ed21eb5ac9b49c35e45103db3aacdbee889,9575c8ae64db9343a15dd35974a48f0a1e7dae106ccfb175b09e8c94ba68868d,2121,2,train
7515,2132,35,Isididae,/home/tahiti/MARINE_DATASETS/FathomNet_FGVC2025/data/rois/2132_7515.png,/home/tahiti/MARINE_DATASETS/FathomNet_FGVC2025/data/images/2132.png,d8d5ebabd386e4e1b6c7118d1aaba723c95ec28f268f7b489d563fa105c02519,e921b43e46ca0ca66a1213ee1689281248ed58f6438e19a8c9a80de904c8aee2,2132,2,train
7555,2152,71,Sebastolobus,/home/tahiti/MARINE_DATASETS/FathomNet_FGVC2025/data/rois/2152_7555.png,/home/tahiti/MARINE_DATASETS/FathomNet_FGVC2025/data/images/2152.png,4cb98bdb2d164e0456ca937b5bcce0c4865f02743a166e3eb726617ebeba9c4c,8712be98b9eeabb1549218305d4e3dcb7b3145a3352479aceb9959799b6bba3a,2152,4,train
7635,2179,35,Isididae,/home/tahiti/MARINE_DATASETS/FathomNet_FGVC2025/data/rois/2179_7635.png,/home/tahiti/MARINE_DATASETS/FathomNet_FGVC2025/data/images/2179.png,c31cd6c5aeec3ff584b7261c805de7ca974029d0e13446ff69bda3796134bf55,f6ae4161404463610652276829f7cfe0f50a35745af736400355bc0a71cfffb3,2179,6,train
7685,2196,3,Acanthoptilum,/home/tahiti/MARINE_DATASETS/FathomNet_FGVC2025/data/rois/2196_7685.png,/home/tahiti/MARINE_DATASETS/FathomNet_FGVC2025/data/images/2196.png,865ccd8e976bc2b8f0cd8ba4d9bfadfdfbd4ad44a1db288ebac476ee51473cfb,2422d3fcf88a1bcc3948be2db8da3bc5b85ad92bc80c71beae0973b3d39b8164,2196,1,train
7686,2197,56,Paralomis multispina,/home/tahiti/MARINE_DATASETS/FathomNet_FGVC2025/data/rois/2197_7686.png,/home/tahiti/MARINE_DATASETS/FathomNet_FGVC2025/data/images/2197.png,499acf5012fb535e887fab85eb712c3e01e2f8f7d48d3516a440659de7fc037b,7a13c4535cd1eb2f88c6be3c1c970407dd1efd85d52ef3b54523e1843b2cd0fe,2197,6,train
7763,2230,30,Hexactinellida,/home/tahiti/MARINE_DATASETS/FathomNet_FGVC2025/data/rois/2230_7763.png,/home/tahiti/MARINE_DATASETS/FathomNet_FGVC2025/data/images/2230.png,f6f9da27b396e398ac10923afe5fdca723d34902eaf8733cac32c2de199baa3e,49a0e1d5279b84d9355b7d597bfccd66d4dd77fd4b72458e4e6f4ff3f05ac618,2230,0,train
7799,2249,11,Asteroidea,/home/tahiti/MARINE_DATASETS/FathomNet_FGVC2025/data/rois/2249_7799.png,/home/tahiti/MARINE_DATASETS/FathomNet_FGVC2025/data/images/2249.png,9756316c5922bf9d4f3424ccc3e6cacead801764260f4ac38807058c98dea769,ba886b3c7421e312f4a7f1748c6770b9bfd05b7d154f704a092ee0a40d21d675,2249,6,train
7828,2257,64,Pyrosoma atlanticum,/home/tahiti/MARINE_DATASETS/FathomNet_FGVC2025/data/rois/2257_7828.png,/home/tahiti/MARINE_DATASETS/FathomNet_FGVC2025/data/images/2257.png,f1df9528cd7bc9b01e5a3693a9bda5ce6c28fe659e169f90b51ec0f254b45b9a,5818434e7737eb84f9b2d3fe9045b2e19177f59fe93a953964cbee83c90b47ef,2257,4,train
7830,2257,64,Pyrosoma atlanticum,/home/tahiti/MARINE_DATASETS/FathomNet_FGVC2025/data/rois/2257_7830.png,/home/tahiti/MARINE_DATASETS/FathomNet_FGVC2025/data/images/2257.png,2354c08a71f292ba54854ab64970dc8c6608be077bf2a2500a2436409ee1b7a0,5818434e7737eb84f9b2d3fe9045b2e19177f59fe93a953964cbee83c90b47ef,2257,4,train
7850,2265,27,Heterocarpus,/home/tahiti/MARINE_DATASETS/FathomNet_FGVC2025/data/rois/2265_7850.png,/home/tahiti/MARINE_DATASETS/FathomNet_FGVC2025/data/images/2265.png,a4999167f1069f0e66fc87c42ec5ca3196a177a8283a0af32d1e900ad5f0c10c,011ae00c0c86c050b24bfbbe899a973c798ff66866598b8b0d51123add0b6ace,2265,4,train
7877,2276,15,Ceriantharia,/home/tahiti/MARINE_DATASETS/FathomNet_FGVC2025/data/rois/2276_7877.png,/home/tahiti/MARINE_DATASETS/FathomNet_FGVC2025/data/images/2276.png,805641637ea9191945e357f1ee5743833ee1de296232a4f4f2a324dd59635b35,ff1cfe6faf99321a54f956a959617d48bebc73c94a15a9d73c42c479b860978b,2276,1,train
7881,2279,45,Munnopsidae,/home/tahiti/MARINE_DATASETS/FathomNet_FGVC2025/data/rois/2279_7881.png,/home/tahiti/MARINE_DATASETS/FathomNet_FGVC2025/data/images/2279.png,7a1e6ed835f2636c66a2f66857a8bbb75ff1950a3aa556531d600ea6707d8484,6904cc9a72ef6de9c0ad17fdf9b86cc92aea9570c25701f680802fe8c275c6a0,2279,1,train
7904,2290,55,Paragorgia arborea,/home/tahiti/MARINE_DATASETS/FathomNet_FGVC2025/data/rois/2290_7904.png,/home/tahiti/MARINE_DATASETS/FathomNet_FGVC2025/data/images/2290.png,3338132dc39aaa2ecd1e846d576e4649a839d7cc4f62540aed803eb445cf3693,a48bcf2c44ea17adf72a01bed019e8fdf81399ee9eb4129488a693f220d79764,2290,4,train
8029,2349,67,Scotoplanes,/home/tahiti/MARINE_DATASETS/FathomNet_FGVC2025/data/rois/2349_8029.png,/home/tahiti/MARINE_DATASETS/FathomNet_FGVC2025/data/images/2349.png,b86847ff6e1b89d8b6eaf37f30bcd921822c3dff33ce6d07b6fd37b65f8ab4bb,8960694cf3f3f6e900364626c5034feddfa1129e64b7af39df57d4c19099401a,2349,6,train
8033,2352,57,Parastenella,/home/tahiti/MARINE_DATASETS/FathomNet_FGVC2025/data/rois/2352_8033.png,/home/tahiti/MARINE_DATASETS/FathomNet_FGVC2025/data/images/2352.png,e78a3d7f15cbb1239c12fc209f28ffa1601b56c2df9fa2a9e6d3b3cfa4484e73,1c1889a8d79229895a0189f00710c490207e9b21ae63febdcbfdeb844ffda11e,2352,0,train
8047,2357,41,Merluccius productus,/home/tahiti/MARINE_DATASETS/FathomNet_FGVC2025/data/rois/2357_8047.png,/home/tahiti/MARINE_DATASETS/FathomNet_FGVC2025/data/images/2357.png,07e0ec6fcc20225e3fadd21617e673bc03d3453646a38d8ffa0e499a09978093,ba7f73e32c84f5bac02c0d11caea99f966da0306297fc5dad981fdcc66cfe914,2357,2,train
8055,2361,28,Heterochone calyx,/home/tahiti/MARINE_DATASETS/FathomNet_FGVC2025/data/rois/2361_8055.png,/home/tahiti/MARINE_DATASETS/FathomNet_FGVC2025/data/images/2361.png,2e927ef07166609137c0f474f4838cbd0ae606a66e0508fa49585f1b9bc08754,4f628737efd4797a251594d1400c2d3cfe6bab935bce366db58c1569ea62d6bc,2361,2,train
8056,2362,67,Scotoplanes,/home/tahiti/MARINE_DATASETS/FathomNet_FGVC2025/data/rois/2362_8056.png,/home/tahiti/MARINE_DATASETS/FathomNet_FGVC2025/data/images/2362.png,5c3be20af13dd10fc4a165f5f22300cfd0bda78141cc5ef4bb1d79b37b855c73,03e3c4833cf78cbba8caa373753bd0a6bc7d1a8af27960f2ae348fd7e23b6fe6,2362,1,train
8092,2377,30,Hexactinellida,/home/tahiti/MARINE_DATASETS/FathomNet_FGVC2025/data/rois/2377_8092.png,/home/tahiti/MARINE_DATASETS/FathomNet_FGVC2025/data/images/2377.png,cf2f0f6413de197b06e95050e532474ab3c317c8f0a67124416f3e94d6b30e02,f497a5776bf1cc8cac96aee172a80ec8a7a3b490c2e157dbce1bf1ba06e440a6,2377,2,train
8103,2379,1,Abyssocucumis abyssorum,/home/tahiti/MARINE_DATASETS/FathomNet_FGVC2025/data/rois/2379_8103.png,/home/tahiti/MARINE_DATASETS/FathomNet_FGVC2025/data/images/2379.png,e053037f5b17c84dcd1818f102634ecd81951635408b3118d00cd2c2ec222959,56d642f1a26150799c43caa9d06309aae4d0cfd2020592d221f9bcdaaa64189e,2379,4,train
8137,2390,16,Chionoecetes tanneri,/home/tahiti/MARINE_DATASETS/FathomNet_FGVC2025/data/rois/2390_8137.png,/home/tahiti/MARINE_DATASETS/FathomNet_FGVC2025/data/images/2390.png,ae786919cbce1985f89f921d7fc08df14db9111416bdb7dbf2738f7c1fd2f295,ab441ff81b7da745d64ff7b666339d7ea8b6993baaff0bcb1a5e9cc55d0a302d,2390,1,train
8225,2409,53,Pannychia moseleyi,/home/tahiti/MARINE_DATASETS/FathomNet_FGVC2025/data/rois/2409_8225.png,/home/tahiti/MARINE_DATASETS/FathomNet_FGVC2025/data/images/2409.png,a921b67d0ba85f08b2ad4e8fe17441b1fb0824accb61009ba5320e74638831ff,bfb629d7af8f77dd50b07d3944511b14f17a6a1a1353f759b5415a594495bcdf,2409,1,train
8231,2410,16,Chionoecetes tanneri,/home/tahiti/MARINE_DATASETS/FathomNet_FGVC2025/data/rois/2410_8231.png,/home/tahiti/MARINE_DATASETS/FathomNet_FGVC2025/data/images/2410.png,76fbc3d14b150a2f4e0a00bd9fafd53c0a6098acc2258e9a5a59d2fa8d2a0b31,f0d6204acb30931585de2fcbdcf7259a47f099eb222ce80f7ceda41666c7a66d,2410,6,train
8271,2419,44,Munidopsis,/home/tahiti/MARINE_DATASETS/FathomNet_FGVC2025/data/rois/2419_8271.png,/home/tahiti/MARINE_DATASETS/FathomNet_FGVC2025/data/images/2419.png,821f6a1b8b9f967de0b28bd670ce93e2a7f3828d5a41436e0cea698fa5afea85,448284a5cac4fa51b05ec64a922d8c91ff35129d2ac37785adab9fb8484c0938,2419,6,train
8318,2435,16,Chionoecetes tanneri,/home/tahiti/MARINE_DATASETS/FathomNet_FGVC2025/data/rois/2435_8318.png,/home/tahiti/MARINE_DATASETS/FathomNet_FGVC2025/data/images/2435.png,b3a9542be5f7b08d81e6c0a3f55c186a9ff48257718f06db50351dd102fa06e3,285b81bc2386cb4a6b50785e629ad2eb5be7adba866894d998031635a1ef555c,2435,0,train
8332,2442,21,Elpidia,/home/tahiti/MARINE_DATASETS/FathomNet_FGVC2025/data/rois/2442_8332.png,/home/tahiti/MARINE_DATASETS/FathomNet_FGVC2025/data/images/2442.png,0d8a1ff78f6f74fa4bd8f807baecff97cb75deee68d97194fb2cb3a3694b1680,a3e11206544bc6f25739e3bb9c0d5f3bd7bc3687d803d58074d4b08ff976ed89,2442,0,train
8334,2442,12,Benthocodon pedunculata,/home/tahiti/MARINE_DATASETS/FathomNet_FGVC2025/data/rois/2442_8334.png,/home/tahiti/MARINE_DATASETS/FathomNet_FGVC2025/data/images/2442.png,0c61d192cbccb7b75530ca41ce4498decd47f59aa08b5dab6f172f3c6ea3c993,a3e11206544bc6f25739e3bb9c0d5f3bd7bc3687d803d58074d4b08ff976ed89,2442,0,train
8413,2452,2,Acanthascinae,/home/tahiti/MARINE_DATASETS/FathomNet_FGVC2025/data/rois/2452_8413.png,/home/tahiti/MARINE_DATASETS/FathomNet_FGVC2025/data/images/2452.png,129a08094afde42c9542e32e797de2298204455d5e5ae06e461de6e06b434aab,f9be4f456a9c84dae90d863a34bc48f32559ab51f550e9760dfa7dc872539d64,2452,4,train
8417,2452,73,Staurocalyptus,/home/tahiti/MARINE_DATASETS/FathomNet_FGVC2025/data/rois/2452_8417.png,/home/tahiti/MARINE_DATASETS/FathomNet_FGVC2025/data/images/2452.png,0b66297a7b7e803ae5b98720b9cebe9f59c1ceba0bf51007d63c3b199306d249,f9be4f456a9c84dae90d863a34bc48f32559ab51f550e9760dfa7dc872539d64,2452,4,train
8444,2457,65,Rathbunaster californicus,/home/tahiti/MARINE_DATASETS/FathomNet_FGVC2025/data/rois/2457_8444.png,/home/tahiti/MARINE_DATASETS/FathomNet_FGVC2025/data/images/2457.png,e612436a0b3da39f014f8b28e2762b6e98d61adace590f53f4d18133a9549a6b,8ac486e5ca698dfae9824b27fc7307fcfcd50e090365df65ac8224b5e0d678d3,2457,6,train
8465,2460,31,Hippasteria,/home/tahiti/MARINE_DATASETS/FathomNet_FGVC2025/data/rois/2460_8465.png,/home/tahiti/MARINE_DATASETS/FathomNet_FGVC2025/data/images/2460.png,787df926826868c9031b9abb9eaaf901ae38eb5bfdd478b55659a40957d5f9bb,9e248c0084772fdc6804cfce501ce2d70f33fb5ee9d6070cb71199e171daac9e,2460,6,train
8483,2467,37,Keratoisis,/home/tahiti/MARINE_DATASETS/FathomNet_FGVC2025/data/rois/2467_8483.png,/home/tahiti/MARINE_DATASETS/FathomNet_FGVC2025/data/images/2467.png,4a0b0667f6edc308bd4c5c9116310614f3bbbe06d071bd002aa6671ac38e1054,fc78770a05abb5c5056eb0440c6f7201eb2c872e91dc60936a49acdb5d2e86b6,2467,2,train
8490,2473,55,Paragorgia arborea,/home/tahiti/MARINE_DATASETS/FathomNet_FGVC2025/data/rois/2473_8490.png,/home/tahiti/MARINE_DATASETS/FathomNet_FGVC2025/data/images/2473.png,cf08d99961a0d169e9b1907459f78f4edbde091f5997e52ef5e38c7fec7794b3,777b705cdbd37a932b4116a1a0d60f6f2a8d8a234cafe994b99329a74dcc6481,2473,4,train
8572,2516,79,Zoantharia,/home/tahiti/MARINE_DATASETS/FathomNet_FGVC2025/data/rois/2516_8572.png,/home/tahiti/MARINE_DATASETS/FathomNet_FGVC2025/data/images/2516.png,9b72528353fc7fcc0d31f527e860e59fc2ed46bda369379049b29177cc413287,275bd6ee12fdbc4d037e7138b385b0c3d7ab002f30891215cb2bd0450f67d05f,2516,2,train
8579,2516,79,Zoantharia,/home/tahiti/MARINE_DATASETS/FathomNet_FGVC2025/data/rois/2516_8579.png,/home/tahiti/MARINE_DATASETS/FathomNet_FGVC2025/data/images/2516.png,e969b6ad60ef30591b210a6cc06b029b9541e803615f252441d922b5b8e90819,275bd6ee12fdbc4d037e7138b385b0c3d7ab002f30891215cb2bd0450f67d05f,2516,2,train
8595,2522,41,Merluccius productus,/home/tahiti/MARINE_DATASETS/FathomNet_FGVC2025/data/rois/2522_8595.png,/home/tahiti/MARINE_DATASETS/FathomNet_FGVC2025/data/images/2522.png,b3c81acbe4c0f86cc018351920b6277dc23485bd367e093a55ae34d636465ba2,1243ff1631d46988290b313b2fc75c56d593ac97a1adbcd915dd6536c84fab05,2522,0,train
8623,2537,33,Hormathiidae,/home/tahiti/MARINE_DATASETS/FathomNet_FGVC2025/data/rois/2537_8623.png,/home/tahiti/MARINE_DATASETS/FathomNet_FGVC2025/data/images/2537.png,d0437de1ef9f4cc7aba50d75b5d792e880ecc8112c3714d198ea762f1687e82d,91da7870a2f274d9d1c8197ed68db25c1e372d07c0917313b7d612bd3b30917e,2537,1,train
8624,2537,33,Hormathiidae,/home/tahiti/MARINE_DATASETS/FathomNet_FGVC2025/data/rois/2537_8624.png,/home/tahiti/MARINE_DATASETS/FathomNet_FGVC2025/data/images/2537.png,d1391c233eceaefe90ce285edb3c7fbe56c6b3fc78b07a4a8be4a3f005cbddd0,91da7870a2f274d9d1c8197ed68db25c1e372d07c0917313b7d612bd3b30917e,2537,1,train
8636,2537,33,Hormathiidae,/home/tahiti/MARINE_DATASETS/FathomNet_FGVC2025/data/rois/2537_8636.png,/home/tahiti/MARINE_DATASETS/FathomNet_FGVC2025/data/images/2537.png,d7a6af9a7d97d04ff78d7d1197615800d00013168effcc482744b9a1e9a3e42d,91da7870a2f274d9d1c8197ed68db25c1e372d07c0917313b7d612bd3b30917e,2537,1,train
8682,2561,42,Metridium farcimen,/home/tahiti/MARINE_DATASETS/FathomNet_FGVC2025/data/rois/2561_8682.png,/home/tahiti/MARINE_DATASETS/FathomNet_FGVC2025/data/images/2561.png,9e7092415ceee6379d284e3ad2583aba66e7c8d137e6367b410fea86398dd408,ac04a2a57d3ee31f15e4054938b929f710055d8455365657912d80e07988a2b9,2561,4,train
8683,2561,42,Metridium farcimen,/home/tahiti/MARINE_DATASETS/FathomNet_FGVC2025/data/rois/2561_8683.png,/home/tahiti/MARINE_DATASETS/FathomNet_FGVC2025/data/images/2561.png,00dd6d05582a98ee68def8b125a86e34bd3daa7e62f0cdeabc5207baec1cd474,ac04a2a57d3ee31f15e4054938b929f710055d8455365657912d80e07988a2b9,2561,4,train
8716,2572,54,Paragorgia,/home/tahiti/MARINE_DATASETS/FathomNet_FGVC2025/data/rois/2572_8716.png,/home/tahiti/MARINE_DATASETS/FathomNet_FGVC2025/data/images/2572.png,d15b308ec158acebc24dc9fbb8c76375b5735a89ac13474b1ae7505aedecd49e,f0d6b8e70bae529539baf91ecc052a4f81732601a053227cfde2fb4641f2f2d1,2572,0,train
8832,2578,65,Rathbunaster californicus,/home/tahiti/MARINE_DATASETS/FathomNet_FGVC2025/data/rois/2578_8832.png,/home/tahiti/MARINE_DATASETS/FathomNet_FGVC2025/data/images/2578.png,0daa21813d07d9fc4d6103a08cad0217dddc3b7967a37d9f10a59d825ce7333c,bb018d22a60ee236ce4cc9149bf0d23c9ac8716c992350f961641514755e2247,2578,2,train
8836,2580,69,Sebastes,/home/tahiti/MARINE_DATASETS/FathomNet_FGVC2025/data/rois/2580_8836.png,/home/tahiti/MARINE_DATASETS/FathomNet_FGVC2025/data/images/2580.png,51c3601d9f766e757ed3269207feeff33654c6ad3017b63a00fc792cbf6503fb,b7f5964a36887697246a3c3c72bd9423448ca3982321b237dba5835ed5d8be3f,2580,6,train
8856,2589,33,Hormathiidae,/home/tahiti/MARINE_DATASETS/FathomNet_FGVC2025/data/rois/2589_8856.png,/home/tahiti/MARINE_DATASETS/FathomNet_FGVC2025/data/images/2589.png,012ea2a461e933efcbf9513577af054837f6fd8c85771ae815d65fa54d1a2d03,e305cdeb5e5c0bddfe72beb44a50228497af5cb68fecd1b65e85811c25f4b01b,2589,1,train
8936,2613,69,Sebastes,/home/tahiti/MARINE_DATASETS/FathomNet_FGVC2025/data/rois/2613_8936.png,/home/tahiti/MARINE_DATASETS/FathomNet_FGVC2025/data/images/2613.png,3813c485804844c9ddc04fba7c1c330cdb797690875c7772a1613125193e406c,c8b633bef7b49361fb39ecceb2e5779a5bd1b4b1e852b63e0434b859fe3e7b3b,2613,4,train
8939,2613,69,Sebastes,/home/tahiti/MARINE_DATASETS/FathomNet_FGVC2025/data/rois/2613_8939.png,/home/tahiti/MARINE_DATASETS/FathomNet_FGVC2025/data/images/2613.png,330c877dc4432aead250289722d0eaaa15b63cf19193eced02e9741927aceb1b,c8b633bef7b49361fb39ecceb2e5779a5bd1b4b1e852b63e0434b859fe3e7b3b,2613,4,train
8947,2616,4,Actinernus,/home/tahiti/MARINE_DATASETS/FathomNet_FGVC2025/data/rois/2616_8947.png,/home/tahiti/MARINE_DATASETS/FathomNet_FGVC2025/data/images/2616.png,2186934c7fde0b0de2ecdba804d39506aa9b3441a3eb67543e395d6299435fc3,855b31f1aac0c8d83ed91d43d95ee4ec8a36fbb030bee28da3a92464e32c5508,2616,6,train
8962,2625,36,Isosicyonis,/home/tahiti/MARINE_DATASETS/FathomNet_FGVC2025/data/rois/2625_8962.png,/home/tahiti/MARINE_DATASETS/FathomNet_FGVC2025/data/images/2625.png,ff9345cd63b371bf21c70576e7d896eb52ed374c1698f495f07d968f7ecdb6b7,52165d7cf21e68679240a43ac3117c198319e0e5bb2bc300ea93361e6e2d7d8c,2625,6,train
9011,2642,48,Ophiacanthidae,/home/tahiti/MARINE_DATASETS/FathomNet_FGVC2025/data/rois/2642_9011.png,/home/tahiti/MARINE_DATASETS/FathomNet_FGVC2025/data/images/2642.png,3cbb6459d5c2d80a5fffe4fa34342d2e4187ed885595b2ff28e30500b87590ed,ea16a493bf9a573e95ad0e6cbda4e0a059eb2cd823f03ac77a7fd0566b33728f,2642,4,train
9017,2642,29,Heteropolypus ritteri,/home/tahiti/MARINE_DATASETS/FathomNet_FGVC2025/data/rois/2642_9017.png,/home/tahiti/MARINE_DATASETS/FathomNet_FGVC2025/data/images/2642.png,d85192c1da0807adf8b440913affd0a4e86debee280a4ee1ce08259009e9babb,ea16a493bf9a573e95ad0e6cbda4e0a059eb2cd823f03ac77a7fd0566b33728f,2642,4,train
9033,2650,64,Pyrosoma atlanticum,/home/tahiti/MARINE_DATASETS/FathomNet_FGVC2025/data/rois/2650_9033.png,/home/tahiti/MARINE_DATASETS/FathomNet_FGVC2025/data/images/2650.png,9c712dc10c9645585002a3d0d0548cd2673faa5bcc38df79af2e609a1cd787ed,8784355646f376d6936b5e17a0d4ac1bc570d536c3d2be6bb7e435d8271487ea,2650,4,train
9060,2659,13,Brisingida,/home/tahiti/MARINE_DATASETS/FathomNet_FGVC2025/data/rois/2659_9060.png,/home/tahiti/MARINE_DATASETS/FathomNet_FGVC2025/data/images/2659.png,9b7f33678d0567b4e6a62c73a8891cde816cf82322a5539abccf5d8d27aaba80,1624e3626c044b1ca6d22e6b4460f02460dd70941fc910734ae75e97319348b3,2659,1,train
9063,2659,68,Scotoplanes globosa,/home/tahiti/MARINE_DATASETS/FathomNet_FGVC2025/data/rois/2659_9063.png,/home/tahiti/MARINE_DATASETS/FathomNet_FGVC2025/data/images/2659.png,0f7375338aa3d4bca3d1af059aab823029b9953cb77e7f3eeed8773a50c578cb,1624e3626c044b1ca6d22e6b4460f02460dd70941fc910734ae75e97319348b3,2659,1,train
9145,2699,76,Tunicata,/home/tahiti/MARINE_DATASETS/FathomNet_FGVC2025/data/rois/2699_9145.png,/home/tahiti/MARINE_DATASETS/FathomNet_FGVC2025/data/images/2699.png,43101a4784b9d5d6db71ed6ac9c56ac9700a4a0a0c13f886deade803854bcfe9,ceccc3d99b04123bede6b1d13ef0a305366236768a1022de04bf0ba756dd3328,2699,6,train
9152,2703,24,Funiculina,/home/tahiti/MARINE_DATASETS/FathomNet_FGVC2025/data/rois/2703_9152.png,/home/tahiti/MARINE_DATASETS/FathomNet_FGVC2025/data/images/2703.png,e50279489b4b7662bb383501c4e807286c13d1fe35a4ce946e2a339ed1de2e99,0e58682e80c2b320892a05404ea9c0bda3ecbab30642369bc31fa1fdb8e6cb60,2703,1,train
9155,2705,31,Hippasteria,/home/tahiti/MARINE_DATASETS/FathomNet_FGVC2025/data/rois/2705_9155.png,/home/tahiti/MARINE_DATASETS/FathomNet_FGVC2025/data/images/2705.png,f55f91ed272b87b02183b1df3fbda080de326ade412e7080e259f0a4bf6ccc9b,3d5e017f0a30671c27615380fec131e409220f745b57c9f3ee8021055be52e3d,2705,2,train
9176,2715,14,Caridea,/home/tahiti/MARINE_DATASETS/FathomNet_FGVC2025/data/rois/2715_9176.png,/home/tahiti/MARINE_DATASETS/FathomNet_FGVC2025/data/images/2715.png,9c3ca816699beb1671d6fe75a45eb35991adcd18ac1a36f0f1cfa1eb6d5a9a08,4fc3da50e49da1a89fe381799b4345ffd63dc025dbb07372fd9463fed3e3fab7,2715,0,train
9233,2726,79,Zoantharia,/home/tahiti/MARINE_DATASETS/FathomNet_FGVC2025/data/rois/2726_9233.png,/home/tahiti/MARINE_DATASETS/FathomNet_FGVC2025/data/images/2726.png,7052e91ac80bed7b8b34471ac15e10e3b263eeaa7caca3ccedbe09c759e361b0,e9758e66ec59a8c3a0738e98e2693381416d8170435966ce129987508db1bc22,2726,0,train
9291,2748,30,Hexactinellida,/home/tahiti/MARINE_DATASETS/FathomNet_FGVC2025/data/rois/2748_9291.png,/home/tahiti/MARINE_DATASETS/FathomNet_FGVC2025/data/images/2748.png,55ab6ec22e1058ca8890bd960424920f401a05e6e327adde8a298b873016fb3f,4b8b2f27a8bc0a5add638eb14dc06c7a661f374accf348b799a66d62a98b542a,2748,4,train
9357,2771,72,Serpulidae,/home/tahiti/MARINE_DATASETS/FathomNet_FGVC2025/data/rois/2771_9357.png,/home/tahiti/MARINE_DATASETS/FathomNet_FGVC2025/data/images/2771.png,e656856dfc60e578111e3a981460360fd919b8d09e45f9675e580cbc487eeb72,2b17cb4245d81be3217b2c44ac0313672feec4c463d027d6dbb9aba2b70989c3,2771,0,train
9381,2780,52,Pandalus platyceros,/home/tahiti/MARINE_DATASETS/FathomNet_FGVC2025/data/rois/2780_9381.png,/home/tahiti/MARINE_DATASETS/FathomNet_FGVC2025/data/images/2780.png,ad85a9d4ff8f68cf42e198955ea83d2e7e90f63bdd3975cc1eb37f177e6393e0,c0423b60a47ae6a01675d02c0d7319061a14d137ef4e712bcb1c7bc2f5b7e864,2780,6,train
9431,2810,15,Ceriantharia,/home/tahiti/MARINE_DATASETS/FathomNet_FGVC2025/data/rois/2810_9431.png,/home/tahiti/MARINE_DATASETS/FathomNet_FGVC2025/data/images/2810.png,2c1267bca72ddc7dd133c1663f0c703f8f384afad9dd30b6094fd6038e00ec18,7ff831633d09d93702d93f9540452c1927954af758158fb7e11f8c357c4770d5,2810,4,train
9544,2865,37,Keratoisis,/home/tahiti/MARINE_DATASETS/FathomNet_FGVC2025/data/rois/2865_9544.png,/home/tahiti/MARINE_DATASETS/FathomNet_FGVC2025/data/images/2865.png,763a21b9967c7b163287cbd07ec9239c65248572c2069c320bb70bccf7eb6ee5,e8bfc3663c1028bebccf84a6412c541566c220570289c52515e908e98388fc93,2865,2,train
9602,2880,28,Heterochone calyx,/home/tahiti/MARINE_DATASETS/FathomNet_FGVC2025/data/rois/2880_9602.png,/home/tahiti/MARINE_DATASETS/FathomNet_FGVC2025/data/images/2880.png,bf37a90b5a4fc6c7e632685cb201e46db31a38c07e3e75222caefe53627765c0,a415d639a96e7b39feb6f4ce1c7c105e56c25766e35af730285f249bc8d66d60,2880,0,train
9604,2882,65,Rathbunaster californicus,/home/tahiti/MARINE_DATASETS/FathomNet_FGVC2025/data/rois/2882_9604.png,/home/tahiti/MARINE_DATASETS/FathomNet_FGVC2025/data/images/2882.png,55b978529228c36986ca5aaad1bb08072c4475add020944d6bff04801bc396d2,8ffa1e02f129390fa883d7453da71de1f1fdb666f6e3b129dbc016f4929ef036,2882,6,train
9614,2885,14,Caridea,/home/tahiti/MARINE_DATASETS/FathomNet_FGVC2025/data/rois/2885_9614.png,/home/tahiti/MARINE_DATASETS/FathomNet_FGVC2025/data/images/2885.png,7cf2607a18bc83f78567862bc0df936d4fb2bc9990523e2b12a0a85302e297c7,89459d214c35e915cc046072f97757f24c0514238beb19e6327c7954f590614e,2885,6,train
9638,2895,69,Sebastes,/home/tahiti/MARINE_DATASETS/FathomNet_FGVC2025/data/rois/2895_9638.png,/home/tahiti/MARINE_DATASETS/FathomNet_FGVC2025/data/images/2895.png,1c859b4aa23ac0a941363f832c9d26b26e3503fd5b4b5a815ea68aa281bc2fec,6a788e6fd0f82f0305c888c63083e90ed06f123217b346d6d4d7e3f0bb0f1383,2895,0,train
9697,2920,68,Scotoplanes globosa,/home/tahiti/MARINE_DATASETS/FathomNet_FGVC2025/data/rois/2920_9697.png,/home/tahiti/MARINE_DATASETS/FathomNet_FGVC2025/data/images/2920.png,1baf962202007ec1e9ca09f09689a798deef483a161cf007981b5fd824e95243,409b14dd6c1e21c0697801110899563c3d4b1b97a17b9a1ba36f0aa27cbdd837,2920,1,train
9729,2929,4,Actinernus,/home/tahiti/MARINE_DATASETS/FathomNet_FGVC2025/data/rois/2929_9729.png,/home/tahiti/MARINE_DATASETS/FathomNet_FGVC2025/data/images/2929.png,c6d0930b6a849ee76c9fc58d6ba85640a05acd052319af352a16b2c8c3eaae07,3c3bc6a5bca8f1d66f2b3372e07192da74c02a6e5bf7750045a22ec3535c9874,2929,6,train
9755,2933,20,Delectopecten,/home/tahiti/MARINE_DATASETS/FathomNet_FGVC2025/data/rois/2933_9755.png,/home/tahiti/MARINE_DATASETS/FathomNet_FGVC2025/data/images/2933.png,4039ddac41c55baa15e3a2b4c2d990b9c0a79469b098ed6142861091aa5bd088,505e4296f0cae80c3096283bf7e37e4ee63ec97d7989f567451c34b8268362cd,2933,1,train
9787,2938,19,Crinoidea,/home/tahiti/MARINE_DATASETS/FathomNet_FGVC2025/data/rois/2938_9787.png,/home/tahiti/MARINE_DATASETS/FathomNet_FGVC2025/data/images/2938.png,1334cc124a1ae5b88c6bcf6f379a4a12fce241be565b6305a37a08fd8ab3c5fb,e42a70e308c789c971a1a71ef5c4861af798a193eacb7a502c1f2c1206e37618,2938,1,train
9791,2938,19,Crinoidea,/home/tahiti/MARINE_DATASETS/FathomNet_FGVC2025/data/rois/2938_9791.png,/home/tahiti/MARINE_DATASETS/FathomNet_FGVC2025/data/images/2938.png,27bc862b71a25d5a526b109c8ea7ba4405deecd8f9f550363df75d1dd651891a,e42a70e308c789c971a1a71ef5c4861af798a193eacb7a502c1f2c1206e37618,2938,1,train
9804,2941,68,Scotoplanes globosa,/home/tahiti/MARINE_DATASETS/FathomNet_FGVC2025/data/rois/2941_9804.png,/home/tahiti/MARINE_DATASETS/FathomNet_FGVC2025/data/images/2941.png,6128b1ae542f3620ef7b631bae9b2820a60bcafac397c43327427ee8f3ffe36a,e13ebaf35f4a929075424f5642408878587c269e2fdb35ed4f601bf5ad13cacb,2941,1,train
9807,2942,55,Paragorgia arborea,/home/tahiti/MARINE_DATASETS/FathomNet_FGVC2025/data/rois/2942_9807.png,/home/tahiti/MARINE_DATASETS/FathomNet_FGVC2025/data/images/2942.png,e0b64f441b4458dc6ae7c7928eaa3b4457a401edf36918a820e4b37a4b2405a5,f13a7017e45077747b631a7b2a8938b280450b84c5a898a5eff2de64ae988d89,2942,6,train
9841,2946,24,Funiculina,/home/tahiti/MARINE_DATASETS/FathomNet_FGVC2025/data/rois/2946_9841.png,/home/tahiti/MARINE_DATASETS/FathomNet_FGVC2025/data/images/2946.png,2de6807fb0f87334c2d5dabc817f3ef8af22e226a91237d3255be3d4df8a1957,ecbbbac399c5e05c8aa9c1e72f8cf9c9ba1868fb18eb38c5422379ef025f60e1,2946,4,train
9852,2946,24,Funiculina,/home/tahiti/MARINE_DATASETS/FathomNet_FGVC2025/data/rois/2946_9852.png,/home/tahiti/MARINE_DATASETS/FathomNet_FGVC2025/data/images/2946.png,ab59610051ddc8d72f404620993785091859a6e8874bcad5837a4433fbfb271f,ecbbbac399c5e05c8aa9c1e72f8cf9c9ba1868fb18eb38c5422379ef025f60e1,2946,4,train
9853,2946,77,Umbellula,/home/tahiti/MARINE_DATASETS/FathomNet_FGVC2025/data/rois/2946_9853.png,/home/tahiti/MARINE_DATASETS/FathomNet_FGVC2025/data/images/2946.png,f6039c9e2a1082c239a81aa79e4686a6626ae74b121edecb204ab09fb5e5395e,ecbbbac399c5e05c8aa9c1e72f8cf9c9ba1868fb18eb38c5422379ef025f60e1,2946,4,train
9854,2946,77,Umbellula,/home/tahiti/MARINE_DATASETS/FathomNet_FGVC2025/data/rois/2946_9854.png,/home/tahiti/MARINE_DATASETS/FathomNet_FGVC2025/data/images/2946.png,7eb98740ffdd4720631b1b5b5c5c76e3b64265b3178ca32b1dd71ef002870dd9,ecbbbac399c5e05c8aa9c1e72f8cf9c9ba1868fb18eb38c5422379ef025f60e1,2946,4,train
9872,2950,28,Heterochone calyx,/home/tahiti/MARINE_DATASETS/FathomNet_FGVC2025/data/rois/2950_9872.png,/home/tahiti/MARINE_DATASETS/FathomNet_FGVC2025/data/images/2950.png,b608b107f9b6b7ca7a36296a8c7e506f93847806edd23744032c215803f9a799,7899f833690ba76c2a5b51908da5665f01c9e54e05ebc3080cf827f2a5d62275,2950,2,train
9985,2977,77,Umbellula,/home/tahiti/MARINE_DATASETS/FathomNet_FGVC2025/data/rois/2977_9985.png,/home/tahiti/MARINE_DATASETS/FathomNet_FGVC2025/data/images/2977.png,c1623bf5556f2bead15a3712c7712bdc7e9b7151edf37049c2037548168ab732,a6f25187d683d8dcc1ed3bfd4a66b514ec233138b25e3f54956ed1c5dae1311f,2977,0,train
10037,2991,55,Paragorgia arborea,/home/tahiti/MARINE_DATASETS/FathomNet_FGVC2025/data/rois/2991_10037.png,/home/tahiti/MARINE_DATASETS/FathomNet_FGVC2025/data/images/2991.png,394c501a2220bfda9ad8e5cd96cdbd4d347ec730e5292afa7771fc0ebf370899,95d60ae9dcae4a1389ce84a724534abcc102a289a00f71ae8423baf520facd7a,2991,4,train
10045,2993,66,Scleractinia,/home/tahiti/MARINE_DATASETS/FathomNet_FGVC2025/data/rois/2993_10045.png,/home/tahiti/MARINE_DATASETS/FathomNet_FGVC2025/data/images/2993.png,9dd04a4bb7bd77b9da4a8d95f7d7168be5b44162472a665b31612d3321a3e36d,3dafc98a937b514a2ed90f8ccb024f7cb22d27670ed2cdb87c692582caac9759,2993,1,train
10052,2993,66,Scleractinia,/home/tahiti/MARINE_DATASETS/FathomNet_FGVC2025/data/rois/2993_10052.png,/home/tahiti/MARINE_DATASETS/FathomNet_FGVC2025/data/images/2993.png,7e04c1ef9a9ef0347f0d4c0e0abc1f5792ac23451d6d1392c813c77eb65cae7b,3dafc98a937b514a2ed90f8ccb024f7cb22d27670ed2cdb87c692582caac9759,2993,1,train
10059,2995,76,Tunicata,/home/tahiti/MARINE_DATASETS/FathomNet_FGVC2025/data/rois/2995_10059.png,/home/tahiti/MARINE_DATASETS/FathomNet_FGVC2025/data/images/2995.png,2c5ea3753ed435fe6e3c04d4fbfe1e507d194fea350e8a246eea922cdb2e293d,3859744c7a5c07aa3ed387987ae1b88598f117e5482a549fe8fc7e07060b03b0,2995,2,train
10080,3003,46,Mycale,/home/tahiti/MARINE_DATASETS/FathomNet_FGVC2025/data/rois/3003_10080.png,/home/tahiti/MARINE_DATASETS/FathomNet_FGVC2025/data/images/3003.png,e3d0abd5e45dbafba5e5b57381ee71f58342b78673275746ca1dbb01d4d5643c,dc80dc31571bd292fc645c9e63bc58ede08d886b85fdf0f2487bb6861ef98406,3003,6,train
10108,3008,12,Benthocodon pedunculata,/home/tahiti/MARINE_DATASETS/FathomNet_FGVC2025/data/rois/3008_10108.png,/home/tahiti/MARINE_DATASETS/FathomNet_FGVC2025/data/images/3008.png,27507ae90f8fd51ff4aa8da0430983a45e32b6ba047990ee912c1f643baf72a6,e84d29af49aa7ccbd29bc89959b9b41d122e57645c128b2f204caaa580a981dd,3008,2,train
10113,3008,12,Benthocodon pedunculata,/home/tahiti/MARINE_DATASETS/FathomNet_FGVC2025/data/rois/3008_10113.png,/home/tahiti/MARINE_DATASETS/FathomNet_FGVC2025/data/images/3008.png,c0ac92b87dfb80a3a35ee6fc2eb7ab0880c146af281c2d9b7c5492da381227fb,e84d29af49aa7ccbd29bc89959b9b41d122e57645c128b2f204caaa580a981dd,3008,2,train
10141,3022,78,Vesicomyidae,/home/tahiti/MARINE_DATASETS/FathomNet_FGVC2025/data/rois/3022_10141.png,/home/tahiti/MARINE_DATASETS/FathomNet_FGVC2025/data/images/3022.png,4a8dd902c79c5635e47567d1573abb7c5ff8ea9b6e764598158d6bc1d2501a7e,50895eb3f98ee96c5a2d196a21e37f8340a3f886ffb69b3bb89e0c190de105f3,3022,6,train
10143,3022,78,Vesicomyidae,/home/tahiti/MARINE_DATASETS/FathomNet_FGVC2025/data/rois/3022_10143.png,/home/tahiti/MARINE_DATASETS/FathomNet_FGVC2025/data/images/3022.png,487b600b0f01cf9e0f2e1a5485cb323bcf53deb66cf8ecd19c1ecc4f1419b7af,50895eb3f98ee96c5a2d196a21e37f8340a3f886ffb69b3bb89e0c190de105f3,3022,6,train
10171,3033,30,Hexactinellida,/home/tahiti/MARINE_DATASETS/FathomNet_FGVC2025/data/rois/3033_10171.png,/home/tahiti/MARINE_DATASETS/FathomNet_FGVC2025/data/images/3033.png,ee234368a40f553a0ed73afbc0c844172dd193a473f54bbdeebc77a76e964d42,a42ec6a0dd2eca2ebf00c6774c8c679b86ebfb0a881b878b7a246b4a2ba88d26,3033,4,train
10175,3035,27,Heterocarpus,/home/tahiti/MARINE_DATASETS/FathomNet_FGVC2025/data/rois/3035_10175.png,/home/tahiti/MARINE_DATASETS/FathomNet_FGVC2025/data/images/3035.png,26b5f612833d009679611aefbfa45f761790a5e71fbf0e9aeaf1ea37fd769836,f00ade101a10bc78cf025f33722b47f4a766adad1dfa10d2a3cc1db415f22de4,3035,1,train
10184,3037,35,Isididae,/home/tahiti/MARINE_DATASETS/FathomNet_FGVC2025/data/rois/3037_10184.png,/home/tahiti/MARINE_DATASETS/FathomNet_FGVC2025/data/images/3037.png,2d68d44a19a130056aeb42afd4b0252c6818f29d91f22252d861a157223b86ec,29a602c38520622d6b30f9c679da9b7426af4ddd391d0eb3b8bd7b697bdccdba,3037,2,train
10212,3044,72,Serpulidae,/home/tahiti/MARINE_DATASETS/FathomNet_FGVC2025/data/rois/3044_10212.png,/home/tahiti/MARINE_DATASETS/FathomNet_FGVC2025/data/images/3044.png,8db4e89d65124f6d7d0d74b2a27a9f8dc124515d8b7ad5047bf7482107656afe,25d4b273853803197af57517857df938fe35f598b1a47f9b4210a17e506b52df,3044,0,train
10224,3044,72,Serpulidae,/home/tahiti/MARINE_DATASETS/FathomNet_FGVC2025/data/rois/3044_10224.png,/home/tahiti/MARINE_DATASETS/FathomNet_FGVC2025/data/images/3044.png,67c34bff5b059546b131d74164d02bd77ea7362ba06dd9b4457dff0dde6a77b2,25d4b273853803197af57517857df938fe35f598b1a47f9b4210a17e506b52df,3044,0,train
10227,3044,72,Serpulidae,/home/tahiti/MARINE_DATASETS/FathomNet_FGVC2025/data/rois/3044_10227.png,/home/tahiti/MARINE_DATASETS/FathomNet_FGVC2025/data/images/3044.png,f41f5323a50b6c270ae818512a98a20d91cdf05bc1cbe4ae2e74a85971c2f28a,25d4b273853803197af57517857df938fe35f598b1a47f9b4210a17e506b52df,3044,0,train
10252,3051,55,Paragorgia arborea,/home/tahiti/MARINE_DATASETS/FathomNet_FGVC2025/data/rois/3051_10252.png,/home/tahiti/MARINE_DATASETS/FathomNet_FGVC2025/data/images/3051.png,e1da5a1d46ca324752c92e418cbe5ca3cfb971558dd648d5cad21211b3e306c6,853e62361873c9d1580d2b0b415d219790568f3e7ec0984ef1934e81048dbcaf,3051,2,train
10274,3054,41,Merluccius productus,/home/tahiti/MARINE_DATASETS/FathomNet_FGVC2025/data/rois/3054_10274.png,/home/tahiti/MARINE_DATASETS/FathomNet_FGVC2025/data/images/3054.png,0a615b1d974f4e86a5b00bc57900aa12852395dd3bc9a564b84af1215d5afb1f,0997ba78fe11660653a77bc44bc89ef91a26d077860222152e59f0141e27abd6,3054,2,train
10313,3068,73,Staurocalyptus,/home/tahiti/MARINE_DATASETS/FathomNet_FGVC2025/data/rois/3068_10313.png,/home/tahiti/MARINE_DATASETS/FathomNet_FGVC2025/data/images/3068.png,954511c631625a388050ff335dad28fd8a5af596f1331043b05117e8c992d24e,4ab15bb58f77f629131175fa98489fedff1315c6ebcf5a67a784d1097f0ef553,3068,6,train
10327,3071,19,Crinoidea,/home/tahiti/MARINE_DATASETS/FathomNet_FGVC2025/data/rois/3071_10327.png,/home/tahiti/MARINE_DATASETS/FathomNet_FGVC2025/data/images/3071.png,cd5307def9767310ee16784b04e0ce18fb1a1695ad91382beb40e496855419f7,0210dfd8f7660a18ccff69278db5dbd1d8b2a6275349d1f881f74d051b2d46c6,3071,6,train
10334,3073,32,Holothuroidea,/home/tahiti/MARINE_DATASETS/FathomNet_FGVC2025/data/rois/3073_10334.png,/home/tahiti/MARINE_DATASETS/FathomNet_FGVC2025/data/images/3073.png,a2b94496496e0660c2e047427bfce3a94abce4cc6ae71b956c26046ef4444364,680ae651bd76e6751ea99449106125de1fadef2ed38c7f97bff297b71f5f8e95,3073,6,train
10363,3088,33,Hormathiidae,/home/tahiti/MARINE_DATASETS/FathomNet_FGVC2025/data/rois/3088_10363.png,/home/tahiti/MARINE_DATASETS/FathomNet_FGVC2025/data/images/3088.png,56ed35178ad9caec76cb4e79d448ce3ba49cad660641f9a30e78a352ffa2b0a1,01779ee1bbcd5afc66b22221219cb78178542375f368bccd373d5683e6c95338,3088,6,train
10389,3097,29,Heteropolypus ritteri,/home/tahiti/MARINE_DATASETS/FathomNet_FGVC2025/data/rois/3097_10389.png,/home/tahiti/MARINE_DATASETS/FathomNet_FGVC2025/data/images/3097.png,12f433f901070a0222dfb18f0a7b6b26d4682c1773daa097c03db772cd506ac9,c1d747e83f975384aba5482cc54b2454e95623a3b44296c31e6e6649b8bb287c,3097,6,train
10392,3097,29,Heteropolypus ritteri,/home/tahiti/MARINE_DATASETS/FathomNet_FGVC2025/data/rois/3097_10392.png,/home/tahiti/MARINE_DATASETS/FathomNet_FGVC2025/data/images/3097.png,11f7d0ae1659386c3630bc199d8468a7c3554341e845225b7b48d207e3a3d292,c1d747e83f975384aba5482cc54b2454e95623a3b44296c31e6e6649b8bb287c,3097,6,train
10396,3098,55,Paragorgia arborea,/home/tahiti/MARINE_DATASETS/FathomNet_FGVC2025/data/rois/3098_10396.png,/home/tahiti/MARINE_DATASETS/FathomNet_FGVC2025/data/images/3098.png,a2cfa43af1c5a715d0db2aa592f4191010d5139c66870b035dc5856695ef0687,cedb8e40d84fff5ccc29916486460c1e72250a7de6a21ca79c609d98750fdb0b,3098,2,train
10402,3103,55,Paragorgia arborea,/home/tahiti/MARINE_DATASETS/FathomNet_FGVC2025/data/rois/3103_10402.png,/home/tahiti/MARINE_DATASETS/FathomNet_FGVC2025/data/images/3103.png,2a38a3e9ef33ea4498d0155607a80201a185d5a7d558edcbbb47be5ffcb6632a,f412d14878a96fd85f6d9431fdb88c27fe9e8000ec2c78dc212b475067f52189,3103,4,train
10449,3114,73,Staurocalyptus,/home/tahiti/MARINE_DATASETS/FathomNet_FGVC2025/data/rois/3114_10449.png,/home/tahiti/MARINE_DATASETS/FathomNet_FGVC2025/data/images/3114.png,d1cd11467b9b04cf61da4d401f4b7211e13994d9cc5b2f7337b8dbc2b67d286d,99098a6cdaae1aa36078119fb1df7783d5ef6a3f00196b39a83b034ba7228854,3114,6,train
10463,3123,77,Umbellula,/home/tahiti/MARINE_DATASETS/FathomNet_FGVC2025/data/rois/3123_10463.png,/home/tahiti/MARINE_DATASETS/FathomNet_FGVC2025/data/images/3123.png,89f8fe9d93755a36b7366f52a20f678bbd563015364a0fe364aeaca1b30629c9,b9c2db5cae245aa5dc5cee66078cb2e859e28f5501ff5a69013c6e8497246ac8,3123,2,train
10478,3133,35,Isididae,/home/tahiti/MARINE_DATASETS/FathomNet_FGVC2025/data/rois/3133_10478.png,/home/tahiti/MARINE_DATASETS/FathomNet_FGVC2025/data/images/3133.png,ae780f69f4ac401c54d1159d83dca75566000bd8ccbddd69f8ebb1b0fdeada30,4fb9e2438a3d8aed3bc133fd04655e45dcc545f9aac6d2c65f646e088797bf58,3133,4,train
10518,3161,39,Lithodidae,/home/tahiti/MARINE_DATASETS/FathomNet_FGVC2025/data/rois/3161_10518.png,/home/tahiti/MARINE_DATASETS/FathomNet_FGVC2025/data/images/3161.png,f9557e5211ee79c877e28862fbb832c9c15cde49fcf54460a4a5c9a26db49049,01fdcb69ae3a216e0ab8539c469cd4cf43b19539e2a39e97044b3fbf1815c6c0,3161,4,train
10535,3170,25,Gastropoda,/home/tahiti/MARINE_DATASETS/FathomNet_FGVC2025/data/rois/3170_10535.png,/home/tahiti/MARINE_DATASETS/FathomNet_FGVC2025/data/images/3170.png,70162c711abba9866d3018cddc8ba82ccbdd2eb149d4e4023f3ffbf2ef475b6f,9e25bc05f32873e86befa5f8d3f68906d1281f6f9730d23accc5bdfbd068d823,3170,0,train
10560,3181,41,Merluccius productus,/home/tahiti/MARINE_DATASETS/FathomNet_FGVC2025/data/rois/3181_10560.png,/home/tahiti/MARINE_DATASETS/FathomNet_FGVC2025/data/images/3181.png,6de8fb7f242dee97e1585d4abf67d7210f6686201cc9a495526742fd0fa887fd,aa6530336610a53cfbaa7acfe6aef13f3562047ae386729d201bc7e292cded1e,3181,6,train
10649,3213,76,Tunicata,/home/tahiti/MARINE_DATASETS/FathomNet_FGVC2025/data/rois/3213_10649.png,/home/tahiti/MARINE_DATASETS/FathomNet_FGVC2025/data/images/3213.png,d4fb966f2f38a9fdda73a6f36d7807ee0b5734ce629f37229acc63ed6fc80933,052443cf861c71be1d86fd6e515120fb42a0bc1e18660cae5fad7bfe02178153,3213,6,train
10657,3216,50,Paelopatides confundens,/home/tahiti/MARINE_DATASETS/FathomNet_FGVC2025/data/rois/3216_10657.png,/home/tahiti/MARINE_DATASETS/FathomNet_FGVC2025/data/images/3216.png,82d7106d0b9728874641cba3c139fcec84151652f92135e8e5d32e1e249f7906,d0d6a31259e3ec8f579a7c59b4182bb337caec5ed53f4f80837af7e71ec2f46a,3216,6,train
10685,3227,30,Hexactinellida,/home/tahiti/MARINE_DATASETS/FathomNet_FGVC2025/data/rois/3227_10685.png,/home/tahiti/MARINE_DATASETS/FathomNet_FGVC2025/data/images/3227.png,c54d1e5a2deec1ca3d5fd2bdf8161a2d744a3402d685ec6213d16082f27d6b2c,d884f924f0743d4367121052c7a9eee1cea57194cb621bcd38e4b155d47f28bd,3227,0,train
10686,3227,51,Pandalus amplus,/home/tahiti/MARINE_DATASETS/FathomNet_FGVC2025/data/rois/3227_10686.png,/home/tahiti/MARINE_DATASETS/FathomNet_FGVC2025/data/images/3227.png,043a9ee2ddd68af0877e608d4d34d80b9d7405301c6fc060968b8b9a2bf0fc3e,d884f924f0743d4367121052c7a9eee1cea57194cb621bcd38e4b155d47f28bd,3227,0,train
10750,3260,31,Hippasteria,/home/tahiti/MARINE_DATASETS/FathomNet_FGVC2025/data/rois/3260_10750.png,/home/tahiti/MARINE_DATASETS/FathomNet_FGVC2025/data/images/3260.png,298db48e91e30a0a48020cf674cdede640299c9f2eb7c43ee3503c09d50cf471,84f8c0d475ebc500d20f28497e2b4bd7d4030b0244450291c9a5302502d91cea,3260,6,train
10772,3265,33,Hormathiidae,/home/tahiti/MARINE_DATASETS/FathomNet_FGVC2025/data/rois/3265_10772.png,/home/tahiti/MARINE_DATASETS/FathomNet_FGVC2025/data/images/3265.png,7e8749894c2055f0472a944352b00f5b7fe8d3f5472e8cb920859a5e429be648,9b5c61af41e2c23fca3bced8c4d095c0f1eb9e365ab52840e9b1ddc3ea64df5e,3265,6,train
10786,3274,34,Isidella tentaculum,/home/tahiti/MARINE_DATASETS/FathomNet_FGVC2025/data/rois/3274_10786.png,/home/tahiti/MARINE_DATASETS/FathomNet_FGVC2025/data/images/3274.png,74900a8b6d9bf9470af6f289be9fcb4149c446db7cf2ec1c8c2d2a25414c5c4d,7bb29dfe0087d7c0b6c664c7e7a82f70c8868397ffc8f95104b2bd933dfac068,3274,2,train
10800,3281,46,Mycale,/home/tahiti/MARINE_DATASETS/FathomNet_FGVC2025/data/rois/3281_10800.png,/home/tahiti/MARINE_DATASETS/FathomNet_FGVC2025/data/images/3281.png,91ddbdf0e06bc171c1611351418289cc15b087cc7041e1d435e144bce88d092c,8bae398d6496903d2f719840f674f78a54813501dfcfd03fafae3fd91b2e86c4,3281,2,train
10814,3288,35,Isididae,/home/tahiti/MARINE_DATASETS/FathomNet_FGVC2025/data/rois/3288_10814.png,/home/tahiti/MARINE_DATASETS/FathomNet_FGVC2025/data/images/3288.png,b9b55faa5dbbac6effc4653ad0e688794b586efb7e784f5ac939e86971b3f2a4,a10282904fa98e91fffb9abbfeed3c59841ae8f6cbf5c6f513a7611080bb47e9,3288,4,train
10824,3292,78,Vesicomyidae,/home/tahiti/MARINE_DATASETS/FathomNet_FGVC2025/data/rois/3292_10824.png,/home/tahiti/MARINE_DATASETS/FathomNet_FGVC2025/data/images/3292.png,d3972536cce0479cc76cfead9ff00ebb1b3faefe3edf35e68d9c2c724220529f,b185c0c5b3ffc32661c6cc5b6950fd8b80cbb063f0dc6090dbc980782cbb5954,3292,6,train
10874,3306,45,Munnopsidae,/home/tahiti/MARINE_DATASETS/FathomNet_FGVC2025/data/rois/3306_10874.png,/home/tahiti/MARINE_DATASETS/FathomNet_FGVC2025/data/images/3306.png,c1723ee99e387bd3ab42e9c3371aebc1e40084c9706fe5bdd84303e8989812e7,1c33ed345c4650f268a3cc5a6545c027014c235cb09c45d88d11bda91c06231c,3306,2,train
10910,3326,18,Corallimorphus pilatus,/home/tahiti/MARINE_DATASETS/FathomNet_FGVC2025/data/rois/3326_10910.png,/home/tahiti/MARINE_DATASETS/FathomNet_FGVC2025/data/images/3326.png,b3b91b86df0c2e6a2663952c591a103427666401be495bc67d3b53fcbde5269b,17addc7c7b672e4989d04ea423c2aabc4897863b4a5b3afc39b1b49ab7bea615,3326,2,train
10915,3330,68,Scotoplanes globosa,/home/tahiti/MARINE_DATASETS/FathomNet_FGVC2025/data/rois/3330_10915.png,/home/tahiti/MARINE_DATASETS/FathomNet_FGVC2025/data/images/3330.png,2c2fff5025b2a70f871b0ee3e9819d6a46e83a16be61dfc76ecc0db8d0427bec,e6d35f8e356370ba2de0b2824401f160f841dd2917b62cbb879cd0ba6120be84,3330,6,train
11027,3379,56,Paralomis multispina,/home/tahiti/MARINE_DATASETS/FathomNet_FGVC2025/data/rois/3379_11027.png,/home/tahiti/MARINE_DATASETS/FathomNet_FGVC2025/data/images/3379.png,72adf4d5b6cba72baa918f5d468146905b192eb39ebdedca371914a7d80f6057,9d4e16220a783e9c283e07cfaf9deba2e602ac16efa4b2ffd78ff5ab71886cd0,3379,4,train
11047,3386,17,Chorilia longipes,/home/tahiti/MARINE_DATASETS/FathomNet_FGVC2025/data/rois/3386_11047.png,/home/tahiti/MARINE_DATASETS/FathomNet_FGVC2025/data/images/3386.png,56ac6f99461ee3efa8258475d11a53669b401ca6d31032099ff6180a2d0a8ac6,8e57b62e7ca83f6ca4aaf0f597fec30facfb73ee5def57a461b88b556bbf161e,3386,6,train
11117,3421,68,Scotoplanes globosa,/home/tahiti/MARINE_DATASETS/FathomNet_FGVC2025/data/rois/3421_11117.png,/home/tahiti/MARINE_DATASETS/FathomNet_FGVC2025/data/images/3421.png,062e43587f0c077fc7a36c06dad7859a134360807a86006e934edad2c64365eb,7c7bf8466211eb69ba80d4793489db00ff1a174592e60c649a04f9d159743814,3421,0,train
11154,3431,19,Crinoidea,/home/tahiti/MARINE_DATASETS/FathomNet_FGVC2025/data/rois/3431_11154.png,/home/tahiti/MARINE_DATASETS/FathomNet_FGVC2025/data/images/3431.png,5aa9fd86ea1395c04960a4542d0d0236d97283817213a2d6e4857bc5bc6855f4,c6a3369fe2829b29647ba1b62d43252670e64dc33d60f183e195798eaed94594,3431,0,train
11222,3443,68,Scotoplanes globosa,/home/tahiti/MARINE_DATASETS/FathomNet_FGVC2025/data/rois/3443_11222.png,/home/tahiti/MARINE_DATASETS/FathomNet_FGVC2025/data/images/3443.png,463d510874c14c449460f4671d645cbd5acedf947b3792083cb07b81c05378dd,2c65ebf77502243cd9a976811a676277c542da7f33a4bdb77924a256c17c7197,3443,1,train
11227,3444,79,Zoantharia,/home/tahiti/MARINE_DATASETS/FathomNet_FGVC2025/data/rois/3444_11227.png,/home/tahiti/MARINE_DATASETS/FathomNet_FGVC2025/data/images/3444.png,8af194db60ac36ab57c60e28fbe78260455d24695c245255e3c6691030056de7,a8973d7adc6e6b35f79f38c1b150328b9bc615bcf4ab573e140b709f1ae8ec53,3444,4,train
11311,3460,4,Actinernus,/home/tahiti/MARINE_DATASETS/FathomNet_FGVC2025/data/rois/3460_11311.png,/home/tahiti/MARINE_DATASETS/FathomNet_FGVC2025/data/images/3460.png,15787c1c4a09de520fe1665d1258ec7b8fc7df2a3454679f545d20001dcb9f97,1e287b54e65b94b98e28d8ca6a21651ecab459d68a9092c83e1de15a5dad3700,3460,1,train
11330,3469,14,Caridea,/home/tahiti/MARINE_DATASETS/FathomNet_FGVC2025/data/rois/3469_11330.png,/home/tahiti/MARINE_DATASETS/FathomNet_FGVC2025/data/images/3469.png,69d28ede11c90c5696f89a1082a9f8d1291f8a81c3d6fb9fcdf1cbfda0dca306,41dd9ea3765e7a632b5980f5677725f838f4883f5735c8538289dabd2ad3b6a9,3469,4,train
11331,3470,8,Apostichopus leukothele,/home/tahiti/MARINE_DATASETS/FathomNet_FGVC2025/data/rois/3470_11331.png,/home/tahiti/MARINE_DATASETS/FathomNet_FGVC2025/data/images/3470.png,25981e22734e6d9ebeb61853bc225aaaf1da9266d19c50ac55281cb29e596088,3b0624bcc99cc6ff4df23f7b27458e2da8281be98265916c5841a4c68efcda18,3470,6,train
11345,3481,47,Octopus rubescens,/home/tahiti/MARINE_DATASETS/FathomNet_FGVC2025/data/rois/3481_11345.png,/home/tahiti/MARINE_DATASETS/FathomNet_FGVC2025/data/images/3481.png,741e964e5d1c00f6e1f791b82074afc28b71e7c7e47efe0a219f963ae3920d0d,1ccb0851c431c4281abcbc41babbcc43b340d4953fb71d95a90fa68e15c58169,3481,1,train
11348,3482,44,Munidopsis,/home/tahiti/MARINE_DATASETS/FathomNet_FGVC2025/data/rois/3482_11348.png,/home/tahiti/MARINE_DATASETS/FathomNet_FGVC2025/data/images/3482.png,73503b39636d61d4c37380dc57cf98f9159a2c99bfb1407a37f5860b7df2b9f4,10181547f489b0ca15e14bbea13a1b918734c723949d3d8b55167f47b5122a11,3482,2,train
11360,3485,6,Actinopterygii,/home/tahiti/MARINE_DATASETS/FathomNet_FGVC2025/data/rois/3485_11360.png,/home/tahiti/MARINE_DATASETS/FathomNet_FGVC2025/data/images/3485.png,2c10753ab12f95cda50bf6bbec5784a42e5bd11aa162b58ef4d0dedcaa7ef389,d648470de4352c75073bec4603880de31ac329fb7c229b99b31ba852bf52a847,3485,0,train
11394,3495,68,Scotoplanes globosa,/home/tahiti/MARINE_DATASETS/FathomNet_FGVC2025/data/rois/3495_11394.png,/home/tahiti/MARINE_DATASETS/FathomNet_FGVC2025/data/images/3495.png,2595de5df062b982537857228a7c4d235c1d444af7839e3a7fa6863ce29419d9,449be44846bc1fd1a5f4fd0feea50940c45e8fed8ca6bfeb7816ab39aebde391,3495,6,train
11455,3534,34,Isidella tentaculum,/home/tahiti/MARINE_DATASETS/FathomNet_FGVC2025/data/rois/3534_11455.png,/home/tahiti/MARINE_DATASETS/FathomNet_FGVC2025/data/images/3534.png,69abe985679adfcecf5b9cc7434b0ac4d580af0194eb586b2826e2dd29af958d,4ff70c3e12f9184450d6d0cf7e74deac26963d45ed35ed7e30e4ab33da00b8be,3534,4,train
11480,3547,14,Caridea,/home/tahiti/MARINE_DATASETS/FathomNet_FGVC2025/data/rois/3547_11480.png,/home/tahiti/MARINE_DATASETS/FathomNet_FGVC2025/data/images/3547.png,e05c64acdaf5f076c096adbf9d9ce15fb78d24ce00915aec42125575a01bb29e,f7c76ccf68a08967dcd70c0f96d7bb496299183c18220bdbc5e9d86d775754f4,3547,0,train
11493,3557,22,Farrea,/home/tahiti/MARINE_DATASETS/FathomNet_FGVC2025/data/rois/3557_11493.png,/home/tahiti/MARINE_DATASETS/FathomNet_FGVC2025/data/images/3557.png,fb399c771fbe56b5716cb656d56897d00a95d938ff91a2d3db964f515af0ab09,77be683d229b20d046601cda075950ec1546f74e7906a3527c8f9158e8760594,3557,4,train
11538,3572,67,Scotoplanes,/home/tahiti/MARINE_DATASETS/FathomNet_FGVC2025/data/rois/3572_11538.png,/home/tahiti/MARINE_DATASETS/FathomNet_FGVC2025/data/images/3572.png,b38c98225625aa9204640e41bc93c7f6f23ed08ed052d458eb9c52251e081cd8,6ec65ab1be939abd2ac83a7d123d018bdaed4a7e9c3694600f35318d2218a67c,3572,0,train
11557,3582,13,Brisingida,/home/tahiti/MARINE_DATASETS/FathomNet_FGVC2025/data/rois/3582_11557.png,/home/tahiti/MARINE_DATASETS/FathomNet_FGVC2025/data/images/3582.png,36f6c1d7669545affbd44ce2d875f32a40c52918d6dd3ec14a81c7737dde93e2,b7d663aea9ab5ad6fd05636b8103513e2ec908420c213a1ff270a5d857ee2245,3582,2,train
11559,3584,41,Merluccius productus,/home/tahiti/MARINE_DATASETS/FathomNet_FGVC2025/data/rois/3584_11559.png,/home/tahiti/MARINE_DATASETS/FathomNet_FGVC2025/data/images/3584.png,36826df51edd7df0cd559b729631fefd9fa1304f55598009e52db000c48b3256,c75f139d3dfcca72510a274f05bf765c149e9911e787ef536cbd30660d230930,3584,4,train
11579,3593,36,Isosicyonis,/home/tahiti/MARINE_DATASETS/FathomNet_FGVC2025/data/rois/3593_11579.png,/home/tahiti/MARINE_DATASETS/FathomNet_FGVC2025/data/images/3593.png,fb464f16da38a5c87631e6167df095fe84fb45d53d84ffcaaf678b222818019d,9d1650412d12af5bdbfaad7a0d8c68972c72cd65ea4211bb26251f4d58307529,3593,0,train
11581,3594,42,Metridium farcimen,/home/tahiti/MARINE_DATASETS/FathomNet_FGVC2025/data/rois/3594_11581.png,/home/tahiti/MARINE_DATASETS/FathomNet_FGVC2025/data/images/3594.png,2ac09bfb3982a86c54b9a06d81d048fe852ef79b32aa38acb72d81283177c508,1140a30daecef6dd18e791a57df603af06d4a400db70423f2377b5cd44e4e7b0,3594,2,train
11605,3604,53,Pannychia moseleyi,/home/tahiti/MARINE_DATASETS/FathomNet_FGVC2025/data/rois/3604_11605.png,/home/tahiti/MARINE_DATASETS/FathomNet_FGVC2025/data/images/3604.png,b84a9f7b28863808914aa27f9659292e381771e7c012dca1b2fc1dcc8fb8a41a,e54df0320618f5b5c32d7921434bc3ce10c65ce2f99258a9d4d1b454efe4eb02,3604,2,train
11613,3609,36,Isosicyonis,/home/tahiti/MARINE_DATASETS/FathomNet_FGVC2025/data/rois/3609_11613.png,/home/tahiti/MARINE_DATASETS/FathomNet_FGVC2025/data/images/3609.png,c817d124797e27f0a46f8c670ee567382922bc311b730a4ff1172ffdc502a424,eefcb5d1c91395d06ea2a37df737b358fefeaf89f637371123e9e0d2e61bea90,3609,0,train
11618,3613,41,Merluccius productus,/home/tahiti/MARINE_DATASETS/FathomNet_FGVC2025/data/rois/3613_11618.png,/home/tahiti/MARINE_DATASETS/FathomNet_FGVC2025/data/images/3613.png,6bb803493703d65095d9bc520180f855c1909b370a9e274a18508769ee2ccb65,b5d80ec8933c02eb25947f56f0a5a21ff6bfe69f3a978b5f9257ca9468e7183a,3613,1,train
11623,3615,76,Tunicata,/home/tahiti/MARINE_DATASETS/FathomNet_FGVC2025/data/rois/3615_11623.png,/home/tahiti/MARINE_DATASETS/FathomNet_FGVC2025/data/images/3615.png,c9c1ca1df0c418cfaa0a28135a253827e1da078366a5dd53db35fa330721c5cf,08eea38693a752a37f37f15bc5ad5773fd8a91e2fef2ffbc23e5e7dbdfc19973,3615,6,train
11631,3618,32,Holothuroidea,/home/tahiti/MARINE_DATASETS/FathomNet_FGVC2025/data/rois/3618_11631.png,/home/tahiti/MARINE_DATASETS/FathomNet_FGVC2025/data/images/3618.png,785c479701564d07c1d3079bde988e09d64bf6eaf5e077fcdbee8b97fd3edb10,df53dc62b77420e6362580a014a37697c7c8067ec519ee1ce0c50706c524dc32,3618,0,train
11634,3620,45,Munnopsidae,/home/tahiti/MARINE_DATASETS/FathomNet_FGVC2025/data/rois/3620_11634.png,/home/tahiti/MARINE_DATASETS/FathomNet_FGVC2025/data/images/3620.png,e8618bb9544d9a1d8e3493450042c4489b5ba3be29336ae09b76b81db6e705e7,e8025402ef063ba863c99e6cfe55f842e01b02b40dd49e7d42d398b048b4d187,3620,4,train
11655,3630,67,Scotoplanes,/home/tahiti/MARINE_DATASETS/FathomNet_FGVC2025/data/rois/3630_11655.png,/home/tahiti/MARINE_DATASETS/FathomNet_FGVC2025/data/images/3630.png,4542fc4708697f78447bb7a18b07fa66ba93a3a879cac08b1a8cedf2098cc650,a226ccaa0e6657f12775762159efee0fa9a652db436b26ba03fe909f857b1597,3630,0,train
11663,3630,59,Pennatula phosphorea,/home/tahiti/MARINE_DATASETS/FathomNet_FGVC2025/data/rois/3630_11663.png,/home/tahiti/MARINE_DATASETS/FathomNet_FGVC2025/data/images/3630.png,633a74df22e733d4e47e45b1885b72c086c707412fd00fb95eda269133be708d,a226ccaa0e6657f12775762159efee0fa9a652db436b26ba03fe909f857b1597,3630,0,train
11697,3641,26,Gersemia juliepackardae,/home/tahiti/MARINE_DATASETS/FathomNet_FGVC2025/data/rois/3641_11697.png,/home/tahiti/MARINE_DATASETS/FathomNet_FGVC2025/data/images/3641.png,b665186acb684936c67598ae84879b3d3dcf8a6275faf8c2898703135bcdc390,af7dbb50ba546a312675118319e66faa3f9cc397c3710d8bfa888c039eeab7be,3641,1,train
11778,3675,18,Corallimorphus pilatus,/home/tahiti/MARINE_DATASETS/FathomNet_FGVC2025/data/rois/3675_11778.png,/home/tahiti/MARINE_DATASETS/FathomNet_FGVC2025/data/images/3675.png,049bb0a76b151b808be3c9148be700636beccb53a52215090483a926904de734,0506a92cde2d7608df3951b91050d88ef49f88b88f88d22247111c5be3ae0e5c,3675,4,train
11794,3679,56,Paralomis multispina,/home/tahiti/MARINE_DATASETS/FathomNet_FGVC2025/data/rois/3679_11794.png,/home/tahiti/MARINE_DATASETS/FathomNet_FGVC2025/data/images/3679.png,6083938b3eeeda882a9cdd944e6964b0b50adcd1ff6a7120acc97790c88bef79,eb1bfc0d7c00d50b5234684c7d2076914b51819fb88bd356f4856abd771e500f,3679,6,train
11816,3693,43,Microstomus pacificus,/home/tahiti/MARINE_DATASETS/FathomNet_FGVC2025/data/rois/3693_11816.png,/home/tahiti/MARINE_DATASETS/FathomNet_FGVC2025/data/images/3693.png,6dfd2655fa6cc378e03aef509709f86d35d1d11c6ebc42ca9ac78ffe2ce55260,8357674b1d74e5dc3c5934896bb5df41d0cee9e0514322334f2c3d7328f301ed,3693,2,train
11835,3700,24,Funiculina,/home/tahiti/MARINE_DATASETS/FathomNet_FGVC2025/data/rois/3700_11835.png,/home/tahiti/MARINE_DATASETS/FathomNet_FGVC2025/data/images/3700.png,33a95fb25f4d9f4e935853fde7855fa4844e868bea9699d93b9109b5956e2479,e9e0e4b5a83a75d47a84cd3ec438e3fe4f9b37051929dd4dc81a0d0c26508fbe,3700,2,train
11839,3700,77,Umbellula,/home/tahiti/MARINE_DATASETS/FathomNet_FGVC2025/data/rois/3700_11839.png,/home/tahiti/MARINE_DATASETS/FathomNet_FGVC2025/data/images/3700.png,e773d1973ffbc59838c82b880362380b547eeba8348944d0f6241a7b9af88bf9,e9e0e4b5a83a75d47a84cd3ec438e3fe4f9b37051929dd4dc81a0d0c26508fbe,3700,2,train
11917,3729,22,Farrea,/home/tahiti/MARINE_DATASETS/FathomNet_FGVC2025/data/rois/3729_11917.png,/home/tahiti/MARINE_DATASETS/FathomNet_FGVC2025/data/images/3729.png,7d2f58a4a299bf51633d004633f577024e9b7a0c08e7d86968dfa35f9a249473,4d54ac9bdd74f309911d580fd5a0c0c222185ee84b7e22cac082835f066e2924,3729,0,train
11959,3755,35,Isididae,/home/tahiti/MARINE_DATASETS/FathomNet_FGVC2025/data/rois/3755_11959.png,/home/tahiti/MARINE_DATASETS/FathomNet_FGVC2025/data/images/3755.png,c781a6aa95f8c94bbef253b7ea444d698fa53935b4dda42cdcc851310cad9114,5f77bf1c69cec6506371906929fb1dd9fbf38c09e05074a7233fe0cd7aa83319,3755,6,train
12036,3791,32,Holothuroidea,/home/tahiti/MARINE_DATASETS/FathomNet_FGVC2025/data/rois/3791_12036.png,/home/tahiti/MARINE_DATASETS/FathomNet_FGVC2025/data/images/3791.png,979e26b842d2729301c2a2642fc085c53a2d75f8b524799df3e736cac242987e,bfe2609fed6c697e553ae4482e335029196586a65b6d96bf1b17c135dc16c92f,3791,2,train
12057,3800,23,Florometra serratissima,/home/tahiti/MARINE_DATASETS/FathomNet_FGVC2025/data/rois/3800_12057.png,/home/tahiti/MARINE_DATASETS/FathomNet_FGVC2025/data/images/3800.png,f6030ab64b495eb0cb86fc40b6085ba64110ebb20bbdc01477481d61ad65debf,e164ae2afd657bf79d12720d1ab1ff835b07378201a0a013bb7973056dd6dac0,3800,6,train
12084,3806,12,Benthocodon pedunculata,/home/tahiti/MARINE_DATASETS/FathomNet_FGVC2025/data/rois/3806_12084.png,/home/tahiti/MARINE_DATASETS/FathomNet_FGVC2025/data/images/3806.png,d1f0536ec12785a4f3623b806015d685cd08e4fd31e12e71e6141b6e7ec961a2,2161ceeba9ea2cec82d9e52af15401247e56322c59315c91796d17a451fe1616,3806,4,train
12085,3806,45,Munnopsidae,/home/tahiti/MARINE_DATASETS/FathomNet_FGVC2025/data/rois/3806_12085.png,/home/tahiti/MARINE_DATASETS/FathomNet_FGVC2025/data/images/3806.png,12eb66eddd521fb89564198c5d87d5dccf1726d36835963f627eec8851764dc5,2161ceeba9ea2cec82d9e52af15401247e56322c59315c91796d17a451fe1616,3806,4,train
12109,3822,46,Mycale,/home/tahiti/MARINE_DATASETS/FathomNet_FGVC2025/data/rois/3822_12109.png,/home/tahiti/MARINE_DATASETS/FathomNet_FGVC2025/data/images/3822.png,bd5ff64290134d4caedd68e355eddc26cf13c71781edc09e7c04ff3b7a63cf8b,12ba8c04296fd750f1d7fa377d4992a13ca8de73397a30dab0212481a99c8f9f,3822,2,train
12311,3889,47,Octopus rubescens,/home/tahiti/MARINE_DATASETS/FathomNet_FGVC2025/data/rois/3889_12311.png,/home/tahiti/MARINE_DATASETS/FathomNet_FGVC2025/data/images/3889.png,0ddaa8aa1ad09995f725ac85128ad422409d1fd1dae0e68872cf8b71f11df87b,96e64e45cc3bef6aa944be76a0c1fbe3e6f97606848724375484d72733b2fd98,3889,2,train
12314,3889,47,Octopus rubescens,/home/tahiti/MARINE_DATASETS/FathomNet_FGVC2025/data/rois/3889_12314.png,/home/tahiti/MARINE_DATASETS/FathomNet_FGVC2025/data/images/3889.png,304e2fb784efad9095c7834547183531906a5d2c666be533ea915c85af829743,96e64e45cc3bef6aa944be76a0c1fbe3e6f97606848724375484d72733b2fd98,3889,2,train
12329,3889,47,Octopus rubescens,/home/tahiti/MARINE_DATASETS/FathomNet_FGVC2025/data/rois/3889_12329.png,/home/tahiti/MARINE_DATASETS/FathomNet_FGVC2025/data/images/3889.png,87705698209f174286c0ae58b60fd330a2b5660a82a3a02b2b42fd8e2e016e9d,96e64e45cc3bef6aa944be76a0c1fbe3e6f97606848724375484d72733b2fd98,3889,2,train
12390,3906,24,Funiculina,/home/tahiti/MARINE_DATASETS/FathomNet_FGVC2025/data/rois/3906_12390.png,/home/tahiti/MARINE_DATASETS/FathomNet_FGVC2025/data/images/3906.png,1267940ba8b08c34a01e3526b48c3b004e46b6164625c6bef7e4621e42a34db2,442606ae37b0e205b262afc395b1b334b1284d8140c1fae6917b406341ce29d7,3906,4,train
12403,3912,21,Elpidia,/home/tahiti/MARINE_DATASETS/FathomNet_FGVC2025/data/rois/3912_12403.png,/home/tahiti/MARINE_DATASETS/FathomNet_FGVC2025/data/images/3912.png,0ca846a6cbd3569bb7896e194cea02ec0177fa19bb2c2bf94389556de18240fe,37f8663e958abc473ae1bebfea4fac3daa32648ef301b81d20b069c02fe45ce4,3912,1,train
12458,3934,51,Pandalus amplus,/home/tahiti/MARINE_DATASETS/FathomNet_FGVC2025/data/rois/3934_12458.png,/home/tahiti/MARINE_DATASETS/FathomNet_FGVC2025/data/images/3934.png,d83b72a460838ffb3b9f1a6f90614354c588bab586320cd3fb93100273ee320a,368d6ca82c04041377636fce8d17d197c70b5a5bf5325e1db7cff79fd4153286,3934,1,train
12491,3947,12,Benthocodon pedunculata,/home/tahiti/MARINE_DATASETS/FathomNet_FGVC2025/data/rois/3947_12491.png,/home/tahiti/MARINE_DATASETS/FathomNet_FGVC2025/data/images/3947.png,4620e2291f057c662420ba49419a41249e1bbe754b3e7d92ceabc8cbe9667e68,12fa91ce6d900b0d768c2b84dc3241b9316deeb12be67413200af01623362893,3947,4,train
12520,3964,25,Gastropoda,/home/tahiti/MARINE_DATASETS/FathomNet_FGVC2025/data/rois/3964_12520.png,/home/tahiti/MARINE_DATASETS/FathomNet_FGVC2025/data/images/3964.png,5f6f9951fe0dd9371c2d9c39e4f988835c848cf60df158233f6d3636ecc925aa,eaa1b41290671bd387261d25e1038bdc80668a816345beeab202142782a48383,3964,1,train
12535,3968,47,Octopus rubescens,/home/tahiti/MARINE_DATASETS/FathomNet_FGVC2025/data/rois/3968_12535.png,/home/tahiti/MARINE_DATASETS/FathomNet_FGVC2025/data/images/3968.png,a0a18fa5a4d8a8aabf8e920b9c9bc11b91d3fd1b248d751267de5edbf04cbcf8,6749c6e299b80c80f66f3b78e05fa5f002b891798cf0a298c051a5cc52a90c7b,3968,0,train
12545,3972,51,Pandalus amplus,/home/tahiti/MARINE_DATASETS/FathomNet_FGVC2025/data/rois/3972_12545.png,/home/tahiti/MARINE_DATASETS/FathomNet_FGVC2025/data/images/3972.png,ef5e686a8777262bf5e071bacfbcba205f45341bf5b102e387bda243ca9cd28e,a9c9359a6e990551a379f0cc8a02fdf7de59dd455315062c12adf89ba124bcfe,3972,2,train
12593,3981,47,Octopus rubescens,/home/tahiti/MARINE_DATASETS/FathomNet_FGVC2025/data/rois/3981_12593.png,/home/tahiti/MARINE_DATASETS/FathomNet_FGVC2025/data/images/3981.png,1343a507a4d3a2ae30c69175c7683113eecb0597d308f308fd987801d2ee4908,664f70caabe0d23f7ffe96b9f13d93f3362c2e01b1d7446280af2871c51de855,3981,6,train
12599,3981,47,Octopus rubescens,/home/tahiti/MARINE_DATASETS/FathomNet_FGVC2025/data/rois/3981_12599.png,/home/tahiti/MARINE_DATASETS/FathomNet_FGVC2025/data/images/3981.png,9eed4c3194af54fcc282a4a82316041fdbd272ffc20701ac15badf2322a0ad48,664f70caabe0d23f7ffe96b9f13d93f3362c2e01b1d7446280af2871c51de855,3981,6,train
12614,3990,64,Pyrosoma atlanticum,/home/tahiti/MARINE_DATASETS/FathomNet_FGVC2025/data/rois/3990_12614.png,/home/tahiti/MARINE_DATASETS/FathomNet_FGVC2025/data/images/3990.png,16ae1b6fbdd33e4a6eddbc68722eef9c9f709088085662fc0335368db9147cc5,073da615560b87d7640366203fce7cc1ed1360efd78c3765251a4a24497a8b62,3990,2,train
12619,3995,22,Farrea,/home/tahiti/MARINE_DATASETS/FathomNet_FGVC2025/data/rois/3995_12619.png,/home/tahiti/MARINE_DATASETS/FathomNet_FGVC2025/data/images/3995.png,5e9f2dc97654ea1d0f23ecf63a414da87a0d29a2eced1ffe26803739e4e22786,1c5d3a8d315c131bfaeea77b35fb95abbff0c519bd243149a0a422d27ed028b0,3995,6,train
12623,3995,22,Farrea,/home/tahiti/MARINE_DATASETS/FathomNet_FGVC2025/data/rois/3995_12623.png,/home/tahiti/MARINE_DATASETS/FathomNet_FGVC2025/data/images/3995.png,544e0b1639b6de3f1be0122ea46cf044aecff46661e1eec484a283c91db80dbe,1c5d3a8d315c131bfaeea77b35fb95abbff0c519bd243149a0a422d27ed028b0,3995,6,train
12638,4000,52,Pandalus platyceros,/home/tahiti/MARINE_DATASETS/FathomNet_FGVC2025/data/rois/4000_12638.png,/home/tahiti/MARINE_DATASETS/FathomNet_FGVC2025/data/images/4000.png,2b97aa9fef57fd224ad9bcc42b57a58a057d69823aa6b6b17f9a8a1a9314a5e1,25c546aecb75f772404ac7a63d80ff2d1ab142b8dcc9f6224c8725de917cecbf,4000,0,train
12666,4017,45,Munnopsidae,/home/tahiti/MARINE_DATASETS/FathomNet_FGVC2025/data/rois/4017_12666.png,/home/tahiti/MARINE_DATASETS/FathomNet_FGVC2025/data/images/4017.png,e175c4e5f07569cd04bad25b2485f9eafc739aba32e72fbfbbfe6ae4df467488,79e7d614483b383c1869d6d7caf2e174c4e6c2e5f5a2170e9dde5df653463570,4017,2,train
12673,4020,4,Actinernus,/home/tahiti/MARINE_DATASETS/FathomNet_FGVC2025/data/rois/4020_12673.png,/home/tahiti/MARINE_DATASETS/FathomNet_FGVC2025/data/images/4020.png,15b1e643d2f11d97462d02b7038f955cead3282c2df66fc4ffb4f77e90ed3230,9580036170e76ed458e8599edb157f61222ae02aaef73aca6eba8229b5d0c0f3,4020,0,train
12699,4028,19,Crinoidea,/home/tahiti/MARINE_DATASETS/FathomNet_FGVC2025/data/rois/4028_12699.png,/home/tahiti/MARINE_DATASETS/FathomNet_FGVC2025/data/images/4028.png,389dbb93263dcd7d6f64d8fcbf4aec125aaeb863127308271157b92152c27b04,565691ecf23f84d61beb23f58c4cdc5c331d885117824b1f9f3ba383d9a4da7d,4028,4,train
12705,4031,36,Isosicyonis,/home/tahiti/MARINE_DATASETS/FathomNet_FGVC2025/data/rois/4031_12705.png,/home/tahiti/MARINE_DATASETS/FathomNet_FGVC2025/data/images/4031.png,1b3e0347a9cd25b17daae01f862b571fbf9741a67a6b37d3f34442121f211523,ad113407d0f5a1231e19657d90dc0b50548fb827db3d9998aaae93a1e798f8e9,4031,1,train
12713,4037,54,Paragorgia,/home/tahiti/MARINE_DATASETS/FathomNet_FGVC2025/data/rois/4037_12713.png,/home/tahiti/MARINE_DATASETS/FathomNet_FGVC2025/data/images/4037.png,85ed9f14b04d7c9817699b63927dcf7faf9dc91c1f8d2d43e7edcd27fc6e4f2a,2d1a94913e7808e0662c656e34fdc89fc949fa7497f9aff562c3b56a96c144a2,4037,1,train
12756,4056,19,Crinoidea,/home/tahiti/MARINE_DATASETS/FathomNet_FGVC2025/data/rois/4056_12756.png,/home/tahiti/MARINE_DATASETS/FathomNet_FGVC2025/data/images/4056.png,644b57db70594d3740335e8bc267be47b0751a59224df5ab8c2a18df75718ae4,bc3127fe0cc0741e47f99823ef584d87f98a1d3f3974418197eaec3464f36bf8,4056,1,train
12763,4060,32,Holothuroidea,/home/tahiti/MARINE_DATASETS/FathomNet_FGVC2025/data/rois/4060_12763.png,/home/tahiti/MARINE_DATASETS/FathomNet_FGVC2025/data/images/4060.png,17e493d730c45d5a5d71c83c48c47ea90c1ac518c0c38708e3abb7f5ab94fd2c,c6c4b7b62c679ad72c70978b5b3e8a525ab1af7aa57c0f4b54ae30c54cd511e6,4060,1,train
12913,4125,9,Asbestopluma,/home/tahiti/MARINE_DATASETS/FathomNet_FGVC2025/data/rois/4125_12913.png,/home/tahiti/MARINE_DATASETS/FathomNet_FGVC2025/data/images/4125.png,0995ecbc06431e36507e915d79688f4021f2fc137defdec2881d54aee5194f47,0bc2c543cf4b4c3e85b2af9aed3f8935d16fbe6bd94cbe85f8be459537f2d058,4125,6,train
12937,4134,29,Heteropolypus ritteri,/home/tahiti/MARINE_DATASETS/FathomNet_FGVC2025/data/rois/4134_12937.png,/home/tahiti/MARINE_DATASETS/FathomNet_FGVC2025/data/images/4134.png,15abe36838b09134fecdd928b73329c7ebfe888005c1d6a46d6c229ab45546ba,ebde639799d629a1fa88cc2ffcaa7d177a8c8648406f4ce3669a1b48a47b2311,4134,2,train
12969,4150,36,Isosicyonis,/home/tahiti/MARINE_DATASETS/FathomNet_FGVC2025/data/rois/4150_12969.png,/home/tahiti/MARINE_DATASETS/FathomNet_FGVC2025/data/images/4150.png,f66d7b66241d9c0791fef450040277f9212f27459f2cac2ed20f7b589636fcdc,2fcb7738543b88ce068f0656f8c5721d01cf64193aa2eaf959af4cec5b24901b,4150,6,train
13017,4170,47,Octopus rubescens,/home/tahiti/MARINE_DATASETS/FathomNet_FGVC2025/data/rois/4170_13017.png,/home/tahiti/MARINE_DATASETS/FathomNet_FGVC2025/data/images/4170.png,ce7b45afc0d57a7e7a5048b307a8a3b0e9b0e3917ce4a8dac441b817f7b34f8a,ca83a6b23859233b0c285e00212fea51fba513249ab87b29033425bb2c304b99,4170,4,train
13048,4180,19,Crinoidea,/home/tahiti/MARINE_DATASETS/FathomNet_FGVC2025/data/rois/4180_13048.png,/home/tahiti/MARINE_DATASETS/FathomNet_FGVC2025/data/images/4180.png,8c2b8d37ad3fe770b6cddc198a7507d6c81adc2b8e774b35b6c6f3a2e2ba4295,9fcf39e7ef18a0b5058c983e90278ce981d8b101d08650d421d9c2cdc2996c2e,4180,0,train
13138,4215,40,Mediaster aequalis,/home/tahiti/MARINE_DATASETS/FathomNet_FGVC2025/data/rois/4215_13138.png,/home/tahiti/MARINE_DATASETS/FathomNet_FGVC2025/data/images/4215.png,973a8925d4710b162a052f67f01cbb1d558abcc6e0798ef2e15dde5735bc296a,b13d668a1726364714ee22ff429521608bc0a70a0d8db2ba3ca08efd87f5a739,4215,2,train
13140,4217,22,Farrea,/home/tahiti/MARINE_DATASETS/FathomNet_FGVC2025/data/rois/4217_13140.png,/home/tahiti/MARINE_DATASETS/FathomNet_FGVC2025/data/images/4217.png,87af98d66719501a51a3aa60d95db7592c0c7c1a8db66c0619c87b02871db65b,99395863781905deaade9f724fff8c6b2608640b1310887b0b566c40ac954361,4217,1,train
13218,4232,64,Pyrosoma atlanticum,/home/tahiti/MARINE_DATASETS/FathomNet_FGVC2025/data/rois/4232_13218.png,/home/tahiti/MARINE_DATASETS/FathomNet_FGVC2025/data/images/4232.png,c79727858a922a652f95fa0e9548325d01e61137d666c38733093cae9e2fbde5,b2815b0287b91b3d0e02c42f694a8ddb3394de0f3d00380f7286a4a2bf09b8ca,4232,2,train
13224,4232,64,Pyrosoma atlanticum,/home/tahiti/MARINE_DATASETS/FathomNet_FGVC2025/data/rois/4232_13224.png,/home/tahiti/MARINE_DATASETS/FathomNet_FGVC2025/data/images/4232.png,864a6b85444ce79f51caaae9c2928cfa642df10d73bd33143311e901618add14,b2815b0287b91b3d0e02c42f694a8ddb3394de0f3d00380f7286a4a2bf09b8ca,4232,2,train
13229,4232,64,Pyrosoma atlanticum,/home/tahiti/MARINE_DATASETS/FathomNet_FGVC2025/data/rois/4232_13229.png,/home/tahiti/MARINE_DATASETS/FathomNet_FGVC2025/data/images/4232.png,39c83e0463e1f066d9e3b87f689fa3ab1c557419be354a210c4b7b5f4d45dc90,b2815b0287b91b3d0e02c42f694a8ddb3394de0f3d00380f7286a4a2bf09b8ca,4232,2,train
13275,4254,50,Paelopatides confundens,/home/tahiti/MARINE_DATASETS/FathomNet_FGVC2025/data/rois/4254_13275.png,/home/tahiti/MARINE_DATASETS/FathomNet_FGVC2025/data/images/4254.png,8a890a0c6319dd0b7c19916ababff6b3c783acbd9737e75b0a4b32d39b2fa5b1,7937fdff1f92afb5617ece0e2438c7949078e8e72cb01ff12a35e141ad8bd4d1,4254,2,train
13303,4263,38,Liponema brevicorne,/home/tahiti/MARINE_DATASETS/FathomNet_FGVC2025/data/rois/4263_13303.png,/home/tahiti/MARINE_DATASETS/FathomNet_FGVC2025/data/images/4263.png,6caa60c6e5807d6a3d2e9bc1a514caead81aabc58d3974c5e06bc3ae5a11c5ba,3520fb42159accc97ded0b03940dfe578087f8a5b6eba817595e16b43f3e887c,4263,2,train
13318,4273,56,Paralomis multispina,/home/tahiti/MARINE_DATASETS/FathomNet_FGVC2025/data/rois/4273_13318.png,/home/tahiti/MARINE_DATASETS/FathomNet_FGVC2025/data/images/4273.png,a0a9bf2bcd694e1caa3b7d38c8cfff60b90d7f2b22947558815aa049ac043500,dacb6aa50d775910fcce0c75415aad6eef3ef5126bbccd49515b5b40856fe116,4273,2,train
13323,4273,56,Paralomis multispina,/home/tahiti/MARINE_DATASETS/FathomNet_FGVC2025/data/rois/4273_13323.png,/home/tahiti/MARINE_DATASETS/FathomNet_FGVC2025/data/images/4273.png,17e426043ab7843af4d6f92713104b24aa3c280b4d4f3f3f2bc890da9fb4d0f3,dacb6aa50d775910fcce0c75415aad6eef3ef5126bbccd49515b5b40856fe116,4273,2,train
13348,4282,22,Farrea,/home/tahiti/MARINE_DATASETS/FathomNet_FGVC2025/data/rois/4282_13348.png,/home/tahiti/MARINE_DATASETS/FathomNet_FGVC2025/data/images/4282.png,ba841c2723a3ff6dd3cd6c22820c57673b6af8ebd21bb1bd12f7456d93a01e26,e2996ffad1d3a58606bb1f7f3bc13576e5bd909e32333847aa8b5bd03331c0e0,4282,0,train
13383,4294,79,Zoantharia,/home/tahiti/MARINE_DATASETS/FathomNet_FGVC2025/data/rois/4294_13383.png,/home/tahiti/MARINE_DATASETS/FathomNet_FGVC2025/data/images/4294.png,db7b78c0b15120656fb17060688d2e74ffb780a1bba4f774de492594cd43d59a,c407525074ad8a08c1be997ca4cfde4c870dc3f21e2a4c305f0c1839810f6dd5,4294,1,train
13473,4341,18,Corallimorphus pilatus,/home/tahiti/MARINE_DATASETS/FathomNet_FGVC2025/data/rois/4341_13473.png,/home/tahiti/MARINE_DATASETS/FathomNet_FGVC2025/data/images/4341.png,98914b154d8e61f403a6cf9f34a6129b749cf645070c7b276fec22605a5221a8,c3623f1c6f472c2b57c94c2ea6c55001d96198287d56f87cc96f9145dd2397a4,4341,2,train
13483,4344,26,Gersemia juliepackardae,/home/tahiti/MARINE_DATASETS/FathomNet_FGVC2025/data/rois/4344_13483.png,/home/tahiti/MARINE_DATASETS/FathomNet_FGVC2025/data/images/4344.png,05e65941a58d44c381a54056b4ead4347621de948d67d9721cb52c7e8cb3af81,ec530f1a3ae7163f073dce4a77b785d3dfe1bd767d9c81c93aec5ef21838db9d,4344,1,train
13484,4344,26,Gersemia juliepackardae,/home/tahiti/MARINE_DATASETS/FathomNet_FGVC2025/data/rois/4344_13484.png,/home/tahiti/MARINE_DATASETS/FathomNet_FGVC2025/data/images/4344.png,505fc883ddf35e8fa3ca841f1326179b5482d580b316b678a818791677b5b40f,ec530f1a3ae7163f073dce4a77b785d3dfe1bd767d9c81c93aec5ef21838db9d,4344,1,train
13506,4351,63,Ptychogastria polaris,/home/tahiti/MARINE_DATASETS/FathomNet_FGVC2025/data/rois/4351_13506.png,/home/tahiti/MARINE_DATASETS/FathomNet_FGVC2025/data/images/4351.png,7aca94ded08fab28d868968249a76f7137f59bd202ce1df61a6267a31df3ef9f,e1951483b15cb71d2c11031027270456bdc7cd2602dd41c57084851d9f36dbce,4351,1,train
13511,4351,63,Ptychogastria polaris,/home/tahiti/MARINE_DATASETS/FathomNet_FGVC2025/data/rois/4351_13511.png,/home/tahiti/MARINE_DATASETS/FathomNet_FGVC2025/data/images/4351.png,ea4fec680e4a2a576827e1b7b67c7d0afff2a1f828d296e460f90252be6f24ec,e1951483b15cb71d2c11031027270456bdc7cd2602dd41c57084851d9f36dbce,4351,1,train
13551,4370,10,Asbestopluma monticola,/home/tahiti/MARINE_DATASETS/FathomNet_FGVC2025/data/rois/4370_13551.png,/home/tahiti/MARINE_DATASETS/FathomNet_FGVC2025/data/images/4370.png,f2b31c8bd7327ede34951cb72636862676b54efd3668ffb50e48b7f90a7724eb,44a368ceaeba8647b4e5ac1f62144d4e48a051047811e1744b73c84185733205,4370,6,train
13555,4370,10,Asbestopluma monticola,/home/tahiti/MARINE_DATASETS/FathomNet_FGVC2025/data/rois/4370_13555.png,/home/tahiti/MARINE_DATASETS/FathomNet_FGVC2025/data/images/4370.png,58e4806a4ec28b2eef7170196d20c555ab555f4257a6858a08f43e25c3c1b059,44a368ceaeba8647b4e5ac1f62144d4e48a051047811e1744b73c84185733205,4370,6,train
13563,4371,51,Pandalus amplus,/home/tahiti/MARINE_DATASETS/FathomNet_FGVC2025/data/rois/4371_13563.png,/home/tahiti/MARINE_DATASETS/FathomNet_FGVC2025/data/images/4371.png,54e583754c928bc1b866e0035c805f3e1a6a0c44c14a134408c860826d456eba,e7ab79d0eb1d1dbe649e11064e70df91632d084d4af681a75bd07cb9a2dd3627,4371,6,train
13584,4371,10,Asbestopluma monticola,/home/tahiti/MARINE_DATASETS/FathomNet_FGVC2025/data/rois/4371_13584.png,/home/tahiti/MARINE_DATASETS/FathomNet_FGVC2025/data/images/4371.png,bf38a45320369ac21c69612b5f6f67622b9c281b2d30772e683a8ba4df45727e,e7ab79d0eb1d1dbe649e11064e70df91632d084d4af681a75bd07cb9a2dd3627,4371,6,train
13605,4383,38,Liponema brevicorne,/home/tahiti/MARINE_DATASETS/FathomNet_FGVC2025/data/rois/4383_13605.png,/home/tahiti/MARINE_DATASETS/FathomNet_FGVC2025/data/images/4383.png,939a4017f46253d0cc3dad2270aa5c87e976f3bd9ead0de85e5f285427774e83,1e87fae320c117ff2ad16a39f330e69ac20e55f03bb1b2f7ddeaecbecfc8b41f,4383,6,train
13631,4398,77,Umbellula,/home/tahiti/MARINE_DATASETS/FathomNet_FGVC2025/data/rois/4398_13631.png,/home/tahiti/MARINE_DATASETS/FathomNet_FGVC2025/data/images/4398.png,e8f501ea909f7d4ff1c5d0978d74b40ea7b16c5e2ea5b6b4e007563a11ef9284,85677288521cc328fffacf410971c66ee0fb578074a89dc878dc1b50990a4b9d,4398,6,train
13774,4453,54,Paragorgia,/home/tahiti/MARINE_DATASETS/FathomNet_FGVC2025/data/rois/4453_13774.png,/home/tahiti/MARINE_DATASETS/FathomNet_FGVC2025/data/images/4453.png,8cc38e719bd574ad0b8767ab693c524fa8cdbc5294dd85813ddad5dd5e3e48e2,eab0fe397f380dd99be974fc4d1b7d7321ec4250b80716a295ae7affb8ec2267,4453,1,train
13775,4453,54,Paragorgia,/home/tahiti/MARINE_DATASETS/FathomNet_FGVC2025/data/rois/4453_13775.png,/home/tahiti/MARINE_DATASETS/FathomNet_FGVC2025/data/images/4453.png,38d6c27ec44e3be668f56261287d149ea5684b61feec29440212d3d725f2f642,eab0fe397f380dd99be974fc4d1b7d7321ec4250b80716a295ae7affb8ec2267,4453,1,train
13843,4483,22,Farrea,/home/tahiti/MARINE_DATASETS/FathomNet_FGVC2025/data/rois/4483_13843.png,/home/tahiti/MARINE_DATASETS/FathomNet_FGVC2025/data/images/4483.png,f18dac1b508a2b917ecdaef039602f8473a5cfc29df046ef3dba47e3f997ac1d,d48d2d0a456f3378c6c7563e9569f59310fea56fbe84e3852291002615c5ad4f,4483,6,train
13865,4493,1,Abyssocucumis abyssorum,/home/tahiti/MARINE_DATASETS/FathomNet_FGVC2025/data/rois/4493_13865.png,/home/tahiti/MARINE_DATASETS/FathomNet_FGVC2025/data/images/4493.png,17ad0fd0567826436783ea9c2d3525dfef7232072d88b444498875499b43c720,98811c810997db838e77f6ad246b17adf48ad21d62f165319b38a69746570861,4493,6,train
13869,4496,29,Heteropolypus ritteri,/home/tahiti/MARINE_DATASETS/FathomNet_FGVC2025/data/rois/4496_13869.png,/home/tahiti/MARINE_DATASETS/FathomNet_FGVC2025/data/images/4496.png,9d5ee0f4a54235457ace296f45985e0f2dd14c72dd4d5cbb43d2b15e671df770,90ccbf6998d33dd69ecb2453ad4b3d9c4fb74b3cbdcaa2433ecb28ec6ef981e8,4496,1,train
13882,4502,46,Mycale,/home/tahiti/MARINE_DATASETS/FathomNet_FGVC2025/data/rois/4502_13882.png,/home/tahiti/MARINE_DATASETS/FathomNet_FGVC2025/data/images/4502.png,e94513573fc88301f2c3c2a6cb0678f029b3b4023833779fff0e952ce5925dec,c390dc5cb489079fbea11c71be967b5e7649c78b69e058f15399701abb3c5dcc,4502,2,train
13893,4506,14,Caridea,/home/tahiti/MARINE_DATASETS/FathomNet_FGVC2025/data/rois/4506_13893.png,/home/tahiti/MARINE_DATASETS/FathomNet_FGVC2025/data/images/4506.png,e7df3d338b6f5647af0c9773b9093dc91edf962577c6f215f18515f57f06660c,3083f0ed427dec4180a8edcc2191c35b9674ac8017d000af3c7d4f477004c264,4506,4,train
13898,4509,51,Pandalus amplus,/home/tahiti/MARINE_DATASETS/FathomNet_FGVC2025/data/rois/4509_13898.png,/home/tahiti/MARINE_DATASETS/FathomNet_FGVC2025/data/images/4509.png,12a47bce303172420c823def7b3732df7e36eda160be9cc1d37a6059e7b91bb0,cfda69feb64fd05fe9bc9b06545994c63a004c734b256624c58c0aea5ccad2e8,4509,4,train
13900,4510,69,Sebastes,/home/tahiti/MARINE_DATASETS/FathomNet_FGVC2025/data/rois/4510_13900.png,/home/tahiti/MARINE_DATASETS/FathomNet_FGVC2025/data/images/4510.png,a1737b37a0ea25e8d1888a9d03d6e5850d74d528cd33f4bcca3b725d89c79956,1cf4d689aee2450dd673ae59fe686422842db2e05d0b2391998ef1de6dbb0a13,4510,1,train
13902,4511,19,Crinoidea,/home/tahiti/MARINE_DATASETS/FathomNet_FGVC2025/data/rois/4511_13902.png,/home/tahiti/MARINE_DATASETS/FathomNet_FGVC2025/data/images/4511.png,a50e6becc2322867fe89a7eb53cd465e34cabd9c9ee9c556ba9e82544e4a7533,941e00f22d95af71ed10618768f3552865327554c45c29df4e1f73e7f6d02e3c,4511,0,train
13907,4512,45,Munnopsidae,/home/tahiti/MARINE_DATASETS/FathomNet_FGVC2025/data/rois/4512_13907.png,/home/tahiti/MARINE_DATASETS/FathomNet_FGVC2025/data/images/4512.png,23aae220441ec26115ad3f89b7583b1643e9c7dadd95447c063c3108c386d12e,ec2e64f40f9fa717944031c952af84fc4e369782f82fa4edba116b8f177efcf5,4512,2,train
13913,4516,21,Elpidia,/home/tahiti/MARINE_DATASETS/FathomNet_FGVC2025/data/rois/4516_13913.png,/home/tahiti/MARINE_DATASETS/FathomNet_FGVC2025/data/images/4516.png,f3ce724e26a721e8015d7c09d2c81a02faee60540c771bdbf21abd533c7f3701,50c2ebc4bac2766257f68fa5bf8bf916d41979453ade8970bb9fa6a29cf820a0,4516,1,train
13923,4521,36,Isosicyonis,/home/tahiti/MARINE_DATASETS/FathomNet_FGVC2025/data/rois/4521_13923.png,/home/tahiti/MARINE_DATASETS/FathomNet_FGVC2025/data/images/4521.png,699b639d90626df6a618e0969920f2d1da078008a69b646f0dfef558783c2bc8,954af3b2f4f1a2a02cd6408183ea94f5776e08b29067faf7f2ac24fb08faa736,4521,1,train
13936,4526,4,Actinernus,/home/tahiti/MARINE_DATASETS/FathomNet_FGVC2025/data/rois/4526_13936.png,/home/tahiti/MARINE_DATASETS/FathomNet_FGVC2025/data/images/4526.png,27408d72ba2bdb078b074ec00a5f223077eb777037e4352331adbcc0a445b0c8,0d240ff55fffe14b3fd045be8a5e89f6f7a3f81c8dc3c2166c0f1d66dc6657e7,4526,6,train
13947,4530,53,Pannychia moseleyi,/home/tahiti/MARINE_DATASETS/FathomNet_FGVC2025/data/rois/4530_13947.png,/home/tahiti/MARINE_DATASETS/FathomNet_FGVC2025/data/images/4530.png,01f71f0f303988866d9b3fb8a2429ca8951c72be04eea1a224025565ce10a3ff,7834c44eaac4181edec487b8b412778e8e8c9e097d81041f4b4a632258e94150,4530,2,train
13962,4533,43,Microstomus pacificus,/home/tahiti/MARINE_DATASETS/FathomNet_FGVC2025/data/rois/4533_13962.png,/home/tahiti/MARINE_DATASETS/FathomNet_FGVC2025/data/images/4533.png,5dea406dc2bd5a741196523de590db2829537978f800ddcf7ddbb5efa7fc6f57,cfc893b7a331ddec3e83737ad8ccc2bc3d9703aec406082ed5ac6449ab6ecfa4,4533,1,train
13967,4535,14,Caridea,/home/tahiti/MARINE_DATASETS/FathomNet_FGVC2025/data/rois/4535_13967.png,/home/tahiti/MARINE_DATASETS/FathomNet_FGVC2025/data/images/4535.png,73eed1faec72b3a5ca851f5bd68c5c5e8212e3360dce411352e76f97dcff9432,86048cc5ee79c68a341e0ccc310f591267e088c1e19b7544bfbe3d17b65ed0f7,4535,6,train
13973,4537,50,Paelopatides confundens,/home/tahiti/MARINE_DATASETS/FathomNet_FGVC2025/data/rois/4537_13973.png,/home/tahiti/MARINE_DATASETS/FathomNet_FGVC2025/data/images/4537.png,c5722bd19f831f413c632cbf9198498fee1ccaf9fed226981624a432734b14d8,e274f6464195e13561cb494e932526ed59b5905ddfc2b13edc71d4ea2dcf17d6,4537,6,train
13976,4539,42,Metridium farcimen,/home/tahiti/MARINE_DATASETS/FathomNet_FGVC2025/data/rois/4539_13976.png,/home/tahiti/MARINE_DATASETS/FathomNet_FGVC2025/data/images/4539.png,6bdce318257d198385a500fe3dd0f9dc339daf4770d2c8bbc32b3a7e44ee04e9,f21d792d1d5a783ff839e69ea850357220f9c9eb0be04207d5265af8440f6836,4539,6,train
13991,4544,18,Corallimorphus pilatus,/home/tahiti/MARINE_DATASETS/FathomNet_FGVC2025/data/rois/4544_13991.png,/home/tahiti/MARINE_DATASETS/FathomNet_FGVC2025/data/images/4544.png,8249311f2b02bf31537e3789393f26e3159020502e9ad9cc012e353b96c19c39,7631ae8d186c514ff37eeb625e87513f08af622b6d2a86860e6284798e6094c7,4544,4,train
14028,4554,9,Asbestopluma,/home/tahiti/MARINE_DATASETS/FathomNet_FGVC2025/data/rois/4554_14028.png,/home/tahiti/MARINE_DATASETS/FathomNet_FGVC2025/data/images/4554.png,9789ded2a1f5e98568471cae1e9f4aaa473dd1c284dfe131867cf182a6660f82,47476d41d38a39124596436ef54af184a5da0d66e66d6e5bdb49f4ade74e6bea,4554,4,train
14082,4567,76,Tunicata,/home/tahiti/MARINE_DATASETS/FathomNet_FGVC2025/data/rois/4567_14082.png,/home/tahiti/MARINE_DATASETS/FathomNet_FGVC2025/data/images/4567.png,70a1b80bb23ea2c757e5d5fc1e61f7c995b84adc58212e7ceb2bd5c95b9d387a,68a2b012480630bbaf57fa59e4bc806b5136335025793586313aef6b9430dbe1,4567,6,train
14099,4578,38,Liponema brevicorne,/home/tahiti/MARINE_DATASETS/FathomNet_FGVC2025/data/rois/4578_14099.png,/home/tahiti/MARINE_DATASETS/FathomNet_FGVC2025/data/images/4578.png,6c0e4998a68e45221e53ee1efc9aff15dd20aaf4a94258adeb18a0b3842f6e8a,e0cc77d78bda06c0277619fa56d19f360deb6fb47f85f37ee7001374dbb88ff6,4578,1,train
14104,4581,31,Hippasteria,/home/tahiti/MARINE_DATASETS/FathomNet_FGVC2025/data/rois/4581_14104.png,/home/tahiti/MARINE_DATASETS/FathomNet_FGVC2025/data/images/4581.png,270d297c3601fea265f37dd838f10966fd7f5b69199f2020c0192bf36cf1573a,3159c9d0900092b3997831fe88df66337e8a3bba41e6be645776cc086df61add,4581,2,train
14115,4587,25,Gastropoda,/home/tahiti/MARINE_DATASETS/FathomNet_FGVC2025/data/rois/4587_14115.png,/home/tahiti/MARINE_DATASETS/FathomNet_FGVC2025/data/images/4587.png,d1690976a05c450bf04f2de8e1b8815a7c2f0c4f15c8f60f0f1cc324f49f1ede,2a67fa48996e76aaa0c1cbb41fa2800bd1261f503b47ba9257532e8601c659dd,4587,6,train
14118,4587,25,Gastropoda,/home/tahiti/MARINE_DATASETS/FathomNet_FGVC2025/data/rois/4587_14118.png,/home/tahiti/MARINE_DATASETS/FathomNet_FGVC2025/data/images/4587.png,6379ff8f622b1cf56cbb332358329d48f2c1324b2be66df3219cd66f961f3320,2a67fa48996e76aaa0c1cbb41fa2800bd1261f503b47ba9257532e8601c659dd,4587,6,train
14124,4588,33,Hormathiidae,/home/tahiti/MARINE_DATASETS/FathomNet_FGVC2025/data/rois/4588_14124.png,/home/tahiti/MARINE_DATASETS/FathomNet_FGVC2025/data/images/4588.png,8c38ef1dad6fa98c11947c572977ca79c94b97afc859a38523eaddeb20101203,80036f860d3c7fb75ca6e9b90ca40b01657a45cb450d09e19cc3e19c7f0ba079,4588,0,train
14261,4640,78,Vesicomyidae,/home/tahiti/MARINE_DATASETS/FathomNet_FGVC2025/data/rois/4640_14261.png,/home/tahiti/MARINE_DATASETS/FathomNet_FGVC2025/data/images/4640.png,fd34c40063c0bb532dd0424ea557cc1d767671d438a27ddb76cd480265ff6d08,1915f0377288d4ac07bb5e5663f6694c8783054f23cbaa16f83ed31eaeb94eae,4640,0,train
14266,4643,23,Florometra serratissima,/home/tahiti/MARINE_DATASETS/FathomNet_FGVC2025/data/rois/4643_14266.png,/home/tahiti/MARINE_DATASETS/FathomNet_FGVC2025/data/images/4643.png,85961a9ae4c20cce924e19fe271529b270a0b86dcaaffb072cee9e06acf97e7e,1d67df976eb3e4e268859939d8c84bb412136047af116d4b84dca11ad7221040,4643,4,train
14277,4651,51,Pandalus amplus,/home/tahiti/MARINE_DATASETS/FathomNet_FGVC2025/data/rois/4651_14277.png,/home/tahiti/MARINE_DATASETS/FathomNet_FGVC2025/data/images/4651.png,3d4e74aef322584ac44b871baf509bc99512c2971503cf1a1b7fd58479c14138,b37bb4e7ffddf5a07980cab866e284f3ad4b8a15ac1c1fce2f8918e71fd97ead,4651,4,train
14332,4667,52,Pandalus platyceros,/home/tahiti/MARINE_DATASETS/FathomNet_FGVC2025/data/rois/4667_14332.png,/home/tahiti/MARINE_DATASETS/FathomNet_FGVC2025/data/images/4667.png,eb5aa85870babc839d25a7dda85dcd612bbb916c16ece336deb102513c3f8f8c,edee0558f56e0640928f4e91eb7a7b8dbaf5d629fec8374b93989356164cbbf6,4667,6,train
14391,4688,42,Metridium farcimen,/home/tahiti/MARINE_DATASETS/FathomNet_FGVC2025/data/rois/4688_14391.png,/home/tahiti/MARINE_DATASETS/FathomNet_FGVC2025/data/images/4688.png,06d344848f63fa8d543eee2767eec6c5661eea9a3ef9d30fd62de6d98804dace,9133d9ab59c3784f1e7b2dd38ba9e1069a291e2c49cde0ee21a1ec1c8bf96cd6,4688,6,train
14397,4689,77,Umbellula,/home/tahiti/MARINE_DATASETS/FathomNet_FGVC2025/data/rois/4689_14397.png,/home/tahiti/MARINE_DATASETS/FathomNet_FGVC2025/data/images/4689.png,e7d406b2473872d5c78eacb75944604da9058ec345f1f0fc4828124a97213bee,3ff72490f296c8fd85424628ed296394aff2c5e696864d4eca9b621c4067cfb7,4689,4,train
14420,4700,14,Caridea,/home/tahiti/MARINE_DATASETS/FathomNet_FGVC2025/data/rois/4700_14420.png,/home/tahiti/MARINE_DATASETS/FathomNet_FGVC2025/data/images/4700.png,3ce65da200ca6a6440ebf7d32bde4ba785b3d1f1e80e8b2ebd074ff5229306c1,cb140714a1a994d8a5e19376cefea45a8f18279dfa2df6d7695ac8e72671a965,4700,0,train
14427,4707,25,Gastropoda,/home/tahiti/MARINE_DATASETS/FathomNet_FGVC2025/data/rois/4707_14427.png,/home/tahiti/MARINE_DATASETS/FathomNet_FGVC2025/data/images/4707.png,339a91bffcce97e4cecb5893b03bad5745aa1b0799f0631ac89d01b67caa1165,000a2ce32c44951aa3fa2b6ed67b7613d3eedcbcd882fbd2189d0e793b85c668,4707,6,train
14446,4711,43,Microstomus pacificus,/home/tahiti/MARINE_DATASETS/FathomNet_FGVC2025/data/rois/4711_14446.png,/home/tahiti/MARINE_DATASETS/FathomNet_FGVC2025/data/images/4711.png,fa8a353dc461edcbe3a42747c4017828db40bffea981f9deabc52d486f3f0e9d,67e5e014b64843c375cdc3c94d2c3356b60e0fd58de9f36a5b390711a8cdbd7b,4711,0,train
14522,4745,29,Heteropolypus ritteri,/home/tahiti/MARINE_DATASETS/FathomNet_FGVC2025/data/rois/4745_14522.png,/home/tahiti/MARINE_DATASETS/FathomNet_FGVC2025/data/images/4745.png,73389f0cef3a446a86853465faa12e615071325881bb5085f1118ea28625f6eb,809e5e9bb91666a712a01a18b7c1045b0196e0833bdb1202a53f04ce2e1b1ecd,4745,2,train
14523,4745,29,Heteropolypus ritteri,/home/tahiti/MARINE_DATASETS/FathomNet_FGVC2025/data/rois/4745_14523.png,/home/tahiti/MARINE_DATASETS/FathomNet_FGVC2025/data/images/4745.png,610f8a944f8939582ccbfd4f4f933ba2a92e4028092fa7fe45d2a068a37681b8,809e5e9bb91666a712a01a18b7c1045b0196e0833bdb1202a53f04ce2e1b1ecd,4745,2,train
14588,4778,51,Pandalus amplus,/home/tahiti/MARINE_DATASETS/FathomNet_FGVC2025/data/rois/4778_14588.png,/home/tahiti/MARINE_DATASETS/FathomNet_FGVC2025/data/images/4778.png,eaaa751e50e0df9a5835a94ef1ef1a8cb4b2a7dd06023a068eb8a1baa6cc91f4,2552b3cbc3137a889fa7e6f0edff3ab01ae978ec1cd95692b490fee72f26f140,4778,6,train
14609,4787,56,Paralomis multispina,/home/tahiti/MARINE_DATASETS/FathomNet_FGVC2025/data/rois/4787_14609.png,/home/tahiti/MARINE_DATASETS/FathomNet_FGVC2025/data/images/4787.png,5e75421ca01043bd91666b8b425fa43fdcae1d3e911e43969b2cf12123eb5ca4,6da63df11e99e1cc969886f557a7d5f327813cfbcce3abc4e4e654bc27c9e98c,4787,0,train
14620,4787,56,Paralomis multispina,/home/tahiti/MARINE_DATASETS/FathomNet_FGVC2025/data/rois/4787_14620.png,/home/tahiti/MARINE_DATASETS/FathomNet_FGVC2025/data/images/4787.png,be9a5fe56e1e2a6b6ed88c672d6f0097a1391cebadc71c28cf30e81783cdef8a,6da63df11e99e1cc969886f557a7d5f327813cfbcce3abc4e4e654bc27c9e98c,4787,0,train
14665,4794,51,Pandalus amplus,/home/tahiti/MARINE_DATASETS/FathomNet_FGVC2025/data/rois/4794_14665.png,/home/tahiti/MARINE_DATASETS/FathomNet_FGVC2025/data/images/4794.png,c873bd4f1bcf350c0d27eb5f3c85c730c45410b986a45535b20ae99faf49d449,609d724b4ab3e660f4f70f65935f0f1d399d696f75892e6fa42260396d75a1be,4794,2,train
14684,4803,59,Pennatula phosphorea,/home/tahiti/MARINE_DATASETS/FathomNet_FGVC2025/data/rois/4803_14684.png,/home/tahiti/MARINE_DATASETS/FathomNet_FGVC2025/data/images/4803.png,798846d3e6756655e440aec896ee3bb9fd2610d3270f173e6414139d85db3912,0d501fa13721ae2b8f3c0e931c34f18f545d35be7d6d9342f206476d30c61ad6,4803,6,train
14685,4803,59,Pennatula phosphorea,/home/tahiti/MARINE_DATASETS/FathomNet_FGVC2025/data/rois/4803_14685.png,/home/tahiti/MARINE_DATASETS/FathomNet_FGVC2025/data/images/4803.png,04516f6459b2d88ebe3f8cef9593d74b25be9d46c943e78f6d33493a45d7ba94,0d501fa13721ae2b8f3c0e931c34f18f545d35be7d6d9342f206476d30c61ad6,4803,6,train
14692,4806,43,Microstomus pacificus,/home/tahiti/MARINE_DATASETS/FathomNet_FGVC2025/data/rois/4806_14692.png,/home/tahiti/MARINE_DATASETS/FathomNet_FGVC2025/data/images/4806.png,d6a9eeb090e5107fe8bc51f1202c0b99e10baff45fc461ae4c86efab0c32e77c,bb384869131ee3fde0e7b577cb7676872abb36992e012508050c27405a839da9,4806,0,train
14695,4809,76,Tunicata,/home/tahiti/MARINE_DATASETS/FathomNet_FGVC2025/data/rois/4809_14695.png,/home/tahiti/MARINE_DATASETS/FathomNet_FGVC2025/data/images/4809.png,dde68d1b1719c2d4096b30613a591c4cf8c9b082012bb63f3d87fefb8590eb90,10b520801fcd42447168edfa11c755c2fefa4544231d8b34ff404e13ef48608f,4809,0,train
14709,4818,69,Sebastes,/home/tahiti/MARINE_DATASETS/FathomNet_FGVC2025/data/rois/4818_14709.png,/home/tahiti/MARINE_DATASETS/FathomNet_FGVC2025/data/images/4818.png,bd48f0fd433d91cca592caefe1ab7910b2d633c680173be89339a0290ac75e3a,0dd8b4b08c0ff2a9615a67653abe74d077a8a16193a37348bb510765d1e08192,4818,2,train
14737,4834,1,Abyssocucumis abyssorum,/home/tahiti/MARINE_DATASETS/FathomNet_FGVC2025/data/rois/4834_14737.png,/home/tahiti/MARINE_DATASETS/FathomNet_FGVC2025/data/images/4834.png,51e87579fc2804222317f29998df333c2b4726049b330bc6a3d5d21c687b7b5f,1fe26b663aed4f27154225161388eb7300cc71997bb90ee373bf1321398e064d,4834,6,train
14769,4844,51,Pandalus amplus,/home/tahiti/MARINE_DATASETS/FathomNet_FGVC2025/data/rois/4844_14769.png,/home/tahiti/MARINE_DATASETS/FathomNet_FGVC2025/data/images/4844.png,293d28f198e343e103f3453582ba01b8409f1ac6d57215e5d6dd134d81018849,1d1aa8b7f4b236ad2a58f16ad5d419610bb20720a0158b018b6da10dc2b4f633,4844,1,train
14786,4856,42,Metridium farcimen,/home/tahiti/MARINE_DATASETS/FathomNet_FGVC2025/data/rois/4856_14786.png,/home/tahiti/MARINE_DATASETS/FathomNet_FGVC2025/data/images/4856.png,d45620f57a111489b9fdbf7108cb503681c0cd8e3ee9573f3c4c2eefd4b7de4e,6b4ae77cbf7d7c9b9806dfddf3db7b1aaa7ccc93fcbbfc4a73e19418c31b6eba,4856,6,train
14839,4884,75,Terebellidae,/home/tahiti/MARINE_DATASETS/FathomNet_FGVC2025/data/rois/4884_14839.png,/home/tahiti/MARINE_DATASETS/FathomNet_FGVC2025/data/images/4884.png,b450b4f84d0d7ec2ad440dd0d21c2259a5c80e15f922729920af0e81fe678490,d90e9e36e71b70bb99d6e3bd3c4239424e9042265c3080c500c05e9b928b6702,4884,0,train
14850,4892,46,Mycale,/home/tahiti/MARINE_DATASETS/FathomNet_FGVC2025/data/rois/4892_14850.png,/home/tahiti/MARINE_DATASETS/FathomNet_FGVC2025/data/images/4892.png,2b33045239da921b03d8a510a8122e65abe886ebe139d7f94928045d56cc992a,5422576d57392c4d7486af26808d167d614f3e40786c4d1e78d04c0cc2848ae3,4892,4,train
14857,4898,36,Isosicyonis,/home/tahiti/MARINE_DATASETS/FathomNet_FGVC2025/data/rois/4898_14857.png,/home/tahiti/MARINE_DATASETS/FathomNet_FGVC2025/data/images/4898.png,066c70713a24c5be121da5b4da2e82c384191b019ed765a59f7c0871280d7200,eac3dc6d2dd38e919a70f4c104898098915b6f44d57bb8cbe06e0a218f58a4ab,4898,4,train
14861,4900,61,Psathyrometra fragilis,/home/tahiti/MARINE_DATASETS/FathomNet_FGVC2025/data/rois/4900_14861.png,/home/tahiti/MARINE_DATASETS/FathomNet_FGVC2025/data/images/4900.png,75827ed10f89f5ca9623983fca1e17957075a15745891ec96c3cd8dcd02df480,f23551135c68b288bc0ef7791fce59b884ebb3fd8bac8990af4b80e5460a3a78,4900,2,train
14872,4905,38,Liponema brevicorne,/home/tahiti/MARINE_DATASETS/FathomNet_FGVC2025/data/rois/4905_14872.png,/home/tahiti/MARINE_DATASETS/FathomNet_FGVC2025/data/images/4905.png,8da94946df0eca3048bc262be577839f446442bc2f2db86bb016810a1e65447c,fc5021478f9ea97d0880ffb38b40a20ed196945b61ed6b6dbf34c533cb5fd0a5,4905,1,train
14890,4915,9,Asbestopluma,/home/tahiti/MARINE_DATASETS/FathomNet_FGVC2025/data/rois/4915_14890.png,/home/tahiti/MARINE_DATASETS/FathomNet_FGVC2025/data/images/4915.png,f232c584bf86f95777519e44e73b77d5de93006252534abf20b222523c8e1fa2,4175efec397bd9b57988034de3483105747c0ab88718fd49b91b2b5074e2cc62,4915,6,train
14920,4926,25,Gastropoda,/home/tahiti/MARINE_DATASETS/FathomNet_FGVC2025/data/rois/4926_14920.png,/home/tahiti/MARINE_DATASETS/FathomNet_FGVC2025/data/images/4926.png,0fcc329085950a4c03a7e3be0fbaac6676350f33f9be81529e04bc8214326e9a,4f868475d8534405bbdaa22adfc9dc0c2e641e5d8a5f40804d636c5dd1ebf5de,4926,2,train
14928,4933,14,Caridea,/home/tahiti/MARINE_DATASETS/FathomNet_FGVC2025/data/rois/4933_14928.png,/home/tahiti/MARINE_DATASETS/FathomNet_FGVC2025/data/images/4933.png,572347de709a9eb3944bcaec9308b5636bc139910d1450dda9e6ca787e6aa793,30724da641d6d074e9c449a3111096d2afd35db0e76243565369ed2a423f4c00,4933,6,train
14945,4941,32,Holothuroidea,/home/tahiti/MARINE_DATASETS/FathomNet_FGVC2025/data/rois/4941_14945.png,/home/tahiti/MARINE_DATASETS/FathomNet_FGVC2025/data/images/4941.png,5f78ee566ed8633a1e8da9b040be53cf0ba08c46f3124ec2477228f67481e59d,4534ebf2daa0b046e1a5f36bac3fc4223a068fc0dd7a808e36eca5d1290cc63c,4941,2,train
14993,4963,45,Munnopsidae,/home/tahiti/MARINE_DATASETS/FathomNet_FGVC2025/data/rois/4963_14993.png,/home/tahiti/MARINE_DATASETS/FathomNet_FGVC2025/data/images/4963.png,d8fb5ffe5657ab033f17068620afd353201415c3d548104d26cbc422b34c9169,31f75b505c3308ec1f451a568d67bf673f4a84be85b7a103ac107a5651facf36,4963,1,train
15020,4967,76,Tunicata,/home/tahiti/MARINE_DATASETS/FathomNet_FGVC2025/data/rois/4967_15020.png,/home/tahiti/MARINE_DATASETS/FathomNet_FGVC2025/data/images/4967.png,0448a094186f83b169702fa7e11e63a151777f4fdccdfa00b1373390278bffc9,e2263372b0fe3d1c526a608a115d438ccc3f4fe980a7ec0a9dfb3412bf271926,4967,4,train
15048,4976,2,Acanthascinae,/home/tahiti/MARINE_DATASETS/FathomNet_FGVC2025/data/rois/4976_15048.png,/home/tahiti/MARINE_DATASETS/FathomNet_FGVC2025/data/images/4976.png,61f8444434bb33ab2832c509d315b9427d913531146442835b13ff399894a08f,b39e1015312f7640f2d97ce207e2f1e9145dcae3db5807cb39908f83e749910f,4976,1,train
15074,4985,39,Lithodidae,/home/tahiti/MARINE_DATASETS/FathomNet_FGVC2025/data/rois/4985_15074.png,/home/tahiti/MARINE_DATASETS/FathomNet_FGVC2025/data/images/4985.png,440f997101b2e359d43caec8e71163543d287eb6cc7ca76f87e23ea08dbd3d14,3627a0240d9332bac02d16dc62558cffbdb9b1bd354d08e4337cea985945d14c,4985,0,train
15078,4987,77,Umbellula,/home/tahiti/MARINE_DATASETS/FathomNet_FGVC2025/data/rois/4987_15078.png,/home/tahiti/MARINE_DATASETS/FathomNet_FGVC2025/data/images/4987.png,1f4ac90c882d4a10c18d9d3faae924c8271078725981e08ae292a445c5075680,ad482540bfaf63b66993d9480eb6177d603226ce019ad4d9223987709dade820,4987,6,train
15154,5016,43,Microstomus pacificus,/home/tahiti/MARINE_DATASETS/FathomNet_FGVC2025/data/rois/5016_15154.png,/home/tahiti/MARINE_DATASETS/FathomNet_FGVC2025/data/images/5016.png,91e82f44afaa65a78c181e34bfc6b6ea09b7b4952a4b54921468f39d56e3e307,b6575dce58af40d2534026cad5995af0fe66722af633c76dcb17a42e6591a938,5016,6,train
15169,5021,10,Asbestopluma monticola,/home/tahiti/MARINE_DATASETS/FathomNet_FGVC2025/data/rois/5021_15169.png,/home/tahiti/MARINE_DATASETS/FathomNet_FGVC2025/data/images/5021.png,2b09d79873a941619daef7d696616dd3b5ffc9104a29cca12876ed034f91420c,c6981e85571e1201ab28c3f20c7b66f44fc13c7ac3b3fb237e4fa2b802f809a5,5021,6,train
15235,5038,38,Liponema brevicorne,/home/tahiti/MARINE_DATASETS/FathomNet_FGVC2025/data/rois/5038_15235.png,/home/tahiti/MARINE_DATASETS/FathomNet_FGVC2025/data/images/5038.png,e90412cdbd0f9a19183c8bfafc80fdd2aaa6457614229a960233288709315d6e,86e9c52e443757ffc3129827405aa8ce2e744157054b41f217d3f2745057bd0a,5038,0,train
15252,5048,70,Sebastes diploproa,/home/tahiti/MARINE_DATASETS/FathomNet_FGVC2025/data/rois/5048_15252.png,/home/tahiti/MARINE_DATASETS/FathomNet_FGVC2025/data/images/5048.png,2c9586d1b8199e9e61b33a4c26a4f95b20351fa96110b46ffa247b0a7500ccac,33efcde116a8bd556fc929ee1456b76a1de830fbc2703c1e80c33d1a70ad41f7,5048,6,train
15283,5057,46,Mycale,/home/tahiti/MARINE_DATASETS/FathomNet_FGVC2025/data/rois/5057_15283.png,/home/tahiti/MARINE_DATASETS/FathomNet_FGVC2025/data/images/5057.png,3f4ab834f94f21465c9d67f6afd2436f05aa246ca2f0c66145edbd565a193f15,3ff0c0d2e91554567c7780f8ffe1abe600e07292def672f5f123c5badaced11d,5057,6,train
15354,5088,52,Pandalus platyceros,/home/tahiti/MARINE_DATASETS/FathomNet_FGVC2025/data/rois/5088_15354.png,/home/tahiti/MARINE_DATASETS/FathomNet_FGVC2025/data/images/5088.png,c7ccb5fe0e62e9bdcad2f3178ad85eaddae0673ffaca1752ebb2175723ad43dd,12f9aaace752d36f092e0ae9ed20ec24d781aaf64e789221e8e242f9f4e1d1f4,5088,2,train
15411,5111,8,Apostichopus leukothele,/home/tahiti/MARINE_DATASETS/FathomNet_FGVC2025/data/rois/5111_15411.png,/home/tahiti/MARINE_DATASETS/FathomNet_FGVC2025/data/images/5111.png,ecafb39728fe0ae769f7d59cdfff882ba41cc29f4ed46e070241d346ef78a4a5,2affb4f4a4ea45ddcb13016805fb3a3bced7cf30f8ac62a60f71ad6a51cec2b9,5111,2,train
15438,5119,63,Ptychogastria polaris,/home/tahiti/MARINE_DATASETS/FathomNet_FGVC2025/data/rois/5119_15438.png,/home/tahiti/MARINE_DATASETS/FathomNet_FGVC2025/data/images/5119.png,5e1bc8706dd215f0ceed5d9916e3cb8f6c15a6f6fc007cf6744293590c4a2721,c2eb7eba566166cfaa853677b8b4ba81c83b887a8c9891230e254f0529ac3e11,5119,4,train
15476,5131,54,Paragorgia,/home/tahiti/MARINE_DATASETS/FathomNet_FGVC2025/data/rois/5131_15476.png,/home/tahiti/MARINE_DATASETS/FathomNet_FGVC2025/data/images/5131.png,8aa8748134cc7d19bde75b489de6d2c239c185a5e9ab4a345acfff96921b2976,4bd2a22044948cb04f9327604ac0232af7051eab309f2a182ce6d43d5822706f,5131,1,train
15504,5147,32,Holothuroidea,/home/tahiti/MARINE_DATASETS/FathomNet_FGVC2025/data/rois/5147_15504.png,/home/tahiti/MARINE_DATASETS/FathomNet_FGVC2025/data/images/5147.png,b0bc7d0350edd254e07ea0937fa374f20b37ac89cde2184145110ce378ee1574,c08a31dc005d4a7df87d5ef3d1fb618196c4d6e5c0b29614606128bb3c7915f7,5147,4,train
15520,5155,22,Farrea,/home/tahiti/MARINE_DATASETS/FathomNet_FGVC2025/data/rois/5155_15520.png,/home/tahiti/MARINE_DATASETS/FathomNet_FGVC2025/data/images/5155.png,da937554ba4b5c2dbbf60ae492e2328597804b29aa7d030d57f19b55034133ae,c3ff6b5396a5f5b075e9a87812ec1de42901256f68caad41bc2cbccdf2c56711,5155,1,train
15532,5162,52,Pandalus platyceros,/home/tahiti/MARINE_DATASETS/FathomNet_FGVC2025/data/rois/5162_15532.png,/home/tahiti/MARINE_DATASETS/FathomNet_FGVC2025/data/images/5162.png,18c7cb94b725ac3f60a4899678436542733cd4631f5737081002ecf86bb5a986,3b96901164d183ee44eb5b6e5b02759d55da6c6fe8903791046480f06a7e82b4,5162,6,train
15559,5169,56,Paralomis multispina,/home/tahiti/MARINE_DATASETS/FathomNet_FGVC2025/data/rois/5169_15559.png,/home/tahiti/MARINE_DATASETS/FathomNet_FGVC2025/data/images/5169.png,f23b8a38028745d88de6edab9913493ecfb15010ac9189d282f8e47b116c382f,58c7c4228aa552199951a602dcf7c9920def81054a82e7df20af1988f7e8a50d,5169,2,train
15571,5177,54,Paragorgia,/home/tahiti/MARINE_DATASETS/FathomNet_FGVC2025/data/rois/5177_15571.png,/home/tahiti/MARINE_DATASETS/FathomNet_FGVC2025/data/images/5177.png,71549c814377eb55454d17636c2a517b6dec0cd467a9cfa84fb0bc682c433205,98edde448cf0fd9b2ad1bde186cd2c2de417022c1c6540968276934f2ac73ad4,5177,6,train
15583,5185,6,Actinopterygii,/home/tahiti/MARINE_DATASETS/FathomNet_FGVC2025/data/rois/5185_15583.png,/home/tahiti/MARINE_DATASETS/FathomNet_FGVC2025/data/images/5185.png,212f85ea8cd0b49027c29b6ed74e29f268a4c15dfcfd49e6cb8334eb8e24e0b1,7c51a69334731c8517849c4bd5301ccd721dc21732825ff673487dd0e85396c1,5185,0,train
15601,5194,12,Benthocodon pedunculata,/home/tahiti/MARINE_DATASETS/FathomNet_FGVC2025/data/rois/5194_15601.png,/home/tahiti/MARINE_DATASETS/FathomNet_FGVC2025/data/images/5194.png,3cbfbc1d3f92491e7a14127c1a3e9fc1c5cabfc4ff42ff71de6c39430f3ec740,ad689909004d2f46889380936c5a54c14fca349ac12dcd478615bd6f22f07667,5194,6,train
15655,5214,15,Ceriantharia,/home/tahiti/MARINE_DATASETS/FathomNet_FGVC2025/data/rois/5214_15655.png,/home/tahiti/MARINE_DATASETS/FathomNet_FGVC2025/data/images/5214.png,8a486c1e959d0eeb8ead0c06b829d6242dcc878385c69b7ee24df02503a40836,de6f12b3a456de9a7b2ba06b376d9ce876f718db7674dfacadb3679dda1b347b,5214,4,train
15837,5280,56,Paralomis multispina,/home/tahiti/MARINE_DATASETS/FathomNet_FGVC2025/data/rois/5280_15837.png,/home/tahiti/MARINE_DATASETS/FathomNet_FGVC2025/data/images/5280.png,31f57991e0691a97a3af003a65532ec98e88792759678f061abc5eef51f6f68d,e54a650d9ff2e8bf3463025ea3f618a694d3810bd7347b5e5e10fd3a5a3af735,5280,2,train
15880,5296,50,Paelopatides confundens,/home/tahiti/MARINE_DATASETS/FathomNet_FGVC2025/data/rois/5296_15880.png,/home/tahiti/MARINE_DATASETS/FathomNet_FGVC2025/data/images/5296.png,b365123116a3372660205d808812c372aa3c485729a6172aeb2e114cc646ea64,0ed56de7efdfa5b8d093ac8b0744cd0f22cf0b05680ccab377e79482c6d694fb,5296,0,train
15883,5298,70,Sebastes diploproa,/home/tahiti/MARINE_DATASETS/FathomNet_FGVC2025/data/rois/5298_15883.png,/home/tahiti/MARINE_DATASETS/FathomNet_FGVC2025/data/images/5298.png,815f5bbcef9e45ed4dfb1dd53858ad19b8b03d40d006ed715b87f8fa2c8fdc7d,a97ee78040651dd27ac549d4301d22b405f25d09cb3a657312aa764de75cbe2f,5298,0,train
15987,5344,20,Delectopecten,/home/tahiti/MARINE_DATASETS/FathomNet_FGVC2025/data/rois/5344_15987.png,/home/tahiti/MARINE_DATASETS/FathomNet_FGVC2025/data/images/5344.png,804effba05420ef037e9a247300879b7dddeb8faeb4638994ea7076da8938f95,a9f17071f2bfbd3a0e0a46000bcae6d1a580ade79d02ef03e77fe96eefccff64,5344,4,train
16098,5384,77,Umbellula,/home/tahiti/MARINE_DATASETS/FathomNet_FGVC2025/data/rois/5384_16098.png,/home/tahiti/MARINE_DATASETS/FathomNet_FGVC2025/data/images/5384.png,d5e3d48ffcf3df404ffc97437b37a82975a87ffeb20e8729b68fc8f461e306da,4be756ea99e9e0925de2e7bc942c4f1fb4c0f157be107871ae03680a3d2a65f7,5384,4,train
16106,5388,34,Isidella tentaculum,/home/tahiti/MARINE_DATASETS/FathomNet_FGVC2025/data/rois/5388_16106.png,/home/tahiti/MARINE_DATASETS/FathomNet_FGVC2025/data/images/5388.png,f83cb18f18b6b493b4af3d18566eddde442a1a663eb7a0c31847e1ec20575d13,d726cf6d43daba56e6c1e2bae0a164b8e8f11952456794225343e8df12c2eda0,5388,4,train
16111,5390,25,Gastropoda,/home/tahiti/MARINE_DATASETS/FathomNet_FGVC2025/data/rois/5390_16111.png,/home/tahiti/MARINE_DATASETS/FathomNet_FGVC2025/data/images/5390.png,ecc40743476a2b805ac6d872953394b2e26870495cf99e86f2863897299605a4,96a44eb00319a2dec1b9f923fdb082dd72de4d9a7864c72f828e5b9402151773,5390,1,train
16130,5397,38,Liponema brevicorne,/home/tahiti/MARINE_DATASETS/FathomNet_FGVC2025/data/rois/5397_16130.png,/home/tahiti/MARINE_DATASETS/FathomNet_FGVC2025/data/images/5397.png,7273f95eea87394a6c2f232aba112da718f842ce010153f05e0388b7d211856a,244d2d5436b9016e651efe3feb33055cd312590d21dedd676b0f37696c210c94,5397,1,train
16181,5415,63,Ptychogastria polaris,/home/tahiti/MARINE_DATASETS/FathomNet_FGVC2025/data/rois/5415_16181.png,/home/tahiti/MARINE_DATASETS/FathomNet_FGVC2025/data/images/5415.png,6eb3f775cfaa64d25ac2377b888c645735dc90d0f0568cb36c93a5e6544f7376,23a7ce178592706a3d7aa7c27fa5e28d21a5998bccce4d818e32ea68053b1dd5,5415,4,train
16201,5416,77,Umbellula,/home/tahiti/MARINE_DATASETS/FathomNet_FGVC2025/data/rois/5416_16201.png,/home/tahiti/MARINE_DATASETS/FathomNet_FGVC2025/data/images/5416.png,7aa1c5d0ba8d1b6f01c565f0f1451d6aa197c02038dc0edca434731079586695,254fa7bbe0e98b883170202afc42c7715460200832ec6def537b4634501bbe07,5416,0,train
16209,5423,69,Sebastes,/home/tahiti/MARINE_DATASETS/FathomNet_FGVC2025/data/rois/5423_16209.png,/home/tahiti/MARINE_DATASETS/FathomNet_FGVC2025/data/images/5423.png,fc3be2d7a582765c5a919eb43b693dae3dde6422e635432cd690685ebffdfa73,30672df4212708c73deb9cb919ea9a0cc14dde5f40c688478b318320b849f2bd,5423,1,train
16247,5436,50,Paelopatides confundens,/home/tahiti/MARINE_DATASETS/FathomNet_FGVC2025/data/rois/5436_16247.png,/home/tahiti/MARINE_DATASETS/FathomNet_FGVC2025/data/images/5436.png,34a592f27f3ed0ee5b00140d2c5ee8b9b95eedbeb379309bde8b61c9c3e4f817,af843f7456e675ffed006517a000fcf9dd109baf20926e712b27cdc9e54a4b4f,5436,6,train
16277,5451,31,Hippasteria,/home/tahiti/MARINE_DATASETS/FathomNet_FGVC2025/data/rois/5451_16277.png,/home/tahiti/MARINE_DATASETS/FathomNet_FGVC2025/data/images/5451.png,5a6999f6fed7e2c318ebebb1efafce085e3c41592ee456099b96395c3dea41a6,1f22a9262c7e1795af783e84af5173eb7a5cd721955e1db46e02729d407901f9,5451,2,train
16282,5453,77,Umbellula,/home/tahiti/MARINE_DATASETS/FathomNet_FGVC2025/data/rois/5453_16282.png,/home/tahiti/MARINE_DATASETS/FathomNet_FGVC2025/data/images/5453.png,4046c12d9031f93aaf289b8d476e4f11ae35db8ee1755d1444810d87a2fbb1af,90a731def98530d0b79f859b575affe5000d7ba137cd7b8e22508b6714751171,5453,4,train
16322,5469,42,Metridium farcimen,/home/tahiti/MARINE_DATASETS/FathomNet_FGVC2025/data/rois/5469_16322.png,/home/tahiti/MARINE_DATASETS/FathomNet_FGVC2025/data/images/5469.png,c6e10558057e03b0ac768d7f26c14ad26e9f194463edfbba9c597b3f22579e52,27b9c0757031116817f0670ef3e2cebf91a29a3e29e4e5b9b193949dd194f55a,5469,2,train
16335,5476,6,Actinopterygii,/home/tahiti/MARINE_DATASETS/FathomNet_FGVC2025/data/rois/5476_16335.png,/home/tahiti/MARINE_DATASETS/FathomNet_FGVC2025/data/images/5476.png,500438c8875b3b419e497a83a97cc820d486984cf8d574fb9872e8b17fd8854e,9243169722c347b820c4dd5cd184c8f06d0c10ff1b5f1bdb6ab98b2f84af2793,5476,2,train
16378,5492,54,Paragorgia,/home/tahiti/MARINE_DATASETS/FathomNet_FGVC2025/data/rois/5492_16378.png,/home/tahiti/MARINE_DATASETS/FathomNet_FGVC2025/data/images/5492.png,56210fcb005cf10552a647b24d0e1268de5cb4a6bc3d5d30748dcfe6677afefb,16611381081cef92b501c4a5eb0c7f7976828d77beed3ddccf93d12e67c193ae,5492,4,train
16427,5516,42,Metridium farcimen,/home/tahiti/MARINE_DATASETS/FathomNet_FGVC2025/data/rois/5516_16427.png,/home/tahiti/MARINE_DATASETS/FathomNet_FGVC2025/data/images/5516.png,7cf37ceafaed68c9e5f638ca01a4d1d3c48cbad63b217e29e8a8b5abeed0ee5d,bef7faee8e48683c45f6092e2d74e055d53ef46fde392578e24e379fcde69259,5516,4,train
16463,5532,34,Isidella tentaculum,/home/tahiti/MARINE_DATASETS/FathomNet_FGVC2025/data/rois/5532_16463.png,/home/tahiti/MARINE_DATASETS/FathomNet_FGVC2025/data/images/5532.png,991fac2fef3b9416cd81269a2f6187e130d2bd795b1b3138e2e2d63e4b8ada45,106658db1e479221ff3925c8912c1aef6edd137bcd509d209d51b68de191b780,5532,4,train
16469,5535,52,Pandalus platyceros,/home/tahiti/MARINE_DATASETS/FathomNet_FGVC2025/data/rois/5535_16469.png,/home/tahiti/MARINE_DATASETS/FathomNet_FGVC2025/data/images/5535.png,61483c963f0d1a413e0f272a62a49440e090b65f6a99665f094abfc25a3bcd0c,f8c70415c8c4b375772e40f4122b89ab866fd63318edbe746fb50636a17e680f,5535,4,train
16480,5541,33,Hormathiidae,/home/tahiti/MARINE_DATASETS/FathomNet_FGVC2025/data/rois/5541_16480.png,/home/tahiti/MARINE_DATASETS/FathomNet_FGVC2025/data/images/5541.png,d4abe9762b1acb48e6da48b38a47b58fdd4e2d17d94781278634b01d951c0e32,b7477f282909c2589459c7fa226e2b550a30825c4366c6127d50fc0628e348f1,5541,2,train
16518,5559,40,Mediaster aequalis,/home/tahiti/MARINE_DATASETS/FathomNet_FGVC2025/data/rois/5559_16518.png,/home/tahiti/MARINE_DATASETS/FathomNet_FGVC2025/data/images/5559.png,124470b44fb7f74be57d32812e0a906378bda40e0ab3573eaaeaf2d1b5022e62,3ca6db4c822b9ab62e44bb3a6f12f2ac9adcb753aeac3e5e1b6da8784157076f,5559,0,train
16520,5561,14,Caridea,/home/tahiti/MARINE_DATASETS/FathomNet_FGVC2025/data/rois/5561_16520.png,/home/tahiti/MARINE_DATASETS/FathomNet_FGVC2025/data/images/5561.png,48ece47aeb401c0cb9a600d938aaae04f704a988620f3d3aa3c37a8655370020,10dcc8e64e25f4ff3f9d9e8420894fc0f4dd23b8338d036f038fda44ab7f35c0,5561,2,train
16558,5578,32,Holothuroidea,/home/tahiti/MARINE_DATASETS/FathomNet_FGVC2025/data/rois/5578_16558.png,/home/tahiti/MARINE_DATASETS/FathomNet_FGVC2025/data/images/5578.png,0b5013fca896f2fe948459450e03fe5cdf670b1a94adb4da27128850aece4cb1,a27a821cd7d39195b25cbb8922c15b92e2dc847280d2162b0ae46eb56d3e2afd,5578,0,train
16568,5584,38,Liponema brevicorne,/home/tahiti/MARINE_DATASETS/FathomNet_FGVC2025/data/rois/5584_16568.png,/home/tahiti/MARINE_DATASETS/FathomNet_FGVC2025/data/images/5584.png,829744e57864fb6b6304a368577fbaec4265911f26f1bf2c63600503a38e0d54,edc36963e737f2bd84f721d82efeb18389c2145e09bf9c9db93e3c2cd40f19a2,5584,1,train
16617,5593,63,Ptychogastria polaris,/home/tahiti/MARINE_DATASETS/FathomNet_FGVC2025/data/rois/5593_16617.png,/home/tahiti/MARINE_DATASETS/FathomNet_FGVC2025/data/images/5593.png,b79f611ad0f9af049b7cbcda1692fcd38c69255789e817e3c817b865416bd2b9,f5cdacda0c9be2532ab2936ff8a2a8f264ded23eea554f5183eafb38ced7bf18,5593,1,train
16621,5593,63,Ptychogastria polaris,/home/tahiti/MARINE_DATASETS/FathomNet_FGVC2025/data/rois/5593_16621.png,/home/tahiti/MARINE_DATASETS/FathomNet_FGVC2025/data/images/5593.png,76435a316460f5ae22ddd4bbd1f55873c332c570e7fa567db22da94c90ed9af2,f5cdacda0c9be2532ab2936ff8a2a8f264ded23eea554f5183eafb38ced7bf18,5593,1,train
16649,5593,63,Ptychogastria polaris,/home/tahiti/MARINE_DATASETS/FathomNet_FGVC2025/data/rois/5593_16649.png,/home/tahiti/MARINE_DATASETS/FathomNet_FGVC2025/data/images/5593.png,824f382a1656af932cf40eea894cde4c41c7d589caeafe6f1e0028789a6c8740,f5cdacda0c9be2532ab2936ff8a2a8f264ded23eea554f5183eafb38ced7bf18,5593,1,train
16659,5593,63,Ptychogastria polaris,/home/tahiti/MARINE_DATASETS/FathomNet_FGVC2025/data/rois/5593_16659.png,/home/tahiti/MARINE_DATASETS/FathomNet_FGVC2025/data/images/5593.png,25c680db9701312036cd1bb2e76a4fa234851dccac3adbda8c054cd398ba220c,f5cdacda0c9be2532ab2936ff8a2a8f264ded23eea554f5183eafb38ced7bf18,5593,1,train
16663,5593,76,Tunicata,/home/tahiti/MARINE_DATASETS/FathomNet_FGVC2025/data/rois/5593_16663.png,/home/tahiti/MARINE_DATASETS/FathomNet_FGVC2025/data/images/5593.png,2ca263dcc647cb9fc5bfdbd37e78fbc960e6841ee1b5ac37d8c095c4990804e2,f5cdacda0c9be2532ab2936ff8a2a8f264ded23eea554f5183eafb38ced7bf18,5593,1,train
16665,5593,63,Ptychogastria polaris,/home/tahiti/MARINE_DATASETS/FathomNet_FGVC2025/data/rois/5593_16665.png,/home/tahiti/MARINE_DATASETS/FathomNet_FGVC2025/data/images/5593.png,4f5d47a5bd0d13c9dfe3df9c276c5e76481407aea2089a554089755fa881964a,f5cdacda0c9be2532ab2936ff8a2a8f264ded23eea554f5183eafb38ced7bf18,5593,1,train
16702,5607,42,Metridium farcimen,/home/tahiti/MARINE_DATASETS/FathomNet_FGVC2025/data/rois/5607_16702.png,/home/tahiti/MARINE_DATASETS/FathomNet_FGVC2025/data/images/5607.png,0f0b7f00aad02f4318dce76ca95f9198aa7d0d8a899123ab273976d4c4f7bf2b,bddab1eabc87f01f9dce4266c13b5f0212e10854f89a4b1879d17ddfdaf4d83d,5607,2,train
16737,5626,8,Apostichopus leukothele,/home/tahiti/MARINE_DATASETS/FathomNet_FGVC2025/data/rois/5626_16737.png,/home/tahiti/MARINE_DATASETS/FathomNet_FGVC2025/data/images/5626.png,c30c4629a39570da8541171875491f239c4bba54140e1d07ece9d4ac01429afa,4438c8214254d304ccdc8338b1d62f98de1ef6c710ddaff4dcf4818e0a700af9,5626,6,train
16739,5626,40,Mediaster aequalis,/home/tahiti/MARINE_DATASETS/FathomNet_FGVC2025/data/rois/5626_16739.png,/home/tahiti/MARINE_DATASETS/FathomNet_FGVC2025/data/images/5626.png,3d447a4ca87a46ec62b8e4d37d65285455ec3dd838295aaba5a3839871769dcf,4438c8214254d304ccdc8338b1d62f98de1ef6c710ddaff4dcf4818e0a700af9,5626,6,train
16770,5642,69,Sebastes,/home/tahiti/MARINE_DATASETS/FathomNet_FGVC2025/data/rois/5642_16770.png,/home/tahiti/MARINE_DATASETS/FathomNet_FGVC2025/data/images/5642.png,bc377622855e9c49c2afaa95a3d6734b638cf4df9a47486d64a3376178ba2ca0,ac35666cc2c592c81de641660728f462ae10fe7879256e96246aeeb1951efb4b,5642,6,train
16850,5678,31,Hippasteria,/home/tahiti/MARINE_DATASETS/FathomNet_FGVC2025/data/rois/5678_16850.png,/home/tahiti/MARINE_DATASETS/FathomNet_FGVC2025/data/images/5678.png,831148dec844be9049397c54fb9f60388cb7d8c690c8575b1af3cb96fdf8e069,af23d19134ffe14b1a8a8f14192bc37deb9c096669a98d1653e778c81544c1a9,5678,1,train
16997,5742,38,Liponema brevicorne,/home/tahiti/MARINE_DATASETS/FathomNet_FGVC2025/data/rois/5742_16997.png,/home/tahiti/MARINE_DATASETS/FathomNet_FGVC2025/data/images/5742.png,20c9ab2bfa510fa50b99765682273b174101d5d9c4f86ade00ddf03948ae20d1,97a10146adc746ca01bbb71f274ecdd4f9cfc4398717095f8f3ccbfd4e539e90,5742,1,train
17035,5764,51,Pandalus amplus,/home/tahiti/MARINE_DATASETS/FathomNet_FGVC2025/data/rois/5764_17035.png,/home/tahiti/MARINE_DATASETS/FathomNet_FGVC2025/data/images/5764.png,9acc693629089b9e209e15d60b5db8baa69d49c464cdfd7fa4e335242319267d,1254ac5ed84bef1fec7012c3f6517f1b6183c7beba9d5886e442efde05a4bd17,5764,6,train
17086,5799,7,Amphipoda,/home/tahiti/MARINE_DATASETS/FathomNet_FGVC2025/data/rois/5799_17086.png,/home/tahiti/MARINE_DATASETS/FathomNet_FGVC2025/data/images/5799.png,f8173ab0b9c4dd71e83887877f3c91f2760a285874595d3f15415ba9872bcd76,6654646ed823e1e1cde0a4f036f379a0e08387d8436f3d4a150a2b3cfdbea97a,5799,2,train
17093,5801,52,Pandalus platyceros,/home/tahiti/MARINE_DATASETS/FathomNet_FGVC2025/data/rois/5801_17093.png,/home/tahiti/MARINE_DATASETS/FathomNet_FGVC2025/data/images/5801.png,b2c9ad6fbb8ac4debbd22c00a0a636dd1563ff6458635da4713f64a88de0027b,198217516cb90c1c33446fdd5936b443e6899513b84ce01962f33d6b4d477de3,5801,6,train
17118,5808,70,Sebastes diploproa,/home/tahiti/MARINE_DATASETS/FathomNet_FGVC2025/data/rois/5808_17118.png,/home/tahiti/MARINE_DATASETS/FathomNet_FGVC2025/data/images/5808.png,b86b5c0f4410a229a77afce111310ac0c39243d4230436a2658e542a283dfe41,da56a30df7fa84dd06babe0fd0632fad83125d8d829a25c8e55b5b42a200e17b,5808,6,train
17162,5824,12,Benthocodon pedunculata,/home/tahiti/MARINE_DATASETS/FathomNet_FGVC2025/data/rois/5824_17162.png,/home/tahiti/MARINE_DATASETS/FathomNet_FGVC2025/data/images/5824.png,97400778673eff4a89f796d5343c228a2167aa046539896c483d9953678bfff0,c81f9b0c447e7e8997a92df23b930eeb1867b12414e22897c254add1c35015fd,5824,6,train
17208,5849,50,Paelopatides confundens,/home/tahiti/MARINE_DATASETS/FathomNet_FGVC2025/data/rois/5849_17208.png,/home/tahiti/MARINE_DATASETS/FathomNet_FGVC2025/data/images/5849.png,e47bf624af366cbb4a8f9b6d3c9c66b0c08f054e5c3ee6c7782761afc98ddc9b,8bd01ae74a1303b6cd8371eb78bd22ad51469ba913c34d56a320df0df640dcd3,5849,2,train
17265,5875,57,Parastenella,/home/tahiti/MARINE_DATASETS/FathomNet_FGVC2025/data/rois/5875_17265.png,/home/tahiti/MARINE_DATASETS/FathomNet_FGVC2025/data/images/5875.png,6b8e32f371b39acd824d87d04b5017334e0d6513aba9ef046caae77cb857efec,c2f619afa4fb8cfdfdac150f87e6b67a2d5060748ca55bdab66f0098cb3f5cd3,5875,4,train
17290,5878,32,Holothuroidea,/home/tahiti/MARINE_DATASETS/FathomNet_FGVC2025/data/rois/5878_17290.png,/home/tahiti/MARINE_DATASETS/FathomNet_FGVC2025/data/images/5878.png,1cd3c9dae2f1737750fd50d98cfe9d1841c700d783c006d69a2a0f6f6cb956a0,88bef7e5d496761c8f6d78af7b4a73b77a634555700a04708f3d6b5ba8443d48,5878,0,train
17302,5882,46,Mycale,/home/tahiti/MARINE_DATASETS/FathomNet_FGVC2025/data/rois/5882_17302.png,/home/tahiti/MARINE_DATASETS/FathomNet_FGVC2025/data/images/5882.png,68bdeb4d5a58257f543847dfb8d1575f4cbffcfb33d02561bf9ab7689101bac3,134ce97c90442c586b728826cf6b23c9cc8b8c1f530863914e5381513d9dc5f2,5882,4,train
17356,5892,32,Holothuroidea,/home/tahiti/MARINE_DATASETS/FathomNet_FGVC2025/data/rois/5892_17356.png,/home/tahiti/MARINE_DATASETS/FathomNet_FGVC2025/data/images/5892.png,4e980016e2f19432d9868d860ae177c6c10f5f560cc3e8d93505a166c1b2317a,36430f9c4ccec943d454f44157ba129f010847e9891fafc04991a824ca07288d,5892,6,train
17383,5908,17,Chorilia longipes,/home/tahiti/MARINE_DATASETS/FathomNet_FGVC2025/data/rois/5908_17383.png,/home/tahiti/MARINE_DATASETS/FathomNet_FGVC2025/data/images/5908.png,acd1818c3f4a7da178b3c42ba4c586faa8e1ae3d81a36f8b79efd70e670b3ea5,c3c6f68f21f618a0d29d185ad55b67ac2e5d04bb9d9a0d7ab8b17ffb675f3881,5908,6,train
17470,5964,25,Gastropoda,/home/tahiti/MARINE_DATASETS/FathomNet_FGVC2025/data/rois/5964_17470.png,/home/tahiti/MARINE_DATASETS/FathomNet_FGVC2025/data/images/5964.png,e67825d2ff1c4236cb5d5cf63e59c664deba3b8a2ea11b34d224493f96f19ae5,74f35f812d2b67af8af17de054cfe3adcbee89c71d0c50656fe9889dd30c5755,5964,0,train
17503,5979,54,Paragorgia,/home/tahiti/MARINE_DATASETS/FathomNet_FGVC2025/data/rois/5979_17503.png,/home/tahiti/MARINE_DATASETS/FathomNet_FGVC2025/data/images/5979.png,4428c37f9d65fb8ccf277a3b480b654c2ef6295514bf49661945c8f6c5569bce,bf3d270e6d179cba9e94e2004e36a6351527410921a89b5b5cd4fcafe1c3a161,5979,6,train
17525,5990,23,Florometra serratissima,/home/tahiti/MARINE_DATASETS/FathomNet_FGVC2025/data/rois/5990_17525.png,/home/tahiti/MARINE_DATASETS/FathomNet_FGVC2025/data/images/5990.png,3c01ff26bb9b43cabc838114f6027031e3c6362f54fdb33e10dae71fe9c0d21e,9107c6e6ff77bf359bc557002e6b278ac6b97386743f61dadfe3671f8ef7b7ab,5990,1,train
17526,5990,23,Florometra serratissima,/home/tahiti/MARINE_DATASETS/FathomNet_FGVC2025/data/rois/5990_17526.png,/home/tahiti/MARINE_DATASETS/FathomNet_FGVC2025/data/images/5990.png,939bbfb725b19174641dcd7d128168a32b6bced9fb49af8b4bda17213ae66391,9107c6e6ff77bf359bc557002e6b278ac6b97386743f61dadfe3671f8ef7b7ab,5990,1,train
17531,5992,56,Paralomis multispina,/home/tahiti/MARINE_DATASETS/FathomNet_FGVC2025/data/rois/5992_17531.png,/home/tahiti/MARINE_DATASETS/FathomNet_FGVC2025/data/images/5992.png,97b653ef18d69375b9bf8d8a6c06788ee6c5b3244bb9657bd24da26a92e14be8,499b581a863148f32251b2f214c026c49c394825086ab149aec8ebb9c3681ff4,5992,1,train
17539,5999,1,Abyssocucumis abyssorum,/home/tahiti/MARINE_DATASETS/FathomNet_FGVC2025/data/rois/5999_17539.png,/home/tahiti/MARINE_DATASETS/FathomNet_FGVC2025/data/images/5999.png,e90ea26d2a87e36327939bbe3ac7c367dd1f9e0ef18221702889b7781ffdb032,093da0dcfeb207db4284bdcfe22661697747a428035a86d65ba003de9a35b9f7,5999,1,train
17547,6003,27,Heterocarpus,/home/tahiti/MARINE_DATASETS/FathomNet_FGVC2025/data/rois/6003_17547.png,/home/tahiti/MARINE_DATASETS/FathomNet_FGVC2025/data/images/6003.png,47182d500fb6cf57fd70e60520cbda812d23594a65bbc8942f7a18c81033eae8,60e05afd6fc35099a76a03aae0ae572c3aed1eaf22f21fac88b8f6d120806ecc,6003,2,train
17564,6010,38,Liponema brevicorne,/home/tahiti/MARINE_DATASETS/FathomNet_FGVC2025/data/rois/6010_17564.png,/home/tahiti/MARINE_DATASETS/FathomNet_FGVC2025/data/images/6010.png,e3944cfb863d24963f0d8a0c678f67bd3e959f6fc923e6dc3e3a0a5804c14c8c,e6cf6d6f8ad009f5e8952882dbe7bced35650e4473e35aacdaa725fbbee7dec1,6010,1,train
17572,6017,15,Ceriantharia,/home/tahiti/MARINE_DATASETS/FathomNet_FGVC2025/data/rois/6017_17572.png,/home/tahiti/MARINE_DATASETS/FathomNet_FGVC2025/data/images/6017.png,125f58c6564ce0e9360dafc0196aa784349a74a9de4acb3ce578885ed45eac56,c8c263087f3700290fa4ade3ce1d1cd9a9af174dc88c3530bcefd6281474526d,6017,4,train
17577,6020,4,Actinernus,/home/tahiti/MARINE_DATASETS/FathomNet_FGVC2025/data/rois/6020_17577.png,/home/tahiti/MARINE_DATASETS/FathomNet_FGVC2025/data/images/6020.png,b2e62732e4b08896e36d9eaeec2a5eba6ccfa25a341594733ec22ea1885c781c,27dedff2b3e0f4bb1468ea4e44665742016beeeabfd0b32b037c0cd0126b332f,6020,6,train
17611,6037,7,Amphipoda,/home/tahiti/MARINE_DATASETS/FathomNet_FGVC2025/data/rois/6037_17611.png,/home/tahiti/MARINE_DATASETS/FathomNet_FGVC2025/data/images/6037.png,5768bb065a5dad8e29324db3f01057e23566cd8843b62b6370f1ce575ce79cde,be47459f4b2770b7970d301f93c351d57bde188a8a95e35086e25531a1fcc300,6037,2,train
17616,6041,17,Chorilia longipes,/home/tahiti/MARINE_DATASETS/FathomNet_FGVC2025/data/rois/6041_17616.png,/home/tahiti/MARINE_DATASETS/FathomNet_FGVC2025/data/images/6041.png,ed817ebaef07703f8d29d48fffd253dc8d5ee21c0d3522750204b844de45ff6d,1c547fa4fc2290f8cf0ba202677ec8a0ea0be79f5f622d521f79e82378d78bb7,6041,4,train
17637,6053,52,Pandalus platyceros,/home/tahiti/MARINE_DATASETS/FathomNet_FGVC2025/data/rois/6053_17637.png,/home/tahiti/MARINE_DATASETS/FathomNet_FGVC2025/data/images/6053.png,8f2d7640996933b42869d63b7751d1a8eb3bf7e575d11a43a8f1de51b35c3930,4e8e7600d7d8b1086907ac8f467422790791891230c2516f4951347dc968cef9,6053,6,train
17639,6055,40,Mediaster aequalis,/home/tahiti/MARINE_DATASETS/FathomNet_FGVC2025/data/rois/6055_17639.png,/home/tahiti/MARINE_DATASETS/FathomNet_FGVC2025/data/images/6055.png,721a1ae9aab7faaeab142d8cb5fefe7d10c2f2818714e0aa4099b253db807b35,38366a797b0b688165d09069a812ec8cdac307be7ac740331e2db3425d530988,6055,6,train
17666,6069,7,Amphipoda,/home/tahiti/MARINE_DATASETS/FathomNet_FGVC2025/data/rois/6069_17666.png,/home/tahiti/MARINE_DATASETS/FathomNet_FGVC2025/data/images/6069.png,529b33274e586e654c06d2886312407a47bbf4c2b016ae6cf5d11f3dfa3a76e8,c54cdc2ac64d2baa0e1ee956dff7a393c01c082e851524bff8cc16e38d1dab07,6069,4,train
17679,6071,64,Pyrosoma atlanticum,/home/tahiti/MARINE_DATASETS/FathomNet_FGVC2025/data/rois/6071_17679.png,/home/tahiti/MARINE_DATASETS/FathomNet_FGVC2025/data/images/6071.png,b3371bbcb90a733d2fc64577cd35fb7d1c9c099b8ca3b84443942b2978fe20a3,21c1e2a5f81b6902ca3fc55918c662f9a6283b5b8df3304d64a424e1c4a0ad46,6071,2,train
17724,6091,64,Pyrosoma atlanticum,/home/tahiti/MARINE_DATASETS/FathomNet_FGVC2025/data/rois/6091_17724.png,/home/tahiti/MARINE_DATASETS/FathomNet_FGVC2025/data/images/6091.png,cde100778aa57b97022cb803639904f00695249a1c2a8277a407de35a924c9b0,8b7da567541c776976791f71704e28881d47dfcfe54a3240d48c188edb87962d,6091,4,train
17737,6096,17,Chorilia longipes,/home/tahiti/MARINE_DATASETS/FathomNet_FGVC2025/data/rois/6096_17737.png,/home/tahiti/MARINE_DATASETS/FathomNet_FGVC2025/data/images/6096.png,1f1e7daf108b7f880a9307571609df42fca927e835ebcd86512a5346c80105d1,5a01c21bb48f8d16da34c69ccc5d814cf66d2d57c4cdac213d40a1a10895d2aa,6096,1,train
17747,6099,46,Mycale,/home/tahiti/MARINE_DATASETS/FathomNet_FGVC2025/data/rois/6099_17747.png,/home/tahiti/MARINE_DATASETS/FathomNet_FGVC2025/data/images/6099.png,0e30b27c20c701880f76a2f808f211ad68173a6bc098a03dfc4350459d28c7a2,95a9bc13c706cf405c43ea41c9742f331e29050882924a7a81ca600f7a5a3214,6099,6,train
17776,6108,10,Asbestopluma monticola,/home/tahiti/MARINE_DATASETS/FathomNet_FGVC2025/data/rois/6108_17776.png,/home/tahiti/MARINE_DATASETS/FathomNet_FGVC2025/data/images/6108.png,c16875b991647774d6be2ec9fbd5f682470baf1122422185beb12b3459751769,b1d829bdf0652f86df5e6a57692f6fe4b7702461351693f9850e092c80fab6d6,6108,0,train
17887,6145,33,Hormathiidae,/home/tahiti/MARINE_DATASETS/FathomNet_FGVC2025/data/rois/6145_17887.png,/home/tahiti/MARINE_DATASETS/FathomNet_FGVC2025/data/images/6145.png,9531ab08eedf5c3fe120c3ef6ab60115ba41ce6d66d2c5a8ae36e6a29340b791,2a35d5d9d782bfd5a77e5fdb30e476c7f23a881b5c1219061364ecd642c98fa7,6145,2,train
17889,6146,27,Heterocarpus,/home/tahiti/MARINE_DATASETS/FathomNet_FGVC2025/data/rois/6146_17889.png,/home/tahiti/MARINE_DATASETS/FathomNet_FGVC2025/data/images/6146.png,37300a2ad5388b17bb333d72216af1ed595d6531e0da74700ef53a28b6e2901d,39337bc8e911c8a430a47829faa028f161662c6d8a6c86dc53ed77ee60d2fc7a,6146,6,train
17939,6167,15,Ceriantharia,/home/tahiti/MARINE_DATASETS/FathomNet_FGVC2025/data/rois/6167_17939.png,/home/tahiti/MARINE_DATASETS/FathomNet_FGVC2025/data/images/6167.png,bd9dc0d5d88b46bb45907e61362bd05a71d18782a0d8bb8fe2091727f844fe79,a3b936aadb6aac785cd07a42b7d7ada8de96e2ece0540b4a80c2084fc7199cd5,6167,1,train
17972,6183,23,Florometra serratissima,/home/tahiti/MARINE_DATASETS/FathomNet_FGVC2025/data/rois/6183_17972.png,/home/tahiti/MARINE_DATASETS/FathomNet_FGVC2025/data/images/6183.png,7378f600b8e792cbdbb085364167621af0b6de5fbaab97889fa86d336620cbf6,5bcd8150b5230ba5c4bd61eb33882b3b2762b896ca40fb300c83fc8fe87495a9,6183,6,train
17979,6183,23,Florometra serratissima,/home/tahiti/MARINE_DATASETS/FathomNet_FGVC2025/data/rois/6183_17979.png,/home/tahiti/MARINE_DATASETS/FathomNet_FGVC2025/data/images/6183.png,28f04353c1ee5c6a5b33db724d5fa97cd39944cbc6c5503b083df60b4e85e09e,5bcd8150b5230ba5c4bd61eb33882b3b2762b896ca40fb300c83fc8fe87495a9,6183,6,train
17982,6183,23,Florometra serratissima,/home/tahiti/MARINE_DATASETS/FathomNet_FGVC2025/data/rois/6183_17982.png,/home/tahiti/MARINE_DATASETS/FathomNet_FGVC2025/data/images/6183.png,25abdddd3934f27b38c9d083093c836835d970059289eca304e8ffb388f08347,5bcd8150b5230ba5c4bd61eb33882b3b2762b896ca40fb300c83fc8fe87495a9,6183,6,train
18060,6218,17,Chorilia longipes,/home/tahiti/MARINE_DATASETS/FathomNet_FGVC2025/data/rois/6218_18060.png,/home/tahiti/MARINE_DATASETS/FathomNet_FGVC2025/data/images/6218.png,eb3e0cc3cbbda1eac9e4739c5895a125543e264daf8a0f76d1e97ddec0efb1b9,f1ecc0aa4fffcc6715c581b9c12c574ddecfba09931566fe355a4062042c47b4,6218,1,train
18090,6228,7,Amphipoda,/home/tahiti/MARINE_DATASETS/FathomNet_FGVC2025/data/rois/6228_18090.png,/home/tahiti/MARINE_DATASETS/FathomNet_FGVC2025/data/images/6228.png,19165d6d59eb2f5852a05830515fc21570c75e257100588e185ba1e4220a1af7,ef5f6a7df4dbbbc0f12b45ec225e3aee111bdf98016f9bdf0486a7d99e3ddcfe,6228,4,train
18110,6232,20,Delectopecten,/home/tahiti/MARINE_DATASETS/FathomNet_FGVC2025/data/rois/6232_18110.png,/home/tahiti/MARINE_DATASETS/FathomNet_FGVC2025/data/images/6232.png,4f2ae18ea2f453c7f218d1cf4e04dc8272b47839ce5569a586d9e44565d3af1c,0b9fa2e669fc414f422181f388a73f0b0de18afb502be99b92bcf53e2f502891,6232,4,train
18121,6232,20,Delectopecten,/home/tahiti/MARINE_DATASETS/FathomNet_FGVC2025/data/rois/6232_18121.png,/home/tahiti/MARINE_DATASETS/FathomNet_FGVC2025/data/images/6232.png,6799f4a47cc6ee6013fad387cc666a2d5288c1d886195a0d6d8011924b3421bf,0b9fa2e669fc414f422181f388a73f0b0de18afb502be99b92bcf53e2f502891,6232,4,train
18197,6272,70,Sebastes diploproa,/home/tahiti/MARINE_DATASETS/FathomNet_FGVC2025/data/rois/6272_18197.png,/home/tahiti/MARINE_DATASETS/FathomNet_FGVC2025/data/images/6272.png,f403766c86cc69ff96725330f8e32c941ddae961ddd14f677224ec806a48f4bc,67ea22de3883c43e5412c42656a37c35da2267d6fda051ce7d3df58484bd0d49,6272,0,train
18214,6280,9,Asbestopluma,/home/tahiti/MARINE_DATASETS/FathomNet_FGVC2025/data/rois/6280_18214.png,/home/tahiti/MARINE_DATASETS/FathomNet_FGVC2025/data/images/6280.png,4e6b781fa27777a1e127263215510b0fee06cfb1ce0779846208effd1fea699f,fc804c3c35a8e1e46471d1c137215fc0115c4c77c3b48f1efa90bda8dc42dfa3,6280,1,train
18240,6296,69,Sebastes,/home/tahiti/MARINE_DATASETS/FathomNet_FGVC2025/data/rois/6296_18240.png,/home/tahiti/MARINE_DATASETS/FathomNet_FGVC2025/data/images/6296.png,ded40c40a0b98bc304d075d28de6530a46511171cf05b368663fca23ffbb8799,bb8555580ffc8faecb7cd21dfc588994066f25fbc029341c45164a01f530aa1e,6296,6,train
18256,6301,75,Terebellidae,/home/tahiti/MARINE_DATASETS/FathomNet_FGVC2025/data/rois/6301_18256.png,/home/tahiti/MARINE_DATASETS/FathomNet_FGVC2025/data/images/6301.png,c744c72f3688adc36431a1a0ac7d90481592fab0230c49149adab5ee9db11e5b,e3657befd25090110abf8b065213ad3df40450d103a29db8daf625ac471a38a7,6301,0,train
18261,6301,75,Terebellidae,/home/tahiti/MARINE_DATASETS/FathomNet_FGVC2025/data/rois/6301_18261.png,/home/tahiti/MARINE_DATASETS/FathomNet_FGVC2025/data/images/6301.png,9c3c4c2574cc8f90707c9bab6cc845278f0aacfe1a382636e3169a9da41c9777,e3657befd25090110abf8b065213ad3df40450d103a29db8daf625ac471a38a7,6301,0,train
18286,6307,57,Parastenella,/home/tahiti/MARINE_DATASETS/FathomNet_FGVC2025/data/rois/6307_18286.png,/home/tahiti/MARINE_DATASETS/FathomNet_FGVC2025/data/images/6307.png,a8a46a69d3f47c2d41ae27c7ab798f4c6deb2e4cdd7542446eb03fc8867d5084,f0d9ab141899c05bf07dcf009047d98751d7647f5e8b3d0de4870ca59b3dd76e,6307,1,train
18302,6313,34,Isidella tentaculum,/home/tahiti/MARINE_DATASETS/FathomNet_FGVC2025/data/rois/6313_18302.png,/home/tahiti/MARINE_DATASETS/FathomNet_FGVC2025/data/images/6313.png,840d1d3b63c5f6019c00b026fe4118d6401342bbf3e8d153420d7bea29c1cc43,bc749344c73192826863775c3d4d63531de6868411836db346224fed18bc1ca8,6313,0,train
18310,6320,21,Elpidia,/home/tahiti/MARINE_DATASETS/FathomNet_FGVC2025/data/rois/6320_18310.png,/home/tahiti/MARINE_DATASETS/FathomNet_FGVC2025/data/images/6320.png,443b8fc8cf065e41faa9300471c2810705870540fae41128cb8963160d060ee6,7d3c5429c3ade2cba770e883a909a263a10bcecb44f6c556d6fbc2a00f26236e,6320,4,train
18318,6326,13,Brisingida,/home/tahiti/MARINE_DATASETS/FathomNet_FGVC2025/data/rois/6326_18318.png,/home/tahiti/MARINE_DATASETS/FathomNet_FGVC2025/data/images/6326.png,1199a3b5dda2f7a1eb1585c5ecf7c851e0edd03e5fe56d3250f5621c4fdefa5c,1542b73d8356775c8891ca1f6adcb4aa004621d28ec1f5637e9a81c56cdf87bd,6326,1,train
18355,6344,4,Actinernus,/home/tahiti/MARINE_DATASETS/FathomNet_FGVC2025/data/rois/6344_18355.png,/home/tahiti/MARINE_DATASETS/FathomNet_FGVC2025/data/images/6344.png,462d4a31fa4b6c35cc4f6c0bf7cb3adafdacfe89fa813c16e607e0d25d2f8a2c,9422b7c5fc12a8efe093e31f2ac6bfcd6c51c35803281637ec540fa5c84a1e2b,6344,1,train
18362,6350,18,Corallimorphus pilatus,/home/tahiti/MARINE_DATASETS/FathomNet_FGVC2025/data/rois/6350_18362.png,/home/tahiti/MARINE_DATASETS/FathomNet_FGVC2025/data/images/6350.png,b0f4d5205a77092e545092b369f18727afce30ee8d61c05a3d3dd14302cc08c7,5823a0bd403ab6021a2fda29c1ad2a18ddce6aa2bedd9cbd2cf9414867a841ea,6350,2,train
18421,6384,78,Vesicomyidae,/home/tahiti/MARINE_DATASETS/FathomNet_FGVC2025/data/rois/6384_18421.png,/home/tahiti/MARINE_DATASETS/FathomNet_FGVC2025/data/images/6384.png,e97ede1defeaf5cd5dff43309307ee91b6ae73d3c71d04eb1f9b132265f43c55,563a21a3edd409f7735758541c1a215bb3384a07ffe8895ef92fa5b3f339c3bd,6384,2,train
18460,6394,43,Microstomus pacificus,/home/tahiti/MARINE_DATASETS/FathomNet_FGVC2025/data/rois/6394_18460.png,/home/tahiti/MARINE_DATASETS/FathomNet_FGVC2025/data/images/6394.png,d14e1ce2fc60efa0bbc6beb9f07b1743ae32ba027df7d973b4c8b0fbf97027ea,beec1ef9f3a77485b348d4782625677f475f833a7b62cc693fdb1574aa1cbd62,6394,0,train
18461,6394,43,Microstomus pacificus,/home/tahiti/MARINE_DATASETS/FathomNet_FGVC2025/data/rois/6394_18461.png,/home/tahiti/MARINE_DATASETS/FathomNet_FGVC2025/data/images/6394.png,15e9c5c54e0d79a8a789d4b5527a4a31decb7356e0fb9713379dab936a9a1ca6,beec1ef9f3a77485b348d4782625677f475f833a7b62cc693fdb1574aa1cbd62,6394,0,train
18468,6397,31,Hippasteria,/home/tahiti/MARINE_DATASETS/FathomNet_FGVC2025/data/rois/6397_18468.png,/home/tahiti/MARINE_DATASETS/FathomNet_FGVC2025/data/images/6397.png,25d842e3e51f8c4b24de85d0d22b24a284a9ab134d188f6841a59c4c76628dee,6f328f1a5bcba0beffb39475e49d1b00fc615d894f242d8c86ce484dde9f4792,6397,4,train
18486,6407,48,Ophiacanthidae,/home/tahiti/MARINE_DATASETS/FathomNet_FGVC2025/data/rois/6407_18486.png,/home/tahiti/MARINE_DATASETS/FathomNet_FGVC2025/data/images/6407.png,4a8e2808f06413a0addcff81386d4b3e7da7a46cf0c3c45e9c4b8839dd62ef82,4a946c75d5dfa47b7791af1bc5dd82fbe102dd7ab5fce7debd4cd14fafac2002,6407,0,train
18487,6407,48,Ophiacanthidae,/home/tahiti/MARINE_DATASETS/FathomNet_FGVC2025/data/rois/6407_18487.png,/home/tahiti/MARINE_DATASETS/FathomNet_FGVC2025/data/images/6407.png,e2e5e41aad7155238c0314cdd90bf4f4a24434996e5fe6535fc112041d7328e0,4a946c75d5dfa47b7791af1bc5dd82fbe102dd7ab5fce7debd4cd14fafac2002,6407,0,train
18489,6407,48,Ophiacanthidae,/home/tahiti/MARINE_DATASETS/FathomNet_FGVC2025/data/rois/6407_18489.png,/home/tahiti/MARINE_DATASETS/FathomNet_FGVC2025/data/images/6407.png,3d97195ed659921246804118586d269b8ca1bbf9973ceaa779a509c2f8bd7c97,4a946c75d5dfa47b7791af1bc5dd82fbe102dd7ab5fce7debd4cd14fafac2002,6407,0,train
18558,6447,12,Benthocodon pedunculata,/home/tahiti/MARINE_DATASETS/FathomNet_FGVC2025/data/rois/6447_18558.png,/home/tahiti/MARINE_DATASETS/FathomNet_FGVC2025/data/images/6447.png,e480e519703de7f5307360dd65d5eeed05a13a737d46bd59dd74abc2cc1a459b,54d070c09190923bda3706e42556823cb0cbbd2cff9a734c1ae233b2acdcc19d,6447,2,train
18587,6456,14,Caridea,/home/tahiti/MARINE_DATASETS/FathomNet_FGVC2025/data/rois/6456_18587.png,/home/tahiti/MARINE_DATASETS/FathomNet_FGVC2025/data/images/6456.png,73d32326dcffcced28afb6a932f604167ac4984196d02a522e239d09bb5ff907,c5a25526973e3c782d2cf319d84992acdb7a05255d6fd961652854ae94814cb2,6456,2,train
18594,6461,51,Pandalus amplus,/home/tahiti/MARINE_DATASETS/FathomNet_FGVC2025/data/rois/6461_18594.png,/home/tahiti/MARINE_DATASETS/FathomNet_FGVC2025/data/images/6461.png,4728527aef09e93cfd09f7fcf7286f132bf7042de7302c54cc6204c9fcb4a023,d3c5c7c72f0d0033f5d7210bbb6a41a0b198e2fcfe766200ec550ef4910f071a,6461,0,train
18616,6475,66,Scleractinia,/home/tahiti/MARINE_DATASETS/FathomNet_FGVC2025/data/rois/6475_18616.png,/home/tahiti/MARINE_DATASETS/FathomNet_FGVC2025/data/images/6475.png,42a73d9f819867ce39f7a384a96b72a8e2ca70fec54ec57cce3281336c40067a,ecd381b8cf52c2253e39f832e74d77a71544b77f364d7ce1862e3e52b956dcc4,6475,6,train
18617,6475,51,Pandalus amplus,/home/tahiti/MARINE_DATASETS/FathomNet_FGVC2025/data/rois/6475_18617.png,/home/tahiti/MARINE_DATASETS/FathomNet_FGVC2025/data/images/6475.png,5f3690e5d75baa3a5bb6e00ae78db8219fa14a1ed87a1ae060d3c8f2deee8e61,ecd381b8cf52c2253e39f832e74d77a71544b77f364d7ce1862e3e52b956dcc4,6475,6,train
18619,6475,66,Scleractinia,/home/tahiti/MARINE_DATASETS/FathomNet_FGVC2025/data/rois/6475_18619.png,/home/tahiti/MARINE_DATASETS/FathomNet_FGVC2025/data/images/6475.png,b8dbbfe99bb31de8c7730b1a18a3b7bcde78895247b12a6ba30c7ab3bc6752ab,ecd381b8cf52c2253e39f832e74d77a71544b77f364d7ce1862e3e52b956dcc4,6475,6,train
18634,6481,9,Asbestopluma,/home/tahiti/MARINE_DATASETS/FathomNet_FGVC2025/data/rois/6481_18634.png,/home/tahiti/MARINE_DATASETS/FathomNet_FGVC2025/data/images/6481.png,5c458ae631e218283f252edbfbba6e0fc2eaf97a7203640f018eb040f1ea5f06,1f4ec92803298c401c5f2fb2f8cb3f2d0692bd3fb01ad00c0e3a6bcacc2bea32,6481,4,train
18653,6486,2,Acanthascinae,/home/tahiti/MARINE_DATASETS/FathomNet_FGVC2025/data/rois/6486_18653.png,/home/tahiti/MARINE_DATASETS/FathomNet_FGVC2025/data/images/6486.png,c9ef53d9678b1af2677f84bc67c36016f0468cf3b392698bf293b48ec35747d1,c8cf9830162c09e624915fddcf72187e2e23cdb47113d39bbe52f64ddc671032,6486,4,train
18676,6495,2,Acanthascinae,/home/tahiti/MARINE_DATASETS/FathomNet_FGVC2025/data/rois/6495_18676.png,/home/tahiti/MARINE_DATASETS/FathomNet_FGVC2025/data/images/6495.png,fc2d0251468eaf8f1c7009418a7741b7c245cb7ddf7f827125ade0d3ddf548ce,46bbb18d6e782a188f6a665663ac0116d7bd342ffe9bb6496cddba884634e3a6,6495,2,train
18710,6518,1,Abyssocucumis abyssorum,/home/tahiti/MARINE_DATASETS/FathomNet_FGVC2025/data/rois/6518_18710.png,/home/tahiti/MARINE_DATASETS/FathomNet_FGVC2025/data/images/6518.png,286f1fa21a0335924b1415d6714e1e7312f512836f07efa2f8f4d04568dc1f6a,4bef15055616a1590fa0eee01884944d279879d7ac336567bd9eab43ae818f69,6518,6,train
18751,6545,4,Actinernus,/home/tahiti/MARINE_DATASETS/FathomNet_FGVC2025/data/rois/6545_18751.png,/home/tahiti/MARINE_DATASETS/FathomNet_FGVC2025/data/images/6545.png,1f68b4f93d451d87366c441b8bbe870b351a6cb739ca37ef4d7c562aa21c5b1d,6333d3752830014de19a2b8006e94fd497b74dc0116c697103f2c2d6bf8d7b92,6545,4,train
18752,6545,4,Actinernus,/home/tahiti/MARINE_DATASETS/FathomNet_FGVC2025/data/rois/6545_18752.png,/home/tahiti/MARINE_DATASETS/FathomNet_FGVC2025/data/images/6545.png,9b19624b47fd163d5749582cf41385ba47238200836bc1d10edeffac149f0a16,6333d3752830014de19a2b8006e94fd497b74dc0116c697103f2c2d6bf8d7b92,6545,4,train
18832,6592,78,Vesicomyidae,/home/tahiti/MARINE_DATASETS/FathomNet_FGVC2025/data/rois/6592_18832.png,/home/tahiti/MARINE_DATASETS/FathomNet_FGVC2025/data/images/6592.png,e731d0692db1ab4f11cbc40be3a4a5388b48f220e090f1e31a29cbe301b8c644,4af9dba217adda075486178735de5780111e54fcc91f7c7d174362cad8fa8719,6592,0,train
18839,6594,21,Elpidia,/home/tahiti/MARINE_DATASETS/FathomNet_FGVC2025/data/rois/6594_18839.png,/home/tahiti/MARINE_DATASETS/FathomNet_FGVC2025/data/images/6594.png,d568ffe6712ec05bbacc6ad1cb42f403e1e37fe941d6961de723af3d64b708a0,5d7aa2b96572597d1f802a805d57632ddc2c7a946fb42b0f6a7556188a9053fa,6594,4,train
18982,6664,78,Vesicomyidae,/home/tahiti/MARINE_DATASETS/FathomNet_FGVC2025/data/rois/6664_18982.png,/home/tahiti/MARINE_DATASETS/FathomNet_FGVC2025/data/images/6664.png,e068448ea939974eb62b07ebacedb54848f2072f46bb6f351750fb0f56e20463,a16d2c3ce733a8b770337805fd08c12b16e70273e57ed01816cfa41d6cf6a489,6664,2,train
18994,6669,4,Actinernus,/home/tahiti/MARINE_DATASETS/FathomNet_FGVC2025/data/rois/6669_18994.png,/home/tahiti/MARINE_DATASETS/FathomNet_FGVC2025/data/images/6669.png,cb9578f9475649c64839de053057eddd3d97f19fc2247998844de4ef30c2bc4b,780d8b624b6b95c41e72cf4985caf93d1798a64b071ba04d904b0c0217c0bf32,6669,0,train
19015,6671,64,Pyrosoma atlanticum,/home/tahiti/MARINE_DATASETS/FathomNet_FGVC2025/data/rois/6671_19015.png,/home/tahiti/MARINE_DATASETS/FathomNet_FGVC2025/data/images/6671.png,578923f1493f2b3c9ddad6c2328ce1568b1482e669e3cef4d74f118428868a89,740c8e10ea8268f2cdbba4819cccbaaa863af7ffbc75c970d36b795d9e1ae102,6671,0,train
19067,6698,40,Mediaster aequalis,/home/tahiti/MARINE_DATASETS/FathomNet_FGVC2025/data/rois/6698_19067.png,/home/tahiti/MARINE_DATASETS/FathomNet_FGVC2025/data/images/6698.png,e45065c84e2721b76e54c65695a75d0351ab271c186f91f9ab149eb66caaee0b,f35010aed486aaf23b50336947f764a1a64d19bddc5aa150c45dda7856256c7a,6698,6,train
19077,6699,52,Pandalus platyceros,/home/tahiti/MARINE_DATASETS/FathomNet_FGVC2025/data/rois/6699_19077.png,/home/tahiti/MARINE_DATASETS/FathomNet_FGVC2025/data/images/6699.png,49218eaa04dd14eb0d04a47d8b15876a259efb6cfc3857cb998dcf9572f7dc9a,7945c3681350e88945a057f23e0bca5484382e5afc3951d4572f79b56bb90826,6699,4,train
19090,6699,52,Pandalus platyceros,/home/tahiti/MARINE_DATASETS/FathomNet_FGVC2025/data/rois/6699_19090.png,/home/tahiti/MARINE_DATASETS/FathomNet_FGVC2025/data/images/6699.png,a80cf2d5c0189001e3e0e970430c7e8cd88f42ec55e5dd63cbd30a6661cba28a,7945c3681350e88945a057f23e0bca5484382e5afc3951d4572f79b56bb90826,6699,4,train
19132,6723,23,Florometra serratissima,/home/tahiti/MARINE_DATASETS/FathomNet_FGVC2025/data/rois/6723_19132.png,/home/tahiti/MARINE_DATASETS/FathomNet_FGVC2025/data/images/6723.png,41bd1385f2ed4007dcc94286a00d9a7cdc13647007cf2181b75a5807592131aa,3f5a88db63a50c7c4bf60087230cbc147ddcf5d3d9c997c71a687ea8b69f1fa5,6723,1,train
19155,6735,69,Sebastes,/home/tahiti/MARINE_DATASETS/FathomNet_FGVC2025/data/rois/6735_19155.png,/home/tahiti/MARINE_DATASETS/FathomNet_FGVC2025/data/images/6735.png,93da822c94912bca39bc023fccb33c777e5562e223ea2640df5d861f148afaea,d6aa707d8b4408e9a100ef4b1705f068110021af518c436246a4c7a21ec7fd54,6735,6,train
19168,6744,34,Isidella tentaculum,/home/tahiti/MARINE_DATASETS/FathomNet_FGVC2025/data/rois/6744_19168.png,/home/tahiti/MARINE_DATASETS/FathomNet_FGVC2025/data/images/6744.png,300af87e0f8bd4b0370072588142a0e6d77135335f6ed95a82c71246307d2abe,62ece56649a8d671084142afe35b4a3ef6f17f8c6c4a8c060c5e559de7be592f,6744,1,train
19189,6755,7,Amphipoda,/home/tahiti/MARINE_DATASETS/FathomNet_FGVC2025/data/rois/6755_19189.png,/home/tahiti/MARINE_DATASETS/FathomNet_FGVC2025/data/images/6755.png,75d4aab634fe503d24dbd3c3d15967b9befe7b469a0bb183ad91295940d5fa60,5468e22d8c20b3f0160b99926f4cef5857fb6617e2a329f42054d3fc4fc21d3a,6755,4,train
19234,6771,56,Paralomis multispina,/home/tahiti/MARINE_DATASETS/FathomNet_FGVC2025/data/rois/6771_19234.png,/home/tahiti/MARINE_DATASETS/FathomNet_FGVC2025/data/images/6771.png,f5d0e4568b7c8291ca4a205692685e6de7f065ce4ffa200faff621b347e5cbb8,f0987502ea2f7ad2950db5193c392c775a56a4d89cc31ac5444835edea0b112e,6771,6,train
19270,6796,39,Lithodidae,/home/tahiti/MARINE_DATASETS/FathomNet_FGVC2025/data/rois/6796_19270.png,/home/tahiti/MARINE_DATASETS/FathomNet_FGVC2025/data/images/6796.png,2aaf29b9b71d7db3d3dfa0c7b367ad0183ac803088b27b9bbb841038346a889c,d0a3ecb176b2f7f35cc32ea2576b2df41c9dd58cbfd9790e8f2002f645d7b5ae,6796,4,train
19275,6801,43,Microstomus pacificus,/home/tahiti/MARINE_DATASETS/FathomNet_FGVC2025/data/rois/6801_19275.png,/home/tahiti/MARINE_DATASETS/FathomNet_FGVC2025/data/images/6801.png,66ab1d656a5fdbc18554177af73d44a86797238a4ab6c5bd054ed9186b74e7fb,9d9d183c57288c15bfae179cfce55cae4b312c28548526c2c9747c58695e4f97,6801,2,train
19297,6814,34,Isidella tentaculum,/home/tahiti/MARINE_DATASETS/FathomNet_FGVC2025/data/rois/6814_19297.png,/home/tahiti/MARINE_DATASETS/FathomNet_FGVC2025/data/images/6814.png,f6dffed2559e9bfc6059f1ce339b793eab694eecc85a0472a0c638e9ec09f112,41941455593c1e58724822f7acb1b2b54412b8039a771e2f74dc392668f6fb1d,6814,2,train
19335,6840,13,Brisingida,/home/tahiti/MARINE_DATASETS/FathomNet_FGVC2025/data/rois/6840_19335.png,/home/tahiti/MARINE_DATASETS/FathomNet_FGVC2025/data/images/6840.png,30b258a40eec04513d4c0b4eb437415583eb126e93b0154bd40de5ef27345a5c,2dd2bdd9f95c1a6fc45c34bb83ee4d1b30e487e37d9e27afaf8d178373c24877,6840,0,train
19345,6846,75,Terebellidae,/home/tahiti/MARINE_DATASETS/FathomNet_FGVC2025/data/rois/6846_19345.png,/home/tahiti/MARINE_DATASETS/FathomNet_FGVC2025/data/images/6846.png,8f4e1a83dace1ef53748b14e74cee3618539f291f42723821a0bb60420c4884f,8779846d1e4edcb639a8e27f5bbbf1cd3e72d92dda1c8b5f25c6de791dddf7f6,6846,2,train
19353,6847,66,Scleractinia,/home/tahiti/MARINE_DATASETS/FathomNet_FGVC2025/data/rois/6847_19353.png,/home/tahiti/MARINE_DATASETS/FathomNet_FGVC2025/data/images/6847.png,cbd1417da0b2aad51e9f0a7d52894e2a8efddf33d2e50192cf8be5e98543248e,4c07d392483d4e562810b5ea829a70d549d8a9bb9a306cf40865cef7b5f224cb,6847,0,train
19361,6852,21,Elpidia,/home/tahiti/MARINE_DATASETS/FathomNet_FGVC2025/data/rois/6852_19361.png,/home/tahiti/MARINE_DATASETS/FathomNet_FGVC2025/data/images/6852.png,deea16c5c99908df52577645d3f3b92f30d0ff80f2791052a4e55d0bcda2d3b1,b06b9dd4d3a27e23e8eb3e8353dae5bcc37600a9c17adbc0552f78e08915836e,6852,6,train
19367,6854,10,Asbestopluma monticola,/home/tahiti/MARINE_DATASETS/FathomNet_FGVC2025/data/rois/6854_19367.png,/home/tahiti/MARINE_DATASETS/FathomNet_FGVC2025/data/images/6854.png,e52c3e894f28a7f1e300e967f1541e519ca1a36d620c5492ef4f3d5d98910a94,f8a604f6fcd2f4a2f81a419705a2a8cea7c0b7054bbb765b1f1e72903b60faa8,6854,1,train
19408,6864,39,Lithodidae,/home/tahiti/MARINE_DATASETS/FathomNet_FGVC2025/data/rois/6864_19408.png,/home/tahiti/MARINE_DATASETS/FathomNet_FGVC2025/data/images/6864.png,20f1a7e3a62e6e303e79c6c3ae03f92a082f30e37920fd16efeb05d717fb9112,8d7ae97d7f706348c3daaa73bbd0e73936b5a5c068fd405694c89831be36bc57,6864,1,train
19412,6867,17,Chorilia longipes,/home/tahiti/MARINE_DATASETS/FathomNet_FGVC2025/data/rois/6867_19412.png,/home/tahiti/MARINE_DATASETS/FathomNet_FGVC2025/data/images/6867.png,3d353f465a6dc26cddbf69e4c221f4e6fe47babdee7f3343a0f4d3b954a893c1,9e63a3a5559a88ad499098e056ff460ac8b32154339c19eeeee8b6a44ac7cbbc,6867,0,train
19489,6907,13,Brisingida,/home/tahiti/MARINE_DATASETS/FathomNet_FGVC2025/data/rois/6907_19489.png,/home/tahiti/MARINE_DATASETS/FathomNet_FGVC2025/data/images/6907.png,2196e085031ec10a87144acff86cc431c45b01e2077cff5e5639b9527dfb3890,b9d5b8a2e87831921a491b385f8aad50382ae6cdababd991b08eff27340d620d,6907,1,train
19508,6914,17,Chorilia longipes,/home/tahiti/MARINE_DATASETS/FathomNet_FGVC2025/data/rois/6914_19508.png,/home/tahiti/MARINE_DATASETS/FathomNet_FGVC2025/data/images/6914.png,95c8e95f7c0af7804630fcb3a8fb696cef93856fa11872e6ff7695cdc398f0e2,ddf3214a871065b7acf1265d5cfb9c4bf02f9a6077c0fd1ed00c1a1337a7d447,6914,6,train
19538,6927,27,Heterocarpus,/home/tahiti/MARINE_DATASETS/FathomNet_FGVC2025/data/rois/6927_19538.png,/home/tahiti/MARINE_DATASETS/FathomNet_FGVC2025/data/images/6927.png,bfa84fec823b3bee0c93dc24a7edc9c295af769396f5f911fa234a359c433201,48987c5211af10c550eac24fd30a0b6d7b73a1964ff2e50b488db7ed6cf07e9c,6927,2,train
19582,6945,26,Gersemia juliepackardae,/home/tahiti/MARINE_DATASETS/FathomNet_FGVC2025/data/rois/6945_19582.png,/home/tahiti/MARINE_DATASETS/FathomNet_FGVC2025/data/images/6945.png,994b73a4bd4ccc5d3e519b290dc4eeb6b3285e9c0e767c6524ab2bd78013f8d5,d3fde58d1828f7e68013e66a4ff61f78b4fa14e0c17db1ec55e489328dd52253,6945,0,train
19594,6948,2,Acanthascinae,/home/tahiti/MARINE_DATASETS/FathomNet_FGVC2025/data/rois/6948_19594.png,/home/tahiti/MARINE_DATASETS/FathomNet_FGVC2025/data/images/6948.png,eae6424e685ec9cadaded106ad7914985b4dd3d0888bba1feaf792f3ef2c9c9e,43338be4e89d112096c089c6895308f830b0bc482a8fc10f358fa9709af2530c,6948,0,train
19598,6951,57,Parastenella,/home/tahiti/MARINE_DATASETS/FathomNet_FGVC2025/data/rois/6951_19598.png,/home/tahiti/MARINE_DATASETS/FathomNet_FGVC2025/data/images/6951.png,4464945a6c6ba17356ae900f953152a253c9e40f9acb6912c1fab9827b2fbe33,49b62dcaf0742375b06e5690d2297e9803ba884d1f7a9eca5dda01664f3d66b6,6951,1,train
19606,6955,18,Corallimorphus pilatus,/home/tahiti/MARINE_DATASETS/FathomNet_FGVC2025/data/rois/6955_19606.png,/home/tahiti/MARINE_DATASETS/FathomNet_FGVC2025/data/images/6955.png,8dd4e5e76bf5a174894c2256ad9924dd58df7e4370256f68a2935814cf286dfc,3a989b8813051c902713d299c36b8efa0a48cc2b261b1dedb9563039202f00ab,6955,4,train
19632,6969,10,Asbestopluma monticola,/home/tahiti/MARINE_DATASETS/FathomNet_FGVC2025/data/rois/6969_19632.png,/home/tahiti/MARINE_DATASETS/FathomNet_FGVC2025/data/images/6969.png,33d827d63335d60c411e753fe98151bfbb866161790b3830da5bf8af7fe6c4b7,64fc00cfdeea749f0e51bcc78e56f8fb40814326dadc8e0f656d8e841c884f58,6969,0,train
19633,6969,10,Asbestopluma monticola,/home/tahiti/MARINE_DATASETS/FathomNet_FGVC2025/data/rois/6969_19633.png,/home/tahiti/MARINE_DATASETS/FathomNet_FGVC2025/data/images/6969.png,d66b44b33ddff5dfee0a1811ae1b2260d0973ce3d25f686500a790d32c04fc73,64fc00cfdeea749f0e51bcc78e56f8fb40814326dadc8e0f656d8e841c884f58,6969,0,train
19656,6984,9,Asbestopluma,/home/tahiti/MARINE_DATASETS/FathomNet_FGVC2025/data/rois/6984_19656.png,/home/tahiti/MARINE_DATASETS/FathomNet_FGVC2025/data/images/6984.png,a2881f61ee3b9daedd5b0ba771955af60651dc0a9a425ae4b1f4bd88944ff8a5,794312809c396421d9ffd04e89d0c8c343f1076a6826678fd22bafe43495df22,6984,4,train
19672,6993,3,Acanthoptilum,/home/tahiti/MARINE_DATASETS/FathomNet_FGVC2025/data/rois/6993_19672.png,/home/tahiti/MARINE_DATASETS/FathomNet_FGVC2025/data/images/6993.png,cfc1e01db5045cfed87ff0efcf0e3ec3f3dbaf70dff6076576dba3eb5cd6328f,9058d675efed23b0218803d2b1e805635aa155a61916d3c7b18a125aafebe43b,6993,6,train
19673,6994,7,Amphipoda,/home/tahiti/MARINE_DATASETS/FathomNet_FGVC2025/data/rois/6994_19673.png,/home/tahiti/MARINE_DATASETS/FathomNet_FGVC2025/data/images/6994.png,0ceb4df1d47c0d6c01ffee02a4c906178b104818b95ba7d5017e70d2939c9583,f56c3096aee361960b7ca92eae1c18cc480f7cf6a4720504f6efe1c7064bc650,6994,4,train
19678,6999,78,Vesicomyidae,/home/tahiti/MARINE_DATASETS/FathomNet_FGVC2025/data/rois/6999_19678.png,/home/tahiti/MARINE_DATASETS/FathomNet_FGVC2025/data/images/6999.png,181ffa8304a8daf00d714e5a3758a535e4073042724a3b3378d6727a21163d14,b9fba8e10077c7df36399f306b125a6088bce7efd79bfd50ea519079781f232a,6999,1,train
19732,7022,34,Isidella tentaculum,/home/tahiti/MARINE_DATASETS/FathomNet_FGVC2025/data/rois/7022_19732.png,/home/tahiti/MARINE_DATASETS/FathomNet_FGVC2025/data/images/7022.png,29d7a02eea33125304c0933853cc8587687c9605815b3018fa6f8325ca10ca2f,02a3131c7076443edc715e5ffec2ba4c9908f952bb5d466fc754434e19b96fbd,7022,2,train
19755,7034,34,Isidella tentaculum,/home/tahiti/MARINE_DATASETS/FathomNet_FGVC2025/data/rois/7034_19755.png,/home/tahiti/MARINE_DATASETS/FathomNet_FGVC2025/data/images/7034.png,280afe0c60d151ba24c8aeb6bb9d67e6f8ee3b5de1ee2a83744c5d3517eae5e4,3aa2aca53c67631fa3eaba4902cb714b48a2cb360d289fbd53bd2c861e421c3c,7034,1,train
19764,7038,66,Scleractinia,/home/tahiti/MARINE_DATASETS/FathomNet_FGVC2025/data/rois/7038_19764.png,/home/tahiti/MARINE_DATASETS/FathomNet_FGVC2025/data/images/7038.png,dfc7932e5121f791b82566cd475f88eef2fe47f279fdfaa46abe54ea9ec7031d,eaebd62fc57807bccccb6074db3236c404cbcbd05d83821216affbbf5b5cd6f1,7038,1,train
19868,7086,15,Ceriantharia,/home/tahiti/MARINE_DATASETS/FathomNet_FGVC2025/data/rois/7086_19868.png,/home/tahiti/MARINE_DATASETS/FathomNet_FGVC2025/data/images/7086.png,3bcfa89dcde4adfd429481294a3be638158b38800084825f0e9762cb4dd9c3bd,0b0d1152dfe89f67a5dc3f7d88d3f61a70cb685497ec0ab76973d5db6499fd74,7086,4,train
19940,7121,57,Parastenella,/home/tahiti/MARINE_DATASETS/FathomNet_FGVC2025/data/rois/7121_19940.png,/home/tahiti/MARINE_DATASETS/FathomNet_FGVC2025/data/images/7121.png,2bbe6db50dc201f44a4031a8784c30059bff3856c63708a54e1b9da51c711eba,34feda70fd824dcb25cfae37a14cbab37b16ba1351d2c59d5c2258f81267bd81,7121,6,train
19953,7126,9,Asbestopluma,/home/tahiti/MARINE_DATASETS/FathomNet_FGVC2025/data/rois/7126_19953.png,/home/tahiti/MARINE_DATASETS/FathomNet_FGVC2025/data/images/7126.png,99aeda866bb7e924ac71481f87787b14a492a31732132f5bf5fd768eb5389446,90c95125b0bc8d70a101c8dc6f9607d924bcbf59698339ee001606191da76382,7126,6,train
19969,7128,59,Pennatula phosphorea,/home/tahiti/MARINE_DATASETS/FathomNet_FGVC2025/data/rois/7128_19969.png,/home/tahiti/MARINE_DATASETS/FathomNet_FGVC2025/data/images/7128.png,304857d9dbb0a6b173cc36c39560beb823cffe5fee39faa4fedf92aef3ba96b2,de58f45cd8b063051082d2e92d7be180cfe19f314150f204005fbd7b63f7233d,7128,1,train
19983,7136,39,Lithodidae,/home/tahiti/MARINE_DATASETS/FathomNet_FGVC2025/data/rois/7136_19983.png,/home/tahiti/MARINE_DATASETS/FathomNet_FGVC2025/data/images/7136.png,a9f87a1c8d14d26ea26e587c8fac2b4465e5b118437ae0034337df0e2c9e7573,2bbb90b3f43f9e0cafea3827a6d94d58bc4a10ffb5d573437086f6d39c3ccd8b,7136,4,train
20061,7179,75,Terebellidae,/home/tahiti/MARINE_DATASETS/FathomNet_FGVC2025/data/rois/7179_20061.png,/home/tahiti/MARINE_DATASETS/FathomNet_FGVC2025/data/images/7179.png,295aff04fb59baa40fb6e370039c1872d229fd12687d5951d24aa0618e3b8c5d,a7882ab3009385a57f4ad17de7cce065f3c7a8b06431f75f3cf77a5288626541,7179,4,train
20069,7184,57,Parastenella,/home/tahiti/MARINE_DATASETS/FathomNet_FGVC2025/data/rois/7184_20069.png,/home/tahiti/MARINE_DATASETS/FathomNet_FGVC2025/data/images/7184.png,71059412118aafc11a9c72bbd52f205f9b307a2c02ee375b6c75f8221faf8505,ee22277a8156c342fa6c8888ae92e247f0a56215a29cb4bcec7e161436838b0f,7184,6,train
20111,7213,8,Apostichopus leukothele,/home/tahiti/MARINE_DATASETS/FathomNet_FGVC2025/data/rois/7213_20111.png,/home/tahiti/MARINE_DATASETS/FathomNet_FGVC2025/data/images/7213.png,6defb17cbf8ebec9b92b01bedeec996426d1ba52408f029dcbebdabb25751b78,37a020316abc75c703a7f84e4f7dfcc2ee95ccbe1c99aa62e5d52d6a1d238b50,7213,1,train
20122,7220,10,Asbestopluma monticola,/home/tahiti/MARINE_DATASETS/FathomNet_FGVC2025/data/rois/7220_20122.png,/home/tahiti/MARINE_DATASETS/FathomNet_FGVC2025/data/images/7220.png,ca88168fc50f888a0440a328ced48a7b679c2bbec2a7e748b778016aada023f0,bade04f9499e377eaa52d32fb118372b7a793e861556b8d2390b6adf20fbc609,7220,6,train
20125,7220,10,Asbestopluma monticola,/home/tahiti/MARINE_DATASETS/FathomNet_FGVC2025/data/rois/7220_20125.png,/home/tahiti/MARINE_DATASETS/FathomNet_FGVC2025/data/images/7220.png,f9b6e9437ccca48e90acbfaf2a944c9a721b2972d2671bd0c633b874d459c057,bade04f9499e377eaa52d32fb118372b7a793e861556b8d2390b6adf20fbc609,7220,6,train
20144,7230,50,Paelopatides confundens,/home/tahiti/MARINE_DATASETS/FathomNet_FGVC2025/data/rois/7230_20144.png,/home/tahiti/MARINE_DATASETS/FathomNet_FGVC2025/data/images/7230.png,41c3957f9f574cfcfef8d74b83320c97dabb8e29d88eb5209b988da0216c6a08,38710b0aebe9f42aafd97596e5976bf51adb2f42f19a3b2b03aa0bcb5f2ddef6,7230,2,train
20146,7231,21,Elpidia,/home/tahiti/MARINE_DATASETS/FathomNet_FGVC2025/data/rois/7231_20146.png,/home/tahiti/MARINE_DATASETS/FathomNet_FGVC2025/data/images/7231.png,3eb366ddd8a16d43afc5906bcda17aa679269f2fa86ff4956ad8589ad4524cc8,ee89999090ad91ab886934a948e0734891045ebac1806c53293ae11070a5939d,7231,1,train
20151,7234,15,Ceriantharia,/home/tahiti/MARINE_DATASETS/FathomNet_FGVC2025/data/rois/7234_20151.png,/home/tahiti/MARINE_DATASETS/FathomNet_FGVC2025/data/images/7234.png,e84f1a0728da9ff7ac6df1e3d711bd13775397d57ea61c5585748c6cb4cec3d7,de3d110ab6637bfa8912f2a628ca9f367200950f27633d8d016eff34c20022e9,7234,0,train
20158,7238,61,Psathyrometra fragilis,/home/tahiti/MARINE_DATASETS/FathomNet_FGVC2025/data/rois/7238_20158.png,/home/tahiti/MARINE_DATASETS/FathomNet_FGVC2025/data/images/7238.png,875cd24694e160a3e248a7cf1c0e3d98e58e15faa24c6d8372b8f3cb2db1c071,77951db74769b14d08495f7ec4df2b32364b02317ed0d822786df5f3f2cda102,7238,0,train
20159,7238,26,Gersemia juliepackardae,/home/tahiti/MARINE_DATASETS/FathomNet_FGVC2025/data/rois/7238_20159.png,/home/tahiti/MARINE_DATASETS/FathomNet_FGVC2025/data/images/7238.png,ef8301861320e8d350b15978298c8ae584f73bc23409623895893ffaffbe148a,77951db74769b14d08495f7ec4df2b32364b02317ed0d822786df5f3f2cda102,7238,0,train
20163,7240,1,Abyssocucumis abyssorum,/home/tahiti/MARINE_DATASETS/FathomNet_FGVC2025/data/rois/7240_20163.png,/home/tahiti/MARINE_DATASETS/FathomNet_FGVC2025/data/images/7240.png,99d74a37d6dfdbfef60ff3a5ee86a010b5be1fa9a799b2200d3e7a953a8440b9,0df408f911807110681d8f2f783debc701175acb41d6206532a7a709b751b0bd,7240,4,train
20180,7253,10,Asbestopluma monticola,/home/tahiti/MARINE_DATASETS/FathomNet_FGVC2025/data/rois/7253_20180.png,/home/tahiti/MARINE_DATASETS/FathomNet_FGVC2025/data/images/7253.png,0c75a4917d684c25fbc7727535f4766c8bc2d7f4b57f3da96fdf53567fdab97d,0187948156767bbcd0a0eba7f9fe5b637c34f9a56f58f8f068248808bf2eb0dc,7253,2,train
20197,7253,10,Asbestopluma monticola,/home/tahiti/MARINE_DATASETS/FathomNet_FGVC2025/data/rois/7253_20197.png,/home/tahiti/MARINE_DATASETS/FathomNet_FGVC2025/data/images/7253.png,4f818129ae374e2e96ab8ea5256acbf500a9e7fa549e5bfee49d2d9e03539894,0187948156767bbcd0a0eba7f9fe5b637c34f9a56f58f8f068248808bf2eb0dc,7253,2,train
20201,7256,17,Chorilia longipes,/home/tahiti/MARINE_DATASETS/FathomNet_FGVC2025/data/rois/7256_20201.png,/home/tahiti/MARINE_DATASETS/FathomNet_FGVC2025/data/images/7256.png,ff47d41100b2574b023fa51c07ac6df03787280cfe20b7e276208401b952d134,7f22c433ccedb6b4a9f7072ac312f65d0eadb1c01b007dccc51da40460016d71,7256,4,train
20223,7262,27,Heterocarpus,/home/tahiti/MARINE_DATASETS/FathomNet_FGVC2025/data/rois/7262_20223.png,/home/tahiti/MARINE_DATASETS/FathomNet_FGVC2025/data/images/7262.png,f67b2af88edf5d1541af7681e641135bc3df595c0f6f822538fb6b473a88e380,dd1fb192708fc56d839697b68bd7ccdba2606c8278a1840ad4d272fa409c305a,7262,6,train
20235,7268,57,Parastenella,/home/tahiti/MARINE_DATASETS/FathomNet_FGVC2025/data/rois/7268_20235.png,/home/tahiti/MARINE_DATASETS/FathomNet_FGVC2025/data/images/7268.png,1ce2c726b7ec0dab8473ce96b126ed9b244dd11c89af70d333c093c8a8c68432,2f1020998ba479e2c7de30cfc70c5bba53ffb44980b93b0fa27643489fc59b4f,7268,1,train
20294,7294,26,Gersemia juliepackardae,/home/tahiti/MARINE_DATASETS/FathomNet_FGVC2025/data/rois/7294_20294.png,/home/tahiti/MARINE_DATASETS/FathomNet_FGVC2025/data/images/7294.png,f83305cbc4d652be1bb8f0558653163c62cc378ea020a785455c36ac4f18dd3f,9d1531c684b39fdc4d0c113508be4dc1e53b8fba26909b36c1e84a0629405249,7294,1,train
20301,7294,9,Asbestopluma,/home/tahiti/MARINE_DATASETS/FathomNet_FGVC2025/data/rois/7294_20301.png,/home/tahiti/MARINE_DATASETS/FathomNet_FGVC2025/data/images/7294.png,2100f82843770b29c12c19898225de1ddb85e01e8323650c6e7019f24afbb1be,9d1531c684b39fdc4d0c113508be4dc1e53b8fba26909b36c1e84a0629405249,7294,1,train
20376,7325,2,Acanthascinae,/home/tahiti/MARINE_DATASETS/FathomNet_FGVC2025/data/rois/7325_20376.png,/home/tahiti/MARINE_DATASETS/FathomNet_FGVC2025/data/images/7325.png,2fe083bbbd75666fd3030709ce157697ffae15ebb23e38ca8e26ce3a2ed26779,d28c2a9fbc7cf4543bf4eeaa7aa05cc64641716cca4786b3aefe6ca95d49dfea,7325,0,train
20420,7343,1,Abyssocucumis abyssorum,/home/tahiti/MARINE_DATASETS/FathomNet_FGVC2025/data/rois/7343_20420.png,/home/tahiti/MARINE_DATASETS/FathomNet_FGVC2025/data/images/7343.png,d7c2576ea8627ab8af1effb75c34cddae3447eb21d1935b8201202b258d43191,837477c0046b3ddf73a6d4fbdcaf592f4f0e06b46f4109c9a756beb7ebe943a3,7343,4,train
20435,7354,75,Terebellidae,/home/tahiti/MARINE_DATASETS/FathomNet_FGVC2025/data/rois/7354_20435.png,/home/tahiti/MARINE_DATASETS/FathomNet_FGVC2025/data/images/7354.png,b394db5347491148744a02917f05dad4de87f745116e2b824c4b404a1e88a3fb,2569bf493b66bef972d7ec1f5b0c0f91c0341057a44d62218c73bec189769098,7354,0,train
20479,7375,9,Asbestopluma,/home/tahiti/MARINE_DATASETS/FathomNet_FGVC2025/data/rois/7375_20479.png,/home/tahiti/MARINE_DATASETS/FathomNet_FGVC2025/data/images/7375.png,f0c6b4f32602b95eb525829a53446fc2b4d5783ba54cc5af86226dbd3424738d,66671085ec8a787145ec63a636202b71e41dda80dba96bd558631ed5cfdd022b,7375,2,train
20527,7392,27,Heterocarpus,/home/tahiti/MARINE_DATASETS/FathomNet_FGVC2025/data/rois/7392_20527.png,/home/tahiti/MARINE_DATASETS/FathomNet_FGVC2025/data/images/7392.png,93dea3e472d29fc8b6b38aa29b3a7776ee09327e8b8b91fd3ac23de67ee6a4e1,aa932585cdd4ff5075dc624864465c6205955ca244294ae1a463be191ff3afc0,7392,1,train
20576,7421,21,Elpidia,/home/tahiti/MARINE_DATASETS/FathomNet_FGVC2025/data/rois/7421_20576.png,/home/tahiti/MARINE_DATASETS/FathomNet_FGVC2025/data/images/7421.png,774b8958a8fcccf1a8600d45713e1df95714bddd5d43b0c55dcbf9149106387b,9ae31148b765c466be8c373641d67d5b208cd705611eb149328ebfe7e5f0d6f5,7421,4,train
20587,7429,57,Parastenella,/home/tahiti/MARINE_DATASETS/FathomNet_FGVC2025/data/rois/7429_20587.png,/home/tahiti/MARINE_DATASETS/FathomNet_FGVC2025/data/images/7429.png,bfe5121c127c54d6c75b3b7c0127b0e3db4d7f00fb5e4080e01afce840d97553,e4e1319f86e3e028d7c88c64eab2750dcd81f197c87cd456dd8a8654695f5bbf,7429,6,train
20595,7434,13,Brisingida,/home/tahiti/MARINE_DATASETS/FathomNet_FGVC2025/data/rois/7434_20595.png,/home/tahiti/MARINE_DATASETS/FathomNet_FGVC2025/data/images/7434.png,2e9431bff472da0c29498226485eb6d3c1f9e341d7584a4c3ac769cf9beb6053,2f992cd94aeb0b0a0d059d020c07db8ba6ae54b95a37a903b7d1a1083fe7c8ee,7434,6,train
20608,7441,66,Scleractinia,/home/tahiti/MARINE_DATASETS/FathomNet_FGVC2025/data/rois/7441_20608.png,/home/tahiti/MARINE_DATASETS/FathomNet_FGVC2025/data/images/7441.png,c35d4488502a601af1d56b5a8c9315d12eb0dc612dd43d32cf03722fc8018744,83285281f92c4eaeec3b5d6b4ed5839d12db00971a979214f046c9e391abe12e,7441,4,train
20618,7441,66,Scleractinia,/home/tahiti/MARINE_DATASETS/FathomNet_FGVC2025/data/rois/7441_20618.png,/home/tahiti/MARINE_DATASETS/FathomNet_FGVC2025/data/images/7441.png,fb4ab735ee3458e7a107869df040647986bc0004471c40cd143b9eec25a35a7d,83285281f92c4eaeec3b5d6b4ed5839d12db00971a979214f046c9e391abe12e,7441,4,train
20620,7441,66,Scleractinia,/home/tahiti/MARINE_DATASETS/FathomNet_FGVC2025/data/rois/7441_20620.png,/home/tahiti/MARINE_DATASETS/FathomNet_FGVC2025/data/images/7441.png,6d693cf4b15ddc0c845290fae4d91c1ea36bd63d786a2de844d37180385a61e8,83285281f92c4eaeec3b5d6b4ed5839d12db00971a979214f046c9e391abe12e,7441,4,train
20662,7447,7,Amphipoda,/home/tahiti/MARINE_DATASETS/FathomNet_FGVC2025/data/rois/7447_20662.png,/home/tahiti/MARINE_DATASETS/FathomNet_FGVC2025/data/images/7447.png,3b5b7e484d46f8dc855947144a2fc001bde8e85905c1575e8a19bab6ba5206af,f0361b0f547ebf8e7bc4fa6ee02c06e903987cc97bb5895ea579d64e37473410,7447,0,train
20669,7447,7,Amphipoda,/home/tahiti/MARINE_DATASETS/FathomNet_FGVC2025/data/rois/7447_20669.png,/home/tahiti/MARINE_DATASETS/FathomNet_FGVC2025/data/images/7447.png,2eca0e806f9a92f565caf4d757d55a97d4c565569ebbd8e1037edc1d17b147be,f0361b0f547ebf8e7bc4fa6ee02c06e903987cc97bb5895ea579d64e37473410,7447,0,train
20676,7447,7,Amphipoda,/home/tahiti/MARINE_DATASETS/FathomNet_FGVC2025/data/rois/7447_20676.png,/home/tahiti/MARINE_DATASETS/FathomNet_FGVC2025/data/images/7447.png,b3b84597a0684300d4a6e3a7d1d7ce7b7bea943020e0b7ce9a6be01fe0e3a3cd,f0361b0f547ebf8e7bc4fa6ee02c06e903987cc97bb5895ea579d64e37473410,7447,0,train
20687,7447,7,Amphipoda,/home/tahiti/MARINE_DATASETS/FathomNet_FGVC2025/data/rois/7447_20687.png,/home/tahiti/MARINE_DATASETS/FathomNet_FGVC2025/data/images/7447.png,a99715757231bafc35a55812cf1f174bd2ab2ba9fecfe8eba44d0964c9505d3a,f0361b0f547ebf8e7bc4fa6ee02c06e903987cc97bb5895ea579d64e37473410,7447,0,train
20741,7468,52,Pandalus platyceros,/home/tahiti/MARINE_DATASETS/FathomNet_FGVC2025/data/rois/7468_20741.png,/home/tahiti/MARINE_DATASETS/FathomNet_FGVC2025/data/images/7468.png,07a6941517759fb940c1b89b48fd2ce0c89ce809fc63e37e6695b92d6b42780a,1560b2bfb72ae39fbd9561711edb7b43295e05b7cf54457e94a243da34bde7dc,7468,2,train
20801,7492,27,Heterocarpus,/home/tahiti/MARINE_DATASETS/FathomNet_FGVC2025/data/rois/7492_20801.png,/home/tahiti/MARINE_DATASETS/FathomNet_FGVC2025/data/images/7492.png,1581ac95451a6bb8314ed50dee94ff3e742f853c34ba4a078f33a9ab8a0e5b8a,58b98164dd9814b63d3fd29daa58085bc0f88aff0e054d127de62dbe5e148f61,7492,2,train
20805,7493,15,Ceriantharia,/home/tahiti/MARINE_DATASETS/FathomNet_FGVC2025/data/rois/7493_20805.png,/home/tahiti/MARINE_DATASETS/FathomNet_FGVC2025/data/images/7493.png,5d91c6ba5a417a974ae451801e8a7e7402b110ebbd6125fe81c93b0d7297c702,dd2afc8783e06cfda8ba29fe6dea36b188faa494ae1b97291433701a198a5db2,7493,0,train
20806,7494,9,Asbestopluma,/home/tahiti/MARINE_DATASETS/FathomNet_FGVC2025/data/rois/7494_20806.png,/home/tahiti/MARINE_DATASETS/FathomNet_FGVC2025/data/images/7494.png,37b8037eef8aa053958457560005a40360fca07965fbc378faa33fed56c10acc,699a56cb9792ffd586e464a38e08a0370452515d815de8248a3b92eba7d49cfd,7494,2,train
20826,7501,78,Vesicomyidae,/home/tahiti/MARINE_DATASETS/FathomNet_FGVC2025/data/rois/7501_20826.png,/home/tahiti/MARINE_DATASETS/FathomNet_FGVC2025/data/images/7501.png,4748bfce7050e98aa4c52ef25ee81d2374744e6392d00bec9b03bba67876bb55,51cc4003a61d7f5446b4cf9c1f6fcccb52e6187e28a0c34c254f1cbd243b8b0e,7501,2,train
20869,7517,9,Asbestopluma,/home/tahiti/MARINE_DATASETS/FathomNet_FGVC2025/data/rois/7517_20869.png,/home/tahiti/MARINE_DATASETS/FathomNet_FGVC2025/data/images/7517.png,c3bed219d92f70e557eb717a4f41b06c7398dd47917e86a4e74869fbbff95cfb,65b95686757dad6db456df4c24f6dc229901cc1c2e04419c8c15dcd1baeba670,7517,2,train
20888,7526,15,Ceriantharia,/home/tahiti/MARINE_DATASETS/FathomNet_FGVC2025/data/rois/7526_20888.png,/home/tahiti/MARINE_DATASETS/FathomNet_FGVC2025/data/images/7526.png,a132c5210fb1b01c4879627dbfec8a12d36217227bb127f697c058f372f49aa7,8a9801e5cf0be37221e42dbbd446dd28d3fb2f24aab14fb4d2173ca521bb6c87,7526,2,train
20935,7561,50,Paelopatides confundens,/home/tahiti/MARINE_DATASETS/FathomNet_FGVC2025/data/rois/7561_20935.png,/home/tahiti/MARINE_DATASETS/FathomNet_FGVC2025/data/images/7561.png,3da4e7c1500af5a615ab8f079d9261223dffa77f3699190f536ad35ffe244d31,86ef2c55835a18376612f48f1a3389b2e5043aede35192ade77e5db66d5580e4,7561,4,train
20986,7581,9,Asbestopluma,/home/tahiti/MARINE_DATASETS/FathomNet_FGVC2025/data/rois/7581_20986.png,/home/tahiti/MARINE_DATASETS/FathomNet_FGVC2025/data/images/7581.png,29d5b68b173dbe143d8f68915e6c31faef7baefb45618ebc5b61a929302bd745,eabc99f8c83671aeceaee35c499858062b8c95ca89cf52917ecd52093d4795b6,7581,6,train
21068,7609,78,Vesicomyidae,/home/tahiti/MARINE_DATASETS/FathomNet_FGVC2025/data/rois/7609_21068.png,/home/tahiti/MARINE_DATASETS/FathomNet_FGVC2025/data/images/7609.png,1c8b982dfb429c514872f2c16801935efcbf38ed02172f7f7d1369ec50c7948d,dc65a60e5e9c6fdcbba622578877eebaa54599a1ad9c52a8b97dd29136416dd6,7609,2,train
21086,7614,2,Acanthascinae,/home/tahiti/MARINE_DATASETS/FathomNet_FGVC2025/data/rois/7614_21086.png,/home/tahiti/MARINE_DATASETS/FathomNet_FGVC2025/data/images/7614.png,385b656856e63e73a2b126828595a0b7e93575cd98dab9949d4f2dca8f5ec78a,9916d5d5406d8d48a1159a69efcc72c6a3b08c4811288007ae6d2c97af245c44,7614,6,train
21093,7617,57,Parastenella,/home/tahiti/MARINE_DATASETS/FathomNet_FGVC2025/data/rois/7617_21093.png,/home/tahiti/MARINE_DATASETS/FathomNet_FGVC2025/data/images/7617.png,fd454b522589dc4bf2d84d811dc15ca1042227da45a14f051a051e9778e564d7,d4168c9159ca0c1a15f772c3189c815c5fc782efc234fc9b41c263a2c8ed6f93,7617,0,train
21103,7624,57,Parastenella,/home/tahiti/MARINE_DATASETS/FathomNet_FGVC2025/data/rois/7624_21103.png,/home/tahiti/MARINE_DATASETS/FathomNet_FGVC2025/data/images/7624.png,0fdcdcff2e8f0a82678ac7533fbbf4342c163c9c6df189cda8de47c550167310,d700ef349bc8b51889a09e09734214101020bd785a76905159c605b7542c8b56,7624,6,train
21154,7648,3,Acanthoptilum,/home/tahiti/MARINE_DATASETS/FathomNet_FGVC2025/data/rois/7648_21154.png,/home/tahiti/MARINE_DATASETS/FathomNet_FGVC2025/data/images/7648.png,bb275b0d0f31c59a9af8653db896833cab86373c02a47110fa13327bddd09359,3afaea8c16d008ec05f07358698ab32d843761d2964e25fbf18c69f5fca95d47,7648,6,train
21168,7657,23,Florometra serratissima,/home/tahiti/MARINE_DATASETS/FathomNet_FGVC2025/data/rois/7657_21168.png,/home/tahiti/MARINE_DATASETS/FathomNet_FGVC2025/data/images/7657.png,7edda12d389ed1f0850b9915142b5181e6fe5010267f0dea7b9ee934e14ea935,e60cd77949e1a9a4c3b875f076cc6a89d624d87e14dc94c99d59bc1567b77c2f,7657,2,train
21193,7666,21,Elpidia,/home/tahiti/MARINE_DATASETS/FathomNet_FGVC2025/data/rois/7666_21193.png,/home/tahiti/MARINE_DATASETS/FathomNet_FGVC2025/data/images/7666.png,9a1621dccd268bb08cc4c46598925ba9277f6a5fc4bbd3fb0c2fb23e2f749339,f2a171445b23be6bb465698d883169fcc03ea620aa9df4062ec7462a4d479614,7666,4,train
21204,7673,6,Actinopterygii,/home/tahiti/MARINE_DATASETS/FathomNet_FGVC2025/data/rois/7673_21204.png,/home/tahiti/MARINE_DATASETS/FathomNet_FGVC2025/data/images/7673.png,ffc7486e02931e42a54aa611b64faf65dc14dd8ded3e94a65cc1ad6839356766,bfc1a945b6a3161d8492acc09594ffb299f112d916bb2c6e0b716c39a0055fee,7673,6,train
21211,7679,10,Asbestopluma monticola,/home/tahiti/MARINE_DATASETS/FathomNet_FGVC2025/data/rois/7679_21211.png,/home/tahiti/MARINE_DATASETS/FathomNet_FGVC2025/data/images/7679.png,bc24a0e9b0dca57c2920271b6f53f9932c7c57c111191c290d556f9fdf81ca8e,368ce5055087a6aaae17f34a7a28a6a4888de049a2d1bc3d6045b5d18f1d8a55,7679,1,train
21221,7687,61,Psathyrometra fragilis,/home/tahiti/MARINE_DATASETS/FathomNet_FGVC2025/data/rois/7687_21221.png,/home/tahiti/MARINE_DATASETS/FathomNet_FGVC2025/data/images/7687.png,36cee1150736c76bc69320663f4ed51d3095b040a5aa51f01120dbf82bc762a8,1335e3d3ff2b5d52139ebc97e7615978530be9ba1ca3b26ed1b7fe2c9d1ef857,7687,4,train
21251,7694,50,Paelopatides confundens,/home/tahiti/MARINE_DATASETS/FathomNet_FGVC2025/data/rois/7694_21251.png,/home/tahiti/MARINE_DATASETS/FathomNet_FGVC2025/data/images/7694.png,5aa7f4d93ceee1157d93ddf4f6d1132d1296c94daa8e1348a7f2158786d296fb,6d815fe9864b76ba8bdf72477854b000660a593f21e8e83ede9e82b71c66653f,7694,0,train
21263,7701,75,Terebellidae,/home/tahiti/MARINE_DATASETS/FathomNet_FGVC2025/data/rois/7701_21263.png,/home/tahiti/MARINE_DATASETS/FathomNet_FGVC2025/data/images/7701.png,b49eb61de0ef9d7e98f9fcb567f878add3bfd38fcf38574f24625d23324946ae,ec3c201931734b3e8ababeb3d12a8fe784145b1140a0e3ce4813c14f5caca031,7701,6,train
21348,7739,1,Abyssocucumis abyssorum,/home/tahiti/MARINE_DATASETS/FathomNet_FGVC2025/data/rois/7739_21348.png,/home/tahiti/MARINE_DATASETS/FathomNet_FGVC2025/data/images/7739.png,7e886653e45e2422d5a8045ac2cbfe5de015301e08809728799f35900d54ef3c,a2ee1dce4b0ff6944caad9e271afbafd0cc8b57e6d6d8c671b4df248d8da905a,7739,0,train
21438,7804,2,Acanthascinae,/home/tahiti/MARINE_DATASETS/FathomNet_FGVC2025/data/rois/7804_21438.png,/home/tahiti/MARINE_DATASETS/FathomNet_FGVC2025/data/images/7804.png,246ccc39ce6ba434883325bf92cc5eafc7cb34b7f31b5bdcd6f2311eed266d04,2726580de002abc7e139e92c56116ba860398862ef8135cb2c914095ab0b2c7e,7804,1,train
21489,7835,23,Florometra serratissima,/home/tahiti/MARINE_DATASETS/FathomNet_FGVC2025/data/rois/7835_21489.png,/home/tahiti/MARINE_DATASETS/FathomNet_FGVC2025/data/images/7835.png,e66040b504edbc45260bf27aae372ac5a913fbde0580d89188a9afebff39361c,db982100218c515a2e2de1bbcf1da9bb03d7fee5e97ace3f4a9905d0d157a877,7835,2,train
21535,7856,1,Abyssocucumis abyssorum,/home/tahiti/MARINE_DATASETS/FathomNet_FGVC2025/data/rois/7856_21535.png,/home/tahiti/MARINE_DATASETS/FathomNet_FGVC2025/data/images/7856.png,cacf6cf3e2615b0f2767f2903e21e832f7ff2c6e75a7e92805ab1ebde2cb5ab0,adee955cdbb6b5aee927c68326c5497a216c8086371a6b741cb7b1e6cf3b0160,7856,0,train
21540,7859,61,Psathyrometra fragilis,/home/tahiti/MARINE_DATASETS/FathomNet_FGVC2025/data/rois/7859_21540.png,/home/tahiti/MARINE_DATASETS/FathomNet_FGVC2025/data/images/7859.png,de9a9e8fdba9bc3193c41f4ab43e532eee0b84e4baf59e3fc587ff431513015c,124e49cda5cd79640c29f70bcfee15c129085edabd9e1713d9bfd15132cd8acb,7859,0,train
21542,7861,8,Apostichopus leukothele,/home/tahiti/MARINE_DATASETS/FathomNet_FGVC2025/data/rois/7861_21542.png,/home/tahiti/MARINE_DATASETS/FathomNet_FGVC2025/data/images/7861.png,2f25cebeb9bacf084c5ab25750eda214a548e2595b796d7d5546dd77f42895f3,46010e8931b26f684d75f613e9e29d7e0236490dc6364ca2baf0d72945aaa4c1,7861,2,train
21550,7865,48,Ophiacanthidae,/home/tahiti/MARINE_DATASETS/FathomNet_FGVC2025/data/rois/7865_21550.png,/home/tahiti/MARINE_DATASETS/FathomNet_FGVC2025/data/images/7865.png,bfae036f840e2b445f29a2313ae457ad20a1ae2e73c515d0b2221d4f7f988e8e,eeb7e2035d740938a448e70357443cad6155813bd9c32c949aa397ef6a89e504,7865,1,train
21552,7865,48,Ophiacanthidae,/home/tahiti/MARINE_DATASETS/FathomNet_FGVC2025/data/rois/7865_21552.png,/home/tahiti/MARINE_DATASETS/FathomNet_FGVC2025/data/images/7865.png,5f2f5165ff87216c76c276d449a319ffc79de55dddb15be9d7dc2f9de740084a,eeb7e2035d740938a448e70357443cad6155813bd9c32c949aa397ef6a89e504,7865,1,train
21569,7876,8,Apostichopus leukothele,/home/tahiti/MARINE_DATASETS/FathomNet_FGVC2025/data/rois/7876_21569.png,/home/tahiti/MARINE_DATASETS/FathomNet_FGVC2025/data/images/7876.png,6c941c7e7bc4c2a579abc5c8fd8a857134e717195a48900aee58daf1e476db2d,57316018098e642ba66eedfa01404b4c55ba2d77a50c6a1584077d910678e9ac,7876,1,train
21583,7884,50,Paelopatides confundens,/home/tahiti/MARINE_DATASETS/FathomNet_FGVC2025/data/rois/7884_21583.png,/home/tahiti/MARINE_DATASETS/FathomNet_FGVC2025/data/images/7884.png,6cd1f56338e0d333619676f225271c6eda5c09b3330c33302084664138f0c6f7,4f15941f998b4c6e9c260ef94de13c79978bb2ac8492814dc60006ab67dc638f,7884,6,train
21607,7892,39,Lithodidae,/home/tahiti/MARINE_DATASETS/FathomNet_FGVC2025/data/rois/7892_21607.png,/home/tahiti/MARINE_DATASETS/FathomNet_FGVC2025/data/images/7892.png,2a538d78cd4da2eaa5b091522bde8bface35981472dcf7ce137dfecd0fd49c49,a7d522c7a61527c8c12defee7bfb7bd61067d99c8be3d81f6857e5c56bb2aea3,7892,4,train
21649,7908,20,Delectopecten,/home/tahiti/MARINE_DATASETS/FathomNet_FGVC2025/data/rois/7908_21649.png,/home/tahiti/MARINE_DATASETS/FathomNet_FGVC2025/data/images/7908.png,664a605fb89454eac68087b588336cb21049aa658ce219f2d8295fb2d9350af8,e287e771c6a2afe83f8f699098369c7af35aef65212fe5a937d27feb3e52cb5f,7908,1,train
21654,7908,20,Delectopecten,/home/tahiti/MARINE_DATASETS/FathomNet_FGVC2025/data/rois/7908_21654.png,/home/tahiti/MARINE_DATASETS/FathomNet_FGVC2025/data/images/7908.png,1a6c733e994cf5d4c532d86f157dcd0f6e50be716653f5cb59efc4a2738cbe30,e287e771c6a2afe83f8f699098369c7af35aef65212fe5a937d27feb3e52cb5f,7908,1,train
21663,7916,2,Acanthascinae,/home/tahiti/MARINE_DATASETS/FathomNet_FGVC2025/data/rois/7916_21663.png,/home/tahiti/MARINE_DATASETS/FathomNet_FGVC2025/data/images/7916.png,4e50b621ac4efc233d853c64ac0439ec079ffe518428fc0b53cf335bf9796eec,e49f9904a160c3e65cece5a3fcfec1fb69d719a551974673f351a946d3002d5f,7916,4,train
21727,7956,6,Actinopterygii,/home/tahiti/MARINE_DATASETS/FathomNet_FGVC2025/data/rois/7956_21727.png,/home/tahiti/MARINE_DATASETS/FathomNet_FGVC2025/data/images/7956.png,d5f8bc689faa09ffb157acb7ef8457af51beb957c6b22d7774938382a5b8e201,c61dc020b7deba9cd3f4c6d9fc91ddb4e759caf44a9c9136621ded8a0006459f,7956,6,train
21766,7976,12,Benthocodon pedunculata,/home/tahiti/MARINE_DATASETS/FathomNet_FGVC2025/data/rois/7976_21766.png,/home/tahiti/MARINE_DATASETS/FathomNet_FGVC2025/data/images/7976.png,0bdb89879147d510e599a1f98835932bc27b643b25a110b32afe7383a3761e42,6464ebebd624843ea8f290184233a3526d1fcf92ce75009df2f57ac46dd70ac4,7976,4,train
21793,7991,3,Acanthoptilum,/home/tahiti/MARINE_DATASETS/FathomNet_FGVC2025/data/rois/7991_21793.png,/home/tahiti/MARINE_DATASETS/FathomNet_FGVC2025/data/images/7991.png,7413dbba153547722d1d6485d65e469391b88fd4fae4c4f05aee46db3344770b,a33c53f1b739af23457fd45475772d08388236559f140d3d1c4bad52c9984425,7991,2,train
21826,8006,20,Delectopecten,/home/tahiti/MARINE_DATASETS/FathomNet_FGVC2025/data/rois/8006_21826.png,/home/tahiti/MARINE_DATASETS/FathomNet_FGVC2025/data/images/8006.png,15063c004b47dde75770881ea1bf2d78e886e1c3a42401ce7499f0f54f6cb740,88d7b204133afa3321c9c5d1fc22a41251df818a6081ddfdcf887996146d5f86,8006,2,train
21835,8008,17,Chorilia longipes,/home/tahiti/MARINE_DATASETS/FathomNet_FGVC2025/data/rois/8008_21835.png,/home/tahiti/MARINE_DATASETS/FathomNet_FGVC2025/data/images/8008.png,2ad6c4a4ebda26f952a1243dc70215c5f3dc8aa3e9f01655a049cd359c5928e3,1d4a1f7b7d7d1b9f8d877bde7b1b15d1f3923fb265f214ef1c28d6c04d7d1af7,8008,6,train
21837,8009,70,Sebastes diploproa,/home/tahiti/MARINE_DATASETS/FathomNet_FGVC2025/data/rois/8009_21837.png,/home/tahiti/MARINE_DATASETS/FathomNet_FGVC2025/data/images/8009.png,f4c2ac4785b7b4a52aea8270e6fae1ba5016a3ffb784112757e32e17ca154ef3,754a2f8dc8dd059c4d129b63e7869db795eb84ebc9864dc6bac43978cdd29db0,8009,1,train
21850,8015,39,Lithodidae,/home/tahiti/MARINE_DATASETS/FathomNet_FGVC2025/data/rois/8015_21850.png,/home/tahiti/MARINE_DATASETS/FathomNet_FGVC2025/data/images/8015.png,b24e3de386c80044761c753228156fa32a28d7cad4af089f416ce8d164bac850,2fb814ce8df6cf2d79f364e26a65c6f875ca5a747843dd193b040d8d9b8062c7,8015,6,train
21878,8033,2,Acanthascinae,/home/tahiti/MARINE_DATASETS/FathomNet_FGVC2025/data/rois/8033_21878.png,/home/tahiti/MARINE_DATASETS/FathomNet_FGVC2025/data/images/8033.png,7943d0ba070c72eab8cc6330d7932313477c47b26e7d53603839f61d571ef20b,509daa915e8d92dc3541db96cd3d48755750bca43338b69e16986f018069fb2b,8033,4,train
21882,8034,3,Acanthoptilum,/home/tahiti/MARINE_DATASETS/FathomNet_FGVC2025/data/rois/8034_21882.png,/home/tahiti/MARINE_DATASETS/FathomNet_FGVC2025/data/images/8034.png,d483a8269a95aab0451f0d5e4f4e3081f0647e0a98a5309d94c04abfaf164613,86ecbe7da94fb9417408f53a3f67cc48b5a4ff4846dd1e025cb43aaa09ae1582,8034,2,train
21916,8052,13,Brisingida,/home/tahiti/MARINE_DATASETS/FathomNet_FGVC2025/data/rois/8052_21916.png,/home/tahiti/MARINE_DATASETS/FathomNet_FGVC2025/data/images/8052.png,8625614bf11c8858d95196198ce9d69d60abdaa34bf0052f835a38a175cbb161,d03e8627955cf99e527acd1c7f6f3e31f13488232f723b8b7dc36c4412fd8757,8052,6,train
21930,8059,26,Gersemia juliepackardae,/home/tahiti/MARINE_DATASETS/FathomNet_FGVC2025/data/rois/8059_21930.png,/home/tahiti/MARINE_DATASETS/FathomNet_FGVC2025/data/images/8059.png,197678e6ad8185875fec308ec363942c8953e34034a39beeb5cde9b440eff05a,394a4d179b5d07af131f9d9658788945c8ffdea183a3873fb1ebfe170c10ef58,8059,0,train
21940,8066,23,Florometra serratissima,/home/tahiti/MARINE_DATASETS/FathomNet_FGVC2025/data/rois/8066_21940.png,/home/tahiti/MARINE_DATASETS/FathomNet_FGVC2025/data/images/8066.png,c3aa73e24a02eec4f75e90d707efab292c1bc90c79b370db1589c801e6780260,23af8c43f5dc203ceef6cce8bbbbc9eba233b21423c06cc101619b39a3c8f1e2,8066,2,train
21960,8076,23,Florometra serratissima,/home/tahiti/MARINE_DATASETS/FathomNet_FGVC2025/data/rois/8076_21960.png,/home/tahiti/MARINE_DATASETS/FathomNet_FGVC2025/data/images/8076.png,aa9b951b75c0f7a29179e96527cbc69a9589e2a6586e13d22d0f4d7550301ed5,120a069e41ce2dfdefac6e28f32caa9b444f1214167e55c24f5a1f1435645d19,8076,6,train
22019,8114,61,Psathyrometra fragilis,/home/tahiti/MARINE_DATASETS/FathomNet_FGVC2025/data/rois/8114_22019.png,/home/tahiti/MARINE_DATASETS/FathomNet_FGVC2025/data/images/8114.png,f5031f195dbdb0937011076cbcb2d5ca9720953a52ed2ffff0606f9f642af1be,8c7ecedf35d1c09eb3a28706ecce7bc2953b6b664c82524cea20a0c28d651f6c,8114,6,train
22031,8119,26,Gersemia juliepackardae,/home/tahiti/MARINE_DATASETS/FathomNet_FGVC2025/data/rois/8119_22031.png,/home/tahiti/MARINE_DATASETS/FathomNet_FGVC2025/data/images/8119.png,04f50c39b40bd6afa907655706eaf3b57ca6ed8eae16fb41a2d7a20f3dd3965e,f1941ee9300158b51512a56d29d7483b7db4ecc53ca829732138dc50bf8c833c,8119,1,train
22042,8122,26,Gersemia juliepackardae,/home/tahiti/MARINE_DATASETS/FathomNet_FGVC2025/data/rois/8122_22042.png,/home/tahiti/MARINE_DATASETS/FathomNet_FGVC2025/data/images/8122.png,966e8605473ead68609014f8eab3eb589d22074783fe901098544a2117a474b8,54128732a60c0ab82e380eab2cbfd1df037361ee054550ee2f7c621f5379f71c,8122,4,train
22073,8144,12,Benthocodon pedunculata,/home/tahiti/MARINE_DATASETS/FathomNet_FGVC2025/data/rois/8144_22073.png,/home/tahiti/MARINE_DATASETS/FathomNet_FGVC2025/data/images/8144.png,ff6d68f6369bedca7352e85346bad1e6ae8b9625376db332dadf8e6b6f8a3aee,3e160935e700bb38bcd2cb25dfcec0a8aab251a41f605763eda32ff692554129,8144,0,train
22079,8147,12,Benthocodon pedunculata,/home/tahiti/MARINE_DATASETS/FathomNet_FGVC2025/data/rois/8147_22079.png,/home/tahiti/MARINE_DATASETS/FathomNet_FGVC2025/data/images/8147.png,ff904b6cbc95d38e83753b94174ca97f0fb093af4f20d34649015ce4a5360eae,11272e703a886729091ec4ce207b30ffc35adc5aab9576b65cbc34c5427abb49,8147,4,train
22084,8147,12,Benthocodon pedunculata,/home/tahiti/MARINE_DATASETS/FathomNet_FGVC2025/data/rois/8147_22084.png,/home/tahiti/MARINE_DATASETS/FathomNet_FGVC2025/data/images/8147.png,b094ba0a2975eb465a12312d2654ff2b317ab87c7897f3b57ba2fe76ae35e9ad,11272e703a886729091ec4ce207b30ffc35adc5aab9576b65cbc34c5427abb49,8147,4,train
22102,8148,26,Gersemia juliepackardae,/home/tahiti/MARINE_DATASETS/FathomNet_FGVC2025/data/rois/8148_22102.png,/home/tahiti/MARINE_DATASETS/FathomNet_FGVC2025/data/images/8148.png,447dbcbf74775863e0e13a65fd9d28697623dc9cbfdb78f9e5842adcca540db1,bca3ef1bd54995719d0b83c83c320be6ac83cdbc06944499028e182c9c4eda87,8148,6,train
22115,8157,70,Sebastes diploproa,/home/tahiti/MARINE_DATASETS/FathomNet_FGVC2025/data/rois/8157_22115.png,/home/tahiti/MARINE_DATASETS/FathomNet_FGVC2025/data/images/8157.png,9774ec541c6064e99cec028b05c220b9809cb297e568b270f5a6e958745d748d,8d436fcce329f6eccd3ac7943a4f99130637a737a7c4c5ab6a088aa094134ec7,8157,0,train
22119,8161,48,Ophiacanthidae,/home/tahiti/MARINE_DATASETS/FathomNet_FGVC2025/data/rois/8161_22119.png,/home/tahiti/MARINE_DATASETS/FathomNet_FGVC2025/data/images/8161.png,2662427ac33b756af9ab3d5c4707a558dc684de8fba5ca16c06c0012be329c6a,3baee1cbaa28641cfc459f10a86d6c4bcaad195da5de5d651cfa64197d835635,8161,1,train
22155,8184,70,Sebastes diploproa,/home/tahiti/MARINE_DATASETS/FathomNet_FGVC2025/data/rois/8184_22155.png,/home/tahiti/MARINE_DATASETS/FathomNet_FGVC2025/data/images/8184.png,d9dfa6c4b80390bc03d5e4fdbc9708109d4826b8a54a6499287133994c7739ef,459bd4c014b10a3b70b60873a7ebbce894bd112db014299d7ca0f31ab6906f42,8184,6,train
22159,8187,48,Ophiacanthidae,/home/tahiti/MARINE_DATASETS/FathomNet_FGVC2025/data/rois/8187_22159.png,/home/tahiti/MARINE_DATASETS/FathomNet_FGVC2025/data/images/8187.png,e01034a7df578234e5b931869da35410bcdaf672a1342c6469794d2481f40ee5,2be2e4aa3675c79a30a704fc7f09c212a41464909f884871ad7702322048f793,8187,1,train
22179,8197,75,Terebellidae,/home/tahiti/MARINE_DATASETS/FathomNet_FGVC2025/data/rois/8197_22179.png,/home/tahiti/MARINE_DATASETS/FathomNet_FGVC2025/data/images/8197.png,576056622933965b93b60734bd75f7600c6bf45584d3a8e092c4bde819f97ef1,441a904727dbdc39ba16e58ffbfabc644a496a2c416d972691202f1aac1d2bb2,8197,1,train
22188,8203,1,Abyssocucumis abyssorum,/home/tahiti/MARINE_DATASETS/FathomNet_FGVC2025/data/rois/8203_22188.png,/home/tahiti/MARINE_DATASETS/FathomNet_FGVC2025/data/images/8203.png,f164e87cfb06c574cbafb035e1ebb4f2852adc318b2f396f2da969fa11719167,3d65785a01196a24c2463950853e68dcec4dec5bd7ae58718a3a31f0998cfa9c,8203,4,train
22193,8207,2,Acanthascinae,/home/tahiti/MARINE_DATASETS/FathomNet_FGVC2025/data/rois/8207_22193.png,/home/tahiti/MARINE_DATASETS/FathomNet_FGVC2025/data/images/8207.png,17b7388988739dca11e8072e36901e16102bda2846e2751471e909f6f1d27f67,1b7760be483c694db8dea99b11fc624dfda80c8f9b15a6c2b9c60506a74b6a24,8207,6,train
22209,8217,20,Delectopecten,/home/tahiti/MARINE_DATASETS/FathomNet_FGVC2025/data/rois/8217_22209.png,/home/tahiti/MARINE_DATASETS/FathomNet_FGVC2025/data/images/8217.png,3bd20d097164614ccba019652182667046e218d2f0e97956cdf90310f63092d0,e38989e0d870b4064f7a80d040af90de07ff3db3812c2088e8349b16e5afd391,8217,2,train
22233,8232,27,Heterocarpus,/home/tahiti/MARINE_DATASETS/FathomNet_FGVC2025/data/rois/8232_22233.png,/home/tahiti/MARINE_DATASETS/FathomNet_FGVC2025/data/images/8232.png,f8e57633a0f1517c91f14ffe8e1e6876227a594cf8e16496bbd1c48ff395a2e4,d99e5feb0782f5bb8bc35a308935c80163be807bf3c24e8c784304baed8b53a1,8232,4,train
22248,8237,26,Gersemia juliepackardae,/home/tahiti/MARINE_DATASETS/FathomNet_FGVC2025/data/rois/8237_22248.png,/home/tahiti/MARINE_DATASETS/FathomNet_FGVC2025/data/images/8237.png,c7847a1ca45f82a2494800392d237187e6b5685b4cb12032efce077426c71a7e,bb4aae0a47e90a072d6d8dc9d1cf933a4de9bedf8077c8fc6ae8a1d7ef9a3616,8237,6,train
22249,8237,26,Gersemia juliepackardae,/home/tahiti/MARINE_DATASETS/FathomNet_FGVC2025/data/rois/8237_22249.png,/home/tahiti/MARINE_DATASETS/FathomNet_FGVC2025/data/images/8237.png,180aed5dcd5d7f661ed6306735c4a3d30f4bde7268b305128f8ee381e3b5d70a,bb4aae0a47e90a072d6d8dc9d1cf933a4de9bedf8077c8fc6ae8a1d7ef9a3616,8237,6,train
22256,8241,8,Apostichopus leukothele,/home/tahiti/MARINE_DATASETS/FathomNet_FGVC2025/data/rois/8241_22256.png,/home/tahiti/MARINE_DATASETS/FathomNet_FGVC2025/data/images/8241.png,f8316999ad254e7f16a443b7cd12472d3e55a921dcdbe8920d4b93c56d81919e,6f50eec34130b04dc31557a9f85070a035e956e10ffb3dd36473c452599aefc4,8241,2,train
22260,8245,1,Abyssocucumis abyssorum,/home/tahiti/MARINE_DATASETS/FathomNet_FGVC2025/data/rois/8245_22260.png,/home/tahiti/MARINE_DATASETS/FathomNet_FGVC2025/data/images/8245.png,f3501c4c9a9c3474a446137c646c3acac62fb6a7219ca5bdc3ad222ce4d121b6,255f7f3a8c1acc83187b2dbdd7a8484a77d9e0115876302eea090346cfbb8e5e,8245,1,train
22271,8252,70,Sebastes diploproa,/home/tahiti/MARINE_DATASETS/FathomNet_FGVC2025/data/rois/8252_22271.png,/home/tahiti/MARINE_DATASETS/FathomNet_FGVC2025/data/images/8252.png,2e60fc277e2478173d3659900f7cb5a46ac484a72bf9c4b723182568b36ff3c4,cbbc4d7a30a4c9fd1be41925ff008e91136d5265bdea14733011b8b780780c15,8252,4,train
22284,8263,40,Mediaster aequalis,/home/tahiti/MARINE_DATASETS/FathomNet_FGVC2025/data/rois/8263_22284.png,/home/tahiti/MARINE_DATASETS/FathomNet_FGVC2025/data/images/8263.png,4aa812b4780a38c8f9aa7ea31373a973e647e2640d7fe53177551111edf430a6,5a096b0c9cdb13b8140f0bcd02a5a0f2561c94eb9b55cbb2bec9f0e157755545,8263,1,train
22299,8268,40,Mediaster aequalis,/home/tahiti/MARINE_DATASETS/FathomNet_FGVC2025/data/rois/8268_22299.png,/home/tahiti/MARINE_DATASETS/FathomNet_FGVC2025/data/images/8268.png,8119afe340682899c15d785c32d9418a1a94bc62855b55fa5dba5893df56f972,1d8d6ebab05c7cffed4e2c4c3a099e85a296975b02eb5f42afbd10070581085e,8268,2,train
22354,8297,6,Actinopterygii,/home/tahiti/MARINE_DATASETS/FathomNet_FGVC2025/data/rois/8297_22354.png,/home/tahiti/MARINE_DATASETS/FathomNet_FGVC2025/data/images/8297.png,93c811c0b17e91601aacc2f2c49c1b4aa5bfe2baf02e01ece3a297d6d58f7be4,9c1688d11e9581efe8797d421819d3d72d29f94c2218d3598941774453bd28e2,8297,4,train
22357,8300,48,Ophiacanthidae,/home/tahiti/MARINE_DATASETS/FathomNet_FGVC2025/data/rois/8300_22357.png,/home/tahiti/MARINE_DATASETS/FathomNet_FGVC2025/data/images/8300.png,4f66b4fb229ad1d2917c83f7956a7d99a5f303a9f68c3f92c6924b34fe3b9eb8,d31607c7a6b3581543fc487c61c1be3185503c0adf9472761893297db33ece4a,8300,1,train
22364,8303,40,Mediaster aequalis,/home/tahiti/MARINE_DATASETS/FathomNet_FGVC2025/data/rois/8303_22364.png,/home/tahiti/MARINE_DATASETS/FathomNet_FGVC2025/data/images/8303.png,a085b414dffcf0338b89eee4a2cbe3c74549bcbd756dae015979d5a6d85e2469,2eb733ce9bc147f344b3001221f9cb976ef614397691886c6c7bf3d978511893,8303,4,train
22392,8316,59,Pennatula phosphorea,/home/tahiti/MARINE_DATASETS/FathomNet_FGVC2025/data/rois/8316_22392.png,/home/tahiti/MARINE_DATASETS/FathomNet_FGVC2025/data/images/8316.png,671dd63565eef8c8614acf4e666abf98fa5f8695829b61880181de648ed9c48f,a828af70dde6255f2b2fb69b86a0d0561f2b7f2733d1a74138bc3274f1541fbd,8316,2,train
22393,8316,59,Pennatula phosphorea,/home/tahiti/MARINE_DATASETS/FathomNet_FGVC2025/data/rois/8316_22393.png,/home/tahiti/MARINE_DATASETS/FathomNet_FGVC2025/data/images/8316.png,d639255a2ff2d7c3cddadb9a537031c2cf2c9400b28bd00917ffa88c7e7c1db4,a828af70dde6255f2b2fb69b86a0d0561f2b7f2733d1a74138bc3274f1541fbd,8316,2,train
22411,8328,39,Lithodidae,/home/tahiti/MARINE_DATASETS/FathomNet_FGVC2025/data/rois/8328_22411.png,/home/tahiti/MARINE_DATASETS/FathomNet_FGVC2025/data/images/8328.png,4252eb0b63e669a31a2936f694e0cbafc15878b8280d3c4bce2d2347557b8eba,97b238b12c4aebbb879e8501469136c599caf64a7b92d32101a200b8fbbd4657,8328,1,train
22415,8331,61,Psathyrometra fragilis,/home/tahiti/MARINE_DATASETS/FathomNet_FGVC2025/data/rois/8331_22415.png,/home/tahiti/MARINE_DATASETS/FathomNet_FGVC2025/data/images/8331.png,bcaf92480edab31b3159be9861b5c30bad1e61214fc72c1ba41ca588c88a1ca1,caea2548a809aaf90523ca84c7c723751f5a58669554f4454af2c0b630a698dd,8331,0,train
22420,8332,20,Delectopecten,/home/tahiti/MARINE_DATASETS/FathomNet_FGVC2025/data/rois/8332_22420.png,/home/tahiti/MARINE_DATASETS/FathomNet_FGVC2025/data/images/8332.png,8a1e99d8f5a4e85ab3ef8dba66778cfee1b5b418f2992c4f5e156512a9ad78bb,09df6ea1eb7de1966ea46c4aa999119c7662ccb3e06c987b053d5c4b5f27b6f8,8332,4,train
22451,8342,39,Lithodidae,/home/tahiti/MARINE_DATASETS/FathomNet_FGVC2025/data/rois/8342_22451.png,/home/tahiti/MARINE_DATASETS/FathomNet_FGVC2025/data/images/8342.png,954171d688c321a1d2587973209488e981f4c017f8cc3e00e0a8d7181903de27,7122c45f54e42bee773a2410e51c4d93cf9d32e53bd7d25c68600c179274335e,8342,6,train
22462,8351,13,Brisingida,/home/tahiti/MARINE_DATASETS/FathomNet_FGVC2025/data/rois/8351_22462.png,/home/tahiti/MARINE_DATASETS/FathomNet_FGVC2025/data/images/8351.png,7538e79deca621828e76cd30fc6f4dc66da6f08338b167310a9f805c0afeef83,fba2f3dfb971f5f4f4e492661b75a4cf41c32d8a8e28a17ed1aae3d805fa0204,8351,0,train
22484,8360,3,Acanthoptilum,/home/tahiti/MARINE_DATASETS/FathomNet_FGVC2025/data/rois/8360_22484.png,/home/tahiti/MARINE_DATASETS/FathomNet_FGVC2025/data/images/8360.png,59052c3582815844bcab4fa8b9769ba50056f5b31d3172661fb1d9039928650b,4cbab9beeff53896cdccdbfc8ec84b864cf6021065111846d6b57173b7f2b385,8360,1,train
22548,8389,20,Delectopecten,/home/tahiti/MARINE_DATASETS/FathomNet_FGVC2025/data/rois/8389_22548.png,/home/tahiti/MARINE_DATASETS/FathomNet_FGVC2025/data/images/8389.png,181d4b8f1d42dceaf6174abfc69c4b38b152702f29d4a7ffbf1f7b8bf8353088,d288bd74b0aa0420d85f59b9d2a73d3aa79ea21c048f1a90c60799f2b79ad458,8389,6,train
22572,8409,39,Lithodidae,/home/tahiti/MARINE_DATASETS/FathomNet_FGVC2025/data/rois/8409_22572.png,/home/tahiti/MARINE_DATASETS/FathomNet_FGVC2025/data/images/8409.png,6a1b927a10135927a7cba81e2579b8a6bc7806378aaebd322abe0a5dd90d22b2,55ae50d9b15d530f52a9b2ea94d2886f76fbe295090eee39ca4b31c09087509f,8409,4,train
22619,8430,70,Sebastes diploproa,/home/tahiti/MARINE_DATASETS/FathomNet_FGVC2025/data/rois/8430_22619.png,/home/tahiti/MARINE_DATASETS/FathomNet_FGVC2025/data/images/8430.png,1908f01333877dac0a12f94cf17cd1e80c414e6f0d43884858a49e6f51bb650b,a771671aa67a57b59ce6b554bb6bc86be4191850319fc85d970dbffeaebf6ab3,8430,2,train
22651,8447,27,Heterocarpus,/home/tahiti/MARINE_DATASETS/FathomNet_FGVC2025/data/rois/8447_22651.png,/home/tahiti/MARINE_DATASETS/FathomNet_FGVC2025/data/images/8447.png,552ed9ce397f6757ae61b05bba8b5f1e88dcdfc6588a908654b78a9be4194b7d,bb0c78072de5212fced27ed81982eb9b14717d953d3e32e051d801505b32df6e,8447,1,train
22760,8513,48,Ophiacanthidae,/home/tahiti/MARINE_DATASETS/FathomNet_FGVC2025/data/rois/8513_22760.png,/home/tahiti/MARINE_DATASETS/FathomNet_FGVC2025/data/images/8513.png,5051c946c0f90efec3c054e4f5377ae3ffa37e3e80e2d2afab80325b4d51a371,6939f4e400253fbb3a045911ccddbc2c5784c1ee8dae760ec6f8aaa4faa62be4,8513,0,train
22777,8521,46,Mycale,/home/tahiti/MARINE_DATASETS/FathomNet_FGVC2025/data/rois/8521_22777.png,/home/tahiti/MARINE_DATASETS/FathomNet_FGVC2025/data/images/8521.png,7328d9481bac69fb9b48d95de233a93a6f8522b1b61c4ee6a12e323938a8ebce,147dc899651c0c523a8a4544dd9670db95c6d6d1c9c5780bed3e74b7d7711148,8521,1,train
22787,8524,13,Brisingida,/home/tahiti/MARINE_DATASETS/FathomNet_FGVC2025/data/rois/8524_22787.png,/home/tahiti/MARINE_DATASETS/FathomNet_FGVC2025/data/images/8524.png,8857a9813cd22297ad86f75c9dfd0a8e1e379d1336b4a0225139f8a08e1c7c3f,99243c934dec433874c4d1fe204439a705f35adcd6c695890059587bb6e69b25,8524,1,train
22828,8549,40,Mediaster aequalis,/home/tahiti/MARINE_DATASETS/FathomNet_FGVC2025/data/rois/8549_22828.png,/home/tahiti/MARINE_DATASETS/FathomNet_FGVC2025/data/images/8549.png,04ce0f266ad05e9f36128d9edc135241b87e52a530bc450349cec841f58df39d,8c0af5eef2be9f968dd69e288f36cd5e729ebc32f0693b54be30047290ffb81f,8549,6,train
22846,8562,39,Lithodidae,/home/tahiti/MARINE_DATASETS/FathomNet_FGVC2025/data/rois/8562_22846.png,/home/tahiti/MARINE_DATASETS/FathomNet_FGVC2025/data/images/8562.png,9d4b023e0194d1cb8ee0e21eb48dfd9f87917647ffd6efcfc5a10047540eccff,6ea954a5681079139c022ffefb3999f8ce3062f5f8fc8c4f950ca6a75b03f58c,8562,0,train
22856,8571,3,Acanthoptilum,/home/tahiti/MARINE_DATASETS/FathomNet_FGVC2025/data/rois/8571_22856.png,/home/tahiti/MARINE_DATASETS/FathomNet_FGVC2025/data/images/8571.png,b6372409379ded3818f51bc84416159d0dd0c8c6b85873f4d53698f5c7fbf7f7,d4ce6736cff1aecbb51233fb9da252fe621af57b5fd43574a21218c5f2526926,8571,2,train
22891,8591,6,Actinopterygii,/home/tahiti/MARINE_DATASETS/FathomNet_FGVC2025/data/rois/8591_22891.png,/home/tahiti/MARINE_DATASETS/FathomNet_FGVC2025/data/images/8591.png,a777b4ae90c0ac1228b7c1f40234d620907b2027c608f592adf074a503731ab9,9bc82c5175eeec8fb9f05711ebb39dd298eb8a19cda70b2d161be8bba8a43ff1,8591,0,train
22904,8601,75,Terebellidae,/home/tahiti/MARINE_DATASETS/FathomNet_FGVC2025/data/rois/8601_22904.png,/home/tahiti/MARINE_DATASETS/FathomNet_FGVC2025/data/images/8601.png,56b2ed60d325ffcd53dd6baaf7b47eac4bad8b7c7858404bc69da0d1391ba926,3171375662a93f27a2a47977296c3b64a8211b7df0274af9227240e74ec9f4bd,8601,2,train
22929,8617,13,Brisingida,/home/tahiti/MARINE_DATASETS/FathomNet_FGVC2025/data/rois/8617_22929.png,/home/tahiti/MARINE_DATASETS/FathomNet_FGVC2025/data/images/8617.png,ef1993d77c7040ffdd034dc04f3b8647a3105b1592231f0990c8d064d24e4f50,9a5c670214c34e3da685c1acb838cc65e6d0acae7adc2921691929f3a374f1c2,8617,0,train
22970,8637,6,Actinopterygii,/home/tahiti/MARINE_DATASETS/FathomNet_FGVC2025/data/rois/8637_22970.png,/home/tahiti/MARINE_DATASETS/FathomNet_FGVC2025/data/images/8637.png,df247bdfcb737b0252a73ba9e0396f7eb3389adf6be8e3b3a16434a1075c9c62,4cfa211f87c0b3eee3efb541ae9585aeb6d25211e941744ef59206ae2119ca7c,8637,2,train
23034,8670,46,Mycale,/home/tahiti/MARINE_DATASETS/FathomNet_FGVC2025/data/rois/8670_23034.png,/home/tahiti/MARINE_DATASETS/FathomNet_FGVC2025/data/images/8670.png,c417351b8673d7ae6a1f3cba87aa40ca66e86317094a1b48b863f7e5243aed55,24806ac39bc0649b0ed2681c54b9418d163ead4fffc4049e589a5347f5b6fc95,8670,0,train
23040,8673,70,Sebastes diploproa,/home/tahiti/MARINE_DATASETS/FathomNet_FGVC2025/data/rois/8673_23040.png,/home/tahiti/MARINE_DATASETS/FathomNet_FGVC2025/data/images/8673.png,bf3bc0a512c267df4ed4a5b04f1623dc449742c5d6fbe513476d6600e5a8f467,ef87aa0e6cb2cce761ee11588c9aae15eb32f80b357069ed6f9ddefa1871233e,8673,2,train
23108,8716,75,Terebellidae,/home/tahiti/MARINE_DATASETS/FathomNet_FGVC2025/data/rois/8716_23108.png,/home/tahiti/MARINE_DATASETS/FathomNet_FGVC2025/data/images/8716.png,28e5ce66a98553a85b994f5f990186f174b84e7d6fda347049ff3c98ae583f78,bcedbd6cb7162a3421070ccbd6fa1a978dd1f2e4ec1b4c3854fe19c0f8e9cf5b,8716,4,train
23119,8720,27,Heterocarpus,/home/tahiti/MARINE_DATASETS/FathomNet_FGVC2025/data/rois/8720_23119.png,/home/tahiti/MARINE_DATASETS/FathomNet_FGVC2025/data/images/8720.png,4e20a9c502deeaa12923ea3f6aadc38215a9655467115808df4232472e079663,881c54039641d61733716930eef8943d9358bb0eb0743c917c8ded8aabc36472,8720,2,train
23169,8738,8,Apostichopus leukothele,/home/tahiti/MARINE_DATASETS/FathomNet_FGVC2025/data/rois/8738_23169.png,/home/tahiti/MARINE_DATASETS/FathomNet_FGVC2025/data/images/8738.png,b61be8c774dba76250cd013970fe8afa6bd3471119a4b6039ae325be26c3546b,bf6d658d95e8db2f8654c919c68b113a93602cd4de3c8593b7e6e0bad4d785f9,8738,1,train
23175,8740,18,Corallimorphus pilatus,/home/tahiti/MARINE_DATASETS/FathomNet_FGVC2025/data/rois/8740_23175.png,/home/tahiti/MARINE_DATASETS/FathomNet_FGVC2025/data/images/8740.png,2b9db525f6b1474f2469f70bfb93a285b9e43c688f1e317f36e808904c538ab4,fe295204494fe0458e3f2dc4f767213fc81e0de561d917ba114cbacd4b3d8fe2,8740,1,train
23192,8750,59,Pennatula phosphorea,/home/tahiti/MARINE_DATASETS/FathomNet_FGVC2025/data/rois/8750_23192.png,/home/tahiti/MARINE_DATASETS/FathomNet_FGVC2025/data/images/8750.png,f2507bd46d426ac6a9398036ee42706f69b7aab9fc4f26d4a4cb11cb2c966b34,938303e7eb2a242019f4a0de6a0aa0e24960176360f77b03162cd038ea51f99f,8750,1,train
23233,8771,8,Apostichopus leukothele,/home/tahiti/MARINE_DATASETS/FathomNet_FGVC2025/data/rois/8771_23233.png,/home/tahiti/MARINE_DATASETS/FathomNet_FGVC2025/data/images/8771.png,6ec6048e18c4c7b4cee0aa71064ddc970784f3bc5fed430d08214678e06254f6,35684417c211ef1484d981f617941ef88ecc130df5a4b1b9eaf0fff377d5a4fe,8771,2,train
23236,8773,3,Acanthoptilum,/home/tahiti/MARINE_DATASETS/FathomNet_FGVC2025/data/rois/8773_23236.png,/home/tahiti/MARINE_DATASETS/FathomNet_FGVC2025/data/images/8773.png,a512a2b4a75d7f3bbff41c0df2f4d168ca8f5d829ac289b0203cb2d9507d52e4,4a79e3bf311b37f033722eeb05c4a977ee9b0900783f25fd3970c01276f88605,8773,4,train
23239,8773,3,Acanthoptilum,/home/tahiti/MARINE_DATASETS/FathomNet_FGVC2025/data/rois/8773_23239.png,/home/tahiti/MARINE_DATASETS/FathomNet_FGVC2025/data/images/8773.png,9efd755a443f38bc21900d320ed4543efb94939a235b4bd7ec00075a16aefc61,4a79e3bf311b37f033722eeb05c4a977ee9b0900783f25fd3970c01276f88605,8773,4,train
23281,8795,40,Mediaster aequalis,/home/tahiti/MARINE_DATASETS/FathomNet_FGVC2025/data/rois/8795_23281.png,/home/tahiti/MARINE_DATASETS/FathomNet_FGVC2025/data/images/8795.png,192f93a865de07eed31d9b0e6bfda510ee9143ef87523a5c8c2da2973ecf5c44,e0745a4826e6689163f10c9a8b2619ce3ccae6c59268430a648674ecb7f7af1a,8795,4,train
23326,8825,3,Acanthoptilum,/home/tahiti/MARINE_DATASETS/FathomNet_FGVC2025/data/rois/8825_23326.png,/home/tahiti/MARINE_DATASETS/FathomNet_FGVC2025/data/images/8825.png,dc406caf6e400101d2ad0453f469da6e594c41a71a8b5ce4d662275cffeb5318,0e6d530116442ee2ef112356e6e686ed3fcff85d2b8b93bf62fa102014d19c95,8825,1,train
23339,8829,6,Actinopterygii,/home/tahiti/MARINE_DATASETS/FathomNet_FGVC2025/data/rois/8829_23339.png,/home/tahiti/MARINE_DATASETS/FathomNet_FGVC2025/data/images/8829.png,02c66320dc6669bf8a86989505c42aab8d8e9970cda2095fb628766df563b88d,a6112dfbca0a22a1432790e25e8b3a2bb2ef324a7b0cce91a76508416e866b72,8829,1,train
23398,8860,48,Ophiacanthidae,/home/tahiti/MARINE_DATASETS/FathomNet_FGVC2025/data/rois/8860_23398.png,/home/tahiti/MARINE_DATASETS/FathomNet_FGVC2025/data/images/8860.png,a3d58bde3802c8d1a73113c2f697a8c1cde1f82b8b3df720d40a164d7baa3adc,22b920e648fe9748eaba830bd41e7d4304cdd0394e87465306ca773398c149dc,8860,4,train
23449,8887,59,Pennatula phosphorea,/home/tahiti/MARINE_DATASETS/FathomNet_FGVC2025/data/rois/8887_23449.png,/home/tahiti/MARINE_DATASETS/FathomNet_FGVC2025/data/images/8887.png,6369c5d182c84df3e92b551c1668b57f751dadb33d8189b75e8e8056c146890c,5df14cb5a7cdaeb3449b18233100a4f3ff33a81013377633ba9bc58a9779e647,8887,1,train
23461,8887,59,Pennatula phosphorea,/home/tahiti/MARINE_DATASETS/FathomNet_FGVC2025/data/rois/8887_23461.png,/home/tahiti/MARINE_DATASETS/FathomNet_FGVC2025/data/images/8887.png,aadb651989a89732944f3b9a14887084005ed835c1beb548ccf326050811f3d1,5df14cb5a7cdaeb3449b18233100a4f3ff33a81013377633ba9bc58a9779e647,8887,1,train
23468,8893,6,Actinopterygii,/home/tahiti/MARINE_DATASETS/FathomNet_FGVC2025/data/rois/8893_23468.png,/home/tahiti/MARINE_DATASETS/FathomNet_FGVC2025/data/images/8893.png,6997e072eb8ae60c28306378988ee0576409922d6deb8516f0b1cac398b7c18f,ded9b03600aa9183350148b2c7ac31bdc72a916a0cb82dc82f58671563de1bdf,8893,1,train
23473,8894,61,Psathyrometra fragilis,/home/tahiti/MARINE_DATASETS/FathomNet_FGVC2025/data/rois/8894_23473.png,/home/tahiti/MARINE_DATASETS/FathomNet_FGVC2025/data/images/8894.png,9242497440d425b6ea7b1b85bffdf9de0bfd6783adb7cf1911cda88b78979d7d,842acc83ecbd7c392e5764e54aa617d88742849bebc2092ffb4b65c835b30e17,8894,2,train
23477,8894,61,Psathyrometra fragilis,/home/tahiti/MARINE_DATASETS/FathomNet_FGVC2025/data/rois/8894_23477.png,/home/tahiti/MARINE_DATASETS/FathomNet_FGVC2025/data/images/8894.png,07aea5fd0e18a9da811ce27d50ec12c22bbb2e06f1f348d818366866b5751edf,842acc83ecbd7c392e5764e54aa617d88742849bebc2092ffb4b65c835b30e17,8894,2,train
23481,8896,40,Mediaster aequalis,/home/tahiti/MARINE_DATASETS/FathomNet_FGVC2025/data/rois/8896_23481.png,/home/tahiti/MARINE_DATASETS/FathomNet_FGVC2025/data/images/8896.png,930856f3f2727e6df63c47cf45ed967baaac080fb08800d5c810687c15dadd9a,214547f79a04e1d2fd2942cb5b5951cd393293c0a3fb8230c0cb12f674cd7347,8896,6,train
23489,8898,59,Pennatula phosphorea,/home/tahiti/MARINE_DATASETS/FathomNet_FGVC2025/data/rois/8898_23489.png,/home/tahiti/MARINE_DATASETS/FathomNet_FGVC2025/data/images/8898.png,0a5920e642ae5dc572825fe9a9f90cff5dfb80bde4bf0a68ae5bea76e38995fa,dce260c0bb36e11970bfd8701b76f8aa44a6be13998b92cd4af902aa109c3b58,8898,0,train
23513,8907,20,Delectopecten,/home/tahiti/MARINE_DATASETS/FathomNet_FGVC2025/data/rois/8907_23513.png,/home/tahiti/MARINE_DATASETS/FathomNet_FGVC2025/data/images/8907.png,9d671b1a15698f3ee5e33f74e0e87e19474e9503f02ac7dce32a9de276cb8822,52736153ad6aa70dd12797ef6a24a81566697caf601a6312cadc20ab21c75669,8907,2,train
23520,8907,20,Delectopecten,/home/tahiti/MARINE_DATASETS/FathomNet_FGVC2025/data/rois/8907_23520.png,/home/tahiti/MARINE_DATASETS/FathomNet_FGVC2025/data/images/8907.png,686f27be292e3496ddce31f2a986c4a7e342c3dadf7b1c1977fba3695243ea04,52736153ad6aa70dd12797ef6a24a81566697caf601a6312cadc20ab21c75669,8907,2,train
23557,8915,20,Delectopecten,/home/tahiti/MARINE_DATASETS/FathomNet_FGVC2025/data/rois/8915_23557.png,/home/tahiti/MARINE_DATASETS/FathomNet_FGVC2025/data/images/8915.png,b08fccb0b4eae375fe187f8f45f2685d381d831c3ac8fd5199b64e2fa6a227ac,91071a440415b13a54f460cdcbdbb425e51970d93769342734e17c6de2842908,8915,0,train
23560,8916,40,Mediaster aequalis,/home/tahiti/MARINE_DATASETS/FathomNet_FGVC2025/data/rois/8916_23560.png,/home/tahiti/MARINE_DATASETS/FathomNet_FGVC2025/data/images/8916.png,d8c3d63ec547f37aa3434962e4cbd9d030cea9e779ebd4a08ec44f8cbd6706dc,384df268e61de9199cc57b8e62ffaa12195d2aa8c70f4a395e26603db0821bdf,8916,0,train
23573,8924,18,Corallimorphus pilatus,/home/tahiti/MARINE_DATASETS/FathomNet_FGVC2025/data/rois/8924_23573.png,/home/tahiti/MARINE_DATASETS/FathomNet_FGVC2025/data/images/8924.png,5159fe8e364f67ef348574e52f3affd905a24efeaf13bb7e98ce150b49c0f0a3,047ac64dc55f963195ddeb916df1ef27060278931fb760edc2c2ac1dbd1dcf28,8924,0,train
23579,8924,18,Corallimorphus pilatus,/home/tahiti/MARINE_DATASETS/FathomNet_FGVC2025/data/rois/8924_23579.png,/home/tahiti/MARINE_DATASETS/FathomNet_FGVC2025/data/images/8924.png,deb7b6b96fa3b6aa929385cd41e9074578224ff1a6461966c931c6a6827802c0,047ac64dc55f963195ddeb916df1ef27060278931fb760edc2c2ac1dbd1dcf28,8924,0,train
23630,8951,3,Acanthoptilum,/home/tahiti/MARINE_DATASETS/FathomNet_FGVC2025/data/rois/8951_23630.png,/home/tahiti/MARINE_DATASETS/FathomNet_FGVC2025/data/images/8951.png,2d800b5de50b8a07d469d76bf48672e9a09e676bdb1b32b95504a60a719549d8,2a854b22df80378dcbc41373ecd4f9037d94932521ceed1d2f55c131d1fc76c6,8951,2,train
23650,8961,61,Psathyrometra fragilis,/home/tahiti/MARINE_DATASETS/FathomNet_FGVC2025/data/rois/8961_23650.png,/home/tahiti/MARINE_DATASETS/FathomNet_FGVC2025/data/images/8961.png,7916a171352d51a19b676c894938252fbeee907de4617e7a44deb92512bb31cd,4862b9d20f286b2c2197d8785036c72b1fdac424ab446dc07ca92e6d21a4d99c,8961,0,train
23683,8975,61,Psathyrometra fragilis,/home/tahiti/MARINE_DATASETS/FathomNet_FGVC2025/data/rois/8975_23683.png,/home/tahiti/MARINE_DATASETS/FathomNet_FGVC2025/data/images/8975.png,4dfd207575d5761c7c04bbfde4a4c3fa2ad8011d68adb196832f8ba58f50aebd,f3a8c29251dd7a4f6624ec31f0081de8a0a73fc7c85aee53865b185c01f35050,8975,1,train
