{
  "method": "linear_probe",
  "budget": 0.05,
  "budget_percent": 5,
  "seed": 43,
  "epochs": 10,
  "best_epoch": 8,
  "num_classes": 17,
  "n_train": 46,
  "n_val": 155,
  "n_test": 164,
  "img_size": 224,
  "batch_size": 16,
  "adapter_dim": "",
  "dropout": "",
  "pretrained": true,
  "params_total": 11185233,
  "params_trainable": 8721,
  "test_loss": 2.7349888406148772,
  "test_acc": 0.10365853658536585,
  "test_macro_f1": 0.05606565842745641,
  "test_balanced_acc": 0.07058823529411255,
  "time_sec": 149.02553272247314,
  "time_human": "2m 29s"
}