{
  "method": "scratch_cnn",
  "budget": 1.0,
  "budget_percent": 100,
  "seed": 42,
  "epochs": 10,
  "best_epoch": 7,
  "num_classes": 17,
  "n_train": 734,
  "n_val": 155,
  "n_test": 164,
  "img_size": 224,
  "batch_size": 16,
  "adapter_dim": "",
  "dropout": "",
  "pretrained": true,
  "params_total": 393745,
  "params_trainable": 393745,
  "test_loss": 1.6537715458288424,
  "test_acc": 0.4817073170731707,
  "test_macro_f1": 0.2760620562869196,
  "test_balanced_acc": 0.3137254901960571,
  "time_sec": 666.5554592609406,
  "time_human": "11m 6s"
}