{
  "method": "linear_probe",
  "budget": 0.05,
  "budget_percent": 5,
  "seed": 44,
  "epochs": 10,
  "best_epoch": 6,
  "num_classes": 17,
  "n_train": 46,
  "n_val": 155,
  "n_test": 164,
  "img_size": 224,
  "batch_size": 16,
  "adapter_dim": "",
  "dropout": "",
  "pretrained": true,
  "params_total": 11185233,
  "params_trainable": 8721,
  "test_loss": 2.538922519218631,
  "test_acc": 0.17682926829268292,
  "test_macro_f1": 0.09327944520218989,
  "test_balanced_acc": 0.11372549019607084,
  "time_sec": 149.05921149253845,
  "time_human": "2m 29s"
}