{
  "method": "marine_adapter",
  "budget": 1.0,
  "budget_percent": 100,
  "seed": 44,
  "epochs": 10,
  "best_epoch": 6,
  "num_classes": 17,
  "n_train": 734,
  "n_val": 155,
  "n_test": 164,
  "img_size": 224,
  "batch_size": 16,
  "adapter_dim": 64,
  "dropout": 0.1,
  "pretrained": true,
  "params_total": 11252369,
  "params_trainable": 75857,
  "test_loss": 1.5004908747789336,
  "test_acc": 0.5121951219512195,
  "test_macro_f1": 0.30189021027290464,
  "test_balanced_acc": 0.3333333333333107,
  "time_sec": 668.7544848918915,
  "time_human": "11m 8s"
}