{
  "method": "marine_adapter",
  "budget": 0.05,
  "budget_percent": 5,
  "seed": 42,
  "epochs": 10,
  "best_epoch": 9,
  "num_classes": 17,
  "n_train": 46,
  "n_val": 155,
  "n_test": 164,
  "img_size": 224,
  "batch_size": 16,
  "adapter_dim": 64,
  "dropout": 0.1,
  "pretrained": true,
  "params_total": 11252369,
  "params_trainable": 75857,
  "test_loss": 2.602119323683948,
  "test_acc": 0.20121951219512196,
  "test_macro_f1": 0.11374982339599549,
  "test_balanced_acc": 0.1294117647058737,
  "time_sec": 142.8585855960846,
  "time_human": "2m 22s"
}