{
  "method": "linear_probe",
  "budget": 0.1,
  "budget_percent": 10,
  "seed": 42,
  "epochs": 10,
  "best_epoch": 8,
  "num_classes": 17,
  "n_train": 76,
  "n_val": 155,
  "n_test": 164,
  "img_size": 224,
  "batch_size": 16,
  "adapter_dim": "",
  "dropout": "",
  "pretrained": true,
  "params_total": 11185233,
  "params_trainable": 8721,
  "test_loss": 2.544452434632836,
  "test_acc": 0.14634146341463414,
  "test_macro_f1": 0.0872684776753714,
  "test_balanced_acc": 0.09411764705881726,
  "time_sec": 178.32407021522522,
  "time_human": "2m 58s"
}