{
  "method": "finetune_resnet18",
  "budget": 0.05,
  "budget_percent": 5,
  "seed": 44,
  "epochs": 10,
  "best_epoch": 10,
  "num_classes": 17,
  "n_train": 46,
  "n_val": 155,
  "n_test": 164,
  "img_size": 224,
  "batch_size": 16,
  "adapter_dim": "",
  "dropout": "",
  "pretrained": true,
  "params_total": 11185233,
  "params_trainable": 11185233,
  "test_loss": 2.091072925707189,
  "test_acc": 0.3902439024390244,
  "test_macro_f1": 0.2682974398320108,
  "test_balanced_acc": 0.2784313725489881,
  "time_sec": 150.87281942367554,
  "time_human": "2m 30s"
}