{
  "method": "finetune_resnet18",
  "budget": 0.1,
  "budget_percent": 10,
  "seed": 44,
  "epochs": 10,
  "best_epoch": 3,
  "num_classes": 17,
  "n_train": 76,
  "n_val": 155,
  "n_test": 164,
  "img_size": 224,
  "batch_size": 16,
  "adapter_dim": "",
  "dropout": "",
  "pretrained": true,
  "params_total": 11185233,
  "params_trainable": 11185233,
  "test_loss": 1.7863251872178985,
  "test_acc": 0.4573170731707317,
  "test_macro_f1": 0.26616184314224245,
  "test_balanced_acc": 0.29607843137252904,
  "time_sec": 184.22918248176575,
  "time_human": "3m 4s"
}