{
  "method": "linear_probe",
  "budget": 0.1,
  "budget_percent": 10,
  "seed": 42,
  "epochs": 2,
  "best_epoch": 2,
  "num_classes": 10,
  "n_train": 59,
  "n_val": 116,
  "n_test": 118,
  "img_size": 224,
  "batch_size": 16,
  "adapter_dim": "",
  "dropout": "",
  "pretrained": true,
  "params_total": 11181642,
  "params_trainable": 5130,
  "test_loss": 2.526609214685731,
  "test_acc": 0.11016949152542373,
  "test_macro_f1": 0.05011488158347075,
  "test_balanced_acc": 0.10833333333332432,
  "time_sec": 34.365976095199585,
  "time_human": "34s"
}