{
  "method": "marine_adapter",
  "budget": 0.05,
  "budget_percent": 5,
  "seed": 44,
  "epochs": 10,
  "best_epoch": 10,
  "num_classes": 17,
  "n_train": 46,
  "n_val": 155,
  "n_test": 164,
  "img_size": 224,
  "batch_size": 16,
  "adapter_dim": 64,
  "dropout": 0.1,
  "pretrained": true,
  "params_total": 11252369,
  "params_trainable": 75857,
  "test_loss": 2.4922407080487505,
  "test_acc": 0.21341463414634146,
  "test_macro_f1": 0.13057053048113576,
  "test_balanced_acc": 0.13921568627450032,
  "time_sec": 148.92668390274048,
  "time_human": "2m 28s"
}