{
  "method": "marine_adapter",
  "budget": 0.1,
  "budget_percent": 10,
  "seed": 43,
  "epochs": 10,
  "best_epoch": 9,
  "num_classes": 17,
  "n_train": 76,
  "n_val": 155,
  "n_test": 164,
  "img_size": 224,
  "batch_size": 16,
  "adapter_dim": 64,
  "dropout": 0.1,
  "pretrained": true,
  "params_total": 11252369,
  "params_trainable": 75857,
  "test_loss": 2.3744860393245046,
  "test_acc": 0.21341463414634146,
  "test_macro_f1": 0.1160849107649922,
  "test_balanced_acc": 0.13725490196077517,
  "time_sec": 169.39133596420288,
  "time_human": "2m 49s"
}