{
  "method": "marine_adapter",
  "budget": 0.01,
  "budget_percent": 1,
  "seed": 44,
  "epochs": 10,
  "best_epoch": 6,
  "num_classes": 17,
  "n_train": 17,
  "n_val": 155,
  "n_test": 164,
  "img_size": 224,
  "batch_size": 16,
  "adapter_dim": 64,
  "dropout": 0.1,
  "pretrained": true,
  "params_total": 11252369,
  "params_trainable": 75857,
  "test_loss": 2.883829721590368,
  "test_acc": 0.06707317073170732,
  "test_macro_f1": 0.03423127414040801,
  "test_balanced_acc": 0.04509803921568307,
  "time_sec": 128.14186120033264,
  "time_human": "2m 8s"
}