{
  "method": "scratch_cnn",
  "budget": 0.01,
  "budget_percent": 1,
  "seed": 43,
  "epochs": 10,
  "best_epoch": 7,
  "num_classes": 17,
  "n_train": 17,
  "n_val": 155,
  "n_test": 164,
  "img_size": 224,
  "batch_size": 16,
  "adapter_dim": "",
  "dropout": "",
  "pretrained": true,
  "params_total": 393745,
  "params_trainable": 393745,
  "test_loss": 2.8084799836321577,
  "test_acc": 0.0975609756097561,
  "test_macro_f1": 0.023864634048974966,
  "test_balanced_acc": 0.08823529411762843,
  "time_sec": 128.33085918426514,
  "time_human": "2m 8s"
}