{
  "method": "marine_adapter",
  "budget": 0.05,
  "budget_percent": 5,
  "seed": 44,
  "epochs": 10,
  "best_epoch": 7,
  "num_classes": 17,
  "n_train": 46,
  "n_val": 155,
  "n_test": 164,
  "img_size": 224,
  "batch_size": 16,
  "adapter_dim": 256,
  "dropout": 0.1,
  "pretrained": true,
  "params_total": 11449169,
  "params_trainable": 272657,
  "test_loss": 2.489225248011147,
  "test_acc": 0.17682926829268292,
  "test_macro_f1": 0.10717295488032703,
  "test_balanced_acc": 0.11568627450979602,
  "time_sec": 153.20159125328064,
  "time_human": "2m 33s"
}