{
  "method": "marine_adapter",
  "budget": 0.1,
  "budget_percent": 10,
  "seed": 42,
  "epochs": 10,
  "best_epoch": 8,
  "num_classes": 17,
  "n_train": 76,
  "n_val": 155,
  "n_test": 164,
  "img_size": 224,
  "batch_size": 16,
  "adapter_dim": 64,
  "dropout": 0.1,
  "pretrained": true,
  "params_total": 11252369,
  "params_trainable": 75857,
  "test_loss": 2.4423682398912385,
  "test_acc": 0.20121951219512196,
  "test_macro_f1": 0.11181518939943916,
  "test_balanced_acc": 0.1294117647058737,
  "time_sec": 177.0773675441742,
  "time_human": "2m 57s"
}