{
  "method": "finetune_resnet18",
  "budget": 0.05,
  "budget_percent": 5,
  "seed": 43,
  "epochs": 10,
  "best_epoch": 10,
  "num_classes": 17,
  "n_train": 46,
  "n_val": 155,
  "n_test": 164,
  "img_size": 224,
  "batch_size": 16,
  "adapter_dim": "",
  "dropout": "",
  "pretrained": true,
  "params_total": 11185233,
  "params_trainable": 11185233,
  "test_loss": 2.0668806855271504,
  "test_acc": 0.40853658536585363,
  "test_macro_f1": 0.33899966806037307,
  "test_balanced_acc": 0.3647058823528434,
  "time_sec": 145.41458415985107,
  "time_human": "2m 25s"
}