{
  "method": "marine_adapter",
  "budget": 0.01,
  "budget_percent": 1,
  "seed": 43,
  "epochs": 10,
  "best_epoch": 4,
  "num_classes": 17,
  "n_train": 17,
  "n_val": 155,
  "n_test": 164,
  "img_size": 224,
  "batch_size": 16,
  "adapter_dim": 128,
  "dropout": 0.1,
  "pretrained": true,
  "params_total": 11317969,
  "params_trainable": 141457,
  "test_loss": 2.7519181065443084,
  "test_acc": 0.08536585365853659,
  "test_macro_f1": 0.04827862580673205,
  "test_balanced_acc": 0.05490196078431006,
  "time_sec": 129.0491225719452,
  "time_human": "2m 9s"
}