{
  "method": "marine_adapter",
  "budget": 0.05,
  "budget_percent": 5,
  "seed": 43,
  "epochs": 10,
  "best_epoch": 10,
  "num_classes": 17,
  "n_train": 46,
  "n_val": 155,
  "n_test": 164,
  "img_size": 224,
  "batch_size": 16,
  "adapter_dim": 256,
  "dropout": 0.1,
  "pretrained": true,
  "params_total": 11449169,
  "params_trainable": 272657,
  "test_loss": 2.4272312652773973,
  "test_acc": 0.25609756097560976,
  "test_macro_f1": 0.15531596568588743,
  "test_balanced_acc": 0.16470588235293018,
  "time_sec": 151.48996376991272,
  "time_human": "2m 31s"
}