{
  "method": "linear_probe",
  "budget": 1.0,
  "budget_percent": 100,
  "seed": 43,
  "epochs": 10,
  "best_epoch": 9,
  "num_classes": 17,
  "n_train": 734,
  "n_val": 155,
  "n_test": 164,
  "img_size": 224,
  "batch_size": 16,
  "adapter_dim": "",
  "dropout": "",
  "pretrained": true,
  "params_total": 11185233,
  "params_trainable": 8721,
  "test_loss": 1.9141349152820866,
  "test_acc": 0.4695121951219512,
  "test_macro_f1": 0.27042125526545047,
  "test_balanced_acc": 0.3039215686274305,
  "time_sec": 663.4413266181946,
  "time_human": "11m 3s"
}