{
  "method": "marine_adapter",
  "budget": 0.01,
  "budget_percent": 1,
  "seed": 42,
  "epochs": 10,
  "best_epoch": 2,
  "num_classes": 17,
  "n_train": 17,
  "n_val": 155,
  "n_test": 164,
  "img_size": 224,
  "batch_size": 16,
  "adapter_dim": 256,
  "dropout": 0.1,
  "pretrained": true,
  "params_total": 11449169,
  "params_trainable": 272657,
  "test_loss": 3.038549016161663,
  "test_acc": 0.11585365853658537,
  "test_macro_f1": 0.06023099386647102,
  "test_balanced_acc": 0.1294117647058188,
  "time_sec": 117.51977014541626,
  "time_human": "1m 57s"
}