{
  "method": "scratch_cnn",
  "budget": 0.05,
  "budget_percent": 5,
  "seed": 43,
  "epochs": 10,
  "best_epoch": 9,
  "num_classes": 17,
  "n_train": 46,
  "n_val": 155,
  "n_test": 164,
  "img_size": 224,
  "batch_size": 16,
  "adapter_dim": "",
  "dropout": "",
  "pretrained": true,
  "params_total": 393745,
  "params_trainable": 393745,
  "test_loss": 2.635264920025337,
  "test_acc": 0.20121951219512196,
  "test_macro_f1": 0.10487880004800205,
  "test_balanced_acc": 0.1294117647058737,
  "time_sec": 149.38383293151855,
  "time_human": "2m 29s"
}