{
  "method": "marine_adapter",
  "budget": 0.01,
  "budget_percent": 1,
  "seed": 43,
  "epochs": 10,
  "best_epoch": 3,
  "num_classes": 17,
  "n_train": 17,
  "n_val": 155,
  "n_test": 164,
  "img_size": 224,
  "batch_size": 16,
  "adapter_dim": 256,
  "dropout": 0.1,
  "pretrained": true,
  "params_total": 11449169,
  "params_trainable": 272657,
  "test_loss": 2.9530085703221762,
  "test_acc": 0.054878048780487805,
  "test_macro_f1": 0.04083800186729883,
  "test_balanced_acc": 0.06666666666665386,
  "time_sec": 122.4040265083313,
  "time_human": "2m 2s"
}