{
  "method": "linear_probe",
  "budget": 0.01,
  "budget_percent": 1,
  "seed": 42,
  "epochs": 10,
  "best_epoch": 8,
  "num_classes": 17,
  "n_train": 17,
  "n_val": 155,
  "n_test": 164,
  "img_size": 224,
  "batch_size": 16,
  "adapter_dim": "",
  "dropout": "",
  "pretrained": true,
  "params_total": 11185233,
  "params_trainable": 8721,
  "test_loss": 2.8890243390711343,
  "test_acc": 0.07317073170731707,
  "test_macro_f1": 0.05748056124530411,
  "test_balanced_acc": 0.06274509803920628,
  "time_sec": 119.31753444671631,
  "time_human": "1m 59s"
}