{
  "method": "scratch_cnn",
  "budget": 0.05,
  "budget_percent": 5,
  "seed": 44,
  "epochs": 10,
  "best_epoch": 10,
  "num_classes": 17,
  "n_train": 46,
  "n_val": 155,
  "n_test": 164,
  "img_size": 224,
  "batch_size": 16,
  "adapter_dim": "",
  "dropout": "",
  "pretrained": true,
  "params_total": 393745,
  "params_trainable": 393745,
  "test_loss": 2.610927360813792,
  "test_acc": 0.22560975609756098,
  "test_macro_f1": 0.09804485627253415,
  "test_balanced_acc": 0.1450980392156766,
  "time_sec": 147.0901975631714,
  "time_human": "2m 27s"
}