{
  "method": "marine_adapter",
  "budget": 1.0,
  "budget_percent": 100,
  "seed": 44,
  "epochs": 10,
  "best_epoch": 9,
  "num_classes": 17,
  "n_train": 734,
  "n_val": 155,
  "n_test": 164,
  "img_size": 224,
  "batch_size": 16,
  "adapter_dim": 128,
  "dropout": 0.1,
  "pretrained": true,
  "params_total": 11317969,
  "params_trainable": 141457,
  "test_loss": 1.4567174329990293,
  "test_acc": 0.5609756097560976,
  "test_macro_f1": 0.3735724106917293,
  "test_balanced_acc": 0.39215686274505857,
  "time_sec": 667.4507460594177,
  "time_human": "11m 7s"
}