{
  "method": "marine_adapter",
  "budget": 0.1,
  "budget_percent": 10,
  "seed": 43,
  "epochs": 10,
  "best_epoch": 10,
  "num_classes": 17,
  "n_train": 76,
  "n_val": 155,
  "n_test": 164,
  "img_size": 224,
  "batch_size": 16,
  "adapter_dim": 256,
  "dropout": 0.1,
  "pretrained": true,
  "params_total": 11449169,
  "params_trainable": 272657,
  "test_loss": 2.2753462907744617,
  "test_acc": 0.31097560975609756,
  "test_macro_f1": 0.1875895436541802,
  "test_balanced_acc": 0.19999999999998666,
  "time_sec": 162.7018804550171,
  "time_human": "2m 42s"
}