{
  "method": "marine_adapter",
  "budget": 0.05,
  "budget_percent": 5,
  "seed": 44,
  "epochs": 10,
  "best_epoch": 9,
  "num_classes": 17,
  "n_train": 46,
  "n_val": 155,
  "n_test": 164,
  "img_size": 224,
  "batch_size": 16,
  "adapter_dim": 128,
  "dropout": 0.1,
  "pretrained": true,
  "params_total": 11317969,
  "params_trainable": 141457,
  "test_loss": 2.5829706715374456,
  "test_acc": 0.15853658536585366,
  "test_macro_f1": 0.14433604556019905,
  "test_balanced_acc": 0.13725490196076065,
  "time_sec": 144.94542932510376,
  "time_human": "2m 24s"
}