{
  "method": "scratch_cnn",
  "budget": 0.01,
  "budget_percent": 1,
  "seed": 42,
  "epochs": 10,
  "best_epoch": 7,
  "num_classes": 17,
  "n_train": 17,
  "n_val": 155,
  "n_test": 164,
  "img_size": 224,
  "batch_size": 16,
  "adapter_dim": "",
  "dropout": "",
  "pretrained": true,
  "params_total": 393745,
  "params_trainable": 393745,
  "test_loss": 2.7570502699875252,
  "test_acc": 0.10365853658536585,
  "test_macro_f1": 0.041608745988897564,
  "test_balanced_acc": 0.09803921568625752,
  "time_sec": 122.89638900756836,
  "time_human": "2m 2s"
}