{
  "method": "marine_adapter",
  "budget": 0.01,
  "budget_percent": 1,
  "seed": 43,
  "epochs": 10,
  "best_epoch": 6,
  "num_classes": 17,
  "n_train": 17,
  "n_val": 155,
  "n_test": 164,
  "img_size": 224,
  "batch_size": 16,
  "adapter_dim": 64,
  "dropout": 0.1,
  "pretrained": true,
  "params_total": 11252369,
  "params_trainable": 75857,
  "test_loss": 2.9851943341697136,
  "test_acc": 0.07317073170731707,
  "test_macro_f1": 0.05680139585608321,
  "test_balanced_acc": 0.12549019607836132,
  "time_sec": 131.62260389328003,
  "time_human": "2m 11s"
}