{
  "method": "marine_adapter",
  "budget": 1.0,
  "budget_percent": 100,
  "seed": 43,
  "epochs": 10,
  "best_epoch": 10,
  "num_classes": 17,
  "n_train": 734,
  "n_val": 155,
  "n_test": 164,
  "img_size": 224,
  "batch_size": 16,
  "adapter_dim": 128,
  "dropout": 0.1,
  "pretrained": true,
  "params_total": 11317969,
  "params_trainable": 141457,
  "test_loss": 1.4589592654530594,
  "test_acc": 0.5,
  "test_macro_f1": 0.28747362867314047,
  "test_balanced_acc": 0.3235294117646841,
  "time_sec": 658.1494331359863,
  "time_human": "10m 58s"
}