{
  "method": "linear_probe",
  "budget": 0.05,
  "budget_percent": 5,
  "seed": 42,
  "epochs": 10,
  "best_epoch": 9,
  "num_classes": 17,
  "n_train": 46,
  "n_val": 155,
  "n_test": 164,
  "img_size": 224,
  "batch_size": 16,
  "adapter_dim": "",
  "dropout": "",
  "pretrained": true,
  "params_total": 11185233,
  "params_trainable": 8721,
  "test_loss": 2.583076488680956,
  "test_acc": 0.11585365853658537,
  "test_macro_f1": 0.07045539377256534,
  "test_balanced_acc": 0.07450980392156366,
  "time_sec": 151.7418577671051,
  "time_human": "2m 31s"
}