{
  "method": "finetune_resnet18",
  "budget": 0.1,
  "budget_percent": 10,
  "seed": 42,
  "epochs": 10,
  "best_epoch": 10,
  "num_classes": 17,
  "n_train": 76,
  "n_val": 155,
  "n_test": 164,
  "img_size": 224,
  "batch_size": 16,
  "adapter_dim": "",
  "dropout": "",
  "pretrained": true,
  "params_total": 11185233,
  "params_trainable": 11185233,
  "test_loss": 2.098413118501989,
  "test_acc": 0.39634146341463417,
  "test_macro_f1": 0.23628223443592558,
  "test_balanced_acc": 0.2588235294117471,
  "time_sec": 178.71650338172913,
  "time_human": "2m 58s"
}