{
  "method": "marine_adapter",
  "budget": 0.1,
  "budget_percent": 10,
  "seed": 44,
  "epochs": 10,
  "best_epoch": 9,
  "num_classes": 17,
  "n_train": 76,
  "n_val": 155,
  "n_test": 164,
  "img_size": 224,
  "batch_size": 16,
  "adapter_dim": 256,
  "dropout": 0.1,
  "pretrained": true,
  "params_total": 11449169,
  "params_trainable": 272657,
  "test_loss": 2.2954741047649847,
  "test_acc": 0.25609756097560976,
  "test_macro_f1": 0.1543088261886362,
  "test_balanced_acc": 0.16666666666665536,
  "time_sec": 177.50831413269043,
  "time_human": "2m 57s"
}