{
  "method": "linear_probe",
  "budget": 0.1,
  "budget_percent": 10,
  "seed": 43,
  "epochs": 10,
  "best_epoch": 5,
  "num_classes": 17,
  "n_train": 76,
  "n_val": 155,
  "n_test": 164,
  "img_size": 224,
  "batch_size": 16,
  "adapter_dim": "",
  "dropout": "",
  "pretrained": true,
  "params_total": 11185233,
  "params_trainable": 8721,
  "test_loss": 2.701817279908715,
  "test_acc": 0.12195121951219512,
  "test_macro_f1": 0.06894333152322803,
  "test_balanced_acc": 0.08039215686273955,
  "time_sec": 159.29717540740967,
  "time_human": "2m 39s"
}