{
  "method": "marine_adapter",
  "budget": 0.01,
  "budget_percent": 1,
  "seed": 44,
  "epochs": 10,
  "best_epoch": 10,
  "num_classes": 17,
  "n_train": 17,
  "n_val": 155,
  "n_test": 164,
  "img_size": 224,
  "batch_size": 16,
  "adapter_dim": 256,
  "dropout": 0.1,
  "pretrained": true,
  "params_total": 11449169,
  "params_trainable": 272657,
  "test_loss": 2.929561585914798,
  "test_acc": 0.08536585365853659,
  "test_macro_f1": 0.024546080069607557,
  "test_balanced_acc": 0.05490196078431007,
  "time_sec": 127.03068661689758,
  "time_human": "2m 7s"
}