{
  "method": "marine_adapter",
  "budget": 1.0,
  "budget_percent": 100,
  "seed": 44,
  "epochs": 10,
  "best_epoch": 8,
  "num_classes": 17,
  "n_train": 734,
  "n_val": 155,
  "n_test": 164,
  "img_size": 224,
  "batch_size": 16,
  "adapter_dim": 256,
  "dropout": 0.1,
  "pretrained": true,
  "params_total": 11449169,
  "params_trainable": 272657,
  "test_loss": 1.4176859681199236,
  "test_acc": 0.5487804878048781,
  "test_macro_f1": 0.3800216565644112,
  "test_balanced_acc": 0.392156862745057,
  "time_sec": 638.4689311981201,
  "time_human": "10m 38s"
}