{
  "method": "marine_adapter",
  "budget": 0.1,
  "budget_percent": 10,
  "seed": 42,
  "epochs": 10,
  "best_epoch": 10,
  "num_classes": 17,
  "n_train": 76,
  "n_val": 155,
  "n_test": 164,
  "img_size": 224,
  "batch_size": 16,
  "adapter_dim": 256,
  "dropout": 0.1,
  "pretrained": true,
  "params_total": 11449169,
  "params_trainable": 272657,
  "test_loss": 2.3402958148863258,
  "test_acc": 0.2926829268292683,
  "test_macro_f1": 0.18638695995801732,
  "test_balanced_acc": 0.19411764705881002,
  "time_sec": 174.99423456192017,
  "time_human": "2m 54s"
}