{
  "method": "marine_adapter",
  "budget": 0.05,
  "budget_percent": 5,
  "seed": 43,
  "epochs": 10,
  "best_epoch": 2,
  "num_classes": 17,
  "n_train": 46,
  "n_val": 155,
  "n_test": 164,
  "img_size": 224,
  "batch_size": 16,
  "adapter_dim": 128,
  "dropout": 0.1,
  "pretrained": true,
  "params_total": 11317969,
  "params_trainable": 141457,
  "test_loss": 2.652433308159433,
  "test_acc": 0.13414634146341464,
  "test_macro_f1": 0.08117101079117985,
  "test_balanced_acc": 0.09019607843136614,
  "time_sec": 146.5823471546173,
  "time_human": "2m 26s"
}