{
  "method": "scratch_cnn",
  "budget": 0.1,
  "budget_percent": 10,
  "seed": 42,
  "epochs": 10,
  "best_epoch": 9,
  "num_classes": 17,
  "n_train": 76,
  "n_val": 155,
  "n_test": 164,
  "img_size": 224,
  "batch_size": 16,
  "adapter_dim": "",
  "dropout": "",
  "pretrained": true,
  "params_total": 393745,
  "params_trainable": 393745,
  "test_loss": 2.2616117291334197,
  "test_acc": 0.3170731707317073,
  "test_macro_f1": 0.16212517685750644,
  "test_balanced_acc": 0.21176470588233803,
  "time_sec": 175.07365489006042,
  "time_human": "2m 55s"
}