{
  "method": "marine_adapter",
  "budget": 0.01,
  "budget_percent": 1,
  "seed": 42,
  "epochs": 10,
  "best_epoch": 10,
  "num_classes": 17,
  "n_train": 17,
  "n_val": 155,
  "n_test": 164,
  "img_size": 224,
  "batch_size": 16,
  "adapter_dim": 128,
  "dropout": 0.1,
  "pretrained": true,
  "params_total": 11317969,
  "params_trainable": 141457,
  "test_loss": 2.9242277610592726,
  "test_acc": 0.042682926829268296,
  "test_macro_f1": 0.03458762245858748,
  "test_balanced_acc": 0.0686274509803717,
  "time_sec": 123.02370476722717,
  "time_human": "2m 3s"
}