{
  "method": "linear_probe",
  "budget": 0.01,
  "budget_percent": 1,
  "seed": 43,
  "epochs": 10,
  "best_epoch": 1,
  "num_classes": 17,
  "n_train": 17,
  "n_val": 155,
  "n_test": 164,
  "img_size": 224,
  "batch_size": 16,
  "adapter_dim": "",
  "dropout": "",
  "pretrained": true,
  "params_total": 11185233,
  "params_trainable": 8721,
  "test_loss": 3.0982008852609773,
  "test_acc": 0.06097560975609756,
  "test_macro_f1": 0.02769779240360739,
  "test_balanced_acc": 0.07254901960782766,
  "time_sec": 128.50349378585815,
  "time_human": "2m 8s"
}