{
  "method": "marine_adapter",
  "budget": 0.1,
  "budget_percent": 10,
  "seed": 42,
  "epochs": 10,
  "best_epoch": 10,
  "num_classes": 17,
  "n_train": 76,
  "n_val": 155,
  "n_test": 164,
  "img_size": 224,
  "batch_size": 16,
  "adapter_dim": 128,
  "dropout": 0.1,
  "pretrained": true,
  "params_total": 11317969,
  "params_trainable": 141457,
  "test_loss": 2.4535389528041933,
  "test_acc": 0.2621951219512195,
  "test_macro_f1": 0.14792621595593586,
  "test_balanced_acc": 0.16862745098038093,
  "time_sec": 175.04555487632751,
  "time_human": "2m 55s"
}