{
  "method": "finetune_resnet18",
  "budget": 0.05,
  "budget_percent": 5,
  "seed": 42,
  "epochs": 10,
  "best_epoch": 7,
  "num_classes": 17,
  "n_train": 46,
  "n_val": 155,
  "n_test": 164,
  "img_size": 224,
  "batch_size": 16,
  "adapter_dim": "",
  "dropout": "",
  "pretrained": true,
  "params_total": 11185233,
  "params_trainable": 11185233,
  "test_loss": 2.285326312227947,
  "test_acc": 0.3719512195121951,
  "test_macro_f1": 0.26018913534342714,
  "test_balanced_acc": 0.294117647058778,
  "time_sec": 146.51226496696472,
  "time_human": "2m 26s"
}