{
  "method": "scratch_cnn",
  "budget": 1.0,
  "budget_percent": 100,
  "seed": 43,
  "epochs": 10,
  "best_epoch": 7,
  "num_classes": 17,
  "n_train": 734,
  "n_val": 155,
  "n_test": 164,
  "img_size": 224,
  "batch_size": 16,
  "adapter_dim": "",
  "dropout": "",
  "pretrained": true,
  "params_total": 393745,
  "params_trainable": 393745,
  "test_loss": 1.6679736230431534,
  "test_acc": 0.5182926829268293,
  "test_macro_f1": 0.2979147408812659,
  "test_balanced_acc": 0.3372549019607614,
  "time_sec": 667.6469779014587,
  "time_human": "11m 7s"
}