{
  "method": "finetune_resnet18",
  "budget": 0.1,
  "budget_percent": 10,
  "seed": 43,
  "epochs": 10,
  "best_epoch": 7,
  "num_classes": 17,
  "n_train": 76,
  "n_val": 155,
  "n_test": 164,
  "img_size": 224,
  "batch_size": 16,
  "adapter_dim": "",
  "dropout": "",
  "pretrained": true,
  "params_total": 11185233,
  "params_trainable": 11185233,
  "test_loss": 2.033985137939453,
  "test_acc": 0.4451219512195122,
  "test_macro_f1": 0.34699319101643644,
  "test_balanced_acc": 0.3627450980391308,
  "time_sec": 178.42855882644653,
  "time_human": "2m 58s"
}