{
  "method": "finetune_resnet18",
  "budget": 1.0,
  "budget_percent": 100,
  "seed": 44,
  "epochs": 10,
  "best_epoch": 7,
  "num_classes": 17,
  "n_train": 734,
  "n_val": 155,
  "n_test": 164,
  "img_size": 224,
  "batch_size": 16,
  "adapter_dim": "",
  "dropout": "",
  "pretrained": true,
  "params_total": 11185233,
  "params_trainable": 11185233,
  "test_loss": 1.1172273911354018,
  "test_acc": 0.6890243902439024,
  "test_macro_f1": 0.6242572187310701,
  "test_balanced_acc": 0.6294117647057271,
  "time_sec": 673.3297834396362,
  "time_human": "11m 13s"
}