{
  "method": "finetune_resnet18",
  "budget": 1.0,
  "budget_percent": 100,
  "seed": 42,
  "epochs": 10,
  "best_epoch": 9,
  "num_classes": 17,
  "n_train": 734,
  "n_val": 155,
  "n_test": 164,
  "img_size": 224,
  "batch_size": 16,
  "adapter_dim": "",
  "dropout": "",
  "pretrained": true,
  "params_total": 11185233,
  "params_trainable": 11185233,
  "test_loss": 1.203400953877263,
  "test_acc": 0.7073170731707317,
  "test_macro_f1": 0.6605855560141343,
  "test_balanced_acc": 0.6725490196076745,
  "time_sec": 695.0874166488647,
  "time_human": "11m 35s"
}