{
  "method": "scratch_cnn",
  "budget": 1.0,
  "budget_percent": 100,
  "seed": 44,
  "epochs": 10,
  "best_epoch": 7,
  "num_classes": 17,
  "n_train": 734,
  "n_val": 155,
  "n_test": 164,
  "img_size": 224,
  "batch_size": 16,
  "adapter_dim": "",
  "dropout": "",
  "pretrained": true,
  "params_total": 393745,
  "params_trainable": 393745,
  "test_loss": 1.6691109901521264,
  "test_acc": 0.5060975609756098,
  "test_macro_f1": 0.29121122245662334,
  "test_balanced_acc": 0.3274509803921348,
  "time_sec": 658.7174274921417,
  "time_human": "10m 58s"
}