{
  "method": "scratch_cnn",
  "budget": 0.1,
  "budget_percent": 10,
  "seed": 44,
  "epochs": 10,
  "best_epoch": 10,
  "num_classes": 17,
  "n_train": 76,
  "n_val": 155,
  "n_test": 164,
  "img_size": 224,
  "batch_size": 16,
  "adapter_dim": "",
  "dropout": "",
  "pretrained": true,
  "params_total": 393745,
  "params_trainable": 393745,
  "test_loss": 2.308406486743834,
  "test_acc": 0.3170731707317073,
  "test_macro_f1": 0.16004291010967414,
  "test_balanced_acc": 0.20392156862743738,
  "time_sec": 181.25698852539062,
  "time_human": "3m 1s"
}