annotation_id,image_id,category_id,label,roi_path,source_path,roi_sha256,source_sha256,group_id,fold,split
2,2,8,Apostichopus leukothele,/home/tahiti/MARINE_DATASETS/FathomNet_FGVC2025/data/rois/2_2.png,/home/tahiti/MARINE_DATASETS/FathomNet_FGVC2025/data/images/2.png,cb0d798527c18a16290a63741b34d583e43737fcf87f57492a8da11eb06dc933,5ec76c7a919fe67f217131da633670a5bbf1e6837e84fdaefde9f338be1de65b,2,6,train
9,7,16,Chionoecetes tanneri,/home/tahiti/MARINE_DATASETS/FathomNet_FGVC2025/data/rois/7_9.png,/home/tahiti/MARINE_DATASETS/FathomNet_FGVC2025/data/images/7.png,0042406a3a7e851f770684c3f6ecca45ad0df0653c290ffb97dc18bfdea82571,f4cbd73665e5a9528a75b18df7577ed7dd37fce04e58af11821d5c4fccb3e397,7,2,train
45,15,28,Heterochone calyx,/home/tahiti/MARINE_DATASETS/FathomNet_FGVC2025/data/rois/15_45.png,/home/tahiti/MARINE_DATASETS/FathomNet_FGVC2025/data/images/15.png,5a9c29829b0093384ce9eaa932524f1b5cf945c0f8e771c032b56061407501c2,c837ec480911d974cb9f8374289c7656005c2a78be1935e7b1ec001ac7745319,15,4,train
67,26,65,Rathbunaster californicus,/home/tahiti/MARINE_DATASETS/FathomNet_FGVC2025/data/rois/26_67.png,/home/tahiti/MARINE_DATASETS/FathomNet_FGVC2025/data/images/26.png,b94bd7bb6225b08aaa2c051a2784d945c1470d0c63b2611237ecba8574f89b3c,6c45ab90ffdff553ccbab99da5466aaafa970ba631d6da85eb68812bb1f220ba,26,6,train
88,35,68,Scotoplanes globosa,/home/tahiti/MARINE_DATASETS/FathomNet_FGVC2025/data/rois/35_88.png,/home/tahiti/MARINE_DATASETS/FathomNet_FGVC2025/data/images/35.png,4f544bc37da2f096d10d831d5a5e955768808c1f711b5249fe5c3b01cd715d4e,767e0f0605aaafe4217ca66fabb23f326004293bc65d07d680666094a7a6bdbf,35,6,train
174,43,58,Peniagone,/home/tahiti/MARINE_DATASETS/FathomNet_FGVC2025/data/rois/43_174.png,/home/tahiti/MARINE_DATASETS/FathomNet_FGVC2025/data/images/43.png,ccc07ff2c74f0f10332ce34deb0d8143ee118ae0f5d500ae3dc1ff8195f681e1,3de41178c6b14adfd10d0968b3c9c7deafaf9d63a96963d59a838301476bec93,43,2,train
231,55,55,Paragorgia arborea,/home/tahiti/MARINE_DATASETS/FathomNet_FGVC2025/data/rois/55_231.png,/home/tahiti/MARINE_DATASETS/FathomNet_FGVC2025/data/images/55.png,9315b5bb836040bb7802ce94cb9bcb409fcd662de888609c313991feb91324a8,fe8d27482b1950341d4f1cfc5fa1f83f47038d3ba648ee62aa419a0e4e930ac1,55,6,train
244,61,29,Heteropolypus ritteri,/home/tahiti/MARINE_DATASETS/FathomNet_FGVC2025/data/rois/61_244.png,/home/tahiti/MARINE_DATASETS/FathomNet_FGVC2025/data/images/61.png,7eda6d2b88b57cacbd78d869e0724156b5c803312c39c726d81a85ddc9837f72,4df3dd2d6def1c2ca087ab3dbfec7a12f20cf391d93cf352007a0392264ec773,61,4,train
253,63,57,Parastenella,/home/tahiti/MARINE_DATASETS/FathomNet_FGVC2025/data/rois/63_253.png,/home/tahiti/MARINE_DATASETS/FathomNet_FGVC2025/data/images/63.png,0add0e7d96d30544c2eb5a0be9950a576da5e615b68254cb009eb17bb27d3ee6,41254b0a8de4a5f59f661a069d829b734d18ee5199ac9cb52849d8c3f21004ce,63,4,train
310,71,54,Paragorgia,/home/tahiti/MARINE_DATASETS/FathomNet_FGVC2025/data/rois/71_310.png,/home/tahiti/MARINE_DATASETS/FathomNet_FGVC2025/data/images/71.png,5f4fa024cf5120e5caf33dc5f4289c26ce7e8fa62dbaed505c36abfae5c8a732,37f1063b2ec82880651b4db337d6177849343f86ac650d152e9ed502051fd23e,71,4,train
311,71,62,Psolus squamatus,/home/tahiti/MARINE_DATASETS/FathomNet_FGVC2025/data/rois/71_311.png,/home/tahiti/MARINE_DATASETS/FathomNet_FGVC2025/data/images/71.png,2e46d6eb5a3c6cb4c56c0ee2c5084d0a947faa749870f591bb1d9d18fea96db2,37f1063b2ec82880651b4db337d6177849343f86ac650d152e9ed502051fd23e,71,4,train
408,97,49,Ophiuroidea,/home/tahiti/MARINE_DATASETS/FathomNet_FGVC2025/data/rois/97_408.png,/home/tahiti/MARINE_DATASETS/FathomNet_FGVC2025/data/images/97.png,c6ee03b067eaf27d9bb1bf3e521c34f3d66dec0b129b4114db3ed988540173cd,c1bc154edeba3c76b752b20c7f405614d98a1282c8e326bad6254ea23e9f46da,97,6,train
410,97,49,Ophiuroidea,/home/tahiti/MARINE_DATASETS/FathomNet_FGVC2025/data/rois/97_410.png,/home/tahiti/MARINE_DATASETS/FathomNet_FGVC2025/data/images/97.png,f3f5349a22f18429efcc54c9ebfa8792591444c3878d9ddc5805a2fb8f2fcf2c,c1bc154edeba3c76b752b20c7f405614d98a1282c8e326bad6254ea23e9f46da,97,6,train
413,98,74,Strongylocentrotus fragilis,/home/tahiti/MARINE_DATASETS/FathomNet_FGVC2025/data/rois/98_413.png,/home/tahiti/MARINE_DATASETS/FathomNet_FGVC2025/data/images/98.png,7d01a9a937b540e7254b25c8287d51e7ae3adfc40cb546cb4a524131207064a4,510b7c3e877e3a83f0755c363cf676d7d0417ec5baaab92d64ea6fbb538cbf2f,98,6,train
496,129,13,Brisingida,/home/tahiti/MARINE_DATASETS/FathomNet_FGVC2025/data/rois/129_496.png,/home/tahiti/MARINE_DATASETS/FathomNet_FGVC2025/data/images/129.png,c1b725cf8c338c1802e4b6b929db0f0eb9ff030c3157c5f71915c61b58398fe4,fa9c2e4ef19926e7b33c281756da48dd52c2877a40c5748ea59669d75064e605,129,0,train
527,138,47,Octopus rubescens,/home/tahiti/MARINE_DATASETS/FathomNet_FGVC2025/data/rois/138_527.png,/home/tahiti/MARINE_DATASETS/FathomNet_FGVC2025/data/images/138.png,290352aa3208dbf45a5606c099a254a0e95ea3e1956f13b57e7079aa635d1de7,aee442916afa5501ab132dd95c5c7deddaa792b9ac408b7d93bb3748897ee57d,138,4,train
640,167,74,Strongylocentrotus fragilis,/home/tahiti/MARINE_DATASETS/FathomNet_FGVC2025/data/rois/167_640.png,/home/tahiti/MARINE_DATASETS/FathomNet_FGVC2025/data/images/167.png,cbbfa1bcc1f6993f22574fb471bc0ce43a84ea72752abdd7256963f66709e757,c1d6271a0bca45e3c02ec28f5168e2ff31ad434af763487e4d6bf099bccb3520,167,4,train
673,170,5,Actiniaria,/home/tahiti/MARINE_DATASETS/FathomNet_FGVC2025/data/rois/170_673.png,/home/tahiti/MARINE_DATASETS/FathomNet_FGVC2025/data/images/170.png,e72a3f2f4844bcf00ee889ad451c56a6c4051f99b2ba7478152a62a7ccffe218,dd16611b1dbfcde7e9147a5572741d279027ed66f4c3d10eed1419b9cf35a86c,170,2,train
738,191,34,Isidella tentaculum,/home/tahiti/MARINE_DATASETS/FathomNet_FGVC2025/data/rois/191_738.png,/home/tahiti/MARINE_DATASETS/FathomNet_FGVC2025/data/images/191.png,b23c0af03672dbd6985b250f7d2b9c37a6dec57fede785601a969f6da1a3a845,8633e2686c46cb5d386e7cbc1f304cc855aeef31eaaf83edd2798667e5bdeeba,191,4,train
750,193,53,Pannychia moseleyi,/home/tahiti/MARINE_DATASETS/FathomNet_FGVC2025/data/rois/193_750.png,/home/tahiti/MARINE_DATASETS/FathomNet_FGVC2025/data/images/193.png,448651e66fca2aed16153a0d36a2cc9908d0f90896cf759469daca79baa2f070,737dc29879839453ceca5b34dd50c6f936bc31fa468c00ec3f03c5f3895e4834,193,1,train
757,193,74,Strongylocentrotus fragilis,/home/tahiti/MARINE_DATASETS/FathomNet_FGVC2025/data/rois/193_757.png,/home/tahiti/MARINE_DATASETS/FathomNet_FGVC2025/data/images/193.png,c0be2c93d4cace7c38a86d11e4f9247d54bef8a33766488f0b1d1f3ad24d03f8,737dc29879839453ceca5b34dd50c6f936bc31fa468c00ec3f03c5f3895e4834,193,1,train
1082,296,11,Asteroidea,/home/tahiti/MARINE_DATASETS/FathomNet_FGVC2025/data/rois/296_1082.png,/home/tahiti/MARINE_DATASETS/FathomNet_FGVC2025/data/images/296.png,7e99fae084b9ae8b419447ccec4f6b4d504e2d5b520d80a652b6d15709d238ad,aba1fc05296d9d19b2c9f75acfb3979f3030503cc600dfb90f0112d6979bb94e,296,6,train
1148,313,28,Heterochone calyx,/home/tahiti/MARINE_DATASETS/FathomNet_FGVC2025/data/rois/313_1148.png,/home/tahiti/MARINE_DATASETS/FathomNet_FGVC2025/data/images/313.png,0e6ac5b764bf0590090735f246a5cd1045bc1f50ca101a0f1aacd910da661bf9,46bec2574409b8b47f37e9d6f3b124e1a845753f370c90f91db386543cc03914,313,6,train
1211,328,11,Asteroidea,/home/tahiti/MARINE_DATASETS/FathomNet_FGVC2025/data/rois/328_1211.png,/home/tahiti/MARINE_DATASETS/FathomNet_FGVC2025/data/images/328.png,f9dcdcd13b4a05cca890e948d510536e10944c9ea2cf571748698c00a9bd529c,1c33ec864218fa76e32606389a2f62facf56fbe72b226c0492d30f0a35dd4171,328,6,train
1317,349,25,Gastropoda,/home/tahiti/MARINE_DATASETS/FathomNet_FGVC2025/data/rois/349_1317.png,/home/tahiti/MARINE_DATASETS/FathomNet_FGVC2025/data/images/349.png,2b11a5f6a76067c3f2d764b3be50569fa13287b9c7e4d8aa3adfce8982236838,70e2fbb1b3512054c62be8f862a07a3aaefbdf05c9e93f26c45c3cf5d8b433bd,349,6,train
1356,357,22,Farrea,/home/tahiti/MARINE_DATASETS/FathomNet_FGVC2025/data/rois/357_1356.png,/home/tahiti/MARINE_DATASETS/FathomNet_FGVC2025/data/images/357.png,2b4e27eaad9d7529419d155e67c8c15152c5b1b7f8d9a884029b7dad6518716e,0ceedef08a6bfd665059b1146b10e52c384466ac133645e20b8246e61d461c1d,357,4,train
1421,373,79,Zoantharia,/home/tahiti/MARINE_DATASETS/FathomNet_FGVC2025/data/rois/373_1421.png,/home/tahiti/MARINE_DATASETS/FathomNet_FGVC2025/data/images/373.png,86441869bf0082ddbdd22488f2529de8893755f806490de2adb4002f491028c8,4d892a537a4b5a79427fadd552e7ef4cd0b2b4b86c0f78415c9fdc744c2ae6a2,373,6,train
1439,376,74,Strongylocentrotus fragilis,/home/tahiti/MARINE_DATASETS/FathomNet_FGVC2025/data/rois/376_1439.png,/home/tahiti/MARINE_DATASETS/FathomNet_FGVC2025/data/images/376.png,17ef12d70819591d527e224da999b5fd346791ef9b8e4ae2e3820fd659f6e8d9,11c6e7167da6dc1d50d78629a7f1d2a6f5a6bc0c49a4b08136ebdfad420ca471,376,1,train
1476,381,35,Isididae,/home/tahiti/MARINE_DATASETS/FathomNet_FGVC2025/data/rois/381_1476.png,/home/tahiti/MARINE_DATASETS/FathomNet_FGVC2025/data/images/381.png,f7edbcf2d1644cd7f270d2cd0703e17521dadc4aeb36b7d674a61a8df9ab3db4,e0c369475c6fc104f5327162768fdf0dc50b523a0236ae17d5a4344a612179c2,381,2,train
1498,390,35,Isididae,/home/tahiti/MARINE_DATASETS/FathomNet_FGVC2025/data/rois/390_1498.png,/home/tahiti/MARINE_DATASETS/FathomNet_FGVC2025/data/images/390.png,644293c1bb66e7d0cc0cff7cc8038115252e020630e6c038cae2fd086756e335,2d4d0ebf5e275fc81ebabf35638790bba423750c88992a91448f0834a41e4a3b,390,0,train
1500,391,66,Scleractinia,/home/tahiti/MARINE_DATASETS/FathomNet_FGVC2025/data/rois/391_1500.png,/home/tahiti/MARINE_DATASETS/FathomNet_FGVC2025/data/images/391.png,f19ac1411fa13c4930ea0ba3eaa5ea6a806c10d86d511e33583b14ec68d2fb64,73f93ecbc16056139d98d6dc668d74de47c8d7c80628809efeba469e41fec0ae,391,4,train
1502,392,53,Pannychia moseleyi,/home/tahiti/MARINE_DATASETS/FathomNet_FGVC2025/data/rois/392_1502.png,/home/tahiti/MARINE_DATASETS/FathomNet_FGVC2025/data/images/392.png,e81545eac2a0d349b05d865186e6d81251cbba75b9a79911df2a016982078abb,26bb403924689d6eb592f366bdfb8c705a80d4da1779e569521f0af3cdc398af,392,1,train
1558,401,58,Peniagone,/home/tahiti/MARINE_DATASETS/FathomNet_FGVC2025/data/rois/401_1558.png,/home/tahiti/MARINE_DATASETS/FathomNet_FGVC2025/data/images/401.png,5c2da42b6bae4eee203cf1aad5b8d8f607754a153bcc99ca096295d52a376380,71451593875438e5b90f3f740092ea63a61739be31965467ed0ae8c64356818d,401,0,train
1580,408,49,Ophiuroidea,/home/tahiti/MARINE_DATASETS/FathomNet_FGVC2025/data/rois/408_1580.png,/home/tahiti/MARINE_DATASETS/FathomNet_FGVC2025/data/images/408.png,0a54ab7150b2ffaafd71e51f1c2005937129305f8f427af6eeaa87e081b495ad,d025cae724a7fab6faabf5e4e16890753bc06c840788d1ff7aac74eb861b2bb6,408,0,train
1588,408,49,Ophiuroidea,/home/tahiti/MARINE_DATASETS/FathomNet_FGVC2025/data/rois/408_1588.png,/home/tahiti/MARINE_DATASETS/FathomNet_FGVC2025/data/images/408.png,1c558d6c2253b73405bde65737f572850acdd529e0e34fd7230c0ae35bcba6ff,d025cae724a7fab6faabf5e4e16890753bc06c840788d1ff7aac74eb861b2bb6,408,0,train
1617,408,49,Ophiuroidea,/home/tahiti/MARINE_DATASETS/FathomNet_FGVC2025/data/rois/408_1617.png,/home/tahiti/MARINE_DATASETS/FathomNet_FGVC2025/data/images/408.png,3942004833090a97af80639ad9c691a300c9b3cdf7814983328ff8d45a203082,d025cae724a7fab6faabf5e4e16890753bc06c840788d1ff7aac74eb861b2bb6,408,0,train
1676,413,16,Chionoecetes tanneri,/home/tahiti/MARINE_DATASETS/FathomNet_FGVC2025/data/rois/413_1676.png,/home/tahiti/MARINE_DATASETS/FathomNet_FGVC2025/data/images/413.png,23ffd481d92d17c83c8de6f278c6ecbd74b743dc3f77424d9820d86a78c05219,be6f0cae481791bb53970e91ed00601bf316c2f74ac6cc090722e932c24fb24d,413,4,train
1702,416,34,Isidella tentaculum,/home/tahiti/MARINE_DATASETS/FathomNet_FGVC2025/data/rois/416_1702.png,/home/tahiti/MARINE_DATASETS/FathomNet_FGVC2025/data/images/416.png,f7ad86d0ab9d5823396b13c68c4aabd585d4489f314e52e2c3cc302c55ae92dd,f14759aeb03b6e84f04ddb01e4f92033decc807a4fd82c41f03c3a8672e50655,416,1,train
1704,416,55,Paragorgia arborea,/home/tahiti/MARINE_DATASETS/FathomNet_FGVC2025/data/rois/416_1704.png,/home/tahiti/MARINE_DATASETS/FathomNet_FGVC2025/data/images/416.png,b1f8969e3cc42c50964c6e37d022f7b9d0e21c6e5433a7920b9db11b9bcb6b9f,f14759aeb03b6e84f04ddb01e4f92033decc807a4fd82c41f03c3a8672e50655,416,1,train
1906,463,66,Scleractinia,/home/tahiti/MARINE_DATASETS/FathomNet_FGVC2025/data/rois/463_1906.png,/home/tahiti/MARINE_DATASETS/FathomNet_FGVC2025/data/images/463.png,f3dee1c637adea6b0a83a2079aef45caa2a78c9c7a53b34160ecb44253dba2df,a4ccda7116dc7eb3a5ca8a1eb3b19349f4c3b2522dbc815da4936857ed3f1f2b,463,4,train
1973,490,60,Porifera,/home/tahiti/MARINE_DATASETS/FathomNet_FGVC2025/data/rois/490_1973.png,/home/tahiti/MARINE_DATASETS/FathomNet_FGVC2025/data/images/490.png,6bc8620fdf04d57465189276370c4e8dc0ffad86850152c49873878f9c8173ef,137a628f5e305dbe18775068f3002883ee60746b23f3f38e85872cecee6664f3,490,6,train
1988,497,4,Actinernus,/home/tahiti/MARINE_DATASETS/FathomNet_FGVC2025/data/rois/497_1988.png,/home/tahiti/MARINE_DATASETS/FathomNet_FGVC2025/data/images/497.png,3dbe400a9999ff18e10891a8cb17742b68495fd102a8e63666e49c4bfcb48b14,c677a68d3b9fef909c5df3ef39564f518dd115549136a4a12e52270f8e95cd6a,497,2,train
1991,497,5,Actiniaria,/home/tahiti/MARINE_DATASETS/FathomNet_FGVC2025/data/rois/497_1991.png,/home/tahiti/MARINE_DATASETS/FathomNet_FGVC2025/data/images/497.png,4c215275552acdbfd6040bf841610d4bc1b14961cd457804a3305eb7fed46dfc,c677a68d3b9fef909c5df3ef39564f518dd115549136a4a12e52270f8e95cd6a,497,2,train
2037,500,74,Strongylocentrotus fragilis,/home/tahiti/MARINE_DATASETS/FathomNet_FGVC2025/data/rois/500_2037.png,/home/tahiti/MARINE_DATASETS/FathomNet_FGVC2025/data/images/500.png,d2ef219914a070fd33b905d740a900c515b5ad145d8f08598470ec2b49e95c78,e8feaad569951ae1e9f2837704273d658cf4e056b21e13b7e0551552975fc32c,500,0,train
2121,518,65,Rathbunaster californicus,/home/tahiti/MARINE_DATASETS/FathomNet_FGVC2025/data/rois/518_2121.png,/home/tahiti/MARINE_DATASETS/FathomNet_FGVC2025/data/images/518.png,d4ccf7c2e3353936d8035e61ebb78f16ad094c0eb38f620047db24ac6c4b420a,f1d7a0c3c0e0bdb70a53ffbfc9c89dc9b9194c58542dfaecf22466efe9e8f174,518,1,train
2285,553,5,Actiniaria,/home/tahiti/MARINE_DATASETS/FathomNet_FGVC2025/data/rois/553_2285.png,/home/tahiti/MARINE_DATASETS/FathomNet_FGVC2025/data/images/553.png,7168062ec887c3914fd94b3d5de61508e80e6690084e68c1279a4d3a80be159d,f606142b75348de0b6e0e3d7360a1877a0a7f842fc18aa251555da9f1c02a315,553,4,train
2594,640,71,Sebastolobus,/home/tahiti/MARINE_DATASETS/FathomNet_FGVC2025/data/rois/640_2594.png,/home/tahiti/MARINE_DATASETS/FathomNet_FGVC2025/data/images/640.png,db1a2e2fa61ad625b1a16ceb073e5403f094904f58729b223593494297f4cd76,8d0e6ccc1409fd453de463cf367314dd5fe53173de191382a4d80ef2671ee4e5,640,6,train
2604,642,33,Hormathiidae,/home/tahiti/MARINE_DATASETS/FathomNet_FGVC2025/data/rois/642_2604.png,/home/tahiti/MARINE_DATASETS/FathomNet_FGVC2025/data/images/642.png,96f7d67173afcbf958b989eb4f4c2da223009827d2ca1928de42266fc3b2ae39,e0e9a1ad9f4230ec8084b5f6fa395f46cc016537c194ad62eecb55d7c9bdf6d1,642,4,train
2664,658,36,Isosicyonis,/home/tahiti/MARINE_DATASETS/FathomNet_FGVC2025/data/rois/658_2664.png,/home/tahiti/MARINE_DATASETS/FathomNet_FGVC2025/data/images/658.png,8cb971483aaea7029b5d10428adfd085a771937dd8e66de09684cc40d9053572,5151a05e0bddb7f41675c77637de4fb2a356878bdd77a55f08502bc325551d89,658,2,train
2806,704,11,Asteroidea,/home/tahiti/MARINE_DATASETS/FathomNet_FGVC2025/data/rois/704_2806.png,/home/tahiti/MARINE_DATASETS/FathomNet_FGVC2025/data/images/704.png,4355f1535454ab467668bdb0656279226879d7bc368859db982c87dccaa970ab,db495f5d102cb87aaae4037a5a5fd3bef3e5532f90a14da72cb874d277d2b05f,704,4,train
2823,707,66,Scleractinia,/home/tahiti/MARINE_DATASETS/FathomNet_FGVC2025/data/rois/707_2823.png,/home/tahiti/MARINE_DATASETS/FathomNet_FGVC2025/data/images/707.png,0f82915c14b7d0910ac4d194a8ba52cd809b7e495eb93104fb2b9c54820c0510,590ffe7c090a0803c41817d87da916c7804e7c604771b9ee581d039392b90ec4,707,1,train
2924,739,31,Hippasteria,/home/tahiti/MARINE_DATASETS/FathomNet_FGVC2025/data/rois/739_2924.png,/home/tahiti/MARINE_DATASETS/FathomNet_FGVC2025/data/images/739.png,5b04b8f8445963ff22cad022f19d6603c3b5a926bbe049cac74294bcb121ab19,5cf5439173d51881ce4931d3beef43853ce24c9271b7a6e2f2d2693a112fa9a1,739,1,train
2934,739,60,Porifera,/home/tahiti/MARINE_DATASETS/FathomNet_FGVC2025/data/rois/739_2934.png,/home/tahiti/MARINE_DATASETS/FathomNet_FGVC2025/data/images/739.png,a9022e6fd7203d00078b5904619feb405816dedbe1f9dcd3ee661647f23bcb30,5cf5439173d51881ce4931d3beef43853ce24c9271b7a6e2f2d2693a112fa9a1,739,1,train
3063,766,73,Staurocalyptus,/home/tahiti/MARINE_DATASETS/FathomNet_FGVC2025/data/rois/766_3063.png,/home/tahiti/MARINE_DATASETS/FathomNet_FGVC2025/data/images/766.png,a1ee8993a74e385ba351b93fa0e32f7744874c8d0636053d746ae03ac18080ab,d74854ade035ad603e2c4f332bee6c83024942b2149dac4bed588b625c133525,766,4,train
3083,768,43,Microstomus pacificus,/home/tahiti/MARINE_DATASETS/FathomNet_FGVC2025/data/rois/768_3083.png,/home/tahiti/MARINE_DATASETS/FathomNet_FGVC2025/data/images/768.png,8e75543c1b817ece7e3a2d3af469995eeeb9783f566e5ce799b82b062983d36e,2d96e9a9da9a0b276b45677de1d2888cd3121b89889aa788efea058fc3b6ef64,768,0,train
3096,773,38,Liponema brevicorne,/home/tahiti/MARINE_DATASETS/FathomNet_FGVC2025/data/rois/773_3096.png,/home/tahiti/MARINE_DATASETS/FathomNet_FGVC2025/data/images/773.png,2bd71972cfe8c04238c5f7298fd2ab516ce324154dc56f64f476243e044e4a89,5a4da5636a0ec4f18da0b4de942bc5a260db7b9dddf9b5f2ab20b35d290da240,773,2,train
3191,803,23,Florometra serratissima,/home/tahiti/MARINE_DATASETS/FathomNet_FGVC2025/data/rois/803_3191.png,/home/tahiti/MARINE_DATASETS/FathomNet_FGVC2025/data/images/803.png,f06ed5e0a59c18882546aab1909168adf2749cc9f53c009f08eff337e2101e89,28d8b3f28a6e4dab486a837dbe719325de9b5e13673ceb89aaf40040f3bcbdaf,803,6,train
3335,858,11,Asteroidea,/home/tahiti/MARINE_DATASETS/FathomNet_FGVC2025/data/rois/858_3335.png,/home/tahiti/MARINE_DATASETS/FathomNet_FGVC2025/data/images/858.png,e5e8582e7773f9f2a0e8189b28220289224c2216b7b14f1a9e777675a3b19167,17a21f823495081ae39abd4419475f2eeb83c3b89244be897f9c42d11ef0eb92,858,6,train
3461,884,65,Rathbunaster californicus,/home/tahiti/MARINE_DATASETS/FathomNet_FGVC2025/data/rois/884_3461.png,/home/tahiti/MARINE_DATASETS/FathomNet_FGVC2025/data/images/884.png,30a0fb1d7d10fd7d966edcd3987dc21b688f6b05078f004c923d089160d7c320,891baadd4c98a3535fde392057f6e37415f7a947b03c29c8bac6f9907f44a89f,884,4,train
3633,936,44,Munidopsis,/home/tahiti/MARINE_DATASETS/FathomNet_FGVC2025/data/rois/936_3633.png,/home/tahiti/MARINE_DATASETS/FathomNet_FGVC2025/data/images/936.png,00bf10adbf8c05e6a47424ba4de6543ada649603c9130be1a067129138b3eb55,2c9cbe22a168be5697e6cbb17e22075ddf7eebdf24eff51f6ef5223819e96feb,936,1,train
3668,944,30,Hexactinellida,/home/tahiti/MARINE_DATASETS/FathomNet_FGVC2025/data/rois/944_3668.png,/home/tahiti/MARINE_DATASETS/FathomNet_FGVC2025/data/images/944.png,6a507d0683e714ef93969705eb0cb7d3f632e7cbddd3bd284f114313d5e79342,ac5b09151aa8be8cb3d92b8dc3a2fc9b9f683a98f575045dcca9392aefabff24,944,2,train
3679,944,28,Heterochone calyx,/home/tahiti/MARINE_DATASETS/FathomNet_FGVC2025/data/rois/944_3679.png,/home/tahiti/MARINE_DATASETS/FathomNet_FGVC2025/data/images/944.png,9e49ba8a96ea2b6a2fe4a585fd19d6af50df2b5d4ca67837636e63c42882833b,ac5b09151aa8be8cb3d92b8dc3a2fc9b9f683a98f575045dcca9392aefabff24,944,2,train
3737,955,4,Actinernus,/home/tahiti/MARINE_DATASETS/FathomNet_FGVC2025/data/rois/955_3737.png,/home/tahiti/MARINE_DATASETS/FathomNet_FGVC2025/data/images/955.png,a5d78311a74f8323bef96022a5c5e3278fe477ea68033cfe4f23c4ab2d57454c,3054207f80593f76d29db46d7eff7f0a3feb1bf765b41b50c54f8aba2ea96f0a,955,2,train
3789,974,72,Serpulidae,/home/tahiti/MARINE_DATASETS/FathomNet_FGVC2025/data/rois/974_3789.png,/home/tahiti/MARINE_DATASETS/FathomNet_FGVC2025/data/images/974.png,5fd54a4fec297c1a0a35a257e59ac1c4f93b43619dc896de5063b44356619a1d,eb2241321e275ce73ed506b62f7d8a3442aca1f71e47c60bbbb8a6ead4f41c67,974,6,train
3800,980,60,Porifera,/home/tahiti/MARINE_DATASETS/FathomNet_FGVC2025/data/rois/980_3800.png,/home/tahiti/MARINE_DATASETS/FathomNet_FGVC2025/data/images/980.png,387748d68412ea61815a2437b9e645d88d9777a0fc4f792800b38bc07b5467a8,e07881acac426482c056475e82d39a95662a37e1459911809c05251d43c99ca8,980,0,train
3806,981,23,Florometra serratissima,/home/tahiti/MARINE_DATASETS/FathomNet_FGVC2025/data/rois/981_3806.png,/home/tahiti/MARINE_DATASETS/FathomNet_FGVC2025/data/images/981.png,5d5e4aadbc0f67b5ae4747b4b6961f2a9c504290ceb4ed371685c53dab9685bb,457bea547ae70ee3eaf7e963fc3a09778ece82809ffe131e576d6233ebf6f6d5,981,4,train
3841,993,39,Lithodidae,/home/tahiti/MARINE_DATASETS/FathomNet_FGVC2025/data/rois/993_3841.png,/home/tahiti/MARINE_DATASETS/FathomNet_FGVC2025/data/images/993.png,423c657c951cb39ef1f406fd15960d07e5ee37e47d6f29968b4fdcec2099eda2,ee573905baa56ad666d3c94d51e8d12fcc6c4f8b8e7ca7c3ac474bed180be0c7,993,2,train
3886,1002,58,Peniagone,/home/tahiti/MARINE_DATASETS/FathomNet_FGVC2025/data/rois/1002_3886.png,/home/tahiti/MARINE_DATASETS/FathomNet_FGVC2025/data/images/1002.png,df201b4761b787b49fe91563b2819798634b83b74449089149540e26d8a034a4,007384852c5cab5e0aaac7d587245b789ea8b10cbaed59a585ebc201dcbb43fe,1002,1,train
3902,1006,11,Asteroidea,/home/tahiti/MARINE_DATASETS/FathomNet_FGVC2025/data/rois/1006_3902.png,/home/tahiti/MARINE_DATASETS/FathomNet_FGVC2025/data/images/1006.png,187671a2f48f46123e389d97bbe5de03d7876bf8062bc7e4a3ba0188401c8faa,82260dff8ce892bc41a5fc84b3e923b52385fa5ff98ac3bd420c233f71514d8f,1006,0,train
3909,1006,75,Terebellidae,/home/tahiti/MARINE_DATASETS/FathomNet_FGVC2025/data/rois/1006_3909.png,/home/tahiti/MARINE_DATASETS/FathomNet_FGVC2025/data/images/1006.png,5ffe2f00e6a892390be101947c8a5e9d90beb4e51398ba324136fee136e25b3a,82260dff8ce892bc41a5fc84b3e923b52385fa5ff98ac3bd420c233f71514d8f,1006,0,train
3910,1006,75,Terebellidae,/home/tahiti/MARINE_DATASETS/FathomNet_FGVC2025/data/rois/1006_3910.png,/home/tahiti/MARINE_DATASETS/FathomNet_FGVC2025/data/images/1006.png,db0120884efd67c382076006d69d75fd7b04cd514d8f197c2ffca37c505ade27,82260dff8ce892bc41a5fc84b3e923b52385fa5ff98ac3bd420c233f71514d8f,1006,0,train
4038,1036,16,Chionoecetes tanneri,/home/tahiti/MARINE_DATASETS/FathomNet_FGVC2025/data/rois/1036_4038.png,/home/tahiti/MARINE_DATASETS/FathomNet_FGVC2025/data/images/1036.png,20e3330ea4b7a3ac8929dde67ed8dafc8f6b575e39a8f930792ab0ce54c4f9b0,59266b41be7ec22fd9365d97eaaf7f75bb4c13bafc273f3b965ee982bf19266b,1036,0,train
4047,1039,77,Umbellula,/home/tahiti/MARINE_DATASETS/FathomNet_FGVC2025/data/rois/1039_4047.png,/home/tahiti/MARINE_DATASETS/FathomNet_FGVC2025/data/images/1039.png,451198df9f20cd22c1bc40989cefe664af3c0b0cd67762c4c642366a92a633aa,b7b2b1256a57fd4b62c25898feed7afe00de12f3e94be577e7a873824dcb6691,1039,1,train
4096,1067,33,Hormathiidae,/home/tahiti/MARINE_DATASETS/FathomNet_FGVC2025/data/rois/1067_4096.png,/home/tahiti/MARINE_DATASETS/FathomNet_FGVC2025/data/images/1067.png,c6ea934db2bb3fe5f14c0542c1fae7d2e5027659121e4f3970d1f89e468efa8b,e5b90c8542039fede0e3b0e9f0c1c4fb903282424ebbbcc65271b43fbd01f335,1067,0,train
4231,1110,60,Porifera,/home/tahiti/MARINE_DATASETS/FathomNet_FGVC2025/data/rois/1110_4231.png,/home/tahiti/MARINE_DATASETS/FathomNet_FGVC2025/data/images/1110.png,22e85b1a0a41aec31037aa94314c0ba7234c6cd737e53b54276b2d2345f4ea9e,6fa86adcd013e55e4902dfd3bd3894502c1267b87a317447183970c154b7656a,1110,2,train
4267,1117,55,Paragorgia arborea,/home/tahiti/MARINE_DATASETS/FathomNet_FGVC2025/data/rois/1117_4267.png,/home/tahiti/MARINE_DATASETS/FathomNet_FGVC2025/data/images/1117.png,c6e641b58c5d1f8385f799f9532388a68a8a025456a1e37c7fb92c649a4e3a32,e5efad948fe1192413de622096ff783e8e65730c2fb25e7afd053aa89bf5ea94,1117,1,train
4272,1118,62,Psolus squamatus,/home/tahiti/MARINE_DATASETS/FathomNet_FGVC2025/data/rois/1118_4272.png,/home/tahiti/MARINE_DATASETS/FathomNet_FGVC2025/data/images/1118.png,7a358df50eb6b954d219b3584d7dab5fb5c80b3a6553d035d8a45d5c9dc6eb37,43087d3bfa5536a829f59c046a524bb8089b0afa222f1c508bad79e29f093f22,1118,1,train
4348,1139,14,Caridea,/home/tahiti/MARINE_DATASETS/FathomNet_FGVC2025/data/rois/1139_4348.png,/home/tahiti/MARINE_DATASETS/FathomNet_FGVC2025/data/images/1139.png,cfcc0e841f88c7f4ec945020e4b553b452676f3a6dec6b5a54a757d4ee7ee732,4d061a7b31479935db85c369285dabb7d27aed5397fe8253f70f0b665fcb7434,1139,4,train
4349,1139,39,Lithodidae,/home/tahiti/MARINE_DATASETS/FathomNet_FGVC2025/data/rois/1139_4349.png,/home/tahiti/MARINE_DATASETS/FathomNet_FGVC2025/data/images/1139.png,70dd589bf950fa2c747ef3790d11b3958edc99f8722ba9b2c6c10b5b425c0e73,4d061a7b31479935db85c369285dabb7d27aed5397fe8253f70f0b665fcb7434,1139,4,train
4540,1187,48,Ophiacanthidae,/home/tahiti/MARINE_DATASETS/FathomNet_FGVC2025/data/rois/1187_4540.png,/home/tahiti/MARINE_DATASETS/FathomNet_FGVC2025/data/images/1187.png,fb460b22e4d46f7c694a1810847dfaa3fdaebc5d1617be8ffc8dedeaa50a55ca,f8034e8f0232a962a1aaada18aa08e26f42b78729f7beb3021dcb51957006e64,1187,0,train
4575,1189,70,Sebastes diploproa,/home/tahiti/MARINE_DATASETS/FathomNet_FGVC2025/data/rois/1189_4575.png,/home/tahiti/MARINE_DATASETS/FathomNet_FGVC2025/data/images/1189.png,a14c57f7851903b9955b2605b8c9306163afb0e6a27c83d22e8cd7ea4534e58e,e7b13ecd79a091cc18742ef1b0f0f8d0144538aa17d8f3cc6d4558e160c91956,1189,0,train
4585,1193,42,Metridium farcimen,/home/tahiti/MARINE_DATASETS/FathomNet_FGVC2025/data/rois/1193_4585.png,/home/tahiti/MARINE_DATASETS/FathomNet_FGVC2025/data/images/1193.png,c961e07d721c43e3ae83662a38ef0bcc5aa26c2d275112d721c92934a92f820d,334893b841eeb675eff304f9e7bb1abb080a029b250537888ac8bccad1ca51fa,1193,2,train
4620,1209,71,Sebastolobus,/home/tahiti/MARINE_DATASETS/FathomNet_FGVC2025/data/rois/1209_4620.png,/home/tahiti/MARINE_DATASETS/FathomNet_FGVC2025/data/images/1209.png,f43a26ac06310aea36775847f97d4db2713aefbc46137db3e65e7b5a8dd7cf0b,2d15a7926848a9c25cd8d3af0c7089803d1e62b96458077191431f5302cddcf2,1209,6,train
4631,1217,22,Farrea,/home/tahiti/MARINE_DATASETS/FathomNet_FGVC2025/data/rois/1217_4631.png,/home/tahiti/MARINE_DATASETS/FathomNet_FGVC2025/data/images/1217.png,f06276d4773ed8a1a98a03ccef69d1ad69b85e17bb3026c43d534507c7dfdfc9,4bca0b6ba99c7ee5821233e7c082f384137f0a59d3b72cc1d8cd28b980c1b7e0,1217,2,train
4683,1228,30,Hexactinellida,/home/tahiti/MARINE_DATASETS/FathomNet_FGVC2025/data/rois/1228_4683.png,/home/tahiti/MARINE_DATASETS/FathomNet_FGVC2025/data/images/1228.png,98c23f1a296dc699fcc28c935a0a032b2c82e4c9474d76d2a8dd58ffb522f744,78ba84f8675afcc774c6e788a1915de717ce983661dbd94bb28134b887a2d45d,1228,2,train
4684,1228,71,Sebastolobus,/home/tahiti/MARINE_DATASETS/FathomNet_FGVC2025/data/rois/1228_4684.png,/home/tahiti/MARINE_DATASETS/FathomNet_FGVC2025/data/images/1228.png,00de3beee4628e0607a0aaf43cffd1f0118573501cf6d998b07baf34fcd2f0ca,78ba84f8675afcc774c6e788a1915de717ce983661dbd94bb28134b887a2d45d,1228,2,train
4718,1238,66,Scleractinia,/home/tahiti/MARINE_DATASETS/FathomNet_FGVC2025/data/rois/1238_4718.png,/home/tahiti/MARINE_DATASETS/FathomNet_FGVC2025/data/images/1238.png,be4c2ea05951ee8001e34d2498f71210f189693c555337819e2daa3ffde08295,d3b934edc21bd11d7749e86cf64172e44a1f639a1d39a856ec738068a85e2c45,1238,6,train
4734,1248,60,Porifera,/home/tahiti/MARINE_DATASETS/FathomNet_FGVC2025/data/rois/1248_4734.png,/home/tahiti/MARINE_DATASETS/FathomNet_FGVC2025/data/images/1248.png,ee13208016f4c568dba3b1308ba66a6346a8f55f0763718d5c277befcf67bbd9,95583ff75d747c1df65f8e6e173299a7c84e02f6882bc53a3c631c5beb32ea28,1248,2,train
4828,1274,16,Chionoecetes tanneri,/home/tahiti/MARINE_DATASETS/FathomNet_FGVC2025/data/rois/1274_4828.png,/home/tahiti/MARINE_DATASETS/FathomNet_FGVC2025/data/images/1274.png,c73850ccb2bf6c294026386ff295291045c023f4e29e1b7bfd43fee111694174,bf948b792f39315bfd45142e0db48e26d728de9f8686beea3afe80b1eecfd00e,1274,6,train
4830,1275,78,Vesicomyidae,/home/tahiti/MARINE_DATASETS/FathomNet_FGVC2025/data/rois/1275_4830.png,/home/tahiti/MARINE_DATASETS/FathomNet_FGVC2025/data/images/1275.png,445b2350a60dfd9b4d109a704701692503638a2020b6bb9b29397f7de182a86a,d404db9d93015dea2821d1ed9522a2894d576c810b24673e3ea95bfbdcbe91c6,1275,6,train
4878,1300,53,Pannychia moseleyi,/home/tahiti/MARINE_DATASETS/FathomNet_FGVC2025/data/rois/1300_4878.png,/home/tahiti/MARINE_DATASETS/FathomNet_FGVC2025/data/images/1300.png,d25494222a627041e53dc04429eff1a2f4b7acaee1f2f4b838175ff47d8d3603,e4fe969d65e6a954692a7af647cbf889c0d1628d85b3bb972e6ed7ca7d1fe5a6,1300,2,train
4917,1311,62,Psolus squamatus,/home/tahiti/MARINE_DATASETS/FathomNet_FGVC2025/data/rois/1311_4917.png,/home/tahiti/MARINE_DATASETS/FathomNet_FGVC2025/data/images/1311.png,22e0ca622c267aafb3266ae025e9197c3b3b261783398d334e02458656340e96,064f01346b422978251171910e85164dc3cd2172b52f56ede52edfe3634d0f22,1311,4,train
4939,1311,62,Psolus squamatus,/home/tahiti/MARINE_DATASETS/FathomNet_FGVC2025/data/rois/1311_4939.png,/home/tahiti/MARINE_DATASETS/FathomNet_FGVC2025/data/images/1311.png,87dec009644d048d995718a399cbc0f3278009f17f6cf71bcab461d817d30f64,064f01346b422978251171910e85164dc3cd2172b52f56ede52edfe3634d0f22,1311,4,train
5027,1333,25,Gastropoda,/home/tahiti/MARINE_DATASETS/FathomNet_FGVC2025/data/rois/1333_5027.png,/home/tahiti/MARINE_DATASETS/FathomNet_FGVC2025/data/images/1333.png,acb923d4d20e646883ccb079c824d8bc65a72daf00c7ec8fcd42c93126a9f421,e5d3868198084f0ffd7f756971173ce453bdd1cb7987f4512c541cb84eba229f,1333,0,train
5071,1352,41,Merluccius productus,/home/tahiti/MARINE_DATASETS/FathomNet_FGVC2025/data/rois/1352_5071.png,/home/tahiti/MARINE_DATASETS/FathomNet_FGVC2025/data/images/1352.png,90fa1e7386f0d335e4c8d8bbb87c56320f8ae0b93a9a174fdf541f364b4dee60,dc0754bddca1ceb5245aee3c12f18df57cee3ca0bd5c28b7c25549b78d1f6aa5,1352,2,train
5141,1373,6,Actinopterygii,/home/tahiti/MARINE_DATASETS/FathomNet_FGVC2025/data/rois/1373_5141.png,/home/tahiti/MARINE_DATASETS/FathomNet_FGVC2025/data/images/1373.png,b30a7f865ac62ef5674e7595889d98d92e0de1080757f038e1a6f0a5605e45fd,c39ee835fad556cb9ccbefc02bc6530d20b618d7a243a0f18a546e51047a4982,1373,4,train
5212,1388,21,Elpidia,/home/tahiti/MARINE_DATASETS/FathomNet_FGVC2025/data/rois/1388_5212.png,/home/tahiti/MARINE_DATASETS/FathomNet_FGVC2025/data/images/1388.png,31d575228ee2d76edacecafa93491ca3b4f8146f87afeee488d9ebb7d8a1b0cd,7c57bcdaa429549fb54bf5ff9fd3c7ab67afdd4648043e16ac6a2fbbb3bbcf36,1388,4,train
5274,1404,5,Actiniaria,/home/tahiti/MARINE_DATASETS/FathomNet_FGVC2025/data/rois/1404_5274.png,/home/tahiti/MARINE_DATASETS/FathomNet_FGVC2025/data/images/1404.png,de1ec9dbc515faddf36f321df1d6ae8807e4c10cbafecef0b3fec252c0703296,5bff803a4a7de5112fa3940c9d20bc10295ebdd5648a0150d810ab9db7e11406,1404,6,train
5279,1405,71,Sebastolobus,/home/tahiti/MARINE_DATASETS/FathomNet_FGVC2025/data/rois/1405_5279.png,/home/tahiti/MARINE_DATASETS/FathomNet_FGVC2025/data/images/1405.png,2183779efd3c9e142fe516746c73f908c5fc01c19aaf7b9cce48f0779e720d6e,645496e2b8c00a6ffce29f6437930510aeda8b2e8a2063c7fb4434642e2d5031,1405,4,train
5284,1408,41,Merluccius productus,/home/tahiti/MARINE_DATASETS/FathomNet_FGVC2025/data/rois/1408_5284.png,/home/tahiti/MARINE_DATASETS/FathomNet_FGVC2025/data/images/1408.png,5336ea7b9a4102902720dd3014ece05a61a1410f36d81ec9efae01eeca65c702,3719be7f750edc2948f2fc67ef360a0ace9765982be078b85dc71ee6861b12eb,1408,2,train
5297,1415,58,Peniagone,/home/tahiti/MARINE_DATASETS/FathomNet_FGVC2025/data/rois/1415_5297.png,/home/tahiti/MARINE_DATASETS/FathomNet_FGVC2025/data/images/1415.png,a299b2d354f831ef15b9515f891115d8960604a3f1bed416c24e5e9de589e3aa,6d377e9d93e723bb2d11d6efda7333b81feb88e8eb749b9a4586d2bde942f892,1415,4,train
5466,1470,44,Munidopsis,/home/tahiti/MARINE_DATASETS/FathomNet_FGVC2025/data/rois/1470_5466.png,/home/tahiti/MARINE_DATASETS/FathomNet_FGVC2025/data/images/1470.png,03b865ce9881587597bbec590f3eda34d52c21c7aae1fbb7378adc8cad4bae90,4a39054af7a34a6713f11e4675b179c36ddb86f7de244176590933404988d457,1470,2,train
5467,1470,44,Munidopsis,/home/tahiti/MARINE_DATASETS/FathomNet_FGVC2025/data/rois/1470_5467.png,/home/tahiti/MARINE_DATASETS/FathomNet_FGVC2025/data/images/1470.png,e733372f9d48b73473ed8d708fab8cf008ada952b515b9a2208ad3dbb5213878,4a39054af7a34a6713f11e4675b179c36ddb86f7de244176590933404988d457,1470,2,train
5482,1475,5,Actiniaria,/home/tahiti/MARINE_DATASETS/FathomNet_FGVC2025/data/rois/1475_5482.png,/home/tahiti/MARINE_DATASETS/FathomNet_FGVC2025/data/images/1475.png,64c44b9378e7fa54559462db07784c0371489dd83de037cb2dd964f65637996d,9a7dc8143fc7e274f67b40f2c5070a99566b6d2e19d504ab988b570e8c0b0e54,1475,4,train
5573,1507,32,Holothuroidea,/home/tahiti/MARINE_DATASETS/FathomNet_FGVC2025/data/rois/1507_5573.png,/home/tahiti/MARINE_DATASETS/FathomNet_FGVC2025/data/images/1507.png,648cdbbde0b5ae618f908a7f45ad39b67a9cbe52eb2f2026fae9c41ea01c4874,4386ae1c953040e2026d6707d8dd921f9aa63d73e4e3d5e7a29c94982e9574cb,1507,0,train
5708,1546,73,Staurocalyptus,/home/tahiti/MARINE_DATASETS/FathomNet_FGVC2025/data/rois/1546_5708.png,/home/tahiti/MARINE_DATASETS/FathomNet_FGVC2025/data/images/1546.png,5f5a52b89b5ee2e194b74f3673879fa2d7f356fa3b3930ecd43c5f7853af9165,07d3a7739f74a28ab1add04de1f0861cb3f3cea225c1a73bdd83627a08c7402e,1546,4,train
5832,1591,44,Munidopsis,/home/tahiti/MARINE_DATASETS/FathomNet_FGVC2025/data/rois/1591_5832.png,/home/tahiti/MARINE_DATASETS/FathomNet_FGVC2025/data/images/1591.png,5538f16bc15708d0f54a5b1327b7518992f2a2f247e2b672e3f7af330ad29a3d,618da46b58ace7774d0d0e845919f8a0b1e1adcd36f95a83d607a8d425600b99,1591,2,train
5836,1591,44,Munidopsis,/home/tahiti/MARINE_DATASETS/FathomNet_FGVC2025/data/rois/1591_5836.png,/home/tahiti/MARINE_DATASETS/FathomNet_FGVC2025/data/images/1591.png,0b5e287ad8aad7f28ec5cc854c938dad73e4edae983ae7f12bc41a76f0ff1e02,618da46b58ace7774d0d0e845919f8a0b1e1adcd36f95a83d607a8d425600b99,1591,2,train
5903,1608,77,Umbellula,/home/tahiti/MARINE_DATASETS/FathomNet_FGVC2025/data/rois/1608_5903.png,/home/tahiti/MARINE_DATASETS/FathomNet_FGVC2025/data/images/1608.png,a9016974437100534cb175d4863b2abe6e52af061c5e8ce98fb7c30a12105210,674cb1cfacf832c1ccfb78a0efcd05ce95185604c1a88421e3f49b21351a8269,1608,0,train
5916,1611,28,Heterochone calyx,/home/tahiti/MARINE_DATASETS/FathomNet_FGVC2025/data/rois/1611_5916.png,/home/tahiti/MARINE_DATASETS/FathomNet_FGVC2025/data/images/1611.png,7b7bc8f135c3318883ec6d8ed6f4e933e0203d023ef05469e67a36de30354afa,adab2aba0cfaa2f49704a69d22c3305718c61496e559ea53649d1a220ce2fba6,1611,2,train
5947,1620,47,Octopus rubescens,/home/tahiti/MARINE_DATASETS/FathomNet_FGVC2025/data/rois/1620_5947.png,/home/tahiti/MARINE_DATASETS/FathomNet_FGVC2025/data/images/1620.png,83a78a4822e184ce51c311ffcefe8471ace9251b586cc8bc69af89c64aa1a2a6,3c429ac4cc6fab1169a82d50893c089cd59d40f2e443731f1c574aa0158348f9,1620,6,train
5953,1620,47,Octopus rubescens,/home/tahiti/MARINE_DATASETS/FathomNet_FGVC2025/data/rois/1620_5953.png,/home/tahiti/MARINE_DATASETS/FathomNet_FGVC2025/data/images/1620.png,64edded6a408c1efdf3d007bfdcd44a04357dd539b61f090041de0fecac86c78,3c429ac4cc6fab1169a82d50893c089cd59d40f2e443731f1c574aa0158348f9,1620,6,train
6009,1637,22,Farrea,/home/tahiti/MARINE_DATASETS/FathomNet_FGVC2025/data/rois/1637_6009.png,/home/tahiti/MARINE_DATASETS/FathomNet_FGVC2025/data/images/1637.png,46926c98c1c5aad193af85f1abc016ef554ead202b128e58f7c3075b29254931,935fabf0a474e88be7ae3e434958d092c57ad83065ba9978b8c104b78cbbf137,1637,2,train
6154,1699,65,Rathbunaster californicus,/home/tahiti/MARINE_DATASETS/FathomNet_FGVC2025/data/rois/1699_6154.png,/home/tahiti/MARINE_DATASETS/FathomNet_FGVC2025/data/images/1699.png,974a1f82f09782f9ee099e9ef7bd7e7e793a1159b39a6a4e27bdaf1b9bca607e,1cc5e49864210535e11ed1f71a1c8d0d4eba55b7ef6003f48d48d64609e5c188,1699,4,train
6565,1816,24,Funiculina,/home/tahiti/MARINE_DATASETS/FathomNet_FGVC2025/data/rois/1816_6565.png,/home/tahiti/MARINE_DATASETS/FathomNet_FGVC2025/data/images/1816.png,a01c270b30277a85423f8ee712f4a796ec72b3a8be3f84a782ef1a52e258085d,03a2d0519ed6b865467d581d084b1e6a99ff0641d5584da845ae2a6227783303,1816,6,train
6664,1843,50,Paelopatides confundens,/home/tahiti/MARINE_DATASETS/FathomNet_FGVC2025/data/rois/1843_6664.png,/home/tahiti/MARINE_DATASETS/FathomNet_FGVC2025/data/images/1843.png,62679c8e0cc6708456b01330cba197b4df9a61701a91061b2992398e38a92100,899f4444cde7a482f4c806a652956b93091c0a99b1517f30e26c6651962ba780,1843,4,train
6716,1867,55,Paragorgia arborea,/home/tahiti/MARINE_DATASETS/FathomNet_FGVC2025/data/rois/1867_6716.png,/home/tahiti/MARINE_DATASETS/FathomNet_FGVC2025/data/images/1867.png,d45a8ad1034173415770dc662d10b41688e3b99a8c16b7cc985f63fd77a45391,797db63d5dff6e9410a1bdba33b72fa6399148e7679509686ca52532c5285d48,1867,2,train
6771,1885,71,Sebastolobus,/home/tahiti/MARINE_DATASETS/FathomNet_FGVC2025/data/rois/1885_6771.png,/home/tahiti/MARINE_DATASETS/FathomNet_FGVC2025/data/images/1885.png,dadf7df2786ae7097bf96e33bc6a6eb3f7bc8b6a19726607225652a286ed14f8,6a0fe16bbe6410d96fa8ff6527819e5af2b8915d0ee08100f992ae3ff0b57929,1885,4,train
6888,1912,62,Psolus squamatus,/home/tahiti/MARINE_DATASETS/FathomNet_FGVC2025/data/rois/1912_6888.png,/home/tahiti/MARINE_DATASETS/FathomNet_FGVC2025/data/images/1912.png,c2b7039eb726f955a4902b9ebcf1876935dfe59c314f13663c4afa8dfc76c4c8,c655f073132dfad339dd86edea09f335470210ec8c77645869ee7f7456202b58,1912,1,train
6940,1939,72,Serpulidae,/home/tahiti/MARINE_DATASETS/FathomNet_FGVC2025/data/rois/1939_6940.png,/home/tahiti/MARINE_DATASETS/FathomNet_FGVC2025/data/images/1939.png,8caf44796166cdcb02e276ab8ffb1fbe86d2bb8b2ae60ad01b7cb527b21cf953,db8ffa401b1bf769fd33d15ca185c4d736175facce8f1dbdee904171783d6c24,1939,4,train
6954,1945,33,Hormathiidae,/home/tahiti/MARINE_DATASETS/FathomNet_FGVC2025/data/rois/1945_6954.png,/home/tahiti/MARINE_DATASETS/FathomNet_FGVC2025/data/images/1945.png,9923531cfc61e0d4b85c628ff74ef29c442ff51339f5277d703dff8df327e952,02812c390072df25c0cf9086cc67eb88fdc60c0aaeded448f116a416f791d36f,1945,6,train
7005,1962,73,Staurocalyptus,/home/tahiti/MARINE_DATASETS/FathomNet_FGVC2025/data/rois/1962_7005.png,/home/tahiti/MARINE_DATASETS/FathomNet_FGVC2025/data/images/1962.png,3c0ac837c4e83be89f38ce9eadd7fda10afed49d0e9cc1304b5c5a9b9df616c8,5f71cad76e38563d51614c5458ab25f80ddf0664e36833ebbf419805f1abc1bf,1962,6,train
7012,1962,73,Staurocalyptus,/home/tahiti/MARINE_DATASETS/FathomNet_FGVC2025/data/rois/1962_7012.png,/home/tahiti/MARINE_DATASETS/FathomNet_FGVC2025/data/images/1962.png,bcd7b08b4d7485795756606c11f81852fe52d95b57e3d1aea55546864ad73d3f,5f71cad76e38563d51614c5458ab25f80ddf0664e36833ebbf419805f1abc1bf,1962,6,train
7023,1964,58,Peniagone,/home/tahiti/MARINE_DATASETS/FathomNet_FGVC2025/data/rois/1964_7023.png,/home/tahiti/MARINE_DATASETS/FathomNet_FGVC2025/data/images/1964.png,1a4947ddfeb1c22db7205914bf1d847e4cb1d043b801c0c11206f78672a4d331,983c0cd7a6a6a2d5ae68e7d4bb1f47538389ce7760c5c1f0fb66fe49c1cac069,1964,4,train
7087,1984,72,Serpulidae,/home/tahiti/MARINE_DATASETS/FathomNet_FGVC2025/data/rois/1984_7087.png,/home/tahiti/MARINE_DATASETS/FathomNet_FGVC2025/data/images/1984.png,4cb5370ed193e9e3c9d18182a28c3c0be9d450a41fd20d42719d7bec42adf987,512ce9cb3f3566470deed8bf60bc9b04a07d2eaa12a93a0af1cab7e0dd764f7e,1984,2,train
7098,1984,20,Delectopecten,/home/tahiti/MARINE_DATASETS/FathomNet_FGVC2025/data/rois/1984_7098.png,/home/tahiti/MARINE_DATASETS/FathomNet_FGVC2025/data/images/1984.png,f4b0b0cb8ef650453f301a9231e4bd7800d68be8249408000a1d12e3a49c0a2b,512ce9cb3f3566470deed8bf60bc9b04a07d2eaa12a93a0af1cab7e0dd764f7e,1984,2,train
7161,2006,67,Scotoplanes,/home/tahiti/MARINE_DATASETS/FathomNet_FGVC2025/data/rois/2006_7161.png,/home/tahiti/MARINE_DATASETS/FathomNet_FGVC2025/data/images/2006.png,ccde5461e26c03ec88d20d113680e27ee0a8d93d67dcc683412b95cedccf0bbe,d8d65833f7344ebf2c7203879f2cbd47eb7ac9b355bc319279f16fbb467b2aa4,2006,1,train
7282,2055,22,Farrea,/home/tahiti/MARINE_DATASETS/FathomNet_FGVC2025/data/rois/2055_7282.png,/home/tahiti/MARINE_DATASETS/FathomNet_FGVC2025/data/images/2055.png,b82027a8a9f09b3735d9759022bddd374d8e7092b3f25a3f1926ba178ea858ea,4a27b43f9f661e4ab9398ce850051dfe794287f405254f6fbb20e45adc919d5b,2055,1,train
7298,2059,37,Keratoisis,/home/tahiti/MARINE_DATASETS/FathomNet_FGVC2025/data/rois/2059_7298.png,/home/tahiti/MARINE_DATASETS/FathomNet_FGVC2025/data/images/2059.png,e0a48bbaf3f03984ef2dffb7d5da2701369dd97cc93412a923f45eb8aaba476f,a99c9bbf2b79bf2815034e5291d80b08ce8b1ddc8580c3eeb4b3ead4fe105109,2059,2,train
7306,2064,67,Scotoplanes,/home/tahiti/MARINE_DATASETS/FathomNet_FGVC2025/data/rois/2064_7306.png,/home/tahiti/MARINE_DATASETS/FathomNet_FGVC2025/data/images/2064.png,0d0150e98de188135aa296a79e4d4b675a3e5a69c7bacece3fcfe0c8d92c72d1,472401b31ee9398c8b3f28a1beab396e8ebd2565487ffec80c96624a120fff85,2064,2,train
7337,2074,36,Isosicyonis,/home/tahiti/MARINE_DATASETS/FathomNet_FGVC2025/data/rois/2074_7337.png,/home/tahiti/MARINE_DATASETS/FathomNet_FGVC2025/data/images/2074.png,0d1372f97570e39b94ab73b34a3ba8ea2d55987d0577a78cf8d26801596e0f5d,ce22263613f020faf767792b96fdeaa0986c41e1046d3bb36554fedb20046825,2074,4,train
7406,2088,2,Acanthascinae,/home/tahiti/MARINE_DATASETS/FathomNet_FGVC2025/data/rois/2088_7406.png,/home/tahiti/MARINE_DATASETS/FathomNet_FGVC2025/data/images/2088.png,b5de31145549ec423fe6dc37d03d7328f4348a9974ccf1c04b17332a5fe87a9d,4047f1991a71b758ca26e1bf077cc2a453ac0beb5f20d92cebc55615f11dac2f,2088,0,train
7422,2094,79,Zoantharia,/home/tahiti/MARINE_DATASETS/FathomNet_FGVC2025/data/rois/2094_7422.png,/home/tahiti/MARINE_DATASETS/FathomNet_FGVC2025/data/images/2094.png,5f4f8cf4eb88babea3df9cc506be9841fcf884e89581c0420bb1a2850d3f6240,38f339af8a38f51831acbfab22ad053b71575b393df0b86d82f556f30a4d3b5a,2094,1,train
7457,2106,67,Scotoplanes,/home/tahiti/MARINE_DATASETS/FathomNet_FGVC2025/data/rois/2106_7457.png,/home/tahiti/MARINE_DATASETS/FathomNet_FGVC2025/data/images/2106.png,5e82c0dcc785e57c2487e2b8bd0809bf9acef9874400820f304dd2a5f39a3a55,39d24db2f6f8f134b84c3eb8730b5ee5b2200f6959aeb04271befac78389eb0e,2106,1,train
7462,2109,68,Scotoplanes globosa,/home/tahiti/MARINE_DATASETS/FathomNet_FGVC2025/data/rois/2109_7462.png,/home/tahiti/MARINE_DATASETS/FathomNet_FGVC2025/data/images/2109.png,f2481a15cb0750714094507bf8638000b29f0d488d0348f8948eab963e38ff13,4ad7f4de2fa5918b285f08b7299d31b83d808f3b3fce350155db4fc228a57b46,2109,4,train
7575,2163,36,Isosicyonis,/home/tahiti/MARINE_DATASETS/FathomNet_FGVC2025/data/rois/2163_7575.png,/home/tahiti/MARINE_DATASETS/FathomNet_FGVC2025/data/images/2163.png,3d8b136f097a253919d8732a9d74d89c5b8a302d6fced3b710ef19042a7a629e,bd581164ccc9e75436bc2926a6f440adbe8db1bc45c62fc74439de56ce36c262,2163,2,train
7631,2179,30,Hexactinellida,/home/tahiti/MARINE_DATASETS/FathomNet_FGVC2025/data/rois/2179_7631.png,/home/tahiti/MARINE_DATASETS/FathomNet_FGVC2025/data/images/2179.png,564c2cc9700cfc21f5b1d64cbd4be8f781cf92b33d20a0632119f0d678fa3aa6,f6ae4161404463610652276829f7cfe0f50a35745af736400355bc0a71cfffb3,2179,6,train
7724,2214,37,Keratoisis,/home/tahiti/MARINE_DATASETS/FathomNet_FGVC2025/data/rois/2214_7724.png,/home/tahiti/MARINE_DATASETS/FathomNet_FGVC2025/data/images/2214.png,019744370f8404c224226105ba55e7e11bd82242fa2038c84e43a2062f87dc38,68dd3fdfde2d251422024f389ac1e701e5efadcc3deac4f2052a3689c822172e,2214,4,train
7895,2285,77,Umbellula,/home/tahiti/MARINE_DATASETS/FathomNet_FGVC2025/data/rois/2285_7895.png,/home/tahiti/MARINE_DATASETS/FathomNet_FGVC2025/data/images/2285.png,3deb5850412dab92f848c63305ddfecfd7dc6b0e38d0c0882970e6e599ec9dd2,d0244680ec75c7a8baef8cf99eeef7cc8a7d83c64e1ea03adce1b76a88dc9cc5,2285,2,train
7948,2302,35,Isididae,/home/tahiti/MARINE_DATASETS/FathomNet_FGVC2025/data/rois/2302_7948.png,/home/tahiti/MARINE_DATASETS/FathomNet_FGVC2025/data/images/2302.png,ad275452f06c5060a063af49d773b13f6cc9a3c1a2cdde9b64525bea7fa3336a,3edae6e1c996710cd73897a393a0d3b53cded8118b3208b1b792ecffd5f36b36,2302,6,train
7950,2304,45,Munnopsidae,/home/tahiti/MARINE_DATASETS/FathomNet_FGVC2025/data/rois/2304_7950.png,/home/tahiti/MARINE_DATASETS/FathomNet_FGVC2025/data/images/2304.png,b7abb1d5501044650f82278916b18f641c2ad0d88f839dffc1409257cfbddc91,93f2fcdf5b8cc67bf16666d1963656f94b27643182ec9d3d3d0975b046c9a706,2304,6,train
8019,2342,31,Hippasteria,/home/tahiti/MARINE_DATASETS/FathomNet_FGVC2025/data/rois/2342_8019.png,/home/tahiti/MARINE_DATASETS/FathomNet_FGVC2025/data/images/2342.png,5dc5260d3dabf6135878bfce2358dc39db14c8971fd9bb32443e7d99fc580d0c,36a4851a7c06648d19969ac5f09e19a3cb0bd820bf74a1c2aece210d44d9cccd,2342,1,train
8068,2370,67,Scotoplanes,/home/tahiti/MARINE_DATASETS/FathomNet_FGVC2025/data/rois/2370_8068.png,/home/tahiti/MARINE_DATASETS/FathomNet_FGVC2025/data/images/2370.png,43ef42d12a4f6149b58ff66bb8f9b001b781bf8c759fec531228b1bcc0d61a69,8cddcfdc1114582869dff367fd30f0c51387f87cea8e0b0256dff0780d69e989,2370,0,train
8081,2373,24,Funiculina,/home/tahiti/MARINE_DATASETS/FathomNet_FGVC2025/data/rois/2373_8081.png,/home/tahiti/MARINE_DATASETS/FathomNet_FGVC2025/data/images/2373.png,6c46719e8045e1385abdb6ea57ed7c102e2551cc23b35009e22b577acc7d10ba,d4a1267f3e066dd8654fd17bad8d568890a93ffd5af158216bf5cf978ea7674f,2373,1,train
8083,2374,37,Keratoisis,/home/tahiti/MARINE_DATASETS/FathomNet_FGVC2025/data/rois/2374_8083.png,/home/tahiti/MARINE_DATASETS/FathomNet_FGVC2025/data/images/2374.png,b6bec603db1de819d47f80e0823b4cba07b9dbcb30ed2633c10532372b69611b,aa9d55112aaa08d0232e080e0bcd23eac685a30f63889a70d9676a2ff0debcc7,2374,4,train
8127,2390,73,Staurocalyptus,/home/tahiti/MARINE_DATASETS/FathomNet_FGVC2025/data/rois/2390_8127.png,/home/tahiti/MARINE_DATASETS/FathomNet_FGVC2025/data/images/2390.png,8d6c1173a856f3b600c1edea9281248ccc879c86f0b6cc7770b7fbd53dbe596a,ab441ff81b7da745d64ff7b666339d7ea8b6993baaff0bcb1a5e9cc55d0a302d,2390,1,train
8235,2410,16,Chionoecetes tanneri,/home/tahiti/MARINE_DATASETS/FathomNet_FGVC2025/data/rois/2410_8235.png,/home/tahiti/MARINE_DATASETS/FathomNet_FGVC2025/data/images/2410.png,8df883fb29e50be5e1c16b0cf442de3dd3ef1e0f8641de19c50f70f0f19e8460,f0d6204acb30931585de2fcbdcf7259a47f099eb222ce80f7ceda41666c7a66d,2410,6,train
8272,2419,68,Scotoplanes globosa,/home/tahiti/MARINE_DATASETS/FathomNet_FGVC2025/data/rois/2419_8272.png,/home/tahiti/MARINE_DATASETS/FathomNet_FGVC2025/data/images/2419.png,6434f203a83e592de7fc3cc91e648ad86da133f68f719b6391d4f6a5f2b0c1cd,448284a5cac4fa51b05ec64a922d8c91ff35129d2ac37785adab9fb8484c0938,2419,6,train
8404,2452,28,Heterochone calyx,/home/tahiti/MARINE_DATASETS/FathomNet_FGVC2025/data/rois/2452_8404.png,/home/tahiti/MARINE_DATASETS/FathomNet_FGVC2025/data/images/2452.png,f1488940264fc2b675ff3a606502c146e3facb6244020232456241e00fa1f678,f9be4f456a9c84dae90d863a34bc48f32559ab51f550e9760dfa7dc872539d64,2452,4,train
8467,2460,31,Hippasteria,/home/tahiti/MARINE_DATASETS/FathomNet_FGVC2025/data/rois/2460_8467.png,/home/tahiti/MARINE_DATASETS/FathomNet_FGVC2025/data/images/2460.png,4bc810d8e1d8bc5586e85cf0eea3ac2a142c9739a3ede41db854dca88b857036,9e248c0084772fdc6804cfce501ce2d70f33fb5ee9d6070cb71199e171daac9e,2460,6,train
8525,2491,37,Keratoisis,/home/tahiti/MARINE_DATASETS/FathomNet_FGVC2025/data/rois/2491_8525.png,/home/tahiti/MARINE_DATASETS/FathomNet_FGVC2025/data/images/2491.png,f12783d47252911b6ce741e921086f84f463058427e5f56137ec0fbb6c77e83c,87691ca110e413a0eb9d24bbd90b045d8331062229991ed9357a79564d2e3d07,2491,4,train
8681,2561,42,Metridium farcimen,/home/tahiti/MARINE_DATASETS/FathomNet_FGVC2025/data/rois/2561_8681.png,/home/tahiti/MARINE_DATASETS/FathomNet_FGVC2025/data/images/2561.png,d4978cd09384f132a08556e36a7b223e41a0b8a43297e909943cb76e62d25762,ac04a2a57d3ee31f15e4054938b929f710055d8455365657912d80e07988a2b9,2561,4,train
8706,2570,56,Paralomis multispina,/home/tahiti/MARINE_DATASETS/FathomNet_FGVC2025/data/rois/2570_8706.png,/home/tahiti/MARINE_DATASETS/FathomNet_FGVC2025/data/images/2570.png,ebb7d37dc5be26bf4b01f3cc109cc2d336da5c73e6dc59c960a6458d69231250,de1be97155d8c0d2f55792d0c8191476c3e701842bc21bcd5d4632d6c6139ba9,2570,2,train
8720,2574,35,Isididae,/home/tahiti/MARINE_DATASETS/FathomNet_FGVC2025/data/rois/2574_8720.png,/home/tahiti/MARINE_DATASETS/FathomNet_FGVC2025/data/images/2574.png,fab66a756c1cb83e1f062945cee0bf5322fd30c5c280f43677810be5b0fe6abf,7ccf95961e9c62f8d2de66af05e0cb3e7245b31da74592be8db7051eb22de73d,2574,1,train
8847,2586,68,Scotoplanes globosa,/home/tahiti/MARINE_DATASETS/FathomNet_FGVC2025/data/rois/2586_8847.png,/home/tahiti/MARINE_DATASETS/FathomNet_FGVC2025/data/images/2586.png,4818acee8e48200a6a25833b332ad9e53b939e29faaf895528f2da6fd5e64615,c2803d23937cb0421ead200e4acf4ee623e2f86478ef89bb45ef9b90e9d1846e,2586,0,train
8885,2599,55,Paragorgia arborea,/home/tahiti/MARINE_DATASETS/FathomNet_FGVC2025/data/rois/2599_8885.png,/home/tahiti/MARINE_DATASETS/FathomNet_FGVC2025/data/images/2599.png,07294dc68b5df4fdaf0a996814ea514472e1aab53f65e33b9dbdad38ac101f26,24ce16d105b33f1790617c66bb2733c1a7ca73a9151a71d4433cdbe62e238edd,2599,2,train
9006,2641,53,Pannychia moseleyi,/home/tahiti/MARINE_DATASETS/FathomNet_FGVC2025/data/rois/2641_9006.png,/home/tahiti/MARINE_DATASETS/FathomNet_FGVC2025/data/images/2641.png,05577355d26a90a1c13ebbed509bde8768cb169dde26caac8eaf737632897ae3,4548e126e3b0901b3ae525d1893ec7f61ea142e6dcda9ed65881dc8da76f2b6e,2641,6,train
9126,2687,18,Corallimorphus pilatus,/home/tahiti/MARINE_DATASETS/FathomNet_FGVC2025/data/rois/2687_9126.png,/home/tahiti/MARINE_DATASETS/FathomNet_FGVC2025/data/images/2687.png,462d46eb5a42794701aed6aabfe970d68c4b291f55a9287132621fd55c163fdf,61765239516027f8759dc26651ff73b4832db4a209bb37ce9780a812cd9e5050,2687,6,train
9235,2726,79,Zoantharia,/home/tahiti/MARINE_DATASETS/FathomNet_FGVC2025/data/rois/2726_9235.png,/home/tahiti/MARINE_DATASETS/FathomNet_FGVC2025/data/images/2726.png,f30a159b61716457bedbbf94509c98b3016e56fbc708724d294b49281f509e2a,e9758e66ec59a8c3a0738e98e2693381416d8170435966ce129987508db1bc22,2726,0,train
9360,2771,72,Serpulidae,/home/tahiti/MARINE_DATASETS/FathomNet_FGVC2025/data/rois/2771_9360.png,/home/tahiti/MARINE_DATASETS/FathomNet_FGVC2025/data/images/2771.png,e7c8a7a6de51686fcc9fa66416e5a6c903a6233b06b1a92565b1f1dc59976a29,2b17cb4245d81be3217b2c44ac0313672feec4c463d027d6dbb9aba2b70989c3,2771,0,train
9373,2778,67,Scotoplanes,/home/tahiti/MARINE_DATASETS/FathomNet_FGVC2025/data/rois/2778_9373.png,/home/tahiti/MARINE_DATASETS/FathomNet_FGVC2025/data/images/2778.png,440e45c8b182f51ef67dfc03b2c8b76905d7509f55759ce282d0f4ddeef4b055,f00e8cfb2239ef6b99c5b96afd4842104608ee3bb793bfeedb4c044dcbcba760,2778,1,train
9482,2834,65,Rathbunaster californicus,/home/tahiti/MARINE_DATASETS/FathomNet_FGVC2025/data/rois/2834_9482.png,/home/tahiti/MARINE_DATASETS/FathomNet_FGVC2025/data/images/2834.png,339ced26df707ebb2b77ed45f750f38ade9ecb640457b95605a78378f4a6c448,0e06c63fdea70d6f056d1bf89bd8eaca81b7dbe40ac8dd9df1f468343b8353b5,2834,4,train
9563,2873,25,Gastropoda,/home/tahiti/MARINE_DATASETS/FathomNet_FGVC2025/data/rois/2873_9563.png,/home/tahiti/MARINE_DATASETS/FathomNet_FGVC2025/data/images/2873.png,a435cd6de5ae00f3e0121568d867f012432b339f9d8c5d1eea5be9a70d08a539,3997c8bf2aa49d621387631255eb803190baa6ef54187a4d2e5231dc2827358d,2873,4,train
9586,2876,42,Metridium farcimen,/home/tahiti/MARINE_DATASETS/FathomNet_FGVC2025/data/rois/2876_9586.png,/home/tahiti/MARINE_DATASETS/FathomNet_FGVC2025/data/images/2876.png,16f159815a489beefb447725ab084b6cc9a4d25e903a037dc11aec464a278e58,a4c88713d33838ecbd3f7026d9875815b07ea52b824b807d29f0f5393b653042,2876,0,train
9594,2878,37,Keratoisis,/home/tahiti/MARINE_DATASETS/FathomNet_FGVC2025/data/rois/2878_9594.png,/home/tahiti/MARINE_DATASETS/FathomNet_FGVC2025/data/images/2878.png,e1fad265de14350c16cfaa63f55e03598901e1223828f3ba6954f1aa0189f4cc,363dd182b07bf70b63d544caf7d22bde827015a290a0d572870961ab35ef816d,2878,0,train
9645,2896,69,Sebastes,/home/tahiti/MARINE_DATASETS/FathomNet_FGVC2025/data/rois/2896_9645.png,/home/tahiti/MARINE_DATASETS/FathomNet_FGVC2025/data/images/2896.png,eea82ec92b82c1a52936fd93a0d0277406485611eea01f7a10b7a380145d6626,db24a5ac5b1a5f01b632058e9c438d1027449c99d0e85275a33bd5a6196029ca,2896,6,train
9652,2898,30,Hexactinellida,/home/tahiti/MARINE_DATASETS/FathomNet_FGVC2025/data/rois/2898_9652.png,/home/tahiti/MARINE_DATASETS/FathomNet_FGVC2025/data/images/2898.png,969e30f87661bc75721cf4bb0a1d8704b4140c40d7303c492b7c818b4fa11c41,290aa46118670cb6a28c938226890fd0bf6d217eb7925ae928cab458a88b973f,2898,2,train
9849,2946,24,Funiculina,/home/tahiti/MARINE_DATASETS/FathomNet_FGVC2025/data/rois/2946_9849.png,/home/tahiti/MARINE_DATASETS/FathomNet_FGVC2025/data/images/2946.png,12c03d4f576dfe39515dd26fbc4ac6d8d3473ed9d1d87d2216d29f8a42177628,ecbbbac399c5e05c8aa9c1e72f8cf9c9ba1868fb18eb38c5422379ef025f60e1,2946,4,train
9927,2963,10,Asbestopluma monticola,/home/tahiti/MARINE_DATASETS/FathomNet_FGVC2025/data/rois/2963_9927.png,/home/tahiti/MARINE_DATASETS/FathomNet_FGVC2025/data/images/2963.png,5fa8dc72eb266f29ba899189832c94afdcb743def6779fd1150d42336c3dc9cc,b7b9bee438b8836e78425d2a69ece966865d8e7cbc178068576f6faef8eeded4,2963,2,train
9939,2967,45,Munnopsidae,/home/tahiti/MARINE_DATASETS/FathomNet_FGVC2025/data/rois/2967_9939.png,/home/tahiti/MARINE_DATASETS/FathomNet_FGVC2025/data/images/2967.png,8e0cb46d4b0f643c8b0020ea9d597fe657c9d96382518032c593ced58477848b,34cabf20b8ad107f56b4000cee79a432aa633c217eeda961e01862dc22ff1d9f,2967,6,train
9995,2977,24,Funiculina,/home/tahiti/MARINE_DATASETS/FathomNet_FGVC2025/data/rois/2977_9995.png,/home/tahiti/MARINE_DATASETS/FathomNet_FGVC2025/data/images/2977.png,8ea7bf33e04ee549fb4862bdab0f24c8b97a1ae088577d18d57a9554ace71253,a6f25187d683d8dcc1ed3bfd4a66b514ec233138b25e3f54956ed1c5dae1311f,2977,0,train
10080,3003,46,Mycale,/home/tahiti/MARINE_DATASETS/FathomNet_FGVC2025/data/rois/3003_10080.png,/home/tahiti/MARINE_DATASETS/FathomNet_FGVC2025/data/images/3003.png,e3d0abd5e45dbafba5e5b57381ee71f58342b78673275746ca1dbb01d4d5643c,dc80dc31571bd292fc645c9e63bc58ede08d886b85fdf0f2487bb6861ef98406,3003,6,train
10091,3005,19,Crinoidea,/home/tahiti/MARINE_DATASETS/FathomNet_FGVC2025/data/rois/3005_10091.png,/home/tahiti/MARINE_DATASETS/FathomNet_FGVC2025/data/images/3005.png,5943a03699ad5be060fc3a8d1d66026562a823edab264b9011b7ff048f52321d,629e89fa3b84c3a2a7ce047190b58142e8a6f3263de11b7d03edfb188b936045,3005,4,train
10148,3023,38,Liponema brevicorne,/home/tahiti/MARINE_DATASETS/FathomNet_FGVC2025/data/rois/3023_10148.png,/home/tahiti/MARINE_DATASETS/FathomNet_FGVC2025/data/images/3023.png,a9907f0bbf4136b29999344eb1f043de480d042c329c47c7f906a85ee6a90bd6,0365512c8a94e6f6148d412248722b4285e6760ad07eab87667d98711ecbe051,3023,4,train
10157,3028,51,Pandalus amplus,/home/tahiti/MARINE_DATASETS/FathomNet_FGVC2025/data/rois/3028_10157.png,/home/tahiti/MARINE_DATASETS/FathomNet_FGVC2025/data/images/3028.png,ec6f2ddeba609bd1558fde5de5195e767298aac6e7c5d01b1bfec96693bbc5c1,516816697c223273c40eff4ecb93636cef0c0f6d9e87d1bfcad2185352902d31,3028,2,train
10213,3044,72,Serpulidae,/home/tahiti/MARINE_DATASETS/FathomNet_FGVC2025/data/rois/3044_10213.png,/home/tahiti/MARINE_DATASETS/FathomNet_FGVC2025/data/images/3044.png,68651c833e41a33ec4839789ff6ff7d02cbecafa481c365ac24f0e75b3258a99,25d4b273853803197af57517857df938fe35f598b1a47f9b4210a17e506b52df,3044,0,train
10256,3053,14,Caridea,/home/tahiti/MARINE_DATASETS/FathomNet_FGVC2025/data/rois/3053_10256.png,/home/tahiti/MARINE_DATASETS/FathomNet_FGVC2025/data/images/3053.png,43b6151adcb1e11374632b5fe5424606c32ba65edea70a1da01aac9da1b5f651,74de1196b5ee24829e51b2c7402d7b68e110da82ab2a81a79769942f45ae7ab5,3053,1,train
10259,3053,47,Octopus rubescens,/home/tahiti/MARINE_DATASETS/FathomNet_FGVC2025/data/rois/3053_10259.png,/home/tahiti/MARINE_DATASETS/FathomNet_FGVC2025/data/images/3053.png,fdc15b265a3dd95754e29c0e5ba6f959d4cecc39633d69dbb358e8ce4ff15412,74de1196b5ee24829e51b2c7402d7b68e110da82ab2a81a79769942f45ae7ab5,3053,1,train
10282,3054,41,Merluccius productus,/home/tahiti/MARINE_DATASETS/FathomNet_FGVC2025/data/rois/3054_10282.png,/home/tahiti/MARINE_DATASETS/FathomNet_FGVC2025/data/images/3054.png,d6ae3f751f67a45f287102b45cc10f59e0b8a47e8f789a74dfb6084cecc7e2bf,0997ba78fe11660653a77bc44bc89ef91a26d077860222152e59f0141e27abd6,3054,2,train
10317,3068,30,Hexactinellida,/home/tahiti/MARINE_DATASETS/FathomNet_FGVC2025/data/rois/3068_10317.png,/home/tahiti/MARINE_DATASETS/FathomNet_FGVC2025/data/images/3068.png,9b4fc13105dd6319783c8211844e17a4f37ca7fe26eba76d559ddd2f24b1a7e6,4ab15bb58f77f629131175fa98489fedff1315c6ebcf5a67a784d1097f0ef553,3068,6,train
10424,3108,70,Sebastes diploproa,/home/tahiti/MARINE_DATASETS/FathomNet_FGVC2025/data/rois/3108_10424.png,/home/tahiti/MARINE_DATASETS/FathomNet_FGVC2025/data/images/3108.png,ef7a30a218b5d7b20065c4f7b0fc0cb2022769d49fcafcb8f28def06ecc69bc6,c441fdf65c6d59ad6f72b1e6670eaccf0179b3c239fd3f0c7ac73123b33c7c91,3108,0,train
10565,3181,41,Merluccius productus,/home/tahiti/MARINE_DATASETS/FathomNet_FGVC2025/data/rois/3181_10565.png,/home/tahiti/MARINE_DATASETS/FathomNet_FGVC2025/data/images/3181.png,964aceb8ca6d48d06135fa6123ab15f244fff2332b4858b70ef394c496a92aec,aa6530336610a53cfbaa7acfe6aef13f3562047ae386729d201bc7e292cded1e,3181,6,train
10994,3369,31,Hippasteria,/home/tahiti/MARINE_DATASETS/FathomNet_FGVC2025/data/rois/3369_10994.png,/home/tahiti/MARINE_DATASETS/FathomNet_FGVC2025/data/images/3369.png,8c31ba949f7b64024fd5c128ee34c955e721199596d03570433de2731b1ba6ce,619a58268e506e8128ec689213df3b0a61c6bf5485948558fa7aadaea3917e48,3369,2,train
11003,3370,41,Merluccius productus,/home/tahiti/MARINE_DATASETS/FathomNet_FGVC2025/data/rois/3370_11003.png,/home/tahiti/MARINE_DATASETS/FathomNet_FGVC2025/data/images/3370.png,fc3ca5d5a8b7e1795f8ad335eedc3852d8e0d32a32e06b1f1253a2d8853e3072,49563114a7cee0b8ba006f8bc19dc30c2627f6bb0bfff67881690ee69347983a,3370,4,train
11084,3402,50,Paelopatides confundens,/home/tahiti/MARINE_DATASETS/FathomNet_FGVC2025/data/rois/3402_11084.png,/home/tahiti/MARINE_DATASETS/FathomNet_FGVC2025/data/images/3402.png,ff51d5339a581146ab7e8953373e22e884d1d78c2b9bb805ca8d56083ec462e3,126122200f9974c1ae968651ecb045cb26832aef9227173030d1988fbb2aae6f,3402,4,train
11246,3444,79,Zoantharia,/home/tahiti/MARINE_DATASETS/FathomNet_FGVC2025/data/rois/3444_11246.png,/home/tahiti/MARINE_DATASETS/FathomNet_FGVC2025/data/images/3444.png,3d1690b2ca1b614eadbf76d5bb651bef2d534bb8e1a91debd9766ffa5ee8e330,a8973d7adc6e6b35f79f38c1b150328b9bc615bcf4ab573e140b709f1ae8ec53,3444,4,train
11249,3444,79,Zoantharia,/home/tahiti/MARINE_DATASETS/FathomNet_FGVC2025/data/rois/3444_11249.png,/home/tahiti/MARINE_DATASETS/FathomNet_FGVC2025/data/images/3444.png,fe3068f3652ef344a38e87efff9fb2c3a291df13d1931c3c8f1732ecd9758121,a8973d7adc6e6b35f79f38c1b150328b9bc615bcf4ab573e140b709f1ae8ec53,3444,4,train
11280,3451,54,Paragorgia,/home/tahiti/MARINE_DATASETS/FathomNet_FGVC2025/data/rois/3451_11280.png,/home/tahiti/MARINE_DATASETS/FathomNet_FGVC2025/data/images/3451.png,33c16be37a62332012416ca8d2e921c52fe7c0718fe406be01dc86ddf15c1e91,7fe6c388a26c9a8da9f20a4c7c3c073c7e532bf16e99069f7010aa38421043d0,3451,2,train
11287,3457,27,Heterocarpus,/home/tahiti/MARINE_DATASETS/FathomNet_FGVC2025/data/rois/3457_11287.png,/home/tahiti/MARINE_DATASETS/FathomNet_FGVC2025/data/images/3457.png,8b01a01c16af93c19ecb000ca8b68656ea9eb4124dadcb03dffc680c259552a1,4cecf02d8d7d9ef49ce4d34bf6981458e8749118448a03c486d7c53b081c0804,3457,0,train
11310,3460,4,Actinernus,/home/tahiti/MARINE_DATASETS/FathomNet_FGVC2025/data/rois/3460_11310.png,/home/tahiti/MARINE_DATASETS/FathomNet_FGVC2025/data/images/3460.png,55694bb8faf24e0674c5499c5a8861158bbfa7587dc8a6a7730cc56efccbeaf3,1e287b54e65b94b98e28d8ca6a21651ecab459d68a9092c83e1de15a5dad3700,3460,1,train
11464,3539,14,Caridea,/home/tahiti/MARINE_DATASETS/FathomNet_FGVC2025/data/rois/3539_11464.png,/home/tahiti/MARINE_DATASETS/FathomNet_FGVC2025/data/images/3539.png,448cf16487f6a810c4da276181ff3a43b4a122cd80f590cf4a851336a6c23b7a,4a39ac0c551928902f457abc561cd3222da654026b6c462f15f9f70d99f2dd6c,3539,4,train
11783,3675,18,Corallimorphus pilatus,/home/tahiti/MARINE_DATASETS/FathomNet_FGVC2025/data/rois/3675_11783.png,/home/tahiti/MARINE_DATASETS/FathomNet_FGVC2025/data/images/3675.png,3d8dbe12294128d23c4c6cb00bf96d336e890b19f31e2766d09878a323883c30,0506a92cde2d7608df3951b91050d88ef49f88b88f88d22247111c5be3ae0e5c,3675,4,train
11889,3721,14,Caridea,/home/tahiti/MARINE_DATASETS/FathomNet_FGVC2025/data/rois/3721_11889.png,/home/tahiti/MARINE_DATASETS/FathomNet_FGVC2025/data/images/3721.png,9e2bdbea0ce211f4bb9dbff188699a641dd7868e7d3a5e18fa7b51d2d4812a1d,933e554d189119025b45e3ef4cbfa694fa14aacc9a9c26346c8a0d0487de724a,3721,6,train
11919,3729,22,Farrea,/home/tahiti/MARINE_DATASETS/FathomNet_FGVC2025/data/rois/3729_11919.png,/home/tahiti/MARINE_DATASETS/FathomNet_FGVC2025/data/images/3729.png,cafc25e53161f6a783bd557dd4cad5f7fe6526b53ce3249ddab97fa38180e312,4d54ac9bdd74f309911d580fd5a0c0c222185ee84b7e22cac082835f066e2924,3729,0,train
11936,3742,1,Abyssocucumis abyssorum,/home/tahiti/MARINE_DATASETS/FathomNet_FGVC2025/data/rois/3742_11936.png,/home/tahiti/MARINE_DATASETS/FathomNet_FGVC2025/data/images/3742.png,0978a4df06ead95d428de578e18408339567f5a82c4d95f8f3978e618a9f6c2f,261e849fd1fc69a2e5087d2bd0b4b3ca3552c10e8c19630c09aac45d2b157b86,3742,4,train
11982,3768,68,Scotoplanes globosa,/home/tahiti/MARINE_DATASETS/FathomNet_FGVC2025/data/rois/3768_11982.png,/home/tahiti/MARINE_DATASETS/FathomNet_FGVC2025/data/images/3768.png,dcab673f8a58b85a7108f81af64215ad21c32f19a4e36140808908b66fb8eeef,52d9dd4876df107d3072bf08e19a8220a141a57ee6fec9461db119da9258416e,3768,1,train
12134,3829,13,Brisingida,/home/tahiti/MARINE_DATASETS/FathomNet_FGVC2025/data/rois/3829_12134.png,/home/tahiti/MARINE_DATASETS/FathomNet_FGVC2025/data/images/3829.png,e8d21207ff0a2e7babe7a672df5d78a4d7c4bc79835b648238e8b99d33353838,afa988b2abe43456a192bd500764108869c9767a825268a96fba616c5d47ce79,3829,6,train
12148,3837,24,Funiculina,/home/tahiti/MARINE_DATASETS/FathomNet_FGVC2025/data/rois/3837_12148.png,/home/tahiti/MARINE_DATASETS/FathomNet_FGVC2025/data/images/3837.png,341cfb07655c5084063ba922135593e497d6718b36d836b6539564859bd191e5,c1989cc864f14ed765a76ce05e7928171bd7b3269cbf93c9185f6796d5c917fd,3837,2,train
12162,3843,53,Pannychia moseleyi,/home/tahiti/MARINE_DATASETS/FathomNet_FGVC2025/data/rois/3843_12162.png,/home/tahiti/MARINE_DATASETS/FathomNet_FGVC2025/data/images/3843.png,b243dfaba7e2651065e608c73dd9796ede71cda4fe586002fff4994812c1a831,34307929b2d0aefdf8ffc0ccfa45897df0e73d836ecaa834109aec151f1161ad,3843,1,train
12238,3859,32,Holothuroidea,/home/tahiti/MARINE_DATASETS/FathomNet_FGVC2025/data/rois/3859_12238.png,/home/tahiti/MARINE_DATASETS/FathomNet_FGVC2025/data/images/3859.png,2c69bf7dc964d57f4a978c94c0402b6881396444faea3168d24db3c4e855c0bf,607ea1ed9d1480eb8485e78c0b0cb24619d37322a46b0320dbd83c99343cf9c3,3859,0,train
12270,3870,34,Isidella tentaculum,/home/tahiti/MARINE_DATASETS/FathomNet_FGVC2025/data/rois/3870_12270.png,/home/tahiti/MARINE_DATASETS/FathomNet_FGVC2025/data/images/3870.png,88ade6ea6bb01395a5b324e8604e5ce9f12cca928e9c1095defbf6cb2e064c20,ad65fa92f85ec5af6bd224ce7305842b65d9001e516f646cdec77985688ea721,3870,1,train
12277,3874,32,Holothuroidea,/home/tahiti/MARINE_DATASETS/FathomNet_FGVC2025/data/rois/3874_12277.png,/home/tahiti/MARINE_DATASETS/FathomNet_FGVC2025/data/images/3874.png,acbf0c34eb51d2498b8b7404c9285ff4d0b68155cc4f1b685241c2c8b7455d8e,6acbcf8c2b792be52c9bbaf46afbf57f15af8d0d2b183cef2610f03c2ea5f2d4,3874,1,train
12280,3874,9,Asbestopluma,/home/tahiti/MARINE_DATASETS/FathomNet_FGVC2025/data/rois/3874_12280.png,/home/tahiti/MARINE_DATASETS/FathomNet_FGVC2025/data/images/3874.png,150e4bbd5182a9c3b24564d90d9fc24daa100fe7100ef8a6baa2436986083975,6acbcf8c2b792be52c9bbaf46afbf57f15af8d0d2b183cef2610f03c2ea5f2d4,3874,1,train
12419,3916,47,Octopus rubescens,/home/tahiti/MARINE_DATASETS/FathomNet_FGVC2025/data/rois/3916_12419.png,/home/tahiti/MARINE_DATASETS/FathomNet_FGVC2025/data/images/3916.png,c8becd8e64ca7e43273149bd1598dacd34b80a3c614b22faaaf0814dcaa8c46e,d81f759947da46513d47f2cfc9100516a9e8c0321923d0263c609d65d4ade4ad,3916,4,train
12527,3966,45,Munnopsidae,/home/tahiti/MARINE_DATASETS/FathomNet_FGVC2025/data/rois/3966_12527.png,/home/tahiti/MARINE_DATASETS/FathomNet_FGVC2025/data/images/3966.png,8f8bd03cbf1ccf4e1ae5fe15b89b8734c9e3f6dff46a4aa4af77bd1273b41c86,ae53ab95b9d2b7ac24ad5581b0132308a8e4cf3f1dbc7c66605e9c2c00f1ef90,3966,6,train
12561,3978,76,Tunicata,/home/tahiti/MARINE_DATASETS/FathomNet_FGVC2025/data/rois/3978_12561.png,/home/tahiti/MARINE_DATASETS/FathomNet_FGVC2025/data/images/3978.png,e28a368400fe85655444a24541e1bb1e05ade6b2b3e9562a0415f1b18f258996,3021b6406a8793bd0abda0bd4a2d41eea7319574d618326c0d5f3a10c5cd7eef,3978,0,train
12756,4056,19,Crinoidea,/home/tahiti/MARINE_DATASETS/FathomNet_FGVC2025/data/rois/4056_12756.png,/home/tahiti/MARINE_DATASETS/FathomNet_FGVC2025/data/images/4056.png,644b57db70594d3740335e8bc267be47b0751a59224df5ab8c2a18df75718ae4,bc3127fe0cc0741e47f99823ef584d87f98a1d3f3974418197eaec3464f36bf8,4056,1,train
12935,4134,29,Heteropolypus ritteri,/home/tahiti/MARINE_DATASETS/FathomNet_FGVC2025/data/rois/4134_12935.png,/home/tahiti/MARINE_DATASETS/FathomNet_FGVC2025/data/images/4134.png,1baba66327434d38e2d6bf5b07611a8cb911c1ffd992e301ad87cdf6211a42f4,ebde639799d629a1fa88cc2ffcaa7d177a8c8648406f4ce3669a1b48a47b2311,4134,2,train
12937,4134,29,Heteropolypus ritteri,/home/tahiti/MARINE_DATASETS/FathomNet_FGVC2025/data/rois/4134_12937.png,/home/tahiti/MARINE_DATASETS/FathomNet_FGVC2025/data/images/4134.png,15abe36838b09134fecdd928b73329c7ebfe888005c1d6a46d6c229ab45546ba,ebde639799d629a1fa88cc2ffcaa7d177a8c8648406f4ce3669a1b48a47b2311,4134,2,train
13054,4184,34,Isidella tentaculum,/home/tahiti/MARINE_DATASETS/FathomNet_FGVC2025/data/rois/4184_13054.png,/home/tahiti/MARINE_DATASETS/FathomNet_FGVC2025/data/images/4184.png,57303f6309ad7d8070211c18ee98c1d95b30bf8a57b7ed6c7d3b38d358a712ab,d4ec351466eea0a4318765bab3bd9b3989e391434991afb35d4229670b2b469a,4184,6,train
13136,4214,19,Crinoidea,/home/tahiti/MARINE_DATASETS/FathomNet_FGVC2025/data/rois/4214_13136.png,/home/tahiti/MARINE_DATASETS/FathomNet_FGVC2025/data/images/4214.png,e11b60c6f090e7b5b811cfb55362f1663f2ee08359b359ba0f343b921725274f,6712b94071108192901d29901dd868aa96d6154f5b6db8f2eb2f68425bb1afc5,4214,6,train
13220,4232,64,Pyrosoma atlanticum,/home/tahiti/MARINE_DATASETS/FathomNet_FGVC2025/data/rois/4232_13220.png,/home/tahiti/MARINE_DATASETS/FathomNet_FGVC2025/data/images/4232.png,5480292e0f79825ff0e5801b1154ac2825f84c9c6878994a75f9cab13d55fe95,b2815b0287b91b3d0e02c42f694a8ddb3394de0f3d00380f7286a4a2bf09b8ca,4232,2,train
13254,4244,77,Umbellula,/home/tahiti/MARINE_DATASETS/FathomNet_FGVC2025/data/rois/4244_13254.png,/home/tahiti/MARINE_DATASETS/FathomNet_FGVC2025/data/images/4244.png,e1fedeee9732dc9172ce8937b327b1719c6eef86ad0b5e88e9f668f61e17437a,e3f06abce17ad3bb09457c69fb1f4293bcbc254c57f91b0038c097b07eba4fbb,4244,1,train
13303,4263,38,Liponema brevicorne,/home/tahiti/MARINE_DATASETS/FathomNet_FGVC2025/data/rois/4263_13303.png,/home/tahiti/MARINE_DATASETS/FathomNet_FGVC2025/data/images/4263.png,6caa60c6e5807d6a3d2e9bc1a514caead81aabc58d3974c5e06bc3ae5a11c5ba,3520fb42159accc97ded0b03940dfe578087f8a5b6eba817595e16b43f3e887c,4263,2,train
13318,4273,56,Paralomis multispina,/home/tahiti/MARINE_DATASETS/FathomNet_FGVC2025/data/rois/4273_13318.png,/home/tahiti/MARINE_DATASETS/FathomNet_FGVC2025/data/images/4273.png,a0a9bf2bcd694e1caa3b7d38c8cfff60b90d7f2b22947558815aa049ac043500,dacb6aa50d775910fcce0c75415aad6eef3ef5126bbccd49515b5b40856fe116,4273,2,train
13342,4277,39,Lithodidae,/home/tahiti/MARINE_DATASETS/FathomNet_FGVC2025/data/rois/4277_13342.png,/home/tahiti/MARINE_DATASETS/FathomNet_FGVC2025/data/images/4277.png,46708a3dc6eaaf0c3fb17d87616f7da4435dbd70a81abb89362f1fa672dc8249,40c724ea67dbcb8e0b1703cf67dd6bd632b95ea24415f107bd5bc0d188bc3c41,4277,1,train
13375,4293,45,Munnopsidae,/home/tahiti/MARINE_DATASETS/FathomNet_FGVC2025/data/rois/4293_13375.png,/home/tahiti/MARINE_DATASETS/FathomNet_FGVC2025/data/images/4293.png,cfd31ef475bbcf16786a8e88f77d11032d9b4cf67e101f2f4dd6840d734f0235,e6255be6c0d3beca3fe6ef6c537a3c24bfabaa01811c4cc68c4eeaf990ed2b21,4293,0,train
13422,4317,35,Isididae,/home/tahiti/MARINE_DATASETS/FathomNet_FGVC2025/data/rois/4317_13422.png,/home/tahiti/MARINE_DATASETS/FathomNet_FGVC2025/data/images/4317.png,85db9892a75caa994dc601482adf2960b28af9a79c8eeff88784d9ba550914b8,4383a45236a4002651a69a6073502c71f9c355d1bdb4d08c89b9408c29eb4270,4317,4,train
13474,4341,19,Crinoidea,/home/tahiti/MARINE_DATASETS/FathomNet_FGVC2025/data/rois/4341_13474.png,/home/tahiti/MARINE_DATASETS/FathomNet_FGVC2025/data/images/4341.png,74c37f83ccfa508f91d1b09c4b513d8fb78bf9aeec70ba52e69d644cc570f37e,c3623f1c6f472c2b57c94c2ea6c55001d96198287d56f87cc96f9145dd2397a4,4341,2,train
13477,4341,29,Heteropolypus ritteri,/home/tahiti/MARINE_DATASETS/FathomNet_FGVC2025/data/rois/4341_13477.png,/home/tahiti/MARINE_DATASETS/FathomNet_FGVC2025/data/images/4341.png,a1c950406c9df1c8bd3680118198471b83d24093319a21e4bf2b098b0dd2458f,c3623f1c6f472c2b57c94c2ea6c55001d96198287d56f87cc96f9145dd2397a4,4341,2,train
13510,4351,76,Tunicata,/home/tahiti/MARINE_DATASETS/FathomNet_FGVC2025/data/rois/4351_13510.png,/home/tahiti/MARINE_DATASETS/FathomNet_FGVC2025/data/images/4351.png,767716fa408b680fa2a5a0e95f9e0f073aba144c18ee8709a59b98f04a827e10,e1951483b15cb71d2c11031027270456bdc7cd2602dd41c57084851d9f36dbce,4351,1,train
13592,4374,34,Isidella tentaculum,/home/tahiti/MARINE_DATASETS/FathomNet_FGVC2025/data/rois/4374_13592.png,/home/tahiti/MARINE_DATASETS/FathomNet_FGVC2025/data/images/4374.png,4d3cfbd3cc41b4bad812b81562090b81b04c4c037f6b24ae4f5c28ad0c34430b,4d5d8209bb78ff0180d55fd882d60df5565d5800d62c850b6cc43e5caceac554,4374,2,train
13605,4383,38,Liponema brevicorne,/home/tahiti/MARINE_DATASETS/FathomNet_FGVC2025/data/rois/4383_13605.png,/home/tahiti/MARINE_DATASETS/FathomNet_FGVC2025/data/images/4383.png,939a4017f46253d0cc3dad2270aa5c87e976f3bd9ead0de85e5f285427774e83,1e87fae320c117ff2ad16a39f330e69ac20e55f03bb1b2f7ddeaecbecfc8b41f,4383,6,train
13672,4416,2,Acanthascinae,/home/tahiti/MARINE_DATASETS/FathomNet_FGVC2025/data/rois/4416_13672.png,/home/tahiti/MARINE_DATASETS/FathomNet_FGVC2025/data/images/4416.png,4e96eec5e46be87f8a76998d98c3be3973efac6cd4c6481e6868be14973c1c5c,6b99b4869456b833677e588f50c8420708d22d7dc4f347508cba6cb80475d75f,4416,2,train
13687,4423,54,Paragorgia,/home/tahiti/MARINE_DATASETS/FathomNet_FGVC2025/data/rois/4423_13687.png,/home/tahiti/MARINE_DATASETS/FathomNet_FGVC2025/data/images/4423.png,ae049bd922c42801485619155b799506d804b08700eed88942fe6a16d351bb7b,680a715d614e4d59b82cd8d331e2543146a0da81b9613d5ec2efba4e5b70e2f8,4423,2,train
13699,4426,56,Paralomis multispina,/home/tahiti/MARINE_DATASETS/FathomNet_FGVC2025/data/rois/4426_13699.png,/home/tahiti/MARINE_DATASETS/FathomNet_FGVC2025/data/images/4426.png,9221c5d3cb359496fa5a646edea6250876720b8ce75da42121f5e599da6e4129,d4c7650ff1025ba24be397935de8f1b5c3f736cde95a68381ec02fc26283677f,4426,0,train
13739,4444,56,Paralomis multispina,/home/tahiti/MARINE_DATASETS/FathomNet_FGVC2025/data/rois/4444_13739.png,/home/tahiti/MARINE_DATASETS/FathomNet_FGVC2025/data/images/4444.png,50f053c22f16e3866e00b32b66b38d1ae3487ff13cb4facccf3a312205eea9f4,23a269ab326b985cf0cb6d8bdc326efe96803d610237ff77cf7a849515e2a3b2,4444,4,train
13744,4444,56,Paralomis multispina,/home/tahiti/MARINE_DATASETS/FathomNet_FGVC2025/data/rois/4444_13744.png,/home/tahiti/MARINE_DATASETS/FathomNet_FGVC2025/data/images/4444.png,7683b0922dcdf40ce92a03359016723be94bb5a65ff6f19d6139d363b90df0fe,23a269ab326b985cf0cb6d8bdc326efe96803d610237ff77cf7a849515e2a3b2,4444,4,train
13800,4463,42,Metridium farcimen,/home/tahiti/MARINE_DATASETS/FathomNet_FGVC2025/data/rois/4463_13800.png,/home/tahiti/MARINE_DATASETS/FathomNet_FGVC2025/data/images/4463.png,cc5fa4cf76e0b9d516ab97068151c2f79f384f65742140c2d62a8c1046632f44,b0deb349e239781c3182491b0ff634cc09a36e47164de2653dfa9323d684ee2a,4463,4,train
13809,4465,17,Chorilia longipes,/home/tahiti/MARINE_DATASETS/FathomNet_FGVC2025/data/rois/4465_13809.png,/home/tahiti/MARINE_DATASETS/FathomNet_FGVC2025/data/images/4465.png,91e7695e86167e72c9fdeca100b47b8cfdb6d72858968ab8b0c4c595610fd271,c9db90d793a6cd79b4a0ef16050339dfcdfee51190aa47c0810a99fe4d580f06,4465,0,train
13854,4484,69,Sebastes,/home/tahiti/MARINE_DATASETS/FathomNet_FGVC2025/data/rois/4484_13854.png,/home/tahiti/MARINE_DATASETS/FathomNet_FGVC2025/data/images/4484.png,9677febcc70dcd395beb8b3d9867449f9bfdf75f4395771aa03c71a860b2975b,56e70a86692351aa76083647d313c3975948e43fe900d1fe16099d1690501927,4484,0,train
13867,4495,70,Sebastes diploproa,/home/tahiti/MARINE_DATASETS/FathomNet_FGVC2025/data/rois/4495_13867.png,/home/tahiti/MARINE_DATASETS/FathomNet_FGVC2025/data/images/4495.png,856bdc0dff1f437d3ebd8a8487d550e2874171ecdf46cb7d61a405e880cc4ad8,e0ee1467a32cb5a2819b4cdac471578e9e2ac994a5177925b4c1f2fe11fd53ca,4495,4,train
13883,4502,43,Microstomus pacificus,/home/tahiti/MARINE_DATASETS/FathomNet_FGVC2025/data/rois/4502_13883.png,/home/tahiti/MARINE_DATASETS/FathomNet_FGVC2025/data/images/4502.png,344e499459e300856ea35f8df0e8201f7e6fa18584730bf419117ea274e978aa,c390dc5cb489079fbea11c71be967b5e7649c78b69e058f15399701abb3c5dcc,4502,2,train
13888,4504,48,Ophiacanthidae,/home/tahiti/MARINE_DATASETS/FathomNet_FGVC2025/data/rois/4504_13888.png,/home/tahiti/MARINE_DATASETS/FathomNet_FGVC2025/data/images/4504.png,aa8bd104a37c70dac5b206926a03f6b6a156827bead83ad1d16cca439965a057,473685126035f6186f453907adf128a0aae3ce49fcf7c7783b4fe468ab7a44e1,4504,0,train
13903,4511,19,Crinoidea,/home/tahiti/MARINE_DATASETS/FathomNet_FGVC2025/data/rois/4511_13903.png,/home/tahiti/MARINE_DATASETS/FathomNet_FGVC2025/data/images/4511.png,4d6487dbc8b42e9c252b56613495f113eb4196bb7231c82b86d97770310b28d3,941e00f22d95af71ed10618768f3552865327554c45c29df4e1f73e7f6d02e3c,4511,0,train
13948,4531,26,Gersemia juliepackardae,/home/tahiti/MARINE_DATASETS/FathomNet_FGVC2025/data/rois/4531_13948.png,/home/tahiti/MARINE_DATASETS/FathomNet_FGVC2025/data/images/4531.png,4c8dedb69a53052d19b8bb13adb438cd9d3817b586dfe028fd3c9849e0577d5c,9284750b0adf76ba9b89753bf0d894817c9180427f6470dd0b27a9793b4d85c4,4531,2,train
14045,4560,39,Lithodidae,/home/tahiti/MARINE_DATASETS/FathomNet_FGVC2025/data/rois/4560_14045.png,/home/tahiti/MARINE_DATASETS/FathomNet_FGVC2025/data/images/4560.png,d4661717b562e87eafb2a306437df46ceb11a6ade21b6e1516c118ce0dac1cd5,68abbf076b868ab84c1a7ac1efc3e6e8a74e4342f415136fdd97492b0aa5073a,4560,6,train
14058,4561,32,Holothuroidea,/home/tahiti/MARINE_DATASETS/FathomNet_FGVC2025/data/rois/4561_14058.png,/home/tahiti/MARINE_DATASETS/FathomNet_FGVC2025/data/images/4561.png,db07f702c453b2b5895be4349ca0aae3a65147fa7d7277c81e2d805adb8632f3,cc282de2dd3cf45009e765a9b8d09ffbe1a395663d1764deade62f47ef21bc32,4561,1,train
14115,4587,25,Gastropoda,/home/tahiti/MARINE_DATASETS/FathomNet_FGVC2025/data/rois/4587_14115.png,/home/tahiti/MARINE_DATASETS/FathomNet_FGVC2025/data/images/4587.png,d1690976a05c450bf04f2de8e1b8815a7c2f0c4f15c8f60f0f1cc324f49f1ede,2a67fa48996e76aaa0c1cbb41fa2800bd1261f503b47ba9257532e8601c659dd,4587,6,train
14124,4588,33,Hormathiidae,/home/tahiti/MARINE_DATASETS/FathomNet_FGVC2025/data/rois/4588_14124.png,/home/tahiti/MARINE_DATASETS/FathomNet_FGVC2025/data/images/4588.png,8c38ef1dad6fa98c11947c572977ca79c94b97afc859a38523eaddeb20101203,80036f860d3c7fb75ca6e9b90ca40b01657a45cb450d09e19cc3e19c7f0ba079,4588,0,train
14293,4656,51,Pandalus amplus,/home/tahiti/MARINE_DATASETS/FathomNet_FGVC2025/data/rois/4656_14293.png,/home/tahiti/MARINE_DATASETS/FathomNet_FGVC2025/data/images/4656.png,e244a61cfc8a479ce4a44bbc30ca3b8fe802dff397986b7443675b1a1279baeb,dd3adba1957960135e316ba2011fb448e496c1009806d3e4e742e67aeb30878d,4656,6,train
14335,4667,52,Pandalus platyceros,/home/tahiti/MARINE_DATASETS/FathomNet_FGVC2025/data/rois/4667_14335.png,/home/tahiti/MARINE_DATASETS/FathomNet_FGVC2025/data/images/4667.png,86ff7c1b132ee94b21561bc48f4d3d604d62a36758120305ede9e80ca88725c6,edee0558f56e0640928f4e91eb7a7b8dbaf5d629fec8374b93989356164cbbf6,4667,6,train
14366,4679,29,Heteropolypus ritteri,/home/tahiti/MARINE_DATASETS/FathomNet_FGVC2025/data/rois/4679_14366.png,/home/tahiti/MARINE_DATASETS/FathomNet_FGVC2025/data/images/4679.png,e83fcb18b6720d6369af840a36bfe308a42b139faaebded91bead62ff2a07605,d4697cbce184477bc14b5d067ec9ab57b0d7915697b850afa659b09834d5cd5c,4679,6,train
14667,4795,45,Munnopsidae,/home/tahiti/MARINE_DATASETS/FathomNet_FGVC2025/data/rois/4795_14667.png,/home/tahiti/MARINE_DATASETS/FathomNet_FGVC2025/data/images/4795.png,13bca8917a0e009f6fe3597583fbc84842ca0cbcf61ef0586fef64846642518c,2b8bd25713ebe6a40c76123221075b12d4887cfe0500817d8e07b0e9bc4f6f21,4795,6,train
14685,4803,59,Pennatula phosphorea,/home/tahiti/MARINE_DATASETS/FathomNet_FGVC2025/data/rois/4803_14685.png,/home/tahiti/MARINE_DATASETS/FathomNet_FGVC2025/data/images/4803.png,04516f6459b2d88ebe3f8cef9593d74b25be9d46c943e78f6d33493a45d7ba94,0d501fa13721ae2b8f3c0e931c34f18f545d35be7d6d9342f206476d30c61ad6,4803,6,train
14756,4838,13,Brisingida,/home/tahiti/MARINE_DATASETS/FathomNet_FGVC2025/data/rois/4838_14756.png,/home/tahiti/MARINE_DATASETS/FathomNet_FGVC2025/data/images/4838.png,29dda0bf9d124404d466b099aff766bab380b5d7c0b838e55cddbe551bc971fd,b51ad69ae8d6133864194930353b1e866818bbadbf721ee7e3ef3aa5d5c9631c,4838,4,train
14940,4936,8,Apostichopus leukothele,/home/tahiti/MARINE_DATASETS/FathomNet_FGVC2025/data/rois/4936_14940.png,/home/tahiti/MARINE_DATASETS/FathomNet_FGVC2025/data/images/4936.png,facbaea13139ef8f830cc7ab498627ecb718d072b5e7b34a95753cb8ef29a2a7,bbb913ec92336b4258a4894634035276bed59b51b83612dc07202ad26a2f52ea,4936,2,train
15096,4988,14,Caridea,/home/tahiti/MARINE_DATASETS/FathomNet_FGVC2025/data/rois/4988_15096.png,/home/tahiti/MARINE_DATASETS/FathomNet_FGVC2025/data/images/4988.png,e1272d7b58576efe9d2374936b7bcd111cdabe90b0adf1aa850bb812d103d930,823d6925a616f075c98f5cb74b808189349bb9258f3123a3ac7516c80f48ab6a,4988,4,train
15112,4998,54,Paragorgia,/home/tahiti/MARINE_DATASETS/FathomNet_FGVC2025/data/rois/4998_15112.png,/home/tahiti/MARINE_DATASETS/FathomNet_FGVC2025/data/images/4998.png,4026b803e1a07e8b978485af4ebd7ec42a540c1d485c531b4bfcd2fd1c47d54d,ca94b42ce15021c0291402df493fa1564af62aace40595b2181903cc24f539de,4998,6,train
15196,5025,69,Sebastes,/home/tahiti/MARINE_DATASETS/FathomNet_FGVC2025/data/rois/5025_15196.png,/home/tahiti/MARINE_DATASETS/FathomNet_FGVC2025/data/images/5025.png,281c0e60cec80fdaecb9d38f37ecb0aa8771fbc0a4dabe36562637fa8f074a7c,76d997fcbdf3935bb7d7523e02a04d33d8e2c97fb20a1abf06b2afa23e17b5c8,5025,2,train
15232,5037,25,Gastropoda,/home/tahiti/MARINE_DATASETS/FathomNet_FGVC2025/data/rois/5037_15232.png,/home/tahiti/MARINE_DATASETS/FathomNet_FGVC2025/data/images/5037.png,5e03cfff02815b12081ad83c963bb0eb4508642a2235c6fa056ee05cb349a058,354a2ab509942ba0663043b188df8398d950291ad4ec703c332eb1b5893f5e68,5037,6,train
15294,5062,31,Hippasteria,/home/tahiti/MARINE_DATASETS/FathomNet_FGVC2025/data/rois/5062_15294.png,/home/tahiti/MARINE_DATASETS/FathomNet_FGVC2025/data/images/5062.png,0a1d7c95e2c04d0b2ce4b7b7a38522eef625d247a8ecdf2a013fc46e6afeaa20,ef5dd1ac1cd8aef041b18d4117c66e9bf038f6383a3f2d4c0b9d36446bf40f1f,5062,0,train
15316,5072,15,Ceriantharia,/home/tahiti/MARINE_DATASETS/FathomNet_FGVC2025/data/rois/5072_15316.png,/home/tahiti/MARINE_DATASETS/FathomNet_FGVC2025/data/images/5072.png,fac05d4d85041f520dff9bf759bcfd088ddc09c1278ff301ab3ddccd9240a3cc,37577db998f9667c4373d12e36204bcbbb12d977a32b67f8f9dc8f28d27f2935,5072,6,train
15367,5088,52,Pandalus platyceros,/home/tahiti/MARINE_DATASETS/FathomNet_FGVC2025/data/rois/5088_15367.png,/home/tahiti/MARINE_DATASETS/FathomNet_FGVC2025/data/images/5088.png,05e8dd46f0727dcaafa9a66e3747cef8d173407adec66767a811ae4ad84b8957,12f9aaace752d36f092e0ae9ed20ec24d781aaf64e789221e8e242f9f4e1d1f4,5088,2,train
15379,5092,9,Asbestopluma,/home/tahiti/MARINE_DATASETS/FathomNet_FGVC2025/data/rois/5092_15379.png,/home/tahiti/MARINE_DATASETS/FathomNet_FGVC2025/data/images/5092.png,9eac1fb1961f08e0c6b1430be09976e97da560c3be868559bad068f5dd1f33aa,f4f223df2906ff73c5920d872ec84e5f3d3773d08618ab829fc672139e56a93a,5092,4,train
15401,5107,57,Parastenella,/home/tahiti/MARINE_DATASETS/FathomNet_FGVC2025/data/rois/5107_15401.png,/home/tahiti/MARINE_DATASETS/FathomNet_FGVC2025/data/images/5107.png,b58b4772319a84a9ce0d174339019e653df816c530efed21fb16d97b488df092,d966c9b0fc9558f4490d4bb3cabd1c50b2a28c01cec880486a8c5d2684a7994f,5107,1,train
15404,5107,57,Parastenella,/home/tahiti/MARINE_DATASETS/FathomNet_FGVC2025/data/rois/5107_15404.png,/home/tahiti/MARINE_DATASETS/FathomNet_FGVC2025/data/images/5107.png,797f4c6679af42e64b62fa287ece621fa9f759cded36e9c82b65f1059cde8e5e,d966c9b0fc9558f4490d4bb3cabd1c50b2a28c01cec880486a8c5d2684a7994f,5107,1,train
15436,5119,63,Ptychogastria polaris,/home/tahiti/MARINE_DATASETS/FathomNet_FGVC2025/data/rois/5119_15436.png,/home/tahiti/MARINE_DATASETS/FathomNet_FGVC2025/data/images/5119.png,a027f11c148507b7d15419e61573f7ac93cd754f787fd057d556a5df7f9b83e5,c2eb7eba566166cfaa853677b8b4ba81c83b887a8c9891230e254f0529ac3e11,5119,4,train
15470,5130,36,Isosicyonis,/home/tahiti/MARINE_DATASETS/FathomNet_FGVC2025/data/rois/5130_15470.png,/home/tahiti/MARINE_DATASETS/FathomNet_FGVC2025/data/images/5130.png,e6c20ce2f51d0d5cef9e86f750952286f146d9c9a7d8f79b4a8bc0050608f72e,9818a6a74124440377e4256e4c8fa1445bb1d075780bc3753c17fa961613dcc4,5130,4,train
15606,5197,77,Umbellula,/home/tahiti/MARINE_DATASETS/FathomNet_FGVC2025/data/rois/5197_15606.png,/home/tahiti/MARINE_DATASETS/FathomNet_FGVC2025/data/images/5197.png,ac66d778fa40d01a95153ef306c9eee758e50d971aa102714748a7cf749a171c,b9a6ae6779469009e25277e4f7b6fb4872ef43f7f913162f39484dcf7f2f8da7,5197,6,train
15615,5197,43,Microstomus pacificus,/home/tahiti/MARINE_DATASETS/FathomNet_FGVC2025/data/rois/5197_15615.png,/home/tahiti/MARINE_DATASETS/FathomNet_FGVC2025/data/images/5197.png,220f78ccae582e9fe2df4a7fa52ad8f6a4fb3684de4cbc866f0b17a748d1039a,b9a6ae6779469009e25277e4f7b6fb4872ef43f7f913162f39484dcf7f2f8da7,5197,6,train
15628,5204,36,Isosicyonis,/home/tahiti/MARINE_DATASETS/FathomNet_FGVC2025/data/rois/5204_15628.png,/home/tahiti/MARINE_DATASETS/FathomNet_FGVC2025/data/images/5204.png,d3dba5ec92dfa40dab0e6e5ebcbeb670d730276e311f93e8eda7826f7cadae93,b7c2572810e93c7b785f814e163e8203ae13ea35b7df9de91c290691b078375c,5204,2,train
15645,5206,61,Psathyrometra fragilis,/home/tahiti/MARINE_DATASETS/FathomNet_FGVC2025/data/rois/5206_15645.png,/home/tahiti/MARINE_DATASETS/FathomNet_FGVC2025/data/images/5206.png,093a4b5737d952963148507385cbf5898fe8253fb2926c424c5b4503ada6e582,183f350dc3b6bc815e88791c0b138d6572d44c998dfce10fb9baa8d6f97fbb38,5206,2,train
15774,5248,69,Sebastes,/home/tahiti/MARINE_DATASETS/FathomNet_FGVC2025/data/rois/5248_15774.png,/home/tahiti/MARINE_DATASETS/FathomNet_FGVC2025/data/images/5248.png,557df43799d82feeb20fbfca3fe57e5a05df9a40a2ec8221b29d8dbc156fce9b,397b5c059a2190dd83b6333404a952870ac049733ca2fe4d6a79a70b1059585d,5248,0,train
15793,5257,43,Microstomus pacificus,/home/tahiti/MARINE_DATASETS/FathomNet_FGVC2025/data/rois/5257_15793.png,/home/tahiti/MARINE_DATASETS/FathomNet_FGVC2025/data/images/5257.png,b4b10699bb554f63ef2cf07fd19d1db4554e364e2671ba14bd6fac0f1c571410,673fe0d681d76ffd787c25a9eb3259d1d32f0186c9f0914c6f22541815ec1a09,5257,4,train
15808,5264,76,Tunicata,/home/tahiti/MARINE_DATASETS/FathomNet_FGVC2025/data/rois/5264_15808.png,/home/tahiti/MARINE_DATASETS/FathomNet_FGVC2025/data/images/5264.png,765ee914ab3bc96ac7a3de56ae98d00bf29ff7f06064c33b50e1b82830cfcc8a,b4d2797f51f7b8a02229cf15e220be81891e576bfe0db5ae92072fb826800323,5264,2,train
15927,5320,4,Actinernus,/home/tahiti/MARINE_DATASETS/FathomNet_FGVC2025/data/rois/5320_15927.png,/home/tahiti/MARINE_DATASETS/FathomNet_FGVC2025/data/images/5320.png,089fff14de464afce8efde77aed9f099529c69a1bb37572af7b937d603e02a8c,aec3444318dbf5d109c51c74ae90031d77dcddd9312dabd792613bdebdd64f55,5320,0,train
16156,5406,75,Terebellidae,/home/tahiti/MARINE_DATASETS/FathomNet_FGVC2025/data/rois/5406_16156.png,/home/tahiti/MARINE_DATASETS/FathomNet_FGVC2025/data/images/5406.png,fbdbaa08e6a08e7a37cfa68db50f0a257af7c530ba397a360d9c9ea3774ffa65,36476376897566417f354f5d585af610e709911fefcc108553b347241eee9dce,5406,1,train
16185,5415,63,Ptychogastria polaris,/home/tahiti/MARINE_DATASETS/FathomNet_FGVC2025/data/rois/5415_16185.png,/home/tahiti/MARINE_DATASETS/FathomNet_FGVC2025/data/images/5415.png,270499ec2459523fd842945caf49aea943c4ec857b972408c715f551b07df7f1,23a7ce178592706a3d7aa7c27fa5e28d21a5998bccce4d818e32ea68053b1dd5,5415,4,train
16198,5415,63,Ptychogastria polaris,/home/tahiti/MARINE_DATASETS/FathomNet_FGVC2025/data/rois/5415_16198.png,/home/tahiti/MARINE_DATASETS/FathomNet_FGVC2025/data/images/5415.png,771007b83a3ce279c7c2aae0a56c3576b1d2fb184aa381fd41af64a168c3b057,23a7ce178592706a3d7aa7c27fa5e28d21a5998bccce4d818e32ea68053b1dd5,5415,4,train
16304,5463,76,Tunicata,/home/tahiti/MARINE_DATASETS/FathomNet_FGVC2025/data/rois/5463_16304.png,/home/tahiti/MARINE_DATASETS/FathomNet_FGVC2025/data/images/5463.png,99db444cbf05d810c73b858e3715f5c20cac2d8c94d8f85c88a9c43bf9db1cd2,17a02448bb56eaf7a388956ab3a92032a7c3cd2cfcb66b32e1f9c20ea67a4f41,5463,6,train
16315,5464,33,Hormathiidae,/home/tahiti/MARINE_DATASETS/FathomNet_FGVC2025/data/rois/5464_16315.png,/home/tahiti/MARINE_DATASETS/FathomNet_FGVC2025/data/images/5464.png,4a1db0b93ffd93a1b74e99b8f2e8de3f27f6347bfcb33a263c226d2a4f9d84b6,06a729f0dd48c5ced7031548f4fbc6f1c468f9795a3292d6d363d9556d895cdd,5464,2,train
16469,5535,52,Pandalus platyceros,/home/tahiti/MARINE_DATASETS/FathomNet_FGVC2025/data/rois/5535_16469.png,/home/tahiti/MARINE_DATASETS/FathomNet_FGVC2025/data/images/5535.png,61483c963f0d1a413e0f272a62a49440e090b65f6a99665f094abfc25a3bcd0c,f8c70415c8c4b375772e40f4122b89ab866fd63318edbe746fb50636a17e680f,5535,4,train
16503,5557,15,Ceriantharia,/home/tahiti/MARINE_DATASETS/FathomNet_FGVC2025/data/rois/5557_16503.png,/home/tahiti/MARINE_DATASETS/FathomNet_FGVC2025/data/images/5557.png,5d064957fa01dbced7083c50b6e7862793e519105a262bf682b665d3f2be84a8,4559fd5f8229232aa6a5918df7fbd07755d436b03265b8ed8e4744ce3c02463a,5557,6,train
16630,5593,63,Ptychogastria polaris,/home/tahiti/MARINE_DATASETS/FathomNet_FGVC2025/data/rois/5593_16630.png,/home/tahiti/MARINE_DATASETS/FathomNet_FGVC2025/data/images/5593.png,d6bc09d454e8a292d6fb104559cb888d845e80fa08dfb0bf69c9c754c7eeccac,f5cdacda0c9be2532ab2936ff8a2a8f264ded23eea554f5183eafb38ced7bf18,5593,1,train
16639,5593,63,Ptychogastria polaris,/home/tahiti/MARINE_DATASETS/FathomNet_FGVC2025/data/rois/5593_16639.png,/home/tahiti/MARINE_DATASETS/FathomNet_FGVC2025/data/images/5593.png,f7ef7e5377375c9675101fea7dcd56cc39089c35adf2999fd8cfd345a16083d7,f5cdacda0c9be2532ab2936ff8a2a8f264ded23eea554f5183eafb38ced7bf18,5593,1,train
16647,5593,20,Delectopecten,/home/tahiti/MARINE_DATASETS/FathomNet_FGVC2025/data/rois/5593_16647.png,/home/tahiti/MARINE_DATASETS/FathomNet_FGVC2025/data/images/5593.png,6f1f1875a3f0b201793ee0147984e14a56ea02065cd4d92c2bd33c348051f45d,f5cdacda0c9be2532ab2936ff8a2a8f264ded23eea554f5183eafb38ced7bf18,5593,1,train
16663,5593,76,Tunicata,/home/tahiti/MARINE_DATASETS/FathomNet_FGVC2025/data/rois/5593_16663.png,/home/tahiti/MARINE_DATASETS/FathomNet_FGVC2025/data/images/5593.png,2ca263dcc647cb9fc5bfdbd37e78fbc960e6841ee1b5ac37d8c095c4990804e2,f5cdacda0c9be2532ab2936ff8a2a8f264ded23eea554f5183eafb38ced7bf18,5593,1,train
16700,5607,42,Metridium farcimen,/home/tahiti/MARINE_DATASETS/FathomNet_FGVC2025/data/rois/5607_16700.png,/home/tahiti/MARINE_DATASETS/FathomNet_FGVC2025/data/images/5607.png,20a8b6a7c83db2cd9f77f068deeebffafc25f4dfbba09f87bc4200942ec51246,bddab1eabc87f01f9dce4266c13b5f0212e10854f89a4b1879d17ddfdaf4d83d,5607,2,train
16740,5627,27,Heterocarpus,/home/tahiti/MARINE_DATASETS/FathomNet_FGVC2025/data/rois/5627_16740.png,/home/tahiti/MARINE_DATASETS/FathomNet_FGVC2025/data/images/5627.png,7f1a9a6d33e4960d5e52e17e3193c08b6886dec1c9975b2d7fa2ffbace2e56ad,fb1ff2ff5104b7b682b85a2ea0d057df7208f6af78b3e1fa287e2dc66aa57857,5627,6,train
17022,5757,12,Benthocodon pedunculata,/home/tahiti/MARINE_DATASETS/FathomNet_FGVC2025/data/rois/5757_17022.png,/home/tahiti/MARINE_DATASETS/FathomNet_FGVC2025/data/images/5757.png,0208d27488960dc80f8581ed147aba1f74e2bfb032ed37c4924662c7bf577978,24f666b5fe91f8a8485701a1c1c2d9e357f75d9781687dcd010cf07b4cdb4988,5757,2,train
17162,5824,12,Benthocodon pedunculata,/home/tahiti/MARINE_DATASETS/FathomNet_FGVC2025/data/rois/5824_17162.png,/home/tahiti/MARINE_DATASETS/FathomNet_FGVC2025/data/images/5824.png,97400778673eff4a89f796d5343c228a2167aa046539896c483d9953678bfff0,c81f9b0c447e7e8997a92df23b930eeb1867b12414e22897c254add1c35015fd,5824,6,train
17180,5830,2,Acanthascinae,/home/tahiti/MARINE_DATASETS/FathomNet_FGVC2025/data/rois/5830_17180.png,/home/tahiti/MARINE_DATASETS/FathomNet_FGVC2025/data/images/5830.png,3d39c15b19b9861c0735ea22c7d6a991a79de050eedf87c0b393e0005e661e64,c290d6c210d7636a82d5427ca94290aa0afcaca985ba26ccc8e577d6722655df,5830,2,train
17189,5835,64,Pyrosoma atlanticum,/home/tahiti/MARINE_DATASETS/FathomNet_FGVC2025/data/rois/5835_17189.png,/home/tahiti/MARINE_DATASETS/FathomNet_FGVC2025/data/images/5835.png,592729ecb7589086bb8d85698e9b4520578486e4b4a65b947792b4364d9b029d,5bb69b532b7b81d41700523f2342da49de166eba36d1cfad8eeb90b27d8b5f70,5835,1,train
17232,5864,38,Liponema brevicorne,/home/tahiti/MARINE_DATASETS/FathomNet_FGVC2025/data/rois/5864_17232.png,/home/tahiti/MARINE_DATASETS/FathomNet_FGVC2025/data/images/5864.png,349a994b8f4036e02f9453848d468fc49f7f9a22f0dc4899cc7b3110ccaed532,11b2b61fa2107f824c246894f67f8cacd9cfe5fc6d8444741ca4487443f7926f,5864,0,train
17303,5882,18,Corallimorphus pilatus,/home/tahiti/MARINE_DATASETS/FathomNet_FGVC2025/data/rois/5882_17303.png,/home/tahiti/MARINE_DATASETS/FathomNet_FGVC2025/data/images/5882.png,fb06263da65f64f378c03921822ee21c45c78bb43567e25f965ce51f4a026558,134ce97c90442c586b728826cf6b23c9cc8b8c1f530863914e5381513d9dc5f2,5882,4,train
17624,6046,51,Pandalus amplus,/home/tahiti/MARINE_DATASETS/FathomNet_FGVC2025/data/rois/6046_17624.png,/home/tahiti/MARINE_DATASETS/FathomNet_FGVC2025/data/images/6046.png,4b287686de12973164c25e9acc121ad69285bbe1eb651186e85c6743972505d9,40f9811710bf6c31393bbda71e5e89d22079b5e24032e7015a71d43c75c04dbd,6046,4,train
17634,6053,52,Pandalus platyceros,/home/tahiti/MARINE_DATASETS/FathomNet_FGVC2025/data/rois/6053_17634.png,/home/tahiti/MARINE_DATASETS/FathomNet_FGVC2025/data/images/6053.png,8b9e2d85c574bf3a5339b51b2bd72afa89b5f48e8d0246b85addc4bfda611597,4e8e7600d7d8b1086907ac8f467422790791891230c2516f4951347dc968cef9,6053,6,train
17640,6055,40,Mediaster aequalis,/home/tahiti/MARINE_DATASETS/FathomNet_FGVC2025/data/rois/6055_17640.png,/home/tahiti/MARINE_DATASETS/FathomNet_FGVC2025/data/images/6055.png,77ff6360c12fd141dffc1bde766f068a3dc6d4ddf39156ecf6e85a09120856fe,38366a797b0b688165d09069a812ec8cdac307be7ac740331e2db3425d530988,6055,6,train
17691,6076,43,Microstomus pacificus,/home/tahiti/MARINE_DATASETS/FathomNet_FGVC2025/data/rois/6076_17691.png,/home/tahiti/MARINE_DATASETS/FathomNet_FGVC2025/data/images/6076.png,89550eb656009692fa5b648a5a7634ba554aa982e085b44da0d5c364e582f428,902fea65a73173991e1edea4ac1d626444f697b168e65995f45dd87c1e8882d7,6076,0,train
17740,6096,57,Parastenella,/home/tahiti/MARINE_DATASETS/FathomNet_FGVC2025/data/rois/6096_17740.png,/home/tahiti/MARINE_DATASETS/FathomNet_FGVC2025/data/images/6096.png,ea793165421db1546cc19d77a6a7d34f22597828882e3249941009e9c25fc7a1,5a01c21bb48f8d16da34c69ccc5d814cf66d2d57c4cdac213d40a1a10895d2aa,6096,1,train
17800,6114,23,Florometra serratissima,/home/tahiti/MARINE_DATASETS/FathomNet_FGVC2025/data/rois/6114_17800.png,/home/tahiti/MARINE_DATASETS/FathomNet_FGVC2025/data/images/6114.png,3dfb35165fe682c66e4b92493eafca633166abe26267ff1a65dc414cf46413fc,c62f5866295f272d4214a57181ee247b2945cddaa7ac150155e9d3dff7a311f5,6114,2,train
17858,6131,4,Actinernus,/home/tahiti/MARINE_DATASETS/FathomNet_FGVC2025/data/rois/6131_17858.png,/home/tahiti/MARINE_DATASETS/FathomNet_FGVC2025/data/images/6131.png,1987af59da6bb34119006de00e6d284da400f47095e1eebd56fad10677dae673,25ea01a372d9aab5e6cda4c17905d9a80170c682a7ee23706c269a4ba6ff1322,6131,2,train
17874,6139,54,Paragorgia,/home/tahiti/MARINE_DATASETS/FathomNet_FGVC2025/data/rois/6139_17874.png,/home/tahiti/MARINE_DATASETS/FathomNet_FGVC2025/data/images/6139.png,aa3ed628462c8044500b7a5cced554f102aa773664e85a85bcf2e2d9547f8610,6feeec70c0a2e66acfab4de9dd48a48c2a400a5546f71490f770725bd3962025,6139,1,train
17942,6169,69,Sebastes,/home/tahiti/MARINE_DATASETS/FathomNet_FGVC2025/data/rois/6169_17942.png,/home/tahiti/MARINE_DATASETS/FathomNet_FGVC2025/data/images/6169.png,340caa084845572397cc9c0defe7471e20802eda3961d64f1de2fe2ccba9d885,e4c614e177a5e4f9dc9a22402cbb0d45bfbb93338c301d1c521923f251170a2e,6169,6,train
18038,6205,64,Pyrosoma atlanticum,/home/tahiti/MARINE_DATASETS/FathomNet_FGVC2025/data/rois/6205_18038.png,/home/tahiti/MARINE_DATASETS/FathomNet_FGVC2025/data/images/6205.png,84fe0a24ffa3c6812476b1fc6a5c60c24422d1d0576a13edc9e326336d6bafb4,a90754be2b605760145eae32f4b28b9608a6dc0bc20be0911a3493f801efa0aa,6205,4,train
18080,6226,32,Holothuroidea,/home/tahiti/MARINE_DATASETS/FathomNet_FGVC2025/data/rois/6226_18080.png,/home/tahiti/MARINE_DATASETS/FathomNet_FGVC2025/data/images/6226.png,17842c4f5cd5d669442185900c9c594df819afd7489b5970547043aa5e5d6ea4,c6ab0e771a23a28a0bd1626651de09b870b14e04d0597d5868411cf76532bea7,6226,0,train
18199,6273,3,Acanthoptilum,/home/tahiti/MARINE_DATASETS/FathomNet_FGVC2025/data/rois/6273_18199.png,/home/tahiti/MARINE_DATASETS/FathomNet_FGVC2025/data/images/6273.png,6935f297d3c39046152f799215c614aa00ba914db2503bf1676e633ec21f2b61,37c9522604e13385ce9d5ab3b66ce4f83074bad9753f6aa5c183b5ce271e1459,6273,1,train
18204,6276,51,Pandalus amplus,/home/tahiti/MARINE_DATASETS/FathomNet_FGVC2025/data/rois/6276_18204.png,/home/tahiti/MARINE_DATASETS/FathomNet_FGVC2025/data/images/6276.png,11e4c333e6b373f6a1a6fe159f331af70d5296e30e43781df37ff7a0deaac2d3,43293e7a1d42ff49ce82f9da3dfaaa5a5f2207a02e3cc40335fbf10ac88f42c9,6276,0,train
18207,6277,15,Ceriantharia,/home/tahiti/MARINE_DATASETS/FathomNet_FGVC2025/data/rois/6277_18207.png,/home/tahiti/MARINE_DATASETS/FathomNet_FGVC2025/data/images/6277.png,f7fbc79c32cddd7e57ec0a5cdadbe84d053fa9d2126b1ad85b113895e15786ca,a3384c249c3ae848f9adff1a25a9661c0578e1cd08d64419d6df4020278070f5,6277,4,train
18220,6285,21,Elpidia,/home/tahiti/MARINE_DATASETS/FathomNet_FGVC2025/data/rois/6285_18220.png,/home/tahiti/MARINE_DATASETS/FathomNet_FGVC2025/data/images/6285.png,421a826191f1b3d5c098e5bc3f1cbea99653378670a92220b18332f41810d779,414b87b9464b777191c8ebf207a6577d2c0766aa65283627273d85972714023b,6285,4,train
18233,6294,64,Pyrosoma atlanticum,/home/tahiti/MARINE_DATASETS/FathomNet_FGVC2025/data/rois/6294_18233.png,/home/tahiti/MARINE_DATASETS/FathomNet_FGVC2025/data/images/6294.png,75ee2fae2a67762ccc1fc942b6b7f516539d07e70f786b6d93715ccb8863a5f3,042247d63ff9cf3663724c8886b911df8af30064e997dfb17a827429a868e5e2,6294,0,train
18268,6302,26,Gersemia juliepackardae,/home/tahiti/MARINE_DATASETS/FathomNet_FGVC2025/data/rois/6302_18268.png,/home/tahiti/MARINE_DATASETS/FathomNet_FGVC2025/data/images/6302.png,715fe639e281f0b01b5367059a01daf9b0c1d4864d874467a049561e9c1ad113,15ff88b171e61a731808e81151a3b01abe50a2568ea807a53122640137a4f09d,6302,2,train
18289,6307,57,Parastenella,/home/tahiti/MARINE_DATASETS/FathomNet_FGVC2025/data/rois/6307_18289.png,/home/tahiti/MARINE_DATASETS/FathomNet_FGVC2025/data/images/6307.png,45afcef0e3281b48a634fe68391579a48e795bb573126383dbbc1168132e8e83,f0d9ab141899c05bf07dcf009047d98751d7647f5e8b3d0de4870ca59b3dd76e,6307,1,train
18436,6392,12,Benthocodon pedunculata,/home/tahiti/MARINE_DATASETS/FathomNet_FGVC2025/data/rois/6392_18436.png,/home/tahiti/MARINE_DATASETS/FathomNet_FGVC2025/data/images/6392.png,2e41a35e1e0445bf95b0388091fc423c06f554065ab1f9508067e7f966f438ce,9f56ed79127c7ce51a9f7908e00da1721bcc899ec3dfe815e82a8d964c921923,6392,0,train
18488,6407,48,Ophiacanthidae,/home/tahiti/MARINE_DATASETS/FathomNet_FGVC2025/data/rois/6407_18488.png,/home/tahiti/MARINE_DATASETS/FathomNet_FGVC2025/data/images/6407.png,928a816c219cbae724dd59ebff751068210c2cebe3a94ad3e681c40db3cadd42,4a946c75d5dfa47b7791af1bc5dd82fbe102dd7ab5fce7debd4cd14fafac2002,6407,0,train
18514,6421,2,Acanthascinae,/home/tahiti/MARINE_DATASETS/FathomNet_FGVC2025/data/rois/6421_18514.png,/home/tahiti/MARINE_DATASETS/FathomNet_FGVC2025/data/images/6421.png,7c6b58dbb3f4248a46b8aa44e221d4c8c0169d6fa9d9c83ff98c7612476a1072,07400128c32d4af65819c50be73ee10e496fb213b9d77a71104dd52628b1d218,6421,2,train
18555,6445,7,Amphipoda,/home/tahiti/MARINE_DATASETS/FathomNet_FGVC2025/data/rois/6445_18555.png,/home/tahiti/MARINE_DATASETS/FathomNet_FGVC2025/data/images/6445.png,46f4be38c0fec29b028485a75fe1473e9729c4b42cd8d52b10428da0843462f9,70a45682bd0758a0a60618a0ae0c0e9056f83ab169a4225d6be881d6f3eba667,6445,6,train
18645,6481,9,Asbestopluma,/home/tahiti/MARINE_DATASETS/FathomNet_FGVC2025/data/rois/6481_18645.png,/home/tahiti/MARINE_DATASETS/FathomNet_FGVC2025/data/images/6481.png,45555d923f0c5863f2151de15ab4474fd6b5a030873c701a1c1e67da9cccd522,1f4ec92803298c401c5f2fb2f8cb3f2d0692bd3fb01ad00c0e3a6bcacc2bea32,6481,4,train
18727,6531,27,Heterocarpus,/home/tahiti/MARINE_DATASETS/FathomNet_FGVC2025/data/rois/6531_18727.png,/home/tahiti/MARINE_DATASETS/FathomNet_FGVC2025/data/images/6531.png,4a1f1d5f32bdddd376e23fe2524dffd6383ee20d1c4925f03114c05e9079b13d,7d6f2e451df093be513dc602ce714b40894d5de4492ace10fe3906d1d703074f,6531,6,train
18736,6537,2,Acanthascinae,/home/tahiti/MARINE_DATASETS/FathomNet_FGVC2025/data/rois/6537_18736.png,/home/tahiti/MARINE_DATASETS/FathomNet_FGVC2025/data/images/6537.png,529fc75ab3079ed100fd60abd180f80654c00c074041c7e7ef80da01c3747f31,86eb8d0693959aee999d2e15fe9b8f13ff238debe9830d627a9e3a03c4742b88,6537,1,train
18826,6590,27,Heterocarpus,/home/tahiti/MARINE_DATASETS/FathomNet_FGVC2025/data/rois/6590_18826.png,/home/tahiti/MARINE_DATASETS/FathomNet_FGVC2025/data/images/6590.png,ccee7ef3a33954db38c54992451da61dd8c66f2aa7cbea8d5b981ae8ccd722c4,b2a4e43568dd7382196b7a53eff7d124b4d8868d8454572278ca7a66e46e3238,6590,6,train
18986,6665,50,Paelopatides confundens,/home/tahiti/MARINE_DATASETS/FathomNet_FGVC2025/data/rois/6665_18986.png,/home/tahiti/MARINE_DATASETS/FathomNet_FGVC2025/data/images/6665.png,5620061473ef9981dd1c54662615beb0e2e875a0e9e22202fa2eb3377628c788,250fe6b9c92deedb73b7b54dfa18e22252ce63ae2063a3f99cd5696972ba1bf3,6665,1,train
19003,6671,64,Pyrosoma atlanticum,/home/tahiti/MARINE_DATASETS/FathomNet_FGVC2025/data/rois/6671_19003.png,/home/tahiti/MARINE_DATASETS/FathomNet_FGVC2025/data/images/6671.png,71dd71e33e75a45931dc74ae2083c5f1ac61f6b8d004e0e4a59abb9ea6b13f06,740c8e10ea8268f2cdbba4819cccbaaa863af7ffbc75c970d36b795d9e1ae102,6671,0,train
19067,6698,40,Mediaster aequalis,/home/tahiti/MARINE_DATASETS/FathomNet_FGVC2025/data/rois/6698_19067.png,/home/tahiti/MARINE_DATASETS/FathomNet_FGVC2025/data/images/6698.png,e45065c84e2721b76e54c65695a75d0351ab271c186f91f9ab149eb66caaee0b,f35010aed486aaf23b50336947f764a1a64d19bddc5aa150c45dda7856256c7a,6698,6,train
19122,6718,1,Abyssocucumis abyssorum,/home/tahiti/MARINE_DATASETS/FathomNet_FGVC2025/data/rois/6718_19122.png,/home/tahiti/MARINE_DATASETS/FathomNet_FGVC2025/data/images/6718.png,0453f95aa7f666b57583f4f494444f3cb1d640eeb788d3d498bb1e2d893003af,7329fca564775980bfa0bdba5860c06644cb3b421f20cad4c7c05ff6f2c205be,6718,6,train
19158,6737,51,Pandalus amplus,/home/tahiti/MARINE_DATASETS/FathomNet_FGVC2025/data/rois/6737_19158.png,/home/tahiti/MARINE_DATASETS/FathomNet_FGVC2025/data/images/6737.png,584f2aaae47b8f8c179f94c87d008451ebbcd0ea048d18762aa6dbe4f2027e08,3b6fa7a1e8d6a95dbe3c0559d4be80e757cf3c443bb43663685a04698142f11f,6737,0,train
19198,6762,7,Amphipoda,/home/tahiti/MARINE_DATASETS/FathomNet_FGVC2025/data/rois/6762_19198.png,/home/tahiti/MARINE_DATASETS/FathomNet_FGVC2025/data/images/6762.png,16b580996cc045590eb0a1ead61aa77f474c9054b625bdffd350c2069b9ffd89,91cfd993fa193fcaf412fe30e933ac3dd82e70f64c92cfba5cebfcb4c986c8d0,6762,4,train
19215,6762,7,Amphipoda,/home/tahiti/MARINE_DATASETS/FathomNet_FGVC2025/data/rois/6762_19215.png,/home/tahiti/MARINE_DATASETS/FathomNet_FGVC2025/data/images/6762.png,c5fe4d2b1c9ae5d1b4b32494d464ce17f363291d8fa157fb6e9279919317423c,91cfd993fa193fcaf412fe30e933ac3dd82e70f64c92cfba5cebfcb4c986c8d0,6762,4,train
19276,6802,23,Florometra serratissima,/home/tahiti/MARINE_DATASETS/FathomNet_FGVC2025/data/rois/6802_19276.png,/home/tahiti/MARINE_DATASETS/FathomNet_FGVC2025/data/images/6802.png,32db3568045972d1dcdce80b4352a1bb0b45c99e5205553fe4c34686bb1a54c1,ffd09eab0c7fcfb03c34c7f8008e47121db62ace2e367f6fd2b5ac4cc114f5ff,6802,6,train
19586,6945,26,Gersemia juliepackardae,/home/tahiti/MARINE_DATASETS/FathomNet_FGVC2025/data/rois/6945_19586.png,/home/tahiti/MARINE_DATASETS/FathomNet_FGVC2025/data/images/6945.png,edb491f47e92966240b3675694b5a805799cb52dae0bf1bb2ae6c69409e51468,d3fde58d1828f7e68013e66a4ff61f78b4fa14e0c17db1ec55e489328dd52253,6945,0,train
19592,6946,50,Paelopatides confundens,/home/tahiti/MARINE_DATASETS/FathomNet_FGVC2025/data/rois/6946_19592.png,/home/tahiti/MARINE_DATASETS/FathomNet_FGVC2025/data/images/6946.png,6ef0961b68caa920f6740428f03787203b8b123189adeacb0a0624b1f0305e6d,73e00444da185fa5d8c3a99e58428432e0adf9fd0d1dad3dbb5bf210e17c731e,6946,1,train
19624,6964,6,Actinopterygii,/home/tahiti/MARINE_DATASETS/FathomNet_FGVC2025/data/rois/6964_19624.png,/home/tahiti/MARINE_DATASETS/FathomNet_FGVC2025/data/images/6964.png,81735c237ec5c2ef129bb82ff3ba0cbf216e1583044a0474b63292e92103d354,8d53691e33a570e329836b58273396229ae38827e47c102bf8288a6de49a84bb,6964,2,train
19683,6999,78,Vesicomyidae,/home/tahiti/MARINE_DATASETS/FathomNet_FGVC2025/data/rois/6999_19683.png,/home/tahiti/MARINE_DATASETS/FathomNet_FGVC2025/data/images/6999.png,80c9b0b7c0e39cdb5381f00c2dd2f2391b2b0de93e73bafead90a2262548543a,b9fba8e10077c7df36399f306b125a6088bce7efd79bfd50ea519079781f232a,6999,1,train
19717,7012,8,Apostichopus leukothele,/home/tahiti/MARINE_DATASETS/FathomNet_FGVC2025/data/rois/7012_19717.png,/home/tahiti/MARINE_DATASETS/FathomNet_FGVC2025/data/images/7012.png,26a5c48e9a150e1756afd75b7b64ae8bc72a07357b154d10d7ac95054a7d4649,8934e8cc161f7c39346f846bc78e682cc86fa63e449357776077eafa474bf036,7012,0,train
19805,7056,15,Ceriantharia,/home/tahiti/MARINE_DATASETS/FathomNet_FGVC2025/data/rois/7056_19805.png,/home/tahiti/MARINE_DATASETS/FathomNet_FGVC2025/data/images/7056.png,457eed6a456a82976593990901e1b4b3db8326be3db9d918cf4c87d25812fe3f,7b7b4db51b704acde65ed2798066517d98b3c59e8cbd26c2c5433d13e069431a,7056,6,train
19831,7066,21,Elpidia,/home/tahiti/MARINE_DATASETS/FathomNet_FGVC2025/data/rois/7066_19831.png,/home/tahiti/MARINE_DATASETS/FathomNet_FGVC2025/data/images/7066.png,ae6e5aa4f7913e87832df64fc3ec03541a6d8dba2ad6dac1e6c76a1817b57707,13ff4f825f47c3ea184e9c2f9b41a7a194b2021ded457cbe391eef2b10b549f8,7066,6,train
19879,7092,9,Asbestopluma,/home/tahiti/MARINE_DATASETS/FathomNet_FGVC2025/data/rois/7092_19879.png,/home/tahiti/MARINE_DATASETS/FathomNet_FGVC2025/data/images/7092.png,5d6ede76a28e7167fcccdfc903d080389caa492177471681934132620f486dfd,7f81310a7f755f870bb836c884549985762517124fc63a6b400776cf3df9f56d,7092,1,train
19891,7100,1,Abyssocucumis abyssorum,/home/tahiti/MARINE_DATASETS/FathomNet_FGVC2025/data/rois/7100_19891.png,/home/tahiti/MARINE_DATASETS/FathomNet_FGVC2025/data/images/7100.png,5cc193717ba3208635bc9a0e85f17d34dd97d3ab0bd2e10c08a348a1a13685b7,6df9f1a465290524c692489c74ed7400a51573e7931a5e2853c0cab3a885839d,7100,4,train
19958,7126,10,Asbestopluma monticola,/home/tahiti/MARINE_DATASETS/FathomNet_FGVC2025/data/rois/7126_19958.png,/home/tahiti/MARINE_DATASETS/FathomNet_FGVC2025/data/images/7126.png,cdc5b8d0478196a0ef4094920f4d8c819a8c8535a30cfcd6b345af12ddad2c5c,90c95125b0bc8d70a101c8dc6f9607d924bcbf59698339ee001606191da76382,7126,6,train
19967,7128,59,Pennatula phosphorea,/home/tahiti/MARINE_DATASETS/FathomNet_FGVC2025/data/rois/7128_19967.png,/home/tahiti/MARINE_DATASETS/FathomNet_FGVC2025/data/images/7128.png,b0c249c20a9847f772f2b214fb5b2f08f6545207c808922a705f73e77a460b2e,de58f45cd8b063051082d2e92d7be180cfe19f314150f204005fbd7b63f7233d,7128,1,train
20006,7150,8,Apostichopus leukothele,/home/tahiti/MARINE_DATASETS/FathomNet_FGVC2025/data/rois/7150_20006.png,/home/tahiti/MARINE_DATASETS/FathomNet_FGVC2025/data/images/7150.png,d9147482cd9b97dcae69a33f5af47226860b47d2610433c04178b78eb17feb43,c9e85956806c86bc67ef5855a938da04993b30cca5dc3553772506b3d8fec020,7150,4,train
20073,7185,75,Terebellidae,/home/tahiti/MARINE_DATASETS/FathomNet_FGVC2025/data/rois/7185_20073.png,/home/tahiti/MARINE_DATASETS/FathomNet_FGVC2025/data/images/7185.png,61400aff4c84f5810d83841ff29939b5d79e00ca1fc8ae9b1b23ff15289e37ff,6142af66b462cd0d9ac983a4220831335b69365abe6523d10c3fda5c9ad3e072,7185,1,train
20124,7220,10,Asbestopluma monticola,/home/tahiti/MARINE_DATASETS/FathomNet_FGVC2025/data/rois/7220_20124.png,/home/tahiti/MARINE_DATASETS/FathomNet_FGVC2025/data/images/7220.png,d592ea810d231ffb2444f48afb2720037b70be317ee8bbae15ba0d632ea80337,bade04f9499e377eaa52d32fb118372b7a793e861556b8d2390b6adf20fbc609,7220,6,train
20135,7222,12,Benthocodon pedunculata,/home/tahiti/MARINE_DATASETS/FathomNet_FGVC2025/data/rois/7222_20135.png,/home/tahiti/MARINE_DATASETS/FathomNet_FGVC2025/data/images/7222.png,e297ee4e86c32715fd3cb2472aa011643721b99dd2b7dfca2270e40fcd5b6a7a,9df03b935550b454e8c114b9d21c44b868c06fcd739fe2c818d83d73fda7fd50,7222,1,train
20172,7247,66,Scleractinia,/home/tahiti/MARINE_DATASETS/FathomNet_FGVC2025/data/rois/7247_20172.png,/home/tahiti/MARINE_DATASETS/FathomNet_FGVC2025/data/images/7247.png,f629c1e5d9ac93cbe0c7259336c0f26b61bbbcfba9fba7c213366f106502a31a,3fe965861a77a24d17d9b2abad5abdf042c5354808acd4ffbc39ba65cc029e40,7247,2,train
20186,7253,10,Asbestopluma monticola,/home/tahiti/MARINE_DATASETS/FathomNet_FGVC2025/data/rois/7253_20186.png,/home/tahiti/MARINE_DATASETS/FathomNet_FGVC2025/data/images/7253.png,5a82db532e5ae3d57c3d95f8c66ad716950f5739978f5b8ce93ff03ce1d31ea4,0187948156767bbcd0a0eba7f9fe5b637c34f9a56f58f8f068248808bf2eb0dc,7253,2,train
20383,7326,9,Asbestopluma,/home/tahiti/MARINE_DATASETS/FathomNet_FGVC2025/data/rois/7326_20383.png,/home/tahiti/MARINE_DATASETS/FathomNet_FGVC2025/data/images/7326.png,6a6ebe92c7b007c8c34bd098e6518faf16dbb5e4c54f17a6df02dd833b75c730,16411bee3f20ee1019ed17f1b700e8f28376c9b425c1f9399dd5e3dfe70d7324,7326,0,train
20404,7340,7,Amphipoda,/home/tahiti/MARINE_DATASETS/FathomNet_FGVC2025/data/rois/7340_20404.png,/home/tahiti/MARINE_DATASETS/FathomNet_FGVC2025/data/images/7340.png,44bb27f864f7bd0877fab187e24d98e530fd7208c1e4066f687cc7a540ce6c94,9d6c8d46dbf3be560091f35c6d77b6faf62e8b161609ea11798bd2d26c79bbe8,7340,2,train
20446,7356,52,Pandalus platyceros,/home/tahiti/MARINE_DATASETS/FathomNet_FGVC2025/data/rois/7356_20446.png,/home/tahiti/MARINE_DATASETS/FathomNet_FGVC2025/data/images/7356.png,f36f587e21b03ee6e40eac62bf28275983dca97599d31dd928c62c6d2978e98b,ebd5cb81ebf3e01d1a32484dcb01b5c72e28bfe06d5902772400d0cca136bf38,7356,2,train
20450,7359,70,Sebastes diploproa,/home/tahiti/MARINE_DATASETS/FathomNet_FGVC2025/data/rois/7359_20450.png,/home/tahiti/MARINE_DATASETS/FathomNet_FGVC2025/data/images/7359.png,38671285a43a2c40d0daf28b60e46546776bef27b78d6c15d573e9f335de5190,83e909f4a2d554015d5be8357abcf0e92cd21f3c7104a93fee3bb04f81d06c58,7359,2,train
20466,7368,17,Chorilia longipes,/home/tahiti/MARINE_DATASETS/FathomNet_FGVC2025/data/rois/7368_20466.png,/home/tahiti/MARINE_DATASETS/FathomNet_FGVC2025/data/images/7368.png,cea2847c84aaac71f548172ba064aefc0c2936d9b21d672afdc5ce9d33975185,7a881a8ecfe7b93560fbb414562e25468c932217f81c32d0205a55bc24fc18af,7368,4,train
20555,7406,21,Elpidia,/home/tahiti/MARINE_DATASETS/FathomNet_FGVC2025/data/rois/7406_20555.png,/home/tahiti/MARINE_DATASETS/FathomNet_FGVC2025/data/images/7406.png,a65880d396388912c3d455c33379e75085797b287cf2348d1d996fac53bd07dc,38faac91a549d76eae3ca0147e2b01f1c3d9db420aaed51ee272c5305efa8c86,7406,0,train
20651,7447,7,Amphipoda,/home/tahiti/MARINE_DATASETS/FathomNet_FGVC2025/data/rois/7447_20651.png,/home/tahiti/MARINE_DATASETS/FathomNet_FGVC2025/data/images/7447.png,9da532baf739da57fe5a5bfe3838fe8a0f7220647bbc8390b079220b64907f70,f0361b0f547ebf8e7bc4fa6ee02c06e903987cc97bb5895ea579d64e37473410,7447,0,train
20709,7457,78,Vesicomyidae,/home/tahiti/MARINE_DATASETS/FathomNet_FGVC2025/data/rois/7457_20709.png,/home/tahiti/MARINE_DATASETS/FathomNet_FGVC2025/data/images/7457.png,e39527df7a9645a747ef3c46cbbe4ff9047341d09a0e358359f25321c8c4d394,ee0408701fbe399cf04dc93fe6f9029a2dfd770761e74938b2fff754b3f5e20f,7457,4,train
20758,7473,3,Acanthoptilum,/home/tahiti/MARINE_DATASETS/FathomNet_FGVC2025/data/rois/7473_20758.png,/home/tahiti/MARINE_DATASETS/FathomNet_FGVC2025/data/images/7473.png,e83830db430aa0179d623a040a5cee847f12aafc0b5ed82829d0c99f87b3acf8,0e4bca0b3fdbc5c861312e259da2db88f3ac058c51c4af81dc3a8b49452dbb46,7473,0,train
20767,7474,26,Gersemia juliepackardae,/home/tahiti/MARINE_DATASETS/FathomNet_FGVC2025/data/rois/7474_20767.png,/home/tahiti/MARINE_DATASETS/FathomNet_FGVC2025/data/images/7474.png,08fc2c9552276a90a6385f5f13c240cf5c8fbea5b78504546621fa7ba06d7edb,97c16f41e481a12a4e31e062e2c954ac738163826fbc9a290e12cf130a78e028,7474,6,train
20803,7492,27,Heterocarpus,/home/tahiti/MARINE_DATASETS/FathomNet_FGVC2025/data/rois/7492_20803.png,/home/tahiti/MARINE_DATASETS/FathomNet_FGVC2025/data/images/7492.png,7c23eeb22d9013469846d125c47b9e868a4b31bb0cd333b2cd45560a422097cd,58b98164dd9814b63d3fd29daa58085bc0f88aff0e054d127de62dbe5e148f61,7492,2,train
20805,7493,15,Ceriantharia,/home/tahiti/MARINE_DATASETS/FathomNet_FGVC2025/data/rois/7493_20805.png,/home/tahiti/MARINE_DATASETS/FathomNet_FGVC2025/data/images/7493.png,5d91c6ba5a417a974ae451801e8a7e7402b110ebbd6125fe81c93b0d7297c702,dd2afc8783e06cfda8ba29fe6dea36b188faa494ae1b97291433701a198a5db2,7493,0,train
20818,7501,78,Vesicomyidae,/home/tahiti/MARINE_DATASETS/FathomNet_FGVC2025/data/rois/7501_20818.png,/home/tahiti/MARINE_DATASETS/FathomNet_FGVC2025/data/images/7501.png,9043605b403ea32611fd2142c8ab6ae837cbe25932f3299e0e1c37c60c2ddbaf,51cc4003a61d7f5446b4cf9c1f6fcccb52e6187e28a0c34c254f1cbd243b8b0e,7501,2,train
20946,7567,46,Mycale,/home/tahiti/MARINE_DATASETS/FathomNet_FGVC2025/data/rois/7567_20946.png,/home/tahiti/MARINE_DATASETS/FathomNet_FGVC2025/data/images/7567.png,e7ad18c8325e5c8fbe57427cbca268304e01773cb6b98d443801cebe32e16d36,93810d4d8cd96fc9fb8cb6a6a3a9ff2a3b278b456c12952a242803c805c5541b,7567,2,train
21002,7589,21,Elpidia,/home/tahiti/MARINE_DATASETS/FathomNet_FGVC2025/data/rois/7589_21002.png,/home/tahiti/MARINE_DATASETS/FathomNet_FGVC2025/data/images/7589.png,14aba4b2783656b56a1952b289d795ca5b0de6c02d2a2ab48a081bb7d7e5afba,454cb29d86a533a7334a10eeb81d59e1c3c0bc219c897ac4193a6a701d933dfe,7589,2,train
21058,7608,20,Delectopecten,/home/tahiti/MARINE_DATASETS/FathomNet_FGVC2025/data/rois/7608_21058.png,/home/tahiti/MARINE_DATASETS/FathomNet_FGVC2025/data/images/7608.png,a5c796fe06aede8bcf9cc979198983d51d55a20e6a097245ca3a2151bb503557,4511ebf693f1569bae437681ede1ecc6d9a6e3c01a09e443854ce9b3b4081d49,7608,1,train
21060,7609,78,Vesicomyidae,/home/tahiti/MARINE_DATASETS/FathomNet_FGVC2025/data/rois/7609_21060.png,/home/tahiti/MARINE_DATASETS/FathomNet_FGVC2025/data/images/7609.png,e938c7b14bd4d2bd4ff8bff793a22195f5ad6efa01d640cacb8cf0d4b84d2110,dc65a60e5e9c6fdcbba622578877eebaa54599a1ad9c52a8b97dd29136416dd6,7609,2,train
21084,7613,61,Psathyrometra fragilis,/home/tahiti/MARINE_DATASETS/FathomNet_FGVC2025/data/rois/7613_21084.png,/home/tahiti/MARINE_DATASETS/FathomNet_FGVC2025/data/images/7613.png,4c85d01c9374d4f257389bbca1fe390ee14a7ab95cc230161adf2ef0d3c4a642,6d5945a2f5a148d8f12e44e8a4706ca26499e7c1af96c1b937dce93213ffbd7f,7613,0,train
21170,7657,23,Florometra serratissima,/home/tahiti/MARINE_DATASETS/FathomNet_FGVC2025/data/rois/7657_21170.png,/home/tahiti/MARINE_DATASETS/FathomNet_FGVC2025/data/images/7657.png,4607ddec0e9827e05bfbdd6d45a4ee48cca0a7c668920bd5275775d826c59f93,e60cd77949e1a9a4c3b875f076cc6a89d624d87e14dc94c99d59bc1567b77c2f,7657,2,train
21178,7659,13,Brisingida,/home/tahiti/MARINE_DATASETS/FathomNet_FGVC2025/data/rois/7659_21178.png,/home/tahiti/MARINE_DATASETS/FathomNet_FGVC2025/data/images/7659.png,7f6c74cb2289e2b83a7f4076009d61c67dcf12f8f09440001423e425b4f7a3ba,28edbe81349431c586d3a4f33735a6464e411c0e8238d47a49cc9252aae73414,7659,4,train
21179,7660,48,Ophiacanthidae,/home/tahiti/MARINE_DATASETS/FathomNet_FGVC2025/data/rois/7660_21179.png,/home/tahiti/MARINE_DATASETS/FathomNet_FGVC2025/data/images/7660.png,15e9a7f0c29861ac49077da22d915fd6465e1afdf064f93a6f26fe5130e8f026,6d29866c9190cba62fd56ca6dd9980da3534ae545d4ca8668f0f2875ccda4858,7660,4,train
21254,7694,50,Paelopatides confundens,/home/tahiti/MARINE_DATASETS/FathomNet_FGVC2025/data/rois/7694_21254.png,/home/tahiti/MARINE_DATASETS/FathomNet_FGVC2025/data/images/7694.png,286677bb54687fa7b912a01c1de22041c87831ada47f08cb5fb838a4a036cb61,6d815fe9864b76ba8bdf72477854b000660a593f21e8e83ede9e82b71c66653f,7694,0,train
21276,7707,3,Acanthoptilum,/home/tahiti/MARINE_DATASETS/FathomNet_FGVC2025/data/rois/7707_21276.png,/home/tahiti/MARINE_DATASETS/FathomNet_FGVC2025/data/images/7707.png,91e21ecc458ad367d09f92190fb630ad5abfa81aab184ddcb0920380ab1a8976,6c9b880a965e5ae26aa532cd0ae25f7675f8b1ab7813534579f597df93f9ded8,7707,0,train
21334,7729,17,Chorilia longipes,/home/tahiti/MARINE_DATASETS/FathomNet_FGVC2025/data/rois/7729_21334.png,/home/tahiti/MARINE_DATASETS/FathomNet_FGVC2025/data/images/7729.png,874e24789c4f2d551e35445f807a734dad8ce30d81d6260baa5874fb1e289661,d786ad9b98c1801309b68eeeda0ccfc0378c818b4c901a8e161d0b06ccb19daf,7729,0,train
21363,7750,26,Gersemia juliepackardae,/home/tahiti/MARINE_DATASETS/FathomNet_FGVC2025/data/rois/7750_21363.png,/home/tahiti/MARINE_DATASETS/FathomNet_FGVC2025/data/images/7750.png,099ec6b2759444f2e2f13c0482c660a9969044b778d68cd681881a3108e22975,0781139bd65075a477d237996f02242441c144dcad87616361238b6ee3def5fc,7750,2,train
21429,7799,59,Pennatula phosphorea,/home/tahiti/MARINE_DATASETS/FathomNet_FGVC2025/data/rois/7799_21429.png,/home/tahiti/MARINE_DATASETS/FathomNet_FGVC2025/data/images/7799.png,3a71da34bba0517eaf454a2de71debc30903a23d49ff5c3c3d2e256a2ab70a20,534b2b4648277c2bbe545d2ef47cfcd464cf8a41335365b50bacc448209fbcf4,7799,0,train
21486,7833,10,Asbestopluma monticola,/home/tahiti/MARINE_DATASETS/FathomNet_FGVC2025/data/rois/7833_21486.png,/home/tahiti/MARINE_DATASETS/FathomNet_FGVC2025/data/images/7833.png,c43a0dac6d6f5c79b2a123b5602a8bdab105db0cd7bb3e5eda0d971827ca0480,5613e0fd2e9259eef85c3523dd136845ff12b72e7d884f68b6d5ae755689d7b4,7833,0,train
21646,7907,20,Delectopecten,/home/tahiti/MARINE_DATASETS/FathomNet_FGVC2025/data/rois/7907_21646.png,/home/tahiti/MARINE_DATASETS/FathomNet_FGVC2025/data/images/7907.png,d56a61531821c49a5a5c896b09d6879e65f94b56b6447e6f4c58fde1cead9619,00b5ab270d552ccd3dc23569333f60c40f6151a88652e2940acb5829e86dbc10,7907,2,train
21651,7908,20,Delectopecten,/home/tahiti/MARINE_DATASETS/FathomNet_FGVC2025/data/rois/7908_21651.png,/home/tahiti/MARINE_DATASETS/FathomNet_FGVC2025/data/images/7908.png,9349a15f5b9e50466c3ebf4fd8062013ff26f731504c340bac74a0d4e0d5fdd5,e287e771c6a2afe83f8f699098369c7af35aef65212fe5a937d27feb3e52cb5f,7908,1,train
21747,7970,39,Lithodidae,/home/tahiti/MARINE_DATASETS/FathomNet_FGVC2025/data/rois/7970_21747.png,/home/tahiti/MARINE_DATASETS/FathomNet_FGVC2025/data/images/7970.png,be4732f57c9699efabf1907e51cff60d4d9ca326e4fbeada1b3946fd43e137ef,a8f76f1c92669aee5ce1c900730e28b48007d78905eb6a44fd2fab64a63bd818,7970,6,train
21782,7985,70,Sebastes diploproa,/home/tahiti/MARINE_DATASETS/FathomNet_FGVC2025/data/rois/7985_21782.png,/home/tahiti/MARINE_DATASETS/FathomNet_FGVC2025/data/images/7985.png,00531ea4e023ab52b2e311c7330ca3a1921a878b840dba236b2305f6fba43f4a,c81cdf176f9778b71b2f21fe5bde4dc297fe33d6f808542ebf3bd5e0df9c860a,7985,4,train
21810,8004,17,Chorilia longipes,/home/tahiti/MARINE_DATASETS/FathomNet_FGVC2025/data/rois/8004_21810.png,/home/tahiti/MARINE_DATASETS/FathomNet_FGVC2025/data/images/8004.png,03e8f3b4f57094093719f2194e3a94928e805e7af3999df31834ab2f880b64a2,802affd69bc4d0b73bf1a94ba8b234e96dfd266460567a647917f5a6c86844a4,8004,1,train
22072,8143,1,Abyssocucumis abyssorum,/home/tahiti/MARINE_DATASETS/FathomNet_FGVC2025/data/rois/8143_22072.png,/home/tahiti/MARINE_DATASETS/FathomNet_FGVC2025/data/images/8143.png,2f45848ef2a8a9d5e1776cf4f0493e450900127f355bc71b9640b7c3efaa9f68,824c603d813f7c37d8d9b45d54071247290e72f3252844cdeba20654e58aea62,8143,1,train
22075,8146,17,Chorilia longipes,/home/tahiti/MARINE_DATASETS/FathomNet_FGVC2025/data/rois/8146_22075.png,/home/tahiti/MARINE_DATASETS/FathomNet_FGVC2025/data/images/8146.png,9c25612644ae4773dbcafc7b1325fe6ee04345cf45b570b754ec125dc2a91077,34b12b01048129fded76bf6a40e9758ef5da0a9f62b16080a861e5fa4b3b4309,8146,4,train
22089,8147,12,Benthocodon pedunculata,/home/tahiti/MARINE_DATASETS/FathomNet_FGVC2025/data/rois/8147_22089.png,/home/tahiti/MARINE_DATASETS/FathomNet_FGVC2025/data/images/8147.png,61269d7ab944791b125e85dc64b90cc4d36ccbdeb7ab76007ac14b5724324e47,11272e703a886729091ec4ce207b30ffc35adc5aab9576b65cbc34c5427abb49,8147,4,train
22168,8193,61,Psathyrometra fragilis,/home/tahiti/MARINE_DATASETS/FathomNet_FGVC2025/data/rois/8193_22168.png,/home/tahiti/MARINE_DATASETS/FathomNet_FGVC2025/data/images/8193.png,fe21bf109adb0a9c7f6c9e8473d42227dc4ca6bee450413e023b404dd5b56a54,f3c0e61de333baee8c9d890ae16abc4061bb5e49efb439754e08e265f5dfaeff,8193,4,train
22230,8229,6,Actinopterygii,/home/tahiti/MARINE_DATASETS/FathomNet_FGVC2025/data/rois/8229_22230.png,/home/tahiti/MARINE_DATASETS/FathomNet_FGVC2025/data/images/8229.png,19aa6a78ef05da0b8485c143eff93c550e36f2d5ac8e9539a9d4158015867d92,c1107668eb9f0e4280d670522be794b2f7dabac2847f31e78fcb267f1e3742f9,8229,2,train
22231,8230,1,Abyssocucumis abyssorum,/home/tahiti/MARINE_DATASETS/FathomNet_FGVC2025/data/rois/8230_22231.png,/home/tahiti/MARINE_DATASETS/FathomNet_FGVC2025/data/images/8230.png,97f2c1518b4dc9bb4638f3908d68d5a73172e5bdd3fe74d6f35b2c64e76db5d2,dcb9105c9163c0cf0df96b49889e685a1f6925eb99ad76220fd74a6029c4ed54,8230,0,train
22383,8315,46,Mycale,/home/tahiti/MARINE_DATASETS/FathomNet_FGVC2025/data/rois/8315_22383.png,/home/tahiti/MARINE_DATASETS/FathomNet_FGVC2025/data/images/8315.png,8bb648a99cdb0cf995589422413c72279ba253251e6ff604e448ba797e91759a,2d5ab7155bf336b5cca8c6fe9aa79cca7a98049eb65579d4bc17011df32cdde1,8315,6,train
22430,8333,40,Mediaster aequalis,/home/tahiti/MARINE_DATASETS/FathomNet_FGVC2025/data/rois/8333_22430.png,/home/tahiti/MARINE_DATASETS/FathomNet_FGVC2025/data/images/8333.png,909d435a087860aa4b947a6e77cb3fa0499d39d55b2b763f673d6537aa98d749,c093d1d77926da6076ee4df3f879d49de9e6dcafc9dc7e6522bfdc83df86617f,8333,4,train
22442,8335,6,Actinopterygii,/home/tahiti/MARINE_DATASETS/FathomNet_FGVC2025/data/rois/8335_22442.png,/home/tahiti/MARINE_DATASETS/FathomNet_FGVC2025/data/images/8335.png,b69c178057f3827fe2f57e09e343f6e941535b014d7f89cf7e90fdbd3eb720c2,2cf3737600f1c233966c74a52cb66a096257f44a19b9cbb2e80c6b1a3d2c9b85,8335,6,train
22539,8385,8,Apostichopus leukothele,/home/tahiti/MARINE_DATASETS/FathomNet_FGVC2025/data/rois/8385_22539.png,/home/tahiti/MARINE_DATASETS/FathomNet_FGVC2025/data/images/8385.png,39c36b3741159dab7aebffe9e909a0aeaf96cbf0a0c54e490b2e67bdc154ee73,c7bbfa7c1c0068eb17b70d6ffe496aab80e4a930dbb0bac7f0dfbed84fadf8f9,8385,6,train
22704,8472,13,Brisingida,/home/tahiti/MARINE_DATASETS/FathomNet_FGVC2025/data/rois/8472_22704.png,/home/tahiti/MARINE_DATASETS/FathomNet_FGVC2025/data/images/8472.png,e443d20fe37fe8f8685d9b01d2b3ade9eb9dc413d272b28d5b4e9838bd78b266,f6951fedac5b0e64332f78c7803183bcaeb993c46e7a9822a5af49588e02bdce,8472,2,train
22790,8527,46,Mycale,/home/tahiti/MARINE_DATASETS/FathomNet_FGVC2025/data/rois/8527_22790.png,/home/tahiti/MARINE_DATASETS/FathomNet_FGVC2025/data/images/8527.png,aba7fde6a994d13ae676838941f738ff4109e099674b6d5d1333be1b5df0495d,89ff9d6770cfb12171452bd1664c920e7506c74048818e74e66ca305e8dad9fe,8527,6,train
23049,8679,46,Mycale,/home/tahiti/MARINE_DATASETS/FathomNet_FGVC2025/data/rois/8679_23049.png,/home/tahiti/MARINE_DATASETS/FathomNet_FGVC2025/data/images/8679.png,e0e0fd301d204bb5add1da9782ab77876fa9b820c4ef1db67e158a0ee3ed9ae8,8ea3c73ae1540a998539b5ddc4ab6830f40747a0aad8fe15a9b976ccfcc26449,8679,0,train
23080,8697,59,Pennatula phosphorea,/home/tahiti/MARINE_DATASETS/FathomNet_FGVC2025/data/rois/8697_23080.png,/home/tahiti/MARINE_DATASETS/FathomNet_FGVC2025/data/images/8697.png,2438e25591ff719c0211395ff14ff2386c10b491fe53bda68356bc722714a2d7,fbbfa893dd2b6d08c45e264b78cee42fabf4f9b6597f0ce82fa332936bc2cd26,8697,0,train
23085,8699,48,Ophiacanthidae,/home/tahiti/MARINE_DATASETS/FathomNet_FGVC2025/data/rois/8699_23085.png,/home/tahiti/MARINE_DATASETS/FathomNet_FGVC2025/data/images/8699.png,a71d1891d3915af4cc83999a710ef0198eb2c6bb1d9971127bd222692328f289,43e24019150777ffa3ad729dd4d473b487064a4cfae1aeb07c410e2d8009cb18,8699,2,train
23108,8716,75,Terebellidae,/home/tahiti/MARINE_DATASETS/FathomNet_FGVC2025/data/rois/8716_23108.png,/home/tahiti/MARINE_DATASETS/FathomNet_FGVC2025/data/images/8716.png,28e5ce66a98553a85b994f5f990186f174b84e7d6fda347049ff3c98ae583f78,bcedbd6cb7162a3421070ccbd6fa1a978dd1f2e4ec1b4c3854fe19c0f8e9cf5b,8716,4,train
23154,8730,18,Corallimorphus pilatus,/home/tahiti/MARINE_DATASETS/FathomNet_FGVC2025/data/rois/8730_23154.png,/home/tahiti/MARINE_DATASETS/FathomNet_FGVC2025/data/images/8730.png,a8d89775115237be6b495dca59159a9e41ada4e1863e4bf3c924932486849996,e0e8854eea2cd73175dc53a150e6e90c7af7cfe6b5cbd81915451b49fbc64e06,8730,1,train
23207,8754,6,Actinopterygii,/home/tahiti/MARINE_DATASETS/FathomNet_FGVC2025/data/rois/8754_23207.png,/home/tahiti/MARINE_DATASETS/FathomNet_FGVC2025/data/images/8754.png,2edb98aadcf58a10edaee5c45844cc2d940162f3769baa1bef9f2899460000c4,bd3ca0b2e1f17f86962f77f52ea473016b98f84d36c16a6f1be52dae3d90b99d,8754,0,train
23234,8772,40,Mediaster aequalis,/home/tahiti/MARINE_DATASETS/FathomNet_FGVC2025/data/rois/8772_23234.png,/home/tahiti/MARINE_DATASETS/FathomNet_FGVC2025/data/images/8772.png,b183fba2db53a15aceffe5290c43a52c7bd40710687b71f92f5d5180e3d322c6,a083b19d172f535eaaafb1344bd8f60f688a9ebc43e7437719f81520603b5a3d,8772,6,train
23279,8793,18,Corallimorphus pilatus,/home/tahiti/MARINE_DATASETS/FathomNet_FGVC2025/data/rois/8793_23279.png,/home/tahiti/MARINE_DATASETS/FathomNet_FGVC2025/data/images/8793.png,91c6d54676fbba3962563334250c7ef2113bfcd9ce6aaa121314fe117fb5fe30,c4bd033cf30f27947be73551e04a976569b2b40a62c2acf14adaef38f8a41faa,8793,4,train
23350,8834,40,Mediaster aequalis,/home/tahiti/MARINE_DATASETS/FathomNet_FGVC2025/data/rois/8834_23350.png,/home/tahiti/MARINE_DATASETS/FathomNet_FGVC2025/data/images/8834.png,bc58e61fca984deec486d1698d734ee4b7afa1dfe9854cd5b0dad47093f007ab,1cce7667fd3a04cc2f66d86afc673ed11126ca33091630af5041c4a4ae20f262,8834,6,train
23361,8842,3,Acanthoptilum,/home/tahiti/MARINE_DATASETS/FathomNet_FGVC2025/data/rois/8842_23361.png,/home/tahiti/MARINE_DATASETS/FathomNet_FGVC2025/data/images/8842.png,88439ef5eeb4ec88748c425390f2b9bfe4fc8a783dbd4deb638ebd6b0ec3beb3,f35233b1edc4d0278ec6823f5fe3a12b2bab75fca3cd2227ea8419bca6e306a5,8842,1,train
23449,8887,59,Pennatula phosphorea,/home/tahiti/MARINE_DATASETS/FathomNet_FGVC2025/data/rois/8887_23449.png,/home/tahiti/MARINE_DATASETS/FathomNet_FGVC2025/data/images/8887.png,6369c5d182c84df3e92b551c1668b57f751dadb33d8189b75e8e8056c146890c,5df14cb5a7cdaeb3449b18233100a4f3ff33a81013377633ba9bc58a9779e647,8887,1,train
23597,8928,61,Psathyrometra fragilis,/home/tahiti/MARINE_DATASETS/FathomNet_FGVC2025/data/rois/8928_23597.png,/home/tahiti/MARINE_DATASETS/FathomNet_FGVC2025/data/images/8928.png,9d2b75d42ca582fcef77370978660b5a079babfd2716165038c77439d7b12d5f,110fb85601227d78eb5e62d4ae93d44eb417395f5493fc01a716150e8c0c5547,8928,6,train
23666,8969,3,Acanthoptilum,/home/tahiti/MARINE_DATASETS/FathomNet_FGVC2025/data/rois/8969_23666.png,/home/tahiti/MARINE_DATASETS/FathomNet_FGVC2025/data/images/8969.png,0472f828cdd4596867d471a723028c25f160ca339aac86da88165ebe23aadbc7,eaf57f76d2e80ccb77a2d0bbfab65b2dffcfabd90da9d48c5898edae2114ff4e,8969,0,train
23682,8975,61,Psathyrometra fragilis,/home/tahiti/MARINE_DATASETS/FathomNet_FGVC2025/data/rois/8975_23682.png,/home/tahiti/MARINE_DATASETS/FathomNet_FGVC2025/data/images/8975.png,6ab78ca9c23fda820e498ca58c968116c47c5c5986718aecfaf6802586ec8799,f3a8c29251dd7a4f6624ec31f0081de8a0a73fc7c85aee53865b185c01f35050,8975,1,train
