annotation_id,image_id,category_id,label,roi_path,source_path,roi_sha256,source_sha256,group_id,fold,split
54,19,32,Holothuroidea,/home/tahiti/MARINE_DATASETS/FathomNet_FGVC2025/data/rois/19_54.png,/home/tahiti/MARINE_DATASETS/FathomNet_FGVC2025/data/images/19.png,c2bfb43c4fc3ee545ad12b66804567942d1dfe5c601285fe1280740be794e600,4bc423f5065b3915845ff66c06624bb7222af270fb32a7c79c2e334309ce2c49,19,2,train
181,44,16,Chionoecetes tanneri,/home/tahiti/MARINE_DATASETS/FathomNet_FGVC2025/data/rois/44_181.png,/home/tahiti/MARINE_DATASETS/FathomNet_FGVC2025/data/images/44.png,1e6f5e6d6d128cdd4ea0eedd9cb8b266a9a16c502034508c888636febad31e04,f33a2272ed008c869f3d4071de9b4cdebf5cb4d76566c897f05285859b3dceea,44,2,train
187,46,74,Strongylocentrotus fragilis,/home/tahiti/MARINE_DATASETS/FathomNet_FGVC2025/data/rois/46_187.png,/home/tahiti/MARINE_DATASETS/FathomNet_FGVC2025/data/images/46.png,f1ba933b6e704256dabce4df77ef77d62aa5884b88290a511c52173017586274,0e3a77f5eb3817a78c45ab0d5e4837646cf9f5e4c09ce187b7fc2a7c92d81d5f,46,1,train
204,47,74,Strongylocentrotus fragilis,/home/tahiti/MARINE_DATASETS/FathomNet_FGVC2025/data/rois/47_204.png,/home/tahiti/MARINE_DATASETS/FathomNet_FGVC2025/data/images/47.png,5a2d51cfaebff76bf43b7475a8d77de73950522a29499b9adcb9ce432380aba2,53d18f0cf3e87a07babe03da98314008345d82d1cf3702151cdbdfaf0a01f662,47,6,train
305,69,49,Ophiuroidea,/home/tahiti/MARINE_DATASETS/FathomNet_FGVC2025/data/rois/69_305.png,/home/tahiti/MARINE_DATASETS/FathomNet_FGVC2025/data/images/69.png,69b68228c8a36b9b2b399a6df68bf53c5de020a30354678f620a571c345b966a,a8b2cd98d2d4684768022b1a46ded939be456746f0d0275331acd5868851285f,69,0,train
319,74,74,Strongylocentrotus fragilis,/home/tahiti/MARINE_DATASETS/FathomNet_FGVC2025/data/rois/74_319.png,/home/tahiti/MARINE_DATASETS/FathomNet_FGVC2025/data/images/74.png,4cc954efee6f3340bac7f36c6fcb345e17cfb15d600ffd6382936e143ec7a6ff,332dcba6e4b7a7e0270eeed9d0b46c7d3b79a883f5422dc95550873eebe36bad,74,0,train
521,138,47,Octopus rubescens,/home/tahiti/MARINE_DATASETS/FathomNet_FGVC2025/data/rois/138_521.png,/home/tahiti/MARINE_DATASETS/FathomNet_FGVC2025/data/images/138.png,aaee2c299df34fecf00934771c6b788be583436033fccb76e7d05b58656afa84,aee442916afa5501ab132dd95c5c7deddaa792b9ac408b7d93bb3748897ee57d,138,4,train
549,147,74,Strongylocentrotus fragilis,/home/tahiti/MARINE_DATASETS/FathomNet_FGVC2025/data/rois/147_549.png,/home/tahiti/MARINE_DATASETS/FathomNet_FGVC2025/data/images/147.png,5254d530f8b1375b4c0f7b48c0a2117dfe8e0d30a50039f27132e7dceae77a54,f68b3355f3aa0b33185e475136c14c366e13ab42cd25dcc4a1e9a92440488218,147,1,train
673,170,5,Actiniaria,/home/tahiti/MARINE_DATASETS/FathomNet_FGVC2025/data/rois/170_673.png,/home/tahiti/MARINE_DATASETS/FathomNet_FGVC2025/data/images/170.png,e72a3f2f4844bcf00ee889ad451c56a6c4051f99b2ba7478152a62a7ccffe218,dd16611b1dbfcde7e9147a5572741d279027ed66f4c3d10eed1419b9cf35a86c,170,2,train
694,176,25,Gastropoda,/home/tahiti/MARINE_DATASETS/FathomNet_FGVC2025/data/rois/176_694.png,/home/tahiti/MARINE_DATASETS/FathomNet_FGVC2025/data/images/176.png,3dc5ff5278faf46bf7e6092616f35bdc0397d2e9e8f7d6a3554bb4129ec2d835,d71abefa3a4541f165feeac21788d8f0360362f3fbfb6fc1f521ad342d3f02f9,176,2,train
705,178,60,Porifera,/home/tahiti/MARINE_DATASETS/FathomNet_FGVC2025/data/rois/178_705.png,/home/tahiti/MARINE_DATASETS/FathomNet_FGVC2025/data/images/178.png,268a6c542d5023bef15278115b774c67a10ef213ce34d25b69810cb1f6778cb0,8fef80e8d3b4081e0ec29b4fbe88813a8c4a23ed857d414f0773608d4be089ba,178,6,train
732,189,49,Ophiuroidea,/home/tahiti/MARINE_DATASETS/FathomNet_FGVC2025/data/rois/189_732.png,/home/tahiti/MARINE_DATASETS/FathomNet_FGVC2025/data/images/189.png,4df23b63cefca38cf76b69e4ee490db2842777b4d0ae7f05ad8977ce77bfdf99,9c26eaf80343acde3a3439d9748a150973d9c1803dfe70bbc97242f83aeb18ba,189,1,train
794,211,32,Holothuroidea,/home/tahiti/MARINE_DATASETS/FathomNet_FGVC2025/data/rois/211_794.png,/home/tahiti/MARINE_DATASETS/FathomNet_FGVC2025/data/images/211.png,75cd8a094363f0c842a8cb54b3450169030966508aa5ae903a34190948d6ce6a,9a00e4141c32d3814c68c9b1be151fa995e36080f9f3effe136b3629ed4509f8,211,0,train
948,259,49,Ophiuroidea,/home/tahiti/MARINE_DATASETS/FathomNet_FGVC2025/data/rois/259_948.png,/home/tahiti/MARINE_DATASETS/FathomNet_FGVC2025/data/images/259.png,0b49189ffed1c7263aa394daddffdeef9702b3d176a3a194fc7cfc7175f0da03,25c0aa508a55b69ae580c888fcf6247be59e1b23c4be1ee7eaf93a2c7bc5a7e7,259,0,train
993,268,68,Scotoplanes globosa,/home/tahiti/MARINE_DATASETS/FathomNet_FGVC2025/data/rois/268_993.png,/home/tahiti/MARINE_DATASETS/FathomNet_FGVC2025/data/images/268.png,d80b62e700093384791223bc6a079e19b3736a9aa64538dec23b09ee17e516ba,9ade60ab3569f3d797463ee0acc4a870b92fb0ac8b1eb2a46dbab41cfa30499d,268,4,train
1001,271,54,Paragorgia,/home/tahiti/MARINE_DATASETS/FathomNet_FGVC2025/data/rois/271_1001.png,/home/tahiti/MARINE_DATASETS/FathomNet_FGVC2025/data/images/271.png,3b03de67f8f7ace9d681a1f28b389cbf75bf72dfc958d0f4832a8461bde10199,d1d6b683b03fe80ee631546ba47635bc39522e3a3e91741ba80308c834b1efb4,271,2,train
1114,306,11,Asteroidea,/home/tahiti/MARINE_DATASETS/FathomNet_FGVC2025/data/rois/306_1114.png,/home/tahiti/MARINE_DATASETS/FathomNet_FGVC2025/data/images/306.png,4e6f5495f5725196cc791ba71e23b2c98c63f90b72c8701879619bcd288f07d5,4dea7c7cf13208c94911b18036fba962b67bf46e35ed9dc2c04d694df571bc2f,306,2,train
1204,324,49,Ophiuroidea,/home/tahiti/MARINE_DATASETS/FathomNet_FGVC2025/data/rois/324_1204.png,/home/tahiti/MARINE_DATASETS/FathomNet_FGVC2025/data/images/324.png,1ecee2b5db9891015018bc3bfb2336cc307949358b044d6d0a3c43938da7976c,8db4af5f50f49111c8e2b069fcde45c51b0125978e7ee0df986fd801f3387e94,324,0,train
1251,339,79,Zoantharia,/home/tahiti/MARINE_DATASETS/FathomNet_FGVC2025/data/rois/339_1251.png,/home/tahiti/MARINE_DATASETS/FathomNet_FGVC2025/data/images/339.png,ef43da77b177255e945c9fdc99d4aaf43d14837af2945968b13c10683161742c,a60862e5c141bdafd22821fb1eb63824b5a51709671a0317ee6acf3c0ef0cb32,339,1,train
1257,339,79,Zoantharia,/home/tahiti/MARINE_DATASETS/FathomNet_FGVC2025/data/rois/339_1257.png,/home/tahiti/MARINE_DATASETS/FathomNet_FGVC2025/data/images/339.png,d93234e0ccf677293c5333025e57028b6851b056eb96806eaa40f2c7174ccebe,a60862e5c141bdafd22821fb1eb63824b5a51709671a0317ee6acf3c0ef0cb32,339,1,train
1285,345,62,Psolus squamatus,/home/tahiti/MARINE_DATASETS/FathomNet_FGVC2025/data/rois/345_1285.png,/home/tahiti/MARINE_DATASETS/FathomNet_FGVC2025/data/images/345.png,00ab7f2ecee82f73f0a9367a1288be6c97f75c551af84e42865aacb0e1c7d9e8,7e06acb4fd2b604843e260cf324dd74b6485ae03686f8bbf59e7d43ef3b50426,345,2,train
1308,348,58,Peniagone,/home/tahiti/MARINE_DATASETS/FathomNet_FGVC2025/data/rois/348_1308.png,/home/tahiti/MARINE_DATASETS/FathomNet_FGVC2025/data/images/348.png,04d6c75ceaa45b8900b6e20f1f2c7f91701be69f75f18e2a8a3c00873d185462,f085b98bf6b64acc4c5e8cf6747d33ed6331bafaa82be1e687d2c1c2a2d79c67,348,0,train
1317,349,25,Gastropoda,/home/tahiti/MARINE_DATASETS/FathomNet_FGVC2025/data/rois/349_1317.png,/home/tahiti/MARINE_DATASETS/FathomNet_FGVC2025/data/images/349.png,2b11a5f6a76067c3f2d764b3be50569fa13287b9c7e4d8aa3adfce8982236838,70e2fbb1b3512054c62be8f862a07a3aaefbdf05c9e93f26c45c3cf5d8b433bd,349,6,train
1356,357,22,Farrea,/home/tahiti/MARINE_DATASETS/FathomNet_FGVC2025/data/rois/357_1356.png,/home/tahiti/MARINE_DATASETS/FathomNet_FGVC2025/data/images/357.png,2b4e27eaad9d7529419d155e67c8c15152c5b1b7f8d9a884029b7dad6518716e,0ceedef08a6bfd665059b1146b10e52c384466ac133645e20b8246e61d461c1d,357,4,train
1414,373,79,Zoantharia,/home/tahiti/MARINE_DATASETS/FathomNet_FGVC2025/data/rois/373_1414.png,/home/tahiti/MARINE_DATASETS/FathomNet_FGVC2025/data/images/373.png,ff0485c579991717c2364df9d9e65c124439bf6d07b6f6266887d16660673d7c,4d892a537a4b5a79427fadd552e7ef4cd0b2b4b86c0f78415c9fdc744c2ae6a2,373,6,train
1440,376,74,Strongylocentrotus fragilis,/home/tahiti/MARINE_DATASETS/FathomNet_FGVC2025/data/rois/376_1440.png,/home/tahiti/MARINE_DATASETS/FathomNet_FGVC2025/data/images/376.png,16db51acc16a6b607e09cdd597823869c3ef75e8264d35efb93fac9635e696df,11c6e7167da6dc1d50d78629a7f1d2a6f5a6bc0c49a4b08136ebdfad420ca471,376,1,train
1465,378,11,Asteroidea,/home/tahiti/MARINE_DATASETS/FathomNet_FGVC2025/data/rois/378_1465.png,/home/tahiti/MARINE_DATASETS/FathomNet_FGVC2025/data/images/378.png,093c5aa03adae2f16f92e400c51b16d061ecc5ad6d500cd7d35ebd6f492f1cf5,f06d449e8eab93411216e268fb8662d616f318a1f23b981819c13102ad282958,378,6,train
1473,379,55,Paragorgia arborea,/home/tahiti/MARINE_DATASETS/FathomNet_FGVC2025/data/rois/379_1473.png,/home/tahiti/MARINE_DATASETS/FathomNet_FGVC2025/data/images/379.png,3507c61ed55cb8ec7c3f36a2d86303687e29689bc8432ce6695e8c18d1691e98,2e413372ddfb5aec6b97dee2bf22fca06485aa2fe213c6bf6813c984bbc69eb9,379,6,train
1489,388,44,Munidopsis,/home/tahiti/MARINE_DATASETS/FathomNet_FGVC2025/data/rois/388_1489.png,/home/tahiti/MARINE_DATASETS/FathomNet_FGVC2025/data/images/388.png,b5052271d8df82c1497abf3d9c74349a1576dfdea7556aab1a2cd5a22e86a739,c6ef7cf4a0fbfaa2f7f5dec24733d7708f1d608b21ace423ac48cc77c1e404cb,388,4,train
1528,393,55,Paragorgia arborea,/home/tahiti/MARINE_DATASETS/FathomNet_FGVC2025/data/rois/393_1528.png,/home/tahiti/MARINE_DATASETS/FathomNet_FGVC2025/data/images/393.png,944bd21f21603ddadc7e1c1b2a6dd4b898f63ae607924b727b07a80cf7be9f99,fddac54754a70fb6ace81f3c1257c9e85f1de045c532b01a86576646bee11b7e,393,0,train
1562,404,44,Munidopsis,/home/tahiti/MARINE_DATASETS/FathomNet_FGVC2025/data/rois/404_1562.png,/home/tahiti/MARINE_DATASETS/FathomNet_FGVC2025/data/images/404.png,108644a598b97a150e169945dde7e494ffc48208f1d2c238807da28b2891a439,b4ac466457366bbc60d4fcc8edbc6bbe5e9f02110f5ae48d6c840418d1e872a0,404,1,train
1690,415,73,Staurocalyptus,/home/tahiti/MARINE_DATASETS/FathomNet_FGVC2025/data/rois/415_1690.png,/home/tahiti/MARINE_DATASETS/FathomNet_FGVC2025/data/images/415.png,c38a1f72e31c57126daf260df11ee97e7db9407cc7826bf60c52a8f790370441,aafb603b7ab9660dc58295ca35689672513058fd1f3daa50fa77942d3103e7ec,415,4,train
1807,428,34,Isidella tentaculum,/home/tahiti/MARINE_DATASETS/FathomNet_FGVC2025/data/rois/428_1807.png,/home/tahiti/MARINE_DATASETS/FathomNet_FGVC2025/data/images/428.png,e29a7d51e0d92fd8d10bcd7c44583d46d682776dd84adbf026a8863a698f536f,0a8747e3473cf92a37d95b451b0801a7a7e981bcf1a0ba734aa34d4cb87a6f8e,428,6,train
1864,444,45,Munnopsidae,/home/tahiti/MARINE_DATASETS/FathomNet_FGVC2025/data/rois/444_1864.png,/home/tahiti/MARINE_DATASETS/FathomNet_FGVC2025/data/images/444.png,5119c79b77fd23374c659b490c7e8f33e4cadae61159fe0a3d612d32fde0c00e,d71c37939dadc0441070ff1c3e3294976fc8c7de0e8bd1aa59dce637adf2c8c9,444,6,train
2076,505,49,Ophiuroidea,/home/tahiti/MARINE_DATASETS/FathomNet_FGVC2025/data/rois/505_2076.png,/home/tahiti/MARINE_DATASETS/FathomNet_FGVC2025/data/images/505.png,c96e6d645bd02ee7d536717cac759c80c1476129ee612725858321977a2ab768,510e5f9d453a0ce181fe76736dfce72d0b283c8134d3fe893e3358ccbfc00622,505,2,train
2130,521,60,Porifera,/home/tahiti/MARINE_DATASETS/FathomNet_FGVC2025/data/rois/521_2130.png,/home/tahiti/MARINE_DATASETS/FathomNet_FGVC2025/data/images/521.png,36fcb63efbc56b9a1a5d462a9a0d95dec553ee3b697ef70e894d3400b86824a7,55aa67ed853abcda8ebb0f7a37ea8a3e9bd32390248c966325e6ff7032f02572,521,2,train
2202,548,70,Sebastes diploproa,/home/tahiti/MARINE_DATASETS/FathomNet_FGVC2025/data/rois/548_2202.png,/home/tahiti/MARINE_DATASETS/FathomNet_FGVC2025/data/images/548.png,6643da8d60acce2c3e39dc9551fc5d56929a7c2e166821068b808fdb3ebe3021,dfdbb6aee6e3bbde36bc47abe29d32eac49d60d36f7f0b30a9906f140badd1c7,548,2,train
2284,553,5,Actiniaria,/home/tahiti/MARINE_DATASETS/FathomNet_FGVC2025/data/rois/553_2284.png,/home/tahiti/MARINE_DATASETS/FathomNet_FGVC2025/data/images/553.png,1817c390e3528739b565d5f446f62476d1ce53eec6e20f2c43d08b8a000ffeba,f606142b75348de0b6e0e3d7360a1877a0a7f842fc18aa251555da9f1c02a315,553,4,train
2486,612,73,Staurocalyptus,/home/tahiti/MARINE_DATASETS/FathomNet_FGVC2025/data/rois/612_2486.png,/home/tahiti/MARINE_DATASETS/FathomNet_FGVC2025/data/images/612.png,daef2642eb5dfc63e652b2227235cd86b37444d337e077652eb86b333de76a00,dd252914061875bd36c9d028ff320f099911506be028faae6a3d01b6226c10ee,612,4,train
2600,642,71,Sebastolobus,/home/tahiti/MARINE_DATASETS/FathomNet_FGVC2025/data/rois/642_2600.png,/home/tahiti/MARINE_DATASETS/FathomNet_FGVC2025/data/images/642.png,672d285c32c5813182787036d52304c818c23066a93c8f993788c30207f6ef1a,e0e9a1ad9f4230ec8084b5f6fa395f46cc016537c194ad62eecb55d7c9bdf6d1,642,4,train
2667,658,5,Actiniaria,/home/tahiti/MARINE_DATASETS/FathomNet_FGVC2025/data/rois/658_2667.png,/home/tahiti/MARINE_DATASETS/FathomNet_FGVC2025/data/images/658.png,19a49f33465c73defe67be451b10c00d7c9c062b7e05803df1c379c7c1adab49,5151a05e0bddb7f41675c77637de4fb2a356878bdd77a55f08502bc325551d89,658,2,train
2699,668,60,Porifera,/home/tahiti/MARINE_DATASETS/FathomNet_FGVC2025/data/rois/668_2699.png,/home/tahiti/MARINE_DATASETS/FathomNet_FGVC2025/data/images/668.png,8a1a50778d53e8e2c970ba48fa5f4ebef554a7fe5684a170bf55c8428da6329f,ee309a43ab9dff40c2fec8e4ef960c1d34f3a6e608a27299e4791f3800fbd7a0,668,2,train
2744,683,73,Staurocalyptus,/home/tahiti/MARINE_DATASETS/FathomNet_FGVC2025/data/rois/683_2744.png,/home/tahiti/MARINE_DATASETS/FathomNet_FGVC2025/data/images/683.png,64c41451e0dd278625019ac5c14d2d591d737614564850de7151c2fe662c730c,c568dbb269bcc1768d63c569bc92bad46454993a573c91b719e95f735c1b766a,683,4,train
2774,689,26,Gersemia juliepackardae,/home/tahiti/MARINE_DATASETS/FathomNet_FGVC2025/data/rois/689_2774.png,/home/tahiti/MARINE_DATASETS/FathomNet_FGVC2025/data/images/689.png,15b4f36e5c2dfac225e01beb1b4ed5ab7b58e340a56ed95f984f2295b0796cfd,76d0c8b65735c4441942293b5d6d438872e3c8faaf2853a78fb5320968ea0905,689,2,train
2846,719,14,Caridea,/home/tahiti/MARINE_DATASETS/FathomNet_FGVC2025/data/rois/719_2846.png,/home/tahiti/MARINE_DATASETS/FathomNet_FGVC2025/data/images/719.png,2d4dc62e0bf960c08c09258d4fae23dcc4c98d1a69882dde865c55a4b1290b57,3366c99dbb5059a3c4cdf576b645a04d13ed26379a546f90b1cc660067081105,719,2,train
2922,739,16,Chionoecetes tanneri,/home/tahiti/MARINE_DATASETS/FathomNet_FGVC2025/data/rois/739_2922.png,/home/tahiti/MARINE_DATASETS/FathomNet_FGVC2025/data/images/739.png,90bf889cffdb9bb72936f7604ddadd699bbc00faaa1527055fb1be0eb7ca2f0c,5cf5439173d51881ce4931d3beef43853ce24c9271b7a6e2f2d2693a112fa9a1,739,1,train
2952,742,42,Metridium farcimen,/home/tahiti/MARINE_DATASETS/FathomNet_FGVC2025/data/rois/742_2952.png,/home/tahiti/MARINE_DATASETS/FathomNet_FGVC2025/data/images/742.png,c543ad1f267228ec02ceb9dc350d36da531b13b2c7c991f4ebdc2c2f07a3e10a,624a57ba577556995db77e2f8acfc163738c1d1687f00a4c599bf6dd2a790ac2,742,2,train
3049,766,16,Chionoecetes tanneri,/home/tahiti/MARINE_DATASETS/FathomNet_FGVC2025/data/rois/766_3049.png,/home/tahiti/MARINE_DATASETS/FathomNet_FGVC2025/data/images/766.png,677b58d3c2794e56ce5c7798d6669ba6894f4b2356853256c22f347c21ce5061,d74854ade035ad603e2c4f332bee6c83024942b2149dac4bed588b625c133525,766,4,train
3068,766,16,Chionoecetes tanneri,/home/tahiti/MARINE_DATASETS/FathomNet_FGVC2025/data/rois/766_3068.png,/home/tahiti/MARINE_DATASETS/FathomNet_FGVC2025/data/images/766.png,a04c0de97edc63bb311a2a849584eea989d27f40ab46fd05b31699411fc94668,d74854ade035ad603e2c4f332bee6c83024942b2149dac4bed588b625c133525,766,4,train
3081,768,43,Microstomus pacificus,/home/tahiti/MARINE_DATASETS/FathomNet_FGVC2025/data/rois/768_3081.png,/home/tahiti/MARINE_DATASETS/FathomNet_FGVC2025/data/images/768.png,8d30576545c392e563df5b7652d66eeaeab30a6cbdc6fdb834169141653e0b39,2d96e9a9da9a0b276b45677de1d2888cd3121b89889aa788efea058fc3b6ef64,768,0,train
3082,768,43,Microstomus pacificus,/home/tahiti/MARINE_DATASETS/FathomNet_FGVC2025/data/rois/768_3082.png,/home/tahiti/MARINE_DATASETS/FathomNet_FGVC2025/data/images/768.png,6b3ce5698bced1bd6a9d441d5efdeac34833cc710d8ee3c2c9db606f6cd9eb3f,2d96e9a9da9a0b276b45677de1d2888cd3121b89889aa788efea058fc3b6ef64,768,0,train
3214,819,19,Crinoidea,/home/tahiti/MARINE_DATASETS/FathomNet_FGVC2025/data/rois/819_3214.png,/home/tahiti/MARINE_DATASETS/FathomNet_FGVC2025/data/images/819.png,ba98cbcb0d5255a329c6ceb5c775bcf790e30ae04e7a47c6c75a1889d08daf2c,dfc46811ad56278c9cdd10e038348387a0c575231a299388677125a8d14e81ed,819,1,train
3215,820,2,Acanthascinae,/home/tahiti/MARINE_DATASETS/FathomNet_FGVC2025/data/rois/820_3215.png,/home/tahiti/MARINE_DATASETS/FathomNet_FGVC2025/data/images/820.png,725e93548cdf5410e17adff547890fea3824f63ebde14e1dda9a8ebe7ee5e0c0,99947cac679d78b6725f9dab91cc1b11ddd7d7b08ee7fe3f54952b835dd29102,820,4,train
3359,861,73,Staurocalyptus,/home/tahiti/MARINE_DATASETS/FathomNet_FGVC2025/data/rois/861_3359.png,/home/tahiti/MARINE_DATASETS/FathomNet_FGVC2025/data/images/861.png,a849a8dca5b097313c5617efdf4f4270fc00816ce3ab464bfac120c906f86ce2,0eee46cb64e8d2959a1827ba36d6f7fe48bc418fa64d6085191b486a7cba7449,861,4,train
3377,862,59,Pennatula phosphorea,/home/tahiti/MARINE_DATASETS/FathomNet_FGVC2025/data/rois/862_3377.png,/home/tahiti/MARINE_DATASETS/FathomNet_FGVC2025/data/images/862.png,cbbbf6894d8450dcf7ac7d45bfeb807ab198c100c99003c662b02ba39c0db7bd,79bbd32576c9dede6f7bad1fa144de4209f998c51db376d87ed558728d2f1834,862,4,train
3434,874,66,Scleractinia,/home/tahiti/MARINE_DATASETS/FathomNet_FGVC2025/data/rois/874_3434.png,/home/tahiti/MARINE_DATASETS/FathomNet_FGVC2025/data/images/874.png,dfe0be621d2e65f2e6c302bdcc02aad1cfb8f56cc5a1c7a23cee41d791cd20f7,f379b8ef1db55d5271a02aa244972a63d0c23983d7cef5b83eaea69c4d0d6308,874,4,train
3555,909,55,Paragorgia arborea,/home/tahiti/MARINE_DATASETS/FathomNet_FGVC2025/data/rois/909_3555.png,/home/tahiti/MARINE_DATASETS/FathomNet_FGVC2025/data/images/909.png,5e7f16e35dc1bca0dad56689b6b75d449b690db34457bf534058f67ee21a1653,5c3f893b33c995ecf7e1f00cef3430dea6ea4e66537cd4ab9715ac4779be6c14,909,6,train
3634,936,44,Munidopsis,/home/tahiti/MARINE_DATASETS/FathomNet_FGVC2025/data/rois/936_3634.png,/home/tahiti/MARINE_DATASETS/FathomNet_FGVC2025/data/images/936.png,38d8553464106f7014b551575bab81816ae12b828526e1cea60c60ebfe301771,2c9cbe22a168be5697e6cbb17e22075ddf7eebdf24eff51f6ef5223819e96feb,936,1,train
3706,951,38,Liponema brevicorne,/home/tahiti/MARINE_DATASETS/FathomNet_FGVC2025/data/rois/951_3706.png,/home/tahiti/MARINE_DATASETS/FathomNet_FGVC2025/data/images/951.png,3abaa795d4eb4b5576af15a180ff42666f02949da49a3bc0fdab8988c4b2165a,5d2e4fe188b26558c05dfa16044441391dee7220859000be00ccf0956fad084d,951,0,train
3842,993,67,Scotoplanes,/home/tahiti/MARINE_DATASETS/FathomNet_FGVC2025/data/rois/993_3842.png,/home/tahiti/MARINE_DATASETS/FathomNet_FGVC2025/data/images/993.png,39c54ed768a367256b8ca50852f04fc7f86b50a4e2fa4f8b0ddd6ef1729abbc1,ee573905baa56ad666d3c94d51e8d12fcc6c4f8b8e7ca7c3ac474bed180be0c7,993,2,train
3855,999,77,Umbellula,/home/tahiti/MARINE_DATASETS/FathomNet_FGVC2025/data/rois/999_3855.png,/home/tahiti/MARINE_DATASETS/FathomNet_FGVC2025/data/images/999.png,7a1e0162555bf3130962ec114f1b12fd7ed51da2cdab0c65d6ceef2c1f06722f,e5b223ddcae9f9f4b925d3c40b03a70bb6b5011e82ff404764b7e8021915903a,999,2,train
3878,1002,58,Peniagone,/home/tahiti/MARINE_DATASETS/FathomNet_FGVC2025/data/rois/1002_3878.png,/home/tahiti/MARINE_DATASETS/FathomNet_FGVC2025/data/images/1002.png,a51e6a622a5c8927a0c8519df87534c94b2ecf949991c9eb484c691412108487,007384852c5cab5e0aaac7d587245b789ea8b10cbaed59a585ebc201dcbb43fe,1002,1,train
4016,1032,60,Porifera,/home/tahiti/MARINE_DATASETS/FathomNet_FGVC2025/data/rois/1032_4016.png,/home/tahiti/MARINE_DATASETS/FathomNet_FGVC2025/data/images/1032.png,ddf7402132bae6c6a1bef598fc72fbf1c1b749f54f67891468fc3a396050e912,0a9fd54731c9f03fb63047195f535a7ac11e86fbe38bcce6d773e70b15970cf9,1032,6,train
4017,1032,9,Asbestopluma,/home/tahiti/MARINE_DATASETS/FathomNet_FGVC2025/data/rois/1032_4017.png,/home/tahiti/MARINE_DATASETS/FathomNet_FGVC2025/data/images/1032.png,d4bd51e3528297c5d0e8b61860c6179f8d9f5e2f3a1b0e6074b5eb896f825b88,0a9fd54731c9f03fb63047195f535a7ac11e86fbe38bcce6d773e70b15970cf9,1032,6,train
4040,1037,71,Sebastolobus,/home/tahiti/MARINE_DATASETS/FathomNet_FGVC2025/data/rois/1037_4040.png,/home/tahiti/MARINE_DATASETS/FathomNet_FGVC2025/data/images/1037.png,7b835ab8f2456609ae531d897cf01632844472e7a23423f42dea772e003efaa9,285b5f401bb95b242128c40f42d70588b417d2f1347b7f5a8618b2dbbdeec707,1037,4,train
4075,1055,5,Actiniaria,/home/tahiti/MARINE_DATASETS/FathomNet_FGVC2025/data/rois/1055_4075.png,/home/tahiti/MARINE_DATASETS/FathomNet_FGVC2025/data/images/1055.png,15f6e2fef647eb8d73fe6108bdace4235af217517e93cf928e5a663752a07216,c0caeddbe57d51662a0b9de28a403ef086ddf477d20030f5194c0d67a763c923,1055,0,train
4096,1067,33,Hormathiidae,/home/tahiti/MARINE_DATASETS/FathomNet_FGVC2025/data/rois/1067_4096.png,/home/tahiti/MARINE_DATASETS/FathomNet_FGVC2025/data/images/1067.png,c6ea934db2bb3fe5f14c0542c1fae7d2e5027659121e4f3970d1f89e468efa8b,e5b90c8542039fede0e3b0e9f0c1c4fb903282424ebbbcc65271b43fbd01f335,1067,0,train
4174,1082,67,Scotoplanes,/home/tahiti/MARINE_DATASETS/FathomNet_FGVC2025/data/rois/1082_4174.png,/home/tahiti/MARINE_DATASETS/FathomNet_FGVC2025/data/images/1082.png,122b6064591503d919fe2bd47de51634fa881fb93b1b993d9f59f27add8d635f,2ef47a117793a4c4c014e9fbeff3181373858674c6e3e9c04db5c1a14edc019f,1082,1,train
4223,1110,65,Rathbunaster californicus,/home/tahiti/MARINE_DATASETS/FathomNet_FGVC2025/data/rois/1110_4223.png,/home/tahiti/MARINE_DATASETS/FathomNet_FGVC2025/data/images/1110.png,21ede899fcaca6947e89d8e78613daf1130989ef60c397354e3803e95b6b5136,6fa86adcd013e55e4902dfd3bd3894502c1267b87a317447183970c154b7656a,1110,2,train
4328,1134,35,Isididae,/home/tahiti/MARINE_DATASETS/FathomNet_FGVC2025/data/rois/1134_4328.png,/home/tahiti/MARINE_DATASETS/FathomNet_FGVC2025/data/images/1134.png,86698b3681a82dc0536cd53bc76e6c7c8a95ca2b300b9debbf8ac571c6acdf0b,c3e312188fa9ad153340112af7ca67080312baf88fafeb706ec4d1ec9f3969e8,1134,2,train
4356,1139,62,Psolus squamatus,/home/tahiti/MARINE_DATASETS/FathomNet_FGVC2025/data/rois/1139_4356.png,/home/tahiti/MARINE_DATASETS/FathomNet_FGVC2025/data/images/1139.png,dfd9d5888d064f43d61c84156048618f859ee69e5f82597da84b7dc1e704e4e1,4d061a7b31479935db85c369285dabb7d27aed5397fe8253f70f0b665fcb7434,1139,4,train
4419,1159,67,Scotoplanes,/home/tahiti/MARINE_DATASETS/FathomNet_FGVC2025/data/rois/1159_4419.png,/home/tahiti/MARINE_DATASETS/FathomNet_FGVC2025/data/images/1159.png,48ba20b571c0b28baee5c4e86e2f97ab83afc651a94f11fc37e904559e1258c0,06404e393e44a3395ddd150131f338537cbf506d4dc68a5c51dd09b99e0a08db,1159,4,train
4563,1188,72,Serpulidae,/home/tahiti/MARINE_DATASETS/FathomNet_FGVC2025/data/rois/1188_4563.png,/home/tahiti/MARINE_DATASETS/FathomNet_FGVC2025/data/images/1188.png,8c992fb87d6f898f7c55ce71a52813ebd5d5f6391c70a76c65fa6c0dc6e6a537,466be4a0019a260c2723834ea1b04abbba863c982b2ba098deeecd72b836b2bb,1188,6,train
4585,1193,42,Metridium farcimen,/home/tahiti/MARINE_DATASETS/FathomNet_FGVC2025/data/rois/1193_4585.png,/home/tahiti/MARINE_DATASETS/FathomNet_FGVC2025/data/images/1193.png,c961e07d721c43e3ae83662a38ef0bcc5aa26c2d275112d721c92934a92f820d,334893b841eeb675eff304f9e7bb1abb080a029b250537888ac8bccad1ca51fa,1193,2,train
4613,1205,59,Pennatula phosphorea,/home/tahiti/MARINE_DATASETS/FathomNet_FGVC2025/data/rois/1205_4613.png,/home/tahiti/MARINE_DATASETS/FathomNet_FGVC2025/data/images/1205.png,db9be8f3c2881e8dc10d30c0c0865ff42411f687d8301f4949622209a744c9e7,eebc18d324090f86e38422fc89b756bff99917ae32eaf12997ee73801e1c09b1,1205,6,train
4655,1224,11,Asteroidea,/home/tahiti/MARINE_DATASETS/FathomNet_FGVC2025/data/rois/1224_4655.png,/home/tahiti/MARINE_DATASETS/FathomNet_FGVC2025/data/images/1224.png,542293abb8d9a87d64fb77a7adf9dc235ce467de696187cb8cf8d4a355f39609,2eefebfd73f30f4e24984cd70258c30eb1ff3ef8d58c75d86416b625922efcd8,1224,0,train
4664,1225,15,Ceriantharia,/home/tahiti/MARINE_DATASETS/FathomNet_FGVC2025/data/rois/1225_4664.png,/home/tahiti/MARINE_DATASETS/FathomNet_FGVC2025/data/images/1225.png,7db4f9211b1ad7965df2b078408cf1e56516fc156c44b174bc07d812b0c40603,10e3177384721cf87f7d4db50a082ac3d8801709d40f0820ebf03870eb069eb2,1225,2,train
4740,1249,11,Asteroidea,/home/tahiti/MARINE_DATASETS/FathomNet_FGVC2025/data/rois/1249_4740.png,/home/tahiti/MARINE_DATASETS/FathomNet_FGVC2025/data/images/1249.png,21fd0937428bb8089e29005a8b50adddeba37b95daaf88980bae7f0ae921dbc2,776c6178867ee385101afc9e4c1bf5afbc0c6475cdbe8386f0854492a04e34c0,1249,0,train
4792,1272,65,Rathbunaster californicus,/home/tahiti/MARINE_DATASETS/FathomNet_FGVC2025/data/rois/1272_4792.png,/home/tahiti/MARINE_DATASETS/FathomNet_FGVC2025/data/images/1272.png,cc6247eff216e71d689631385e5d34105fbbd46664df5c5d520d0a65e8f17b83,84549dd9b1bbd5d06e8568f089dda52f9de590b7e18127b41bd58de10563db99,1272,2,train
4798,1273,12,Benthocodon pedunculata,/home/tahiti/MARINE_DATASETS/FathomNet_FGVC2025/data/rois/1273_4798.png,/home/tahiti/MARINE_DATASETS/FathomNet_FGVC2025/data/images/1273.png,944834c124cdc5bb3c434e7e5bfb706194af0b123b9d844ac858d5436a0109f3,18966c3b3c1d370ec0e34fb26cd6c03658e2dedd1061ed825ca8d10460e06502,1273,4,train
4811,1274,28,Heterochone calyx,/home/tahiti/MARINE_DATASETS/FathomNet_FGVC2025/data/rois/1274_4811.png,/home/tahiti/MARINE_DATASETS/FathomNet_FGVC2025/data/images/1274.png,1b526a36726482e7feeaa4340b7cbad7a538e94b5e775900f84ca1f9563153e5,bf948b792f39315bfd45142e0db48e26d728de9f8686beea3afe80b1eecfd00e,1274,6,train
4832,1276,37,Keratoisis,/home/tahiti/MARINE_DATASETS/FathomNet_FGVC2025/data/rois/1276_4832.png,/home/tahiti/MARINE_DATASETS/FathomNet_FGVC2025/data/images/1276.png,1be50069bf45060f993dee4c9f5533aac0dacccd1d1abf12e94bef19e4f676f2,ff5ce07e2d396daebdc4557c3d535e15c3d9efac3fe9cdd272216b77bd45c682,1276,1,train
4904,1309,45,Munnopsidae,/home/tahiti/MARINE_DATASETS/FathomNet_FGVC2025/data/rois/1309_4904.png,/home/tahiti/MARINE_DATASETS/FathomNet_FGVC2025/data/images/1309.png,339c347696de4374fb28ffe5af0df3c86c6bc78e37dc4f09b492f9c81ed99d02,ef4629527963d7578e341be9160294d1687428fc9d2388ce4e7f7c8e5a6d566d,1309,0,train
4934,1311,29,Heteropolypus ritteri,/home/tahiti/MARINE_DATASETS/FathomNet_FGVC2025/data/rois/1311_4934.png,/home/tahiti/MARINE_DATASETS/FathomNet_FGVC2025/data/images/1311.png,7d7091972b99ac1aab3cc03d606dbe7876a9cada6c3ef937554fb3991bf218a2,064f01346b422978251171910e85164dc3cd2172b52f56ede52edfe3634d0f22,1311,4,train
4952,1317,58,Peniagone,/home/tahiti/MARINE_DATASETS/FathomNet_FGVC2025/data/rois/1317_4952.png,/home/tahiti/MARINE_DATASETS/FathomNet_FGVC2025/data/images/1317.png,7edc576677588ede33d066d19db50e66d7307470085a4ef8dca02a923824a51b,5a370346401cb93c16608b90df6ecc61355181e634cd89269cf3969f5b8160ad,1317,2,train
4970,1325,55,Paragorgia arborea,/home/tahiti/MARINE_DATASETS/FathomNet_FGVC2025/data/rois/1325_4970.png,/home/tahiti/MARINE_DATASETS/FathomNet_FGVC2025/data/images/1325.png,c899078bf76423113dd8b987aeca1b8f72d9c496e6da74688eab6710ea3f0492,b695818d90ebc24d52d8b5aabed890b3e8f75ed1313113a93124b47f596246d5,1325,1,train
5003,1330,60,Porifera,/home/tahiti/MARINE_DATASETS/FathomNet_FGVC2025/data/rois/1330_5003.png,/home/tahiti/MARINE_DATASETS/FathomNet_FGVC2025/data/images/1330.png,af8651c679fc381ab1731ebd0edc7fc34bd111dbdd6bcef00158f21ca7aa90fa,0093c954e2749cf7a29b4ea15a10f76a4f4e9c0064f16c80ccc7e44cd0f5217e,1330,6,train
5051,1344,22,Farrea,/home/tahiti/MARINE_DATASETS/FathomNet_FGVC2025/data/rois/1344_5051.png,/home/tahiti/MARINE_DATASETS/FathomNet_FGVC2025/data/images/1344.png,5fb7087b3947f2b75c3df3c8a214f1f0d98c01436d5ba7749ac0cd73b693063a,be8e814002e6765f9561d1ee95eab9efcf5e2ad782f15b9bc36920f2911113fb,1344,2,train
5277,1404,5,Actiniaria,/home/tahiti/MARINE_DATASETS/FathomNet_FGVC2025/data/rois/1404_5277.png,/home/tahiti/MARINE_DATASETS/FathomNet_FGVC2025/data/images/1404.png,b08551d2df015f0438b93e5eace125c5dbf68ae3b5ad25a6089268ed5b1147e2,5bff803a4a7de5112fa3940c9d20bc10295ebdd5648a0150d810ab9db7e11406,1404,6,train
5282,1407,58,Peniagone,/home/tahiti/MARINE_DATASETS/FathomNet_FGVC2025/data/rois/1407_5282.png,/home/tahiti/MARINE_DATASETS/FathomNet_FGVC2025/data/images/1407.png,0fe914f4626e6541a25c5a67e6741dfd4c608a259f6e4401b892bc2a0d9989df,6a7297d626344772a44376f27a19c47b72dc5dc9f6ec7e5976f694b2d1a181ff,1407,4,train
5288,1412,71,Sebastolobus,/home/tahiti/MARINE_DATASETS/FathomNet_FGVC2025/data/rois/1412_5288.png,/home/tahiti/MARINE_DATASETS/FathomNet_FGVC2025/data/images/1412.png,db1da2d8f6075c2bd61466abda14e8c4766ac670a4c0251935509c41f8dd0555,b9cfd5c1f46fbed55f5cf7d270df229f2104a0e749a139d101ae46f17fcec197,1412,6,train
5377,1441,71,Sebastolobus,/home/tahiti/MARINE_DATASETS/FathomNet_FGVC2025/data/rois/1441_5377.png,/home/tahiti/MARINE_DATASETS/FathomNet_FGVC2025/data/images/1441.png,c1f62b3cccc3967fbc285a7641ca317f30e0416eeaa5995f86eb1d9712435626,8e4cd34da2e9a9bdf0697a63b0adc20275cfbc7ac256e9ea1938bded5af5d6a2,1441,4,train
5380,1443,58,Peniagone,/home/tahiti/MARINE_DATASETS/FathomNet_FGVC2025/data/rois/1443_5380.png,/home/tahiti/MARINE_DATASETS/FathomNet_FGVC2025/data/images/1443.png,af0faf6ad5095e0bcbfb733c88ad9e77d8ebbff5831d8e96b5acc30ef9e74219,4cd408e349f284efc709651cdb79fcd0d463faaa2c8dba080604cc10cf585f1b,1443,0,train
5423,1451,28,Heterochone calyx,/home/tahiti/MARINE_DATASETS/FathomNet_FGVC2025/data/rois/1451_5423.png,/home/tahiti/MARINE_DATASETS/FathomNet_FGVC2025/data/images/1451.png,11a93857a26b208a30f8bd0ffce66bff9ee473b7e0e655b38b5d08563680a79d,9734d3d4104a3d9c84dbcb192666e4638fb60916f310fa56631cb36964644f02,1451,1,train
5577,1510,30,Hexactinellida,/home/tahiti/MARINE_DATASETS/FathomNet_FGVC2025/data/rois/1510_5577.png,/home/tahiti/MARINE_DATASETS/FathomNet_FGVC2025/data/images/1510.png,d1e8ba607d474c30ac26c9e3c1c3388fc061e6f0020948bcaf3b012a2e2bc1ef,04c042214afa2627fcc99cd5e4fd0032cf4e639ce8b841a718c846dda93a0032,1510,6,train
5607,1521,14,Caridea,/home/tahiti/MARINE_DATASETS/FathomNet_FGVC2025/data/rois/1521_5607.png,/home/tahiti/MARINE_DATASETS/FathomNet_FGVC2025/data/images/1521.png,5951d87b633a1407b926ae4b7506669ba5eb058c2d4f39aba17c3455c33c4f40,c4d1546f8a57e9c8fa9ac7a21a8c7065a47093c09d4f0f0afa4255a9a37b6af9,1521,0,train
5922,1614,78,Vesicomyidae,/home/tahiti/MARINE_DATASETS/FathomNet_FGVC2025/data/rois/1614_5922.png,/home/tahiti/MARINE_DATASETS/FathomNet_FGVC2025/data/images/1614.png,c9c2aa1984049ddd3683a03962de4cadb9cf344fd0f68909aadff74be44e5177,b8a8d4fae6f736ce7acde627d0a0a1736f14327811bf9b9a7955da548e6faa95,1614,6,train
5963,1622,79,Zoantharia,/home/tahiti/MARINE_DATASETS/FathomNet_FGVC2025/data/rois/1622_5963.png,/home/tahiti/MARINE_DATASETS/FathomNet_FGVC2025/data/images/1622.png,997017dafab9e3a0c18e1ac9737330b826ba9524238bd1908e1a2a0f7e2c5dbf,be75d0ee5b2ffe38192c261a18f07dd5fbc82944c7c0dcac692bcd09a70e7dc7,1622,6,train
6025,1644,76,Tunicata,/home/tahiti/MARINE_DATASETS/FathomNet_FGVC2025/data/rois/1644_6025.png,/home/tahiti/MARINE_DATASETS/FathomNet_FGVC2025/data/images/1644.png,132f0ed68702ddae09d8c77f434eb9ef0d99238174c962efd15d2ca4cc59410e,9a493d1e675e76820019d15fec0470017e5840ef842f7c6cb2fb13467e201cd5,1644,1,train
6046,1647,31,Hippasteria,/home/tahiti/MARINE_DATASETS/FathomNet_FGVC2025/data/rois/1647_6046.png,/home/tahiti/MARINE_DATASETS/FathomNet_FGVC2025/data/images/1647.png,60133273574999ad723550d35595ef9e1d5e979b7b00b3d3ddaf08dddf997259,c742c0381d235618d7f7d58a5f827774a851a4ecf8949b87c01130b08773839a,1647,1,train
6083,1665,17,Chorilia longipes,/home/tahiti/MARINE_DATASETS/FathomNet_FGVC2025/data/rois/1665_6083.png,/home/tahiti/MARINE_DATASETS/FathomNet_FGVC2025/data/images/1665.png,299ea7db643b769cb478c98cc37c89a49d4decc66c3dc9b24c217e451d2256a7,d31932025ee9a791f78a6dc81ce842ed1fa77c28f465890c385c7bb0c3c0e0b5,1665,4,train
6364,1766,6,Actinopterygii,/home/tahiti/MARINE_DATASETS/FathomNet_FGVC2025/data/rois/1766_6364.png,/home/tahiti/MARINE_DATASETS/FathomNet_FGVC2025/data/images/1766.png,b261f32bfa016584da5955492f3ca9c7a19adb9c3c51cb83731a49a44332f35a,d67d9f6bc393018f33ad7377245f812ea7f3216c33e3fcb296ff3e1273c97218,1766,0,train
6403,1774,28,Heterochone calyx,/home/tahiti/MARINE_DATASETS/FathomNet_FGVC2025/data/rois/1774_6403.png,/home/tahiti/MARINE_DATASETS/FathomNet_FGVC2025/data/images/1774.png,ff0c8bd3b0b1060c90a2e066819c6787231224f0be1e4e24ad62b91edf20be04,9e502a8e40fbc67648fb2ba5790c9ad52d4ebf98345225572e3c7cc5e7dea268,1774,1,train
6469,1792,3,Acanthoptilum,/home/tahiti/MARINE_DATASETS/FathomNet_FGVC2025/data/rois/1792_6469.png,/home/tahiti/MARINE_DATASETS/FathomNet_FGVC2025/data/images/1792.png,ea0b5bffa90331f05126347548be827bffc83ce7ad01858c643a752fb04adb51,992da593622ae5bc62c2b8467dbf2f90ffe94303862f1553c5547739271f0fa8,1792,6,train
6504,1800,11,Asteroidea,/home/tahiti/MARINE_DATASETS/FathomNet_FGVC2025/data/rois/1800_6504.png,/home/tahiti/MARINE_DATASETS/FathomNet_FGVC2025/data/images/1800.png,b4e1d8be355b5214e54826e2f095ebda8becbf5b783a4227b83f35f13a02b6c1,5ff406786045f1cc29f73c2cb3ef4933731f6f542aaa32da5cad52fdfe1617b8,1800,6,train
6506,1801,37,Keratoisis,/home/tahiti/MARINE_DATASETS/FathomNet_FGVC2025/data/rois/1801_6506.png,/home/tahiti/MARINE_DATASETS/FathomNet_FGVC2025/data/images/1801.png,7c7fb66f4b5ccb06a0414408b162c724eb22299b9c3ffe5ad4983e6486d4837e,62cfa8b595997ad26a47b40d12c022a723a7f82c593d0147f9a55c6037b2f4c3,1801,4,train
6576,1816,24,Funiculina,/home/tahiti/MARINE_DATASETS/FathomNet_FGVC2025/data/rois/1816_6576.png,/home/tahiti/MARINE_DATASETS/FathomNet_FGVC2025/data/images/1816.png,282602961bcd6d2db0651d8a1c546d451a223c6bc64bd4cc0c8b84fbde9d3fa6,03a2d0519ed6b865467d581d084b1e6a99ff0641d5584da845ae2a6227783303,1816,6,train
6626,1830,67,Scotoplanes,/home/tahiti/MARINE_DATASETS/FathomNet_FGVC2025/data/rois/1830_6626.png,/home/tahiti/MARINE_DATASETS/FathomNet_FGVC2025/data/images/1830.png,41bd0a6b1b7aa3d0c7fbbc1e9f6a15491537ede76b11fa30438379d1e0cc5211,0a655091ad2699782585a9a1beb305be2cf912cc3a0bb69605cf4e23076ce919,1830,6,train
6629,1831,62,Psolus squamatus,/home/tahiti/MARINE_DATASETS/FathomNet_FGVC2025/data/rois/1831_6629.png,/home/tahiti/MARINE_DATASETS/FathomNet_FGVC2025/data/images/1831.png,92e8105922bd365a2d922869a6b241dfa806cdaf048a240e7c5c11fc51057999,195bce7905589d5ddc0ac51d10c93e6f19ed4b61d16155b85979d80b5d147546,1831,4,train
6632,1831,62,Psolus squamatus,/home/tahiti/MARINE_DATASETS/FathomNet_FGVC2025/data/rois/1831_6632.png,/home/tahiti/MARINE_DATASETS/FathomNet_FGVC2025/data/images/1831.png,222386716c69beaaead55f92a53f1d9da6efbc3c359741f90a4d4894d77c5cb2,195bce7905589d5ddc0ac51d10c93e6f19ed4b61d16155b85979d80b5d147546,1831,4,train
6678,1848,32,Holothuroidea,/home/tahiti/MARINE_DATASETS/FathomNet_FGVC2025/data/rois/1848_6678.png,/home/tahiti/MARINE_DATASETS/FathomNet_FGVC2025/data/images/1848.png,cff82097d44c10a1eedd63fee168ff58fd41416192c897aa39e119452127c258,c4af3175a02eadb5c11b5fbdb63c0cfa0411d267c8432cf3ae5efe6052f40481,1848,6,train
6738,1877,51,Pandalus amplus,/home/tahiti/MARINE_DATASETS/FathomNet_FGVC2025/data/rois/1877_6738.png,/home/tahiti/MARINE_DATASETS/FathomNet_FGVC2025/data/images/1877.png,3268344ff10d5efbb18ca9d34a1d6c753493ed081217f22d5d374929cc7e7ff1,e0fdb45551de4923d87fd880f182d41e044a34648fb90509bcabe93249bfc34b,1877,6,train
6748,1880,30,Hexactinellida,/home/tahiti/MARINE_DATASETS/FathomNet_FGVC2025/data/rois/1880_6748.png,/home/tahiti/MARINE_DATASETS/FathomNet_FGVC2025/data/images/1880.png,d06f211290cfc8111d0a871eea371bebd486a169f88f67b6a6c79d6a55d74266,139a3bd4cdba830eb4f43b3078023bd1f7c60edadde25837eaa05474974811db,1880,2,train
6895,1918,19,Crinoidea,/home/tahiti/MARINE_DATASETS/FathomNet_FGVC2025/data/rois/1918_6895.png,/home/tahiti/MARINE_DATASETS/FathomNet_FGVC2025/data/images/1918.png,1abbbe770dbfd0eebb9337f1218722663928ad7e4896c6e4881604134514b08e,93a8f17f541e8005ac777758a1517aabc235e5aaf6e837b5736ba131a040ca47,1918,1,train
6921,1931,25,Gastropoda,/home/tahiti/MARINE_DATASETS/FathomNet_FGVC2025/data/rois/1931_6921.png,/home/tahiti/MARINE_DATASETS/FathomNet_FGVC2025/data/images/1931.png,258b9e23e863bce822ac6c8b46bce29199a0d3d9cf05e91b4b6bec29c3795af7,cfb18c9d2f8cfdf98c1d94e75154e825c6bd487b62faf3218277f020774c5776,1931,6,train
7021,1964,19,Crinoidea,/home/tahiti/MARINE_DATASETS/FathomNet_FGVC2025/data/rois/1964_7021.png,/home/tahiti/MARINE_DATASETS/FathomNet_FGVC2025/data/images/1964.png,64c56c3e9d6548a17a7f7fdc1019d782c030131df90fe90da6977d97de001f10,983c0cd7a6a6a2d5ae68e7d4bb1f47538389ce7760c5c1f0fb66fe49c1cac069,1964,4,train
7029,1967,45,Munnopsidae,/home/tahiti/MARINE_DATASETS/FathomNet_FGVC2025/data/rois/1967_7029.png,/home/tahiti/MARINE_DATASETS/FathomNet_FGVC2025/data/images/1967.png,a01fdcfe8265513ecc78ba39dac6c6ae375ead3be3bcc4443cd13671664c3fe0,166bda3fa8d036a31d574b345ecd4fdaf0d2731e8c758a781ae4891534a02eec,1967,0,train
7048,1976,41,Merluccius productus,/home/tahiti/MARINE_DATASETS/FathomNet_FGVC2025/data/rois/1976_7048.png,/home/tahiti/MARINE_DATASETS/FathomNet_FGVC2025/data/images/1976.png,7ceaad46fcdad93012ad312b3f9af2935c33fa55a107ae579acaaf0dd8842151,9b1fe5b1ad41f6bf5284cc68464a0416a06068c9707a7b956db7b0c5ab0ea2e8,1976,4,train
7093,1984,72,Serpulidae,/home/tahiti/MARINE_DATASETS/FathomNet_FGVC2025/data/rois/1984_7093.png,/home/tahiti/MARINE_DATASETS/FathomNet_FGVC2025/data/images/1984.png,1023def1e1ccdeff26c4bd4cc2323c6145f5776d972437b6fba12bbb60c4f5aa,512ce9cb3f3566470deed8bf60bc9b04a07d2eaa12a93a0af1cab7e0dd764f7e,1984,2,train
7155,2002,30,Hexactinellida,/home/tahiti/MARINE_DATASETS/FathomNet_FGVC2025/data/rois/2002_7155.png,/home/tahiti/MARINE_DATASETS/FathomNet_FGVC2025/data/images/2002.png,fc8fd2056cd195f461911a59f741a1df570d16e7a3b469e39ecc6c71393681bd,416f4ca295e981b133f709e8fe3d224d41f20090ee24e914c722d503a010d9aa,2002,6,train
7212,2025,71,Sebastolobus,/home/tahiti/MARINE_DATASETS/FathomNet_FGVC2025/data/rois/2025_7212.png,/home/tahiti/MARINE_DATASETS/FathomNet_FGVC2025/data/images/2025.png,b32881c04d7e39e22cf4d3172f942e04faab77d7ce9b7f136ebd1d25aa2a94a5,ebb663a5b4fd7289c4e8b8c383462ccb8651ca21653cc30584db1d06dba64319,2025,4,train
7255,2044,64,Pyrosoma atlanticum,/home/tahiti/MARINE_DATASETS/FathomNet_FGVC2025/data/rois/2044_7255.png,/home/tahiti/MARINE_DATASETS/FathomNet_FGVC2025/data/images/2044.png,8f5929511dc6b006f2e7f210e3b4274b81f9df82456162eddfea3708a3eb6732,91a9a415acc2233779e1f38dc3e6cf3cf60a3663990b9ac297f60038d464d4f1,2044,0,train
7266,2048,62,Psolus squamatus,/home/tahiti/MARINE_DATASETS/FathomNet_FGVC2025/data/rois/2048_7266.png,/home/tahiti/MARINE_DATASETS/FathomNet_FGVC2025/data/images/2048.png,a80c79be9f973c5d318e73ebba1fcf9ccd81cc4bf96f2caf4feb1a858cc1e4cb,ed8f2cee3738c762b1cba5d8f3536206080b9c36d7d50a6ba46f6db4e981159f,2048,4,train
7420,2094,79,Zoantharia,/home/tahiti/MARINE_DATASETS/FathomNet_FGVC2025/data/rois/2094_7420.png,/home/tahiti/MARINE_DATASETS/FathomNet_FGVC2025/data/images/2094.png,4c3491c5080c88cf1b7c3e7a97a1e173e19ece270559ee9cfa5290aa485b9e99,38f339af8a38f51831acbfab22ad053b71575b393df0b86d82f556f30a4d3b5a,2094,1,train
7452,2103,34,Isidella tentaculum,/home/tahiti/MARINE_DATASETS/FathomNet_FGVC2025/data/rois/2103_7452.png,/home/tahiti/MARINE_DATASETS/FathomNet_FGVC2025/data/images/2103.png,58cdf03ba86c73abca5c5d3d5498e33f8c9f1c43bf32ef700e5d262225b0311b,774b2e0a125d327ba9614e369f7f5f750145b89b9b9ec7e59bc252d9fd3fbf1b,2103,0,train
7631,2179,30,Hexactinellida,/home/tahiti/MARINE_DATASETS/FathomNet_FGVC2025/data/rois/2179_7631.png,/home/tahiti/MARINE_DATASETS/FathomNet_FGVC2025/data/images/2179.png,564c2cc9700cfc21f5b1d64cbd4be8f781cf92b33d20a0632119f0d678fa3aa6,f6ae4161404463610652276829f7cfe0f50a35745af736400355bc0a71cfffb3,2179,6,train
7713,2212,28,Heterochone calyx,/home/tahiti/MARINE_DATASETS/FathomNet_FGVC2025/data/rois/2212_7713.png,/home/tahiti/MARINE_DATASETS/FathomNet_FGVC2025/data/images/2212.png,946c0ecc1fa79428b2a2b3cbb8afc21fa0eaeee4986c7815220912e414367b20,6dede5458ab348d83d936511796202172d36187d82008ce8612d3e8820d5f517,2212,0,train
7788,2242,53,Pannychia moseleyi,/home/tahiti/MARINE_DATASETS/FathomNet_FGVC2025/data/rois/2242_7788.png,/home/tahiti/MARINE_DATASETS/FathomNet_FGVC2025/data/images/2242.png,27eca648fac6830c1b55f23c6125f80c082c8fe4d61b143189581f4fe5b232b3,32b7d88aab48cc84e2c2bac70317bdd14c55e4d6269aa7805a60093b6b6e6508,2242,4,train
7798,2249,65,Rathbunaster californicus,/home/tahiti/MARINE_DATASETS/FathomNet_FGVC2025/data/rois/2249_7798.png,/home/tahiti/MARINE_DATASETS/FathomNet_FGVC2025/data/images/2249.png,848969df5bbd52ace5911b688c21ab9d4993488c2ae660eca05df42ec79352a9,ba886b3c7421e312f4a7f1748c6770b9bfd05b7d154f704a092ee0a40d21d675,2249,6,train
7830,2257,64,Pyrosoma atlanticum,/home/tahiti/MARINE_DATASETS/FathomNet_FGVC2025/data/rois/2257_7830.png,/home/tahiti/MARINE_DATASETS/FathomNet_FGVC2025/data/images/2257.png,2354c08a71f292ba54854ab64970dc8c6608be077bf2a2500a2436409ee1b7a0,5818434e7737eb84f9b2d3fe9045b2e19177f59fe93a953964cbee83c90b47ef,2257,4,train
7970,2315,4,Actinernus,/home/tahiti/MARINE_DATASETS/FathomNet_FGVC2025/data/rois/2315_7970.png,/home/tahiti/MARINE_DATASETS/FathomNet_FGVC2025/data/images/2315.png,59bc48767597dad8c0170d295b3f7edc6053f7759af816f027fbb8f7ac20ce50,d940546b730eb71e1e6f72f219607fda379827b2b95a2ae9a3fca47adcb48dd3,2315,2,train
7991,2330,24,Funiculina,/home/tahiti/MARINE_DATASETS/FathomNet_FGVC2025/data/rois/2330_7991.png,/home/tahiti/MARINE_DATASETS/FathomNet_FGVC2025/data/images/2330.png,98aeea1ca611e3098459ecd115fd583796b223260e096f088be3cc036e0da724,998a1463f8fa6aceb34c54bac0d0199f945f7b194225426486bc44230ffef379,2330,0,train
8016,2342,31,Hippasteria,/home/tahiti/MARINE_DATASETS/FathomNet_FGVC2025/data/rois/2342_8016.png,/home/tahiti/MARINE_DATASETS/FathomNet_FGVC2025/data/images/2342.png,11dfc94aec48f0ad9119b8c6b96bd97056e7406db577ca3652e2fa7472fe1451,36a4851a7c06648d19969ac5f09e19a3cb0bd820bf74a1c2aece210d44d9cccd,2342,1,train
8086,2374,37,Keratoisis,/home/tahiti/MARINE_DATASETS/FathomNet_FGVC2025/data/rois/2374_8086.png,/home/tahiti/MARINE_DATASETS/FathomNet_FGVC2025/data/images/2374.png,3efa2233f8e5587fe71209d38bd1b882148c46e714b0356cafa2b0a511e6bfee,aa9d55112aaa08d0232e080e0bcd23eac685a30f63889a70d9676a2ff0debcc7,2374,4,train
8093,2377,28,Heterochone calyx,/home/tahiti/MARINE_DATASETS/FathomNet_FGVC2025/data/rois/2377_8093.png,/home/tahiti/MARINE_DATASETS/FathomNet_FGVC2025/data/images/2377.png,00bcee21b64ff55faec8243f1700a5e441b5755689a8effd231e14250900fe73,f497a5776bf1cc8cac96aee172a80ec8a7a3b490c2e157dbce1bf1ba06e440a6,2377,2,train
8143,2393,69,Sebastes,/home/tahiti/MARINE_DATASETS/FathomNet_FGVC2025/data/rois/2393_8143.png,/home/tahiti/MARINE_DATASETS/FathomNet_FGVC2025/data/images/2393.png,e8529b5f88ed800e27b2c68a15c0fd4f79de33f1393244d50b539edfc82d89b6,a274f511f9d4f251a2a9f9f5f34f14f7ec3b1c91ebb341c2834c32d413ae05b7,2393,1,train
8155,2393,65,Rathbunaster californicus,/home/tahiti/MARINE_DATASETS/FathomNet_FGVC2025/data/rois/2393_8155.png,/home/tahiti/MARINE_DATASETS/FathomNet_FGVC2025/data/images/2393.png,113512e333308e26191295b8cea4da6997c23d1a036f3348c931ee642a11d653,a274f511f9d4f251a2a9f9f5f34f14f7ec3b1c91ebb341c2834c32d413ae05b7,2393,1,train
8245,2412,16,Chionoecetes tanneri,/home/tahiti/MARINE_DATASETS/FathomNet_FGVC2025/data/rois/2412_8245.png,/home/tahiti/MARINE_DATASETS/FathomNet_FGVC2025/data/images/2412.png,e52fdf00867263cd2b1dbc8086f8b226a1ec8d7303b19816666d484303a56421,0d49fba3ae28072d17df68347e131b1bef905e0e028048e2488309414b587841,2412,0,train
8330,2442,21,Elpidia,/home/tahiti/MARINE_DATASETS/FathomNet_FGVC2025/data/rois/2442_8330.png,/home/tahiti/MARINE_DATASETS/FathomNet_FGVC2025/data/images/2442.png,639c6281996dbed884b7c166be54d9af1a854b05806a42a0228e82c1416e3085,a3e11206544bc6f25739e3bb9c0d5f3bd7bc3687d803d58074d4b08ff976ed89,2442,0,train
8399,2452,73,Staurocalyptus,/home/tahiti/MARINE_DATASETS/FathomNet_FGVC2025/data/rois/2452_8399.png,/home/tahiti/MARINE_DATASETS/FathomNet_FGVC2025/data/images/2452.png,2ca5df043be9947a01edeca964e1b703a8d1d04cbb24fa2aa33c9441dbcf55a3,f9be4f456a9c84dae90d863a34bc48f32559ab51f550e9760dfa7dc872539d64,2452,4,train
8442,2457,8,Apostichopus leukothele,/home/tahiti/MARINE_DATASETS/FathomNet_FGVC2025/data/rois/2457_8442.png,/home/tahiti/MARINE_DATASETS/FathomNet_FGVC2025/data/images/2457.png,9baa07e9f7b7587f1722b1e166ec0e44628805f3041d0854555ae5b115972323,8ac486e5ca698dfae9824b27fc7307fcfcd50e090365df65ac8224b5e0d678d3,2457,6,train
8467,2460,31,Hippasteria,/home/tahiti/MARINE_DATASETS/FathomNet_FGVC2025/data/rois/2460_8467.png,/home/tahiti/MARINE_DATASETS/FathomNet_FGVC2025/data/images/2460.png,4bc810d8e1d8bc5586e85cf0eea3ac2a142c9739a3ede41db854dca88b857036,9e248c0084772fdc6804cfce501ce2d70f33fb5ee9d6070cb71199e171daac9e,2460,6,train
8478,2463,29,Heteropolypus ritteri,/home/tahiti/MARINE_DATASETS/FathomNet_FGVC2025/data/rois/2463_8478.png,/home/tahiti/MARINE_DATASETS/FathomNet_FGVC2025/data/images/2463.png,8d39e855c73f0ad75181bb5563103759a7a4cef2c2b1418de6d7cd045583faee,41f0d043456df6248e4ce1151980d9160757c7b9c17d12c6c8254d025be395e8,2463,6,train
8495,2475,68,Scotoplanes globosa,/home/tahiti/MARINE_DATASETS/FathomNet_FGVC2025/data/rois/2475_8495.png,/home/tahiti/MARINE_DATASETS/FathomNet_FGVC2025/data/images/2475.png,ad840a968b967bd02155c628fd7a8f45879a527247cd1ea571c8ac800d6b12c6,8cd004584e8193c44a36d2443ab494e16fb285137897f38cedceb9330ce38021,2475,0,train
8529,2492,35,Isididae,/home/tahiti/MARINE_DATASETS/FathomNet_FGVC2025/data/rois/2492_8529.png,/home/tahiti/MARINE_DATASETS/FathomNet_FGVC2025/data/images/2492.png,2979d9ff20d7fca7817b3102f99aeaa48be95e6c6c21be949838e2eae397dad7,5fbcb803f93c41fde964f7ec415c18d605a671be294b6586942ece7babf46440,2492,0,train
8564,2512,54,Paragorgia,/home/tahiti/MARINE_DATASETS/FathomNet_FGVC2025/data/rois/2512_8564.png,/home/tahiti/MARINE_DATASETS/FathomNet_FGVC2025/data/images/2512.png,4dd284e2838c87aa7432827e69a3dd5723cb4145ba08ec848ef8cb8b6a4b5453,1dd1150ad993d09012e3b1bbf686adba39e4709ce80611baf81afb3c970a1f7d,2512,0,train
8601,2526,1,Abyssocucumis abyssorum,/home/tahiti/MARINE_DATASETS/FathomNet_FGVC2025/data/rois/2526_8601.png,/home/tahiti/MARINE_DATASETS/FathomNet_FGVC2025/data/images/2526.png,23a243425925bac6d821a70fa8a3642b90bcdb89dce5d952a1ff572bc4cd61d3,b1afb58817c41722c4328a62b2e24a3c7a6cdbfb0bd6eb64d0020cbf916ad094,2526,4,train
8712,2572,54,Paragorgia,/home/tahiti/MARINE_DATASETS/FathomNet_FGVC2025/data/rois/2572_8712.png,/home/tahiti/MARINE_DATASETS/FathomNet_FGVC2025/data/images/2572.png,b0fa1744be53834db936bf380ea1f83d0c5b201b9f9f8daf87a96092d58986b0,f0d6b8e70bae529539baf91ecc052a4f81732601a053227cfde2fb4641f2f2d1,2572,0,train
8846,2586,68,Scotoplanes globosa,/home/tahiti/MARINE_DATASETS/FathomNet_FGVC2025/data/rois/2586_8846.png,/home/tahiti/MARINE_DATASETS/FathomNet_FGVC2025/data/images/2586.png,c32d3e6b8dc8f9f2415f4b1722a9d27fb139288c9ca5c4d9b95221e4d8914df4,c2803d23937cb0421ead200e4acf4ee623e2f86478ef89bb45ef9b90e9d1846e,2586,0,train
8893,2602,45,Munnopsidae,/home/tahiti/MARINE_DATASETS/FathomNet_FGVC2025/data/rois/2602_8893.png,/home/tahiti/MARINE_DATASETS/FathomNet_FGVC2025/data/images/2602.png,bc074fe74e3c418d72bbddef0424c76c7a33bcdf524f88771416f2d2b150c253,7ab7206c3c6ed102e8a81cf430eb655bdc121170222dcb22e0bba0708d071735,2602,0,train
8930,2611,47,Octopus rubescens,/home/tahiti/MARINE_DATASETS/FathomNet_FGVC2025/data/rois/2611_8930.png,/home/tahiti/MARINE_DATASETS/FathomNet_FGVC2025/data/images/2611.png,a385f03f73841fd1af2d2b9a02ba464fc500a5990d7f6805837d5cbbb2fd849a,97b12a82ba2383de42455a24178a3012ab458ce431b15b3521be77400e4d6f37,2611,6,train
8969,2628,42,Metridium farcimen,/home/tahiti/MARINE_DATASETS/FathomNet_FGVC2025/data/rois/2628_8969.png,/home/tahiti/MARINE_DATASETS/FathomNet_FGVC2025/data/images/2628.png,addc18728869573571e192a526fd14e18c91b31ec43f538df4cc254c8e13e30a,5de7e89ccc0dbefd3d66557ed134623ea1e465888ee3dc5fd80b14aa12720784,2628,6,train
9048,2655,37,Keratoisis,/home/tahiti/MARINE_DATASETS/FathomNet_FGVC2025/data/rois/2655_9048.png,/home/tahiti/MARINE_DATASETS/FathomNet_FGVC2025/data/images/2655.png,b90dc98e5418a456db5d0f00f91122ffb5587bad3f15ea87491dce91ed0f1c11,94059886df56972fb620dd2f9dbbdb9991928d09562a27fd66bacc6c531e164c,2655,6,train
9149,2702,37,Keratoisis,/home/tahiti/MARINE_DATASETS/FathomNet_FGVC2025/data/rois/2702_9149.png,/home/tahiti/MARINE_DATASETS/FathomNet_FGVC2025/data/images/2702.png,c671d73c127065b21af36e4580d61bbb6cb92ace143352175aa74fbaf35d943e,7200f2f607a7afea10092433b7c03697609768522fd0e9e7dfb8de6b8cbb1825,2702,2,train
9283,2742,36,Isosicyonis,/home/tahiti/MARINE_DATASETS/FathomNet_FGVC2025/data/rois/2742_9283.png,/home/tahiti/MARINE_DATASETS/FathomNet_FGVC2025/data/images/2742.png,edc851c6d1b6d46dee13646570677e968af32a60d55b3223345c6b6a8361a223,aa0955852105183febdb1c1a67e0a0bedb9a8ea42973193b312f6ae0a2058cdb,2742,0,train
9633,2894,65,Rathbunaster californicus,/home/tahiti/MARINE_DATASETS/FathomNet_FGVC2025/data/rois/2894_9633.png,/home/tahiti/MARINE_DATASETS/FathomNet_FGVC2025/data/images/2894.png,0a2cf99655c5f370aefcff457f5ca95bece3ff2c6f3a37bf83166558d6840169,8811444b11003d7c9bdae40dee311bb12e636a2dafa31c4cfc34b4a2e50b1a9d,2894,2,train
9664,2899,10,Asbestopluma monticola,/home/tahiti/MARINE_DATASETS/FathomNet_FGVC2025/data/rois/2899_9664.png,/home/tahiti/MARINE_DATASETS/FathomNet_FGVC2025/data/images/2899.png,a17572b7407a58955f0cd9229fe63d6a60eb16aad607ce161abf6b564b9cccd2,aec0fa0ca5b60b212421afba18a23e6c5df6c7ebb28544efad5efbddcf883e3e,2899,6,train
9687,2915,41,Merluccius productus,/home/tahiti/MARINE_DATASETS/FathomNet_FGVC2025/data/rois/2915_9687.png,/home/tahiti/MARINE_DATASETS/FathomNet_FGVC2025/data/images/2915.png,d11e28f9480556a6f1444a9fc7405db0aee823826bf4ef84d46b6113c8df7e2a,219d29d0fa800a7346dcd768c17aba145bba670531fa241f8c57e331351ccdae,2915,6,train
9697,2920,68,Scotoplanes globosa,/home/tahiti/MARINE_DATASETS/FathomNet_FGVC2025/data/rois/2920_9697.png,/home/tahiti/MARINE_DATASETS/FathomNet_FGVC2025/data/images/2920.png,1baf962202007ec1e9ca09f09689a798deef483a161cf007981b5fd824e95243,409b14dd6c1e21c0697801110899563c3d4b1b97a17b9a1ba36f0aa27cbdd837,2920,1,train
9720,2927,36,Isosicyonis,/home/tahiti/MARINE_DATASETS/FathomNet_FGVC2025/data/rois/2927_9720.png,/home/tahiti/MARINE_DATASETS/FathomNet_FGVC2025/data/images/2927.png,09f212be7e7ffc561b54631f2f91a1f61ed28eb8064b31637e1882ca9c617654,8ca5c6f9052e42992eef7719acf2d7e7f1d52c0f881a8508b2c325f13faf42fa,2927,1,train
9777,2933,72,Serpulidae,/home/tahiti/MARINE_DATASETS/FathomNet_FGVC2025/data/rois/2933_9777.png,/home/tahiti/MARINE_DATASETS/FathomNet_FGVC2025/data/images/2933.png,ce8e03c91eeb46337b6780a4911d95e02d0f50e091c39edbc6182e1501a6d822,505e4296f0cae80c3096283bf7e37e4ee63ec97d7989f567451c34b8268362cd,2933,1,train
9825,2946,24,Funiculina,/home/tahiti/MARINE_DATASETS/FathomNet_FGVC2025/data/rois/2946_9825.png,/home/tahiti/MARINE_DATASETS/FathomNet_FGVC2025/data/images/2946.png,8a75a33a56db0ab58c21e814eca50d01d8faea20d8a9902b032efa89c9c31474,ecbbbac399c5e05c8aa9c1e72f8cf9c9ba1868fb18eb38c5422379ef025f60e1,2946,4,train
10047,2993,66,Scleractinia,/home/tahiti/MARINE_DATASETS/FathomNet_FGVC2025/data/rois/2993_10047.png,/home/tahiti/MARINE_DATASETS/FathomNet_FGVC2025/data/images/2993.png,dada53979464413c3f2b255f53cdbd486eaaa3cacf09f8e11f3e4490b52e9bb2,3dafc98a937b514a2ed90f8ccb024f7cb22d27670ed2cdb87c692582caac9759,2993,1,train
10076,3001,18,Corallimorphus pilatus,/home/tahiti/MARINE_DATASETS/FathomNet_FGVC2025/data/rois/3001_10076.png,/home/tahiti/MARINE_DATASETS/FathomNet_FGVC2025/data/images/3001.png,79e9c4546ac02666a08db8385378e64b084bec5c679a991c74458a31366f4410,baa8769e04e5e3f45332aad818c1874da3ef2a45d9a7b5e859f1cbaedfc6f338,3001,1,train
10185,3038,55,Paragorgia arborea,/home/tahiti/MARINE_DATASETS/FathomNet_FGVC2025/data/rois/3038_10185.png,/home/tahiti/MARINE_DATASETS/FathomNet_FGVC2025/data/images/3038.png,1e273ec70808109a756d178a031a2426546fcc44b4c9a6d6a16dc9dc5428f784,4b7dd5d8f48ae3bb612085939a155e4ee8aa66fefefcefab6359321231fe889d,3038,4,train
10216,3044,72,Serpulidae,/home/tahiti/MARINE_DATASETS/FathomNet_FGVC2025/data/rois/3044_10216.png,/home/tahiti/MARINE_DATASETS/FathomNet_FGVC2025/data/images/3044.png,cb762144192d5655f55a79800acb8f61f0e71de43edeee3a6baad93a1aba5bd6,25d4b273853803197af57517857df938fe35f598b1a47f9b4210a17e506b52df,3044,0,train
10227,3044,72,Serpulidae,/home/tahiti/MARINE_DATASETS/FathomNet_FGVC2025/data/rois/3044_10227.png,/home/tahiti/MARINE_DATASETS/FathomNet_FGVC2025/data/images/3044.png,f41f5323a50b6c270ae818512a98a20d91cdf05bc1cbe4ae2e74a85971c2f28a,25d4b273853803197af57517857df938fe35f598b1a47f9b4210a17e506b52df,3044,0,train
10272,3054,41,Merluccius productus,/home/tahiti/MARINE_DATASETS/FathomNet_FGVC2025/data/rois/3054_10272.png,/home/tahiti/MARINE_DATASETS/FathomNet_FGVC2025/data/images/3054.png,e88857b92d555410008279ccc9af14d74d55f829184d339a42983fe284ccc8b9,0997ba78fe11660653a77bc44bc89ef91a26d077860222152e59f0141e27abd6,3054,2,train
10332,3071,44,Munidopsis,/home/tahiti/MARINE_DATASETS/FathomNet_FGVC2025/data/rois/3071_10332.png,/home/tahiti/MARINE_DATASETS/FathomNet_FGVC2025/data/images/3071.png,13c8c15df79cf388a7f61542ead579aab678879a130f55863a3632def0ce7cff,0210dfd8f7660a18ccff69278db5dbd1d8b2a6275349d1f881f74d051b2d46c6,3071,6,train
10349,3083,53,Pannychia moseleyi,/home/tahiti/MARINE_DATASETS/FathomNet_FGVC2025/data/rois/3083_10349.png,/home/tahiti/MARINE_DATASETS/FathomNet_FGVC2025/data/images/3083.png,3a8db30992de4dffa9e420f0f44cd91430bdf3ac52343e360ed603a899f8f5ee,4aae135f56a35966d89a6773f401be8bb69551653294cc2a82bc08978ecc1b62,3083,2,train
10376,3092,67,Scotoplanes,/home/tahiti/MARINE_DATASETS/FathomNet_FGVC2025/data/rois/3092_10376.png,/home/tahiti/MARINE_DATASETS/FathomNet_FGVC2025/data/images/3092.png,4372c944147f300fde11224a2148207f6eb069314219e7a91afdd268b269e89c,f908e2cb70a3ee2ec73801c731e3ce9f5ce5569a2133233f8e372bb69c1d7a59,3092,2,train
10463,3123,77,Umbellula,/home/tahiti/MARINE_DATASETS/FathomNet_FGVC2025/data/rois/3123_10463.png,/home/tahiti/MARINE_DATASETS/FathomNet_FGVC2025/data/images/3123.png,89f8fe9d93755a36b7366f52a20f678bbd563015364a0fe364aeaca1b30629c9,b9c2db5cae245aa5dc5cee66078cb2e859e28f5501ff5a69013c6e8497246ac8,3123,2,train
10502,3149,29,Heteropolypus ritteri,/home/tahiti/MARINE_DATASETS/FathomNet_FGVC2025/data/rois/3149_10502.png,/home/tahiti/MARINE_DATASETS/FathomNet_FGVC2025/data/images/3149.png,97f7ca0868982baacaaeb14832150cac5e7c34f45f0e2d9de96775d3e06d7a84,f38326f14984cf0d2cad91ee220f6bd91e7ef8f954faacc801dc285e7d5ed12c,3149,6,train
10569,3181,41,Merluccius productus,/home/tahiti/MARINE_DATASETS/FathomNet_FGVC2025/data/rois/3181_10569.png,/home/tahiti/MARINE_DATASETS/FathomNet_FGVC2025/data/images/3181.png,2e9564a71fea67794d0714ca831dfcd6c25c49b35f19945e5854f69afac99600,aa6530336610a53cfbaa7acfe6aef13f3562047ae386729d201bc7e292cded1e,3181,6,train
10667,3223,19,Crinoidea,/home/tahiti/MARINE_DATASETS/FathomNet_FGVC2025/data/rois/3223_10667.png,/home/tahiti/MARINE_DATASETS/FathomNet_FGVC2025/data/images/3223.png,3651ed0d883a7b6fb0b8478d731903db8769120556cb2837f37f5bfbee71d6e7,2c0e54f32acc634ca6b3b97d3d37c57e5f0e0a206dd9e2b286c8e3bd1c4b872a,3223,1,train
10687,3227,30,Hexactinellida,/home/tahiti/MARINE_DATASETS/FathomNet_FGVC2025/data/rois/3227_10687.png,/home/tahiti/MARINE_DATASETS/FathomNet_FGVC2025/data/images/3227.png,ed65a70281928b64c9d1e0b970bada869ab32d11744f45cea52b67960cdaf34b,d884f924f0743d4367121052c7a9eee1cea57194cb621bcd38e4b155d47f28bd,3227,0,train
10695,3228,57,Parastenella,/home/tahiti/MARINE_DATASETS/FathomNet_FGVC2025/data/rois/3228_10695.png,/home/tahiti/MARINE_DATASETS/FathomNet_FGVC2025/data/images/3228.png,c254b67a0c4f8ddd61f52e4a479653b8ae9d46db06688f0ad20c2868529e6bf6,86607bfa839dea5dfcbd2149abf24fd02312361d9e34a8d071f8136a85ca8231,3228,4,train
10700,3229,41,Merluccius productus,/home/tahiti/MARINE_DATASETS/FathomNet_FGVC2025/data/rois/3229_10700.png,/home/tahiti/MARINE_DATASETS/FathomNet_FGVC2025/data/images/3229.png,baa8773463ba3f234dded060653f9166091230f6585af3c54ea176441147dbab,dd8cc290bd35314dcd6038dd947386dd5c156785f20cb530a79d8459d9fdb856,3229,6,train
10805,3282,47,Octopus rubescens,/home/tahiti/MARINE_DATASETS/FathomNet_FGVC2025/data/rois/3282_10805.png,/home/tahiti/MARINE_DATASETS/FathomNet_FGVC2025/data/images/3282.png,a5e428bfd7c09fcd77aed85ea92e18fd8b4d3b58990d7dbbbafa1faeb4551f68,1b2163df4de837e133740593019d2652b726050870e7129dac9f9494340a0dc9,3282,1,train
10845,3297,68,Scotoplanes globosa,/home/tahiti/MARINE_DATASETS/FathomNet_FGVC2025/data/rois/3297_10845.png,/home/tahiti/MARINE_DATASETS/FathomNet_FGVC2025/data/images/3297.png,9a94eaff2ebd76496e2c24154e9e579ba287ed5fc10a6f9ca2b3a0bdf71d1c8a,d52d43bae27b26508eff51d32ff0850a7040f356e495419a3ada11e6c8675130,3297,2,train
10907,3325,38,Liponema brevicorne,/home/tahiti/MARINE_DATASETS/FathomNet_FGVC2025/data/rois/3325_10907.png,/home/tahiti/MARINE_DATASETS/FathomNet_FGVC2025/data/images/3325.png,8dbfe1e0cab200a2e4e72ea1ffb72bd4bc5718cb926abb200990e04da66172b2,1e6744785475169cf9a171db18e0dc75949321fbf8eaa9f70de5d65784351b3e,3325,0,train
10960,3352,56,Paralomis multispina,/home/tahiti/MARINE_DATASETS/FathomNet_FGVC2025/data/rois/3352_10960.png,/home/tahiti/MARINE_DATASETS/FathomNet_FGVC2025/data/images/3352.png,bccb35c82e2a61dcf680524e5243da7fde1e71915d49d78b4adb2ade312b7ccf,669e06e3144a1e9b6c7b092a897b3bb73bf5adfd4715b571232d113a06841776,3352,1,train
11142,3430,44,Munidopsis,/home/tahiti/MARINE_DATASETS/FathomNet_FGVC2025/data/rois/3430_11142.png,/home/tahiti/MARINE_DATASETS/FathomNet_FGVC2025/data/images/3430.png,bc97454fafcaf315d3464982947b6a8810260f83f940de83ff9c2e15d6591c40,4cc0486e6105d68539b009ff65bc72ea5012655d31346d08dafd8542ce9f7fbf,3430,0,train
11389,3494,53,Pannychia moseleyi,/home/tahiti/MARINE_DATASETS/FathomNet_FGVC2025/data/rois/3494_11389.png,/home/tahiti/MARINE_DATASETS/FathomNet_FGVC2025/data/images/3494.png,0e882bdbe13873d2083beec1210d1f87f58ad8fe8dbfac95a9348d2e010e0362,e55108b4b5597c280a4933c1898032adceb229aad850597b90aadcd7b6739b28,3494,4,train
11435,3522,56,Paralomis multispina,/home/tahiti/MARINE_DATASETS/FathomNet_FGVC2025/data/rois/3522_11435.png,/home/tahiti/MARINE_DATASETS/FathomNet_FGVC2025/data/images/3522.png,033085c21129f907a5b0963d138b7e6b021c5bab28f8061490c6f0a618a84ce6,11b230ef60807de40f4d159481e817b0384d995ee53d8b07c0fc25f097d2d229,3522,6,train
11502,3562,38,Liponema brevicorne,/home/tahiti/MARINE_DATASETS/FathomNet_FGVC2025/data/rois/3562_11502.png,/home/tahiti/MARINE_DATASETS/FathomNet_FGVC2025/data/images/3562.png,fb86b3e86db1fdb8e8ac5377465e91f5017cf7e67f3569f847f3d31588b96044,74332d7c48aebcb36d26db04a532c5f80d9d4e97bae9d2abee4f932df24d4165,3562,2,train
11570,3588,76,Tunicata,/home/tahiti/MARINE_DATASETS/FathomNet_FGVC2025/data/rois/3588_11570.png,/home/tahiti/MARINE_DATASETS/FathomNet_FGVC2025/data/images/3588.png,17a6d57e2c1ea5b72c044e3cf7c7f3dd76a61eef5f17585d1692f99054ae3009,03ec144b9635fdfbd87c4cd952ce688a1cc7f71009e00b15cfaa0b5b220e7abf,3588,1,train
11675,3636,29,Heteropolypus ritteri,/home/tahiti/MARINE_DATASETS/FathomNet_FGVC2025/data/rois/3636_11675.png,/home/tahiti/MARINE_DATASETS/FathomNet_FGVC2025/data/images/3636.png,8a2c99ae54bd18d39d90cb73b9f067af62179f934d9ba66f1456ac6ba832ebfa,1a5250dc2635dfedbb7fcb1479e16a7926b80fd0bfb49a043fcacb232817d4a5,3636,4,train
11724,3652,13,Brisingida,/home/tahiti/MARINE_DATASETS/FathomNet_FGVC2025/data/rois/3652_11724.png,/home/tahiti/MARINE_DATASETS/FathomNet_FGVC2025/data/images/3652.png,24b048acc2a64e2ac0f5dd46f854281dc8b5e046fbaf7783a0d32b7262271e80,c74227edf6f9d681bff2b49967366cf1d7a564ba972c0aa4079548bb48fb49f8,3652,0,train
11851,3703,7,Amphipoda,/home/tahiti/MARINE_DATASETS/FathomNet_FGVC2025/data/rois/3703_11851.png,/home/tahiti/MARINE_DATASETS/FathomNet_FGVC2025/data/images/3703.png,773288be64cb12c6110245a601491c299a0528c7b93c1273774c3a9177c7cfb7,edf933dfe8fb7fcb7df657b726c5772696c98e00cf44a1c9cfdc330c782a1be8,3703,0,train
11930,3738,42,Metridium farcimen,/home/tahiti/MARINE_DATASETS/FathomNet_FGVC2025/data/rois/3738_11930.png,/home/tahiti/MARINE_DATASETS/FathomNet_FGVC2025/data/images/3738.png,f4ea1d2de134ceaf0ef55a29ab940685de17a703963ec7afb8d7272a0239e52d,40adf3484c4f73de67523e7f35f2c4ba81dbc344f602c4c89333e821eac6fda6,3738,6,train
12380,3902,36,Isosicyonis,/home/tahiti/MARINE_DATASETS/FathomNet_FGVC2025/data/rois/3902_12380.png,/home/tahiti/MARINE_DATASETS/FathomNet_FGVC2025/data/images/3902.png,205ceb144d6832e117e842cce04ed37f6eff79d698ce6a68b1c6bf05fdbb4d26,9af4dbec1324a5214f0e19714d84ae8afa4668930f1f2eff23e69ba66e8b5a93,3902,6,train
12392,3906,24,Funiculina,/home/tahiti/MARINE_DATASETS/FathomNet_FGVC2025/data/rois/3906_12392.png,/home/tahiti/MARINE_DATASETS/FathomNet_FGVC2025/data/images/3906.png,aaba6e88eb40b28d03a3c89bc2d9c17e132dc3ccbda04c31bfbc88496f5024c5,442606ae37b0e205b262afc395b1b334b1284d8140c1fae6917b406341ce29d7,3906,4,train
12399,3910,15,Ceriantharia,/home/tahiti/MARINE_DATASETS/FathomNet_FGVC2025/data/rois/3910_12399.png,/home/tahiti/MARINE_DATASETS/FathomNet_FGVC2025/data/images/3910.png,8f675014c0e5e22a7a72baaeb6e2c5a978b436209faf329f77aabeb163b34345,34b81f8996c6ba81e52afd74f1c70389bcfbb762f0f05d48c6d7e2ec0efc3eda,3910,6,train
12538,3970,78,Vesicomyidae,/home/tahiti/MARINE_DATASETS/FathomNet_FGVC2025/data/rois/3970_12538.png,/home/tahiti/MARINE_DATASETS/FathomNet_FGVC2025/data/images/3970.png,a1ccb409acbfb3abd576a4c669455f6428990fde75bdde11b69838162fda6a8f,a6615ca0b50586e3b7c89b97af666a67762952bcb1d99e0e42e65c2f29313c7b,3970,6,train
12593,3981,47,Octopus rubescens,/home/tahiti/MARINE_DATASETS/FathomNet_FGVC2025/data/rois/3981_12593.png,/home/tahiti/MARINE_DATASETS/FathomNet_FGVC2025/data/images/3981.png,1343a507a4d3a2ae30c69175c7683113eecb0597d308f308fd987801d2ee4908,664f70caabe0d23f7ffe96b9f13d93f3362c2e01b1d7446280af2871c51de855,3981,6,train
12604,3982,25,Gastropoda,/home/tahiti/MARINE_DATASETS/FathomNet_FGVC2025/data/rois/3982_12604.png,/home/tahiti/MARINE_DATASETS/FathomNet_FGVC2025/data/images/3982.png,7a4d41d11b093a66f9f9243d67f3e971358327b01c616297e5a3c5a83e434620,5615548d7b3afb8d5e99e5143c9a7be07bc91cb75a57b512affb81f4963511eb,3982,6,train
12659,4013,35,Isididae,/home/tahiti/MARINE_DATASETS/FathomNet_FGVC2025/data/rois/4013_12659.png,/home/tahiti/MARINE_DATASETS/FathomNet_FGVC2025/data/images/4013.png,399cedf982eb3924e19ab443570a6dbb739d2dda5eab4acc0776501991553a0a,08d57dc6bad515612d0bc557103a075b1268a4699c16e5812f87418ef2889aa7,4013,1,train
12671,4020,22,Farrea,/home/tahiti/MARINE_DATASETS/FathomNet_FGVC2025/data/rois/4020_12671.png,/home/tahiti/MARINE_DATASETS/FathomNet_FGVC2025/data/images/4020.png,a384f1c1693a77aacc8673108c4930f0aee452974e76b1beb7ec1d4b43a92a2b,9580036170e76ed458e8599edb157f61222ae02aaef73aca6eba8229b5d0c0f3,4020,0,train
12778,4066,35,Isididae,/home/tahiti/MARINE_DATASETS/FathomNet_FGVC2025/data/rois/4066_12778.png,/home/tahiti/MARINE_DATASETS/FathomNet_FGVC2025/data/images/4066.png,e8b91b28a306dac88d6704f5b2eb818de6028e6f0b550332e8130ec40e9eb8a8,34518e4a68ce0b43dbb975f4cc2488f90d471ee49039624f7c3a76dd4037ce4d,4066,6,train
12833,4090,17,Chorilia longipes,/home/tahiti/MARINE_DATASETS/FathomNet_FGVC2025/data/rois/4090_12833.png,/home/tahiti/MARINE_DATASETS/FathomNet_FGVC2025/data/images/4090.png,b3b4c098b96c091fc0d12d494d3108a6e9067dde71301bcfdac005cc4430482c,b1db7608c4c0ae7dd31fb0f14fa3ba914c2bb5cc0dc55ee7cdd4b6e1fad53601,4090,4,train
12887,4117,64,Pyrosoma atlanticum,/home/tahiti/MARINE_DATASETS/FathomNet_FGVC2025/data/rois/4117_12887.png,/home/tahiti/MARINE_DATASETS/FathomNet_FGVC2025/data/images/4117.png,bcb60c47f89052dcd9d63872a3ee8d4c1a126ea2ca4bcd27640adff090334f81,52af252a3a3db140705942b5269b163a6e349e2fa63a39495482770c31ca0384,4117,1,train
12916,4125,29,Heteropolypus ritteri,/home/tahiti/MARINE_DATASETS/FathomNet_FGVC2025/data/rois/4125_12916.png,/home/tahiti/MARINE_DATASETS/FathomNet_FGVC2025/data/images/4125.png,a7888b1e9a20b05381dec4b9bffa7183f2c7aabcf1c6aa2e419140f0361853cf,0bc2c543cf4b4c3e85b2af9aed3f8935d16fbe6bd94cbe85f8be459537f2d058,4125,6,train
12941,4134,54,Paragorgia,/home/tahiti/MARINE_DATASETS/FathomNet_FGVC2025/data/rois/4134_12941.png,/home/tahiti/MARINE_DATASETS/FathomNet_FGVC2025/data/images/4134.png,6bc7ec0c3a7ec751f0cc07febd2dd480246aa50d3ceee4460a5c1b8c7cf7a7e6,ebde639799d629a1fa88cc2ffcaa7d177a8c8648406f4ce3669a1b48a47b2311,4134,2,train
12993,4159,36,Isosicyonis,/home/tahiti/MARINE_DATASETS/FathomNet_FGVC2025/data/rois/4159_12993.png,/home/tahiti/MARINE_DATASETS/FathomNet_FGVC2025/data/images/4159.png,fa075564891e9b1c9480f2add79ec6c79391bc45ed5fa83864a87f01b02008bc,177190cd277c9ed380b5907794881db3fc263e89984b5b60d23c454c4cb639d9,4159,6,train
12994,4159,24,Funiculina,/home/tahiti/MARINE_DATASETS/FathomNet_FGVC2025/data/rois/4159_12994.png,/home/tahiti/MARINE_DATASETS/FathomNet_FGVC2025/data/images/4159.png,58151f08e9527d68b15fcd76702e3988daf3709edcb8d6920f377c8a1a12b958,177190cd277c9ed380b5907794881db3fc263e89984b5b60d23c454c4cb639d9,4159,6,train
13028,4173,47,Octopus rubescens,/home/tahiti/MARINE_DATASETS/FathomNet_FGVC2025/data/rois/4173_13028.png,/home/tahiti/MARINE_DATASETS/FathomNet_FGVC2025/data/images/4173.png,04948c43a10c642d9ff6fcb94cfe80a300fc1ccf65aa5dd971a09f6ad3c52b5a,0ed549a450a6418e1550fe8064cd3997b0ab591b91a0976ff8a67a67beaf3093,4173,4,train
13053,4183,35,Isididae,/home/tahiti/MARINE_DATASETS/FathomNet_FGVC2025/data/rois/4183_13053.png,/home/tahiti/MARINE_DATASETS/FathomNet_FGVC2025/data/images/4183.png,cb45ab28e96a3d1150f4758a34b03cbb45fda4e2b92a8e7364a4b4adcdaf8b34,13e7c2bda65a64a71c2b3343e95ef255f189f275aea107838532895b9c411831,4183,6,train
13059,4186,15,Ceriantharia,/home/tahiti/MARINE_DATASETS/FathomNet_FGVC2025/data/rois/4186_13059.png,/home/tahiti/MARINE_DATASETS/FathomNet_FGVC2025/data/images/4186.png,fb1d6d5c1034156b82a008fbcdfec00a1522b2d067777813566eafa5c809eb83,56f3077d5f18a752a46650b50831f8a1ea02002fe121c38bd7dc3cec7f725e15,4186,4,train
13085,4197,77,Umbellula,/home/tahiti/MARINE_DATASETS/FathomNet_FGVC2025/data/rois/4197_13085.png,/home/tahiti/MARINE_DATASETS/FathomNet_FGVC2025/data/images/4197.png,49c5b2937b39814661d42be0b6ea124d7591631066a9c53eaa413ce2a57a5209,2a4421745b90156624e8b08c660db4fa00c9532abdf69a5ba931fd4c5b34d75a,4197,6,train
13130,4209,48,Ophiacanthidae,/home/tahiti/MARINE_DATASETS/FathomNet_FGVC2025/data/rois/4209_13130.png,/home/tahiti/MARINE_DATASETS/FathomNet_FGVC2025/data/images/4209.png,2469a0ef6f295932359b31c681fb1043acd7fe901cb7bc80b303ddbe36be38fa,21abba2db92d8a86c082447a521d39fedebddcc1553e9e7171b5c9bad4eeff5e,4209,1,train
13232,4234,53,Pannychia moseleyi,/home/tahiti/MARINE_DATASETS/FathomNet_FGVC2025/data/rois/4234_13232.png,/home/tahiti/MARINE_DATASETS/FathomNet_FGVC2025/data/images/4234.png,45b71551c0ea1b629bfa858b3c49c62123252eeea697ffc03ea1692bd81b46bf,769b409a472b96695e59820fd30da3dd77c311e08696728501453c85c18980bb,4234,1,train
13431,4320,33,Hormathiidae,/home/tahiti/MARINE_DATASETS/FathomNet_FGVC2025/data/rois/4320_13431.png,/home/tahiti/MARINE_DATASETS/FathomNet_FGVC2025/data/images/4320.png,2e6d6f7442acd9f2403ba75a6bc638ba0539bc3d53576b4cdbe32258c699da2b,6ddb3c2db7cc5d3d7d81094efb393b710e33e1d15e3c93e30065b14e539187e8,4320,6,train
13455,4336,54,Paragorgia,/home/tahiti/MARINE_DATASETS/FathomNet_FGVC2025/data/rois/4336_13455.png,/home/tahiti/MARINE_DATASETS/FathomNet_FGVC2025/data/images/4336.png,92d253328cd197586116dba47f348566d8f164ddc157a624554b2333b9e20b62,f5dfe01477b324d60be366f486c6e0d848c819959572760d1f85497c7dcc73bc,4336,2,train
13504,4351,63,Ptychogastria polaris,/home/tahiti/MARINE_DATASETS/FathomNet_FGVC2025/data/rois/4351_13504.png,/home/tahiti/MARINE_DATASETS/FathomNet_FGVC2025/data/images/4351.png,45e26d362e47c3a6707dbe30b954b268a45ba7dc427d0c242b6535b1a6fae310,e1951483b15cb71d2c11031027270456bdc7cd2602dd41c57084851d9f36dbce,4351,1,train
13592,4374,34,Isidella tentaculum,/home/tahiti/MARINE_DATASETS/FathomNet_FGVC2025/data/rois/4374_13592.png,/home/tahiti/MARINE_DATASETS/FathomNet_FGVC2025/data/images/4374.png,4d3cfbd3cc41b4bad812b81562090b81b04c4c037f6b24ae4f5c28ad0c34430b,4d5d8209bb78ff0180d55fd882d60df5565d5800d62c850b6cc43e5caceac554,4374,2,train
13604,4382,53,Pannychia moseleyi,/home/tahiti/MARINE_DATASETS/FathomNet_FGVC2025/data/rois/4382_13604.png,/home/tahiti/MARINE_DATASETS/FathomNet_FGVC2025/data/images/4382.png,88b49ca1f76c8cb109fd1e5334bebbe01bf450eef594c791df78e4d709c9f9f4,a93d8c84030353ea277b7c3083f2fd2bce2a1e3862a1665a809717d69017ee31,4382,4,train
13651,4409,14,Caridea,/home/tahiti/MARINE_DATASETS/FathomNet_FGVC2025/data/rois/4409_13651.png,/home/tahiti/MARINE_DATASETS/FathomNet_FGVC2025/data/images/4409.png,687d8d3cddb164c859a08627090ede415fe4608ce892d23c45a3e7250df3018c,49f06ca074755ae6b25f2c6e76195ae12a869b90a4b212a52f21060fd80d4a70,4409,0,train
13674,4416,2,Acanthascinae,/home/tahiti/MARINE_DATASETS/FathomNet_FGVC2025/data/rois/4416_13674.png,/home/tahiti/MARINE_DATASETS/FathomNet_FGVC2025/data/images/4416.png,c0088d5b4f533cb976738bd725563583cd3d4c35989afb78af822300a4f02e78,6b99b4869456b833677e588f50c8420708d22d7dc4f347508cba6cb80475d75f,4416,2,train
13729,4443,22,Farrea,/home/tahiti/MARINE_DATASETS/FathomNet_FGVC2025/data/rois/4443_13729.png,/home/tahiti/MARINE_DATASETS/FathomNet_FGVC2025/data/images/4443.png,a1e597d47022629c556c095b32e1f7c8769b8f537e093e7be63e9d2860ad9ce7,929f4da822ba3f88036b81924c7c05dccbc791056a2e4fd635460faf84c4a054,4443,0,train
13907,4512,45,Munnopsidae,/home/tahiti/MARINE_DATASETS/FathomNet_FGVC2025/data/rois/4512_13907.png,/home/tahiti/MARINE_DATASETS/FathomNet_FGVC2025/data/images/4512.png,23aae220441ec26115ad3f89b7583b1643e9c7dadd95447c063c3108c386d12e,ec2e64f40f9fa717944031c952af84fc4e369782f82fa4edba116b8f177efcf5,4512,2,train
13927,4523,25,Gastropoda,/home/tahiti/MARINE_DATASETS/FathomNet_FGVC2025/data/rois/4523_13927.png,/home/tahiti/MARINE_DATASETS/FathomNet_FGVC2025/data/images/4523.png,7cc4b92fd6b72f7f4ccdd858e0b26ecc480b769a7f0fc7c57bfe1392e2224c49,f58429869c5be8e2df1677fb265736959e6753156d25317a8d2b5e107885985c,4523,6,train
13940,4526,76,Tunicata,/home/tahiti/MARINE_DATASETS/FathomNet_FGVC2025/data/rois/4526_13940.png,/home/tahiti/MARINE_DATASETS/FathomNet_FGVC2025/data/images/4526.png,341cdc8759e9e8b52d868dfb6251ce300b0dda0546de6c860fd43fa27634504f,0d240ff55fffe14b3fd045be8a5e89f6f7a3f81c8dc3c2166c0f1d66dc6657e7,4526,6,train
14052,4561,19,Crinoidea,/home/tahiti/MARINE_DATASETS/FathomNet_FGVC2025/data/rois/4561_14052.png,/home/tahiti/MARINE_DATASETS/FathomNet_FGVC2025/data/images/4561.png,e98563063027a1a8dfeb2e95bffe48f596118c8154b69d2667e513d6bf64355f,cc282de2dd3cf45009e765a9b8d09ffbe1a395663d1764deade62f47ef21bc32,4561,1,train
14065,4564,50,Paelopatides confundens,/home/tahiti/MARINE_DATASETS/FathomNet_FGVC2025/data/rois/4564_14065.png,/home/tahiti/MARINE_DATASETS/FathomNet_FGVC2025/data/images/4564.png,3f4e88286b83fdf01053208261d55197c7ae2954ebae5bff1ef5a4ea6e8e4477,4703e159fba3d2e83b2cd0e5578f2e5fee1977e0d3da867787b641865a6f4e63,4564,2,train
14103,4580,14,Caridea,/home/tahiti/MARINE_DATASETS/FathomNet_FGVC2025/data/rois/4580_14103.png,/home/tahiti/MARINE_DATASETS/FathomNet_FGVC2025/data/images/4580.png,ddd3c4265d2522892c5d995f400088927e465068ca18ddc0ee2fc2054a15019a,88ad722eaaaf139b03404a8d5dc98a24c21abbc19d7900603adf1cc5a5f4ccbf,4580,6,train
14203,4608,31,Hippasteria,/home/tahiti/MARINE_DATASETS/FathomNet_FGVC2025/data/rois/4608_14203.png,/home/tahiti/MARINE_DATASETS/FathomNet_FGVC2025/data/images/4608.png,8f09750c1a9db86bad4e2a423d472280343b7ad22e4342b3d28678e38cc67d31,85bea9e5ef74175990df9138e3c1b150b9ad1ff48e6e8e136bcb2879d526a1a6,4608,4,train
14215,4618,43,Microstomus pacificus,/home/tahiti/MARINE_DATASETS/FathomNet_FGVC2025/data/rois/4618_14215.png,/home/tahiti/MARINE_DATASETS/FathomNet_FGVC2025/data/images/4618.png,a6a47178135310ee724b958e38e7a2c3be46460bcb48f26a4c75a68500a233cd,67ef0a1d123aa739b42b14abc89e299c7c588046af0a02e5bc63b9ff6026debd,4618,0,train
14299,4660,23,Florometra serratissima,/home/tahiti/MARINE_DATASETS/FathomNet_FGVC2025/data/rois/4660_14299.png,/home/tahiti/MARINE_DATASETS/FathomNet_FGVC2025/data/images/4660.png,d6a3b6cbeb5310d1bc31bc0c8cdda2c966af8659cc54a28e1f09f89c96bddc5b,430d64a0408c60c3ea5ceb36c7ded66cd448f7e0bb74cde5fd4a81612702f468,4660,1,train
14328,4667,6,Actinopterygii,/home/tahiti/MARINE_DATASETS/FathomNet_FGVC2025/data/rois/4667_14328.png,/home/tahiti/MARINE_DATASETS/FathomNet_FGVC2025/data/images/4667.png,29e3e956e2fd563d7aebd1d174774c3dec6475b5c7d169bf3a2d5458a87ad4f5,edee0558f56e0640928f4e91eb7a7b8dbaf5d629fec8374b93989356164cbbf6,4667,6,train
14363,4677,56,Paralomis multispina,/home/tahiti/MARINE_DATASETS/FathomNet_FGVC2025/data/rois/4677_14363.png,/home/tahiti/MARINE_DATASETS/FathomNet_FGVC2025/data/images/4677.png,c682a06f383417b364a272b415cdeb73e9f78af131da9aa865b7caa1042e2418,edfb6efeebec4c33326488f4088b52c73486ac18e2a7a7af520ff8e64251c82b,4677,1,train
14415,4698,36,Isosicyonis,/home/tahiti/MARINE_DATASETS/FathomNet_FGVC2025/data/rois/4698_14415.png,/home/tahiti/MARINE_DATASETS/FathomNet_FGVC2025/data/images/4698.png,8beb3481ecc4c2a1c06f2b14de98c650114c44beaafb6ae19b04faf5b43b8448,bf693e1145ca458bd58f2aeefb1e678451aee208a69df2dda7aeffada3b16ea2,4698,1,train
14619,4787,56,Paralomis multispina,/home/tahiti/MARINE_DATASETS/FathomNet_FGVC2025/data/rois/4787_14619.png,/home/tahiti/MARINE_DATASETS/FathomNet_FGVC2025/data/images/4787.png,f7489429ed8a28be8dc9b78b32d4fa3c348f2176bae2b5e6999c6f0b5df45e5b,6da63df11e99e1cc969886f557a7d5f327813cfbcce3abc4e4e654bc27c9e98c,4787,0,train
14700,4812,1,Abyssocucumis abyssorum,/home/tahiti/MARINE_DATASETS/FathomNet_FGVC2025/data/rois/4812_14700.png,/home/tahiti/MARINE_DATASETS/FathomNet_FGVC2025/data/images/4812.png,5bc62a9b0f5bdb3d74374d9ae18f590e770b51f6486373810fa9fa6502b39e7f,9f8c47082212f48f8978a79f302d401b58eff9a7a45b2ab653e674bb7084f3d4,4812,6,train
14721,4824,32,Holothuroidea,/home/tahiti/MARINE_DATASETS/FathomNet_FGVC2025/data/rois/4824_14721.png,/home/tahiti/MARINE_DATASETS/FathomNet_FGVC2025/data/images/4824.png,df30a9650e9dd6f27c4751d16f7f7e88b75bff10ace0b82976f1495d1ede8c95,0c618781abb08dd100ecdd53237a955452b7b61dc5f2a6b0aeb22be962460bb4,4824,0,train
14818,4875,22,Farrea,/home/tahiti/MARINE_DATASETS/FathomNet_FGVC2025/data/rois/4875_14818.png,/home/tahiti/MARINE_DATASETS/FathomNet_FGVC2025/data/images/4875.png,9e527598d790ae7fe5770b9b49bf71906573d1248da1b96fe7e9db2036eab01c,46f6487cbd2a0d0b200fcdda3e3b963ee755de97da6b4c577127fd3b1770ddff,4875,1,train
14827,4878,2,Acanthascinae,/home/tahiti/MARINE_DATASETS/FathomNet_FGVC2025/data/rois/4878_14827.png,/home/tahiti/MARINE_DATASETS/FathomNet_FGVC2025/data/images/4878.png,a7ce7a1817a2185d636992524c4ae28eb0f1a50a725929dc3b04d2826197e973,8c466432ddecca5c32b5087d7b8d8778992d4b9777f2a89d4684d6146fd36c96,4878,6,train
14846,4889,42,Metridium farcimen,/home/tahiti/MARINE_DATASETS/FathomNet_FGVC2025/data/rois/4889_14846.png,/home/tahiti/MARINE_DATASETS/FathomNet_FGVC2025/data/images/4889.png,5767bfb8450f3360c3004e49527578ee52477fd0d5e4b815e15bd92a8dd4c9c1,a0e0cb92c1f5fd9650a1aa27c287fa2dda497da2a249685577241a32df2690cb,4889,4,train
14870,4903,69,Sebastes,/home/tahiti/MARINE_DATASETS/FathomNet_FGVC2025/data/rois/4903_14870.png,/home/tahiti/MARINE_DATASETS/FathomNet_FGVC2025/data/images/4903.png,602a03afee10a9065fb4c46bdf790e20dc0e0fdb890e70586fb17c588ea19691,6f040aa14c3bb3c58f5cc63317669bb39f6ba7f8dea2d77de121da3c96ff3b35,4903,2,train
14887,4915,9,Asbestopluma,/home/tahiti/MARINE_DATASETS/FathomNet_FGVC2025/data/rois/4915_14887.png,/home/tahiti/MARINE_DATASETS/FathomNet_FGVC2025/data/images/4915.png,2e9cb912d41a9f087f02b0f72bb944deb63be5303d90a5dac94effec8b8c03bd,4175efec397bd9b57988034de3483105747c0ab88718fd49b91b2b5074e2cc62,4915,6,train
14908,4921,76,Tunicata,/home/tahiti/MARINE_DATASETS/FathomNet_FGVC2025/data/rois/4921_14908.png,/home/tahiti/MARINE_DATASETS/FathomNet_FGVC2025/data/images/4921.png,e20001bb3ca33d713f6eaaefc86c77e27ff2b92c2df3b8698237d1ce178f3aa7,da5237665d5c8777fa39bd97ded7579c94f4c49cb3faf919ded3a92576c2f3d0,4921,6,train
14936,4935,70,Sebastes diploproa,/home/tahiti/MARINE_DATASETS/FathomNet_FGVC2025/data/rois/4935_14936.png,/home/tahiti/MARINE_DATASETS/FathomNet_FGVC2025/data/images/4935.png,f1859acec9c958a8f46bc2b9adaa8f837b8b136fbdbf774d47e6fb3925bba8c6,5629bf02702c240f9621d42f4fc5a893ae695c686e577b5e18d611f19dcf85db,4935,2,train
15022,4969,57,Parastenella,/home/tahiti/MARINE_DATASETS/FathomNet_FGVC2025/data/rois/4969_15022.png,/home/tahiti/MARINE_DATASETS/FathomNet_FGVC2025/data/images/4969.png,1e15723c284b7bcfdcbdf40c27adfde2e8a9b235809c7aaabef7721f99a9d17a,3763f493799269a57b5e86511540bbdf8884bc599fdd65f36f029b92c4cec9cb,4969,1,train
15078,4987,77,Umbellula,/home/tahiti/MARINE_DATASETS/FathomNet_FGVC2025/data/rois/4987_15078.png,/home/tahiti/MARINE_DATASETS/FathomNet_FGVC2025/data/images/4987.png,1f4ac90c882d4a10c18d9d3faae924c8271078725981e08ae292a445c5075680,ad482540bfaf63b66993d9480eb6177d603226ce019ad4d9223987709dade820,4987,6,train
15080,4988,76,Tunicata,/home/tahiti/MARINE_DATASETS/FathomNet_FGVC2025/data/rois/4988_15080.png,/home/tahiti/MARINE_DATASETS/FathomNet_FGVC2025/data/images/4988.png,de6bfa122850f2578eeef507c237577e4d6ccdf7b3fc606f516b0c8ddd65703d,823d6925a616f075c98f5cb74b808189349bb9258f3123a3ac7516c80f48ab6a,4988,4,train
15107,4995,69,Sebastes,/home/tahiti/MARINE_DATASETS/FathomNet_FGVC2025/data/rois/4995_15107.png,/home/tahiti/MARINE_DATASETS/FathomNet_FGVC2025/data/images/4995.png,d57f3cae65285ba0c72156959b27d8461429ec6658d10699023623177fca4667,2c1f5642a19b7acc4e6ff1c8977c7cb83b59923a38bbaf2ffaa06b036ee7ed4b,4995,4,train
15355,5088,52,Pandalus platyceros,/home/tahiti/MARINE_DATASETS/FathomNet_FGVC2025/data/rois/5088_15355.png,/home/tahiti/MARINE_DATASETS/FathomNet_FGVC2025/data/images/5088.png,e5de41894081423c98ba10a2a35bea47e857ce009f0d373fb8e98838e5dfe73c,12f9aaace752d36f092e0ae9ed20ec24d781aaf64e789221e8e242f9f4e1d1f4,5088,2,train
15372,5088,52,Pandalus platyceros,/home/tahiti/MARINE_DATASETS/FathomNet_FGVC2025/data/rois/5088_15372.png,/home/tahiti/MARINE_DATASETS/FathomNet_FGVC2025/data/images/5088.png,76a38206222b4a867992042e741e1273f34204f215f57ccaa3d8c72c60df817a,12f9aaace752d36f092e0ae9ed20ec24d781aaf64e789221e8e242f9f4e1d1f4,5088,2,train
15457,5121,6,Actinopterygii,/home/tahiti/MARINE_DATASETS/FathomNet_FGVC2025/data/rois/5121_15457.png,/home/tahiti/MARINE_DATASETS/FathomNet_FGVC2025/data/images/5121.png,a91d2ce23d57c37a7d3c4c0aa76e17a76d08d6a32615d85af495eeb2a3e1b3e9,937efcb47604c18cc237ddaa0599a8a99ca79348d8cf672277f19de8f4cca293,5121,1,train
15697,5218,66,Scleractinia,/home/tahiti/MARINE_DATASETS/FathomNet_FGVC2025/data/rois/5218_15697.png,/home/tahiti/MARINE_DATASETS/FathomNet_FGVC2025/data/images/5218.png,7b302d1212d1f2db72f034711ec1a5d724fb10c6ad683a33eeacce993a3ee65e,47724b1c5785f8dda58145edbf41829cc4e06ab673579066ee13afcd628d7d5d,5218,1,train
15772,5247,61,Psathyrometra fragilis,/home/tahiti/MARINE_DATASETS/FathomNet_FGVC2025/data/rois/5247_15772.png,/home/tahiti/MARINE_DATASETS/FathomNet_FGVC2025/data/images/5247.png,41b950ddc2f6717a6a3783a0bcb9fa2368b59cb43732a237db1a917090dfc7f1,9d13f1e4f7be4a94442554abe4d30c5c9f8fa4ebf1284ff4a6bbd9cc3787f358,5247,1,train
15775,5248,69,Sebastes,/home/tahiti/MARINE_DATASETS/FathomNet_FGVC2025/data/rois/5248_15775.png,/home/tahiti/MARINE_DATASETS/FathomNet_FGVC2025/data/images/5248.png,aa5e297c64836fe1e4914a06fa54e75830c6014d49d413cfa31420861f247957,397b5c059a2190dd83b6333404a952870ac049733ca2fe4d6a79a70b1059585d,5248,0,train
15803,5263,52,Pandalus platyceros,/home/tahiti/MARINE_DATASETS/FathomNet_FGVC2025/data/rois/5263_15803.png,/home/tahiti/MARINE_DATASETS/FathomNet_FGVC2025/data/images/5263.png,5d905ed5ac386192e56dcf68fa4ee5da7eb93eda92c7712ea22a1577ed6e8374,838c40346299332340c4e19ecdd731e9959b01a39c9bce8d4ee03bb1036a7450,5263,6,train
15814,5269,14,Caridea,/home/tahiti/MARINE_DATASETS/FathomNet_FGVC2025/data/rois/5269_15814.png,/home/tahiti/MARINE_DATASETS/FathomNet_FGVC2025/data/images/5269.png,fd8afab9e09472e29b95a6e904a92567d9090fec1cfc40b508adaa8f5fd2001e,239b39ca5f59f35f3cc4b8b101963a6aa747f125a174121c3d3910a0067c23d9,5269,6,train
15964,5335,12,Benthocodon pedunculata,/home/tahiti/MARINE_DATASETS/FathomNet_FGVC2025/data/rois/5335_15964.png,/home/tahiti/MARINE_DATASETS/FathomNet_FGVC2025/data/images/5335.png,54a1464bf42037b399b79beb2f4050b5a8d437942209dad038f13bea4dd4b3c8,4d36bb1d18348236b2147eb21b922f2136af9dc36d1d9aa9360851aba54c50fc,5335,6,train
15979,5344,51,Pandalus amplus,/home/tahiti/MARINE_DATASETS/FathomNet_FGVC2025/data/rois/5344_15979.png,/home/tahiti/MARINE_DATASETS/FathomNet_FGVC2025/data/images/5344.png,53ff16cfb83a59912234e5b9973fa16ae74515da0ce5e62a56e72fef5d2321f4,a9f17071f2bfbd3a0e0a46000bcae6d1a580ade79d02ef03e77fe96eefccff64,5344,4,train
16095,5381,52,Pandalus platyceros,/home/tahiti/MARINE_DATASETS/FathomNet_FGVC2025/data/rois/5381_16095.png,/home/tahiti/MARINE_DATASETS/FathomNet_FGVC2025/data/images/5381.png,9c63675cc77a6421e883ec4e694717b03e776cf619a4a973cf14ef0ff1dc16b5,02dcc1ac2eb380a8c42f9ae111bee6aa6307ec76e357d2515ef72dad923e58fc,5381,0,train
16129,5397,13,Brisingida,/home/tahiti/MARINE_DATASETS/FathomNet_FGVC2025/data/rois/5397_16129.png,/home/tahiti/MARINE_DATASETS/FathomNet_FGVC2025/data/images/5397.png,c9926f44784d1e58d9ab393163098dc5e0524bfb19ef01705090410482b48951,244d2d5436b9016e651efe3feb33055cd312590d21dedd676b0f37696c210c94,5397,1,train
16171,5415,63,Ptychogastria polaris,/home/tahiti/MARINE_DATASETS/FathomNet_FGVC2025/data/rois/5415_16171.png,/home/tahiti/MARINE_DATASETS/FathomNet_FGVC2025/data/images/5415.png,78f8327ca16b90e61e2151611a8039f631e9316f784b400b3cbfabc85f3933f0,23a7ce178592706a3d7aa7c27fa5e28d21a5998bccce4d818e32ea68053b1dd5,5415,4,train
16194,5415,63,Ptychogastria polaris,/home/tahiti/MARINE_DATASETS/FathomNet_FGVC2025/data/rois/5415_16194.png,/home/tahiti/MARINE_DATASETS/FathomNet_FGVC2025/data/images/5415.png,5ade309af305118f2ecec70b6f83a93f9a79fc3fcda929b50094bef5fd7b8b33,23a7ce178592706a3d7aa7c27fa5e28d21a5998bccce4d818e32ea68053b1dd5,5415,4,train
16199,5415,63,Ptychogastria polaris,/home/tahiti/MARINE_DATASETS/FathomNet_FGVC2025/data/rois/5415_16199.png,/home/tahiti/MARINE_DATASETS/FathomNet_FGVC2025/data/images/5415.png,57e6881e3710a8e4b29f73958add6e2eef0cbdc7e58448f7ca3cf7a96167f514,23a7ce178592706a3d7aa7c27fa5e28d21a5998bccce4d818e32ea68053b1dd5,5415,4,train
16220,5430,10,Asbestopluma monticola,/home/tahiti/MARINE_DATASETS/FathomNet_FGVC2025/data/rois/5430_16220.png,/home/tahiti/MARINE_DATASETS/FathomNet_FGVC2025/data/images/5430.png,e60279e73044a461020ac66ef229256ae9557870018e278257cefbfe9dbb331a,dce0ec4aa5a41d19fde5cee151a713b8bd3708d1edf8993c82b55fa15b23e4b7,5430,1,train
16331,5472,77,Umbellula,/home/tahiti/MARINE_DATASETS/FathomNet_FGVC2025/data/rois/5472_16331.png,/home/tahiti/MARINE_DATASETS/FathomNet_FGVC2025/data/images/5472.png,90d119bb15ce9223e25533aea03f313b8e58939d7433ba5f4e723a164e41b5c1,95dffe7982dd07e5bd8706a20a2a4ed952fbcfc70622c10b9703974194eb6d9a,5472,0,train
16382,5495,34,Isidella tentaculum,/home/tahiti/MARINE_DATASETS/FathomNet_FGVC2025/data/rois/5495_16382.png,/home/tahiti/MARINE_DATASETS/FathomNet_FGVC2025/data/images/5495.png,6fc7189114922c3c51b1c280ccf8af1092142cb26319ed8f5df9cf30b8083809,ad7a4ded933a554edf0bab66ace5fc86dbf16cf991f0b044859c6a4859a43414,5495,6,train
16405,5504,43,Microstomus pacificus,/home/tahiti/MARINE_DATASETS/FathomNet_FGVC2025/data/rois/5504_16405.png,/home/tahiti/MARINE_DATASETS/FathomNet_FGVC2025/data/images/5504.png,92510e0ab84d73c2295d03d9a9ff6a230c77d57b592e3afab9b2dd2b5d67ff02,97370a3c8939d5734cbc154956ae2547078c80c4984f764514404ce1191e007e,5504,0,train
16613,5593,63,Ptychogastria polaris,/home/tahiti/MARINE_DATASETS/FathomNet_FGVC2025/data/rois/5593_16613.png,/home/tahiti/MARINE_DATASETS/FathomNet_FGVC2025/data/images/5593.png,b569245d04f773e96374075ab0076a503e04cea10c1c2acf1dae4b6b7dff7e70,f5cdacda0c9be2532ab2936ff8a2a8f264ded23eea554f5183eafb38ced7bf18,5593,1,train
17067,5781,33,Hormathiidae,/home/tahiti/MARINE_DATASETS/FathomNet_FGVC2025/data/rois/5781_17067.png,/home/tahiti/MARINE_DATASETS/FathomNet_FGVC2025/data/images/5781.png,8d94034975e95828e2a700f9c065c2a15a2a14e9524bdfda6b3a7350ac27c422,1239c41661768ab1131c5d72d62cf00ac311fb15718316dfd43ab34431234530,5781,2,train
17133,5811,38,Liponema brevicorne,/home/tahiti/MARINE_DATASETS/FathomNet_FGVC2025/data/rois/5811_17133.png,/home/tahiti/MARINE_DATASETS/FathomNet_FGVC2025/data/images/5811.png,8dad7d170f459f54d373791b3bfbfa7c7da64b97c3489abd1c491a0cdd3f1491,494aa6c6758b14e4f1f04a778af3f8cfc1632c89ba6a8980575cc76efc9dd11c,5811,2,train
17145,5821,12,Benthocodon pedunculata,/home/tahiti/MARINE_DATASETS/FathomNet_FGVC2025/data/rois/5821_17145.png,/home/tahiti/MARINE_DATASETS/FathomNet_FGVC2025/data/images/5821.png,b367e0b37eaf9a07c6da6e956720898793ed64302d56fd10a0b0f5a202d910e8,26a179df9049f00e4dbed76e9d5c058574ca19d798f30e35d6ee197e978ede4e,5821,4,train
17189,5835,64,Pyrosoma atlanticum,/home/tahiti/MARINE_DATASETS/FathomNet_FGVC2025/data/rois/5835_17189.png,/home/tahiti/MARINE_DATASETS/FathomNet_FGVC2025/data/images/5835.png,592729ecb7589086bb8d85698e9b4520578486e4b4a65b947792b4364d9b029d,5bb69b532b7b81d41700523f2342da49de166eba36d1cfad8eeb90b27d8b5f70,5835,1,train
17263,5875,57,Parastenella,/home/tahiti/MARINE_DATASETS/FathomNet_FGVC2025/data/rois/5875_17263.png,/home/tahiti/MARINE_DATASETS/FathomNet_FGVC2025/data/images/5875.png,478ace593f678157031b17205c0939ed27c1b18021777387d2e4ed7ab5d1508b,c2f619afa4fb8cfdfdac150f87e6b67a2d5060748ca55bdab66f0098cb3f5cd3,5875,4,train
17348,5890,78,Vesicomyidae,/home/tahiti/MARINE_DATASETS/FathomNet_FGVC2025/data/rois/5890_17348.png,/home/tahiti/MARINE_DATASETS/FathomNet_FGVC2025/data/images/5890.png,600631fb6c4d8ae608729a0b61aab9d87777d9f552b65b26e1a42128ca51b210,2ad077b0e52d63c97077caf669fa62d0e8ba41e6afea4c4b88d3d1ef49dbd6c1,5890,2,train
17378,5905,51,Pandalus amplus,/home/tahiti/MARINE_DATASETS/FathomNet_FGVC2025/data/rois/5905_17378.png,/home/tahiti/MARINE_DATASETS/FathomNet_FGVC2025/data/images/5905.png,3ef50cedb66f02593f7932dd949307d73b5850f9968f437d66f60c6b2699d9e6,6d40c6cccab7f1c92a5b5af7e322c1ef48779adb881ac7c1f82913b649b55f9d,5905,6,train
17408,5922,51,Pandalus amplus,/home/tahiti/MARINE_DATASETS/FathomNet_FGVC2025/data/rois/5922_17408.png,/home/tahiti/MARINE_DATASETS/FathomNet_FGVC2025/data/images/5922.png,e8ef0349b5f842250c0b1fbfe516fa7277ffe0c878e0a894be60d68c2b06c251,4d2d70ffe0cdc252f48acac7d6179650ce6f7b43de16441ec9b50bbaf2e41573,5922,2,train
17532,5993,33,Hormathiidae,/home/tahiti/MARINE_DATASETS/FathomNet_FGVC2025/data/rois/5993_17532.png,/home/tahiti/MARINE_DATASETS/FathomNet_FGVC2025/data/images/5993.png,09a3be66b9462ba1a2e4c891d698e0476411c121499464cbfa01f3969165ab34,9385027b579054dd7a2e86c6378581e06726e08fe43bc689d93a121dbdbc3498,5993,4,train
17551,6005,2,Acanthascinae,/home/tahiti/MARINE_DATASETS/FathomNet_FGVC2025/data/rois/6005_17551.png,/home/tahiti/MARINE_DATASETS/FathomNet_FGVC2025/data/images/6005.png,98b8d89d8f76ff341c244f6d7a7edb4fdee5ee8a2d2af3c99060b5c9f3b7d01d,a4f6d7e373eb99abb5938657233b723c833acb105e0245a7d195539d5bd5345d,6005,2,train
17600,6030,46,Mycale,/home/tahiti/MARINE_DATASETS/FathomNet_FGVC2025/data/rois/6030_17600.png,/home/tahiti/MARINE_DATASETS/FathomNet_FGVC2025/data/images/6030.png,70ceefaf38f0f183bd2d75fa0da34883cd359b09f89531cf2e04e724c2c2a9ca,d21b914f773ff791a78f618db0b0ea1028f8537df2309843cf98e331038f6f89,6030,6,train
17636,6053,52,Pandalus platyceros,/home/tahiti/MARINE_DATASETS/FathomNet_FGVC2025/data/rois/6053_17636.png,/home/tahiti/MARINE_DATASETS/FathomNet_FGVC2025/data/images/6053.png,3858eeca62daf9d983c2fc93e9bbfc6d4d014aee58d5105d4f9f8e1271b15e3b,4e8e7600d7d8b1086907ac8f467422790791891230c2516f4951347dc968cef9,6053,6,train
17648,6057,4,Actinernus,/home/tahiti/MARINE_DATASETS/FathomNet_FGVC2025/data/rois/6057_17648.png,/home/tahiti/MARINE_DATASETS/FathomNet_FGVC2025/data/images/6057.png,b61c5f59adb928a28dc61a4ea8817d46d461c93c00d5f94df81adba751e735cf,320108168070f12198102ddac488b98a75d9458db84ae7ed9267fbcb68efc5fa,6057,2,train
17761,6106,9,Asbestopluma,/home/tahiti/MARINE_DATASETS/FathomNet_FGVC2025/data/rois/6106_17761.png,/home/tahiti/MARINE_DATASETS/FathomNet_FGVC2025/data/images/6106.png,b862851b1754abb19a3c08298a534c7a464802253439f5fc50014f4012ad56ee,f05f1936b68cd4128a65ba6dcbd05881416909f7cc0a5153119e2aa281371ae4,6106,4,train
17799,6114,23,Florometra serratissima,/home/tahiti/MARINE_DATASETS/FathomNet_FGVC2025/data/rois/6114_17799.png,/home/tahiti/MARINE_DATASETS/FathomNet_FGVC2025/data/images/6114.png,50d9f05681fe183aa5fbd777c0ceff5f776f3d1577f217abbbda70039c3356cf,c62f5866295f272d4214a57181ee247b2945cddaa7ac150155e9d3dff7a311f5,6114,2,train
17924,6159,26,Gersemia juliepackardae,/home/tahiti/MARINE_DATASETS/FathomNet_FGVC2025/data/rois/6159_17924.png,/home/tahiti/MARINE_DATASETS/FathomNet_FGVC2025/data/images/6159.png,e7719f32a359ea015d14de3aca1d7db52b9cd10c35e88b5ff0b9b4a578f0e3dc,4480c8a9b963789099d277a1578e9edd60e0b2abbc5de2c7adc308e3c02ab951,6159,0,train
17968,6180,50,Paelopatides confundens,/home/tahiti/MARINE_DATASETS/FathomNet_FGVC2025/data/rois/6180_17968.png,/home/tahiti/MARINE_DATASETS/FathomNet_FGVC2025/data/images/6180.png,132839396b0e278a3230283fe535a917dd1ef677e6126e7ff16e48d7ff5e505a,a86997dab9b63428748f31671fe068c4ea0dacc09271e864a8e2f2744f3653d7,6180,4,train
18106,6230,40,Mediaster aequalis,/home/tahiti/MARINE_DATASETS/FathomNet_FGVC2025/data/rois/6230_18106.png,/home/tahiti/MARINE_DATASETS/FathomNet_FGVC2025/data/images/6230.png,a7cfd8389f43691d958e37ea425706a54fc7b679f8465078a195cc622c0d2856,3ab57acc94afcfb591b92d85291accb7208bcb13b61cebdf9dc597070e0d2103,6230,1,train
18190,6265,32,Holothuroidea,/home/tahiti/MARINE_DATASETS/FathomNet_FGVC2025/data/rois/6265_18190.png,/home/tahiti/MARINE_DATASETS/FathomNet_FGVC2025/data/images/6265.png,9b318574ad5f5ede16f4dd6016c61bf5c8a9451f7e527898f67be9e5a0ddc393,a430c239ff5f1fee22e95d19ea344d33dd2026e1726cc8f7562a6e66daa4b2b7,6265,2,train
18204,6276,51,Pandalus amplus,/home/tahiti/MARINE_DATASETS/FathomNet_FGVC2025/data/rois/6276_18204.png,/home/tahiti/MARINE_DATASETS/FathomNet_FGVC2025/data/images/6276.png,11e4c333e6b373f6a1a6fe159f331af70d5296e30e43781df37ff7a0deaac2d3,43293e7a1d42ff49ce82f9da3dfaaa5a5f2207a02e3cc40335fbf10ac88f42c9,6276,0,train
18251,6301,75,Terebellidae,/home/tahiti/MARINE_DATASETS/FathomNet_FGVC2025/data/rois/6301_18251.png,/home/tahiti/MARINE_DATASETS/FathomNet_FGVC2025/data/images/6301.png,dfc7c4c258b22331269b4c341716cb90c920fd155b42dceb85c9c1fbf814d41d,e3657befd25090110abf8b065213ad3df40450d103a29db8daf625ac471a38a7,6301,0,train
18305,6315,69,Sebastes,/home/tahiti/MARINE_DATASETS/FathomNet_FGVC2025/data/rois/6315_18305.png,/home/tahiti/MARINE_DATASETS/FathomNet_FGVC2025/data/images/6315.png,c0ffe0e8ce67722d94ee065d47f9e3190b04d6aa57dd397c8b8535dacc6572d6,c5d4a5beb24774f68e009ac3439de44b141d33a128106d5b6db0d4455c528922,6315,4,train
18323,6326,13,Brisingida,/home/tahiti/MARINE_DATASETS/FathomNet_FGVC2025/data/rois/6326_18323.png,/home/tahiti/MARINE_DATASETS/FathomNet_FGVC2025/data/images/6326.png,a296a6eb9ae6d3d8094c17e3f8a34db599df1b7401fc7f462455b78aab808fc2,1542b73d8356775c8891ca1f6adcb4aa004621d28ec1f5637e9a81c56cdf87bd,6326,1,train
18353,6343,4,Actinernus,/home/tahiti/MARINE_DATASETS/FathomNet_FGVC2025/data/rois/6343_18353.png,/home/tahiti/MARINE_DATASETS/FathomNet_FGVC2025/data/images/6343.png,0e4c37228871e0017e98620aa34f23e8f8242923fe7b3fa5c66059258b77b91b,b3e29840282eef9a1669ab6cc134c02986f05567564d4e2f628c172ba68480f9,6343,2,train
18366,6353,1,Abyssocucumis abyssorum,/home/tahiti/MARINE_DATASETS/FathomNet_FGVC2025/data/rois/6353_18366.png,/home/tahiti/MARINE_DATASETS/FathomNet_FGVC2025/data/images/6353.png,8e118a8cd3e6621fdd9b4889b608c4bdb7d2a81388d8735f4a4e2896a6f37001,5037d7a6428d70056bd4239f25b58cc0419a2138db31ad66651bba0b56d12c9d,6353,0,train
18411,6375,38,Liponema brevicorne,/home/tahiti/MARINE_DATASETS/FathomNet_FGVC2025/data/rois/6375_18411.png,/home/tahiti/MARINE_DATASETS/FathomNet_FGVC2025/data/images/6375.png,a228b64be62f311451bbf8848dafcbd061d8b891b90fad723953b29dca91bd18,7deb151d159b680b53f1b61831116611d575224d84375d56e5acadca0c71eadd,6375,4,train
18432,6389,1,Abyssocucumis abyssorum,/home/tahiti/MARINE_DATASETS/FathomNet_FGVC2025/data/rois/6389_18432.png,/home/tahiti/MARINE_DATASETS/FathomNet_FGVC2025/data/images/6389.png,9933c7cd65fcc3f5008f83c420c45ab95bba90aeecb54d6a61accb908424af72,2576f14a118242ae64b4dc30ec3b7edeb22426e9493cde2352799a3613fc45c7,6389,1,train
18495,6412,57,Parastenella,/home/tahiti/MARINE_DATASETS/FathomNet_FGVC2025/data/rois/6412_18495.png,/home/tahiti/MARINE_DATASETS/FathomNet_FGVC2025/data/images/6412.png,d3e2a72de20be7c467ecffcb15c1c66ee34dfde87770599a97f3cb5743d83751,ad95ef787afe91de160c627a3fe82697a100d5b7caf7d91eb637b876aacdbf1c,6412,1,train
18522,6427,39,Lithodidae,/home/tahiti/MARINE_DATASETS/FathomNet_FGVC2025/data/rois/6427_18522.png,/home/tahiti/MARINE_DATASETS/FathomNet_FGVC2025/data/images/6427.png,34f7f805bbbde7bd0f0e896c285570f4eba0f775c56e8f26ed5a19498c1b4eab,51bebfc8cb42adf95ac0d1d9c9530f87f1026d34cd573896f22371a961b98f75,6427,4,train
18555,6445,7,Amphipoda,/home/tahiti/MARINE_DATASETS/FathomNet_FGVC2025/data/rois/6445_18555.png,/home/tahiti/MARINE_DATASETS/FathomNet_FGVC2025/data/images/6445.png,46f4be38c0fec29b028485a75fe1473e9729c4b42cd8d52b10428da0843462f9,70a45682bd0758a0a60618a0ae0c0e9056f83ab169a4225d6be881d6f3eba667,6445,6,train
18589,6458,34,Isidella tentaculum,/home/tahiti/MARINE_DATASETS/FathomNet_FGVC2025/data/rois/6458_18589.png,/home/tahiti/MARINE_DATASETS/FathomNet_FGVC2025/data/images/6458.png,b8554dc95df8711aa64d75a0dab85c1f2b9772cf90af1fc2e24cc21c1df4fc67,8ed18c630b70db1219e1e6d0d53f6db1bfe90fde97c74d3a1f2b16c7e9828ef8,6458,6,train
18608,6470,31,Hippasteria,/home/tahiti/MARINE_DATASETS/FathomNet_FGVC2025/data/rois/6470_18608.png,/home/tahiti/MARINE_DATASETS/FathomNet_FGVC2025/data/images/6470.png,52a5271d32d656010c8f0f4adfc8d84bc40a61e87552d1ddc1f154cf72337c12,a268d03063823536265e3880b3ff95b6b0af165b38a9e72c7a69642cdbc71160,6470,1,train
18735,6536,6,Actinopterygii,/home/tahiti/MARINE_DATASETS/FathomNet_FGVC2025/data/rois/6536_18735.png,/home/tahiti/MARINE_DATASETS/FathomNet_FGVC2025/data/images/6536.png,96c5f39344905f131bfe1b03a50ecb080e853acd5565e056d6f862e99f889cc5,cfef1da50fd93a72070c6f86a86971c0f9235e06f69ddc2d4e502f56b8a9f03e,6536,4,train
18746,6544,4,Actinernus,/home/tahiti/MARINE_DATASETS/FathomNet_FGVC2025/data/rois/6544_18746.png,/home/tahiti/MARINE_DATASETS/FathomNet_FGVC2025/data/images/6544.png,14964c3ee2776a00519e3da347d1bd05ccacc4a8952b7a1caae375cb8e1ae2cd,038db7f006e2da14a6c929a2445c3327a9899b8dfc40f59d261ee37a99fad0cb,6544,0,train
18751,6545,4,Actinernus,/home/tahiti/MARINE_DATASETS/FathomNet_FGVC2025/data/rois/6545_18751.png,/home/tahiti/MARINE_DATASETS/FathomNet_FGVC2025/data/images/6545.png,1f68b4f93d451d87366c441b8bbe870b351a6cb739ca37ef4d7c562aa21c5b1d,6333d3752830014de19a2b8006e94fd497b74dc0116c697103f2c2d6bf8d7b92,6545,4,train
18757,6549,33,Hormathiidae,/home/tahiti/MARINE_DATASETS/FathomNet_FGVC2025/data/rois/6549_18757.png,/home/tahiti/MARINE_DATASETS/FathomNet_FGVC2025/data/images/6549.png,dfce32867cd65bbdff9a4fc798ef99889085722ca845bfb4f50d2c5d5fa1e958,4c9d1c1d6a936526df122be9172c017e12dbe1ba158354c2ed24d76306fd8b38,6549,6,train
18946,6643,21,Elpidia,/home/tahiti/MARINE_DATASETS/FathomNet_FGVC2025/data/rois/6643_18946.png,/home/tahiti/MARINE_DATASETS/FathomNet_FGVC2025/data/images/6643.png,7cb66b7ed00b14b418c954fcb16d1307b25d297c58c894d5396908888a73bea4,a6f01d83ded719c3fdc9feb0d99e9c0fdc4d1d2c6b1eda75619c45dde73c6d22,6643,2,train
19012,6671,64,Pyrosoma atlanticum,/home/tahiti/MARINE_DATASETS/FathomNet_FGVC2025/data/rois/6671_19012.png,/home/tahiti/MARINE_DATASETS/FathomNet_FGVC2025/data/images/6671.png,926dfcc076d5f599483dd014df4068bd010382c43c1a0bdf5c2075a4d1c1ebf8,740c8e10ea8268f2cdbba4819cccbaaa863af7ffbc75c970d36b795d9e1ae102,6671,0,train
19113,6711,50,Paelopatides confundens,/home/tahiti/MARINE_DATASETS/FathomNet_FGVC2025/data/rois/6711_19113.png,/home/tahiti/MARINE_DATASETS/FathomNet_FGVC2025/data/images/6711.png,fb4bdf730cb24080accbbadefcbb43f3acf5b7adf778f343f8831b3f9dc148c0,968f98b9659d42eeb42461ad45972fc933c79c0cd86bba474e67cb902fb48951,6711,4,train
19210,6762,7,Amphipoda,/home/tahiti/MARINE_DATASETS/FathomNet_FGVC2025/data/rois/6762_19210.png,/home/tahiti/MARINE_DATASETS/FathomNet_FGVC2025/data/images/6762.png,21d06eb724ba8691122db637b5f60980a5dd8ab4ede16ee9e8c7282faf469f40,91cfd993fa193fcaf412fe30e933ac3dd82e70f64c92cfba5cebfcb4c986c8d0,6762,4,train
19211,6762,7,Amphipoda,/home/tahiti/MARINE_DATASETS/FathomNet_FGVC2025/data/rois/6762_19211.png,/home/tahiti/MARINE_DATASETS/FathomNet_FGVC2025/data/images/6762.png,ccbba2c68563c9791ad41e7fa9e51c38e929f15d97a5ee31085bf9e98ff0ac44,91cfd993fa193fcaf412fe30e933ac3dd82e70f64c92cfba5cebfcb4c986c8d0,6762,4,train
19220,6764,21,Elpidia,/home/tahiti/MARINE_DATASETS/FathomNet_FGVC2025/data/rois/6764_19220.png,/home/tahiti/MARINE_DATASETS/FathomNet_FGVC2025/data/images/6764.png,fa3f1dc2898e7625c0fda63e64bf148dc5343f534b4e3536fd2964fcfaf45838,498ff855460beb50671a6d5071d7a01d93f37f95984b9e72b77f157c1c8f9624,6764,1,train
19330,6836,15,Ceriantharia,/home/tahiti/MARINE_DATASETS/FathomNet_FGVC2025/data/rois/6836_19330.png,/home/tahiti/MARINE_DATASETS/FathomNet_FGVC2025/data/images/6836.png,2dd9844aacebb134bd28fdc347d3a7c8722760dc42780a6de08d40abb64a3f5a,1f3f27f3d48a60b5bd925d8e2c0bb66b966f9c258cccfaf78b9f815790757c9a,6836,0,train
19376,6854,10,Asbestopluma monticola,/home/tahiti/MARINE_DATASETS/FathomNet_FGVC2025/data/rois/6854_19376.png,/home/tahiti/MARINE_DATASETS/FathomNet_FGVC2025/data/images/6854.png,72469e2ccd450ef9bd5972be95d0830ffcbbe677818b35e413cda7f6ef438f36,f8a604f6fcd2f4a2f81a419705a2a8cea7c0b7054bbb765b1f1e72903b60faa8,6854,1,train
19415,6867,17,Chorilia longipes,/home/tahiti/MARINE_DATASETS/FathomNet_FGVC2025/data/rois/6867_19415.png,/home/tahiti/MARINE_DATASETS/FathomNet_FGVC2025/data/images/6867.png,81438d1fb4e0283b1a44f834f69fb9ac0f5d0127f8c70d2b22c44482fc837bd2,9e63a3a5559a88ad499098e056ff460ac8b32154339c19eeeee8b6a44ac7cbbc,6867,0,train
19434,6877,43,Microstomus pacificus,/home/tahiti/MARINE_DATASETS/FathomNet_FGVC2025/data/rois/6877_19434.png,/home/tahiti/MARINE_DATASETS/FathomNet_FGVC2025/data/images/6877.png,016b627fc45313ac6a377aeb28b0a05be4b4c3c5333dd6d9a2bf32ec5c50a312,a999d2f5fb60fc33d6af4e6bd90bdec09982d0425eeddc79164810fc1cbaac5e,6877,1,train
19487,6906,8,Apostichopus leukothele,/home/tahiti/MARINE_DATASETS/FathomNet_FGVC2025/data/rois/6906_19487.png,/home/tahiti/MARINE_DATASETS/FathomNet_FGVC2025/data/images/6906.png,f1f7bebe935ebf218f9d9dd8bfa21925e70d3cdfff42490fc1aad7c1339d9ed6,70105860f98e29b055edd12b580dce1041dec8095cf9fb55dd2fca753eaecd84,6906,6,train
19528,6921,61,Psathyrometra fragilis,/home/tahiti/MARINE_DATASETS/FathomNet_FGVC2025/data/rois/6921_19528.png,/home/tahiti/MARINE_DATASETS/FathomNet_FGVC2025/data/images/6921.png,2d80b7d7fa77ec7646345b1fdc4e98508a9af5e747743e16b7f3d0f6aa67fdff,9f7c6fc318eb2d3a60cb903974003fadfbc81914b1f269072f70cb4f9cdae028,6921,0,train
19586,6945,26,Gersemia juliepackardae,/home/tahiti/MARINE_DATASETS/FathomNet_FGVC2025/data/rois/6945_19586.png,/home/tahiti/MARINE_DATASETS/FathomNet_FGVC2025/data/images/6945.png,edb491f47e92966240b3675694b5a805799cb52dae0bf1bb2ae6c69409e51468,d3fde58d1828f7e68013e66a4ff61f78b4fa14e0c17db1ec55e489328dd52253,6945,0,train
19678,6999,78,Vesicomyidae,/home/tahiti/MARINE_DATASETS/FathomNet_FGVC2025/data/rois/6999_19678.png,/home/tahiti/MARINE_DATASETS/FathomNet_FGVC2025/data/images/6999.png,181ffa8304a8daf00d714e5a3758a535e4073042724a3b3378d6727a21163d14,b9fba8e10077c7df36399f306b125a6088bce7efd79bfd50ea519079781f232a,6999,1,train
19761,7038,66,Scleractinia,/home/tahiti/MARINE_DATASETS/FathomNet_FGVC2025/data/rois/7038_19761.png,/home/tahiti/MARINE_DATASETS/FathomNet_FGVC2025/data/images/7038.png,7198ea48a1ce78144a3116ffc4399bf919cc2383387f60773a133116640974a9,eaebd62fc57807bccccb6074db3236c404cbcbd05d83821216affbbf5b5cd6f1,7038,1,train
19812,7058,59,Pennatula phosphorea,/home/tahiti/MARINE_DATASETS/FathomNet_FGVC2025/data/rois/7058_19812.png,/home/tahiti/MARINE_DATASETS/FathomNet_FGVC2025/data/images/7058.png,c0b0c1fdf2af03f50e18f661e548306620eee17193b9fe95f96b161ad8f4c07e,0b6076be87dad97585f435df8c125a609d27ecd59629e2676cefa746789b633c,7058,4,train
19957,7126,10,Asbestopluma monticola,/home/tahiti/MARINE_DATASETS/FathomNet_FGVC2025/data/rois/7126_19957.png,/home/tahiti/MARINE_DATASETS/FathomNet_FGVC2025/data/images/7126.png,42d51c2375de771f19d3e9dcd12d0663de89706fad0aaff79b1359b290672f1c,90c95125b0bc8d70a101c8dc6f9607d924bcbf59698339ee001606191da76382,7126,6,train
19962,7128,59,Pennatula phosphorea,/home/tahiti/MARINE_DATASETS/FathomNet_FGVC2025/data/rois/7128_19962.png,/home/tahiti/MARINE_DATASETS/FathomNet_FGVC2025/data/images/7128.png,b4ad75ffb2ca56332916ffa548623cfd74bcd5326a86357176eee0286272e158,de58f45cd8b063051082d2e92d7be180cfe19f314150f204005fbd7b63f7233d,7128,1,train
20089,7199,15,Ceriantharia,/home/tahiti/MARINE_DATASETS/FathomNet_FGVC2025/data/rois/7199_20089.png,/home/tahiti/MARINE_DATASETS/FathomNet_FGVC2025/data/images/7199.png,69079308330901fc6346177773f8118d641e07a404682614747d1c2d941f871c,e9fb957b8c40cc42a8bc281b8c46980196ba0827367de37760e629cd52ecf6d1,7199,1,train
20181,7253,10,Asbestopluma monticola,/home/tahiti/MARINE_DATASETS/FathomNet_FGVC2025/data/rois/7253_20181.png,/home/tahiti/MARINE_DATASETS/FathomNet_FGVC2025/data/images/7253.png,f7200a20f7e24b132d64d3a973f3c77b01157796660a4b8028b9b258843043c1,0187948156767bbcd0a0eba7f9fe5b637c34f9a56f58f8f068248808bf2eb0dc,7253,2,train
20225,7262,27,Heterocarpus,/home/tahiti/MARINE_DATASETS/FathomNet_FGVC2025/data/rois/7262_20225.png,/home/tahiti/MARINE_DATASETS/FathomNet_FGVC2025/data/images/7262.png,eccd5b454b158bd1bb3b51f856cf6be90462e4b6f137fc3ef4914992ddc6f68a,dd1fb192708fc56d839697b68bd7ccdba2606c8278a1840ad4d272fa409c305a,7262,6,train
20234,7267,56,Paralomis multispina,/home/tahiti/MARINE_DATASETS/FathomNet_FGVC2025/data/rois/7267_20234.png,/home/tahiti/MARINE_DATASETS/FathomNet_FGVC2025/data/images/7267.png,2b86b268abfdbf6359af68a6a08f92450f233db7aa2c358121aceaead9f56b3c,e5f82d3a053d59962a2bbb3aa9be23c6095b8892d06f0f514bf520f80003da4b,7267,6,train
20316,7299,66,Scleractinia,/home/tahiti/MARINE_DATASETS/FathomNet_FGVC2025/data/rois/7299_20316.png,/home/tahiti/MARINE_DATASETS/FathomNet_FGVC2025/data/images/7299.png,2c2f59e4812a5d73ab2338fb7cc76aecea00ca718a867294af81734df5e53a1a,bbf83a7ad420882a3bbfd7e2a57026da1c6e8428a0f06359451d107a4818850b,7299,2,train
20382,7326,9,Asbestopluma,/home/tahiti/MARINE_DATASETS/FathomNet_FGVC2025/data/rois/7326_20382.png,/home/tahiti/MARINE_DATASETS/FathomNet_FGVC2025/data/images/7326.png,7b4c2573ca9648c8384f04aaf205db9034a673ee6ef6a8449dcc0a266a650526,16411bee3f20ee1019ed17f1b700e8f28376c9b425c1f9399dd5e3dfe70d7324,7326,0,train
20422,7345,21,Elpidia,/home/tahiti/MARINE_DATASETS/FathomNet_FGVC2025/data/rois/7345_20422.png,/home/tahiti/MARINE_DATASETS/FathomNet_FGVC2025/data/images/7345.png,0226726a3cb813acb8c002973b60a383c8dc66fddcff4afe9d05360cca1d82ee,b6b240a1d33cb9d09251f3103d2b80b247f6e967e35edf9e00f8ae5c90ab19d4,7345,2,train
20437,7354,75,Terebellidae,/home/tahiti/MARINE_DATASETS/FathomNet_FGVC2025/data/rois/7354_20437.png,/home/tahiti/MARINE_DATASETS/FathomNet_FGVC2025/data/images/7354.png,463e86835d30e8d41a98a212176a1be1cdd2de9a2b885b39fde069ce4717a6f6,2569bf493b66bef972d7ec1f5b0c0f91c0341057a44d62218c73bec189769098,7354,0,train
20455,7363,8,Apostichopus leukothele,/home/tahiti/MARINE_DATASETS/FathomNet_FGVC2025/data/rois/7363_20455.png,/home/tahiti/MARINE_DATASETS/FathomNet_FGVC2025/data/images/7363.png,09809dd084f5ec87c1351f034811f3b5ab5f66da3077cb446501cecb5e3d4581,d8ff68ad979e8562d4674bfd99e1e77f8b02da9ce4cf8b60b42efe517f93547b,7363,2,train
20566,7413,50,Paelopatides confundens,/home/tahiti/MARINE_DATASETS/FathomNet_FGVC2025/data/rois/7413_20566.png,/home/tahiti/MARINE_DATASETS/FathomNet_FGVC2025/data/images/7413.png,64072d9e4061dc80ea30a49bfb92d38fda98a871ca43eb6cca1bcc4c2c9de2ee,8608418fed8cb86108f3b817cb3e143c6d15a3aca5c61e0b7ca9a98db91b47c1,7413,4,train
20583,7426,3,Acanthoptilum,/home/tahiti/MARINE_DATASETS/FathomNet_FGVC2025/data/rois/7426_20583.png,/home/tahiti/MARINE_DATASETS/FathomNet_FGVC2025/data/images/7426.png,9134071474997c3122c8089b701614cd5d01d3044d7c2f6685ae6bdf6e9d050e,c58ae3ad22273e3113d543d43f97869497a29316fb370f1f5b24dc9d65891106,7426,6,train
20675,7447,7,Amphipoda,/home/tahiti/MARINE_DATASETS/FathomNet_FGVC2025/data/rois/7447_20675.png,/home/tahiti/MARINE_DATASETS/FathomNet_FGVC2025/data/images/7447.png,7d66245e9185c135e91ae8742f504ad06d74f39f5d2493f8ba2afd5cac972454,f0361b0f547ebf8e7bc4fa6ee02c06e903987cc97bb5895ea579d64e37473410,7447,0,train
20703,7454,1,Abyssocucumis abyssorum,/home/tahiti/MARINE_DATASETS/FathomNet_FGVC2025/data/rois/7454_20703.png,/home/tahiti/MARINE_DATASETS/FathomNet_FGVC2025/data/images/7454.png,4dc3ef7c6ec49dea10739d330d09568a386ebb503c7ea857544bf5b39b1074ac,a75edb21f8bd0b03204ca56e86089d2f2051f3f0d6e01c438f1994610c0a271a,7454,0,train
20725,7464,46,Mycale,/home/tahiti/MARINE_DATASETS/FathomNet_FGVC2025/data/rois/7464_20725.png,/home/tahiti/MARINE_DATASETS/FathomNet_FGVC2025/data/images/7464.png,a974bcf376cea2f43143c5ae5b206f776c57e095aa69ca213f431ce81644ab80,2a00a4c8ba298a7cb5ecd3a5d83f618485f439160f9dce32758142415d0f5e72,7464,4,train
20816,7500,2,Acanthascinae,/home/tahiti/MARINE_DATASETS/FathomNet_FGVC2025/data/rois/7500_20816.png,/home/tahiti/MARINE_DATASETS/FathomNet_FGVC2025/data/images/7500.png,e0d4437e093d539ac6173f97753fec130549c4485efb950b82d6da53ab271635,bfd07d2c1abc45b77dbad8fb0cc1623f76b859684fc34499fee5f075d8d3e8a4,7500,6,train
20822,7501,78,Vesicomyidae,/home/tahiti/MARINE_DATASETS/FathomNet_FGVC2025/data/rois/7501_20822.png,/home/tahiti/MARINE_DATASETS/FathomNet_FGVC2025/data/images/7501.png,94547325bc5a95af2c821be3462ef678a12ba30114c43179648e34982b423f58,51cc4003a61d7f5446b4cf9c1f6fcccb52e6187e28a0c34c254f1cbd243b8b0e,7501,2,train
20920,7551,75,Terebellidae,/home/tahiti/MARINE_DATASETS/FathomNet_FGVC2025/data/rois/7551_20920.png,/home/tahiti/MARINE_DATASETS/FathomNet_FGVC2025/data/images/7551.png,df4b219a11858f1e7b3a5b6835d5beb9dd10823e39908d4930b3f9a62c22dbb6,a7ed9875fef4717e870f7ff48213949632ca604b01844347de2415312bcde32e,7551,1,train
20989,7581,9,Asbestopluma,/home/tahiti/MARINE_DATASETS/FathomNet_FGVC2025/data/rois/7581_20989.png,/home/tahiti/MARINE_DATASETS/FathomNet_FGVC2025/data/images/7581.png,5762b6212087816776c9147a462b60048bc2b9fecf7011052def50751124d4de,eabc99f8c83671aeceaee35c499858062b8c95ca89cf52917ecd52093d4795b6,7581,6,train
21093,7617,57,Parastenella,/home/tahiti/MARINE_DATASETS/FathomNet_FGVC2025/data/rois/7617_21093.png,/home/tahiti/MARINE_DATASETS/FathomNet_FGVC2025/data/images/7617.png,fd454b522589dc4bf2d84d811dc15ca1042227da45a14f051a051e9778e564d7,d4168c9159ca0c1a15f772c3189c815c5fc782efc234fc9b41c263a2c8ed6f93,7617,0,train
21153,7647,21,Elpidia,/home/tahiti/MARINE_DATASETS/FathomNet_FGVC2025/data/rois/7647_21153.png,/home/tahiti/MARINE_DATASETS/FathomNet_FGVC2025/data/images/7647.png,a0f1f5029207463865b7267c52fafe3becb0f457b04318c4d7d483ab3213e825,4d358aaed38abca2884ea8c76649fad040f3d70d4d1284472e67f2bb000571de,7647,1,train
21169,7657,23,Florometra serratissima,/home/tahiti/MARINE_DATASETS/FathomNet_FGVC2025/data/rois/7657_21169.png,/home/tahiti/MARINE_DATASETS/FathomNet_FGVC2025/data/images/7657.png,3c3d927a504d8d463357136aaf701f1ddcac9d562920832a0239cd7089801a10,e60cd77949e1a9a4c3b875f076cc6a89d624d87e14dc94c99d59bc1567b77c2f,7657,2,train
21231,7687,61,Psathyrometra fragilis,/home/tahiti/MARINE_DATASETS/FathomNet_FGVC2025/data/rois/7687_21231.png,/home/tahiti/MARINE_DATASETS/FathomNet_FGVC2025/data/images/7687.png,a8093698b5efd5ca10632e746a67a49b40bc6c73893634334bcc1664aef22936,1335e3d3ff2b5d52139ebc97e7615978530be9ba1ca3b26ed1b7fe2c9d1ef857,7687,4,train
21302,7718,61,Psathyrometra fragilis,/home/tahiti/MARINE_DATASETS/FathomNet_FGVC2025/data/rois/7718_21302.png,/home/tahiti/MARINE_DATASETS/FathomNet_FGVC2025/data/images/7718.png,6bdcd5aede9d9b2f4af3efd12df3e7c8ae5af3d490b147d03f3b5921653ce4e8,435897a79c36c3f05ed335f6a4badd065e3ad9d3265c82cc71228c35d908d6a5,7718,4,train
21314,7724,26,Gersemia juliepackardae,/home/tahiti/MARINE_DATASETS/FathomNet_FGVC2025/data/rois/7724_21314.png,/home/tahiti/MARINE_DATASETS/FathomNet_FGVC2025/data/images/7724.png,3fc9a07e110bc37178fbdc1ae1df9651c5479f3632d411f2992fa247170037ec,79d0c07b867aeb212f91834e6aada48ffdb95b53e49751b2c83f5a5de5072e0e,7724,6,train
21335,7730,12,Benthocodon pedunculata,/home/tahiti/MARINE_DATASETS/FathomNet_FGVC2025/data/rois/7730_21335.png,/home/tahiti/MARINE_DATASETS/FathomNet_FGVC2025/data/images/7730.png,2f61592857dabeefb72e49b70bd7d17369ad183a56fd63420ebc5f3704c71940,7d784318e3a53a0c55df9ee4648b05c4984aa62f254f6434ac7673ec9820ca0d,7730,1,train
21362,7750,26,Gersemia juliepackardae,/home/tahiti/MARINE_DATASETS/FathomNet_FGVC2025/data/rois/7750_21362.png,/home/tahiti/MARINE_DATASETS/FathomNet_FGVC2025/data/images/7750.png,a4640b442890752eafbb7789ecdc9084e68a23e125be3ee9d2fb39245b7db331,0781139bd65075a477d237996f02242441c144dcad87616361238b6ee3def5fc,7750,2,train
21568,7875,46,Mycale,/home/tahiti/MARINE_DATASETS/FathomNet_FGVC2025/data/rois/7875_21568.png,/home/tahiti/MARINE_DATASETS/FathomNet_FGVC2025/data/images/7875.png,f72693466ac4aef54b08829a442b2207a4023cdca43db240633b8a75aae98929,b013d8169a93ef3ed3d71b3fbaf5b1e7a1de6ff31531de7ba264129782cc780a,7875,6,train
21669,7922,46,Mycale,/home/tahiti/MARINE_DATASETS/FathomNet_FGVC2025/data/rois/7922_21669.png,/home/tahiti/MARINE_DATASETS/FathomNet_FGVC2025/data/images/7922.png,aad3e8d6faa04234e5ee30fb6f8d9a831956d0ea0920ef6a1e401863ba538131,65de3142949f60c1607d29c858c5a5be08c6786558c8bb169e1a1b370c319344,7922,1,train
21733,7961,40,Mediaster aequalis,/home/tahiti/MARINE_DATASETS/FathomNet_FGVC2025/data/rois/7961_21733.png,/home/tahiti/MARINE_DATASETS/FathomNet_FGVC2025/data/images/7961.png,325e1474211b02c3d358bef7bc1aafc65b795796579449b9aad9cfa5f205a8d6,fc842d6bc33dfd217092bf282bb6c3b2d76d70752a49feacf60bb3a790705763,7961,6,train
21789,7989,27,Heterocarpus,/home/tahiti/MARINE_DATASETS/FathomNet_FGVC2025/data/rois/7989_21789.png,/home/tahiti/MARINE_DATASETS/FathomNet_FGVC2025/data/images/7989.png,5c2cfc63ec72f491c400939087e14f586484cdbdebb5e13a38320757cf3a30fa,ee1e997d265aa67dac5187dbc41fabdf8709a6024867d9ef7f92bf6e217daa0d,7989,0,train
21799,7994,50,Paelopatides confundens,/home/tahiti/MARINE_DATASETS/FathomNet_FGVC2025/data/rois/7994_21799.png,/home/tahiti/MARINE_DATASETS/FathomNet_FGVC2025/data/images/7994.png,9a13ae251e63eea8d2fc26761e1286c795a2f9ea075642bbc397ab5ad8dafdfe,5e6f01e68efa8a1866b07afd23ed1d0588e40443db8eb72ab0e510ab293e6520,7994,2,train
21827,8006,20,Delectopecten,/home/tahiti/MARINE_DATASETS/FathomNet_FGVC2025/data/rois/8006_21827.png,/home/tahiti/MARINE_DATASETS/FathomNet_FGVC2025/data/images/8006.png,fd7e4329908d4b74674b591c9e545544d6e0ab8750fd77c3281168a177326130,88d7b204133afa3321c9c5d1fc22a41251df818a6081ddfdcf887996146d5f86,8006,2,train
21851,8016,48,Ophiacanthidae,/home/tahiti/MARINE_DATASETS/FathomNet_FGVC2025/data/rois/8016_21851.png,/home/tahiti/MARINE_DATASETS/FathomNet_FGVC2025/data/images/8016.png,275686da85c6ba287f49149a9c2aba354cfb77dca714f3afa8b2335fb4f97e5e,86d76730e47d2d4fc276a127c97bd7b0fe7adc333b140d0e55d10be34c10109f,8016,6,train
21903,8041,17,Chorilia longipes,/home/tahiti/MARINE_DATASETS/FathomNet_FGVC2025/data/rois/8041_21903.png,/home/tahiti/MARINE_DATASETS/FathomNet_FGVC2025/data/images/8041.png,0d31758f202ac46a292b59d8e923913d2a803bf62bc74763db562f804283298e,d39f1141e723a91afdc872ba0227e44ada5d1225670fb1ebc53ae8bb12626974,8041,1,train
21914,8050,13,Brisingida,/home/tahiti/MARINE_DATASETS/FathomNet_FGVC2025/data/rois/8050_21914.png,/home/tahiti/MARINE_DATASETS/FathomNet_FGVC2025/data/images/8050.png,7ef35ad021646b4a56a4ed2c33304149dc8ff3bc626548782ffdd493a2e15bb3,ea383d7bbfeac5a60458e7fae6dd1a2230cb218326bb1dfc09843331edbfdf08,8050,1,train
21969,8085,23,Florometra serratissima,/home/tahiti/MARINE_DATASETS/FathomNet_FGVC2025/data/rois/8085_21969.png,/home/tahiti/MARINE_DATASETS/FathomNet_FGVC2025/data/images/8085.png,11b78c54575b0f17180675fff57c7b25d17482bb815fcb59332ac851d7fc87d2,d734b9e7f2e7da77815a69f0a001d8ca4d8f772998989ca22c90d086283ab007,8085,6,train
21971,8086,27,Heterocarpus,/home/tahiti/MARINE_DATASETS/FathomNet_FGVC2025/data/rois/8086_21971.png,/home/tahiti/MARINE_DATASETS/FathomNet_FGVC2025/data/images/8086.png,837eba48f622b07f22454db0a3056d558c3c8153ab7b7eae21e1d22c21e6ec1b,de175124eacab0f3ea33bad2f4a089edfeb0b32b591b959b3a09e291668a9087,8086,4,train
22003,8104,75,Terebellidae,/home/tahiti/MARINE_DATASETS/FathomNet_FGVC2025/data/rois/8104_22003.png,/home/tahiti/MARINE_DATASETS/FathomNet_FGVC2025/data/images/8104.png,1be837b9ac0cc7142235fb477d7019b91b57aee6b8abfe2fff65ec91ca760c65,0af9f5baf7367fa18bd6f2725571efef843667b5f1f5d18dbc9c5132bd180806,8104,6,train
22010,8110,23,Florometra serratissima,/home/tahiti/MARINE_DATASETS/FathomNet_FGVC2025/data/rois/8110_22010.png,/home/tahiti/MARINE_DATASETS/FathomNet_FGVC2025/data/images/8110.png,acb3d7613e2ec59dbb1c4dd7f83661a100688d6c566e4443874b50d68f9eb852,caec287ac0bf29cbb33ec480e1911f082d6586f666d5b86eed869dfb8df387f2,8110,4,train
22057,8133,18,Corallimorphus pilatus,/home/tahiti/MARINE_DATASETS/FathomNet_FGVC2025/data/rois/8133_22057.png,/home/tahiti/MARINE_DATASETS/FathomNet_FGVC2025/data/images/8133.png,3c2c894a3f644fd76d3387e10cac16b44a00c76982132b72d8ab5a74f7b35817,1a964555b99feefe057026085c755b5b4ce1cc981dc984b719df11f2cbc8d784,8133,6,train
22059,8135,17,Chorilia longipes,/home/tahiti/MARINE_DATASETS/FathomNet_FGVC2025/data/rois/8135_22059.png,/home/tahiti/MARINE_DATASETS/FathomNet_FGVC2025/data/images/8135.png,82d38fdee577022d6ab8669f12dab1191b8c2b3c279376c45f26f16ff54a6055,b8787fee553403558195e2056cf428e280aa8f3f2580a32ba02b44cc1cb2def9,8135,1,train
22087,8147,12,Benthocodon pedunculata,/home/tahiti/MARINE_DATASETS/FathomNet_FGVC2025/data/rois/8147_22087.png,/home/tahiti/MARINE_DATASETS/FathomNet_FGVC2025/data/images/8147.png,a5f8aedc1b60f749b627cd98cb6f13a50c6169a4e03a7a9ef6c72e7378a0eeb7,11272e703a886729091ec4ce207b30ffc35adc5aab9576b65cbc34c5427abb49,8147,4,train
22179,8197,75,Terebellidae,/home/tahiti/MARINE_DATASETS/FathomNet_FGVC2025/data/rois/8197_22179.png,/home/tahiti/MARINE_DATASETS/FathomNet_FGVC2025/data/images/8197.png,576056622933965b93b60734bd75f7600c6bf45584d3a8e092c4bde819f97ef1,441a904727dbdc39ba16e58ffbfabc644a496a2c416d972691202f1aac1d2bb2,8197,1,train
22258,8243,13,Brisingida,/home/tahiti/MARINE_DATASETS/FathomNet_FGVC2025/data/rois/8243_22258.png,/home/tahiti/MARINE_DATASETS/FathomNet_FGVC2025/data/images/8243.png,6620cbeec458aa69849fcb13426d553cb22b33433e70f3a7667ad701d6e98181,d991a5d2890ad696c01349751cfc5d25feb62a27c84bfd1baf3584bf80522f1a,8243,6,train
22275,8255,70,Sebastes diploproa,/home/tahiti/MARINE_DATASETS/FathomNet_FGVC2025/data/rois/8255_22275.png,/home/tahiti/MARINE_DATASETS/FathomNet_FGVC2025/data/images/8255.png,3ab5bd5b4e98ecc2efe0b4468e2da1e1f92bf3e300483338f6d9ac5bf96d388a,6ee444e6fd96d375d9ae6ac6696594813e34d49e183acacb3ee7135c3ca74109,8255,2,train
22330,8286,20,Delectopecten,/home/tahiti/MARINE_DATASETS/FathomNet_FGVC2025/data/rois/8286_22330.png,/home/tahiti/MARINE_DATASETS/FathomNet_FGVC2025/data/images/8286.png,3bb89b0a2d3b97c3a6a0371ac1314393793a536dcc7c507a6c3c8ec32b7fea2b,3e7fd653ea241991e28efeb27b23b02e2269a8c8872ba5a28525857bfc99ae76,8286,4,train
22393,8316,59,Pennatula phosphorea,/home/tahiti/MARINE_DATASETS/FathomNet_FGVC2025/data/rois/8316_22393.png,/home/tahiti/MARINE_DATASETS/FathomNet_FGVC2025/data/images/8316.png,d639255a2ff2d7c3cddadb9a537031c2cf2c9400b28bd00917ffa88c7e7c1db4,a828af70dde6255f2b2fb69b86a0d0561f2b7f2733d1a74138bc3274f1541fbd,8316,2,train
22451,8342,39,Lithodidae,/home/tahiti/MARINE_DATASETS/FathomNet_FGVC2025/data/rois/8342_22451.png,/home/tahiti/MARINE_DATASETS/FathomNet_FGVC2025/data/images/8342.png,954171d688c321a1d2587973209488e981f4c017f8cc3e00e0a8d7181903de27,7122c45f54e42bee773a2410e51c4d93cf9d32e53bd7d25c68600c179274335e,8342,6,train
22488,8361,40,Mediaster aequalis,/home/tahiti/MARINE_DATASETS/FathomNet_FGVC2025/data/rois/8361_22488.png,/home/tahiti/MARINE_DATASETS/FathomNet_FGVC2025/data/images/8361.png,8c5972f5901ad84bb846b50961604ab856775e10142ffd60c36d2f29432118d4,8535c92e3b2b4e7b97f10d73a967394d70d058920b75d4ee9de78c8cbc146aa1,8361,0,train
22516,8377,70,Sebastes diploproa,/home/tahiti/MARINE_DATASETS/FathomNet_FGVC2025/data/rois/8377_22516.png,/home/tahiti/MARINE_DATASETS/FathomNet_FGVC2025/data/images/8377.png,f4a33ac080d9f5da507014e027814b4b3266f172ee7d533d58d48e8ef2b5efed,41070d83b1b4158051afd08560eb36e86bf6f4319d13800e0cb7d61ba2ab0474,8377,1,train
22582,8415,20,Delectopecten,/home/tahiti/MARINE_DATASETS/FathomNet_FGVC2025/data/rois/8415_22582.png,/home/tahiti/MARINE_DATASETS/FathomNet_FGVC2025/data/images/8415.png,ee8b3fc024b20bcce2aadd32c55e0e47b3ba8f6fea5c2f8d138df2f5f4eb4906,05f7e78d4bcedbe2c8a7c93ad03f119afd50476ba7cab3afb0e7887f1e187c62,8415,2,train
22593,8421,6,Actinopterygii,/home/tahiti/MARINE_DATASETS/FathomNet_FGVC2025/data/rois/8421_22593.png,/home/tahiti/MARINE_DATASETS/FathomNet_FGVC2025/data/images/8421.png,ce3edd906d7152db09a492d8bd3ce9ad9f826cec260a098fd80b2099fe06666d,f9458c2aea33b55b8cbe5e3a202683a6df1ff117750acb852d1152b4da2cb450,8421,1,train
22651,8447,27,Heterocarpus,/home/tahiti/MARINE_DATASETS/FathomNet_FGVC2025/data/rois/8447_22651.png,/home/tahiti/MARINE_DATASETS/FathomNet_FGVC2025/data/images/8447.png,552ed9ce397f6757ae61b05bba8b5f1e88dcdfc6588a908654b78a9be4194b7d,bb0c78072de5212fced27ed81982eb9b14717d953d3e32e051d801505b32df6e,8447,1,train
22729,8492,8,Apostichopus leukothele,/home/tahiti/MARINE_DATASETS/FathomNet_FGVC2025/data/rois/8492_22729.png,/home/tahiti/MARINE_DATASETS/FathomNet_FGVC2025/data/images/8492.png,65922ba93240bb1fe43e71402419ba2ebe8dc4d17e76c69fc7f8f52b3f2d2ee2,525065436ca516bab65a6c44e49c2c65667d38f0d87ab4bd3020dd3ec5ae4b7b,8492,4,train
22745,8504,39,Lithodidae,/home/tahiti/MARINE_DATASETS/FathomNet_FGVC2025/data/rois/8504_22745.png,/home/tahiti/MARINE_DATASETS/FathomNet_FGVC2025/data/images/8504.png,60b84f4200d0bf93d5631cb4dc6008ed83737362e02fdac2341325256ba5acbb,d5a41c7656bf55392ab101013d652d0a9dfa6ee6d3d49b50a40cffc64edf4db5,8504,2,train
22806,8541,39,Lithodidae,/home/tahiti/MARINE_DATASETS/FathomNet_FGVC2025/data/rois/8541_22806.png,/home/tahiti/MARINE_DATASETS/FathomNet_FGVC2025/data/images/8541.png,f624d856866ddd65a39372d15ee3bfd98ff86645fbf40c7fd305fdd50f54f4f3,6acd90667aeeb2368d912d42a919437f1aaf8e4968be74c9ef2829f379b89422,8541,4,train
22839,8557,20,Delectopecten,/home/tahiti/MARINE_DATASETS/FathomNet_FGVC2025/data/rois/8557_22839.png,/home/tahiti/MARINE_DATASETS/FathomNet_FGVC2025/data/images/8557.png,b4ff96338743a7432fbd94634cc80212c82edc8f3fe67138ca14c5bac67ae051,f42959653d2c9fd4e326883dd83106ea53d8df30f12341bbf85a498a46598bba,8557,1,train
22863,8577,48,Ophiacanthidae,/home/tahiti/MARINE_DATASETS/FathomNet_FGVC2025/data/rois/8577_22863.png,/home/tahiti/MARINE_DATASETS/FathomNet_FGVC2025/data/images/8577.png,0f7daff365700ca4635dc2baa9505b472ff49328f8c98a19f471b254fd9f4cdb,dee2aa4df2cc40f5eae08d6f8da7800143f1325251bd7ccf048508fb72a0c95a,8577,6,train
22890,8590,48,Ophiacanthidae,/home/tahiti/MARINE_DATASETS/FathomNet_FGVC2025/data/rois/8590_22890.png,/home/tahiti/MARINE_DATASETS/FathomNet_FGVC2025/data/images/8590.png,a79c1ca5cd340fcec90bea12cc96cbd2dc4877e4132b976fd1c956303c644a2d,1e11d8588d0f667c8a3df54f3c4ce8b37db815c430ca85abf1a64478bb73728b,8590,0,train
22893,8593,8,Apostichopus leukothele,/home/tahiti/MARINE_DATASETS/FathomNet_FGVC2025/data/rois/8593_22893.png,/home/tahiti/MARINE_DATASETS/FathomNet_FGVC2025/data/images/8593.png,187f28d5795dd23c1b54e7240f82df7bae2ca362c6e849c5b71eb9bc50104a5b,6af774c67a233164c68d1fe63f701fd7c812676743ff1e4907fd7738dfd1315a,8593,2,train
22922,8612,39,Lithodidae,/home/tahiti/MARINE_DATASETS/FathomNet_FGVC2025/data/rois/8612_22922.png,/home/tahiti/MARINE_DATASETS/FathomNet_FGVC2025/data/images/8612.png,0d751ad7b76f224d25c0efc4d9e9152211ba00d7ca91b973c80e9f3793c86e64,55e901af7818aed65ef743b0275d36bab7d66b882562bf11a1ac2622ee5c423d,8612,1,train
22926,8615,46,Mycale,/home/tahiti/MARINE_DATASETS/FathomNet_FGVC2025/data/rois/8615_22926.png,/home/tahiti/MARINE_DATASETS/FathomNet_FGVC2025/data/images/8615.png,68bc3fbfd5d8107d4fb1cbb6ae5c3431f378c1c963d4e3ec11148f6629963acb,f2da6168c7bf9eb5789cbed8f0bc7055012b16ce49e89803952e881223b0612d,8615,1,train
22968,8636,70,Sebastes diploproa,/home/tahiti/MARINE_DATASETS/FathomNet_FGVC2025/data/rois/8636_22968.png,/home/tahiti/MARINE_DATASETS/FathomNet_FGVC2025/data/images/8636.png,5eac10041807ffe53eaf6de7dba29ff823d26052da60859e47bf33aff441cc0c,cf51729bf299b0decd09efe9f2de9b694933bee61ebfee5671b21b69aac8035c,8636,1,train
22972,8638,40,Mediaster aequalis,/home/tahiti/MARINE_DATASETS/FathomNet_FGVC2025/data/rois/8638_22972.png,/home/tahiti/MARINE_DATASETS/FathomNet_FGVC2025/data/images/8638.png,776436f22a3d0548b31450317d1d890090fffc412b26996ef43fa510dd50e9d0,aca0a60afe387b100554e2dadb6258f5f1b24d6b86c44415511cafada06100f8,8638,0,train
23010,8657,27,Heterocarpus,/home/tahiti/MARINE_DATASETS/FathomNet_FGVC2025/data/rois/8657_23010.png,/home/tahiti/MARINE_DATASETS/FathomNet_FGVC2025/data/images/8657.png,92e653549c9ebf4fa9c054529e918bb6eb867c172268246babfbb00a4fed662e,567afd5d4fdc787f19cb351e7bd442c865bda211cc4ae0aa6cfc6af502df6181,8657,6,train
23189,8748,3,Acanthoptilum,/home/tahiti/MARINE_DATASETS/FathomNet_FGVC2025/data/rois/8748_23189.png,/home/tahiti/MARINE_DATASETS/FathomNet_FGVC2025/data/images/8748.png,f9b011356191b031ebc7c7b949cd8dbdbb786eeabbb8d1e4261970d64c00b50b,37815321a6f7239ec18f01ace45a8480648a646bd635f576c4daf6217179554a,8748,1,train
23306,8812,3,Acanthoptilum,/home/tahiti/MARINE_DATASETS/FathomNet_FGVC2025/data/rois/8812_23306.png,/home/tahiti/MARINE_DATASETS/FathomNet_FGVC2025/data/images/8812.png,bd64468283b1c8e1c88ae7e45b8a0911b76cc6d77122ffbb80ed95161e978845,9f9c7ead54d14bb44e89bed0f18a786a5b474620e8392469e15d8ebc4dd86dac,8812,0,train
23395,8860,48,Ophiacanthidae,/home/tahiti/MARINE_DATASETS/FathomNet_FGVC2025/data/rois/8860_23395.png,/home/tahiti/MARINE_DATASETS/FathomNet_FGVC2025/data/images/8860.png,ea3e400bc72ab2695e2d97e2d6dd90a35818f8f31bd11297e111102dfe6ad9f0,22b920e648fe9748eaba830bd41e7d4304cdd0394e87465306ca773398c149dc,8860,4,train
23400,8861,18,Corallimorphus pilatus,/home/tahiti/MARINE_DATASETS/FathomNet_FGVC2025/data/rois/8861_23400.png,/home/tahiti/MARINE_DATASETS/FathomNet_FGVC2025/data/images/8861.png,c2585bcdfb0bcff5b22a51ef1ec6f87aaf96207e5b2c3126591b1a818ab31cca,c150aa14941076588079788b5fab60dd0e6b60796b568c5e92544e8e905b862f,8861,1,train
23522,8907,20,Delectopecten,/home/tahiti/MARINE_DATASETS/FathomNet_FGVC2025/data/rois/8907_23522.png,/home/tahiti/MARINE_DATASETS/FathomNet_FGVC2025/data/images/8907.png,cdfe58ac9915e17e4a307d8323a738a44f0bd746759fec66180bd5b8b25afd33,52736153ad6aa70dd12797ef6a24a81566697caf601a6312cadc20ab21c75669,8907,2,train
23571,8923,40,Mediaster aequalis,/home/tahiti/MARINE_DATASETS/FathomNet_FGVC2025/data/rois/8923_23571.png,/home/tahiti/MARINE_DATASETS/FathomNet_FGVC2025/data/images/8923.png,a95d43db98060560f026e6869247c1060bfd70301b277fe2d55a58387e85c281,fb60a8fc5e2d740a8df36f2adbe40982a97d5be2e27e2f0bf13a1712a610ecb4,8923,6,train
23580,8924,18,Corallimorphus pilatus,/home/tahiti/MARINE_DATASETS/FathomNet_FGVC2025/data/rois/8924_23580.png,/home/tahiti/MARINE_DATASETS/FathomNet_FGVC2025/data/images/8924.png,80daf619d48e1c663b5341c1d2944466026fe53a99b0dffec12017816f730b75,047ac64dc55f963195ddeb916df1ef27060278931fb760edc2c2ac1dbd1dcf28,8924,0,train
23581,8924,18,Corallimorphus pilatus,/home/tahiti/MARINE_DATASETS/FathomNet_FGVC2025/data/rois/8924_23581.png,/home/tahiti/MARINE_DATASETS/FathomNet_FGVC2025/data/images/8924.png,ee8d4db47fc1701d3b41abcc5a74b572b8d59ef7b2140894b1cc354eb9a320b9,047ac64dc55f963195ddeb916df1ef27060278931fb760edc2c2ac1dbd1dcf28,8924,0,train
23664,8969,3,Acanthoptilum,/home/tahiti/MARINE_DATASETS/FathomNet_FGVC2025/data/rois/8969_23664.png,/home/tahiti/MARINE_DATASETS/FathomNet_FGVC2025/data/images/8969.png,d347512670f468a17b7faf073200da69008f81b069d81909d2c83aa6a9162076,eaf57f76d2e80ccb77a2d0bbfab65b2dffcfabd90da9d48c5898edae2114ff4e,8969,0,train
23676,8972,61,Psathyrometra fragilis,/home/tahiti/MARINE_DATASETS/FathomNet_FGVC2025/data/rois/8972_23676.png,/home/tahiti/MARINE_DATASETS/FathomNet_FGVC2025/data/images/8972.png,a86bf3f4db003e4b90697d46ea4a77b2b05d75f984a2cb6b8855d2d07ad94d10,8e631d73939faf0ce228ba690646a3598dbccfd674462dd2c1ded151fd03dcd1,8972,6,train
