{
  "method": "linear_probe",
  "budget": 0.01,
  "budget_percent": 1,
  "seed": 44,
  "epochs": 10,
  "best_epoch": 5,
  "num_classes": 17,
  "n_train": 17,
  "n_val": 155,
  "n_test": 164,
  "img_size": 224,
  "batch_size": 16,
  "adapter_dim": "",
  "dropout": "",
  "pretrained": true,
  "params_total": 11185233,
  "params_trainable": 8721,
  "test_loss": 3.0080914264771996,
  "test_acc": 0.04878048780487805,
  "test_macro_f1": 0.03481325449181263,
  "test_balanced_acc": 0.05686274509802268,
  "time_sec": 130.65932488441467,
  "time_human": "2m 10s"
}