{
  "method": "marine_adapter",
  "budget": 1.0,
  "budget_percent": 100,
  "seed": 43,
  "epochs": 10,
  "best_epoch": 9,
  "num_classes": 17,
  "n_train": 734,
  "n_val": 155,
  "n_test": 164,
  "img_size": 224,
  "batch_size": 16,
  "adapter_dim": 64,
  "dropout": 0.1,
  "pretrained": true,
  "params_total": 11252369,
  "params_trainable": 75857,
  "test_loss": 1.4710161569641858,
  "test_acc": 0.524390243902439,
  "test_macro_f1": 0.3082853091064393,
  "test_balanced_acc": 0.34117647058821216,
  "time_sec": 652.6551551818848,
  "time_human": "10m 52s"
}